indicador_id,indicador,codigo_ibge,capital,uf,periodo_tipo,ano,etapa,componente,valor,unidade,base_monetaria,universo,status,elegivel_comparacao,situacao_conferencia,motivo_inelegibilidade,nota,nota_material,participacao_pct,fonte,registro,versao_metodologica,dados_gerados_em,hash_dados
edu.despesa.funcao_educacao,Despesa liquidada na função Educação,1200401,Rio Branco,AC,exercício financeiro,2021,,nominal,178136523.27,R$,R$ correntes do exercício,"Município da capital. Todos os órgãos e entidades do município que integram o orçamento fiscal e da seguridade social (administração direta, autarquias, fundações e empresas estatais dependentes), conforme declarado na DCA. Despesas classificadas na função Educação, qualquer subfunção e qualquer etapa de ensino.",OBSERVADO,sim,CONFERE,,,nao,,siconfi_dca_anexo_i_e,"DCA 2021, Anexo I-E, conta ""12 - Educação"", coluna ""Despesas Liquidadas""",1.1,2026-10-08T12:41:49Z,dffe2381a22799e82e7528be742a2eb70bd5452d05ebee53cefab2c7bd60a551
edu.despesa.funcao_educacao,Despesa liquidada na função Educação,1200401,Rio Branco,AC,exercício financeiro,2021,,real_2025,223163288.84,R$,"R$ de 2025 (IPCA, média anual)","Município da capital. Todos os órgãos e entidades do município que integram o orçamento fiscal e da seguridade social (administração direta, autarquias, fundações e empresas estatais dependentes), conforme declarado na DCA. Despesas classificadas na função Educação, qualquer subfunção e qualquer etapa de ensino.",OBSERVADO,sim,CONFERE,,,nao,,siconfi_dca_anexo_i_e,"DCA 2021, Anexo I-E, conta ""12 - Educação"", coluna ""Despesas Liquidadas""; corrigido pelo IPCA (média anual) para reais de 2025",1.1,2026-10-08T12:41:49Z,dffe2381a22799e82e7528be742a2eb70bd5452d05ebee53cefab2c7bd60a551
edu.despesa.funcao_educacao,Despesa liquidada na função Educação,1200401,Rio Branco,AC,exercício financeiro,2022,,nominal,221044914.48,R$,R$ correntes do exercício,"Município da capital. Todos os órgãos e entidades do município que integram o orçamento fiscal e da seguridade social (administração direta, autarquias, fundações e empresas estatais dependentes), conforme declarado na DCA. Despesas classificadas na função Educação, qualquer subfunção e qualquer etapa de ensino.",OBSERVADO,sim,CONFERE,,,nao,,siconfi_dca_anexo_i_e,"DCA 2022, Anexo I-E, conta ""12 - Educação"", coluna ""Despesas Liquidadas""",1.1,2026-10-08T12:41:49Z,dffe2381a22799e82e7528be742a2eb70bd5452d05ebee53cefab2c7bd60a551
edu.despesa.funcao_educacao,Despesa liquidada na função Educação,1200401,Rio Branco,AC,exercício financeiro,2022,,real_2025,253401511.48,R$,"R$ de 2025 (IPCA, média anual)","Município da capital. Todos os órgãos e entidades do município que integram o orçamento fiscal e da seguridade social (administração direta, autarquias, fundações e empresas estatais dependentes), conforme declarado na DCA. Despesas classificadas na função Educação, qualquer subfunção e qualquer etapa de ensino.",OBSERVADO,sim,CONFERE,,,nao,,siconfi_dca_anexo_i_e,"DCA 2022, Anexo I-E, conta ""12 - Educação"", coluna ""Despesas Liquidadas""; corrigido pelo IPCA (média anual) para reais de 2025",1.1,2026-10-08T12:41:49Z,dffe2381a22799e82e7528be742a2eb70bd5452d05ebee53cefab2c7bd60a551
edu.despesa.funcao_educacao,Despesa liquidada na função Educação,1200401,Rio Branco,AC,exercício financeiro,2023,,nominal,308862090.39,R$,R$ correntes do exercício,"Município da capital. Todos os órgãos e entidades do município que integram o orçamento fiscal e da seguridade social (administração direta, autarquias, fundações e empresas estatais dependentes), conforme declarado na DCA. Despesas classificadas na função Educação, qualquer subfunção e qualquer etapa de ensino.",OBSERVADO,sim,CONFERE,,,nao,,siconfi_dca_anexo_i_e,"DCA 2023, Anexo I-E, conta ""12 - Educação"", coluna ""Despesas Liquidadas""",1.1,2026-10-08T12:41:49Z,dffe2381a22799e82e7528be742a2eb70bd5452d05ebee53cefab2c7bd60a551
edu.despesa.funcao_educacao,Despesa liquidada na função Educação,1200401,Rio Branco,AC,exercício financeiro,2023,,real_2025,338523110.69,R$,"R$ de 2025 (IPCA, média anual)","Município da capital. Todos os órgãos e entidades do município que integram o orçamento fiscal e da seguridade social (administração direta, autarquias, fundações e empresas estatais dependentes), conforme declarado na DCA. Despesas classificadas na função Educação, qualquer subfunção e qualquer etapa de ensino.",OBSERVADO,sim,CONFERE,,,nao,,siconfi_dca_anexo_i_e,"DCA 2023, Anexo I-E, conta ""12 - Educação"", coluna ""Despesas Liquidadas""; corrigido pelo IPCA (média anual) para reais de 2025",1.1,2026-10-08T12:41:49Z,dffe2381a22799e82e7528be742a2eb70bd5452d05ebee53cefab2c7bd60a551
edu.despesa.funcao_educacao,Despesa liquidada na função Educação,1200401,Rio Branco,AC,exercício financeiro,2024,,nominal,338125234.01,R$,R$ correntes do exercício,"Município da capital. Todos os órgãos e entidades do município que integram o orçamento fiscal e da seguridade social (administração direta, autarquias, fundações e empresas estatais dependentes), conforme declarado na DCA. Despesas classificadas na função Educação, qualquer subfunção e qualquer etapa de ensino.",OBSERVADO,sim,CONFERE,,,nao,,siconfi_dca_anexo_i_e,"DCA 2024, Anexo I-E, conta ""12 - Educação"", coluna ""Despesas Liquidadas""",1.1,2026-10-08T12:41:49Z,dffe2381a22799e82e7528be742a2eb70bd5452d05ebee53cefab2c7bd60a551
edu.despesa.funcao_educacao,Despesa liquidada na função Educação,1200401,Rio Branco,AC,exercício financeiro,2024,,real_2025,355088141.15,R$,"R$ de 2025 (IPCA, média anual)","Município da capital. Todos os órgãos e entidades do município que integram o orçamento fiscal e da seguridade social (administração direta, autarquias, fundações e empresas estatais dependentes), conforme declarado na DCA. Despesas classificadas na função Educação, qualquer subfunção e qualquer etapa de ensino.",OBSERVADO,sim,CONFERE,,,nao,,siconfi_dca_anexo_i_e,"DCA 2024, Anexo I-E, conta ""12 - Educação"", coluna ""Despesas Liquidadas""; corrigido pelo IPCA (média anual) para reais de 2025",1.1,2026-10-08T12:41:49Z,dffe2381a22799e82e7528be742a2eb70bd5452d05ebee53cefab2c7bd60a551
edu.despesa.funcao_educacao,Despesa liquidada na função Educação,1200401,Rio Branco,AC,exercício financeiro,2025,,nominal,354158021.6,R$,R$ correntes do exercício,"Município da capital. Todos os órgãos e entidades do município que integram o orçamento fiscal e da seguridade social (administração direta, autarquias, fundações e empresas estatais dependentes), conforme declarado na DCA. Despesas classificadas na função Educação, qualquer subfunção e qualquer etapa de ensino.",OBSERVADO,sim,CONFERE,,,nao,,siconfi_dca_anexo_i_e,"DCA 2025, Anexo I-E, conta ""12 - Educação"", coluna ""Despesas Liquidadas""",1.1,2026-10-08T12:41:49Z,dffe2381a22799e82e7528be742a2eb70bd5452d05ebee53cefab2c7bd60a551
edu.despesa.funcao_educacao,Despesa liquidada na função Educação,1200401,Rio Branco,AC,exercício financeiro,2025,,real_2025,354158021.6,R$,"R$ de 2025 (IPCA, média anual)","Município da capital. Todos os órgãos e entidades do município que integram o orçamento fiscal e da seguridade social (administração direta, autarquias, fundações e empresas estatais dependentes), conforme declarado na DCA. Despesas classificadas na função Educação, qualquer subfunção e qualquer etapa de ensino.",OBSERVADO,sim,CONFERE,,,nao,,siconfi_dca_anexo_i_e,"DCA 2025, Anexo I-E, conta ""12 - Educação"", coluna ""Despesas Liquidadas""; corrigido pelo IPCA (média anual) para reais de 2025",1.1,2026-10-08T12:41:49Z,dffe2381a22799e82e7528be742a2eb70bd5452d05ebee53cefab2c7bd60a551
edu.despesa.funcao_educacao,Despesa liquidada na função Educação,2704302,Maceió,AL,exercício financeiro,2021,,nominal,386710842.07,R$,R$ correntes do exercício,"Município da capital. Todos os órgãos e entidades do município que integram o orçamento fiscal e da seguridade social (administração direta, autarquias, fundações e empresas estatais dependentes), conforme declarado na DCA. Despesas classificadas na função Educação, qualquer subfunção e qualquer etapa de ensino.",OBSERVADO,sim,CONFERE,,,nao,,siconfi_dca_anexo_i_e,"DCA 2021, Anexo I-E, conta ""12 - Educação"", coluna ""Despesas Liquidadas""",1.1,2026-10-08T12:41:49Z,dffe2381a22799e82e7528be742a2eb70bd5452d05ebee53cefab2c7bd60a551
edu.despesa.funcao_educacao,Despesa liquidada na função Educação,2704302,Maceió,AL,exercício financeiro,2021,,real_2025,484457997.52,R$,"R$ de 2025 (IPCA, média anual)","Município da capital. Todos os órgãos e entidades do município que integram o orçamento fiscal e da seguridade social (administração direta, autarquias, fundações e empresas estatais dependentes), conforme declarado na DCA. Despesas classificadas na função Educação, qualquer subfunção e qualquer etapa de ensino.",OBSERVADO,sim,CONFERE,,,nao,,siconfi_dca_anexo_i_e,"DCA 2021, Anexo I-E, conta ""12 - Educação"", coluna ""Despesas Liquidadas""; corrigido pelo IPCA (média anual) para reais de 2025",1.1,2026-10-08T12:41:49Z,dffe2381a22799e82e7528be742a2eb70bd5452d05ebee53cefab2c7bd60a551
edu.despesa.funcao_educacao,Despesa liquidada na função Educação,2704302,Maceió,AL,exercício financeiro,2022,,nominal,728303509.02,R$,R$ correntes do exercício,"Município da capital. Todos os órgãos e entidades do município que integram o orçamento fiscal e da seguridade social (administração direta, autarquias, fundações e empresas estatais dependentes), conforme declarado na DCA. Despesas classificadas na função Educação, qualquer subfunção e qualquer etapa de ensino.",OBSERVADO,sim,CONFERE,,,nao,,siconfi_dca_anexo_i_e,"DCA 2022, Anexo I-E, conta ""12 - Educação"", coluna ""Despesas Liquidadas""",1.1,2026-10-08T12:41:49Z,dffe2381a22799e82e7528be742a2eb70bd5452d05ebee53cefab2c7bd60a551
edu.despesa.funcao_educacao,Despesa liquidada na função Educação,2704302,Maceió,AL,exercício financeiro,2022,,real_2025,834912716.43,R$,"R$ de 2025 (IPCA, média anual)","Município da capital. Todos os órgãos e entidades do município que integram o orçamento fiscal e da seguridade social (administração direta, autarquias, fundações e empresas estatais dependentes), conforme declarado na DCA. Despesas classificadas na função Educação, qualquer subfunção e qualquer etapa de ensino.",OBSERVADO,sim,CONFERE,,,nao,,siconfi_dca_anexo_i_e,"DCA 2022, Anexo I-E, conta ""12 - Educação"", coluna ""Despesas Liquidadas""; corrigido pelo IPCA (média anual) para reais de 2025",1.1,2026-10-08T12:41:49Z,dffe2381a22799e82e7528be742a2eb70bd5452d05ebee53cefab2c7bd60a551
edu.despesa.funcao_educacao,Despesa liquidada na função Educação,2704302,Maceió,AL,exercício financeiro,2023,,nominal,620841878.14,R$,R$ correntes do exercício,"Município da capital. Todos os órgãos e entidades do município que integram o orçamento fiscal e da seguridade social (administração direta, autarquias, fundações e empresas estatais dependentes), conforme declarado na DCA. Despesas classificadas na função Educação, qualquer subfunção e qualquer etapa de ensino.",OBSERVADO,sim,CONFERE,,,nao,,siconfi_dca_anexo_i_e,"DCA 2023, Anexo I-E, conta ""12 - Educação"", coluna ""Despesas Liquidadas""",1.1,2026-10-08T12:41:49Z,dffe2381a22799e82e7528be742a2eb70bd5452d05ebee53cefab2c7bd60a551
edu.despesa.funcao_educacao,Despesa liquidada na função Educação,2704302,Maceió,AL,exercício financeiro,2023,,real_2025,680463321.26,R$,"R$ de 2025 (IPCA, média anual)","Município da capital. Todos os órgãos e entidades do município que integram o orçamento fiscal e da seguridade social (administração direta, autarquias, fundações e empresas estatais dependentes), conforme declarado na DCA. Despesas classificadas na função Educação, qualquer subfunção e qualquer etapa de ensino.",OBSERVADO,sim,CONFERE,,,nao,,siconfi_dca_anexo_i_e,"DCA 2023, Anexo I-E, conta ""12 - Educação"", coluna ""Despesas Liquidadas""; corrigido pelo IPCA (média anual) para reais de 2025",1.1,2026-10-08T12:41:49Z,dffe2381a22799e82e7528be742a2eb70bd5452d05ebee53cefab2c7bd60a551
edu.despesa.funcao_educacao,Despesa liquidada na função Educação,2704302,Maceió,AL,exercício financeiro,2024,,nominal,706469728.81,R$,R$ correntes do exercício,"Município da capital. Todos os órgãos e entidades do município que integram o orçamento fiscal e da seguridade social (administração direta, autarquias, fundações e empresas estatais dependentes), conforme declarado na DCA. Despesas classificadas na função Educação, qualquer subfunção e qualquer etapa de ensino.",OBSERVADO,sim,CONFERE,,,nao,,siconfi_dca_anexo_i_e,"DCA 2024, Anexo I-E, conta ""12 - Educação"", coluna ""Despesas Liquidadas""",1.1,2026-10-08T12:41:49Z,dffe2381a22799e82e7528be742a2eb70bd5452d05ebee53cefab2c7bd60a551
edu.despesa.funcao_educacao,Despesa liquidada na função Educação,2704302,Maceió,AL,exercício financeiro,2024,,real_2025,741911568.71,R$,"R$ de 2025 (IPCA, média anual)","Município da capital. Todos os órgãos e entidades do município que integram o orçamento fiscal e da seguridade social (administração direta, autarquias, fundações e empresas estatais dependentes), conforme declarado na DCA. Despesas classificadas na função Educação, qualquer subfunção e qualquer etapa de ensino.",OBSERVADO,sim,CONFERE,,,nao,,siconfi_dca_anexo_i_e,"DCA 2024, Anexo I-E, conta ""12 - Educação"", coluna ""Despesas Liquidadas""; corrigido pelo IPCA (média anual) para reais de 2025",1.1,2026-10-08T12:41:49Z,dffe2381a22799e82e7528be742a2eb70bd5452d05ebee53cefab2c7bd60a551
edu.despesa.funcao_educacao,Despesa liquidada na função Educação,2704302,Maceió,AL,exercício financeiro,2025,,nominal,775950701.15,R$,R$ correntes do exercício,"Município da capital. Todos os órgãos e entidades do município que integram o orçamento fiscal e da seguridade social (administração direta, autarquias, fundações e empresas estatais dependentes), conforme declarado na DCA. Despesas classificadas na função Educação, qualquer subfunção e qualquer etapa de ensino.",OBSERVADO,sim,CONFERE,,,nao,,siconfi_dca_anexo_i_e,"DCA 2025, Anexo I-E, conta ""12 - Educação"", coluna ""Despesas Liquidadas""",1.1,2026-10-08T12:41:49Z,dffe2381a22799e82e7528be742a2eb70bd5452d05ebee53cefab2c7bd60a551
edu.despesa.funcao_educacao,Despesa liquidada na função Educação,2704302,Maceió,AL,exercício financeiro,2025,,real_2025,775950701.15,R$,"R$ de 2025 (IPCA, média anual)","Município da capital. Todos os órgãos e entidades do município que integram o orçamento fiscal e da seguridade social (administração direta, autarquias, fundações e empresas estatais dependentes), conforme declarado na DCA. Despesas classificadas na função Educação, qualquer subfunção e qualquer etapa de ensino.",OBSERVADO,sim,CONFERE,,,nao,,siconfi_dca_anexo_i_e,"DCA 2025, Anexo I-E, conta ""12 - Educação"", coluna ""Despesas Liquidadas""; corrigido pelo IPCA (média anual) para reais de 2025",1.1,2026-10-08T12:41:49Z,dffe2381a22799e82e7528be742a2eb70bd5452d05ebee53cefab2c7bd60a551
edu.despesa.funcao_educacao,Despesa liquidada na função Educação,1600303,Macapá,AP,exercício financeiro,2021,,nominal,246697463.63,R$,R$ correntes do exercício,"Município da capital. Todos os órgãos e entidades do município que integram o orçamento fiscal e da seguridade social (administração direta, autarquias, fundações e empresas estatais dependentes), conforme declarado na DCA. Despesas classificadas na função Educação, qualquer subfunção e qualquer etapa de ensino.",OBSERVADO,sim,CONFERE,,,nao,,siconfi_dca_anexo_i_e,"DCA 2021, Anexo I-E, conta ""12 - Educação"", coluna ""Despesas Liquidadas""",1.1,2026-10-08T12:41:49Z,dffe2381a22799e82e7528be742a2eb70bd5452d05ebee53cefab2c7bd60a551
edu.despesa.funcao_educacao,Despesa liquidada na função Educação,1600303,Macapá,AP,exercício financeiro,2021,,real_2025,309054068.88,R$,"R$ de 2025 (IPCA, média anual)","Município da capital. Todos os órgãos e entidades do município que integram o orçamento fiscal e da seguridade social (administração direta, autarquias, fundações e empresas estatais dependentes), conforme declarado na DCA. Despesas classificadas na função Educação, qualquer subfunção e qualquer etapa de ensino.",OBSERVADO,sim,CONFERE,,,nao,,siconfi_dca_anexo_i_e,"DCA 2021, Anexo I-E, conta ""12 - Educação"", coluna ""Despesas Liquidadas""; corrigido pelo IPCA (média anual) para reais de 2025",1.1,2026-10-08T12:41:49Z,dffe2381a22799e82e7528be742a2eb70bd5452d05ebee53cefab2c7bd60a551
edu.despesa.funcao_educacao,Despesa liquidada na função Educação,1600303,Macapá,AP,exercício financeiro,2022,,nominal,377168373.65,R$,R$ correntes do exercício,"Município da capital. Todos os órgãos e entidades do município que integram o orçamento fiscal e da seguridade social (administração direta, autarquias, fundações e empresas estatais dependentes), conforme declarado na DCA. Despesas classificadas na função Educação, qualquer subfunção e qualquer etapa de ensino.",OBSERVADO,sim,DIFERENCA_MENOR,,"O RREO do 6º bimestre informa R$ 377.162.679,85; a DCA informa R$ 377.168.373,65. Diferença de R$ 5.693,80 (+0,002% da DCA), abaixo do limiar de 0,1%.",nao,,siconfi_dca_anexo_i_e,"DCA 2022, Anexo I-E, conta ""12 - Educação"", coluna ""Despesas Liquidadas""",1.1,2026-10-08T12:41:49Z,dffe2381a22799e82e7528be742a2eb70bd5452d05ebee53cefab2c7bd60a551
edu.despesa.funcao_educacao,Despesa liquidada na função Educação,1600303,Macapá,AP,exercício financeiro,2022,,real_2025,432378352.56,R$,"R$ de 2025 (IPCA, média anual)","Município da capital. Todos os órgãos e entidades do município que integram o orçamento fiscal e da seguridade social (administração direta, autarquias, fundações e empresas estatais dependentes), conforme declarado na DCA. Despesas classificadas na função Educação, qualquer subfunção e qualquer etapa de ensino.",OBSERVADO,sim,DIFERENCA_MENOR,,"O RREO do 6º bimestre informa R$ 377.162.679,85; a DCA informa R$ 377.168.373,65. Diferença de R$ 5.693,80 (+0,002% da DCA), abaixo do limiar de 0,1%.",nao,,siconfi_dca_anexo_i_e,"DCA 2022, Anexo I-E, conta ""12 - Educação"", coluna ""Despesas Liquidadas""; corrigido pelo IPCA (média anual) para reais de 2025",1.1,2026-10-08T12:41:49Z,dffe2381a22799e82e7528be742a2eb70bd5452d05ebee53cefab2c7bd60a551
edu.despesa.funcao_educacao,Despesa liquidada na função Educação,1600303,Macapá,AP,exercício financeiro,2023,,nominal,406558568.27,R$,R$ correntes do exercício,"Município da capital. Todos os órgãos e entidades do município que integram o orçamento fiscal e da seguridade social (administração direta, autarquias, fundações e empresas estatais dependentes), conforme declarado na DCA. Despesas classificadas na função Educação, qualquer subfunção e qualquer etapa de ensino.",OBSERVADO,sim,CONFERE,,,nao,,siconfi_dca_anexo_i_e,"DCA 2023, Anexo I-E, conta ""12 - Educação"", coluna ""Despesas Liquidadas""",1.1,2026-10-08T12:41:49Z,dffe2381a22799e82e7528be742a2eb70bd5452d05ebee53cefab2c7bd60a551
edu.despesa.funcao_educacao,Despesa liquidada na função Educação,1600303,Macapá,AP,exercício financeiro,2023,,real_2025,445601695.68,R$,"R$ de 2025 (IPCA, média anual)","Município da capital. Todos os órgãos e entidades do município que integram o orçamento fiscal e da seguridade social (administração direta, autarquias, fundações e empresas estatais dependentes), conforme declarado na DCA. Despesas classificadas na função Educação, qualquer subfunção e qualquer etapa de ensino.",OBSERVADO,sim,CONFERE,,,nao,,siconfi_dca_anexo_i_e,"DCA 2023, Anexo I-E, conta ""12 - Educação"", coluna ""Despesas Liquidadas""; corrigido pelo IPCA (média anual) para reais de 2025",1.1,2026-10-08T12:41:49Z,dffe2381a22799e82e7528be742a2eb70bd5452d05ebee53cefab2c7bd60a551
edu.despesa.funcao_educacao,Despesa liquidada na função Educação,1600303,Macapá,AP,exercício financeiro,2024,,nominal,468206157.49,R$,R$ correntes do exercício,"Município da capital. Todos os órgãos e entidades do município que integram o orçamento fiscal e da seguridade social (administração direta, autarquias, fundações e empresas estatais dependentes), conforme declarado na DCA. Despesas classificadas na função Educação, qualquer subfunção e qualquer etapa de ensino.",OBSERVADO,sim,CONFERE,,,nao,,siconfi_dca_anexo_i_e,"DCA 2024, Anexo I-E, conta ""12 - Educação"", coluna ""Despesas Liquidadas""",1.1,2026-10-08T12:41:49Z,dffe2381a22799e82e7528be742a2eb70bd5452d05ebee53cefab2c7bd60a551
edu.despesa.funcao_educacao,Despesa liquidada na função Educação,1600303,Macapá,AP,exercício financeiro,2024,,real_2025,491694903.01,R$,"R$ de 2025 (IPCA, média anual)","Município da capital. Todos os órgãos e entidades do município que integram o orçamento fiscal e da seguridade social (administração direta, autarquias, fundações e empresas estatais dependentes), conforme declarado na DCA. Despesas classificadas na função Educação, qualquer subfunção e qualquer etapa de ensino.",OBSERVADO,sim,CONFERE,,,nao,,siconfi_dca_anexo_i_e,"DCA 2024, Anexo I-E, conta ""12 - Educação"", coluna ""Despesas Liquidadas""; corrigido pelo IPCA (média anual) para reais de 2025",1.1,2026-10-08T12:41:49Z,dffe2381a22799e82e7528be742a2eb70bd5452d05ebee53cefab2c7bd60a551
edu.despesa.funcao_educacao,Despesa liquidada na função Educação,1600303,Macapá,AP,exercício financeiro,2025,,nominal,494077144.73,R$,R$ correntes do exercício,"Município da capital. Todos os órgãos e entidades do município que integram o orçamento fiscal e da seguridade social (administração direta, autarquias, fundações e empresas estatais dependentes), conforme declarado na DCA. Despesas classificadas na função Educação, qualquer subfunção e qualquer etapa de ensino.",OBSERVADO,sim,CONFERE,,,nao,,siconfi_dca_anexo_i_e,"DCA 2025, Anexo I-E, conta ""12 - Educação"", coluna ""Despesas Liquidadas""",1.1,2026-10-08T12:41:49Z,dffe2381a22799e82e7528be742a2eb70bd5452d05ebee53cefab2c7bd60a551
edu.despesa.funcao_educacao,Despesa liquidada na função Educação,1600303,Macapá,AP,exercício financeiro,2025,,real_2025,494077144.73,R$,"R$ de 2025 (IPCA, média anual)","Município da capital. Todos os órgãos e entidades do município que integram o orçamento fiscal e da seguridade social (administração direta, autarquias, fundações e empresas estatais dependentes), conforme declarado na DCA. Despesas classificadas na função Educação, qualquer subfunção e qualquer etapa de ensino.",OBSERVADO,sim,CONFERE,,,nao,,siconfi_dca_anexo_i_e,"DCA 2025, Anexo I-E, conta ""12 - Educação"", coluna ""Despesas Liquidadas""; corrigido pelo IPCA (média anual) para reais de 2025",1.1,2026-10-08T12:41:49Z,dffe2381a22799e82e7528be742a2eb70bd5452d05ebee53cefab2c7bd60a551
edu.despesa.funcao_educacao,Despesa liquidada na função Educação,1302603,Manaus,AM,exercício financeiro,2021,,nominal,1559827364.32,R$,R$ correntes do exercício,"Município da capital. Todos os órgãos e entidades do município que integram o orçamento fiscal e da seguridade social (administração direta, autarquias, fundações e empresas estatais dependentes), conforme declarado na DCA. Despesas classificadas na função Educação, qualquer subfunção e qualquer etapa de ensino.",OBSERVADO,sim,CONFERE,,,nao,,siconfi_dca_anexo_i_e,"DCA 2021, Anexo I-E, conta ""12 - Educação"", coluna ""Despesas Liquidadas""",1.1,2026-10-08T12:41:49Z,dffe2381a22799e82e7528be742a2eb70bd5452d05ebee53cefab2c7bd60a551
edu.despesa.funcao_educacao,Despesa liquidada na função Educação,1302603,Manaus,AM,exercício financeiro,2021,,real_2025,1954097892.22,R$,"R$ de 2025 (IPCA, média anual)","Município da capital. Todos os órgãos e entidades do município que integram o orçamento fiscal e da seguridade social (administração direta, autarquias, fundações e empresas estatais dependentes), conforme declarado na DCA. Despesas classificadas na função Educação, qualquer subfunção e qualquer etapa de ensino.",OBSERVADO,sim,CONFERE,,,nao,,siconfi_dca_anexo_i_e,"DCA 2021, Anexo I-E, conta ""12 - Educação"", coluna ""Despesas Liquidadas""; corrigido pelo IPCA (média anual) para reais de 2025",1.1,2026-10-08T12:41:49Z,dffe2381a22799e82e7528be742a2eb70bd5452d05ebee53cefab2c7bd60a551
edu.despesa.funcao_educacao,Despesa liquidada na função Educação,1302603,Manaus,AM,exercício financeiro,2022,,nominal,1946164557.45,R$,R$ correntes do exercício,"Município da capital. Todos os órgãos e entidades do município que integram o orçamento fiscal e da seguridade social (administração direta, autarquias, fundações e empresas estatais dependentes), conforme declarado na DCA. Despesas classificadas na função Educação, qualquer subfunção e qualquer etapa de ensino.",OBSERVADO,sim,CONFERE,,,nao,,siconfi_dca_anexo_i_e,"DCA 2022, Anexo I-E, conta ""12 - Educação"", coluna ""Despesas Liquidadas""",1.1,2026-10-08T12:41:49Z,dffe2381a22799e82e7528be742a2eb70bd5452d05ebee53cefab2c7bd60a551
edu.despesa.funcao_educacao,Despesa liquidada na função Educação,1302603,Manaus,AM,exercício financeiro,2022,,real_2025,2231044498.84,R$,"R$ de 2025 (IPCA, média anual)","Município da capital. Todos os órgãos e entidades do município que integram o orçamento fiscal e da seguridade social (administração direta, autarquias, fundações e empresas estatais dependentes), conforme declarado na DCA. Despesas classificadas na função Educação, qualquer subfunção e qualquer etapa de ensino.",OBSERVADO,sim,CONFERE,,,nao,,siconfi_dca_anexo_i_e,"DCA 2022, Anexo I-E, conta ""12 - Educação"", coluna ""Despesas Liquidadas""; corrigido pelo IPCA (média anual) para reais de 2025",1.1,2026-10-08T12:41:49Z,dffe2381a22799e82e7528be742a2eb70bd5452d05ebee53cefab2c7bd60a551
edu.despesa.funcao_educacao,Despesa liquidada na função Educação,1302603,Manaus,AM,exercício financeiro,2023,,nominal,2152038240.65,R$,R$ correntes do exercício,"Município da capital. Todos os órgãos e entidades do município que integram o orçamento fiscal e da seguridade social (administração direta, autarquias, fundações e empresas estatais dependentes), conforme declarado na DCA. Despesas classificadas na função Educação, qualquer subfunção e qualquer etapa de ensino.",OBSERVADO,sim,CONFERE,,,nao,,siconfi_dca_anexo_i_e,"DCA 2023, Anexo I-E, conta ""12 - Educação"", coluna ""Despesas Liquidadas""",1.1,2026-10-08T12:41:49Z,dffe2381a22799e82e7528be742a2eb70bd5452d05ebee53cefab2c7bd60a551
edu.despesa.funcao_educacao,Despesa liquidada na função Educação,1302603,Manaus,AM,exercício financeiro,2023,,real_2025,2358705397.08,R$,"R$ de 2025 (IPCA, média anual)","Município da capital. Todos os órgãos e entidades do município que integram o orçamento fiscal e da seguridade social (administração direta, autarquias, fundações e empresas estatais dependentes), conforme declarado na DCA. Despesas classificadas na função Educação, qualquer subfunção e qualquer etapa de ensino.",OBSERVADO,sim,CONFERE,,,nao,,siconfi_dca_anexo_i_e,"DCA 2023, Anexo I-E, conta ""12 - Educação"", coluna ""Despesas Liquidadas""; corrigido pelo IPCA (média anual) para reais de 2025",1.1,2026-10-08T12:41:49Z,dffe2381a22799e82e7528be742a2eb70bd5452d05ebee53cefab2c7bd60a551
edu.despesa.funcao_educacao,Despesa liquidada na função Educação,1302603,Manaus,AM,exercício financeiro,2024,,nominal,2697208912.32,R$,R$ correntes do exercício,"Município da capital. Todos os órgãos e entidades do município que integram o orçamento fiscal e da seguridade social (administração direta, autarquias, fundações e empresas estatais dependentes), conforme declarado na DCA. Despesas classificadas na função Educação, qualquer subfunção e qualquer etapa de ensino.",OBSERVADO,sim,CONFERE,,,nao,,siconfi_dca_anexo_i_e,"DCA 2024, Anexo I-E, conta ""12 - Educação"", coluna ""Despesas Liquidadas""",1.1,2026-10-08T12:41:49Z,dffe2381a22799e82e7528be742a2eb70bd5452d05ebee53cefab2c7bd60a551
edu.despesa.funcao_educacao,Despesa liquidada na função Educação,1302603,Manaus,AM,exercício financeiro,2024,,real_2025,2832521215.95,R$,"R$ de 2025 (IPCA, média anual)","Município da capital. Todos os órgãos e entidades do município que integram o orçamento fiscal e da seguridade social (administração direta, autarquias, fundações e empresas estatais dependentes), conforme declarado na DCA. Despesas classificadas na função Educação, qualquer subfunção e qualquer etapa de ensino.",OBSERVADO,sim,CONFERE,,,nao,,siconfi_dca_anexo_i_e,"DCA 2024, Anexo I-E, conta ""12 - Educação"", coluna ""Despesas Liquidadas""; corrigido pelo IPCA (média anual) para reais de 2025",1.1,2026-10-08T12:41:49Z,dffe2381a22799e82e7528be742a2eb70bd5452d05ebee53cefab2c7bd60a551
edu.despesa.funcao_educacao,Despesa liquidada na função Educação,1302603,Manaus,AM,exercício financeiro,2025,,nominal,2854797327.2,R$,R$ correntes do exercício,"Município da capital. Todos os órgãos e entidades do município que integram o orçamento fiscal e da seguridade social (administração direta, autarquias, fundações e empresas estatais dependentes), conforme declarado na DCA. Despesas classificadas na função Educação, qualquer subfunção e qualquer etapa de ensino.",OBSERVADO,sim,CONFERE,,,nao,,siconfi_dca_anexo_i_e,"DCA 2025, Anexo I-E, conta ""12 - Educação"", coluna ""Despesas Liquidadas""",1.1,2026-10-08T12:41:49Z,dffe2381a22799e82e7528be742a2eb70bd5452d05ebee53cefab2c7bd60a551
edu.despesa.funcao_educacao,Despesa liquidada na função Educação,1302603,Manaus,AM,exercício financeiro,2025,,real_2025,2854797327.2,R$,"R$ de 2025 (IPCA, média anual)","Município da capital. Todos os órgãos e entidades do município que integram o orçamento fiscal e da seguridade social (administração direta, autarquias, fundações e empresas estatais dependentes), conforme declarado na DCA. Despesas classificadas na função Educação, qualquer subfunção e qualquer etapa de ensino.",OBSERVADO,sim,CONFERE,,,nao,,siconfi_dca_anexo_i_e,"DCA 2025, Anexo I-E, conta ""12 - Educação"", coluna ""Despesas Liquidadas""; corrigido pelo IPCA (média anual) para reais de 2025",1.1,2026-10-08T12:41:49Z,dffe2381a22799e82e7528be742a2eb70bd5452d05ebee53cefab2c7bd60a551
edu.despesa.funcao_educacao,Despesa liquidada na função Educação,2927408,Salvador,BA,exercício financeiro,2021,,nominal,1372767717.07,R$,R$ correntes do exercício,"Município da capital. Todos os órgãos e entidades do município que integram o orçamento fiscal e da seguridade social (administração direta, autarquias, fundações e empresas estatais dependentes), conforme declarado na DCA. Despesas classificadas na função Educação, qualquer subfunção e qualquer etapa de ensino.",OBSERVADO,sim,CONFERE,,,nao,,siconfi_dca_anexo_i_e,"DCA 2021, Anexo I-E, conta ""12 - Educação"", coluna ""Despesas Liquidadas""",1.1,2026-10-08T12:41:49Z,dffe2381a22799e82e7528be742a2eb70bd5452d05ebee53cefab2c7bd60a551
edu.despesa.funcao_educacao,Despesa liquidada na função Educação,2927408,Salvador,BA,exercício financeiro,2021,,real_2025,1719756021.59,R$,"R$ de 2025 (IPCA, média anual)","Município da capital. Todos os órgãos e entidades do município que integram o orçamento fiscal e da seguridade social (administração direta, autarquias, fundações e empresas estatais dependentes), conforme declarado na DCA. Despesas classificadas na função Educação, qualquer subfunção e qualquer etapa de ensino.",OBSERVADO,sim,CONFERE,,,nao,,siconfi_dca_anexo_i_e,"DCA 2021, Anexo I-E, conta ""12 - Educação"", coluna ""Despesas Liquidadas""; corrigido pelo IPCA (média anual) para reais de 2025",1.1,2026-10-08T12:41:49Z,dffe2381a22799e82e7528be742a2eb70bd5452d05ebee53cefab2c7bd60a551
edu.despesa.funcao_educacao,Despesa liquidada na função Educação,2927408,Salvador,BA,exercício financeiro,2022,,nominal,1730928855.29,R$,R$ correntes do exercício,"Município da capital. Todos os órgãos e entidades do município que integram o orçamento fiscal e da seguridade social (administração direta, autarquias, fundações e empresas estatais dependentes), conforme declarado na DCA. Despesas classificadas na função Educação, qualquer subfunção e qualquer etapa de ensino.",OBSERVADO,sim,CONFERE,,,nao,,siconfi_dca_anexo_i_e,"DCA 2022, Anexo I-E, conta ""12 - Educação"", coluna ""Despesas Liquidadas""",1.1,2026-10-08T12:41:49Z,dffe2381a22799e82e7528be742a2eb70bd5452d05ebee53cefab2c7bd60a551
edu.despesa.funcao_educacao,Despesa liquidada na função Educação,2927408,Salvador,BA,exercício financeiro,2022,,real_2025,1984302553.29,R$,"R$ de 2025 (IPCA, média anual)","Município da capital. Todos os órgãos e entidades do município que integram o orçamento fiscal e da seguridade social (administração direta, autarquias, fundações e empresas estatais dependentes), conforme declarado na DCA. Despesas classificadas na função Educação, qualquer subfunção e qualquer etapa de ensino.",OBSERVADO,sim,CONFERE,,,nao,,siconfi_dca_anexo_i_e,"DCA 2022, Anexo I-E, conta ""12 - Educação"", coluna ""Despesas Liquidadas""; corrigido pelo IPCA (média anual) para reais de 2025",1.1,2026-10-08T12:41:49Z,dffe2381a22799e82e7528be742a2eb70bd5452d05ebee53cefab2c7bd60a551
edu.despesa.funcao_educacao,Despesa liquidada na função Educação,2927408,Salvador,BA,exercício financeiro,2023,,nominal,2124230349.97,R$,R$ correntes do exercício,"Município da capital. Todos os órgãos e entidades do município que integram o orçamento fiscal e da seguridade social (administração direta, autarquias, fundações e empresas estatais dependentes), conforme declarado na DCA. Despesas classificadas na função Educação, qualquer subfunção e qualquer etapa de ensino.",OBSERVADO,sim,CONFERE,,,nao,,siconfi_dca_anexo_i_e,"DCA 2023, Anexo I-E, conta ""12 - Educação"", coluna ""Despesas Liquidadas""",1.1,2026-10-08T12:41:49Z,dffe2381a22799e82e7528be742a2eb70bd5452d05ebee53cefab2c7bd60a551
edu.despesa.funcao_educacao,Despesa liquidada na função Educação,2927408,Salvador,BA,exercício financeiro,2023,,real_2025,2328227025.19,R$,"R$ de 2025 (IPCA, média anual)","Município da capital. Todos os órgãos e entidades do município que integram o orçamento fiscal e da seguridade social (administração direta, autarquias, fundações e empresas estatais dependentes), conforme declarado na DCA. Despesas classificadas na função Educação, qualquer subfunção e qualquer etapa de ensino.",OBSERVADO,sim,CONFERE,,,nao,,siconfi_dca_anexo_i_e,"DCA 2023, Anexo I-E, conta ""12 - Educação"", coluna ""Despesas Liquidadas""; corrigido pelo IPCA (média anual) para reais de 2025",1.1,2026-10-08T12:41:49Z,dffe2381a22799e82e7528be742a2eb70bd5452d05ebee53cefab2c7bd60a551
edu.despesa.funcao_educacao,Despesa liquidada na função Educação,2927408,Salvador,BA,exercício financeiro,2024,,nominal,2514744295.8,R$,R$ correntes do exercício,"Município da capital. Todos os órgãos e entidades do município que integram o orçamento fiscal e da seguridade social (administração direta, autarquias, fundações e empresas estatais dependentes), conforme declarado na DCA. Despesas classificadas na função Educação, qualquer subfunção e qualquer etapa de ensino.",OBSERVADO,sim,CONFERE,,,nao,,siconfi_dca_anexo_i_e,"DCA 2024, Anexo I-E, conta ""12 - Educação"", coluna ""Despesas Liquidadas""",1.1,2026-10-08T12:41:49Z,dffe2381a22799e82e7528be742a2eb70bd5452d05ebee53cefab2c7bd60a551
edu.despesa.funcao_educacao,Despesa liquidada na função Educação,2927408,Salvador,BA,exercício financeiro,2024,,real_2025,2640902800.67,R$,"R$ de 2025 (IPCA, média anual)","Município da capital. Todos os órgãos e entidades do município que integram o orçamento fiscal e da seguridade social (administração direta, autarquias, fundações e empresas estatais dependentes), conforme declarado na DCA. Despesas classificadas na função Educação, qualquer subfunção e qualquer etapa de ensino.",OBSERVADO,sim,CONFERE,,,nao,,siconfi_dca_anexo_i_e,"DCA 2024, Anexo I-E, conta ""12 - Educação"", coluna ""Despesas Liquidadas""; corrigido pelo IPCA (média anual) para reais de 2025",1.1,2026-10-08T12:41:49Z,dffe2381a22799e82e7528be742a2eb70bd5452d05ebee53cefab2c7bd60a551
edu.despesa.funcao_educacao,Despesa liquidada na função Educação,2927408,Salvador,BA,exercício financeiro,2025,,nominal,2438587342.31,R$,R$ correntes do exercício,"Município da capital. Todos os órgãos e entidades do município que integram o orçamento fiscal e da seguridade social (administração direta, autarquias, fundações e empresas estatais dependentes), conforme declarado na DCA. Despesas classificadas na função Educação, qualquer subfunção e qualquer etapa de ensino.",OBSERVADO,sim,CONFERE,,,nao,,siconfi_dca_anexo_i_e,"DCA 2025, Anexo I-E, conta ""12 - Educação"", coluna ""Despesas Liquidadas""",1.1,2026-10-08T12:41:49Z,dffe2381a22799e82e7528be742a2eb70bd5452d05ebee53cefab2c7bd60a551
edu.despesa.funcao_educacao,Despesa liquidada na função Educação,2927408,Salvador,BA,exercício financeiro,2025,,real_2025,2438587342.31,R$,"R$ de 2025 (IPCA, média anual)","Município da capital. Todos os órgãos e entidades do município que integram o orçamento fiscal e da seguridade social (administração direta, autarquias, fundações e empresas estatais dependentes), conforme declarado na DCA. Despesas classificadas na função Educação, qualquer subfunção e qualquer etapa de ensino.",OBSERVADO,sim,CONFERE,,,nao,,siconfi_dca_anexo_i_e,"DCA 2025, Anexo I-E, conta ""12 - Educação"", coluna ""Despesas Liquidadas""; corrigido pelo IPCA (média anual) para reais de 2025",1.1,2026-10-08T12:41:49Z,dffe2381a22799e82e7528be742a2eb70bd5452d05ebee53cefab2c7bd60a551
edu.despesa.funcao_educacao,Despesa liquidada na função Educação,2304400,Fortaleza,CE,exercício financeiro,2021,,nominal,1771146425.03,R$,R$ correntes do exercício,"Município da capital. Todos os órgãos e entidades do município que integram o orçamento fiscal e da seguridade social (administração direta, autarquias, fundações e empresas estatais dependentes), conforme declarado na DCA. Despesas classificadas na função Educação, qualquer subfunção e qualquer etapa de ensino.",OBSERVADO,sim,CONFERE,,,nao,,siconfi_dca_anexo_i_e,"DCA 2021, Anexo I-E, conta ""12 - Educação"", coluna ""Despesas Liquidadas""",1.1,2026-10-08T12:41:49Z,dffe2381a22799e82e7528be742a2eb70bd5452d05ebee53cefab2c7bd60a551
edu.despesa.funcao_educacao,Despesa liquidada na função Educação,2304400,Fortaleza,CE,exercício financeiro,2021,,real_2025,2218831118.84,R$,"R$ de 2025 (IPCA, média anual)","Município da capital. Todos os órgãos e entidades do município que integram o orçamento fiscal e da seguridade social (administração direta, autarquias, fundações e empresas estatais dependentes), conforme declarado na DCA. Despesas classificadas na função Educação, qualquer subfunção e qualquer etapa de ensino.",OBSERVADO,sim,CONFERE,,,nao,,siconfi_dca_anexo_i_e,"DCA 2021, Anexo I-E, conta ""12 - Educação"", coluna ""Despesas Liquidadas""; corrigido pelo IPCA (média anual) para reais de 2025",1.1,2026-10-08T12:41:49Z,dffe2381a22799e82e7528be742a2eb70bd5452d05ebee53cefab2c7bd60a551
edu.despesa.funcao_educacao,Despesa liquidada na função Educação,2304400,Fortaleza,CE,exercício financeiro,2022,,nominal,2285947921.06,R$,R$ correntes do exercício,"Município da capital. Todos os órgãos e entidades do município que integram o orçamento fiscal e da seguridade social (administração direta, autarquias, fundações e empresas estatais dependentes), conforme declarado na DCA. Despesas classificadas na função Educação, qualquer subfunção e qualquer etapa de ensino.",OBSERVADO,sim,CONFERE,,,nao,,siconfi_dca_anexo_i_e,"DCA 2022, Anexo I-E, conta ""12 - Educação"", coluna ""Despesas Liquidadas""",1.1,2026-10-08T12:41:49Z,dffe2381a22799e82e7528be742a2eb70bd5452d05ebee53cefab2c7bd60a551
edu.despesa.funcao_educacao,Despesa liquidada na função Educação,2304400,Fortaleza,CE,exercício financeiro,2022,,real_2025,2620565416.42,R$,"R$ de 2025 (IPCA, média anual)","Município da capital. Todos os órgãos e entidades do município que integram o orçamento fiscal e da seguridade social (administração direta, autarquias, fundações e empresas estatais dependentes), conforme declarado na DCA. Despesas classificadas na função Educação, qualquer subfunção e qualquer etapa de ensino.",OBSERVADO,sim,CONFERE,,,nao,,siconfi_dca_anexo_i_e,"DCA 2022, Anexo I-E, conta ""12 - Educação"", coluna ""Despesas Liquidadas""; corrigido pelo IPCA (média anual) para reais de 2025",1.1,2026-10-08T12:41:49Z,dffe2381a22799e82e7528be742a2eb70bd5452d05ebee53cefab2c7bd60a551
edu.despesa.funcao_educacao,Despesa liquidada na função Educação,2304400,Fortaleza,CE,exercício financeiro,2023,,nominal,2600768542.07,R$,R$ correntes do exercício,"Município da capital. Todos os órgãos e entidades do município que integram o orçamento fiscal e da seguridade social (administração direta, autarquias, fundações e empresas estatais dependentes), conforme declarado na DCA. Despesas classificadas na função Educação, qualquer subfunção e qualquer etapa de ensino.",OBSERVADO,sim,CONFERE,,,nao,,siconfi_dca_anexo_i_e,"DCA 2023, Anexo I-E, conta ""12 - Educação"", coluna ""Despesas Liquidadas""",1.1,2026-10-08T12:41:49Z,dffe2381a22799e82e7528be742a2eb70bd5452d05ebee53cefab2c7bd60a551
edu.despesa.funcao_educacao,Despesa liquidada na função Educação,2304400,Fortaleza,CE,exercício financeiro,2023,,real_2025,2850528713.14,R$,"R$ de 2025 (IPCA, média anual)","Município da capital. Todos os órgãos e entidades do município que integram o orçamento fiscal e da seguridade social (administração direta, autarquias, fundações e empresas estatais dependentes), conforme declarado na DCA. Despesas classificadas na função Educação, qualquer subfunção e qualquer etapa de ensino.",OBSERVADO,sim,CONFERE,,,nao,,siconfi_dca_anexo_i_e,"DCA 2023, Anexo I-E, conta ""12 - Educação"", coluna ""Despesas Liquidadas""; corrigido pelo IPCA (média anual) para reais de 2025",1.1,2026-10-08T12:41:49Z,dffe2381a22799e82e7528be742a2eb70bd5452d05ebee53cefab2c7bd60a551
edu.despesa.funcao_educacao,Despesa liquidada na função Educação,2304400,Fortaleza,CE,exercício financeiro,2024,,nominal,2890081152.04,R$,R$ correntes do exercício,"Município da capital. Todos os órgãos e entidades do município que integram o orçamento fiscal e da seguridade social (administração direta, autarquias, fundações e empresas estatais dependentes), conforme declarado na DCA. Despesas classificadas na função Educação, qualquer subfunção e qualquer etapa de ensino.",OBSERVADO,sim,CONFERE,,,nao,,siconfi_dca_anexo_i_e,"DCA 2024, Anexo I-E, conta ""12 - Educação"", coluna ""Despesas Liquidadas""",1.1,2026-10-08T12:41:49Z,dffe2381a22799e82e7528be742a2eb70bd5452d05ebee53cefab2c7bd60a551
edu.despesa.funcao_educacao,Despesa liquidada na função Educação,2304400,Fortaleza,CE,exercício financeiro,2024,,real_2025,3035069379.16,R$,"R$ de 2025 (IPCA, média anual)","Município da capital. Todos os órgãos e entidades do município que integram o orçamento fiscal e da seguridade social (administração direta, autarquias, fundações e empresas estatais dependentes), conforme declarado na DCA. Despesas classificadas na função Educação, qualquer subfunção e qualquer etapa de ensino.",OBSERVADO,sim,CONFERE,,,nao,,siconfi_dca_anexo_i_e,"DCA 2024, Anexo I-E, conta ""12 - Educação"", coluna ""Despesas Liquidadas""; corrigido pelo IPCA (média anual) para reais de 2025",1.1,2026-10-08T12:41:49Z,dffe2381a22799e82e7528be742a2eb70bd5452d05ebee53cefab2c7bd60a551
edu.despesa.funcao_educacao,Despesa liquidada na função Educação,2304400,Fortaleza,CE,exercício financeiro,2025,,nominal,3064259154.43,R$,R$ correntes do exercício,"Município da capital. Todos os órgãos e entidades do município que integram o orçamento fiscal e da seguridade social (administração direta, autarquias, fundações e empresas estatais dependentes), conforme declarado na DCA. Despesas classificadas na função Educação, qualquer subfunção e qualquer etapa de ensino.",OBSERVADO,sim,CONFERE,,,nao,,siconfi_dca_anexo_i_e,"DCA 2025, Anexo I-E, conta ""12 - Educação"", coluna ""Despesas Liquidadas""",1.1,2026-10-08T12:41:49Z,dffe2381a22799e82e7528be742a2eb70bd5452d05ebee53cefab2c7bd60a551
edu.despesa.funcao_educacao,Despesa liquidada na função Educação,2304400,Fortaleza,CE,exercício financeiro,2025,,real_2025,3064259154.43,R$,"R$ de 2025 (IPCA, média anual)","Município da capital. Todos os órgãos e entidades do município que integram o orçamento fiscal e da seguridade social (administração direta, autarquias, fundações e empresas estatais dependentes), conforme declarado na DCA. Despesas classificadas na função Educação, qualquer subfunção e qualquer etapa de ensino.",OBSERVADO,sim,CONFERE,,,nao,,siconfi_dca_anexo_i_e,"DCA 2025, Anexo I-E, conta ""12 - Educação"", coluna ""Despesas Liquidadas""; corrigido pelo IPCA (média anual) para reais de 2025",1.1,2026-10-08T12:41:49Z,dffe2381a22799e82e7528be742a2eb70bd5452d05ebee53cefab2c7bd60a551
edu.despesa.funcao_educacao,Despesa liquidada na função Educação,3205309,Vitória,ES,exercício financeiro,2021,,nominal,409221775.02,R$,R$ correntes do exercício,"Município da capital. Todos os órgãos e entidades do município que integram o orçamento fiscal e da seguridade social (administração direta, autarquias, fundações e empresas estatais dependentes), conforme declarado na DCA. Despesas classificadas na função Educação, qualquer subfunção e qualquer etapa de ensino.",OBSERVADO,sim,CONFERE,,,nao,,siconfi_dca_anexo_i_e,"DCA 2021, Anexo I-E, conta ""12 - Educação"", coluna ""Despesas Liquidadas""",1.1,2026-10-08T12:41:49Z,dffe2381a22799e82e7528be742a2eb70bd5452d05ebee53cefab2c7bd60a551
edu.despesa.funcao_educacao,Despesa liquidada na função Educação,3205309,Vitória,ES,exercício financeiro,2021,,real_2025,512658917.46,R$,"R$ de 2025 (IPCA, média anual)","Município da capital. Todos os órgãos e entidades do município que integram o orçamento fiscal e da seguridade social (administração direta, autarquias, fundações e empresas estatais dependentes), conforme declarado na DCA. Despesas classificadas na função Educação, qualquer subfunção e qualquer etapa de ensino.",OBSERVADO,sim,CONFERE,,,nao,,siconfi_dca_anexo_i_e,"DCA 2021, Anexo I-E, conta ""12 - Educação"", coluna ""Despesas Liquidadas""; corrigido pelo IPCA (média anual) para reais de 2025",1.1,2026-10-08T12:41:49Z,dffe2381a22799e82e7528be742a2eb70bd5452d05ebee53cefab2c7bd60a551
edu.despesa.funcao_educacao,Despesa liquidada na função Educação,3205309,Vitória,ES,exercício financeiro,2022,,nominal,555788808.76,R$,R$ correntes do exercício,"Município da capital. Todos os órgãos e entidades do município que integram o orçamento fiscal e da seguridade social (administração direta, autarquias, fundações e empresas estatais dependentes), conforme declarado na DCA. Despesas classificadas na função Educação, qualquer subfunção e qualquer etapa de ensino.",OBSERVADO,sim,CONFERE,,,nao,,siconfi_dca_anexo_i_e,"DCA 2022, Anexo I-E, conta ""12 - Educação"", coluna ""Despesas Liquidadas""",1.1,2026-10-08T12:41:49Z,dffe2381a22799e82e7528be742a2eb70bd5452d05ebee53cefab2c7bd60a551
edu.despesa.funcao_educacao,Despesa liquidada na função Educação,3205309,Vitória,ES,exercício financeiro,2022,,real_2025,637145281.24,R$,"R$ de 2025 (IPCA, média anual)","Município da capital. Todos os órgãos e entidades do município que integram o orçamento fiscal e da seguridade social (administração direta, autarquias, fundações e empresas estatais dependentes), conforme declarado na DCA. Despesas classificadas na função Educação, qualquer subfunção e qualquer etapa de ensino.",OBSERVADO,sim,CONFERE,,,nao,,siconfi_dca_anexo_i_e,"DCA 2022, Anexo I-E, conta ""12 - Educação"", coluna ""Despesas Liquidadas""; corrigido pelo IPCA (média anual) para reais de 2025",1.1,2026-10-08T12:41:49Z,dffe2381a22799e82e7528be742a2eb70bd5452d05ebee53cefab2c7bd60a551
edu.despesa.funcao_educacao,Despesa liquidada na função Educação,3205309,Vitória,ES,exercício financeiro,2023,,nominal,644732537.6,R$,R$ correntes do exercício,"Município da capital. Todos os órgãos e entidades do município que integram o orçamento fiscal e da seguridade social (administração direta, autarquias, fundações e empresas estatais dependentes), conforme declarado na DCA. Despesas classificadas na função Educação, qualquer subfunção e qualquer etapa de ensino.",OBSERVADO,sim,CONFERE,,,nao,,siconfi_dca_anexo_i_e,"DCA 2023, Anexo I-E, conta ""12 - Educação"", coluna ""Despesas Liquidadas""",1.1,2026-10-08T12:41:49Z,dffe2381a22799e82e7528be742a2eb70bd5452d05ebee53cefab2c7bd60a551
edu.despesa.funcao_educacao,Despesa liquidada na função Educação,3205309,Vitória,ES,exercício financeiro,2023,,real_2025,706648277.61,R$,"R$ de 2025 (IPCA, média anual)","Município da capital. Todos os órgãos e entidades do município que integram o orçamento fiscal e da seguridade social (administração direta, autarquias, fundações e empresas estatais dependentes), conforme declarado na DCA. Despesas classificadas na função Educação, qualquer subfunção e qualquer etapa de ensino.",OBSERVADO,sim,CONFERE,,,nao,,siconfi_dca_anexo_i_e,"DCA 2023, Anexo I-E, conta ""12 - Educação"", coluna ""Despesas Liquidadas""; corrigido pelo IPCA (média anual) para reais de 2025",1.1,2026-10-08T12:41:49Z,dffe2381a22799e82e7528be742a2eb70bd5452d05ebee53cefab2c7bd60a551
edu.despesa.funcao_educacao,Despesa liquidada na função Educação,3205309,Vitória,ES,exercício financeiro,2024,,nominal,752860573.31,R$,R$ correntes do exercício,"Município da capital. Todos os órgãos e entidades do município que integram o orçamento fiscal e da seguridade social (administração direta, autarquias, fundações e empresas estatais dependentes), conforme declarado na DCA. Despesas classificadas na função Educação, qualquer subfunção e qualquer etapa de ensino.",OBSERVADO,sim,CONFERE,,,nao,,siconfi_dca_anexo_i_e,"DCA 2024, Anexo I-E, conta ""12 - Educação"", coluna ""Despesas Liquidadas""",1.1,2026-10-08T12:41:49Z,dffe2381a22799e82e7528be742a2eb70bd5452d05ebee53cefab2c7bd60a551
edu.despesa.funcao_educacao,Despesa liquidada na função Educação,3205309,Vitória,ES,exercício financeiro,2024,,real_2025,790629727.2,R$,"R$ de 2025 (IPCA, média anual)","Município da capital. Todos os órgãos e entidades do município que integram o orçamento fiscal e da seguridade social (administração direta, autarquias, fundações e empresas estatais dependentes), conforme declarado na DCA. Despesas classificadas na função Educação, qualquer subfunção e qualquer etapa de ensino.",OBSERVADO,sim,CONFERE,,,nao,,siconfi_dca_anexo_i_e,"DCA 2024, Anexo I-E, conta ""12 - Educação"", coluna ""Despesas Liquidadas""; corrigido pelo IPCA (média anual) para reais de 2025",1.1,2026-10-08T12:41:49Z,dffe2381a22799e82e7528be742a2eb70bd5452d05ebee53cefab2c7bd60a551
edu.despesa.funcao_educacao,Despesa liquidada na função Educação,3205309,Vitória,ES,exercício financeiro,2025,,nominal,810892059.61,R$,R$ correntes do exercício,"Município da capital. Todos os órgãos e entidades do município que integram o orçamento fiscal e da seguridade social (administração direta, autarquias, fundações e empresas estatais dependentes), conforme declarado na DCA. Despesas classificadas na função Educação, qualquer subfunção e qualquer etapa de ensino.",OBSERVADO,sim,CONFERE,,,nao,,siconfi_dca_anexo_i_e,"DCA 2025, Anexo I-E, conta ""12 - Educação"", coluna ""Despesas Liquidadas""",1.1,2026-10-08T12:41:49Z,dffe2381a22799e82e7528be742a2eb70bd5452d05ebee53cefab2c7bd60a551
edu.despesa.funcao_educacao,Despesa liquidada na função Educação,3205309,Vitória,ES,exercício financeiro,2025,,real_2025,810892059.61,R$,"R$ de 2025 (IPCA, média anual)","Município da capital. Todos os órgãos e entidades do município que integram o orçamento fiscal e da seguridade social (administração direta, autarquias, fundações e empresas estatais dependentes), conforme declarado na DCA. Despesas classificadas na função Educação, qualquer subfunção e qualquer etapa de ensino.",OBSERVADO,sim,CONFERE,,,nao,,siconfi_dca_anexo_i_e,"DCA 2025, Anexo I-E, conta ""12 - Educação"", coluna ""Despesas Liquidadas""; corrigido pelo IPCA (média anual) para reais de 2025",1.1,2026-10-08T12:41:49Z,dffe2381a22799e82e7528be742a2eb70bd5452d05ebee53cefab2c7bd60a551
edu.despesa.funcao_educacao,Despesa liquidada na função Educação,5208707,Goiânia,GO,exercício financeiro,2021,,nominal,1146634214.95,R$,R$ correntes do exercício,"Município da capital. Todos os órgãos e entidades do município que integram o orçamento fiscal e da seguridade social (administração direta, autarquias, fundações e empresas estatais dependentes), conforme declarado na DCA. Despesas classificadas na função Educação, qualquer subfunção e qualquer etapa de ensino.",OBSERVADO,sim,CONFERE,,,nao,,siconfi_dca_anexo_i_e,"DCA 2021, Anexo I-E, conta ""12 - Educação"", coluna ""Despesas Liquidadas""",1.1,2026-10-08T12:41:49Z,dffe2381a22799e82e7528be742a2eb70bd5452d05ebee53cefab2c7bd60a551
edu.despesa.funcao_educacao,Despesa liquidada na função Educação,5208707,Goiânia,GO,exercício financeiro,2021,,real_2025,1436463774.03,R$,"R$ de 2025 (IPCA, média anual)","Município da capital. Todos os órgãos e entidades do município que integram o orçamento fiscal e da seguridade social (administração direta, autarquias, fundações e empresas estatais dependentes), conforme declarado na DCA. Despesas classificadas na função Educação, qualquer subfunção e qualquer etapa de ensino.",OBSERVADO,sim,CONFERE,,,nao,,siconfi_dca_anexo_i_e,"DCA 2021, Anexo I-E, conta ""12 - Educação"", coluna ""Despesas Liquidadas""; corrigido pelo IPCA (média anual) para reais de 2025",1.1,2026-10-08T12:41:49Z,dffe2381a22799e82e7528be742a2eb70bd5452d05ebee53cefab2c7bd60a551
edu.despesa.funcao_educacao,Despesa liquidada na função Educação,5208707,Goiânia,GO,exercício financeiro,2022,,nominal,1448718358.8,R$,R$ correntes do exercício,"Município da capital. Todos os órgãos e entidades do município que integram o orçamento fiscal e da seguridade social (administração direta, autarquias, fundações e empresas estatais dependentes), conforme declarado na DCA. Despesas classificadas na função Educação, qualquer subfunção e qualquer etapa de ensino.",OBSERVADO,sim,CONFERE,,,nao,,siconfi_dca_anexo_i_e,"DCA 2022, Anexo I-E, conta ""12 - Educação"", coluna ""Despesas Liquidadas""",1.1,2026-10-08T12:41:49Z,dffe2381a22799e82e7528be742a2eb70bd5452d05ebee53cefab2c7bd60a551
edu.despesa.funcao_educacao,Despesa liquidada na função Educação,5208707,Goiânia,GO,exercício financeiro,2022,,real_2025,1660782030.17,R$,"R$ de 2025 (IPCA, média anual)","Município da capital. Todos os órgãos e entidades do município que integram o orçamento fiscal e da seguridade social (administração direta, autarquias, fundações e empresas estatais dependentes), conforme declarado na DCA. Despesas classificadas na função Educação, qualquer subfunção e qualquer etapa de ensino.",OBSERVADO,sim,CONFERE,,,nao,,siconfi_dca_anexo_i_e,"DCA 2022, Anexo I-E, conta ""12 - Educação"", coluna ""Despesas Liquidadas""; corrigido pelo IPCA (média anual) para reais de 2025",1.1,2026-10-08T12:41:49Z,dffe2381a22799e82e7528be742a2eb70bd5452d05ebee53cefab2c7bd60a551
edu.despesa.funcao_educacao,Despesa liquidada na função Educação,5208707,Goiânia,GO,exercício financeiro,2023,,nominal,1586223760.58,R$,R$ correntes do exercício,"Município da capital. Todos os órgãos e entidades do município que integram o orçamento fiscal e da seguridade social (administração direta, autarquias, fundações e empresas estatais dependentes), conforme declarado na DCA. Despesas classificadas na função Educação, qualquer subfunção e qualquer etapa de ensino.",OBSERVADO,sim,CONFERE,,,nao,,siconfi_dca_anexo_i_e,"DCA 2023, Anexo I-E, conta ""12 - Educação"", coluna ""Despesas Liquidadas""",1.1,2026-10-08T12:41:49Z,dffe2381a22799e82e7528be742a2eb70bd5452d05ebee53cefab2c7bd60a551
edu.despesa.funcao_educacao,Despesa liquidada na função Educação,5208707,Goiânia,GO,exercício financeiro,2023,,real_2025,1738553931.98,R$,"R$ de 2025 (IPCA, média anual)","Município da capital. Todos os órgãos e entidades do município que integram o orçamento fiscal e da seguridade social (administração direta, autarquias, fundações e empresas estatais dependentes), conforme declarado na DCA. Despesas classificadas na função Educação, qualquer subfunção e qualquer etapa de ensino.",OBSERVADO,sim,CONFERE,,,nao,,siconfi_dca_anexo_i_e,"DCA 2023, Anexo I-E, conta ""12 - Educação"", coluna ""Despesas Liquidadas""; corrigido pelo IPCA (média anual) para reais de 2025",1.1,2026-10-08T12:41:49Z,dffe2381a22799e82e7528be742a2eb70bd5452d05ebee53cefab2c7bd60a551
edu.despesa.funcao_educacao,Despesa liquidada na função Educação,5208707,Goiânia,GO,exercício financeiro,2024,,nominal,1800683692.0,R$,R$ correntes do exercício,"Município da capital. Todos os órgãos e entidades do município que integram o orçamento fiscal e da seguridade social (administração direta, autarquias, fundações e empresas estatais dependentes), conforme declarado na DCA. Despesas classificadas na função Educação, qualquer subfunção e qualquer etapa de ensino.",OBSERVADO,sim,CONFERE,,,nao,,siconfi_dca_anexo_i_e,"DCA 2024, Anexo I-E, conta ""12 - Educação"", coluna ""Despesas Liquidadas""",1.1,2026-10-08T12:41:49Z,dffe2381a22799e82e7528be742a2eb70bd5452d05ebee53cefab2c7bd60a551
edu.despesa.funcao_educacao,Despesa liquidada na função Educação,5208707,Goiânia,GO,exercício financeiro,2024,,real_2025,1891019541.54,R$,"R$ de 2025 (IPCA, média anual)","Município da capital. Todos os órgãos e entidades do município que integram o orçamento fiscal e da seguridade social (administração direta, autarquias, fundações e empresas estatais dependentes), conforme declarado na DCA. Despesas classificadas na função Educação, qualquer subfunção e qualquer etapa de ensino.",OBSERVADO,sim,CONFERE,,,nao,,siconfi_dca_anexo_i_e,"DCA 2024, Anexo I-E, conta ""12 - Educação"", coluna ""Despesas Liquidadas""; corrigido pelo IPCA (média anual) para reais de 2025",1.1,2026-10-08T12:41:49Z,dffe2381a22799e82e7528be742a2eb70bd5452d05ebee53cefab2c7bd60a551
edu.despesa.funcao_educacao,Despesa liquidada na função Educação,5208707,Goiânia,GO,exercício financeiro,2025,,nominal,1903975496.37,R$,R$ correntes do exercício,"Município da capital. Todos os órgãos e entidades do município que integram o orçamento fiscal e da seguridade social (administração direta, autarquias, fundações e empresas estatais dependentes), conforme declarado na DCA. Despesas classificadas na função Educação, qualquer subfunção e qualquer etapa de ensino.",OBSERVADO,sim,CONFERE,,,nao,,siconfi_dca_anexo_i_e,"DCA 2025, Anexo I-E, conta ""12 - Educação"", coluna ""Despesas Liquidadas""",1.1,2026-10-08T12:41:49Z,dffe2381a22799e82e7528be742a2eb70bd5452d05ebee53cefab2c7bd60a551
edu.despesa.funcao_educacao,Despesa liquidada na função Educação,5208707,Goiânia,GO,exercício financeiro,2025,,real_2025,1903975496.37,R$,"R$ de 2025 (IPCA, média anual)","Município da capital. Todos os órgãos e entidades do município que integram o orçamento fiscal e da seguridade social (administração direta, autarquias, fundações e empresas estatais dependentes), conforme declarado na DCA. Despesas classificadas na função Educação, qualquer subfunção e qualquer etapa de ensino.",OBSERVADO,sim,CONFERE,,,nao,,siconfi_dca_anexo_i_e,"DCA 2025, Anexo I-E, conta ""12 - Educação"", coluna ""Despesas Liquidadas""; corrigido pelo IPCA (média anual) para reais de 2025",1.1,2026-10-08T12:41:49Z,dffe2381a22799e82e7528be742a2eb70bd5452d05ebee53cefab2c7bd60a551
edu.despesa.funcao_educacao,Despesa liquidada na função Educação,2111300,São Luís,MA,exercício financeiro,2021,,nominal,615396136.59,R$,R$ correntes do exercício,"Município da capital. Todos os órgãos e entidades do município que integram o orçamento fiscal e da seguridade social (administração direta, autarquias, fundações e empresas estatais dependentes), conforme declarado na DCA. Despesas classificadas na função Educação, qualquer subfunção e qualquer etapa de ensino.",OBSERVADO,sim,CONFERE,,,nao,,siconfi_dca_anexo_i_e,"DCA 2021, Anexo I-E, conta ""12 - Educação"", coluna ""Despesas Liquidadas""",1.1,2026-10-08T12:41:49Z,dffe2381a22799e82e7528be742a2eb70bd5452d05ebee53cefab2c7bd60a551
edu.despesa.funcao_educacao,Despesa liquidada na função Educação,2111300,São Luís,MA,exercício financeiro,2021,,real_2025,770947042.54,R$,"R$ de 2025 (IPCA, média anual)","Município da capital. Todos os órgãos e entidades do município que integram o orçamento fiscal e da seguridade social (administração direta, autarquias, fundações e empresas estatais dependentes), conforme declarado na DCA. Despesas classificadas na função Educação, qualquer subfunção e qualquer etapa de ensino.",OBSERVADO,sim,CONFERE,,,nao,,siconfi_dca_anexo_i_e,"DCA 2021, Anexo I-E, conta ""12 - Educação"", coluna ""Despesas Liquidadas""; corrigido pelo IPCA (média anual) para reais de 2025",1.1,2026-10-08T12:41:49Z,dffe2381a22799e82e7528be742a2eb70bd5452d05ebee53cefab2c7bd60a551
edu.despesa.funcao_educacao,Despesa liquidada na função Educação,2111300,São Luís,MA,exercício financeiro,2022,,nominal,665348819.94,R$,R$ correntes do exercício,"Município da capital. Todos os órgãos e entidades do município que integram o orçamento fiscal e da seguridade social (administração direta, autarquias, fundações e empresas estatais dependentes), conforme declarado na DCA. Despesas classificadas na função Educação, qualquer subfunção e qualquer etapa de ensino.",OBSERVADO,sim,CONFERE,,,nao,,siconfi_dca_anexo_i_e,"DCA 2022, Anexo I-E, conta ""12 - Educação"", coluna ""Despesas Liquidadas""",1.1,2026-10-08T12:41:49Z,dffe2381a22799e82e7528be742a2eb70bd5452d05ebee53cefab2c7bd60a551
edu.despesa.funcao_educacao,Despesa liquidada na função Educação,2111300,São Luís,MA,exercício financeiro,2022,,real_2025,762742707.88,R$,"R$ de 2025 (IPCA, média anual)","Município da capital. Todos os órgãos e entidades do município que integram o orçamento fiscal e da seguridade social (administração direta, autarquias, fundações e empresas estatais dependentes), conforme declarado na DCA. Despesas classificadas na função Educação, qualquer subfunção e qualquer etapa de ensino.",OBSERVADO,sim,CONFERE,,,nao,,siconfi_dca_anexo_i_e,"DCA 2022, Anexo I-E, conta ""12 - Educação"", coluna ""Despesas Liquidadas""; corrigido pelo IPCA (média anual) para reais de 2025",1.1,2026-10-08T12:41:49Z,dffe2381a22799e82e7528be742a2eb70bd5452d05ebee53cefab2c7bd60a551
edu.despesa.funcao_educacao,Despesa liquidada na função Educação,2111300,São Luís,MA,exercício financeiro,2023,,nominal,900563480.99,R$,R$ correntes do exercício,"Município da capital. Todos os órgãos e entidades do município que integram o orçamento fiscal e da seguridade social (administração direta, autarquias, fundações e empresas estatais dependentes), conforme declarado na DCA. Despesas classificadas na função Educação, qualquer subfunção e qualquer etapa de ensino.",OBSERVADO,sim,CONFERE,,,nao,,siconfi_dca_anexo_i_e,"DCA 2023, Anexo I-E, conta ""12 - Educação"", coluna ""Despesas Liquidadas""",1.1,2026-10-08T12:41:49Z,dffe2381a22799e82e7528be742a2eb70bd5452d05ebee53cefab2c7bd60a551
edu.despesa.funcao_educacao,Despesa liquidada na função Educação,2111300,São Luís,MA,exercício financeiro,2023,,real_2025,987047489.63,R$,"R$ de 2025 (IPCA, média anual)","Município da capital. Todos os órgãos e entidades do município que integram o orçamento fiscal e da seguridade social (administração direta, autarquias, fundações e empresas estatais dependentes), conforme declarado na DCA. Despesas classificadas na função Educação, qualquer subfunção e qualquer etapa de ensino.",OBSERVADO,sim,CONFERE,,,nao,,siconfi_dca_anexo_i_e,"DCA 2023, Anexo I-E, conta ""12 - Educação"", coluna ""Despesas Liquidadas""; corrigido pelo IPCA (média anual) para reais de 2025",1.1,2026-10-08T12:41:49Z,dffe2381a22799e82e7528be742a2eb70bd5452d05ebee53cefab2c7bd60a551
edu.despesa.funcao_educacao,Despesa liquidada na função Educação,2111300,São Luís,MA,exercício financeiro,2024,,nominal,1037380568.66,R$,R$ correntes do exercício,"Município da capital. Todos os órgãos e entidades do município que integram o orçamento fiscal e da seguridade social (administração direta, autarquias, fundações e empresas estatais dependentes), conforme declarado na DCA. Despesas classificadas na função Educação, qualquer subfunção e qualquer etapa de ensino.",OBSERVADO,sim,CONFERE,,,nao,,siconfi_dca_anexo_i_e,"DCA 2024, Anexo I-E, conta ""12 - Educação"", coluna ""Despesas Liquidadas""",1.1,2026-10-08T12:41:49Z,dffe2381a22799e82e7528be742a2eb70bd5452d05ebee53cefab2c7bd60a551
edu.despesa.funcao_educacao,Despesa liquidada na função Educação,2111300,São Luís,MA,exercício financeiro,2024,,real_2025,1089423387.38,R$,"R$ de 2025 (IPCA, média anual)","Município da capital. Todos os órgãos e entidades do município que integram o orçamento fiscal e da seguridade social (administração direta, autarquias, fundações e empresas estatais dependentes), conforme declarado na DCA. Despesas classificadas na função Educação, qualquer subfunção e qualquer etapa de ensino.",OBSERVADO,sim,CONFERE,,,nao,,siconfi_dca_anexo_i_e,"DCA 2024, Anexo I-E, conta ""12 - Educação"", coluna ""Despesas Liquidadas""; corrigido pelo IPCA (média anual) para reais de 2025",1.1,2026-10-08T12:41:49Z,dffe2381a22799e82e7528be742a2eb70bd5452d05ebee53cefab2c7bd60a551
edu.despesa.funcao_educacao,Despesa liquidada na função Educação,2111300,São Luís,MA,exercício financeiro,2025,,nominal,1162822134.63,R$,R$ correntes do exercício,"Município da capital. Todos os órgãos e entidades do município que integram o orçamento fiscal e da seguridade social (administração direta, autarquias, fundações e empresas estatais dependentes), conforme declarado na DCA. Despesas classificadas na função Educação, qualquer subfunção e qualquer etapa de ensino.",OBSERVADO,sim,CONFERE,,,nao,,siconfi_dca_anexo_i_e,"DCA 2025, Anexo I-E, conta ""12 - Educação"", coluna ""Despesas Liquidadas""",1.1,2026-10-08T12:41:49Z,dffe2381a22799e82e7528be742a2eb70bd5452d05ebee53cefab2c7bd60a551
edu.despesa.funcao_educacao,Despesa liquidada na função Educação,2111300,São Luís,MA,exercício financeiro,2025,,real_2025,1162822134.63,R$,"R$ de 2025 (IPCA, média anual)","Município da capital. Todos os órgãos e entidades do município que integram o orçamento fiscal e da seguridade social (administração direta, autarquias, fundações e empresas estatais dependentes), conforme declarado na DCA. Despesas classificadas na função Educação, qualquer subfunção e qualquer etapa de ensino.",OBSERVADO,sim,CONFERE,,,nao,,siconfi_dca_anexo_i_e,"DCA 2025, Anexo I-E, conta ""12 - Educação"", coluna ""Despesas Liquidadas""; corrigido pelo IPCA (média anual) para reais de 2025",1.1,2026-10-08T12:41:49Z,dffe2381a22799e82e7528be742a2eb70bd5452d05ebee53cefab2c7bd60a551
edu.despesa.funcao_educacao,Despesa liquidada na função Educação,5103403,Cuiabá,MT,exercício financeiro,2021,,nominal,443780118.89,R$,R$ correntes do exercício,"Município da capital. Todos os órgãos e entidades do município que integram o orçamento fiscal e da seguridade social (administração direta, autarquias, fundações e empresas estatais dependentes), conforme declarado na DCA. Despesas classificadas na função Educação, qualquer subfunção e qualquer etapa de ensino.",OBSERVADO,sim,CONFERE,,,nao,,siconfi_dca_anexo_i_e,"DCA 2021, Anexo I-E, conta ""12 - Educação"", coluna ""Despesas Liquidadas""",1.1,2026-10-08T12:41:49Z,dffe2381a22799e82e7528be742a2eb70bd5452d05ebee53cefab2c7bd60a551
edu.despesa.funcao_educacao,Despesa liquidada na função Educação,5103403,Cuiabá,MT,exercício financeiro,2021,,real_2025,555952418.05,R$,"R$ de 2025 (IPCA, média anual)","Município da capital. Todos os órgãos e entidades do município que integram o orçamento fiscal e da seguridade social (administração direta, autarquias, fundações e empresas estatais dependentes), conforme declarado na DCA. Despesas classificadas na função Educação, qualquer subfunção e qualquer etapa de ensino.",OBSERVADO,sim,CONFERE,,,nao,,siconfi_dca_anexo_i_e,"DCA 2021, Anexo I-E, conta ""12 - Educação"", coluna ""Despesas Liquidadas""; corrigido pelo IPCA (média anual) para reais de 2025",1.1,2026-10-08T12:41:49Z,dffe2381a22799e82e7528be742a2eb70bd5452d05ebee53cefab2c7bd60a551
edu.despesa.funcao_educacao,Despesa liquidada na função Educação,5103403,Cuiabá,MT,exercício financeiro,2022,,nominal,687629550.45,R$,R$ correntes do exercício,"Município da capital. Todos os órgãos e entidades do município que integram o orçamento fiscal e da seguridade social (administração direta, autarquias, fundações e empresas estatais dependentes), conforme declarado na DCA. Despesas classificadas na função Educação, qualquer subfunção e qualquer etapa de ensino.",OBSERVADO,sim,CONFERE,,,nao,,siconfi_dca_anexo_i_e,"DCA 2022, Anexo I-E, conta ""12 - Educação"", coluna ""Despesas Liquidadas""",1.1,2026-10-08T12:41:49Z,dffe2381a22799e82e7528be742a2eb70bd5452d05ebee53cefab2c7bd60a551
edu.despesa.funcao_educacao,Despesa liquidada na função Educação,5103403,Cuiabá,MT,exercício financeiro,2022,,real_2025,788284896.0,R$,"R$ de 2025 (IPCA, média anual)","Município da capital. Todos os órgãos e entidades do município que integram o orçamento fiscal e da seguridade social (administração direta, autarquias, fundações e empresas estatais dependentes), conforme declarado na DCA. Despesas classificadas na função Educação, qualquer subfunção e qualquer etapa de ensino.",OBSERVADO,sim,CONFERE,,,nao,,siconfi_dca_anexo_i_e,"DCA 2022, Anexo I-E, conta ""12 - Educação"", coluna ""Despesas Liquidadas""; corrigido pelo IPCA (média anual) para reais de 2025",1.1,2026-10-08T12:41:49Z,dffe2381a22799e82e7528be742a2eb70bd5452d05ebee53cefab2c7bd60a551
edu.despesa.funcao_educacao,Despesa liquidada na função Educação,5103403,Cuiabá,MT,exercício financeiro,2023,,nominal,734810186.95,R$,R$ correntes do exercício,"Município da capital. Todos os órgãos e entidades do município que integram o orçamento fiscal e da seguridade social (administração direta, autarquias, fundações e empresas estatais dependentes), conforme declarado na DCA. Despesas classificadas na função Educação, qualquer subfunção e qualquer etapa de ensino.",OBSERVADO,sim,CONFERE,,,nao,,siconfi_dca_anexo_i_e,"DCA 2023, Anexo I-E, conta ""12 - Educação"", coluna ""Despesas Liquidadas""",1.1,2026-10-08T12:41:49Z,dffe2381a22799e82e7528be742a2eb70bd5452d05ebee53cefab2c7bd60a551
edu.despesa.funcao_educacao,Despesa liquidada na função Educação,5103403,Cuiabá,MT,exercício financeiro,2023,,real_2025,805376373.45,R$,"R$ de 2025 (IPCA, média anual)","Município da capital. Todos os órgãos e entidades do município que integram o orçamento fiscal e da seguridade social (administração direta, autarquias, fundações e empresas estatais dependentes), conforme declarado na DCA. Despesas classificadas na função Educação, qualquer subfunção e qualquer etapa de ensino.",OBSERVADO,sim,CONFERE,,,nao,,siconfi_dca_anexo_i_e,"DCA 2023, Anexo I-E, conta ""12 - Educação"", coluna ""Despesas Liquidadas""; corrigido pelo IPCA (média anual) para reais de 2025",1.1,2026-10-08T12:41:49Z,dffe2381a22799e82e7528be742a2eb70bd5452d05ebee53cefab2c7bd60a551
edu.despesa.funcao_educacao,Despesa liquidada na função Educação,5103403,Cuiabá,MT,exercício financeiro,2024,,nominal,756935589.53,R$,R$ correntes do exercício,"Município da capital. Todos os órgãos e entidades do município que integram o orçamento fiscal e da seguridade social (administração direta, autarquias, fundações e empresas estatais dependentes), conforme declarado na DCA. Despesas classificadas na função Educação, qualquer subfunção e qualquer etapa de ensino.",OBSERVADO,sim,CONFERE,,,nao,,siconfi_dca_anexo_i_e,"DCA 2024, Anexo I-E, conta ""12 - Educação"", coluna ""Despesas Liquidadas""",1.1,2026-10-08T12:41:49Z,dffe2381a22799e82e7528be742a2eb70bd5452d05ebee53cefab2c7bd60a551
edu.despesa.funcao_educacao,Despesa liquidada na função Educação,5103403,Cuiabá,MT,exercício financeiro,2024,,real_2025,794909176.91,R$,"R$ de 2025 (IPCA, média anual)","Município da capital. Todos os órgãos e entidades do município que integram o orçamento fiscal e da seguridade social (administração direta, autarquias, fundações e empresas estatais dependentes), conforme declarado na DCA. Despesas classificadas na função Educação, qualquer subfunção e qualquer etapa de ensino.",OBSERVADO,sim,CONFERE,,,nao,,siconfi_dca_anexo_i_e,"DCA 2024, Anexo I-E, conta ""12 - Educação"", coluna ""Despesas Liquidadas""; corrigido pelo IPCA (média anual) para reais de 2025",1.1,2026-10-08T12:41:49Z,dffe2381a22799e82e7528be742a2eb70bd5452d05ebee53cefab2c7bd60a551
edu.despesa.funcao_educacao,Despesa liquidada na função Educação,5103403,Cuiabá,MT,exercício financeiro,2025,,nominal,1013625098.13,R$,R$ correntes do exercício,"Município da capital. Todos os órgãos e entidades do município que integram o orçamento fiscal e da seguridade social (administração direta, autarquias, fundações e empresas estatais dependentes), conforme declarado na DCA. Despesas classificadas na função Educação, qualquer subfunção e qualquer etapa de ensino.",OBSERVADO,sim,CONFERE,,,nao,,siconfi_dca_anexo_i_e,"DCA 2025, Anexo I-E, conta ""12 - Educação"", coluna ""Despesas Liquidadas""",1.1,2026-10-08T12:41:49Z,dffe2381a22799e82e7528be742a2eb70bd5452d05ebee53cefab2c7bd60a551
edu.despesa.funcao_educacao,Despesa liquidada na função Educação,5103403,Cuiabá,MT,exercício financeiro,2025,,real_2025,1013625098.13,R$,"R$ de 2025 (IPCA, média anual)","Município da capital. Todos os órgãos e entidades do município que integram o orçamento fiscal e da seguridade social (administração direta, autarquias, fundações e empresas estatais dependentes), conforme declarado na DCA. Despesas classificadas na função Educação, qualquer subfunção e qualquer etapa de ensino.",OBSERVADO,sim,CONFERE,,,nao,,siconfi_dca_anexo_i_e,"DCA 2025, Anexo I-E, conta ""12 - Educação"", coluna ""Despesas Liquidadas""; corrigido pelo IPCA (média anual) para reais de 2025",1.1,2026-10-08T12:41:49Z,dffe2381a22799e82e7528be742a2eb70bd5452d05ebee53cefab2c7bd60a551
edu.despesa.funcao_educacao,Despesa liquidada na função Educação,5002704,Campo Grande,MS,exercício financeiro,2021,,nominal,1030887330.5,R$,R$ correntes do exercício,"Município da capital. Todos os órgãos e entidades do município que integram o orçamento fiscal e da seguridade social (administração direta, autarquias, fundações e empresas estatais dependentes), conforme declarado na DCA. Despesas classificadas na função Educação, qualquer subfunção e qualquer etapa de ensino.",OBSERVADO,nao,PERIMETRO_INTRA_MSC,"Perímetro distinto: a DCA deste exercício inclui na função Educação despesas intraorçamentárias, que as demais declarações apresentam em linha separada.","O RREO do 6º bimestre informa R$ 906.686.417,45 sem intraorçamentárias (diferença de R$ 124.200.913,05 (+12,0% da DCA)). A MSC de dezembro mostra que a DCA reúne R$ 124.200.913,05 de despesas intraorçamentárias (modalidade 91) na função Educação. O valor oficial fica disponível para consulta, fora de comparações entre capitais e de variações com exercícios de outro perímetro.",sim,,siconfi_dca_anexo_i_e,"DCA 2021, Anexo I-E, conta ""12 - Educação"", coluna ""Despesas Liquidadas""",1.1,2026-10-08T12:41:49Z,dffe2381a22799e82e7528be742a2eb70bd5452d05ebee53cefab2c7bd60a551
edu.despesa.funcao_educacao,Despesa liquidada na função Educação,5002704,Campo Grande,MS,exercício financeiro,2021,,real_2025,1291460071.63,R$,"R$ de 2025 (IPCA, média anual)","Município da capital. Todos os órgãos e entidades do município que integram o orçamento fiscal e da seguridade social (administração direta, autarquias, fundações e empresas estatais dependentes), conforme declarado na DCA. Despesas classificadas na função Educação, qualquer subfunção e qualquer etapa de ensino.",OBSERVADO,nao,PERIMETRO_INTRA_MSC,"Perímetro distinto: a DCA deste exercício inclui na função Educação despesas intraorçamentárias, que as demais declarações apresentam em linha separada.","O RREO do 6º bimestre informa R$ 906.686.417,45 sem intraorçamentárias (diferença de R$ 124.200.913,05 (+12,0% da DCA)). A MSC de dezembro mostra que a DCA reúne R$ 124.200.913,05 de despesas intraorçamentárias (modalidade 91) na função Educação. O valor oficial fica disponível para consulta, fora de comparações entre capitais e de variações com exercícios de outro perímetro.",sim,,siconfi_dca_anexo_i_e,"DCA 2021, Anexo I-E, conta ""12 - Educação"", coluna ""Despesas Liquidadas""; corrigido pelo IPCA (média anual) para reais de 2025",1.1,2026-10-08T12:41:49Z,dffe2381a22799e82e7528be742a2eb70bd5452d05ebee53cefab2c7bd60a551
edu.despesa.funcao_educacao,Despesa liquidada na função Educação,5002704,Campo Grande,MS,exercício financeiro,2022,,nominal,981845151.05,R$,R$ correntes do exercício,"Município da capital. Todos os órgãos e entidades do município que integram o orçamento fiscal e da seguridade social (administração direta, autarquias, fundações e empresas estatais dependentes), conforme declarado na DCA. Despesas classificadas na função Educação, qualquer subfunção e qualquer etapa de ensino.",OBSERVADO,sim,CONFERE,,,nao,,siconfi_dca_anexo_i_e,"DCA 2022, Anexo I-E, conta ""12 - Educação"", coluna ""Despesas Liquidadas""",1.1,2026-10-08T12:41:49Z,dffe2381a22799e82e7528be742a2eb70bd5452d05ebee53cefab2c7bd60a551
edu.despesa.funcao_educacao,Despesa liquidada na função Educação,5002704,Campo Grande,MS,exercício financeiro,2022,,real_2025,1125567832.68,R$,"R$ de 2025 (IPCA, média anual)","Município da capital. Todos os órgãos e entidades do município que integram o orçamento fiscal e da seguridade social (administração direta, autarquias, fundações e empresas estatais dependentes), conforme declarado na DCA. Despesas classificadas na função Educação, qualquer subfunção e qualquer etapa de ensino.",OBSERVADO,sim,CONFERE,,,nao,,siconfi_dca_anexo_i_e,"DCA 2022, Anexo I-E, conta ""12 - Educação"", coluna ""Despesas Liquidadas""; corrigido pelo IPCA (média anual) para reais de 2025",1.1,2026-10-08T12:41:49Z,dffe2381a22799e82e7528be742a2eb70bd5452d05ebee53cefab2c7bd60a551
edu.despesa.funcao_educacao,Despesa liquidada na função Educação,5002704,Campo Grande,MS,exercício financeiro,2023,,nominal,1020150419.47,R$,R$ correntes do exercício,"Município da capital. Todos os órgãos e entidades do município que integram o orçamento fiscal e da seguridade social (administração direta, autarquias, fundações e empresas estatais dependentes), conforme declarado na DCA. Despesas classificadas na função Educação, qualquer subfunção e qualquer etapa de ensino.",OBSERVADO,sim,CONFERE,,,nao,,siconfi_dca_anexo_i_e,"DCA 2023, Anexo I-E, conta ""12 - Educação"", coluna ""Despesas Liquidadas""",1.1,2026-10-08T12:41:49Z,dffe2381a22799e82e7528be742a2eb70bd5452d05ebee53cefab2c7bd60a551
edu.despesa.funcao_educacao,Despesa liquidada na função Educação,5002704,Campo Grande,MS,exercício financeiro,2023,,real_2025,1118118746.59,R$,"R$ de 2025 (IPCA, média anual)","Município da capital. Todos os órgãos e entidades do município que integram o orçamento fiscal e da seguridade social (administração direta, autarquias, fundações e empresas estatais dependentes), conforme declarado na DCA. Despesas classificadas na função Educação, qualquer subfunção e qualquer etapa de ensino.",OBSERVADO,sim,CONFERE,,,nao,,siconfi_dca_anexo_i_e,"DCA 2023, Anexo I-E, conta ""12 - Educação"", coluna ""Despesas Liquidadas""; corrigido pelo IPCA (média anual) para reais de 2025",1.1,2026-10-08T12:41:49Z,dffe2381a22799e82e7528be742a2eb70bd5452d05ebee53cefab2c7bd60a551
edu.despesa.funcao_educacao,Despesa liquidada na função Educação,5002704,Campo Grande,MS,exercício financeiro,2024,,nominal,1434005863.38,R$,R$ correntes do exercício,"Município da capital. Todos os órgãos e entidades do município que integram o orçamento fiscal e da seguridade social (administração direta, autarquias, fundações e empresas estatais dependentes), conforme declarado na DCA. Despesas classificadas na função Educação, qualquer subfunção e qualquer etapa de ensino.",OBSERVADO,sim,CONFERE,,,nao,,siconfi_dca_anexo_i_e,"DCA 2024, Anexo I-E, conta ""12 - Educação"", coluna ""Despesas Liquidadas""",1.1,2026-10-08T12:41:49Z,dffe2381a22799e82e7528be742a2eb70bd5452d05ebee53cefab2c7bd60a551
edu.despesa.funcao_educacao,Despesa liquidada na função Educação,5002704,Campo Grande,MS,exercício financeiro,2024,,real_2025,1505946392.68,R$,"R$ de 2025 (IPCA, média anual)","Município da capital. Todos os órgãos e entidades do município que integram o orçamento fiscal e da seguridade social (administração direta, autarquias, fundações e empresas estatais dependentes), conforme declarado na DCA. Despesas classificadas na função Educação, qualquer subfunção e qualquer etapa de ensino.",OBSERVADO,sim,CONFERE,,,nao,,siconfi_dca_anexo_i_e,"DCA 2024, Anexo I-E, conta ""12 - Educação"", coluna ""Despesas Liquidadas""; corrigido pelo IPCA (média anual) para reais de 2025",1.1,2026-10-08T12:41:49Z,dffe2381a22799e82e7528be742a2eb70bd5452d05ebee53cefab2c7bd60a551
edu.despesa.funcao_educacao,Despesa liquidada na função Educação,5002704,Campo Grande,MS,exercício financeiro,2025,,nominal,1626463459.42,R$,R$ correntes do exercício,"Município da capital. Todos os órgãos e entidades do município que integram o orçamento fiscal e da seguridade social (administração direta, autarquias, fundações e empresas estatais dependentes), conforme declarado na DCA. Despesas classificadas na função Educação, qualquer subfunção e qualquer etapa de ensino.",OBSERVADO,sim,CONFERE,,,nao,,siconfi_dca_anexo_i_e,"DCA 2025, Anexo I-E, conta ""12 - Educação"", coluna ""Despesas Liquidadas""",1.1,2026-10-08T12:41:49Z,dffe2381a22799e82e7528be742a2eb70bd5452d05ebee53cefab2c7bd60a551
edu.despesa.funcao_educacao,Despesa liquidada na função Educação,5002704,Campo Grande,MS,exercício financeiro,2025,,real_2025,1626463459.42,R$,"R$ de 2025 (IPCA, média anual)","Município da capital. Todos os órgãos e entidades do município que integram o orçamento fiscal e da seguridade social (administração direta, autarquias, fundações e empresas estatais dependentes), conforme declarado na DCA. Despesas classificadas na função Educação, qualquer subfunção e qualquer etapa de ensino.",OBSERVADO,sim,CONFERE,,,nao,,siconfi_dca_anexo_i_e,"DCA 2025, Anexo I-E, conta ""12 - Educação"", coluna ""Despesas Liquidadas""; corrigido pelo IPCA (média anual) para reais de 2025",1.1,2026-10-08T12:41:49Z,dffe2381a22799e82e7528be742a2eb70bd5452d05ebee53cefab2c7bd60a551
edu.despesa.funcao_educacao,Despesa liquidada na função Educação,3106200,Belo Horizonte,MG,exercício financeiro,2021,,nominal,1789994434.78,R$,R$ correntes do exercício,"Município da capital. Todos os órgãos e entidades do município que integram o orçamento fiscal e da seguridade social (administração direta, autarquias, fundações e empresas estatais dependentes), conforme declarado na DCA. Despesas classificadas na função Educação, qualquer subfunção e qualquer etapa de ensino.",OBSERVADO,sim,CONFERE,,,nao,,siconfi_dca_anexo_i_e,"DCA 2021, Anexo I-E, conta ""12 - Educação"", coluna ""Despesas Liquidadas""",1.1,2026-10-08T12:41:49Z,dffe2381a22799e82e7528be742a2eb70bd5452d05ebee53cefab2c7bd60a551
edu.despesa.funcao_educacao,Despesa liquidada na função Educação,3106200,Belo Horizonte,MG,exercício financeiro,2021,,real_2025,2242443255.01,R$,"R$ de 2025 (IPCA, média anual)","Município da capital. Todos os órgãos e entidades do município que integram o orçamento fiscal e da seguridade social (administração direta, autarquias, fundações e empresas estatais dependentes), conforme declarado na DCA. Despesas classificadas na função Educação, qualquer subfunção e qualquer etapa de ensino.",OBSERVADO,sim,CONFERE,,,nao,,siconfi_dca_anexo_i_e,"DCA 2021, Anexo I-E, conta ""12 - Educação"", coluna ""Despesas Liquidadas""; corrigido pelo IPCA (média anual) para reais de 2025",1.1,2026-10-08T12:41:49Z,dffe2381a22799e82e7528be742a2eb70bd5452d05ebee53cefab2c7bd60a551
edu.despesa.funcao_educacao,Despesa liquidada na função Educação,3106200,Belo Horizonte,MG,exercício financeiro,2022,,nominal,2239871804.23,R$,R$ correntes do exercício,"Município da capital. Todos os órgãos e entidades do município que integram o orçamento fiscal e da seguridade social (administração direta, autarquias, fundações e empresas estatais dependentes), conforme declarado na DCA. Despesas classificadas na função Educação, qualquer subfunção e qualquer etapa de ensino.",OBSERVADO,sim,CONFERE,,,nao,,siconfi_dca_anexo_i_e,"DCA 2022, Anexo I-E, conta ""12 - Educação"", coluna ""Despesas Liquidadas""",1.1,2026-10-08T12:41:49Z,dffe2381a22799e82e7528be742a2eb70bd5452d05ebee53cefab2c7bd60a551
edu.despesa.funcao_educacao,Despesa liquidada na função Educação,3106200,Belo Horizonte,MG,exercício financeiro,2022,,real_2025,2567744668.76,R$,"R$ de 2025 (IPCA, média anual)","Município da capital. Todos os órgãos e entidades do município que integram o orçamento fiscal e da seguridade social (administração direta, autarquias, fundações e empresas estatais dependentes), conforme declarado na DCA. Despesas classificadas na função Educação, qualquer subfunção e qualquer etapa de ensino.",OBSERVADO,sim,CONFERE,,,nao,,siconfi_dca_anexo_i_e,"DCA 2022, Anexo I-E, conta ""12 - Educação"", coluna ""Despesas Liquidadas""; corrigido pelo IPCA (média anual) para reais de 2025",1.1,2026-10-08T12:41:49Z,dffe2381a22799e82e7528be742a2eb70bd5452d05ebee53cefab2c7bd60a551
edu.despesa.funcao_educacao,Despesa liquidada na função Educação,3106200,Belo Horizonte,MG,exercício financeiro,2023,,nominal,2714848623.07,R$,R$ correntes do exercício,"Município da capital. Todos os órgãos e entidades do município que integram o orçamento fiscal e da seguridade social (administração direta, autarquias, fundações e empresas estatais dependentes), conforme declarado na DCA. Despesas classificadas na função Educação, qualquer subfunção e qualquer etapa de ensino.",OBSERVADO,sim,CONFERE,,,nao,,siconfi_dca_anexo_i_e,"DCA 2023, Anexo I-E, conta ""12 - Educação"", coluna ""Despesas Liquidadas""",1.1,2026-10-08T12:41:49Z,dffe2381a22799e82e7528be742a2eb70bd5452d05ebee53cefab2c7bd60a551
edu.despesa.funcao_educacao,Despesa liquidada na função Educação,3106200,Belo Horizonte,MG,exercício financeiro,2023,,real_2025,2975564271.37,R$,"R$ de 2025 (IPCA, média anual)","Município da capital. Todos os órgãos e entidades do município que integram o orçamento fiscal e da seguridade social (administração direta, autarquias, fundações e empresas estatais dependentes), conforme declarado na DCA. Despesas classificadas na função Educação, qualquer subfunção e qualquer etapa de ensino.",OBSERVADO,sim,CONFERE,,,nao,,siconfi_dca_anexo_i_e,"DCA 2023, Anexo I-E, conta ""12 - Educação"", coluna ""Despesas Liquidadas""; corrigido pelo IPCA (média anual) para reais de 2025",1.1,2026-10-08T12:41:49Z,dffe2381a22799e82e7528be742a2eb70bd5452d05ebee53cefab2c7bd60a551
edu.despesa.funcao_educacao,Despesa liquidada na função Educação,3106200,Belo Horizonte,MG,exercício financeiro,2024,,nominal,3243053501.84,R$,R$ correntes do exercício,"Município da capital. Todos os órgãos e entidades do município que integram o orçamento fiscal e da seguridade social (administração direta, autarquias, fundações e empresas estatais dependentes), conforme declarado na DCA. Despesas classificadas na função Educação, qualquer subfunção e qualquer etapa de ensino.",OBSERVADO,sim,CONFERE,,,nao,,siconfi_dca_anexo_i_e,"DCA 2024, Anexo I-E, conta ""12 - Educação"", coluna ""Despesas Liquidadas""",1.1,2026-10-08T12:41:49Z,dffe2381a22799e82e7528be742a2eb70bd5452d05ebee53cefab2c7bd60a551
edu.despesa.funcao_educacao,Despesa liquidada na função Educação,3106200,Belo Horizonte,MG,exercício financeiro,2024,,real_2025,3405749479.2,R$,"R$ de 2025 (IPCA, média anual)","Município da capital. Todos os órgãos e entidades do município que integram o orçamento fiscal e da seguridade social (administração direta, autarquias, fundações e empresas estatais dependentes), conforme declarado na DCA. Despesas classificadas na função Educação, qualquer subfunção e qualquer etapa de ensino.",OBSERVADO,sim,CONFERE,,,nao,,siconfi_dca_anexo_i_e,"DCA 2024, Anexo I-E, conta ""12 - Educação"", coluna ""Despesas Liquidadas""; corrigido pelo IPCA (média anual) para reais de 2025",1.1,2026-10-08T12:41:49Z,dffe2381a22799e82e7528be742a2eb70bd5452d05ebee53cefab2c7bd60a551
edu.despesa.funcao_educacao,Despesa liquidada na função Educação,3106200,Belo Horizonte,MG,exercício financeiro,2025,,nominal,3592502237.44,R$,R$ correntes do exercício,"Município da capital. Todos os órgãos e entidades do município que integram o orçamento fiscal e da seguridade social (administração direta, autarquias, fundações e empresas estatais dependentes), conforme declarado na DCA. Despesas classificadas na função Educação, qualquer subfunção e qualquer etapa de ensino.",OBSERVADO,sim,CONFERE,,,nao,,siconfi_dca_anexo_i_e,"DCA 2025, Anexo I-E, conta ""12 - Educação"", coluna ""Despesas Liquidadas""",1.1,2026-10-08T12:41:49Z,dffe2381a22799e82e7528be742a2eb70bd5452d05ebee53cefab2c7bd60a551
edu.despesa.funcao_educacao,Despesa liquidada na função Educação,3106200,Belo Horizonte,MG,exercício financeiro,2025,,real_2025,3592502237.44,R$,"R$ de 2025 (IPCA, média anual)","Município da capital. Todos os órgãos e entidades do município que integram o orçamento fiscal e da seguridade social (administração direta, autarquias, fundações e empresas estatais dependentes), conforme declarado na DCA. Despesas classificadas na função Educação, qualquer subfunção e qualquer etapa de ensino.",OBSERVADO,sim,CONFERE,,,nao,,siconfi_dca_anexo_i_e,"DCA 2025, Anexo I-E, conta ""12 - Educação"", coluna ""Despesas Liquidadas""; corrigido pelo IPCA (média anual) para reais de 2025",1.1,2026-10-08T12:41:49Z,dffe2381a22799e82e7528be742a2eb70bd5452d05ebee53cefab2c7bd60a551
edu.despesa.funcao_educacao,Despesa liquidada na função Educação,1501402,Belém,PA,exercício financeiro,2021,,nominal,519663433.55,R$,R$ correntes do exercício,"Município da capital. Todos os órgãos e entidades do município que integram o orçamento fiscal e da seguridade social (administração direta, autarquias, fundações e empresas estatais dependentes), conforme declarado na DCA. Despesas classificadas na função Educação, qualquer subfunção e qualquer etapa de ensino.",OBSERVADO,sim,CONFERE,,,nao,,siconfi_dca_anexo_i_e,"DCA 2021, Anexo I-E, conta ""12 - Educação"", coluna ""Despesas Liquidadas""",1.1,2026-10-08T12:41:49Z,dffe2381a22799e82e7528be742a2eb70bd5452d05ebee53cefab2c7bd60a551
edu.despesa.funcao_educacao,Despesa liquidada na função Educação,1501402,Belém,PA,exercício financeiro,2021,,real_2025,651016415.91,R$,"R$ de 2025 (IPCA, média anual)","Município da capital. Todos os órgãos e entidades do município que integram o orçamento fiscal e da seguridade social (administração direta, autarquias, fundações e empresas estatais dependentes), conforme declarado na DCA. Despesas classificadas na função Educação, qualquer subfunção e qualquer etapa de ensino.",OBSERVADO,sim,CONFERE,,,nao,,siconfi_dca_anexo_i_e,"DCA 2021, Anexo I-E, conta ""12 - Educação"", coluna ""Despesas Liquidadas""; corrigido pelo IPCA (média anual) para reais de 2025",1.1,2026-10-08T12:41:49Z,dffe2381a22799e82e7528be742a2eb70bd5452d05ebee53cefab2c7bd60a551
edu.despesa.funcao_educacao,Despesa liquidada na função Educação,1501402,Belém,PA,exercício financeiro,2022,,nominal,664950568.07,R$,R$ correntes do exercício,"Município da capital. Todos os órgãos e entidades do município que integram o orçamento fiscal e da seguridade social (administração direta, autarquias, fundações e empresas estatais dependentes), conforme declarado na DCA. Despesas classificadas na função Educação, qualquer subfunção e qualquer etapa de ensino.",OBSERVADO,sim,CONFERE,,,nao,,siconfi_dca_anexo_i_e,"DCA 2022, Anexo I-E, conta ""12 - Educação"", coluna ""Despesas Liquidadas""",1.1,2026-10-08T12:41:49Z,dffe2381a22799e82e7528be742a2eb70bd5452d05ebee53cefab2c7bd60a551
edu.despesa.funcao_educacao,Despesa liquidada na função Educação,1501402,Belém,PA,exercício financeiro,2022,,real_2025,762286159.83,R$,"R$ de 2025 (IPCA, média anual)","Município da capital. Todos os órgãos e entidades do município que integram o orçamento fiscal e da seguridade social (administração direta, autarquias, fundações e empresas estatais dependentes), conforme declarado na DCA. Despesas classificadas na função Educação, qualquer subfunção e qualquer etapa de ensino.",OBSERVADO,sim,CONFERE,,,nao,,siconfi_dca_anexo_i_e,"DCA 2022, Anexo I-E, conta ""12 - Educação"", coluna ""Despesas Liquidadas""; corrigido pelo IPCA (média anual) para reais de 2025",1.1,2026-10-08T12:41:49Z,dffe2381a22799e82e7528be742a2eb70bd5452d05ebee53cefab2c7bd60a551
edu.despesa.funcao_educacao,Despesa liquidada na função Educação,1501402,Belém,PA,exercício financeiro,2023,,nominal,748602740.26,R$,R$ correntes do exercício,"Município da capital. Todos os órgãos e entidades do município que integram o orçamento fiscal e da seguridade social (administração direta, autarquias, fundações e empresas estatais dependentes), conforme declarado na DCA. Despesas classificadas na função Educação, qualquer subfunção e qualquer etapa de ensino.",OBSERVADO,sim,CONFERE,,,nao,,siconfi_dca_anexo_i_e,"DCA 2023, Anexo I-E, conta ""12 - Educação"", coluna ""Despesas Liquidadas""",1.1,2026-10-08T12:41:49Z,dffe2381a22799e82e7528be742a2eb70bd5452d05ebee53cefab2c7bd60a551
edu.despesa.funcao_educacao,Despesa liquidada na função Educação,1501402,Belém,PA,exercício financeiro,2023,,real_2025,820493470.04,R$,"R$ de 2025 (IPCA, média anual)","Município da capital. Todos os órgãos e entidades do município que integram o orçamento fiscal e da seguridade social (administração direta, autarquias, fundações e empresas estatais dependentes), conforme declarado na DCA. Despesas classificadas na função Educação, qualquer subfunção e qualquer etapa de ensino.",OBSERVADO,sim,CONFERE,,,nao,,siconfi_dca_anexo_i_e,"DCA 2023, Anexo I-E, conta ""12 - Educação"", coluna ""Despesas Liquidadas""; corrigido pelo IPCA (média anual) para reais de 2025",1.1,2026-10-08T12:41:49Z,dffe2381a22799e82e7528be742a2eb70bd5452d05ebee53cefab2c7bd60a551
edu.despesa.funcao_educacao,Despesa liquidada na função Educação,1501402,Belém,PA,exercício financeiro,2024,,nominal,862847902.51,R$,R$ correntes do exercício,"Município da capital. Todos os órgãos e entidades do município que integram o orçamento fiscal e da seguridade social (administração direta, autarquias, fundações e empresas estatais dependentes), conforme declarado na DCA. Despesas classificadas na função Educação, qualquer subfunção e qualquer etapa de ensino.",OBSERVADO,sim,CONFERE,,,nao,,siconfi_dca_anexo_i_e,"DCA 2024, Anexo I-E, conta ""12 - Educação"", coluna ""Despesas Liquidadas""",1.1,2026-10-08T12:41:49Z,dffe2381a22799e82e7528be742a2eb70bd5452d05ebee53cefab2c7bd60a551
edu.despesa.funcao_educacao,Despesa liquidada na função Educação,1501402,Belém,PA,exercício financeiro,2024,,real_2025,906134848.82,R$,"R$ de 2025 (IPCA, média anual)","Município da capital. Todos os órgãos e entidades do município que integram o orçamento fiscal e da seguridade social (administração direta, autarquias, fundações e empresas estatais dependentes), conforme declarado na DCA. Despesas classificadas na função Educação, qualquer subfunção e qualquer etapa de ensino.",OBSERVADO,sim,CONFERE,,,nao,,siconfi_dca_anexo_i_e,"DCA 2024, Anexo I-E, conta ""12 - Educação"", coluna ""Despesas Liquidadas""; corrigido pelo IPCA (média anual) para reais de 2025",1.1,2026-10-08T12:41:49Z,dffe2381a22799e82e7528be742a2eb70bd5452d05ebee53cefab2c7bd60a551
edu.despesa.funcao_educacao,Despesa liquidada na função Educação,1501402,Belém,PA,exercício financeiro,2025,,nominal,980844819.25,R$,R$ correntes do exercício,"Município da capital. Todos os órgãos e entidades do município que integram o orçamento fiscal e da seguridade social (administração direta, autarquias, fundações e empresas estatais dependentes), conforme declarado na DCA. Despesas classificadas na função Educação, qualquer subfunção e qualquer etapa de ensino.",OBSERVADO,sim,CONFERE,,,nao,,siconfi_dca_anexo_i_e,"DCA 2025, Anexo I-E, conta ""12 - Educação"", coluna ""Despesas Liquidadas""",1.1,2026-10-08T12:41:49Z,dffe2381a22799e82e7528be742a2eb70bd5452d05ebee53cefab2c7bd60a551
edu.despesa.funcao_educacao,Despesa liquidada na função Educação,1501402,Belém,PA,exercício financeiro,2025,,real_2025,980844819.25,R$,"R$ de 2025 (IPCA, média anual)","Município da capital. Todos os órgãos e entidades do município que integram o orçamento fiscal e da seguridade social (administração direta, autarquias, fundações e empresas estatais dependentes), conforme declarado na DCA. Despesas classificadas na função Educação, qualquer subfunção e qualquer etapa de ensino.",OBSERVADO,sim,CONFERE,,,nao,,siconfi_dca_anexo_i_e,"DCA 2025, Anexo I-E, conta ""12 - Educação"", coluna ""Despesas Liquidadas""; corrigido pelo IPCA (média anual) para reais de 2025",1.1,2026-10-08T12:41:49Z,dffe2381a22799e82e7528be742a2eb70bd5452d05ebee53cefab2c7bd60a551
edu.despesa.funcao_educacao,Despesa liquidada na função Educação,2507507,João Pessoa,PB,exercício financeiro,2021,,nominal,395251157.23,R$,R$ correntes do exercício,"Município da capital. Todos os órgãos e entidades do município que integram o orçamento fiscal e da seguridade social (administração direta, autarquias, fundações e empresas estatais dependentes), conforme declarado na DCA. Despesas classificadas na função Educação, qualquer subfunção e qualquer etapa de ensino.",OBSERVADO,sim,CONFERE,,,nao,,siconfi_dca_anexo_i_e,"DCA 2021, Anexo I-E, conta ""12 - Educação"", coluna ""Despesas Liquidadas""",1.1,2026-10-08T12:41:49Z,dffe2381a22799e82e7528be742a2eb70bd5452d05ebee53cefab2c7bd60a551
edu.despesa.funcao_educacao,Despesa liquidada na função Educação,2507507,João Pessoa,PB,exercício financeiro,2021,,real_2025,495157009.62,R$,"R$ de 2025 (IPCA, média anual)","Município da capital. Todos os órgãos e entidades do município que integram o orçamento fiscal e da seguridade social (administração direta, autarquias, fundações e empresas estatais dependentes), conforme declarado na DCA. Despesas classificadas na função Educação, qualquer subfunção e qualquer etapa de ensino.",OBSERVADO,sim,CONFERE,,,nao,,siconfi_dca_anexo_i_e,"DCA 2021, Anexo I-E, conta ""12 - Educação"", coluna ""Despesas Liquidadas""; corrigido pelo IPCA (média anual) para reais de 2025",1.1,2026-10-08T12:41:49Z,dffe2381a22799e82e7528be742a2eb70bd5452d05ebee53cefab2c7bd60a551
edu.despesa.funcao_educacao,Despesa liquidada na função Educação,2507507,João Pessoa,PB,exercício financeiro,2022,,nominal,558780976.51,R$,R$ correntes do exercício,"Município da capital. Todos os órgãos e entidades do município que integram o orçamento fiscal e da seguridade social (administração direta, autarquias, fundações e empresas estatais dependentes), conforme declarado na DCA. Despesas classificadas na função Educação, qualquer subfunção e qualquer etapa de ensino.",OBSERVADO,sim,CONFERE,,,nao,,siconfi_dca_anexo_i_e,"DCA 2022, Anexo I-E, conta ""12 - Educação"", coluna ""Despesas Liquidadas""",1.1,2026-10-08T12:41:49Z,dffe2381a22799e82e7528be742a2eb70bd5452d05ebee53cefab2c7bd60a551
edu.despesa.funcao_educacao,Despesa liquidada na função Educação,2507507,João Pessoa,PB,exercício financeiro,2022,,real_2025,640575443.08,R$,"R$ de 2025 (IPCA, média anual)","Município da capital. Todos os órgãos e entidades do município que integram o orçamento fiscal e da seguridade social (administração direta, autarquias, fundações e empresas estatais dependentes), conforme declarado na DCA. Despesas classificadas na função Educação, qualquer subfunção e qualquer etapa de ensino.",OBSERVADO,sim,CONFERE,,,nao,,siconfi_dca_anexo_i_e,"DCA 2022, Anexo I-E, conta ""12 - Educação"", coluna ""Despesas Liquidadas""; corrigido pelo IPCA (média anual) para reais de 2025",1.1,2026-10-08T12:41:49Z,dffe2381a22799e82e7528be742a2eb70bd5452d05ebee53cefab2c7bd60a551
edu.despesa.funcao_educacao,Despesa liquidada na função Educação,2507507,João Pessoa,PB,exercício financeiro,2023,,nominal,678990570.85,R$,R$ correntes do exercício,"Município da capital. Todos os órgãos e entidades do município que integram o orçamento fiscal e da seguridade social (administração direta, autarquias, fundações e empresas estatais dependentes), conforme declarado na DCA. Despesas classificadas na função Educação, qualquer subfunção e qualquer etapa de ensino.",OBSERVADO,sim,CONFERE,,,nao,,siconfi_dca_anexo_i_e,"DCA 2023, Anexo I-E, conta ""12 - Educação"", coluna ""Despesas Liquidadas""",1.1,2026-10-08T12:41:49Z,dffe2381a22799e82e7528be742a2eb70bd5452d05ebee53cefab2c7bd60a551
edu.despesa.funcao_educacao,Despesa liquidada na função Educação,2507507,João Pessoa,PB,exercício financeiro,2023,,real_2025,744196220.02,R$,"R$ de 2025 (IPCA, média anual)","Município da capital. Todos os órgãos e entidades do município que integram o orçamento fiscal e da seguridade social (administração direta, autarquias, fundações e empresas estatais dependentes), conforme declarado na DCA. Despesas classificadas na função Educação, qualquer subfunção e qualquer etapa de ensino.",OBSERVADO,sim,CONFERE,,,nao,,siconfi_dca_anexo_i_e,"DCA 2023, Anexo I-E, conta ""12 - Educação"", coluna ""Despesas Liquidadas""; corrigido pelo IPCA (média anual) para reais de 2025",1.1,2026-10-08T12:41:49Z,dffe2381a22799e82e7528be742a2eb70bd5452d05ebee53cefab2c7bd60a551
edu.despesa.funcao_educacao,Despesa liquidada na função Educação,2507507,João Pessoa,PB,exercício financeiro,2024,,nominal,793656328.52,R$,R$ correntes do exercício,"Município da capital. Todos os órgãos e entidades do município que integram o orçamento fiscal e da seguridade social (administração direta, autarquias, fundações e empresas estatais dependentes), conforme declarado na DCA. Despesas classificadas na função Educação, qualquer subfunção e qualquer etapa de ensino.",OBSERVADO,sim,CONFERE,,,nao,,siconfi_dca_anexo_i_e,"DCA 2024, Anexo I-E, conta ""12 - Educação"", coluna ""Despesas Liquidadas""",1.1,2026-10-08T12:41:49Z,dffe2381a22799e82e7528be742a2eb70bd5452d05ebee53cefab2c7bd60a551
edu.despesa.funcao_educacao,Despesa liquidada na função Educação,2507507,João Pessoa,PB,exercício financeiro,2024,,real_2025,833472104.6,R$,"R$ de 2025 (IPCA, média anual)","Município da capital. Todos os órgãos e entidades do município que integram o orçamento fiscal e da seguridade social (administração direta, autarquias, fundações e empresas estatais dependentes), conforme declarado na DCA. Despesas classificadas na função Educação, qualquer subfunção e qualquer etapa de ensino.",OBSERVADO,sim,CONFERE,,,nao,,siconfi_dca_anexo_i_e,"DCA 2024, Anexo I-E, conta ""12 - Educação"", coluna ""Despesas Liquidadas""; corrigido pelo IPCA (média anual) para reais de 2025",1.1,2026-10-08T12:41:49Z,dffe2381a22799e82e7528be742a2eb70bd5452d05ebee53cefab2c7bd60a551
edu.despesa.funcao_educacao,Despesa liquidada na função Educação,2507507,João Pessoa,PB,exercício financeiro,2025,,nominal,886110574.26,R$,R$ correntes do exercício,"Município da capital. Todos os órgãos e entidades do município que integram o orçamento fiscal e da seguridade social (administração direta, autarquias, fundações e empresas estatais dependentes), conforme declarado na DCA. Despesas classificadas na função Educação, qualquer subfunção e qualquer etapa de ensino.",OBSERVADO,sim,CONFERE,,,nao,,siconfi_dca_anexo_i_e,"DCA 2025, Anexo I-E, conta ""12 - Educação"", coluna ""Despesas Liquidadas""",1.1,2026-10-08T12:41:49Z,dffe2381a22799e82e7528be742a2eb70bd5452d05ebee53cefab2c7bd60a551
edu.despesa.funcao_educacao,Despesa liquidada na função Educação,2507507,João Pessoa,PB,exercício financeiro,2025,,real_2025,886110574.26,R$,"R$ de 2025 (IPCA, média anual)","Município da capital. Todos os órgãos e entidades do município que integram o orçamento fiscal e da seguridade social (administração direta, autarquias, fundações e empresas estatais dependentes), conforme declarado na DCA. Despesas classificadas na função Educação, qualquer subfunção e qualquer etapa de ensino.",OBSERVADO,sim,CONFERE,,,nao,,siconfi_dca_anexo_i_e,"DCA 2025, Anexo I-E, conta ""12 - Educação"", coluna ""Despesas Liquidadas""; corrigido pelo IPCA (média anual) para reais de 2025",1.1,2026-10-08T12:41:49Z,dffe2381a22799e82e7528be742a2eb70bd5452d05ebee53cefab2c7bd60a551
edu.despesa.funcao_educacao,Despesa liquidada na função Educação,4106902,Curitiba,PR,exercício financeiro,2021,,nominal,1169863324.18,R$,R$ correntes do exercício,"Município da capital. Todos os órgãos e entidades do município que integram o orçamento fiscal e da seguridade social (administração direta, autarquias, fundações e empresas estatais dependentes), conforme declarado na DCA. Despesas classificadas na função Educação, qualquer subfunção e qualquer etapa de ensino.",OBSERVADO,sim,CONFERE,,,nao,,siconfi_dca_anexo_i_e,"DCA 2021, Anexo I-E, conta ""12 - Educação"", coluna ""Despesas Liquidadas""",1.1,2026-10-08T12:41:49Z,dffe2381a22799e82e7528be742a2eb70bd5452d05ebee53cefab2c7bd60a551
edu.despesa.funcao_educacao,Despesa liquidada na função Educação,4106902,Curitiba,PR,exercício financeiro,2021,,real_2025,1465564400.43,R$,"R$ de 2025 (IPCA, média anual)","Município da capital. Todos os órgãos e entidades do município que integram o orçamento fiscal e da seguridade social (administração direta, autarquias, fundações e empresas estatais dependentes), conforme declarado na DCA. Despesas classificadas na função Educação, qualquer subfunção e qualquer etapa de ensino.",OBSERVADO,sim,CONFERE,,,nao,,siconfi_dca_anexo_i_e,"DCA 2021, Anexo I-E, conta ""12 - Educação"", coluna ""Despesas Liquidadas""; corrigido pelo IPCA (média anual) para reais de 2025",1.1,2026-10-08T12:41:49Z,dffe2381a22799e82e7528be742a2eb70bd5452d05ebee53cefab2c7bd60a551
edu.despesa.funcao_educacao,Despesa liquidada na função Educação,4106902,Curitiba,PR,exercício financeiro,2022,,nominal,1637418152.94,R$,R$ correntes do exercício,"Município da capital. Todos os órgãos e entidades do município que integram o orçamento fiscal e da seguridade social (administração direta, autarquias, fundações e empresas estatais dependentes), conforme declarado na DCA. Despesas classificadas na função Educação, qualquer subfunção e qualquer etapa de ensino.",OBSERVADO,sim,CONFERE,,,nao,,siconfi_dca_anexo_i_e,"DCA 2022, Anexo I-E, conta ""12 - Educação"", coluna ""Despesas Liquidadas""",1.1,2026-10-08T12:41:49Z,dffe2381a22799e82e7528be742a2eb70bd5452d05ebee53cefab2c7bd60a551
edu.despesa.funcao_educacao,Despesa liquidada na função Educação,4106902,Curitiba,PR,exercício financeiro,2022,,real_2025,1877103736.39,R$,"R$ de 2025 (IPCA, média anual)","Município da capital. Todos os órgãos e entidades do município que integram o orçamento fiscal e da seguridade social (administração direta, autarquias, fundações e empresas estatais dependentes), conforme declarado na DCA. Despesas classificadas na função Educação, qualquer subfunção e qualquer etapa de ensino.",OBSERVADO,sim,CONFERE,,,nao,,siconfi_dca_anexo_i_e,"DCA 2022, Anexo I-E, conta ""12 - Educação"", coluna ""Despesas Liquidadas""; corrigido pelo IPCA (média anual) para reais de 2025",1.1,2026-10-08T12:41:49Z,dffe2381a22799e82e7528be742a2eb70bd5452d05ebee53cefab2c7bd60a551
edu.despesa.funcao_educacao,Despesa liquidada na função Educação,4106902,Curitiba,PR,exercício financeiro,2023,,nominal,1681717841.98,R$,R$ correntes do exercício,"Município da capital. Todos os órgãos e entidades do município que integram o orçamento fiscal e da seguridade social (administração direta, autarquias, fundações e empresas estatais dependentes), conforme declarado na DCA. Despesas classificadas na função Educação, qualquer subfunção e qualquer etapa de ensino.",OBSERVADO,sim,CONFERE,,,nao,,siconfi_dca_anexo_i_e,"DCA 2023, Anexo I-E, conta ""12 - Educação"", coluna ""Despesas Liquidadas""",1.1,2026-10-08T12:41:49Z,dffe2381a22799e82e7528be742a2eb70bd5452d05ebee53cefab2c7bd60a551
edu.despesa.funcao_educacao,Despesa liquidada na função Educação,4106902,Curitiba,PR,exercício financeiro,2023,,real_2025,1843218617.27,R$,"R$ de 2025 (IPCA, média anual)","Município da capital. Todos os órgãos e entidades do município que integram o orçamento fiscal e da seguridade social (administração direta, autarquias, fundações e empresas estatais dependentes), conforme declarado na DCA. Despesas classificadas na função Educação, qualquer subfunção e qualquer etapa de ensino.",OBSERVADO,sim,CONFERE,,,nao,,siconfi_dca_anexo_i_e,"DCA 2023, Anexo I-E, conta ""12 - Educação"", coluna ""Despesas Liquidadas""; corrigido pelo IPCA (média anual) para reais de 2025",1.1,2026-10-08T12:41:49Z,dffe2381a22799e82e7528be742a2eb70bd5452d05ebee53cefab2c7bd60a551
edu.despesa.funcao_educacao,Despesa liquidada na função Educação,4106902,Curitiba,PR,exercício financeiro,2024,,nominal,2064354059.12,R$,R$ correntes do exercício,"Município da capital. Todos os órgãos e entidades do município que integram o orçamento fiscal e da seguridade social (administração direta, autarquias, fundações e empresas estatais dependentes), conforme declarado na DCA. Despesas classificadas na função Educação, qualquer subfunção e qualquer etapa de ensino.",OBSERVADO,sim,CONFERE,,,nao,,siconfi_dca_anexo_i_e,"DCA 2024, Anexo I-E, conta ""12 - Educação"", coluna ""Despesas Liquidadas""",1.1,2026-10-08T12:41:49Z,dffe2381a22799e82e7528be742a2eb70bd5452d05ebee53cefab2c7bd60a551
edu.despesa.funcao_educacao,Despesa liquidada na função Educação,4106902,Curitiba,PR,exercício financeiro,2024,,real_2025,2167917599.18,R$,"R$ de 2025 (IPCA, média anual)","Município da capital. Todos os órgãos e entidades do município que integram o orçamento fiscal e da seguridade social (administração direta, autarquias, fundações e empresas estatais dependentes), conforme declarado na DCA. Despesas classificadas na função Educação, qualquer subfunção e qualquer etapa de ensino.",OBSERVADO,sim,CONFERE,,,nao,,siconfi_dca_anexo_i_e,"DCA 2024, Anexo I-E, conta ""12 - Educação"", coluna ""Despesas Liquidadas""; corrigido pelo IPCA (média anual) para reais de 2025",1.1,2026-10-08T12:41:49Z,dffe2381a22799e82e7528be742a2eb70bd5452d05ebee53cefab2c7bd60a551
edu.despesa.funcao_educacao,Despesa liquidada na função Educação,4106902,Curitiba,PR,exercício financeiro,2025,,nominal,2172758525.83,R$,R$ correntes do exercício,"Município da capital. Todos os órgãos e entidades do município que integram o orçamento fiscal e da seguridade social (administração direta, autarquias, fundações e empresas estatais dependentes), conforme declarado na DCA. Despesas classificadas na função Educação, qualquer subfunção e qualquer etapa de ensino.",OBSERVADO,sim,CONFERE,,,nao,,siconfi_dca_anexo_i_e,"DCA 2025, Anexo I-E, conta ""12 - Educação"", coluna ""Despesas Liquidadas""",1.1,2026-10-08T12:41:49Z,dffe2381a22799e82e7528be742a2eb70bd5452d05ebee53cefab2c7bd60a551
edu.despesa.funcao_educacao,Despesa liquidada na função Educação,4106902,Curitiba,PR,exercício financeiro,2025,,real_2025,2172758525.83,R$,"R$ de 2025 (IPCA, média anual)","Município da capital. Todos os órgãos e entidades do município que integram o orçamento fiscal e da seguridade social (administração direta, autarquias, fundações e empresas estatais dependentes), conforme declarado na DCA. Despesas classificadas na função Educação, qualquer subfunção e qualquer etapa de ensino.",OBSERVADO,sim,CONFERE,,,nao,,siconfi_dca_anexo_i_e,"DCA 2025, Anexo I-E, conta ""12 - Educação"", coluna ""Despesas Liquidadas""; corrigido pelo IPCA (média anual) para reais de 2025",1.1,2026-10-08T12:41:49Z,dffe2381a22799e82e7528be742a2eb70bd5452d05ebee53cefab2c7bd60a551
edu.despesa.funcao_educacao,Despesa liquidada na função Educação,2611606,Recife,PE,exercício financeiro,2021,,nominal,891743734.78,R$,R$ correntes do exercício,"Município da capital. Todos os órgãos e entidades do município que integram o orçamento fiscal e da seguridade social (administração direta, autarquias, fundações e empresas estatais dependentes), conforme declarado na DCA. Despesas classificadas na função Educação, qualquer subfunção e qualquer etapa de ensino.",OBSERVADO,sim,CONFERE,,,nao,,siconfi_dca_anexo_i_e,"DCA 2021, Anexo I-E, conta ""12 - Educação"", coluna ""Despesas Liquidadas""",1.1,2026-10-08T12:41:49Z,dffe2381a22799e82e7528be742a2eb70bd5452d05ebee53cefab2c7bd60a551
edu.despesa.funcao_educacao,Despesa liquidada na função Educação,2611606,Recife,PE,exercício financeiro,2021,,real_2025,1117145776.77,R$,"R$ de 2025 (IPCA, média anual)","Município da capital. Todos os órgãos e entidades do município que integram o orçamento fiscal e da seguridade social (administração direta, autarquias, fundações e empresas estatais dependentes), conforme declarado na DCA. Despesas classificadas na função Educação, qualquer subfunção e qualquer etapa de ensino.",OBSERVADO,sim,CONFERE,,,nao,,siconfi_dca_anexo_i_e,"DCA 2021, Anexo I-E, conta ""12 - Educação"", coluna ""Despesas Liquidadas""; corrigido pelo IPCA (média anual) para reais de 2025",1.1,2026-10-08T12:41:49Z,dffe2381a22799e82e7528be742a2eb70bd5452d05ebee53cefab2c7bd60a551
edu.despesa.funcao_educacao,Despesa liquidada na função Educação,2611606,Recife,PE,exercício financeiro,2022,,nominal,1193304452.67,R$,R$ correntes do exercício,"Município da capital. Todos os órgãos e entidades do município que integram o orçamento fiscal e da seguridade social (administração direta, autarquias, fundações e empresas estatais dependentes), conforme declarado na DCA. Despesas classificadas na função Educação, qualquer subfunção e qualquer etapa de ensino.",OBSERVADO,sim,CONFERE,,,nao,,siconfi_dca_anexo_i_e,"DCA 2022, Anexo I-E, conta ""12 - Educação"", coluna ""Despesas Liquidadas""",1.1,2026-10-08T12:41:49Z,dffe2381a22799e82e7528be742a2eb70bd5452d05ebee53cefab2c7bd60a551
edu.despesa.funcao_educacao,Despesa liquidada na função Educação,2611606,Recife,PE,exercício financeiro,2022,,real_2025,1367980587.45,R$,"R$ de 2025 (IPCA, média anual)","Município da capital. Todos os órgãos e entidades do município que integram o orçamento fiscal e da seguridade social (administração direta, autarquias, fundações e empresas estatais dependentes), conforme declarado na DCA. Despesas classificadas na função Educação, qualquer subfunção e qualquer etapa de ensino.",OBSERVADO,sim,CONFERE,,,nao,,siconfi_dca_anexo_i_e,"DCA 2022, Anexo I-E, conta ""12 - Educação"", coluna ""Despesas Liquidadas""; corrigido pelo IPCA (média anual) para reais de 2025",1.1,2026-10-08T12:41:49Z,dffe2381a22799e82e7528be742a2eb70bd5452d05ebee53cefab2c7bd60a551
edu.despesa.funcao_educacao,Despesa liquidada na função Educação,2611606,Recife,PE,exercício financeiro,2023,,nominal,1481916260.53,R$,R$ correntes do exercício,"Município da capital. Todos os órgãos e entidades do município que integram o orçamento fiscal e da seguridade social (administração direta, autarquias, fundações e empresas estatais dependentes), conforme declarado na DCA. Despesas classificadas na função Educação, qualquer subfunção e qualquer etapa de ensino.",OBSERVADO,sim,CONFERE,,,nao,,siconfi_dca_anexo_i_e,"DCA 2023, Anexo I-E, conta ""12 - Educação"", coluna ""Despesas Liquidadas""",1.1,2026-10-08T12:41:49Z,dffe2381a22799e82e7528be742a2eb70bd5452d05ebee53cefab2c7bd60a551
edu.despesa.funcao_educacao,Despesa liquidada na função Educação,2611606,Recife,PE,exercício financeiro,2023,,real_2025,1624229447.09,R$,"R$ de 2025 (IPCA, média anual)","Município da capital. Todos os órgãos e entidades do município que integram o orçamento fiscal e da seguridade social (administração direta, autarquias, fundações e empresas estatais dependentes), conforme declarado na DCA. Despesas classificadas na função Educação, qualquer subfunção e qualquer etapa de ensino.",OBSERVADO,sim,CONFERE,,,nao,,siconfi_dca_anexo_i_e,"DCA 2023, Anexo I-E, conta ""12 - Educação"", coluna ""Despesas Liquidadas""; corrigido pelo IPCA (média anual) para reais de 2025",1.1,2026-10-08T12:41:49Z,dffe2381a22799e82e7528be742a2eb70bd5452d05ebee53cefab2c7bd60a551
edu.despesa.funcao_educacao,Despesa liquidada na função Educação,2611606,Recife,PE,exercício financeiro,2024,,nominal,1756409214.12,R$,R$ correntes do exercício,"Município da capital. Todos os órgãos e entidades do município que integram o orçamento fiscal e da seguridade social (administração direta, autarquias, fundações e empresas estatais dependentes), conforme declarado na DCA. Despesas classificadas na função Educação, qualquer subfunção e qualquer etapa de ensino.",OBSERVADO,sim,CONFERE,,,nao,,siconfi_dca_anexo_i_e,"DCA 2024, Anexo I-E, conta ""12 - Educação"", coluna ""Despesas Liquidadas""",1.1,2026-10-08T12:41:49Z,dffe2381a22799e82e7528be742a2eb70bd5452d05ebee53cefab2c7bd60a551
edu.despesa.funcao_educacao,Despesa liquidada na função Educação,2611606,Recife,PE,exercício financeiro,2024,,real_2025,1844523922.55,R$,"R$ de 2025 (IPCA, média anual)","Município da capital. Todos os órgãos e entidades do município que integram o orçamento fiscal e da seguridade social (administração direta, autarquias, fundações e empresas estatais dependentes), conforme declarado na DCA. Despesas classificadas na função Educação, qualquer subfunção e qualquer etapa de ensino.",OBSERVADO,sim,CONFERE,,,nao,,siconfi_dca_anexo_i_e,"DCA 2024, Anexo I-E, conta ""12 - Educação"", coluna ""Despesas Liquidadas""; corrigido pelo IPCA (média anual) para reais de 2025",1.1,2026-10-08T12:41:49Z,dffe2381a22799e82e7528be742a2eb70bd5452d05ebee53cefab2c7bd60a551
edu.despesa.funcao_educacao,Despesa liquidada na função Educação,2611606,Recife,PE,exercício financeiro,2025,,nominal,1861910249.26,R$,R$ correntes do exercício,"Município da capital. Todos os órgãos e entidades do município que integram o orçamento fiscal e da seguridade social (administração direta, autarquias, fundações e empresas estatais dependentes), conforme declarado na DCA. Despesas classificadas na função Educação, qualquer subfunção e qualquer etapa de ensino.",OBSERVADO,sim,CONFERE,,,nao,,siconfi_dca_anexo_i_e,"DCA 2025, Anexo I-E, conta ""12 - Educação"", coluna ""Despesas Liquidadas""",1.1,2026-10-08T12:41:49Z,dffe2381a22799e82e7528be742a2eb70bd5452d05ebee53cefab2c7bd60a551
edu.despesa.funcao_educacao,Despesa liquidada na função Educação,2611606,Recife,PE,exercício financeiro,2025,,real_2025,1861910249.26,R$,"R$ de 2025 (IPCA, média anual)","Município da capital. Todos os órgãos e entidades do município que integram o orçamento fiscal e da seguridade social (administração direta, autarquias, fundações e empresas estatais dependentes), conforme declarado na DCA. Despesas classificadas na função Educação, qualquer subfunção e qualquer etapa de ensino.",OBSERVADO,sim,CONFERE,,,nao,,siconfi_dca_anexo_i_e,"DCA 2025, Anexo I-E, conta ""12 - Educação"", coluna ""Despesas Liquidadas""; corrigido pelo IPCA (média anual) para reais de 2025",1.1,2026-10-08T12:41:49Z,dffe2381a22799e82e7528be742a2eb70bd5452d05ebee53cefab2c7bd60a551
edu.despesa.funcao_educacao,Despesa liquidada na função Educação,2211001,Teresina,PI,exercício financeiro,2021,,nominal,544083424.47,R$,R$ correntes do exercício,"Município da capital. Todos os órgãos e entidades do município que integram o orçamento fiscal e da seguridade social (administração direta, autarquias, fundações e empresas estatais dependentes), conforme declarado na DCA. Despesas classificadas na função Educação, qualquer subfunção e qualquer etapa de ensino.",OBSERVADO,sim,CONFERE,,,nao,,siconfi_dca_anexo_i_e,"DCA 2021, Anexo I-E, conta ""12 - Educação"", coluna ""Despesas Liquidadas""",1.1,2026-10-08T12:41:49Z,dffe2381a22799e82e7528be742a2eb70bd5452d05ebee53cefab2c7bd60a551
edu.despesa.funcao_educacao,Despesa liquidada na função Educação,2211001,Teresina,PI,exercício financeiro,2021,,real_2025,681608937.8,R$,"R$ de 2025 (IPCA, média anual)","Município da capital. Todos os órgãos e entidades do município que integram o orçamento fiscal e da seguridade social (administração direta, autarquias, fundações e empresas estatais dependentes), conforme declarado na DCA. Despesas classificadas na função Educação, qualquer subfunção e qualquer etapa de ensino.",OBSERVADO,sim,CONFERE,,,nao,,siconfi_dca_anexo_i_e,"DCA 2021, Anexo I-E, conta ""12 - Educação"", coluna ""Despesas Liquidadas""; corrigido pelo IPCA (média anual) para reais de 2025",1.1,2026-10-08T12:41:49Z,dffe2381a22799e82e7528be742a2eb70bd5452d05ebee53cefab2c7bd60a551
edu.despesa.funcao_educacao,Despesa liquidada na função Educação,2211001,Teresina,PI,exercício financeiro,2022,,nominal,693298437.42,R$,R$ correntes do exercício,"Município da capital. Todos os órgãos e entidades do município que integram o orçamento fiscal e da seguridade social (administração direta, autarquias, fundações e empresas estatais dependentes), conforme declarado na DCA. Despesas classificadas na função Educação, qualquer subfunção e qualquer etapa de ensino.",OBSERVADO,sim,CONFERE,,,nao,,siconfi_dca_anexo_i_e,"DCA 2022, Anexo I-E, conta ""12 - Educação"", coluna ""Despesas Liquidadas""",1.1,2026-10-08T12:41:49Z,dffe2381a22799e82e7528be742a2eb70bd5452d05ebee53cefab2c7bd60a551
edu.despesa.funcao_educacao,Despesa liquidada na função Educação,2211001,Teresina,PI,exercício financeiro,2022,,real_2025,794783595.73,R$,"R$ de 2025 (IPCA, média anual)","Município da capital. Todos os órgãos e entidades do município que integram o orçamento fiscal e da seguridade social (administração direta, autarquias, fundações e empresas estatais dependentes), conforme declarado na DCA. Despesas classificadas na função Educação, qualquer subfunção e qualquer etapa de ensino.",OBSERVADO,sim,CONFERE,,,nao,,siconfi_dca_anexo_i_e,"DCA 2022, Anexo I-E, conta ""12 - Educação"", coluna ""Despesas Liquidadas""; corrigido pelo IPCA (média anual) para reais de 2025",1.1,2026-10-08T12:41:49Z,dffe2381a22799e82e7528be742a2eb70bd5452d05ebee53cefab2c7bd60a551
edu.despesa.funcao_educacao,Despesa liquidada na função Educação,2211001,Teresina,PI,exercício financeiro,2023,,nominal,892101617.2,R$,R$ correntes do exercício,"Município da capital. Todos os órgãos e entidades do município que integram o orçamento fiscal e da seguridade social (administração direta, autarquias, fundações e empresas estatais dependentes), conforme declarado na DCA. Despesas classificadas na função Educação, qualquer subfunção e qualquer etapa de ensino.",OBSERVADO,sim,CONFERE,,,nao,,siconfi_dca_anexo_i_e,"DCA 2023, Anexo I-E, conta ""12 - Educação"", coluna ""Despesas Liquidadas""",1.1,2026-10-08T12:41:49Z,dffe2381a22799e82e7528be742a2eb70bd5452d05ebee53cefab2c7bd60a551
edu.despesa.funcao_educacao,Despesa liquidada na função Educação,2211001,Teresina,PI,exercício financeiro,2023,,real_2025,977773005.84,R$,"R$ de 2025 (IPCA, média anual)","Município da capital. Todos os órgãos e entidades do município que integram o orçamento fiscal e da seguridade social (administração direta, autarquias, fundações e empresas estatais dependentes), conforme declarado na DCA. Despesas classificadas na função Educação, qualquer subfunção e qualquer etapa de ensino.",OBSERVADO,sim,CONFERE,,,nao,,siconfi_dca_anexo_i_e,"DCA 2023, Anexo I-E, conta ""12 - Educação"", coluna ""Despesas Liquidadas""; corrigido pelo IPCA (média anual) para reais de 2025",1.1,2026-10-08T12:41:49Z,dffe2381a22799e82e7528be742a2eb70bd5452d05ebee53cefab2c7bd60a551
edu.despesa.funcao_educacao,Despesa liquidada na função Educação,2211001,Teresina,PI,exercício financeiro,2024,,nominal,923027903.43,R$,R$ correntes do exercício,"Município da capital. Todos os órgãos e entidades do município que integram o orçamento fiscal e da seguridade social (administração direta, autarquias, fundações e empresas estatais dependentes), conforme declarado na DCA. Despesas classificadas na função Educação, qualquer subfunção e qualquer etapa de ensino.",OBSERVADO,sim,CONFERE,,,nao,,siconfi_dca_anexo_i_e,"DCA 2024, Anexo I-E, conta ""12 - Educação"", coluna ""Despesas Liquidadas""",1.1,2026-10-08T12:41:49Z,dffe2381a22799e82e7528be742a2eb70bd5452d05ebee53cefab2c7bd60a551
edu.despesa.funcao_educacao,Despesa liquidada na função Educação,2211001,Teresina,PI,exercício financeiro,2024,,real_2025,969333931.62,R$,"R$ de 2025 (IPCA, média anual)","Município da capital. Todos os órgãos e entidades do município que integram o orçamento fiscal e da seguridade social (administração direta, autarquias, fundações e empresas estatais dependentes), conforme declarado na DCA. Despesas classificadas na função Educação, qualquer subfunção e qualquer etapa de ensino.",OBSERVADO,sim,CONFERE,,,nao,,siconfi_dca_anexo_i_e,"DCA 2024, Anexo I-E, conta ""12 - Educação"", coluna ""Despesas Liquidadas""; corrigido pelo IPCA (média anual) para reais de 2025",1.1,2026-10-08T12:41:49Z,dffe2381a22799e82e7528be742a2eb70bd5452d05ebee53cefab2c7bd60a551
edu.despesa.funcao_educacao,Despesa liquidada na função Educação,2211001,Teresina,PI,exercício financeiro,2025,,nominal,1002773511.46,R$,R$ correntes do exercício,"Município da capital. Todos os órgãos e entidades do município que integram o orçamento fiscal e da seguridade social (administração direta, autarquias, fundações e empresas estatais dependentes), conforme declarado na DCA. Despesas classificadas na função Educação, qualquer subfunção e qualquer etapa de ensino.",OBSERVADO,sim,CONFERE,,,nao,,siconfi_dca_anexo_i_e,"DCA 2025, Anexo I-E, conta ""12 - Educação"", coluna ""Despesas Liquidadas""",1.1,2026-10-08T12:41:49Z,dffe2381a22799e82e7528be742a2eb70bd5452d05ebee53cefab2c7bd60a551
edu.despesa.funcao_educacao,Despesa liquidada na função Educação,2211001,Teresina,PI,exercício financeiro,2025,,real_2025,1002773511.46,R$,"R$ de 2025 (IPCA, média anual)","Município da capital. Todos os órgãos e entidades do município que integram o orçamento fiscal e da seguridade social (administração direta, autarquias, fundações e empresas estatais dependentes), conforme declarado na DCA. Despesas classificadas na função Educação, qualquer subfunção e qualquer etapa de ensino.",OBSERVADO,sim,CONFERE,,,nao,,siconfi_dca_anexo_i_e,"DCA 2025, Anexo I-E, conta ""12 - Educação"", coluna ""Despesas Liquidadas""; corrigido pelo IPCA (média anual) para reais de 2025",1.1,2026-10-08T12:41:49Z,dffe2381a22799e82e7528be742a2eb70bd5452d05ebee53cefab2c7bd60a551
edu.despesa.funcao_educacao,Despesa liquidada na função Educação,3304557,Rio de Janeiro,RJ,exercício financeiro,2021,,nominal,5193699899.18,R$,R$ correntes do exercício,"Município da capital. Todos os órgãos e entidades do município que integram o orçamento fiscal e da seguridade social (administração direta, autarquias, fundações e empresas estatais dependentes), conforme declarado na DCA. Despesas classificadas na função Educação, qualquer subfunção e qualquer etapa de ensino.",OBSERVADO,sim,CONFERE,,,nao,,siconfi_dca_anexo_i_e,"DCA 2021, Anexo I-E, conta ""12 - Educação"", coluna ""Despesas Liquidadas""",1.1,2026-10-08T12:41:49Z,dffe2381a22799e82e7528be742a2eb70bd5452d05ebee53cefab2c7bd60a551
edu.despesa.funcao_educacao,Despesa liquidada na função Educação,3304557,Rio de Janeiro,RJ,exercício financeiro,2021,,real_2025,6506487998.59,R$,"R$ de 2025 (IPCA, média anual)","Município da capital. Todos os órgãos e entidades do município que integram o orçamento fiscal e da seguridade social (administração direta, autarquias, fundações e empresas estatais dependentes), conforme declarado na DCA. Despesas classificadas na função Educação, qualquer subfunção e qualquer etapa de ensino.",OBSERVADO,sim,CONFERE,,,nao,,siconfi_dca_anexo_i_e,"DCA 2021, Anexo I-E, conta ""12 - Educação"", coluna ""Despesas Liquidadas""; corrigido pelo IPCA (média anual) para reais de 2025",1.1,2026-10-08T12:41:49Z,dffe2381a22799e82e7528be742a2eb70bd5452d05ebee53cefab2c7bd60a551
edu.despesa.funcao_educacao,Despesa liquidada na função Educação,3304557,Rio de Janeiro,RJ,exercício financeiro,2022,,nominal,5751009962.36,R$,R$ correntes do exercício,"Município da capital. Todos os órgãos e entidades do município que integram o orçamento fiscal e da seguridade social (administração direta, autarquias, fundações e empresas estatais dependentes), conforme declarado na DCA. Despesas classificadas na função Educação, qualquer subfunção e qualquer etapa de ensino.",OBSERVADO,sim,CONFERE,,,nao,,siconfi_dca_anexo_i_e,"DCA 2022, Anexo I-E, conta ""12 - Educação"", coluna ""Despesas Liquidadas""",1.1,2026-10-08T12:41:49Z,dffe2381a22799e82e7528be742a2eb70bd5452d05ebee53cefab2c7bd60a551
edu.despesa.funcao_educacao,Despesa liquidada na função Educação,3304557,Rio de Janeiro,RJ,exercício financeiro,2022,,real_2025,6592843904.27,R$,"R$ de 2025 (IPCA, média anual)","Município da capital. Todos os órgãos e entidades do município que integram o orçamento fiscal e da seguridade social (administração direta, autarquias, fundações e empresas estatais dependentes), conforme declarado na DCA. Despesas classificadas na função Educação, qualquer subfunção e qualquer etapa de ensino.",OBSERVADO,sim,CONFERE,,,nao,,siconfi_dca_anexo_i_e,"DCA 2022, Anexo I-E, conta ""12 - Educação"", coluna ""Despesas Liquidadas""; corrigido pelo IPCA (média anual) para reais de 2025",1.1,2026-10-08T12:41:49Z,dffe2381a22799e82e7528be742a2eb70bd5452d05ebee53cefab2c7bd60a551
edu.despesa.funcao_educacao,Despesa liquidada na função Educação,3304557,Rio de Janeiro,RJ,exercício financeiro,2023,,nominal,6424124922.31,R$,R$ correntes do exercício,"Município da capital. Todos os órgãos e entidades do município que integram o orçamento fiscal e da seguridade social (administração direta, autarquias, fundações e empresas estatais dependentes), conforme declarado na DCA. Despesas classificadas na função Educação, qualquer subfunção e qualquer etapa de ensino.",OBSERVADO,sim,CONFERE,,,nao,,siconfi_dca_anexo_i_e,"DCA 2023, Anexo I-E, conta ""12 - Educação"", coluna ""Despesas Liquidadas""",1.1,2026-10-08T12:41:49Z,dffe2381a22799e82e7528be742a2eb70bd5452d05ebee53cefab2c7bd60a551
edu.despesa.funcao_educacao,Despesa liquidada na função Educação,3304557,Rio de Janeiro,RJ,exercício financeiro,2023,,real_2025,7041054308.22,R$,"R$ de 2025 (IPCA, média anual)","Município da capital. Todos os órgãos e entidades do município que integram o orçamento fiscal e da seguridade social (administração direta, autarquias, fundações e empresas estatais dependentes), conforme declarado na DCA. Despesas classificadas na função Educação, qualquer subfunção e qualquer etapa de ensino.",OBSERVADO,sim,CONFERE,,,nao,,siconfi_dca_anexo_i_e,"DCA 2023, Anexo I-E, conta ""12 - Educação"", coluna ""Despesas Liquidadas""; corrigido pelo IPCA (média anual) para reais de 2025",1.1,2026-10-08T12:41:49Z,dffe2381a22799e82e7528be742a2eb70bd5452d05ebee53cefab2c7bd60a551
edu.despesa.funcao_educacao,Despesa liquidada na função Educação,3304557,Rio de Janeiro,RJ,exercício financeiro,2024,,nominal,6956623263.77,R$,R$ correntes do exercício,"Município da capital. Todos os órgãos e entidades do município que integram o orçamento fiscal e da seguridade social (administração direta, autarquias, fundações e empresas estatais dependentes), conforme declarado na DCA. Despesas classificadas na função Educação, qualquer subfunção e qualquer etapa de ensino.",OBSERVADO,sim,CONFERE,,,nao,,siconfi_dca_anexo_i_e,"DCA 2024, Anexo I-E, conta ""12 - Educação"", coluna ""Despesas Liquidadas""",1.1,2026-10-08T12:41:49Z,dffe2381a22799e82e7528be742a2eb70bd5452d05ebee53cefab2c7bd60a551
edu.despesa.funcao_educacao,Despesa liquidada na função Educação,3304557,Rio de Janeiro,RJ,exercício financeiro,2024,,real_2025,7305619856.14,R$,"R$ de 2025 (IPCA, média anual)","Município da capital. Todos os órgãos e entidades do município que integram o orçamento fiscal e da seguridade social (administração direta, autarquias, fundações e empresas estatais dependentes), conforme declarado na DCA. Despesas classificadas na função Educação, qualquer subfunção e qualquer etapa de ensino.",OBSERVADO,sim,CONFERE,,,nao,,siconfi_dca_anexo_i_e,"DCA 2024, Anexo I-E, conta ""12 - Educação"", coluna ""Despesas Liquidadas""; corrigido pelo IPCA (média anual) para reais de 2025",1.1,2026-10-08T12:41:49Z,dffe2381a22799e82e7528be742a2eb70bd5452d05ebee53cefab2c7bd60a551
edu.despesa.funcao_educacao,Despesa liquidada na função Educação,3304557,Rio de Janeiro,RJ,exercício financeiro,2025,,nominal,7164394219.78,R$,R$ correntes do exercício,"Município da capital. Todos os órgãos e entidades do município que integram o orçamento fiscal e da seguridade social (administração direta, autarquias, fundações e empresas estatais dependentes), conforme declarado na DCA. Despesas classificadas na função Educação, qualquer subfunção e qualquer etapa de ensino.",OBSERVADO,sim,CONFERE,,,nao,,siconfi_dca_anexo_i_e,"DCA 2025, Anexo I-E, conta ""12 - Educação"", coluna ""Despesas Liquidadas""",1.1,2026-10-08T12:41:49Z,dffe2381a22799e82e7528be742a2eb70bd5452d05ebee53cefab2c7bd60a551
edu.despesa.funcao_educacao,Despesa liquidada na função Educação,3304557,Rio de Janeiro,RJ,exercício financeiro,2025,,real_2025,7164394219.78,R$,"R$ de 2025 (IPCA, média anual)","Município da capital. Todos os órgãos e entidades do município que integram o orçamento fiscal e da seguridade social (administração direta, autarquias, fundações e empresas estatais dependentes), conforme declarado na DCA. Despesas classificadas na função Educação, qualquer subfunção e qualquer etapa de ensino.",OBSERVADO,sim,CONFERE,,,nao,,siconfi_dca_anexo_i_e,"DCA 2025, Anexo I-E, conta ""12 - Educação"", coluna ""Despesas Liquidadas""; corrigido pelo IPCA (média anual) para reais de 2025",1.1,2026-10-08T12:41:49Z,dffe2381a22799e82e7528be742a2eb70bd5452d05ebee53cefab2c7bd60a551
edu.despesa.funcao_educacao,Despesa liquidada na função Educação,2408102,Natal,RN,exercício financeiro,2021,,nominal,407354585.81,R$,R$ correntes do exercício,"Município da capital. Todos os órgãos e entidades do município que integram o orçamento fiscal e da seguridade social (administração direta, autarquias, fundações e empresas estatais dependentes), conforme declarado na DCA. Despesas classificadas na função Educação, qualquer subfunção e qualquer etapa de ensino.",OBSERVADO,sim,CONFERE,,,nao,,siconfi_dca_anexo_i_e,"DCA 2021, Anexo I-E, conta ""12 - Educação"", coluna ""Despesas Liquidadas""",1.1,2026-10-08T12:41:49Z,dffe2381a22799e82e7528be742a2eb70bd5452d05ebee53cefab2c7bd60a551
edu.despesa.funcao_educacao,Despesa liquidada na função Educação,2408102,Natal,RN,exercício financeiro,2021,,real_2025,510319767.26,R$,"R$ de 2025 (IPCA, média anual)","Município da capital. Todos os órgãos e entidades do município que integram o orçamento fiscal e da seguridade social (administração direta, autarquias, fundações e empresas estatais dependentes), conforme declarado na DCA. Despesas classificadas na função Educação, qualquer subfunção e qualquer etapa de ensino.",OBSERVADO,sim,CONFERE,,,nao,,siconfi_dca_anexo_i_e,"DCA 2021, Anexo I-E, conta ""12 - Educação"", coluna ""Despesas Liquidadas""; corrigido pelo IPCA (média anual) para reais de 2025",1.1,2026-10-08T12:41:49Z,dffe2381a22799e82e7528be742a2eb70bd5452d05ebee53cefab2c7bd60a551
edu.despesa.funcao_educacao,Despesa liquidada na função Educação,2408102,Natal,RN,exercício financeiro,2022,,nominal,475019173.72,R$,R$ correntes do exercício,"Município da capital. Todos os órgãos e entidades do município que integram o orçamento fiscal e da seguridade social (administração direta, autarquias, fundações e empresas estatais dependentes), conforme declarado na DCA. Despesas classificadas na função Educação, qualquer subfunção e qualquer etapa de ensino.",OBSERVADO,sim,CONFERE,,,nao,,siconfi_dca_anexo_i_e,"DCA 2022, Anexo I-E, conta ""12 - Educação"", coluna ""Despesas Liquidadas""",1.1,2026-10-08T12:41:49Z,dffe2381a22799e82e7528be742a2eb70bd5452d05ebee53cefab2c7bd60a551
edu.despesa.funcao_educacao,Despesa liquidada na função Educação,2408102,Natal,RN,exercício financeiro,2022,,real_2025,544552571.53,R$,"R$ de 2025 (IPCA, média anual)","Município da capital. Todos os órgãos e entidades do município que integram o orçamento fiscal e da seguridade social (administração direta, autarquias, fundações e empresas estatais dependentes), conforme declarado na DCA. Despesas classificadas na função Educação, qualquer subfunção e qualquer etapa de ensino.",OBSERVADO,sim,CONFERE,,,nao,,siconfi_dca_anexo_i_e,"DCA 2022, Anexo I-E, conta ""12 - Educação"", coluna ""Despesas Liquidadas""; corrigido pelo IPCA (média anual) para reais de 2025",1.1,2026-10-08T12:41:49Z,dffe2381a22799e82e7528be742a2eb70bd5452d05ebee53cefab2c7bd60a551
edu.despesa.funcao_educacao,Despesa liquidada na função Educação,2408102,Natal,RN,exercício financeiro,2023,,nominal,536291384.67,R$,R$ correntes do exercício,"Município da capital. Todos os órgãos e entidades do município que integram o orçamento fiscal e da seguridade social (administração direta, autarquias, fundações e empresas estatais dependentes), conforme declarado na DCA. Despesas classificadas na função Educação, qualquer subfunção e qualquer etapa de ensino.",OBSERVADO,sim,CONFERE,,,nao,,siconfi_dca_anexo_i_e,"DCA 2023, Anexo I-E, conta ""12 - Educação"", coluna ""Despesas Liquidadas""",1.1,2026-10-08T12:41:49Z,dffe2381a22799e82e7528be742a2eb70bd5452d05ebee53cefab2c7bd60a551
edu.despesa.funcao_educacao,Despesa liquidada na função Educação,2408102,Natal,RN,exercício financeiro,2023,,real_2025,587793171.86,R$,"R$ de 2025 (IPCA, média anual)","Município da capital. Todos os órgãos e entidades do município que integram o orçamento fiscal e da seguridade social (administração direta, autarquias, fundações e empresas estatais dependentes), conforme declarado na DCA. Despesas classificadas na função Educação, qualquer subfunção e qualquer etapa de ensino.",OBSERVADO,sim,CONFERE,,,nao,,siconfi_dca_anexo_i_e,"DCA 2023, Anexo I-E, conta ""12 - Educação"", coluna ""Despesas Liquidadas""; corrigido pelo IPCA (média anual) para reais de 2025",1.1,2026-10-08T12:41:49Z,dffe2381a22799e82e7528be742a2eb70bd5452d05ebee53cefab2c7bd60a551
edu.despesa.funcao_educacao,Despesa liquidada na função Educação,2408102,Natal,RN,exercício financeiro,2024,,nominal,641000293.12,R$,R$ correntes do exercício,"Município da capital. Todos os órgãos e entidades do município que integram o orçamento fiscal e da seguridade social (administração direta, autarquias, fundações e empresas estatais dependentes), conforme declarado na DCA. Despesas classificadas na função Educação, qualquer subfunção e qualquer etapa de ensino.",OBSERVADO,sim,CONFERE,,,nao,,siconfi_dca_anexo_i_e,"DCA 2024, Anexo I-E, conta ""12 - Educação"", coluna ""Despesas Liquidadas""",1.1,2026-10-08T12:41:49Z,dffe2381a22799e82e7528be742a2eb70bd5452d05ebee53cefab2c7bd60a551
edu.despesa.funcao_educacao,Despesa liquidada na função Educação,2408102,Natal,RN,exercício financeiro,2024,,real_2025,673157693.27,R$,"R$ de 2025 (IPCA, média anual)","Município da capital. Todos os órgãos e entidades do município que integram o orçamento fiscal e da seguridade social (administração direta, autarquias, fundações e empresas estatais dependentes), conforme declarado na DCA. Despesas classificadas na função Educação, qualquer subfunção e qualquer etapa de ensino.",OBSERVADO,sim,CONFERE,,,nao,,siconfi_dca_anexo_i_e,"DCA 2024, Anexo I-E, conta ""12 - Educação"", coluna ""Despesas Liquidadas""; corrigido pelo IPCA (média anual) para reais de 2025",1.1,2026-10-08T12:41:49Z,dffe2381a22799e82e7528be742a2eb70bd5452d05ebee53cefab2c7bd60a551
edu.despesa.funcao_educacao,Despesa liquidada na função Educação,2408102,Natal,RN,exercício financeiro,2025,,nominal,654608833.36,R$,R$ correntes do exercício,"Município da capital. Todos os órgãos e entidades do município que integram o orçamento fiscal e da seguridade social (administração direta, autarquias, fundações e empresas estatais dependentes), conforme declarado na DCA. Despesas classificadas na função Educação, qualquer subfunção e qualquer etapa de ensino.",OBSERVADO,sim,CONFERE,,,nao,,siconfi_dca_anexo_i_e,"DCA 2025, Anexo I-E, conta ""12 - Educação"", coluna ""Despesas Liquidadas""",1.1,2026-10-08T12:41:49Z,dffe2381a22799e82e7528be742a2eb70bd5452d05ebee53cefab2c7bd60a551
edu.despesa.funcao_educacao,Despesa liquidada na função Educação,2408102,Natal,RN,exercício financeiro,2025,,real_2025,654608833.36,R$,"R$ de 2025 (IPCA, média anual)","Município da capital. Todos os órgãos e entidades do município que integram o orçamento fiscal e da seguridade social (administração direta, autarquias, fundações e empresas estatais dependentes), conforme declarado na DCA. Despesas classificadas na função Educação, qualquer subfunção e qualquer etapa de ensino.",OBSERVADO,sim,CONFERE,,,nao,,siconfi_dca_anexo_i_e,"DCA 2025, Anexo I-E, conta ""12 - Educação"", coluna ""Despesas Liquidadas""; corrigido pelo IPCA (média anual) para reais de 2025",1.1,2026-10-08T12:41:49Z,dffe2381a22799e82e7528be742a2eb70bd5452d05ebee53cefab2c7bd60a551
edu.despesa.funcao_educacao,Despesa liquidada na função Educação,4314902,Porto Alegre,RS,exercício financeiro,2021,,nominal,672518226.54,R$,R$ correntes do exercício,"Município da capital. Todos os órgãos e entidades do município que integram o orçamento fiscal e da seguridade social (administração direta, autarquias, fundações e empresas estatais dependentes), conforme declarado na DCA. Despesas classificadas na função Educação, qualquer subfunção e qualquer etapa de ensino.",OBSERVADO,sim,CONFERE,,,nao,,siconfi_dca_anexo_i_e,"DCA 2021, Anexo I-E, conta ""12 - Educação"", coluna ""Despesas Liquidadas""",1.1,2026-10-08T12:41:49Z,dffe2381a22799e82e7528be742a2eb70bd5452d05ebee53cefab2c7bd60a551
edu.despesa.funcao_educacao,Despesa liquidada na função Educação,4314902,Porto Alegre,RS,exercício financeiro,2021,,real_2025,842507625.54,R$,"R$ de 2025 (IPCA, média anual)","Município da capital. Todos os órgãos e entidades do município que integram o orçamento fiscal e da seguridade social (administração direta, autarquias, fundações e empresas estatais dependentes), conforme declarado na DCA. Despesas classificadas na função Educação, qualquer subfunção e qualquer etapa de ensino.",OBSERVADO,sim,CONFERE,,,nao,,siconfi_dca_anexo_i_e,"DCA 2021, Anexo I-E, conta ""12 - Educação"", coluna ""Despesas Liquidadas""; corrigido pelo IPCA (média anual) para reais de 2025",1.1,2026-10-08T12:41:49Z,dffe2381a22799e82e7528be742a2eb70bd5452d05ebee53cefab2c7bd60a551
edu.despesa.funcao_educacao,Despesa liquidada na função Educação,4314902,Porto Alegre,RS,exercício financeiro,2022,,nominal,938494745.75,R$,R$ correntes do exercício,"Município da capital. Todos os órgãos e entidades do município que integram o orçamento fiscal e da seguridade social (administração direta, autarquias, fundações e empresas estatais dependentes), conforme declarado na DCA. Despesas classificadas na função Educação, qualquer subfunção e qualquer etapa de ensino.",OBSERVADO,sim,CONFERE,,,nao,,siconfi_dca_anexo_i_e,"DCA 2022, Anexo I-E, conta ""12 - Educação"", coluna ""Despesas Liquidadas""",1.1,2026-10-08T12:41:49Z,dffe2381a22799e82e7528be742a2eb70bd5452d05ebee53cefab2c7bd60a551
edu.despesa.funcao_educacao,Despesa liquidada na função Educação,4314902,Porto Alegre,RS,exercício financeiro,2022,,real_2025,1075871786.73,R$,"R$ de 2025 (IPCA, média anual)","Município da capital. Todos os órgãos e entidades do município que integram o orçamento fiscal e da seguridade social (administração direta, autarquias, fundações e empresas estatais dependentes), conforme declarado na DCA. Despesas classificadas na função Educação, qualquer subfunção e qualquer etapa de ensino.",OBSERVADO,sim,CONFERE,,,nao,,siconfi_dca_anexo_i_e,"DCA 2022, Anexo I-E, conta ""12 - Educação"", coluna ""Despesas Liquidadas""; corrigido pelo IPCA (média anual) para reais de 2025",1.1,2026-10-08T12:41:49Z,dffe2381a22799e82e7528be742a2eb70bd5452d05ebee53cefab2c7bd60a551
edu.despesa.funcao_educacao,Despesa liquidada na função Educação,4314902,Porto Alegre,RS,exercício financeiro,2023,,nominal,893868610.79,R$,R$ correntes do exercício,"Município da capital. Todos os órgãos e entidades do município que integram o orçamento fiscal e da seguridade social (administração direta, autarquias, fundações e empresas estatais dependentes), conforme declarado na DCA. Despesas classificadas na função Educação, qualquer subfunção e qualquer etapa de ensino.",OBSERVADO,sim,CONFERE,,,nao,,siconfi_dca_anexo_i_e,"DCA 2023, Anexo I-E, conta ""12 - Educação"", coluna ""Despesas Liquidadas""",1.1,2026-10-08T12:41:49Z,dffe2381a22799e82e7528be742a2eb70bd5452d05ebee53cefab2c7bd60a551
edu.despesa.funcao_educacao,Despesa liquidada na função Educação,4314902,Porto Alegre,RS,exercício financeiro,2023,,real_2025,979709689.51,R$,"R$ de 2025 (IPCA, média anual)","Município da capital. Todos os órgãos e entidades do município que integram o orçamento fiscal e da seguridade social (administração direta, autarquias, fundações e empresas estatais dependentes), conforme declarado na DCA. Despesas classificadas na função Educação, qualquer subfunção e qualquer etapa de ensino.",OBSERVADO,sim,CONFERE,,,nao,,siconfi_dca_anexo_i_e,"DCA 2023, Anexo I-E, conta ""12 - Educação"", coluna ""Despesas Liquidadas""; corrigido pelo IPCA (média anual) para reais de 2025",1.1,2026-10-08T12:41:49Z,dffe2381a22799e82e7528be742a2eb70bd5452d05ebee53cefab2c7bd60a551
edu.despesa.funcao_educacao,Despesa liquidada na função Educação,4314902,Porto Alegre,RS,exercício financeiro,2024,,nominal,1018340152.47,R$,R$ correntes do exercício,"Município da capital. Todos os órgãos e entidades do município que integram o orçamento fiscal e da seguridade social (administração direta, autarquias, fundações e empresas estatais dependentes), conforme declarado na DCA. Despesas classificadas na função Educação, qualquer subfunção e qualquer etapa de ensino.",OBSERVADO,sim,CONFERE,,,nao,,siconfi_dca_anexo_i_e,"DCA 2024, Anexo I-E, conta ""12 - Educação"", coluna ""Despesas Liquidadas""",1.1,2026-10-08T12:41:49Z,dffe2381a22799e82e7528be742a2eb70bd5452d05ebee53cefab2c7bd60a551
edu.despesa.funcao_educacao,Despesa liquidada na função Educação,4314902,Porto Alegre,RS,exercício financeiro,2024,,real_2025,1069427760.58,R$,"R$ de 2025 (IPCA, média anual)","Município da capital. Todos os órgãos e entidades do município que integram o orçamento fiscal e da seguridade social (administração direta, autarquias, fundações e empresas estatais dependentes), conforme declarado na DCA. Despesas classificadas na função Educação, qualquer subfunção e qualquer etapa de ensino.",OBSERVADO,sim,CONFERE,,,nao,,siconfi_dca_anexo_i_e,"DCA 2024, Anexo I-E, conta ""12 - Educação"", coluna ""Despesas Liquidadas""; corrigido pelo IPCA (média anual) para reais de 2025",1.1,2026-10-08T12:41:49Z,dffe2381a22799e82e7528be742a2eb70bd5452d05ebee53cefab2c7bd60a551
edu.despesa.funcao_educacao,Despesa liquidada na função Educação,4314902,Porto Alegre,RS,exercício financeiro,2025,,nominal,1229544915.38,R$,R$ correntes do exercício,"Município da capital. Todos os órgãos e entidades do município que integram o orçamento fiscal e da seguridade social (administração direta, autarquias, fundações e empresas estatais dependentes), conforme declarado na DCA. Despesas classificadas na função Educação, qualquer subfunção e qualquer etapa de ensino.",OBSERVADO,sim,CONFERE,,,nao,,siconfi_dca_anexo_i_e,"DCA 2025, Anexo I-E, conta ""12 - Educação"", coluna ""Despesas Liquidadas""",1.1,2026-10-08T12:41:49Z,dffe2381a22799e82e7528be742a2eb70bd5452d05ebee53cefab2c7bd60a551
edu.despesa.funcao_educacao,Despesa liquidada na função Educação,4314902,Porto Alegre,RS,exercício financeiro,2025,,real_2025,1229544915.38,R$,"R$ de 2025 (IPCA, média anual)","Município da capital. Todos os órgãos e entidades do município que integram o orçamento fiscal e da seguridade social (administração direta, autarquias, fundações e empresas estatais dependentes), conforme declarado na DCA. Despesas classificadas na função Educação, qualquer subfunção e qualquer etapa de ensino.",OBSERVADO,sim,CONFERE,,,nao,,siconfi_dca_anexo_i_e,"DCA 2025, Anexo I-E, conta ""12 - Educação"", coluna ""Despesas Liquidadas""; corrigido pelo IPCA (média anual) para reais de 2025",1.1,2026-10-08T12:41:49Z,dffe2381a22799e82e7528be742a2eb70bd5452d05ebee53cefab2c7bd60a551
edu.despesa.funcao_educacao,Despesa liquidada na função Educação,1100205,Porto Velho,RO,exercício financeiro,2021,,nominal,357755812.37,R$,R$ correntes do exercício,"Município da capital. Todos os órgãos e entidades do município que integram o orçamento fiscal e da seguridade social (administração direta, autarquias, fundações e empresas estatais dependentes), conforme declarado na DCA. Despesas classificadas na função Educação, qualquer subfunção e qualquer etapa de ensino.",OBSERVADO,sim,CONFERE,,,nao,,siconfi_dca_anexo_i_e,"DCA 2021, Anexo I-E, conta ""12 - Educação"", coluna ""Despesas Liquidadas""",1.1,2026-10-08T12:41:49Z,dffe2381a22799e82e7528be742a2eb70bd5452d05ebee53cefab2c7bd60a551
edu.despesa.funcao_educacao,Despesa liquidada na função Educação,1100205,Porto Velho,RO,exercício financeiro,2021,,real_2025,448184135.55,R$,"R$ de 2025 (IPCA, média anual)","Município da capital. Todos os órgãos e entidades do município que integram o orçamento fiscal e da seguridade social (administração direta, autarquias, fundações e empresas estatais dependentes), conforme declarado na DCA. Despesas classificadas na função Educação, qualquer subfunção e qualquer etapa de ensino.",OBSERVADO,sim,CONFERE,,,nao,,siconfi_dca_anexo_i_e,"DCA 2021, Anexo I-E, conta ""12 - Educação"", coluna ""Despesas Liquidadas""; corrigido pelo IPCA (média anual) para reais de 2025",1.1,2026-10-08T12:41:49Z,dffe2381a22799e82e7528be742a2eb70bd5452d05ebee53cefab2c7bd60a551
edu.despesa.funcao_educacao,Despesa liquidada na função Educação,1100205,Porto Velho,RO,exercício financeiro,2022,,nominal,437508506.62,R$,R$ correntes do exercício,"Município da capital. Todos os órgãos e entidades do município que integram o orçamento fiscal e da seguridade social (administração direta, autarquias, fundações e empresas estatais dependentes), conforme declarado na DCA. Despesas classificadas na função Educação, qualquer subfunção e qualquer etapa de ensino.",OBSERVADO,sim,CONFERE,,,nao,,siconfi_dca_anexo_i_e,"DCA 2022, Anexo I-E, conta ""12 - Educação"", coluna ""Despesas Liquidadas""",1.1,2026-10-08T12:41:49Z,dffe2381a22799e82e7528be742a2eb70bd5452d05ebee53cefab2c7bd60a551
edu.despesa.funcao_educacao,Despesa liquidada na função Educação,1100205,Porto Velho,RO,exercício financeiro,2022,,real_2025,501551085.78,R$,"R$ de 2025 (IPCA, média anual)","Município da capital. Todos os órgãos e entidades do município que integram o orçamento fiscal e da seguridade social (administração direta, autarquias, fundações e empresas estatais dependentes), conforme declarado na DCA. Despesas classificadas na função Educação, qualquer subfunção e qualquer etapa de ensino.",OBSERVADO,sim,CONFERE,,,nao,,siconfi_dca_anexo_i_e,"DCA 2022, Anexo I-E, conta ""12 - Educação"", coluna ""Despesas Liquidadas""; corrigido pelo IPCA (média anual) para reais de 2025",1.1,2026-10-08T12:41:49Z,dffe2381a22799e82e7528be742a2eb70bd5452d05ebee53cefab2c7bd60a551
edu.despesa.funcao_educacao,Despesa liquidada na função Educação,1100205,Porto Velho,RO,exercício financeiro,2023,,nominal,485194834.11,R$,R$ correntes do exercício,"Município da capital. Todos os órgãos e entidades do município que integram o orçamento fiscal e da seguridade social (administração direta, autarquias, fundações e empresas estatais dependentes), conforme declarado na DCA. Despesas classificadas na função Educação, qualquer subfunção e qualquer etapa de ensino.",OBSERVADO,sim,CONFERE,,,nao,,siconfi_dca_anexo_i_e,"DCA 2023, Anexo I-E, conta ""12 - Educação"", coluna ""Despesas Liquidadas""",1.1,2026-10-08T12:41:49Z,dffe2381a22799e82e7528be742a2eb70bd5452d05ebee53cefab2c7bd60a551
edu.despesa.funcao_educacao,Despesa liquidada na função Educação,1100205,Porto Velho,RO,exercício financeiro,2023,,real_2025,531789655.14,R$,"R$ de 2025 (IPCA, média anual)","Município da capital. Todos os órgãos e entidades do município que integram o orçamento fiscal e da seguridade social (administração direta, autarquias, fundações e empresas estatais dependentes), conforme declarado na DCA. Despesas classificadas na função Educação, qualquer subfunção e qualquer etapa de ensino.",OBSERVADO,sim,CONFERE,,,nao,,siconfi_dca_anexo_i_e,"DCA 2023, Anexo I-E, conta ""12 - Educação"", coluna ""Despesas Liquidadas""; corrigido pelo IPCA (média anual) para reais de 2025",1.1,2026-10-08T12:41:49Z,dffe2381a22799e82e7528be742a2eb70bd5452d05ebee53cefab2c7bd60a551
edu.despesa.funcao_educacao,Despesa liquidada na função Educação,1100205,Porto Velho,RO,exercício financeiro,2024,,nominal,567436045.56,R$,R$ correntes do exercício,"Município da capital. Todos os órgãos e entidades do município que integram o orçamento fiscal e da seguridade social (administração direta, autarquias, fundações e empresas estatais dependentes), conforme declarado na DCA. Despesas classificadas na função Educação, qualquer subfunção e qualquer etapa de ensino.",OBSERVADO,sim,CONFERE,,,nao,,siconfi_dca_anexo_i_e,"DCA 2024, Anexo I-E, conta ""12 - Educação"", coluna ""Despesas Liquidadas""",1.1,2026-10-08T12:41:49Z,dffe2381a22799e82e7528be742a2eb70bd5452d05ebee53cefab2c7bd60a551
edu.despesa.funcao_educacao,Despesa liquidada na função Educação,1100205,Porto Velho,RO,exercício financeiro,2024,,real_2025,595902909.26,R$,"R$ de 2025 (IPCA, média anual)","Município da capital. Todos os órgãos e entidades do município que integram o orçamento fiscal e da seguridade social (administração direta, autarquias, fundações e empresas estatais dependentes), conforme declarado na DCA. Despesas classificadas na função Educação, qualquer subfunção e qualquer etapa de ensino.",OBSERVADO,sim,CONFERE,,,nao,,siconfi_dca_anexo_i_e,"DCA 2024, Anexo I-E, conta ""12 - Educação"", coluna ""Despesas Liquidadas""; corrigido pelo IPCA (média anual) para reais de 2025",1.1,2026-10-08T12:41:49Z,dffe2381a22799e82e7528be742a2eb70bd5452d05ebee53cefab2c7bd60a551
edu.despesa.funcao_educacao,Despesa liquidada na função Educação,1100205,Porto Velho,RO,exercício financeiro,2025,,nominal,594019947.68,R$,R$ correntes do exercício,"Município da capital. Todos os órgãos e entidades do município que integram o orçamento fiscal e da seguridade social (administração direta, autarquias, fundações e empresas estatais dependentes), conforme declarado na DCA. Despesas classificadas na função Educação, qualquer subfunção e qualquer etapa de ensino.",OBSERVADO,sim,CONFERE,,,nao,,siconfi_dca_anexo_i_e,"DCA 2025, Anexo I-E, conta ""12 - Educação"", coluna ""Despesas Liquidadas""",1.1,2026-10-08T12:41:49Z,dffe2381a22799e82e7528be742a2eb70bd5452d05ebee53cefab2c7bd60a551
edu.despesa.funcao_educacao,Despesa liquidada na função Educação,1100205,Porto Velho,RO,exercício financeiro,2025,,real_2025,594019947.68,R$,"R$ de 2025 (IPCA, média anual)","Município da capital. Todos os órgãos e entidades do município que integram o orçamento fiscal e da seguridade social (administração direta, autarquias, fundações e empresas estatais dependentes), conforme declarado na DCA. Despesas classificadas na função Educação, qualquer subfunção e qualquer etapa de ensino.",OBSERVADO,sim,CONFERE,,,nao,,siconfi_dca_anexo_i_e,"DCA 2025, Anexo I-E, conta ""12 - Educação"", coluna ""Despesas Liquidadas""; corrigido pelo IPCA (média anual) para reais de 2025",1.1,2026-10-08T12:41:49Z,dffe2381a22799e82e7528be742a2eb70bd5452d05ebee53cefab2c7bd60a551
edu.despesa.funcao_educacao,Despesa liquidada na função Educação,1400100,Boa Vista,RR,exercício financeiro,2021,,nominal,410491568.91,R$,R$ correntes do exercício,"Município da capital. Todos os órgãos e entidades do município que integram o orçamento fiscal e da seguridade social (administração direta, autarquias, fundações e empresas estatais dependentes), conforme declarado na DCA. Despesas classificadas na função Educação, qualquer subfunção e qualquer etapa de ensino.",OBSERVADO,sim,DIFERENCA_MENOR,,"O RREO do 6º bimestre informa R$ 410.374.785,52; a DCA informa R$ 410.491.568,91. Diferença de R$ 116.783,39 (+0,028% da DCA), abaixo do limiar de 0,1%.",nao,,siconfi_dca_anexo_i_e,"DCA 2021, Anexo I-E, conta ""12 - Educação"", coluna ""Despesas Liquidadas""",1.1,2026-10-08T12:41:49Z,dffe2381a22799e82e7528be742a2eb70bd5452d05ebee53cefab2c7bd60a551
edu.despesa.funcao_educacao,Despesa liquidada na função Educação,1400100,Boa Vista,RR,exercício financeiro,2021,,real_2025,514249671.43,R$,"R$ de 2025 (IPCA, média anual)","Município da capital. Todos os órgãos e entidades do município que integram o orçamento fiscal e da seguridade social (administração direta, autarquias, fundações e empresas estatais dependentes), conforme declarado na DCA. Despesas classificadas na função Educação, qualquer subfunção e qualquer etapa de ensino.",OBSERVADO,sim,DIFERENCA_MENOR,,"O RREO do 6º bimestre informa R$ 410.374.785,52; a DCA informa R$ 410.491.568,91. Diferença de R$ 116.783,39 (+0,028% da DCA), abaixo do limiar de 0,1%.",nao,,siconfi_dca_anexo_i_e,"DCA 2021, Anexo I-E, conta ""12 - Educação"", coluna ""Despesas Liquidadas""; corrigido pelo IPCA (média anual) para reais de 2025",1.1,2026-10-08T12:41:49Z,dffe2381a22799e82e7528be742a2eb70bd5452d05ebee53cefab2c7bd60a551
edu.despesa.funcao_educacao,Despesa liquidada na função Educação,1400100,Boa Vista,RR,exercício financeiro,2022,,nominal,524475864.72,R$,R$ correntes do exercício,"Município da capital. Todos os órgãos e entidades do município que integram o orçamento fiscal e da seguridade social (administração direta, autarquias, fundações e empresas estatais dependentes), conforme declarado na DCA. Despesas classificadas na função Educação, qualquer subfunção e qualquer etapa de ensino.",OBSERVADO,sim,CONFERE,,,nao,,siconfi_dca_anexo_i_e,"DCA 2022, Anexo I-E, conta ""12 - Educação"", coluna ""Despesas Liquidadas""",1.1,2026-10-08T12:41:49Z,dffe2381a22799e82e7528be742a2eb70bd5452d05ebee53cefab2c7bd60a551
edu.despesa.funcao_educacao,Despesa liquidada na função Educação,1400100,Boa Vista,RR,exercício financeiro,2022,,real_2025,601248742.44,R$,"R$ de 2025 (IPCA, média anual)","Município da capital. Todos os órgãos e entidades do município que integram o orçamento fiscal e da seguridade social (administração direta, autarquias, fundações e empresas estatais dependentes), conforme declarado na DCA. Despesas classificadas na função Educação, qualquer subfunção e qualquer etapa de ensino.",OBSERVADO,sim,CONFERE,,,nao,,siconfi_dca_anexo_i_e,"DCA 2022, Anexo I-E, conta ""12 - Educação"", coluna ""Despesas Liquidadas""; corrigido pelo IPCA (média anual) para reais de 2025",1.1,2026-10-08T12:41:49Z,dffe2381a22799e82e7528be742a2eb70bd5452d05ebee53cefab2c7bd60a551
edu.despesa.funcao_educacao,Despesa liquidada na função Educação,1400100,Boa Vista,RR,exercício financeiro,2023,,nominal,525197652.64,R$,R$ correntes do exercício,"Município da capital. Todos os órgãos e entidades do município que integram o orçamento fiscal e da seguridade social (administração direta, autarquias, fundações e empresas estatais dependentes), conforme declarado na DCA. Despesas classificadas na função Educação, qualquer subfunção e qualquer etapa de ensino.",OBSERVADO,sim,CONFERE,,,nao,,siconfi_dca_anexo_i_e,"DCA 2023, Anexo I-E, conta ""12 - Educação"", coluna ""Despesas Liquidadas""",1.1,2026-10-08T12:41:49Z,dffe2381a22799e82e7528be742a2eb70bd5452d05ebee53cefab2c7bd60a551
edu.despesa.funcao_educacao,Despesa liquidada na função Educação,1400100,Boa Vista,RR,exercício financeiro,2023,,real_2025,575634073.05,R$,"R$ de 2025 (IPCA, média anual)","Município da capital. Todos os órgãos e entidades do município que integram o orçamento fiscal e da seguridade social (administração direta, autarquias, fundações e empresas estatais dependentes), conforme declarado na DCA. Despesas classificadas na função Educação, qualquer subfunção e qualquer etapa de ensino.",OBSERVADO,sim,CONFERE,,,nao,,siconfi_dca_anexo_i_e,"DCA 2023, Anexo I-E, conta ""12 - Educação"", coluna ""Despesas Liquidadas""; corrigido pelo IPCA (média anual) para reais de 2025",1.1,2026-10-08T12:41:49Z,dffe2381a22799e82e7528be742a2eb70bd5452d05ebee53cefab2c7bd60a551
edu.despesa.funcao_educacao,Despesa liquidada na função Educação,1400100,Boa Vista,RR,exercício financeiro,2024,,nominal,658077936.34,R$,R$ correntes do exercício,"Município da capital. Todos os órgãos e entidades do município que integram o orçamento fiscal e da seguridade social (administração direta, autarquias, fundações e empresas estatais dependentes), conforme declarado na DCA. Despesas classificadas na função Educação, qualquer subfunção e qualquer etapa de ensino.",OBSERVADO,sim,RECONCILIADA_MSC,,"O RREO do 6º bimestre informa R$ 122.547.917,75 (diferença de R$ 535.530.018,59 (+81,4% da DCA)). A Matriz de Saldos Contábeis de dezembro confirma o valor da DCA (R$ 658.077.936,34 liquidados na função Educação, sem intraorçamentárias). A diferença está no RREO, que não foi retificado.",nao,,siconfi_dca_anexo_i_e,"DCA 2024, Anexo I-E, conta ""12 - Educação"", coluna ""Despesas Liquidadas""",1.1,2026-10-08T12:41:49Z,dffe2381a22799e82e7528be742a2eb70bd5452d05ebee53cefab2c7bd60a551
edu.despesa.funcao_educacao,Despesa liquidada na função Educação,1400100,Boa Vista,RR,exercício financeiro,2024,,real_2025,691092079.64,R$,"R$ de 2025 (IPCA, média anual)","Município da capital. Todos os órgãos e entidades do município que integram o orçamento fiscal e da seguridade social (administração direta, autarquias, fundações e empresas estatais dependentes), conforme declarado na DCA. Despesas classificadas na função Educação, qualquer subfunção e qualquer etapa de ensino.",OBSERVADO,sim,RECONCILIADA_MSC,,"O RREO do 6º bimestre informa R$ 122.547.917,75 (diferença de R$ 535.530.018,59 (+81,4% da DCA)). A Matriz de Saldos Contábeis de dezembro confirma o valor da DCA (R$ 658.077.936,34 liquidados na função Educação, sem intraorçamentárias). A diferença está no RREO, que não foi retificado.",nao,,siconfi_dca_anexo_i_e,"DCA 2024, Anexo I-E, conta ""12 - Educação"", coluna ""Despesas Liquidadas""; corrigido pelo IPCA (média anual) para reais de 2025",1.1,2026-10-08T12:41:49Z,dffe2381a22799e82e7528be742a2eb70bd5452d05ebee53cefab2c7bd60a551
edu.despesa.funcao_educacao,Despesa liquidada na função Educação,1400100,Boa Vista,RR,exercício financeiro,2025,,nominal,731974680.77,R$,R$ correntes do exercício,"Município da capital. Todos os órgãos e entidades do município que integram o orçamento fiscal e da seguridade social (administração direta, autarquias, fundações e empresas estatais dependentes), conforme declarado na DCA. Despesas classificadas na função Educação, qualquer subfunção e qualquer etapa de ensino.",OBSERVADO,sim,CONFERE,,,nao,,siconfi_dca_anexo_i_e,"DCA 2025, Anexo I-E, conta ""12 - Educação"", coluna ""Despesas Liquidadas""",1.1,2026-10-08T12:41:49Z,dffe2381a22799e82e7528be742a2eb70bd5452d05ebee53cefab2c7bd60a551
edu.despesa.funcao_educacao,Despesa liquidada na função Educação,1400100,Boa Vista,RR,exercício financeiro,2025,,real_2025,731974680.77,R$,"R$ de 2025 (IPCA, média anual)","Município da capital. Todos os órgãos e entidades do município que integram o orçamento fiscal e da seguridade social (administração direta, autarquias, fundações e empresas estatais dependentes), conforme declarado na DCA. Despesas classificadas na função Educação, qualquer subfunção e qualquer etapa de ensino.",OBSERVADO,sim,CONFERE,,,nao,,siconfi_dca_anexo_i_e,"DCA 2025, Anexo I-E, conta ""12 - Educação"", coluna ""Despesas Liquidadas""; corrigido pelo IPCA (média anual) para reais de 2025",1.1,2026-10-08T12:41:49Z,dffe2381a22799e82e7528be742a2eb70bd5452d05ebee53cefab2c7bd60a551
edu.despesa.funcao_educacao,Despesa liquidada na função Educação,4205407,Florianópolis,SC,exercício financeiro,2021,,nominal,546483659.32,R$,R$ correntes do exercício,"Município da capital. Todos os órgãos e entidades do município que integram o orçamento fiscal e da seguridade social (administração direta, autarquias, fundações e empresas estatais dependentes), conforme declarado na DCA. Despesas classificadas na função Educação, qualquer subfunção e qualquer etapa de ensino.",OBSERVADO,sim,CONFERE,,,nao,,siconfi_dca_anexo_i_e,"DCA 2021, Anexo I-E, conta ""12 - Educação"", coluna ""Despesas Liquidadas""",1.1,2026-10-08T12:41:49Z,dffe2381a22799e82e7528be742a2eb70bd5452d05ebee53cefab2c7bd60a551
edu.despesa.funcao_educacao,Despesa liquidada na função Educação,4205407,Florianópolis,SC,exercício financeiro,2021,,real_2025,684615869.19,R$,"R$ de 2025 (IPCA, média anual)","Município da capital. Todos os órgãos e entidades do município que integram o orçamento fiscal e da seguridade social (administração direta, autarquias, fundações e empresas estatais dependentes), conforme declarado na DCA. Despesas classificadas na função Educação, qualquer subfunção e qualquer etapa de ensino.",OBSERVADO,sim,CONFERE,,,nao,,siconfi_dca_anexo_i_e,"DCA 2021, Anexo I-E, conta ""12 - Educação"", coluna ""Despesas Liquidadas""; corrigido pelo IPCA (média anual) para reais de 2025",1.1,2026-10-08T12:41:49Z,dffe2381a22799e82e7528be742a2eb70bd5452d05ebee53cefab2c7bd60a551
edu.despesa.funcao_educacao,Despesa liquidada na função Educação,4205407,Florianópolis,SC,exercício financeiro,2022,,nominal,683151283.72,R$,R$ correntes do exercício,"Município da capital. Todos os órgãos e entidades do município que integram o orçamento fiscal e da seguridade social (administração direta, autarquias, fundações e empresas estatais dependentes), conforme declarado na DCA. Despesas classificadas na função Educação, qualquer subfunção e qualquer etapa de ensino.",OBSERVADO,sim,CONFERE,,,nao,,siconfi_dca_anexo_i_e,"DCA 2022, Anexo I-E, conta ""12 - Educação"", coluna ""Despesas Liquidadas""",1.1,2026-10-08T12:41:49Z,dffe2381a22799e82e7528be742a2eb70bd5452d05ebee53cefab2c7bd60a551
edu.despesa.funcao_educacao,Despesa liquidada na função Educação,4205407,Florianópolis,SC,exercício financeiro,2022,,real_2025,783151099.73,R$,"R$ de 2025 (IPCA, média anual)","Município da capital. Todos os órgãos e entidades do município que integram o orçamento fiscal e da seguridade social (administração direta, autarquias, fundações e empresas estatais dependentes), conforme declarado na DCA. Despesas classificadas na função Educação, qualquer subfunção e qualquer etapa de ensino.",OBSERVADO,sim,CONFERE,,,nao,,siconfi_dca_anexo_i_e,"DCA 2022, Anexo I-E, conta ""12 - Educação"", coluna ""Despesas Liquidadas""; corrigido pelo IPCA (média anual) para reais de 2025",1.1,2026-10-08T12:41:49Z,dffe2381a22799e82e7528be742a2eb70bd5452d05ebee53cefab2c7bd60a551
edu.despesa.funcao_educacao,Despesa liquidada na função Educação,4205407,Florianópolis,SC,exercício financeiro,2023,,nominal,834528666.69,R$,R$ correntes do exercício,"Município da capital. Todos os órgãos e entidades do município que integram o orçamento fiscal e da seguridade social (administração direta, autarquias, fundações e empresas estatais dependentes), conforme declarado na DCA. Despesas classificadas na função Educação, qualquer subfunção e qualquer etapa de ensino.",OBSERVADO,sim,CONFERE,,,nao,,siconfi_dca_anexo_i_e,"DCA 2023, Anexo I-E, conta ""12 - Educação"", coluna ""Despesas Liquidadas""",1.1,2026-10-08T12:41:49Z,dffe2381a22799e82e7528be742a2eb70bd5452d05ebee53cefab2c7bd60a551
edu.despesa.funcao_educacao,Despesa liquidada na função Educação,4205407,Florianópolis,SC,exercício financeiro,2023,,real_2025,914671139.65,R$,"R$ de 2025 (IPCA, média anual)","Município da capital. Todos os órgãos e entidades do município que integram o orçamento fiscal e da seguridade social (administração direta, autarquias, fundações e empresas estatais dependentes), conforme declarado na DCA. Despesas classificadas na função Educação, qualquer subfunção e qualquer etapa de ensino.",OBSERVADO,sim,CONFERE,,,nao,,siconfi_dca_anexo_i_e,"DCA 2023, Anexo I-E, conta ""12 - Educação"", coluna ""Despesas Liquidadas""; corrigido pelo IPCA (média anual) para reais de 2025",1.1,2026-10-08T12:41:49Z,dffe2381a22799e82e7528be742a2eb70bd5452d05ebee53cefab2c7bd60a551
edu.despesa.funcao_educacao,Despesa liquidada na função Educação,4205407,Florianópolis,SC,exercício financeiro,2024,,nominal,849881128.23,R$,R$ correntes do exercício,"Município da capital. Todos os órgãos e entidades do município que integram o orçamento fiscal e da seguridade social (administração direta, autarquias, fundações e empresas estatais dependentes), conforme declarado na DCA. Despesas classificadas na função Educação, qualquer subfunção e qualquer etapa de ensino.",OBSERVADO,sim,CONFERE,,,nao,,siconfi_dca_anexo_i_e,"DCA 2024, Anexo I-E, conta ""12 - Educação"", coluna ""Despesas Liquidadas""",1.1,2026-10-08T12:41:49Z,dffe2381a22799e82e7528be742a2eb70bd5452d05ebee53cefab2c7bd60a551
edu.despesa.funcao_educacao,Despesa liquidada na função Educação,4205407,Florianópolis,SC,exercício financeiro,2024,,real_2025,892517563.53,R$,"R$ de 2025 (IPCA, média anual)","Município da capital. Todos os órgãos e entidades do município que integram o orçamento fiscal e da seguridade social (administração direta, autarquias, fundações e empresas estatais dependentes), conforme declarado na DCA. Despesas classificadas na função Educação, qualquer subfunção e qualquer etapa de ensino.",OBSERVADO,sim,CONFERE,,,nao,,siconfi_dca_anexo_i_e,"DCA 2024, Anexo I-E, conta ""12 - Educação"", coluna ""Despesas Liquidadas""; corrigido pelo IPCA (média anual) para reais de 2025",1.1,2026-10-08T12:41:49Z,dffe2381a22799e82e7528be742a2eb70bd5452d05ebee53cefab2c7bd60a551
edu.despesa.funcao_educacao,Despesa liquidada na função Educação,4205407,Florianópolis,SC,exercício financeiro,2025,,nominal,858963719.14,R$,R$ correntes do exercício,"Município da capital. Todos os órgãos e entidades do município que integram o orçamento fiscal e da seguridade social (administração direta, autarquias, fundações e empresas estatais dependentes), conforme declarado na DCA. Despesas classificadas na função Educação, qualquer subfunção e qualquer etapa de ensino.",OBSERVADO,sim,CONFERE,,,nao,,siconfi_dca_anexo_i_e,"DCA 2025, Anexo I-E, conta ""12 - Educação"", coluna ""Despesas Liquidadas""",1.1,2026-10-08T12:41:49Z,dffe2381a22799e82e7528be742a2eb70bd5452d05ebee53cefab2c7bd60a551
edu.despesa.funcao_educacao,Despesa liquidada na função Educação,4205407,Florianópolis,SC,exercício financeiro,2025,,real_2025,858963719.14,R$,"R$ de 2025 (IPCA, média anual)","Município da capital. Todos os órgãos e entidades do município que integram o orçamento fiscal e da seguridade social (administração direta, autarquias, fundações e empresas estatais dependentes), conforme declarado na DCA. Despesas classificadas na função Educação, qualquer subfunção e qualquer etapa de ensino.",OBSERVADO,sim,CONFERE,,,nao,,siconfi_dca_anexo_i_e,"DCA 2025, Anexo I-E, conta ""12 - Educação"", coluna ""Despesas Liquidadas""; corrigido pelo IPCA (média anual) para reais de 2025",1.1,2026-10-08T12:41:49Z,dffe2381a22799e82e7528be742a2eb70bd5452d05ebee53cefab2c7bd60a551
edu.despesa.funcao_educacao,Despesa liquidada na função Educação,3550308,São Paulo,SP,exercício financeiro,2021,,nominal,13730649173.95,R$,R$ correntes do exercício,"Município da capital. Todos os órgãos e entidades do município que integram o orçamento fiscal e da seguridade social (administração direta, autarquias, fundações e empresas estatais dependentes), conforme declarado na DCA. Despesas classificadas na função Educação, qualquer subfunção e qualquer etapa de ensino.",OBSERVADO,sim,CONFERE,,,nao,,siconfi_dca_anexo_i_e,"DCA 2021, Anexo I-E, conta ""12 - Educação"", coluna ""Despesas Liquidadas""",1.1,2026-10-08T12:41:49Z,dffe2381a22799e82e7528be742a2eb70bd5452d05ebee53cefab2c7bd60a551
edu.despesa.funcao_educacao,Despesa liquidada na função Educação,3550308,São Paulo,SP,exercício financeiro,2021,,real_2025,17201283439.05,R$,"R$ de 2025 (IPCA, média anual)","Município da capital. Todos os órgãos e entidades do município que integram o orçamento fiscal e da seguridade social (administração direta, autarquias, fundações e empresas estatais dependentes), conforme declarado na DCA. Despesas classificadas na função Educação, qualquer subfunção e qualquer etapa de ensino.",OBSERVADO,sim,CONFERE,,,nao,,siconfi_dca_anexo_i_e,"DCA 2021, Anexo I-E, conta ""12 - Educação"", coluna ""Despesas Liquidadas""; corrigido pelo IPCA (média anual) para reais de 2025",1.1,2026-10-08T12:41:49Z,dffe2381a22799e82e7528be742a2eb70bd5452d05ebee53cefab2c7bd60a551
edu.despesa.funcao_educacao,Despesa liquidada na função Educação,3550308,São Paulo,SP,exercício financeiro,2022,,nominal,16125803253.28,R$,R$ correntes do exercício,"Município da capital. Todos os órgãos e entidades do município que integram o orçamento fiscal e da seguridade social (administração direta, autarquias, fundações e empresas estatais dependentes), conforme declarado na DCA. Despesas classificadas na função Educação, qualquer subfunção e qualquer etapa de ensino.",OBSERVADO,sim,CONFERE,,,nao,,siconfi_dca_anexo_i_e,"DCA 2022, Anexo I-E, conta ""12 - Educação"", coluna ""Despesas Liquidadas""",1.1,2026-10-08T12:41:49Z,dffe2381a22799e82e7528be742a2eb70bd5452d05ebee53cefab2c7bd60a551
edu.despesa.funcao_educacao,Despesa liquidada na função Educação,3550308,São Paulo,SP,exercício financeiro,2022,,real_2025,18486301428.04,R$,"R$ de 2025 (IPCA, média anual)","Município da capital. Todos os órgãos e entidades do município que integram o orçamento fiscal e da seguridade social (administração direta, autarquias, fundações e empresas estatais dependentes), conforme declarado na DCA. Despesas classificadas na função Educação, qualquer subfunção e qualquer etapa de ensino.",OBSERVADO,sim,CONFERE,,,nao,,siconfi_dca_anexo_i_e,"DCA 2022, Anexo I-E, conta ""12 - Educação"", coluna ""Despesas Liquidadas""; corrigido pelo IPCA (média anual) para reais de 2025",1.1,2026-10-08T12:41:49Z,dffe2381a22799e82e7528be742a2eb70bd5452d05ebee53cefab2c7bd60a551
edu.despesa.funcao_educacao,Despesa liquidada na função Educação,3550308,São Paulo,SP,exercício financeiro,2023,,nominal,19185940956.86,R$,R$ correntes do exercício,"Município da capital. Todos os órgãos e entidades do município que integram o orçamento fiscal e da seguridade social (administração direta, autarquias, fundações e empresas estatais dependentes), conforme declarado na DCA. Despesas classificadas na função Educação, qualquer subfunção e qualquer etapa de ensino.",OBSERVADO,sim,CONFERE,,,nao,,siconfi_dca_anexo_i_e,"DCA 2023, Anexo I-E, conta ""12 - Educação"", coluna ""Despesas Liquidadas""",1.1,2026-10-08T12:41:49Z,dffe2381a22799e82e7528be742a2eb70bd5452d05ebee53cefab2c7bd60a551
edu.despesa.funcao_educacao,Despesa liquidada na função Educação,3550308,São Paulo,SP,exercício financeiro,2023,,real_2025,21028428597.71,R$,"R$ de 2025 (IPCA, média anual)","Município da capital. Todos os órgãos e entidades do município que integram o orçamento fiscal e da seguridade social (administração direta, autarquias, fundações e empresas estatais dependentes), conforme declarado na DCA. Despesas classificadas na função Educação, qualquer subfunção e qualquer etapa de ensino.",OBSERVADO,sim,CONFERE,,,nao,,siconfi_dca_anexo_i_e,"DCA 2023, Anexo I-E, conta ""12 - Educação"", coluna ""Despesas Liquidadas""; corrigido pelo IPCA (média anual) para reais de 2025",1.1,2026-10-08T12:41:49Z,dffe2381a22799e82e7528be742a2eb70bd5452d05ebee53cefab2c7bd60a551
edu.despesa.funcao_educacao,Despesa liquidada na função Educação,3550308,São Paulo,SP,exercício financeiro,2024,,nominal,22334221416.7,R$,R$ correntes do exercício,"Município da capital. Todos os órgãos e entidades do município que integram o orçamento fiscal e da seguridade social (administração direta, autarquias, fundações e empresas estatais dependentes), conforme declarado na DCA. Despesas classificadas na função Educação, qualquer subfunção e qualquer etapa de ensino.",OBSERVADO,sim,CONFERE,,,nao,,siconfi_dca_anexo_i_e,"DCA 2024, Anexo I-E, conta ""12 - Educação"", coluna ""Despesas Liquidadas""",1.1,2026-10-08T12:41:49Z,dffe2381a22799e82e7528be742a2eb70bd5452d05ebee53cefab2c7bd60a551
edu.despesa.funcao_educacao,Despesa liquidada na função Educação,3550308,São Paulo,SP,exercício financeiro,2024,,real_2025,23454674094.98,R$,"R$ de 2025 (IPCA, média anual)","Município da capital. Todos os órgãos e entidades do município que integram o orçamento fiscal e da seguridade social (administração direta, autarquias, fundações e empresas estatais dependentes), conforme declarado na DCA. Despesas classificadas na função Educação, qualquer subfunção e qualquer etapa de ensino.",OBSERVADO,sim,CONFERE,,,nao,,siconfi_dca_anexo_i_e,"DCA 2024, Anexo I-E, conta ""12 - Educação"", coluna ""Despesas Liquidadas""; corrigido pelo IPCA (média anual) para reais de 2025",1.1,2026-10-08T12:41:49Z,dffe2381a22799e82e7528be742a2eb70bd5452d05ebee53cefab2c7bd60a551
edu.despesa.funcao_educacao,Despesa liquidada na função Educação,3550308,São Paulo,SP,exercício financeiro,2025,,nominal,23584096338.05,R$,R$ correntes do exercício,"Município da capital. Todos os órgãos e entidades do município que integram o orçamento fiscal e da seguridade social (administração direta, autarquias, fundações e empresas estatais dependentes), conforme declarado na DCA. Despesas classificadas na função Educação, qualquer subfunção e qualquer etapa de ensino.",OBSERVADO,sim,CONFERE,,,nao,,siconfi_dca_anexo_i_e,"DCA 2025, Anexo I-E, conta ""12 - Educação"", coluna ""Despesas Liquidadas""",1.1,2026-10-08T12:41:49Z,dffe2381a22799e82e7528be742a2eb70bd5452d05ebee53cefab2c7bd60a551
edu.despesa.funcao_educacao,Despesa liquidada na função Educação,3550308,São Paulo,SP,exercício financeiro,2025,,real_2025,23584096338.05,R$,"R$ de 2025 (IPCA, média anual)","Município da capital. Todos os órgãos e entidades do município que integram o orçamento fiscal e da seguridade social (administração direta, autarquias, fundações e empresas estatais dependentes), conforme declarado na DCA. Despesas classificadas na função Educação, qualquer subfunção e qualquer etapa de ensino.",OBSERVADO,sim,CONFERE,,,nao,,siconfi_dca_anexo_i_e,"DCA 2025, Anexo I-E, conta ""12 - Educação"", coluna ""Despesas Liquidadas""; corrigido pelo IPCA (média anual) para reais de 2025",1.1,2026-10-08T12:41:49Z,dffe2381a22799e82e7528be742a2eb70bd5452d05ebee53cefab2c7bd60a551
edu.despesa.funcao_educacao,Despesa liquidada na função Educação,2800308,Aracaju,SE,exercício financeiro,2021,,nominal,232207750.6,R$,R$ correntes do exercício,"Município da capital. Todos os órgãos e entidades do município que integram o orçamento fiscal e da seguridade social (administração direta, autarquias, fundações e empresas estatais dependentes), conforme declarado na DCA. Despesas classificadas na função Educação, qualquer subfunção e qualquer etapa de ensino.",OBSERVADO,sim,CONFERE,,,nao,,siconfi_dca_anexo_i_e,"DCA 2021, Anexo I-E, conta ""12 - Educação"", coluna ""Despesas Liquidadas""",1.1,2026-10-08T12:41:49Z,dffe2381a22799e82e7528be742a2eb70bd5452d05ebee53cefab2c7bd60a551
edu.despesa.funcao_educacao,Despesa liquidada na função Educação,2800308,Aracaju,SE,exercício financeiro,2021,,real_2025,290901856.44,R$,"R$ de 2025 (IPCA, média anual)","Município da capital. Todos os órgãos e entidades do município que integram o orçamento fiscal e da seguridade social (administração direta, autarquias, fundações e empresas estatais dependentes), conforme declarado na DCA. Despesas classificadas na função Educação, qualquer subfunção e qualquer etapa de ensino.",OBSERVADO,sim,CONFERE,,,nao,,siconfi_dca_anexo_i_e,"DCA 2021, Anexo I-E, conta ""12 - Educação"", coluna ""Despesas Liquidadas""; corrigido pelo IPCA (média anual) para reais de 2025",1.1,2026-10-08T12:41:49Z,dffe2381a22799e82e7528be742a2eb70bd5452d05ebee53cefab2c7bd60a551
edu.despesa.funcao_educacao,Despesa liquidada na função Educação,2800308,Aracaju,SE,exercício financeiro,2022,,nominal,345521690.25,R$,R$ correntes do exercício,"Município da capital. Todos os órgãos e entidades do município que integram o orçamento fiscal e da seguridade social (administração direta, autarquias, fundações e empresas estatais dependentes), conforme declarado na DCA. Despesas classificadas na função Educação, qualquer subfunção e qualquer etapa de ensino.",OBSERVADO,sim,CONFERE,,,nao,,siconfi_dca_anexo_i_e,"DCA 2022, Anexo I-E, conta ""12 - Educação"", coluna ""Despesas Liquidadas""",1.1,2026-10-08T12:41:49Z,dffe2381a22799e82e7528be742a2eb70bd5452d05ebee53cefab2c7bd60a551
edu.despesa.funcao_educacao,Despesa liquidada na função Educação,2800308,Aracaju,SE,exercício financeiro,2022,,real_2025,396099221.57,R$,"R$ de 2025 (IPCA, média anual)","Município da capital. Todos os órgãos e entidades do município que integram o orçamento fiscal e da seguridade social (administração direta, autarquias, fundações e empresas estatais dependentes), conforme declarado na DCA. Despesas classificadas na função Educação, qualquer subfunção e qualquer etapa de ensino.",OBSERVADO,sim,CONFERE,,,nao,,siconfi_dca_anexo_i_e,"DCA 2022, Anexo I-E, conta ""12 - Educação"", coluna ""Despesas Liquidadas""; corrigido pelo IPCA (média anual) para reais de 2025",1.1,2026-10-08T12:41:49Z,dffe2381a22799e82e7528be742a2eb70bd5452d05ebee53cefab2c7bd60a551
edu.despesa.funcao_educacao,Despesa liquidada na função Educação,2800308,Aracaju,SE,exercício financeiro,2023,,nominal,462463887.43,R$,R$ correntes do exercício,"Município da capital. Todos os órgãos e entidades do município que integram o orçamento fiscal e da seguridade social (administração direta, autarquias, fundações e empresas estatais dependentes), conforme declarado na DCA. Despesas classificadas na função Educação, qualquer subfunção e qualquer etapa de ensino.",OBSERVADO,sim,CONFERE,,,nao,,siconfi_dca_anexo_i_e,"DCA 2023, Anexo I-E, conta ""12 - Educação"", coluna ""Despesas Liquidadas""",1.1,2026-10-08T12:41:49Z,dffe2381a22799e82e7528be742a2eb70bd5452d05ebee53cefab2c7bd60a551
edu.despesa.funcao_educacao,Despesa liquidada na função Educação,2800308,Aracaju,SE,exercício financeiro,2023,,real_2025,506875782.52,R$,"R$ de 2025 (IPCA, média anual)","Município da capital. Todos os órgãos e entidades do município que integram o orçamento fiscal e da seguridade social (administração direta, autarquias, fundações e empresas estatais dependentes), conforme declarado na DCA. Despesas classificadas na função Educação, qualquer subfunção e qualquer etapa de ensino.",OBSERVADO,sim,CONFERE,,,nao,,siconfi_dca_anexo_i_e,"DCA 2023, Anexo I-E, conta ""12 - Educação"", coluna ""Despesas Liquidadas""; corrigido pelo IPCA (média anual) para reais de 2025",1.1,2026-10-08T12:41:49Z,dffe2381a22799e82e7528be742a2eb70bd5452d05ebee53cefab2c7bd60a551
edu.despesa.funcao_educacao,Despesa liquidada na função Educação,2800308,Aracaju,SE,exercício financeiro,2024,,nominal,543493946.5,R$,R$ correntes do exercício,"Município da capital. Todos os órgãos e entidades do município que integram o orçamento fiscal e da seguridade social (administração direta, autarquias, fundações e empresas estatais dependentes), conforme declarado na DCA. Despesas classificadas na função Educação, qualquer subfunção e qualquer etapa de ensino.",OBSERVADO,sim,CONFERE,,,nao,,siconfi_dca_anexo_i_e,"DCA 2024, Anexo I-E, conta ""12 - Educação"", coluna ""Despesas Liquidadas""",1.1,2026-10-08T12:41:49Z,dffe2381a22799e82e7528be742a2eb70bd5452d05ebee53cefab2c7bd60a551
edu.despesa.funcao_educacao,Despesa liquidada na função Educação,2800308,Aracaju,SE,exercício financeiro,2024,,real_2025,570759694.28,R$,"R$ de 2025 (IPCA, média anual)","Município da capital. Todos os órgãos e entidades do município que integram o orçamento fiscal e da seguridade social (administração direta, autarquias, fundações e empresas estatais dependentes), conforme declarado na DCA. Despesas classificadas na função Educação, qualquer subfunção e qualquer etapa de ensino.",OBSERVADO,sim,CONFERE,,,nao,,siconfi_dca_anexo_i_e,"DCA 2024, Anexo I-E, conta ""12 - Educação"", coluna ""Despesas Liquidadas""; corrigido pelo IPCA (média anual) para reais de 2025",1.1,2026-10-08T12:41:49Z,dffe2381a22799e82e7528be742a2eb70bd5452d05ebee53cefab2c7bd60a551
edu.despesa.funcao_educacao,Despesa liquidada na função Educação,2800308,Aracaju,SE,exercício financeiro,2025,,nominal,566422643.48,R$,R$ correntes do exercício,"Município da capital. Todos os órgãos e entidades do município que integram o orçamento fiscal e da seguridade social (administração direta, autarquias, fundações e empresas estatais dependentes), conforme declarado na DCA. Despesas classificadas na função Educação, qualquer subfunção e qualquer etapa de ensino.",OBSERVADO,sim,CONFERE,,,nao,,siconfi_dca_anexo_i_e,"DCA 2025, Anexo I-E, conta ""12 - Educação"", coluna ""Despesas Liquidadas""",1.1,2026-10-08T12:41:49Z,dffe2381a22799e82e7528be742a2eb70bd5452d05ebee53cefab2c7bd60a551
edu.despesa.funcao_educacao,Despesa liquidada na função Educação,2800308,Aracaju,SE,exercício financeiro,2025,,real_2025,566422643.48,R$,"R$ de 2025 (IPCA, média anual)","Município da capital. Todos os órgãos e entidades do município que integram o orçamento fiscal e da seguridade social (administração direta, autarquias, fundações e empresas estatais dependentes), conforme declarado na DCA. Despesas classificadas na função Educação, qualquer subfunção e qualquer etapa de ensino.",OBSERVADO,sim,CONFERE,,,nao,,siconfi_dca_anexo_i_e,"DCA 2025, Anexo I-E, conta ""12 - Educação"", coluna ""Despesas Liquidadas""; corrigido pelo IPCA (média anual) para reais de 2025",1.1,2026-10-08T12:41:49Z,dffe2381a22799e82e7528be742a2eb70bd5452d05ebee53cefab2c7bd60a551
edu.despesa.funcao_educacao,Despesa liquidada na função Educação,1721000,Palmas,TO,exercício financeiro,2021,,nominal,368392851.11,R$,R$ correntes do exercício,"Município da capital. Todos os órgãos e entidades do município que integram o orçamento fiscal e da seguridade social (administração direta, autarquias, fundações e empresas estatais dependentes), conforme declarado na DCA. Despesas classificadas na função Educação, qualquer subfunção e qualquer etapa de ensino.",OBSERVADO,sim,DIFERENCA_MENOR,,"O RREO do 6º bimestre informa R$ 368.403.757,18; a DCA informa R$ 368.392.851,11. Diferença de −R$ 10.906,07 (−0,003% da DCA), abaixo do limiar de 0,1%.",nao,,siconfi_dca_anexo_i_e,"DCA 2021, Anexo I-E, conta ""12 - Educação"", coluna ""Despesas Liquidadas""",1.1,2026-10-08T12:41:49Z,dffe2381a22799e82e7528be742a2eb70bd5452d05ebee53cefab2c7bd60a551
edu.despesa.funcao_educacao,Despesa liquidada na função Educação,1721000,Palmas,TO,exercício financeiro,2021,,real_2025,461509850.6,R$,"R$ de 2025 (IPCA, média anual)","Município da capital. Todos os órgãos e entidades do município que integram o orçamento fiscal e da seguridade social (administração direta, autarquias, fundações e empresas estatais dependentes), conforme declarado na DCA. Despesas classificadas na função Educação, qualquer subfunção e qualquer etapa de ensino.",OBSERVADO,sim,DIFERENCA_MENOR,,"O RREO do 6º bimestre informa R$ 368.403.757,18; a DCA informa R$ 368.392.851,11. Diferença de −R$ 10.906,07 (−0,003% da DCA), abaixo do limiar de 0,1%.",nao,,siconfi_dca_anexo_i_e,"DCA 2021, Anexo I-E, conta ""12 - Educação"", coluna ""Despesas Liquidadas""; corrigido pelo IPCA (média anual) para reais de 2025",1.1,2026-10-08T12:41:49Z,dffe2381a22799e82e7528be742a2eb70bd5452d05ebee53cefab2c7bd60a551
edu.despesa.funcao_educacao,Despesa liquidada na função Educação,1721000,Palmas,TO,exercício financeiro,2022,,nominal,490694498.55,R$,R$ correntes do exercício,"Município da capital. Todos os órgãos e entidades do município que integram o orçamento fiscal e da seguridade social (administração direta, autarquias, fundações e empresas estatais dependentes), conforme declarado na DCA. Despesas classificadas na função Educação, qualquer subfunção e qualquer etapa de ensino.",OBSERVADO,sim,CONFERE,,,nao,,siconfi_dca_anexo_i_e,"DCA 2022, Anexo I-E, conta ""12 - Educação"", coluna ""Despesas Liquidadas""",1.1,2026-10-08T12:41:49Z,dffe2381a22799e82e7528be742a2eb70bd5452d05ebee53cefab2c7bd60a551
edu.despesa.funcao_educacao,Despesa liquidada na função Educação,1721000,Palmas,TO,exercício financeiro,2022,,real_2025,562522453.41,R$,"R$ de 2025 (IPCA, média anual)","Município da capital. Todos os órgãos e entidades do município que integram o orçamento fiscal e da seguridade social (administração direta, autarquias, fundações e empresas estatais dependentes), conforme declarado na DCA. Despesas classificadas na função Educação, qualquer subfunção e qualquer etapa de ensino.",OBSERVADO,sim,CONFERE,,,nao,,siconfi_dca_anexo_i_e,"DCA 2022, Anexo I-E, conta ""12 - Educação"", coluna ""Despesas Liquidadas""; corrigido pelo IPCA (média anual) para reais de 2025",1.1,2026-10-08T12:41:49Z,dffe2381a22799e82e7528be742a2eb70bd5452d05ebee53cefab2c7bd60a551
edu.despesa.funcao_educacao,Despesa liquidada na função Educação,1721000,Palmas,TO,exercício financeiro,2023,,nominal,539202711.54,R$,R$ correntes do exercício,"Município da capital. Todos os órgãos e entidades do município que integram o orçamento fiscal e da seguridade social (administração direta, autarquias, fundações e empresas estatais dependentes), conforme declarado na DCA. Despesas classificadas na função Educação, qualquer subfunção e qualquer etapa de ensino.",OBSERVADO,sim,CONFERE,,,nao,,siconfi_dca_anexo_i_e,"DCA 2023, Anexo I-E, conta ""12 - Educação"", coluna ""Despesas Liquidadas""",1.1,2026-10-08T12:41:49Z,dffe2381a22799e82e7528be742a2eb70bd5452d05ebee53cefab2c7bd60a551
edu.despesa.funcao_educacao,Despesa liquidada na função Educação,1721000,Palmas,TO,exercício financeiro,2023,,real_2025,590984082.81,R$,"R$ de 2025 (IPCA, média anual)","Município da capital. Todos os órgãos e entidades do município que integram o orçamento fiscal e da seguridade social (administração direta, autarquias, fundações e empresas estatais dependentes), conforme declarado na DCA. Despesas classificadas na função Educação, qualquer subfunção e qualquer etapa de ensino.",OBSERVADO,sim,CONFERE,,,nao,,siconfi_dca_anexo_i_e,"DCA 2023, Anexo I-E, conta ""12 - Educação"", coluna ""Despesas Liquidadas""; corrigido pelo IPCA (média anual) para reais de 2025",1.1,2026-10-08T12:41:49Z,dffe2381a22799e82e7528be742a2eb70bd5452d05ebee53cefab2c7bd60a551
edu.despesa.funcao_educacao,Despesa liquidada na função Educação,1721000,Palmas,TO,exercício financeiro,2024,,nominal,611175059.22,R$,R$ correntes do exercício,"Município da capital. Todos os órgãos e entidades do município que integram o orçamento fiscal e da seguridade social (administração direta, autarquias, fundações e empresas estatais dependentes), conforme declarado na DCA. Despesas classificadas na função Educação, qualquer subfunção e qualquer etapa de ensino.",OBSERVADO,sim,CONFERE,,,nao,,siconfi_dca_anexo_i_e,"DCA 2024, Anexo I-E, conta ""12 - Educação"", coluna ""Despesas Liquidadas""",1.1,2026-10-08T12:41:49Z,dffe2381a22799e82e7528be742a2eb70bd5452d05ebee53cefab2c7bd60a551
edu.despesa.funcao_educacao,Despesa liquidada na função Educação,1721000,Palmas,TO,exercício financeiro,2024,,real_2025,641836201.12,R$,"R$ de 2025 (IPCA, média anual)","Município da capital. Todos os órgãos e entidades do município que integram o orçamento fiscal e da seguridade social (administração direta, autarquias, fundações e empresas estatais dependentes), conforme declarado na DCA. Despesas classificadas na função Educação, qualquer subfunção e qualquer etapa de ensino.",OBSERVADO,sim,CONFERE,,,nao,,siconfi_dca_anexo_i_e,"DCA 2024, Anexo I-E, conta ""12 - Educação"", coluna ""Despesas Liquidadas""; corrigido pelo IPCA (média anual) para reais de 2025",1.1,2026-10-08T12:41:49Z,dffe2381a22799e82e7528be742a2eb70bd5452d05ebee53cefab2c7bd60a551
edu.despesa.funcao_educacao,Despesa liquidada na função Educação,1721000,Palmas,TO,exercício financeiro,2025,,nominal,644229369.37,R$,R$ correntes do exercício,"Município da capital. Todos os órgãos e entidades do município que integram o orçamento fiscal e da seguridade social (administração direta, autarquias, fundações e empresas estatais dependentes), conforme declarado na DCA. Despesas classificadas na função Educação, qualquer subfunção e qualquer etapa de ensino.",OBSERVADO,sim,CONFERE,,,nao,,siconfi_dca_anexo_i_e,"DCA 2025, Anexo I-E, conta ""12 - Educação"", coluna ""Despesas Liquidadas""",1.1,2026-10-08T12:41:49Z,dffe2381a22799e82e7528be742a2eb70bd5452d05ebee53cefab2c7bd60a551
edu.despesa.funcao_educacao,Despesa liquidada na função Educação,1721000,Palmas,TO,exercício financeiro,2025,,real_2025,644229369.37,R$,"R$ de 2025 (IPCA, média anual)","Município da capital. Todos os órgãos e entidades do município que integram o orçamento fiscal e da seguridade social (administração direta, autarquias, fundações e empresas estatais dependentes), conforme declarado na DCA. Despesas classificadas na função Educação, qualquer subfunção e qualquer etapa de ensino.",OBSERVADO,sim,CONFERE,,,nao,,siconfi_dca_anexo_i_e,"DCA 2025, Anexo I-E, conta ""12 - Educação"", coluna ""Despesas Liquidadas""; corrigido pelo IPCA (média anual) para reais de 2025",1.1,2026-10-08T12:41:49Z,dffe2381a22799e82e7528be742a2eb70bd5452d05ebee53cefab2c7bd60a551
