indicador,codigo_ibge,capital,uf,ano,etapa,componente,valor,unidade,status,nota,participacao_pct,comparavel_entre_capitais,fonte,registro
edu.matriculas.conveniadas_municipais,1200401,Rio Branco,AC,2021,Total da educação básica,,0,matrículas,OBSERVADO,,,sim,inep_censo_2021,"Censo Escolar 2021, escolas com CO_MUNICIPIO = 1200401 e TP_DEPENDENCIA = 4, IN_PODER_PUBLICO_PARCERIA = 1, TP_PODER_PUBLICO_PARCERIA = 1"
edu.matriculas.conveniadas_municipais,1200401,Rio Branco,AC,2021,Creche,,0,matrículas,OBSERVADO,,,sim,inep_censo_2021,"Censo Escolar 2021, escolas com CO_MUNICIPIO = 1200401 e TP_DEPENDENCIA = 4, IN_PODER_PUBLICO_PARCERIA = 1, TP_PODER_PUBLICO_PARCERIA = 1"
edu.matriculas.conveniadas_municipais,1200401,Rio Branco,AC,2021,Pré-escola,,0,matrículas,OBSERVADO,,,sim,inep_censo_2021,"Censo Escolar 2021, escolas com CO_MUNICIPIO = 1200401 e TP_DEPENDENCIA = 4, IN_PODER_PUBLICO_PARCERIA = 1, TP_PODER_PUBLICO_PARCERIA = 1"
edu.matriculas.conveniadas_municipais,1200401,Rio Branco,AC,2021,"Ensino fundamental, anos iniciais",,0,matrículas,OBSERVADO,,,sim,inep_censo_2021,"Censo Escolar 2021, escolas com CO_MUNICIPIO = 1200401 e TP_DEPENDENCIA = 4, IN_PODER_PUBLICO_PARCERIA = 1, TP_PODER_PUBLICO_PARCERIA = 1"
edu.matriculas.conveniadas_municipais,1200401,Rio Branco,AC,2021,"Ensino fundamental, anos finais",,0,matrículas,OBSERVADO,,,sim,inep_censo_2021,"Censo Escolar 2021, escolas com CO_MUNICIPIO = 1200401 e TP_DEPENDENCIA = 4, IN_PODER_PUBLICO_PARCERIA = 1, TP_PODER_PUBLICO_PARCERIA = 1"
edu.matriculas.conveniadas_municipais,1200401,Rio Branco,AC,2021,Ensino médio,,0,matrículas,OBSERVADO,,,sim,inep_censo_2021,"Censo Escolar 2021, escolas com CO_MUNICIPIO = 1200401 e TP_DEPENDENCIA = 4, IN_PODER_PUBLICO_PARCERIA = 1, TP_PODER_PUBLICO_PARCERIA = 1"
edu.matriculas.conveniadas_municipais,1200401,Rio Branco,AC,2021,Educação de jovens e adultos,,0,matrículas,OBSERVADO,,,sim,inep_censo_2021,"Censo Escolar 2021, escolas com CO_MUNICIPIO = 1200401 e TP_DEPENDENCIA = 4, IN_PODER_PUBLICO_PARCERIA = 1, TP_PODER_PUBLICO_PARCERIA = 1"
edu.matriculas.conveniadas_municipais,1200401,Rio Branco,AC,2021,Educação profissional não integrada,,0,matrículas,OBSERVADO,,,sim,inep_censo_2021,"Censo Escolar 2021, escolas com CO_MUNICIPIO = 1200401 e TP_DEPENDENCIA = 4, IN_PODER_PUBLICO_PARCERIA = 1, TP_PODER_PUBLICO_PARCERIA = 1"
edu.matriculas.conveniadas_municipais,2704302,Maceió,AL,2021,Total da educação básica,,0,matrículas,OBSERVADO,,,sim,inep_censo_2021,"Censo Escolar 2021, escolas com CO_MUNICIPIO = 2704302 e TP_DEPENDENCIA = 4, IN_PODER_PUBLICO_PARCERIA = 1, TP_PODER_PUBLICO_PARCERIA = 1"
edu.matriculas.conveniadas_municipais,2704302,Maceió,AL,2021,Creche,,0,matrículas,OBSERVADO,,,sim,inep_censo_2021,"Censo Escolar 2021, escolas com CO_MUNICIPIO = 2704302 e TP_DEPENDENCIA = 4, IN_PODER_PUBLICO_PARCERIA = 1, TP_PODER_PUBLICO_PARCERIA = 1"
edu.matriculas.conveniadas_municipais,2704302,Maceió,AL,2021,Pré-escola,,0,matrículas,OBSERVADO,,,sim,inep_censo_2021,"Censo Escolar 2021, escolas com CO_MUNICIPIO = 2704302 e TP_DEPENDENCIA = 4, IN_PODER_PUBLICO_PARCERIA = 1, TP_PODER_PUBLICO_PARCERIA = 1"
edu.matriculas.conveniadas_municipais,2704302,Maceió,AL,2021,"Ensino fundamental, anos iniciais",,0,matrículas,OBSERVADO,,,sim,inep_censo_2021,"Censo Escolar 2021, escolas com CO_MUNICIPIO = 2704302 e TP_DEPENDENCIA = 4, IN_PODER_PUBLICO_PARCERIA = 1, TP_PODER_PUBLICO_PARCERIA = 1"
edu.matriculas.conveniadas_municipais,2704302,Maceió,AL,2021,"Ensino fundamental, anos finais",,0,matrículas,OBSERVADO,,,sim,inep_censo_2021,"Censo Escolar 2021, escolas com CO_MUNICIPIO = 2704302 e TP_DEPENDENCIA = 4, IN_PODER_PUBLICO_PARCERIA = 1, TP_PODER_PUBLICO_PARCERIA = 1"
edu.matriculas.conveniadas_municipais,2704302,Maceió,AL,2021,Ensino médio,,0,matrículas,OBSERVADO,,,sim,inep_censo_2021,"Censo Escolar 2021, escolas com CO_MUNICIPIO = 2704302 e TP_DEPENDENCIA = 4, IN_PODER_PUBLICO_PARCERIA = 1, TP_PODER_PUBLICO_PARCERIA = 1"
edu.matriculas.conveniadas_municipais,2704302,Maceió,AL,2021,Educação de jovens e adultos,,0,matrículas,OBSERVADO,,,sim,inep_censo_2021,"Censo Escolar 2021, escolas com CO_MUNICIPIO = 2704302 e TP_DEPENDENCIA = 4, IN_PODER_PUBLICO_PARCERIA = 1, TP_PODER_PUBLICO_PARCERIA = 1"
edu.matriculas.conveniadas_municipais,2704302,Maceió,AL,2021,Educação profissional não integrada,,0,matrículas,OBSERVADO,,,sim,inep_censo_2021,"Censo Escolar 2021, escolas com CO_MUNICIPIO = 2704302 e TP_DEPENDENCIA = 4, IN_PODER_PUBLICO_PARCERIA = 1, TP_PODER_PUBLICO_PARCERIA = 1"
edu.matriculas.conveniadas_municipais,1600303,Macapá,AP,2021,Total da educação básica,,0,matrículas,OBSERVADO,,,sim,inep_censo_2021,"Censo Escolar 2021, escolas com CO_MUNICIPIO = 1600303 e TP_DEPENDENCIA = 4, IN_PODER_PUBLICO_PARCERIA = 1, TP_PODER_PUBLICO_PARCERIA = 1"
edu.matriculas.conveniadas_municipais,1600303,Macapá,AP,2021,Creche,,0,matrículas,OBSERVADO,,,sim,inep_censo_2021,"Censo Escolar 2021, escolas com CO_MUNICIPIO = 1600303 e TP_DEPENDENCIA = 4, IN_PODER_PUBLICO_PARCERIA = 1, TP_PODER_PUBLICO_PARCERIA = 1"
edu.matriculas.conveniadas_municipais,1600303,Macapá,AP,2021,Pré-escola,,0,matrículas,OBSERVADO,,,sim,inep_censo_2021,"Censo Escolar 2021, escolas com CO_MUNICIPIO = 1600303 e TP_DEPENDENCIA = 4, IN_PODER_PUBLICO_PARCERIA = 1, TP_PODER_PUBLICO_PARCERIA = 1"
edu.matriculas.conveniadas_municipais,1600303,Macapá,AP,2021,"Ensino fundamental, anos iniciais",,0,matrículas,OBSERVADO,,,sim,inep_censo_2021,"Censo Escolar 2021, escolas com CO_MUNICIPIO = 1600303 e TP_DEPENDENCIA = 4, IN_PODER_PUBLICO_PARCERIA = 1, TP_PODER_PUBLICO_PARCERIA = 1"
edu.matriculas.conveniadas_municipais,1600303,Macapá,AP,2021,"Ensino fundamental, anos finais",,0,matrículas,OBSERVADO,,,sim,inep_censo_2021,"Censo Escolar 2021, escolas com CO_MUNICIPIO = 1600303 e TP_DEPENDENCIA = 4, IN_PODER_PUBLICO_PARCERIA = 1, TP_PODER_PUBLICO_PARCERIA = 1"
edu.matriculas.conveniadas_municipais,1600303,Macapá,AP,2021,Ensino médio,,0,matrículas,OBSERVADO,,,sim,inep_censo_2021,"Censo Escolar 2021, escolas com CO_MUNICIPIO = 1600303 e TP_DEPENDENCIA = 4, IN_PODER_PUBLICO_PARCERIA = 1, TP_PODER_PUBLICO_PARCERIA = 1"
edu.matriculas.conveniadas_municipais,1600303,Macapá,AP,2021,Educação de jovens e adultos,,0,matrículas,OBSERVADO,,,sim,inep_censo_2021,"Censo Escolar 2021, escolas com CO_MUNICIPIO = 1600303 e TP_DEPENDENCIA = 4, IN_PODER_PUBLICO_PARCERIA = 1, TP_PODER_PUBLICO_PARCERIA = 1"
edu.matriculas.conveniadas_municipais,1600303,Macapá,AP,2021,Educação profissional não integrada,,0,matrículas,OBSERVADO,,,sim,inep_censo_2021,"Censo Escolar 2021, escolas com CO_MUNICIPIO = 1600303 e TP_DEPENDENCIA = 4, IN_PODER_PUBLICO_PARCERIA = 1, TP_PODER_PUBLICO_PARCERIA = 1"
edu.matriculas.conveniadas_municipais,1302603,Manaus,AM,2021,Total da educação básica,,1078,matrículas,OBSERVADO,,,sim,inep_censo_2021,"Censo Escolar 2021, escolas com CO_MUNICIPIO = 1302603 e TP_DEPENDENCIA = 4, IN_PODER_PUBLICO_PARCERIA = 1, TP_PODER_PUBLICO_PARCERIA = 1"
edu.matriculas.conveniadas_municipais,1302603,Manaus,AM,2021,Creche,,208,matrículas,OBSERVADO,,,sim,inep_censo_2021,"Censo Escolar 2021, escolas com CO_MUNICIPIO = 1302603 e TP_DEPENDENCIA = 4, IN_PODER_PUBLICO_PARCERIA = 1, TP_PODER_PUBLICO_PARCERIA = 1"
edu.matriculas.conveniadas_municipais,1302603,Manaus,AM,2021,Pré-escola,,321,matrículas,OBSERVADO,,,sim,inep_censo_2021,"Censo Escolar 2021, escolas com CO_MUNICIPIO = 1302603 e TP_DEPENDENCIA = 4, IN_PODER_PUBLICO_PARCERIA = 1, TP_PODER_PUBLICO_PARCERIA = 1"
edu.matriculas.conveniadas_municipais,1302603,Manaus,AM,2021,"Ensino fundamental, anos iniciais",,364,matrículas,OBSERVADO,,,sim,inep_censo_2021,"Censo Escolar 2021, escolas com CO_MUNICIPIO = 1302603 e TP_DEPENDENCIA = 4, IN_PODER_PUBLICO_PARCERIA = 1, TP_PODER_PUBLICO_PARCERIA = 1"
edu.matriculas.conveniadas_municipais,1302603,Manaus,AM,2021,"Ensino fundamental, anos finais",,133,matrículas,OBSERVADO,,,sim,inep_censo_2021,"Censo Escolar 2021, escolas com CO_MUNICIPIO = 1302603 e TP_DEPENDENCIA = 4, IN_PODER_PUBLICO_PARCERIA = 1, TP_PODER_PUBLICO_PARCERIA = 1"
edu.matriculas.conveniadas_municipais,1302603,Manaus,AM,2021,Ensino médio,,52,matrículas,OBSERVADO,,,sim,inep_censo_2021,"Censo Escolar 2021, escolas com CO_MUNICIPIO = 1302603 e TP_DEPENDENCIA = 4, IN_PODER_PUBLICO_PARCERIA = 1, TP_PODER_PUBLICO_PARCERIA = 1"
edu.matriculas.conveniadas_municipais,1302603,Manaus,AM,2021,Educação de jovens e adultos,,0,matrículas,OBSERVADO,,,sim,inep_censo_2021,"Censo Escolar 2021, escolas com CO_MUNICIPIO = 1302603 e TP_DEPENDENCIA = 4, IN_PODER_PUBLICO_PARCERIA = 1, TP_PODER_PUBLICO_PARCERIA = 1"
edu.matriculas.conveniadas_municipais,1302603,Manaus,AM,2021,Educação profissional não integrada,,0,matrículas,OBSERVADO,,,sim,inep_censo_2021,"Censo Escolar 2021, escolas com CO_MUNICIPIO = 1302603 e TP_DEPENDENCIA = 4, IN_PODER_PUBLICO_PARCERIA = 1, TP_PODER_PUBLICO_PARCERIA = 1"
edu.matriculas.conveniadas_municipais,2927408,Salvador,BA,2021,Total da educação básica,,19139,matrículas,OBSERVADO,,,sim,inep_censo_2021,"Censo Escolar 2021, escolas com CO_MUNICIPIO = 2927408 e TP_DEPENDENCIA = 4, IN_PODER_PUBLICO_PARCERIA = 1, TP_PODER_PUBLICO_PARCERIA = 1"
edu.matriculas.conveniadas_municipais,2927408,Salvador,BA,2021,Creche,,9447,matrículas,OBSERVADO,,,sim,inep_censo_2021,"Censo Escolar 2021, escolas com CO_MUNICIPIO = 2927408 e TP_DEPENDENCIA = 4, IN_PODER_PUBLICO_PARCERIA = 1, TP_PODER_PUBLICO_PARCERIA = 1"
edu.matriculas.conveniadas_municipais,2927408,Salvador,BA,2021,Pré-escola,,8460,matrículas,OBSERVADO,,,sim,inep_censo_2021,"Censo Escolar 2021, escolas com CO_MUNICIPIO = 2927408 e TP_DEPENDENCIA = 4, IN_PODER_PUBLICO_PARCERIA = 1, TP_PODER_PUBLICO_PARCERIA = 1"
edu.matriculas.conveniadas_municipais,2927408,Salvador,BA,2021,"Ensino fundamental, anos iniciais",,1092,matrículas,OBSERVADO,,,sim,inep_censo_2021,"Censo Escolar 2021, escolas com CO_MUNICIPIO = 2927408 e TP_DEPENDENCIA = 4, IN_PODER_PUBLICO_PARCERIA = 1, TP_PODER_PUBLICO_PARCERIA = 1"
edu.matriculas.conveniadas_municipais,2927408,Salvador,BA,2021,"Ensino fundamental, anos finais",,54,matrículas,OBSERVADO,,,sim,inep_censo_2021,"Censo Escolar 2021, escolas com CO_MUNICIPIO = 2927408 e TP_DEPENDENCIA = 4, IN_PODER_PUBLICO_PARCERIA = 1, TP_PODER_PUBLICO_PARCERIA = 1"
edu.matriculas.conveniadas_municipais,2927408,Salvador,BA,2021,Ensino médio,,28,matrículas,OBSERVADO,,,sim,inep_censo_2021,"Censo Escolar 2021, escolas com CO_MUNICIPIO = 2927408 e TP_DEPENDENCIA = 4, IN_PODER_PUBLICO_PARCERIA = 1, TP_PODER_PUBLICO_PARCERIA = 1"
edu.matriculas.conveniadas_municipais,2927408,Salvador,BA,2021,Educação de jovens e adultos,,58,matrículas,OBSERVADO,,,sim,inep_censo_2021,"Censo Escolar 2021, escolas com CO_MUNICIPIO = 2927408 e TP_DEPENDENCIA = 4, IN_PODER_PUBLICO_PARCERIA = 1, TP_PODER_PUBLICO_PARCERIA = 1"
edu.matriculas.conveniadas_municipais,2927408,Salvador,BA,2021,Educação profissional não integrada,,0,matrículas,OBSERVADO,,,sim,inep_censo_2021,"Censo Escolar 2021, escolas com CO_MUNICIPIO = 2927408 e TP_DEPENDENCIA = 4, IN_PODER_PUBLICO_PARCERIA = 1, TP_PODER_PUBLICO_PARCERIA = 1"
edu.matriculas.conveniadas_municipais,2304400,Fortaleza,CE,2021,Total da educação básica,,0,matrículas,OBSERVADO,,,sim,inep_censo_2021,"Censo Escolar 2021, escolas com CO_MUNICIPIO = 2304400 e TP_DEPENDENCIA = 4, IN_PODER_PUBLICO_PARCERIA = 1, TP_PODER_PUBLICO_PARCERIA = 1"
edu.matriculas.conveniadas_municipais,2304400,Fortaleza,CE,2021,Creche,,0,matrículas,OBSERVADO,,,sim,inep_censo_2021,"Censo Escolar 2021, escolas com CO_MUNICIPIO = 2304400 e TP_DEPENDENCIA = 4, IN_PODER_PUBLICO_PARCERIA = 1, TP_PODER_PUBLICO_PARCERIA = 1"
edu.matriculas.conveniadas_municipais,2304400,Fortaleza,CE,2021,Pré-escola,,0,matrículas,OBSERVADO,,,sim,inep_censo_2021,"Censo Escolar 2021, escolas com CO_MUNICIPIO = 2304400 e TP_DEPENDENCIA = 4, IN_PODER_PUBLICO_PARCERIA = 1, TP_PODER_PUBLICO_PARCERIA = 1"
edu.matriculas.conveniadas_municipais,2304400,Fortaleza,CE,2021,"Ensino fundamental, anos iniciais",,0,matrículas,OBSERVADO,,,sim,inep_censo_2021,"Censo Escolar 2021, escolas com CO_MUNICIPIO = 2304400 e TP_DEPENDENCIA = 4, IN_PODER_PUBLICO_PARCERIA = 1, TP_PODER_PUBLICO_PARCERIA = 1"
edu.matriculas.conveniadas_municipais,2304400,Fortaleza,CE,2021,"Ensino fundamental, anos finais",,0,matrículas,OBSERVADO,,,sim,inep_censo_2021,"Censo Escolar 2021, escolas com CO_MUNICIPIO = 2304400 e TP_DEPENDENCIA = 4, IN_PODER_PUBLICO_PARCERIA = 1, TP_PODER_PUBLICO_PARCERIA = 1"
edu.matriculas.conveniadas_municipais,2304400,Fortaleza,CE,2021,Ensino médio,,0,matrículas,OBSERVADO,,,sim,inep_censo_2021,"Censo Escolar 2021, escolas com CO_MUNICIPIO = 2304400 e TP_DEPENDENCIA = 4, IN_PODER_PUBLICO_PARCERIA = 1, TP_PODER_PUBLICO_PARCERIA = 1"
edu.matriculas.conveniadas_municipais,2304400,Fortaleza,CE,2021,Educação de jovens e adultos,,0,matrículas,OBSERVADO,,,sim,inep_censo_2021,"Censo Escolar 2021, escolas com CO_MUNICIPIO = 2304400 e TP_DEPENDENCIA = 4, IN_PODER_PUBLICO_PARCERIA = 1, TP_PODER_PUBLICO_PARCERIA = 1"
edu.matriculas.conveniadas_municipais,2304400,Fortaleza,CE,2021,Educação profissional não integrada,,0,matrículas,OBSERVADO,,,sim,inep_censo_2021,"Censo Escolar 2021, escolas com CO_MUNICIPIO = 2304400 e TP_DEPENDENCIA = 4, IN_PODER_PUBLICO_PARCERIA = 1, TP_PODER_PUBLICO_PARCERIA = 1"
edu.matriculas.conveniadas_municipais,3205309,Vitória,ES,2021,Total da educação básica,,0,matrículas,OBSERVADO,,,sim,inep_censo_2021,"Censo Escolar 2021, escolas com CO_MUNICIPIO = 3205309 e TP_DEPENDENCIA = 4, IN_PODER_PUBLICO_PARCERIA = 1, TP_PODER_PUBLICO_PARCERIA = 1"
edu.matriculas.conveniadas_municipais,3205309,Vitória,ES,2021,Creche,,0,matrículas,OBSERVADO,,,sim,inep_censo_2021,"Censo Escolar 2021, escolas com CO_MUNICIPIO = 3205309 e TP_DEPENDENCIA = 4, IN_PODER_PUBLICO_PARCERIA = 1, TP_PODER_PUBLICO_PARCERIA = 1"
edu.matriculas.conveniadas_municipais,3205309,Vitória,ES,2021,Pré-escola,,0,matrículas,OBSERVADO,,,sim,inep_censo_2021,"Censo Escolar 2021, escolas com CO_MUNICIPIO = 3205309 e TP_DEPENDENCIA = 4, IN_PODER_PUBLICO_PARCERIA = 1, TP_PODER_PUBLICO_PARCERIA = 1"
edu.matriculas.conveniadas_municipais,3205309,Vitória,ES,2021,"Ensino fundamental, anos iniciais",,0,matrículas,OBSERVADO,,,sim,inep_censo_2021,"Censo Escolar 2021, escolas com CO_MUNICIPIO = 3205309 e TP_DEPENDENCIA = 4, IN_PODER_PUBLICO_PARCERIA = 1, TP_PODER_PUBLICO_PARCERIA = 1"
edu.matriculas.conveniadas_municipais,3205309,Vitória,ES,2021,"Ensino fundamental, anos finais",,0,matrículas,OBSERVADO,,,sim,inep_censo_2021,"Censo Escolar 2021, escolas com CO_MUNICIPIO = 3205309 e TP_DEPENDENCIA = 4, IN_PODER_PUBLICO_PARCERIA = 1, TP_PODER_PUBLICO_PARCERIA = 1"
edu.matriculas.conveniadas_municipais,3205309,Vitória,ES,2021,Ensino médio,,0,matrículas,OBSERVADO,,,sim,inep_censo_2021,"Censo Escolar 2021, escolas com CO_MUNICIPIO = 3205309 e TP_DEPENDENCIA = 4, IN_PODER_PUBLICO_PARCERIA = 1, TP_PODER_PUBLICO_PARCERIA = 1"
edu.matriculas.conveniadas_municipais,3205309,Vitória,ES,2021,Educação de jovens e adultos,,0,matrículas,OBSERVADO,,,sim,inep_censo_2021,"Censo Escolar 2021, escolas com CO_MUNICIPIO = 3205309 e TP_DEPENDENCIA = 4, IN_PODER_PUBLICO_PARCERIA = 1, TP_PODER_PUBLICO_PARCERIA = 1"
edu.matriculas.conveniadas_municipais,3205309,Vitória,ES,2021,Educação profissional não integrada,,0,matrículas,OBSERVADO,,,sim,inep_censo_2021,"Censo Escolar 2021, escolas com CO_MUNICIPIO = 3205309 e TP_DEPENDENCIA = 4, IN_PODER_PUBLICO_PARCERIA = 1, TP_PODER_PUBLICO_PARCERIA = 1"
edu.matriculas.conveniadas_municipais,5208707,Goiânia,GO,2021,Total da educação básica,,6326,matrículas,OBSERVADO,,,sim,inep_censo_2021,"Censo Escolar 2021, escolas com CO_MUNICIPIO = 5208707 e TP_DEPENDENCIA = 4, IN_PODER_PUBLICO_PARCERIA = 1, TP_PODER_PUBLICO_PARCERIA = 1"
edu.matriculas.conveniadas_municipais,5208707,Goiânia,GO,2021,Creche,,2189,matrículas,OBSERVADO,,,sim,inep_censo_2021,"Censo Escolar 2021, escolas com CO_MUNICIPIO = 5208707 e TP_DEPENDENCIA = 4, IN_PODER_PUBLICO_PARCERIA = 1, TP_PODER_PUBLICO_PARCERIA = 1"
edu.matriculas.conveniadas_municipais,5208707,Goiânia,GO,2021,Pré-escola,,2602,matrículas,OBSERVADO,,,sim,inep_censo_2021,"Censo Escolar 2021, escolas com CO_MUNICIPIO = 5208707 e TP_DEPENDENCIA = 4, IN_PODER_PUBLICO_PARCERIA = 1, TP_PODER_PUBLICO_PARCERIA = 1"
edu.matriculas.conveniadas_municipais,5208707,Goiânia,GO,2021,"Ensino fundamental, anos iniciais",,1429,matrículas,OBSERVADO,,,sim,inep_censo_2021,"Censo Escolar 2021, escolas com CO_MUNICIPIO = 5208707 e TP_DEPENDENCIA = 4, IN_PODER_PUBLICO_PARCERIA = 1, TP_PODER_PUBLICO_PARCERIA = 1"
edu.matriculas.conveniadas_municipais,5208707,Goiânia,GO,2021,"Ensino fundamental, anos finais",,106,matrículas,OBSERVADO,,,sim,inep_censo_2021,"Censo Escolar 2021, escolas com CO_MUNICIPIO = 5208707 e TP_DEPENDENCIA = 4, IN_PODER_PUBLICO_PARCERIA = 1, TP_PODER_PUBLICO_PARCERIA = 1"
edu.matriculas.conveniadas_municipais,5208707,Goiânia,GO,2021,Ensino médio,,0,matrículas,OBSERVADO,,,sim,inep_censo_2021,"Censo Escolar 2021, escolas com CO_MUNICIPIO = 5208707 e TP_DEPENDENCIA = 4, IN_PODER_PUBLICO_PARCERIA = 1, TP_PODER_PUBLICO_PARCERIA = 1"
edu.matriculas.conveniadas_municipais,5208707,Goiânia,GO,2021,Educação de jovens e adultos,,0,matrículas,OBSERVADO,,,sim,inep_censo_2021,"Censo Escolar 2021, escolas com CO_MUNICIPIO = 5208707 e TP_DEPENDENCIA = 4, IN_PODER_PUBLICO_PARCERIA = 1, TP_PODER_PUBLICO_PARCERIA = 1"
edu.matriculas.conveniadas_municipais,5208707,Goiânia,GO,2021,Educação profissional não integrada,,0,matrículas,OBSERVADO,,,sim,inep_censo_2021,"Censo Escolar 2021, escolas com CO_MUNICIPIO = 5208707 e TP_DEPENDENCIA = 4, IN_PODER_PUBLICO_PARCERIA = 1, TP_PODER_PUBLICO_PARCERIA = 1"
edu.matriculas.conveniadas_municipais,2111300,São Luís,MA,2021,Total da educação básica,,27990,matrículas,OBSERVADO,,,sim,inep_censo_2021,"Censo Escolar 2021, escolas com CO_MUNICIPIO = 2111300 e TP_DEPENDENCIA = 4, IN_PODER_PUBLICO_PARCERIA = 1, TP_PODER_PUBLICO_PARCERIA = 1"
edu.matriculas.conveniadas_municipais,2111300,São Luís,MA,2021,Creche,,7101,matrículas,OBSERVADO,,,sim,inep_censo_2021,"Censo Escolar 2021, escolas com CO_MUNICIPIO = 2111300 e TP_DEPENDENCIA = 4, IN_PODER_PUBLICO_PARCERIA = 1, TP_PODER_PUBLICO_PARCERIA = 1"
edu.matriculas.conveniadas_municipais,2111300,São Luís,MA,2021,Pré-escola,,9590,matrículas,OBSERVADO,,,sim,inep_censo_2021,"Censo Escolar 2021, escolas com CO_MUNICIPIO = 2111300 e TP_DEPENDENCIA = 4, IN_PODER_PUBLICO_PARCERIA = 1, TP_PODER_PUBLICO_PARCERIA = 1"
edu.matriculas.conveniadas_municipais,2111300,São Luís,MA,2021,"Ensino fundamental, anos iniciais",,9433,matrículas,OBSERVADO,,,sim,inep_censo_2021,"Censo Escolar 2021, escolas com CO_MUNICIPIO = 2111300 e TP_DEPENDENCIA = 4, IN_PODER_PUBLICO_PARCERIA = 1, TP_PODER_PUBLICO_PARCERIA = 1"
edu.matriculas.conveniadas_municipais,2111300,São Luís,MA,2021,"Ensino fundamental, anos finais",,1601,matrículas,OBSERVADO,,,sim,inep_censo_2021,"Censo Escolar 2021, escolas com CO_MUNICIPIO = 2111300 e TP_DEPENDENCIA = 4, IN_PODER_PUBLICO_PARCERIA = 1, TP_PODER_PUBLICO_PARCERIA = 1"
edu.matriculas.conveniadas_municipais,2111300,São Luís,MA,2021,Ensino médio,,91,matrículas,OBSERVADO,,,sim,inep_censo_2021,"Censo Escolar 2021, escolas com CO_MUNICIPIO = 2111300 e TP_DEPENDENCIA = 4, IN_PODER_PUBLICO_PARCERIA = 1, TP_PODER_PUBLICO_PARCERIA = 1"
edu.matriculas.conveniadas_municipais,2111300,São Luís,MA,2021,Educação de jovens e adultos,,174,matrículas,OBSERVADO,,,sim,inep_censo_2021,"Censo Escolar 2021, escolas com CO_MUNICIPIO = 2111300 e TP_DEPENDENCIA = 4, IN_PODER_PUBLICO_PARCERIA = 1, TP_PODER_PUBLICO_PARCERIA = 1"
edu.matriculas.conveniadas_municipais,2111300,São Luís,MA,2021,Educação profissional não integrada,,0,matrículas,OBSERVADO,,,sim,inep_censo_2021,"Censo Escolar 2021, escolas com CO_MUNICIPIO = 2111300 e TP_DEPENDENCIA = 4, IN_PODER_PUBLICO_PARCERIA = 1, TP_PODER_PUBLICO_PARCERIA = 1"
edu.matriculas.conveniadas_municipais,5103403,Cuiabá,MT,2021,Total da educação básica,,1236,matrículas,OBSERVADO,,,sim,inep_censo_2021,"Censo Escolar 2021, escolas com CO_MUNICIPIO = 5103403 e TP_DEPENDENCIA = 4, IN_PODER_PUBLICO_PARCERIA = 1, TP_PODER_PUBLICO_PARCERIA = 1"
edu.matriculas.conveniadas_municipais,5103403,Cuiabá,MT,2021,Creche,,647,matrículas,OBSERVADO,,,sim,inep_censo_2021,"Censo Escolar 2021, escolas com CO_MUNICIPIO = 5103403 e TP_DEPENDENCIA = 4, IN_PODER_PUBLICO_PARCERIA = 1, TP_PODER_PUBLICO_PARCERIA = 1"
edu.matriculas.conveniadas_municipais,5103403,Cuiabá,MT,2021,Pré-escola,,231,matrículas,OBSERVADO,,,sim,inep_censo_2021,"Censo Escolar 2021, escolas com CO_MUNICIPIO = 5103403 e TP_DEPENDENCIA = 4, IN_PODER_PUBLICO_PARCERIA = 1, TP_PODER_PUBLICO_PARCERIA = 1"
edu.matriculas.conveniadas_municipais,5103403,Cuiabá,MT,2021,"Ensino fundamental, anos iniciais",,154,matrículas,OBSERVADO,,,sim,inep_censo_2021,"Censo Escolar 2021, escolas com CO_MUNICIPIO = 5103403 e TP_DEPENDENCIA = 4, IN_PODER_PUBLICO_PARCERIA = 1, TP_PODER_PUBLICO_PARCERIA = 1"
edu.matriculas.conveniadas_municipais,5103403,Cuiabá,MT,2021,"Ensino fundamental, anos finais",,0,matrículas,OBSERVADO,,,sim,inep_censo_2021,"Censo Escolar 2021, escolas com CO_MUNICIPIO = 5103403 e TP_DEPENDENCIA = 4, IN_PODER_PUBLICO_PARCERIA = 1, TP_PODER_PUBLICO_PARCERIA = 1"
edu.matriculas.conveniadas_municipais,5103403,Cuiabá,MT,2021,Ensino médio,,0,matrículas,OBSERVADO,,,sim,inep_censo_2021,"Censo Escolar 2021, escolas com CO_MUNICIPIO = 5103403 e TP_DEPENDENCIA = 4, IN_PODER_PUBLICO_PARCERIA = 1, TP_PODER_PUBLICO_PARCERIA = 1"
edu.matriculas.conveniadas_municipais,5103403,Cuiabá,MT,2021,Educação de jovens e adultos,,204,matrículas,OBSERVADO,,,sim,inep_censo_2021,"Censo Escolar 2021, escolas com CO_MUNICIPIO = 5103403 e TP_DEPENDENCIA = 4, IN_PODER_PUBLICO_PARCERIA = 1, TP_PODER_PUBLICO_PARCERIA = 1"
edu.matriculas.conveniadas_municipais,5103403,Cuiabá,MT,2021,Educação profissional não integrada,,0,matrículas,OBSERVADO,,,sim,inep_censo_2021,"Censo Escolar 2021, escolas com CO_MUNICIPIO = 5103403 e TP_DEPENDENCIA = 4, IN_PODER_PUBLICO_PARCERIA = 1, TP_PODER_PUBLICO_PARCERIA = 1"
edu.matriculas.conveniadas_municipais,5002704,Campo Grande,MS,2021,Total da educação básica,,2374,matrículas,OBSERVADO,,,sim,inep_censo_2021,"Censo Escolar 2021, escolas com CO_MUNICIPIO = 5002704 e TP_DEPENDENCIA = 4, IN_PODER_PUBLICO_PARCERIA = 1, TP_PODER_PUBLICO_PARCERIA = 1"
edu.matriculas.conveniadas_municipais,5002704,Campo Grande,MS,2021,Creche,,1868,matrículas,OBSERVADO,,,sim,inep_censo_2021,"Censo Escolar 2021, escolas com CO_MUNICIPIO = 5002704 e TP_DEPENDENCIA = 4, IN_PODER_PUBLICO_PARCERIA = 1, TP_PODER_PUBLICO_PARCERIA = 1"
edu.matriculas.conveniadas_municipais,5002704,Campo Grande,MS,2021,Pré-escola,,462,matrículas,OBSERVADO,,,sim,inep_censo_2021,"Censo Escolar 2021, escolas com CO_MUNICIPIO = 5002704 e TP_DEPENDENCIA = 4, IN_PODER_PUBLICO_PARCERIA = 1, TP_PODER_PUBLICO_PARCERIA = 1"
edu.matriculas.conveniadas_municipais,5002704,Campo Grande,MS,2021,"Ensino fundamental, anos iniciais",,44,matrículas,OBSERVADO,,,sim,inep_censo_2021,"Censo Escolar 2021, escolas com CO_MUNICIPIO = 5002704 e TP_DEPENDENCIA = 4, IN_PODER_PUBLICO_PARCERIA = 1, TP_PODER_PUBLICO_PARCERIA = 1"
edu.matriculas.conveniadas_municipais,5002704,Campo Grande,MS,2021,"Ensino fundamental, anos finais",,0,matrículas,OBSERVADO,,,sim,inep_censo_2021,"Censo Escolar 2021, escolas com CO_MUNICIPIO = 5002704 e TP_DEPENDENCIA = 4, IN_PODER_PUBLICO_PARCERIA = 1, TP_PODER_PUBLICO_PARCERIA = 1"
edu.matriculas.conveniadas_municipais,5002704,Campo Grande,MS,2021,Ensino médio,,0,matrículas,OBSERVADO,,,sim,inep_censo_2021,"Censo Escolar 2021, escolas com CO_MUNICIPIO = 5002704 e TP_DEPENDENCIA = 4, IN_PODER_PUBLICO_PARCERIA = 1, TP_PODER_PUBLICO_PARCERIA = 1"
edu.matriculas.conveniadas_municipais,5002704,Campo Grande,MS,2021,Educação de jovens e adultos,,0,matrículas,OBSERVADO,,,sim,inep_censo_2021,"Censo Escolar 2021, escolas com CO_MUNICIPIO = 5002704 e TP_DEPENDENCIA = 4, IN_PODER_PUBLICO_PARCERIA = 1, TP_PODER_PUBLICO_PARCERIA = 1"
edu.matriculas.conveniadas_municipais,5002704,Campo Grande,MS,2021,Educação profissional não integrada,,0,matrículas,OBSERVADO,,,sim,inep_censo_2021,"Censo Escolar 2021, escolas com CO_MUNICIPIO = 5002704 e TP_DEPENDENCIA = 4, IN_PODER_PUBLICO_PARCERIA = 1, TP_PODER_PUBLICO_PARCERIA = 1"
edu.matriculas.conveniadas_municipais,3106200,Belo Horizonte,MG,2021,Total da educação básica,,25321,matrículas,OBSERVADO,,,sim,inep_censo_2021,"Censo Escolar 2021, escolas com CO_MUNICIPIO = 3106200 e TP_DEPENDENCIA = 4, IN_PODER_PUBLICO_PARCERIA = 1, TP_PODER_PUBLICO_PARCERIA = 1"
edu.matriculas.conveniadas_municipais,3106200,Belo Horizonte,MG,2021,Creche,,17538,matrículas,OBSERVADO,,,sim,inep_censo_2021,"Censo Escolar 2021, escolas com CO_MUNICIPIO = 3106200 e TP_DEPENDENCIA = 4, IN_PODER_PUBLICO_PARCERIA = 1, TP_PODER_PUBLICO_PARCERIA = 1"
edu.matriculas.conveniadas_municipais,3106200,Belo Horizonte,MG,2021,Pré-escola,,7528,matrículas,OBSERVADO,,,sim,inep_censo_2021,"Censo Escolar 2021, escolas com CO_MUNICIPIO = 3106200 e TP_DEPENDENCIA = 4, IN_PODER_PUBLICO_PARCERIA = 1, TP_PODER_PUBLICO_PARCERIA = 1"
edu.matriculas.conveniadas_municipais,3106200,Belo Horizonte,MG,2021,"Ensino fundamental, anos iniciais",,143,matrículas,OBSERVADO,,,sim,inep_censo_2021,"Censo Escolar 2021, escolas com CO_MUNICIPIO = 3106200 e TP_DEPENDENCIA = 4, IN_PODER_PUBLICO_PARCERIA = 1, TP_PODER_PUBLICO_PARCERIA = 1"
edu.matriculas.conveniadas_municipais,3106200,Belo Horizonte,MG,2021,"Ensino fundamental, anos finais",,112,matrículas,OBSERVADO,,,sim,inep_censo_2021,"Censo Escolar 2021, escolas com CO_MUNICIPIO = 3106200 e TP_DEPENDENCIA = 4, IN_PODER_PUBLICO_PARCERIA = 1, TP_PODER_PUBLICO_PARCERIA = 1"
edu.matriculas.conveniadas_municipais,3106200,Belo Horizonte,MG,2021,Ensino médio,,0,matrículas,OBSERVADO,,,sim,inep_censo_2021,"Censo Escolar 2021, escolas com CO_MUNICIPIO = 3106200 e TP_DEPENDENCIA = 4, IN_PODER_PUBLICO_PARCERIA = 1, TP_PODER_PUBLICO_PARCERIA = 1"
edu.matriculas.conveniadas_municipais,3106200,Belo Horizonte,MG,2021,Educação de jovens e adultos,,0,matrículas,OBSERVADO,,,sim,inep_censo_2021,"Censo Escolar 2021, escolas com CO_MUNICIPIO = 3106200 e TP_DEPENDENCIA = 4, IN_PODER_PUBLICO_PARCERIA = 1, TP_PODER_PUBLICO_PARCERIA = 1"
edu.matriculas.conveniadas_municipais,3106200,Belo Horizonte,MG,2021,Educação profissional não integrada,,0,matrículas,OBSERVADO,,,sim,inep_censo_2021,"Censo Escolar 2021, escolas com CO_MUNICIPIO = 3106200 e TP_DEPENDENCIA = 4, IN_PODER_PUBLICO_PARCERIA = 1, TP_PODER_PUBLICO_PARCERIA = 1"
edu.matriculas.conveniadas_municipais,1501402,Belém,PA,2021,Total da educação básica,,4491,matrículas,OBSERVADO,,,sim,inep_censo_2021,"Censo Escolar 2021, escolas com CO_MUNICIPIO = 1501402 e TP_DEPENDENCIA = 4, IN_PODER_PUBLICO_PARCERIA = 1, TP_PODER_PUBLICO_PARCERIA = 1"
edu.matriculas.conveniadas_municipais,1501402,Belém,PA,2021,Creche,,1893,matrículas,OBSERVADO,,,sim,inep_censo_2021,"Censo Escolar 2021, escolas com CO_MUNICIPIO = 1501402 e TP_DEPENDENCIA = 4, IN_PODER_PUBLICO_PARCERIA = 1, TP_PODER_PUBLICO_PARCERIA = 1"
edu.matriculas.conveniadas_municipais,1501402,Belém,PA,2021,Pré-escola,,2598,matrículas,OBSERVADO,,,sim,inep_censo_2021,"Censo Escolar 2021, escolas com CO_MUNICIPIO = 1501402 e TP_DEPENDENCIA = 4, IN_PODER_PUBLICO_PARCERIA = 1, TP_PODER_PUBLICO_PARCERIA = 1"
edu.matriculas.conveniadas_municipais,1501402,Belém,PA,2021,"Ensino fundamental, anos iniciais",,0,matrículas,OBSERVADO,,,sim,inep_censo_2021,"Censo Escolar 2021, escolas com CO_MUNICIPIO = 1501402 e TP_DEPENDENCIA = 4, IN_PODER_PUBLICO_PARCERIA = 1, TP_PODER_PUBLICO_PARCERIA = 1"
edu.matriculas.conveniadas_municipais,1501402,Belém,PA,2021,"Ensino fundamental, anos finais",,0,matrículas,OBSERVADO,,,sim,inep_censo_2021,"Censo Escolar 2021, escolas com CO_MUNICIPIO = 1501402 e TP_DEPENDENCIA = 4, IN_PODER_PUBLICO_PARCERIA = 1, TP_PODER_PUBLICO_PARCERIA = 1"
edu.matriculas.conveniadas_municipais,1501402,Belém,PA,2021,Ensino médio,,0,matrículas,OBSERVADO,,,sim,inep_censo_2021,"Censo Escolar 2021, escolas com CO_MUNICIPIO = 1501402 e TP_DEPENDENCIA = 4, IN_PODER_PUBLICO_PARCERIA = 1, TP_PODER_PUBLICO_PARCERIA = 1"
edu.matriculas.conveniadas_municipais,1501402,Belém,PA,2021,Educação de jovens e adultos,,0,matrículas,OBSERVADO,,,sim,inep_censo_2021,"Censo Escolar 2021, escolas com CO_MUNICIPIO = 1501402 e TP_DEPENDENCIA = 4, IN_PODER_PUBLICO_PARCERIA = 1, TP_PODER_PUBLICO_PARCERIA = 1"
edu.matriculas.conveniadas_municipais,1501402,Belém,PA,2021,Educação profissional não integrada,,0,matrículas,OBSERVADO,,,sim,inep_censo_2021,"Censo Escolar 2021, escolas com CO_MUNICIPIO = 1501402 e TP_DEPENDENCIA = 4, IN_PODER_PUBLICO_PARCERIA = 1, TP_PODER_PUBLICO_PARCERIA = 1"
edu.matriculas.conveniadas_municipais,2507507,João Pessoa,PB,2021,Total da educação básica,,188,matrículas,OBSERVADO,,,sim,inep_censo_2021,"Censo Escolar 2021, escolas com CO_MUNICIPIO = 2507507 e TP_DEPENDENCIA = 4, IN_PODER_PUBLICO_PARCERIA = 1, TP_PODER_PUBLICO_PARCERIA = 1"
edu.matriculas.conveniadas_municipais,2507507,João Pessoa,PB,2021,Creche,,71,matrículas,OBSERVADO,,,sim,inep_censo_2021,"Censo Escolar 2021, escolas com CO_MUNICIPIO = 2507507 e TP_DEPENDENCIA = 4, IN_PODER_PUBLICO_PARCERIA = 1, TP_PODER_PUBLICO_PARCERIA = 1"
edu.matriculas.conveniadas_municipais,2507507,João Pessoa,PB,2021,Pré-escola,,70,matrículas,OBSERVADO,,,sim,inep_censo_2021,"Censo Escolar 2021, escolas com CO_MUNICIPIO = 2507507 e TP_DEPENDENCIA = 4, IN_PODER_PUBLICO_PARCERIA = 1, TP_PODER_PUBLICO_PARCERIA = 1"
edu.matriculas.conveniadas_municipais,2507507,João Pessoa,PB,2021,"Ensino fundamental, anos iniciais",,47,matrículas,OBSERVADO,,,sim,inep_censo_2021,"Censo Escolar 2021, escolas com CO_MUNICIPIO = 2507507 e TP_DEPENDENCIA = 4, IN_PODER_PUBLICO_PARCERIA = 1, TP_PODER_PUBLICO_PARCERIA = 1"
edu.matriculas.conveniadas_municipais,2507507,João Pessoa,PB,2021,"Ensino fundamental, anos finais",,0,matrículas,OBSERVADO,,,sim,inep_censo_2021,"Censo Escolar 2021, escolas com CO_MUNICIPIO = 2507507 e TP_DEPENDENCIA = 4, IN_PODER_PUBLICO_PARCERIA = 1, TP_PODER_PUBLICO_PARCERIA = 1"
edu.matriculas.conveniadas_municipais,2507507,João Pessoa,PB,2021,Ensino médio,,0,matrículas,OBSERVADO,,,sim,inep_censo_2021,"Censo Escolar 2021, escolas com CO_MUNICIPIO = 2507507 e TP_DEPENDENCIA = 4, IN_PODER_PUBLICO_PARCERIA = 1, TP_PODER_PUBLICO_PARCERIA = 1"
edu.matriculas.conveniadas_municipais,2507507,João Pessoa,PB,2021,Educação de jovens e adultos,,0,matrículas,OBSERVADO,,,sim,inep_censo_2021,"Censo Escolar 2021, escolas com CO_MUNICIPIO = 2507507 e TP_DEPENDENCIA = 4, IN_PODER_PUBLICO_PARCERIA = 1, TP_PODER_PUBLICO_PARCERIA = 1"
edu.matriculas.conveniadas_municipais,2507507,João Pessoa,PB,2021,Educação profissional não integrada,,0,matrículas,OBSERVADO,,,sim,inep_censo_2021,"Censo Escolar 2021, escolas com CO_MUNICIPIO = 2507507 e TP_DEPENDENCIA = 4, IN_PODER_PUBLICO_PARCERIA = 1, TP_PODER_PUBLICO_PARCERIA = 1"
edu.matriculas.conveniadas_municipais,4106902,Curitiba,PR,2021,Total da educação básica,,8361,matrículas,OBSERVADO,,,sim,inep_censo_2021,"Censo Escolar 2021, escolas com CO_MUNICIPIO = 4106902 e TP_DEPENDENCIA = 4, IN_PODER_PUBLICO_PARCERIA = 1, TP_PODER_PUBLICO_PARCERIA = 1"
edu.matriculas.conveniadas_municipais,4106902,Curitiba,PR,2021,Creche,,6602,matrículas,OBSERVADO,,,sim,inep_censo_2021,"Censo Escolar 2021, escolas com CO_MUNICIPIO = 4106902 e TP_DEPENDENCIA = 4, IN_PODER_PUBLICO_PARCERIA = 1, TP_PODER_PUBLICO_PARCERIA = 1"
edu.matriculas.conveniadas_municipais,4106902,Curitiba,PR,2021,Pré-escola,,1094,matrículas,OBSERVADO,,,sim,inep_censo_2021,"Censo Escolar 2021, escolas com CO_MUNICIPIO = 4106902 e TP_DEPENDENCIA = 4, IN_PODER_PUBLICO_PARCERIA = 1, TP_PODER_PUBLICO_PARCERIA = 1"
edu.matriculas.conveniadas_municipais,4106902,Curitiba,PR,2021,"Ensino fundamental, anos iniciais",,247,matrículas,OBSERVADO,,,sim,inep_censo_2021,"Censo Escolar 2021, escolas com CO_MUNICIPIO = 4106902 e TP_DEPENDENCIA = 4, IN_PODER_PUBLICO_PARCERIA = 1, TP_PODER_PUBLICO_PARCERIA = 1"
edu.matriculas.conveniadas_municipais,4106902,Curitiba,PR,2021,"Ensino fundamental, anos finais",,307,matrículas,OBSERVADO,,,sim,inep_censo_2021,"Censo Escolar 2021, escolas com CO_MUNICIPIO = 4106902 e TP_DEPENDENCIA = 4, IN_PODER_PUBLICO_PARCERIA = 1, TP_PODER_PUBLICO_PARCERIA = 1"
edu.matriculas.conveniadas_municipais,4106902,Curitiba,PR,2021,Ensino médio,,111,matrículas,OBSERVADO,,,sim,inep_censo_2021,"Censo Escolar 2021, escolas com CO_MUNICIPIO = 4106902 e TP_DEPENDENCIA = 4, IN_PODER_PUBLICO_PARCERIA = 1, TP_PODER_PUBLICO_PARCERIA = 1"
edu.matriculas.conveniadas_municipais,4106902,Curitiba,PR,2021,Educação de jovens e adultos,,0,matrículas,OBSERVADO,,,sim,inep_censo_2021,"Censo Escolar 2021, escolas com CO_MUNICIPIO = 4106902 e TP_DEPENDENCIA = 4, IN_PODER_PUBLICO_PARCERIA = 1, TP_PODER_PUBLICO_PARCERIA = 1"
edu.matriculas.conveniadas_municipais,4106902,Curitiba,PR,2021,Educação profissional não integrada,,0,matrículas,OBSERVADO,,,sim,inep_censo_2021,"Censo Escolar 2021, escolas com CO_MUNICIPIO = 4106902 e TP_DEPENDENCIA = 4, IN_PODER_PUBLICO_PARCERIA = 1, TP_PODER_PUBLICO_PARCERIA = 1"
edu.matriculas.conveniadas_municipais,2611606,Recife,PE,2021,Total da educação básica,,1533,matrículas,OBSERVADO,,,sim,inep_censo_2021,"Censo Escolar 2021, escolas com CO_MUNICIPIO = 2611606 e TP_DEPENDENCIA = 4, IN_PODER_PUBLICO_PARCERIA = 1, TP_PODER_PUBLICO_PARCERIA = 1"
edu.matriculas.conveniadas_municipais,2611606,Recife,PE,2021,Creche,,839,matrículas,OBSERVADO,,,sim,inep_censo_2021,"Censo Escolar 2021, escolas com CO_MUNICIPIO = 2611606 e TP_DEPENDENCIA = 4, IN_PODER_PUBLICO_PARCERIA = 1, TP_PODER_PUBLICO_PARCERIA = 1"
edu.matriculas.conveniadas_municipais,2611606,Recife,PE,2021,Pré-escola,,694,matrículas,OBSERVADO,,,sim,inep_censo_2021,"Censo Escolar 2021, escolas com CO_MUNICIPIO = 2611606 e TP_DEPENDENCIA = 4, IN_PODER_PUBLICO_PARCERIA = 1, TP_PODER_PUBLICO_PARCERIA = 1"
edu.matriculas.conveniadas_municipais,2611606,Recife,PE,2021,"Ensino fundamental, anos iniciais",,0,matrículas,OBSERVADO,,,sim,inep_censo_2021,"Censo Escolar 2021, escolas com CO_MUNICIPIO = 2611606 e TP_DEPENDENCIA = 4, IN_PODER_PUBLICO_PARCERIA = 1, TP_PODER_PUBLICO_PARCERIA = 1"
edu.matriculas.conveniadas_municipais,2611606,Recife,PE,2021,"Ensino fundamental, anos finais",,0,matrículas,OBSERVADO,,,sim,inep_censo_2021,"Censo Escolar 2021, escolas com CO_MUNICIPIO = 2611606 e TP_DEPENDENCIA = 4, IN_PODER_PUBLICO_PARCERIA = 1, TP_PODER_PUBLICO_PARCERIA = 1"
edu.matriculas.conveniadas_municipais,2611606,Recife,PE,2021,Ensino médio,,0,matrículas,OBSERVADO,,,sim,inep_censo_2021,"Censo Escolar 2021, escolas com CO_MUNICIPIO = 2611606 e TP_DEPENDENCIA = 4, IN_PODER_PUBLICO_PARCERIA = 1, TP_PODER_PUBLICO_PARCERIA = 1"
edu.matriculas.conveniadas_municipais,2611606,Recife,PE,2021,Educação de jovens e adultos,,0,matrículas,OBSERVADO,,,sim,inep_censo_2021,"Censo Escolar 2021, escolas com CO_MUNICIPIO = 2611606 e TP_DEPENDENCIA = 4, IN_PODER_PUBLICO_PARCERIA = 1, TP_PODER_PUBLICO_PARCERIA = 1"
edu.matriculas.conveniadas_municipais,2611606,Recife,PE,2021,Educação profissional não integrada,,0,matrículas,OBSERVADO,,,sim,inep_censo_2021,"Censo Escolar 2021, escolas com CO_MUNICIPIO = 2611606 e TP_DEPENDENCIA = 4, IN_PODER_PUBLICO_PARCERIA = 1, TP_PODER_PUBLICO_PARCERIA = 1"
edu.matriculas.conveniadas_municipais,2211001,Teresina,PI,2021,Total da educação básica,,643,matrículas,OBSERVADO,,,sim,inep_censo_2021,"Censo Escolar 2021, escolas com CO_MUNICIPIO = 2211001 e TP_DEPENDENCIA = 4, IN_PODER_PUBLICO_PARCERIA = 1, TP_PODER_PUBLICO_PARCERIA = 1"
edu.matriculas.conveniadas_municipais,2211001,Teresina,PI,2021,Creche,,57,matrículas,OBSERVADO,,,sim,inep_censo_2021,"Censo Escolar 2021, escolas com CO_MUNICIPIO = 2211001 e TP_DEPENDENCIA = 4, IN_PODER_PUBLICO_PARCERIA = 1, TP_PODER_PUBLICO_PARCERIA = 1"
edu.matriculas.conveniadas_municipais,2211001,Teresina,PI,2021,Pré-escola,,130,matrículas,OBSERVADO,,,sim,inep_censo_2021,"Censo Escolar 2021, escolas com CO_MUNICIPIO = 2211001 e TP_DEPENDENCIA = 4, IN_PODER_PUBLICO_PARCERIA = 1, TP_PODER_PUBLICO_PARCERIA = 1"
edu.matriculas.conveniadas_municipais,2211001,Teresina,PI,2021,"Ensino fundamental, anos iniciais",,456,matrículas,OBSERVADO,,,sim,inep_censo_2021,"Censo Escolar 2021, escolas com CO_MUNICIPIO = 2211001 e TP_DEPENDENCIA = 4, IN_PODER_PUBLICO_PARCERIA = 1, TP_PODER_PUBLICO_PARCERIA = 1"
edu.matriculas.conveniadas_municipais,2211001,Teresina,PI,2021,"Ensino fundamental, anos finais",,0,matrículas,OBSERVADO,,,sim,inep_censo_2021,"Censo Escolar 2021, escolas com CO_MUNICIPIO = 2211001 e TP_DEPENDENCIA = 4, IN_PODER_PUBLICO_PARCERIA = 1, TP_PODER_PUBLICO_PARCERIA = 1"
edu.matriculas.conveniadas_municipais,2211001,Teresina,PI,2021,Ensino médio,,0,matrículas,OBSERVADO,,,sim,inep_censo_2021,"Censo Escolar 2021, escolas com CO_MUNICIPIO = 2211001 e TP_DEPENDENCIA = 4, IN_PODER_PUBLICO_PARCERIA = 1, TP_PODER_PUBLICO_PARCERIA = 1"
edu.matriculas.conveniadas_municipais,2211001,Teresina,PI,2021,Educação de jovens e adultos,,0,matrículas,OBSERVADO,,,sim,inep_censo_2021,"Censo Escolar 2021, escolas com CO_MUNICIPIO = 2211001 e TP_DEPENDENCIA = 4, IN_PODER_PUBLICO_PARCERIA = 1, TP_PODER_PUBLICO_PARCERIA = 1"
edu.matriculas.conveniadas_municipais,2211001,Teresina,PI,2021,Educação profissional não integrada,,0,matrículas,OBSERVADO,,,sim,inep_censo_2021,"Censo Escolar 2021, escolas com CO_MUNICIPIO = 2211001 e TP_DEPENDENCIA = 4, IN_PODER_PUBLICO_PARCERIA = 1, TP_PODER_PUBLICO_PARCERIA = 1"
edu.matriculas.conveniadas_municipais,3304557,Rio de Janeiro,RJ,2021,Total da educação básica,,23586,matrículas,OBSERVADO,,,sim,inep_censo_2021,"Censo Escolar 2021, escolas com CO_MUNICIPIO = 3304557 e TP_DEPENDENCIA = 4, IN_PODER_PUBLICO_PARCERIA = 1, TP_PODER_PUBLICO_PARCERIA = 1"
edu.matriculas.conveniadas_municipais,3304557,Rio de Janeiro,RJ,2021,Creche,,22404,matrículas,OBSERVADO,,,sim,inep_censo_2021,"Censo Escolar 2021, escolas com CO_MUNICIPIO = 3304557 e TP_DEPENDENCIA = 4, IN_PODER_PUBLICO_PARCERIA = 1, TP_PODER_PUBLICO_PARCERIA = 1"
edu.matriculas.conveniadas_municipais,3304557,Rio de Janeiro,RJ,2021,Pré-escola,,831,matrículas,OBSERVADO,,,sim,inep_censo_2021,"Censo Escolar 2021, escolas com CO_MUNICIPIO = 3304557 e TP_DEPENDENCIA = 4, IN_PODER_PUBLICO_PARCERIA = 1, TP_PODER_PUBLICO_PARCERIA = 1"
edu.matriculas.conveniadas_municipais,3304557,Rio de Janeiro,RJ,2021,"Ensino fundamental, anos iniciais",,275,matrículas,OBSERVADO,,,sim,inep_censo_2021,"Censo Escolar 2021, escolas com CO_MUNICIPIO = 3304557 e TP_DEPENDENCIA = 4, IN_PODER_PUBLICO_PARCERIA = 1, TP_PODER_PUBLICO_PARCERIA = 1"
edu.matriculas.conveniadas_municipais,3304557,Rio de Janeiro,RJ,2021,"Ensino fundamental, anos finais",,76,matrículas,OBSERVADO,,,sim,inep_censo_2021,"Censo Escolar 2021, escolas com CO_MUNICIPIO = 3304557 e TP_DEPENDENCIA = 4, IN_PODER_PUBLICO_PARCERIA = 1, TP_PODER_PUBLICO_PARCERIA = 1"
edu.matriculas.conveniadas_municipais,3304557,Rio de Janeiro,RJ,2021,Ensino médio,,0,matrículas,OBSERVADO,,,sim,inep_censo_2021,"Censo Escolar 2021, escolas com CO_MUNICIPIO = 3304557 e TP_DEPENDENCIA = 4, IN_PODER_PUBLICO_PARCERIA = 1, TP_PODER_PUBLICO_PARCERIA = 1"
edu.matriculas.conveniadas_municipais,3304557,Rio de Janeiro,RJ,2021,Educação de jovens e adultos,,0,matrículas,OBSERVADO,,,sim,inep_censo_2021,"Censo Escolar 2021, escolas com CO_MUNICIPIO = 3304557 e TP_DEPENDENCIA = 4, IN_PODER_PUBLICO_PARCERIA = 1, TP_PODER_PUBLICO_PARCERIA = 1"
edu.matriculas.conveniadas_municipais,3304557,Rio de Janeiro,RJ,2021,Educação profissional não integrada,,0,matrículas,OBSERVADO,,,sim,inep_censo_2021,"Censo Escolar 2021, escolas com CO_MUNICIPIO = 3304557 e TP_DEPENDENCIA = 4, IN_PODER_PUBLICO_PARCERIA = 1, TP_PODER_PUBLICO_PARCERIA = 1"
edu.matriculas.conveniadas_municipais,2408102,Natal,RN,2021,Total da educação básica,,522,matrículas,OBSERVADO,,,sim,inep_censo_2021,"Censo Escolar 2021, escolas com CO_MUNICIPIO = 2408102 e TP_DEPENDENCIA = 4, IN_PODER_PUBLICO_PARCERIA = 1, TP_PODER_PUBLICO_PARCERIA = 1"
edu.matriculas.conveniadas_municipais,2408102,Natal,RN,2021,Creche,,52,matrículas,OBSERVADO,,,sim,inep_censo_2021,"Censo Escolar 2021, escolas com CO_MUNICIPIO = 2408102 e TP_DEPENDENCIA = 4, IN_PODER_PUBLICO_PARCERIA = 1, TP_PODER_PUBLICO_PARCERIA = 1"
edu.matriculas.conveniadas_municipais,2408102,Natal,RN,2021,Pré-escola,,220,matrículas,OBSERVADO,,,sim,inep_censo_2021,"Censo Escolar 2021, escolas com CO_MUNICIPIO = 2408102 e TP_DEPENDENCIA = 4, IN_PODER_PUBLICO_PARCERIA = 1, TP_PODER_PUBLICO_PARCERIA = 1"
edu.matriculas.conveniadas_municipais,2408102,Natal,RN,2021,"Ensino fundamental, anos iniciais",,250,matrículas,OBSERVADO,,,sim,inep_censo_2021,"Censo Escolar 2021, escolas com CO_MUNICIPIO = 2408102 e TP_DEPENDENCIA = 4, IN_PODER_PUBLICO_PARCERIA = 1, TP_PODER_PUBLICO_PARCERIA = 1"
edu.matriculas.conveniadas_municipais,2408102,Natal,RN,2021,"Ensino fundamental, anos finais",,0,matrículas,OBSERVADO,,,sim,inep_censo_2021,"Censo Escolar 2021, escolas com CO_MUNICIPIO = 2408102 e TP_DEPENDENCIA = 4, IN_PODER_PUBLICO_PARCERIA = 1, TP_PODER_PUBLICO_PARCERIA = 1"
edu.matriculas.conveniadas_municipais,2408102,Natal,RN,2021,Ensino médio,,0,matrículas,OBSERVADO,,,sim,inep_censo_2021,"Censo Escolar 2021, escolas com CO_MUNICIPIO = 2408102 e TP_DEPENDENCIA = 4, IN_PODER_PUBLICO_PARCERIA = 1, TP_PODER_PUBLICO_PARCERIA = 1"
edu.matriculas.conveniadas_municipais,2408102,Natal,RN,2021,Educação de jovens e adultos,,0,matrículas,OBSERVADO,,,sim,inep_censo_2021,"Censo Escolar 2021, escolas com CO_MUNICIPIO = 2408102 e TP_DEPENDENCIA = 4, IN_PODER_PUBLICO_PARCERIA = 1, TP_PODER_PUBLICO_PARCERIA = 1"
edu.matriculas.conveniadas_municipais,2408102,Natal,RN,2021,Educação profissional não integrada,,0,matrículas,OBSERVADO,,,sim,inep_censo_2021,"Censo Escolar 2021, escolas com CO_MUNICIPIO = 2408102 e TP_DEPENDENCIA = 4, IN_PODER_PUBLICO_PARCERIA = 1, TP_PODER_PUBLICO_PARCERIA = 1"
edu.matriculas.conveniadas_municipais,4314902,Porto Alegre,RS,2021,Total da educação básica,,20898,matrículas,OBSERVADO,,,sim,inep_censo_2021,"Censo Escolar 2021, escolas com CO_MUNICIPIO = 4314902 e TP_DEPENDENCIA = 4, IN_PODER_PUBLICO_PARCERIA = 1, TP_PODER_PUBLICO_PARCERIA = 1"
edu.matriculas.conveniadas_municipais,4314902,Porto Alegre,RS,2021,Creche,,9663,matrículas,OBSERVADO,,,sim,inep_censo_2021,"Censo Escolar 2021, escolas com CO_MUNICIPIO = 4314902 e TP_DEPENDENCIA = 4, IN_PODER_PUBLICO_PARCERIA = 1, TP_PODER_PUBLICO_PARCERIA = 1"
edu.matriculas.conveniadas_municipais,4314902,Porto Alegre,RS,2021,Pré-escola,,9993,matrículas,OBSERVADO,,,sim,inep_censo_2021,"Censo Escolar 2021, escolas com CO_MUNICIPIO = 4314902 e TP_DEPENDENCIA = 4, IN_PODER_PUBLICO_PARCERIA = 1, TP_PODER_PUBLICO_PARCERIA = 1"
edu.matriculas.conveniadas_municipais,4314902,Porto Alegre,RS,2021,"Ensino fundamental, anos iniciais",,896,matrículas,OBSERVADO,,,sim,inep_censo_2021,"Censo Escolar 2021, escolas com CO_MUNICIPIO = 4314902 e TP_DEPENDENCIA = 4, IN_PODER_PUBLICO_PARCERIA = 1, TP_PODER_PUBLICO_PARCERIA = 1"
edu.matriculas.conveniadas_municipais,4314902,Porto Alegre,RS,2021,"Ensino fundamental, anos finais",,346,matrículas,OBSERVADO,,,sim,inep_censo_2021,"Censo Escolar 2021, escolas com CO_MUNICIPIO = 4314902 e TP_DEPENDENCIA = 4, IN_PODER_PUBLICO_PARCERIA = 1, TP_PODER_PUBLICO_PARCERIA = 1"
edu.matriculas.conveniadas_municipais,4314902,Porto Alegre,RS,2021,Ensino médio,,0,matrículas,OBSERVADO,,,sim,inep_censo_2021,"Censo Escolar 2021, escolas com CO_MUNICIPIO = 4314902 e TP_DEPENDENCIA = 4, IN_PODER_PUBLICO_PARCERIA = 1, TP_PODER_PUBLICO_PARCERIA = 1"
edu.matriculas.conveniadas_municipais,4314902,Porto Alegre,RS,2021,Educação de jovens e adultos,,0,matrículas,OBSERVADO,,,sim,inep_censo_2021,"Censo Escolar 2021, escolas com CO_MUNICIPIO = 4314902 e TP_DEPENDENCIA = 4, IN_PODER_PUBLICO_PARCERIA = 1, TP_PODER_PUBLICO_PARCERIA = 1"
edu.matriculas.conveniadas_municipais,4314902,Porto Alegre,RS,2021,Educação profissional não integrada,,0,matrículas,OBSERVADO,,,sim,inep_censo_2021,"Censo Escolar 2021, escolas com CO_MUNICIPIO = 4314902 e TP_DEPENDENCIA = 4, IN_PODER_PUBLICO_PARCERIA = 1, TP_PODER_PUBLICO_PARCERIA = 1"
edu.matriculas.conveniadas_municipais,1100205,Porto Velho,RO,2021,Total da educação básica,,0,matrículas,OBSERVADO,,,sim,inep_censo_2021,"Censo Escolar 2021, escolas com CO_MUNICIPIO = 1100205 e TP_DEPENDENCIA = 4, IN_PODER_PUBLICO_PARCERIA = 1, TP_PODER_PUBLICO_PARCERIA = 1"
edu.matriculas.conveniadas_municipais,1100205,Porto Velho,RO,2021,Creche,,0,matrículas,OBSERVADO,,,sim,inep_censo_2021,"Censo Escolar 2021, escolas com CO_MUNICIPIO = 1100205 e TP_DEPENDENCIA = 4, IN_PODER_PUBLICO_PARCERIA = 1, TP_PODER_PUBLICO_PARCERIA = 1"
edu.matriculas.conveniadas_municipais,1100205,Porto Velho,RO,2021,Pré-escola,,0,matrículas,OBSERVADO,,,sim,inep_censo_2021,"Censo Escolar 2021, escolas com CO_MUNICIPIO = 1100205 e TP_DEPENDENCIA = 4, IN_PODER_PUBLICO_PARCERIA = 1, TP_PODER_PUBLICO_PARCERIA = 1"
edu.matriculas.conveniadas_municipais,1100205,Porto Velho,RO,2021,"Ensino fundamental, anos iniciais",,0,matrículas,OBSERVADO,,,sim,inep_censo_2021,"Censo Escolar 2021, escolas com CO_MUNICIPIO = 1100205 e TP_DEPENDENCIA = 4, IN_PODER_PUBLICO_PARCERIA = 1, TP_PODER_PUBLICO_PARCERIA = 1"
edu.matriculas.conveniadas_municipais,1100205,Porto Velho,RO,2021,"Ensino fundamental, anos finais",,0,matrículas,OBSERVADO,,,sim,inep_censo_2021,"Censo Escolar 2021, escolas com CO_MUNICIPIO = 1100205 e TP_DEPENDENCIA = 4, IN_PODER_PUBLICO_PARCERIA = 1, TP_PODER_PUBLICO_PARCERIA = 1"
edu.matriculas.conveniadas_municipais,1100205,Porto Velho,RO,2021,Ensino médio,,0,matrículas,OBSERVADO,,,sim,inep_censo_2021,"Censo Escolar 2021, escolas com CO_MUNICIPIO = 1100205 e TP_DEPENDENCIA = 4, IN_PODER_PUBLICO_PARCERIA = 1, TP_PODER_PUBLICO_PARCERIA = 1"
edu.matriculas.conveniadas_municipais,1100205,Porto Velho,RO,2021,Educação de jovens e adultos,,0,matrículas,OBSERVADO,,,sim,inep_censo_2021,"Censo Escolar 2021, escolas com CO_MUNICIPIO = 1100205 e TP_DEPENDENCIA = 4, IN_PODER_PUBLICO_PARCERIA = 1, TP_PODER_PUBLICO_PARCERIA = 1"
edu.matriculas.conveniadas_municipais,1100205,Porto Velho,RO,2021,Educação profissional não integrada,,0,matrículas,OBSERVADO,,,sim,inep_censo_2021,"Censo Escolar 2021, escolas com CO_MUNICIPIO = 1100205 e TP_DEPENDENCIA = 4, IN_PODER_PUBLICO_PARCERIA = 1, TP_PODER_PUBLICO_PARCERIA = 1"
edu.matriculas.conveniadas_municipais,1400100,Boa Vista,RR,2021,Total da educação básica,,0,matrículas,OBSERVADO,,,sim,inep_censo_2021,"Censo Escolar 2021, escolas com CO_MUNICIPIO = 1400100 e TP_DEPENDENCIA = 4, IN_PODER_PUBLICO_PARCERIA = 1, TP_PODER_PUBLICO_PARCERIA = 1"
edu.matriculas.conveniadas_municipais,1400100,Boa Vista,RR,2021,Creche,,0,matrículas,OBSERVADO,,,sim,inep_censo_2021,"Censo Escolar 2021, escolas com CO_MUNICIPIO = 1400100 e TP_DEPENDENCIA = 4, IN_PODER_PUBLICO_PARCERIA = 1, TP_PODER_PUBLICO_PARCERIA = 1"
edu.matriculas.conveniadas_municipais,1400100,Boa Vista,RR,2021,Pré-escola,,0,matrículas,OBSERVADO,,,sim,inep_censo_2021,"Censo Escolar 2021, escolas com CO_MUNICIPIO = 1400100 e TP_DEPENDENCIA = 4, IN_PODER_PUBLICO_PARCERIA = 1, TP_PODER_PUBLICO_PARCERIA = 1"
edu.matriculas.conveniadas_municipais,1400100,Boa Vista,RR,2021,"Ensino fundamental, anos iniciais",,0,matrículas,OBSERVADO,,,sim,inep_censo_2021,"Censo Escolar 2021, escolas com CO_MUNICIPIO = 1400100 e TP_DEPENDENCIA = 4, IN_PODER_PUBLICO_PARCERIA = 1, TP_PODER_PUBLICO_PARCERIA = 1"
edu.matriculas.conveniadas_municipais,1400100,Boa Vista,RR,2021,"Ensino fundamental, anos finais",,0,matrículas,OBSERVADO,,,sim,inep_censo_2021,"Censo Escolar 2021, escolas com CO_MUNICIPIO = 1400100 e TP_DEPENDENCIA = 4, IN_PODER_PUBLICO_PARCERIA = 1, TP_PODER_PUBLICO_PARCERIA = 1"
edu.matriculas.conveniadas_municipais,1400100,Boa Vista,RR,2021,Ensino médio,,0,matrículas,OBSERVADO,,,sim,inep_censo_2021,"Censo Escolar 2021, escolas com CO_MUNICIPIO = 1400100 e TP_DEPENDENCIA = 4, IN_PODER_PUBLICO_PARCERIA = 1, TP_PODER_PUBLICO_PARCERIA = 1"
edu.matriculas.conveniadas_municipais,1400100,Boa Vista,RR,2021,Educação de jovens e adultos,,0,matrículas,OBSERVADO,,,sim,inep_censo_2021,"Censo Escolar 2021, escolas com CO_MUNICIPIO = 1400100 e TP_DEPENDENCIA = 4, IN_PODER_PUBLICO_PARCERIA = 1, TP_PODER_PUBLICO_PARCERIA = 1"
edu.matriculas.conveniadas_municipais,1400100,Boa Vista,RR,2021,Educação profissional não integrada,,0,matrículas,OBSERVADO,,,sim,inep_censo_2021,"Censo Escolar 2021, escolas com CO_MUNICIPIO = 1400100 e TP_DEPENDENCIA = 4, IN_PODER_PUBLICO_PARCERIA = 1, TP_PODER_PUBLICO_PARCERIA = 1"
edu.matriculas.conveniadas_municipais,4205407,Florianópolis,SC,2021,Total da educação básica,,1524,matrículas,OBSERVADO,,,sim,inep_censo_2021,"Censo Escolar 2021, escolas com CO_MUNICIPIO = 4205407 e TP_DEPENDENCIA = 4, IN_PODER_PUBLICO_PARCERIA = 1, TP_PODER_PUBLICO_PARCERIA = 1"
edu.matriculas.conveniadas_municipais,4205407,Florianópolis,SC,2021,Creche,,671,matrículas,OBSERVADO,,,sim,inep_censo_2021,"Censo Escolar 2021, escolas com CO_MUNICIPIO = 4205407 e TP_DEPENDENCIA = 4, IN_PODER_PUBLICO_PARCERIA = 1, TP_PODER_PUBLICO_PARCERIA = 1"
edu.matriculas.conveniadas_municipais,4205407,Florianópolis,SC,2021,Pré-escola,,853,matrículas,OBSERVADO,,,sim,inep_censo_2021,"Censo Escolar 2021, escolas com CO_MUNICIPIO = 4205407 e TP_DEPENDENCIA = 4, IN_PODER_PUBLICO_PARCERIA = 1, TP_PODER_PUBLICO_PARCERIA = 1"
edu.matriculas.conveniadas_municipais,4205407,Florianópolis,SC,2021,"Ensino fundamental, anos iniciais",,0,matrículas,OBSERVADO,,,sim,inep_censo_2021,"Censo Escolar 2021, escolas com CO_MUNICIPIO = 4205407 e TP_DEPENDENCIA = 4, IN_PODER_PUBLICO_PARCERIA = 1, TP_PODER_PUBLICO_PARCERIA = 1"
edu.matriculas.conveniadas_municipais,4205407,Florianópolis,SC,2021,"Ensino fundamental, anos finais",,0,matrículas,OBSERVADO,,,sim,inep_censo_2021,"Censo Escolar 2021, escolas com CO_MUNICIPIO = 4205407 e TP_DEPENDENCIA = 4, IN_PODER_PUBLICO_PARCERIA = 1, TP_PODER_PUBLICO_PARCERIA = 1"
edu.matriculas.conveniadas_municipais,4205407,Florianópolis,SC,2021,Ensino médio,,0,matrículas,OBSERVADO,,,sim,inep_censo_2021,"Censo Escolar 2021, escolas com CO_MUNICIPIO = 4205407 e TP_DEPENDENCIA = 4, IN_PODER_PUBLICO_PARCERIA = 1, TP_PODER_PUBLICO_PARCERIA = 1"
edu.matriculas.conveniadas_municipais,4205407,Florianópolis,SC,2021,Educação de jovens e adultos,,0,matrículas,OBSERVADO,,,sim,inep_censo_2021,"Censo Escolar 2021, escolas com CO_MUNICIPIO = 4205407 e TP_DEPENDENCIA = 4, IN_PODER_PUBLICO_PARCERIA = 1, TP_PODER_PUBLICO_PARCERIA = 1"
edu.matriculas.conveniadas_municipais,4205407,Florianópolis,SC,2021,Educação profissional não integrada,,0,matrículas,OBSERVADO,,,sim,inep_censo_2021,"Censo Escolar 2021, escolas com CO_MUNICIPIO = 4205407 e TP_DEPENDENCIA = 4, IN_PODER_PUBLICO_PARCERIA = 1, TP_PODER_PUBLICO_PARCERIA = 1"
edu.matriculas.conveniadas_municipais,3550308,São Paulo,SP,2021,Total da educação básica,,300463,matrículas,OBSERVADO,,,sim,inep_censo_2021,"Censo Escolar 2021, escolas com CO_MUNICIPIO = 3550308 e TP_DEPENDENCIA = 4, IN_PODER_PUBLICO_PARCERIA = 1, TP_PODER_PUBLICO_PARCERIA = 1"
edu.matriculas.conveniadas_municipais,3550308,São Paulo,SP,2021,Creche,,291023,matrículas,OBSERVADO,,,sim,inep_censo_2021,"Censo Escolar 2021, escolas com CO_MUNICIPIO = 3550308 e TP_DEPENDENCIA = 4, IN_PODER_PUBLICO_PARCERIA = 1, TP_PODER_PUBLICO_PARCERIA = 1"
edu.matriculas.conveniadas_municipais,3550308,São Paulo,SP,2021,Pré-escola,,9440,matrículas,OBSERVADO,,,sim,inep_censo_2021,"Censo Escolar 2021, escolas com CO_MUNICIPIO = 3550308 e TP_DEPENDENCIA = 4, IN_PODER_PUBLICO_PARCERIA = 1, TP_PODER_PUBLICO_PARCERIA = 1"
edu.matriculas.conveniadas_municipais,3550308,São Paulo,SP,2021,"Ensino fundamental, anos iniciais",,0,matrículas,OBSERVADO,,,sim,inep_censo_2021,"Censo Escolar 2021, escolas com CO_MUNICIPIO = 3550308 e TP_DEPENDENCIA = 4, IN_PODER_PUBLICO_PARCERIA = 1, TP_PODER_PUBLICO_PARCERIA = 1"
edu.matriculas.conveniadas_municipais,3550308,São Paulo,SP,2021,"Ensino fundamental, anos finais",,0,matrículas,OBSERVADO,,,sim,inep_censo_2021,"Censo Escolar 2021, escolas com CO_MUNICIPIO = 3550308 e TP_DEPENDENCIA = 4, IN_PODER_PUBLICO_PARCERIA = 1, TP_PODER_PUBLICO_PARCERIA = 1"
edu.matriculas.conveniadas_municipais,3550308,São Paulo,SP,2021,Ensino médio,,0,matrículas,OBSERVADO,,,sim,inep_censo_2021,"Censo Escolar 2021, escolas com CO_MUNICIPIO = 3550308 e TP_DEPENDENCIA = 4, IN_PODER_PUBLICO_PARCERIA = 1, TP_PODER_PUBLICO_PARCERIA = 1"
edu.matriculas.conveniadas_municipais,3550308,São Paulo,SP,2021,Educação de jovens e adultos,,0,matrículas,OBSERVADO,,,sim,inep_censo_2021,"Censo Escolar 2021, escolas com CO_MUNICIPIO = 3550308 e TP_DEPENDENCIA = 4, IN_PODER_PUBLICO_PARCERIA = 1, TP_PODER_PUBLICO_PARCERIA = 1"
edu.matriculas.conveniadas_municipais,3550308,São Paulo,SP,2021,Educação profissional não integrada,,0,matrículas,OBSERVADO,,,sim,inep_censo_2021,"Censo Escolar 2021, escolas com CO_MUNICIPIO = 3550308 e TP_DEPENDENCIA = 4, IN_PODER_PUBLICO_PARCERIA = 1, TP_PODER_PUBLICO_PARCERIA = 1"
edu.matriculas.conveniadas_municipais,2800308,Aracaju,SE,2021,Total da educação básica,,304,matrículas,OBSERVADO,,,sim,inep_censo_2021,"Censo Escolar 2021, escolas com CO_MUNICIPIO = 2800308 e TP_DEPENDENCIA = 4, IN_PODER_PUBLICO_PARCERIA = 1, TP_PODER_PUBLICO_PARCERIA = 1"
edu.matriculas.conveniadas_municipais,2800308,Aracaju,SE,2021,Creche,,66,matrículas,OBSERVADO,,,sim,inep_censo_2021,"Censo Escolar 2021, escolas com CO_MUNICIPIO = 2800308 e TP_DEPENDENCIA = 4, IN_PODER_PUBLICO_PARCERIA = 1, TP_PODER_PUBLICO_PARCERIA = 1"
edu.matriculas.conveniadas_municipais,2800308,Aracaju,SE,2021,Pré-escola,,206,matrículas,OBSERVADO,,,sim,inep_censo_2021,"Censo Escolar 2021, escolas com CO_MUNICIPIO = 2800308 e TP_DEPENDENCIA = 4, IN_PODER_PUBLICO_PARCERIA = 1, TP_PODER_PUBLICO_PARCERIA = 1"
edu.matriculas.conveniadas_municipais,2800308,Aracaju,SE,2021,"Ensino fundamental, anos iniciais",,32,matrículas,OBSERVADO,,,sim,inep_censo_2021,"Censo Escolar 2021, escolas com CO_MUNICIPIO = 2800308 e TP_DEPENDENCIA = 4, IN_PODER_PUBLICO_PARCERIA = 1, TP_PODER_PUBLICO_PARCERIA = 1"
edu.matriculas.conveniadas_municipais,2800308,Aracaju,SE,2021,"Ensino fundamental, anos finais",,0,matrículas,OBSERVADO,,,sim,inep_censo_2021,"Censo Escolar 2021, escolas com CO_MUNICIPIO = 2800308 e TP_DEPENDENCIA = 4, IN_PODER_PUBLICO_PARCERIA = 1, TP_PODER_PUBLICO_PARCERIA = 1"
edu.matriculas.conveniadas_municipais,2800308,Aracaju,SE,2021,Ensino médio,,0,matrículas,OBSERVADO,,,sim,inep_censo_2021,"Censo Escolar 2021, escolas com CO_MUNICIPIO = 2800308 e TP_DEPENDENCIA = 4, IN_PODER_PUBLICO_PARCERIA = 1, TP_PODER_PUBLICO_PARCERIA = 1"
edu.matriculas.conveniadas_municipais,2800308,Aracaju,SE,2021,Educação de jovens e adultos,,0,matrículas,OBSERVADO,,,sim,inep_censo_2021,"Censo Escolar 2021, escolas com CO_MUNICIPIO = 2800308 e TP_DEPENDENCIA = 4, IN_PODER_PUBLICO_PARCERIA = 1, TP_PODER_PUBLICO_PARCERIA = 1"
edu.matriculas.conveniadas_municipais,2800308,Aracaju,SE,2021,Educação profissional não integrada,,0,matrículas,OBSERVADO,,,sim,inep_censo_2021,"Censo Escolar 2021, escolas com CO_MUNICIPIO = 2800308 e TP_DEPENDENCIA = 4, IN_PODER_PUBLICO_PARCERIA = 1, TP_PODER_PUBLICO_PARCERIA = 1"
edu.matriculas.conveniadas_municipais,1721000,Palmas,TO,2021,Total da educação básica,,0,matrículas,OBSERVADO,,,sim,inep_censo_2021,"Censo Escolar 2021, escolas com CO_MUNICIPIO = 1721000 e TP_DEPENDENCIA = 4, IN_PODER_PUBLICO_PARCERIA = 1, TP_PODER_PUBLICO_PARCERIA = 1"
edu.matriculas.conveniadas_municipais,1721000,Palmas,TO,2021,Creche,,0,matrículas,OBSERVADO,,,sim,inep_censo_2021,"Censo Escolar 2021, escolas com CO_MUNICIPIO = 1721000 e TP_DEPENDENCIA = 4, IN_PODER_PUBLICO_PARCERIA = 1, TP_PODER_PUBLICO_PARCERIA = 1"
edu.matriculas.conveniadas_municipais,1721000,Palmas,TO,2021,Pré-escola,,0,matrículas,OBSERVADO,,,sim,inep_censo_2021,"Censo Escolar 2021, escolas com CO_MUNICIPIO = 1721000 e TP_DEPENDENCIA = 4, IN_PODER_PUBLICO_PARCERIA = 1, TP_PODER_PUBLICO_PARCERIA = 1"
edu.matriculas.conveniadas_municipais,1721000,Palmas,TO,2021,"Ensino fundamental, anos iniciais",,0,matrículas,OBSERVADO,,,sim,inep_censo_2021,"Censo Escolar 2021, escolas com CO_MUNICIPIO = 1721000 e TP_DEPENDENCIA = 4, IN_PODER_PUBLICO_PARCERIA = 1, TP_PODER_PUBLICO_PARCERIA = 1"
edu.matriculas.conveniadas_municipais,1721000,Palmas,TO,2021,"Ensino fundamental, anos finais",,0,matrículas,OBSERVADO,,,sim,inep_censo_2021,"Censo Escolar 2021, escolas com CO_MUNICIPIO = 1721000 e TP_DEPENDENCIA = 4, IN_PODER_PUBLICO_PARCERIA = 1, TP_PODER_PUBLICO_PARCERIA = 1"
edu.matriculas.conveniadas_municipais,1721000,Palmas,TO,2021,Ensino médio,,0,matrículas,OBSERVADO,,,sim,inep_censo_2021,"Censo Escolar 2021, escolas com CO_MUNICIPIO = 1721000 e TP_DEPENDENCIA = 4, IN_PODER_PUBLICO_PARCERIA = 1, TP_PODER_PUBLICO_PARCERIA = 1"
edu.matriculas.conveniadas_municipais,1721000,Palmas,TO,2021,Educação de jovens e adultos,,0,matrículas,OBSERVADO,,,sim,inep_censo_2021,"Censo Escolar 2021, escolas com CO_MUNICIPIO = 1721000 e TP_DEPENDENCIA = 4, IN_PODER_PUBLICO_PARCERIA = 1, TP_PODER_PUBLICO_PARCERIA = 1"
edu.matriculas.conveniadas_municipais,1721000,Palmas,TO,2021,Educação profissional não integrada,,0,matrículas,OBSERVADO,,,sim,inep_censo_2021,"Censo Escolar 2021, escolas com CO_MUNICIPIO = 1721000 e TP_DEPENDENCIA = 4, IN_PODER_PUBLICO_PARCERIA = 1, TP_PODER_PUBLICO_PARCERIA = 1"
edu.matriculas.conveniadas_municipais,1200401,Rio Branco,AC,2022,Total da educação básica,,0,matrículas,OBSERVADO,,,sim,inep_censo_2022,"Censo Escolar 2022, escolas com CO_MUNICIPIO = 1200401 e TP_DEPENDENCIA = 4, IN_PODER_PUBLICO_PARCERIA = 1, TP_PODER_PUBLICO_PARCERIA = 1"
edu.matriculas.conveniadas_municipais,1200401,Rio Branco,AC,2022,Creche,,0,matrículas,OBSERVADO,,,sim,inep_censo_2022,"Censo Escolar 2022, escolas com CO_MUNICIPIO = 1200401 e TP_DEPENDENCIA = 4, IN_PODER_PUBLICO_PARCERIA = 1, TP_PODER_PUBLICO_PARCERIA = 1"
edu.matriculas.conveniadas_municipais,1200401,Rio Branco,AC,2022,Pré-escola,,0,matrículas,OBSERVADO,,,sim,inep_censo_2022,"Censo Escolar 2022, escolas com CO_MUNICIPIO = 1200401 e TP_DEPENDENCIA = 4, IN_PODER_PUBLICO_PARCERIA = 1, TP_PODER_PUBLICO_PARCERIA = 1"
edu.matriculas.conveniadas_municipais,1200401,Rio Branco,AC,2022,"Ensino fundamental, anos iniciais",,0,matrículas,OBSERVADO,,,sim,inep_censo_2022,"Censo Escolar 2022, escolas com CO_MUNICIPIO = 1200401 e TP_DEPENDENCIA = 4, IN_PODER_PUBLICO_PARCERIA = 1, TP_PODER_PUBLICO_PARCERIA = 1"
edu.matriculas.conveniadas_municipais,1200401,Rio Branco,AC,2022,"Ensino fundamental, anos finais",,0,matrículas,OBSERVADO,,,sim,inep_censo_2022,"Censo Escolar 2022, escolas com CO_MUNICIPIO = 1200401 e TP_DEPENDENCIA = 4, IN_PODER_PUBLICO_PARCERIA = 1, TP_PODER_PUBLICO_PARCERIA = 1"
edu.matriculas.conveniadas_municipais,1200401,Rio Branco,AC,2022,Ensino médio,,0,matrículas,OBSERVADO,,,sim,inep_censo_2022,"Censo Escolar 2022, escolas com CO_MUNICIPIO = 1200401 e TP_DEPENDENCIA = 4, IN_PODER_PUBLICO_PARCERIA = 1, TP_PODER_PUBLICO_PARCERIA = 1"
edu.matriculas.conveniadas_municipais,1200401,Rio Branco,AC,2022,Educação de jovens e adultos,,0,matrículas,OBSERVADO,,,sim,inep_censo_2022,"Censo Escolar 2022, escolas com CO_MUNICIPIO = 1200401 e TP_DEPENDENCIA = 4, IN_PODER_PUBLICO_PARCERIA = 1, TP_PODER_PUBLICO_PARCERIA = 1"
edu.matriculas.conveniadas_municipais,1200401,Rio Branco,AC,2022,Educação profissional não integrada,,0,matrículas,OBSERVADO,,,sim,inep_censo_2022,"Censo Escolar 2022, escolas com CO_MUNICIPIO = 1200401 e TP_DEPENDENCIA = 4, IN_PODER_PUBLICO_PARCERIA = 1, TP_PODER_PUBLICO_PARCERIA = 1"
edu.matriculas.conveniadas_municipais,2704302,Maceió,AL,2022,Total da educação básica,,13,matrículas,OBSERVADO,,,sim,inep_censo_2022,"Censo Escolar 2022, escolas com CO_MUNICIPIO = 2704302 e TP_DEPENDENCIA = 4, IN_PODER_PUBLICO_PARCERIA = 1, TP_PODER_PUBLICO_PARCERIA = 1"
edu.matriculas.conveniadas_municipais,2704302,Maceió,AL,2022,Creche,,0,matrículas,OBSERVADO,,,sim,inep_censo_2022,"Censo Escolar 2022, escolas com CO_MUNICIPIO = 2704302 e TP_DEPENDENCIA = 4, IN_PODER_PUBLICO_PARCERIA = 1, TP_PODER_PUBLICO_PARCERIA = 1"
edu.matriculas.conveniadas_municipais,2704302,Maceió,AL,2022,Pré-escola,,13,matrículas,OBSERVADO,,,sim,inep_censo_2022,"Censo Escolar 2022, escolas com CO_MUNICIPIO = 2704302 e TP_DEPENDENCIA = 4, IN_PODER_PUBLICO_PARCERIA = 1, TP_PODER_PUBLICO_PARCERIA = 1"
edu.matriculas.conveniadas_municipais,2704302,Maceió,AL,2022,"Ensino fundamental, anos iniciais",,0,matrículas,OBSERVADO,,,sim,inep_censo_2022,"Censo Escolar 2022, escolas com CO_MUNICIPIO = 2704302 e TP_DEPENDENCIA = 4, IN_PODER_PUBLICO_PARCERIA = 1, TP_PODER_PUBLICO_PARCERIA = 1"
edu.matriculas.conveniadas_municipais,2704302,Maceió,AL,2022,"Ensino fundamental, anos finais",,0,matrículas,OBSERVADO,,,sim,inep_censo_2022,"Censo Escolar 2022, escolas com CO_MUNICIPIO = 2704302 e TP_DEPENDENCIA = 4, IN_PODER_PUBLICO_PARCERIA = 1, TP_PODER_PUBLICO_PARCERIA = 1"
edu.matriculas.conveniadas_municipais,2704302,Maceió,AL,2022,Ensino médio,,0,matrículas,OBSERVADO,,,sim,inep_censo_2022,"Censo Escolar 2022, escolas com CO_MUNICIPIO = 2704302 e TP_DEPENDENCIA = 4, IN_PODER_PUBLICO_PARCERIA = 1, TP_PODER_PUBLICO_PARCERIA = 1"
edu.matriculas.conveniadas_municipais,2704302,Maceió,AL,2022,Educação de jovens e adultos,,0,matrículas,OBSERVADO,,,sim,inep_censo_2022,"Censo Escolar 2022, escolas com CO_MUNICIPIO = 2704302 e TP_DEPENDENCIA = 4, IN_PODER_PUBLICO_PARCERIA = 1, TP_PODER_PUBLICO_PARCERIA = 1"
edu.matriculas.conveniadas_municipais,2704302,Maceió,AL,2022,Educação profissional não integrada,,0,matrículas,OBSERVADO,,,sim,inep_censo_2022,"Censo Escolar 2022, escolas com CO_MUNICIPIO = 2704302 e TP_DEPENDENCIA = 4, IN_PODER_PUBLICO_PARCERIA = 1, TP_PODER_PUBLICO_PARCERIA = 1"
edu.matriculas.conveniadas_municipais,1600303,Macapá,AP,2022,Total da educação básica,,0,matrículas,OBSERVADO,,,sim,inep_censo_2022,"Censo Escolar 2022, escolas com CO_MUNICIPIO = 1600303 e TP_DEPENDENCIA = 4, IN_PODER_PUBLICO_PARCERIA = 1, TP_PODER_PUBLICO_PARCERIA = 1"
edu.matriculas.conveniadas_municipais,1600303,Macapá,AP,2022,Creche,,0,matrículas,OBSERVADO,,,sim,inep_censo_2022,"Censo Escolar 2022, escolas com CO_MUNICIPIO = 1600303 e TP_DEPENDENCIA = 4, IN_PODER_PUBLICO_PARCERIA = 1, TP_PODER_PUBLICO_PARCERIA = 1"
edu.matriculas.conveniadas_municipais,1600303,Macapá,AP,2022,Pré-escola,,0,matrículas,OBSERVADO,,,sim,inep_censo_2022,"Censo Escolar 2022, escolas com CO_MUNICIPIO = 1600303 e TP_DEPENDENCIA = 4, IN_PODER_PUBLICO_PARCERIA = 1, TP_PODER_PUBLICO_PARCERIA = 1"
edu.matriculas.conveniadas_municipais,1600303,Macapá,AP,2022,"Ensino fundamental, anos iniciais",,0,matrículas,OBSERVADO,,,sim,inep_censo_2022,"Censo Escolar 2022, escolas com CO_MUNICIPIO = 1600303 e TP_DEPENDENCIA = 4, IN_PODER_PUBLICO_PARCERIA = 1, TP_PODER_PUBLICO_PARCERIA = 1"
edu.matriculas.conveniadas_municipais,1600303,Macapá,AP,2022,"Ensino fundamental, anos finais",,0,matrículas,OBSERVADO,,,sim,inep_censo_2022,"Censo Escolar 2022, escolas com CO_MUNICIPIO = 1600303 e TP_DEPENDENCIA = 4, IN_PODER_PUBLICO_PARCERIA = 1, TP_PODER_PUBLICO_PARCERIA = 1"
edu.matriculas.conveniadas_municipais,1600303,Macapá,AP,2022,Ensino médio,,0,matrículas,OBSERVADO,,,sim,inep_censo_2022,"Censo Escolar 2022, escolas com CO_MUNICIPIO = 1600303 e TP_DEPENDENCIA = 4, IN_PODER_PUBLICO_PARCERIA = 1, TP_PODER_PUBLICO_PARCERIA = 1"
edu.matriculas.conveniadas_municipais,1600303,Macapá,AP,2022,Educação de jovens e adultos,,0,matrículas,OBSERVADO,,,sim,inep_censo_2022,"Censo Escolar 2022, escolas com CO_MUNICIPIO = 1600303 e TP_DEPENDENCIA = 4, IN_PODER_PUBLICO_PARCERIA = 1, TP_PODER_PUBLICO_PARCERIA = 1"
edu.matriculas.conveniadas_municipais,1600303,Macapá,AP,2022,Educação profissional não integrada,,0,matrículas,OBSERVADO,,,sim,inep_censo_2022,"Censo Escolar 2022, escolas com CO_MUNICIPIO = 1600303 e TP_DEPENDENCIA = 4, IN_PODER_PUBLICO_PARCERIA = 1, TP_PODER_PUBLICO_PARCERIA = 1"
edu.matriculas.conveniadas_municipais,1302603,Manaus,AM,2022,Total da educação básica,,721,matrículas,OBSERVADO,,,sim,inep_censo_2022,"Censo Escolar 2022, escolas com CO_MUNICIPIO = 1302603 e TP_DEPENDENCIA = 4, IN_PODER_PUBLICO_PARCERIA = 1, TP_PODER_PUBLICO_PARCERIA = 1"
edu.matriculas.conveniadas_municipais,1302603,Manaus,AM,2022,Creche,,160,matrículas,OBSERVADO,,,sim,inep_censo_2022,"Censo Escolar 2022, escolas com CO_MUNICIPIO = 1302603 e TP_DEPENDENCIA = 4, IN_PODER_PUBLICO_PARCERIA = 1, TP_PODER_PUBLICO_PARCERIA = 1"
edu.matriculas.conveniadas_municipais,1302603,Manaus,AM,2022,Pré-escola,,229,matrículas,OBSERVADO,,,sim,inep_censo_2022,"Censo Escolar 2022, escolas com CO_MUNICIPIO = 1302603 e TP_DEPENDENCIA = 4, IN_PODER_PUBLICO_PARCERIA = 1, TP_PODER_PUBLICO_PARCERIA = 1"
edu.matriculas.conveniadas_municipais,1302603,Manaus,AM,2022,"Ensino fundamental, anos iniciais",,287,matrículas,OBSERVADO,,,sim,inep_censo_2022,"Censo Escolar 2022, escolas com CO_MUNICIPIO = 1302603 e TP_DEPENDENCIA = 4, IN_PODER_PUBLICO_PARCERIA = 1, TP_PODER_PUBLICO_PARCERIA = 1"
edu.matriculas.conveniadas_municipais,1302603,Manaus,AM,2022,"Ensino fundamental, anos finais",,45,matrículas,OBSERVADO,,,sim,inep_censo_2022,"Censo Escolar 2022, escolas com CO_MUNICIPIO = 1302603 e TP_DEPENDENCIA = 4, IN_PODER_PUBLICO_PARCERIA = 1, TP_PODER_PUBLICO_PARCERIA = 1"
edu.matriculas.conveniadas_municipais,1302603,Manaus,AM,2022,Ensino médio,,0,matrículas,OBSERVADO,,,sim,inep_censo_2022,"Censo Escolar 2022, escolas com CO_MUNICIPIO = 1302603 e TP_DEPENDENCIA = 4, IN_PODER_PUBLICO_PARCERIA = 1, TP_PODER_PUBLICO_PARCERIA = 1"
edu.matriculas.conveniadas_municipais,1302603,Manaus,AM,2022,Educação de jovens e adultos,,0,matrículas,OBSERVADO,,,sim,inep_censo_2022,"Censo Escolar 2022, escolas com CO_MUNICIPIO = 1302603 e TP_DEPENDENCIA = 4, IN_PODER_PUBLICO_PARCERIA = 1, TP_PODER_PUBLICO_PARCERIA = 1"
edu.matriculas.conveniadas_municipais,1302603,Manaus,AM,2022,Educação profissional não integrada,,0,matrículas,OBSERVADO,,,sim,inep_censo_2022,"Censo Escolar 2022, escolas com CO_MUNICIPIO = 1302603 e TP_DEPENDENCIA = 4, IN_PODER_PUBLICO_PARCERIA = 1, TP_PODER_PUBLICO_PARCERIA = 1"
edu.matriculas.conveniadas_municipais,2927408,Salvador,BA,2022,Total da educação básica,,35595,matrículas,OBSERVADO,,,sim,inep_censo_2022,"Censo Escolar 2022, escolas com CO_MUNICIPIO = 2927408 e TP_DEPENDENCIA = 4, IN_PODER_PUBLICO_PARCERIA = 1, TP_PODER_PUBLICO_PARCERIA = 1"
edu.matriculas.conveniadas_municipais,2927408,Salvador,BA,2022,Creche,,16598,matrículas,OBSERVADO,,,sim,inep_censo_2022,"Censo Escolar 2022, escolas com CO_MUNICIPIO = 2927408 e TP_DEPENDENCIA = 4, IN_PODER_PUBLICO_PARCERIA = 1, TP_PODER_PUBLICO_PARCERIA = 1"
edu.matriculas.conveniadas_municipais,2927408,Salvador,BA,2022,Pré-escola,,13549,matrículas,OBSERVADO,,,sim,inep_censo_2022,"Censo Escolar 2022, escolas com CO_MUNICIPIO = 2927408 e TP_DEPENDENCIA = 4, IN_PODER_PUBLICO_PARCERIA = 1, TP_PODER_PUBLICO_PARCERIA = 1"
edu.matriculas.conveniadas_municipais,2927408,Salvador,BA,2022,"Ensino fundamental, anos iniciais",,3902,matrículas,OBSERVADO,,,sim,inep_censo_2022,"Censo Escolar 2022, escolas com CO_MUNICIPIO = 2927408 e TP_DEPENDENCIA = 4, IN_PODER_PUBLICO_PARCERIA = 1, TP_PODER_PUBLICO_PARCERIA = 1"
edu.matriculas.conveniadas_municipais,2927408,Salvador,BA,2022,"Ensino fundamental, anos finais",,1309,matrículas,OBSERVADO,,,sim,inep_censo_2022,"Censo Escolar 2022, escolas com CO_MUNICIPIO = 2927408 e TP_DEPENDENCIA = 4, IN_PODER_PUBLICO_PARCERIA = 1, TP_PODER_PUBLICO_PARCERIA = 1"
edu.matriculas.conveniadas_municipais,2927408,Salvador,BA,2022,Ensino médio,,237,matrículas,OBSERVADO,,,sim,inep_censo_2022,"Censo Escolar 2022, escolas com CO_MUNICIPIO = 2927408 e TP_DEPENDENCIA = 4, IN_PODER_PUBLICO_PARCERIA = 1, TP_PODER_PUBLICO_PARCERIA = 1"
edu.matriculas.conveniadas_municipais,2927408,Salvador,BA,2022,Educação de jovens e adultos,,0,matrículas,OBSERVADO,,,sim,inep_censo_2022,"Censo Escolar 2022, escolas com CO_MUNICIPIO = 2927408 e TP_DEPENDENCIA = 4, IN_PODER_PUBLICO_PARCERIA = 1, TP_PODER_PUBLICO_PARCERIA = 1"
edu.matriculas.conveniadas_municipais,2927408,Salvador,BA,2022,Educação profissional não integrada,,0,matrículas,OBSERVADO,,,sim,inep_censo_2022,"Censo Escolar 2022, escolas com CO_MUNICIPIO = 2927408 e TP_DEPENDENCIA = 4, IN_PODER_PUBLICO_PARCERIA = 1, TP_PODER_PUBLICO_PARCERIA = 1"
edu.matriculas.conveniadas_municipais,2304400,Fortaleza,CE,2022,Total da educação básica,,0,matrículas,OBSERVADO,,,sim,inep_censo_2022,"Censo Escolar 2022, escolas com CO_MUNICIPIO = 2304400 e TP_DEPENDENCIA = 4, IN_PODER_PUBLICO_PARCERIA = 1, TP_PODER_PUBLICO_PARCERIA = 1"
edu.matriculas.conveniadas_municipais,2304400,Fortaleza,CE,2022,Creche,,0,matrículas,OBSERVADO,,,sim,inep_censo_2022,"Censo Escolar 2022, escolas com CO_MUNICIPIO = 2304400 e TP_DEPENDENCIA = 4, IN_PODER_PUBLICO_PARCERIA = 1, TP_PODER_PUBLICO_PARCERIA = 1"
edu.matriculas.conveniadas_municipais,2304400,Fortaleza,CE,2022,Pré-escola,,0,matrículas,OBSERVADO,,,sim,inep_censo_2022,"Censo Escolar 2022, escolas com CO_MUNICIPIO = 2304400 e TP_DEPENDENCIA = 4, IN_PODER_PUBLICO_PARCERIA = 1, TP_PODER_PUBLICO_PARCERIA = 1"
edu.matriculas.conveniadas_municipais,2304400,Fortaleza,CE,2022,"Ensino fundamental, anos iniciais",,0,matrículas,OBSERVADO,,,sim,inep_censo_2022,"Censo Escolar 2022, escolas com CO_MUNICIPIO = 2304400 e TP_DEPENDENCIA = 4, IN_PODER_PUBLICO_PARCERIA = 1, TP_PODER_PUBLICO_PARCERIA = 1"
edu.matriculas.conveniadas_municipais,2304400,Fortaleza,CE,2022,"Ensino fundamental, anos finais",,0,matrículas,OBSERVADO,,,sim,inep_censo_2022,"Censo Escolar 2022, escolas com CO_MUNICIPIO = 2304400 e TP_DEPENDENCIA = 4, IN_PODER_PUBLICO_PARCERIA = 1, TP_PODER_PUBLICO_PARCERIA = 1"
edu.matriculas.conveniadas_municipais,2304400,Fortaleza,CE,2022,Ensino médio,,0,matrículas,OBSERVADO,,,sim,inep_censo_2022,"Censo Escolar 2022, escolas com CO_MUNICIPIO = 2304400 e TP_DEPENDENCIA = 4, IN_PODER_PUBLICO_PARCERIA = 1, TP_PODER_PUBLICO_PARCERIA = 1"
edu.matriculas.conveniadas_municipais,2304400,Fortaleza,CE,2022,Educação de jovens e adultos,,0,matrículas,OBSERVADO,,,sim,inep_censo_2022,"Censo Escolar 2022, escolas com CO_MUNICIPIO = 2304400 e TP_DEPENDENCIA = 4, IN_PODER_PUBLICO_PARCERIA = 1, TP_PODER_PUBLICO_PARCERIA = 1"
edu.matriculas.conveniadas_municipais,2304400,Fortaleza,CE,2022,Educação profissional não integrada,,0,matrículas,OBSERVADO,,,sim,inep_censo_2022,"Censo Escolar 2022, escolas com CO_MUNICIPIO = 2304400 e TP_DEPENDENCIA = 4, IN_PODER_PUBLICO_PARCERIA = 1, TP_PODER_PUBLICO_PARCERIA = 1"
edu.matriculas.conveniadas_municipais,3205309,Vitória,ES,2022,Total da educação básica,,0,matrículas,OBSERVADO,,,sim,inep_censo_2022,"Censo Escolar 2022, escolas com CO_MUNICIPIO = 3205309 e TP_DEPENDENCIA = 4, IN_PODER_PUBLICO_PARCERIA = 1, TP_PODER_PUBLICO_PARCERIA = 1"
edu.matriculas.conveniadas_municipais,3205309,Vitória,ES,2022,Creche,,0,matrículas,OBSERVADO,,,sim,inep_censo_2022,"Censo Escolar 2022, escolas com CO_MUNICIPIO = 3205309 e TP_DEPENDENCIA = 4, IN_PODER_PUBLICO_PARCERIA = 1, TP_PODER_PUBLICO_PARCERIA = 1"
edu.matriculas.conveniadas_municipais,3205309,Vitória,ES,2022,Pré-escola,,0,matrículas,OBSERVADO,,,sim,inep_censo_2022,"Censo Escolar 2022, escolas com CO_MUNICIPIO = 3205309 e TP_DEPENDENCIA = 4, IN_PODER_PUBLICO_PARCERIA = 1, TP_PODER_PUBLICO_PARCERIA = 1"
edu.matriculas.conveniadas_municipais,3205309,Vitória,ES,2022,"Ensino fundamental, anos iniciais",,0,matrículas,OBSERVADO,,,sim,inep_censo_2022,"Censo Escolar 2022, escolas com CO_MUNICIPIO = 3205309 e TP_DEPENDENCIA = 4, IN_PODER_PUBLICO_PARCERIA = 1, TP_PODER_PUBLICO_PARCERIA = 1"
edu.matriculas.conveniadas_municipais,3205309,Vitória,ES,2022,"Ensino fundamental, anos finais",,0,matrículas,OBSERVADO,,,sim,inep_censo_2022,"Censo Escolar 2022, escolas com CO_MUNICIPIO = 3205309 e TP_DEPENDENCIA = 4, IN_PODER_PUBLICO_PARCERIA = 1, TP_PODER_PUBLICO_PARCERIA = 1"
edu.matriculas.conveniadas_municipais,3205309,Vitória,ES,2022,Ensino médio,,0,matrículas,OBSERVADO,,,sim,inep_censo_2022,"Censo Escolar 2022, escolas com CO_MUNICIPIO = 3205309 e TP_DEPENDENCIA = 4, IN_PODER_PUBLICO_PARCERIA = 1, TP_PODER_PUBLICO_PARCERIA = 1"
edu.matriculas.conveniadas_municipais,3205309,Vitória,ES,2022,Educação de jovens e adultos,,0,matrículas,OBSERVADO,,,sim,inep_censo_2022,"Censo Escolar 2022, escolas com CO_MUNICIPIO = 3205309 e TP_DEPENDENCIA = 4, IN_PODER_PUBLICO_PARCERIA = 1, TP_PODER_PUBLICO_PARCERIA = 1"
edu.matriculas.conveniadas_municipais,3205309,Vitória,ES,2022,Educação profissional não integrada,,0,matrículas,OBSERVADO,,,sim,inep_censo_2022,"Censo Escolar 2022, escolas com CO_MUNICIPIO = 3205309 e TP_DEPENDENCIA = 4, IN_PODER_PUBLICO_PARCERIA = 1, TP_PODER_PUBLICO_PARCERIA = 1"
edu.matriculas.conveniadas_municipais,5208707,Goiânia,GO,2022,Total da educação básica,,6571,matrículas,OBSERVADO,,,sim,inep_censo_2022,"Censo Escolar 2022, escolas com CO_MUNICIPIO = 5208707 e TP_DEPENDENCIA = 4, IN_PODER_PUBLICO_PARCERIA = 1, TP_PODER_PUBLICO_PARCERIA = 1"
edu.matriculas.conveniadas_municipais,5208707,Goiânia,GO,2022,Creche,,2742,matrículas,OBSERVADO,,,sim,inep_censo_2022,"Censo Escolar 2022, escolas com CO_MUNICIPIO = 5208707 e TP_DEPENDENCIA = 4, IN_PODER_PUBLICO_PARCERIA = 1, TP_PODER_PUBLICO_PARCERIA = 1"
edu.matriculas.conveniadas_municipais,5208707,Goiânia,GO,2022,Pré-escola,,2606,matrículas,OBSERVADO,,,sim,inep_censo_2022,"Censo Escolar 2022, escolas com CO_MUNICIPIO = 5208707 e TP_DEPENDENCIA = 4, IN_PODER_PUBLICO_PARCERIA = 1, TP_PODER_PUBLICO_PARCERIA = 1"
edu.matriculas.conveniadas_municipais,5208707,Goiânia,GO,2022,"Ensino fundamental, anos iniciais",,1120,matrículas,OBSERVADO,,,sim,inep_censo_2022,"Censo Escolar 2022, escolas com CO_MUNICIPIO = 5208707 e TP_DEPENDENCIA = 4, IN_PODER_PUBLICO_PARCERIA = 1, TP_PODER_PUBLICO_PARCERIA = 1"
edu.matriculas.conveniadas_municipais,5208707,Goiânia,GO,2022,"Ensino fundamental, anos finais",,103,matrículas,OBSERVADO,,,sim,inep_censo_2022,"Censo Escolar 2022, escolas com CO_MUNICIPIO = 5208707 e TP_DEPENDENCIA = 4, IN_PODER_PUBLICO_PARCERIA = 1, TP_PODER_PUBLICO_PARCERIA = 1"
edu.matriculas.conveniadas_municipais,5208707,Goiânia,GO,2022,Ensino médio,,0,matrículas,OBSERVADO,,,sim,inep_censo_2022,"Censo Escolar 2022, escolas com CO_MUNICIPIO = 5208707 e TP_DEPENDENCIA = 4, IN_PODER_PUBLICO_PARCERIA = 1, TP_PODER_PUBLICO_PARCERIA = 1"
edu.matriculas.conveniadas_municipais,5208707,Goiânia,GO,2022,Educação de jovens e adultos,,0,matrículas,OBSERVADO,,,sim,inep_censo_2022,"Censo Escolar 2022, escolas com CO_MUNICIPIO = 5208707 e TP_DEPENDENCIA = 4, IN_PODER_PUBLICO_PARCERIA = 1, TP_PODER_PUBLICO_PARCERIA = 1"
edu.matriculas.conveniadas_municipais,5208707,Goiânia,GO,2022,Educação profissional não integrada,,0,matrículas,OBSERVADO,,,sim,inep_censo_2022,"Censo Escolar 2022, escolas com CO_MUNICIPIO = 5208707 e TP_DEPENDENCIA = 4, IN_PODER_PUBLICO_PARCERIA = 1, TP_PODER_PUBLICO_PARCERIA = 1"
edu.matriculas.conveniadas_municipais,2111300,São Luís,MA,2022,Total da educação básica,,29705,matrículas,OBSERVADO,,,sim,inep_censo_2022,"Censo Escolar 2022, escolas com CO_MUNICIPIO = 2111300 e TP_DEPENDENCIA = 4, IN_PODER_PUBLICO_PARCERIA = 1, TP_PODER_PUBLICO_PARCERIA = 1"
edu.matriculas.conveniadas_municipais,2111300,São Luís,MA,2022,Creche,,8257,matrículas,OBSERVADO,,,sim,inep_censo_2022,"Censo Escolar 2022, escolas com CO_MUNICIPIO = 2111300 e TP_DEPENDENCIA = 4, IN_PODER_PUBLICO_PARCERIA = 1, TP_PODER_PUBLICO_PARCERIA = 1"
edu.matriculas.conveniadas_municipais,2111300,São Luís,MA,2022,Pré-escola,,9885,matrículas,OBSERVADO,,,sim,inep_censo_2022,"Censo Escolar 2022, escolas com CO_MUNICIPIO = 2111300 e TP_DEPENDENCIA = 4, IN_PODER_PUBLICO_PARCERIA = 1, TP_PODER_PUBLICO_PARCERIA = 1"
edu.matriculas.conveniadas_municipais,2111300,São Luís,MA,2022,"Ensino fundamental, anos iniciais",,9512,matrículas,OBSERVADO,,,sim,inep_censo_2022,"Censo Escolar 2022, escolas com CO_MUNICIPIO = 2111300 e TP_DEPENDENCIA = 4, IN_PODER_PUBLICO_PARCERIA = 1, TP_PODER_PUBLICO_PARCERIA = 1"
edu.matriculas.conveniadas_municipais,2111300,São Luís,MA,2022,"Ensino fundamental, anos finais",,1805,matrículas,OBSERVADO,,,sim,inep_censo_2022,"Censo Escolar 2022, escolas com CO_MUNICIPIO = 2111300 e TP_DEPENDENCIA = 4, IN_PODER_PUBLICO_PARCERIA = 1, TP_PODER_PUBLICO_PARCERIA = 1"
edu.matriculas.conveniadas_municipais,2111300,São Luís,MA,2022,Ensino médio,,71,matrículas,OBSERVADO,,,sim,inep_censo_2022,"Censo Escolar 2022, escolas com CO_MUNICIPIO = 2111300 e TP_DEPENDENCIA = 4, IN_PODER_PUBLICO_PARCERIA = 1, TP_PODER_PUBLICO_PARCERIA = 1"
edu.matriculas.conveniadas_municipais,2111300,São Luís,MA,2022,Educação de jovens e adultos,,175,matrículas,OBSERVADO,,,sim,inep_censo_2022,"Censo Escolar 2022, escolas com CO_MUNICIPIO = 2111300 e TP_DEPENDENCIA = 4, IN_PODER_PUBLICO_PARCERIA = 1, TP_PODER_PUBLICO_PARCERIA = 1"
edu.matriculas.conveniadas_municipais,2111300,São Luís,MA,2022,Educação profissional não integrada,,0,matrículas,OBSERVADO,,,sim,inep_censo_2022,"Censo Escolar 2022, escolas com CO_MUNICIPIO = 2111300 e TP_DEPENDENCIA = 4, IN_PODER_PUBLICO_PARCERIA = 1, TP_PODER_PUBLICO_PARCERIA = 1"
edu.matriculas.conveniadas_municipais,5103403,Cuiabá,MT,2022,Total da educação básica,,2414,matrículas,OBSERVADO,,,sim,inep_censo_2022,"Censo Escolar 2022, escolas com CO_MUNICIPIO = 5103403 e TP_DEPENDENCIA = 4, IN_PODER_PUBLICO_PARCERIA = 1, TP_PODER_PUBLICO_PARCERIA = 1"
edu.matriculas.conveniadas_municipais,5103403,Cuiabá,MT,2022,Creche,,1368,matrículas,OBSERVADO,,,sim,inep_censo_2022,"Censo Escolar 2022, escolas com CO_MUNICIPIO = 5103403 e TP_DEPENDENCIA = 4, IN_PODER_PUBLICO_PARCERIA = 1, TP_PODER_PUBLICO_PARCERIA = 1"
edu.matriculas.conveniadas_municipais,5103403,Cuiabá,MT,2022,Pré-escola,,662,matrículas,OBSERVADO,,,sim,inep_censo_2022,"Censo Escolar 2022, escolas com CO_MUNICIPIO = 5103403 e TP_DEPENDENCIA = 4, IN_PODER_PUBLICO_PARCERIA = 1, TP_PODER_PUBLICO_PARCERIA = 1"
edu.matriculas.conveniadas_municipais,5103403,Cuiabá,MT,2022,"Ensino fundamental, anos iniciais",,274,matrículas,OBSERVADO,,,sim,inep_censo_2022,"Censo Escolar 2022, escolas com CO_MUNICIPIO = 5103403 e TP_DEPENDENCIA = 4, IN_PODER_PUBLICO_PARCERIA = 1, TP_PODER_PUBLICO_PARCERIA = 1"
edu.matriculas.conveniadas_municipais,5103403,Cuiabá,MT,2022,"Ensino fundamental, anos finais",,0,matrículas,OBSERVADO,,,sim,inep_censo_2022,"Censo Escolar 2022, escolas com CO_MUNICIPIO = 5103403 e TP_DEPENDENCIA = 4, IN_PODER_PUBLICO_PARCERIA = 1, TP_PODER_PUBLICO_PARCERIA = 1"
edu.matriculas.conveniadas_municipais,5103403,Cuiabá,MT,2022,Ensino médio,,0,matrículas,OBSERVADO,,,sim,inep_censo_2022,"Censo Escolar 2022, escolas com CO_MUNICIPIO = 5103403 e TP_DEPENDENCIA = 4, IN_PODER_PUBLICO_PARCERIA = 1, TP_PODER_PUBLICO_PARCERIA = 1"
edu.matriculas.conveniadas_municipais,5103403,Cuiabá,MT,2022,Educação de jovens e adultos,,110,matrículas,OBSERVADO,,,sim,inep_censo_2022,"Censo Escolar 2022, escolas com CO_MUNICIPIO = 5103403 e TP_DEPENDENCIA = 4, IN_PODER_PUBLICO_PARCERIA = 1, TP_PODER_PUBLICO_PARCERIA = 1"
edu.matriculas.conveniadas_municipais,5103403,Cuiabá,MT,2022,Educação profissional não integrada,,0,matrículas,OBSERVADO,,,sim,inep_censo_2022,"Censo Escolar 2022, escolas com CO_MUNICIPIO = 5103403 e TP_DEPENDENCIA = 4, IN_PODER_PUBLICO_PARCERIA = 1, TP_PODER_PUBLICO_PARCERIA = 1"
edu.matriculas.conveniadas_municipais,5002704,Campo Grande,MS,2022,Total da educação básica,,2573,matrículas,OBSERVADO,,,sim,inep_censo_2022,"Censo Escolar 2022, escolas com CO_MUNICIPIO = 5002704 e TP_DEPENDENCIA = 4, IN_PODER_PUBLICO_PARCERIA = 1, TP_PODER_PUBLICO_PARCERIA = 1"
edu.matriculas.conveniadas_municipais,5002704,Campo Grande,MS,2022,Creche,,2024,matrículas,OBSERVADO,,,sim,inep_censo_2022,"Censo Escolar 2022, escolas com CO_MUNICIPIO = 5002704 e TP_DEPENDENCIA = 4, IN_PODER_PUBLICO_PARCERIA = 1, TP_PODER_PUBLICO_PARCERIA = 1"
edu.matriculas.conveniadas_municipais,5002704,Campo Grande,MS,2022,Pré-escola,,497,matrículas,OBSERVADO,,,sim,inep_censo_2022,"Censo Escolar 2022, escolas com CO_MUNICIPIO = 5002704 e TP_DEPENDENCIA = 4, IN_PODER_PUBLICO_PARCERIA = 1, TP_PODER_PUBLICO_PARCERIA = 1"
edu.matriculas.conveniadas_municipais,5002704,Campo Grande,MS,2022,"Ensino fundamental, anos iniciais",,52,matrículas,OBSERVADO,,,sim,inep_censo_2022,"Censo Escolar 2022, escolas com CO_MUNICIPIO = 5002704 e TP_DEPENDENCIA = 4, IN_PODER_PUBLICO_PARCERIA = 1, TP_PODER_PUBLICO_PARCERIA = 1"
edu.matriculas.conveniadas_municipais,5002704,Campo Grande,MS,2022,"Ensino fundamental, anos finais",,0,matrículas,OBSERVADO,,,sim,inep_censo_2022,"Censo Escolar 2022, escolas com CO_MUNICIPIO = 5002704 e TP_DEPENDENCIA = 4, IN_PODER_PUBLICO_PARCERIA = 1, TP_PODER_PUBLICO_PARCERIA = 1"
edu.matriculas.conveniadas_municipais,5002704,Campo Grande,MS,2022,Ensino médio,,0,matrículas,OBSERVADO,,,sim,inep_censo_2022,"Censo Escolar 2022, escolas com CO_MUNICIPIO = 5002704 e TP_DEPENDENCIA = 4, IN_PODER_PUBLICO_PARCERIA = 1, TP_PODER_PUBLICO_PARCERIA = 1"
edu.matriculas.conveniadas_municipais,5002704,Campo Grande,MS,2022,Educação de jovens e adultos,,0,matrículas,OBSERVADO,,,sim,inep_censo_2022,"Censo Escolar 2022, escolas com CO_MUNICIPIO = 5002704 e TP_DEPENDENCIA = 4, IN_PODER_PUBLICO_PARCERIA = 1, TP_PODER_PUBLICO_PARCERIA = 1"
edu.matriculas.conveniadas_municipais,5002704,Campo Grande,MS,2022,Educação profissional não integrada,,0,matrículas,OBSERVADO,,,sim,inep_censo_2022,"Censo Escolar 2022, escolas com CO_MUNICIPIO = 5002704 e TP_DEPENDENCIA = 4, IN_PODER_PUBLICO_PARCERIA = 1, TP_PODER_PUBLICO_PARCERIA = 1"
edu.matriculas.conveniadas_municipais,3106200,Belo Horizonte,MG,2022,Total da educação básica,,27903,matrículas,OBSERVADO,,,sim,inep_censo_2022,"Censo Escolar 2022, escolas com CO_MUNICIPIO = 3106200 e TP_DEPENDENCIA = 4, IN_PODER_PUBLICO_PARCERIA = 1, TP_PODER_PUBLICO_PARCERIA = 1"
edu.matriculas.conveniadas_municipais,3106200,Belo Horizonte,MG,2022,Creche,,21199,matrículas,OBSERVADO,,,sim,inep_censo_2022,"Censo Escolar 2022, escolas com CO_MUNICIPIO = 3106200 e TP_DEPENDENCIA = 4, IN_PODER_PUBLICO_PARCERIA = 1, TP_PODER_PUBLICO_PARCERIA = 1"
edu.matriculas.conveniadas_municipais,3106200,Belo Horizonte,MG,2022,Pré-escola,,6704,matrículas,OBSERVADO,,,sim,inep_censo_2022,"Censo Escolar 2022, escolas com CO_MUNICIPIO = 3106200 e TP_DEPENDENCIA = 4, IN_PODER_PUBLICO_PARCERIA = 1, TP_PODER_PUBLICO_PARCERIA = 1"
edu.matriculas.conveniadas_municipais,3106200,Belo Horizonte,MG,2022,"Ensino fundamental, anos iniciais",,0,matrículas,OBSERVADO,,,sim,inep_censo_2022,"Censo Escolar 2022, escolas com CO_MUNICIPIO = 3106200 e TP_DEPENDENCIA = 4, IN_PODER_PUBLICO_PARCERIA = 1, TP_PODER_PUBLICO_PARCERIA = 1"
edu.matriculas.conveniadas_municipais,3106200,Belo Horizonte,MG,2022,"Ensino fundamental, anos finais",,0,matrículas,OBSERVADO,,,sim,inep_censo_2022,"Censo Escolar 2022, escolas com CO_MUNICIPIO = 3106200 e TP_DEPENDENCIA = 4, IN_PODER_PUBLICO_PARCERIA = 1, TP_PODER_PUBLICO_PARCERIA = 1"
edu.matriculas.conveniadas_municipais,3106200,Belo Horizonte,MG,2022,Ensino médio,,0,matrículas,OBSERVADO,,,sim,inep_censo_2022,"Censo Escolar 2022, escolas com CO_MUNICIPIO = 3106200 e TP_DEPENDENCIA = 4, IN_PODER_PUBLICO_PARCERIA = 1, TP_PODER_PUBLICO_PARCERIA = 1"
edu.matriculas.conveniadas_municipais,3106200,Belo Horizonte,MG,2022,Educação de jovens e adultos,,0,matrículas,OBSERVADO,,,sim,inep_censo_2022,"Censo Escolar 2022, escolas com CO_MUNICIPIO = 3106200 e TP_DEPENDENCIA = 4, IN_PODER_PUBLICO_PARCERIA = 1, TP_PODER_PUBLICO_PARCERIA = 1"
edu.matriculas.conveniadas_municipais,3106200,Belo Horizonte,MG,2022,Educação profissional não integrada,,0,matrículas,OBSERVADO,,,sim,inep_censo_2022,"Censo Escolar 2022, escolas com CO_MUNICIPIO = 3106200 e TP_DEPENDENCIA = 4, IN_PODER_PUBLICO_PARCERIA = 1, TP_PODER_PUBLICO_PARCERIA = 1"
edu.matriculas.conveniadas_municipais,1501402,Belém,PA,2022,Total da educação básica,,4491,matrículas,OBSERVADO,,,sim,inep_censo_2022,"Censo Escolar 2022, escolas com CO_MUNICIPIO = 1501402 e TP_DEPENDENCIA = 4, IN_PODER_PUBLICO_PARCERIA = 1, TP_PODER_PUBLICO_PARCERIA = 1"
edu.matriculas.conveniadas_municipais,1501402,Belém,PA,2022,Creche,,1922,matrículas,OBSERVADO,,,sim,inep_censo_2022,"Censo Escolar 2022, escolas com CO_MUNICIPIO = 1501402 e TP_DEPENDENCIA = 4, IN_PODER_PUBLICO_PARCERIA = 1, TP_PODER_PUBLICO_PARCERIA = 1"
edu.matriculas.conveniadas_municipais,1501402,Belém,PA,2022,Pré-escola,,2569,matrículas,OBSERVADO,,,sim,inep_censo_2022,"Censo Escolar 2022, escolas com CO_MUNICIPIO = 1501402 e TP_DEPENDENCIA = 4, IN_PODER_PUBLICO_PARCERIA = 1, TP_PODER_PUBLICO_PARCERIA = 1"
edu.matriculas.conveniadas_municipais,1501402,Belém,PA,2022,"Ensino fundamental, anos iniciais",,0,matrículas,OBSERVADO,,,sim,inep_censo_2022,"Censo Escolar 2022, escolas com CO_MUNICIPIO = 1501402 e TP_DEPENDENCIA = 4, IN_PODER_PUBLICO_PARCERIA = 1, TP_PODER_PUBLICO_PARCERIA = 1"
edu.matriculas.conveniadas_municipais,1501402,Belém,PA,2022,"Ensino fundamental, anos finais",,0,matrículas,OBSERVADO,,,sim,inep_censo_2022,"Censo Escolar 2022, escolas com CO_MUNICIPIO = 1501402 e TP_DEPENDENCIA = 4, IN_PODER_PUBLICO_PARCERIA = 1, TP_PODER_PUBLICO_PARCERIA = 1"
edu.matriculas.conveniadas_municipais,1501402,Belém,PA,2022,Ensino médio,,0,matrículas,OBSERVADO,,,sim,inep_censo_2022,"Censo Escolar 2022, escolas com CO_MUNICIPIO = 1501402 e TP_DEPENDENCIA = 4, IN_PODER_PUBLICO_PARCERIA = 1, TP_PODER_PUBLICO_PARCERIA = 1"
edu.matriculas.conveniadas_municipais,1501402,Belém,PA,2022,Educação de jovens e adultos,,0,matrículas,OBSERVADO,,,sim,inep_censo_2022,"Censo Escolar 2022, escolas com CO_MUNICIPIO = 1501402 e TP_DEPENDENCIA = 4, IN_PODER_PUBLICO_PARCERIA = 1, TP_PODER_PUBLICO_PARCERIA = 1"
edu.matriculas.conveniadas_municipais,1501402,Belém,PA,2022,Educação profissional não integrada,,0,matrículas,OBSERVADO,,,sim,inep_censo_2022,"Censo Escolar 2022, escolas com CO_MUNICIPIO = 1501402 e TP_DEPENDENCIA = 4, IN_PODER_PUBLICO_PARCERIA = 1, TP_PODER_PUBLICO_PARCERIA = 1"
edu.matriculas.conveniadas_municipais,2507507,João Pessoa,PB,2022,Total da educação básica,,0,matrículas,OBSERVADO,,,sim,inep_censo_2022,"Censo Escolar 2022, escolas com CO_MUNICIPIO = 2507507 e TP_DEPENDENCIA = 4, IN_PODER_PUBLICO_PARCERIA = 1, TP_PODER_PUBLICO_PARCERIA = 1"
edu.matriculas.conveniadas_municipais,2507507,João Pessoa,PB,2022,Creche,,0,matrículas,OBSERVADO,,,sim,inep_censo_2022,"Censo Escolar 2022, escolas com CO_MUNICIPIO = 2507507 e TP_DEPENDENCIA = 4, IN_PODER_PUBLICO_PARCERIA = 1, TP_PODER_PUBLICO_PARCERIA = 1"
edu.matriculas.conveniadas_municipais,2507507,João Pessoa,PB,2022,Pré-escola,,0,matrículas,OBSERVADO,,,sim,inep_censo_2022,"Censo Escolar 2022, escolas com CO_MUNICIPIO = 2507507 e TP_DEPENDENCIA = 4, IN_PODER_PUBLICO_PARCERIA = 1, TP_PODER_PUBLICO_PARCERIA = 1"
edu.matriculas.conveniadas_municipais,2507507,João Pessoa,PB,2022,"Ensino fundamental, anos iniciais",,0,matrículas,OBSERVADO,,,sim,inep_censo_2022,"Censo Escolar 2022, escolas com CO_MUNICIPIO = 2507507 e TP_DEPENDENCIA = 4, IN_PODER_PUBLICO_PARCERIA = 1, TP_PODER_PUBLICO_PARCERIA = 1"
edu.matriculas.conveniadas_municipais,2507507,João Pessoa,PB,2022,"Ensino fundamental, anos finais",,0,matrículas,OBSERVADO,,,sim,inep_censo_2022,"Censo Escolar 2022, escolas com CO_MUNICIPIO = 2507507 e TP_DEPENDENCIA = 4, IN_PODER_PUBLICO_PARCERIA = 1, TP_PODER_PUBLICO_PARCERIA = 1"
edu.matriculas.conveniadas_municipais,2507507,João Pessoa,PB,2022,Ensino médio,,0,matrículas,OBSERVADO,,,sim,inep_censo_2022,"Censo Escolar 2022, escolas com CO_MUNICIPIO = 2507507 e TP_DEPENDENCIA = 4, IN_PODER_PUBLICO_PARCERIA = 1, TP_PODER_PUBLICO_PARCERIA = 1"
edu.matriculas.conveniadas_municipais,2507507,João Pessoa,PB,2022,Educação de jovens e adultos,,0,matrículas,OBSERVADO,,,sim,inep_censo_2022,"Censo Escolar 2022, escolas com CO_MUNICIPIO = 2507507 e TP_DEPENDENCIA = 4, IN_PODER_PUBLICO_PARCERIA = 1, TP_PODER_PUBLICO_PARCERIA = 1"
edu.matriculas.conveniadas_municipais,2507507,João Pessoa,PB,2022,Educação profissional não integrada,,0,matrículas,OBSERVADO,,,sim,inep_censo_2022,"Censo Escolar 2022, escolas com CO_MUNICIPIO = 2507507 e TP_DEPENDENCIA = 4, IN_PODER_PUBLICO_PARCERIA = 1, TP_PODER_PUBLICO_PARCERIA = 1"
edu.matriculas.conveniadas_municipais,4106902,Curitiba,PR,2022,Total da educação básica,,12034,matrículas,OBSERVADO,,,sim,inep_censo_2022,"Censo Escolar 2022, escolas com CO_MUNICIPIO = 4106902 e TP_DEPENDENCIA = 4, IN_PODER_PUBLICO_PARCERIA = 1, TP_PODER_PUBLICO_PARCERIA = 1"
edu.matriculas.conveniadas_municipais,4106902,Curitiba,PR,2022,Creche,,9271,matrículas,OBSERVADO,,,sim,inep_censo_2022,"Censo Escolar 2022, escolas com CO_MUNICIPIO = 4106902 e TP_DEPENDENCIA = 4, IN_PODER_PUBLICO_PARCERIA = 1, TP_PODER_PUBLICO_PARCERIA = 1"
edu.matriculas.conveniadas_municipais,4106902,Curitiba,PR,2022,Pré-escola,,2020,matrículas,OBSERVADO,,,sim,inep_censo_2022,"Censo Escolar 2022, escolas com CO_MUNICIPIO = 4106902 e TP_DEPENDENCIA = 4, IN_PODER_PUBLICO_PARCERIA = 1, TP_PODER_PUBLICO_PARCERIA = 1"
edu.matriculas.conveniadas_municipais,4106902,Curitiba,PR,2022,"Ensino fundamental, anos iniciais",,291,matrículas,OBSERVADO,,,sim,inep_censo_2022,"Censo Escolar 2022, escolas com CO_MUNICIPIO = 4106902 e TP_DEPENDENCIA = 4, IN_PODER_PUBLICO_PARCERIA = 1, TP_PODER_PUBLICO_PARCERIA = 1"
edu.matriculas.conveniadas_municipais,4106902,Curitiba,PR,2022,"Ensino fundamental, anos finais",,322,matrículas,OBSERVADO,,,sim,inep_censo_2022,"Censo Escolar 2022, escolas com CO_MUNICIPIO = 4106902 e TP_DEPENDENCIA = 4, IN_PODER_PUBLICO_PARCERIA = 1, TP_PODER_PUBLICO_PARCERIA = 1"
edu.matriculas.conveniadas_municipais,4106902,Curitiba,PR,2022,Ensino médio,,130,matrículas,OBSERVADO,,,sim,inep_censo_2022,"Censo Escolar 2022, escolas com CO_MUNICIPIO = 4106902 e TP_DEPENDENCIA = 4, IN_PODER_PUBLICO_PARCERIA = 1, TP_PODER_PUBLICO_PARCERIA = 1"
edu.matriculas.conveniadas_municipais,4106902,Curitiba,PR,2022,Educação de jovens e adultos,,0,matrículas,OBSERVADO,,,sim,inep_censo_2022,"Censo Escolar 2022, escolas com CO_MUNICIPIO = 4106902 e TP_DEPENDENCIA = 4, IN_PODER_PUBLICO_PARCERIA = 1, TP_PODER_PUBLICO_PARCERIA = 1"
edu.matriculas.conveniadas_municipais,4106902,Curitiba,PR,2022,Educação profissional não integrada,,0,matrículas,OBSERVADO,,,sim,inep_censo_2022,"Censo Escolar 2022, escolas com CO_MUNICIPIO = 4106902 e TP_DEPENDENCIA = 4, IN_PODER_PUBLICO_PARCERIA = 1, TP_PODER_PUBLICO_PARCERIA = 1"
edu.matriculas.conveniadas_municipais,2611606,Recife,PE,2022,Total da educação básica,,1406,matrículas,OBSERVADO,,,sim,inep_censo_2022,"Censo Escolar 2022, escolas com CO_MUNICIPIO = 2611606 e TP_DEPENDENCIA = 4, IN_PODER_PUBLICO_PARCERIA = 1, TP_PODER_PUBLICO_PARCERIA = 1"
edu.matriculas.conveniadas_municipais,2611606,Recife,PE,2022,Creche,,702,matrículas,OBSERVADO,,,sim,inep_censo_2022,"Censo Escolar 2022, escolas com CO_MUNICIPIO = 2611606 e TP_DEPENDENCIA = 4, IN_PODER_PUBLICO_PARCERIA = 1, TP_PODER_PUBLICO_PARCERIA = 1"
edu.matriculas.conveniadas_municipais,2611606,Recife,PE,2022,Pré-escola,,704,matrículas,OBSERVADO,,,sim,inep_censo_2022,"Censo Escolar 2022, escolas com CO_MUNICIPIO = 2611606 e TP_DEPENDENCIA = 4, IN_PODER_PUBLICO_PARCERIA = 1, TP_PODER_PUBLICO_PARCERIA = 1"
edu.matriculas.conveniadas_municipais,2611606,Recife,PE,2022,"Ensino fundamental, anos iniciais",,0,matrículas,OBSERVADO,,,sim,inep_censo_2022,"Censo Escolar 2022, escolas com CO_MUNICIPIO = 2611606 e TP_DEPENDENCIA = 4, IN_PODER_PUBLICO_PARCERIA = 1, TP_PODER_PUBLICO_PARCERIA = 1"
edu.matriculas.conveniadas_municipais,2611606,Recife,PE,2022,"Ensino fundamental, anos finais",,0,matrículas,OBSERVADO,,,sim,inep_censo_2022,"Censo Escolar 2022, escolas com CO_MUNICIPIO = 2611606 e TP_DEPENDENCIA = 4, IN_PODER_PUBLICO_PARCERIA = 1, TP_PODER_PUBLICO_PARCERIA = 1"
edu.matriculas.conveniadas_municipais,2611606,Recife,PE,2022,Ensino médio,,0,matrículas,OBSERVADO,,,sim,inep_censo_2022,"Censo Escolar 2022, escolas com CO_MUNICIPIO = 2611606 e TP_DEPENDENCIA = 4, IN_PODER_PUBLICO_PARCERIA = 1, TP_PODER_PUBLICO_PARCERIA = 1"
edu.matriculas.conveniadas_municipais,2611606,Recife,PE,2022,Educação de jovens e adultos,,0,matrículas,OBSERVADO,,,sim,inep_censo_2022,"Censo Escolar 2022, escolas com CO_MUNICIPIO = 2611606 e TP_DEPENDENCIA = 4, IN_PODER_PUBLICO_PARCERIA = 1, TP_PODER_PUBLICO_PARCERIA = 1"
edu.matriculas.conveniadas_municipais,2611606,Recife,PE,2022,Educação profissional não integrada,,0,matrículas,OBSERVADO,,,sim,inep_censo_2022,"Censo Escolar 2022, escolas com CO_MUNICIPIO = 2611606 e TP_DEPENDENCIA = 4, IN_PODER_PUBLICO_PARCERIA = 1, TP_PODER_PUBLICO_PARCERIA = 1"
edu.matriculas.conveniadas_municipais,2211001,Teresina,PI,2022,Total da educação básica,,0,matrículas,OBSERVADO,,,sim,inep_censo_2022,"Censo Escolar 2022, escolas com CO_MUNICIPIO = 2211001 e TP_DEPENDENCIA = 4, IN_PODER_PUBLICO_PARCERIA = 1, TP_PODER_PUBLICO_PARCERIA = 1"
edu.matriculas.conveniadas_municipais,2211001,Teresina,PI,2022,Creche,,0,matrículas,OBSERVADO,,,sim,inep_censo_2022,"Censo Escolar 2022, escolas com CO_MUNICIPIO = 2211001 e TP_DEPENDENCIA = 4, IN_PODER_PUBLICO_PARCERIA = 1, TP_PODER_PUBLICO_PARCERIA = 1"
edu.matriculas.conveniadas_municipais,2211001,Teresina,PI,2022,Pré-escola,,0,matrículas,OBSERVADO,,,sim,inep_censo_2022,"Censo Escolar 2022, escolas com CO_MUNICIPIO = 2211001 e TP_DEPENDENCIA = 4, IN_PODER_PUBLICO_PARCERIA = 1, TP_PODER_PUBLICO_PARCERIA = 1"
edu.matriculas.conveniadas_municipais,2211001,Teresina,PI,2022,"Ensino fundamental, anos iniciais",,0,matrículas,OBSERVADO,,,sim,inep_censo_2022,"Censo Escolar 2022, escolas com CO_MUNICIPIO = 2211001 e TP_DEPENDENCIA = 4, IN_PODER_PUBLICO_PARCERIA = 1, TP_PODER_PUBLICO_PARCERIA = 1"
edu.matriculas.conveniadas_municipais,2211001,Teresina,PI,2022,"Ensino fundamental, anos finais",,0,matrículas,OBSERVADO,,,sim,inep_censo_2022,"Censo Escolar 2022, escolas com CO_MUNICIPIO = 2211001 e TP_DEPENDENCIA = 4, IN_PODER_PUBLICO_PARCERIA = 1, TP_PODER_PUBLICO_PARCERIA = 1"
edu.matriculas.conveniadas_municipais,2211001,Teresina,PI,2022,Ensino médio,,0,matrículas,OBSERVADO,,,sim,inep_censo_2022,"Censo Escolar 2022, escolas com CO_MUNICIPIO = 2211001 e TP_DEPENDENCIA = 4, IN_PODER_PUBLICO_PARCERIA = 1, TP_PODER_PUBLICO_PARCERIA = 1"
edu.matriculas.conveniadas_municipais,2211001,Teresina,PI,2022,Educação de jovens e adultos,,0,matrículas,OBSERVADO,,,sim,inep_censo_2022,"Censo Escolar 2022, escolas com CO_MUNICIPIO = 2211001 e TP_DEPENDENCIA = 4, IN_PODER_PUBLICO_PARCERIA = 1, TP_PODER_PUBLICO_PARCERIA = 1"
edu.matriculas.conveniadas_municipais,2211001,Teresina,PI,2022,Educação profissional não integrada,,0,matrículas,OBSERVADO,,,sim,inep_censo_2022,"Censo Escolar 2022, escolas com CO_MUNICIPIO = 2211001 e TP_DEPENDENCIA = 4, IN_PODER_PUBLICO_PARCERIA = 1, TP_PODER_PUBLICO_PARCERIA = 1"
edu.matriculas.conveniadas_municipais,3304557,Rio de Janeiro,RJ,2022,Total da educação básica,,34596,matrículas,OBSERVADO,,,sim,inep_censo_2022,"Censo Escolar 2022, escolas com CO_MUNICIPIO = 3304557 e TP_DEPENDENCIA = 4, IN_PODER_PUBLICO_PARCERIA = 1, TP_PODER_PUBLICO_PARCERIA = 1"
edu.matriculas.conveniadas_municipais,3304557,Rio de Janeiro,RJ,2022,Creche,,31983,matrículas,OBSERVADO,,,sim,inep_censo_2022,"Censo Escolar 2022, escolas com CO_MUNICIPIO = 3304557 e TP_DEPENDENCIA = 4, IN_PODER_PUBLICO_PARCERIA = 1, TP_PODER_PUBLICO_PARCERIA = 1"
edu.matriculas.conveniadas_municipais,3304557,Rio de Janeiro,RJ,2022,Pré-escola,,1216,matrículas,OBSERVADO,,,sim,inep_censo_2022,"Censo Escolar 2022, escolas com CO_MUNICIPIO = 3304557 e TP_DEPENDENCIA = 4, IN_PODER_PUBLICO_PARCERIA = 1, TP_PODER_PUBLICO_PARCERIA = 1"
edu.matriculas.conveniadas_municipais,3304557,Rio de Janeiro,RJ,2022,"Ensino fundamental, anos iniciais",,979,matrículas,OBSERVADO,,,sim,inep_censo_2022,"Censo Escolar 2022, escolas com CO_MUNICIPIO = 3304557 e TP_DEPENDENCIA = 4, IN_PODER_PUBLICO_PARCERIA = 1, TP_PODER_PUBLICO_PARCERIA = 1"
edu.matriculas.conveniadas_municipais,3304557,Rio de Janeiro,RJ,2022,"Ensino fundamental, anos finais",,360,matrículas,OBSERVADO,,,sim,inep_censo_2022,"Censo Escolar 2022, escolas com CO_MUNICIPIO = 3304557 e TP_DEPENDENCIA = 4, IN_PODER_PUBLICO_PARCERIA = 1, TP_PODER_PUBLICO_PARCERIA = 1"
edu.matriculas.conveniadas_municipais,3304557,Rio de Janeiro,RJ,2022,Ensino médio,,58,matrículas,OBSERVADO,,,sim,inep_censo_2022,"Censo Escolar 2022, escolas com CO_MUNICIPIO = 3304557 e TP_DEPENDENCIA = 4, IN_PODER_PUBLICO_PARCERIA = 1, TP_PODER_PUBLICO_PARCERIA = 1"
edu.matriculas.conveniadas_municipais,3304557,Rio de Janeiro,RJ,2022,Educação de jovens e adultos,,0,matrículas,OBSERVADO,,,sim,inep_censo_2022,"Censo Escolar 2022, escolas com CO_MUNICIPIO = 3304557 e TP_DEPENDENCIA = 4, IN_PODER_PUBLICO_PARCERIA = 1, TP_PODER_PUBLICO_PARCERIA = 1"
edu.matriculas.conveniadas_municipais,3304557,Rio de Janeiro,RJ,2022,Educação profissional não integrada,,0,matrículas,OBSERVADO,,,sim,inep_censo_2022,"Censo Escolar 2022, escolas com CO_MUNICIPIO = 3304557 e TP_DEPENDENCIA = 4, IN_PODER_PUBLICO_PARCERIA = 1, TP_PODER_PUBLICO_PARCERIA = 1"
edu.matriculas.conveniadas_municipais,2408102,Natal,RN,2022,Total da educação básica,,0,matrículas,OBSERVADO,,,sim,inep_censo_2022,"Censo Escolar 2022, escolas com CO_MUNICIPIO = 2408102 e TP_DEPENDENCIA = 4, IN_PODER_PUBLICO_PARCERIA = 1, TP_PODER_PUBLICO_PARCERIA = 1"
edu.matriculas.conveniadas_municipais,2408102,Natal,RN,2022,Creche,,0,matrículas,OBSERVADO,,,sim,inep_censo_2022,"Censo Escolar 2022, escolas com CO_MUNICIPIO = 2408102 e TP_DEPENDENCIA = 4, IN_PODER_PUBLICO_PARCERIA = 1, TP_PODER_PUBLICO_PARCERIA = 1"
edu.matriculas.conveniadas_municipais,2408102,Natal,RN,2022,Pré-escola,,0,matrículas,OBSERVADO,,,sim,inep_censo_2022,"Censo Escolar 2022, escolas com CO_MUNICIPIO = 2408102 e TP_DEPENDENCIA = 4, IN_PODER_PUBLICO_PARCERIA = 1, TP_PODER_PUBLICO_PARCERIA = 1"
edu.matriculas.conveniadas_municipais,2408102,Natal,RN,2022,"Ensino fundamental, anos iniciais",,0,matrículas,OBSERVADO,,,sim,inep_censo_2022,"Censo Escolar 2022, escolas com CO_MUNICIPIO = 2408102 e TP_DEPENDENCIA = 4, IN_PODER_PUBLICO_PARCERIA = 1, TP_PODER_PUBLICO_PARCERIA = 1"
edu.matriculas.conveniadas_municipais,2408102,Natal,RN,2022,"Ensino fundamental, anos finais",,0,matrículas,OBSERVADO,,,sim,inep_censo_2022,"Censo Escolar 2022, escolas com CO_MUNICIPIO = 2408102 e TP_DEPENDENCIA = 4, IN_PODER_PUBLICO_PARCERIA = 1, TP_PODER_PUBLICO_PARCERIA = 1"
edu.matriculas.conveniadas_municipais,2408102,Natal,RN,2022,Ensino médio,,0,matrículas,OBSERVADO,,,sim,inep_censo_2022,"Censo Escolar 2022, escolas com CO_MUNICIPIO = 2408102 e TP_DEPENDENCIA = 4, IN_PODER_PUBLICO_PARCERIA = 1, TP_PODER_PUBLICO_PARCERIA = 1"
edu.matriculas.conveniadas_municipais,2408102,Natal,RN,2022,Educação de jovens e adultos,,0,matrículas,OBSERVADO,,,sim,inep_censo_2022,"Censo Escolar 2022, escolas com CO_MUNICIPIO = 2408102 e TP_DEPENDENCIA = 4, IN_PODER_PUBLICO_PARCERIA = 1, TP_PODER_PUBLICO_PARCERIA = 1"
edu.matriculas.conveniadas_municipais,2408102,Natal,RN,2022,Educação profissional não integrada,,0,matrículas,OBSERVADO,,,sim,inep_censo_2022,"Censo Escolar 2022, escolas com CO_MUNICIPIO = 2408102 e TP_DEPENDENCIA = 4, IN_PODER_PUBLICO_PARCERIA = 1, TP_PODER_PUBLICO_PARCERIA = 1"
edu.matriculas.conveniadas_municipais,4314902,Porto Alegre,RS,2022,Total da educação básica,,20604,matrículas,OBSERVADO,,,sim,inep_censo_2022,"Censo Escolar 2022, escolas com CO_MUNICIPIO = 4314902 e TP_DEPENDENCIA = 4, IN_PODER_PUBLICO_PARCERIA = 1, TP_PODER_PUBLICO_PARCERIA = 1"
edu.matriculas.conveniadas_municipais,4314902,Porto Alegre,RS,2022,Creche,,9973,matrículas,OBSERVADO,,,sim,inep_censo_2022,"Censo Escolar 2022, escolas com CO_MUNICIPIO = 4314902 e TP_DEPENDENCIA = 4, IN_PODER_PUBLICO_PARCERIA = 1, TP_PODER_PUBLICO_PARCERIA = 1"
edu.matriculas.conveniadas_municipais,4314902,Porto Alegre,RS,2022,Pré-escola,,9957,matrículas,OBSERVADO,,,sim,inep_censo_2022,"Censo Escolar 2022, escolas com CO_MUNICIPIO = 4314902 e TP_DEPENDENCIA = 4, IN_PODER_PUBLICO_PARCERIA = 1, TP_PODER_PUBLICO_PARCERIA = 1"
edu.matriculas.conveniadas_municipais,4314902,Porto Alegre,RS,2022,"Ensino fundamental, anos iniciais",,548,matrículas,OBSERVADO,,,sim,inep_censo_2022,"Censo Escolar 2022, escolas com CO_MUNICIPIO = 4314902 e TP_DEPENDENCIA = 4, IN_PODER_PUBLICO_PARCERIA = 1, TP_PODER_PUBLICO_PARCERIA = 1"
edu.matriculas.conveniadas_municipais,4314902,Porto Alegre,RS,2022,"Ensino fundamental, anos finais",,126,matrículas,OBSERVADO,,,sim,inep_censo_2022,"Censo Escolar 2022, escolas com CO_MUNICIPIO = 4314902 e TP_DEPENDENCIA = 4, IN_PODER_PUBLICO_PARCERIA = 1, TP_PODER_PUBLICO_PARCERIA = 1"
edu.matriculas.conveniadas_municipais,4314902,Porto Alegre,RS,2022,Ensino médio,,0,matrículas,OBSERVADO,,,sim,inep_censo_2022,"Censo Escolar 2022, escolas com CO_MUNICIPIO = 4314902 e TP_DEPENDENCIA = 4, IN_PODER_PUBLICO_PARCERIA = 1, TP_PODER_PUBLICO_PARCERIA = 1"
edu.matriculas.conveniadas_municipais,4314902,Porto Alegre,RS,2022,Educação de jovens e adultos,,0,matrículas,OBSERVADO,,,sim,inep_censo_2022,"Censo Escolar 2022, escolas com CO_MUNICIPIO = 4314902 e TP_DEPENDENCIA = 4, IN_PODER_PUBLICO_PARCERIA = 1, TP_PODER_PUBLICO_PARCERIA = 1"
edu.matriculas.conveniadas_municipais,4314902,Porto Alegre,RS,2022,Educação profissional não integrada,,0,matrículas,OBSERVADO,,,sim,inep_censo_2022,"Censo Escolar 2022, escolas com CO_MUNICIPIO = 4314902 e TP_DEPENDENCIA = 4, IN_PODER_PUBLICO_PARCERIA = 1, TP_PODER_PUBLICO_PARCERIA = 1"
edu.matriculas.conveniadas_municipais,1100205,Porto Velho,RO,2022,Total da educação básica,,0,matrículas,OBSERVADO,,,sim,inep_censo_2022,"Censo Escolar 2022, escolas com CO_MUNICIPIO = 1100205 e TP_DEPENDENCIA = 4, IN_PODER_PUBLICO_PARCERIA = 1, TP_PODER_PUBLICO_PARCERIA = 1"
edu.matriculas.conveniadas_municipais,1100205,Porto Velho,RO,2022,Creche,,0,matrículas,OBSERVADO,,,sim,inep_censo_2022,"Censo Escolar 2022, escolas com CO_MUNICIPIO = 1100205 e TP_DEPENDENCIA = 4, IN_PODER_PUBLICO_PARCERIA = 1, TP_PODER_PUBLICO_PARCERIA = 1"
edu.matriculas.conveniadas_municipais,1100205,Porto Velho,RO,2022,Pré-escola,,0,matrículas,OBSERVADO,,,sim,inep_censo_2022,"Censo Escolar 2022, escolas com CO_MUNICIPIO = 1100205 e TP_DEPENDENCIA = 4, IN_PODER_PUBLICO_PARCERIA = 1, TP_PODER_PUBLICO_PARCERIA = 1"
edu.matriculas.conveniadas_municipais,1100205,Porto Velho,RO,2022,"Ensino fundamental, anos iniciais",,0,matrículas,OBSERVADO,,,sim,inep_censo_2022,"Censo Escolar 2022, escolas com CO_MUNICIPIO = 1100205 e TP_DEPENDENCIA = 4, IN_PODER_PUBLICO_PARCERIA = 1, TP_PODER_PUBLICO_PARCERIA = 1"
edu.matriculas.conveniadas_municipais,1100205,Porto Velho,RO,2022,"Ensino fundamental, anos finais",,0,matrículas,OBSERVADO,,,sim,inep_censo_2022,"Censo Escolar 2022, escolas com CO_MUNICIPIO = 1100205 e TP_DEPENDENCIA = 4, IN_PODER_PUBLICO_PARCERIA = 1, TP_PODER_PUBLICO_PARCERIA = 1"
edu.matriculas.conveniadas_municipais,1100205,Porto Velho,RO,2022,Ensino médio,,0,matrículas,OBSERVADO,,,sim,inep_censo_2022,"Censo Escolar 2022, escolas com CO_MUNICIPIO = 1100205 e TP_DEPENDENCIA = 4, IN_PODER_PUBLICO_PARCERIA = 1, TP_PODER_PUBLICO_PARCERIA = 1"
edu.matriculas.conveniadas_municipais,1100205,Porto Velho,RO,2022,Educação de jovens e adultos,,0,matrículas,OBSERVADO,,,sim,inep_censo_2022,"Censo Escolar 2022, escolas com CO_MUNICIPIO = 1100205 e TP_DEPENDENCIA = 4, IN_PODER_PUBLICO_PARCERIA = 1, TP_PODER_PUBLICO_PARCERIA = 1"
edu.matriculas.conveniadas_municipais,1100205,Porto Velho,RO,2022,Educação profissional não integrada,,0,matrículas,OBSERVADO,,,sim,inep_censo_2022,"Censo Escolar 2022, escolas com CO_MUNICIPIO = 1100205 e TP_DEPENDENCIA = 4, IN_PODER_PUBLICO_PARCERIA = 1, TP_PODER_PUBLICO_PARCERIA = 1"
edu.matriculas.conveniadas_municipais,1400100,Boa Vista,RR,2022,Total da educação básica,,2869,matrículas,OBSERVADO,,,sim,inep_censo_2022,"Censo Escolar 2022, escolas com CO_MUNICIPIO = 1400100 e TP_DEPENDENCIA = 4, IN_PODER_PUBLICO_PARCERIA = 1, TP_PODER_PUBLICO_PARCERIA = 1"
edu.matriculas.conveniadas_municipais,1400100,Boa Vista,RR,2022,Creche,,1965,matrículas,OBSERVADO,,,sim,inep_censo_2022,"Censo Escolar 2022, escolas com CO_MUNICIPIO = 1400100 e TP_DEPENDENCIA = 4, IN_PODER_PUBLICO_PARCERIA = 1, TP_PODER_PUBLICO_PARCERIA = 1"
edu.matriculas.conveniadas_municipais,1400100,Boa Vista,RR,2022,Pré-escola,,282,matrículas,OBSERVADO,,,sim,inep_censo_2022,"Censo Escolar 2022, escolas com CO_MUNICIPIO = 1400100 e TP_DEPENDENCIA = 4, IN_PODER_PUBLICO_PARCERIA = 1, TP_PODER_PUBLICO_PARCERIA = 1"
edu.matriculas.conveniadas_municipais,1400100,Boa Vista,RR,2022,"Ensino fundamental, anos iniciais",,622,matrículas,OBSERVADO,,,sim,inep_censo_2022,"Censo Escolar 2022, escolas com CO_MUNICIPIO = 1400100 e TP_DEPENDENCIA = 4, IN_PODER_PUBLICO_PARCERIA = 1, TP_PODER_PUBLICO_PARCERIA = 1"
edu.matriculas.conveniadas_municipais,1400100,Boa Vista,RR,2022,"Ensino fundamental, anos finais",,0,matrículas,OBSERVADO,,,sim,inep_censo_2022,"Censo Escolar 2022, escolas com CO_MUNICIPIO = 1400100 e TP_DEPENDENCIA = 4, IN_PODER_PUBLICO_PARCERIA = 1, TP_PODER_PUBLICO_PARCERIA = 1"
edu.matriculas.conveniadas_municipais,1400100,Boa Vista,RR,2022,Ensino médio,,0,matrículas,OBSERVADO,,,sim,inep_censo_2022,"Censo Escolar 2022, escolas com CO_MUNICIPIO = 1400100 e TP_DEPENDENCIA = 4, IN_PODER_PUBLICO_PARCERIA = 1, TP_PODER_PUBLICO_PARCERIA = 1"
edu.matriculas.conveniadas_municipais,1400100,Boa Vista,RR,2022,Educação de jovens e adultos,,0,matrículas,OBSERVADO,,,sim,inep_censo_2022,"Censo Escolar 2022, escolas com CO_MUNICIPIO = 1400100 e TP_DEPENDENCIA = 4, IN_PODER_PUBLICO_PARCERIA = 1, TP_PODER_PUBLICO_PARCERIA = 1"
edu.matriculas.conveniadas_municipais,1400100,Boa Vista,RR,2022,Educação profissional não integrada,,0,matrículas,OBSERVADO,,,sim,inep_censo_2022,"Censo Escolar 2022, escolas com CO_MUNICIPIO = 1400100 e TP_DEPENDENCIA = 4, IN_PODER_PUBLICO_PARCERIA = 1, TP_PODER_PUBLICO_PARCERIA = 1"
edu.matriculas.conveniadas_municipais,4205407,Florianópolis,SC,2022,Total da educação básica,,1560,matrículas,OBSERVADO,,,sim,inep_censo_2022,"Censo Escolar 2022, escolas com CO_MUNICIPIO = 4205407 e TP_DEPENDENCIA = 4, IN_PODER_PUBLICO_PARCERIA = 1, TP_PODER_PUBLICO_PARCERIA = 1"
edu.matriculas.conveniadas_municipais,4205407,Florianópolis,SC,2022,Creche,,776,matrículas,OBSERVADO,,,sim,inep_censo_2022,"Censo Escolar 2022, escolas com CO_MUNICIPIO = 4205407 e TP_DEPENDENCIA = 4, IN_PODER_PUBLICO_PARCERIA = 1, TP_PODER_PUBLICO_PARCERIA = 1"
edu.matriculas.conveniadas_municipais,4205407,Florianópolis,SC,2022,Pré-escola,,784,matrículas,OBSERVADO,,,sim,inep_censo_2022,"Censo Escolar 2022, escolas com CO_MUNICIPIO = 4205407 e TP_DEPENDENCIA = 4, IN_PODER_PUBLICO_PARCERIA = 1, TP_PODER_PUBLICO_PARCERIA = 1"
edu.matriculas.conveniadas_municipais,4205407,Florianópolis,SC,2022,"Ensino fundamental, anos iniciais",,0,matrículas,OBSERVADO,,,sim,inep_censo_2022,"Censo Escolar 2022, escolas com CO_MUNICIPIO = 4205407 e TP_DEPENDENCIA = 4, IN_PODER_PUBLICO_PARCERIA = 1, TP_PODER_PUBLICO_PARCERIA = 1"
edu.matriculas.conveniadas_municipais,4205407,Florianópolis,SC,2022,"Ensino fundamental, anos finais",,0,matrículas,OBSERVADO,,,sim,inep_censo_2022,"Censo Escolar 2022, escolas com CO_MUNICIPIO = 4205407 e TP_DEPENDENCIA = 4, IN_PODER_PUBLICO_PARCERIA = 1, TP_PODER_PUBLICO_PARCERIA = 1"
edu.matriculas.conveniadas_municipais,4205407,Florianópolis,SC,2022,Ensino médio,,0,matrículas,OBSERVADO,,,sim,inep_censo_2022,"Censo Escolar 2022, escolas com CO_MUNICIPIO = 4205407 e TP_DEPENDENCIA = 4, IN_PODER_PUBLICO_PARCERIA = 1, TP_PODER_PUBLICO_PARCERIA = 1"
edu.matriculas.conveniadas_municipais,4205407,Florianópolis,SC,2022,Educação de jovens e adultos,,0,matrículas,OBSERVADO,,,sim,inep_censo_2022,"Censo Escolar 2022, escolas com CO_MUNICIPIO = 4205407 e TP_DEPENDENCIA = 4, IN_PODER_PUBLICO_PARCERIA = 1, TP_PODER_PUBLICO_PARCERIA = 1"
edu.matriculas.conveniadas_municipais,4205407,Florianópolis,SC,2022,Educação profissional não integrada,,0,matrículas,OBSERVADO,,,sim,inep_censo_2022,"Censo Escolar 2022, escolas com CO_MUNICIPIO = 4205407 e TP_DEPENDENCIA = 4, IN_PODER_PUBLICO_PARCERIA = 1, TP_PODER_PUBLICO_PARCERIA = 1"
edu.matriculas.conveniadas_municipais,3550308,São Paulo,SP,2022,Total da educação básica,,298883,matrículas,OBSERVADO,,,sim,inep_censo_2022,"Censo Escolar 2022, escolas com CO_MUNICIPIO = 3550308 e TP_DEPENDENCIA = 4, IN_PODER_PUBLICO_PARCERIA = 1, TP_PODER_PUBLICO_PARCERIA = 1"
edu.matriculas.conveniadas_municipais,3550308,São Paulo,SP,2022,Creche,,289139,matrículas,OBSERVADO,,,sim,inep_censo_2022,"Censo Escolar 2022, escolas com CO_MUNICIPIO = 3550308 e TP_DEPENDENCIA = 4, IN_PODER_PUBLICO_PARCERIA = 1, TP_PODER_PUBLICO_PARCERIA = 1"
edu.matriculas.conveniadas_municipais,3550308,São Paulo,SP,2022,Pré-escola,,9744,matrículas,OBSERVADO,,,sim,inep_censo_2022,"Censo Escolar 2022, escolas com CO_MUNICIPIO = 3550308 e TP_DEPENDENCIA = 4, IN_PODER_PUBLICO_PARCERIA = 1, TP_PODER_PUBLICO_PARCERIA = 1"
edu.matriculas.conveniadas_municipais,3550308,São Paulo,SP,2022,"Ensino fundamental, anos iniciais",,0,matrículas,OBSERVADO,,,sim,inep_censo_2022,"Censo Escolar 2022, escolas com CO_MUNICIPIO = 3550308 e TP_DEPENDENCIA = 4, IN_PODER_PUBLICO_PARCERIA = 1, TP_PODER_PUBLICO_PARCERIA = 1"
edu.matriculas.conveniadas_municipais,3550308,São Paulo,SP,2022,"Ensino fundamental, anos finais",,0,matrículas,OBSERVADO,,,sim,inep_censo_2022,"Censo Escolar 2022, escolas com CO_MUNICIPIO = 3550308 e TP_DEPENDENCIA = 4, IN_PODER_PUBLICO_PARCERIA = 1, TP_PODER_PUBLICO_PARCERIA = 1"
edu.matriculas.conveniadas_municipais,3550308,São Paulo,SP,2022,Ensino médio,,0,matrículas,OBSERVADO,,,sim,inep_censo_2022,"Censo Escolar 2022, escolas com CO_MUNICIPIO = 3550308 e TP_DEPENDENCIA = 4, IN_PODER_PUBLICO_PARCERIA = 1, TP_PODER_PUBLICO_PARCERIA = 1"
edu.matriculas.conveniadas_municipais,3550308,São Paulo,SP,2022,Educação de jovens e adultos,,0,matrículas,OBSERVADO,,,sim,inep_censo_2022,"Censo Escolar 2022, escolas com CO_MUNICIPIO = 3550308 e TP_DEPENDENCIA = 4, IN_PODER_PUBLICO_PARCERIA = 1, TP_PODER_PUBLICO_PARCERIA = 1"
edu.matriculas.conveniadas_municipais,3550308,São Paulo,SP,2022,Educação profissional não integrada,,0,matrículas,OBSERVADO,,,sim,inep_censo_2022,"Censo Escolar 2022, escolas com CO_MUNICIPIO = 3550308 e TP_DEPENDENCIA = 4, IN_PODER_PUBLICO_PARCERIA = 1, TP_PODER_PUBLICO_PARCERIA = 1"
edu.matriculas.conveniadas_municipais,2800308,Aracaju,SE,2022,Total da educação básica,,309,matrículas,OBSERVADO,,,sim,inep_censo_2022,"Censo Escolar 2022, escolas com CO_MUNICIPIO = 2800308 e TP_DEPENDENCIA = 4, IN_PODER_PUBLICO_PARCERIA = 1, TP_PODER_PUBLICO_PARCERIA = 1"
edu.matriculas.conveniadas_municipais,2800308,Aracaju,SE,2022,Creche,,98,matrículas,OBSERVADO,,,sim,inep_censo_2022,"Censo Escolar 2022, escolas com CO_MUNICIPIO = 2800308 e TP_DEPENDENCIA = 4, IN_PODER_PUBLICO_PARCERIA = 1, TP_PODER_PUBLICO_PARCERIA = 1"
edu.matriculas.conveniadas_municipais,2800308,Aracaju,SE,2022,Pré-escola,,177,matrículas,OBSERVADO,,,sim,inep_censo_2022,"Censo Escolar 2022, escolas com CO_MUNICIPIO = 2800308 e TP_DEPENDENCIA = 4, IN_PODER_PUBLICO_PARCERIA = 1, TP_PODER_PUBLICO_PARCERIA = 1"
edu.matriculas.conveniadas_municipais,2800308,Aracaju,SE,2022,"Ensino fundamental, anos iniciais",,34,matrículas,OBSERVADO,,,sim,inep_censo_2022,"Censo Escolar 2022, escolas com CO_MUNICIPIO = 2800308 e TP_DEPENDENCIA = 4, IN_PODER_PUBLICO_PARCERIA = 1, TP_PODER_PUBLICO_PARCERIA = 1"
edu.matriculas.conveniadas_municipais,2800308,Aracaju,SE,2022,"Ensino fundamental, anos finais",,0,matrículas,OBSERVADO,,,sim,inep_censo_2022,"Censo Escolar 2022, escolas com CO_MUNICIPIO = 2800308 e TP_DEPENDENCIA = 4, IN_PODER_PUBLICO_PARCERIA = 1, TP_PODER_PUBLICO_PARCERIA = 1"
edu.matriculas.conveniadas_municipais,2800308,Aracaju,SE,2022,Ensino médio,,0,matrículas,OBSERVADO,,,sim,inep_censo_2022,"Censo Escolar 2022, escolas com CO_MUNICIPIO = 2800308 e TP_DEPENDENCIA = 4, IN_PODER_PUBLICO_PARCERIA = 1, TP_PODER_PUBLICO_PARCERIA = 1"
edu.matriculas.conveniadas_municipais,2800308,Aracaju,SE,2022,Educação de jovens e adultos,,0,matrículas,OBSERVADO,,,sim,inep_censo_2022,"Censo Escolar 2022, escolas com CO_MUNICIPIO = 2800308 e TP_DEPENDENCIA = 4, IN_PODER_PUBLICO_PARCERIA = 1, TP_PODER_PUBLICO_PARCERIA = 1"
edu.matriculas.conveniadas_municipais,2800308,Aracaju,SE,2022,Educação profissional não integrada,,0,matrículas,OBSERVADO,,,sim,inep_censo_2022,"Censo Escolar 2022, escolas com CO_MUNICIPIO = 2800308 e TP_DEPENDENCIA = 4, IN_PODER_PUBLICO_PARCERIA = 1, TP_PODER_PUBLICO_PARCERIA = 1"
edu.matriculas.conveniadas_municipais,1721000,Palmas,TO,2022,Total da educação básica,,0,matrículas,OBSERVADO,,,sim,inep_censo_2022,"Censo Escolar 2022, escolas com CO_MUNICIPIO = 1721000 e TP_DEPENDENCIA = 4, IN_PODER_PUBLICO_PARCERIA = 1, TP_PODER_PUBLICO_PARCERIA = 1"
edu.matriculas.conveniadas_municipais,1721000,Palmas,TO,2022,Creche,,0,matrículas,OBSERVADO,,,sim,inep_censo_2022,"Censo Escolar 2022, escolas com CO_MUNICIPIO = 1721000 e TP_DEPENDENCIA = 4, IN_PODER_PUBLICO_PARCERIA = 1, TP_PODER_PUBLICO_PARCERIA = 1"
edu.matriculas.conveniadas_municipais,1721000,Palmas,TO,2022,Pré-escola,,0,matrículas,OBSERVADO,,,sim,inep_censo_2022,"Censo Escolar 2022, escolas com CO_MUNICIPIO = 1721000 e TP_DEPENDENCIA = 4, IN_PODER_PUBLICO_PARCERIA = 1, TP_PODER_PUBLICO_PARCERIA = 1"
edu.matriculas.conveniadas_municipais,1721000,Palmas,TO,2022,"Ensino fundamental, anos iniciais",,0,matrículas,OBSERVADO,,,sim,inep_censo_2022,"Censo Escolar 2022, escolas com CO_MUNICIPIO = 1721000 e TP_DEPENDENCIA = 4, IN_PODER_PUBLICO_PARCERIA = 1, TP_PODER_PUBLICO_PARCERIA = 1"
edu.matriculas.conveniadas_municipais,1721000,Palmas,TO,2022,"Ensino fundamental, anos finais",,0,matrículas,OBSERVADO,,,sim,inep_censo_2022,"Censo Escolar 2022, escolas com CO_MUNICIPIO = 1721000 e TP_DEPENDENCIA = 4, IN_PODER_PUBLICO_PARCERIA = 1, TP_PODER_PUBLICO_PARCERIA = 1"
edu.matriculas.conveniadas_municipais,1721000,Palmas,TO,2022,Ensino médio,,0,matrículas,OBSERVADO,,,sim,inep_censo_2022,"Censo Escolar 2022, escolas com CO_MUNICIPIO = 1721000 e TP_DEPENDENCIA = 4, IN_PODER_PUBLICO_PARCERIA = 1, TP_PODER_PUBLICO_PARCERIA = 1"
edu.matriculas.conveniadas_municipais,1721000,Palmas,TO,2022,Educação de jovens e adultos,,0,matrículas,OBSERVADO,,,sim,inep_censo_2022,"Censo Escolar 2022, escolas com CO_MUNICIPIO = 1721000 e TP_DEPENDENCIA = 4, IN_PODER_PUBLICO_PARCERIA = 1, TP_PODER_PUBLICO_PARCERIA = 1"
edu.matriculas.conveniadas_municipais,1721000,Palmas,TO,2022,Educação profissional não integrada,,0,matrículas,OBSERVADO,,,sim,inep_censo_2022,"Censo Escolar 2022, escolas com CO_MUNICIPIO = 1721000 e TP_DEPENDENCIA = 4, IN_PODER_PUBLICO_PARCERIA = 1, TP_PODER_PUBLICO_PARCERIA = 1"
edu.matriculas.conveniadas_municipais,1200401,Rio Branco,AC,2023,Total da educação básica,,0,matrículas,OBSERVADO,,,sim,inep_censo_2023,"Censo Escolar 2023, escolas com CO_MUNICIPIO = 1200401 e TP_DEPENDENCIA = 4, IN_PODER_PUBLICO_PARCERIA = 1, TP_PODER_PUBLICO_PARCERIA = 1"
edu.matriculas.conveniadas_municipais,1200401,Rio Branco,AC,2023,Creche,,0,matrículas,OBSERVADO,,,sim,inep_censo_2023,"Censo Escolar 2023, escolas com CO_MUNICIPIO = 1200401 e TP_DEPENDENCIA = 4, IN_PODER_PUBLICO_PARCERIA = 1, TP_PODER_PUBLICO_PARCERIA = 1"
edu.matriculas.conveniadas_municipais,1200401,Rio Branco,AC,2023,Pré-escola,,0,matrículas,OBSERVADO,,,sim,inep_censo_2023,"Censo Escolar 2023, escolas com CO_MUNICIPIO = 1200401 e TP_DEPENDENCIA = 4, IN_PODER_PUBLICO_PARCERIA = 1, TP_PODER_PUBLICO_PARCERIA = 1"
edu.matriculas.conveniadas_municipais,1200401,Rio Branco,AC,2023,"Ensino fundamental, anos iniciais",,0,matrículas,OBSERVADO,,,sim,inep_censo_2023,"Censo Escolar 2023, escolas com CO_MUNICIPIO = 1200401 e TP_DEPENDENCIA = 4, IN_PODER_PUBLICO_PARCERIA = 1, TP_PODER_PUBLICO_PARCERIA = 1"
edu.matriculas.conveniadas_municipais,1200401,Rio Branco,AC,2023,"Ensino fundamental, anos finais",,0,matrículas,OBSERVADO,,,sim,inep_censo_2023,"Censo Escolar 2023, escolas com CO_MUNICIPIO = 1200401 e TP_DEPENDENCIA = 4, IN_PODER_PUBLICO_PARCERIA = 1, TP_PODER_PUBLICO_PARCERIA = 1"
edu.matriculas.conveniadas_municipais,1200401,Rio Branco,AC,2023,Ensino médio,,0,matrículas,OBSERVADO,,,sim,inep_censo_2023,"Censo Escolar 2023, escolas com CO_MUNICIPIO = 1200401 e TP_DEPENDENCIA = 4, IN_PODER_PUBLICO_PARCERIA = 1, TP_PODER_PUBLICO_PARCERIA = 1"
edu.matriculas.conveniadas_municipais,1200401,Rio Branco,AC,2023,Educação de jovens e adultos,,0,matrículas,OBSERVADO,,,sim,inep_censo_2023,"Censo Escolar 2023, escolas com CO_MUNICIPIO = 1200401 e TP_DEPENDENCIA = 4, IN_PODER_PUBLICO_PARCERIA = 1, TP_PODER_PUBLICO_PARCERIA = 1"
edu.matriculas.conveniadas_municipais,1200401,Rio Branco,AC,2023,Educação profissional não integrada,,0,matrículas,OBSERVADO,,,sim,inep_censo_2023,"Censo Escolar 2023, escolas com CO_MUNICIPIO = 1200401 e TP_DEPENDENCIA = 4, IN_PODER_PUBLICO_PARCERIA = 1, TP_PODER_PUBLICO_PARCERIA = 1"
edu.matriculas.conveniadas_municipais,2704302,Maceió,AL,2023,Total da educação básica,,0,matrículas,OBSERVADO,,,sim,inep_censo_2023,"Censo Escolar 2023, escolas com CO_MUNICIPIO = 2704302 e TP_DEPENDENCIA = 4, IN_PODER_PUBLICO_PARCERIA = 1, TP_PODER_PUBLICO_PARCERIA = 1"
edu.matriculas.conveniadas_municipais,2704302,Maceió,AL,2023,Creche,,0,matrículas,OBSERVADO,,,sim,inep_censo_2023,"Censo Escolar 2023, escolas com CO_MUNICIPIO = 2704302 e TP_DEPENDENCIA = 4, IN_PODER_PUBLICO_PARCERIA = 1, TP_PODER_PUBLICO_PARCERIA = 1"
edu.matriculas.conveniadas_municipais,2704302,Maceió,AL,2023,Pré-escola,,0,matrículas,OBSERVADO,,,sim,inep_censo_2023,"Censo Escolar 2023, escolas com CO_MUNICIPIO = 2704302 e TP_DEPENDENCIA = 4, IN_PODER_PUBLICO_PARCERIA = 1, TP_PODER_PUBLICO_PARCERIA = 1"
edu.matriculas.conveniadas_municipais,2704302,Maceió,AL,2023,"Ensino fundamental, anos iniciais",,0,matrículas,OBSERVADO,,,sim,inep_censo_2023,"Censo Escolar 2023, escolas com CO_MUNICIPIO = 2704302 e TP_DEPENDENCIA = 4, IN_PODER_PUBLICO_PARCERIA = 1, TP_PODER_PUBLICO_PARCERIA = 1"
edu.matriculas.conveniadas_municipais,2704302,Maceió,AL,2023,"Ensino fundamental, anos finais",,0,matrículas,OBSERVADO,,,sim,inep_censo_2023,"Censo Escolar 2023, escolas com CO_MUNICIPIO = 2704302 e TP_DEPENDENCIA = 4, IN_PODER_PUBLICO_PARCERIA = 1, TP_PODER_PUBLICO_PARCERIA = 1"
edu.matriculas.conveniadas_municipais,2704302,Maceió,AL,2023,Ensino médio,,0,matrículas,OBSERVADO,,,sim,inep_censo_2023,"Censo Escolar 2023, escolas com CO_MUNICIPIO = 2704302 e TP_DEPENDENCIA = 4, IN_PODER_PUBLICO_PARCERIA = 1, TP_PODER_PUBLICO_PARCERIA = 1"
edu.matriculas.conveniadas_municipais,2704302,Maceió,AL,2023,Educação de jovens e adultos,,0,matrículas,OBSERVADO,,,sim,inep_censo_2023,"Censo Escolar 2023, escolas com CO_MUNICIPIO = 2704302 e TP_DEPENDENCIA = 4, IN_PODER_PUBLICO_PARCERIA = 1, TP_PODER_PUBLICO_PARCERIA = 1"
edu.matriculas.conveniadas_municipais,2704302,Maceió,AL,2023,Educação profissional não integrada,,0,matrículas,OBSERVADO,,,sim,inep_censo_2023,"Censo Escolar 2023, escolas com CO_MUNICIPIO = 2704302 e TP_DEPENDENCIA = 4, IN_PODER_PUBLICO_PARCERIA = 1, TP_PODER_PUBLICO_PARCERIA = 1"
edu.matriculas.conveniadas_municipais,1600303,Macapá,AP,2023,Total da educação básica,,0,matrículas,OBSERVADO,,,sim,inep_censo_2023,"Censo Escolar 2023, escolas com CO_MUNICIPIO = 1600303 e TP_DEPENDENCIA = 4, IN_PODER_PUBLICO_PARCERIA = 1, TP_PODER_PUBLICO_PARCERIA = 1"
edu.matriculas.conveniadas_municipais,1600303,Macapá,AP,2023,Creche,,0,matrículas,OBSERVADO,,,sim,inep_censo_2023,"Censo Escolar 2023, escolas com CO_MUNICIPIO = 1600303 e TP_DEPENDENCIA = 4, IN_PODER_PUBLICO_PARCERIA = 1, TP_PODER_PUBLICO_PARCERIA = 1"
edu.matriculas.conveniadas_municipais,1600303,Macapá,AP,2023,Pré-escola,,0,matrículas,OBSERVADO,,,sim,inep_censo_2023,"Censo Escolar 2023, escolas com CO_MUNICIPIO = 1600303 e TP_DEPENDENCIA = 4, IN_PODER_PUBLICO_PARCERIA = 1, TP_PODER_PUBLICO_PARCERIA = 1"
edu.matriculas.conveniadas_municipais,1600303,Macapá,AP,2023,"Ensino fundamental, anos iniciais",,0,matrículas,OBSERVADO,,,sim,inep_censo_2023,"Censo Escolar 2023, escolas com CO_MUNICIPIO = 1600303 e TP_DEPENDENCIA = 4, IN_PODER_PUBLICO_PARCERIA = 1, TP_PODER_PUBLICO_PARCERIA = 1"
edu.matriculas.conveniadas_municipais,1600303,Macapá,AP,2023,"Ensino fundamental, anos finais",,0,matrículas,OBSERVADO,,,sim,inep_censo_2023,"Censo Escolar 2023, escolas com CO_MUNICIPIO = 1600303 e TP_DEPENDENCIA = 4, IN_PODER_PUBLICO_PARCERIA = 1, TP_PODER_PUBLICO_PARCERIA = 1"
edu.matriculas.conveniadas_municipais,1600303,Macapá,AP,2023,Ensino médio,,0,matrículas,OBSERVADO,,,sim,inep_censo_2023,"Censo Escolar 2023, escolas com CO_MUNICIPIO = 1600303 e TP_DEPENDENCIA = 4, IN_PODER_PUBLICO_PARCERIA = 1, TP_PODER_PUBLICO_PARCERIA = 1"
edu.matriculas.conveniadas_municipais,1600303,Macapá,AP,2023,Educação de jovens e adultos,,0,matrículas,OBSERVADO,,,sim,inep_censo_2023,"Censo Escolar 2023, escolas com CO_MUNICIPIO = 1600303 e TP_DEPENDENCIA = 4, IN_PODER_PUBLICO_PARCERIA = 1, TP_PODER_PUBLICO_PARCERIA = 1"
edu.matriculas.conveniadas_municipais,1600303,Macapá,AP,2023,Educação profissional não integrada,,0,matrículas,OBSERVADO,,,sim,inep_censo_2023,"Censo Escolar 2023, escolas com CO_MUNICIPIO = 1600303 e TP_DEPENDENCIA = 4, IN_PODER_PUBLICO_PARCERIA = 1, TP_PODER_PUBLICO_PARCERIA = 1"
edu.matriculas.conveniadas_municipais,1302603,Manaus,AM,2023,Total da educação básica,,734,matrículas,OBSERVADO,,,sim,inep_censo_2023,"Censo Escolar 2023, escolas com CO_MUNICIPIO = 1302603 e TP_DEPENDENCIA = 4, IN_PODER_PUBLICO_PARCERIA = 1, TP_PODER_PUBLICO_PARCERIA = 1"
edu.matriculas.conveniadas_municipais,1302603,Manaus,AM,2023,Creche,,179,matrículas,OBSERVADO,,,sim,inep_censo_2023,"Censo Escolar 2023, escolas com CO_MUNICIPIO = 1302603 e TP_DEPENDENCIA = 4, IN_PODER_PUBLICO_PARCERIA = 1, TP_PODER_PUBLICO_PARCERIA = 1"
edu.matriculas.conveniadas_municipais,1302603,Manaus,AM,2023,Pré-escola,,245,matrículas,OBSERVADO,,,sim,inep_censo_2023,"Censo Escolar 2023, escolas com CO_MUNICIPIO = 1302603 e TP_DEPENDENCIA = 4, IN_PODER_PUBLICO_PARCERIA = 1, TP_PODER_PUBLICO_PARCERIA = 1"
edu.matriculas.conveniadas_municipais,1302603,Manaus,AM,2023,"Ensino fundamental, anos iniciais",,270,matrículas,OBSERVADO,,,sim,inep_censo_2023,"Censo Escolar 2023, escolas com CO_MUNICIPIO = 1302603 e TP_DEPENDENCIA = 4, IN_PODER_PUBLICO_PARCERIA = 1, TP_PODER_PUBLICO_PARCERIA = 1"
edu.matriculas.conveniadas_municipais,1302603,Manaus,AM,2023,"Ensino fundamental, anos finais",,40,matrículas,OBSERVADO,,,sim,inep_censo_2023,"Censo Escolar 2023, escolas com CO_MUNICIPIO = 1302603 e TP_DEPENDENCIA = 4, IN_PODER_PUBLICO_PARCERIA = 1, TP_PODER_PUBLICO_PARCERIA = 1"
edu.matriculas.conveniadas_municipais,1302603,Manaus,AM,2023,Ensino médio,,0,matrículas,OBSERVADO,,,sim,inep_censo_2023,"Censo Escolar 2023, escolas com CO_MUNICIPIO = 1302603 e TP_DEPENDENCIA = 4, IN_PODER_PUBLICO_PARCERIA = 1, TP_PODER_PUBLICO_PARCERIA = 1"
edu.matriculas.conveniadas_municipais,1302603,Manaus,AM,2023,Educação de jovens e adultos,,0,matrículas,OBSERVADO,,,sim,inep_censo_2023,"Censo Escolar 2023, escolas com CO_MUNICIPIO = 1302603 e TP_DEPENDENCIA = 4, IN_PODER_PUBLICO_PARCERIA = 1, TP_PODER_PUBLICO_PARCERIA = 1"
edu.matriculas.conveniadas_municipais,1302603,Manaus,AM,2023,Educação profissional não integrada,,0,matrículas,OBSERVADO,,,sim,inep_censo_2023,"Censo Escolar 2023, escolas com CO_MUNICIPIO = 1302603 e TP_DEPENDENCIA = 4, IN_PODER_PUBLICO_PARCERIA = 1, TP_PODER_PUBLICO_PARCERIA = 1"
edu.matriculas.conveniadas_municipais,2927408,Salvador,BA,2023,Total da educação básica,,36348,matrículas,OBSERVADO,,,sim,inep_censo_2023,"Censo Escolar 2023, escolas com CO_MUNICIPIO = 2927408 e TP_DEPENDENCIA = 4, IN_PODER_PUBLICO_PARCERIA = 1, TP_PODER_PUBLICO_PARCERIA = 1"
edu.matriculas.conveniadas_municipais,2927408,Salvador,BA,2023,Creche,,16280,matrículas,OBSERVADO,,,sim,inep_censo_2023,"Censo Escolar 2023, escolas com CO_MUNICIPIO = 2927408 e TP_DEPENDENCIA = 4, IN_PODER_PUBLICO_PARCERIA = 1, TP_PODER_PUBLICO_PARCERIA = 1"
edu.matriculas.conveniadas_municipais,2927408,Salvador,BA,2023,Pré-escola,,14073,matrículas,OBSERVADO,,,sim,inep_censo_2023,"Censo Escolar 2023, escolas com CO_MUNICIPIO = 2927408 e TP_DEPENDENCIA = 4, IN_PODER_PUBLICO_PARCERIA = 1, TP_PODER_PUBLICO_PARCERIA = 1"
edu.matriculas.conveniadas_municipais,2927408,Salvador,BA,2023,"Ensino fundamental, anos iniciais",,4454,matrículas,OBSERVADO,,,sim,inep_censo_2023,"Censo Escolar 2023, escolas com CO_MUNICIPIO = 2927408 e TP_DEPENDENCIA = 4, IN_PODER_PUBLICO_PARCERIA = 1, TP_PODER_PUBLICO_PARCERIA = 1"
edu.matriculas.conveniadas_municipais,2927408,Salvador,BA,2023,"Ensino fundamental, anos finais",,1309,matrículas,OBSERVADO,,,sim,inep_censo_2023,"Censo Escolar 2023, escolas com CO_MUNICIPIO = 2927408 e TP_DEPENDENCIA = 4, IN_PODER_PUBLICO_PARCERIA = 1, TP_PODER_PUBLICO_PARCERIA = 1"
edu.matriculas.conveniadas_municipais,2927408,Salvador,BA,2023,Ensino médio,,232,matrículas,OBSERVADO,,,sim,inep_censo_2023,"Censo Escolar 2023, escolas com CO_MUNICIPIO = 2927408 e TP_DEPENDENCIA = 4, IN_PODER_PUBLICO_PARCERIA = 1, TP_PODER_PUBLICO_PARCERIA = 1"
edu.matriculas.conveniadas_municipais,2927408,Salvador,BA,2023,Educação de jovens e adultos,,0,matrículas,OBSERVADO,,,sim,inep_censo_2023,"Censo Escolar 2023, escolas com CO_MUNICIPIO = 2927408 e TP_DEPENDENCIA = 4, IN_PODER_PUBLICO_PARCERIA = 1, TP_PODER_PUBLICO_PARCERIA = 1"
edu.matriculas.conveniadas_municipais,2927408,Salvador,BA,2023,Educação profissional não integrada,,0,matrículas,OBSERVADO,,,sim,inep_censo_2023,"Censo Escolar 2023, escolas com CO_MUNICIPIO = 2927408 e TP_DEPENDENCIA = 4, IN_PODER_PUBLICO_PARCERIA = 1, TP_PODER_PUBLICO_PARCERIA = 1"
edu.matriculas.conveniadas_municipais,2304400,Fortaleza,CE,2023,Total da educação básica,,9369,matrículas,OBSERVADO,,,sim,inep_censo_2023,"Censo Escolar 2023, escolas com CO_MUNICIPIO = 2304400 e TP_DEPENDENCIA = 4, IN_PODER_PUBLICO_PARCERIA = 1, TP_PODER_PUBLICO_PARCERIA = 1"
edu.matriculas.conveniadas_municipais,2304400,Fortaleza,CE,2023,Creche,,9259,matrículas,OBSERVADO,,,sim,inep_censo_2023,"Censo Escolar 2023, escolas com CO_MUNICIPIO = 2304400 e TP_DEPENDENCIA = 4, IN_PODER_PUBLICO_PARCERIA = 1, TP_PODER_PUBLICO_PARCERIA = 1"
edu.matriculas.conveniadas_municipais,2304400,Fortaleza,CE,2023,Pré-escola,,110,matrículas,OBSERVADO,,,sim,inep_censo_2023,"Censo Escolar 2023, escolas com CO_MUNICIPIO = 2304400 e TP_DEPENDENCIA = 4, IN_PODER_PUBLICO_PARCERIA = 1, TP_PODER_PUBLICO_PARCERIA = 1"
edu.matriculas.conveniadas_municipais,2304400,Fortaleza,CE,2023,"Ensino fundamental, anos iniciais",,0,matrículas,OBSERVADO,,,sim,inep_censo_2023,"Censo Escolar 2023, escolas com CO_MUNICIPIO = 2304400 e TP_DEPENDENCIA = 4, IN_PODER_PUBLICO_PARCERIA = 1, TP_PODER_PUBLICO_PARCERIA = 1"
edu.matriculas.conveniadas_municipais,2304400,Fortaleza,CE,2023,"Ensino fundamental, anos finais",,0,matrículas,OBSERVADO,,,sim,inep_censo_2023,"Censo Escolar 2023, escolas com CO_MUNICIPIO = 2304400 e TP_DEPENDENCIA = 4, IN_PODER_PUBLICO_PARCERIA = 1, TP_PODER_PUBLICO_PARCERIA = 1"
edu.matriculas.conveniadas_municipais,2304400,Fortaleza,CE,2023,Ensino médio,,0,matrículas,OBSERVADO,,,sim,inep_censo_2023,"Censo Escolar 2023, escolas com CO_MUNICIPIO = 2304400 e TP_DEPENDENCIA = 4, IN_PODER_PUBLICO_PARCERIA = 1, TP_PODER_PUBLICO_PARCERIA = 1"
edu.matriculas.conveniadas_municipais,2304400,Fortaleza,CE,2023,Educação de jovens e adultos,,0,matrículas,OBSERVADO,,,sim,inep_censo_2023,"Censo Escolar 2023, escolas com CO_MUNICIPIO = 2304400 e TP_DEPENDENCIA = 4, IN_PODER_PUBLICO_PARCERIA = 1, TP_PODER_PUBLICO_PARCERIA = 1"
edu.matriculas.conveniadas_municipais,2304400,Fortaleza,CE,2023,Educação profissional não integrada,,0,matrículas,OBSERVADO,,,sim,inep_censo_2023,"Censo Escolar 2023, escolas com CO_MUNICIPIO = 2304400 e TP_DEPENDENCIA = 4, IN_PODER_PUBLICO_PARCERIA = 1, TP_PODER_PUBLICO_PARCERIA = 1"
edu.matriculas.conveniadas_municipais,3205309,Vitória,ES,2023,Total da educação básica,,0,matrículas,OBSERVADO,,,sim,inep_censo_2023,"Censo Escolar 2023, escolas com CO_MUNICIPIO = 3205309 e TP_DEPENDENCIA = 4, IN_PODER_PUBLICO_PARCERIA = 1, TP_PODER_PUBLICO_PARCERIA = 1"
edu.matriculas.conveniadas_municipais,3205309,Vitória,ES,2023,Creche,,0,matrículas,OBSERVADO,,,sim,inep_censo_2023,"Censo Escolar 2023, escolas com CO_MUNICIPIO = 3205309 e TP_DEPENDENCIA = 4, IN_PODER_PUBLICO_PARCERIA = 1, TP_PODER_PUBLICO_PARCERIA = 1"
edu.matriculas.conveniadas_municipais,3205309,Vitória,ES,2023,Pré-escola,,0,matrículas,OBSERVADO,,,sim,inep_censo_2023,"Censo Escolar 2023, escolas com CO_MUNICIPIO = 3205309 e TP_DEPENDENCIA = 4, IN_PODER_PUBLICO_PARCERIA = 1, TP_PODER_PUBLICO_PARCERIA = 1"
edu.matriculas.conveniadas_municipais,3205309,Vitória,ES,2023,"Ensino fundamental, anos iniciais",,0,matrículas,OBSERVADO,,,sim,inep_censo_2023,"Censo Escolar 2023, escolas com CO_MUNICIPIO = 3205309 e TP_DEPENDENCIA = 4, IN_PODER_PUBLICO_PARCERIA = 1, TP_PODER_PUBLICO_PARCERIA = 1"
edu.matriculas.conveniadas_municipais,3205309,Vitória,ES,2023,"Ensino fundamental, anos finais",,0,matrículas,OBSERVADO,,,sim,inep_censo_2023,"Censo Escolar 2023, escolas com CO_MUNICIPIO = 3205309 e TP_DEPENDENCIA = 4, IN_PODER_PUBLICO_PARCERIA = 1, TP_PODER_PUBLICO_PARCERIA = 1"
edu.matriculas.conveniadas_municipais,3205309,Vitória,ES,2023,Ensino médio,,0,matrículas,OBSERVADO,,,sim,inep_censo_2023,"Censo Escolar 2023, escolas com CO_MUNICIPIO = 3205309 e TP_DEPENDENCIA = 4, IN_PODER_PUBLICO_PARCERIA = 1, TP_PODER_PUBLICO_PARCERIA = 1"
edu.matriculas.conveniadas_municipais,3205309,Vitória,ES,2023,Educação de jovens e adultos,,0,matrículas,OBSERVADO,,,sim,inep_censo_2023,"Censo Escolar 2023, escolas com CO_MUNICIPIO = 3205309 e TP_DEPENDENCIA = 4, IN_PODER_PUBLICO_PARCERIA = 1, TP_PODER_PUBLICO_PARCERIA = 1"
edu.matriculas.conveniadas_municipais,3205309,Vitória,ES,2023,Educação profissional não integrada,,0,matrículas,OBSERVADO,,,sim,inep_censo_2023,"Censo Escolar 2023, escolas com CO_MUNICIPIO = 3205309 e TP_DEPENDENCIA = 4, IN_PODER_PUBLICO_PARCERIA = 1, TP_PODER_PUBLICO_PARCERIA = 1"
edu.matriculas.conveniadas_municipais,5208707,Goiânia,GO,2023,Total da educação básica,,6775,matrículas,OBSERVADO,,,sim,inep_censo_2023,"Censo Escolar 2023, escolas com CO_MUNICIPIO = 5208707 e TP_DEPENDENCIA = 4, IN_PODER_PUBLICO_PARCERIA = 1, TP_PODER_PUBLICO_PARCERIA = 1"
edu.matriculas.conveniadas_municipais,5208707,Goiânia,GO,2023,Creche,,2743,matrículas,OBSERVADO,,,sim,inep_censo_2023,"Censo Escolar 2023, escolas com CO_MUNICIPIO = 5208707 e TP_DEPENDENCIA = 4, IN_PODER_PUBLICO_PARCERIA = 1, TP_PODER_PUBLICO_PARCERIA = 1"
edu.matriculas.conveniadas_municipais,5208707,Goiânia,GO,2023,Pré-escola,,2734,matrículas,OBSERVADO,,,sim,inep_censo_2023,"Censo Escolar 2023, escolas com CO_MUNICIPIO = 5208707 e TP_DEPENDENCIA = 4, IN_PODER_PUBLICO_PARCERIA = 1, TP_PODER_PUBLICO_PARCERIA = 1"
edu.matriculas.conveniadas_municipais,5208707,Goiânia,GO,2023,"Ensino fundamental, anos iniciais",,1195,matrículas,OBSERVADO,,,sim,inep_censo_2023,"Censo Escolar 2023, escolas com CO_MUNICIPIO = 5208707 e TP_DEPENDENCIA = 4, IN_PODER_PUBLICO_PARCERIA = 1, TP_PODER_PUBLICO_PARCERIA = 1"
edu.matriculas.conveniadas_municipais,5208707,Goiânia,GO,2023,"Ensino fundamental, anos finais",,103,matrículas,OBSERVADO,,,sim,inep_censo_2023,"Censo Escolar 2023, escolas com CO_MUNICIPIO = 5208707 e TP_DEPENDENCIA = 4, IN_PODER_PUBLICO_PARCERIA = 1, TP_PODER_PUBLICO_PARCERIA = 1"
edu.matriculas.conveniadas_municipais,5208707,Goiânia,GO,2023,Ensino médio,,0,matrículas,OBSERVADO,,,sim,inep_censo_2023,"Censo Escolar 2023, escolas com CO_MUNICIPIO = 5208707 e TP_DEPENDENCIA = 4, IN_PODER_PUBLICO_PARCERIA = 1, TP_PODER_PUBLICO_PARCERIA = 1"
edu.matriculas.conveniadas_municipais,5208707,Goiânia,GO,2023,Educação de jovens e adultos,,0,matrículas,OBSERVADO,,,sim,inep_censo_2023,"Censo Escolar 2023, escolas com CO_MUNICIPIO = 5208707 e TP_DEPENDENCIA = 4, IN_PODER_PUBLICO_PARCERIA = 1, TP_PODER_PUBLICO_PARCERIA = 1"
edu.matriculas.conveniadas_municipais,5208707,Goiânia,GO,2023,Educação profissional não integrada,,0,matrículas,OBSERVADO,,,sim,inep_censo_2023,"Censo Escolar 2023, escolas com CO_MUNICIPIO = 5208707 e TP_DEPENDENCIA = 4, IN_PODER_PUBLICO_PARCERIA = 1, TP_PODER_PUBLICO_PARCERIA = 1"
edu.matriculas.conveniadas_municipais,2111300,São Luís,MA,2023,Total da educação básica,,31834,matrículas,OBSERVADO,,,sim,inep_censo_2023,"Censo Escolar 2023, escolas com CO_MUNICIPIO = 2111300 e TP_DEPENDENCIA = 4, IN_PODER_PUBLICO_PARCERIA = 1, TP_PODER_PUBLICO_PARCERIA = 1"
edu.matriculas.conveniadas_municipais,2111300,São Luís,MA,2023,Creche,,8990,matrículas,OBSERVADO,,,sim,inep_censo_2023,"Censo Escolar 2023, escolas com CO_MUNICIPIO = 2111300 e TP_DEPENDENCIA = 4, IN_PODER_PUBLICO_PARCERIA = 1, TP_PODER_PUBLICO_PARCERIA = 1"
edu.matriculas.conveniadas_municipais,2111300,São Luís,MA,2023,Pré-escola,,10755,matrículas,OBSERVADO,,,sim,inep_censo_2023,"Censo Escolar 2023, escolas com CO_MUNICIPIO = 2111300 e TP_DEPENDENCIA = 4, IN_PODER_PUBLICO_PARCERIA = 1, TP_PODER_PUBLICO_PARCERIA = 1"
edu.matriculas.conveniadas_municipais,2111300,São Luís,MA,2023,"Ensino fundamental, anos iniciais",,9902,matrículas,OBSERVADO,,,sim,inep_censo_2023,"Censo Escolar 2023, escolas com CO_MUNICIPIO = 2111300 e TP_DEPENDENCIA = 4, IN_PODER_PUBLICO_PARCERIA = 1, TP_PODER_PUBLICO_PARCERIA = 1"
edu.matriculas.conveniadas_municipais,2111300,São Luís,MA,2023,"Ensino fundamental, anos finais",,2130,matrículas,OBSERVADO,,,sim,inep_censo_2023,"Censo Escolar 2023, escolas com CO_MUNICIPIO = 2111300 e TP_DEPENDENCIA = 4, IN_PODER_PUBLICO_PARCERIA = 1, TP_PODER_PUBLICO_PARCERIA = 1"
edu.matriculas.conveniadas_municipais,2111300,São Luís,MA,2023,Ensino médio,,55,matrículas,OBSERVADO,,,sim,inep_censo_2023,"Censo Escolar 2023, escolas com CO_MUNICIPIO = 2111300 e TP_DEPENDENCIA = 4, IN_PODER_PUBLICO_PARCERIA = 1, TP_PODER_PUBLICO_PARCERIA = 1"
edu.matriculas.conveniadas_municipais,2111300,São Luís,MA,2023,Educação de jovens e adultos,,2,matrículas,OBSERVADO,,,sim,inep_censo_2023,"Censo Escolar 2023, escolas com CO_MUNICIPIO = 2111300 e TP_DEPENDENCIA = 4, IN_PODER_PUBLICO_PARCERIA = 1, TP_PODER_PUBLICO_PARCERIA = 1"
edu.matriculas.conveniadas_municipais,2111300,São Luís,MA,2023,Educação profissional não integrada,,0,matrículas,OBSERVADO,,,sim,inep_censo_2023,"Censo Escolar 2023, escolas com CO_MUNICIPIO = 2111300 e TP_DEPENDENCIA = 4, IN_PODER_PUBLICO_PARCERIA = 1, TP_PODER_PUBLICO_PARCERIA = 1"
edu.matriculas.conveniadas_municipais,5103403,Cuiabá,MT,2023,Total da educação básica,,2751,matrículas,OBSERVADO,,,sim,inep_censo_2023,"Censo Escolar 2023, escolas com CO_MUNICIPIO = 5103403 e TP_DEPENDENCIA = 4, IN_PODER_PUBLICO_PARCERIA = 1, TP_PODER_PUBLICO_PARCERIA = 1"
edu.matriculas.conveniadas_municipais,5103403,Cuiabá,MT,2023,Creche,,1485,matrículas,OBSERVADO,,,sim,inep_censo_2023,"Censo Escolar 2023, escolas com CO_MUNICIPIO = 5103403 e TP_DEPENDENCIA = 4, IN_PODER_PUBLICO_PARCERIA = 1, TP_PODER_PUBLICO_PARCERIA = 1"
edu.matriculas.conveniadas_municipais,5103403,Cuiabá,MT,2023,Pré-escola,,837,matrículas,OBSERVADO,,,sim,inep_censo_2023,"Censo Escolar 2023, escolas com CO_MUNICIPIO = 5103403 e TP_DEPENDENCIA = 4, IN_PODER_PUBLICO_PARCERIA = 1, TP_PODER_PUBLICO_PARCERIA = 1"
edu.matriculas.conveniadas_municipais,5103403,Cuiabá,MT,2023,"Ensino fundamental, anos iniciais",,319,matrículas,OBSERVADO,,,sim,inep_censo_2023,"Censo Escolar 2023, escolas com CO_MUNICIPIO = 5103403 e TP_DEPENDENCIA = 4, IN_PODER_PUBLICO_PARCERIA = 1, TP_PODER_PUBLICO_PARCERIA = 1"
edu.matriculas.conveniadas_municipais,5103403,Cuiabá,MT,2023,"Ensino fundamental, anos finais",,0,matrículas,OBSERVADO,,,sim,inep_censo_2023,"Censo Escolar 2023, escolas com CO_MUNICIPIO = 5103403 e TP_DEPENDENCIA = 4, IN_PODER_PUBLICO_PARCERIA = 1, TP_PODER_PUBLICO_PARCERIA = 1"
edu.matriculas.conveniadas_municipais,5103403,Cuiabá,MT,2023,Ensino médio,,0,matrículas,OBSERVADO,,,sim,inep_censo_2023,"Censo Escolar 2023, escolas com CO_MUNICIPIO = 5103403 e TP_DEPENDENCIA = 4, IN_PODER_PUBLICO_PARCERIA = 1, TP_PODER_PUBLICO_PARCERIA = 1"
edu.matriculas.conveniadas_municipais,5103403,Cuiabá,MT,2023,Educação de jovens e adultos,,110,matrículas,OBSERVADO,,,sim,inep_censo_2023,"Censo Escolar 2023, escolas com CO_MUNICIPIO = 5103403 e TP_DEPENDENCIA = 4, IN_PODER_PUBLICO_PARCERIA = 1, TP_PODER_PUBLICO_PARCERIA = 1"
edu.matriculas.conveniadas_municipais,5103403,Cuiabá,MT,2023,Educação profissional não integrada,,0,matrículas,OBSERVADO,,,sim,inep_censo_2023,"Censo Escolar 2023, escolas com CO_MUNICIPIO = 5103403 e TP_DEPENDENCIA = 4, IN_PODER_PUBLICO_PARCERIA = 1, TP_PODER_PUBLICO_PARCERIA = 1"
edu.matriculas.conveniadas_municipais,5002704,Campo Grande,MS,2023,Total da educação básica,,2262,matrículas,OBSERVADO,,,sim,inep_censo_2023,"Censo Escolar 2023, escolas com CO_MUNICIPIO = 5002704 e TP_DEPENDENCIA = 4, IN_PODER_PUBLICO_PARCERIA = 1, TP_PODER_PUBLICO_PARCERIA = 1"
edu.matriculas.conveniadas_municipais,5002704,Campo Grande,MS,2023,Creche,,1637,matrículas,OBSERVADO,,,sim,inep_censo_2023,"Censo Escolar 2023, escolas com CO_MUNICIPIO = 5002704 e TP_DEPENDENCIA = 4, IN_PODER_PUBLICO_PARCERIA = 1, TP_PODER_PUBLICO_PARCERIA = 1"
edu.matriculas.conveniadas_municipais,5002704,Campo Grande,MS,2023,Pré-escola,,570,matrículas,OBSERVADO,,,sim,inep_censo_2023,"Censo Escolar 2023, escolas com CO_MUNICIPIO = 5002704 e TP_DEPENDENCIA = 4, IN_PODER_PUBLICO_PARCERIA = 1, TP_PODER_PUBLICO_PARCERIA = 1"
edu.matriculas.conveniadas_municipais,5002704,Campo Grande,MS,2023,"Ensino fundamental, anos iniciais",,55,matrículas,OBSERVADO,,,sim,inep_censo_2023,"Censo Escolar 2023, escolas com CO_MUNICIPIO = 5002704 e TP_DEPENDENCIA = 4, IN_PODER_PUBLICO_PARCERIA = 1, TP_PODER_PUBLICO_PARCERIA = 1"
edu.matriculas.conveniadas_municipais,5002704,Campo Grande,MS,2023,"Ensino fundamental, anos finais",,0,matrículas,OBSERVADO,,,sim,inep_censo_2023,"Censo Escolar 2023, escolas com CO_MUNICIPIO = 5002704 e TP_DEPENDENCIA = 4, IN_PODER_PUBLICO_PARCERIA = 1, TP_PODER_PUBLICO_PARCERIA = 1"
edu.matriculas.conveniadas_municipais,5002704,Campo Grande,MS,2023,Ensino médio,,0,matrículas,OBSERVADO,,,sim,inep_censo_2023,"Censo Escolar 2023, escolas com CO_MUNICIPIO = 5002704 e TP_DEPENDENCIA = 4, IN_PODER_PUBLICO_PARCERIA = 1, TP_PODER_PUBLICO_PARCERIA = 1"
edu.matriculas.conveniadas_municipais,5002704,Campo Grande,MS,2023,Educação de jovens e adultos,,0,matrículas,OBSERVADO,,,sim,inep_censo_2023,"Censo Escolar 2023, escolas com CO_MUNICIPIO = 5002704 e TP_DEPENDENCIA = 4, IN_PODER_PUBLICO_PARCERIA = 1, TP_PODER_PUBLICO_PARCERIA = 1"
edu.matriculas.conveniadas_municipais,5002704,Campo Grande,MS,2023,Educação profissional não integrada,,0,matrículas,OBSERVADO,,,sim,inep_censo_2023,"Censo Escolar 2023, escolas com CO_MUNICIPIO = 5002704 e TP_DEPENDENCIA = 4, IN_PODER_PUBLICO_PARCERIA = 1, TP_PODER_PUBLICO_PARCERIA = 1"
edu.matriculas.conveniadas_municipais,3106200,Belo Horizonte,MG,2023,Total da educação básica,,28520,matrículas,OBSERVADO,,,sim,inep_censo_2023,"Censo Escolar 2023, escolas com CO_MUNICIPIO = 3106200 e TP_DEPENDENCIA = 4, IN_PODER_PUBLICO_PARCERIA = 1, TP_PODER_PUBLICO_PARCERIA = 1"
edu.matriculas.conveniadas_municipais,3106200,Belo Horizonte,MG,2023,Creche,,22335,matrículas,OBSERVADO,,,sim,inep_censo_2023,"Censo Escolar 2023, escolas com CO_MUNICIPIO = 3106200 e TP_DEPENDENCIA = 4, IN_PODER_PUBLICO_PARCERIA = 1, TP_PODER_PUBLICO_PARCERIA = 1"
edu.matriculas.conveniadas_municipais,3106200,Belo Horizonte,MG,2023,Pré-escola,,6173,matrículas,OBSERVADO,,,sim,inep_censo_2023,"Censo Escolar 2023, escolas com CO_MUNICIPIO = 3106200 e TP_DEPENDENCIA = 4, IN_PODER_PUBLICO_PARCERIA = 1, TP_PODER_PUBLICO_PARCERIA = 1"
edu.matriculas.conveniadas_municipais,3106200,Belo Horizonte,MG,2023,"Ensino fundamental, anos iniciais",,12,matrículas,OBSERVADO,,,sim,inep_censo_2023,"Censo Escolar 2023, escolas com CO_MUNICIPIO = 3106200 e TP_DEPENDENCIA = 4, IN_PODER_PUBLICO_PARCERIA = 1, TP_PODER_PUBLICO_PARCERIA = 1"
edu.matriculas.conveniadas_municipais,3106200,Belo Horizonte,MG,2023,"Ensino fundamental, anos finais",,0,matrículas,OBSERVADO,,,sim,inep_censo_2023,"Censo Escolar 2023, escolas com CO_MUNICIPIO = 3106200 e TP_DEPENDENCIA = 4, IN_PODER_PUBLICO_PARCERIA = 1, TP_PODER_PUBLICO_PARCERIA = 1"
edu.matriculas.conveniadas_municipais,3106200,Belo Horizonte,MG,2023,Ensino médio,,0,matrículas,OBSERVADO,,,sim,inep_censo_2023,"Censo Escolar 2023, escolas com CO_MUNICIPIO = 3106200 e TP_DEPENDENCIA = 4, IN_PODER_PUBLICO_PARCERIA = 1, TP_PODER_PUBLICO_PARCERIA = 1"
edu.matriculas.conveniadas_municipais,3106200,Belo Horizonte,MG,2023,Educação de jovens e adultos,,0,matrículas,OBSERVADO,,,sim,inep_censo_2023,"Censo Escolar 2023, escolas com CO_MUNICIPIO = 3106200 e TP_DEPENDENCIA = 4, IN_PODER_PUBLICO_PARCERIA = 1, TP_PODER_PUBLICO_PARCERIA = 1"
edu.matriculas.conveniadas_municipais,3106200,Belo Horizonte,MG,2023,Educação profissional não integrada,,0,matrículas,OBSERVADO,,,sim,inep_censo_2023,"Censo Escolar 2023, escolas com CO_MUNICIPIO = 3106200 e TP_DEPENDENCIA = 4, IN_PODER_PUBLICO_PARCERIA = 1, TP_PODER_PUBLICO_PARCERIA = 1"
edu.matriculas.conveniadas_municipais,1501402,Belém,PA,2023,Total da educação básica,,4738,matrículas,OBSERVADO,,,sim,inep_censo_2023,"Censo Escolar 2023, escolas com CO_MUNICIPIO = 1501402 e TP_DEPENDENCIA = 4, IN_PODER_PUBLICO_PARCERIA = 1, TP_PODER_PUBLICO_PARCERIA = 1"
edu.matriculas.conveniadas_municipais,1501402,Belém,PA,2023,Creche,,2065,matrículas,OBSERVADO,,,sim,inep_censo_2023,"Censo Escolar 2023, escolas com CO_MUNICIPIO = 1501402 e TP_DEPENDENCIA = 4, IN_PODER_PUBLICO_PARCERIA = 1, TP_PODER_PUBLICO_PARCERIA = 1"
edu.matriculas.conveniadas_municipais,1501402,Belém,PA,2023,Pré-escola,,2673,matrículas,OBSERVADO,,,sim,inep_censo_2023,"Censo Escolar 2023, escolas com CO_MUNICIPIO = 1501402 e TP_DEPENDENCIA = 4, IN_PODER_PUBLICO_PARCERIA = 1, TP_PODER_PUBLICO_PARCERIA = 1"
edu.matriculas.conveniadas_municipais,1501402,Belém,PA,2023,"Ensino fundamental, anos iniciais",,0,matrículas,OBSERVADO,,,sim,inep_censo_2023,"Censo Escolar 2023, escolas com CO_MUNICIPIO = 1501402 e TP_DEPENDENCIA = 4, IN_PODER_PUBLICO_PARCERIA = 1, TP_PODER_PUBLICO_PARCERIA = 1"
edu.matriculas.conveniadas_municipais,1501402,Belém,PA,2023,"Ensino fundamental, anos finais",,0,matrículas,OBSERVADO,,,sim,inep_censo_2023,"Censo Escolar 2023, escolas com CO_MUNICIPIO = 1501402 e TP_DEPENDENCIA = 4, IN_PODER_PUBLICO_PARCERIA = 1, TP_PODER_PUBLICO_PARCERIA = 1"
edu.matriculas.conveniadas_municipais,1501402,Belém,PA,2023,Ensino médio,,0,matrículas,OBSERVADO,,,sim,inep_censo_2023,"Censo Escolar 2023, escolas com CO_MUNICIPIO = 1501402 e TP_DEPENDENCIA = 4, IN_PODER_PUBLICO_PARCERIA = 1, TP_PODER_PUBLICO_PARCERIA = 1"
edu.matriculas.conveniadas_municipais,1501402,Belém,PA,2023,Educação de jovens e adultos,,0,matrículas,OBSERVADO,,,sim,inep_censo_2023,"Censo Escolar 2023, escolas com CO_MUNICIPIO = 1501402 e TP_DEPENDENCIA = 4, IN_PODER_PUBLICO_PARCERIA = 1, TP_PODER_PUBLICO_PARCERIA = 1"
edu.matriculas.conveniadas_municipais,1501402,Belém,PA,2023,Educação profissional não integrada,,0,matrículas,OBSERVADO,,,sim,inep_censo_2023,"Censo Escolar 2023, escolas com CO_MUNICIPIO = 1501402 e TP_DEPENDENCIA = 4, IN_PODER_PUBLICO_PARCERIA = 1, TP_PODER_PUBLICO_PARCERIA = 1"
edu.matriculas.conveniadas_municipais,2507507,João Pessoa,PB,2023,Total da educação básica,,0,matrículas,OBSERVADO,,,sim,inep_censo_2023,"Censo Escolar 2023, escolas com CO_MUNICIPIO = 2507507 e TP_DEPENDENCIA = 4, IN_PODER_PUBLICO_PARCERIA = 1, TP_PODER_PUBLICO_PARCERIA = 1"
edu.matriculas.conveniadas_municipais,2507507,João Pessoa,PB,2023,Creche,,0,matrículas,OBSERVADO,,,sim,inep_censo_2023,"Censo Escolar 2023, escolas com CO_MUNICIPIO = 2507507 e TP_DEPENDENCIA = 4, IN_PODER_PUBLICO_PARCERIA = 1, TP_PODER_PUBLICO_PARCERIA = 1"
edu.matriculas.conveniadas_municipais,2507507,João Pessoa,PB,2023,Pré-escola,,0,matrículas,OBSERVADO,,,sim,inep_censo_2023,"Censo Escolar 2023, escolas com CO_MUNICIPIO = 2507507 e TP_DEPENDENCIA = 4, IN_PODER_PUBLICO_PARCERIA = 1, TP_PODER_PUBLICO_PARCERIA = 1"
edu.matriculas.conveniadas_municipais,2507507,João Pessoa,PB,2023,"Ensino fundamental, anos iniciais",,0,matrículas,OBSERVADO,,,sim,inep_censo_2023,"Censo Escolar 2023, escolas com CO_MUNICIPIO = 2507507 e TP_DEPENDENCIA = 4, IN_PODER_PUBLICO_PARCERIA = 1, TP_PODER_PUBLICO_PARCERIA = 1"
edu.matriculas.conveniadas_municipais,2507507,João Pessoa,PB,2023,"Ensino fundamental, anos finais",,0,matrículas,OBSERVADO,,,sim,inep_censo_2023,"Censo Escolar 2023, escolas com CO_MUNICIPIO = 2507507 e TP_DEPENDENCIA = 4, IN_PODER_PUBLICO_PARCERIA = 1, TP_PODER_PUBLICO_PARCERIA = 1"
edu.matriculas.conveniadas_municipais,2507507,João Pessoa,PB,2023,Ensino médio,,0,matrículas,OBSERVADO,,,sim,inep_censo_2023,"Censo Escolar 2023, escolas com CO_MUNICIPIO = 2507507 e TP_DEPENDENCIA = 4, IN_PODER_PUBLICO_PARCERIA = 1, TP_PODER_PUBLICO_PARCERIA = 1"
edu.matriculas.conveniadas_municipais,2507507,João Pessoa,PB,2023,Educação de jovens e adultos,,0,matrículas,OBSERVADO,,,sim,inep_censo_2023,"Censo Escolar 2023, escolas com CO_MUNICIPIO = 2507507 e TP_DEPENDENCIA = 4, IN_PODER_PUBLICO_PARCERIA = 1, TP_PODER_PUBLICO_PARCERIA = 1"
edu.matriculas.conveniadas_municipais,2507507,João Pessoa,PB,2023,Educação profissional não integrada,,0,matrículas,OBSERVADO,,,sim,inep_censo_2023,"Censo Escolar 2023, escolas com CO_MUNICIPIO = 2507507 e TP_DEPENDENCIA = 4, IN_PODER_PUBLICO_PARCERIA = 1, TP_PODER_PUBLICO_PARCERIA = 1"
edu.matriculas.conveniadas_municipais,4106902,Curitiba,PR,2023,Total da educação básica,,13434,matrículas,OBSERVADO,,,sim,inep_censo_2023,"Censo Escolar 2023, escolas com CO_MUNICIPIO = 4106902 e TP_DEPENDENCIA = 4, IN_PODER_PUBLICO_PARCERIA = 1, TP_PODER_PUBLICO_PARCERIA = 1"
edu.matriculas.conveniadas_municipais,4106902,Curitiba,PR,2023,Creche,,10136,matrículas,OBSERVADO,,,sim,inep_censo_2023,"Censo Escolar 2023, escolas com CO_MUNICIPIO = 4106902 e TP_DEPENDENCIA = 4, IN_PODER_PUBLICO_PARCERIA = 1, TP_PODER_PUBLICO_PARCERIA = 1"
edu.matriculas.conveniadas_municipais,4106902,Curitiba,PR,2023,Pré-escola,,2497,matrículas,OBSERVADO,,,sim,inep_censo_2023,"Censo Escolar 2023, escolas com CO_MUNICIPIO = 4106902 e TP_DEPENDENCIA = 4, IN_PODER_PUBLICO_PARCERIA = 1, TP_PODER_PUBLICO_PARCERIA = 1"
edu.matriculas.conveniadas_municipais,4106902,Curitiba,PR,2023,"Ensino fundamental, anos iniciais",,271,matrículas,OBSERVADO,,,sim,inep_censo_2023,"Censo Escolar 2023, escolas com CO_MUNICIPIO = 4106902 e TP_DEPENDENCIA = 4, IN_PODER_PUBLICO_PARCERIA = 1, TP_PODER_PUBLICO_PARCERIA = 1"
edu.matriculas.conveniadas_municipais,4106902,Curitiba,PR,2023,"Ensino fundamental, anos finais",,376,matrículas,OBSERVADO,,,sim,inep_censo_2023,"Censo Escolar 2023, escolas com CO_MUNICIPIO = 4106902 e TP_DEPENDENCIA = 4, IN_PODER_PUBLICO_PARCERIA = 1, TP_PODER_PUBLICO_PARCERIA = 1"
edu.matriculas.conveniadas_municipais,4106902,Curitiba,PR,2023,Ensino médio,,154,matrículas,OBSERVADO,,,sim,inep_censo_2023,"Censo Escolar 2023, escolas com CO_MUNICIPIO = 4106902 e TP_DEPENDENCIA = 4, IN_PODER_PUBLICO_PARCERIA = 1, TP_PODER_PUBLICO_PARCERIA = 1"
edu.matriculas.conveniadas_municipais,4106902,Curitiba,PR,2023,Educação de jovens e adultos,,0,matrículas,OBSERVADO,,,sim,inep_censo_2023,"Censo Escolar 2023, escolas com CO_MUNICIPIO = 4106902 e TP_DEPENDENCIA = 4, IN_PODER_PUBLICO_PARCERIA = 1, TP_PODER_PUBLICO_PARCERIA = 1"
edu.matriculas.conveniadas_municipais,4106902,Curitiba,PR,2023,Educação profissional não integrada,,0,matrículas,OBSERVADO,,,sim,inep_censo_2023,"Censo Escolar 2023, escolas com CO_MUNICIPIO = 4106902 e TP_DEPENDENCIA = 4, IN_PODER_PUBLICO_PARCERIA = 1, TP_PODER_PUBLICO_PARCERIA = 1"
edu.matriculas.conveniadas_municipais,2611606,Recife,PE,2023,Total da educação básica,,4378,matrículas,OBSERVADO,,,sim,inep_censo_2023,"Censo Escolar 2023, escolas com CO_MUNICIPIO = 2611606 e TP_DEPENDENCIA = 4, IN_PODER_PUBLICO_PARCERIA = 1, TP_PODER_PUBLICO_PARCERIA = 1"
edu.matriculas.conveniadas_municipais,2611606,Recife,PE,2023,Creche,,2238,matrículas,OBSERVADO,,,sim,inep_censo_2023,"Censo Escolar 2023, escolas com CO_MUNICIPIO = 2611606 e TP_DEPENDENCIA = 4, IN_PODER_PUBLICO_PARCERIA = 1, TP_PODER_PUBLICO_PARCERIA = 1"
edu.matriculas.conveniadas_municipais,2611606,Recife,PE,2023,Pré-escola,,1921,matrículas,OBSERVADO,,,sim,inep_censo_2023,"Censo Escolar 2023, escolas com CO_MUNICIPIO = 2611606 e TP_DEPENDENCIA = 4, IN_PODER_PUBLICO_PARCERIA = 1, TP_PODER_PUBLICO_PARCERIA = 1"
edu.matriculas.conveniadas_municipais,2611606,Recife,PE,2023,"Ensino fundamental, anos iniciais",,90,matrículas,OBSERVADO,,,sim,inep_censo_2023,"Censo Escolar 2023, escolas com CO_MUNICIPIO = 2611606 e TP_DEPENDENCIA = 4, IN_PODER_PUBLICO_PARCERIA = 1, TP_PODER_PUBLICO_PARCERIA = 1"
edu.matriculas.conveniadas_municipais,2611606,Recife,PE,2023,"Ensino fundamental, anos finais",,129,matrículas,OBSERVADO,,,sim,inep_censo_2023,"Censo Escolar 2023, escolas com CO_MUNICIPIO = 2611606 e TP_DEPENDENCIA = 4, IN_PODER_PUBLICO_PARCERIA = 1, TP_PODER_PUBLICO_PARCERIA = 1"
edu.matriculas.conveniadas_municipais,2611606,Recife,PE,2023,Ensino médio,,0,matrículas,OBSERVADO,,,sim,inep_censo_2023,"Censo Escolar 2023, escolas com CO_MUNICIPIO = 2611606 e TP_DEPENDENCIA = 4, IN_PODER_PUBLICO_PARCERIA = 1, TP_PODER_PUBLICO_PARCERIA = 1"
edu.matriculas.conveniadas_municipais,2611606,Recife,PE,2023,Educação de jovens e adultos,,0,matrículas,OBSERVADO,,,sim,inep_censo_2023,"Censo Escolar 2023, escolas com CO_MUNICIPIO = 2611606 e TP_DEPENDENCIA = 4, IN_PODER_PUBLICO_PARCERIA = 1, TP_PODER_PUBLICO_PARCERIA = 1"
edu.matriculas.conveniadas_municipais,2611606,Recife,PE,2023,Educação profissional não integrada,,0,matrículas,OBSERVADO,,,sim,inep_censo_2023,"Censo Escolar 2023, escolas com CO_MUNICIPIO = 2611606 e TP_DEPENDENCIA = 4, IN_PODER_PUBLICO_PARCERIA = 1, TP_PODER_PUBLICO_PARCERIA = 1"
edu.matriculas.conveniadas_municipais,2211001,Teresina,PI,2023,Total da educação básica,,0,matrículas,OBSERVADO,,,sim,inep_censo_2023,"Censo Escolar 2023, escolas com CO_MUNICIPIO = 2211001 e TP_DEPENDENCIA = 4, IN_PODER_PUBLICO_PARCERIA = 1, TP_PODER_PUBLICO_PARCERIA = 1"
edu.matriculas.conveniadas_municipais,2211001,Teresina,PI,2023,Creche,,0,matrículas,OBSERVADO,,,sim,inep_censo_2023,"Censo Escolar 2023, escolas com CO_MUNICIPIO = 2211001 e TP_DEPENDENCIA = 4, IN_PODER_PUBLICO_PARCERIA = 1, TP_PODER_PUBLICO_PARCERIA = 1"
edu.matriculas.conveniadas_municipais,2211001,Teresina,PI,2023,Pré-escola,,0,matrículas,OBSERVADO,,,sim,inep_censo_2023,"Censo Escolar 2023, escolas com CO_MUNICIPIO = 2211001 e TP_DEPENDENCIA = 4, IN_PODER_PUBLICO_PARCERIA = 1, TP_PODER_PUBLICO_PARCERIA = 1"
edu.matriculas.conveniadas_municipais,2211001,Teresina,PI,2023,"Ensino fundamental, anos iniciais",,0,matrículas,OBSERVADO,,,sim,inep_censo_2023,"Censo Escolar 2023, escolas com CO_MUNICIPIO = 2211001 e TP_DEPENDENCIA = 4, IN_PODER_PUBLICO_PARCERIA = 1, TP_PODER_PUBLICO_PARCERIA = 1"
edu.matriculas.conveniadas_municipais,2211001,Teresina,PI,2023,"Ensino fundamental, anos finais",,0,matrículas,OBSERVADO,,,sim,inep_censo_2023,"Censo Escolar 2023, escolas com CO_MUNICIPIO = 2211001 e TP_DEPENDENCIA = 4, IN_PODER_PUBLICO_PARCERIA = 1, TP_PODER_PUBLICO_PARCERIA = 1"
edu.matriculas.conveniadas_municipais,2211001,Teresina,PI,2023,Ensino médio,,0,matrículas,OBSERVADO,,,sim,inep_censo_2023,"Censo Escolar 2023, escolas com CO_MUNICIPIO = 2211001 e TP_DEPENDENCIA = 4, IN_PODER_PUBLICO_PARCERIA = 1, TP_PODER_PUBLICO_PARCERIA = 1"
edu.matriculas.conveniadas_municipais,2211001,Teresina,PI,2023,Educação de jovens e adultos,,0,matrículas,OBSERVADO,,,sim,inep_censo_2023,"Censo Escolar 2023, escolas com CO_MUNICIPIO = 2211001 e TP_DEPENDENCIA = 4, IN_PODER_PUBLICO_PARCERIA = 1, TP_PODER_PUBLICO_PARCERIA = 1"
edu.matriculas.conveniadas_municipais,2211001,Teresina,PI,2023,Educação profissional não integrada,,0,matrículas,OBSERVADO,,,sim,inep_censo_2023,"Censo Escolar 2023, escolas com CO_MUNICIPIO = 2211001 e TP_DEPENDENCIA = 4, IN_PODER_PUBLICO_PARCERIA = 1, TP_PODER_PUBLICO_PARCERIA = 1"
edu.matriculas.conveniadas_municipais,3304557,Rio de Janeiro,RJ,2023,Total da educação básica,,41886,matrículas,OBSERVADO,,,sim,inep_censo_2023,"Censo Escolar 2023, escolas com CO_MUNICIPIO = 3304557 e TP_DEPENDENCIA = 4, IN_PODER_PUBLICO_PARCERIA = 1, TP_PODER_PUBLICO_PARCERIA = 1"
edu.matriculas.conveniadas_municipais,3304557,Rio de Janeiro,RJ,2023,Creche,,39189,matrículas,OBSERVADO,,,sim,inep_censo_2023,"Censo Escolar 2023, escolas com CO_MUNICIPIO = 3304557 e TP_DEPENDENCIA = 4, IN_PODER_PUBLICO_PARCERIA = 1, TP_PODER_PUBLICO_PARCERIA = 1"
edu.matriculas.conveniadas_municipais,3304557,Rio de Janeiro,RJ,2023,Pré-escola,,1234,matrículas,OBSERVADO,,,sim,inep_censo_2023,"Censo Escolar 2023, escolas com CO_MUNICIPIO = 3304557 e TP_DEPENDENCIA = 4, IN_PODER_PUBLICO_PARCERIA = 1, TP_PODER_PUBLICO_PARCERIA = 1"
edu.matriculas.conveniadas_municipais,3304557,Rio de Janeiro,RJ,2023,"Ensino fundamental, anos iniciais",,1049,matrículas,OBSERVADO,,,sim,inep_censo_2023,"Censo Escolar 2023, escolas com CO_MUNICIPIO = 3304557 e TP_DEPENDENCIA = 4, IN_PODER_PUBLICO_PARCERIA = 1, TP_PODER_PUBLICO_PARCERIA = 1"
edu.matriculas.conveniadas_municipais,3304557,Rio de Janeiro,RJ,2023,"Ensino fundamental, anos finais",,364,matrículas,OBSERVADO,,,sim,inep_censo_2023,"Censo Escolar 2023, escolas com CO_MUNICIPIO = 3304557 e TP_DEPENDENCIA = 4, IN_PODER_PUBLICO_PARCERIA = 1, TP_PODER_PUBLICO_PARCERIA = 1"
edu.matriculas.conveniadas_municipais,3304557,Rio de Janeiro,RJ,2023,Ensino médio,,50,matrículas,OBSERVADO,,,sim,inep_censo_2023,"Censo Escolar 2023, escolas com CO_MUNICIPIO = 3304557 e TP_DEPENDENCIA = 4, IN_PODER_PUBLICO_PARCERIA = 1, TP_PODER_PUBLICO_PARCERIA = 1"
edu.matriculas.conveniadas_municipais,3304557,Rio de Janeiro,RJ,2023,Educação de jovens e adultos,,0,matrículas,OBSERVADO,,,sim,inep_censo_2023,"Censo Escolar 2023, escolas com CO_MUNICIPIO = 3304557 e TP_DEPENDENCIA = 4, IN_PODER_PUBLICO_PARCERIA = 1, TP_PODER_PUBLICO_PARCERIA = 1"
edu.matriculas.conveniadas_municipais,3304557,Rio de Janeiro,RJ,2023,Educação profissional não integrada,,0,matrículas,OBSERVADO,,,sim,inep_censo_2023,"Censo Escolar 2023, escolas com CO_MUNICIPIO = 3304557 e TP_DEPENDENCIA = 4, IN_PODER_PUBLICO_PARCERIA = 1, TP_PODER_PUBLICO_PARCERIA = 1"
edu.matriculas.conveniadas_municipais,2408102,Natal,RN,2023,Total da educação básica,,1415,matrículas,OBSERVADO,,,sim,inep_censo_2023,"Censo Escolar 2023, escolas com CO_MUNICIPIO = 2408102 e TP_DEPENDENCIA = 4, IN_PODER_PUBLICO_PARCERIA = 1, TP_PODER_PUBLICO_PARCERIA = 1"
edu.matriculas.conveniadas_municipais,2408102,Natal,RN,2023,Creche,,117,matrículas,OBSERVADO,,,sim,inep_censo_2023,"Censo Escolar 2023, escolas com CO_MUNICIPIO = 2408102 e TP_DEPENDENCIA = 4, IN_PODER_PUBLICO_PARCERIA = 1, TP_PODER_PUBLICO_PARCERIA = 1"
edu.matriculas.conveniadas_municipais,2408102,Natal,RN,2023,Pré-escola,,322,matrículas,OBSERVADO,,,sim,inep_censo_2023,"Censo Escolar 2023, escolas com CO_MUNICIPIO = 2408102 e TP_DEPENDENCIA = 4, IN_PODER_PUBLICO_PARCERIA = 1, TP_PODER_PUBLICO_PARCERIA = 1"
edu.matriculas.conveniadas_municipais,2408102,Natal,RN,2023,"Ensino fundamental, anos iniciais",,615,matrículas,OBSERVADO,,,sim,inep_censo_2023,"Censo Escolar 2023, escolas com CO_MUNICIPIO = 2408102 e TP_DEPENDENCIA = 4, IN_PODER_PUBLICO_PARCERIA = 1, TP_PODER_PUBLICO_PARCERIA = 1"
edu.matriculas.conveniadas_municipais,2408102,Natal,RN,2023,"Ensino fundamental, anos finais",,327,matrículas,OBSERVADO,,,sim,inep_censo_2023,"Censo Escolar 2023, escolas com CO_MUNICIPIO = 2408102 e TP_DEPENDENCIA = 4, IN_PODER_PUBLICO_PARCERIA = 1, TP_PODER_PUBLICO_PARCERIA = 1"
edu.matriculas.conveniadas_municipais,2408102,Natal,RN,2023,Ensino médio,,34,matrículas,OBSERVADO,,,sim,inep_censo_2023,"Censo Escolar 2023, escolas com CO_MUNICIPIO = 2408102 e TP_DEPENDENCIA = 4, IN_PODER_PUBLICO_PARCERIA = 1, TP_PODER_PUBLICO_PARCERIA = 1"
edu.matriculas.conveniadas_municipais,2408102,Natal,RN,2023,Educação de jovens e adultos,,0,matrículas,OBSERVADO,,,sim,inep_censo_2023,"Censo Escolar 2023, escolas com CO_MUNICIPIO = 2408102 e TP_DEPENDENCIA = 4, IN_PODER_PUBLICO_PARCERIA = 1, TP_PODER_PUBLICO_PARCERIA = 1"
edu.matriculas.conveniadas_municipais,2408102,Natal,RN,2023,Educação profissional não integrada,,0,matrículas,OBSERVADO,,,sim,inep_censo_2023,"Censo Escolar 2023, escolas com CO_MUNICIPIO = 2408102 e TP_DEPENDENCIA = 4, IN_PODER_PUBLICO_PARCERIA = 1, TP_PODER_PUBLICO_PARCERIA = 1"
edu.matriculas.conveniadas_municipais,4314902,Porto Alegre,RS,2023,Total da educação básica,,20968,matrículas,OBSERVADO,,,sim,inep_censo_2023,"Censo Escolar 2023, escolas com CO_MUNICIPIO = 4314902 e TP_DEPENDENCIA = 4, IN_PODER_PUBLICO_PARCERIA = 1, TP_PODER_PUBLICO_PARCERIA = 1"
edu.matriculas.conveniadas_municipais,4314902,Porto Alegre,RS,2023,Creche,,10246,matrículas,OBSERVADO,,,sim,inep_censo_2023,"Censo Escolar 2023, escolas com CO_MUNICIPIO = 4314902 e TP_DEPENDENCIA = 4, IN_PODER_PUBLICO_PARCERIA = 1, TP_PODER_PUBLICO_PARCERIA = 1"
edu.matriculas.conveniadas_municipais,4314902,Porto Alegre,RS,2023,Pré-escola,,10277,matrículas,OBSERVADO,,,sim,inep_censo_2023,"Censo Escolar 2023, escolas com CO_MUNICIPIO = 4314902 e TP_DEPENDENCIA = 4, IN_PODER_PUBLICO_PARCERIA = 1, TP_PODER_PUBLICO_PARCERIA = 1"
edu.matriculas.conveniadas_municipais,4314902,Porto Alegre,RS,2023,"Ensino fundamental, anos iniciais",,374,matrículas,OBSERVADO,,,sim,inep_censo_2023,"Censo Escolar 2023, escolas com CO_MUNICIPIO = 4314902 e TP_DEPENDENCIA = 4, IN_PODER_PUBLICO_PARCERIA = 1, TP_PODER_PUBLICO_PARCERIA = 1"
edu.matriculas.conveniadas_municipais,4314902,Porto Alegre,RS,2023,"Ensino fundamental, anos finais",,71,matrículas,OBSERVADO,,,sim,inep_censo_2023,"Censo Escolar 2023, escolas com CO_MUNICIPIO = 4314902 e TP_DEPENDENCIA = 4, IN_PODER_PUBLICO_PARCERIA = 1, TP_PODER_PUBLICO_PARCERIA = 1"
edu.matriculas.conveniadas_municipais,4314902,Porto Alegre,RS,2023,Ensino médio,,0,matrículas,OBSERVADO,,,sim,inep_censo_2023,"Censo Escolar 2023, escolas com CO_MUNICIPIO = 4314902 e TP_DEPENDENCIA = 4, IN_PODER_PUBLICO_PARCERIA = 1, TP_PODER_PUBLICO_PARCERIA = 1"
edu.matriculas.conveniadas_municipais,4314902,Porto Alegre,RS,2023,Educação de jovens e adultos,,0,matrículas,OBSERVADO,,,sim,inep_censo_2023,"Censo Escolar 2023, escolas com CO_MUNICIPIO = 4314902 e TP_DEPENDENCIA = 4, IN_PODER_PUBLICO_PARCERIA = 1, TP_PODER_PUBLICO_PARCERIA = 1"
edu.matriculas.conveniadas_municipais,4314902,Porto Alegre,RS,2023,Educação profissional não integrada,,0,matrículas,OBSERVADO,,,sim,inep_censo_2023,"Censo Escolar 2023, escolas com CO_MUNICIPIO = 4314902 e TP_DEPENDENCIA = 4, IN_PODER_PUBLICO_PARCERIA = 1, TP_PODER_PUBLICO_PARCERIA = 1"
edu.matriculas.conveniadas_municipais,1100205,Porto Velho,RO,2023,Total da educação básica,,1013,matrículas,OBSERVADO,,,sim,inep_censo_2023,"Censo Escolar 2023, escolas com CO_MUNICIPIO = 1100205 e TP_DEPENDENCIA = 4, IN_PODER_PUBLICO_PARCERIA = 1, TP_PODER_PUBLICO_PARCERIA = 1"
edu.matriculas.conveniadas_municipais,1100205,Porto Velho,RO,2023,Creche,,21,matrículas,OBSERVADO,,,sim,inep_censo_2023,"Censo Escolar 2023, escolas com CO_MUNICIPIO = 1100205 e TP_DEPENDENCIA = 4, IN_PODER_PUBLICO_PARCERIA = 1, TP_PODER_PUBLICO_PARCERIA = 1"
edu.matriculas.conveniadas_municipais,1100205,Porto Velho,RO,2023,Pré-escola,,32,matrículas,OBSERVADO,,,sim,inep_censo_2023,"Censo Escolar 2023, escolas com CO_MUNICIPIO = 1100205 e TP_DEPENDENCIA = 4, IN_PODER_PUBLICO_PARCERIA = 1, TP_PODER_PUBLICO_PARCERIA = 1"
edu.matriculas.conveniadas_municipais,1100205,Porto Velho,RO,2023,"Ensino fundamental, anos iniciais",,256,matrículas,OBSERVADO,,,sim,inep_censo_2023,"Censo Escolar 2023, escolas com CO_MUNICIPIO = 1100205 e TP_DEPENDENCIA = 4, IN_PODER_PUBLICO_PARCERIA = 1, TP_PODER_PUBLICO_PARCERIA = 1"
edu.matriculas.conveniadas_municipais,1100205,Porto Velho,RO,2023,"Ensino fundamental, anos finais",,450,matrículas,OBSERVADO,,,sim,inep_censo_2023,"Censo Escolar 2023, escolas com CO_MUNICIPIO = 1100205 e TP_DEPENDENCIA = 4, IN_PODER_PUBLICO_PARCERIA = 1, TP_PODER_PUBLICO_PARCERIA = 1"
edu.matriculas.conveniadas_municipais,1100205,Porto Velho,RO,2023,Ensino médio,,254,matrículas,OBSERVADO,,,sim,inep_censo_2023,"Censo Escolar 2023, escolas com CO_MUNICIPIO = 1100205 e TP_DEPENDENCIA = 4, IN_PODER_PUBLICO_PARCERIA = 1, TP_PODER_PUBLICO_PARCERIA = 1"
edu.matriculas.conveniadas_municipais,1100205,Porto Velho,RO,2023,Educação de jovens e adultos,,0,matrículas,OBSERVADO,,,sim,inep_censo_2023,"Censo Escolar 2023, escolas com CO_MUNICIPIO = 1100205 e TP_DEPENDENCIA = 4, IN_PODER_PUBLICO_PARCERIA = 1, TP_PODER_PUBLICO_PARCERIA = 1"
edu.matriculas.conveniadas_municipais,1100205,Porto Velho,RO,2023,Educação profissional não integrada,,0,matrículas,OBSERVADO,,,sim,inep_censo_2023,"Censo Escolar 2023, escolas com CO_MUNICIPIO = 1100205 e TP_DEPENDENCIA = 4, IN_PODER_PUBLICO_PARCERIA = 1, TP_PODER_PUBLICO_PARCERIA = 1"
edu.matriculas.conveniadas_municipais,1400100,Boa Vista,RR,2023,Total da educação básica,,1138,matrículas,OBSERVADO,,,sim,inep_censo_2023,"Censo Escolar 2023, escolas com CO_MUNICIPIO = 1400100 e TP_DEPENDENCIA = 4, IN_PODER_PUBLICO_PARCERIA = 1, TP_PODER_PUBLICO_PARCERIA = 1"
edu.matriculas.conveniadas_municipais,1400100,Boa Vista,RR,2023,Creche,,91,matrículas,OBSERVADO,,,sim,inep_censo_2023,"Censo Escolar 2023, escolas com CO_MUNICIPIO = 1400100 e TP_DEPENDENCIA = 4, IN_PODER_PUBLICO_PARCERIA = 1, TP_PODER_PUBLICO_PARCERIA = 1"
edu.matriculas.conveniadas_municipais,1400100,Boa Vista,RR,2023,Pré-escola,,110,matrículas,OBSERVADO,,,sim,inep_censo_2023,"Censo Escolar 2023, escolas com CO_MUNICIPIO = 1400100 e TP_DEPENDENCIA = 4, IN_PODER_PUBLICO_PARCERIA = 1, TP_PODER_PUBLICO_PARCERIA = 1"
edu.matriculas.conveniadas_municipais,1400100,Boa Vista,RR,2023,"Ensino fundamental, anos iniciais",,362,matrículas,OBSERVADO,,,sim,inep_censo_2023,"Censo Escolar 2023, escolas com CO_MUNICIPIO = 1400100 e TP_DEPENDENCIA = 4, IN_PODER_PUBLICO_PARCERIA = 1, TP_PODER_PUBLICO_PARCERIA = 1"
edu.matriculas.conveniadas_municipais,1400100,Boa Vista,RR,2023,"Ensino fundamental, anos finais",,377,matrículas,OBSERVADO,,,sim,inep_censo_2023,"Censo Escolar 2023, escolas com CO_MUNICIPIO = 1400100 e TP_DEPENDENCIA = 4, IN_PODER_PUBLICO_PARCERIA = 1, TP_PODER_PUBLICO_PARCERIA = 1"
edu.matriculas.conveniadas_municipais,1400100,Boa Vista,RR,2023,Ensino médio,,198,matrículas,OBSERVADO,,,sim,inep_censo_2023,"Censo Escolar 2023, escolas com CO_MUNICIPIO = 1400100 e TP_DEPENDENCIA = 4, IN_PODER_PUBLICO_PARCERIA = 1, TP_PODER_PUBLICO_PARCERIA = 1"
edu.matriculas.conveniadas_municipais,1400100,Boa Vista,RR,2023,Educação de jovens e adultos,,0,matrículas,OBSERVADO,,,sim,inep_censo_2023,"Censo Escolar 2023, escolas com CO_MUNICIPIO = 1400100 e TP_DEPENDENCIA = 4, IN_PODER_PUBLICO_PARCERIA = 1, TP_PODER_PUBLICO_PARCERIA = 1"
edu.matriculas.conveniadas_municipais,1400100,Boa Vista,RR,2023,Educação profissional não integrada,,0,matrículas,OBSERVADO,,,sim,inep_censo_2023,"Censo Escolar 2023, escolas com CO_MUNICIPIO = 1400100 e TP_DEPENDENCIA = 4, IN_PODER_PUBLICO_PARCERIA = 1, TP_PODER_PUBLICO_PARCERIA = 1"
edu.matriculas.conveniadas_municipais,4205407,Florianópolis,SC,2023,Total da educação básica,,1579,matrículas,OBSERVADO,,,sim,inep_censo_2023,"Censo Escolar 2023, escolas com CO_MUNICIPIO = 4205407 e TP_DEPENDENCIA = 4, IN_PODER_PUBLICO_PARCERIA = 1, TP_PODER_PUBLICO_PARCERIA = 1"
edu.matriculas.conveniadas_municipais,4205407,Florianópolis,SC,2023,Creche,,782,matrículas,OBSERVADO,,,sim,inep_censo_2023,"Censo Escolar 2023, escolas com CO_MUNICIPIO = 4205407 e TP_DEPENDENCIA = 4, IN_PODER_PUBLICO_PARCERIA = 1, TP_PODER_PUBLICO_PARCERIA = 1"
edu.matriculas.conveniadas_municipais,4205407,Florianópolis,SC,2023,Pré-escola,,797,matrículas,OBSERVADO,,,sim,inep_censo_2023,"Censo Escolar 2023, escolas com CO_MUNICIPIO = 4205407 e TP_DEPENDENCIA = 4, IN_PODER_PUBLICO_PARCERIA = 1, TP_PODER_PUBLICO_PARCERIA = 1"
edu.matriculas.conveniadas_municipais,4205407,Florianópolis,SC,2023,"Ensino fundamental, anos iniciais",,0,matrículas,OBSERVADO,,,sim,inep_censo_2023,"Censo Escolar 2023, escolas com CO_MUNICIPIO = 4205407 e TP_DEPENDENCIA = 4, IN_PODER_PUBLICO_PARCERIA = 1, TP_PODER_PUBLICO_PARCERIA = 1"
edu.matriculas.conveniadas_municipais,4205407,Florianópolis,SC,2023,"Ensino fundamental, anos finais",,0,matrículas,OBSERVADO,,,sim,inep_censo_2023,"Censo Escolar 2023, escolas com CO_MUNICIPIO = 4205407 e TP_DEPENDENCIA = 4, IN_PODER_PUBLICO_PARCERIA = 1, TP_PODER_PUBLICO_PARCERIA = 1"
edu.matriculas.conveniadas_municipais,4205407,Florianópolis,SC,2023,Ensino médio,,0,matrículas,OBSERVADO,,,sim,inep_censo_2023,"Censo Escolar 2023, escolas com CO_MUNICIPIO = 4205407 e TP_DEPENDENCIA = 4, IN_PODER_PUBLICO_PARCERIA = 1, TP_PODER_PUBLICO_PARCERIA = 1"
edu.matriculas.conveniadas_municipais,4205407,Florianópolis,SC,2023,Educação de jovens e adultos,,0,matrículas,OBSERVADO,,,sim,inep_censo_2023,"Censo Escolar 2023, escolas com CO_MUNICIPIO = 4205407 e TP_DEPENDENCIA = 4, IN_PODER_PUBLICO_PARCERIA = 1, TP_PODER_PUBLICO_PARCERIA = 1"
edu.matriculas.conveniadas_municipais,4205407,Florianópolis,SC,2023,Educação profissional não integrada,,0,matrículas,OBSERVADO,,,sim,inep_censo_2023,"Censo Escolar 2023, escolas com CO_MUNICIPIO = 4205407 e TP_DEPENDENCIA = 4, IN_PODER_PUBLICO_PARCERIA = 1, TP_PODER_PUBLICO_PARCERIA = 1"
edu.matriculas.conveniadas_municipais,3550308,São Paulo,SP,2023,Total da educação básica,,294372,matrículas,OBSERVADO,,,sim,inep_censo_2023,"Censo Escolar 2023, escolas com CO_MUNICIPIO = 3550308 e TP_DEPENDENCIA = 4, IN_PODER_PUBLICO_PARCERIA = 1, TP_PODER_PUBLICO_PARCERIA = 1"
edu.matriculas.conveniadas_municipais,3550308,São Paulo,SP,2023,Creche,,278560,matrículas,OBSERVADO,,,sim,inep_censo_2023,"Censo Escolar 2023, escolas com CO_MUNICIPIO = 3550308 e TP_DEPENDENCIA = 4, IN_PODER_PUBLICO_PARCERIA = 1, TP_PODER_PUBLICO_PARCERIA = 1"
edu.matriculas.conveniadas_municipais,3550308,São Paulo,SP,2023,Pré-escola,,15566,matrículas,OBSERVADO,,,sim,inep_censo_2023,"Censo Escolar 2023, escolas com CO_MUNICIPIO = 3550308 e TP_DEPENDENCIA = 4, IN_PODER_PUBLICO_PARCERIA = 1, TP_PODER_PUBLICO_PARCERIA = 1"
edu.matriculas.conveniadas_municipais,3550308,São Paulo,SP,2023,"Ensino fundamental, anos iniciais",,246,matrículas,OBSERVADO,,,sim,inep_censo_2023,"Censo Escolar 2023, escolas com CO_MUNICIPIO = 3550308 e TP_DEPENDENCIA = 4, IN_PODER_PUBLICO_PARCERIA = 1, TP_PODER_PUBLICO_PARCERIA = 1"
edu.matriculas.conveniadas_municipais,3550308,São Paulo,SP,2023,"Ensino fundamental, anos finais",,0,matrículas,OBSERVADO,,,sim,inep_censo_2023,"Censo Escolar 2023, escolas com CO_MUNICIPIO = 3550308 e TP_DEPENDENCIA = 4, IN_PODER_PUBLICO_PARCERIA = 1, TP_PODER_PUBLICO_PARCERIA = 1"
edu.matriculas.conveniadas_municipais,3550308,São Paulo,SP,2023,Ensino médio,,0,matrículas,OBSERVADO,,,sim,inep_censo_2023,"Censo Escolar 2023, escolas com CO_MUNICIPIO = 3550308 e TP_DEPENDENCIA = 4, IN_PODER_PUBLICO_PARCERIA = 1, TP_PODER_PUBLICO_PARCERIA = 1"
edu.matriculas.conveniadas_municipais,3550308,São Paulo,SP,2023,Educação de jovens e adultos,,0,matrículas,OBSERVADO,,,sim,inep_censo_2023,"Censo Escolar 2023, escolas com CO_MUNICIPIO = 3550308 e TP_DEPENDENCIA = 4, IN_PODER_PUBLICO_PARCERIA = 1, TP_PODER_PUBLICO_PARCERIA = 1"
edu.matriculas.conveniadas_municipais,3550308,São Paulo,SP,2023,Educação profissional não integrada,,0,matrículas,OBSERVADO,,,sim,inep_censo_2023,"Censo Escolar 2023, escolas com CO_MUNICIPIO = 3550308 e TP_DEPENDENCIA = 4, IN_PODER_PUBLICO_PARCERIA = 1, TP_PODER_PUBLICO_PARCERIA = 1"
edu.matriculas.conveniadas_municipais,2800308,Aracaju,SE,2023,Total da educação básica,,306,matrículas,OBSERVADO,,,sim,inep_censo_2023,"Censo Escolar 2023, escolas com CO_MUNICIPIO = 2800308 e TP_DEPENDENCIA = 4, IN_PODER_PUBLICO_PARCERIA = 1, TP_PODER_PUBLICO_PARCERIA = 1"
edu.matriculas.conveniadas_municipais,2800308,Aracaju,SE,2023,Creche,,94,matrículas,OBSERVADO,,,sim,inep_censo_2023,"Censo Escolar 2023, escolas com CO_MUNICIPIO = 2800308 e TP_DEPENDENCIA = 4, IN_PODER_PUBLICO_PARCERIA = 1, TP_PODER_PUBLICO_PARCERIA = 1"
edu.matriculas.conveniadas_municipais,2800308,Aracaju,SE,2023,Pré-escola,,176,matrículas,OBSERVADO,,,sim,inep_censo_2023,"Censo Escolar 2023, escolas com CO_MUNICIPIO = 2800308 e TP_DEPENDENCIA = 4, IN_PODER_PUBLICO_PARCERIA = 1, TP_PODER_PUBLICO_PARCERIA = 1"
edu.matriculas.conveniadas_municipais,2800308,Aracaju,SE,2023,"Ensino fundamental, anos iniciais",,36,matrículas,OBSERVADO,,,sim,inep_censo_2023,"Censo Escolar 2023, escolas com CO_MUNICIPIO = 2800308 e TP_DEPENDENCIA = 4, IN_PODER_PUBLICO_PARCERIA = 1, TP_PODER_PUBLICO_PARCERIA = 1"
edu.matriculas.conveniadas_municipais,2800308,Aracaju,SE,2023,"Ensino fundamental, anos finais",,0,matrículas,OBSERVADO,,,sim,inep_censo_2023,"Censo Escolar 2023, escolas com CO_MUNICIPIO = 2800308 e TP_DEPENDENCIA = 4, IN_PODER_PUBLICO_PARCERIA = 1, TP_PODER_PUBLICO_PARCERIA = 1"
edu.matriculas.conveniadas_municipais,2800308,Aracaju,SE,2023,Ensino médio,,0,matrículas,OBSERVADO,,,sim,inep_censo_2023,"Censo Escolar 2023, escolas com CO_MUNICIPIO = 2800308 e TP_DEPENDENCIA = 4, IN_PODER_PUBLICO_PARCERIA = 1, TP_PODER_PUBLICO_PARCERIA = 1"
edu.matriculas.conveniadas_municipais,2800308,Aracaju,SE,2023,Educação de jovens e adultos,,0,matrículas,OBSERVADO,,,sim,inep_censo_2023,"Censo Escolar 2023, escolas com CO_MUNICIPIO = 2800308 e TP_DEPENDENCIA = 4, IN_PODER_PUBLICO_PARCERIA = 1, TP_PODER_PUBLICO_PARCERIA = 1"
edu.matriculas.conveniadas_municipais,2800308,Aracaju,SE,2023,Educação profissional não integrada,,0,matrículas,OBSERVADO,,,sim,inep_censo_2023,"Censo Escolar 2023, escolas com CO_MUNICIPIO = 2800308 e TP_DEPENDENCIA = 4, IN_PODER_PUBLICO_PARCERIA = 1, TP_PODER_PUBLICO_PARCERIA = 1"
edu.matriculas.conveniadas_municipais,1721000,Palmas,TO,2023,Total da educação básica,,0,matrículas,OBSERVADO,,,sim,inep_censo_2023,"Censo Escolar 2023, escolas com CO_MUNICIPIO = 1721000 e TP_DEPENDENCIA = 4, IN_PODER_PUBLICO_PARCERIA = 1, TP_PODER_PUBLICO_PARCERIA = 1"
edu.matriculas.conveniadas_municipais,1721000,Palmas,TO,2023,Creche,,0,matrículas,OBSERVADO,,,sim,inep_censo_2023,"Censo Escolar 2023, escolas com CO_MUNICIPIO = 1721000 e TP_DEPENDENCIA = 4, IN_PODER_PUBLICO_PARCERIA = 1, TP_PODER_PUBLICO_PARCERIA = 1"
edu.matriculas.conveniadas_municipais,1721000,Palmas,TO,2023,Pré-escola,,0,matrículas,OBSERVADO,,,sim,inep_censo_2023,"Censo Escolar 2023, escolas com CO_MUNICIPIO = 1721000 e TP_DEPENDENCIA = 4, IN_PODER_PUBLICO_PARCERIA = 1, TP_PODER_PUBLICO_PARCERIA = 1"
edu.matriculas.conveniadas_municipais,1721000,Palmas,TO,2023,"Ensino fundamental, anos iniciais",,0,matrículas,OBSERVADO,,,sim,inep_censo_2023,"Censo Escolar 2023, escolas com CO_MUNICIPIO = 1721000 e TP_DEPENDENCIA = 4, IN_PODER_PUBLICO_PARCERIA = 1, TP_PODER_PUBLICO_PARCERIA = 1"
edu.matriculas.conveniadas_municipais,1721000,Palmas,TO,2023,"Ensino fundamental, anos finais",,0,matrículas,OBSERVADO,,,sim,inep_censo_2023,"Censo Escolar 2023, escolas com CO_MUNICIPIO = 1721000 e TP_DEPENDENCIA = 4, IN_PODER_PUBLICO_PARCERIA = 1, TP_PODER_PUBLICO_PARCERIA = 1"
edu.matriculas.conveniadas_municipais,1721000,Palmas,TO,2023,Ensino médio,,0,matrículas,OBSERVADO,,,sim,inep_censo_2023,"Censo Escolar 2023, escolas com CO_MUNICIPIO = 1721000 e TP_DEPENDENCIA = 4, IN_PODER_PUBLICO_PARCERIA = 1, TP_PODER_PUBLICO_PARCERIA = 1"
edu.matriculas.conveniadas_municipais,1721000,Palmas,TO,2023,Educação de jovens e adultos,,0,matrículas,OBSERVADO,,,sim,inep_censo_2023,"Censo Escolar 2023, escolas com CO_MUNICIPIO = 1721000 e TP_DEPENDENCIA = 4, IN_PODER_PUBLICO_PARCERIA = 1, TP_PODER_PUBLICO_PARCERIA = 1"
edu.matriculas.conveniadas_municipais,1721000,Palmas,TO,2023,Educação profissional não integrada,,0,matrículas,OBSERVADO,,,sim,inep_censo_2023,"Censo Escolar 2023, escolas com CO_MUNICIPIO = 1721000 e TP_DEPENDENCIA = 4, IN_PODER_PUBLICO_PARCERIA = 1, TP_PODER_PUBLICO_PARCERIA = 1"
edu.matriculas.conveniadas_municipais,1200401,Rio Branco,AC,2024,Total da educação básica,,0,matrículas,OBSERVADO,,,sim,inep_censo_2024,"Censo Escolar 2024, escolas com CO_MUNICIPIO = 1200401 e TP_DEPENDENCIA = 4, IN_PODER_PUBLICO_PARCERIA = 1, TP_PODER_PUBLICO_PARCERIA = 1"
edu.matriculas.conveniadas_municipais,1200401,Rio Branco,AC,2024,Creche,,0,matrículas,OBSERVADO,,,sim,inep_censo_2024,"Censo Escolar 2024, escolas com CO_MUNICIPIO = 1200401 e TP_DEPENDENCIA = 4, IN_PODER_PUBLICO_PARCERIA = 1, TP_PODER_PUBLICO_PARCERIA = 1"
edu.matriculas.conveniadas_municipais,1200401,Rio Branco,AC,2024,Pré-escola,,0,matrículas,OBSERVADO,,,sim,inep_censo_2024,"Censo Escolar 2024, escolas com CO_MUNICIPIO = 1200401 e TP_DEPENDENCIA = 4, IN_PODER_PUBLICO_PARCERIA = 1, TP_PODER_PUBLICO_PARCERIA = 1"
edu.matriculas.conveniadas_municipais,1200401,Rio Branco,AC,2024,"Ensino fundamental, anos iniciais",,0,matrículas,OBSERVADO,,,sim,inep_censo_2024,"Censo Escolar 2024, escolas com CO_MUNICIPIO = 1200401 e TP_DEPENDENCIA = 4, IN_PODER_PUBLICO_PARCERIA = 1, TP_PODER_PUBLICO_PARCERIA = 1"
edu.matriculas.conveniadas_municipais,1200401,Rio Branco,AC,2024,"Ensino fundamental, anos finais",,0,matrículas,OBSERVADO,,,sim,inep_censo_2024,"Censo Escolar 2024, escolas com CO_MUNICIPIO = 1200401 e TP_DEPENDENCIA = 4, IN_PODER_PUBLICO_PARCERIA = 1, TP_PODER_PUBLICO_PARCERIA = 1"
edu.matriculas.conveniadas_municipais,1200401,Rio Branco,AC,2024,Ensino médio,,0,matrículas,OBSERVADO,,,sim,inep_censo_2024,"Censo Escolar 2024, escolas com CO_MUNICIPIO = 1200401 e TP_DEPENDENCIA = 4, IN_PODER_PUBLICO_PARCERIA = 1, TP_PODER_PUBLICO_PARCERIA = 1"
edu.matriculas.conveniadas_municipais,1200401,Rio Branco,AC,2024,Educação de jovens e adultos,,0,matrículas,OBSERVADO,,,sim,inep_censo_2024,"Censo Escolar 2024, escolas com CO_MUNICIPIO = 1200401 e TP_DEPENDENCIA = 4, IN_PODER_PUBLICO_PARCERIA = 1, TP_PODER_PUBLICO_PARCERIA = 1"
edu.matriculas.conveniadas_municipais,1200401,Rio Branco,AC,2024,Educação profissional não integrada,,0,matrículas,OBSERVADO,,,sim,inep_censo_2024,"Censo Escolar 2024, escolas com CO_MUNICIPIO = 1200401 e TP_DEPENDENCIA = 4, IN_PODER_PUBLICO_PARCERIA = 1, TP_PODER_PUBLICO_PARCERIA = 1"
edu.matriculas.conveniadas_municipais,2704302,Maceió,AL,2024,Total da educação básica,,0,matrículas,OBSERVADO,,,sim,inep_censo_2024,"Censo Escolar 2024, escolas com CO_MUNICIPIO = 2704302 e TP_DEPENDENCIA = 4, IN_PODER_PUBLICO_PARCERIA = 1, TP_PODER_PUBLICO_PARCERIA = 1"
edu.matriculas.conveniadas_municipais,2704302,Maceió,AL,2024,Creche,,0,matrículas,OBSERVADO,,,sim,inep_censo_2024,"Censo Escolar 2024, escolas com CO_MUNICIPIO = 2704302 e TP_DEPENDENCIA = 4, IN_PODER_PUBLICO_PARCERIA = 1, TP_PODER_PUBLICO_PARCERIA = 1"
edu.matriculas.conveniadas_municipais,2704302,Maceió,AL,2024,Pré-escola,,0,matrículas,OBSERVADO,,,sim,inep_censo_2024,"Censo Escolar 2024, escolas com CO_MUNICIPIO = 2704302 e TP_DEPENDENCIA = 4, IN_PODER_PUBLICO_PARCERIA = 1, TP_PODER_PUBLICO_PARCERIA = 1"
edu.matriculas.conveniadas_municipais,2704302,Maceió,AL,2024,"Ensino fundamental, anos iniciais",,0,matrículas,OBSERVADO,,,sim,inep_censo_2024,"Censo Escolar 2024, escolas com CO_MUNICIPIO = 2704302 e TP_DEPENDENCIA = 4, IN_PODER_PUBLICO_PARCERIA = 1, TP_PODER_PUBLICO_PARCERIA = 1"
edu.matriculas.conveniadas_municipais,2704302,Maceió,AL,2024,"Ensino fundamental, anos finais",,0,matrículas,OBSERVADO,,,sim,inep_censo_2024,"Censo Escolar 2024, escolas com CO_MUNICIPIO = 2704302 e TP_DEPENDENCIA = 4, IN_PODER_PUBLICO_PARCERIA = 1, TP_PODER_PUBLICO_PARCERIA = 1"
edu.matriculas.conveniadas_municipais,2704302,Maceió,AL,2024,Ensino médio,,0,matrículas,OBSERVADO,,,sim,inep_censo_2024,"Censo Escolar 2024, escolas com CO_MUNICIPIO = 2704302 e TP_DEPENDENCIA = 4, IN_PODER_PUBLICO_PARCERIA = 1, TP_PODER_PUBLICO_PARCERIA = 1"
edu.matriculas.conveniadas_municipais,2704302,Maceió,AL,2024,Educação de jovens e adultos,,0,matrículas,OBSERVADO,,,sim,inep_censo_2024,"Censo Escolar 2024, escolas com CO_MUNICIPIO = 2704302 e TP_DEPENDENCIA = 4, IN_PODER_PUBLICO_PARCERIA = 1, TP_PODER_PUBLICO_PARCERIA = 1"
edu.matriculas.conveniadas_municipais,2704302,Maceió,AL,2024,Educação profissional não integrada,,0,matrículas,OBSERVADO,,,sim,inep_censo_2024,"Censo Escolar 2024, escolas com CO_MUNICIPIO = 2704302 e TP_DEPENDENCIA = 4, IN_PODER_PUBLICO_PARCERIA = 1, TP_PODER_PUBLICO_PARCERIA = 1"
edu.matriculas.conveniadas_municipais,1600303,Macapá,AP,2024,Total da educação básica,,0,matrículas,OBSERVADO,,,sim,inep_censo_2024,"Censo Escolar 2024, escolas com CO_MUNICIPIO = 1600303 e TP_DEPENDENCIA = 4, IN_PODER_PUBLICO_PARCERIA = 1, TP_PODER_PUBLICO_PARCERIA = 1"
edu.matriculas.conveniadas_municipais,1600303,Macapá,AP,2024,Creche,,0,matrículas,OBSERVADO,,,sim,inep_censo_2024,"Censo Escolar 2024, escolas com CO_MUNICIPIO = 1600303 e TP_DEPENDENCIA = 4, IN_PODER_PUBLICO_PARCERIA = 1, TP_PODER_PUBLICO_PARCERIA = 1"
edu.matriculas.conveniadas_municipais,1600303,Macapá,AP,2024,Pré-escola,,0,matrículas,OBSERVADO,,,sim,inep_censo_2024,"Censo Escolar 2024, escolas com CO_MUNICIPIO = 1600303 e TP_DEPENDENCIA = 4, IN_PODER_PUBLICO_PARCERIA = 1, TP_PODER_PUBLICO_PARCERIA = 1"
edu.matriculas.conveniadas_municipais,1600303,Macapá,AP,2024,"Ensino fundamental, anos iniciais",,0,matrículas,OBSERVADO,,,sim,inep_censo_2024,"Censo Escolar 2024, escolas com CO_MUNICIPIO = 1600303 e TP_DEPENDENCIA = 4, IN_PODER_PUBLICO_PARCERIA = 1, TP_PODER_PUBLICO_PARCERIA = 1"
edu.matriculas.conveniadas_municipais,1600303,Macapá,AP,2024,"Ensino fundamental, anos finais",,0,matrículas,OBSERVADO,,,sim,inep_censo_2024,"Censo Escolar 2024, escolas com CO_MUNICIPIO = 1600303 e TP_DEPENDENCIA = 4, IN_PODER_PUBLICO_PARCERIA = 1, TP_PODER_PUBLICO_PARCERIA = 1"
edu.matriculas.conveniadas_municipais,1600303,Macapá,AP,2024,Ensino médio,,0,matrículas,OBSERVADO,,,sim,inep_censo_2024,"Censo Escolar 2024, escolas com CO_MUNICIPIO = 1600303 e TP_DEPENDENCIA = 4, IN_PODER_PUBLICO_PARCERIA = 1, TP_PODER_PUBLICO_PARCERIA = 1"
edu.matriculas.conveniadas_municipais,1600303,Macapá,AP,2024,Educação de jovens e adultos,,0,matrículas,OBSERVADO,,,sim,inep_censo_2024,"Censo Escolar 2024, escolas com CO_MUNICIPIO = 1600303 e TP_DEPENDENCIA = 4, IN_PODER_PUBLICO_PARCERIA = 1, TP_PODER_PUBLICO_PARCERIA = 1"
edu.matriculas.conveniadas_municipais,1600303,Macapá,AP,2024,Educação profissional não integrada,,0,matrículas,OBSERVADO,,,sim,inep_censo_2024,"Censo Escolar 2024, escolas com CO_MUNICIPIO = 1600303 e TP_DEPENDENCIA = 4, IN_PODER_PUBLICO_PARCERIA = 1, TP_PODER_PUBLICO_PARCERIA = 1"
edu.matriculas.conveniadas_municipais,1302603,Manaus,AM,2024,Total da educação básica,,817,matrículas,OBSERVADO,,,sim,inep_censo_2024,"Censo Escolar 2024, escolas com CO_MUNICIPIO = 1302603 e TP_DEPENDENCIA = 4, IN_PODER_PUBLICO_PARCERIA = 1, TP_PODER_PUBLICO_PARCERIA = 1"
edu.matriculas.conveniadas_municipais,1302603,Manaus,AM,2024,Creche,,176,matrículas,OBSERVADO,,,sim,inep_censo_2024,"Censo Escolar 2024, escolas com CO_MUNICIPIO = 1302603 e TP_DEPENDENCIA = 4, IN_PODER_PUBLICO_PARCERIA = 1, TP_PODER_PUBLICO_PARCERIA = 1"
edu.matriculas.conveniadas_municipais,1302603,Manaus,AM,2024,Pré-escola,,245,matrículas,OBSERVADO,,,sim,inep_censo_2024,"Censo Escolar 2024, escolas com CO_MUNICIPIO = 1302603 e TP_DEPENDENCIA = 4, IN_PODER_PUBLICO_PARCERIA = 1, TP_PODER_PUBLICO_PARCERIA = 1"
edu.matriculas.conveniadas_municipais,1302603,Manaus,AM,2024,"Ensino fundamental, anos iniciais",,370,matrículas,OBSERVADO,,,sim,inep_censo_2024,"Censo Escolar 2024, escolas com CO_MUNICIPIO = 1302603 e TP_DEPENDENCIA = 4, IN_PODER_PUBLICO_PARCERIA = 1, TP_PODER_PUBLICO_PARCERIA = 1"
edu.matriculas.conveniadas_municipais,1302603,Manaus,AM,2024,"Ensino fundamental, anos finais",,26,matrículas,OBSERVADO,,,sim,inep_censo_2024,"Censo Escolar 2024, escolas com CO_MUNICIPIO = 1302603 e TP_DEPENDENCIA = 4, IN_PODER_PUBLICO_PARCERIA = 1, TP_PODER_PUBLICO_PARCERIA = 1"
edu.matriculas.conveniadas_municipais,1302603,Manaus,AM,2024,Ensino médio,,0,matrículas,OBSERVADO,,,sim,inep_censo_2024,"Censo Escolar 2024, escolas com CO_MUNICIPIO = 1302603 e TP_DEPENDENCIA = 4, IN_PODER_PUBLICO_PARCERIA = 1, TP_PODER_PUBLICO_PARCERIA = 1"
edu.matriculas.conveniadas_municipais,1302603,Manaus,AM,2024,Educação de jovens e adultos,,0,matrículas,OBSERVADO,,,sim,inep_censo_2024,"Censo Escolar 2024, escolas com CO_MUNICIPIO = 1302603 e TP_DEPENDENCIA = 4, IN_PODER_PUBLICO_PARCERIA = 1, TP_PODER_PUBLICO_PARCERIA = 1"
edu.matriculas.conveniadas_municipais,1302603,Manaus,AM,2024,Educação profissional não integrada,,0,matrículas,OBSERVADO,,,sim,inep_censo_2024,"Censo Escolar 2024, escolas com CO_MUNICIPIO = 1302603 e TP_DEPENDENCIA = 4, IN_PODER_PUBLICO_PARCERIA = 1, TP_PODER_PUBLICO_PARCERIA = 1"
edu.matriculas.conveniadas_municipais,2927408,Salvador,BA,2024,Total da educação básica,,37123,matrículas,OBSERVADO,,,sim,inep_censo_2024,"Censo Escolar 2024, escolas com CO_MUNICIPIO = 2927408 e TP_DEPENDENCIA = 4, IN_PODER_PUBLICO_PARCERIA = 1, TP_PODER_PUBLICO_PARCERIA = 1"
edu.matriculas.conveniadas_municipais,2927408,Salvador,BA,2024,Creche,,16665,matrículas,OBSERVADO,,,sim,inep_censo_2024,"Censo Escolar 2024, escolas com CO_MUNICIPIO = 2927408 e TP_DEPENDENCIA = 4, IN_PODER_PUBLICO_PARCERIA = 1, TP_PODER_PUBLICO_PARCERIA = 1"
edu.matriculas.conveniadas_municipais,2927408,Salvador,BA,2024,Pré-escola,,13443,matrículas,OBSERVADO,,,sim,inep_censo_2024,"Censo Escolar 2024, escolas com CO_MUNICIPIO = 2927408 e TP_DEPENDENCIA = 4, IN_PODER_PUBLICO_PARCERIA = 1, TP_PODER_PUBLICO_PARCERIA = 1"
edu.matriculas.conveniadas_municipais,2927408,Salvador,BA,2024,"Ensino fundamental, anos iniciais",,5049,matrículas,OBSERVADO,,,sim,inep_censo_2024,"Censo Escolar 2024, escolas com CO_MUNICIPIO = 2927408 e TP_DEPENDENCIA = 4, IN_PODER_PUBLICO_PARCERIA = 1, TP_PODER_PUBLICO_PARCERIA = 1"
edu.matriculas.conveniadas_municipais,2927408,Salvador,BA,2024,"Ensino fundamental, anos finais",,1690,matrículas,OBSERVADO,,,sim,inep_censo_2024,"Censo Escolar 2024, escolas com CO_MUNICIPIO = 2927408 e TP_DEPENDENCIA = 4, IN_PODER_PUBLICO_PARCERIA = 1, TP_PODER_PUBLICO_PARCERIA = 1"
edu.matriculas.conveniadas_municipais,2927408,Salvador,BA,2024,Ensino médio,,276,matrículas,OBSERVADO,,,sim,inep_censo_2024,"Censo Escolar 2024, escolas com CO_MUNICIPIO = 2927408 e TP_DEPENDENCIA = 4, IN_PODER_PUBLICO_PARCERIA = 1, TP_PODER_PUBLICO_PARCERIA = 1"
edu.matriculas.conveniadas_municipais,2927408,Salvador,BA,2024,Educação de jovens e adultos,,0,matrículas,OBSERVADO,,,sim,inep_censo_2024,"Censo Escolar 2024, escolas com CO_MUNICIPIO = 2927408 e TP_DEPENDENCIA = 4, IN_PODER_PUBLICO_PARCERIA = 1, TP_PODER_PUBLICO_PARCERIA = 1"
edu.matriculas.conveniadas_municipais,2927408,Salvador,BA,2024,Educação profissional não integrada,,0,matrículas,OBSERVADO,,,sim,inep_censo_2024,"Censo Escolar 2024, escolas com CO_MUNICIPIO = 2927408 e TP_DEPENDENCIA = 4, IN_PODER_PUBLICO_PARCERIA = 1, TP_PODER_PUBLICO_PARCERIA = 1"
edu.matriculas.conveniadas_municipais,2304400,Fortaleza,CE,2024,Total da educação básica,,9574,matrículas,OBSERVADO,,,sim,inep_censo_2024,"Censo Escolar 2024, escolas com CO_MUNICIPIO = 2304400 e TP_DEPENDENCIA = 4, IN_PODER_PUBLICO_PARCERIA = 1, TP_PODER_PUBLICO_PARCERIA = 1"
edu.matriculas.conveniadas_municipais,2304400,Fortaleza,CE,2024,Creche,,9272,matrículas,OBSERVADO,,,sim,inep_censo_2024,"Censo Escolar 2024, escolas com CO_MUNICIPIO = 2304400 e TP_DEPENDENCIA = 4, IN_PODER_PUBLICO_PARCERIA = 1, TP_PODER_PUBLICO_PARCERIA = 1"
edu.matriculas.conveniadas_municipais,2304400,Fortaleza,CE,2024,Pré-escola,,196,matrículas,OBSERVADO,,,sim,inep_censo_2024,"Censo Escolar 2024, escolas com CO_MUNICIPIO = 2304400 e TP_DEPENDENCIA = 4, IN_PODER_PUBLICO_PARCERIA = 1, TP_PODER_PUBLICO_PARCERIA = 1"
edu.matriculas.conveniadas_municipais,2304400,Fortaleza,CE,2024,"Ensino fundamental, anos iniciais",,12,matrículas,OBSERVADO,,,sim,inep_censo_2024,"Censo Escolar 2024, escolas com CO_MUNICIPIO = 2304400 e TP_DEPENDENCIA = 4, IN_PODER_PUBLICO_PARCERIA = 1, TP_PODER_PUBLICO_PARCERIA = 1"
edu.matriculas.conveniadas_municipais,2304400,Fortaleza,CE,2024,"Ensino fundamental, anos finais",,60,matrículas,OBSERVADO,,,sim,inep_censo_2024,"Censo Escolar 2024, escolas com CO_MUNICIPIO = 2304400 e TP_DEPENDENCIA = 4, IN_PODER_PUBLICO_PARCERIA = 1, TP_PODER_PUBLICO_PARCERIA = 1"
edu.matriculas.conveniadas_municipais,2304400,Fortaleza,CE,2024,Ensino médio,,34,matrículas,OBSERVADO,,,sim,inep_censo_2024,"Censo Escolar 2024, escolas com CO_MUNICIPIO = 2304400 e TP_DEPENDENCIA = 4, IN_PODER_PUBLICO_PARCERIA = 1, TP_PODER_PUBLICO_PARCERIA = 1"
edu.matriculas.conveniadas_municipais,2304400,Fortaleza,CE,2024,Educação de jovens e adultos,,0,matrículas,OBSERVADO,,,sim,inep_censo_2024,"Censo Escolar 2024, escolas com CO_MUNICIPIO = 2304400 e TP_DEPENDENCIA = 4, IN_PODER_PUBLICO_PARCERIA = 1, TP_PODER_PUBLICO_PARCERIA = 1"
edu.matriculas.conveniadas_municipais,2304400,Fortaleza,CE,2024,Educação profissional não integrada,,0,matrículas,OBSERVADO,,,sim,inep_censo_2024,"Censo Escolar 2024, escolas com CO_MUNICIPIO = 2304400 e TP_DEPENDENCIA = 4, IN_PODER_PUBLICO_PARCERIA = 1, TP_PODER_PUBLICO_PARCERIA = 1"
edu.matriculas.conveniadas_municipais,3205309,Vitória,ES,2024,Total da educação básica,,0,matrículas,OBSERVADO,,,sim,inep_censo_2024,"Censo Escolar 2024, escolas com CO_MUNICIPIO = 3205309 e TP_DEPENDENCIA = 4, IN_PODER_PUBLICO_PARCERIA = 1, TP_PODER_PUBLICO_PARCERIA = 1"
edu.matriculas.conveniadas_municipais,3205309,Vitória,ES,2024,Creche,,0,matrículas,OBSERVADO,,,sim,inep_censo_2024,"Censo Escolar 2024, escolas com CO_MUNICIPIO = 3205309 e TP_DEPENDENCIA = 4, IN_PODER_PUBLICO_PARCERIA = 1, TP_PODER_PUBLICO_PARCERIA = 1"
edu.matriculas.conveniadas_municipais,3205309,Vitória,ES,2024,Pré-escola,,0,matrículas,OBSERVADO,,,sim,inep_censo_2024,"Censo Escolar 2024, escolas com CO_MUNICIPIO = 3205309 e TP_DEPENDENCIA = 4, IN_PODER_PUBLICO_PARCERIA = 1, TP_PODER_PUBLICO_PARCERIA = 1"
edu.matriculas.conveniadas_municipais,3205309,Vitória,ES,2024,"Ensino fundamental, anos iniciais",,0,matrículas,OBSERVADO,,,sim,inep_censo_2024,"Censo Escolar 2024, escolas com CO_MUNICIPIO = 3205309 e TP_DEPENDENCIA = 4, IN_PODER_PUBLICO_PARCERIA = 1, TP_PODER_PUBLICO_PARCERIA = 1"
edu.matriculas.conveniadas_municipais,3205309,Vitória,ES,2024,"Ensino fundamental, anos finais",,0,matrículas,OBSERVADO,,,sim,inep_censo_2024,"Censo Escolar 2024, escolas com CO_MUNICIPIO = 3205309 e TP_DEPENDENCIA = 4, IN_PODER_PUBLICO_PARCERIA = 1, TP_PODER_PUBLICO_PARCERIA = 1"
edu.matriculas.conveniadas_municipais,3205309,Vitória,ES,2024,Ensino médio,,0,matrículas,OBSERVADO,,,sim,inep_censo_2024,"Censo Escolar 2024, escolas com CO_MUNICIPIO = 3205309 e TP_DEPENDENCIA = 4, IN_PODER_PUBLICO_PARCERIA = 1, TP_PODER_PUBLICO_PARCERIA = 1"
edu.matriculas.conveniadas_municipais,3205309,Vitória,ES,2024,Educação de jovens e adultos,,0,matrículas,OBSERVADO,,,sim,inep_censo_2024,"Censo Escolar 2024, escolas com CO_MUNICIPIO = 3205309 e TP_DEPENDENCIA = 4, IN_PODER_PUBLICO_PARCERIA = 1, TP_PODER_PUBLICO_PARCERIA = 1"
edu.matriculas.conveniadas_municipais,3205309,Vitória,ES,2024,Educação profissional não integrada,,0,matrículas,OBSERVADO,,,sim,inep_censo_2024,"Censo Escolar 2024, escolas com CO_MUNICIPIO = 3205309 e TP_DEPENDENCIA = 4, IN_PODER_PUBLICO_PARCERIA = 1, TP_PODER_PUBLICO_PARCERIA = 1"
edu.matriculas.conveniadas_municipais,5208707,Goiânia,GO,2024,Total da educação básica,,10526,matrículas,OBSERVADO,,,sim,inep_censo_2024,"Censo Escolar 2024, escolas com CO_MUNICIPIO = 5208707 e TP_DEPENDENCIA = 4, IN_PODER_PUBLICO_PARCERIA = 1, TP_PODER_PUBLICO_PARCERIA = 1"
edu.matriculas.conveniadas_municipais,5208707,Goiânia,GO,2024,Creche,,3492,matrículas,OBSERVADO,,,sim,inep_censo_2024,"Censo Escolar 2024, escolas com CO_MUNICIPIO = 5208707 e TP_DEPENDENCIA = 4, IN_PODER_PUBLICO_PARCERIA = 1, TP_PODER_PUBLICO_PARCERIA = 1"
edu.matriculas.conveniadas_municipais,5208707,Goiânia,GO,2024,Pré-escola,,3346,matrículas,OBSERVADO,,,sim,inep_censo_2024,"Censo Escolar 2024, escolas com CO_MUNICIPIO = 5208707 e TP_DEPENDENCIA = 4, IN_PODER_PUBLICO_PARCERIA = 1, TP_PODER_PUBLICO_PARCERIA = 1"
edu.matriculas.conveniadas_municipais,5208707,Goiânia,GO,2024,"Ensino fundamental, anos iniciais",,2838,matrículas,OBSERVADO,,,sim,inep_censo_2024,"Censo Escolar 2024, escolas com CO_MUNICIPIO = 5208707 e TP_DEPENDENCIA = 4, IN_PODER_PUBLICO_PARCERIA = 1, TP_PODER_PUBLICO_PARCERIA = 1"
edu.matriculas.conveniadas_municipais,5208707,Goiânia,GO,2024,"Ensino fundamental, anos finais",,850,matrículas,OBSERVADO,,,sim,inep_censo_2024,"Censo Escolar 2024, escolas com CO_MUNICIPIO = 5208707 e TP_DEPENDENCIA = 4, IN_PODER_PUBLICO_PARCERIA = 1, TP_PODER_PUBLICO_PARCERIA = 1"
edu.matriculas.conveniadas_municipais,5208707,Goiânia,GO,2024,Ensino médio,,0,matrículas,OBSERVADO,,,sim,inep_censo_2024,"Censo Escolar 2024, escolas com CO_MUNICIPIO = 5208707 e TP_DEPENDENCIA = 4, IN_PODER_PUBLICO_PARCERIA = 1, TP_PODER_PUBLICO_PARCERIA = 1"
edu.matriculas.conveniadas_municipais,5208707,Goiânia,GO,2024,Educação de jovens e adultos,,0,matrículas,OBSERVADO,,,sim,inep_censo_2024,"Censo Escolar 2024, escolas com CO_MUNICIPIO = 5208707 e TP_DEPENDENCIA = 4, IN_PODER_PUBLICO_PARCERIA = 1, TP_PODER_PUBLICO_PARCERIA = 1"
edu.matriculas.conveniadas_municipais,5208707,Goiânia,GO,2024,Educação profissional não integrada,,0,matrículas,OBSERVADO,,,sim,inep_censo_2024,"Censo Escolar 2024, escolas com CO_MUNICIPIO = 5208707 e TP_DEPENDENCIA = 4, IN_PODER_PUBLICO_PARCERIA = 1, TP_PODER_PUBLICO_PARCERIA = 1"
edu.matriculas.conveniadas_municipais,2111300,São Luís,MA,2024,Total da educação básica,,31526,matrículas,OBSERVADO,,,sim,inep_censo_2024,"Censo Escolar 2024, escolas com CO_MUNICIPIO = 2111300 e TP_DEPENDENCIA = 4, IN_PODER_PUBLICO_PARCERIA = 1, TP_PODER_PUBLICO_PARCERIA = 1"
edu.matriculas.conveniadas_municipais,2111300,São Luís,MA,2024,Creche,,9347,matrículas,OBSERVADO,,,sim,inep_censo_2024,"Censo Escolar 2024, escolas com CO_MUNICIPIO = 2111300 e TP_DEPENDENCIA = 4, IN_PODER_PUBLICO_PARCERIA = 1, TP_PODER_PUBLICO_PARCERIA = 1"
edu.matriculas.conveniadas_municipais,2111300,São Luís,MA,2024,Pré-escola,,10699,matrículas,OBSERVADO,,,sim,inep_censo_2024,"Censo Escolar 2024, escolas com CO_MUNICIPIO = 2111300 e TP_DEPENDENCIA = 4, IN_PODER_PUBLICO_PARCERIA = 1, TP_PODER_PUBLICO_PARCERIA = 1"
edu.matriculas.conveniadas_municipais,2111300,São Luís,MA,2024,"Ensino fundamental, anos iniciais",,9292,matrículas,OBSERVADO,,,sim,inep_censo_2024,"Censo Escolar 2024, escolas com CO_MUNICIPIO = 2111300 e TP_DEPENDENCIA = 4, IN_PODER_PUBLICO_PARCERIA = 1, TP_PODER_PUBLICO_PARCERIA = 1"
edu.matriculas.conveniadas_municipais,2111300,São Luís,MA,2024,"Ensino fundamental, anos finais",,2156,matrículas,OBSERVADO,,,sim,inep_censo_2024,"Censo Escolar 2024, escolas com CO_MUNICIPIO = 2111300 e TP_DEPENDENCIA = 4, IN_PODER_PUBLICO_PARCERIA = 1, TP_PODER_PUBLICO_PARCERIA = 1"
edu.matriculas.conveniadas_municipais,2111300,São Luís,MA,2024,Ensino médio,,31,matrículas,OBSERVADO,,,sim,inep_censo_2024,"Censo Escolar 2024, escolas com CO_MUNICIPIO = 2111300 e TP_DEPENDENCIA = 4, IN_PODER_PUBLICO_PARCERIA = 1, TP_PODER_PUBLICO_PARCERIA = 1"
edu.matriculas.conveniadas_municipais,2111300,São Luís,MA,2024,Educação de jovens e adultos,,1,matrículas,OBSERVADO,,,sim,inep_censo_2024,"Censo Escolar 2024, escolas com CO_MUNICIPIO = 2111300 e TP_DEPENDENCIA = 4, IN_PODER_PUBLICO_PARCERIA = 1, TP_PODER_PUBLICO_PARCERIA = 1"
edu.matriculas.conveniadas_municipais,2111300,São Luís,MA,2024,Educação profissional não integrada,,0,matrículas,OBSERVADO,,,sim,inep_censo_2024,"Censo Escolar 2024, escolas com CO_MUNICIPIO = 2111300 e TP_DEPENDENCIA = 4, IN_PODER_PUBLICO_PARCERIA = 1, TP_PODER_PUBLICO_PARCERIA = 1"
edu.matriculas.conveniadas_municipais,5103403,Cuiabá,MT,2024,Total da educação básica,,2215,matrículas,OBSERVADO,,,sim,inep_censo_2024,"Censo Escolar 2024, escolas com CO_MUNICIPIO = 5103403 e TP_DEPENDENCIA = 4, IN_PODER_PUBLICO_PARCERIA = 1, TP_PODER_PUBLICO_PARCERIA = 1"
edu.matriculas.conveniadas_municipais,5103403,Cuiabá,MT,2024,Creche,,1416,matrículas,OBSERVADO,,,sim,inep_censo_2024,"Censo Escolar 2024, escolas com CO_MUNICIPIO = 5103403 e TP_DEPENDENCIA = 4, IN_PODER_PUBLICO_PARCERIA = 1, TP_PODER_PUBLICO_PARCERIA = 1"
edu.matriculas.conveniadas_municipais,5103403,Cuiabá,MT,2024,Pré-escola,,556,matrículas,OBSERVADO,,,sim,inep_censo_2024,"Censo Escolar 2024, escolas com CO_MUNICIPIO = 5103403 e TP_DEPENDENCIA = 4, IN_PODER_PUBLICO_PARCERIA = 1, TP_PODER_PUBLICO_PARCERIA = 1"
edu.matriculas.conveniadas_municipais,5103403,Cuiabá,MT,2024,"Ensino fundamental, anos iniciais",,199,matrículas,OBSERVADO,,,sim,inep_censo_2024,"Censo Escolar 2024, escolas com CO_MUNICIPIO = 5103403 e TP_DEPENDENCIA = 4, IN_PODER_PUBLICO_PARCERIA = 1, TP_PODER_PUBLICO_PARCERIA = 1"
edu.matriculas.conveniadas_municipais,5103403,Cuiabá,MT,2024,"Ensino fundamental, anos finais",,0,matrículas,OBSERVADO,,,sim,inep_censo_2024,"Censo Escolar 2024, escolas com CO_MUNICIPIO = 5103403 e TP_DEPENDENCIA = 4, IN_PODER_PUBLICO_PARCERIA = 1, TP_PODER_PUBLICO_PARCERIA = 1"
edu.matriculas.conveniadas_municipais,5103403,Cuiabá,MT,2024,Ensino médio,,0,matrículas,OBSERVADO,,,sim,inep_censo_2024,"Censo Escolar 2024, escolas com CO_MUNICIPIO = 5103403 e TP_DEPENDENCIA = 4, IN_PODER_PUBLICO_PARCERIA = 1, TP_PODER_PUBLICO_PARCERIA = 1"
edu.matriculas.conveniadas_municipais,5103403,Cuiabá,MT,2024,Educação de jovens e adultos,,44,matrículas,OBSERVADO,,,sim,inep_censo_2024,"Censo Escolar 2024, escolas com CO_MUNICIPIO = 5103403 e TP_DEPENDENCIA = 4, IN_PODER_PUBLICO_PARCERIA = 1, TP_PODER_PUBLICO_PARCERIA = 1"
edu.matriculas.conveniadas_municipais,5103403,Cuiabá,MT,2024,Educação profissional não integrada,,0,matrículas,OBSERVADO,,,sim,inep_censo_2024,"Censo Escolar 2024, escolas com CO_MUNICIPIO = 5103403 e TP_DEPENDENCIA = 4, IN_PODER_PUBLICO_PARCERIA = 1, TP_PODER_PUBLICO_PARCERIA = 1"
edu.matriculas.conveniadas_municipais,5002704,Campo Grande,MS,2024,Total da educação básica,,2666,matrículas,OBSERVADO,,,sim,inep_censo_2024,"Censo Escolar 2024, escolas com CO_MUNICIPIO = 5002704 e TP_DEPENDENCIA = 4, IN_PODER_PUBLICO_PARCERIA = 1, TP_PODER_PUBLICO_PARCERIA = 1"
edu.matriculas.conveniadas_municipais,5002704,Campo Grande,MS,2024,Creche,,1822,matrículas,OBSERVADO,,,sim,inep_censo_2024,"Censo Escolar 2024, escolas com CO_MUNICIPIO = 5002704 e TP_DEPENDENCIA = 4, IN_PODER_PUBLICO_PARCERIA = 1, TP_PODER_PUBLICO_PARCERIA = 1"
edu.matriculas.conveniadas_municipais,5002704,Campo Grande,MS,2024,Pré-escola,,752,matrículas,OBSERVADO,,,sim,inep_censo_2024,"Censo Escolar 2024, escolas com CO_MUNICIPIO = 5002704 e TP_DEPENDENCIA = 4, IN_PODER_PUBLICO_PARCERIA = 1, TP_PODER_PUBLICO_PARCERIA = 1"
edu.matriculas.conveniadas_municipais,5002704,Campo Grande,MS,2024,"Ensino fundamental, anos iniciais",,92,matrículas,OBSERVADO,,,sim,inep_censo_2024,"Censo Escolar 2024, escolas com CO_MUNICIPIO = 5002704 e TP_DEPENDENCIA = 4, IN_PODER_PUBLICO_PARCERIA = 1, TP_PODER_PUBLICO_PARCERIA = 1"
edu.matriculas.conveniadas_municipais,5002704,Campo Grande,MS,2024,"Ensino fundamental, anos finais",,0,matrículas,OBSERVADO,,,sim,inep_censo_2024,"Censo Escolar 2024, escolas com CO_MUNICIPIO = 5002704 e TP_DEPENDENCIA = 4, IN_PODER_PUBLICO_PARCERIA = 1, TP_PODER_PUBLICO_PARCERIA = 1"
edu.matriculas.conveniadas_municipais,5002704,Campo Grande,MS,2024,Ensino médio,,0,matrículas,OBSERVADO,,,sim,inep_censo_2024,"Censo Escolar 2024, escolas com CO_MUNICIPIO = 5002704 e TP_DEPENDENCIA = 4, IN_PODER_PUBLICO_PARCERIA = 1, TP_PODER_PUBLICO_PARCERIA = 1"
edu.matriculas.conveniadas_municipais,5002704,Campo Grande,MS,2024,Educação de jovens e adultos,,0,matrículas,OBSERVADO,,,sim,inep_censo_2024,"Censo Escolar 2024, escolas com CO_MUNICIPIO = 5002704 e TP_DEPENDENCIA = 4, IN_PODER_PUBLICO_PARCERIA = 1, TP_PODER_PUBLICO_PARCERIA = 1"
edu.matriculas.conveniadas_municipais,5002704,Campo Grande,MS,2024,Educação profissional não integrada,,0,matrículas,OBSERVADO,,,sim,inep_censo_2024,"Censo Escolar 2024, escolas com CO_MUNICIPIO = 5002704 e TP_DEPENDENCIA = 4, IN_PODER_PUBLICO_PARCERIA = 1, TP_PODER_PUBLICO_PARCERIA = 1"
edu.matriculas.conveniadas_municipais,3106200,Belo Horizonte,MG,2024,Total da educação básica,,29237,matrículas,OBSERVADO,,,sim,inep_censo_2024,"Censo Escolar 2024, escolas com CO_MUNICIPIO = 3106200 e TP_DEPENDENCIA = 4, IN_PODER_PUBLICO_PARCERIA = 1, TP_PODER_PUBLICO_PARCERIA = 1"
edu.matriculas.conveniadas_municipais,3106200,Belo Horizonte,MG,2024,Creche,,22988,matrículas,OBSERVADO,,,sim,inep_censo_2024,"Censo Escolar 2024, escolas com CO_MUNICIPIO = 3106200 e TP_DEPENDENCIA = 4, IN_PODER_PUBLICO_PARCERIA = 1, TP_PODER_PUBLICO_PARCERIA = 1"
edu.matriculas.conveniadas_municipais,3106200,Belo Horizonte,MG,2024,Pré-escola,,6249,matrículas,OBSERVADO,,,sim,inep_censo_2024,"Censo Escolar 2024, escolas com CO_MUNICIPIO = 3106200 e TP_DEPENDENCIA = 4, IN_PODER_PUBLICO_PARCERIA = 1, TP_PODER_PUBLICO_PARCERIA = 1"
edu.matriculas.conveniadas_municipais,3106200,Belo Horizonte,MG,2024,"Ensino fundamental, anos iniciais",,0,matrículas,OBSERVADO,,,sim,inep_censo_2024,"Censo Escolar 2024, escolas com CO_MUNICIPIO = 3106200 e TP_DEPENDENCIA = 4, IN_PODER_PUBLICO_PARCERIA = 1, TP_PODER_PUBLICO_PARCERIA = 1"
edu.matriculas.conveniadas_municipais,3106200,Belo Horizonte,MG,2024,"Ensino fundamental, anos finais",,0,matrículas,OBSERVADO,,,sim,inep_censo_2024,"Censo Escolar 2024, escolas com CO_MUNICIPIO = 3106200 e TP_DEPENDENCIA = 4, IN_PODER_PUBLICO_PARCERIA = 1, TP_PODER_PUBLICO_PARCERIA = 1"
edu.matriculas.conveniadas_municipais,3106200,Belo Horizonte,MG,2024,Ensino médio,,0,matrículas,OBSERVADO,,,sim,inep_censo_2024,"Censo Escolar 2024, escolas com CO_MUNICIPIO = 3106200 e TP_DEPENDENCIA = 4, IN_PODER_PUBLICO_PARCERIA = 1, TP_PODER_PUBLICO_PARCERIA = 1"
edu.matriculas.conveniadas_municipais,3106200,Belo Horizonte,MG,2024,Educação de jovens e adultos,,0,matrículas,OBSERVADO,,,sim,inep_censo_2024,"Censo Escolar 2024, escolas com CO_MUNICIPIO = 3106200 e TP_DEPENDENCIA = 4, IN_PODER_PUBLICO_PARCERIA = 1, TP_PODER_PUBLICO_PARCERIA = 1"
edu.matriculas.conveniadas_municipais,3106200,Belo Horizonte,MG,2024,Educação profissional não integrada,,0,matrículas,OBSERVADO,,,sim,inep_censo_2024,"Censo Escolar 2024, escolas com CO_MUNICIPIO = 3106200 e TP_DEPENDENCIA = 4, IN_PODER_PUBLICO_PARCERIA = 1, TP_PODER_PUBLICO_PARCERIA = 1"
edu.matriculas.conveniadas_municipais,1501402,Belém,PA,2024,Total da educação básica,,4943,matrículas,OBSERVADO,,,sim,inep_censo_2024,"Censo Escolar 2024, escolas com CO_MUNICIPIO = 1501402 e TP_DEPENDENCIA = 4, IN_PODER_PUBLICO_PARCERIA = 1, TP_PODER_PUBLICO_PARCERIA = 1"
edu.matriculas.conveniadas_municipais,1501402,Belém,PA,2024,Creche,,2138,matrículas,OBSERVADO,,,sim,inep_censo_2024,"Censo Escolar 2024, escolas com CO_MUNICIPIO = 1501402 e TP_DEPENDENCIA = 4, IN_PODER_PUBLICO_PARCERIA = 1, TP_PODER_PUBLICO_PARCERIA = 1"
edu.matriculas.conveniadas_municipais,1501402,Belém,PA,2024,Pré-escola,,2805,matrículas,OBSERVADO,,,sim,inep_censo_2024,"Censo Escolar 2024, escolas com CO_MUNICIPIO = 1501402 e TP_DEPENDENCIA = 4, IN_PODER_PUBLICO_PARCERIA = 1, TP_PODER_PUBLICO_PARCERIA = 1"
edu.matriculas.conveniadas_municipais,1501402,Belém,PA,2024,"Ensino fundamental, anos iniciais",,0,matrículas,OBSERVADO,,,sim,inep_censo_2024,"Censo Escolar 2024, escolas com CO_MUNICIPIO = 1501402 e TP_DEPENDENCIA = 4, IN_PODER_PUBLICO_PARCERIA = 1, TP_PODER_PUBLICO_PARCERIA = 1"
edu.matriculas.conveniadas_municipais,1501402,Belém,PA,2024,"Ensino fundamental, anos finais",,0,matrículas,OBSERVADO,,,sim,inep_censo_2024,"Censo Escolar 2024, escolas com CO_MUNICIPIO = 1501402 e TP_DEPENDENCIA = 4, IN_PODER_PUBLICO_PARCERIA = 1, TP_PODER_PUBLICO_PARCERIA = 1"
edu.matriculas.conveniadas_municipais,1501402,Belém,PA,2024,Ensino médio,,0,matrículas,OBSERVADO,,,sim,inep_censo_2024,"Censo Escolar 2024, escolas com CO_MUNICIPIO = 1501402 e TP_DEPENDENCIA = 4, IN_PODER_PUBLICO_PARCERIA = 1, TP_PODER_PUBLICO_PARCERIA = 1"
edu.matriculas.conveniadas_municipais,1501402,Belém,PA,2024,Educação de jovens e adultos,,0,matrículas,OBSERVADO,,,sim,inep_censo_2024,"Censo Escolar 2024, escolas com CO_MUNICIPIO = 1501402 e TP_DEPENDENCIA = 4, IN_PODER_PUBLICO_PARCERIA = 1, TP_PODER_PUBLICO_PARCERIA = 1"
edu.matriculas.conveniadas_municipais,1501402,Belém,PA,2024,Educação profissional não integrada,,0,matrículas,OBSERVADO,,,sim,inep_censo_2024,"Censo Escolar 2024, escolas com CO_MUNICIPIO = 1501402 e TP_DEPENDENCIA = 4, IN_PODER_PUBLICO_PARCERIA = 1, TP_PODER_PUBLICO_PARCERIA = 1"
edu.matriculas.conveniadas_municipais,2507507,João Pessoa,PB,2024,Total da educação básica,,0,matrículas,OBSERVADO,,,sim,inep_censo_2024,"Censo Escolar 2024, escolas com CO_MUNICIPIO = 2507507 e TP_DEPENDENCIA = 4, IN_PODER_PUBLICO_PARCERIA = 1, TP_PODER_PUBLICO_PARCERIA = 1"
edu.matriculas.conveniadas_municipais,2507507,João Pessoa,PB,2024,Creche,,0,matrículas,OBSERVADO,,,sim,inep_censo_2024,"Censo Escolar 2024, escolas com CO_MUNICIPIO = 2507507 e TP_DEPENDENCIA = 4, IN_PODER_PUBLICO_PARCERIA = 1, TP_PODER_PUBLICO_PARCERIA = 1"
edu.matriculas.conveniadas_municipais,2507507,João Pessoa,PB,2024,Pré-escola,,0,matrículas,OBSERVADO,,,sim,inep_censo_2024,"Censo Escolar 2024, escolas com CO_MUNICIPIO = 2507507 e TP_DEPENDENCIA = 4, IN_PODER_PUBLICO_PARCERIA = 1, TP_PODER_PUBLICO_PARCERIA = 1"
edu.matriculas.conveniadas_municipais,2507507,João Pessoa,PB,2024,"Ensino fundamental, anos iniciais",,0,matrículas,OBSERVADO,,,sim,inep_censo_2024,"Censo Escolar 2024, escolas com CO_MUNICIPIO = 2507507 e TP_DEPENDENCIA = 4, IN_PODER_PUBLICO_PARCERIA = 1, TP_PODER_PUBLICO_PARCERIA = 1"
edu.matriculas.conveniadas_municipais,2507507,João Pessoa,PB,2024,"Ensino fundamental, anos finais",,0,matrículas,OBSERVADO,,,sim,inep_censo_2024,"Censo Escolar 2024, escolas com CO_MUNICIPIO = 2507507 e TP_DEPENDENCIA = 4, IN_PODER_PUBLICO_PARCERIA = 1, TP_PODER_PUBLICO_PARCERIA = 1"
edu.matriculas.conveniadas_municipais,2507507,João Pessoa,PB,2024,Ensino médio,,0,matrículas,OBSERVADO,,,sim,inep_censo_2024,"Censo Escolar 2024, escolas com CO_MUNICIPIO = 2507507 e TP_DEPENDENCIA = 4, IN_PODER_PUBLICO_PARCERIA = 1, TP_PODER_PUBLICO_PARCERIA = 1"
edu.matriculas.conveniadas_municipais,2507507,João Pessoa,PB,2024,Educação de jovens e adultos,,0,matrículas,OBSERVADO,,,sim,inep_censo_2024,"Censo Escolar 2024, escolas com CO_MUNICIPIO = 2507507 e TP_DEPENDENCIA = 4, IN_PODER_PUBLICO_PARCERIA = 1, TP_PODER_PUBLICO_PARCERIA = 1"
edu.matriculas.conveniadas_municipais,2507507,João Pessoa,PB,2024,Educação profissional não integrada,,0,matrículas,OBSERVADO,,,sim,inep_censo_2024,"Censo Escolar 2024, escolas com CO_MUNICIPIO = 2507507 e TP_DEPENDENCIA = 4, IN_PODER_PUBLICO_PARCERIA = 1, TP_PODER_PUBLICO_PARCERIA = 1"
edu.matriculas.conveniadas_municipais,4106902,Curitiba,PR,2024,Total da educação básica,,14025,matrículas,OBSERVADO,,,sim,inep_censo_2024,"Censo Escolar 2024, escolas com CO_MUNICIPIO = 4106902 e TP_DEPENDENCIA = 4, IN_PODER_PUBLICO_PARCERIA = 1, TP_PODER_PUBLICO_PARCERIA = 1"
edu.matriculas.conveniadas_municipais,4106902,Curitiba,PR,2024,Creche,,11376,matrículas,OBSERVADO,,,sim,inep_censo_2024,"Censo Escolar 2024, escolas com CO_MUNICIPIO = 4106902 e TP_DEPENDENCIA = 4, IN_PODER_PUBLICO_PARCERIA = 1, TP_PODER_PUBLICO_PARCERIA = 1"
edu.matriculas.conveniadas_municipais,4106902,Curitiba,PR,2024,Pré-escola,,2334,matrículas,OBSERVADO,,,sim,inep_censo_2024,"Censo Escolar 2024, escolas com CO_MUNICIPIO = 4106902 e TP_DEPENDENCIA = 4, IN_PODER_PUBLICO_PARCERIA = 1, TP_PODER_PUBLICO_PARCERIA = 1"
edu.matriculas.conveniadas_municipais,4106902,Curitiba,PR,2024,"Ensino fundamental, anos iniciais",,241,matrículas,OBSERVADO,,,sim,inep_censo_2024,"Censo Escolar 2024, escolas com CO_MUNICIPIO = 4106902 e TP_DEPENDENCIA = 4, IN_PODER_PUBLICO_PARCERIA = 1, TP_PODER_PUBLICO_PARCERIA = 1"
edu.matriculas.conveniadas_municipais,4106902,Curitiba,PR,2024,"Ensino fundamental, anos finais",,74,matrículas,OBSERVADO,,,sim,inep_censo_2024,"Censo Escolar 2024, escolas com CO_MUNICIPIO = 4106902 e TP_DEPENDENCIA = 4, IN_PODER_PUBLICO_PARCERIA = 1, TP_PODER_PUBLICO_PARCERIA = 1"
edu.matriculas.conveniadas_municipais,4106902,Curitiba,PR,2024,Ensino médio,,0,matrículas,OBSERVADO,,,sim,inep_censo_2024,"Censo Escolar 2024, escolas com CO_MUNICIPIO = 4106902 e TP_DEPENDENCIA = 4, IN_PODER_PUBLICO_PARCERIA = 1, TP_PODER_PUBLICO_PARCERIA = 1"
edu.matriculas.conveniadas_municipais,4106902,Curitiba,PR,2024,Educação de jovens e adultos,,0,matrículas,OBSERVADO,,,sim,inep_censo_2024,"Censo Escolar 2024, escolas com CO_MUNICIPIO = 4106902 e TP_DEPENDENCIA = 4, IN_PODER_PUBLICO_PARCERIA = 1, TP_PODER_PUBLICO_PARCERIA = 1"
edu.matriculas.conveniadas_municipais,4106902,Curitiba,PR,2024,Educação profissional não integrada,,0,matrículas,OBSERVADO,,,sim,inep_censo_2024,"Censo Escolar 2024, escolas com CO_MUNICIPIO = 4106902 e TP_DEPENDENCIA = 4, IN_PODER_PUBLICO_PARCERIA = 1, TP_PODER_PUBLICO_PARCERIA = 1"
edu.matriculas.conveniadas_municipais,2611606,Recife,PE,2024,Total da educação básica,,8726,matrículas,OBSERVADO,,,sim,inep_censo_2024,"Censo Escolar 2024, escolas com CO_MUNICIPIO = 2611606 e TP_DEPENDENCIA = 4, IN_PODER_PUBLICO_PARCERIA = 1, TP_PODER_PUBLICO_PARCERIA = 1"
edu.matriculas.conveniadas_municipais,2611606,Recife,PE,2024,Creche,,5139,matrículas,OBSERVADO,,,sim,inep_censo_2024,"Censo Escolar 2024, escolas com CO_MUNICIPIO = 2611606 e TP_DEPENDENCIA = 4, IN_PODER_PUBLICO_PARCERIA = 1, TP_PODER_PUBLICO_PARCERIA = 1"
edu.matriculas.conveniadas_municipais,2611606,Recife,PE,2024,Pré-escola,,3587,matrículas,OBSERVADO,,,sim,inep_censo_2024,"Censo Escolar 2024, escolas com CO_MUNICIPIO = 2611606 e TP_DEPENDENCIA = 4, IN_PODER_PUBLICO_PARCERIA = 1, TP_PODER_PUBLICO_PARCERIA = 1"
edu.matriculas.conveniadas_municipais,2611606,Recife,PE,2024,"Ensino fundamental, anos iniciais",,0,matrículas,OBSERVADO,,,sim,inep_censo_2024,"Censo Escolar 2024, escolas com CO_MUNICIPIO = 2611606 e TP_DEPENDENCIA = 4, IN_PODER_PUBLICO_PARCERIA = 1, TP_PODER_PUBLICO_PARCERIA = 1"
edu.matriculas.conveniadas_municipais,2611606,Recife,PE,2024,"Ensino fundamental, anos finais",,0,matrículas,OBSERVADO,,,sim,inep_censo_2024,"Censo Escolar 2024, escolas com CO_MUNICIPIO = 2611606 e TP_DEPENDENCIA = 4, IN_PODER_PUBLICO_PARCERIA = 1, TP_PODER_PUBLICO_PARCERIA = 1"
edu.matriculas.conveniadas_municipais,2611606,Recife,PE,2024,Ensino médio,,0,matrículas,OBSERVADO,,,sim,inep_censo_2024,"Censo Escolar 2024, escolas com CO_MUNICIPIO = 2611606 e TP_DEPENDENCIA = 4, IN_PODER_PUBLICO_PARCERIA = 1, TP_PODER_PUBLICO_PARCERIA = 1"
edu.matriculas.conveniadas_municipais,2611606,Recife,PE,2024,Educação de jovens e adultos,,0,matrículas,OBSERVADO,,,sim,inep_censo_2024,"Censo Escolar 2024, escolas com CO_MUNICIPIO = 2611606 e TP_DEPENDENCIA = 4, IN_PODER_PUBLICO_PARCERIA = 1, TP_PODER_PUBLICO_PARCERIA = 1"
edu.matriculas.conveniadas_municipais,2611606,Recife,PE,2024,Educação profissional não integrada,,0,matrículas,OBSERVADO,,,sim,inep_censo_2024,"Censo Escolar 2024, escolas com CO_MUNICIPIO = 2611606 e TP_DEPENDENCIA = 4, IN_PODER_PUBLICO_PARCERIA = 1, TP_PODER_PUBLICO_PARCERIA = 1"
edu.matriculas.conveniadas_municipais,2211001,Teresina,PI,2024,Total da educação básica,,30,matrículas,OBSERVADO,,,sim,inep_censo_2024,"Censo Escolar 2024, escolas com CO_MUNICIPIO = 2211001 e TP_DEPENDENCIA = 4, IN_PODER_PUBLICO_PARCERIA = 1, TP_PODER_PUBLICO_PARCERIA = 1"
edu.matriculas.conveniadas_municipais,2211001,Teresina,PI,2024,Creche,,18,matrículas,OBSERVADO,,,sim,inep_censo_2024,"Censo Escolar 2024, escolas com CO_MUNICIPIO = 2211001 e TP_DEPENDENCIA = 4, IN_PODER_PUBLICO_PARCERIA = 1, TP_PODER_PUBLICO_PARCERIA = 1"
edu.matriculas.conveniadas_municipais,2211001,Teresina,PI,2024,Pré-escola,,0,matrículas,OBSERVADO,,,sim,inep_censo_2024,"Censo Escolar 2024, escolas com CO_MUNICIPIO = 2211001 e TP_DEPENDENCIA = 4, IN_PODER_PUBLICO_PARCERIA = 1, TP_PODER_PUBLICO_PARCERIA = 1"
edu.matriculas.conveniadas_municipais,2211001,Teresina,PI,2024,"Ensino fundamental, anos iniciais",,12,matrículas,OBSERVADO,,,sim,inep_censo_2024,"Censo Escolar 2024, escolas com CO_MUNICIPIO = 2211001 e TP_DEPENDENCIA = 4, IN_PODER_PUBLICO_PARCERIA = 1, TP_PODER_PUBLICO_PARCERIA = 1"
edu.matriculas.conveniadas_municipais,2211001,Teresina,PI,2024,"Ensino fundamental, anos finais",,0,matrículas,OBSERVADO,,,sim,inep_censo_2024,"Censo Escolar 2024, escolas com CO_MUNICIPIO = 2211001 e TP_DEPENDENCIA = 4, IN_PODER_PUBLICO_PARCERIA = 1, TP_PODER_PUBLICO_PARCERIA = 1"
edu.matriculas.conveniadas_municipais,2211001,Teresina,PI,2024,Ensino médio,,0,matrículas,OBSERVADO,,,sim,inep_censo_2024,"Censo Escolar 2024, escolas com CO_MUNICIPIO = 2211001 e TP_DEPENDENCIA = 4, IN_PODER_PUBLICO_PARCERIA = 1, TP_PODER_PUBLICO_PARCERIA = 1"
edu.matriculas.conveniadas_municipais,2211001,Teresina,PI,2024,Educação de jovens e adultos,,0,matrículas,OBSERVADO,,,sim,inep_censo_2024,"Censo Escolar 2024, escolas com CO_MUNICIPIO = 2211001 e TP_DEPENDENCIA = 4, IN_PODER_PUBLICO_PARCERIA = 1, TP_PODER_PUBLICO_PARCERIA = 1"
edu.matriculas.conveniadas_municipais,2211001,Teresina,PI,2024,Educação profissional não integrada,,0,matrículas,OBSERVADO,,,sim,inep_censo_2024,"Censo Escolar 2024, escolas com CO_MUNICIPIO = 2211001 e TP_DEPENDENCIA = 4, IN_PODER_PUBLICO_PARCERIA = 1, TP_PODER_PUBLICO_PARCERIA = 1"
edu.matriculas.conveniadas_municipais,3304557,Rio de Janeiro,RJ,2024,Total da educação básica,,44871,matrículas,OBSERVADO,,,sim,inep_censo_2024,"Censo Escolar 2024, escolas com CO_MUNICIPIO = 3304557 e TP_DEPENDENCIA = 4, IN_PODER_PUBLICO_PARCERIA = 1, TP_PODER_PUBLICO_PARCERIA = 1"
edu.matriculas.conveniadas_municipais,3304557,Rio de Janeiro,RJ,2024,Creche,,42415,matrículas,OBSERVADO,,,sim,inep_censo_2024,"Censo Escolar 2024, escolas com CO_MUNICIPIO = 3304557 e TP_DEPENDENCIA = 4, IN_PODER_PUBLICO_PARCERIA = 1, TP_PODER_PUBLICO_PARCERIA = 1"
edu.matriculas.conveniadas_municipais,3304557,Rio de Janeiro,RJ,2024,Pré-escola,,1313,matrículas,OBSERVADO,,,sim,inep_censo_2024,"Censo Escolar 2024, escolas com CO_MUNICIPIO = 3304557 e TP_DEPENDENCIA = 4, IN_PODER_PUBLICO_PARCERIA = 1, TP_PODER_PUBLICO_PARCERIA = 1"
edu.matriculas.conveniadas_municipais,3304557,Rio de Janeiro,RJ,2024,"Ensino fundamental, anos iniciais",,899,matrículas,OBSERVADO,,,sim,inep_censo_2024,"Censo Escolar 2024, escolas com CO_MUNICIPIO = 3304557 e TP_DEPENDENCIA = 4, IN_PODER_PUBLICO_PARCERIA = 1, TP_PODER_PUBLICO_PARCERIA = 1"
edu.matriculas.conveniadas_municipais,3304557,Rio de Janeiro,RJ,2024,"Ensino fundamental, anos finais",,244,matrículas,OBSERVADO,,,sim,inep_censo_2024,"Censo Escolar 2024, escolas com CO_MUNICIPIO = 3304557 e TP_DEPENDENCIA = 4, IN_PODER_PUBLICO_PARCERIA = 1, TP_PODER_PUBLICO_PARCERIA = 1"
edu.matriculas.conveniadas_municipais,3304557,Rio de Janeiro,RJ,2024,Ensino médio,,0,matrículas,OBSERVADO,,,sim,inep_censo_2024,"Censo Escolar 2024, escolas com CO_MUNICIPIO = 3304557 e TP_DEPENDENCIA = 4, IN_PODER_PUBLICO_PARCERIA = 1, TP_PODER_PUBLICO_PARCERIA = 1"
edu.matriculas.conveniadas_municipais,3304557,Rio de Janeiro,RJ,2024,Educação de jovens e adultos,,0,matrículas,OBSERVADO,,,sim,inep_censo_2024,"Censo Escolar 2024, escolas com CO_MUNICIPIO = 3304557 e TP_DEPENDENCIA = 4, IN_PODER_PUBLICO_PARCERIA = 1, TP_PODER_PUBLICO_PARCERIA = 1"
edu.matriculas.conveniadas_municipais,3304557,Rio de Janeiro,RJ,2024,Educação profissional não integrada,,0,matrículas,OBSERVADO,,,sim,inep_censo_2024,"Censo Escolar 2024, escolas com CO_MUNICIPIO = 3304557 e TP_DEPENDENCIA = 4, IN_PODER_PUBLICO_PARCERIA = 1, TP_PODER_PUBLICO_PARCERIA = 1"
edu.matriculas.conveniadas_municipais,2408102,Natal,RN,2024,Total da educação básica,,1798,matrículas,OBSERVADO,,,sim,inep_censo_2024,"Censo Escolar 2024, escolas com CO_MUNICIPIO = 2408102 e TP_DEPENDENCIA = 4, IN_PODER_PUBLICO_PARCERIA = 1, TP_PODER_PUBLICO_PARCERIA = 1"
edu.matriculas.conveniadas_municipais,2408102,Natal,RN,2024,Creche,,167,matrículas,OBSERVADO,,,sim,inep_censo_2024,"Censo Escolar 2024, escolas com CO_MUNICIPIO = 2408102 e TP_DEPENDENCIA = 4, IN_PODER_PUBLICO_PARCERIA = 1, TP_PODER_PUBLICO_PARCERIA = 1"
edu.matriculas.conveniadas_municipais,2408102,Natal,RN,2024,Pré-escola,,542,matrículas,OBSERVADO,,,sim,inep_censo_2024,"Censo Escolar 2024, escolas com CO_MUNICIPIO = 2408102 e TP_DEPENDENCIA = 4, IN_PODER_PUBLICO_PARCERIA = 1, TP_PODER_PUBLICO_PARCERIA = 1"
edu.matriculas.conveniadas_municipais,2408102,Natal,RN,2024,"Ensino fundamental, anos iniciais",,718,matrículas,OBSERVADO,,,sim,inep_censo_2024,"Censo Escolar 2024, escolas com CO_MUNICIPIO = 2408102 e TP_DEPENDENCIA = 4, IN_PODER_PUBLICO_PARCERIA = 1, TP_PODER_PUBLICO_PARCERIA = 1"
edu.matriculas.conveniadas_municipais,2408102,Natal,RN,2024,"Ensino fundamental, anos finais",,360,matrículas,OBSERVADO,,,sim,inep_censo_2024,"Censo Escolar 2024, escolas com CO_MUNICIPIO = 2408102 e TP_DEPENDENCIA = 4, IN_PODER_PUBLICO_PARCERIA = 1, TP_PODER_PUBLICO_PARCERIA = 1"
edu.matriculas.conveniadas_municipais,2408102,Natal,RN,2024,Ensino médio,,11,matrículas,OBSERVADO,,,sim,inep_censo_2024,"Censo Escolar 2024, escolas com CO_MUNICIPIO = 2408102 e TP_DEPENDENCIA = 4, IN_PODER_PUBLICO_PARCERIA = 1, TP_PODER_PUBLICO_PARCERIA = 1"
edu.matriculas.conveniadas_municipais,2408102,Natal,RN,2024,Educação de jovens e adultos,,0,matrículas,OBSERVADO,,,sim,inep_censo_2024,"Censo Escolar 2024, escolas com CO_MUNICIPIO = 2408102 e TP_DEPENDENCIA = 4, IN_PODER_PUBLICO_PARCERIA = 1, TP_PODER_PUBLICO_PARCERIA = 1"
edu.matriculas.conveniadas_municipais,2408102,Natal,RN,2024,Educação profissional não integrada,,0,matrículas,OBSERVADO,,,sim,inep_censo_2024,"Censo Escolar 2024, escolas com CO_MUNICIPIO = 2408102 e TP_DEPENDENCIA = 4, IN_PODER_PUBLICO_PARCERIA = 1, TP_PODER_PUBLICO_PARCERIA = 1"
edu.matriculas.conveniadas_municipais,4314902,Porto Alegre,RS,2024,Total da educação básica,,21344,matrículas,OBSERVADO,,,sim,inep_censo_2024,"Censo Escolar 2024, escolas com CO_MUNICIPIO = 4314902 e TP_DEPENDENCIA = 4, IN_PODER_PUBLICO_PARCERIA = 1, TP_PODER_PUBLICO_PARCERIA = 1"
edu.matriculas.conveniadas_municipais,4314902,Porto Alegre,RS,2024,Creche,,10304,matrículas,OBSERVADO,,,sim,inep_censo_2024,"Censo Escolar 2024, escolas com CO_MUNICIPIO = 4314902 e TP_DEPENDENCIA = 4, IN_PODER_PUBLICO_PARCERIA = 1, TP_PODER_PUBLICO_PARCERIA = 1"
edu.matriculas.conveniadas_municipais,4314902,Porto Alegre,RS,2024,Pré-escola,,10340,matrículas,OBSERVADO,,,sim,inep_censo_2024,"Censo Escolar 2024, escolas com CO_MUNICIPIO = 4314902 e TP_DEPENDENCIA = 4, IN_PODER_PUBLICO_PARCERIA = 1, TP_PODER_PUBLICO_PARCERIA = 1"
edu.matriculas.conveniadas_municipais,4314902,Porto Alegre,RS,2024,"Ensino fundamental, anos iniciais",,513,matrículas,OBSERVADO,,,sim,inep_censo_2024,"Censo Escolar 2024, escolas com CO_MUNICIPIO = 4314902 e TP_DEPENDENCIA = 4, IN_PODER_PUBLICO_PARCERIA = 1, TP_PODER_PUBLICO_PARCERIA = 1"
edu.matriculas.conveniadas_municipais,4314902,Porto Alegre,RS,2024,"Ensino fundamental, anos finais",,187,matrículas,OBSERVADO,,,sim,inep_censo_2024,"Censo Escolar 2024, escolas com CO_MUNICIPIO = 4314902 e TP_DEPENDENCIA = 4, IN_PODER_PUBLICO_PARCERIA = 1, TP_PODER_PUBLICO_PARCERIA = 1"
edu.matriculas.conveniadas_municipais,4314902,Porto Alegre,RS,2024,Ensino médio,,0,matrículas,OBSERVADO,,,sim,inep_censo_2024,"Censo Escolar 2024, escolas com CO_MUNICIPIO = 4314902 e TP_DEPENDENCIA = 4, IN_PODER_PUBLICO_PARCERIA = 1, TP_PODER_PUBLICO_PARCERIA = 1"
edu.matriculas.conveniadas_municipais,4314902,Porto Alegre,RS,2024,Educação de jovens e adultos,,0,matrículas,OBSERVADO,,,sim,inep_censo_2024,"Censo Escolar 2024, escolas com CO_MUNICIPIO = 4314902 e TP_DEPENDENCIA = 4, IN_PODER_PUBLICO_PARCERIA = 1, TP_PODER_PUBLICO_PARCERIA = 1"
edu.matriculas.conveniadas_municipais,4314902,Porto Alegre,RS,2024,Educação profissional não integrada,,0,matrículas,OBSERVADO,,,sim,inep_censo_2024,"Censo Escolar 2024, escolas com CO_MUNICIPIO = 4314902 e TP_DEPENDENCIA = 4, IN_PODER_PUBLICO_PARCERIA = 1, TP_PODER_PUBLICO_PARCERIA = 1"
edu.matriculas.conveniadas_municipais,1100205,Porto Velho,RO,2024,Total da educação básica,,0,matrículas,OBSERVADO,,,sim,inep_censo_2024,"Censo Escolar 2024, escolas com CO_MUNICIPIO = 1100205 e TP_DEPENDENCIA = 4, IN_PODER_PUBLICO_PARCERIA = 1, TP_PODER_PUBLICO_PARCERIA = 1"
edu.matriculas.conveniadas_municipais,1100205,Porto Velho,RO,2024,Creche,,0,matrículas,OBSERVADO,,,sim,inep_censo_2024,"Censo Escolar 2024, escolas com CO_MUNICIPIO = 1100205 e TP_DEPENDENCIA = 4, IN_PODER_PUBLICO_PARCERIA = 1, TP_PODER_PUBLICO_PARCERIA = 1"
edu.matriculas.conveniadas_municipais,1100205,Porto Velho,RO,2024,Pré-escola,,0,matrículas,OBSERVADO,,,sim,inep_censo_2024,"Censo Escolar 2024, escolas com CO_MUNICIPIO = 1100205 e TP_DEPENDENCIA = 4, IN_PODER_PUBLICO_PARCERIA = 1, TP_PODER_PUBLICO_PARCERIA = 1"
edu.matriculas.conveniadas_municipais,1100205,Porto Velho,RO,2024,"Ensino fundamental, anos iniciais",,0,matrículas,OBSERVADO,,,sim,inep_censo_2024,"Censo Escolar 2024, escolas com CO_MUNICIPIO = 1100205 e TP_DEPENDENCIA = 4, IN_PODER_PUBLICO_PARCERIA = 1, TP_PODER_PUBLICO_PARCERIA = 1"
edu.matriculas.conveniadas_municipais,1100205,Porto Velho,RO,2024,"Ensino fundamental, anos finais",,0,matrículas,OBSERVADO,,,sim,inep_censo_2024,"Censo Escolar 2024, escolas com CO_MUNICIPIO = 1100205 e TP_DEPENDENCIA = 4, IN_PODER_PUBLICO_PARCERIA = 1, TP_PODER_PUBLICO_PARCERIA = 1"
edu.matriculas.conveniadas_municipais,1100205,Porto Velho,RO,2024,Ensino médio,,0,matrículas,OBSERVADO,,,sim,inep_censo_2024,"Censo Escolar 2024, escolas com CO_MUNICIPIO = 1100205 e TP_DEPENDENCIA = 4, IN_PODER_PUBLICO_PARCERIA = 1, TP_PODER_PUBLICO_PARCERIA = 1"
edu.matriculas.conveniadas_municipais,1100205,Porto Velho,RO,2024,Educação de jovens e adultos,,0,matrículas,OBSERVADO,,,sim,inep_censo_2024,"Censo Escolar 2024, escolas com CO_MUNICIPIO = 1100205 e TP_DEPENDENCIA = 4, IN_PODER_PUBLICO_PARCERIA = 1, TP_PODER_PUBLICO_PARCERIA = 1"
edu.matriculas.conveniadas_municipais,1100205,Porto Velho,RO,2024,Educação profissional não integrada,,0,matrículas,OBSERVADO,,,sim,inep_censo_2024,"Censo Escolar 2024, escolas com CO_MUNICIPIO = 1100205 e TP_DEPENDENCIA = 4, IN_PODER_PUBLICO_PARCERIA = 1, TP_PODER_PUBLICO_PARCERIA = 1"
edu.matriculas.conveniadas_municipais,1400100,Boa Vista,RR,2024,Total da educação básica,,0,matrículas,OBSERVADO,,,sim,inep_censo_2024,"Censo Escolar 2024, escolas com CO_MUNICIPIO = 1400100 e TP_DEPENDENCIA = 4, IN_PODER_PUBLICO_PARCERIA = 1, TP_PODER_PUBLICO_PARCERIA = 1"
edu.matriculas.conveniadas_municipais,1400100,Boa Vista,RR,2024,Creche,,0,matrículas,OBSERVADO,,,sim,inep_censo_2024,"Censo Escolar 2024, escolas com CO_MUNICIPIO = 1400100 e TP_DEPENDENCIA = 4, IN_PODER_PUBLICO_PARCERIA = 1, TP_PODER_PUBLICO_PARCERIA = 1"
edu.matriculas.conveniadas_municipais,1400100,Boa Vista,RR,2024,Pré-escola,,0,matrículas,OBSERVADO,,,sim,inep_censo_2024,"Censo Escolar 2024, escolas com CO_MUNICIPIO = 1400100 e TP_DEPENDENCIA = 4, IN_PODER_PUBLICO_PARCERIA = 1, TP_PODER_PUBLICO_PARCERIA = 1"
edu.matriculas.conveniadas_municipais,1400100,Boa Vista,RR,2024,"Ensino fundamental, anos iniciais",,0,matrículas,OBSERVADO,,,sim,inep_censo_2024,"Censo Escolar 2024, escolas com CO_MUNICIPIO = 1400100 e TP_DEPENDENCIA = 4, IN_PODER_PUBLICO_PARCERIA = 1, TP_PODER_PUBLICO_PARCERIA = 1"
edu.matriculas.conveniadas_municipais,1400100,Boa Vista,RR,2024,"Ensino fundamental, anos finais",,0,matrículas,OBSERVADO,,,sim,inep_censo_2024,"Censo Escolar 2024, escolas com CO_MUNICIPIO = 1400100 e TP_DEPENDENCIA = 4, IN_PODER_PUBLICO_PARCERIA = 1, TP_PODER_PUBLICO_PARCERIA = 1"
edu.matriculas.conveniadas_municipais,1400100,Boa Vista,RR,2024,Ensino médio,,0,matrículas,OBSERVADO,,,sim,inep_censo_2024,"Censo Escolar 2024, escolas com CO_MUNICIPIO = 1400100 e TP_DEPENDENCIA = 4, IN_PODER_PUBLICO_PARCERIA = 1, TP_PODER_PUBLICO_PARCERIA = 1"
edu.matriculas.conveniadas_municipais,1400100,Boa Vista,RR,2024,Educação de jovens e adultos,,0,matrículas,OBSERVADO,,,sim,inep_censo_2024,"Censo Escolar 2024, escolas com CO_MUNICIPIO = 1400100 e TP_DEPENDENCIA = 4, IN_PODER_PUBLICO_PARCERIA = 1, TP_PODER_PUBLICO_PARCERIA = 1"
edu.matriculas.conveniadas_municipais,1400100,Boa Vista,RR,2024,Educação profissional não integrada,,0,matrículas,OBSERVADO,,,sim,inep_censo_2024,"Censo Escolar 2024, escolas com CO_MUNICIPIO = 1400100 e TP_DEPENDENCIA = 4, IN_PODER_PUBLICO_PARCERIA = 1, TP_PODER_PUBLICO_PARCERIA = 1"
edu.matriculas.conveniadas_municipais,4205407,Florianópolis,SC,2024,Total da educação básica,,1497,matrículas,OBSERVADO,,,sim,inep_censo_2024,"Censo Escolar 2024, escolas com CO_MUNICIPIO = 4205407 e TP_DEPENDENCIA = 4, IN_PODER_PUBLICO_PARCERIA = 1, TP_PODER_PUBLICO_PARCERIA = 1"
edu.matriculas.conveniadas_municipais,4205407,Florianópolis,SC,2024,Creche,,752,matrículas,OBSERVADO,,,sim,inep_censo_2024,"Censo Escolar 2024, escolas com CO_MUNICIPIO = 4205407 e TP_DEPENDENCIA = 4, IN_PODER_PUBLICO_PARCERIA = 1, TP_PODER_PUBLICO_PARCERIA = 1"
edu.matriculas.conveniadas_municipais,4205407,Florianópolis,SC,2024,Pré-escola,,745,matrículas,OBSERVADO,,,sim,inep_censo_2024,"Censo Escolar 2024, escolas com CO_MUNICIPIO = 4205407 e TP_DEPENDENCIA = 4, IN_PODER_PUBLICO_PARCERIA = 1, TP_PODER_PUBLICO_PARCERIA = 1"
edu.matriculas.conveniadas_municipais,4205407,Florianópolis,SC,2024,"Ensino fundamental, anos iniciais",,0,matrículas,OBSERVADO,,,sim,inep_censo_2024,"Censo Escolar 2024, escolas com CO_MUNICIPIO = 4205407 e TP_DEPENDENCIA = 4, IN_PODER_PUBLICO_PARCERIA = 1, TP_PODER_PUBLICO_PARCERIA = 1"
edu.matriculas.conveniadas_municipais,4205407,Florianópolis,SC,2024,"Ensino fundamental, anos finais",,0,matrículas,OBSERVADO,,,sim,inep_censo_2024,"Censo Escolar 2024, escolas com CO_MUNICIPIO = 4205407 e TP_DEPENDENCIA = 4, IN_PODER_PUBLICO_PARCERIA = 1, TP_PODER_PUBLICO_PARCERIA = 1"
edu.matriculas.conveniadas_municipais,4205407,Florianópolis,SC,2024,Ensino médio,,0,matrículas,OBSERVADO,,,sim,inep_censo_2024,"Censo Escolar 2024, escolas com CO_MUNICIPIO = 4205407 e TP_DEPENDENCIA = 4, IN_PODER_PUBLICO_PARCERIA = 1, TP_PODER_PUBLICO_PARCERIA = 1"
edu.matriculas.conveniadas_municipais,4205407,Florianópolis,SC,2024,Educação de jovens e adultos,,0,matrículas,OBSERVADO,,,sim,inep_censo_2024,"Censo Escolar 2024, escolas com CO_MUNICIPIO = 4205407 e TP_DEPENDENCIA = 4, IN_PODER_PUBLICO_PARCERIA = 1, TP_PODER_PUBLICO_PARCERIA = 1"
edu.matriculas.conveniadas_municipais,4205407,Florianópolis,SC,2024,Educação profissional não integrada,,0,matrículas,OBSERVADO,,,sim,inep_censo_2024,"Censo Escolar 2024, escolas com CO_MUNICIPIO = 4205407 e TP_DEPENDENCIA = 4, IN_PODER_PUBLICO_PARCERIA = 1, TP_PODER_PUBLICO_PARCERIA = 1"
edu.matriculas.conveniadas_municipais,3550308,São Paulo,SP,2024,Total da educação básica,,295495,matrículas,OBSERVADO,,,sim,inep_censo_2024,"Censo Escolar 2024, escolas com CO_MUNICIPIO = 3550308 e TP_DEPENDENCIA = 4, IN_PODER_PUBLICO_PARCERIA = 1, TP_PODER_PUBLICO_PARCERIA = 1"
edu.matriculas.conveniadas_municipais,3550308,São Paulo,SP,2024,Creche,,275597,matrículas,OBSERVADO,,,sim,inep_censo_2024,"Censo Escolar 2024, escolas com CO_MUNICIPIO = 3550308 e TP_DEPENDENCIA = 4, IN_PODER_PUBLICO_PARCERIA = 1, TP_PODER_PUBLICO_PARCERIA = 1"
edu.matriculas.conveniadas_municipais,3550308,São Paulo,SP,2024,Pré-escola,,19628,matrículas,OBSERVADO,,,sim,inep_censo_2024,"Censo Escolar 2024, escolas com CO_MUNICIPIO = 3550308 e TP_DEPENDENCIA = 4, IN_PODER_PUBLICO_PARCERIA = 1, TP_PODER_PUBLICO_PARCERIA = 1"
edu.matriculas.conveniadas_municipais,3550308,São Paulo,SP,2024,"Ensino fundamental, anos iniciais",,270,matrículas,OBSERVADO,,,sim,inep_censo_2024,"Censo Escolar 2024, escolas com CO_MUNICIPIO = 3550308 e TP_DEPENDENCIA = 4, IN_PODER_PUBLICO_PARCERIA = 1, TP_PODER_PUBLICO_PARCERIA = 1"
edu.matriculas.conveniadas_municipais,3550308,São Paulo,SP,2024,"Ensino fundamental, anos finais",,0,matrículas,OBSERVADO,,,sim,inep_censo_2024,"Censo Escolar 2024, escolas com CO_MUNICIPIO = 3550308 e TP_DEPENDENCIA = 4, IN_PODER_PUBLICO_PARCERIA = 1, TP_PODER_PUBLICO_PARCERIA = 1"
edu.matriculas.conveniadas_municipais,3550308,São Paulo,SP,2024,Ensino médio,,0,matrículas,OBSERVADO,,,sim,inep_censo_2024,"Censo Escolar 2024, escolas com CO_MUNICIPIO = 3550308 e TP_DEPENDENCIA = 4, IN_PODER_PUBLICO_PARCERIA = 1, TP_PODER_PUBLICO_PARCERIA = 1"
edu.matriculas.conveniadas_municipais,3550308,São Paulo,SP,2024,Educação de jovens e adultos,,0,matrículas,OBSERVADO,,,sim,inep_censo_2024,"Censo Escolar 2024, escolas com CO_MUNICIPIO = 3550308 e TP_DEPENDENCIA = 4, IN_PODER_PUBLICO_PARCERIA = 1, TP_PODER_PUBLICO_PARCERIA = 1"
edu.matriculas.conveniadas_municipais,3550308,São Paulo,SP,2024,Educação profissional não integrada,,0,matrículas,OBSERVADO,,,sim,inep_censo_2024,"Censo Escolar 2024, escolas com CO_MUNICIPIO = 3550308 e TP_DEPENDENCIA = 4, IN_PODER_PUBLICO_PARCERIA = 1, TP_PODER_PUBLICO_PARCERIA = 1"
edu.matriculas.conveniadas_municipais,2800308,Aracaju,SE,2024,Total da educação básica,,274,matrículas,OBSERVADO,,,sim,inep_censo_2024,"Censo Escolar 2024, escolas com CO_MUNICIPIO = 2800308 e TP_DEPENDENCIA = 4, IN_PODER_PUBLICO_PARCERIA = 1, TP_PODER_PUBLICO_PARCERIA = 1"
edu.matriculas.conveniadas_municipais,2800308,Aracaju,SE,2024,Creche,,81,matrículas,OBSERVADO,,,sim,inep_censo_2024,"Censo Escolar 2024, escolas com CO_MUNICIPIO = 2800308 e TP_DEPENDENCIA = 4, IN_PODER_PUBLICO_PARCERIA = 1, TP_PODER_PUBLICO_PARCERIA = 1"
edu.matriculas.conveniadas_municipais,2800308,Aracaju,SE,2024,Pré-escola,,145,matrículas,OBSERVADO,,,sim,inep_censo_2024,"Censo Escolar 2024, escolas com CO_MUNICIPIO = 2800308 e TP_DEPENDENCIA = 4, IN_PODER_PUBLICO_PARCERIA = 1, TP_PODER_PUBLICO_PARCERIA = 1"
edu.matriculas.conveniadas_municipais,2800308,Aracaju,SE,2024,"Ensino fundamental, anos iniciais",,48,matrículas,OBSERVADO,,,sim,inep_censo_2024,"Censo Escolar 2024, escolas com CO_MUNICIPIO = 2800308 e TP_DEPENDENCIA = 4, IN_PODER_PUBLICO_PARCERIA = 1, TP_PODER_PUBLICO_PARCERIA = 1"
edu.matriculas.conveniadas_municipais,2800308,Aracaju,SE,2024,"Ensino fundamental, anos finais",,0,matrículas,OBSERVADO,,,sim,inep_censo_2024,"Censo Escolar 2024, escolas com CO_MUNICIPIO = 2800308 e TP_DEPENDENCIA = 4, IN_PODER_PUBLICO_PARCERIA = 1, TP_PODER_PUBLICO_PARCERIA = 1"
edu.matriculas.conveniadas_municipais,2800308,Aracaju,SE,2024,Ensino médio,,0,matrículas,OBSERVADO,,,sim,inep_censo_2024,"Censo Escolar 2024, escolas com CO_MUNICIPIO = 2800308 e TP_DEPENDENCIA = 4, IN_PODER_PUBLICO_PARCERIA = 1, TP_PODER_PUBLICO_PARCERIA = 1"
edu.matriculas.conveniadas_municipais,2800308,Aracaju,SE,2024,Educação de jovens e adultos,,0,matrículas,OBSERVADO,,,sim,inep_censo_2024,"Censo Escolar 2024, escolas com CO_MUNICIPIO = 2800308 e TP_DEPENDENCIA = 4, IN_PODER_PUBLICO_PARCERIA = 1, TP_PODER_PUBLICO_PARCERIA = 1"
edu.matriculas.conveniadas_municipais,2800308,Aracaju,SE,2024,Educação profissional não integrada,,0,matrículas,OBSERVADO,,,sim,inep_censo_2024,"Censo Escolar 2024, escolas com CO_MUNICIPIO = 2800308 e TP_DEPENDENCIA = 4, IN_PODER_PUBLICO_PARCERIA = 1, TP_PODER_PUBLICO_PARCERIA = 1"
edu.matriculas.conveniadas_municipais,1721000,Palmas,TO,2024,Total da educação básica,,0,matrículas,OBSERVADO,,,sim,inep_censo_2024,"Censo Escolar 2024, escolas com CO_MUNICIPIO = 1721000 e TP_DEPENDENCIA = 4, IN_PODER_PUBLICO_PARCERIA = 1, TP_PODER_PUBLICO_PARCERIA = 1"
edu.matriculas.conveniadas_municipais,1721000,Palmas,TO,2024,Creche,,0,matrículas,OBSERVADO,,,sim,inep_censo_2024,"Censo Escolar 2024, escolas com CO_MUNICIPIO = 1721000 e TP_DEPENDENCIA = 4, IN_PODER_PUBLICO_PARCERIA = 1, TP_PODER_PUBLICO_PARCERIA = 1"
edu.matriculas.conveniadas_municipais,1721000,Palmas,TO,2024,Pré-escola,,0,matrículas,OBSERVADO,,,sim,inep_censo_2024,"Censo Escolar 2024, escolas com CO_MUNICIPIO = 1721000 e TP_DEPENDENCIA = 4, IN_PODER_PUBLICO_PARCERIA = 1, TP_PODER_PUBLICO_PARCERIA = 1"
edu.matriculas.conveniadas_municipais,1721000,Palmas,TO,2024,"Ensino fundamental, anos iniciais",,0,matrículas,OBSERVADO,,,sim,inep_censo_2024,"Censo Escolar 2024, escolas com CO_MUNICIPIO = 1721000 e TP_DEPENDENCIA = 4, IN_PODER_PUBLICO_PARCERIA = 1, TP_PODER_PUBLICO_PARCERIA = 1"
edu.matriculas.conveniadas_municipais,1721000,Palmas,TO,2024,"Ensino fundamental, anos finais",,0,matrículas,OBSERVADO,,,sim,inep_censo_2024,"Censo Escolar 2024, escolas com CO_MUNICIPIO = 1721000 e TP_DEPENDENCIA = 4, IN_PODER_PUBLICO_PARCERIA = 1, TP_PODER_PUBLICO_PARCERIA = 1"
edu.matriculas.conveniadas_municipais,1721000,Palmas,TO,2024,Ensino médio,,0,matrículas,OBSERVADO,,,sim,inep_censo_2024,"Censo Escolar 2024, escolas com CO_MUNICIPIO = 1721000 e TP_DEPENDENCIA = 4, IN_PODER_PUBLICO_PARCERIA = 1, TP_PODER_PUBLICO_PARCERIA = 1"
edu.matriculas.conveniadas_municipais,1721000,Palmas,TO,2024,Educação de jovens e adultos,,0,matrículas,OBSERVADO,,,sim,inep_censo_2024,"Censo Escolar 2024, escolas com CO_MUNICIPIO = 1721000 e TP_DEPENDENCIA = 4, IN_PODER_PUBLICO_PARCERIA = 1, TP_PODER_PUBLICO_PARCERIA = 1"
edu.matriculas.conveniadas_municipais,1721000,Palmas,TO,2024,Educação profissional não integrada,,0,matrículas,OBSERVADO,,,sim,inep_censo_2024,"Censo Escolar 2024, escolas com CO_MUNICIPIO = 1721000 e TP_DEPENDENCIA = 4, IN_PODER_PUBLICO_PARCERIA = 1, TP_PODER_PUBLICO_PARCERIA = 1"
edu.matriculas.conveniadas_municipais,1200401,Rio Branco,AC,2025,Total da educação básica,,0,matrículas,OBSERVADO,,,sim,inep_censo_2025,"Censo Escolar 2025, escolas com CO_MUNICIPIO = 1200401 e TP_DEPENDENCIA = 4, IN_PODER_PUBLICO_PARCERIA = 1, TP_PODER_PUBLICO_PARCERIA = 1"
edu.matriculas.conveniadas_municipais,1200401,Rio Branco,AC,2025,Creche,,0,matrículas,OBSERVADO,,,sim,inep_censo_2025,"Censo Escolar 2025, escolas com CO_MUNICIPIO = 1200401 e TP_DEPENDENCIA = 4, IN_PODER_PUBLICO_PARCERIA = 1, TP_PODER_PUBLICO_PARCERIA = 1"
edu.matriculas.conveniadas_municipais,1200401,Rio Branco,AC,2025,Pré-escola,,0,matrículas,OBSERVADO,,,sim,inep_censo_2025,"Censo Escolar 2025, escolas com CO_MUNICIPIO = 1200401 e TP_DEPENDENCIA = 4, IN_PODER_PUBLICO_PARCERIA = 1, TP_PODER_PUBLICO_PARCERIA = 1"
edu.matriculas.conveniadas_municipais,1200401,Rio Branco,AC,2025,"Ensino fundamental, anos iniciais",,0,matrículas,OBSERVADO,,,sim,inep_censo_2025,"Censo Escolar 2025, escolas com CO_MUNICIPIO = 1200401 e TP_DEPENDENCIA = 4, IN_PODER_PUBLICO_PARCERIA = 1, TP_PODER_PUBLICO_PARCERIA = 1"
edu.matriculas.conveniadas_municipais,1200401,Rio Branco,AC,2025,"Ensino fundamental, anos finais",,0,matrículas,OBSERVADO,,,sim,inep_censo_2025,"Censo Escolar 2025, escolas com CO_MUNICIPIO = 1200401 e TP_DEPENDENCIA = 4, IN_PODER_PUBLICO_PARCERIA = 1, TP_PODER_PUBLICO_PARCERIA = 1"
edu.matriculas.conveniadas_municipais,1200401,Rio Branco,AC,2025,Ensino médio,,0,matrículas,OBSERVADO,,,sim,inep_censo_2025,"Censo Escolar 2025, escolas com CO_MUNICIPIO = 1200401 e TP_DEPENDENCIA = 4, IN_PODER_PUBLICO_PARCERIA = 1, TP_PODER_PUBLICO_PARCERIA = 1"
edu.matriculas.conveniadas_municipais,1200401,Rio Branco,AC,2025,Educação de jovens e adultos,,0,matrículas,OBSERVADO,,,sim,inep_censo_2025,"Censo Escolar 2025, escolas com CO_MUNICIPIO = 1200401 e TP_DEPENDENCIA = 4, IN_PODER_PUBLICO_PARCERIA = 1, TP_PODER_PUBLICO_PARCERIA = 1"
edu.matriculas.conveniadas_municipais,1200401,Rio Branco,AC,2025,Educação profissional não integrada,,0,matrículas,OBSERVADO,,,sim,inep_censo_2025,"Censo Escolar 2025, escolas com CO_MUNICIPIO = 1200401 e TP_DEPENDENCIA = 4, IN_PODER_PUBLICO_PARCERIA = 1, TP_PODER_PUBLICO_PARCERIA = 1"
edu.matriculas.conveniadas_municipais,2704302,Maceió,AL,2025,Total da educação básica,,0,matrículas,OBSERVADO,,,sim,inep_censo_2025,"Censo Escolar 2025, escolas com CO_MUNICIPIO = 2704302 e TP_DEPENDENCIA = 4, IN_PODER_PUBLICO_PARCERIA = 1, TP_PODER_PUBLICO_PARCERIA = 1"
edu.matriculas.conveniadas_municipais,2704302,Maceió,AL,2025,Creche,,0,matrículas,OBSERVADO,,,sim,inep_censo_2025,"Censo Escolar 2025, escolas com CO_MUNICIPIO = 2704302 e TP_DEPENDENCIA = 4, IN_PODER_PUBLICO_PARCERIA = 1, TP_PODER_PUBLICO_PARCERIA = 1"
edu.matriculas.conveniadas_municipais,2704302,Maceió,AL,2025,Pré-escola,,0,matrículas,OBSERVADO,,,sim,inep_censo_2025,"Censo Escolar 2025, escolas com CO_MUNICIPIO = 2704302 e TP_DEPENDENCIA = 4, IN_PODER_PUBLICO_PARCERIA = 1, TP_PODER_PUBLICO_PARCERIA = 1"
edu.matriculas.conveniadas_municipais,2704302,Maceió,AL,2025,"Ensino fundamental, anos iniciais",,0,matrículas,OBSERVADO,,,sim,inep_censo_2025,"Censo Escolar 2025, escolas com CO_MUNICIPIO = 2704302 e TP_DEPENDENCIA = 4, IN_PODER_PUBLICO_PARCERIA = 1, TP_PODER_PUBLICO_PARCERIA = 1"
edu.matriculas.conveniadas_municipais,2704302,Maceió,AL,2025,"Ensino fundamental, anos finais",,0,matrículas,OBSERVADO,,,sim,inep_censo_2025,"Censo Escolar 2025, escolas com CO_MUNICIPIO = 2704302 e TP_DEPENDENCIA = 4, IN_PODER_PUBLICO_PARCERIA = 1, TP_PODER_PUBLICO_PARCERIA = 1"
edu.matriculas.conveniadas_municipais,2704302,Maceió,AL,2025,Ensino médio,,0,matrículas,OBSERVADO,,,sim,inep_censo_2025,"Censo Escolar 2025, escolas com CO_MUNICIPIO = 2704302 e TP_DEPENDENCIA = 4, IN_PODER_PUBLICO_PARCERIA = 1, TP_PODER_PUBLICO_PARCERIA = 1"
edu.matriculas.conveniadas_municipais,2704302,Maceió,AL,2025,Educação de jovens e adultos,,0,matrículas,OBSERVADO,,,sim,inep_censo_2025,"Censo Escolar 2025, escolas com CO_MUNICIPIO = 2704302 e TP_DEPENDENCIA = 4, IN_PODER_PUBLICO_PARCERIA = 1, TP_PODER_PUBLICO_PARCERIA = 1"
edu.matriculas.conveniadas_municipais,2704302,Maceió,AL,2025,Educação profissional não integrada,,0,matrículas,OBSERVADO,,,sim,inep_censo_2025,"Censo Escolar 2025, escolas com CO_MUNICIPIO = 2704302 e TP_DEPENDENCIA = 4, IN_PODER_PUBLICO_PARCERIA = 1, TP_PODER_PUBLICO_PARCERIA = 1"
edu.matriculas.conveniadas_municipais,1600303,Macapá,AP,2025,Total da educação básica,,187,matrículas,OBSERVADO,,,sim,inep_censo_2025,"Censo Escolar 2025, escolas com CO_MUNICIPIO = 1600303 e TP_DEPENDENCIA = 4, IN_PODER_PUBLICO_PARCERIA = 1, TP_PODER_PUBLICO_PARCERIA = 1"
edu.matriculas.conveniadas_municipais,1600303,Macapá,AP,2025,Creche,,3,matrículas,OBSERVADO,,,sim,inep_censo_2025,"Censo Escolar 2025, escolas com CO_MUNICIPIO = 1600303 e TP_DEPENDENCIA = 4, IN_PODER_PUBLICO_PARCERIA = 1, TP_PODER_PUBLICO_PARCERIA = 1"
edu.matriculas.conveniadas_municipais,1600303,Macapá,AP,2025,Pré-escola,,42,matrículas,OBSERVADO,,,sim,inep_censo_2025,"Censo Escolar 2025, escolas com CO_MUNICIPIO = 1600303 e TP_DEPENDENCIA = 4, IN_PODER_PUBLICO_PARCERIA = 1, TP_PODER_PUBLICO_PARCERIA = 1"
edu.matriculas.conveniadas_municipais,1600303,Macapá,AP,2025,"Ensino fundamental, anos iniciais",,32,matrículas,OBSERVADO,,,sim,inep_censo_2025,"Censo Escolar 2025, escolas com CO_MUNICIPIO = 1600303 e TP_DEPENDENCIA = 4, IN_PODER_PUBLICO_PARCERIA = 1, TP_PODER_PUBLICO_PARCERIA = 1"
edu.matriculas.conveniadas_municipais,1600303,Macapá,AP,2025,"Ensino fundamental, anos finais",,0,matrículas,OBSERVADO,,,sim,inep_censo_2025,"Censo Escolar 2025, escolas com CO_MUNICIPIO = 1600303 e TP_DEPENDENCIA = 4, IN_PODER_PUBLICO_PARCERIA = 1, TP_PODER_PUBLICO_PARCERIA = 1"
edu.matriculas.conveniadas_municipais,1600303,Macapá,AP,2025,Ensino médio,,0,matrículas,OBSERVADO,,,sim,inep_censo_2025,"Censo Escolar 2025, escolas com CO_MUNICIPIO = 1600303 e TP_DEPENDENCIA = 4, IN_PODER_PUBLICO_PARCERIA = 1, TP_PODER_PUBLICO_PARCERIA = 1"
edu.matriculas.conveniadas_municipais,1600303,Macapá,AP,2025,Educação de jovens e adultos,,110,matrículas,OBSERVADO,,,sim,inep_censo_2025,"Censo Escolar 2025, escolas com CO_MUNICIPIO = 1600303 e TP_DEPENDENCIA = 4, IN_PODER_PUBLICO_PARCERIA = 1, TP_PODER_PUBLICO_PARCERIA = 1"
edu.matriculas.conveniadas_municipais,1600303,Macapá,AP,2025,Educação profissional não integrada,,0,matrículas,OBSERVADO,,,sim,inep_censo_2025,"Censo Escolar 2025, escolas com CO_MUNICIPIO = 1600303 e TP_DEPENDENCIA = 4, IN_PODER_PUBLICO_PARCERIA = 1, TP_PODER_PUBLICO_PARCERIA = 1"
edu.matriculas.conveniadas_municipais,1302603,Manaus,AM,2025,Total da educação básica,,763,matrículas,OBSERVADO,,,sim,inep_censo_2025,"Censo Escolar 2025, escolas com CO_MUNICIPIO = 1302603 e TP_DEPENDENCIA = 4, IN_PODER_PUBLICO_PARCERIA = 1, TP_PODER_PUBLICO_PARCERIA = 1"
edu.matriculas.conveniadas_municipais,1302603,Manaus,AM,2025,Creche,,182,matrículas,OBSERVADO,,,sim,inep_censo_2025,"Censo Escolar 2025, escolas com CO_MUNICIPIO = 1302603 e TP_DEPENDENCIA = 4, IN_PODER_PUBLICO_PARCERIA = 1, TP_PODER_PUBLICO_PARCERIA = 1"
edu.matriculas.conveniadas_municipais,1302603,Manaus,AM,2025,Pré-escola,,227,matrículas,OBSERVADO,,,sim,inep_censo_2025,"Censo Escolar 2025, escolas com CO_MUNICIPIO = 1302603 e TP_DEPENDENCIA = 4, IN_PODER_PUBLICO_PARCERIA = 1, TP_PODER_PUBLICO_PARCERIA = 1"
edu.matriculas.conveniadas_municipais,1302603,Manaus,AM,2025,"Ensino fundamental, anos iniciais",,321,matrículas,OBSERVADO,,,sim,inep_censo_2025,"Censo Escolar 2025, escolas com CO_MUNICIPIO = 1302603 e TP_DEPENDENCIA = 4, IN_PODER_PUBLICO_PARCERIA = 1, TP_PODER_PUBLICO_PARCERIA = 1"
edu.matriculas.conveniadas_municipais,1302603,Manaus,AM,2025,"Ensino fundamental, anos finais",,33,matrículas,OBSERVADO,,,sim,inep_censo_2025,"Censo Escolar 2025, escolas com CO_MUNICIPIO = 1302603 e TP_DEPENDENCIA = 4, IN_PODER_PUBLICO_PARCERIA = 1, TP_PODER_PUBLICO_PARCERIA = 1"
edu.matriculas.conveniadas_municipais,1302603,Manaus,AM,2025,Ensino médio,,0,matrículas,OBSERVADO,,,sim,inep_censo_2025,"Censo Escolar 2025, escolas com CO_MUNICIPIO = 1302603 e TP_DEPENDENCIA = 4, IN_PODER_PUBLICO_PARCERIA = 1, TP_PODER_PUBLICO_PARCERIA = 1"
edu.matriculas.conveniadas_municipais,1302603,Manaus,AM,2025,Educação de jovens e adultos,,0,matrículas,OBSERVADO,,,sim,inep_censo_2025,"Censo Escolar 2025, escolas com CO_MUNICIPIO = 1302603 e TP_DEPENDENCIA = 4, IN_PODER_PUBLICO_PARCERIA = 1, TP_PODER_PUBLICO_PARCERIA = 1"
edu.matriculas.conveniadas_municipais,1302603,Manaus,AM,2025,Educação profissional não integrada,,0,matrículas,OBSERVADO,,,sim,inep_censo_2025,"Censo Escolar 2025, escolas com CO_MUNICIPIO = 1302603 e TP_DEPENDENCIA = 4, IN_PODER_PUBLICO_PARCERIA = 1, TP_PODER_PUBLICO_PARCERIA = 1"
edu.matriculas.conveniadas_municipais,2927408,Salvador,BA,2025,Total da educação básica,,29481,matrículas,OBSERVADO,,,sim,inep_censo_2025,"Censo Escolar 2025, escolas com CO_MUNICIPIO = 2927408 e TP_DEPENDENCIA = 4, IN_PODER_PUBLICO_PARCERIA = 1, TP_PODER_PUBLICO_PARCERIA = 1"
edu.matriculas.conveniadas_municipais,2927408,Salvador,BA,2025,Creche,,15818,matrículas,OBSERVADO,,,sim,inep_censo_2025,"Censo Escolar 2025, escolas com CO_MUNICIPIO = 2927408 e TP_DEPENDENCIA = 4, IN_PODER_PUBLICO_PARCERIA = 1, TP_PODER_PUBLICO_PARCERIA = 1"
edu.matriculas.conveniadas_municipais,2927408,Salvador,BA,2025,Pré-escola,,11611,matrículas,OBSERVADO,,,sim,inep_censo_2025,"Censo Escolar 2025, escolas com CO_MUNICIPIO = 2927408 e TP_DEPENDENCIA = 4, IN_PODER_PUBLICO_PARCERIA = 1, TP_PODER_PUBLICO_PARCERIA = 1"
edu.matriculas.conveniadas_municipais,2927408,Salvador,BA,2025,"Ensino fundamental, anos iniciais",,1596,matrículas,OBSERVADO,,,sim,inep_censo_2025,"Censo Escolar 2025, escolas com CO_MUNICIPIO = 2927408 e TP_DEPENDENCIA = 4, IN_PODER_PUBLICO_PARCERIA = 1, TP_PODER_PUBLICO_PARCERIA = 1"
edu.matriculas.conveniadas_municipais,2927408,Salvador,BA,2025,"Ensino fundamental, anos finais",,350,matrículas,OBSERVADO,,,sim,inep_censo_2025,"Censo Escolar 2025, escolas com CO_MUNICIPIO = 2927408 e TP_DEPENDENCIA = 4, IN_PODER_PUBLICO_PARCERIA = 1, TP_PODER_PUBLICO_PARCERIA = 1"
edu.matriculas.conveniadas_municipais,2927408,Salvador,BA,2025,Ensino médio,,106,matrículas,OBSERVADO,,,sim,inep_censo_2025,"Censo Escolar 2025, escolas com CO_MUNICIPIO = 2927408 e TP_DEPENDENCIA = 4, IN_PODER_PUBLICO_PARCERIA = 1, TP_PODER_PUBLICO_PARCERIA = 1"
edu.matriculas.conveniadas_municipais,2927408,Salvador,BA,2025,Educação de jovens e adultos,,0,matrículas,OBSERVADO,,,sim,inep_censo_2025,"Censo Escolar 2025, escolas com CO_MUNICIPIO = 2927408 e TP_DEPENDENCIA = 4, IN_PODER_PUBLICO_PARCERIA = 1, TP_PODER_PUBLICO_PARCERIA = 1"
edu.matriculas.conveniadas_municipais,2927408,Salvador,BA,2025,Educação profissional não integrada,,0,matrículas,OBSERVADO,,,sim,inep_censo_2025,"Censo Escolar 2025, escolas com CO_MUNICIPIO = 2927408 e TP_DEPENDENCIA = 4, IN_PODER_PUBLICO_PARCERIA = 1, TP_PODER_PUBLICO_PARCERIA = 1"
edu.matriculas.conveniadas_municipais,2304400,Fortaleza,CE,2025,Total da educação básica,,9151,matrículas,OBSERVADO,,,sim,inep_censo_2025,"Censo Escolar 2025, escolas com CO_MUNICIPIO = 2304400 e TP_DEPENDENCIA = 4, IN_PODER_PUBLICO_PARCERIA = 1, TP_PODER_PUBLICO_PARCERIA = 1"
edu.matriculas.conveniadas_municipais,2304400,Fortaleza,CE,2025,Creche,,8950,matrículas,OBSERVADO,,,sim,inep_censo_2025,"Censo Escolar 2025, escolas com CO_MUNICIPIO = 2304400 e TP_DEPENDENCIA = 4, IN_PODER_PUBLICO_PARCERIA = 1, TP_PODER_PUBLICO_PARCERIA = 1"
edu.matriculas.conveniadas_municipais,2304400,Fortaleza,CE,2025,Pré-escola,,166,matrículas,OBSERVADO,,,sim,inep_censo_2025,"Censo Escolar 2025, escolas com CO_MUNICIPIO = 2304400 e TP_DEPENDENCIA = 4, IN_PODER_PUBLICO_PARCERIA = 1, TP_PODER_PUBLICO_PARCERIA = 1"
edu.matriculas.conveniadas_municipais,2304400,Fortaleza,CE,2025,"Ensino fundamental, anos iniciais",,35,matrículas,OBSERVADO,,,sim,inep_censo_2025,"Censo Escolar 2025, escolas com CO_MUNICIPIO = 2304400 e TP_DEPENDENCIA = 4, IN_PODER_PUBLICO_PARCERIA = 1, TP_PODER_PUBLICO_PARCERIA = 1"
edu.matriculas.conveniadas_municipais,2304400,Fortaleza,CE,2025,"Ensino fundamental, anos finais",,0,matrículas,OBSERVADO,,,sim,inep_censo_2025,"Censo Escolar 2025, escolas com CO_MUNICIPIO = 2304400 e TP_DEPENDENCIA = 4, IN_PODER_PUBLICO_PARCERIA = 1, TP_PODER_PUBLICO_PARCERIA = 1"
edu.matriculas.conveniadas_municipais,2304400,Fortaleza,CE,2025,Ensino médio,,0,matrículas,OBSERVADO,,,sim,inep_censo_2025,"Censo Escolar 2025, escolas com CO_MUNICIPIO = 2304400 e TP_DEPENDENCIA = 4, IN_PODER_PUBLICO_PARCERIA = 1, TP_PODER_PUBLICO_PARCERIA = 1"
edu.matriculas.conveniadas_municipais,2304400,Fortaleza,CE,2025,Educação de jovens e adultos,,0,matrículas,OBSERVADO,,,sim,inep_censo_2025,"Censo Escolar 2025, escolas com CO_MUNICIPIO = 2304400 e TP_DEPENDENCIA = 4, IN_PODER_PUBLICO_PARCERIA = 1, TP_PODER_PUBLICO_PARCERIA = 1"
edu.matriculas.conveniadas_municipais,2304400,Fortaleza,CE,2025,Educação profissional não integrada,,0,matrículas,OBSERVADO,,,sim,inep_censo_2025,"Censo Escolar 2025, escolas com CO_MUNICIPIO = 2304400 e TP_DEPENDENCIA = 4, IN_PODER_PUBLICO_PARCERIA = 1, TP_PODER_PUBLICO_PARCERIA = 1"
edu.matriculas.conveniadas_municipais,3205309,Vitória,ES,2025,Total da educação básica,,0,matrículas,OBSERVADO,,,sim,inep_censo_2025,"Censo Escolar 2025, escolas com CO_MUNICIPIO = 3205309 e TP_DEPENDENCIA = 4, IN_PODER_PUBLICO_PARCERIA = 1, TP_PODER_PUBLICO_PARCERIA = 1"
edu.matriculas.conveniadas_municipais,3205309,Vitória,ES,2025,Creche,,0,matrículas,OBSERVADO,,,sim,inep_censo_2025,"Censo Escolar 2025, escolas com CO_MUNICIPIO = 3205309 e TP_DEPENDENCIA = 4, IN_PODER_PUBLICO_PARCERIA = 1, TP_PODER_PUBLICO_PARCERIA = 1"
edu.matriculas.conveniadas_municipais,3205309,Vitória,ES,2025,Pré-escola,,0,matrículas,OBSERVADO,,,sim,inep_censo_2025,"Censo Escolar 2025, escolas com CO_MUNICIPIO = 3205309 e TP_DEPENDENCIA = 4, IN_PODER_PUBLICO_PARCERIA = 1, TP_PODER_PUBLICO_PARCERIA = 1"
edu.matriculas.conveniadas_municipais,3205309,Vitória,ES,2025,"Ensino fundamental, anos iniciais",,0,matrículas,OBSERVADO,,,sim,inep_censo_2025,"Censo Escolar 2025, escolas com CO_MUNICIPIO = 3205309 e TP_DEPENDENCIA = 4, IN_PODER_PUBLICO_PARCERIA = 1, TP_PODER_PUBLICO_PARCERIA = 1"
edu.matriculas.conveniadas_municipais,3205309,Vitória,ES,2025,"Ensino fundamental, anos finais",,0,matrículas,OBSERVADO,,,sim,inep_censo_2025,"Censo Escolar 2025, escolas com CO_MUNICIPIO = 3205309 e TP_DEPENDENCIA = 4, IN_PODER_PUBLICO_PARCERIA = 1, TP_PODER_PUBLICO_PARCERIA = 1"
edu.matriculas.conveniadas_municipais,3205309,Vitória,ES,2025,Ensino médio,,0,matrículas,OBSERVADO,,,sim,inep_censo_2025,"Censo Escolar 2025, escolas com CO_MUNICIPIO = 3205309 e TP_DEPENDENCIA = 4, IN_PODER_PUBLICO_PARCERIA = 1, TP_PODER_PUBLICO_PARCERIA = 1"
edu.matriculas.conveniadas_municipais,3205309,Vitória,ES,2025,Educação de jovens e adultos,,0,matrículas,OBSERVADO,,,sim,inep_censo_2025,"Censo Escolar 2025, escolas com CO_MUNICIPIO = 3205309 e TP_DEPENDENCIA = 4, IN_PODER_PUBLICO_PARCERIA = 1, TP_PODER_PUBLICO_PARCERIA = 1"
edu.matriculas.conveniadas_municipais,3205309,Vitória,ES,2025,Educação profissional não integrada,,0,matrículas,OBSERVADO,,,sim,inep_censo_2025,"Censo Escolar 2025, escolas com CO_MUNICIPIO = 3205309 e TP_DEPENDENCIA = 4, IN_PODER_PUBLICO_PARCERIA = 1, TP_PODER_PUBLICO_PARCERIA = 1"
edu.matriculas.conveniadas_municipais,5208707,Goiânia,GO,2025,Total da educação básica,,10695,matrículas,OBSERVADO,,,sim,inep_censo_2025,"Censo Escolar 2025, escolas com CO_MUNICIPIO = 5208707 e TP_DEPENDENCIA = 4, IN_PODER_PUBLICO_PARCERIA = 1, TP_PODER_PUBLICO_PARCERIA = 1"
edu.matriculas.conveniadas_municipais,5208707,Goiânia,GO,2025,Creche,,3743,matrículas,OBSERVADO,,,sim,inep_censo_2025,"Censo Escolar 2025, escolas com CO_MUNICIPIO = 5208707 e TP_DEPENDENCIA = 4, IN_PODER_PUBLICO_PARCERIA = 1, TP_PODER_PUBLICO_PARCERIA = 1"
edu.matriculas.conveniadas_municipais,5208707,Goiânia,GO,2025,Pré-escola,,3268,matrículas,OBSERVADO,,,sim,inep_censo_2025,"Censo Escolar 2025, escolas com CO_MUNICIPIO = 5208707 e TP_DEPENDENCIA = 4, IN_PODER_PUBLICO_PARCERIA = 1, TP_PODER_PUBLICO_PARCERIA = 1"
edu.matriculas.conveniadas_municipais,5208707,Goiânia,GO,2025,"Ensino fundamental, anos iniciais",,2833,matrículas,OBSERVADO,,,sim,inep_censo_2025,"Censo Escolar 2025, escolas com CO_MUNICIPIO = 5208707 e TP_DEPENDENCIA = 4, IN_PODER_PUBLICO_PARCERIA = 1, TP_PODER_PUBLICO_PARCERIA = 1"
edu.matriculas.conveniadas_municipais,5208707,Goiânia,GO,2025,"Ensino fundamental, anos finais",,851,matrículas,OBSERVADO,,,sim,inep_censo_2025,"Censo Escolar 2025, escolas com CO_MUNICIPIO = 5208707 e TP_DEPENDENCIA = 4, IN_PODER_PUBLICO_PARCERIA = 1, TP_PODER_PUBLICO_PARCERIA = 1"
edu.matriculas.conveniadas_municipais,5208707,Goiânia,GO,2025,Ensino médio,,0,matrículas,OBSERVADO,,,sim,inep_censo_2025,"Censo Escolar 2025, escolas com CO_MUNICIPIO = 5208707 e TP_DEPENDENCIA = 4, IN_PODER_PUBLICO_PARCERIA = 1, TP_PODER_PUBLICO_PARCERIA = 1"
edu.matriculas.conveniadas_municipais,5208707,Goiânia,GO,2025,Educação de jovens e adultos,,0,matrículas,OBSERVADO,,,sim,inep_censo_2025,"Censo Escolar 2025, escolas com CO_MUNICIPIO = 5208707 e TP_DEPENDENCIA = 4, IN_PODER_PUBLICO_PARCERIA = 1, TP_PODER_PUBLICO_PARCERIA = 1"
edu.matriculas.conveniadas_municipais,5208707,Goiânia,GO,2025,Educação profissional não integrada,,0,matrículas,OBSERVADO,,,sim,inep_censo_2025,"Censo Escolar 2025, escolas com CO_MUNICIPIO = 5208707 e TP_DEPENDENCIA = 4, IN_PODER_PUBLICO_PARCERIA = 1, TP_PODER_PUBLICO_PARCERIA = 1"
edu.matriculas.conveniadas_municipais,2111300,São Luís,MA,2025,Total da educação básica,,31107,matrículas,OBSERVADO,,,sim,inep_censo_2025,"Censo Escolar 2025, escolas com CO_MUNICIPIO = 2111300 e TP_DEPENDENCIA = 4, IN_PODER_PUBLICO_PARCERIA = 1, TP_PODER_PUBLICO_PARCERIA = 1"
edu.matriculas.conveniadas_municipais,2111300,São Luís,MA,2025,Creche,,9693,matrículas,OBSERVADO,,,sim,inep_censo_2025,"Censo Escolar 2025, escolas com CO_MUNICIPIO = 2111300 e TP_DEPENDENCIA = 4, IN_PODER_PUBLICO_PARCERIA = 1, TP_PODER_PUBLICO_PARCERIA = 1"
edu.matriculas.conveniadas_municipais,2111300,São Luís,MA,2025,Pré-escola,,10173,matrículas,OBSERVADO,,,sim,inep_censo_2025,"Censo Escolar 2025, escolas com CO_MUNICIPIO = 2111300 e TP_DEPENDENCIA = 4, IN_PODER_PUBLICO_PARCERIA = 1, TP_PODER_PUBLICO_PARCERIA = 1"
edu.matriculas.conveniadas_municipais,2111300,São Luís,MA,2025,"Ensino fundamental, anos iniciais",,9097,matrículas,OBSERVADO,,,sim,inep_censo_2025,"Censo Escolar 2025, escolas com CO_MUNICIPIO = 2111300 e TP_DEPENDENCIA = 4, IN_PODER_PUBLICO_PARCERIA = 1, TP_PODER_PUBLICO_PARCERIA = 1"
edu.matriculas.conveniadas_municipais,2111300,São Luís,MA,2025,"Ensino fundamental, anos finais",,2074,matrículas,OBSERVADO,,,sim,inep_censo_2025,"Censo Escolar 2025, escolas com CO_MUNICIPIO = 2111300 e TP_DEPENDENCIA = 4, IN_PODER_PUBLICO_PARCERIA = 1, TP_PODER_PUBLICO_PARCERIA = 1"
edu.matriculas.conveniadas_municipais,2111300,São Luís,MA,2025,Ensino médio,,69,matrículas,OBSERVADO,,,sim,inep_censo_2025,"Censo Escolar 2025, escolas com CO_MUNICIPIO = 2111300 e TP_DEPENDENCIA = 4, IN_PODER_PUBLICO_PARCERIA = 1, TP_PODER_PUBLICO_PARCERIA = 1"
edu.matriculas.conveniadas_municipais,2111300,São Luís,MA,2025,Educação de jovens e adultos,,1,matrículas,OBSERVADO,,,sim,inep_censo_2025,"Censo Escolar 2025, escolas com CO_MUNICIPIO = 2111300 e TP_DEPENDENCIA = 4, IN_PODER_PUBLICO_PARCERIA = 1, TP_PODER_PUBLICO_PARCERIA = 1"
edu.matriculas.conveniadas_municipais,2111300,São Luís,MA,2025,Educação profissional não integrada,,0,matrículas,OBSERVADO,,,sim,inep_censo_2025,"Censo Escolar 2025, escolas com CO_MUNICIPIO = 2111300 e TP_DEPENDENCIA = 4, IN_PODER_PUBLICO_PARCERIA = 1, TP_PODER_PUBLICO_PARCERIA = 1"
edu.matriculas.conveniadas_municipais,5103403,Cuiabá,MT,2025,Total da educação básica,,2189,matrículas,OBSERVADO,,,sim,inep_censo_2025,"Censo Escolar 2025, escolas com CO_MUNICIPIO = 5103403 e TP_DEPENDENCIA = 4, IN_PODER_PUBLICO_PARCERIA = 1, TP_PODER_PUBLICO_PARCERIA = 1"
edu.matriculas.conveniadas_municipais,5103403,Cuiabá,MT,2025,Creche,,1284,matrículas,OBSERVADO,,,sim,inep_censo_2025,"Censo Escolar 2025, escolas com CO_MUNICIPIO = 5103403 e TP_DEPENDENCIA = 4, IN_PODER_PUBLICO_PARCERIA = 1, TP_PODER_PUBLICO_PARCERIA = 1"
edu.matriculas.conveniadas_municipais,5103403,Cuiabá,MT,2025,Pré-escola,,533,matrículas,OBSERVADO,,,sim,inep_censo_2025,"Censo Escolar 2025, escolas com CO_MUNICIPIO = 5103403 e TP_DEPENDENCIA = 4, IN_PODER_PUBLICO_PARCERIA = 1, TP_PODER_PUBLICO_PARCERIA = 1"
edu.matriculas.conveniadas_municipais,5103403,Cuiabá,MT,2025,"Ensino fundamental, anos iniciais",,260,matrículas,OBSERVADO,,,sim,inep_censo_2025,"Censo Escolar 2025, escolas com CO_MUNICIPIO = 5103403 e TP_DEPENDENCIA = 4, IN_PODER_PUBLICO_PARCERIA = 1, TP_PODER_PUBLICO_PARCERIA = 1"
edu.matriculas.conveniadas_municipais,5103403,Cuiabá,MT,2025,"Ensino fundamental, anos finais",,15,matrículas,OBSERVADO,,,sim,inep_censo_2025,"Censo Escolar 2025, escolas com CO_MUNICIPIO = 5103403 e TP_DEPENDENCIA = 4, IN_PODER_PUBLICO_PARCERIA = 1, TP_PODER_PUBLICO_PARCERIA = 1"
edu.matriculas.conveniadas_municipais,5103403,Cuiabá,MT,2025,Ensino médio,,0,matrículas,OBSERVADO,,,sim,inep_censo_2025,"Censo Escolar 2025, escolas com CO_MUNICIPIO = 5103403 e TP_DEPENDENCIA = 4, IN_PODER_PUBLICO_PARCERIA = 1, TP_PODER_PUBLICO_PARCERIA = 1"
edu.matriculas.conveniadas_municipais,5103403,Cuiabá,MT,2025,Educação de jovens e adultos,,97,matrículas,OBSERVADO,,,sim,inep_censo_2025,"Censo Escolar 2025, escolas com CO_MUNICIPIO = 5103403 e TP_DEPENDENCIA = 4, IN_PODER_PUBLICO_PARCERIA = 1, TP_PODER_PUBLICO_PARCERIA = 1"
edu.matriculas.conveniadas_municipais,5103403,Cuiabá,MT,2025,Educação profissional não integrada,,0,matrículas,OBSERVADO,,,sim,inep_censo_2025,"Censo Escolar 2025, escolas com CO_MUNICIPIO = 5103403 e TP_DEPENDENCIA = 4, IN_PODER_PUBLICO_PARCERIA = 1, TP_PODER_PUBLICO_PARCERIA = 1"
edu.matriculas.conveniadas_municipais,5002704,Campo Grande,MS,2025,Total da educação básica,,2801,matrículas,OBSERVADO,,,sim,inep_censo_2025,"Censo Escolar 2025, escolas com CO_MUNICIPIO = 5002704 e TP_DEPENDENCIA = 4, IN_PODER_PUBLICO_PARCERIA = 1, TP_PODER_PUBLICO_PARCERIA = 1"
edu.matriculas.conveniadas_municipais,5002704,Campo Grande,MS,2025,Creche,,1817,matrículas,OBSERVADO,,,sim,inep_censo_2025,"Censo Escolar 2025, escolas com CO_MUNICIPIO = 5002704 e TP_DEPENDENCIA = 4, IN_PODER_PUBLICO_PARCERIA = 1, TP_PODER_PUBLICO_PARCERIA = 1"
edu.matriculas.conveniadas_municipais,5002704,Campo Grande,MS,2025,Pré-escola,,866,matrículas,OBSERVADO,,,sim,inep_censo_2025,"Censo Escolar 2025, escolas com CO_MUNICIPIO = 5002704 e TP_DEPENDENCIA = 4, IN_PODER_PUBLICO_PARCERIA = 1, TP_PODER_PUBLICO_PARCERIA = 1"
edu.matriculas.conveniadas_municipais,5002704,Campo Grande,MS,2025,"Ensino fundamental, anos iniciais",,106,matrículas,OBSERVADO,,,sim,inep_censo_2025,"Censo Escolar 2025, escolas com CO_MUNICIPIO = 5002704 e TP_DEPENDENCIA = 4, IN_PODER_PUBLICO_PARCERIA = 1, TP_PODER_PUBLICO_PARCERIA = 1"
edu.matriculas.conveniadas_municipais,5002704,Campo Grande,MS,2025,"Ensino fundamental, anos finais",,12,matrículas,OBSERVADO,,,sim,inep_censo_2025,"Censo Escolar 2025, escolas com CO_MUNICIPIO = 5002704 e TP_DEPENDENCIA = 4, IN_PODER_PUBLICO_PARCERIA = 1, TP_PODER_PUBLICO_PARCERIA = 1"
edu.matriculas.conveniadas_municipais,5002704,Campo Grande,MS,2025,Ensino médio,,0,matrículas,OBSERVADO,,,sim,inep_censo_2025,"Censo Escolar 2025, escolas com CO_MUNICIPIO = 5002704 e TP_DEPENDENCIA = 4, IN_PODER_PUBLICO_PARCERIA = 1, TP_PODER_PUBLICO_PARCERIA = 1"
edu.matriculas.conveniadas_municipais,5002704,Campo Grande,MS,2025,Educação de jovens e adultos,,0,matrículas,OBSERVADO,,,sim,inep_censo_2025,"Censo Escolar 2025, escolas com CO_MUNICIPIO = 5002704 e TP_DEPENDENCIA = 4, IN_PODER_PUBLICO_PARCERIA = 1, TP_PODER_PUBLICO_PARCERIA = 1"
edu.matriculas.conveniadas_municipais,5002704,Campo Grande,MS,2025,Educação profissional não integrada,,0,matrículas,OBSERVADO,,,sim,inep_censo_2025,"Censo Escolar 2025, escolas com CO_MUNICIPIO = 5002704 e TP_DEPENDENCIA = 4, IN_PODER_PUBLICO_PARCERIA = 1, TP_PODER_PUBLICO_PARCERIA = 1"
edu.matriculas.conveniadas_municipais,3106200,Belo Horizonte,MG,2025,Total da educação básica,,28932,matrículas,OBSERVADO,,,sim,inep_censo_2025,"Censo Escolar 2025, escolas com CO_MUNICIPIO = 3106200 e TP_DEPENDENCIA = 4, IN_PODER_PUBLICO_PARCERIA = 1, TP_PODER_PUBLICO_PARCERIA = 1"
edu.matriculas.conveniadas_municipais,3106200,Belo Horizonte,MG,2025,Creche,,22975,matrículas,OBSERVADO,,,sim,inep_censo_2025,"Censo Escolar 2025, escolas com CO_MUNICIPIO = 3106200 e TP_DEPENDENCIA = 4, IN_PODER_PUBLICO_PARCERIA = 1, TP_PODER_PUBLICO_PARCERIA = 1"
edu.matriculas.conveniadas_municipais,3106200,Belo Horizonte,MG,2025,Pré-escola,,5957,matrículas,OBSERVADO,,,sim,inep_censo_2025,"Censo Escolar 2025, escolas com CO_MUNICIPIO = 3106200 e TP_DEPENDENCIA = 4, IN_PODER_PUBLICO_PARCERIA = 1, TP_PODER_PUBLICO_PARCERIA = 1"
edu.matriculas.conveniadas_municipais,3106200,Belo Horizonte,MG,2025,"Ensino fundamental, anos iniciais",,0,matrículas,OBSERVADO,,,sim,inep_censo_2025,"Censo Escolar 2025, escolas com CO_MUNICIPIO = 3106200 e TP_DEPENDENCIA = 4, IN_PODER_PUBLICO_PARCERIA = 1, TP_PODER_PUBLICO_PARCERIA = 1"
edu.matriculas.conveniadas_municipais,3106200,Belo Horizonte,MG,2025,"Ensino fundamental, anos finais",,0,matrículas,OBSERVADO,,,sim,inep_censo_2025,"Censo Escolar 2025, escolas com CO_MUNICIPIO = 3106200 e TP_DEPENDENCIA = 4, IN_PODER_PUBLICO_PARCERIA = 1, TP_PODER_PUBLICO_PARCERIA = 1"
edu.matriculas.conveniadas_municipais,3106200,Belo Horizonte,MG,2025,Ensino médio,,0,matrículas,OBSERVADO,,,sim,inep_censo_2025,"Censo Escolar 2025, escolas com CO_MUNICIPIO = 3106200 e TP_DEPENDENCIA = 4, IN_PODER_PUBLICO_PARCERIA = 1, TP_PODER_PUBLICO_PARCERIA = 1"
edu.matriculas.conveniadas_municipais,3106200,Belo Horizonte,MG,2025,Educação de jovens e adultos,,0,matrículas,OBSERVADO,,,sim,inep_censo_2025,"Censo Escolar 2025, escolas com CO_MUNICIPIO = 3106200 e TP_DEPENDENCIA = 4, IN_PODER_PUBLICO_PARCERIA = 1, TP_PODER_PUBLICO_PARCERIA = 1"
edu.matriculas.conveniadas_municipais,3106200,Belo Horizonte,MG,2025,Educação profissional não integrada,,0,matrículas,OBSERVADO,,,sim,inep_censo_2025,"Censo Escolar 2025, escolas com CO_MUNICIPIO = 3106200 e TP_DEPENDENCIA = 4, IN_PODER_PUBLICO_PARCERIA = 1, TP_PODER_PUBLICO_PARCERIA = 1"
edu.matriculas.conveniadas_municipais,1501402,Belém,PA,2025,Total da educação básica,,5207,matrículas,OBSERVADO,,,sim,inep_censo_2025,"Censo Escolar 2025, escolas com CO_MUNICIPIO = 1501402 e TP_DEPENDENCIA = 4, IN_PODER_PUBLICO_PARCERIA = 1, TP_PODER_PUBLICO_PARCERIA = 1"
edu.matriculas.conveniadas_municipais,1501402,Belém,PA,2025,Creche,,2329,matrículas,OBSERVADO,,,sim,inep_censo_2025,"Censo Escolar 2025, escolas com CO_MUNICIPIO = 1501402 e TP_DEPENDENCIA = 4, IN_PODER_PUBLICO_PARCERIA = 1, TP_PODER_PUBLICO_PARCERIA = 1"
edu.matriculas.conveniadas_municipais,1501402,Belém,PA,2025,Pré-escola,,2878,matrículas,OBSERVADO,,,sim,inep_censo_2025,"Censo Escolar 2025, escolas com CO_MUNICIPIO = 1501402 e TP_DEPENDENCIA = 4, IN_PODER_PUBLICO_PARCERIA = 1, TP_PODER_PUBLICO_PARCERIA = 1"
edu.matriculas.conveniadas_municipais,1501402,Belém,PA,2025,"Ensino fundamental, anos iniciais",,0,matrículas,OBSERVADO,,,sim,inep_censo_2025,"Censo Escolar 2025, escolas com CO_MUNICIPIO = 1501402 e TP_DEPENDENCIA = 4, IN_PODER_PUBLICO_PARCERIA = 1, TP_PODER_PUBLICO_PARCERIA = 1"
edu.matriculas.conveniadas_municipais,1501402,Belém,PA,2025,"Ensino fundamental, anos finais",,0,matrículas,OBSERVADO,,,sim,inep_censo_2025,"Censo Escolar 2025, escolas com CO_MUNICIPIO = 1501402 e TP_DEPENDENCIA = 4, IN_PODER_PUBLICO_PARCERIA = 1, TP_PODER_PUBLICO_PARCERIA = 1"
edu.matriculas.conveniadas_municipais,1501402,Belém,PA,2025,Ensino médio,,0,matrículas,OBSERVADO,,,sim,inep_censo_2025,"Censo Escolar 2025, escolas com CO_MUNICIPIO = 1501402 e TP_DEPENDENCIA = 4, IN_PODER_PUBLICO_PARCERIA = 1, TP_PODER_PUBLICO_PARCERIA = 1"
edu.matriculas.conveniadas_municipais,1501402,Belém,PA,2025,Educação de jovens e adultos,,0,matrículas,OBSERVADO,,,sim,inep_censo_2025,"Censo Escolar 2025, escolas com CO_MUNICIPIO = 1501402 e TP_DEPENDENCIA = 4, IN_PODER_PUBLICO_PARCERIA = 1, TP_PODER_PUBLICO_PARCERIA = 1"
edu.matriculas.conveniadas_municipais,1501402,Belém,PA,2025,Educação profissional não integrada,,0,matrículas,OBSERVADO,,,sim,inep_censo_2025,"Censo Escolar 2025, escolas com CO_MUNICIPIO = 1501402 e TP_DEPENDENCIA = 4, IN_PODER_PUBLICO_PARCERIA = 1, TP_PODER_PUBLICO_PARCERIA = 1"
edu.matriculas.conveniadas_municipais,2507507,João Pessoa,PB,2025,Total da educação básica,,0,matrículas,OBSERVADO,,,sim,inep_censo_2025,"Censo Escolar 2025, escolas com CO_MUNICIPIO = 2507507 e TP_DEPENDENCIA = 4, IN_PODER_PUBLICO_PARCERIA = 1, TP_PODER_PUBLICO_PARCERIA = 1"
edu.matriculas.conveniadas_municipais,2507507,João Pessoa,PB,2025,Creche,,0,matrículas,OBSERVADO,,,sim,inep_censo_2025,"Censo Escolar 2025, escolas com CO_MUNICIPIO = 2507507 e TP_DEPENDENCIA = 4, IN_PODER_PUBLICO_PARCERIA = 1, TP_PODER_PUBLICO_PARCERIA = 1"
edu.matriculas.conveniadas_municipais,2507507,João Pessoa,PB,2025,Pré-escola,,0,matrículas,OBSERVADO,,,sim,inep_censo_2025,"Censo Escolar 2025, escolas com CO_MUNICIPIO = 2507507 e TP_DEPENDENCIA = 4, IN_PODER_PUBLICO_PARCERIA = 1, TP_PODER_PUBLICO_PARCERIA = 1"
edu.matriculas.conveniadas_municipais,2507507,João Pessoa,PB,2025,"Ensino fundamental, anos iniciais",,0,matrículas,OBSERVADO,,,sim,inep_censo_2025,"Censo Escolar 2025, escolas com CO_MUNICIPIO = 2507507 e TP_DEPENDENCIA = 4, IN_PODER_PUBLICO_PARCERIA = 1, TP_PODER_PUBLICO_PARCERIA = 1"
edu.matriculas.conveniadas_municipais,2507507,João Pessoa,PB,2025,"Ensino fundamental, anos finais",,0,matrículas,OBSERVADO,,,sim,inep_censo_2025,"Censo Escolar 2025, escolas com CO_MUNICIPIO = 2507507 e TP_DEPENDENCIA = 4, IN_PODER_PUBLICO_PARCERIA = 1, TP_PODER_PUBLICO_PARCERIA = 1"
edu.matriculas.conveniadas_municipais,2507507,João Pessoa,PB,2025,Ensino médio,,0,matrículas,OBSERVADO,,,sim,inep_censo_2025,"Censo Escolar 2025, escolas com CO_MUNICIPIO = 2507507 e TP_DEPENDENCIA = 4, IN_PODER_PUBLICO_PARCERIA = 1, TP_PODER_PUBLICO_PARCERIA = 1"
edu.matriculas.conveniadas_municipais,2507507,João Pessoa,PB,2025,Educação de jovens e adultos,,0,matrículas,OBSERVADO,,,sim,inep_censo_2025,"Censo Escolar 2025, escolas com CO_MUNICIPIO = 2507507 e TP_DEPENDENCIA = 4, IN_PODER_PUBLICO_PARCERIA = 1, TP_PODER_PUBLICO_PARCERIA = 1"
edu.matriculas.conveniadas_municipais,2507507,João Pessoa,PB,2025,Educação profissional não integrada,,0,matrículas,OBSERVADO,,,sim,inep_censo_2025,"Censo Escolar 2025, escolas com CO_MUNICIPIO = 2507507 e TP_DEPENDENCIA = 4, IN_PODER_PUBLICO_PARCERIA = 1, TP_PODER_PUBLICO_PARCERIA = 1"
edu.matriculas.conveniadas_municipais,4106902,Curitiba,PR,2025,Total da educação básica,,16458,matrículas,OBSERVADO,,,sim,inep_censo_2025,"Censo Escolar 2025, escolas com CO_MUNICIPIO = 4106902 e TP_DEPENDENCIA = 4, IN_PODER_PUBLICO_PARCERIA = 1, TP_PODER_PUBLICO_PARCERIA = 1"
edu.matriculas.conveniadas_municipais,4106902,Curitiba,PR,2025,Creche,,12274,matrículas,OBSERVADO,,,sim,inep_censo_2025,"Censo Escolar 2025, escolas com CO_MUNICIPIO = 4106902 e TP_DEPENDENCIA = 4, IN_PODER_PUBLICO_PARCERIA = 1, TP_PODER_PUBLICO_PARCERIA = 1"
edu.matriculas.conveniadas_municipais,4106902,Curitiba,PR,2025,Pré-escola,,2673,matrículas,OBSERVADO,,,sim,inep_censo_2025,"Censo Escolar 2025, escolas com CO_MUNICIPIO = 4106902 e TP_DEPENDENCIA = 4, IN_PODER_PUBLICO_PARCERIA = 1, TP_PODER_PUBLICO_PARCERIA = 1"
edu.matriculas.conveniadas_municipais,4106902,Curitiba,PR,2025,"Ensino fundamental, anos iniciais",,833,matrículas,OBSERVADO,,,sim,inep_censo_2025,"Censo Escolar 2025, escolas com CO_MUNICIPIO = 4106902 e TP_DEPENDENCIA = 4, IN_PODER_PUBLICO_PARCERIA = 1, TP_PODER_PUBLICO_PARCERIA = 1"
edu.matriculas.conveniadas_municipais,4106902,Curitiba,PR,2025,"Ensino fundamental, anos finais",,479,matrículas,OBSERVADO,,,sim,inep_censo_2025,"Censo Escolar 2025, escolas com CO_MUNICIPIO = 4106902 e TP_DEPENDENCIA = 4, IN_PODER_PUBLICO_PARCERIA = 1, TP_PODER_PUBLICO_PARCERIA = 1"
edu.matriculas.conveniadas_municipais,4106902,Curitiba,PR,2025,Ensino médio,,199,matrículas,OBSERVADO,,,sim,inep_censo_2025,"Censo Escolar 2025, escolas com CO_MUNICIPIO = 4106902 e TP_DEPENDENCIA = 4, IN_PODER_PUBLICO_PARCERIA = 1, TP_PODER_PUBLICO_PARCERIA = 1"
edu.matriculas.conveniadas_municipais,4106902,Curitiba,PR,2025,Educação de jovens e adultos,,0,matrículas,OBSERVADO,,,sim,inep_censo_2025,"Censo Escolar 2025, escolas com CO_MUNICIPIO = 4106902 e TP_DEPENDENCIA = 4, IN_PODER_PUBLICO_PARCERIA = 1, TP_PODER_PUBLICO_PARCERIA = 1"
edu.matriculas.conveniadas_municipais,4106902,Curitiba,PR,2025,Educação profissional não integrada,,0,matrículas,OBSERVADO,,,sim,inep_censo_2025,"Censo Escolar 2025, escolas com CO_MUNICIPIO = 4106902 e TP_DEPENDENCIA = 4, IN_PODER_PUBLICO_PARCERIA = 1, TP_PODER_PUBLICO_PARCERIA = 1"
edu.matriculas.conveniadas_municipais,2611606,Recife,PE,2025,Total da educação básica,,13081,matrículas,OBSERVADO,,,sim,inep_censo_2025,"Censo Escolar 2025, escolas com CO_MUNICIPIO = 2611606 e TP_DEPENDENCIA = 4, IN_PODER_PUBLICO_PARCERIA = 1, TP_PODER_PUBLICO_PARCERIA = 1"
edu.matriculas.conveniadas_municipais,2611606,Recife,PE,2025,Creche,,7542,matrículas,OBSERVADO,,,sim,inep_censo_2025,"Censo Escolar 2025, escolas com CO_MUNICIPIO = 2611606 e TP_DEPENDENCIA = 4, IN_PODER_PUBLICO_PARCERIA = 1, TP_PODER_PUBLICO_PARCERIA = 1"
edu.matriculas.conveniadas_municipais,2611606,Recife,PE,2025,Pré-escola,,5539,matrículas,OBSERVADO,,,sim,inep_censo_2025,"Censo Escolar 2025, escolas com CO_MUNICIPIO = 2611606 e TP_DEPENDENCIA = 4, IN_PODER_PUBLICO_PARCERIA = 1, TP_PODER_PUBLICO_PARCERIA = 1"
edu.matriculas.conveniadas_municipais,2611606,Recife,PE,2025,"Ensino fundamental, anos iniciais",,0,matrículas,OBSERVADO,,,sim,inep_censo_2025,"Censo Escolar 2025, escolas com CO_MUNICIPIO = 2611606 e TP_DEPENDENCIA = 4, IN_PODER_PUBLICO_PARCERIA = 1, TP_PODER_PUBLICO_PARCERIA = 1"
edu.matriculas.conveniadas_municipais,2611606,Recife,PE,2025,"Ensino fundamental, anos finais",,0,matrículas,OBSERVADO,,,sim,inep_censo_2025,"Censo Escolar 2025, escolas com CO_MUNICIPIO = 2611606 e TP_DEPENDENCIA = 4, IN_PODER_PUBLICO_PARCERIA = 1, TP_PODER_PUBLICO_PARCERIA = 1"
edu.matriculas.conveniadas_municipais,2611606,Recife,PE,2025,Ensino médio,,0,matrículas,OBSERVADO,,,sim,inep_censo_2025,"Censo Escolar 2025, escolas com CO_MUNICIPIO = 2611606 e TP_DEPENDENCIA = 4, IN_PODER_PUBLICO_PARCERIA = 1, TP_PODER_PUBLICO_PARCERIA = 1"
edu.matriculas.conveniadas_municipais,2611606,Recife,PE,2025,Educação de jovens e adultos,,0,matrículas,OBSERVADO,,,sim,inep_censo_2025,"Censo Escolar 2025, escolas com CO_MUNICIPIO = 2611606 e TP_DEPENDENCIA = 4, IN_PODER_PUBLICO_PARCERIA = 1, TP_PODER_PUBLICO_PARCERIA = 1"
edu.matriculas.conveniadas_municipais,2611606,Recife,PE,2025,Educação profissional não integrada,,0,matrículas,OBSERVADO,,,sim,inep_censo_2025,"Censo Escolar 2025, escolas com CO_MUNICIPIO = 2611606 e TP_DEPENDENCIA = 4, IN_PODER_PUBLICO_PARCERIA = 1, TP_PODER_PUBLICO_PARCERIA = 1"
edu.matriculas.conveniadas_municipais,2211001,Teresina,PI,2025,Total da educação básica,,0,matrículas,OBSERVADO,,,sim,inep_censo_2025,"Censo Escolar 2025, escolas com CO_MUNICIPIO = 2211001 e TP_DEPENDENCIA = 4, IN_PODER_PUBLICO_PARCERIA = 1, TP_PODER_PUBLICO_PARCERIA = 1"
edu.matriculas.conveniadas_municipais,2211001,Teresina,PI,2025,Creche,,0,matrículas,OBSERVADO,,,sim,inep_censo_2025,"Censo Escolar 2025, escolas com CO_MUNICIPIO = 2211001 e TP_DEPENDENCIA = 4, IN_PODER_PUBLICO_PARCERIA = 1, TP_PODER_PUBLICO_PARCERIA = 1"
edu.matriculas.conveniadas_municipais,2211001,Teresina,PI,2025,Pré-escola,,0,matrículas,OBSERVADO,,,sim,inep_censo_2025,"Censo Escolar 2025, escolas com CO_MUNICIPIO = 2211001 e TP_DEPENDENCIA = 4, IN_PODER_PUBLICO_PARCERIA = 1, TP_PODER_PUBLICO_PARCERIA = 1"
edu.matriculas.conveniadas_municipais,2211001,Teresina,PI,2025,"Ensino fundamental, anos iniciais",,0,matrículas,OBSERVADO,,,sim,inep_censo_2025,"Censo Escolar 2025, escolas com CO_MUNICIPIO = 2211001 e TP_DEPENDENCIA = 4, IN_PODER_PUBLICO_PARCERIA = 1, TP_PODER_PUBLICO_PARCERIA = 1"
edu.matriculas.conveniadas_municipais,2211001,Teresina,PI,2025,"Ensino fundamental, anos finais",,0,matrículas,OBSERVADO,,,sim,inep_censo_2025,"Censo Escolar 2025, escolas com CO_MUNICIPIO = 2211001 e TP_DEPENDENCIA = 4, IN_PODER_PUBLICO_PARCERIA = 1, TP_PODER_PUBLICO_PARCERIA = 1"
edu.matriculas.conveniadas_municipais,2211001,Teresina,PI,2025,Ensino médio,,0,matrículas,OBSERVADO,,,sim,inep_censo_2025,"Censo Escolar 2025, escolas com CO_MUNICIPIO = 2211001 e TP_DEPENDENCIA = 4, IN_PODER_PUBLICO_PARCERIA = 1, TP_PODER_PUBLICO_PARCERIA = 1"
edu.matriculas.conveniadas_municipais,2211001,Teresina,PI,2025,Educação de jovens e adultos,,0,matrículas,OBSERVADO,,,sim,inep_censo_2025,"Censo Escolar 2025, escolas com CO_MUNICIPIO = 2211001 e TP_DEPENDENCIA = 4, IN_PODER_PUBLICO_PARCERIA = 1, TP_PODER_PUBLICO_PARCERIA = 1"
edu.matriculas.conveniadas_municipais,2211001,Teresina,PI,2025,Educação profissional não integrada,,0,matrículas,OBSERVADO,,,sim,inep_censo_2025,"Censo Escolar 2025, escolas com CO_MUNICIPIO = 2211001 e TP_DEPENDENCIA = 4, IN_PODER_PUBLICO_PARCERIA = 1, TP_PODER_PUBLICO_PARCERIA = 1"
edu.matriculas.conveniadas_municipais,3304557,Rio de Janeiro,RJ,2025,Total da educação básica,,44413,matrículas,OBSERVADO,,,sim,inep_censo_2025,"Censo Escolar 2025, escolas com CO_MUNICIPIO = 3304557 e TP_DEPENDENCIA = 4, IN_PODER_PUBLICO_PARCERIA = 1, TP_PODER_PUBLICO_PARCERIA = 1"
edu.matriculas.conveniadas_municipais,3304557,Rio de Janeiro,RJ,2025,Creche,,42097,matrículas,OBSERVADO,,,sim,inep_censo_2025,"Censo Escolar 2025, escolas com CO_MUNICIPIO = 3304557 e TP_DEPENDENCIA = 4, IN_PODER_PUBLICO_PARCERIA = 1, TP_PODER_PUBLICO_PARCERIA = 1"
edu.matriculas.conveniadas_municipais,3304557,Rio de Janeiro,RJ,2025,Pré-escola,,1103,matrículas,OBSERVADO,,,sim,inep_censo_2025,"Censo Escolar 2025, escolas com CO_MUNICIPIO = 3304557 e TP_DEPENDENCIA = 4, IN_PODER_PUBLICO_PARCERIA = 1, TP_PODER_PUBLICO_PARCERIA = 1"
edu.matriculas.conveniadas_municipais,3304557,Rio de Janeiro,RJ,2025,"Ensino fundamental, anos iniciais",,898,matrículas,OBSERVADO,,,sim,inep_censo_2025,"Censo Escolar 2025, escolas com CO_MUNICIPIO = 3304557 e TP_DEPENDENCIA = 4, IN_PODER_PUBLICO_PARCERIA = 1, TP_PODER_PUBLICO_PARCERIA = 1"
edu.matriculas.conveniadas_municipais,3304557,Rio de Janeiro,RJ,2025,"Ensino fundamental, anos finais",,288,matrículas,OBSERVADO,,,sim,inep_censo_2025,"Censo Escolar 2025, escolas com CO_MUNICIPIO = 3304557 e TP_DEPENDENCIA = 4, IN_PODER_PUBLICO_PARCERIA = 1, TP_PODER_PUBLICO_PARCERIA = 1"
edu.matriculas.conveniadas_municipais,3304557,Rio de Janeiro,RJ,2025,Ensino médio,,27,matrículas,OBSERVADO,,,sim,inep_censo_2025,"Censo Escolar 2025, escolas com CO_MUNICIPIO = 3304557 e TP_DEPENDENCIA = 4, IN_PODER_PUBLICO_PARCERIA = 1, TP_PODER_PUBLICO_PARCERIA = 1"
edu.matriculas.conveniadas_municipais,3304557,Rio de Janeiro,RJ,2025,Educação de jovens e adultos,,0,matrículas,OBSERVADO,,,sim,inep_censo_2025,"Censo Escolar 2025, escolas com CO_MUNICIPIO = 3304557 e TP_DEPENDENCIA = 4, IN_PODER_PUBLICO_PARCERIA = 1, TP_PODER_PUBLICO_PARCERIA = 1"
edu.matriculas.conveniadas_municipais,3304557,Rio de Janeiro,RJ,2025,Educação profissional não integrada,,0,matrículas,OBSERVADO,,,sim,inep_censo_2025,"Censo Escolar 2025, escolas com CO_MUNICIPIO = 3304557 e TP_DEPENDENCIA = 4, IN_PODER_PUBLICO_PARCERIA = 1, TP_PODER_PUBLICO_PARCERIA = 1"
edu.matriculas.conveniadas_municipais,2408102,Natal,RN,2025,Total da educação básica,,3911,matrículas,OBSERVADO,,,sim,inep_censo_2025,"Censo Escolar 2025, escolas com CO_MUNICIPIO = 2408102 e TP_DEPENDENCIA = 4, IN_PODER_PUBLICO_PARCERIA = 1, TP_PODER_PUBLICO_PARCERIA = 1"
edu.matriculas.conveniadas_municipais,2408102,Natal,RN,2025,Creche,,385,matrículas,OBSERVADO,,,sim,inep_censo_2025,"Censo Escolar 2025, escolas com CO_MUNICIPIO = 2408102 e TP_DEPENDENCIA = 4, IN_PODER_PUBLICO_PARCERIA = 1, TP_PODER_PUBLICO_PARCERIA = 1"
edu.matriculas.conveniadas_municipais,2408102,Natal,RN,2025,Pré-escola,,609,matrículas,OBSERVADO,,,sim,inep_censo_2025,"Censo Escolar 2025, escolas com CO_MUNICIPIO = 2408102 e TP_DEPENDENCIA = 4, IN_PODER_PUBLICO_PARCERIA = 1, TP_PODER_PUBLICO_PARCERIA = 1"
edu.matriculas.conveniadas_municipais,2408102,Natal,RN,2025,"Ensino fundamental, anos iniciais",,1484,matrículas,OBSERVADO,,,sim,inep_censo_2025,"Censo Escolar 2025, escolas com CO_MUNICIPIO = 2408102 e TP_DEPENDENCIA = 4, IN_PODER_PUBLICO_PARCERIA = 1, TP_PODER_PUBLICO_PARCERIA = 1"
edu.matriculas.conveniadas_municipais,2408102,Natal,RN,2025,"Ensino fundamental, anos finais",,969,matrículas,OBSERVADO,,,sim,inep_censo_2025,"Censo Escolar 2025, escolas com CO_MUNICIPIO = 2408102 e TP_DEPENDENCIA = 4, IN_PODER_PUBLICO_PARCERIA = 1, TP_PODER_PUBLICO_PARCERIA = 1"
edu.matriculas.conveniadas_municipais,2408102,Natal,RN,2025,Ensino médio,,464,matrículas,OBSERVADO,,,sim,inep_censo_2025,"Censo Escolar 2025, escolas com CO_MUNICIPIO = 2408102 e TP_DEPENDENCIA = 4, IN_PODER_PUBLICO_PARCERIA = 1, TP_PODER_PUBLICO_PARCERIA = 1"
edu.matriculas.conveniadas_municipais,2408102,Natal,RN,2025,Educação de jovens e adultos,,0,matrículas,OBSERVADO,,,sim,inep_censo_2025,"Censo Escolar 2025, escolas com CO_MUNICIPIO = 2408102 e TP_DEPENDENCIA = 4, IN_PODER_PUBLICO_PARCERIA = 1, TP_PODER_PUBLICO_PARCERIA = 1"
edu.matriculas.conveniadas_municipais,2408102,Natal,RN,2025,Educação profissional não integrada,,0,matrículas,OBSERVADO,,,sim,inep_censo_2025,"Censo Escolar 2025, escolas com CO_MUNICIPIO = 2408102 e TP_DEPENDENCIA = 4, IN_PODER_PUBLICO_PARCERIA = 1, TP_PODER_PUBLICO_PARCERIA = 1"
edu.matriculas.conveniadas_municipais,4314902,Porto Alegre,RS,2025,Total da educação básica,,22295,matrículas,OBSERVADO,,,sim,inep_censo_2025,"Censo Escolar 2025, escolas com CO_MUNICIPIO = 4314902 e TP_DEPENDENCIA = 4, IN_PODER_PUBLICO_PARCERIA = 1, TP_PODER_PUBLICO_PARCERIA = 1"
edu.matriculas.conveniadas_municipais,4314902,Porto Alegre,RS,2025,Creche,,10563,matrículas,OBSERVADO,,,sim,inep_censo_2025,"Censo Escolar 2025, escolas com CO_MUNICIPIO = 4314902 e TP_DEPENDENCIA = 4, IN_PODER_PUBLICO_PARCERIA = 1, TP_PODER_PUBLICO_PARCERIA = 1"
edu.matriculas.conveniadas_municipais,4314902,Porto Alegre,RS,2025,Pré-escola,,10416,matrículas,OBSERVADO,,,sim,inep_censo_2025,"Censo Escolar 2025, escolas com CO_MUNICIPIO = 4314902 e TP_DEPENDENCIA = 4, IN_PODER_PUBLICO_PARCERIA = 1, TP_PODER_PUBLICO_PARCERIA = 1"
edu.matriculas.conveniadas_municipais,4314902,Porto Alegre,RS,2025,"Ensino fundamental, anos iniciais",,833,matrículas,OBSERVADO,,,sim,inep_censo_2025,"Censo Escolar 2025, escolas com CO_MUNICIPIO = 4314902 e TP_DEPENDENCIA = 4, IN_PODER_PUBLICO_PARCERIA = 1, TP_PODER_PUBLICO_PARCERIA = 1"
edu.matriculas.conveniadas_municipais,4314902,Porto Alegre,RS,2025,"Ensino fundamental, anos finais",,388,matrículas,OBSERVADO,,,sim,inep_censo_2025,"Censo Escolar 2025, escolas com CO_MUNICIPIO = 4314902 e TP_DEPENDENCIA = 4, IN_PODER_PUBLICO_PARCERIA = 1, TP_PODER_PUBLICO_PARCERIA = 1"
edu.matriculas.conveniadas_municipais,4314902,Porto Alegre,RS,2025,Ensino médio,,95,matrículas,OBSERVADO,,,sim,inep_censo_2025,"Censo Escolar 2025, escolas com CO_MUNICIPIO = 4314902 e TP_DEPENDENCIA = 4, IN_PODER_PUBLICO_PARCERIA = 1, TP_PODER_PUBLICO_PARCERIA = 1"
edu.matriculas.conveniadas_municipais,4314902,Porto Alegre,RS,2025,Educação de jovens e adultos,,0,matrículas,OBSERVADO,,,sim,inep_censo_2025,"Censo Escolar 2025, escolas com CO_MUNICIPIO = 4314902 e TP_DEPENDENCIA = 4, IN_PODER_PUBLICO_PARCERIA = 1, TP_PODER_PUBLICO_PARCERIA = 1"
edu.matriculas.conveniadas_municipais,4314902,Porto Alegre,RS,2025,Educação profissional não integrada,,0,matrículas,OBSERVADO,,,sim,inep_censo_2025,"Censo Escolar 2025, escolas com CO_MUNICIPIO = 4314902 e TP_DEPENDENCIA = 4, IN_PODER_PUBLICO_PARCERIA = 1, TP_PODER_PUBLICO_PARCERIA = 1"
edu.matriculas.conveniadas_municipais,1100205,Porto Velho,RO,2025,Total da educação básica,,0,matrículas,OBSERVADO,,,sim,inep_censo_2025,"Censo Escolar 2025, escolas com CO_MUNICIPIO = 1100205 e TP_DEPENDENCIA = 4, IN_PODER_PUBLICO_PARCERIA = 1, TP_PODER_PUBLICO_PARCERIA = 1"
edu.matriculas.conveniadas_municipais,1100205,Porto Velho,RO,2025,Creche,,0,matrículas,OBSERVADO,,,sim,inep_censo_2025,"Censo Escolar 2025, escolas com CO_MUNICIPIO = 1100205 e TP_DEPENDENCIA = 4, IN_PODER_PUBLICO_PARCERIA = 1, TP_PODER_PUBLICO_PARCERIA = 1"
edu.matriculas.conveniadas_municipais,1100205,Porto Velho,RO,2025,Pré-escola,,0,matrículas,OBSERVADO,,,sim,inep_censo_2025,"Censo Escolar 2025, escolas com CO_MUNICIPIO = 1100205 e TP_DEPENDENCIA = 4, IN_PODER_PUBLICO_PARCERIA = 1, TP_PODER_PUBLICO_PARCERIA = 1"
edu.matriculas.conveniadas_municipais,1100205,Porto Velho,RO,2025,"Ensino fundamental, anos iniciais",,0,matrículas,OBSERVADO,,,sim,inep_censo_2025,"Censo Escolar 2025, escolas com CO_MUNICIPIO = 1100205 e TP_DEPENDENCIA = 4, IN_PODER_PUBLICO_PARCERIA = 1, TP_PODER_PUBLICO_PARCERIA = 1"
edu.matriculas.conveniadas_municipais,1100205,Porto Velho,RO,2025,"Ensino fundamental, anos finais",,0,matrículas,OBSERVADO,,,sim,inep_censo_2025,"Censo Escolar 2025, escolas com CO_MUNICIPIO = 1100205 e TP_DEPENDENCIA = 4, IN_PODER_PUBLICO_PARCERIA = 1, TP_PODER_PUBLICO_PARCERIA = 1"
edu.matriculas.conveniadas_municipais,1100205,Porto Velho,RO,2025,Ensino médio,,0,matrículas,OBSERVADO,,,sim,inep_censo_2025,"Censo Escolar 2025, escolas com CO_MUNICIPIO = 1100205 e TP_DEPENDENCIA = 4, IN_PODER_PUBLICO_PARCERIA = 1, TP_PODER_PUBLICO_PARCERIA = 1"
edu.matriculas.conveniadas_municipais,1100205,Porto Velho,RO,2025,Educação de jovens e adultos,,0,matrículas,OBSERVADO,,,sim,inep_censo_2025,"Censo Escolar 2025, escolas com CO_MUNICIPIO = 1100205 e TP_DEPENDENCIA = 4, IN_PODER_PUBLICO_PARCERIA = 1, TP_PODER_PUBLICO_PARCERIA = 1"
edu.matriculas.conveniadas_municipais,1100205,Porto Velho,RO,2025,Educação profissional não integrada,,0,matrículas,OBSERVADO,,,sim,inep_censo_2025,"Censo Escolar 2025, escolas com CO_MUNICIPIO = 1100205 e TP_DEPENDENCIA = 4, IN_PODER_PUBLICO_PARCERIA = 1, TP_PODER_PUBLICO_PARCERIA = 1"
edu.matriculas.conveniadas_municipais,1400100,Boa Vista,RR,2025,Total da educação básica,,0,matrículas,OBSERVADO,,,sim,inep_censo_2025,"Censo Escolar 2025, escolas com CO_MUNICIPIO = 1400100 e TP_DEPENDENCIA = 4, IN_PODER_PUBLICO_PARCERIA = 1, TP_PODER_PUBLICO_PARCERIA = 1"
edu.matriculas.conveniadas_municipais,1400100,Boa Vista,RR,2025,Creche,,0,matrículas,OBSERVADO,,,sim,inep_censo_2025,"Censo Escolar 2025, escolas com CO_MUNICIPIO = 1400100 e TP_DEPENDENCIA = 4, IN_PODER_PUBLICO_PARCERIA = 1, TP_PODER_PUBLICO_PARCERIA = 1"
edu.matriculas.conveniadas_municipais,1400100,Boa Vista,RR,2025,Pré-escola,,0,matrículas,OBSERVADO,,,sim,inep_censo_2025,"Censo Escolar 2025, escolas com CO_MUNICIPIO = 1400100 e TP_DEPENDENCIA = 4, IN_PODER_PUBLICO_PARCERIA = 1, TP_PODER_PUBLICO_PARCERIA = 1"
edu.matriculas.conveniadas_municipais,1400100,Boa Vista,RR,2025,"Ensino fundamental, anos iniciais",,0,matrículas,OBSERVADO,,,sim,inep_censo_2025,"Censo Escolar 2025, escolas com CO_MUNICIPIO = 1400100 e TP_DEPENDENCIA = 4, IN_PODER_PUBLICO_PARCERIA = 1, TP_PODER_PUBLICO_PARCERIA = 1"
edu.matriculas.conveniadas_municipais,1400100,Boa Vista,RR,2025,"Ensino fundamental, anos finais",,0,matrículas,OBSERVADO,,,sim,inep_censo_2025,"Censo Escolar 2025, escolas com CO_MUNICIPIO = 1400100 e TP_DEPENDENCIA = 4, IN_PODER_PUBLICO_PARCERIA = 1, TP_PODER_PUBLICO_PARCERIA = 1"
edu.matriculas.conveniadas_municipais,1400100,Boa Vista,RR,2025,Ensino médio,,0,matrículas,OBSERVADO,,,sim,inep_censo_2025,"Censo Escolar 2025, escolas com CO_MUNICIPIO = 1400100 e TP_DEPENDENCIA = 4, IN_PODER_PUBLICO_PARCERIA = 1, TP_PODER_PUBLICO_PARCERIA = 1"
edu.matriculas.conveniadas_municipais,1400100,Boa Vista,RR,2025,Educação de jovens e adultos,,0,matrículas,OBSERVADO,,,sim,inep_censo_2025,"Censo Escolar 2025, escolas com CO_MUNICIPIO = 1400100 e TP_DEPENDENCIA = 4, IN_PODER_PUBLICO_PARCERIA = 1, TP_PODER_PUBLICO_PARCERIA = 1"
edu.matriculas.conveniadas_municipais,1400100,Boa Vista,RR,2025,Educação profissional não integrada,,0,matrículas,OBSERVADO,,,sim,inep_censo_2025,"Censo Escolar 2025, escolas com CO_MUNICIPIO = 1400100 e TP_DEPENDENCIA = 4, IN_PODER_PUBLICO_PARCERIA = 1, TP_PODER_PUBLICO_PARCERIA = 1"
edu.matriculas.conveniadas_municipais,4205407,Florianópolis,SC,2025,Total da educação básica,,1445,matrículas,OBSERVADO,,,sim,inep_censo_2025,"Censo Escolar 2025, escolas com CO_MUNICIPIO = 4205407 e TP_DEPENDENCIA = 4, IN_PODER_PUBLICO_PARCERIA = 1, TP_PODER_PUBLICO_PARCERIA = 1"
edu.matriculas.conveniadas_municipais,4205407,Florianópolis,SC,2025,Creche,,717,matrículas,OBSERVADO,,,sim,inep_censo_2025,"Censo Escolar 2025, escolas com CO_MUNICIPIO = 4205407 e TP_DEPENDENCIA = 4, IN_PODER_PUBLICO_PARCERIA = 1, TP_PODER_PUBLICO_PARCERIA = 1"
edu.matriculas.conveniadas_municipais,4205407,Florianópolis,SC,2025,Pré-escola,,728,matrículas,OBSERVADO,,,sim,inep_censo_2025,"Censo Escolar 2025, escolas com CO_MUNICIPIO = 4205407 e TP_DEPENDENCIA = 4, IN_PODER_PUBLICO_PARCERIA = 1, TP_PODER_PUBLICO_PARCERIA = 1"
edu.matriculas.conveniadas_municipais,4205407,Florianópolis,SC,2025,"Ensino fundamental, anos iniciais",,0,matrículas,OBSERVADO,,,sim,inep_censo_2025,"Censo Escolar 2025, escolas com CO_MUNICIPIO = 4205407 e TP_DEPENDENCIA = 4, IN_PODER_PUBLICO_PARCERIA = 1, TP_PODER_PUBLICO_PARCERIA = 1"
edu.matriculas.conveniadas_municipais,4205407,Florianópolis,SC,2025,"Ensino fundamental, anos finais",,0,matrículas,OBSERVADO,,,sim,inep_censo_2025,"Censo Escolar 2025, escolas com CO_MUNICIPIO = 4205407 e TP_DEPENDENCIA = 4, IN_PODER_PUBLICO_PARCERIA = 1, TP_PODER_PUBLICO_PARCERIA = 1"
edu.matriculas.conveniadas_municipais,4205407,Florianópolis,SC,2025,Ensino médio,,0,matrículas,OBSERVADO,,,sim,inep_censo_2025,"Censo Escolar 2025, escolas com CO_MUNICIPIO = 4205407 e TP_DEPENDENCIA = 4, IN_PODER_PUBLICO_PARCERIA = 1, TP_PODER_PUBLICO_PARCERIA = 1"
edu.matriculas.conveniadas_municipais,4205407,Florianópolis,SC,2025,Educação de jovens e adultos,,0,matrículas,OBSERVADO,,,sim,inep_censo_2025,"Censo Escolar 2025, escolas com CO_MUNICIPIO = 4205407 e TP_DEPENDENCIA = 4, IN_PODER_PUBLICO_PARCERIA = 1, TP_PODER_PUBLICO_PARCERIA = 1"
edu.matriculas.conveniadas_municipais,4205407,Florianópolis,SC,2025,Educação profissional não integrada,,0,matrículas,OBSERVADO,,,sim,inep_censo_2025,"Censo Escolar 2025, escolas com CO_MUNICIPIO = 4205407 e TP_DEPENDENCIA = 4, IN_PODER_PUBLICO_PARCERIA = 1, TP_PODER_PUBLICO_PARCERIA = 1"
edu.matriculas.conveniadas_municipais,3550308,São Paulo,SP,2025,Total da educação básica,,285770,matrículas,OBSERVADO,,,sim,inep_censo_2025,"Censo Escolar 2025, escolas com CO_MUNICIPIO = 3550308 e TP_DEPENDENCIA = 4, IN_PODER_PUBLICO_PARCERIA = 1, TP_PODER_PUBLICO_PARCERIA = 1"
edu.matriculas.conveniadas_municipais,3550308,São Paulo,SP,2025,Creche,,262303,matrículas,OBSERVADO,,,sim,inep_censo_2025,"Censo Escolar 2025, escolas com CO_MUNICIPIO = 3550308 e TP_DEPENDENCIA = 4, IN_PODER_PUBLICO_PARCERIA = 1, TP_PODER_PUBLICO_PARCERIA = 1"
edu.matriculas.conveniadas_municipais,3550308,São Paulo,SP,2025,Pré-escola,,23167,matrículas,OBSERVADO,,,sim,inep_censo_2025,"Censo Escolar 2025, escolas com CO_MUNICIPIO = 3550308 e TP_DEPENDENCIA = 4, IN_PODER_PUBLICO_PARCERIA = 1, TP_PODER_PUBLICO_PARCERIA = 1"
edu.matriculas.conveniadas_municipais,3550308,São Paulo,SP,2025,"Ensino fundamental, anos iniciais",,300,matrículas,OBSERVADO,,,sim,inep_censo_2025,"Censo Escolar 2025, escolas com CO_MUNICIPIO = 3550308 e TP_DEPENDENCIA = 4, IN_PODER_PUBLICO_PARCERIA = 1, TP_PODER_PUBLICO_PARCERIA = 1"
edu.matriculas.conveniadas_municipais,3550308,São Paulo,SP,2025,"Ensino fundamental, anos finais",,0,matrículas,OBSERVADO,,,sim,inep_censo_2025,"Censo Escolar 2025, escolas com CO_MUNICIPIO = 3550308 e TP_DEPENDENCIA = 4, IN_PODER_PUBLICO_PARCERIA = 1, TP_PODER_PUBLICO_PARCERIA = 1"
edu.matriculas.conveniadas_municipais,3550308,São Paulo,SP,2025,Ensino médio,,0,matrículas,OBSERVADO,,,sim,inep_censo_2025,"Censo Escolar 2025, escolas com CO_MUNICIPIO = 3550308 e TP_DEPENDENCIA = 4, IN_PODER_PUBLICO_PARCERIA = 1, TP_PODER_PUBLICO_PARCERIA = 1"
edu.matriculas.conveniadas_municipais,3550308,São Paulo,SP,2025,Educação de jovens e adultos,,0,matrículas,OBSERVADO,,,sim,inep_censo_2025,"Censo Escolar 2025, escolas com CO_MUNICIPIO = 3550308 e TP_DEPENDENCIA = 4, IN_PODER_PUBLICO_PARCERIA = 1, TP_PODER_PUBLICO_PARCERIA = 1"
edu.matriculas.conveniadas_municipais,3550308,São Paulo,SP,2025,Educação profissional não integrada,,0,matrículas,OBSERVADO,,,sim,inep_censo_2025,"Censo Escolar 2025, escolas com CO_MUNICIPIO = 3550308 e TP_DEPENDENCIA = 4, IN_PODER_PUBLICO_PARCERIA = 1, TP_PODER_PUBLICO_PARCERIA = 1"
edu.matriculas.conveniadas_municipais,2800308,Aracaju,SE,2025,Total da educação básica,,227,matrículas,OBSERVADO,,,sim,inep_censo_2025,"Censo Escolar 2025, escolas com CO_MUNICIPIO = 2800308 e TP_DEPENDENCIA = 4, IN_PODER_PUBLICO_PARCERIA = 1, TP_PODER_PUBLICO_PARCERIA = 1"
edu.matriculas.conveniadas_municipais,2800308,Aracaju,SE,2025,Creche,,50,matrículas,OBSERVADO,,,sim,inep_censo_2025,"Censo Escolar 2025, escolas com CO_MUNICIPIO = 2800308 e TP_DEPENDENCIA = 4, IN_PODER_PUBLICO_PARCERIA = 1, TP_PODER_PUBLICO_PARCERIA = 1"
edu.matriculas.conveniadas_municipais,2800308,Aracaju,SE,2025,Pré-escola,,120,matrículas,OBSERVADO,,,sim,inep_censo_2025,"Censo Escolar 2025, escolas com CO_MUNICIPIO = 2800308 e TP_DEPENDENCIA = 4, IN_PODER_PUBLICO_PARCERIA = 1, TP_PODER_PUBLICO_PARCERIA = 1"
edu.matriculas.conveniadas_municipais,2800308,Aracaju,SE,2025,"Ensino fundamental, anos iniciais",,57,matrículas,OBSERVADO,,,sim,inep_censo_2025,"Censo Escolar 2025, escolas com CO_MUNICIPIO = 2800308 e TP_DEPENDENCIA = 4, IN_PODER_PUBLICO_PARCERIA = 1, TP_PODER_PUBLICO_PARCERIA = 1"
edu.matriculas.conveniadas_municipais,2800308,Aracaju,SE,2025,"Ensino fundamental, anos finais",,0,matrículas,OBSERVADO,,,sim,inep_censo_2025,"Censo Escolar 2025, escolas com CO_MUNICIPIO = 2800308 e TP_DEPENDENCIA = 4, IN_PODER_PUBLICO_PARCERIA = 1, TP_PODER_PUBLICO_PARCERIA = 1"
edu.matriculas.conveniadas_municipais,2800308,Aracaju,SE,2025,Ensino médio,,0,matrículas,OBSERVADO,,,sim,inep_censo_2025,"Censo Escolar 2025, escolas com CO_MUNICIPIO = 2800308 e TP_DEPENDENCIA = 4, IN_PODER_PUBLICO_PARCERIA = 1, TP_PODER_PUBLICO_PARCERIA = 1"
edu.matriculas.conveniadas_municipais,2800308,Aracaju,SE,2025,Educação de jovens e adultos,,0,matrículas,OBSERVADO,,,sim,inep_censo_2025,"Censo Escolar 2025, escolas com CO_MUNICIPIO = 2800308 e TP_DEPENDENCIA = 4, IN_PODER_PUBLICO_PARCERIA = 1, TP_PODER_PUBLICO_PARCERIA = 1"
edu.matriculas.conveniadas_municipais,2800308,Aracaju,SE,2025,Educação profissional não integrada,,0,matrículas,OBSERVADO,,,sim,inep_censo_2025,"Censo Escolar 2025, escolas com CO_MUNICIPIO = 2800308 e TP_DEPENDENCIA = 4, IN_PODER_PUBLICO_PARCERIA = 1, TP_PODER_PUBLICO_PARCERIA = 1"
edu.matriculas.conveniadas_municipais,1721000,Palmas,TO,2025,Total da educação básica,,0,matrículas,OBSERVADO,,,sim,inep_censo_2025,"Censo Escolar 2025, escolas com CO_MUNICIPIO = 1721000 e TP_DEPENDENCIA = 4, IN_PODER_PUBLICO_PARCERIA = 1, TP_PODER_PUBLICO_PARCERIA = 1"
edu.matriculas.conveniadas_municipais,1721000,Palmas,TO,2025,Creche,,0,matrículas,OBSERVADO,,,sim,inep_censo_2025,"Censo Escolar 2025, escolas com CO_MUNICIPIO = 1721000 e TP_DEPENDENCIA = 4, IN_PODER_PUBLICO_PARCERIA = 1, TP_PODER_PUBLICO_PARCERIA = 1"
edu.matriculas.conveniadas_municipais,1721000,Palmas,TO,2025,Pré-escola,,0,matrículas,OBSERVADO,,,sim,inep_censo_2025,"Censo Escolar 2025, escolas com CO_MUNICIPIO = 1721000 e TP_DEPENDENCIA = 4, IN_PODER_PUBLICO_PARCERIA = 1, TP_PODER_PUBLICO_PARCERIA = 1"
edu.matriculas.conveniadas_municipais,1721000,Palmas,TO,2025,"Ensino fundamental, anos iniciais",,0,matrículas,OBSERVADO,,,sim,inep_censo_2025,"Censo Escolar 2025, escolas com CO_MUNICIPIO = 1721000 e TP_DEPENDENCIA = 4, IN_PODER_PUBLICO_PARCERIA = 1, TP_PODER_PUBLICO_PARCERIA = 1"
edu.matriculas.conveniadas_municipais,1721000,Palmas,TO,2025,"Ensino fundamental, anos finais",,0,matrículas,OBSERVADO,,,sim,inep_censo_2025,"Censo Escolar 2025, escolas com CO_MUNICIPIO = 1721000 e TP_DEPENDENCIA = 4, IN_PODER_PUBLICO_PARCERIA = 1, TP_PODER_PUBLICO_PARCERIA = 1"
edu.matriculas.conveniadas_municipais,1721000,Palmas,TO,2025,Ensino médio,,0,matrículas,OBSERVADO,,,sim,inep_censo_2025,"Censo Escolar 2025, escolas com CO_MUNICIPIO = 1721000 e TP_DEPENDENCIA = 4, IN_PODER_PUBLICO_PARCERIA = 1, TP_PODER_PUBLICO_PARCERIA = 1"
edu.matriculas.conveniadas_municipais,1721000,Palmas,TO,2025,Educação de jovens e adultos,,0,matrículas,OBSERVADO,,,sim,inep_censo_2025,"Censo Escolar 2025, escolas com CO_MUNICIPIO = 1721000 e TP_DEPENDENCIA = 4, IN_PODER_PUBLICO_PARCERIA = 1, TP_PODER_PUBLICO_PARCERIA = 1"
edu.matriculas.conveniadas_municipais,1721000,Palmas,TO,2025,Educação profissional não integrada,,0,matrículas,OBSERVADO,,,sim,inep_censo_2025,"Censo Escolar 2025, escolas com CO_MUNICIPIO = 1721000 e TP_DEPENDENCIA = 4, IN_PODER_PUBLICO_PARCERIA = 1, TP_PODER_PUBLICO_PARCERIA = 1"
