indicador_id,indicador,codigo_ibge,capital,uf,periodo_tipo,ano,componente,valor,unidade,base_monetaria,universo,status,elegivel_comparacao,situacao_conferencia,motivo_inelegibilidade,nota,nota_material,participacao_pct,fonte,registro,versao_metodologica,dados_gerados_em,hash_dados,numerador,denominador,referencia_numerador,referencia_denominador,tipo_populacao,data_referencia,quebra_serie,minimo_pct
sau.rede.ubs_publicas_por_10mil,UBS e postos de saúde públicos ativos por 10 mil habitantes,1200401,Rio Branco,AC,competência de dezembro,2021,publicas,0.834422,estabelecimentos por 10 mil habitantes,,Município da capital. Natureza jurídica pública. Tipos de unidade 01 e 02.,OBSERVADO,sim,,,"Estabelecimentos de tipo 01 (posto de saúde) e 02 (centro de saúde/unidade básica), ativos no CNES e de natureza jurídica pública, localizados na capital. O cadastro não comprova funcionamento, acesso nem vaga disponível, e um estabelecimento situado na capital pode não ser municipal: a gestão (municipal, estadual ou dupla) e a natureza jurídica são campos distintos do local. A série de dezembro só acompanha os estabelecimentos que hoje têm tipo 01 ou 02: um estabelecimento que era unidade básica no ano e foi reclassificado ou renumerado não entra, e a contagem dos anos anteriores pode ficar abaixo da registrada na época.",sim,,cnes_historico_estabelecimentos+ibge_populacao,"CNES, API de dados abertos (assistencia-a-saude/cnes-estabelecimentos), competência dezembro de 2021; população: IBGE, SIDRA, tabela 6579, variável 9324, município 1200401, 2021 (população residente estimada, referência 1º de julho de 2021)",1.0,2026-10-09T14:15:59Z,1cb7f82d0fffde4648aea67aff08b8e0eac0328a015b615acb6ca9df134211d0,35,419452,sau.rede.ubs_publicas (publicas),ctx.populacao.residente,,,sim,
sau.rede.ubs_publicas_por_10mil,UBS e postos de saúde públicos ativos por 10 mil habitantes,1200401,Rio Branco,AC,competência de dezembro,2022,publicas,0.959546,estabelecimentos por 10 mil habitantes,,Município da capital. Natureza jurídica pública. Tipos de unidade 01 e 02.,OBSERVADO,sim,,,"Estabelecimentos de tipo 01 (posto de saúde) e 02 (centro de saúde/unidade básica), ativos no CNES e de natureza jurídica pública, localizados na capital. O cadastro não comprova funcionamento, acesso nem vaga disponível, e um estabelecimento situado na capital pode não ser municipal: a gestão (municipal, estadual ou dupla) e a natureza jurídica são campos distintos do local. A série de dezembro só acompanha os estabelecimentos que hoje têm tipo 01 ou 02: um estabelecimento que era unidade básica no ano e foi reclassificado ou renumerado não entra, e a contagem dos anos anteriores pode ficar abaixo da registrada na época.",sim,,cnes_historico_estabelecimentos+ibge_populacao,"CNES, API de dados abertos (assistencia-a-saude/cnes-estabelecimentos), competência dezembro de 2022; população: IBGE, SIDRA, tabela 4714, variável 93, município 1200401, 2022 (população residente no Censo 2022, referência 31 de julho de 2022)",1.0,2026-10-09T14:15:59Z,1cb7f82d0fffde4648aea67aff08b8e0eac0328a015b615acb6ca9df134211d0,35,364756,sau.rede.ubs_publicas (publicas),ctx.populacao.residente,,,nao,
sau.rede.ubs_publicas_por_10mil,UBS e postos de saúde públicos ativos por 10 mil habitantes,1200401,Rio Branco,AC,competência de dezembro,2023,publicas,0.959546,estabelecimentos por 10 mil habitantes,,Município da capital. Natureza jurídica pública. Tipos de unidade 01 e 02.,OBSERVADO,sim,,,"Estabelecimentos de tipo 01 (posto de saúde) e 02 (centro de saúde/unidade básica), ativos no CNES e de natureza jurídica pública, localizados na capital. O cadastro não comprova funcionamento, acesso nem vaga disponível, e um estabelecimento situado na capital pode não ser municipal: a gestão (municipal, estadual ou dupla) e a natureza jurídica são campos distintos do local. A série de dezembro só acompanha os estabelecimentos que hoje têm tipo 01 ou 02: um estabelecimento que era unidade básica no ano e foi reclassificado ou renumerado não entra, e a contagem dos anos anteriores pode ficar abaixo da registrada na época.",sim,,cnes_historico_estabelecimentos+ibge_populacao,"CNES, API de dados abertos (assistencia-a-saude/cnes-estabelecimentos), competência dezembro de 2023; população: IBGE, relação da população dos municípios de 2023 (Censo 2022, 2ª apuração), município 1200401, referência 31 de julho de 2022 (malha territorial de 30 de abril de 2023)",1.0,2026-10-09T14:15:59Z,1cb7f82d0fffde4648aea67aff08b8e0eac0328a015b615acb6ca9df134211d0,35,364756,sau.rede.ubs_publicas (publicas),ctx.populacao.residente,,,sim,
sau.rede.ubs_publicas_por_10mil,UBS e postos de saúde públicos ativos por 10 mil habitantes,1200401,Rio Branco,AC,competência de dezembro,2024,publicas,0.902406,estabelecimentos por 10 mil habitantes,,Município da capital. Natureza jurídica pública. Tipos de unidade 01 e 02.,OBSERVADO,sim,,,"Estabelecimentos de tipo 01 (posto de saúde) e 02 (centro de saúde/unidade básica), ativos no CNES e de natureza jurídica pública, localizados na capital. O cadastro não comprova funcionamento, acesso nem vaga disponível, e um estabelecimento situado na capital pode não ser municipal: a gestão (municipal, estadual ou dupla) e a natureza jurídica são campos distintos do local. A série de dezembro só acompanha os estabelecimentos que hoje têm tipo 01 ou 02: um estabelecimento que era unidade básica no ano e foi reclassificado ou renumerado não entra, e a contagem dos anos anteriores pode ficar abaixo da registrada na época.",sim,,cnes_historico_estabelecimentos+ibge_populacao,"CNES, API de dados abertos (assistencia-a-saude/cnes-estabelecimentos), competência dezembro de 2024; população: IBGE, SIDRA, tabela 6579, variável 9324, município 1200401, 2024 (população residente estimada, referência 1º de julho de 2024)",1.0,2026-10-09T14:15:59Z,1cb7f82d0fffde4648aea67aff08b8e0eac0328a015b615acb6ca9df134211d0,35,387852,sau.rede.ubs_publicas (publicas),ctx.populacao.residente,,,nao,
sau.rede.ubs_publicas_por_10mil,UBS e postos de saúde públicos ativos por 10 mil habitantes,1200401,Rio Branco,AC,competência de dezembro,2025,publicas,0.899741,estabelecimentos por 10 mil habitantes,,Município da capital. Natureza jurídica pública. Tipos de unidade 01 e 02.,OBSERVADO,sim,,,"Estabelecimentos de tipo 01 (posto de saúde) e 02 (centro de saúde/unidade básica), ativos no CNES e de natureza jurídica pública, localizados na capital. O cadastro não comprova funcionamento, acesso nem vaga disponível, e um estabelecimento situado na capital pode não ser municipal: a gestão (municipal, estadual ou dupla) e a natureza jurídica são campos distintos do local. A série de dezembro só acompanha os estabelecimentos que hoje têm tipo 01 ou 02: um estabelecimento que era unidade básica no ano e foi reclassificado ou renumerado não entra, e a contagem dos anos anteriores pode ficar abaixo da registrada na época.",sim,,cnes_historico_estabelecimentos+ibge_populacao,"CNES, API de dados abertos (assistencia-a-saude/cnes-estabelecimentos), competência dezembro de 2025; população: IBGE, SIDRA, tabela 6579, variável 9324, município 1200401, 2025 (população residente estimada, referência 1º de julho de 2025)",1.0,2026-10-09T14:15:59Z,1cb7f82d0fffde4648aea67aff08b8e0eac0328a015b615acb6ca9df134211d0,35,389001,sau.rede.ubs_publicas (publicas),ctx.populacao.residente,,,nao,
sau.rede.ubs_publicas_por_10mil,UBS e postos de saúde públicos ativos por 10 mil habitantes,2704302,Maceió,AL,competência de dezembro,2021,publicas,0.426523,estabelecimentos por 10 mil habitantes,,Município da capital. Natureza jurídica pública. Tipos de unidade 01 e 02.,OBSERVADO,sim,,,"Estabelecimentos de tipo 01 (posto de saúde) e 02 (centro de saúde/unidade básica), ativos no CNES e de natureza jurídica pública, localizados na capital. O cadastro não comprova funcionamento, acesso nem vaga disponível, e um estabelecimento situado na capital pode não ser municipal: a gestão (municipal, estadual ou dupla) e a natureza jurídica são campos distintos do local. A série de dezembro só acompanha os estabelecimentos que hoje têm tipo 01 ou 02: um estabelecimento que era unidade básica no ano e foi reclassificado ou renumerado não entra, e a contagem dos anos anteriores pode ficar abaixo da registrada na época.",sim,,cnes_historico_estabelecimentos+ibge_populacao,"CNES, API de dados abertos (assistencia-a-saude/cnes-estabelecimentos), competência dezembro de 2021; população: IBGE, SIDRA, tabela 6579, variável 9324, município 2704302, 2021 (população residente estimada, referência 1º de julho de 2021)",1.0,2026-10-09T14:15:59Z,1cb7f82d0fffde4648aea67aff08b8e0eac0328a015b615acb6ca9df134211d0,44,1031597,sau.rede.ubs_publicas (publicas),ctx.populacao.residente,,,sim,
sau.rede.ubs_publicas_por_10mil,UBS e postos de saúde públicos ativos por 10 mil habitantes,2704302,Maceió,AL,competência de dezembro,2022,publicas,0.46977,estabelecimentos por 10 mil habitantes,,Município da capital. Natureza jurídica pública. Tipos de unidade 01 e 02.,OBSERVADO,sim,,,"Estabelecimentos de tipo 01 (posto de saúde) e 02 (centro de saúde/unidade básica), ativos no CNES e de natureza jurídica pública, localizados na capital. O cadastro não comprova funcionamento, acesso nem vaga disponível, e um estabelecimento situado na capital pode não ser municipal: a gestão (municipal, estadual ou dupla) e a natureza jurídica são campos distintos do local. A série de dezembro só acompanha os estabelecimentos que hoje têm tipo 01 ou 02: um estabelecimento que era unidade básica no ano e foi reclassificado ou renumerado não entra, e a contagem dos anos anteriores pode ficar abaixo da registrada na época.",sim,,cnes_historico_estabelecimentos+ibge_populacao,"CNES, API de dados abertos (assistencia-a-saude/cnes-estabelecimentos), competência dezembro de 2022; população: IBGE, SIDRA, tabela 4714, variável 93, município 2704302, 2022 (população residente no Censo 2022, referência 31 de julho de 2022)",1.0,2026-10-09T14:15:59Z,1cb7f82d0fffde4648aea67aff08b8e0eac0328a015b615acb6ca9df134211d0,45,957916,sau.rede.ubs_publicas (publicas),ctx.populacao.residente,,,nao,
sau.rede.ubs_publicas_por_10mil,UBS e postos de saúde públicos ativos por 10 mil habitantes,2704302,Maceió,AL,competência de dezembro,2023,publicas,0.46977,estabelecimentos por 10 mil habitantes,,Município da capital. Natureza jurídica pública. Tipos de unidade 01 e 02.,OBSERVADO,sim,,,"Estabelecimentos de tipo 01 (posto de saúde) e 02 (centro de saúde/unidade básica), ativos no CNES e de natureza jurídica pública, localizados na capital. O cadastro não comprova funcionamento, acesso nem vaga disponível, e um estabelecimento situado na capital pode não ser municipal: a gestão (municipal, estadual ou dupla) e a natureza jurídica são campos distintos do local. A série de dezembro só acompanha os estabelecimentos que hoje têm tipo 01 ou 02: um estabelecimento que era unidade básica no ano e foi reclassificado ou renumerado não entra, e a contagem dos anos anteriores pode ficar abaixo da registrada na época.",sim,,cnes_historico_estabelecimentos+ibge_populacao,"CNES, API de dados abertos (assistencia-a-saude/cnes-estabelecimentos), competência dezembro de 2023; população: IBGE, relação da população dos municípios de 2023 (Censo 2022, 2ª apuração), município 2704302, referência 31 de julho de 2022 (malha territorial de 30 de abril de 2023)",1.0,2026-10-09T14:15:59Z,1cb7f82d0fffde4648aea67aff08b8e0eac0328a015b615acb6ca9df134211d0,45,957916,sau.rede.ubs_publicas (publicas),ctx.populacao.residente,,,sim,
sau.rede.ubs_publicas_por_10mil,UBS e postos de saúde públicos ativos por 10 mil habitantes,2704302,Maceió,AL,competência de dezembro,2024,publicas,0.452505,estabelecimentos por 10 mil habitantes,,Município da capital. Natureza jurídica pública. Tipos de unidade 01 e 02.,OBSERVADO,sim,,,"Estabelecimentos de tipo 01 (posto de saúde) e 02 (centro de saúde/unidade básica), ativos no CNES e de natureza jurídica pública, localizados na capital. O cadastro não comprova funcionamento, acesso nem vaga disponível, e um estabelecimento situado na capital pode não ser municipal: a gestão (municipal, estadual ou dupla) e a natureza jurídica são campos distintos do local. A série de dezembro só acompanha os estabelecimentos que hoje têm tipo 01 ou 02: um estabelecimento que era unidade básica no ano e foi reclassificado ou renumerado não entra, e a contagem dos anos anteriores pode ficar abaixo da registrada na época.",sim,,cnes_historico_estabelecimentos+ibge_populacao,"CNES, API de dados abertos (assistencia-a-saude/cnes-estabelecimentos), competência dezembro de 2024; população: IBGE, SIDRA, tabela 6579, variável 9324, município 2704302, 2024 (população residente estimada, referência 1º de julho de 2024)",1.0,2026-10-09T14:15:59Z,1cb7f82d0fffde4648aea67aff08b8e0eac0328a015b615acb6ca9df134211d0,45,994464,sau.rede.ubs_publicas (publicas),ctx.populacao.residente,,,nao,
sau.rede.ubs_publicas_por_10mil,UBS e postos de saúde públicos ativos por 10 mil habitantes,2704302,Maceió,AL,competência de dezembro,2025,publicas,0.452283,estabelecimentos por 10 mil habitantes,,Município da capital. Natureza jurídica pública. Tipos de unidade 01 e 02.,OBSERVADO,sim,,,"Estabelecimentos de tipo 01 (posto de saúde) e 02 (centro de saúde/unidade básica), ativos no CNES e de natureza jurídica pública, localizados na capital. O cadastro não comprova funcionamento, acesso nem vaga disponível, e um estabelecimento situado na capital pode não ser municipal: a gestão (municipal, estadual ou dupla) e a natureza jurídica são campos distintos do local. A série de dezembro só acompanha os estabelecimentos que hoje têm tipo 01 ou 02: um estabelecimento que era unidade básica no ano e foi reclassificado ou renumerado não entra, e a contagem dos anos anteriores pode ficar abaixo da registrada na época.",sim,,cnes_historico_estabelecimentos+ibge_populacao,"CNES, API de dados abertos (assistencia-a-saude/cnes-estabelecimentos), competência dezembro de 2025; população: IBGE, SIDRA, tabela 6579, variável 9324, município 2704302, 2025 (população residente estimada, referência 1º de julho de 2025)",1.0,2026-10-09T14:15:59Z,1cb7f82d0fffde4648aea67aff08b8e0eac0328a015b615acb6ca9df134211d0,45,994952,sau.rede.ubs_publicas (publicas),ctx.populacao.residente,,,nao,
sau.rede.ubs_publicas_por_10mil,UBS e postos de saúde públicos ativos por 10 mil habitantes,1600303,Macapá,AP,competência de dezembro,2021,publicas,0.823192,estabelecimentos por 10 mil habitantes,,Município da capital. Natureza jurídica pública. Tipos de unidade 01 e 02.,OBSERVADO,sim,,,"Estabelecimentos de tipo 01 (posto de saúde) e 02 (centro de saúde/unidade básica), ativos no CNES e de natureza jurídica pública, localizados na capital. O cadastro não comprova funcionamento, acesso nem vaga disponível, e um estabelecimento situado na capital pode não ser municipal: a gestão (municipal, estadual ou dupla) e a natureza jurídica são campos distintos do local. A série de dezembro só acompanha os estabelecimentos que hoje têm tipo 01 ou 02: um estabelecimento que era unidade básica no ano e foi reclassificado ou renumerado não entra, e a contagem dos anos anteriores pode ficar abaixo da registrada na época.",sim,,cnes_historico_estabelecimentos+ibge_populacao,"CNES, API de dados abertos (assistencia-a-saude/cnes-estabelecimentos), competência dezembro de 2021; população: IBGE, SIDRA, tabela 6579, variável 9324, município 1600303, 2021 (população residente estimada, referência 1º de julho de 2021)",1.0,2026-10-09T14:15:59Z,1cb7f82d0fffde4648aea67aff08b8e0eac0328a015b615acb6ca9df134211d0,43,522357,sau.rede.ubs_publicas (publicas),ctx.populacao.residente,,,sim,
sau.rede.ubs_publicas_por_10mil,UBS e postos de saúde públicos ativos por 10 mil habitantes,1600303,Macapá,AP,competência de dezembro,2022,publicas,0.993378,estabelecimentos por 10 mil habitantes,,Município da capital. Natureza jurídica pública. Tipos de unidade 01 e 02.,OBSERVADO,sim,,,"Estabelecimentos de tipo 01 (posto de saúde) e 02 (centro de saúde/unidade básica), ativos no CNES e de natureza jurídica pública, localizados na capital. O cadastro não comprova funcionamento, acesso nem vaga disponível, e um estabelecimento situado na capital pode não ser municipal: a gestão (municipal, estadual ou dupla) e a natureza jurídica são campos distintos do local. A série de dezembro só acompanha os estabelecimentos que hoje têm tipo 01 ou 02: um estabelecimento que era unidade básica no ano e foi reclassificado ou renumerado não entra, e a contagem dos anos anteriores pode ficar abaixo da registrada na época.",sim,,cnes_historico_estabelecimentos+ibge_populacao,"CNES, API de dados abertos (assistencia-a-saude/cnes-estabelecimentos), competência dezembro de 2022; população: IBGE, SIDRA, tabela 4714, variável 93, município 1600303, 2022 (população residente no Censo 2022, referência 31 de julho de 2022)",1.0,2026-10-09T14:15:59Z,1cb7f82d0fffde4648aea67aff08b8e0eac0328a015b615acb6ca9df134211d0,44,442933,sau.rede.ubs_publicas (publicas),ctx.populacao.residente,,,nao,
sau.rede.ubs_publicas_por_10mil,UBS e postos de saúde públicos ativos por 10 mil habitantes,1600303,Macapá,AP,competência de dezembro,2023,publicas,0.993378,estabelecimentos por 10 mil habitantes,,Município da capital. Natureza jurídica pública. Tipos de unidade 01 e 02.,OBSERVADO,sim,,,"Estabelecimentos de tipo 01 (posto de saúde) e 02 (centro de saúde/unidade básica), ativos no CNES e de natureza jurídica pública, localizados na capital. O cadastro não comprova funcionamento, acesso nem vaga disponível, e um estabelecimento situado na capital pode não ser municipal: a gestão (municipal, estadual ou dupla) e a natureza jurídica são campos distintos do local. A série de dezembro só acompanha os estabelecimentos que hoje têm tipo 01 ou 02: um estabelecimento que era unidade básica no ano e foi reclassificado ou renumerado não entra, e a contagem dos anos anteriores pode ficar abaixo da registrada na época.",sim,,cnes_historico_estabelecimentos+ibge_populacao,"CNES, API de dados abertos (assistencia-a-saude/cnes-estabelecimentos), competência dezembro de 2023; população: IBGE, relação da população dos municípios de 2023 (Censo 2022, 2ª apuração), município 1600303, referência 31 de julho de 2022 (malha territorial de 30 de abril de 2023)",1.0,2026-10-09T14:15:59Z,1cb7f82d0fffde4648aea67aff08b8e0eac0328a015b615acb6ca9df134211d0,44,442933,sau.rede.ubs_publicas (publicas),ctx.populacao.residente,,,sim,
sau.rede.ubs_publicas_por_10mil,UBS e postos de saúde públicos ativos por 10 mil habitantes,1600303,Macapá,AP,competência de dezembro,2024,publicas,0.882594,estabelecimentos por 10 mil habitantes,,Município da capital. Natureza jurídica pública. Tipos de unidade 01 e 02.,OBSERVADO,sim,,,"Estabelecimentos de tipo 01 (posto de saúde) e 02 (centro de saúde/unidade básica), ativos no CNES e de natureza jurídica pública, localizados na capital. O cadastro não comprova funcionamento, acesso nem vaga disponível, e um estabelecimento situado na capital pode não ser municipal: a gestão (municipal, estadual ou dupla) e a natureza jurídica são campos distintos do local. A série de dezembro só acompanha os estabelecimentos que hoje têm tipo 01 ou 02: um estabelecimento que era unidade básica no ano e foi reclassificado ou renumerado não entra, e a contagem dos anos anteriores pode ficar abaixo da registrada na época.",sim,,cnes_historico_estabelecimentos+ibge_populacao,"CNES, API de dados abertos (assistencia-a-saude/cnes-estabelecimentos), competência dezembro de 2024; população: IBGE, SIDRA, tabela 6579, variável 9324, município 1600303, 2024 (população residente estimada, referência 1º de julho de 2024)",1.0,2026-10-09T14:15:59Z,1cb7f82d0fffde4648aea67aff08b8e0eac0328a015b615acb6ca9df134211d0,43,487200,sau.rede.ubs_publicas (publicas),ctx.populacao.residente,,,nao,
sau.rede.ubs_publicas_por_10mil,UBS e postos de saúde públicos ativos por 10 mil habitantes,1600303,Macapá,AP,competência de dezembro,2025,publicas,0.878132,estabelecimentos por 10 mil habitantes,,Município da capital. Natureza jurídica pública. Tipos de unidade 01 e 02.,OBSERVADO,sim,,,"Estabelecimentos de tipo 01 (posto de saúde) e 02 (centro de saúde/unidade básica), ativos no CNES e de natureza jurídica pública, localizados na capital. O cadastro não comprova funcionamento, acesso nem vaga disponível, e um estabelecimento situado na capital pode não ser municipal: a gestão (municipal, estadual ou dupla) e a natureza jurídica são campos distintos do local. A série de dezembro só acompanha os estabelecimentos que hoje têm tipo 01 ou 02: um estabelecimento que era unidade básica no ano e foi reclassificado ou renumerado não entra, e a contagem dos anos anteriores pode ficar abaixo da registrada na época.",sim,,cnes_historico_estabelecimentos+ibge_populacao,"CNES, API de dados abertos (assistencia-a-saude/cnes-estabelecimentos), competência dezembro de 2025; população: IBGE, SIDRA, tabela 6579, variável 9324, município 1600303, 2025 (população residente estimada, referência 1º de julho de 2025)",1.0,2026-10-09T14:15:59Z,1cb7f82d0fffde4648aea67aff08b8e0eac0328a015b615acb6ca9df134211d0,43,489676,sau.rede.ubs_publicas (publicas),ctx.populacao.residente,,,nao,
sau.rede.ubs_publicas_por_10mil,UBS e postos de saúde públicos ativos por 10 mil habitantes,1302603,Manaus,AM,competência de dezembro,2021,publicas,0.77131,estabelecimentos por 10 mil habitantes,,Município da capital. Natureza jurídica pública. Tipos de unidade 01 e 02.,OBSERVADO,sim,,,"Estabelecimentos de tipo 01 (posto de saúde) e 02 (centro de saúde/unidade básica), ativos no CNES e de natureza jurídica pública, localizados na capital. O cadastro não comprova funcionamento, acesso nem vaga disponível, e um estabelecimento situado na capital pode não ser municipal: a gestão (municipal, estadual ou dupla) e a natureza jurídica são campos distintos do local. A série de dezembro só acompanha os estabelecimentos que hoje têm tipo 01 ou 02: um estabelecimento que era unidade básica no ano e foi reclassificado ou renumerado não entra, e a contagem dos anos anteriores pode ficar abaixo da registrada na época.",sim,,cnes_historico_estabelecimentos+ibge_populacao,"CNES, API de dados abertos (assistencia-a-saude/cnes-estabelecimentos), competência dezembro de 2021; população: IBGE, SIDRA, tabela 6579, variável 9324, município 1302603, 2021 (população residente estimada, referência 1º de julho de 2021)",1.0,2026-10-09T14:15:59Z,1cb7f82d0fffde4648aea67aff08b8e0eac0328a015b615acb6ca9df134211d0,174,2255903,sau.rede.ubs_publicas (publicas),ctx.populacao.residente,,,sim,
sau.rede.ubs_publicas_por_10mil,UBS e postos de saúde públicos ativos por 10 mil habitantes,1302603,Manaus,AM,competência de dezembro,2022,publicas,0.84315,estabelecimentos por 10 mil habitantes,,Município da capital. Natureza jurídica pública. Tipos de unidade 01 e 02.,OBSERVADO,sim,,,"Estabelecimentos de tipo 01 (posto de saúde) e 02 (centro de saúde/unidade básica), ativos no CNES e de natureza jurídica pública, localizados na capital. O cadastro não comprova funcionamento, acesso nem vaga disponível, e um estabelecimento situado na capital pode não ser municipal: a gestão (municipal, estadual ou dupla) e a natureza jurídica são campos distintos do local. A série de dezembro só acompanha os estabelecimentos que hoje têm tipo 01 ou 02: um estabelecimento que era unidade básica no ano e foi reclassificado ou renumerado não entra, e a contagem dos anos anteriores pode ficar abaixo da registrada na época.",sim,,cnes_historico_estabelecimentos+ibge_populacao,"CNES, API de dados abertos (assistencia-a-saude/cnes-estabelecimentos), competência dezembro de 2022; população: IBGE, SIDRA, tabela 4714, variável 93, município 1302603, 2022 (população residente no Censo 2022, referência 31 de julho de 2022)",1.0,2026-10-09T14:15:59Z,1cb7f82d0fffde4648aea67aff08b8e0eac0328a015b615acb6ca9df134211d0,174,2063689,sau.rede.ubs_publicas (publicas),ctx.populacao.residente,,,nao,
sau.rede.ubs_publicas_por_10mil,UBS e postos de saúde públicos ativos por 10 mil habitantes,1302603,Manaus,AM,competência de dezembro,2023,publicas,0.818922,estabelecimentos por 10 mil habitantes,,Município da capital. Natureza jurídica pública. Tipos de unidade 01 e 02.,OBSERVADO,sim,,,"Estabelecimentos de tipo 01 (posto de saúde) e 02 (centro de saúde/unidade básica), ativos no CNES e de natureza jurídica pública, localizados na capital. O cadastro não comprova funcionamento, acesso nem vaga disponível, e um estabelecimento situado na capital pode não ser municipal: a gestão (municipal, estadual ou dupla) e a natureza jurídica são campos distintos do local. A série de dezembro só acompanha os estabelecimentos que hoje têm tipo 01 ou 02: um estabelecimento que era unidade básica no ano e foi reclassificado ou renumerado não entra, e a contagem dos anos anteriores pode ficar abaixo da registrada na época.",sim,,cnes_historico_estabelecimentos+ibge_populacao,"CNES, API de dados abertos (assistencia-a-saude/cnes-estabelecimentos), competência dezembro de 2023; população: IBGE, relação da população dos municípios de 2023 (Censo 2022, 2ª apuração), município 1302603, referência 31 de julho de 2022 (malha territorial de 30 de abril de 2023)",1.0,2026-10-09T14:15:59Z,1cb7f82d0fffde4648aea67aff08b8e0eac0328a015b615acb6ca9df134211d0,169,2063689,sau.rede.ubs_publicas (publicas),ctx.populacao.residente,,,sim,
sau.rede.ubs_publicas_por_10mil,UBS e postos de saúde públicos ativos por 10 mil habitantes,1302603,Manaus,AM,competência de dezembro,2024,publicas,0.732557,estabelecimentos por 10 mil habitantes,,Município da capital. Natureza jurídica pública. Tipos de unidade 01 e 02.,OBSERVADO,sim,,,"Estabelecimentos de tipo 01 (posto de saúde) e 02 (centro de saúde/unidade básica), ativos no CNES e de natureza jurídica pública, localizados na capital. O cadastro não comprova funcionamento, acesso nem vaga disponível, e um estabelecimento situado na capital pode não ser municipal: a gestão (municipal, estadual ou dupla) e a natureza jurídica são campos distintos do local. A série de dezembro só acompanha os estabelecimentos que hoje têm tipo 01 ou 02: um estabelecimento que era unidade básica no ano e foi reclassificado ou renumerado não entra, e a contagem dos anos anteriores pode ficar abaixo da registrada na época.",sim,,cnes_historico_estabelecimentos+ibge_populacao,"CNES, API de dados abertos (assistencia-a-saude/cnes-estabelecimentos), competência dezembro de 2024; população: IBGE, SIDRA, tabela 6579, variável 9324, município 1302603, 2024 (população residente estimada, referência 1º de julho de 2024)",1.0,2026-10-09T14:15:59Z,1cb7f82d0fffde4648aea67aff08b8e0eac0328a015b615acb6ca9df134211d0,167,2279686,sau.rede.ubs_publicas (publicas),ctx.populacao.residente,,,nao,
sau.rede.ubs_publicas_por_10mil,UBS e postos de saúde públicos ativos por 10 mil habitantes,1302603,Manaus,AM,competência de dezembro,2025,publicas,0.685844,estabelecimentos por 10 mil habitantes,,Município da capital. Natureza jurídica pública. Tipos de unidade 01 e 02.,OBSERVADO,sim,,,"Estabelecimentos de tipo 01 (posto de saúde) e 02 (centro de saúde/unidade básica), ativos no CNES e de natureza jurídica pública, localizados na capital. O cadastro não comprova funcionamento, acesso nem vaga disponível, e um estabelecimento situado na capital pode não ser municipal: a gestão (municipal, estadual ou dupla) e a natureza jurídica são campos distintos do local. A série de dezembro só acompanha os estabelecimentos que hoje têm tipo 01 ou 02: um estabelecimento que era unidade básica no ano e foi reclassificado ou renumerado não entra, e a contagem dos anos anteriores pode ficar abaixo da registrada na época.",sim,,cnes_historico_estabelecimentos+ibge_populacao,"CNES, API de dados abertos (assistencia-a-saude/cnes-estabelecimentos), competência dezembro de 2025; população: IBGE, SIDRA, tabela 6579, variável 9324, município 1302603, 2025 (população residente estimada, referência 1º de julho de 2025)",1.0,2026-10-09T14:15:59Z,1cb7f82d0fffde4648aea67aff08b8e0eac0328a015b615acb6ca9df134211d0,158,2303732,sau.rede.ubs_publicas (publicas),ctx.populacao.residente,,,nao,
sau.rede.ubs_publicas_por_10mil,UBS e postos de saúde públicos ativos por 10 mil habitantes,2927408,Salvador,BA,competência de dezembro,2021,publicas,0.258592,estabelecimentos por 10 mil habitantes,,Município da capital. Natureza jurídica pública. Tipos de unidade 01 e 02.,OBSERVADO,sim,,,"Estabelecimentos de tipo 01 (posto de saúde) e 02 (centro de saúde/unidade básica), ativos no CNES e de natureza jurídica pública, localizados na capital. O cadastro não comprova funcionamento, acesso nem vaga disponível, e um estabelecimento situado na capital pode não ser municipal: a gestão (municipal, estadual ou dupla) e a natureza jurídica são campos distintos do local. A série de dezembro só acompanha os estabelecimentos que hoje têm tipo 01 ou 02: um estabelecimento que era unidade básica no ano e foi reclassificado ou renumerado não entra, e a contagem dos anos anteriores pode ficar abaixo da registrada na época.",sim,,cnes_historico_estabelecimentos+ibge_populacao,"CNES, API de dados abertos (assistencia-a-saude/cnes-estabelecimentos), competência dezembro de 2021; população: IBGE, SIDRA, tabela 6579, variável 9324, município 2927408, 2021 (população residente estimada, referência 1º de julho de 2021)",1.0,2026-10-09T14:15:59Z,1cb7f82d0fffde4648aea67aff08b8e0eac0328a015b615acb6ca9df134211d0,75,2900319,sau.rede.ubs_publicas (publicas),ctx.populacao.residente,,,sim,
sau.rede.ubs_publicas_por_10mil,UBS e postos de saúde públicos ativos por 10 mil habitantes,2927408,Salvador,BA,competência de dezembro,2022,publicas,0.306079,estabelecimentos por 10 mil habitantes,,Município da capital. Natureza jurídica pública. Tipos de unidade 01 e 02.,OBSERVADO,sim,,,"Estabelecimentos de tipo 01 (posto de saúde) e 02 (centro de saúde/unidade básica), ativos no CNES e de natureza jurídica pública, localizados na capital. O cadastro não comprova funcionamento, acesso nem vaga disponível, e um estabelecimento situado na capital pode não ser municipal: a gestão (municipal, estadual ou dupla) e a natureza jurídica são campos distintos do local. A série de dezembro só acompanha os estabelecimentos que hoje têm tipo 01 ou 02: um estabelecimento que era unidade básica no ano e foi reclassificado ou renumerado não entra, e a contagem dos anos anteriores pode ficar abaixo da registrada na época.",sim,,cnes_historico_estabelecimentos+ibge_populacao,"CNES, API de dados abertos (assistencia-a-saude/cnes-estabelecimentos), competência dezembro de 2022; população: IBGE, SIDRA, tabela 4714, variável 93, município 2927408, 2022 (população residente no Censo 2022, referência 31 de julho de 2022)",1.0,2026-10-09T14:15:59Z,1cb7f82d0fffde4648aea67aff08b8e0eac0328a015b615acb6ca9df134211d0,74,2417678,sau.rede.ubs_publicas (publicas),ctx.populacao.residente,,,nao,
sau.rede.ubs_publicas_por_10mil,UBS e postos de saúde públicos ativos por 10 mil habitantes,2927408,Salvador,BA,competência de dezembro,2023,publicas,0.306079,estabelecimentos por 10 mil habitantes,,Município da capital. Natureza jurídica pública. Tipos de unidade 01 e 02.,OBSERVADO,sim,,,"Estabelecimentos de tipo 01 (posto de saúde) e 02 (centro de saúde/unidade básica), ativos no CNES e de natureza jurídica pública, localizados na capital. O cadastro não comprova funcionamento, acesso nem vaga disponível, e um estabelecimento situado na capital pode não ser municipal: a gestão (municipal, estadual ou dupla) e a natureza jurídica são campos distintos do local. A série de dezembro só acompanha os estabelecimentos que hoje têm tipo 01 ou 02: um estabelecimento que era unidade básica no ano e foi reclassificado ou renumerado não entra, e a contagem dos anos anteriores pode ficar abaixo da registrada na época.",sim,,cnes_historico_estabelecimentos+ibge_populacao,"CNES, API de dados abertos (assistencia-a-saude/cnes-estabelecimentos), competência dezembro de 2023; população: IBGE, relação da população dos municípios de 2023 (Censo 2022, 2ª apuração), município 2927408, referência 31 de julho de 2022 (malha territorial de 30 de abril de 2023)",1.0,2026-10-09T14:15:59Z,1cb7f82d0fffde4648aea67aff08b8e0eac0328a015b615acb6ca9df134211d0,74,2417678,sau.rede.ubs_publicas (publicas),ctx.populacao.residente,,,sim,
sau.rede.ubs_publicas_por_10mil,UBS e postos de saúde públicos ativos por 10 mil habitantes,2927408,Salvador,BA,competência de dezembro,2024,publicas,0.284165,estabelecimentos por 10 mil habitantes,,Município da capital. Natureza jurídica pública. Tipos de unidade 01 e 02.,OBSERVADO,sim,,,"Estabelecimentos de tipo 01 (posto de saúde) e 02 (centro de saúde/unidade básica), ativos no CNES e de natureza jurídica pública, localizados na capital. O cadastro não comprova funcionamento, acesso nem vaga disponível, e um estabelecimento situado na capital pode não ser municipal: a gestão (municipal, estadual ou dupla) e a natureza jurídica são campos distintos do local. A série de dezembro só acompanha os estabelecimentos que hoje têm tipo 01 ou 02: um estabelecimento que era unidade básica no ano e foi reclassificado ou renumerado não entra, e a contagem dos anos anteriores pode ficar abaixo da registrada na época.",sim,,cnes_historico_estabelecimentos+ibge_populacao,"CNES, API de dados abertos (assistencia-a-saude/cnes-estabelecimentos), competência dezembro de 2024; população: IBGE, SIDRA, tabela 6579, variável 9324, município 2927408, 2024 (população residente estimada, referência 1º de julho de 2024)",1.0,2026-10-09T14:15:59Z,1cb7f82d0fffde4648aea67aff08b8e0eac0328a015b615acb6ca9df134211d0,73,2568928,sau.rede.ubs_publicas (publicas),ctx.populacao.residente,,,nao,
sau.rede.ubs_publicas_por_10mil,UBS e postos de saúde públicos ativos por 10 mil habitantes,2927408,Salvador,BA,competência de dezembro,2025,publicas,0.284689,estabelecimentos por 10 mil habitantes,,Município da capital. Natureza jurídica pública. Tipos de unidade 01 e 02.,OBSERVADO,sim,,,"Estabelecimentos de tipo 01 (posto de saúde) e 02 (centro de saúde/unidade básica), ativos no CNES e de natureza jurídica pública, localizados na capital. O cadastro não comprova funcionamento, acesso nem vaga disponível, e um estabelecimento situado na capital pode não ser municipal: a gestão (municipal, estadual ou dupla) e a natureza jurídica são campos distintos do local. A série de dezembro só acompanha os estabelecimentos que hoje têm tipo 01 ou 02: um estabelecimento que era unidade básica no ano e foi reclassificado ou renumerado não entra, e a contagem dos anos anteriores pode ficar abaixo da registrada na época.",sim,,cnes_historico_estabelecimentos+ibge_populacao,"CNES, API de dados abertos (assistencia-a-saude/cnes-estabelecimentos), competência dezembro de 2025; população: IBGE, SIDRA, tabela 6579, variável 9324, município 2927408, 2025 (população residente estimada, referência 1º de julho de 2025)",1.0,2026-10-09T14:15:59Z,1cb7f82d0fffde4648aea67aff08b8e0eac0328a015b615acb6ca9df134211d0,73,2564204,sau.rede.ubs_publicas (publicas),ctx.populacao.residente,,,nao,
sau.rede.ubs_publicas_por_10mil,UBS e postos de saúde públicos ativos por 10 mil habitantes,2304400,Fortaleza,CE,competência de dezembro,2021,publicas,0.011097,estabelecimentos por 10 mil habitantes,,Município da capital. Natureza jurídica pública. Tipos de unidade 01 e 02.,OBSERVADO,sim,,,"Estabelecimentos de tipo 01 (posto de saúde) e 02 (centro de saúde/unidade básica), ativos no CNES e de natureza jurídica pública, localizados na capital. O cadastro não comprova funcionamento, acesso nem vaga disponível, e um estabelecimento situado na capital pode não ser municipal: a gestão (municipal, estadual ou dupla) e a natureza jurídica são campos distintos do local. A série de dezembro só acompanha os estabelecimentos que hoje têm tipo 01 ou 02: um estabelecimento que era unidade básica no ano e foi reclassificado ou renumerado não entra, e a contagem dos anos anteriores pode ficar abaixo da registrada na época.",sim,,cnes_historico_estabelecimentos+ibge_populacao,"CNES, API de dados abertos (assistencia-a-saude/cnes-estabelecimentos), competência dezembro de 2021; população: IBGE, SIDRA, tabela 6579, variável 9324, município 2304400, 2021 (população residente estimada, referência 1º de julho de 2021)",1.0,2026-10-09T14:15:59Z,1cb7f82d0fffde4648aea67aff08b8e0eac0328a015b615acb6ca9df134211d0,3,2703391,sau.rede.ubs_publicas (publicas),ctx.populacao.residente,,,sim,
sau.rede.ubs_publicas_por_10mil,UBS e postos de saúde públicos ativos por 10 mil habitantes,2304400,Fortaleza,CE,competência de dezembro,2022,publicas,0.012352,estabelecimentos por 10 mil habitantes,,Município da capital. Natureza jurídica pública. Tipos de unidade 01 e 02.,OBSERVADO,sim,,,"Estabelecimentos de tipo 01 (posto de saúde) e 02 (centro de saúde/unidade básica), ativos no CNES e de natureza jurídica pública, localizados na capital. O cadastro não comprova funcionamento, acesso nem vaga disponível, e um estabelecimento situado na capital pode não ser municipal: a gestão (municipal, estadual ou dupla) e a natureza jurídica são campos distintos do local. A série de dezembro só acompanha os estabelecimentos que hoje têm tipo 01 ou 02: um estabelecimento que era unidade básica no ano e foi reclassificado ou renumerado não entra, e a contagem dos anos anteriores pode ficar abaixo da registrada na época.",sim,,cnes_historico_estabelecimentos+ibge_populacao,"CNES, API de dados abertos (assistencia-a-saude/cnes-estabelecimentos), competência dezembro de 2022; população: IBGE, SIDRA, tabela 4714, variável 93, município 2304400, 2022 (população residente no Censo 2022, referência 31 de julho de 2022)",1.0,2026-10-09T14:15:59Z,1cb7f82d0fffde4648aea67aff08b8e0eac0328a015b615acb6ca9df134211d0,3,2428708,sau.rede.ubs_publicas (publicas),ctx.populacao.residente,,,nao,
sau.rede.ubs_publicas_por_10mil,UBS e postos de saúde públicos ativos por 10 mil habitantes,2304400,Fortaleza,CE,competência de dezembro,2023,publicas,0.012352,estabelecimentos por 10 mil habitantes,,Município da capital. Natureza jurídica pública. Tipos de unidade 01 e 02.,OBSERVADO,sim,,,"Estabelecimentos de tipo 01 (posto de saúde) e 02 (centro de saúde/unidade básica), ativos no CNES e de natureza jurídica pública, localizados na capital. O cadastro não comprova funcionamento, acesso nem vaga disponível, e um estabelecimento situado na capital pode não ser municipal: a gestão (municipal, estadual ou dupla) e a natureza jurídica são campos distintos do local. A série de dezembro só acompanha os estabelecimentos que hoje têm tipo 01 ou 02: um estabelecimento que era unidade básica no ano e foi reclassificado ou renumerado não entra, e a contagem dos anos anteriores pode ficar abaixo da registrada na época.",sim,,cnes_historico_estabelecimentos+ibge_populacao,"CNES, API de dados abertos (assistencia-a-saude/cnes-estabelecimentos), competência dezembro de 2023; população: IBGE, relação da população dos municípios de 2023 (Censo 2022, 2ª apuração), município 2304400, referência 31 de julho de 2022 (malha territorial de 30 de abril de 2023)",1.0,2026-10-09T14:15:59Z,1cb7f82d0fffde4648aea67aff08b8e0eac0328a015b615acb6ca9df134211d0,3,2428708,sau.rede.ubs_publicas (publicas),ctx.populacao.residente,,,sim,
sau.rede.ubs_publicas_por_10mil,UBS e postos de saúde públicos ativos por 10 mil habitantes,2304400,Fortaleza,CE,competência de dezembro,2024,publicas,0.011653,estabelecimentos por 10 mil habitantes,,Município da capital. Natureza jurídica pública. Tipos de unidade 01 e 02.,OBSERVADO,sim,,,"Estabelecimentos de tipo 01 (posto de saúde) e 02 (centro de saúde/unidade básica), ativos no CNES e de natureza jurídica pública, localizados na capital. O cadastro não comprova funcionamento, acesso nem vaga disponível, e um estabelecimento situado na capital pode não ser municipal: a gestão (municipal, estadual ou dupla) e a natureza jurídica são campos distintos do local. A série de dezembro só acompanha os estabelecimentos que hoje têm tipo 01 ou 02: um estabelecimento que era unidade básica no ano e foi reclassificado ou renumerado não entra, e a contagem dos anos anteriores pode ficar abaixo da registrada na época.",sim,,cnes_historico_estabelecimentos+ibge_populacao,"CNES, API de dados abertos (assistencia-a-saude/cnes-estabelecimentos), competência dezembro de 2024; população: IBGE, SIDRA, tabela 6579, variável 9324, município 2304400, 2024 (população residente estimada, referência 1º de julho de 2024)",1.0,2026-10-09T14:15:59Z,1cb7f82d0fffde4648aea67aff08b8e0eac0328a015b615acb6ca9df134211d0,3,2574412,sau.rede.ubs_publicas (publicas),ctx.populacao.residente,,,nao,
sau.rede.ubs_publicas_por_10mil,UBS e postos de saúde públicos ativos por 10 mil habitantes,2304400,Fortaleza,CE,competência de dezembro,2025,publicas,0.011635,estabelecimentos por 10 mil habitantes,,Município da capital. Natureza jurídica pública. Tipos de unidade 01 e 02.,OBSERVADO,sim,,,"Estabelecimentos de tipo 01 (posto de saúde) e 02 (centro de saúde/unidade básica), ativos no CNES e de natureza jurídica pública, localizados na capital. O cadastro não comprova funcionamento, acesso nem vaga disponível, e um estabelecimento situado na capital pode não ser municipal: a gestão (municipal, estadual ou dupla) e a natureza jurídica são campos distintos do local. A série de dezembro só acompanha os estabelecimentos que hoje têm tipo 01 ou 02: um estabelecimento que era unidade básica no ano e foi reclassificado ou renumerado não entra, e a contagem dos anos anteriores pode ficar abaixo da registrada na época.",sim,,cnes_historico_estabelecimentos+ibge_populacao,"CNES, API de dados abertos (assistencia-a-saude/cnes-estabelecimentos), competência dezembro de 2025; população: IBGE, SIDRA, tabela 6579, variável 9324, município 2304400, 2025 (população residente estimada, referência 1º de julho de 2025)",1.0,2026-10-09T14:15:59Z,1cb7f82d0fffde4648aea67aff08b8e0eac0328a015b615acb6ca9df134211d0,3,2578483,sau.rede.ubs_publicas (publicas),ctx.populacao.residente,,,nao,
sau.rede.ubs_publicas_por_10mil,UBS e postos de saúde públicos ativos por 10 mil habitantes,3205309,Vitória,ES,competência de dezembro,2021,publicas,0.676528,estabelecimentos por 10 mil habitantes,,Município da capital. Natureza jurídica pública. Tipos de unidade 01 e 02.,OBSERVADO,sim,,,"Estabelecimentos de tipo 01 (posto de saúde) e 02 (centro de saúde/unidade básica), ativos no CNES e de natureza jurídica pública, localizados na capital. O cadastro não comprova funcionamento, acesso nem vaga disponível, e um estabelecimento situado na capital pode não ser municipal: a gestão (municipal, estadual ou dupla) e a natureza jurídica são campos distintos do local. A série de dezembro só acompanha os estabelecimentos que hoje têm tipo 01 ou 02: um estabelecimento que era unidade básica no ano e foi reclassificado ou renumerado não entra, e a contagem dos anos anteriores pode ficar abaixo da registrada na época.",sim,,cnes_historico_estabelecimentos+ibge_populacao,"CNES, API de dados abertos (assistencia-a-saude/cnes-estabelecimentos), competência dezembro de 2021; população: IBGE, SIDRA, tabela 6579, variável 9324, município 3205309, 2021 (população residente estimada, referência 1º de julho de 2021)",1.0,2026-10-09T14:15:59Z,1cb7f82d0fffde4648aea67aff08b8e0eac0328a015b615acb6ca9df134211d0,25,369534,sau.rede.ubs_publicas (publicas),ctx.populacao.residente,,,sim,
sau.rede.ubs_publicas_por_10mil,UBS e postos de saúde públicos ativos por 10 mil habitantes,3205309,Vitória,ES,competência de dezembro,2022,publicas,0.774308,estabelecimentos por 10 mil habitantes,,Município da capital. Natureza jurídica pública. Tipos de unidade 01 e 02.,OBSERVADO,sim,,,"Estabelecimentos de tipo 01 (posto de saúde) e 02 (centro de saúde/unidade básica), ativos no CNES e de natureza jurídica pública, localizados na capital. O cadastro não comprova funcionamento, acesso nem vaga disponível, e um estabelecimento situado na capital pode não ser municipal: a gestão (municipal, estadual ou dupla) e a natureza jurídica são campos distintos do local. A série de dezembro só acompanha os estabelecimentos que hoje têm tipo 01 ou 02: um estabelecimento que era unidade básica no ano e foi reclassificado ou renumerado não entra, e a contagem dos anos anteriores pode ficar abaixo da registrada na época.",sim,,cnes_historico_estabelecimentos+ibge_populacao,"CNES, API de dados abertos (assistencia-a-saude/cnes-estabelecimentos), competência dezembro de 2022; população: IBGE, SIDRA, tabela 4714, variável 93, município 3205309, 2022 (população residente no Censo 2022, referência 31 de julho de 2022)",1.0,2026-10-09T14:15:59Z,1cb7f82d0fffde4648aea67aff08b8e0eac0328a015b615acb6ca9df134211d0,25,322869,sau.rede.ubs_publicas (publicas),ctx.populacao.residente,,,nao,
sau.rede.ubs_publicas_por_10mil,UBS e postos de saúde públicos ativos por 10 mil habitantes,3205309,Vitória,ES,competência de dezembro,2023,publicas,0.774308,estabelecimentos por 10 mil habitantes,,Município da capital. Natureza jurídica pública. Tipos de unidade 01 e 02.,OBSERVADO,sim,,,"Estabelecimentos de tipo 01 (posto de saúde) e 02 (centro de saúde/unidade básica), ativos no CNES e de natureza jurídica pública, localizados na capital. O cadastro não comprova funcionamento, acesso nem vaga disponível, e um estabelecimento situado na capital pode não ser municipal: a gestão (municipal, estadual ou dupla) e a natureza jurídica são campos distintos do local. A série de dezembro só acompanha os estabelecimentos que hoje têm tipo 01 ou 02: um estabelecimento que era unidade básica no ano e foi reclassificado ou renumerado não entra, e a contagem dos anos anteriores pode ficar abaixo da registrada na época.",sim,,cnes_historico_estabelecimentos+ibge_populacao,"CNES, API de dados abertos (assistencia-a-saude/cnes-estabelecimentos), competência dezembro de 2023; população: IBGE, relação da população dos municípios de 2023 (Censo 2022, 2ª apuração), município 3205309, referência 31 de julho de 2022 (malha territorial de 30 de abril de 2023)",1.0,2026-10-09T14:15:59Z,1cb7f82d0fffde4648aea67aff08b8e0eac0328a015b615acb6ca9df134211d0,25,322869,sau.rede.ubs_publicas (publicas),ctx.populacao.residente,,,sim,
sau.rede.ubs_publicas_por_10mil,UBS e postos de saúde públicos ativos por 10 mil habitantes,3205309,Vitória,ES,competência de dezembro,2024,publicas,0.729288,estabelecimentos por 10 mil habitantes,,Município da capital. Natureza jurídica pública. Tipos de unidade 01 e 02.,OBSERVADO,sim,,,"Estabelecimentos de tipo 01 (posto de saúde) e 02 (centro de saúde/unidade básica), ativos no CNES e de natureza jurídica pública, localizados na capital. O cadastro não comprova funcionamento, acesso nem vaga disponível, e um estabelecimento situado na capital pode não ser municipal: a gestão (municipal, estadual ou dupla) e a natureza jurídica são campos distintos do local. A série de dezembro só acompanha os estabelecimentos que hoje têm tipo 01 ou 02: um estabelecimento que era unidade básica no ano e foi reclassificado ou renumerado não entra, e a contagem dos anos anteriores pode ficar abaixo da registrada na época.",sim,,cnes_historico_estabelecimentos+ibge_populacao,"CNES, API de dados abertos (assistencia-a-saude/cnes-estabelecimentos), competência dezembro de 2024; população: IBGE, SIDRA, tabela 6579, variável 9324, município 3205309, 2024 (população residente estimada, referência 1º de julho de 2024)",1.0,2026-10-09T14:15:59Z,1cb7f82d0fffde4648aea67aff08b8e0eac0328a015b615acb6ca9df134211d0,25,342800,sau.rede.ubs_publicas (publicas),ctx.populacao.residente,,,nao,
sau.rede.ubs_publicas_por_10mil,UBS e postos de saúde públicos ativos por 10 mil habitantes,3205309,Vitória,ES,competência de dezembro,2025,publicas,0.728061,estabelecimentos por 10 mil habitantes,,Município da capital. Natureza jurídica pública. Tipos de unidade 01 e 02.,OBSERVADO,sim,,,"Estabelecimentos de tipo 01 (posto de saúde) e 02 (centro de saúde/unidade básica), ativos no CNES e de natureza jurídica pública, localizados na capital. O cadastro não comprova funcionamento, acesso nem vaga disponível, e um estabelecimento situado na capital pode não ser municipal: a gestão (municipal, estadual ou dupla) e a natureza jurídica são campos distintos do local. A série de dezembro só acompanha os estabelecimentos que hoje têm tipo 01 ou 02: um estabelecimento que era unidade básica no ano e foi reclassificado ou renumerado não entra, e a contagem dos anos anteriores pode ficar abaixo da registrada na época.",sim,,cnes_historico_estabelecimentos+ibge_populacao,"CNES, API de dados abertos (assistencia-a-saude/cnes-estabelecimentos), competência dezembro de 2025; população: IBGE, SIDRA, tabela 6579, variável 9324, município 3205309, 2025 (população residente estimada, referência 1º de julho de 2025)",1.0,2026-10-09T14:15:59Z,1cb7f82d0fffde4648aea67aff08b8e0eac0328a015b615acb6ca9df134211d0,25,343378,sau.rede.ubs_publicas (publicas),ctx.populacao.residente,,,nao,
sau.rede.ubs_publicas_por_10mil,UBS e postos de saúde públicos ativos por 10 mil habitantes,5208707,Goiânia,GO,competência de dezembro,2021,publicas,0.012857,estabelecimentos por 10 mil habitantes,,Município da capital. Natureza jurídica pública. Tipos de unidade 01 e 02.,OBSERVADO,sim,,,"Estabelecimentos de tipo 01 (posto de saúde) e 02 (centro de saúde/unidade básica), ativos no CNES e de natureza jurídica pública, localizados na capital. O cadastro não comprova funcionamento, acesso nem vaga disponível, e um estabelecimento situado na capital pode não ser municipal: a gestão (municipal, estadual ou dupla) e a natureza jurídica são campos distintos do local. A série de dezembro só acompanha os estabelecimentos que hoje têm tipo 01 ou 02: um estabelecimento que era unidade básica no ano e foi reclassificado ou renumerado não entra, e a contagem dos anos anteriores pode ficar abaixo da registrada na época.",sim,,cnes_historico_estabelecimentos+ibge_populacao,"CNES, API de dados abertos (assistencia-a-saude/cnes-estabelecimentos), competência dezembro de 2021; população: IBGE, SIDRA, tabela 6579, variável 9324, município 5208707, 2021 (população residente estimada, referência 1º de julho de 2021)",1.0,2026-10-09T14:15:59Z,1cb7f82d0fffde4648aea67aff08b8e0eac0328a015b615acb6ca9df134211d0,2,1555626,sau.rede.ubs_publicas (publicas),ctx.populacao.residente,,,sim,
sau.rede.ubs_publicas_por_10mil,UBS e postos de saúde públicos ativos por 10 mil habitantes,5208707,Goiânia,GO,competência de dezembro,2022,publicas,0.013914,estabelecimentos por 10 mil habitantes,,Município da capital. Natureza jurídica pública. Tipos de unidade 01 e 02.,OBSERVADO,sim,,,"Estabelecimentos de tipo 01 (posto de saúde) e 02 (centro de saúde/unidade básica), ativos no CNES e de natureza jurídica pública, localizados na capital. O cadastro não comprova funcionamento, acesso nem vaga disponível, e um estabelecimento situado na capital pode não ser municipal: a gestão (municipal, estadual ou dupla) e a natureza jurídica são campos distintos do local. A série de dezembro só acompanha os estabelecimentos que hoje têm tipo 01 ou 02: um estabelecimento que era unidade básica no ano e foi reclassificado ou renumerado não entra, e a contagem dos anos anteriores pode ficar abaixo da registrada na época.",sim,,cnes_historico_estabelecimentos+ibge_populacao,"CNES, API de dados abertos (assistencia-a-saude/cnes-estabelecimentos), competência dezembro de 2022; população: IBGE, SIDRA, tabela 4714, variável 93, município 5208707, 2022 (população residente no Censo 2022, referência 31 de julho de 2022)",1.0,2026-10-09T14:15:59Z,1cb7f82d0fffde4648aea67aff08b8e0eac0328a015b615acb6ca9df134211d0,2,1437366,sau.rede.ubs_publicas (publicas),ctx.populacao.residente,,,nao,
sau.rede.ubs_publicas_por_10mil,UBS e postos de saúde públicos ativos por 10 mil habitantes,5208707,Goiânia,GO,competência de dezembro,2023,publicas,0.013914,estabelecimentos por 10 mil habitantes,,Município da capital. Natureza jurídica pública. Tipos de unidade 01 e 02.,OBSERVADO,sim,,,"Estabelecimentos de tipo 01 (posto de saúde) e 02 (centro de saúde/unidade básica), ativos no CNES e de natureza jurídica pública, localizados na capital. O cadastro não comprova funcionamento, acesso nem vaga disponível, e um estabelecimento situado na capital pode não ser municipal: a gestão (municipal, estadual ou dupla) e a natureza jurídica são campos distintos do local. A série de dezembro só acompanha os estabelecimentos que hoje têm tipo 01 ou 02: um estabelecimento que era unidade básica no ano e foi reclassificado ou renumerado não entra, e a contagem dos anos anteriores pode ficar abaixo da registrada na época.",sim,,cnes_historico_estabelecimentos+ibge_populacao,"CNES, API de dados abertos (assistencia-a-saude/cnes-estabelecimentos), competência dezembro de 2023; população: IBGE, relação da população dos municípios de 2023 (Censo 2022, 2ª apuração), município 5208707, referência 31 de julho de 2022 (malha territorial de 30 de abril de 2023)",1.0,2026-10-09T14:15:59Z,1cb7f82d0fffde4648aea67aff08b8e0eac0328a015b615acb6ca9df134211d0,2,1437366,sau.rede.ubs_publicas (publicas),ctx.populacao.residente,,,sim,
sau.rede.ubs_publicas_por_10mil,UBS e postos de saúde públicos ativos por 10 mil habitantes,5208707,Goiânia,GO,competência de dezembro,2024,publicas,0.013382,estabelecimentos por 10 mil habitantes,,Município da capital. Natureza jurídica pública. Tipos de unidade 01 e 02.,OBSERVADO,sim,,,"Estabelecimentos de tipo 01 (posto de saúde) e 02 (centro de saúde/unidade básica), ativos no CNES e de natureza jurídica pública, localizados na capital. O cadastro não comprova funcionamento, acesso nem vaga disponível, e um estabelecimento situado na capital pode não ser municipal: a gestão (municipal, estadual ou dupla) e a natureza jurídica são campos distintos do local. A série de dezembro só acompanha os estabelecimentos que hoje têm tipo 01 ou 02: um estabelecimento que era unidade básica no ano e foi reclassificado ou renumerado não entra, e a contagem dos anos anteriores pode ficar abaixo da registrada na época.",sim,,cnes_historico_estabelecimentos+ibge_populacao,"CNES, API de dados abertos (assistencia-a-saude/cnes-estabelecimentos), competência dezembro de 2024; população: IBGE, SIDRA, tabela 6579, variável 9324, município 5208707, 2024 (população residente estimada, referência 1º de julho de 2024)",1.0,2026-10-09T14:15:59Z,1cb7f82d0fffde4648aea67aff08b8e0eac0328a015b615acb6ca9df134211d0,2,1494599,sau.rede.ubs_publicas (publicas),ctx.populacao.residente,,,nao,
sau.rede.ubs_publicas_por_10mil,UBS e postos de saúde públicos ativos por 10 mil habitantes,5208707,Goiânia,GO,competência de dezembro,2025,publicas,0.013304,estabelecimentos por 10 mil habitantes,,Município da capital. Natureza jurídica pública. Tipos de unidade 01 e 02.,OBSERVADO,sim,,,"Estabelecimentos de tipo 01 (posto de saúde) e 02 (centro de saúde/unidade básica), ativos no CNES e de natureza jurídica pública, localizados na capital. O cadastro não comprova funcionamento, acesso nem vaga disponível, e um estabelecimento situado na capital pode não ser municipal: a gestão (municipal, estadual ou dupla) e a natureza jurídica são campos distintos do local. A série de dezembro só acompanha os estabelecimentos que hoje têm tipo 01 ou 02: um estabelecimento que era unidade básica no ano e foi reclassificado ou renumerado não entra, e a contagem dos anos anteriores pode ficar abaixo da registrada na época.",sim,,cnes_historico_estabelecimentos+ibge_populacao,"CNES, API de dados abertos (assistencia-a-saude/cnes-estabelecimentos), competência dezembro de 2025; população: IBGE, SIDRA, tabela 6579, variável 9324, município 5208707, 2025 (população residente estimada, referência 1º de julho de 2025)",1.0,2026-10-09T14:15:59Z,1cb7f82d0fffde4648aea67aff08b8e0eac0328a015b615acb6ca9df134211d0,2,1503256,sau.rede.ubs_publicas (publicas),ctx.populacao.residente,,,nao,
sau.rede.ubs_publicas_por_10mil,UBS e postos de saúde públicos ativos por 10 mil habitantes,2111300,São Luís,MA,competência de dezembro,2021,publicas,0.08065,estabelecimentos por 10 mil habitantes,,Município da capital. Natureza jurídica pública. Tipos de unidade 01 e 02.,OBSERVADO,sim,,,"Estabelecimentos de tipo 01 (posto de saúde) e 02 (centro de saúde/unidade básica), ativos no CNES e de natureza jurídica pública, localizados na capital. O cadastro não comprova funcionamento, acesso nem vaga disponível, e um estabelecimento situado na capital pode não ser municipal: a gestão (municipal, estadual ou dupla) e a natureza jurídica são campos distintos do local. A série de dezembro só acompanha os estabelecimentos que hoje têm tipo 01 ou 02: um estabelecimento que era unidade básica no ano e foi reclassificado ou renumerado não entra, e a contagem dos anos anteriores pode ficar abaixo da registrada na época.",sim,,cnes_historico_estabelecimentos+ibge_populacao,"CNES, API de dados abertos (assistencia-a-saude/cnes-estabelecimentos), competência dezembro de 2021; população: IBGE, SIDRA, tabela 6579, variável 9324, município 2111300, 2021 (população residente estimada, referência 1º de julho de 2021)",1.0,2026-10-09T14:15:59Z,1cb7f82d0fffde4648aea67aff08b8e0eac0328a015b615acb6ca9df134211d0,9,1115932,sau.rede.ubs_publicas (publicas),ctx.populacao.residente,,,sim,
sau.rede.ubs_publicas_por_10mil,UBS e postos de saúde públicos ativos por 10 mil habitantes,2111300,São Luís,MA,competência de dezembro,2022,publicas,0.086724,estabelecimentos por 10 mil habitantes,,Município da capital. Natureza jurídica pública. Tipos de unidade 01 e 02.,OBSERVADO,sim,,,"Estabelecimentos de tipo 01 (posto de saúde) e 02 (centro de saúde/unidade básica), ativos no CNES e de natureza jurídica pública, localizados na capital. O cadastro não comprova funcionamento, acesso nem vaga disponível, e um estabelecimento situado na capital pode não ser municipal: a gestão (municipal, estadual ou dupla) e a natureza jurídica são campos distintos do local. A série de dezembro só acompanha os estabelecimentos que hoje têm tipo 01 ou 02: um estabelecimento que era unidade básica no ano e foi reclassificado ou renumerado não entra, e a contagem dos anos anteriores pode ficar abaixo da registrada na época.",sim,,cnes_historico_estabelecimentos+ibge_populacao,"CNES, API de dados abertos (assistencia-a-saude/cnes-estabelecimentos), competência dezembro de 2022; população: IBGE, SIDRA, tabela 4714, variável 93, município 2111300, 2022 (população residente no Censo 2022, referência 31 de julho de 2022)",1.0,2026-10-09T14:15:59Z,1cb7f82d0fffde4648aea67aff08b8e0eac0328a015b615acb6ca9df134211d0,9,1037775,sau.rede.ubs_publicas (publicas),ctx.populacao.residente,,,nao,
sau.rede.ubs_publicas_por_10mil,UBS e postos de saúde públicos ativos por 10 mil habitantes,2111300,São Luís,MA,competência de dezembro,2023,publicas,0.086724,estabelecimentos por 10 mil habitantes,,Município da capital. Natureza jurídica pública. Tipos de unidade 01 e 02.,OBSERVADO,sim,,,"Estabelecimentos de tipo 01 (posto de saúde) e 02 (centro de saúde/unidade básica), ativos no CNES e de natureza jurídica pública, localizados na capital. O cadastro não comprova funcionamento, acesso nem vaga disponível, e um estabelecimento situado na capital pode não ser municipal: a gestão (municipal, estadual ou dupla) e a natureza jurídica são campos distintos do local. A série de dezembro só acompanha os estabelecimentos que hoje têm tipo 01 ou 02: um estabelecimento que era unidade básica no ano e foi reclassificado ou renumerado não entra, e a contagem dos anos anteriores pode ficar abaixo da registrada na época.",sim,,cnes_historico_estabelecimentos+ibge_populacao,"CNES, API de dados abertos (assistencia-a-saude/cnes-estabelecimentos), competência dezembro de 2023; população: IBGE, relação da população dos municípios de 2023 (Censo 2022, 2ª apuração), município 2111300, referência 31 de julho de 2022 (malha territorial de 30 de abril de 2023)",1.0,2026-10-09T14:15:59Z,1cb7f82d0fffde4648aea67aff08b8e0eac0328a015b615acb6ca9df134211d0,9,1037775,sau.rede.ubs_publicas (publicas),ctx.populacao.residente,,,sim,
sau.rede.ubs_publicas_por_10mil,UBS e postos de saúde públicos ativos por 10 mil habitantes,2111300,São Luís,MA,competência de dezembro,2024,publicas,0.055144,estabelecimentos por 10 mil habitantes,,Município da capital. Natureza jurídica pública. Tipos de unidade 01 e 02.,OBSERVADO,sim,,,"Estabelecimentos de tipo 01 (posto de saúde) e 02 (centro de saúde/unidade básica), ativos no CNES e de natureza jurídica pública, localizados na capital. O cadastro não comprova funcionamento, acesso nem vaga disponível, e um estabelecimento situado na capital pode não ser municipal: a gestão (municipal, estadual ou dupla) e a natureza jurídica são campos distintos do local. A série de dezembro só acompanha os estabelecimentos que hoje têm tipo 01 ou 02: um estabelecimento que era unidade básica no ano e foi reclassificado ou renumerado não entra, e a contagem dos anos anteriores pode ficar abaixo da registrada na época.",sim,,cnes_historico_estabelecimentos+ibge_populacao,"CNES, API de dados abertos (assistencia-a-saude/cnes-estabelecimentos), competência dezembro de 2024; população: IBGE, SIDRA, tabela 6579, variável 9324, município 2111300, 2024 (população residente estimada, referência 1º de julho de 2024)",1.0,2026-10-09T14:15:59Z,1cb7f82d0fffde4648aea67aff08b8e0eac0328a015b615acb6ca9df134211d0,6,1088057,sau.rede.ubs_publicas (publicas),ctx.populacao.residente,,,nao,
sau.rede.ubs_publicas_por_10mil,UBS e postos de saúde públicos ativos por 10 mil habitantes,2111300,São Luís,MA,competência de dezembro,2025,publicas,0.055086,estabelecimentos por 10 mil habitantes,,Município da capital. Natureza jurídica pública. Tipos de unidade 01 e 02.,OBSERVADO,sim,,,"Estabelecimentos de tipo 01 (posto de saúde) e 02 (centro de saúde/unidade básica), ativos no CNES e de natureza jurídica pública, localizados na capital. O cadastro não comprova funcionamento, acesso nem vaga disponível, e um estabelecimento situado na capital pode não ser municipal: a gestão (municipal, estadual ou dupla) e a natureza jurídica são campos distintos do local. A série de dezembro só acompanha os estabelecimentos que hoje têm tipo 01 ou 02: um estabelecimento que era unidade básica no ano e foi reclassificado ou renumerado não entra, e a contagem dos anos anteriores pode ficar abaixo da registrada na época.",sim,,cnes_historico_estabelecimentos+ibge_populacao,"CNES, API de dados abertos (assistencia-a-saude/cnes-estabelecimentos), competência dezembro de 2025; população: IBGE, SIDRA, tabela 6579, variável 9324, município 2111300, 2025 (população residente estimada, referência 1º de julho de 2025)",1.0,2026-10-09T14:15:59Z,1cb7f82d0fffde4648aea67aff08b8e0eac0328a015b615acb6ca9df134211d0,6,1089215,sau.rede.ubs_publicas (publicas),ctx.populacao.residente,,,nao,
sau.rede.ubs_publicas_por_10mil,UBS e postos de saúde públicos ativos por 10 mil habitantes,5103403,Cuiabá,MT,competência de dezembro,2021,publicas,0.048107,estabelecimentos por 10 mil habitantes,,Município da capital. Natureza jurídica pública. Tipos de unidade 01 e 02.,OBSERVADO,sim,,,"Estabelecimentos de tipo 01 (posto de saúde) e 02 (centro de saúde/unidade básica), ativos no CNES e de natureza jurídica pública, localizados na capital. O cadastro não comprova funcionamento, acesso nem vaga disponível, e um estabelecimento situado na capital pode não ser municipal: a gestão (municipal, estadual ou dupla) e a natureza jurídica são campos distintos do local. A série de dezembro só acompanha os estabelecimentos que hoje têm tipo 01 ou 02: um estabelecimento que era unidade básica no ano e foi reclassificado ou renumerado não entra, e a contagem dos anos anteriores pode ficar abaixo da registrada na época.",sim,,cnes_historico_estabelecimentos+ibge_populacao,"CNES, API de dados abertos (assistencia-a-saude/cnes-estabelecimentos), competência dezembro de 2021; população: IBGE, SIDRA, tabela 6579, variável 9324, município 5103403, 2021 (população residente estimada, referência 1º de julho de 2021)",1.0,2026-10-09T14:15:59Z,1cb7f82d0fffde4648aea67aff08b8e0eac0328a015b615acb6ca9df134211d0,3,623614,sau.rede.ubs_publicas (publicas),ctx.populacao.residente,,,sim,
sau.rede.ubs_publicas_por_10mil,UBS e postos de saúde públicos ativos por 10 mil habitantes,5103403,Cuiabá,MT,competência de dezembro,2022,publicas,0.046092,estabelecimentos por 10 mil habitantes,,Município da capital. Natureza jurídica pública. Tipos de unidade 01 e 02.,OBSERVADO,sim,,,"Estabelecimentos de tipo 01 (posto de saúde) e 02 (centro de saúde/unidade básica), ativos no CNES e de natureza jurídica pública, localizados na capital. O cadastro não comprova funcionamento, acesso nem vaga disponível, e um estabelecimento situado na capital pode não ser municipal: a gestão (municipal, estadual ou dupla) e a natureza jurídica são campos distintos do local. A série de dezembro só acompanha os estabelecimentos que hoje têm tipo 01 ou 02: um estabelecimento que era unidade básica no ano e foi reclassificado ou renumerado não entra, e a contagem dos anos anteriores pode ficar abaixo da registrada na época.",sim,,cnes_historico_estabelecimentos+ibge_populacao,"CNES, API de dados abertos (assistencia-a-saude/cnes-estabelecimentos), competência dezembro de 2022; população: IBGE, SIDRA, tabela 4714, variável 93, município 5103403, 2022 (população residente no Censo 2022, referência 31 de julho de 2022)",1.0,2026-10-09T14:15:59Z,1cb7f82d0fffde4648aea67aff08b8e0eac0328a015b615acb6ca9df134211d0,3,650877,sau.rede.ubs_publicas (publicas),ctx.populacao.residente,,,nao,
sau.rede.ubs_publicas_por_10mil,UBS e postos de saúde públicos ativos por 10 mil habitantes,5103403,Cuiabá,MT,competência de dezembro,2023,publicas,0.046092,estabelecimentos por 10 mil habitantes,,Município da capital. Natureza jurídica pública. Tipos de unidade 01 e 02.,OBSERVADO,sim,,,"Estabelecimentos de tipo 01 (posto de saúde) e 02 (centro de saúde/unidade básica), ativos no CNES e de natureza jurídica pública, localizados na capital. O cadastro não comprova funcionamento, acesso nem vaga disponível, e um estabelecimento situado na capital pode não ser municipal: a gestão (municipal, estadual ou dupla) e a natureza jurídica são campos distintos do local. A série de dezembro só acompanha os estabelecimentos que hoje têm tipo 01 ou 02: um estabelecimento que era unidade básica no ano e foi reclassificado ou renumerado não entra, e a contagem dos anos anteriores pode ficar abaixo da registrada na época.",sim,,cnes_historico_estabelecimentos+ibge_populacao,"CNES, API de dados abertos (assistencia-a-saude/cnes-estabelecimentos), competência dezembro de 2023; população: IBGE, relação da população dos municípios de 2023 (Censo 2022, 2ª apuração), município 5103403, referência 31 de julho de 2022 (malha territorial de 30 de abril de 2023)",1.0,2026-10-09T14:15:59Z,1cb7f82d0fffde4648aea67aff08b8e0eac0328a015b615acb6ca9df134211d0,3,650877,sau.rede.ubs_publicas (publicas),ctx.populacao.residente,,,sim,
sau.rede.ubs_publicas_por_10mil,UBS e postos de saúde públicos ativos por 10 mil habitantes,5103403,Cuiabá,MT,competência de dezembro,2024,publicas,0.043928,estabelecimentos por 10 mil habitantes,,Município da capital. Natureza jurídica pública. Tipos de unidade 01 e 02.,OBSERVADO,sim,,,"Estabelecimentos de tipo 01 (posto de saúde) e 02 (centro de saúde/unidade básica), ativos no CNES e de natureza jurídica pública, localizados na capital. O cadastro não comprova funcionamento, acesso nem vaga disponível, e um estabelecimento situado na capital pode não ser municipal: a gestão (municipal, estadual ou dupla) e a natureza jurídica são campos distintos do local. A série de dezembro só acompanha os estabelecimentos que hoje têm tipo 01 ou 02: um estabelecimento que era unidade básica no ano e foi reclassificado ou renumerado não entra, e a contagem dos anos anteriores pode ficar abaixo da registrada na época.",sim,,cnes_historico_estabelecimentos+ibge_populacao,"CNES, API de dados abertos (assistencia-a-saude/cnes-estabelecimentos), competência dezembro de 2024; população: IBGE, SIDRA, tabela 6579, variável 9324, município 5103403, 2024 (população residente estimada, referência 1º de julho de 2024)",1.0,2026-10-09T14:15:59Z,1cb7f82d0fffde4648aea67aff08b8e0eac0328a015b615acb6ca9df134211d0,3,682932,sau.rede.ubs_publicas (publicas),ctx.populacao.residente,,,nao,
sau.rede.ubs_publicas_por_10mil,UBS e postos de saúde públicos ativos por 10 mil habitantes,5103403,Cuiabá,MT,competência de dezembro,2025,publicas,0.04336,estabelecimentos por 10 mil habitantes,,Município da capital. Natureza jurídica pública. Tipos de unidade 01 e 02.,OBSERVADO,sim,,,"Estabelecimentos de tipo 01 (posto de saúde) e 02 (centro de saúde/unidade básica), ativos no CNES e de natureza jurídica pública, localizados na capital. O cadastro não comprova funcionamento, acesso nem vaga disponível, e um estabelecimento situado na capital pode não ser municipal: a gestão (municipal, estadual ou dupla) e a natureza jurídica são campos distintos do local. A série de dezembro só acompanha os estabelecimentos que hoje têm tipo 01 ou 02: um estabelecimento que era unidade básica no ano e foi reclassificado ou renumerado não entra, e a contagem dos anos anteriores pode ficar abaixo da registrada na época.",sim,,cnes_historico_estabelecimentos+ibge_populacao,"CNES, API de dados abertos (assistencia-a-saude/cnes-estabelecimentos), competência dezembro de 2025; população: IBGE, SIDRA, tabela 6579, variável 9324, município 5103403, 2025 (população residente estimada, referência 1º de julho de 2025)",1.0,2026-10-09T14:15:59Z,1cb7f82d0fffde4648aea67aff08b8e0eac0328a015b615acb6ca9df134211d0,3,691875,sau.rede.ubs_publicas (publicas),ctx.populacao.residente,,,nao,
sau.rede.ubs_publicas_por_10mil,UBS e postos de saúde públicos ativos por 10 mil habitantes,5002704,Campo Grande,MS,competência de dezembro,2021,publicas,0.469432,estabelecimentos por 10 mil habitantes,,Município da capital. Natureza jurídica pública. Tipos de unidade 01 e 02.,OBSERVADO,sim,,,"Estabelecimentos de tipo 01 (posto de saúde) e 02 (centro de saúde/unidade básica), ativos no CNES e de natureza jurídica pública, localizados na capital. O cadastro não comprova funcionamento, acesso nem vaga disponível, e um estabelecimento situado na capital pode não ser municipal: a gestão (municipal, estadual ou dupla) e a natureza jurídica são campos distintos do local. A série de dezembro só acompanha os estabelecimentos que hoje têm tipo 01 ou 02: um estabelecimento que era unidade básica no ano e foi reclassificado ou renumerado não entra, e a contagem dos anos anteriores pode ficar abaixo da registrada na época.",sim,,cnes_historico_estabelecimentos+ibge_populacao,"CNES, API de dados abertos (assistencia-a-saude/cnes-estabelecimentos), competência dezembro de 2021; população: IBGE, SIDRA, tabela 6579, variável 9324, município 5002704, 2021 (população residente estimada, referência 1º de julho de 2021)",1.0,2026-10-09T14:15:59Z,1cb7f82d0fffde4648aea67aff08b8e0eac0328a015b615acb6ca9df134211d0,43,916001,sau.rede.ubs_publicas (publicas),ctx.populacao.residente,,,sim,
sau.rede.ubs_publicas_por_10mil,UBS e postos de saúde públicos ativos por 10 mil habitantes,5002704,Campo Grande,MS,competência de dezembro,2022,publicas,0.478789,estabelecimentos por 10 mil habitantes,,Município da capital. Natureza jurídica pública. Tipos de unidade 01 e 02.,OBSERVADO,sim,,,"Estabelecimentos de tipo 01 (posto de saúde) e 02 (centro de saúde/unidade básica), ativos no CNES e de natureza jurídica pública, localizados na capital. O cadastro não comprova funcionamento, acesso nem vaga disponível, e um estabelecimento situado na capital pode não ser municipal: a gestão (municipal, estadual ou dupla) e a natureza jurídica são campos distintos do local. A série de dezembro só acompanha os estabelecimentos que hoje têm tipo 01 ou 02: um estabelecimento que era unidade básica no ano e foi reclassificado ou renumerado não entra, e a contagem dos anos anteriores pode ficar abaixo da registrada na época.",sim,,cnes_historico_estabelecimentos+ibge_populacao,"CNES, API de dados abertos (assistencia-a-saude/cnes-estabelecimentos), competência dezembro de 2022; população: IBGE, SIDRA, tabela 4714, variável 93, município 5002704, 2022 (população residente no Censo 2022, referência 31 de julho de 2022)",1.0,2026-10-09T14:15:59Z,1cb7f82d0fffde4648aea67aff08b8e0eac0328a015b615acb6ca9df134211d0,43,898100,sau.rede.ubs_publicas (publicas),ctx.populacao.residente,,,nao,
sau.rede.ubs_publicas_por_10mil,UBS e postos de saúde públicos ativos por 10 mil habitantes,5002704,Campo Grande,MS,competência de dezembro,2023,publicas,0.478789,estabelecimentos por 10 mil habitantes,,Município da capital. Natureza jurídica pública. Tipos de unidade 01 e 02.,OBSERVADO,sim,,,"Estabelecimentos de tipo 01 (posto de saúde) e 02 (centro de saúde/unidade básica), ativos no CNES e de natureza jurídica pública, localizados na capital. O cadastro não comprova funcionamento, acesso nem vaga disponível, e um estabelecimento situado na capital pode não ser municipal: a gestão (municipal, estadual ou dupla) e a natureza jurídica são campos distintos do local. A série de dezembro só acompanha os estabelecimentos que hoje têm tipo 01 ou 02: um estabelecimento que era unidade básica no ano e foi reclassificado ou renumerado não entra, e a contagem dos anos anteriores pode ficar abaixo da registrada na época.",sim,,cnes_historico_estabelecimentos+ibge_populacao,"CNES, API de dados abertos (assistencia-a-saude/cnes-estabelecimentos), competência dezembro de 2023; população: IBGE, relação da população dos municípios de 2023 (Censo 2022, 2ª apuração), município 5002704, referência 31 de julho de 2022 (malha territorial de 30 de abril de 2023)",1.0,2026-10-09T14:15:59Z,1cb7f82d0fffde4648aea67aff08b8e0eac0328a015b615acb6ca9df134211d0,43,898100,sau.rede.ubs_publicas (publicas),ctx.populacao.residente,,,sim,
sau.rede.ubs_publicas_por_10mil,UBS e postos de saúde públicos ativos por 10 mil habitantes,5002704,Campo Grande,MS,competência de dezembro,2024,publicas,0.45048,estabelecimentos por 10 mil habitantes,,Município da capital. Natureza jurídica pública. Tipos de unidade 01 e 02.,OBSERVADO,sim,,,"Estabelecimentos de tipo 01 (posto de saúde) e 02 (centro de saúde/unidade básica), ativos no CNES e de natureza jurídica pública, localizados na capital. O cadastro não comprova funcionamento, acesso nem vaga disponível, e um estabelecimento situado na capital pode não ser municipal: a gestão (municipal, estadual ou dupla) e a natureza jurídica são campos distintos do local. A série de dezembro só acompanha os estabelecimentos que hoje têm tipo 01 ou 02: um estabelecimento que era unidade básica no ano e foi reclassificado ou renumerado não entra, e a contagem dos anos anteriores pode ficar abaixo da registrada na época.",sim,,cnes_historico_estabelecimentos+ibge_populacao,"CNES, API de dados abertos (assistencia-a-saude/cnes-estabelecimentos), competência dezembro de 2024; população: IBGE, SIDRA, tabela 6579, variável 9324, município 5002704, 2024 (população residente estimada, referência 1º de julho de 2024)",1.0,2026-10-09T14:15:59Z,1cb7f82d0fffde4648aea67aff08b8e0eac0328a015b615acb6ca9df134211d0,43,954537,sau.rede.ubs_publicas (publicas),ctx.populacao.residente,,,nao,
sau.rede.ubs_publicas_por_10mil,UBS e postos de saúde públicos ativos por 10 mil habitantes,5002704,Campo Grande,MS,competência de dezembro,2025,publicas,0.446576,estabelecimentos por 10 mil habitantes,,Município da capital. Natureza jurídica pública. Tipos de unidade 01 e 02.,OBSERVADO,sim,,,"Estabelecimentos de tipo 01 (posto de saúde) e 02 (centro de saúde/unidade básica), ativos no CNES e de natureza jurídica pública, localizados na capital. O cadastro não comprova funcionamento, acesso nem vaga disponível, e um estabelecimento situado na capital pode não ser municipal: a gestão (municipal, estadual ou dupla) e a natureza jurídica são campos distintos do local. A série de dezembro só acompanha os estabelecimentos que hoje têm tipo 01 ou 02: um estabelecimento que era unidade básica no ano e foi reclassificado ou renumerado não entra, e a contagem dos anos anteriores pode ficar abaixo da registrada na época.",sim,,cnes_historico_estabelecimentos+ibge_populacao,"CNES, API de dados abertos (assistencia-a-saude/cnes-estabelecimentos), competência dezembro de 2025; população: IBGE, SIDRA, tabela 6579, variável 9324, município 5002704, 2025 (população residente estimada, referência 1º de julho de 2025)",1.0,2026-10-09T14:15:59Z,1cb7f82d0fffde4648aea67aff08b8e0eac0328a015b615acb6ca9df134211d0,43,962883,sau.rede.ubs_publicas (publicas),ctx.populacao.residente,,,nao,
sau.rede.ubs_publicas_por_10mil,UBS e postos de saúde públicos ativos por 10 mil habitantes,3106200,Belo Horizonte,MG,competência de dezembro,2021,publicas,0.462322,estabelecimentos por 10 mil habitantes,,Município da capital. Natureza jurídica pública. Tipos de unidade 01 e 02.,OBSERVADO,sim,,,"Estabelecimentos de tipo 01 (posto de saúde) e 02 (centro de saúde/unidade básica), ativos no CNES e de natureza jurídica pública, localizados na capital. O cadastro não comprova funcionamento, acesso nem vaga disponível, e um estabelecimento situado na capital pode não ser municipal: a gestão (municipal, estadual ou dupla) e a natureza jurídica são campos distintos do local. A série de dezembro só acompanha os estabelecimentos que hoje têm tipo 01 ou 02: um estabelecimento que era unidade básica no ano e foi reclassificado ou renumerado não entra, e a contagem dos anos anteriores pode ficar abaixo da registrada na época.",sim,,cnes_historico_estabelecimentos+ibge_populacao,"CNES, API de dados abertos (assistencia-a-saude/cnes-estabelecimentos), competência dezembro de 2021; população: IBGE, SIDRA, tabela 6579, variável 9324, município 3106200, 2021 (população residente estimada, referência 1º de julho de 2021)",1.0,2026-10-09T14:15:59Z,1cb7f82d0fffde4648aea67aff08b8e0eac0328a015b615acb6ca9df134211d0,117,2530701,sau.rede.ubs_publicas (publicas),ctx.populacao.residente,,,sim,
sau.rede.ubs_publicas_por_10mil,UBS e postos de saúde públicos ativos por 10 mil habitantes,3106200,Belo Horizonte,MG,competência de dezembro,2022,publicas,0.505277,estabelecimentos por 10 mil habitantes,,Município da capital. Natureza jurídica pública. Tipos de unidade 01 e 02.,OBSERVADO,sim,,,"Estabelecimentos de tipo 01 (posto de saúde) e 02 (centro de saúde/unidade básica), ativos no CNES e de natureza jurídica pública, localizados na capital. O cadastro não comprova funcionamento, acesso nem vaga disponível, e um estabelecimento situado na capital pode não ser municipal: a gestão (municipal, estadual ou dupla) e a natureza jurídica são campos distintos do local. A série de dezembro só acompanha os estabelecimentos que hoje têm tipo 01 ou 02: um estabelecimento que era unidade básica no ano e foi reclassificado ou renumerado não entra, e a contagem dos anos anteriores pode ficar abaixo da registrada na época.",sim,,cnes_historico_estabelecimentos+ibge_populacao,"CNES, API de dados abertos (assistencia-a-saude/cnes-estabelecimentos), competência dezembro de 2022; população: IBGE, SIDRA, tabela 4714, variável 93, município 3106200, 2022 (população residente no Censo 2022, referência 31 de julho de 2022)",1.0,2026-10-09T14:15:59Z,1cb7f82d0fffde4648aea67aff08b8e0eac0328a015b615acb6ca9df134211d0,117,2315560,sau.rede.ubs_publicas (publicas),ctx.populacao.residente,,,nao,
sau.rede.ubs_publicas_por_10mil,UBS e postos de saúde públicos ativos por 10 mil habitantes,3106200,Belo Horizonte,MG,competência de dezembro,2023,publicas,0.505277,estabelecimentos por 10 mil habitantes,,Município da capital. Natureza jurídica pública. Tipos de unidade 01 e 02.,OBSERVADO,sim,,,"Estabelecimentos de tipo 01 (posto de saúde) e 02 (centro de saúde/unidade básica), ativos no CNES e de natureza jurídica pública, localizados na capital. O cadastro não comprova funcionamento, acesso nem vaga disponível, e um estabelecimento situado na capital pode não ser municipal: a gestão (municipal, estadual ou dupla) e a natureza jurídica são campos distintos do local. A série de dezembro só acompanha os estabelecimentos que hoje têm tipo 01 ou 02: um estabelecimento que era unidade básica no ano e foi reclassificado ou renumerado não entra, e a contagem dos anos anteriores pode ficar abaixo da registrada na época.",sim,,cnes_historico_estabelecimentos+ibge_populacao,"CNES, API de dados abertos (assistencia-a-saude/cnes-estabelecimentos), competência dezembro de 2023; população: IBGE, relação da população dos municípios de 2023 (Censo 2022, 2ª apuração), município 3106200, referência 31 de julho de 2022 (malha territorial de 30 de abril de 2023)",1.0,2026-10-09T14:15:59Z,1cb7f82d0fffde4648aea67aff08b8e0eac0328a015b615acb6ca9df134211d0,117,2315560,sau.rede.ubs_publicas (publicas),ctx.populacao.residente,,,sim,
sau.rede.ubs_publicas_por_10mil,UBS e postos de saúde públicos ativos por 10 mil habitantes,3106200,Belo Horizonte,MG,competência de dezembro,2024,publicas,0.484204,estabelecimentos por 10 mil habitantes,,Município da capital. Natureza jurídica pública. Tipos de unidade 01 e 02.,OBSERVADO,sim,,,"Estabelecimentos de tipo 01 (posto de saúde) e 02 (centro de saúde/unidade básica), ativos no CNES e de natureza jurídica pública, localizados na capital. O cadastro não comprova funcionamento, acesso nem vaga disponível, e um estabelecimento situado na capital pode não ser municipal: a gestão (municipal, estadual ou dupla) e a natureza jurídica são campos distintos do local. A série de dezembro só acompanha os estabelecimentos que hoje têm tipo 01 ou 02: um estabelecimento que era unidade básica no ano e foi reclassificado ou renumerado não entra, e a contagem dos anos anteriores pode ficar abaixo da registrada na época.",sim,,cnes_historico_estabelecimentos+ibge_populacao,"CNES, API de dados abertos (assistencia-a-saude/cnes-estabelecimentos), competência dezembro de 2024; população: IBGE, SIDRA, tabela 6579, variável 9324, município 3106200, 2024 (população residente estimada, referência 1º de julho de 2024)",1.0,2026-10-09T14:15:59Z,1cb7f82d0fffde4648aea67aff08b8e0eac0328a015b615acb6ca9df134211d0,117,2416339,sau.rede.ubs_publicas (publicas),ctx.populacao.residente,,,nao,
sau.rede.ubs_publicas_por_10mil,UBS e postos de saúde públicos ativos por 10 mil habitantes,3106200,Belo Horizonte,MG,competência de dezembro,2025,publicas,0.484297,estabelecimentos por 10 mil habitantes,,Município da capital. Natureza jurídica pública. Tipos de unidade 01 e 02.,OBSERVADO,sim,,,"Estabelecimentos de tipo 01 (posto de saúde) e 02 (centro de saúde/unidade básica), ativos no CNES e de natureza jurídica pública, localizados na capital. O cadastro não comprova funcionamento, acesso nem vaga disponível, e um estabelecimento situado na capital pode não ser municipal: a gestão (municipal, estadual ou dupla) e a natureza jurídica são campos distintos do local. A série de dezembro só acompanha os estabelecimentos que hoje têm tipo 01 ou 02: um estabelecimento que era unidade básica no ano e foi reclassificado ou renumerado não entra, e a contagem dos anos anteriores pode ficar abaixo da registrada na época.",sim,,cnes_historico_estabelecimentos+ibge_populacao,"CNES, API de dados abertos (assistencia-a-saude/cnes-estabelecimentos), competência dezembro de 2025; população: IBGE, SIDRA, tabela 6579, variável 9324, município 3106200, 2025 (população residente estimada, referência 1º de julho de 2025)",1.0,2026-10-09T14:15:59Z,1cb7f82d0fffde4648aea67aff08b8e0eac0328a015b615acb6ca9df134211d0,117,2415872,sau.rede.ubs_publicas (publicas),ctx.populacao.residente,,,nao,
sau.rede.ubs_publicas_por_10mil,UBS e postos de saúde públicos ativos por 10 mil habitantes,1501402,Belém,PA,competência de dezembro,2021,publicas,0.053106,estabelecimentos por 10 mil habitantes,,Município da capital. Natureza jurídica pública. Tipos de unidade 01 e 02.,OBSERVADO,sim,,,"Estabelecimentos de tipo 01 (posto de saúde) e 02 (centro de saúde/unidade básica), ativos no CNES e de natureza jurídica pública, localizados na capital. O cadastro não comprova funcionamento, acesso nem vaga disponível, e um estabelecimento situado na capital pode não ser municipal: a gestão (municipal, estadual ou dupla) e a natureza jurídica são campos distintos do local. A série de dezembro só acompanha os estabelecimentos que hoje têm tipo 01 ou 02: um estabelecimento que era unidade básica no ano e foi reclassificado ou renumerado não entra, e a contagem dos anos anteriores pode ficar abaixo da registrada na época.",sim,,cnes_historico_estabelecimentos+ibge_populacao,"CNES, API de dados abertos (assistencia-a-saude/cnes-estabelecimentos), competência dezembro de 2021; população: IBGE, SIDRA, tabela 6579, variável 9324, município 1501402, 2021 (população residente estimada, referência 1º de julho de 2021)",1.0,2026-10-09T14:15:59Z,1cb7f82d0fffde4648aea67aff08b8e0eac0328a015b615acb6ca9df134211d0,8,1506420,sau.rede.ubs_publicas (publicas),ctx.populacao.residente,,,sim,
sau.rede.ubs_publicas_por_10mil,UBS e postos de saúde públicos ativos por 10 mil habitantes,1501402,Belém,PA,competência de dezembro,2022,publicas,0.061378,estabelecimentos por 10 mil habitantes,,Município da capital. Natureza jurídica pública. Tipos de unidade 01 e 02.,OBSERVADO,sim,,,"Estabelecimentos de tipo 01 (posto de saúde) e 02 (centro de saúde/unidade básica), ativos no CNES e de natureza jurídica pública, localizados na capital. O cadastro não comprova funcionamento, acesso nem vaga disponível, e um estabelecimento situado na capital pode não ser municipal: a gestão (municipal, estadual ou dupla) e a natureza jurídica são campos distintos do local. A série de dezembro só acompanha os estabelecimentos que hoje têm tipo 01 ou 02: um estabelecimento que era unidade básica no ano e foi reclassificado ou renumerado não entra, e a contagem dos anos anteriores pode ficar abaixo da registrada na época.",sim,,cnes_historico_estabelecimentos+ibge_populacao,"CNES, API de dados abertos (assistencia-a-saude/cnes-estabelecimentos), competência dezembro de 2022; população: IBGE, SIDRA, tabela 4714, variável 93, município 1501402, 2022 (população residente no Censo 2022, referência 31 de julho de 2022)",1.0,2026-10-09T14:15:59Z,1cb7f82d0fffde4648aea67aff08b8e0eac0328a015b615acb6ca9df134211d0,8,1303403,sau.rede.ubs_publicas (publicas),ctx.populacao.residente,,,nao,
sau.rede.ubs_publicas_por_10mil,UBS e postos de saúde públicos ativos por 10 mil habitantes,1501402,Belém,PA,competência de dezembro,2023,publicas,0.061378,estabelecimentos por 10 mil habitantes,,Município da capital. Natureza jurídica pública. Tipos de unidade 01 e 02.,OBSERVADO,sim,,,"Estabelecimentos de tipo 01 (posto de saúde) e 02 (centro de saúde/unidade básica), ativos no CNES e de natureza jurídica pública, localizados na capital. O cadastro não comprova funcionamento, acesso nem vaga disponível, e um estabelecimento situado na capital pode não ser municipal: a gestão (municipal, estadual ou dupla) e a natureza jurídica são campos distintos do local. A série de dezembro só acompanha os estabelecimentos que hoje têm tipo 01 ou 02: um estabelecimento que era unidade básica no ano e foi reclassificado ou renumerado não entra, e a contagem dos anos anteriores pode ficar abaixo da registrada na época.",sim,,cnes_historico_estabelecimentos+ibge_populacao,"CNES, API de dados abertos (assistencia-a-saude/cnes-estabelecimentos), competência dezembro de 2023; população: IBGE, relação da população dos municípios de 2023 (Censo 2022, 2ª apuração), município 1501402, referência 31 de julho de 2022 (malha territorial de 30 de abril de 2023)",1.0,2026-10-09T14:15:59Z,1cb7f82d0fffde4648aea67aff08b8e0eac0328a015b615acb6ca9df134211d0,8,1303403,sau.rede.ubs_publicas (publicas),ctx.populacao.residente,,,sim,
sau.rede.ubs_publicas_por_10mil,UBS e postos de saúde públicos ativos por 10 mil habitantes,1501402,Belém,PA,competência de dezembro,2024,publicas,0.021451,estabelecimentos por 10 mil habitantes,,Município da capital. Natureza jurídica pública. Tipos de unidade 01 e 02.,OBSERVADO,sim,,,"Estabelecimentos de tipo 01 (posto de saúde) e 02 (centro de saúde/unidade básica), ativos no CNES e de natureza jurídica pública, localizados na capital. O cadastro não comprova funcionamento, acesso nem vaga disponível, e um estabelecimento situado na capital pode não ser municipal: a gestão (municipal, estadual ou dupla) e a natureza jurídica são campos distintos do local. A série de dezembro só acompanha os estabelecimentos que hoje têm tipo 01 ou 02: um estabelecimento que era unidade básica no ano e foi reclassificado ou renumerado não entra, e a contagem dos anos anteriores pode ficar abaixo da registrada na época.",sim,,cnes_historico_estabelecimentos+ibge_populacao,"CNES, API de dados abertos (assistencia-a-saude/cnes-estabelecimentos), competência dezembro de 2024; população: IBGE, SIDRA, tabela 6579, variável 9324, município 1501402, 2024 (população residente estimada, referência 1º de julho de 2024)",1.0,2026-10-09T14:15:59Z,1cb7f82d0fffde4648aea67aff08b8e0eac0328a015b615acb6ca9df134211d0,3,1398531,sau.rede.ubs_publicas (publicas),ctx.populacao.residente,,,nao,
sau.rede.ubs_publicas_por_10mil,UBS e postos de saúde públicos ativos por 10 mil habitantes,1501402,Belém,PA,competência de dezembro,2025,publicas,0.02147,estabelecimentos por 10 mil habitantes,,Município da capital. Natureza jurídica pública. Tipos de unidade 01 e 02.,OBSERVADO,sim,,,"Estabelecimentos de tipo 01 (posto de saúde) e 02 (centro de saúde/unidade básica), ativos no CNES e de natureza jurídica pública, localizados na capital. O cadastro não comprova funcionamento, acesso nem vaga disponível, e um estabelecimento situado na capital pode não ser municipal: a gestão (municipal, estadual ou dupla) e a natureza jurídica são campos distintos do local. A série de dezembro só acompanha os estabelecimentos que hoje têm tipo 01 ou 02: um estabelecimento que era unidade básica no ano e foi reclassificado ou renumerado não entra, e a contagem dos anos anteriores pode ficar abaixo da registrada na época.",sim,,cnes_historico_estabelecimentos+ibge_populacao,"CNES, API de dados abertos (assistencia-a-saude/cnes-estabelecimentos), competência dezembro de 2025; população: IBGE, SIDRA, tabela 6579, variável 9324, município 1501402, 2025 (população residente estimada, referência 1º de julho de 2025)",1.0,2026-10-09T14:15:59Z,1cb7f82d0fffde4648aea67aff08b8e0eac0328a015b615acb6ca9df134211d0,3,1397315,sau.rede.ubs_publicas (publicas),ctx.populacao.residente,,,nao,
sau.rede.ubs_publicas_por_10mil,UBS e postos de saúde públicos ativos por 10 mil habitantes,2507507,João Pessoa,PB,competência de dezembro,2021,publicas,0.0,estabelecimentos por 10 mil habitantes,,Município da capital. Natureza jurídica pública. Tipos de unidade 01 e 02.,OBSERVADO,sim,,,"Estabelecimentos de tipo 01 (posto de saúde) e 02 (centro de saúde/unidade básica), ativos no CNES e de natureza jurídica pública, localizados na capital. O cadastro não comprova funcionamento, acesso nem vaga disponível, e um estabelecimento situado na capital pode não ser municipal: a gestão (municipal, estadual ou dupla) e a natureza jurídica são campos distintos do local. A série de dezembro só acompanha os estabelecimentos que hoje têm tipo 01 ou 02: um estabelecimento que era unidade básica no ano e foi reclassificado ou renumerado não entra, e a contagem dos anos anteriores pode ficar abaixo da registrada na época.",sim,,cnes_historico_estabelecimentos+ibge_populacao,"CNES, API de dados abertos (assistencia-a-saude/cnes-estabelecimentos), competência dezembro de 2021; população: IBGE, SIDRA, tabela 6579, variável 9324, município 2507507, 2021 (população residente estimada, referência 1º de julho de 2021)",1.0,2026-10-09T14:15:59Z,1cb7f82d0fffde4648aea67aff08b8e0eac0328a015b615acb6ca9df134211d0,0,825796,sau.rede.ubs_publicas (publicas),ctx.populacao.residente,,,sim,
sau.rede.ubs_publicas_por_10mil,UBS e postos de saúde públicos ativos por 10 mil habitantes,2507507,João Pessoa,PB,competência de dezembro,2022,publicas,0.0,estabelecimentos por 10 mil habitantes,,Município da capital. Natureza jurídica pública. Tipos de unidade 01 e 02.,OBSERVADO,sim,,,"Estabelecimentos de tipo 01 (posto de saúde) e 02 (centro de saúde/unidade básica), ativos no CNES e de natureza jurídica pública, localizados na capital. O cadastro não comprova funcionamento, acesso nem vaga disponível, e um estabelecimento situado na capital pode não ser municipal: a gestão (municipal, estadual ou dupla) e a natureza jurídica são campos distintos do local. A série de dezembro só acompanha os estabelecimentos que hoje têm tipo 01 ou 02: um estabelecimento que era unidade básica no ano e foi reclassificado ou renumerado não entra, e a contagem dos anos anteriores pode ficar abaixo da registrada na época.",sim,,cnes_historico_estabelecimentos+ibge_populacao,"CNES, API de dados abertos (assistencia-a-saude/cnes-estabelecimentos), competência dezembro de 2022; população: IBGE, SIDRA, tabela 4714, variável 93, município 2507507, 2022 (população residente no Censo 2022, referência 31 de julho de 2022)",1.0,2026-10-09T14:15:59Z,1cb7f82d0fffde4648aea67aff08b8e0eac0328a015b615acb6ca9df134211d0,0,833932,sau.rede.ubs_publicas (publicas),ctx.populacao.residente,,,nao,
sau.rede.ubs_publicas_por_10mil,UBS e postos de saúde públicos ativos por 10 mil habitantes,2507507,João Pessoa,PB,competência de dezembro,2023,publicas,0.0,estabelecimentos por 10 mil habitantes,,Município da capital. Natureza jurídica pública. Tipos de unidade 01 e 02.,OBSERVADO,sim,,,"Estabelecimentos de tipo 01 (posto de saúde) e 02 (centro de saúde/unidade básica), ativos no CNES e de natureza jurídica pública, localizados na capital. O cadastro não comprova funcionamento, acesso nem vaga disponível, e um estabelecimento situado na capital pode não ser municipal: a gestão (municipal, estadual ou dupla) e a natureza jurídica são campos distintos do local. A série de dezembro só acompanha os estabelecimentos que hoje têm tipo 01 ou 02: um estabelecimento que era unidade básica no ano e foi reclassificado ou renumerado não entra, e a contagem dos anos anteriores pode ficar abaixo da registrada na época.",sim,,cnes_historico_estabelecimentos+ibge_populacao,"CNES, API de dados abertos (assistencia-a-saude/cnes-estabelecimentos), competência dezembro de 2023; população: IBGE, relação da população dos municípios de 2023 (Censo 2022, 2ª apuração), município 2507507, referência 31 de julho de 2022 (malha territorial de 30 de abril de 2023)",1.0,2026-10-09T14:15:59Z,1cb7f82d0fffde4648aea67aff08b8e0eac0328a015b615acb6ca9df134211d0,0,833932,sau.rede.ubs_publicas (publicas),ctx.populacao.residente,,,sim,
sau.rede.ubs_publicas_por_10mil,UBS e postos de saúde públicos ativos por 10 mil habitantes,2507507,João Pessoa,PB,competência de dezembro,2024,publicas,0.0,estabelecimentos por 10 mil habitantes,,Município da capital. Natureza jurídica pública. Tipos de unidade 01 e 02.,OBSERVADO,sim,,,"Estabelecimentos de tipo 01 (posto de saúde) e 02 (centro de saúde/unidade básica), ativos no CNES e de natureza jurídica pública, localizados na capital. O cadastro não comprova funcionamento, acesso nem vaga disponível, e um estabelecimento situado na capital pode não ser municipal: a gestão (municipal, estadual ou dupla) e a natureza jurídica são campos distintos do local. A série de dezembro só acompanha os estabelecimentos que hoje têm tipo 01 ou 02: um estabelecimento que era unidade básica no ano e foi reclassificado ou renumerado não entra, e a contagem dos anos anteriores pode ficar abaixo da registrada na época.",sim,,cnes_historico_estabelecimentos+ibge_populacao,"CNES, API de dados abertos (assistencia-a-saude/cnes-estabelecimentos), competência dezembro de 2024; população: IBGE, SIDRA, tabela 6579, variável 9324, município 2507507, 2024 (população residente estimada, referência 1º de julho de 2024)",1.0,2026-10-09T14:15:59Z,1cb7f82d0fffde4648aea67aff08b8e0eac0328a015b615acb6ca9df134211d0,0,888679,sau.rede.ubs_publicas (publicas),ctx.populacao.residente,,,nao,
sau.rede.ubs_publicas_por_10mil,UBS e postos de saúde públicos ativos por 10 mil habitantes,2507507,João Pessoa,PB,competência de dezembro,2025,publicas,0.0,estabelecimentos por 10 mil habitantes,,Município da capital. Natureza jurídica pública. Tipos de unidade 01 e 02.,OBSERVADO,sim,,,"Estabelecimentos de tipo 01 (posto de saúde) e 02 (centro de saúde/unidade básica), ativos no CNES e de natureza jurídica pública, localizados na capital. O cadastro não comprova funcionamento, acesso nem vaga disponível, e um estabelecimento situado na capital pode não ser municipal: a gestão (municipal, estadual ou dupla) e a natureza jurídica são campos distintos do local. A série de dezembro só acompanha os estabelecimentos que hoje têm tipo 01 ou 02: um estabelecimento que era unidade básica no ano e foi reclassificado ou renumerado não entra, e a contagem dos anos anteriores pode ficar abaixo da registrada na época.",sim,,cnes_historico_estabelecimentos+ibge_populacao,"CNES, API de dados abertos (assistencia-a-saude/cnes-estabelecimentos), competência dezembro de 2025; população: IBGE, SIDRA, tabela 6579, variável 9324, município 2507507, 2025 (população residente estimada, referência 1º de julho de 2025)",1.0,2026-10-09T14:15:59Z,1cb7f82d0fffde4648aea67aff08b8e0eac0328a015b615acb6ca9df134211d0,0,897633,sau.rede.ubs_publicas (publicas),ctx.populacao.residente,,,nao,
sau.rede.ubs_publicas_por_10mil,UBS e postos de saúde públicos ativos por 10 mil habitantes,4106902,Curitiba,PR,competência de dezembro,2021,publicas,0.432851,estabelecimentos por 10 mil habitantes,,Município da capital. Natureza jurídica pública. Tipos de unidade 01 e 02.,OBSERVADO,sim,,,"Estabelecimentos de tipo 01 (posto de saúde) e 02 (centro de saúde/unidade básica), ativos no CNES e de natureza jurídica pública, localizados na capital. O cadastro não comprova funcionamento, acesso nem vaga disponível, e um estabelecimento situado na capital pode não ser municipal: a gestão (municipal, estadual ou dupla) e a natureza jurídica são campos distintos do local. A série de dezembro só acompanha os estabelecimentos que hoje têm tipo 01 ou 02: um estabelecimento que era unidade básica no ano e foi reclassificado ou renumerado não entra, e a contagem dos anos anteriores pode ficar abaixo da registrada na época.",sim,,cnes_historico_estabelecimentos+ibge_populacao,"CNES, API de dados abertos (assistencia-a-saude/cnes-estabelecimentos), competência dezembro de 2021; população: IBGE, SIDRA, tabela 6579, variável 9324, município 4106902, 2021 (população residente estimada, referência 1º de julho de 2021)",1.0,2026-10-09T14:15:59Z,1cb7f82d0fffde4648aea67aff08b8e0eac0328a015b615acb6ca9df134211d0,85,1963726,sau.rede.ubs_publicas (publicas),ctx.populacao.residente,,,sim,
sau.rede.ubs_publicas_por_10mil,UBS e postos de saúde públicos ativos por 10 mil habitantes,4106902,Curitiba,PR,competência de dezembro,2022,publicas,0.479219,estabelecimentos por 10 mil habitantes,,Município da capital. Natureza jurídica pública. Tipos de unidade 01 e 02.,OBSERVADO,sim,,,"Estabelecimentos de tipo 01 (posto de saúde) e 02 (centro de saúde/unidade básica), ativos no CNES e de natureza jurídica pública, localizados na capital. O cadastro não comprova funcionamento, acesso nem vaga disponível, e um estabelecimento situado na capital pode não ser municipal: a gestão (municipal, estadual ou dupla) e a natureza jurídica são campos distintos do local. A série de dezembro só acompanha os estabelecimentos que hoje têm tipo 01 ou 02: um estabelecimento que era unidade básica no ano e foi reclassificado ou renumerado não entra, e a contagem dos anos anteriores pode ficar abaixo da registrada na época.",sim,,cnes_historico_estabelecimentos+ibge_populacao,"CNES, API de dados abertos (assistencia-a-saude/cnes-estabelecimentos), competência dezembro de 2022; população: IBGE, SIDRA, tabela 4714, variável 93, município 4106902, 2022 (população residente no Censo 2022, referência 31 de julho de 2022)",1.0,2026-10-09T14:15:59Z,1cb7f82d0fffde4648aea67aff08b8e0eac0328a015b615acb6ca9df134211d0,85,1773718,sau.rede.ubs_publicas (publicas),ctx.populacao.residente,,,nao,
sau.rede.ubs_publicas_por_10mil,UBS e postos de saúde públicos ativos por 10 mil habitantes,4106902,Curitiba,PR,competência de dezembro,2023,publicas,0.479219,estabelecimentos por 10 mil habitantes,,Município da capital. Natureza jurídica pública. Tipos de unidade 01 e 02.,OBSERVADO,sim,,,"Estabelecimentos de tipo 01 (posto de saúde) e 02 (centro de saúde/unidade básica), ativos no CNES e de natureza jurídica pública, localizados na capital. O cadastro não comprova funcionamento, acesso nem vaga disponível, e um estabelecimento situado na capital pode não ser municipal: a gestão (municipal, estadual ou dupla) e a natureza jurídica são campos distintos do local. A série de dezembro só acompanha os estabelecimentos que hoje têm tipo 01 ou 02: um estabelecimento que era unidade básica no ano e foi reclassificado ou renumerado não entra, e a contagem dos anos anteriores pode ficar abaixo da registrada na época.",sim,,cnes_historico_estabelecimentos+ibge_populacao,"CNES, API de dados abertos (assistencia-a-saude/cnes-estabelecimentos), competência dezembro de 2023; população: IBGE, relação da população dos municípios de 2023 (Censo 2022, 2ª apuração), município 4106902, referência 31 de julho de 2022 (malha territorial de 30 de abril de 2023)",1.0,2026-10-09T14:15:59Z,1cb7f82d0fffde4648aea67aff08b8e0eac0328a015b615acb6ca9df134211d0,85,1773718,sau.rede.ubs_publicas (publicas),ctx.populacao.residente,,,sim,
sau.rede.ubs_publicas_por_10mil,UBS e postos de saúde públicos ativos por 10 mil habitantes,4106902,Curitiba,PR,competência de dezembro,2024,publicas,0.464678,estabelecimentos por 10 mil habitantes,,Município da capital. Natureza jurídica pública. Tipos de unidade 01 e 02.,OBSERVADO,sim,,,"Estabelecimentos de tipo 01 (posto de saúde) e 02 (centro de saúde/unidade básica), ativos no CNES e de natureza jurídica pública, localizados na capital. O cadastro não comprova funcionamento, acesso nem vaga disponível, e um estabelecimento situado na capital pode não ser municipal: a gestão (municipal, estadual ou dupla) e a natureza jurídica são campos distintos do local. A série de dezembro só acompanha os estabelecimentos que hoje têm tipo 01 ou 02: um estabelecimento que era unidade básica no ano e foi reclassificado ou renumerado não entra, e a contagem dos anos anteriores pode ficar abaixo da registrada na época.",sim,,cnes_historico_estabelecimentos+ibge_populacao,"CNES, API de dados abertos (assistencia-a-saude/cnes-estabelecimentos), competência dezembro de 2024; população: IBGE, SIDRA, tabela 6579, variável 9324, município 4106902, 2024 (população residente estimada, referência 1º de julho de 2024)",1.0,2026-10-09T14:15:59Z,1cb7f82d0fffde4648aea67aff08b8e0eac0328a015b615acb6ca9df134211d0,85,1829225,sau.rede.ubs_publicas (publicas),ctx.populacao.residente,,,nao,
sau.rede.ubs_publicas_por_10mil,UBS e postos de saúde públicos ativos por 10 mil habitantes,4106902,Curitiba,PR,competência de dezembro,2025,publicas,0.464279,estabelecimentos por 10 mil habitantes,,Município da capital. Natureza jurídica pública. Tipos de unidade 01 e 02.,OBSERVADO,sim,,,"Estabelecimentos de tipo 01 (posto de saúde) e 02 (centro de saúde/unidade básica), ativos no CNES e de natureza jurídica pública, localizados na capital. O cadastro não comprova funcionamento, acesso nem vaga disponível, e um estabelecimento situado na capital pode não ser municipal: a gestão (municipal, estadual ou dupla) e a natureza jurídica são campos distintos do local. A série de dezembro só acompanha os estabelecimentos que hoje têm tipo 01 ou 02: um estabelecimento que era unidade básica no ano e foi reclassificado ou renumerado não entra, e a contagem dos anos anteriores pode ficar abaixo da registrada na época.",sim,,cnes_historico_estabelecimentos+ibge_populacao,"CNES, API de dados abertos (assistencia-a-saude/cnes-estabelecimentos), competência dezembro de 2025; população: IBGE, SIDRA, tabela 6579, variável 9324, município 4106902, 2025 (população residente estimada, referência 1º de julho de 2025)",1.0,2026-10-09T14:15:59Z,1cb7f82d0fffde4648aea67aff08b8e0eac0328a015b615acb6ca9df134211d0,85,1830795,sau.rede.ubs_publicas (publicas),ctx.populacao.residente,,,nao,
sau.rede.ubs_publicas_por_10mil,UBS e postos de saúde públicos ativos por 10 mil habitantes,2611606,Recife,PE,competência de dezembro,2021,publicas,0.59,estabelecimentos por 10 mil habitantes,,Município da capital. Natureza jurídica pública. Tipos de unidade 01 e 02.,OBSERVADO,sim,,,"Estabelecimentos de tipo 01 (posto de saúde) e 02 (centro de saúde/unidade básica), ativos no CNES e de natureza jurídica pública, localizados na capital. O cadastro não comprova funcionamento, acesso nem vaga disponível, e um estabelecimento situado na capital pode não ser municipal: a gestão (municipal, estadual ou dupla) e a natureza jurídica são campos distintos do local. A série de dezembro só acompanha os estabelecimentos que hoje têm tipo 01 ou 02: um estabelecimento que era unidade básica no ano e foi reclassificado ou renumerado não entra, e a contagem dos anos anteriores pode ficar abaixo da registrada na época.",sim,,cnes_historico_estabelecimentos+ibge_populacao,"CNES, API de dados abertos (assistencia-a-saude/cnes-estabelecimentos), competência dezembro de 2021; população: IBGE, SIDRA, tabela 6579, variável 9324, município 2611606, 2021 (população residente estimada, referência 1º de julho de 2021)",1.0,2026-10-09T14:15:59Z,1cb7f82d0fffde4648aea67aff08b8e0eac0328a015b615acb6ca9df134211d0,98,1661017,sau.rede.ubs_publicas (publicas),ctx.populacao.residente,,,sim,
sau.rede.ubs_publicas_por_10mil,UBS e postos de saúde públicos ativos por 10 mil habitantes,2611606,Recife,PE,competência de dezembro,2022,publicas,0.658195,estabelecimentos por 10 mil habitantes,,Município da capital. Natureza jurídica pública. Tipos de unidade 01 e 02.,OBSERVADO,sim,,,"Estabelecimentos de tipo 01 (posto de saúde) e 02 (centro de saúde/unidade básica), ativos no CNES e de natureza jurídica pública, localizados na capital. O cadastro não comprova funcionamento, acesso nem vaga disponível, e um estabelecimento situado na capital pode não ser municipal: a gestão (municipal, estadual ou dupla) e a natureza jurídica são campos distintos do local. A série de dezembro só acompanha os estabelecimentos que hoje têm tipo 01 ou 02: um estabelecimento que era unidade básica no ano e foi reclassificado ou renumerado não entra, e a contagem dos anos anteriores pode ficar abaixo da registrada na época.",sim,,cnes_historico_estabelecimentos+ibge_populacao,"CNES, API de dados abertos (assistencia-a-saude/cnes-estabelecimentos), competência dezembro de 2022; população: IBGE, SIDRA, tabela 4714, variável 93, município 2611606, 2022 (população residente no Censo 2022, referência 31 de julho de 2022)",1.0,2026-10-09T14:15:59Z,1cb7f82d0fffde4648aea67aff08b8e0eac0328a015b615acb6ca9df134211d0,98,1488920,sau.rede.ubs_publicas (publicas),ctx.populacao.residente,,,nao,
sau.rede.ubs_publicas_por_10mil,UBS e postos de saúde públicos ativos por 10 mil habitantes,2611606,Recife,PE,competência de dezembro,2023,publicas,0.63133,estabelecimentos por 10 mil habitantes,,Município da capital. Natureza jurídica pública. Tipos de unidade 01 e 02.,OBSERVADO,sim,,,"Estabelecimentos de tipo 01 (posto de saúde) e 02 (centro de saúde/unidade básica), ativos no CNES e de natureza jurídica pública, localizados na capital. O cadastro não comprova funcionamento, acesso nem vaga disponível, e um estabelecimento situado na capital pode não ser municipal: a gestão (municipal, estadual ou dupla) e a natureza jurídica são campos distintos do local. A série de dezembro só acompanha os estabelecimentos que hoje têm tipo 01 ou 02: um estabelecimento que era unidade básica no ano e foi reclassificado ou renumerado não entra, e a contagem dos anos anteriores pode ficar abaixo da registrada na época.",sim,,cnes_historico_estabelecimentos+ibge_populacao,"CNES, API de dados abertos (assistencia-a-saude/cnes-estabelecimentos), competência dezembro de 2023; população: IBGE, relação da população dos municípios de 2023 (Censo 2022, 2ª apuração), município 2611606, referência 31 de julho de 2022 (malha territorial de 30 de abril de 2023)",1.0,2026-10-09T14:15:59Z,1cb7f82d0fffde4648aea67aff08b8e0eac0328a015b615acb6ca9df134211d0,94,1488920,sau.rede.ubs_publicas (publicas),ctx.populacao.residente,,,sim,
sau.rede.ubs_publicas_por_10mil,UBS e postos de saúde públicos ativos por 10 mil habitantes,2611606,Recife,PE,competência de dezembro,2024,publicas,0.579452,estabelecimentos por 10 mil habitantes,,Município da capital. Natureza jurídica pública. Tipos de unidade 01 e 02.,OBSERVADO,sim,,,"Estabelecimentos de tipo 01 (posto de saúde) e 02 (centro de saúde/unidade básica), ativos no CNES e de natureza jurídica pública, localizados na capital. O cadastro não comprova funcionamento, acesso nem vaga disponível, e um estabelecimento situado na capital pode não ser municipal: a gestão (municipal, estadual ou dupla) e a natureza jurídica são campos distintos do local. A série de dezembro só acompanha os estabelecimentos que hoje têm tipo 01 ou 02: um estabelecimento que era unidade básica no ano e foi reclassificado ou renumerado não entra, e a contagem dos anos anteriores pode ficar abaixo da registrada na época.",sim,,cnes_historico_estabelecimentos+ibge_populacao,"CNES, API de dados abertos (assistencia-a-saude/cnes-estabelecimentos), competência dezembro de 2024; população: IBGE, SIDRA, tabela 6579, variável 9324, município 2611606, 2024 (população residente estimada, referência 1º de julho de 2024)",1.0,2026-10-09T14:15:59Z,1cb7f82d0fffde4648aea67aff08b8e0eac0328a015b615acb6ca9df134211d0,92,1587707,sau.rede.ubs_publicas (publicas),ctx.populacao.residente,,,nao,
sau.rede.ubs_publicas_por_10mil,UBS e postos de saúde públicos ativos por 10 mil habitantes,2611606,Recife,PE,competência de dezembro,2025,publicas,0.572912,estabelecimentos por 10 mil habitantes,,Município da capital. Natureza jurídica pública. Tipos de unidade 01 e 02.,OBSERVADO,sim,,,"Estabelecimentos de tipo 01 (posto de saúde) e 02 (centro de saúde/unidade básica), ativos no CNES e de natureza jurídica pública, localizados na capital. O cadastro não comprova funcionamento, acesso nem vaga disponível, e um estabelecimento situado na capital pode não ser municipal: a gestão (municipal, estadual ou dupla) e a natureza jurídica são campos distintos do local. A série de dezembro só acompanha os estabelecimentos que hoje têm tipo 01 ou 02: um estabelecimento que era unidade básica no ano e foi reclassificado ou renumerado não entra, e a contagem dos anos anteriores pode ficar abaixo da registrada na época.",sim,,cnes_historico_estabelecimentos+ibge_populacao,"CNES, API de dados abertos (assistencia-a-saude/cnes-estabelecimentos), competência dezembro de 2025; população: IBGE, SIDRA, tabela 6579, variável 9324, município 2611606, 2025 (população residente estimada, referência 1º de julho de 2025)",1.0,2026-10-09T14:15:59Z,1cb7f82d0fffde4648aea67aff08b8e0eac0328a015b615acb6ca9df134211d0,91,1588376,sau.rede.ubs_publicas (publicas),ctx.populacao.residente,,,nao,
sau.rede.ubs_publicas_por_10mil,UBS e postos de saúde públicos ativos por 10 mil habitantes,2211001,Teresina,PI,competência de dezembro,2021,publicas,0.011479,estabelecimentos por 10 mil habitantes,,Município da capital. Natureza jurídica pública. Tipos de unidade 01 e 02.,OBSERVADO,sim,,,"Estabelecimentos de tipo 01 (posto de saúde) e 02 (centro de saúde/unidade básica), ativos no CNES e de natureza jurídica pública, localizados na capital. O cadastro não comprova funcionamento, acesso nem vaga disponível, e um estabelecimento situado na capital pode não ser municipal: a gestão (municipal, estadual ou dupla) e a natureza jurídica são campos distintos do local. A série de dezembro só acompanha os estabelecimentos que hoje têm tipo 01 ou 02: um estabelecimento que era unidade básica no ano e foi reclassificado ou renumerado não entra, e a contagem dos anos anteriores pode ficar abaixo da registrada na época.",sim,,cnes_historico_estabelecimentos+ibge_populacao,"CNES, API de dados abertos (assistencia-a-saude/cnes-estabelecimentos), competência dezembro de 2021; população: IBGE, SIDRA, tabela 6579, variável 9324, município 2211001, 2021 (população residente estimada, referência 1º de julho de 2021)",1.0,2026-10-09T14:15:59Z,1cb7f82d0fffde4648aea67aff08b8e0eac0328a015b615acb6ca9df134211d0,1,871126,sau.rede.ubs_publicas (publicas),ctx.populacao.residente,,,sim,
sau.rede.ubs_publicas_por_10mil,UBS e postos de saúde públicos ativos por 10 mil habitantes,2211001,Teresina,PI,competência de dezembro,2022,publicas,0.011543,estabelecimentos por 10 mil habitantes,,Município da capital. Natureza jurídica pública. Tipos de unidade 01 e 02.,OBSERVADO,sim,,,"Estabelecimentos de tipo 01 (posto de saúde) e 02 (centro de saúde/unidade básica), ativos no CNES e de natureza jurídica pública, localizados na capital. O cadastro não comprova funcionamento, acesso nem vaga disponível, e um estabelecimento situado na capital pode não ser municipal: a gestão (municipal, estadual ou dupla) e a natureza jurídica são campos distintos do local. A série de dezembro só acompanha os estabelecimentos que hoje têm tipo 01 ou 02: um estabelecimento que era unidade básica no ano e foi reclassificado ou renumerado não entra, e a contagem dos anos anteriores pode ficar abaixo da registrada na época.",sim,,cnes_historico_estabelecimentos+ibge_populacao,"CNES, API de dados abertos (assistencia-a-saude/cnes-estabelecimentos), competência dezembro de 2022; população: IBGE, SIDRA, tabela 4714, variável 93, município 2211001, 2022 (população residente no Censo 2022, referência 31 de julho de 2022)",1.0,2026-10-09T14:15:59Z,1cb7f82d0fffde4648aea67aff08b8e0eac0328a015b615acb6ca9df134211d0,1,866300,sau.rede.ubs_publicas (publicas),ctx.populacao.residente,,,nao,
sau.rede.ubs_publicas_por_10mil,UBS e postos de saúde públicos ativos por 10 mil habitantes,2211001,Teresina,PI,competência de dezembro,2023,publicas,0.011543,estabelecimentos por 10 mil habitantes,,Município da capital. Natureza jurídica pública. Tipos de unidade 01 e 02.,OBSERVADO,sim,,,"Estabelecimentos de tipo 01 (posto de saúde) e 02 (centro de saúde/unidade básica), ativos no CNES e de natureza jurídica pública, localizados na capital. O cadastro não comprova funcionamento, acesso nem vaga disponível, e um estabelecimento situado na capital pode não ser municipal: a gestão (municipal, estadual ou dupla) e a natureza jurídica são campos distintos do local. A série de dezembro só acompanha os estabelecimentos que hoje têm tipo 01 ou 02: um estabelecimento que era unidade básica no ano e foi reclassificado ou renumerado não entra, e a contagem dos anos anteriores pode ficar abaixo da registrada na época.",sim,,cnes_historico_estabelecimentos+ibge_populacao,"CNES, API de dados abertos (assistencia-a-saude/cnes-estabelecimentos), competência dezembro de 2023; população: IBGE, relação da população dos municípios de 2023 (Censo 2022, 2ª apuração), município 2211001, referência 31 de julho de 2022 (malha territorial de 30 de abril de 2023)",1.0,2026-10-09T14:15:59Z,1cb7f82d0fffde4648aea67aff08b8e0eac0328a015b615acb6ca9df134211d0,1,866300,sau.rede.ubs_publicas (publicas),ctx.populacao.residente,,,sim,
sau.rede.ubs_publicas_por_10mil,UBS e postos de saúde públicos ativos por 10 mil habitantes,2211001,Teresina,PI,competência de dezembro,2024,publicas,0.011079,estabelecimentos por 10 mil habitantes,,Município da capital. Natureza jurídica pública. Tipos de unidade 01 e 02.,OBSERVADO,sim,,,"Estabelecimentos de tipo 01 (posto de saúde) e 02 (centro de saúde/unidade básica), ativos no CNES e de natureza jurídica pública, localizados na capital. O cadastro não comprova funcionamento, acesso nem vaga disponível, e um estabelecimento situado na capital pode não ser municipal: a gestão (municipal, estadual ou dupla) e a natureza jurídica são campos distintos do local. A série de dezembro só acompanha os estabelecimentos que hoje têm tipo 01 ou 02: um estabelecimento que era unidade básica no ano e foi reclassificado ou renumerado não entra, e a contagem dos anos anteriores pode ficar abaixo da registrada na época.",sim,,cnes_historico_estabelecimentos+ibge_populacao,"CNES, API de dados abertos (assistencia-a-saude/cnes-estabelecimentos), competência dezembro de 2024; população: IBGE, SIDRA, tabela 6579, variável 9324, município 2211001, 2024 (população residente estimada, referência 1º de julho de 2024)",1.0,2026-10-09T14:15:59Z,1cb7f82d0fffde4648aea67aff08b8e0eac0328a015b615acb6ca9df134211d0,1,902644,sau.rede.ubs_publicas (publicas),ctx.populacao.residente,,,nao,
sau.rede.ubs_publicas_por_10mil,UBS e postos de saúde públicos ativos por 10 mil habitantes,2211001,Teresina,PI,competência de dezembro,2025,publicas,0.011041,estabelecimentos por 10 mil habitantes,,Município da capital. Natureza jurídica pública. Tipos de unidade 01 e 02.,OBSERVADO,sim,,,"Estabelecimentos de tipo 01 (posto de saúde) e 02 (centro de saúde/unidade básica), ativos no CNES e de natureza jurídica pública, localizados na capital. O cadastro não comprova funcionamento, acesso nem vaga disponível, e um estabelecimento situado na capital pode não ser municipal: a gestão (municipal, estadual ou dupla) e a natureza jurídica são campos distintos do local. A série de dezembro só acompanha os estabelecimentos que hoje têm tipo 01 ou 02: um estabelecimento que era unidade básica no ano e foi reclassificado ou renumerado não entra, e a contagem dos anos anteriores pode ficar abaixo da registrada na época.",sim,,cnes_historico_estabelecimentos+ibge_populacao,"CNES, API de dados abertos (assistencia-a-saude/cnes-estabelecimentos), competência dezembro de 2025; população: IBGE, SIDRA, tabela 6579, variável 9324, município 2211001, 2025 (população residente estimada, referência 1º de julho de 2025)",1.0,2026-10-09T14:15:59Z,1cb7f82d0fffde4648aea67aff08b8e0eac0328a015b615acb6ca9df134211d0,1,905692,sau.rede.ubs_publicas (publicas),ctx.populacao.residente,,,nao,
sau.rede.ubs_publicas_por_10mil,UBS e postos de saúde públicos ativos por 10 mil habitantes,3304557,Rio de Janeiro,RJ,competência de dezembro,2021,publicas,0.008855,estabelecimentos por 10 mil habitantes,,Município da capital. Natureza jurídica pública. Tipos de unidade 01 e 02.,OBSERVADO,sim,,,"Estabelecimentos de tipo 01 (posto de saúde) e 02 (centro de saúde/unidade básica), ativos no CNES e de natureza jurídica pública, localizados na capital. O cadastro não comprova funcionamento, acesso nem vaga disponível, e um estabelecimento situado na capital pode não ser municipal: a gestão (municipal, estadual ou dupla) e a natureza jurídica são campos distintos do local. A série de dezembro só acompanha os estabelecimentos que hoje têm tipo 01 ou 02: um estabelecimento que era unidade básica no ano e foi reclassificado ou renumerado não entra, e a contagem dos anos anteriores pode ficar abaixo da registrada na época.",sim,,cnes_historico_estabelecimentos+ibge_populacao,"CNES, API de dados abertos (assistencia-a-saude/cnes-estabelecimentos), competência dezembro de 2021; população: IBGE, SIDRA, tabela 6579, variável 9324, município 3304557, 2021 (população residente estimada, referência 1º de julho de 2021)",1.0,2026-10-09T14:15:59Z,1cb7f82d0fffde4648aea67aff08b8e0eac0328a015b615acb6ca9df134211d0,6,6775561,sau.rede.ubs_publicas (publicas),ctx.populacao.residente,,,sim,
sau.rede.ubs_publicas_por_10mil,UBS e postos de saúde públicos ativos por 10 mil habitantes,3304557,Rio de Janeiro,RJ,competência de dezembro,2022,publicas,0.00805,estabelecimentos por 10 mil habitantes,,Município da capital. Natureza jurídica pública. Tipos de unidade 01 e 02.,OBSERVADO,sim,,,"Estabelecimentos de tipo 01 (posto de saúde) e 02 (centro de saúde/unidade básica), ativos no CNES e de natureza jurídica pública, localizados na capital. O cadastro não comprova funcionamento, acesso nem vaga disponível, e um estabelecimento situado na capital pode não ser municipal: a gestão (municipal, estadual ou dupla) e a natureza jurídica são campos distintos do local. A série de dezembro só acompanha os estabelecimentos que hoje têm tipo 01 ou 02: um estabelecimento que era unidade básica no ano e foi reclassificado ou renumerado não entra, e a contagem dos anos anteriores pode ficar abaixo da registrada na época.",sim,,cnes_historico_estabelecimentos+ibge_populacao,"CNES, API de dados abertos (assistencia-a-saude/cnes-estabelecimentos), competência dezembro de 2022; população: IBGE, SIDRA, tabela 4714, variável 93, município 3304557, 2022 (população residente no Censo 2022, referência 31 de julho de 2022)",1.0,2026-10-09T14:15:59Z,1cb7f82d0fffde4648aea67aff08b8e0eac0328a015b615acb6ca9df134211d0,5,6211223,sau.rede.ubs_publicas (publicas),ctx.populacao.residente,,,nao,
sau.rede.ubs_publicas_por_10mil,UBS e postos de saúde públicos ativos por 10 mil habitantes,3304557,Rio de Janeiro,RJ,competência de dezembro,2023,publicas,0.00805,estabelecimentos por 10 mil habitantes,,Município da capital. Natureza jurídica pública. Tipos de unidade 01 e 02.,OBSERVADO,sim,,,"Estabelecimentos de tipo 01 (posto de saúde) e 02 (centro de saúde/unidade básica), ativos no CNES e de natureza jurídica pública, localizados na capital. O cadastro não comprova funcionamento, acesso nem vaga disponível, e um estabelecimento situado na capital pode não ser municipal: a gestão (municipal, estadual ou dupla) e a natureza jurídica são campos distintos do local. A série de dezembro só acompanha os estabelecimentos que hoje têm tipo 01 ou 02: um estabelecimento que era unidade básica no ano e foi reclassificado ou renumerado não entra, e a contagem dos anos anteriores pode ficar abaixo da registrada na época.",sim,,cnes_historico_estabelecimentos+ibge_populacao,"CNES, API de dados abertos (assistencia-a-saude/cnes-estabelecimentos), competência dezembro de 2023; população: IBGE, relação da população dos municípios de 2023 (Censo 2022, 2ª apuração), município 3304557, referência 31 de julho de 2022 (malha territorial de 30 de abril de 2023)",1.0,2026-10-09T14:15:59Z,1cb7f82d0fffde4648aea67aff08b8e0eac0328a015b615acb6ca9df134211d0,5,6211223,sau.rede.ubs_publicas (publicas),ctx.populacao.residente,,,sim,
sau.rede.ubs_publicas_por_10mil,UBS e postos de saúde públicos ativos por 10 mil habitantes,3304557,Rio de Janeiro,RJ,competência de dezembro,2024,publicas,0.00743,estabelecimentos por 10 mil habitantes,,Município da capital. Natureza jurídica pública. Tipos de unidade 01 e 02.,OBSERVADO,sim,,,"Estabelecimentos de tipo 01 (posto de saúde) e 02 (centro de saúde/unidade básica), ativos no CNES e de natureza jurídica pública, localizados na capital. O cadastro não comprova funcionamento, acesso nem vaga disponível, e um estabelecimento situado na capital pode não ser municipal: a gestão (municipal, estadual ou dupla) e a natureza jurídica são campos distintos do local. A série de dezembro só acompanha os estabelecimentos que hoje têm tipo 01 ou 02: um estabelecimento que era unidade básica no ano e foi reclassificado ou renumerado não entra, e a contagem dos anos anteriores pode ficar abaixo da registrada na época.",sim,,cnes_historico_estabelecimentos+ibge_populacao,"CNES, API de dados abertos (assistencia-a-saude/cnes-estabelecimentos), competência dezembro de 2024; população: IBGE, SIDRA, tabela 6579, variável 9324, município 3304557, 2024 (população residente estimada, referência 1º de julho de 2024)",1.0,2026-10-09T14:15:59Z,1cb7f82d0fffde4648aea67aff08b8e0eac0328a015b615acb6ca9df134211d0,5,6729894,sau.rede.ubs_publicas (publicas),ctx.populacao.residente,,,nao,
sau.rede.ubs_publicas_por_10mil,UBS e postos de saúde públicos ativos por 10 mil habitantes,3304557,Rio de Janeiro,RJ,competência de dezembro,2025,publicas,0.007429,estabelecimentos por 10 mil habitantes,,Município da capital. Natureza jurídica pública. Tipos de unidade 01 e 02.,OBSERVADO,sim,,,"Estabelecimentos de tipo 01 (posto de saúde) e 02 (centro de saúde/unidade básica), ativos no CNES e de natureza jurídica pública, localizados na capital. O cadastro não comprova funcionamento, acesso nem vaga disponível, e um estabelecimento situado na capital pode não ser municipal: a gestão (municipal, estadual ou dupla) e a natureza jurídica são campos distintos do local. A série de dezembro só acompanha os estabelecimentos que hoje têm tipo 01 ou 02: um estabelecimento que era unidade básica no ano e foi reclassificado ou renumerado não entra, e a contagem dos anos anteriores pode ficar abaixo da registrada na época.",sim,,cnes_historico_estabelecimentos+ibge_populacao,"CNES, API de dados abertos (assistencia-a-saude/cnes-estabelecimentos), competência dezembro de 2025; população: IBGE, SIDRA, tabela 6579, variável 9324, município 3304557, 2025 (população residente estimada, referência 1º de julho de 2025)",1.0,2026-10-09T14:15:59Z,1cb7f82d0fffde4648aea67aff08b8e0eac0328a015b615acb6ca9df134211d0,5,6730729,sau.rede.ubs_publicas (publicas),ctx.populacao.residente,,,nao,
sau.rede.ubs_publicas_por_10mil,UBS e postos de saúde públicos ativos por 10 mil habitantes,2408102,Natal,RN,competência de dezembro,2021,publicas,0.078063,estabelecimentos por 10 mil habitantes,,Município da capital. Natureza jurídica pública. Tipos de unidade 01 e 02.,OBSERVADO,sim,,,"Estabelecimentos de tipo 01 (posto de saúde) e 02 (centro de saúde/unidade básica), ativos no CNES e de natureza jurídica pública, localizados na capital. O cadastro não comprova funcionamento, acesso nem vaga disponível, e um estabelecimento situado na capital pode não ser municipal: a gestão (municipal, estadual ou dupla) e a natureza jurídica são campos distintos do local. A série de dezembro só acompanha os estabelecimentos que hoje têm tipo 01 ou 02: um estabelecimento que era unidade básica no ano e foi reclassificado ou renumerado não entra, e a contagem dos anos anteriores pode ficar abaixo da registrada na época.",sim,,cnes_historico_estabelecimentos+ibge_populacao,"CNES, API de dados abertos (assistencia-a-saude/cnes-estabelecimentos), competência dezembro de 2021; população: IBGE, SIDRA, tabela 6579, variável 9324, município 2408102, 2021 (população residente estimada, referência 1º de julho de 2021)",1.0,2026-10-09T14:15:59Z,1cb7f82d0fffde4648aea67aff08b8e0eac0328a015b615acb6ca9df134211d0,7,896708,sau.rede.ubs_publicas (publicas),ctx.populacao.residente,,,sim,
sau.rede.ubs_publicas_por_10mil,UBS e postos de saúde públicos ativos por 10 mil habitantes,2408102,Natal,RN,competência de dezembro,2022,publicas,0.066551,estabelecimentos por 10 mil habitantes,,Município da capital. Natureza jurídica pública. Tipos de unidade 01 e 02.,OBSERVADO,sim,,,"Estabelecimentos de tipo 01 (posto de saúde) e 02 (centro de saúde/unidade básica), ativos no CNES e de natureza jurídica pública, localizados na capital. O cadastro não comprova funcionamento, acesso nem vaga disponível, e um estabelecimento situado na capital pode não ser municipal: a gestão (municipal, estadual ou dupla) e a natureza jurídica são campos distintos do local. A série de dezembro só acompanha os estabelecimentos que hoje têm tipo 01 ou 02: um estabelecimento que era unidade básica no ano e foi reclassificado ou renumerado não entra, e a contagem dos anos anteriores pode ficar abaixo da registrada na época.",sim,,cnes_historico_estabelecimentos+ibge_populacao,"CNES, API de dados abertos (assistencia-a-saude/cnes-estabelecimentos), competência dezembro de 2022; população: IBGE, SIDRA, tabela 4714, variável 93, município 2408102, 2022 (população residente no Censo 2022, referência 31 de julho de 2022)",1.0,2026-10-09T14:15:59Z,1cb7f82d0fffde4648aea67aff08b8e0eac0328a015b615acb6ca9df134211d0,5,751300,sau.rede.ubs_publicas (publicas),ctx.populacao.residente,,,nao,
sau.rede.ubs_publicas_por_10mil,UBS e postos de saúde públicos ativos por 10 mil habitantes,2408102,Natal,RN,competência de dezembro,2023,publicas,0.066551,estabelecimentos por 10 mil habitantes,,Município da capital. Natureza jurídica pública. Tipos de unidade 01 e 02.,OBSERVADO,sim,,,"Estabelecimentos de tipo 01 (posto de saúde) e 02 (centro de saúde/unidade básica), ativos no CNES e de natureza jurídica pública, localizados na capital. O cadastro não comprova funcionamento, acesso nem vaga disponível, e um estabelecimento situado na capital pode não ser municipal: a gestão (municipal, estadual ou dupla) e a natureza jurídica são campos distintos do local. A série de dezembro só acompanha os estabelecimentos que hoje têm tipo 01 ou 02: um estabelecimento que era unidade básica no ano e foi reclassificado ou renumerado não entra, e a contagem dos anos anteriores pode ficar abaixo da registrada na época.",sim,,cnes_historico_estabelecimentos+ibge_populacao,"CNES, API de dados abertos (assistencia-a-saude/cnes-estabelecimentos), competência dezembro de 2023; população: IBGE, relação da população dos municípios de 2023 (Censo 2022, 2ª apuração), município 2408102, referência 31 de julho de 2022 (malha territorial de 30 de abril de 2023)",1.0,2026-10-09T14:15:59Z,1cb7f82d0fffde4648aea67aff08b8e0eac0328a015b615acb6ca9df134211d0,5,751300,sau.rede.ubs_publicas (publicas),ctx.populacao.residente,,,sim,
sau.rede.ubs_publicas_por_10mil,UBS e postos de saúde públicos ativos por 10 mil habitantes,2408102,Natal,RN,competência de dezembro,2024,publicas,0.063664,estabelecimentos por 10 mil habitantes,,Município da capital. Natureza jurídica pública. Tipos de unidade 01 e 02.,OBSERVADO,sim,,,"Estabelecimentos de tipo 01 (posto de saúde) e 02 (centro de saúde/unidade básica), ativos no CNES e de natureza jurídica pública, localizados na capital. O cadastro não comprova funcionamento, acesso nem vaga disponível, e um estabelecimento situado na capital pode não ser municipal: a gestão (municipal, estadual ou dupla) e a natureza jurídica são campos distintos do local. A série de dezembro só acompanha os estabelecimentos que hoje têm tipo 01 ou 02: um estabelecimento que era unidade básica no ano e foi reclassificado ou renumerado não entra, e a contagem dos anos anteriores pode ficar abaixo da registrada na época.",sim,,cnes_historico_estabelecimentos+ibge_populacao,"CNES, API de dados abertos (assistencia-a-saude/cnes-estabelecimentos), competência dezembro de 2024; população: IBGE, SIDRA, tabela 6579, variável 9324, município 2408102, 2024 (população residente estimada, referência 1º de julho de 2024)",1.0,2026-10-09T14:15:59Z,1cb7f82d0fffde4648aea67aff08b8e0eac0328a015b615acb6ca9df134211d0,5,785368,sau.rede.ubs_publicas (publicas),ctx.populacao.residente,,,nao,
sau.rede.ubs_publicas_por_10mil,UBS e postos de saúde públicos ativos por 10 mil habitantes,2408102,Natal,RN,competência de dezembro,2025,publicas,0.063755,estabelecimentos por 10 mil habitantes,,Município da capital. Natureza jurídica pública. Tipos de unidade 01 e 02.,OBSERVADO,sim,,,"Estabelecimentos de tipo 01 (posto de saúde) e 02 (centro de saúde/unidade básica), ativos no CNES e de natureza jurídica pública, localizados na capital. O cadastro não comprova funcionamento, acesso nem vaga disponível, e um estabelecimento situado na capital pode não ser municipal: a gestão (municipal, estadual ou dupla) e a natureza jurídica são campos distintos do local. A série de dezembro só acompanha os estabelecimentos que hoje têm tipo 01 ou 02: um estabelecimento que era unidade básica no ano e foi reclassificado ou renumerado não entra, e a contagem dos anos anteriores pode ficar abaixo da registrada na época.",sim,,cnes_historico_estabelecimentos+ibge_populacao,"CNES, API de dados abertos (assistencia-a-saude/cnes-estabelecimentos), competência dezembro de 2025; população: IBGE, SIDRA, tabela 6579, variável 9324, município 2408102, 2025 (população residente estimada, referência 1º de julho de 2025)",1.0,2026-10-09T14:15:59Z,1cb7f82d0fffde4648aea67aff08b8e0eac0328a015b615acb6ca9df134211d0,5,784249,sau.rede.ubs_publicas (publicas),ctx.populacao.residente,,,nao,
sau.rede.ubs_publicas_por_10mil,UBS e postos de saúde públicos ativos por 10 mil habitantes,4314902,Porto Alegre,RS,competência de dezembro,2021,publicas,0.0134,estabelecimentos por 10 mil habitantes,,Município da capital. Natureza jurídica pública. Tipos de unidade 01 e 02.,OBSERVADO,sim,,,"Estabelecimentos de tipo 01 (posto de saúde) e 02 (centro de saúde/unidade básica), ativos no CNES e de natureza jurídica pública, localizados na capital. O cadastro não comprova funcionamento, acesso nem vaga disponível, e um estabelecimento situado na capital pode não ser municipal: a gestão (municipal, estadual ou dupla) e a natureza jurídica são campos distintos do local. A série de dezembro só acompanha os estabelecimentos que hoje têm tipo 01 ou 02: um estabelecimento que era unidade básica no ano e foi reclassificado ou renumerado não entra, e a contagem dos anos anteriores pode ficar abaixo da registrada na época.",sim,,cnes_historico_estabelecimentos+ibge_populacao,"CNES, API de dados abertos (assistencia-a-saude/cnes-estabelecimentos), competência dezembro de 2021; população: IBGE, SIDRA, tabela 6579, variável 9324, município 4314902, 2021 (população residente estimada, referência 1º de julho de 2021)",1.0,2026-10-09T14:15:59Z,1cb7f82d0fffde4648aea67aff08b8e0eac0328a015b615acb6ca9df134211d0,2,1492530,sau.rede.ubs_publicas (publicas),ctx.populacao.residente,,,sim,
sau.rede.ubs_publicas_por_10mil,UBS e postos de saúde públicos ativos por 10 mil habitantes,4314902,Porto Alegre,RS,competência de dezembro,2022,publicas,0.015005,estabelecimentos por 10 mil habitantes,,Município da capital. Natureza jurídica pública. Tipos de unidade 01 e 02.,OBSERVADO,sim,,,"Estabelecimentos de tipo 01 (posto de saúde) e 02 (centro de saúde/unidade básica), ativos no CNES e de natureza jurídica pública, localizados na capital. O cadastro não comprova funcionamento, acesso nem vaga disponível, e um estabelecimento situado na capital pode não ser municipal: a gestão (municipal, estadual ou dupla) e a natureza jurídica são campos distintos do local. A série de dezembro só acompanha os estabelecimentos que hoje têm tipo 01 ou 02: um estabelecimento que era unidade básica no ano e foi reclassificado ou renumerado não entra, e a contagem dos anos anteriores pode ficar abaixo da registrada na época.",sim,,cnes_historico_estabelecimentos+ibge_populacao,"CNES, API de dados abertos (assistencia-a-saude/cnes-estabelecimentos), competência dezembro de 2022; população: IBGE, SIDRA, tabela 4714, variável 93, município 4314902, 2022 (população residente no Censo 2022, referência 31 de julho de 2022)",1.0,2026-10-09T14:15:59Z,1cb7f82d0fffde4648aea67aff08b8e0eac0328a015b615acb6ca9df134211d0,2,1332845,sau.rede.ubs_publicas (publicas),ctx.populacao.residente,,,nao,
sau.rede.ubs_publicas_por_10mil,UBS e postos de saúde públicos ativos por 10 mil habitantes,4314902,Porto Alegre,RS,competência de dezembro,2023,publicas,0.015005,estabelecimentos por 10 mil habitantes,,Município da capital. Natureza jurídica pública. Tipos de unidade 01 e 02.,OBSERVADO,sim,,,"Estabelecimentos de tipo 01 (posto de saúde) e 02 (centro de saúde/unidade básica), ativos no CNES e de natureza jurídica pública, localizados na capital. O cadastro não comprova funcionamento, acesso nem vaga disponível, e um estabelecimento situado na capital pode não ser municipal: a gestão (municipal, estadual ou dupla) e a natureza jurídica são campos distintos do local. A série de dezembro só acompanha os estabelecimentos que hoje têm tipo 01 ou 02: um estabelecimento que era unidade básica no ano e foi reclassificado ou renumerado não entra, e a contagem dos anos anteriores pode ficar abaixo da registrada na época.",sim,,cnes_historico_estabelecimentos+ibge_populacao,"CNES, API de dados abertos (assistencia-a-saude/cnes-estabelecimentos), competência dezembro de 2023; população: IBGE, relação da população dos municípios de 2023 (Censo 2022, 2ª apuração), município 4314902, referência 31 de julho de 2022 (malha territorial de 30 de abril de 2023)",1.0,2026-10-09T14:15:59Z,1cb7f82d0fffde4648aea67aff08b8e0eac0328a015b615acb6ca9df134211d0,2,1332845,sau.rede.ubs_publicas (publicas),ctx.populacao.residente,,,sim,
sau.rede.ubs_publicas_por_10mil,UBS e postos de saúde públicos ativos por 10 mil habitantes,4314902,Porto Alegre,RS,competência de dezembro,2024,publicas,0.014396,estabelecimentos por 10 mil habitantes,,Município da capital. Natureza jurídica pública. Tipos de unidade 01 e 02.,OBSERVADO,sim,,,"Estabelecimentos de tipo 01 (posto de saúde) e 02 (centro de saúde/unidade básica), ativos no CNES e de natureza jurídica pública, localizados na capital. O cadastro não comprova funcionamento, acesso nem vaga disponível, e um estabelecimento situado na capital pode não ser municipal: a gestão (municipal, estadual ou dupla) e a natureza jurídica são campos distintos do local. A série de dezembro só acompanha os estabelecimentos que hoje têm tipo 01 ou 02: um estabelecimento que era unidade básica no ano e foi reclassificado ou renumerado não entra, e a contagem dos anos anteriores pode ficar abaixo da registrada na época.",sim,,cnes_historico_estabelecimentos+ibge_populacao,"CNES, API de dados abertos (assistencia-a-saude/cnes-estabelecimentos), competência dezembro de 2024; população: IBGE, SIDRA, tabela 6579, variável 9324, município 4314902, 2024 (população residente estimada, referência 1º de julho de 2024)",1.0,2026-10-09T14:15:59Z,1cb7f82d0fffde4648aea67aff08b8e0eac0328a015b615acb6ca9df134211d0,2,1389322,sau.rede.ubs_publicas (publicas),ctx.populacao.residente,,,nao,
sau.rede.ubs_publicas_por_10mil,UBS e postos de saúde públicos ativos por 10 mil habitantes,4314902,Porto Alegre,RS,competência de dezembro,2025,publicas,0.014401,estabelecimentos por 10 mil habitantes,,Município da capital. Natureza jurídica pública. Tipos de unidade 01 e 02.,OBSERVADO,sim,,,"Estabelecimentos de tipo 01 (posto de saúde) e 02 (centro de saúde/unidade básica), ativos no CNES e de natureza jurídica pública, localizados na capital. O cadastro não comprova funcionamento, acesso nem vaga disponível, e um estabelecimento situado na capital pode não ser municipal: a gestão (municipal, estadual ou dupla) e a natureza jurídica são campos distintos do local. A série de dezembro só acompanha os estabelecimentos que hoje têm tipo 01 ou 02: um estabelecimento que era unidade básica no ano e foi reclassificado ou renumerado não entra, e a contagem dos anos anteriores pode ficar abaixo da registrada na época.",sim,,cnes_historico_estabelecimentos+ibge_populacao,"CNES, API de dados abertos (assistencia-a-saude/cnes-estabelecimentos), competência dezembro de 2025; população: IBGE, SIDRA, tabela 6579, variável 9324, município 4314902, 2025 (população residente estimada, referência 1º de julho de 2025)",1.0,2026-10-09T14:15:59Z,1cb7f82d0fffde4648aea67aff08b8e0eac0328a015b615acb6ca9df134211d0,2,1388794,sau.rede.ubs_publicas (publicas),ctx.populacao.residente,,,nao,
sau.rede.ubs_publicas_por_10mil,UBS e postos de saúde públicos ativos por 10 mil habitantes,1100205,Porto Velho,RO,competência de dezembro,2021,publicas,0.036433,estabelecimentos por 10 mil habitantes,,Município da capital. Natureza jurídica pública. Tipos de unidade 01 e 02.,OBSERVADO,sim,,,"Estabelecimentos de tipo 01 (posto de saúde) e 02 (centro de saúde/unidade básica), ativos no CNES e de natureza jurídica pública, localizados na capital. O cadastro não comprova funcionamento, acesso nem vaga disponível, e um estabelecimento situado na capital pode não ser municipal: a gestão (municipal, estadual ou dupla) e a natureza jurídica são campos distintos do local. A série de dezembro só acompanha os estabelecimentos que hoje têm tipo 01 ou 02: um estabelecimento que era unidade básica no ano e foi reclassificado ou renumerado não entra, e a contagem dos anos anteriores pode ficar abaixo da registrada na época.",sim,,cnes_historico_estabelecimentos+ibge_populacao,"CNES, API de dados abertos (assistencia-a-saude/cnes-estabelecimentos), competência dezembro de 2021; população: IBGE, SIDRA, tabela 6579, variável 9324, município 1100205, 2021 (população residente estimada, referência 1º de julho de 2021)",1.0,2026-10-09T14:15:59Z,1cb7f82d0fffde4648aea67aff08b8e0eac0328a015b615acb6ca9df134211d0,2,548952,sau.rede.ubs_publicas (publicas),ctx.populacao.residente,,,sim,
sau.rede.ubs_publicas_por_10mil,UBS e postos de saúde públicos ativos por 10 mil habitantes,1100205,Porto Velho,RO,competência de dezembro,2022,publicas,0.043437,estabelecimentos por 10 mil habitantes,,Município da capital. Natureza jurídica pública. Tipos de unidade 01 e 02.,OBSERVADO,sim,,,"Estabelecimentos de tipo 01 (posto de saúde) e 02 (centro de saúde/unidade básica), ativos no CNES e de natureza jurídica pública, localizados na capital. O cadastro não comprova funcionamento, acesso nem vaga disponível, e um estabelecimento situado na capital pode não ser municipal: a gestão (municipal, estadual ou dupla) e a natureza jurídica são campos distintos do local. A série de dezembro só acompanha os estabelecimentos que hoje têm tipo 01 ou 02: um estabelecimento que era unidade básica no ano e foi reclassificado ou renumerado não entra, e a contagem dos anos anteriores pode ficar abaixo da registrada na época.",sim,,cnes_historico_estabelecimentos+ibge_populacao,"CNES, API de dados abertos (assistencia-a-saude/cnes-estabelecimentos), competência dezembro de 2022; população: IBGE, SIDRA, tabela 4714, variável 93, município 1100205, 2022 (população residente no Censo 2022, referência 31 de julho de 2022)",1.0,2026-10-09T14:15:59Z,1cb7f82d0fffde4648aea67aff08b8e0eac0328a015b615acb6ca9df134211d0,2,460434,sau.rede.ubs_publicas (publicas),ctx.populacao.residente,,,nao,
sau.rede.ubs_publicas_por_10mil,UBS e postos de saúde públicos ativos por 10 mil habitantes,1100205,Porto Velho,RO,competência de dezembro,2023,publicas,0.043437,estabelecimentos por 10 mil habitantes,,Município da capital. Natureza jurídica pública. Tipos de unidade 01 e 02.,OBSERVADO,sim,,,"Estabelecimentos de tipo 01 (posto de saúde) e 02 (centro de saúde/unidade básica), ativos no CNES e de natureza jurídica pública, localizados na capital. O cadastro não comprova funcionamento, acesso nem vaga disponível, e um estabelecimento situado na capital pode não ser municipal: a gestão (municipal, estadual ou dupla) e a natureza jurídica são campos distintos do local. A série de dezembro só acompanha os estabelecimentos que hoje têm tipo 01 ou 02: um estabelecimento que era unidade básica no ano e foi reclassificado ou renumerado não entra, e a contagem dos anos anteriores pode ficar abaixo da registrada na época.",sim,,cnes_historico_estabelecimentos+ibge_populacao,"CNES, API de dados abertos (assistencia-a-saude/cnes-estabelecimentos), competência dezembro de 2023; população: IBGE, relação da população dos municípios de 2023 (Censo 2022, 2ª apuração), município 1100205, referência 31 de julho de 2022 (malha territorial de 30 de abril de 2023)",1.0,2026-10-09T14:15:59Z,1cb7f82d0fffde4648aea67aff08b8e0eac0328a015b615acb6ca9df134211d0,2,460434,sau.rede.ubs_publicas (publicas),ctx.populacao.residente,,,sim,
sau.rede.ubs_publicas_por_10mil,UBS e postos de saúde públicos ativos por 10 mil habitantes,1100205,Porto Velho,RO,competência de dezembro,2024,publicas,0.019422,estabelecimentos por 10 mil habitantes,,Município da capital. Natureza jurídica pública. Tipos de unidade 01 e 02.,OBSERVADO,sim,,,"Estabelecimentos de tipo 01 (posto de saúde) e 02 (centro de saúde/unidade básica), ativos no CNES e de natureza jurídica pública, localizados na capital. O cadastro não comprova funcionamento, acesso nem vaga disponível, e um estabelecimento situado na capital pode não ser municipal: a gestão (municipal, estadual ou dupla) e a natureza jurídica são campos distintos do local. A série de dezembro só acompanha os estabelecimentos que hoje têm tipo 01 ou 02: um estabelecimento que era unidade básica no ano e foi reclassificado ou renumerado não entra, e a contagem dos anos anteriores pode ficar abaixo da registrada na época.",sim,,cnes_historico_estabelecimentos+ibge_populacao,"CNES, API de dados abertos (assistencia-a-saude/cnes-estabelecimentos), competência dezembro de 2024; população: IBGE, SIDRA, tabela 6579, variável 9324, município 1100205, 2024 (população residente estimada, referência 1º de julho de 2024)",1.0,2026-10-09T14:15:59Z,1cb7f82d0fffde4648aea67aff08b8e0eac0328a015b615acb6ca9df134211d0,1,514873,sau.rede.ubs_publicas (publicas),ctx.populacao.residente,,,nao,
sau.rede.ubs_publicas_por_10mil,UBS e postos de saúde públicos ativos por 10 mil habitantes,1100205,Porto Velho,RO,competência de dezembro,2025,publicas,0.019316,estabelecimentos por 10 mil habitantes,,Município da capital. Natureza jurídica pública. Tipos de unidade 01 e 02.,OBSERVADO,sim,,,"Estabelecimentos de tipo 01 (posto de saúde) e 02 (centro de saúde/unidade básica), ativos no CNES e de natureza jurídica pública, localizados na capital. O cadastro não comprova funcionamento, acesso nem vaga disponível, e um estabelecimento situado na capital pode não ser municipal: a gestão (municipal, estadual ou dupla) e a natureza jurídica são campos distintos do local. A série de dezembro só acompanha os estabelecimentos que hoje têm tipo 01 ou 02: um estabelecimento que era unidade básica no ano e foi reclassificado ou renumerado não entra, e a contagem dos anos anteriores pode ficar abaixo da registrada na época.",sim,,cnes_historico_estabelecimentos+ibge_populacao,"CNES, API de dados abertos (assistencia-a-saude/cnes-estabelecimentos), competência dezembro de 2025; população: IBGE, SIDRA, tabela 6579, variável 9324, município 1100205, 2025 (população residente estimada, referência 1º de julho de 2025)",1.0,2026-10-09T14:15:59Z,1cb7f82d0fffde4648aea67aff08b8e0eac0328a015b615acb6ca9df134211d0,1,517709,sau.rede.ubs_publicas (publicas),ctx.populacao.residente,,,nao,
sau.rede.ubs_publicas_por_10mil,UBS e postos de saúde públicos ativos por 10 mil habitantes,1400100,Boa Vista,RR,competência de dezembro,2021,publicas,0.045809,estabelecimentos por 10 mil habitantes,,Município da capital. Natureza jurídica pública. Tipos de unidade 01 e 02.,OBSERVADO,sim,,,"Estabelecimentos de tipo 01 (posto de saúde) e 02 (centro de saúde/unidade básica), ativos no CNES e de natureza jurídica pública, localizados na capital. O cadastro não comprova funcionamento, acesso nem vaga disponível, e um estabelecimento situado na capital pode não ser municipal: a gestão (municipal, estadual ou dupla) e a natureza jurídica são campos distintos do local. A série de dezembro só acompanha os estabelecimentos que hoje têm tipo 01 ou 02: um estabelecimento que era unidade básica no ano e foi reclassificado ou renumerado não entra, e a contagem dos anos anteriores pode ficar abaixo da registrada na época.",sim,,cnes_historico_estabelecimentos+ibge_populacao,"CNES, API de dados abertos (assistencia-a-saude/cnes-estabelecimentos), competência dezembro de 2021; população: IBGE, SIDRA, tabela 6579, variável 9324, município 1400100, 2021 (população residente estimada, referência 1º de julho de 2021)",1.0,2026-10-09T14:15:59Z,1cb7f82d0fffde4648aea67aff08b8e0eac0328a015b615acb6ca9df134211d0,2,436591,sau.rede.ubs_publicas (publicas),ctx.populacao.residente,,,sim,
sau.rede.ubs_publicas_por_10mil,UBS e postos de saúde públicos ativos por 10 mil habitantes,1400100,Boa Vista,RR,competência de dezembro,2022,publicas,0.072554,estabelecimentos por 10 mil habitantes,,Município da capital. Natureza jurídica pública. Tipos de unidade 01 e 02.,OBSERVADO,sim,,,"Estabelecimentos de tipo 01 (posto de saúde) e 02 (centro de saúde/unidade básica), ativos no CNES e de natureza jurídica pública, localizados na capital. O cadastro não comprova funcionamento, acesso nem vaga disponível, e um estabelecimento situado na capital pode não ser municipal: a gestão (municipal, estadual ou dupla) e a natureza jurídica são campos distintos do local. A série de dezembro só acompanha os estabelecimentos que hoje têm tipo 01 ou 02: um estabelecimento que era unidade básica no ano e foi reclassificado ou renumerado não entra, e a contagem dos anos anteriores pode ficar abaixo da registrada na época.",sim,,cnes_historico_estabelecimentos+ibge_populacao,"CNES, API de dados abertos (assistencia-a-saude/cnes-estabelecimentos), competência dezembro de 2022; população: IBGE, SIDRA, tabela 4714, variável 93, município 1400100, 2022 (população residente no Censo 2022, referência 31 de julho de 2022)",1.0,2026-10-09T14:15:59Z,1cb7f82d0fffde4648aea67aff08b8e0eac0328a015b615acb6ca9df134211d0,3,413486,sau.rede.ubs_publicas (publicas),ctx.populacao.residente,,,nao,
sau.rede.ubs_publicas_por_10mil,UBS e postos de saúde públicos ativos por 10 mil habitantes,1400100,Boa Vista,RR,competência de dezembro,2023,publicas,0.048369,estabelecimentos por 10 mil habitantes,,Município da capital. Natureza jurídica pública. Tipos de unidade 01 e 02.,OBSERVADO,sim,,,"Estabelecimentos de tipo 01 (posto de saúde) e 02 (centro de saúde/unidade básica), ativos no CNES e de natureza jurídica pública, localizados na capital. O cadastro não comprova funcionamento, acesso nem vaga disponível, e um estabelecimento situado na capital pode não ser municipal: a gestão (municipal, estadual ou dupla) e a natureza jurídica são campos distintos do local. A série de dezembro só acompanha os estabelecimentos que hoje têm tipo 01 ou 02: um estabelecimento que era unidade básica no ano e foi reclassificado ou renumerado não entra, e a contagem dos anos anteriores pode ficar abaixo da registrada na época.",sim,,cnes_historico_estabelecimentos+ibge_populacao,"CNES, API de dados abertos (assistencia-a-saude/cnes-estabelecimentos), competência dezembro de 2023; população: IBGE, relação da população dos municípios de 2023 (Censo 2022, 2ª apuração), município 1400100, referência 31 de julho de 2022 (malha territorial de 30 de abril de 2023)",1.0,2026-10-09T14:15:59Z,1cb7f82d0fffde4648aea67aff08b8e0eac0328a015b615acb6ca9df134211d0,2,413486,sau.rede.ubs_publicas (publicas),ctx.populacao.residente,,,sim,
sau.rede.ubs_publicas_por_10mil,UBS e postos de saúde públicos ativos por 10 mil habitantes,1400100,Boa Vista,RR,competência de dezembro,2024,publicas,0.042538,estabelecimentos por 10 mil habitantes,,Município da capital. Natureza jurídica pública. Tipos de unidade 01 e 02.,OBSERVADO,sim,,,"Estabelecimentos de tipo 01 (posto de saúde) e 02 (centro de saúde/unidade básica), ativos no CNES e de natureza jurídica pública, localizados na capital. O cadastro não comprova funcionamento, acesso nem vaga disponível, e um estabelecimento situado na capital pode não ser municipal: a gestão (municipal, estadual ou dupla) e a natureza jurídica são campos distintos do local. A série de dezembro só acompanha os estabelecimentos que hoje têm tipo 01 ou 02: um estabelecimento que era unidade básica no ano e foi reclassificado ou renumerado não entra, e a contagem dos anos anteriores pode ficar abaixo da registrada na época.",sim,,cnes_historico_estabelecimentos+ibge_populacao,"CNES, API de dados abertos (assistencia-a-saude/cnes-estabelecimentos), competência dezembro de 2024; população: IBGE, SIDRA, tabela 6579, variável 9324, município 1400100, 2024 (população residente estimada, referência 1º de julho de 2024)",1.0,2026-10-09T14:15:59Z,1cb7f82d0fffde4648aea67aff08b8e0eac0328a015b615acb6ca9df134211d0,2,470169,sau.rede.ubs_publicas (publicas),ctx.populacao.residente,,,nao,
sau.rede.ubs_publicas_por_10mil,UBS e postos de saúde públicos ativos por 10 mil habitantes,1400100,Boa Vista,RR,competência de dezembro,2025,publicas,0.041197,estabelecimentos por 10 mil habitantes,,Município da capital. Natureza jurídica pública. Tipos de unidade 01 e 02.,OBSERVADO,sim,,,"Estabelecimentos de tipo 01 (posto de saúde) e 02 (centro de saúde/unidade básica), ativos no CNES e de natureza jurídica pública, localizados na capital. O cadastro não comprova funcionamento, acesso nem vaga disponível, e um estabelecimento situado na capital pode não ser municipal: a gestão (municipal, estadual ou dupla) e a natureza jurídica são campos distintos do local. A série de dezembro só acompanha os estabelecimentos que hoje têm tipo 01 ou 02: um estabelecimento que era unidade básica no ano e foi reclassificado ou renumerado não entra, e a contagem dos anos anteriores pode ficar abaixo da registrada na época.",sim,,cnes_historico_estabelecimentos+ibge_populacao,"CNES, API de dados abertos (assistencia-a-saude/cnes-estabelecimentos), competência dezembro de 2025; população: IBGE, SIDRA, tabela 6579, variável 9324, município 1400100, 2025 (população residente estimada, referência 1º de julho de 2025)",1.0,2026-10-09T14:15:59Z,1cb7f82d0fffde4648aea67aff08b8e0eac0328a015b615acb6ca9df134211d0,2,485477,sau.rede.ubs_publicas (publicas),ctx.populacao.residente,,,nao,
sau.rede.ubs_publicas_por_10mil,UBS e postos de saúde públicos ativos por 10 mil habitantes,4205407,Florianópolis,SC,competência de dezembro,2021,publicas,0.522725,estabelecimentos por 10 mil habitantes,,Município da capital. Natureza jurídica pública. Tipos de unidade 01 e 02.,OBSERVADO,sim,,,"Estabelecimentos de tipo 01 (posto de saúde) e 02 (centro de saúde/unidade básica), ativos no CNES e de natureza jurídica pública, localizados na capital. O cadastro não comprova funcionamento, acesso nem vaga disponível, e um estabelecimento situado na capital pode não ser municipal: a gestão (municipal, estadual ou dupla) e a natureza jurídica são campos distintos do local. A série de dezembro só acompanha os estabelecimentos que hoje têm tipo 01 ou 02: um estabelecimento que era unidade básica no ano e foi reclassificado ou renumerado não entra, e a contagem dos anos anteriores pode ficar abaixo da registrada na época.",sim,,cnes_historico_estabelecimentos+ibge_populacao,"CNES, API de dados abertos (assistencia-a-saude/cnes-estabelecimentos), competência dezembro de 2021; população: IBGE, SIDRA, tabela 6579, variável 9324, município 4205407, 2021 (população residente estimada, referência 1º de julho de 2021)",1.0,2026-10-09T14:15:59Z,1cb7f82d0fffde4648aea67aff08b8e0eac0328a015b615acb6ca9df134211d0,27,516524,sau.rede.ubs_publicas (publicas),ctx.populacao.residente,,,sim,
sau.rede.ubs_publicas_por_10mil,UBS e postos de saúde públicos ativos por 10 mil habitantes,4205407,Florianópolis,SC,competência de dezembro,2022,publicas,0.502596,estabelecimentos por 10 mil habitantes,,Município da capital. Natureza jurídica pública. Tipos de unidade 01 e 02.,OBSERVADO,sim,,,"Estabelecimentos de tipo 01 (posto de saúde) e 02 (centro de saúde/unidade básica), ativos no CNES e de natureza jurídica pública, localizados na capital. O cadastro não comprova funcionamento, acesso nem vaga disponível, e um estabelecimento situado na capital pode não ser municipal: a gestão (municipal, estadual ou dupla) e a natureza jurídica são campos distintos do local. A série de dezembro só acompanha os estabelecimentos que hoje têm tipo 01 ou 02: um estabelecimento que era unidade básica no ano e foi reclassificado ou renumerado não entra, e a contagem dos anos anteriores pode ficar abaixo da registrada na época.",sim,,cnes_historico_estabelecimentos+ibge_populacao,"CNES, API de dados abertos (assistencia-a-saude/cnes-estabelecimentos), competência dezembro de 2022; população: IBGE, SIDRA, tabela 4714, variável 93, município 4205407, 2022 (população residente no Censo 2022, referência 31 de julho de 2022)",1.0,2026-10-09T14:15:59Z,1cb7f82d0fffde4648aea67aff08b8e0eac0328a015b615acb6ca9df134211d0,27,537211,sau.rede.ubs_publicas (publicas),ctx.populacao.residente,,,nao,
sau.rede.ubs_publicas_por_10mil,UBS e postos de saúde públicos ativos por 10 mil habitantes,4205407,Florianópolis,SC,competência de dezembro,2023,publicas,0.502596,estabelecimentos por 10 mil habitantes,,Município da capital. Natureza jurídica pública. Tipos de unidade 01 e 02.,OBSERVADO,sim,,,"Estabelecimentos de tipo 01 (posto de saúde) e 02 (centro de saúde/unidade básica), ativos no CNES e de natureza jurídica pública, localizados na capital. O cadastro não comprova funcionamento, acesso nem vaga disponível, e um estabelecimento situado na capital pode não ser municipal: a gestão (municipal, estadual ou dupla) e a natureza jurídica são campos distintos do local. A série de dezembro só acompanha os estabelecimentos que hoje têm tipo 01 ou 02: um estabelecimento que era unidade básica no ano e foi reclassificado ou renumerado não entra, e a contagem dos anos anteriores pode ficar abaixo da registrada na época.",sim,,cnes_historico_estabelecimentos+ibge_populacao,"CNES, API de dados abertos (assistencia-a-saude/cnes-estabelecimentos), competência dezembro de 2023; população: IBGE, relação da população dos municípios de 2023 (Censo 2022, 2ª apuração), município 4205407, referência 31 de julho de 2022 (malha territorial de 30 de abril de 2023)",1.0,2026-10-09T14:15:59Z,1cb7f82d0fffde4648aea67aff08b8e0eac0328a015b615acb6ca9df134211d0,27,537211,sau.rede.ubs_publicas (publicas),ctx.populacao.residente,,,sim,
sau.rede.ubs_publicas_por_10mil,UBS e postos de saúde públicos ativos por 10 mil habitantes,4205407,Florianópolis,SC,competência de dezembro,2024,publicas,0.468456,estabelecimentos por 10 mil habitantes,,Município da capital. Natureza jurídica pública. Tipos de unidade 01 e 02.,OBSERVADO,sim,,,"Estabelecimentos de tipo 01 (posto de saúde) e 02 (centro de saúde/unidade básica), ativos no CNES e de natureza jurídica pública, localizados na capital. O cadastro não comprova funcionamento, acesso nem vaga disponível, e um estabelecimento situado na capital pode não ser municipal: a gestão (municipal, estadual ou dupla) e a natureza jurídica são campos distintos do local. A série de dezembro só acompanha os estabelecimentos que hoje têm tipo 01 ou 02: um estabelecimento que era unidade básica no ano e foi reclassificado ou renumerado não entra, e a contagem dos anos anteriores pode ficar abaixo da registrada na época.",sim,,cnes_historico_estabelecimentos+ibge_populacao,"CNES, API de dados abertos (assistencia-a-saude/cnes-estabelecimentos), competência dezembro de 2024; população: IBGE, SIDRA, tabela 6579, variável 9324, município 4205407, 2024 (população residente estimada, referência 1º de julho de 2024)",1.0,2026-10-09T14:15:59Z,1cb7f82d0fffde4648aea67aff08b8e0eac0328a015b615acb6ca9df134211d0,27,576361,sau.rede.ubs_publicas (publicas),ctx.populacao.residente,,,nao,
sau.rede.ubs_publicas_por_10mil,UBS e postos de saúde públicos ativos por 10 mil habitantes,4205407,Florianópolis,SC,competência de dezembro,2025,publicas,0.459585,estabelecimentos por 10 mil habitantes,,Município da capital. Natureza jurídica pública. Tipos de unidade 01 e 02.,OBSERVADO,sim,,,"Estabelecimentos de tipo 01 (posto de saúde) e 02 (centro de saúde/unidade básica), ativos no CNES e de natureza jurídica pública, localizados na capital. O cadastro não comprova funcionamento, acesso nem vaga disponível, e um estabelecimento situado na capital pode não ser municipal: a gestão (municipal, estadual ou dupla) e a natureza jurídica são campos distintos do local. A série de dezembro só acompanha os estabelecimentos que hoje têm tipo 01 ou 02: um estabelecimento que era unidade básica no ano e foi reclassificado ou renumerado não entra, e a contagem dos anos anteriores pode ficar abaixo da registrada na época.",sim,,cnes_historico_estabelecimentos+ibge_populacao,"CNES, API de dados abertos (assistencia-a-saude/cnes-estabelecimentos), competência dezembro de 2025; população: IBGE, SIDRA, tabela 6579, variável 9324, município 4205407, 2025 (população residente estimada, referência 1º de julho de 2025)",1.0,2026-10-09T14:15:59Z,1cb7f82d0fffde4648aea67aff08b8e0eac0328a015b615acb6ca9df134211d0,27,587486,sau.rede.ubs_publicas (publicas),ctx.populacao.residente,,,nao,
sau.rede.ubs_publicas_por_10mil,UBS e postos de saúde públicos ativos por 10 mil habitantes,3550308,São Paulo,SP,competência de dezembro,2021,publicas,0.01694,estabelecimentos por 10 mil habitantes,,Município da capital. Natureza jurídica pública. Tipos de unidade 01 e 02.,OBSERVADO,sim,,,"Estabelecimentos de tipo 01 (posto de saúde) e 02 (centro de saúde/unidade básica), ativos no CNES e de natureza jurídica pública, localizados na capital. O cadastro não comprova funcionamento, acesso nem vaga disponível, e um estabelecimento situado na capital pode não ser municipal: a gestão (municipal, estadual ou dupla) e a natureza jurídica são campos distintos do local. A série de dezembro só acompanha os estabelecimentos que hoje têm tipo 01 ou 02: um estabelecimento que era unidade básica no ano e foi reclassificado ou renumerado não entra, e a contagem dos anos anteriores pode ficar abaixo da registrada na época.",sim,,cnes_historico_estabelecimentos+ibge_populacao,"CNES, API de dados abertos (assistencia-a-saude/cnes-estabelecimentos), competência dezembro de 2021; população: IBGE, SIDRA, tabela 6579, variável 9324, município 3550308, 2021 (população residente estimada, referência 1º de julho de 2021)",1.0,2026-10-09T14:15:59Z,1cb7f82d0fffde4648aea67aff08b8e0eac0328a015b615acb6ca9df134211d0,21,12396372,sau.rede.ubs_publicas (publicas),ctx.populacao.residente,,,sim,
sau.rede.ubs_publicas_por_10mil,UBS e postos de saúde públicos ativos por 10 mil habitantes,3550308,São Paulo,SP,competência de dezembro,2022,publicas,0.017464,estabelecimentos por 10 mil habitantes,,Município da capital. Natureza jurídica pública. Tipos de unidade 01 e 02.,OBSERVADO,sim,,,"Estabelecimentos de tipo 01 (posto de saúde) e 02 (centro de saúde/unidade básica), ativos no CNES e de natureza jurídica pública, localizados na capital. O cadastro não comprova funcionamento, acesso nem vaga disponível, e um estabelecimento situado na capital pode não ser municipal: a gestão (municipal, estadual ou dupla) e a natureza jurídica são campos distintos do local. A série de dezembro só acompanha os estabelecimentos que hoje têm tipo 01 ou 02: um estabelecimento que era unidade básica no ano e foi reclassificado ou renumerado não entra, e a contagem dos anos anteriores pode ficar abaixo da registrada na época.",sim,,cnes_historico_estabelecimentos+ibge_populacao,"CNES, API de dados abertos (assistencia-a-saude/cnes-estabelecimentos), competência dezembro de 2022; população: IBGE, SIDRA, tabela 4714, variável 93, município 3550308, 2022 (população residente no Censo 2022, referência 31 de julho de 2022)",1.0,2026-10-09T14:15:59Z,1cb7f82d0fffde4648aea67aff08b8e0eac0328a015b615acb6ca9df134211d0,20,11451999,sau.rede.ubs_publicas (publicas),ctx.populacao.residente,,,nao,
sau.rede.ubs_publicas_por_10mil,UBS e postos de saúde públicos ativos por 10 mil habitantes,3550308,São Paulo,SP,competência de dezembro,2023,publicas,0.018337,estabelecimentos por 10 mil habitantes,,Município da capital. Natureza jurídica pública. Tipos de unidade 01 e 02.,OBSERVADO,sim,,,"Estabelecimentos de tipo 01 (posto de saúde) e 02 (centro de saúde/unidade básica), ativos no CNES e de natureza jurídica pública, localizados na capital. O cadastro não comprova funcionamento, acesso nem vaga disponível, e um estabelecimento situado na capital pode não ser municipal: a gestão (municipal, estadual ou dupla) e a natureza jurídica são campos distintos do local. A série de dezembro só acompanha os estabelecimentos que hoje têm tipo 01 ou 02: um estabelecimento que era unidade básica no ano e foi reclassificado ou renumerado não entra, e a contagem dos anos anteriores pode ficar abaixo da registrada na época.",sim,,cnes_historico_estabelecimentos+ibge_populacao,"CNES, API de dados abertos (assistencia-a-saude/cnes-estabelecimentos), competência dezembro de 2023; população: IBGE, relação da população dos municípios de 2023 (Censo 2022, 2ª apuração), município 3550308, referência 31 de julho de 2022 (malha territorial de 30 de abril de 2023)",1.0,2026-10-09T14:15:59Z,1cb7f82d0fffde4648aea67aff08b8e0eac0328a015b615acb6ca9df134211d0,21,11451999,sau.rede.ubs_publicas (publicas),ctx.populacao.residente,,,sim,
sau.rede.ubs_publicas_por_10mil,UBS e postos de saúde públicos ativos por 10 mil habitantes,3550308,São Paulo,SP,competência de dezembro,2024,publicas,0.018494,estabelecimentos por 10 mil habitantes,,Município da capital. Natureza jurídica pública. Tipos de unidade 01 e 02.,OBSERVADO,sim,,,"Estabelecimentos de tipo 01 (posto de saúde) e 02 (centro de saúde/unidade básica), ativos no CNES e de natureza jurídica pública, localizados na capital. O cadastro não comprova funcionamento, acesso nem vaga disponível, e um estabelecimento situado na capital pode não ser municipal: a gestão (municipal, estadual ou dupla) e a natureza jurídica são campos distintos do local. A série de dezembro só acompanha os estabelecimentos que hoje têm tipo 01 ou 02: um estabelecimento que era unidade básica no ano e foi reclassificado ou renumerado não entra, e a contagem dos anos anteriores pode ficar abaixo da registrada na época.",sim,,cnes_historico_estabelecimentos+ibge_populacao,"CNES, API de dados abertos (assistencia-a-saude/cnes-estabelecimentos), competência dezembro de 2024; população: IBGE, SIDRA, tabela 6579, variável 9324, município 3550308, 2024 (população residente estimada, referência 1º de julho de 2024)",1.0,2026-10-09T14:15:59Z,1cb7f82d0fffde4648aea67aff08b8e0eac0328a015b615acb6ca9df134211d0,22,11895578,sau.rede.ubs_publicas (publicas),ctx.populacao.residente,,,nao,
sau.rede.ubs_publicas_por_10mil,UBS e postos de saúde públicos ativos por 10 mil habitantes,3550308,São Paulo,SP,competência de dezembro,2025,publicas,0.01848,estabelecimentos por 10 mil habitantes,,Município da capital. Natureza jurídica pública. Tipos de unidade 01 e 02.,OBSERVADO,sim,,,"Estabelecimentos de tipo 01 (posto de saúde) e 02 (centro de saúde/unidade básica), ativos no CNES e de natureza jurídica pública, localizados na capital. O cadastro não comprova funcionamento, acesso nem vaga disponível, e um estabelecimento situado na capital pode não ser municipal: a gestão (municipal, estadual ou dupla) e a natureza jurídica são campos distintos do local. A série de dezembro só acompanha os estabelecimentos que hoje têm tipo 01 ou 02: um estabelecimento que era unidade básica no ano e foi reclassificado ou renumerado não entra, e a contagem dos anos anteriores pode ficar abaixo da registrada na época.",sim,,cnes_historico_estabelecimentos+ibge_populacao,"CNES, API de dados abertos (assistencia-a-saude/cnes-estabelecimentos), competência dezembro de 2025; população: IBGE, SIDRA, tabela 6579, variável 9324, município 3550308, 2025 (população residente estimada, referência 1º de julho de 2025)",1.0,2026-10-09T14:15:59Z,1cb7f82d0fffde4648aea67aff08b8e0eac0328a015b615acb6ca9df134211d0,22,11904961,sau.rede.ubs_publicas (publicas),ctx.populacao.residente,,,nao,
sau.rede.ubs_publicas_por_10mil,UBS e postos de saúde públicos ativos por 10 mil habitantes,2800308,Aracaju,SE,competência de dezembro,2021,publicas,0.579827,estabelecimentos por 10 mil habitantes,,Município da capital. Natureza jurídica pública. Tipos de unidade 01 e 02.,OBSERVADO,sim,,,"Estabelecimentos de tipo 01 (posto de saúde) e 02 (centro de saúde/unidade básica), ativos no CNES e de natureza jurídica pública, localizados na capital. O cadastro não comprova funcionamento, acesso nem vaga disponível, e um estabelecimento situado na capital pode não ser municipal: a gestão (municipal, estadual ou dupla) e a natureza jurídica são campos distintos do local. A série de dezembro só acompanha os estabelecimentos que hoje têm tipo 01 ou 02: um estabelecimento que era unidade básica no ano e foi reclassificado ou renumerado não entra, e a contagem dos anos anteriores pode ficar abaixo da registrada na época.",sim,,cnes_historico_estabelecimentos+ibge_populacao,"CNES, API de dados abertos (assistencia-a-saude/cnes-estabelecimentos), competência dezembro de 2021; população: IBGE, SIDRA, tabela 6579, variável 9324, município 2800308, 2021 (população residente estimada, referência 1º de julho de 2021)",1.0,2026-10-09T14:15:59Z,1cb7f82d0fffde4648aea67aff08b8e0eac0328a015b615acb6ca9df134211d0,39,672614,sau.rede.ubs_publicas (publicas),ctx.populacao.residente,,,sim,
sau.rede.ubs_publicas_por_10mil,UBS e postos de saúde públicos ativos por 10 mil habitantes,2800308,Aracaju,SE,competência de dezembro,2022,publicas,0.647027,estabelecimentos por 10 mil habitantes,,Município da capital. Natureza jurídica pública. Tipos de unidade 01 e 02.,OBSERVADO,sim,,,"Estabelecimentos de tipo 01 (posto de saúde) e 02 (centro de saúde/unidade básica), ativos no CNES e de natureza jurídica pública, localizados na capital. O cadastro não comprova funcionamento, acesso nem vaga disponível, e um estabelecimento situado na capital pode não ser municipal: a gestão (municipal, estadual ou dupla) e a natureza jurídica são campos distintos do local. A série de dezembro só acompanha os estabelecimentos que hoje têm tipo 01 ou 02: um estabelecimento que era unidade básica no ano e foi reclassificado ou renumerado não entra, e a contagem dos anos anteriores pode ficar abaixo da registrada na época.",sim,,cnes_historico_estabelecimentos+ibge_populacao,"CNES, API de dados abertos (assistencia-a-saude/cnes-estabelecimentos), competência dezembro de 2022; população: IBGE, SIDRA, tabela 4714, variável 93, município 2800308, 2022 (população residente no Censo 2022, referência 31 de julho de 2022)",1.0,2026-10-09T14:15:59Z,1cb7f82d0fffde4648aea67aff08b8e0eac0328a015b615acb6ca9df134211d0,39,602757,sau.rede.ubs_publicas (publicas),ctx.populacao.residente,,,nao,
sau.rede.ubs_publicas_por_10mil,UBS e postos de saúde públicos ativos por 10 mil habitantes,2800308,Aracaju,SE,competência de dezembro,2023,publicas,0.647027,estabelecimentos por 10 mil habitantes,,Município da capital. Natureza jurídica pública. Tipos de unidade 01 e 02.,OBSERVADO,sim,,,"Estabelecimentos de tipo 01 (posto de saúde) e 02 (centro de saúde/unidade básica), ativos no CNES e de natureza jurídica pública, localizados na capital. O cadastro não comprova funcionamento, acesso nem vaga disponível, e um estabelecimento situado na capital pode não ser municipal: a gestão (municipal, estadual ou dupla) e a natureza jurídica são campos distintos do local. A série de dezembro só acompanha os estabelecimentos que hoje têm tipo 01 ou 02: um estabelecimento que era unidade básica no ano e foi reclassificado ou renumerado não entra, e a contagem dos anos anteriores pode ficar abaixo da registrada na época.",sim,,cnes_historico_estabelecimentos+ibge_populacao,"CNES, API de dados abertos (assistencia-a-saude/cnes-estabelecimentos), competência dezembro de 2023; população: IBGE, relação da população dos municípios de 2023 (Censo 2022, 2ª apuração), município 2800308, referência 31 de julho de 2022 (malha territorial de 30 de abril de 2023)",1.0,2026-10-09T14:15:59Z,1cb7f82d0fffde4648aea67aff08b8e0eac0328a015b615acb6ca9df134211d0,39,602757,sau.rede.ubs_publicas (publicas),ctx.populacao.residente,,,sim,
sau.rede.ubs_publicas_por_10mil,UBS e postos de saúde públicos ativos por 10 mil habitantes,2800308,Aracaju,SE,competência de dezembro,2024,publicas,0.620181,estabelecimentos por 10 mil habitantes,,Município da capital. Natureza jurídica pública. Tipos de unidade 01 e 02.,OBSERVADO,sim,,,"Estabelecimentos de tipo 01 (posto de saúde) e 02 (centro de saúde/unidade básica), ativos no CNES e de natureza jurídica pública, localizados na capital. O cadastro não comprova funcionamento, acesso nem vaga disponível, e um estabelecimento situado na capital pode não ser municipal: a gestão (municipal, estadual ou dupla) e a natureza jurídica são campos distintos do local. A série de dezembro só acompanha os estabelecimentos que hoje têm tipo 01 ou 02: um estabelecimento que era unidade básica no ano e foi reclassificado ou renumerado não entra, e a contagem dos anos anteriores pode ficar abaixo da registrada na época.",sim,,cnes_historico_estabelecimentos+ibge_populacao,"CNES, API de dados abertos (assistencia-a-saude/cnes-estabelecimentos), competência dezembro de 2024; população: IBGE, SIDRA, tabela 6579, variável 9324, município 2800308, 2024 (população residente estimada, referência 1º de julho de 2024)",1.0,2026-10-09T14:15:59Z,1cb7f82d0fffde4648aea67aff08b8e0eac0328a015b615acb6ca9df134211d0,39,628849,sau.rede.ubs_publicas (publicas),ctx.populacao.residente,,,nao,
sau.rede.ubs_publicas_por_10mil,UBS e postos de saúde públicos ativos por 10 mil habitantes,2800308,Aracaju,SE,competência de dezembro,2025,publicas,0.627607,estabelecimentos por 10 mil habitantes,,Município da capital. Natureza jurídica pública. Tipos de unidade 01 e 02.,OBSERVADO,sim,,,"Estabelecimentos de tipo 01 (posto de saúde) e 02 (centro de saúde/unidade básica), ativos no CNES e de natureza jurídica pública, localizados na capital. O cadastro não comprova funcionamento, acesso nem vaga disponível, e um estabelecimento situado na capital pode não ser municipal: a gestão (municipal, estadual ou dupla) e a natureza jurídica são campos distintos do local. A série de dezembro só acompanha os estabelecimentos que hoje têm tipo 01 ou 02: um estabelecimento que era unidade básica no ano e foi reclassificado ou renumerado não entra, e a contagem dos anos anteriores pode ficar abaixo da registrada na época.",sim,,cnes_historico_estabelecimentos+ibge_populacao,"CNES, API de dados abertos (assistencia-a-saude/cnes-estabelecimentos), competência dezembro de 2025; população: IBGE, SIDRA, tabela 6579, variável 9324, município 2800308, 2025 (população residente estimada, referência 1º de julho de 2025)",1.0,2026-10-09T14:15:59Z,1cb7f82d0fffde4648aea67aff08b8e0eac0328a015b615acb6ca9df134211d0,39,621408,sau.rede.ubs_publicas (publicas),ctx.populacao.residente,,,nao,
