rotulo,recalculado,gold,diferenca,resultado
despesa nominal Aracaju 2021,232207750.6,232207750.6,0.0,confere
despesa real2025 Aracaju 2021,290901856.4364855,290901856.44,-0.0035144686698913574,confere
populacao Aracaju 2021,672614,672614,0,confere
desp/hab nominal Aracaju 2021,345.23181289714455,345.231813,-1.0285543794452678e-07,confere
desp/hab real Aracaju 2021,432.4945012094389,432.494501,2.094388946716208e-07,confere
despesa nominal Aracaju 2022,345521690.25,345521690.25,0.0,confere
despesa real2025 Aracaju 2022,396099221.5715967,396099221.57,0.001596689224243164,confere
populacao Aracaju 2022,602757,602757,0,confere
desp/hab nominal Aracaju 2022,573.2354667801452,573.235467,-2.1985476905683754e-07,confere
desp/hab real Aracaju 2022,657.1457844066459,657.145784,4.0664588141225977e-07,confere
despesa nominal Aracaju 2023,462463887.43,462463887.43,0.0,confere
despesa real2025 Aracaju 2023,506875782.5116665,506875782.52,-0.00833350419998169,confere
populacao Aracaju 2023,602757,602757,0,confere
desp/hab nominal Aracaju 2023,767.2476427980098,767.247643,-2.0199024675093824e-07,confere
desp/hab real Aracaju 2023,840.9289025455805,840.928903,-4.54419478046475e-07,confere
despesa nominal Aracaju 2024,543493946.5,543493946.5,0.0,confere
despesa real2025 Aracaju 2024,570759694.2573924,570759694.28,-0.02260756492614746,DIVERGE
populacao Aracaju 2024,628849,628849,0,confere
desp/hab nominal Aracaju 2024,864.2678075340821,864.267808,-4.6591787850047695e-07,confere
desp/hab real Aracaju 2024,907.6259869338942,907.625987,-6.610582659050124e-08,confere
despesa nominal Aracaju 2025,566422643.48,566422643.48,0.0,confere
despesa real2025 Aracaju 2025,566422643.48,566422643.48,0.0,confere
populacao Aracaju 2025,621408,621408,0,confere
desp/hab nominal Aracaju 2025,911.5148879319224,911.514888,-6.807761110394495e-08,confere
desp/hab real Aracaju 2025,911.5148879319224,911.514888,-6.807761110394495e-08,confere
despesa nominal Belém 2021,519663433.55,519663433.55,0.0,confere
despesa real2025 Belém 2021,651016415.9087859,651016415.91,-0.0012140274047851562,confere
populacao Belém 2021,1506420,1506420,0,confere
desp/hab nominal Belém 2021,344.96583525842726,344.965835,2.584272351668915e-07,confere
desp/hab real Belém 2021,432.1612936025716,432.161294,-3.974283799834666e-07,confere
despesa nominal Belém 2022,664950568.07,664950568.07,0.0,confere
despesa real2025 Belém 2022,762286159.8226916,762286159.83,-0.007308483123779297,confere
populacao Belém 2022,1303403,1303403,0,confere
desp/hab nominal Belém 2022,510.1649820278149,510.164982,2.7814905934064882e-08,confere
desp/hab real Belém 2022,584.8430299935566,584.84303,-6.443428901548032e-09,confere
despesa nominal Belém 2023,748602740.26,748602740.26,0.0,confere
despesa real2025 Belém 2023,820493470.0271053,820493470.04,-0.012894630432128906,confere
populacao Belém 2023,1303403,1303403,0,confere
desp/hab nominal Belém 2023,574.3448037636863,574.344804,-2.3631366730114678e-07,confere
desp/hab real Belém 2023,629.5009832163232,629.500983,2.1632320112985326e-07,confere
despesa nominal Belém 2024,862847902.51,862847902.51,0.0,confere
despesa real2025 Belém 2024,906134848.7848153,906134848.82,-0.03518474102020264,DIVERGE
populacao Belém 2024,1398531,1398531,0,confere
desp/hab nominal Belém 2024,616.9673053439644,616.967305,3.4396441606077133e-07,confere
desp/hab real Belém 2024,647.9190298855123,647.91903,-1.1448776149336481e-07,confere
despesa nominal Belém 2025,980844819.25,980844819.25,0.0,confere
despesa real2025 Belém 2025,980844819.25,980844819.25,0.0,confere
populacao Belém 2025,1397315,1397315,0,confere
desp/hab nominal Belém 2025,701.9496815320812,701.949682,-4.679188805312151e-07,confere
desp/hab real Belém 2025,701.9496815320812,701.949682,-4.679188805312151e-07,confere
despesa nominal Belo Horizonte 2021,1789994434.78,1789994434.78,0.0,confere
despesa real2025 Belo Horizonte 2021,2242443254.986165,2242443255.01,-0.023835182189941406,DIVERGE
populacao Belo Horizonte 2021,2530701,2530701,0,confere
desp/hab nominal Belo Horizonte 2021,707.311703271149,707.311703,2.7114901968161575e-07,confere
desp/hab real Belo Horizonte 2021,886.0956924528679,886.095692,4.5286788008525036e-07,confere
despesa nominal Belo Horizonte 2022,2239871804.23,2239871804.23,0.0,confere
despesa real2025 Belo Horizonte 2022,2567744668.7463665,2567744668.76,-0.01363372802734375,confere
populacao Belo Horizonte 2022,2315560,2315560,0,confere
desp/hab nominal Belo Horizonte 2022,967.3132219549483,967.313222,-4.505170636548428e-08,confere
desp/hab real Belo Horizonte 2022,1108.9087170042524,1108.908717,4.252342478139326e-09,confere
despesa nominal Belo Horizonte 2023,2714848623.07,2714848623.07,0.0,confere
despesa real2025 Belo Horizonte 2023,2975564271.3348427,2975564271.37,-0.035157203674316406,DIVERGE
populacao Belo Horizonte 2023,2315560,2315560,0,confere
desp/hab nominal Belo Horizonte 2023,1172.4371741911245,1172.437174,1.911246272356948e-07,confere
desp/hab real Belo Horizonte 2023,1285.0300883306165,1285.030088,3.306165581307141e-07,confere
despesa nominal Belo Horizonte 2024,3243053501.84,3243053501.84,0.0,confere
despesa real2025 Belo Horizonte 2024,3405749479.0709033,3405749479.2,-0.12909650802612305,DIVERGE
populacao Belo Horizonte 2024,2416339,2416339,0,confere
desp/hab nominal Belo Horizonte 2024,1342.1351481890579,1342.135148,1.890578005259158e-07,confere
desp/hab real Belo Horizonte 2024,1409.4667507625807,1409.466751,-2.374192717979895e-07,confere
despesa nominal Belo Horizonte 2025,3592502237.44,3592502237.44,0.0,confere
despesa real2025 Belo Horizonte 2025,3592502237.44,3592502237.44,0.0,confere
populacao Belo Horizonte 2025,2415872,2415872,0,confere
desp/hab nominal Belo Horizonte 2025,1487.0416302850483,1487.04163,2.8504837246146053e-07,confere
desp/hab real Belo Horizonte 2025,1487.0416302850483,1487.04163,2.8504837246146053e-07,confere
despesa nominal Boa Vista 2021,410491568.91,410491568.91,0.0,confere
despesa real2025 Boa Vista 2021,514249671.4209355,514249671.43,-0.00906449556350708,confere
populacao Boa Vista 2021,436591,436591,0,confere
desp/hab nominal Boa Vista 2021,940.21995164811,940.219952,-3.5188998026569607e-07,confere
desp/hab real Boa Vista 2021,1177.8751083300745,1177.875108,3.3007449928845745e-07,confere
despesa nominal Boa Vista 2022,524475864.72,524475864.72,0.0,confere
despesa real2025 Boa Vista 2022,601248742.4403657,601248742.44,0.0003656148910522461,confere
populacao Boa Vista 2022,413486,413486,0,confere
desp/hab nominal Boa Vista 2022,1268.424722288058,1268.424722,2.880581178033026e-07,confere
desp/hab real Boa Vista 2022,1454.0969765369703,1454.096977,-4.630296643881593e-07,confere
despesa nominal Boa Vista 2023,525197652.64,525197652.64,0.0,confere
despesa real2025 Boa Vista 2023,575634073.0398864,575634073.05,-0.01011359691619873,confere
populacao Boa Vista 2023,413486,413486,0,confere
desp/hab nominal Boa Vista 2023,1270.1703386329887,1270.170339,-3.670113528642105e-07,confere
desp/hab real Boa Vista 2023,1392.1488830090652,1392.148883,9.065161066246219e-09,confere
despesa nominal Boa Vista 2024,658077936.34,658077936.34,0.0,confere
despesa real2025 Boa Vista 2024,691092079.6115144,691092079.64,-0.028485536575317383,DIVERGE
populacao Boa Vista 2024,470169,470169,0,confere
desp/hab nominal Boa Vista 2024,1399.6625390870092,1399.662539,8.700931175553706e-08,confere
desp/hab real Boa Vista 2024,1469.8801486518985,1469.880149,-3.4810159377229866e-07,confere
despesa nominal Boa Vista 2025,731974680.77,731974680.77,0.0,confere
despesa real2025 Boa Vista 2025,731974680.77,731974680.77,0.0,confere
populacao Boa Vista 2025,485477,485477,0,confere
desp/hab nominal Boa Vista 2025,1507.7432726370148,1507.743273,-3.629852471931372e-07,confere
desp/hab real Boa Vista 2025,1507.7432726370148,1507.743273,-3.629852471931372e-07,confere
despesa nominal Campo Grande 2021,1030887330.5,1030887330.5,0.0,confere
despesa real2025 Campo Grande 2021,1291460071.614435,1291460071.63,-0.015565156936645508,confere
populacao Campo Grande 2021,916001,916001,0,confere
desp/hab nominal Campo Grande 2021,1125.4216212646056,1125.421621,2.646056600497104e-07,confere
desp/hab real Campo Grande 2021,1409.8893686954873,1409.889369,-3.045126959477784e-07,confere
despesa nominal Campo Grande 2022,981845151.05,981845151.05,0.0,confere
despesa real2025 Campo Grande 2022,1125567832.6687965,1125567832.68,-0.011203527450561523,confere
populacao Campo Grande 2022,898100,898100,0,confere
desp/hab nominal Campo Grande 2022,1093.2470226589467,1093.247023,-3.410532372072339e-07,confere
desp/hab real Campo Grande 2022,1253.2767316209738,1253.276732,-3.7902623262198176e-07,confere
despesa nominal Campo Grande 2023,1020150419.47,1020150419.47,0.0,confere
despesa real2025 Campo Grande 2023,1118118746.5728972,1118118746.59,-0.017102718353271484,confere
populacao Campo Grande 2023,898100,898100,0,confere
desp/hab nominal Campo Grande 2023,1135.8984739672642,1135.898474,-3.273589754826389e-08,confere
desp/hab real Campo Grande 2023,1244.9824591614488,1244.982459,1.614487246115459e-07,confere
despesa nominal Campo Grande 2024,1434005863.38,1434005863.38,0.0,confere
despesa real2025 Campo Grande 2024,1505946392.626614,1505946392.68,-0.05338597297668457,DIVERGE
populacao Campo Grande 2024,954537,954537,0,confere
desp/hab nominal Campo Grande 2024,1502.3051630057296,1502.305163,5.729589247494005e-09,confere
desp/hab real Campo Grande 2024,1577.6720992759988,1577.672099,2.759989001788199e-07,confere
despesa nominal Campo Grande 2025,1626463459.42,1626463459.42,0.0,confere
despesa real2025 Campo Grande 2025,1626463459.42,1626463459.42,0.0,confere
populacao Campo Grande 2025,962883,962883,0,confere
desp/hab nominal Campo Grande 2025,1689.1600115694223,1689.160012,-4.30577756560524e-07,confere
desp/hab real Campo Grande 2025,1689.1600115694223,1689.160012,-4.30577756560524e-07,confere
despesa nominal Cuiabá 2021,443780118.89,443780118.89,0.0,confere
despesa real2025 Cuiabá 2021,555952418.0443324,555952418.05,-0.005667567253112793,confere
populacao Cuiabá 2021,623614,623614,0,confere
desp/hab nominal Cuiabá 2021,711.6262926906708,711.626293,-3.093292662015301e-07,confere
desp/hab real Cuiabá 2021,891.5008611806861,891.500861,1.8068612916977145e-07,confere
despesa nominal Cuiabá 2022,687629550.45,687629550.45,0.0,confere
despesa real2025 Cuiabá 2022,788284895.9953883,788284896.0,-0.0046117305755615234,confere
populacao Cuiabá 2022,650877,650877,0,confere
desp/hab nominal Cuiabá 2022,1056.4661993740754,1056.466199,3.7407539821288083e-07,confere
desp/hab real Cuiabá 2022,1211.1119243657224,1211.111924,3.657223714981228e-07,confere
despesa nominal Cuiabá 2023,734810186.95,734810186.95,0.0,confere
despesa real2025 Cuiabá 2023,805376373.4453785,805376373.45,-0.0046215057373046875,confere
populacao Cuiabá 2023,650877,650877,0,confere
desp/hab nominal Cuiabá 2023,1128.953991230294,1128.953991,2.302938355569495e-07,confere
desp/hab real Cuiabá 2023,1237.3710754034612,1237.371075,4.0346117202716414e-07,confere
despesa nominal Cuiabá 2024,756935589.53,756935589.53,0.0,confere
despesa real2025 Cuiabá 2024,794909176.8820316,794909176.91,-0.027968406677246094,DIVERGE
populacao Cuiabá 2024,682932,682932,0,confere
desp/hab nominal Cuiabá 2024,1108.3615785026914,1108.361579,-4.97308519697981e-07,confere
desp/hab real Cuiabá 2024,1163.965338982551,1163.965339,-1.7449110600864515e-08,confere
despesa nominal Cuiabá 2025,1013625098.13,1013625098.13,0.0,confere
despesa real2025 Cuiabá 2025,1013625098.13,1013625098.13,0.0,confere
populacao Cuiabá 2025,691875,691875,0,confere
desp/hab nominal Cuiabá 2025,1465.0407922384825,1465.040792,2.3848247110436205e-07,confere
desp/hab real Cuiabá 2025,1465.0407922384825,1465.040792,2.3848247110436205e-07,confere
despesa nominal Curitiba 2021,1169863324.18,1169863324.18,0.0,confere
despesa real2025 Curitiba 2021,1465564400.419803,1465564400.43,-0.010197162628173828,confere
populacao Curitiba 2021,1963726,1963726,0,confere
desp/hab nominal Curitiba 2021,595.7365356368455,595.736536,-3.6315452689450467e-07,confere
desp/hab real Curitiba 2021,746.3181729120065,746.318173,-8.799349870969309e-08,confere
despesa nominal Curitiba 2022,1637418152.94,1637418152.94,0.0,confere
despesa real2025 Curitiba 2022,1877103736.374581,1877103736.39,-0.01541900634765625,confere
populacao Curitiba 2022,1773718,1773718,0,confere
desp/hab nominal Curitiba 2022,923.1558528131304,923.155853,-1.8686955627345014e-07,confere
desp/hab real Curitiba 2022,1058.2875836940152,1058.287584,-3.059847131225979e-07,confere
despesa nominal Curitiba 2023,1681717841.98,1681717841.98,0.0,confere
despesa real2025 Curitiba 2023,1843218617.2514257,1843218617.27,-0.018574237823486328,confere
populacao Curitiba 2023,1773718,1773718,0,confere
desp/hab nominal Curitiba 2023,948.131462825545,948.131463,-1.744550672810874e-07,confere
desp/hab real Curitiba 2023,1039.1835778017846,1039.183578,-1.9821527530439198e-07,confere
despesa nominal Curitiba 2024,2064354059.12,2064354059.12,0.0,confere
despesa real2025 Curitiba 2024,2167917599.1012406,2167917599.18,-0.07875919342041016,DIVERGE
populacao Curitiba 2024,1829225,1829225,0,confere
desp/hab nominal Curitiba 2024,1128.5402611051127,1128.540261,1.0511257642065175e-07,confere
desp/hab real Curitiba 2024,1185.1563362086351,1185.156336,2.0863512872892898e-07,confere
despesa nominal Curitiba 2025,2172758525.83,2172758525.83,0.0,confere
despesa real2025 Curitiba 2025,2172758525.83,2172758525.83,0.0,confere
populacao Curitiba 2025,1830795,1830795,0,confere
desp/hab nominal Curitiba 2025,1186.7841707181851,1186.784171,-2.8181489142298233e-07,confere
desp/hab real Curitiba 2025,1186.7841707181851,1186.784171,-2.8181489142298233e-07,confere
despesa nominal Florianópolis 2021,546483659.32,546483659.32,0.0,confere
despesa real2025 Florianópolis 2021,684615869.18448,684615869.19,-0.0055201053619384766,confere
populacao Florianópolis 2021,516524,516524,0,confere
desp/hab nominal Florianópolis 2021,1058.002453554917,1058.002454,-4.4508283281174954e-07,confere
desp/hab real Florianópolis 2021,1325.4289620317352,1325.428962,3.173522600263823e-08,confere
despesa nominal Florianópolis 2022,683151283.72,683151283.72,0.0,confere
despesa real2025 Florianópolis 2022,783151099.7221079,783151099.73,-0.007892131805419922,confere
populacao Florianópolis 2022,537211,537211,0,confere
desp/hab nominal Florianópolis 2022,1271.6628730982798,1271.662873,9.827977009990718e-08,confere
desp/hab real Florianópolis 2022,1457.809128484167,1457.809128,4.841670033783885e-07,confere
despesa nominal Florianópolis 2023,834528666.69,834528666.69,0.0,confere
despesa real2025 Florianópolis 2023,914671139.6377699,914671139.65,-0.0122300386428833,confere
populacao Florianópolis 2023,537211,537211,0,confere
desp/hab nominal Florianópolis 2023,1553.44672147443,1553.446721,4.744299531012075e-07,confere
desp/hab real Florianópolis 2023,1702.6292083329827,1702.629208,3.329826085973764e-07,confere
despesa nominal Florianópolis 2024,849881128.23,849881128.23,0.0,confere
despesa real2025 Florianópolis 2024,892517563.4935662,892517563.53,-0.03643381595611572,DIVERGE
populacao Florianópolis 2024,576361,576361,0,confere
desp/hab nominal Florianópolis 2024,1474.5639073948446,1474.563907,3.948446192225674e-07,confere
desp/hab real Florianópolis 2024,1548.5391334485957,1548.539134,-5.51404355064733e-07,confere
despesa nominal Florianópolis 2025,858963719.14,858963719.14,0.0,confere
despesa real2025 Florianópolis 2025,858963719.14,858963719.14,0.0,confere
populacao Florianópolis 2025,587486,587486,0,confere
desp/hab nominal Florianópolis 2025,1462.100746468852,1462.100746,4.6885202209523413e-07,confere
desp/hab real Florianópolis 2025,1462.100746468852,1462.100746,4.6885202209523413e-07,confere
despesa nominal Fortaleza 2021,1771146425.03,1771146425.03,0.0,confere
despesa real2025 Fortaleza 2021,2218831118.8182693,2218831118.84,-0.021730899810791016,DIVERGE
populacao Fortaleza 2021,2703391,2703391,0,confere
desp/hab nominal Fortaleza 2021,655.1573283442906,655.157328,3.4429058359819464e-07,confere
desp/hab real Fortaleza 2021,820.7584913977554,820.758491,3.9775534332875395e-07,confere
despesa nominal Fortaleza 2022,2285947921.06,2285947921.06,0.0,confere
despesa real2025 Fortaleza 2022,2620565416.399574,2620565416.42,-0.020426273345947266,DIVERGE
populacao Fortaleza 2022,2428708,2428708,0,confere
desp/hab nominal Fortaleza 2022,941.2197436085359,941.219744,-3.9146414110291516e-07,confere
desp/hab real Fortaleza 2022,1078.9956702903658,1078.99567,2.9036573323537596e-07,confere
despesa nominal Fortaleza 2023,2600768542.07,2600768542.07,0.0,confere
despesa real2025 Fortaleza 2023,2850528713.105181,2850528713.14,-0.03481864929199219,DIVERGE
populacao Fortaleza 2023,2428708,2428708,0,confere
desp/hab nominal Fortaleza 2023,1070.8444745395495,1070.844475,-4.604505647876067e-07,confere
desp/hab real Fortaleza 2023,1173.6811148582626,1173.681115,-1.4173747331369668e-07,confere
despesa nominal Fortaleza 2024,2890081152.04,2890081152.04,0.0,confere
despesa real2025 Fortaleza 2024,3035069379.043034,3035069379.16,-0.11696577072143555,DIVERGE
populacao Fortaleza 2024,2574412,2574412,0,confere
desp/hab nominal Fortaleza 2024,1122.6179617093146,1122.617962,-2.9068542062304914e-07,confere
desp/hab real Fortaleza 2024,1178.936929692308,1178.93693,-3.076920620515011e-07,confere
despesa nominal Fortaleza 2025,3064259154.43,3064259154.43,0.0,confere
despesa real2025 Fortaleza 2025,3064259154.43,3064259154.43,0.0,confere
populacao Fortaleza 2025,2578483,2578483,0,confere
desp/hab nominal Fortaleza 2025,1188.3961051633848,1188.396105,1.6338481145794503e-07,confere
desp/hab real Fortaleza 2025,1188.3961051633848,1188.396105,1.6338481145794503e-07,confere
despesa nominal Goiânia 2021,1146634214.95,1146634214.95,0.0,confere
despesa real2025 Goiânia 2021,1436463774.0155914,1436463774.03,-0.014408588409423828,confere
populacao Goiânia 2021,1555626,1555626,0,confere
desp/hab nominal Goiânia 2021,737.0886157405444,737.088616,-2.594556463009212e-07,confere
desp/hab real Goiânia 2021,923.3991807899787,923.399181,-2.1002131234126864e-07,confere
despesa nominal Goiânia 2022,1448718358.8,1448718358.8,0.0,confere
despesa real2025 Goiânia 2022,1660782030.1584125,1660782030.17,-0.01158761978149414,confere
populacao Goiânia 2022,1437366,1437366,0,confere
desp/hab nominal Goiânia 2022,1007.8980293119497,1007.898029,3.1194974781101337e-07,confere
desp/hab real Goiânia 2022,1155.434336250066,1155.434336,2.500660229998175e-07,confere
despesa nominal Goiânia 2023,1586223760.58,1586223760.58,0.0,confere
despesa real2025 Goiânia 2023,1738553931.9635732,1738553931.98,-0.016426801681518555,confere
populacao Goiânia 2023,1437366,1437366,0,confere
desp/hab nominal Goiânia 2023,1103.5628786126845,1103.562879,-3.873155947076157e-07,confere
desp/hab real Goiânia 2023,1209.541572545596,1209.541573,-4.5440401663654484e-07,confere
despesa nominal Goiânia 2024,1800683692,1800683692.0,0.0,confere
despesa real2025 Goiânia 2024,1891019541.4663973,1891019541.54,-0.07360267639160156,DIVERGE
populacao Goiânia 2024,1494599,1494599,0,confere
desp/hab nominal Goiânia 2024,1204.7938557432462,1204.793856,-2.567537649156293e-07,confere
desp/hab real Goiânia 2024,1265.2353851878647,1265.235385,1.8786477085086517e-07,confere
despesa nominal Goiânia 2025,1903975496.37,1903975496.37,0.0,confere
despesa real2025 Goiânia 2025,1903975496.37,1903975496.37,0.0,confere
populacao Goiânia 2025,1503256,1503256,0,confere
desp/hab nominal Goiânia 2025,1266.5677012897336,1266.567701,2.8973363441764377e-07,confere
desp/hab real Goiânia 2025,1266.5677012897336,1266.567701,2.8973363441764377e-07,confere
despesa nominal João Pessoa 2021,395251157.23,395251157.23,0.0,confere
despesa real2025 João Pessoa 2021,495157009.6165267,495157009.62,-0.0034732818603515625,confere
populacao João Pessoa 2021,825796,825796,0,confere
desp/hab nominal João Pessoa 2021,478.6305058755431,478.630506,-1.2445690344975446e-07,confere
desp/hab real João Pessoa 2021,599.6117801691056,599.61178,1.6910564681893447e-07,confere
despesa nominal João Pessoa 2022,558780976.51,558780976.51,0.0,confere
despesa real2025 João Pessoa 2022,640575443.0770577,640575443.08,-0.002942323684692383,confere
populacao João Pessoa 2022,833932,833932,0,confere
desp/hab nominal João Pessoa 2022,670.0558037226057,670.055804,-2.77394292425015e-07,confere
desp/hab real João Pessoa 2022,768.1387008497787,768.138701,-1.5022123989183456e-07,confere
despesa nominal João Pessoa 2023,678990570.85,678990570.85,0.0,confere
despesa real2025 João Pessoa 2023,744196220.0123801,744196220.02,-0.0076198577880859375,confere
populacao João Pessoa 2023,833932,833932,0,confere
desp/hab nominal João Pessoa 2023,814.2037610380703,814.203761,3.807031134783756e-08,confere
desp/hab real João Pessoa 2023,892.3943679009561,892.394368,-9.904385933623416e-08,confere
despesa nominal João Pessoa 2024,793656328.52,793656328.52,0.0,confere
despesa real2025 João Pessoa 2024,833472104.572042,833472104.6,-0.027958035469055176,DIVERGE
populacao João Pessoa 2024,888679,888679,0,confere
desp/hab nominal João Pessoa 2024,893.0742467415118,893.074247,-2.5848817131191026e-07,confere
desp/hab real João Pessoa 2024,937.8775739857047,937.877574,-1.4295324035629164e-08,confere
despesa nominal João Pessoa 2025,886110574.26,886110574.26,0.0,confere
despesa real2025 João Pessoa 2025,886110574.26,886110574.26,0.0,confere
populacao João Pessoa 2025,897633,897633,0,confere
desp/hab nominal João Pessoa 2025,987.1635448563054,987.163545,-1.436945922250743e-07,confere
desp/hab real João Pessoa 2025,987.1635448563054,987.163545,-1.436945922250743e-07,confere
despesa nominal Macapá 2021,246697463.63,246697463.63,0.0,confere
despesa real2025 Macapá 2021,309054068.87886786,309054068.88,-0.0011321306228637695,confere
populacao Macapá 2021,522357,522357,0,confere
desp/hab nominal Macapá 2021,472.27751064884745,472.277511,-3.511525505928148e-07,confere
desp/hab real Macapá 2021,591.6529669916702,591.652967,-8.329834599862806e-09,confere
despesa nominal Macapá 2022,377168373.65,377168373.65,0.0,confere
despesa real2025 Macapá 2022,432378352.5604298,432378352.56,0.0004298090934753418,confere
populacao Macapá 2022,442933,442933,0,confere
desp/hab nominal Macapá 2022,851.5246632109145,851.524663,2.1091443613840966e-07,confere
desp/hab real Macapá 2022,976.1710068123843,976.171007,-1.876156829894171e-07,confere
despesa nominal Macapá 2023,406558568.27,406558568.27,0.0,confere
despesa real2025 Macapá 2023,445601695.6780677,445601695.68,-0.0019323229789733887,confere
populacao Macapá 2023,442933,442933,0,confere
desp/hab nominal Macapá 2023,917.8782530766504,917.878253,7.665039447601885e-08,confere
desp/hab real Macapá 2023,1006.0250549813802,1006.025055,-1.8619743968883995e-08,confere
despesa nominal Macapá 2024,468206157.49,468206157.49,0.0,confere
despesa real2025 Macapá 2024,491694902.9871503,491694903.01,-0.022849678993225098,DIVERGE
populacao Macapá 2024,487200,487200,0,confere
desp/hab nominal Macapá 2024,961.0142805623974,961.014281,-4.3760257995018037e-07,confere
desp/hab real Macapá 2024,1009.2259913529358,1009.225991,3.529357854858972e-07,confere
despesa nominal Macapá 2025,494077144.73,494077144.73,0.0,confere
despesa real2025 Macapá 2025,494077144.73,494077144.73,0.0,confere
populacao Macapá 2025,489676,489676,0,confere
desp/hab nominal Macapá 2025,1008.9878710208383,1008.987871,2.083822892018361e-08,confere
desp/hab real Macapá 2025,1008.9878710208383,1008.987871,2.083822892018361e-08,confere
despesa nominal Maceió 2021,386710842.07,386710842.07,0.0,confere
despesa real2025 Maceió 2021,484457997.51130086,484457997.52,-0.008699119091033936,confere
populacao Maceió 2021,1031597,1031597,0,confere
desp/hab nominal Maceió 2021,374.8661949094462,374.866195,-9.055378313860274e-08,confere
desp/hab real Maceió 2021,469.6194323086446,469.619432,3.086445872213517e-07,confere
despesa nominal Maceió 2022,728303509.02,728303509.02,0.0,confere
despesa real2025 Maceió 2022,834912716.4258666,834912716.43,-0.004133343696594238,confere
populacao Maceió 2022,957916,957916,0,confere
desp/hab nominal Maceió 2022,760.2999730874105,760.299973,8.741051260585664e-08,confere
desp/hab real Maceió 2022,871.5928290433259,871.592829,4.3325826482032426e-08,confere
despesa nominal Maceió 2023,620841878.14,620841878.14,0.0,confere
despesa real2025 Maceió 2023,680463321.2487485,680463321.26,-0.011251449584960938,confere
populacao Maceió 2023,957916,957916,0,confere
desp/hab nominal Maceió 2023,648.1172442468859,648.117244,2.4688586108823074e-07,confere
desp/hab real Maceió 2023,710.3580285210274,710.358029,-4.789725380760501e-07,confere
despesa nominal Maceió 2024,706469728.81,706469728.81,0.0,confere
despesa real2025 Maceió 2024,741911568.6833111,741911568.71,-0.02668893337249756,DIVERGE
populacao Maceió 2024,994464,994464,0,confere
desp/hab nominal Maceió 2024,710.4025171449142,710.402517,1.449142246201518e-07,confere
desp/hab real Maceió 2024,746.0416552869798,746.041655,2.8697979814751307e-07,confere
despesa nominal Maceió 2025,775950701.15,775950701.15,0.0,confere
despesa real2025 Maceió 2025,775950701.15,775950701.15,0.0,confere
populacao Maceió 2025,994952,994952,0,confere
desp/hab nominal Maceió 2025,779.887573621642,779.887574,-3.783579813898541e-07,confere
desp/hab real Maceió 2025,779.887573621642,779.887574,-3.783579813898541e-07,confere
despesa nominal Manaus 2021,1559827364.32,1559827364.32,0.0,confere
despesa real2025 Manaus 2021,1954097892.204974,1954097892.22,-0.015026092529296875,confere
populacao Manaus 2021,2255903,2255903,0,confere
desp/hab nominal Manaus 2021,691.4425683728423,691.442568,3.7284223708411446e-07,confere
desp/hab real Manaus 2021,866.2153878978723,866.215388,-1.02127614809433e-07,confere
despesa nominal Manaus 2022,1946164557.45,1946164557.45,0.0,confere
despesa real2025 Manaus 2022,2231044498.8226786,2231044498.84,-0.01732158660888672,confere
populacao Manaus 2022,2063689,2063689,0,confere
desp/hab nominal Manaus 2022,943.0512821699394,943.051282,1.699394260867848e-07,confere
desp/hab real Manaus 2022,1081.095309817845,1081.09531,-1.8215496311313473e-07,confere
despesa nominal Manaus 2023,2152038240.65,2152038240.65,0.0,confere
despesa real2025 Manaus 2023,2358705397.055696,2358705397.08,-0.024303913116455078,DIVERGE
populacao Manaus 2023,2063689,2063689,0,confere
desp/hab nominal Manaus 2023,1042.8113153919994,1042.811315,3.9199949242174625e-07,confere
desp/hab real Manaus 2023,1142.955841241435,1142.955841,2.4143514565366786e-07,confere
despesa nominal Manaus 2024,2697208912.32,2697208912.32,0.0,confere
despesa real2025 Manaus 2024,2832521215.84408,2832521215.95,-0.10591983795166016,DIVERGE
populacao Manaus 2024,2279686,2279686,0,confere
desp/hab nominal Manaus 2024,1183.1493075449866,1183.149308,-4.550133780867327e-07,confere
desp/hab real Manaus 2024,1242.5049835126767,1242.504984,-4.87323177367216e-07,confere
despesa nominal Manaus 2025,2854797327.2,2854797327.2,0.0,confere
despesa real2025 Manaus 2025,2854797327.2,2854797327.2,0.0,confere
populacao Manaus 2025,2303732,2303732,0,confere
desp/hab nominal Manaus 2025,1239.2054836239631,1239.205484,-3.760369509109296e-07,confere
desp/hab real Manaus 2025,1239.2054836239631,1239.205484,-3.760369509109296e-07,confere
despesa nominal Natal 2021,407354585.81,407354585.81,0.0,confere
despesa real2025 Natal 2021,510319767.2508897,510319767.26,-0.00911027193069458,confere
populacao Natal 2021,896708,896708,0,confere
desp/hab nominal Natal 2021,454.27785389446734,454.277854,-1.0553264928603312e-07,confere
desp/hab real Natal 2021,569.1036181799311,569.103618,1.799311348804622e-07,confere
despesa nominal Natal 2022,475019173.72,475019173.72,0.0,confere
despesa real2025 Natal 2022,544552571.521449,544552571.53,-0.00855100154876709,confere
populacao Natal 2022,751300,751300,0,confere
desp/hab nominal Natal 2022,632.2629758019433,632.262976,-1.9805668216577033e-07,confere
desp/hab real Natal 2022,724.8137515259536,724.813752,-4.7404637371073477e-07,confere
despesa nominal Natal 2023,536291384.67,536291384.67,0.0,confere
despesa real2025 Natal 2023,587793171.850671,587793171.86,-0.009328961372375488,confere
populacao Natal 2023,751300,751300,0,confere
desp/hab nominal Natal 2023,713.8178952083056,713.817895,2.08305550586374e-07,confere
desp/hab real Natal 2023,782.3681243852935,782.368124,3.85293560611899e-07,confere
despesa nominal Natal 2024,641000293.12,641000293.12,0.0,confere
despesa real2025 Natal 2024,673157693.2477759,673157693.27,-0.022224068641662598,DIVERGE
populacao Natal 2024,785368,785368,0,confere
desp/hab nominal Natal 2024,816.1782669016309,816.178267,-9.836912795435637e-08,confere
desp/hab real Natal 2024,857.1239129271576,857.123913,-7.284245384653332e-08,confere
despesa nominal Natal 2025,654608833.36,654608833.36,0.0,confere
despesa real2025 Natal 2025,654608833.36,654608833.36,0.0,confere
populacao Natal 2025,784249,784249,0,confere
desp/hab nominal Natal 2025,834.6951457509031,834.695146,-2.4909695639507845e-07,confere
desp/hab real Natal 2025,834.6951457509031,834.695146,-2.4909695639507845e-07,confere
despesa nominal Palmas 2021,368392851.11,368392851.11,0.0,confere
despesa real2025 Palmas 2021,461509850.59251,461509850.6,-0.007490038871765137,confere
populacao Palmas 2021,313349,313349,0,confere
desp/hab nominal Palmas 2021,1175.6630820905764,1175.663082,9.057634997589048e-08,confere
desp/hab real Palmas 2021,1472.830136979885,1472.830137,-2.0114839571760967e-08,confere
despesa nominal Palmas 2022,490694498.55,490694498.55,0.0,confere
despesa real2025 Palmas 2022,562522453.4080317,562522453.41,-0.0019682645797729492,confere
populacao Palmas 2022,302692,302692,0,confere
desp/hab nominal Palmas 2022,1621.101643089345,1621.101643,8.934512152336538e-08,confere
desp/hab real Palmas 2022,1858.3988126809816,1858.398813,-3.190184543200303e-07,confere
despesa nominal Palmas 2023,539202711.54,539202711.54,0.0,confere
despesa real2025 Palmas 2023,590984082.8071549,590984082.81,-0.0028450489044189453,confere
populacao Palmas 2023,302692,302692,0,confere
desp/hab nominal Palmas 2023,1781.3576557689003,1781.357656,-2.310996478627203e-07,confere
desp/hab real Palmas 2023,1952.4271629483267,1952.427163,-5.1673396228579804e-08,confere
despesa nominal Palmas 2024,611175059.22,611175059.22,0.0,confere
despesa real2025 Palmas 2024,641836201.0921698,641836201.12,-0.02783024311065674,DIVERGE
populacao Palmas 2024,323625,323625,0,confere
desp/hab nominal Palmas 2024,1888.5285723290847,1888.528572,3.2908474167925306e-07,confere
desp/hab real Palmas 2024,1983.2713822855767,1983.271382,2.855767888831906e-07,confere
despesa nominal Palmas 2025,644229369.37,644229369.37,0.0,confere
despesa real2025 Palmas 2025,644229369.37,644229369.37,0.0,confere
populacao Palmas 2025,328499,328499,0,confere
desp/hab nominal Palmas 2025,1961.1303820407368,1961.130382,4.073672243976034e-08,confere
desp/hab real Palmas 2025,1961.1303820407368,1961.130382,4.073672243976034e-08,confere
despesa nominal Porto Alegre 2021,672518226.54,672518226.54,0.0,confere
despesa real2025 Porto Alegre 2021,842507625.5308204,842507625.54,-0.00917959213256836,confere
populacao Porto Alegre 2021,1492530,1492530,0,confere
desp/hab nominal Porto Alegre 2021,450.5894196699564,450.58942,-3.3004363331201603e-07,confere
desp/hab real Porto Alegre 2021,564.4828750717375,564.482875,7.173741778387921e-08,confere
despesa nominal Porto Alegre 2022,938494745.75,938494745.75,0.0,confere
despesa real2025 Porto Alegre 2022,1075871786.7223926,1075871786.73,-0.007607460021972656,confere
populacao Porto Alegre 2022,1332845,1332845,0,confere
desp/hab nominal Porto Alegre 2022,704.12894653917,704.128947,-4.6083005145192146e-07,confere
desp/hab real Porto Alegre 2022,807.1994768501908,807.199477,-1.4980923879193142e-07,confere
despesa nominal Porto Alegre 2023,893868610.79,893868610.79,0.0,confere
despesa real2025 Porto Alegre 2023,979709689.4952196,979709689.51,-0.014780402183532715,confere
populacao Porto Alegre 2023,1332845,1332845,0,confere
desp/hab nominal Porto Alegre 2023,670.6470825864973,670.647083,-4.135026756557636e-07,confere
desp/hab real Porto Alegre 2023,735.0514797258643,735.05148,-2.7413568659540033e-07,confere
despesa nominal Porto Alegre 2024,1018340152.47,1018340152.47,0.0,confere
despesa real2025 Porto Alegre 2024,1069427760.5423222,1069427760.58,-0.037677884101867676,DIVERGE
populacao Porto Alegre 2024,1389322,1389322,0,confere
desp/hab nominal Porto Alegre 2024,732.9763384370218,732.976338,4.3702175389626063e-07,confere
desp/hab real Porto Alegre 2024,769.7479493899342,769.747949,3.899342573276954e-07,confere
despesa nominal Porto Alegre 2025,1229544915.38,1229544915.38,0.0,confere
despesa real2025 Porto Alegre 2025,1229544915.38,1229544915.38,0.0,confere
populacao Porto Alegre 2025,1388794,1388794,0,confere
desp/hab nominal Porto Alegre 2025,885.3328250122049,885.332825,1.220496415044181e-08,confere
desp/hab real Porto Alegre 2025,885.3328250122049,885.332825,1.220496415044181e-08,confere
despesa nominal Porto Velho 2021,357755812.37,357755812.37,0.0,confere
despesa real2025 Porto Velho 2021,448184135.54442316,448184135.55,-0.0055768489837646484,confere
populacao Porto Velho 2021,548952,548952,0,confere
desp/hab nominal Porto Velho 2021,651.706911296434,651.706911,2.9643399557244265e-07,confere
desp/hab real Porto Velho 2021,816.4359279944753,816.435928,-5.5247255659196526e-09,confere
despesa nominal Porto Velho 2022,437508506.62,437508506.62,0.0,confere
despesa real2025 Porto Velho 2022,501551085.7733591,501551085.78,-0.0066408514976501465,confere
populacao Porto Velho 2022,460434,460434,0,confere
desp/hab nominal Porto Velho 2022,950.2089476884852,950.208948,-3.1151478196989046e-07,confere
desp/hab real Porto Velho 2022,1089.3007157884933,1089.300716,-2.1150663087610155e-07,confere
despesa nominal Porto Velho 2023,485194834.11,485194834.11,0.0,confere
despesa real2025 Porto Velho 2023,531789655.13788307,531789655.14,-0.0021169185638427734,confere
populacao Porto Velho 2023,460434,460434,0,confere
desp/hab nominal Porto Velho 2023,1053.777162655234,1053.777163,-3.4476602195354644e-07,confere
desp/hab real Porto Velho 2023,1154.9747740998341,1154.974774,9.983409654523712e-08,confere
despesa nominal Porto Velho 2024,567436045.56,567436045.56,0.0,confere
despesa real2025 Porto Velho 2024,595902909.2414176,595902909.26,-0.01858234405517578,confere
populacao Porto Velho 2024,514873,514873,0,confere
desp/hab nominal Porto Velho 2024,1102.089341565784,1102.089342,-4.3421596274129115e-07,confere
desp/hab real Porto Velho 2024,1157.3784394237368,1157.378439,4.2373676478746347e-07,confere
despesa nominal Porto Velho 2025,594019947.68,594019947.68,0.0,confere
despesa real2025 Porto Velho 2025,594019947.68,594019947.68,0.0,confere
populacao Porto Velho 2025,517709,517709,0,confere
desp/hab nominal Porto Velho 2025,1147.4012383018257,1147.401238,3.0182582122506574e-07,confere
desp/hab real Porto Velho 2025,1147.4012383018257,1147.401238,3.0182582122506574e-07,confere
despesa nominal Recife 2021,891743734.78,891743734.78,0.0,confere
despesa real2025 Recife 2021,1117145776.75732,1117145776.77,-0.0126800537109375,confere
populacao Recife 2021,1661017,1661017,0,confere
desp/hab nominal Recife 2021,536.8661096063436,536.86611,-3.936564780815388e-07,confere
desp/hab real Recife 2021,672.5673348059171,672.567335,-1.9408287244004896e-07,confere
despesa nominal Recife 2022,1193304452.67,1193304452.67,0.0,confere
despesa real2025 Recife 2022,1367980587.4372523,1367980587.45,-0.012747764587402344,confere
populacao Recife 2022,1488920,1488920,0,confere
desp/hab nominal Recife 2022,801.456393002982,801.456393,2.9820057534379885e-09,confere
desp/hab real Recife 2022,918.773733603721,918.773734,-3.9627900605410105e-07,confere
despesa nominal Recife 2023,1481916260.53,1481916260.53,0.0,confere
despesa real2025 Recife 2023,1624229447.0756972,1624229447.09,-0.014302730560302734,confere
populacao Recife 2023,1488920,1488920,0,confere
desp/hab nominal Recife 2023,995.2960941689278,995.296094,1.6892772691790015e-07,confere
desp/hab real Recife 2023,1090.8775804446827,1090.87758,4.4468265514296945e-07,confere
despesa nominal Recife 2024,1756409214.12,1756409214.12,0.0,confere
despesa real2025 Recife 2024,1844523922.4794164,1844523922.55,-0.07058358192443848,DIVERGE
populacao Recife 2024,1587707,1587707,0,confere
desp/hab nominal Recife 2024,1106.2552562406036,1106.255256,2.4060364012257196e-07,confere
desp/hab real Recife 2024,1161.7533477394861,1161.753348,-2.60513843386434e-07,confere
despesa nominal Recife 2025,1861910249.26,1861910249.26,0.0,confere
despesa real2025 Recife 2025,1861910249.26,1861910249.26,0.0,confere
populacao Recife 2025,1588376,1588376,0,confere
desp/hab nominal Recife 2025,1172.2100115212015,1172.210012,-4.787984835274983e-07,confere
desp/hab real Recife 2025,1172.2100115212015,1172.210012,-4.787984835274983e-07,confere
despesa nominal Rio Branco 2021,178136523.27,178136523.27,0.0,confere
despesa real2025 Rio Branco 2021,223163288.8415061,223163288.84,0.0015060901641845703,confere
populacao Rio Branco 2021,419452,419452,0,confere
desp/hab nominal Rio Branco 2021,424.6886968473151,424.688697,-1.5268489050868084e-07,confere
desp/hab real Rio Branco 2021,532.0353433563462,532.035343,3.5634616324387025e-07,confere
despesa nominal Rio Branco 2022,221044914.48,221044914.48,0.0,confere
despesa real2025 Rio Branco 2022,253401511.47830337,253401511.48,-0.0016966164112091064,confere
populacao Rio Branco 2022,364756,364756,0,confere
desp/hab nominal Rio Branco 2022,606.0076173661297,606.007617,3.6612971143767936e-07,confere
desp/hab real Rio Branco 2022,694.7151286841159,694.715129,-3.1588410820404533e-07,confere
despesa nominal Rio Branco 2023,308862090.39,308862090.39,0.0,confere
despesa real2025 Rio Branco 2023,338523110.69005775,338523110.69,5.7756900787353516e-05,confere
populacao Rio Branco 2023,364756,364756,0,confere
desp/hab nominal Rio Branco 2023,846.7635635602978,846.763564,-4.397021484692232e-07,confere
desp/hab real Rio Branco 2023,928.0809930201498,928.080993,2.0149741430941503e-08,confere
despesa nominal Rio Branco 2024,338125234.01,338125234.01,0.0,confere
despesa real2025 Rio Branco 2024,355088141.1413418,355088141.15,-0.008658170700073242,confere
populacao Rio Branco 2024,387852,387852,0,confere
desp/hab nominal Rio Branco 2024,871.789326882419,871.789327,-1.1758095297409454e-07,confere
desp/hab real Rio Branco 2024,915.5248423144442,915.524842,3.1444415071746334e-07,confere
despesa nominal Rio Branco 2025,354158021.6,354158021.6,0.0,confere
despesa real2025 Rio Branco 2025,354158021.6,354158021.6,0.0,confere
populacao Rio Branco 2025,389001,389001,0,confere
desp/hab nominal Rio Branco 2025,910.4295916977078,910.429592,-3.022921646333998e-07,confere
desp/hab real Rio Branco 2025,910.4295916977078,910.429592,-3.022921646333998e-07,confere
despesa nominal Rio de Janeiro 2021,5193699899.18,5193699899.18,0.0,confere
despesa real2025 Rio de Janeiro 2021,6506487998.533887,6506487998.59,-0.056113243103027344,DIVERGE
populacao Rio de Janeiro 2021,6775561,6775561,0,confere
desp/hab nominal Rio de Janeiro 2021,766.5342986625019,766.534299,-3.3749813610484125e-07,confere
desp/hab real Rio de Janeiro 2021,960.2877161808279,960.287716,1.808278966564103e-07,confere
despesa nominal Rio de Janeiro 2022,5751009962.36,5751009962.36,0.0,confere
despesa real2025 Rio de Janeiro 2022,6592843904.222286,6592843904.27,-0.0477142333984375,DIVERGE
populacao Rio de Janeiro 2022,6211223,6211223,0,confere
desp/hab nominal Rio de Janeiro 2022,925.9062124093757,925.906212,4.093757297596312e-07,confere
desp/hab real Rio de Janeiro 2022,1061.4405414557305,1061.440541,4.5573051465908065e-07,confere
despesa nominal Rio de Janeiro 2023,6424124922.31,6424124922.31,0.0,confere
despesa real2025 Rio de Janeiro 2023,7041054308.140879,7041054308.22,-0.07912158966064453,DIVERGE
populacao Rio de Janeiro 2023,6211223,6211223,0,confere
desp/hab nominal Rio de Janeiro 2023,1034.2769728779663,1034.276973,-1.2203372534713708e-07,confere
desp/hab real Rio de Janeiro 2023,1133.601918356639,1133.601918,3.5663902053784113e-07,confere
despesa nominal Rio de Janeiro 2024,6956623263.77,6956623263.77,0.0,confere
despesa real2025 Rio de Janeiro 2024,7305619855.865734,7305619856.14,-0.27426624298095703,DIVERGE
populacao Rio de Janeiro 2024,6729894,6729894,0,confere
desp/hab nominal Rio de Janeiro 2024,1033.6898714556278,1033.689871,4.556277417577803e-07,confere
desp/hab real Rio de Janeiro 2024,1085.5475369843468,1085.547537,-1.5653085938538425e-08,confere
despesa nominal Rio de Janeiro 2025,7164394219.78,7164394219.78,0.0,confere
despesa real2025 Rio de Janeiro 2025,7164394219.78,7164394219.78,0.0,confere
populacao Rio de Janeiro 2025,6730729,6730729,0,confere
desp/hab nominal Rio de Janeiro 2025,1064.4306463356347,1064.430646,3.3563469514774624e-07,confere
desp/hab real Rio de Janeiro 2025,1064.4306463356347,1064.430646,3.3563469514774624e-07,confere
despesa nominal Salvador 2021,1372767717.07,1372767717.07,0.0,confere
despesa real2025 Salvador 2021,1719756021.5793207,1719756021.59,-0.010679244995117188,confere
populacao Salvador 2021,2900319,2900319,0,confere
desp/hab nominal Salvador 2021,473.31611352751196,473.316114,-4.724880682260846e-07,confere
desp/hab real Salvador 2021,592.9540928357607,592.954093,-1.642392817302607e-07,confere
despesa nominal Salvador 2022,1730928855.29,1730928855.29,0.0,confere
despesa real2025 Salvador 2022,1984302553.2785172,1984302553.29,-0.011482715606689453,confere
populacao Salvador 2022,2417678,2417678,0,confere
desp/hab nominal Salvador 2022,715.946811481926,715.946811,4.8192600843322e-07,confere
desp/hab real Salvador 2022,820.7472431310197,820.747243,1.3101964668749133e-07,confere
despesa nominal Salvador 2023,2124230349.97,2124230349.97,0.0,confere
despesa real2025 Salvador 2023,2328227025.1621556,2328227025.19,-0.02784442901611328,DIVERGE
populacao Salvador 2023,2417678,2417678,0,confere
desp/hab nominal Salvador 2023,878.6241798825154,878.62418,-1.1748466022254433e-07,confere
desp/hab real Salvador 2023,963.0012868389238,963.001287,-1.610762865311699e-07,confere
despesa nominal Salvador 2024,2514744295.8,2514744295.8,0.0,confere
despesa real2025 Salvador 2024,2640902800.573014,2640902800.67,-0.09698629379272461,DIVERGE
populacao Salvador 2024,2568928,2568928,0,confere
desp/hab nominal Salvador 2024,978.9080487269399,978.908049,-2.730600954237161e-07,confere
desp/hab real Salvador 2024,1028.0174456321913,1028.017446,-3.678087523439899e-07,confere
despesa nominal Salvador 2025,2438587342.31,2438587342.31,0.0,confere
despesa real2025 Salvador 2025,2438587342.31,2438587342.31,0.0,confere
populacao Salvador 2025,2564204,2564204,0,confere
desp/hab nominal Salvador 2025,951.0114414882747,951.011441,4.882747361989459e-07,confere
desp/hab real Salvador 2025,951.0114414882747,951.011441,4.882747361989459e-07,confere
despesa nominal São Luís 2021,615396136.59,615396136.59,0.0,confere
despesa real2025 São Luís 2021,770947042.531112,770947042.54,-0.008888006210327148,confere
populacao São Luís 2021,1115932,1115932,0,confere
desp/hab nominal São Luís 2021,551.4638316582015,551.463832,-3.417985681153368e-07,confere
desp/hab real São Luís 2021,690.8548572234795,690.854857,2.2347944650391582e-07,confere
despesa nominal São Luís 2022,665348819.94,665348819.94,0.0,confere
despesa real2025 São Luís 2022,762742707.8778435,762742707.88,-0.002156496047973633,confere
populacao São Luís 2022,1037775,1037775,0,confere
desp/hab nominal São Luís 2022,641.1301293054853,641.130129,3.0548528684448684e-07,confere
desp/hab real São Luís 2022,734.9788806608788,734.978881,-3.3912124308699276e-07,confere
despesa nominal São Luís 2023,900563480.99,900563480.99,0.0,confere
despesa real2025 São Luís 2023,987047489.6211866,987047489.63,-0.00881338119506836,confere
populacao São Luís 2023,1037775,1037775,0,confere
desp/hab nominal São Luís 2023,867.7829789597938,867.782979,-4.020614596811356e-08,confere
desp/hab real São Luís 2023,951.1189705101651,951.118971,-4.898348606729996e-07,confere
despesa nominal São Luís 2024,1037380568.66,1037380568.66,0.0,confere
despesa real2025 São Luís 2024,1089423387.343913,1089423387.38,-0.0360870361328125,DIVERGE
populacao São Luís 2024,1088057,1088057,0,confere
desp/hab nominal São Luís 2024,953.4248377244942,953.424838,-2.7550584036362125e-07,confere
desp/hab real São Luís 2024,1001.2558049292575,1001.255805,-7.074254426697735e-08,confere
despesa nominal São Luís 2025,1162822134.63,1162822134.63,0.0,confere
despesa real2025 São Luís 2025,1162822134.63,1162822134.63,0.0,confere
populacao São Luís 2025,1089215,1089215,0,confere
desp/hab nominal São Luís 2025,1067.5781499795726,1067.57815,-2.042747837549541e-08,confere
desp/hab real São Luís 2025,1067.5781499795726,1067.57815,-2.042747837549541e-08,confere
despesa nominal São Paulo 2021,13730649173.95,13730649173.95,0.0,confere
despesa real2025 São Paulo 2021,17201283438.900646,17201283439.05,-0.14935302734375,DIVERGE
populacao São Paulo 2021,12396372,12396372,0,confere
desp/hab nominal São Paulo 2021,1107.6344896676221,1107.63449,-3.323777946206974e-07,confere
desp/hab real São Paulo 2021,1387.6062640666678,1387.606264,6.666778062935919e-08,confere
despesa nominal São Paulo 2022,16125803253.28,16125803253.28,0.0,confere
despesa real2025 São Paulo 2022,18486301427.905594,18486301428.04,-0.13440704345703125,DIVERGE
populacao São Paulo 2022,11451999,11451999,0,confere
desp/hab nominal São Paulo 2022,1408.1212592910636,1408.121259,2.9106354304531123e-07,confere
desp/hab real São Paulo 2022,1614.2423194331045,1614.242319,4.3310456021572463e-07,confere
despesa nominal São Paulo 2023,19185940956.86,19185940956.86,0.0,confere
despesa real2025 São Paulo 2023,21028428597.471912,21028428597.71,-0.23808670043945312,DIVERGE
populacao São Paulo 2023,11451999,11451999,0,confere
desp/hab nominal São Paulo 2023,1675.335542455077,1675.335542,4.550770427158568e-07,confere
desp/hab real São Paulo 2023,1836.2234049681556,1836.223405,-3.184436536685098e-08,confere
despesa nominal São Paulo 2024,22334221416.7,22334221416.7,0.0,confere
despesa real2025 São Paulo 2024,23454674094.097935,23454674094.98,-0.8820648193359375,DIVERGE
populacao São Paulo 2024,11895578,11895578,0,confere
desp/hab nominal São Paulo 2024,1877.5230103741071,1877.52301,3.7410700315376744e-07,confere
desp/hab real São Paulo 2024,1971.7136984935019,1971.713699,-5.064980541646946e-07,confere
despesa nominal São Paulo 2025,23584096338.05,23584096338.05,0.0,confere
despesa real2025 São Paulo 2025,23584096338.05,23584096338.05,0.0,confere
populacao São Paulo 2025,11904961,11904961,0,confere
desp/hab nominal São Paulo 2025,1981.0309616343975,1981.030962,-3.6560254557116423e-07,confere
desp/hab real São Paulo 2025,1981.0309616343975,1981.030962,-3.6560254557116423e-07,confere
despesa nominal Teresina 2021,544083424.47,544083424.47,0.0,confere
despesa real2025 Teresina 2021,681608937.7967705,681608937.8,-0.003229498863220215,confere
populacao Teresina 2021,871126,871126,0,confere
desp/hab nominal Teresina 2021,624.5748886728212,624.574889,-3.2717878184485016e-07,confere
desp/hab real Teresina 2021,782.4458663807193,782.445866,3.8071925700933207e-07,confere
despesa nominal Teresina 2022,693298437.42,693298437.42,0.0,confere
despesa real2025 Teresina 2022,794783595.72787,794783595.73,-0.0021300315856933594,confere
populacao Teresina 2022,866300,866300,0,confere
desp/hab nominal Teresina 2022,800.298323236754,800.298323,2.367539764236426e-07,confere
desp/hab real Teresina 2022,917.4461453628882,917.446145,3.628881586337229e-07,confere
despesa nominal Teresina 2023,892101617.2,892101617.2,0.0,confere
despesa real2025 Teresina 2023,977773005.8254923,977773005.84,-0.014507770538330078,confere
populacao Teresina 2023,866300,866300,0,confere
desp/hab nominal Teresina 2023,1029.7836975643543,1029.783698,-4.356456884124782e-07,confere
desp/hab real Teresina 2023,1128.677139357604,1128.677139,3.576039944164222e-07,confere
despesa nominal Teresina 2024,923027903.43,923027903.43,0.0,confere
despesa real2025 Teresina 2024,969333931.5836313,969333931.62,-0.036368727684020996,DIVERGE
populacao Teresina 2024,902644,902644,0,confere
desp/hab nominal Teresina 2024,1022.5824394002508,1022.582439,4.002507694167434e-07,confere
desp/hab real Teresina 2024,1073.8828725207627,1073.882873,-4.792373147211038e-07,confere
despesa nominal Teresina 2025,1002773511.46,1002773511.46,0.0,confere
despesa real2025 Teresina 2025,1002773511.46,1002773511.46,0.0,confere
populacao Teresina 2025,905692,905692,0,confere
desp/hab nominal Teresina 2025,1107.1904261713696,1107.190426,1.7136972019216046e-07,confere
desp/hab real Teresina 2025,1107.1904261713696,1107.190426,1.7136972019216046e-07,confere
despesa nominal Vitória 2021,409221775.02,409221775.02,0.0,confere
despesa real2025 Vitória 2021,512658917.45627123,512658917.46,-0.0037287473678588867,confere
populacao Vitória 2021,369534,369534,0,confere
desp/hab nominal Vitória 2021,1107.3995221549303,1107.399522,1.5493037608393934e-07,confere
desp/hab real Vitória 2021,1387.3119048755223,1387.311905,-1.2447776498447638e-07,confere
despesa nominal Vitória 2022,555788808.76,555788808.76,0.0,confere
despesa real2025 Vitória 2022,637145281.2376401,637145281.24,-0.0023598670959472656,confere
populacao Vitória 2022,322869,322869,0,confere
desp/hab nominal Vitória 2022,1721.406541848242,1721.406542,-1.5175805856415536e-07,confere
desp/hab real Vitória 2022,1973.3863617679,1973.386362,-2.3209986466099508e-07,confere
despesa nominal Vitória 2023,644732537.6,644732537.6,0.0,confere
despesa real2025 Vitória 2023,706648277.6045898,706648277.61,-0.005410194396972656,confere
populacao Vitória 2023,322869,322869,0,confere
desp/hab nominal Vitória 2023,1996.8858502984183,1996.88585,2.9841839932487346e-07,confere
desp/hab real Vitória 2023,2188.6532234577794,2188.653223,4.5777960622217506e-07,confere
despesa nominal Vitória 2024,752860573.31,752860573.31,0.0,confere
despesa real2025 Vitória 2024,790629727.1718752,790629727.2,-0.02812480926513672,DIVERGE
populacao Vitória 2024,342800,342800,0,confere
desp/hab nominal Vitória 2024,2196.209373716453,2196.209374,-2.835472514561843e-07,confere
desp/hab real Vitória 2024,2306.387768879449,2306.387769,-1.2055079423589632e-07,confere
despesa nominal Vitória 2025,810892059.61,810892059.61,0.0,confere
despesa real2025 Vitória 2025,810892059.61,810892059.61,0.0,confere
populacao Vitória 2025,343378,343378,0,confere
desp/hab nominal Vitória 2025,2361.514306711554,2361.514307,-2.884457899199333e-07,confere
desp/hab real Vitória 2025,2361.514306711554,2361.514307,-2.884457899199333e-07,confere
matriculas creche Aracaju 2021,2744,2744,0,confere
matriculas pre_escola Aracaju 2021,5591,5591,0,confere
matriculas anos_iniciais Aracaju 2021,12981,12981,0,confere
matriculas anos_finais Aracaju 2021,7061,7061,0,confere
matriculas ensino_medio Aracaju 2021,0,0,0,confere
matriculas eja Aracaju 2021,2427,2427,0,confere
matriculas profissional Aracaju 2021,0,0,0,confere
matriculas total Aracaju 2021,30804,30804,0,confere
conveniadas total Aracaju 2021,304,304,0,confere
matriculas creche Aracaju 2022,2833,2833,0,confere
matriculas pre_escola Aracaju 2022,5475,5475,0,confere
matriculas anos_iniciais Aracaju 2022,13281,13281,0,confere
matriculas anos_finais Aracaju 2022,7269,7269,0,confere
matriculas ensino_medio Aracaju 2022,0,0,0,confere
matriculas eja Aracaju 2022,2342,2342,0,confere
matriculas profissional Aracaju 2022,0,0,0,confere
matriculas total Aracaju 2022,31200,31200,0,confere
conveniadas total Aracaju 2022,309,309,0,confere
matriculas creche Aracaju 2023,3044,3044,0,confere
matriculas pre_escola Aracaju 2023,5873,5873,0,confere
matriculas anos_iniciais Aracaju 2023,13251,13251,0,confere
matriculas anos_finais Aracaju 2023,7101,7101,0,confere
matriculas ensino_medio Aracaju 2023,0,0,0,confere
matriculas eja Aracaju 2023,2067,2067,0,confere
matriculas profissional Aracaju 2023,0,0,0,confere
matriculas total Aracaju 2023,31336,31336,0,confere
conveniadas total Aracaju 2023,306,306,0,confere
matriculas creche Aracaju 2024,3405,3405,0,confere
matriculas pre_escola Aracaju 2024,6434,6434,0,confere
matriculas anos_iniciais Aracaju 2024,13990,13990,0,confere
matriculas anos_finais Aracaju 2024,7351,7351,0,confere
matriculas ensino_medio Aracaju 2024,0,0,0,confere
matriculas eja Aracaju 2024,1732,1732,0,confere
matriculas profissional Aracaju 2024,0,0,0,confere
matriculas total Aracaju 2024,32912,32912,0,confere
conveniadas total Aracaju 2024,274,274,0,confere
matriculas creche Aracaju 2025,3761,3761,0,confere
matriculas pre_escola Aracaju 2025,6637,6637,0,confere
matriculas anos_iniciais Aracaju 2025,14250,14250,0,confere
matriculas anos_finais Aracaju 2025,7628,7628,0,confere
matriculas ensino_medio Aracaju 2025,0,0,0,confere
matriculas eja Aracaju 2025,1657,1657,0,confere
matriculas profissional Aracaju 2025,0,0,0,confere
matriculas total Aracaju 2025,33933,33933,0,confere
conveniadas total Aracaju 2025,227,227,0,confere
matriculas creche Belém 2021,4242,4242,0,confere
matriculas pre_escola Belém 2021,11659,11659,0,confere
matriculas anos_iniciais Belém 2021,31581,31581,0,confere
matriculas anos_finais Belém 2021,14598,14598,0,confere
matriculas ensino_medio Belém 2021,75,75,0,confere
matriculas eja Belém 2021,4549,4549,0,confere
matriculas profissional Belém 2021,140,140,0,confere
matriculas total Belém 2021,66844,66844,0,confere
conveniadas total Belém 2021,4491,4491,0,confere
matriculas creche Belém 2022,4203,4203,0,confere
matriculas pre_escola Belém 2022,11309,11309,0,confere
matriculas anos_iniciais Belém 2022,28833,28833,0,confere
matriculas anos_finais Belém 2022,14101,14101,0,confere
matriculas ensino_medio Belém 2022,110,110,0,confere
matriculas eja Belém 2022,4755,4755,0,confere
matriculas profissional Belém 2022,74,74,0,confere
matriculas total Belém 2022,63385,63385,0,confere
conveniadas total Belém 2022,4491,4491,0,confere
matriculas creche Belém 2023,4239,4239,0,confere
matriculas pre_escola Belém 2023,11356,11356,0,confere
matriculas anos_iniciais Belém 2023,28675,28675,0,confere
matriculas anos_finais Belém 2023,13903,13903,0,confere
matriculas ensino_medio Belém 2023,140,140,0,confere
matriculas eja Belém 2023,4542,4542,0,confere
matriculas profissional Belém 2023,51,51,0,confere
matriculas total Belém 2023,62906,62906,0,confere
conveniadas total Belém 2023,4738,4738,0,confere
matriculas creche Belém 2024,3861,3861,0,confere
matriculas pre_escola Belém 2024,10985,10985,0,confere
matriculas anos_iniciais Belém 2024,27232,27232,0,confere
matriculas anos_finais Belém 2024,12981,12981,0,confere
matriculas ensino_medio Belém 2024,126,126,0,confere
matriculas eja Belém 2024,4038,4038,0,confere
matriculas profissional Belém 2024,0,0,0,confere
matriculas total Belém 2024,59223,59223,0,confere
conveniadas total Belém 2024,4943,4943,0,confere
matriculas creche Belém 2025,4317,4317,0,confere
matriculas pre_escola Belém 2025,11179,11179,0,confere
matriculas anos_iniciais Belém 2025,27249,27249,0,confere
matriculas anos_finais Belém 2025,12122,12122,0,confere
matriculas ensino_medio Belém 2025,0,0,0,confere
matriculas eja Belém 2025,3527,3527,0,confere
matriculas profissional Belém 2025,0,0,0,confere
matriculas total Belém 2025,58394,58394,0,confere
conveniadas total Belém 2025,5207,5207,0,confere
matriculas creche Belo Horizonte 2021,19176,19176,0,confere
matriculas pre_escola Belo Horizonte 2021,31016,31016,0,confere
matriculas anos_iniciais Belo Horizonte 2021,59860,59860,0,confere
matriculas anos_finais Belo Horizonte 2021,44051,44051,0,confere
matriculas ensino_medio Belo Horizonte 2021,0,0,0,confere
matriculas eja Belo Horizonte 2021,9473,9473,0,confere
matriculas profissional Belo Horizonte 2021,0,0,0,confere
matriculas total Belo Horizonte 2021,163576,163576,0,confere
conveniadas total Belo Horizonte 2021,25321,25321,0,confere
matriculas creche Belo Horizonte 2022,19418,19418,0,confere
matriculas pre_escola Belo Horizonte 2022,30750,30750,0,confere
matriculas anos_iniciais Belo Horizonte 2022,62163,62163,0,confere
matriculas anos_finais Belo Horizonte 2022,41397,41397,0,confere
matriculas ensino_medio Belo Horizonte 2022,0,0,0,confere
matriculas eja Belo Horizonte 2022,9007,9007,0,confere
matriculas profissional Belo Horizonte 2022,0,0,0,confere
matriculas total Belo Horizonte 2022,162735,162735,0,confere
conveniadas total Belo Horizonte 2022,27903,27903,0,confere
matriculas creche Belo Horizonte 2023,19940,19940,0,confere
matriculas pre_escola Belo Horizonte 2023,31868,31868,0,confere
matriculas anos_iniciais Belo Horizonte 2023,62385,62385,0,confere
matriculas anos_finais Belo Horizonte 2023,40385,40385,0,confere
matriculas ensino_medio Belo Horizonte 2023,0,0,0,confere
matriculas eja Belo Horizonte 2023,6856,6856,0,confere
matriculas profissional Belo Horizonte 2023,0,0,0,confere
matriculas total Belo Horizonte 2023,161434,161434,0,confere
conveniadas total Belo Horizonte 2023,28520,28520,0,confere
matriculas creche Belo Horizonte 2024,19741,19741,0,confere
matriculas pre_escola Belo Horizonte 2024,31162,31162,0,confere
matriculas anos_iniciais Belo Horizonte 2024,64850,64850,0,confere
matriculas anos_finais Belo Horizonte 2024,39509,39509,0,confere
matriculas ensino_medio Belo Horizonte 2024,0,0,0,confere
matriculas eja Belo Horizonte 2024,6482,6482,0,confere
matriculas profissional Belo Horizonte 2024,0,0,0,confere
matriculas total Belo Horizonte 2024,161744,161744,0,confere
conveniadas total Belo Horizonte 2024,29237,29237,0,confere
matriculas creche Belo Horizonte 2025,18899,18899,0,confere
matriculas pre_escola Belo Horizonte 2025,29664,29664,0,confere
matriculas anos_iniciais Belo Horizonte 2025,67111,67111,0,confere
matriculas anos_finais Belo Horizonte 2025,37362,37362,0,confere
matriculas ensino_medio Belo Horizonte 2025,0,0,0,confere
matriculas eja Belo Horizonte 2025,7150,7150,0,confere
matriculas profissional Belo Horizonte 2025,0,0,0,confere
matriculas total Belo Horizonte 2025,160186,160186,0,confere
conveniadas total Belo Horizonte 2025,28932,28932,0,confere
matriculas creche Boa Vista 2021,2477,2477,0,confere
matriculas pre_escola Boa Vista 2021,10214,10214,0,confere
matriculas anos_iniciais Boa Vista 2021,29754,29754,0,confere
matriculas anos_finais Boa Vista 2021,0,0,0,confere
matriculas ensino_medio Boa Vista 2021,0,0,0,confere
matriculas eja Boa Vista 2021,337,337,0,confere
matriculas profissional Boa Vista 2021,0,0,0,confere
matriculas total Boa Vista 2021,42782,42782,0,confere
conveniadas total Boa Vista 2021,0,0,0,confere
matriculas creche Boa Vista 2022,2630,2630,0,confere
matriculas pre_escola Boa Vista 2022,10285,10285,0,confere
matriculas anos_iniciais Boa Vista 2022,31895,31895,0,confere
matriculas anos_finais Boa Vista 2022,0,0,0,confere
matriculas ensino_medio Boa Vista 2022,0,0,0,confere
matriculas eja Boa Vista 2022,343,343,0,confere
matriculas profissional Boa Vista 2022,0,0,0,confere
matriculas total Boa Vista 2022,45153,45153,0,confere
conveniadas total Boa Vista 2022,2869,2869,0,confere
matriculas creche Boa Vista 2023,2852,2852,0,confere
matriculas pre_escola Boa Vista 2023,11718,11718,0,confere
matriculas anos_iniciais Boa Vista 2023,33958,33958,0,confere
matriculas anos_finais Boa Vista 2023,0,0,0,confere
matriculas ensino_medio Boa Vista 2023,0,0,0,confere
matriculas eja Boa Vista 2023,380,380,0,confere
matriculas profissional Boa Vista 2023,0,0,0,confere
matriculas total Boa Vista 2023,48908,48908,0,confere
conveniadas total Boa Vista 2023,1138,1138,0,confere
matriculas creche Boa Vista 2024,3924,3924,0,confere
matriculas pre_escola Boa Vista 2024,12609,12609,0,confere
matriculas anos_iniciais Boa Vista 2024,34664,34664,0,confere
matriculas anos_finais Boa Vista 2024,63,63,0,confere
matriculas ensino_medio Boa Vista 2024,0,0,0,confere
matriculas eja Boa Vista 2024,371,371,0,confere
matriculas profissional Boa Vista 2024,0,0,0,confere
matriculas total Boa Vista 2024,51631,51631,0,confere
conveniadas total Boa Vista 2024,0,0,0,confere
matriculas creche Boa Vista 2025,4329,4329,0,confere
matriculas pre_escola Boa Vista 2025,12561,12561,0,confere
matriculas anos_iniciais Boa Vista 2025,35188,35188,0,confere
matriculas anos_finais Boa Vista 2025,664,664,0,confere
matriculas ensino_medio Boa Vista 2025,0,0,0,confere
matriculas eja Boa Vista 2025,351,351,0,confere
matriculas profissional Boa Vista 2025,0,0,0,confere
matriculas total Boa Vista 2025,53093,53093,0,confere
conveniadas total Boa Vista 2025,0,0,0,confere
matriculas creche Campo Grande 2021,11695,11695,0,confere
matriculas pre_escola Campo Grande 2021,16891,16891,0,confere
matriculas anos_iniciais Campo Grande 2021,47818,47818,0,confere
matriculas anos_finais Campo Grande 2021,28937,28937,0,confere
matriculas ensino_medio Campo Grande 2021,112,112,0,confere
matriculas eja Campo Grande 2021,2037,2037,0,confere
matriculas profissional Campo Grande 2021,0,0,0,confere
matriculas total Campo Grande 2021,107490,107490,0,confere
conveniadas total Campo Grande 2021,2374,2374,0,confere
matriculas creche Campo Grande 2022,11988,11988,0,confere
matriculas pre_escola Campo Grande 2022,17469,17469,0,confere
matriculas anos_iniciais Campo Grande 2022,48600,48600,0,confere
matriculas anos_finais Campo Grande 2022,28539,28539,0,confere
matriculas ensino_medio Campo Grande 2022,113,113,0,confere
matriculas eja Campo Grande 2022,1647,1647,0,confere
matriculas profissional Campo Grande 2022,0,0,0,confere
matriculas total Campo Grande 2022,108356,108356,0,confere
conveniadas total Campo Grande 2022,2573,2573,0,confere
matriculas creche Campo Grande 2023,12400,12400,0,confere
matriculas pre_escola Campo Grande 2023,18111,18111,0,confere
matriculas anos_iniciais Campo Grande 2023,50133,50133,0,confere
matriculas anos_finais Campo Grande 2023,28036,28036,0,confere
matriculas ensino_medio Campo Grande 2023,124,124,0,confere
matriculas eja Campo Grande 2023,1560,1560,0,confere
matriculas profissional Campo Grande 2023,0,0,0,confere
matriculas total Campo Grande 2023,110364,110364,0,confere
conveniadas total Campo Grande 2023,2262,2262,0,confere
matriculas creche Campo Grande 2024,12783,12783,0,confere
matriculas pre_escola Campo Grande 2024,18278,18278,0,confere
matriculas anos_iniciais Campo Grande 2024,51238,51238,0,confere
matriculas anos_finais Campo Grande 2024,27191,27191,0,confere
matriculas ensino_medio Campo Grande 2024,130,130,0,confere
matriculas eja Campo Grande 2024,1524,1524,0,confere
matriculas profissional Campo Grande 2024,0,0,0,confere
matriculas total Campo Grande 2024,111144,111144,0,confere
conveniadas total Campo Grande 2024,2666,2666,0,confere
matriculas creche Campo Grande 2025,13376,13376,0,confere
matriculas pre_escola Campo Grande 2025,17891,17891,0,confere
matriculas anos_iniciais Campo Grande 2025,51622,51622,0,confere
matriculas anos_finais Campo Grande 2025,26832,26832,0,confere
matriculas ensino_medio Campo Grande 2025,118,118,0,confere
matriculas eja Campo Grande 2025,1355,1355,0,confere
matriculas profissional Campo Grande 2025,0,0,0,confere
matriculas total Campo Grande 2025,111194,111194,0,confere
conveniadas total Campo Grande 2025,2801,2801,0,confere
matriculas creche Cuiabá 2021,8630,8630,0,confere
matriculas pre_escola Cuiabá 2021,11622,11622,0,confere
matriculas anos_iniciais Cuiabá 2021,27413,27413,0,confere
matriculas anos_finais Cuiabá 2021,5123,5123,0,confere
matriculas ensino_medio Cuiabá 2021,0,0,0,confere
matriculas eja Cuiabá 2021,814,814,0,confere
matriculas profissional Cuiabá 2021,0,0,0,confere
matriculas total Cuiabá 2021,53602,53602,0,confere
conveniadas total Cuiabá 2021,1236,1236,0,confere
matriculas creche Cuiabá 2022,9943,9943,0,confere
matriculas pre_escola Cuiabá 2022,11658,11658,0,confere
matriculas anos_iniciais Cuiabá 2022,29282,29282,0,confere
matriculas anos_finais Cuiabá 2022,5468,5468,0,confere
matriculas ensino_medio Cuiabá 2022,0,0,0,confere
matriculas eja Cuiabá 2022,612,612,0,confere
matriculas profissional Cuiabá 2022,0,0,0,confere
matriculas total Cuiabá 2022,56963,56963,0,confere
conveniadas total Cuiabá 2022,2414,2414,0,confere
matriculas creche Cuiabá 2023,10256,10256,0,confere
matriculas pre_escola Cuiabá 2023,12714,12714,0,confere
matriculas anos_iniciais Cuiabá 2023,30043,30043,0,confere
matriculas anos_finais Cuiabá 2023,4277,4277,0,confere
matriculas ensino_medio Cuiabá 2023,0,0,0,confere
matriculas eja Cuiabá 2023,525,525,0,confere
matriculas profissional Cuiabá 2023,0,0,0,confere
matriculas total Cuiabá 2023,57815,57815,0,confere
conveniadas total Cuiabá 2023,2751,2751,0,confere
matriculas creche Cuiabá 2024,10811,10811,0,confere
matriculas pre_escola Cuiabá 2024,12708,12708,0,confere
matriculas anos_iniciais Cuiabá 2024,33918,33918,0,confere
matriculas anos_finais Cuiabá 2024,1499,1499,0,confere
matriculas ensino_medio Cuiabá 2024,0,0,0,confere
matriculas eja Cuiabá 2024,38,38,0,confere
matriculas profissional Cuiabá 2024,0,0,0,confere
matriculas total Cuiabá 2024,58974,58974,0,confere
conveniadas total Cuiabá 2024,2215,2215,0,confere
matriculas creche Cuiabá 2025,11797,11797,0,confere
matriculas pre_escola Cuiabá 2025,12282,12282,0,confere
matriculas anos_iniciais Cuiabá 2025,34500,34500,0,confere
matriculas anos_finais Cuiabá 2025,805,805,0,confere
matriculas ensino_medio Cuiabá 2025,0,0,0,confere
matriculas eja Cuiabá 2025,27,27,0,confere
matriculas profissional Cuiabá 2025,0,0,0,confere
matriculas total Cuiabá 2025,59411,59411,0,confere
conveniadas total Cuiabá 2025,2189,2189,0,confere
matriculas creche Curitiba 2021,16244,16244,0,confere
matriculas pre_escola Curitiba 2021,26284,26284,0,confere
matriculas anos_iniciais Curitiba 2021,74019,74019,0,confere
matriculas anos_finais Curitiba 2021,4960,4960,0,confere
matriculas ensino_medio Curitiba 2021,0,0,0,confere
matriculas eja Curitiba 2021,1269,1269,0,confere
matriculas profissional Curitiba 2021,0,0,0,confere
matriculas total Curitiba 2021,122776,122776,0,confere
conveniadas total Curitiba 2021,8361,8361,0,confere
matriculas creche Curitiba 2022,15779,15779,0,confere
matriculas pre_escola Curitiba 2022,25419,25419,0,confere
matriculas anos_iniciais Curitiba 2022,71466,71466,0,confere
matriculas anos_finais Curitiba 2022,4394,4394,0,confere
matriculas ensino_medio Curitiba 2022,0,0,0,confere
matriculas eja Curitiba 2022,1194,1194,0,confere
matriculas profissional Curitiba 2022,0,0,0,confere
matriculas total Curitiba 2022,118252,118252,0,confere
conveniadas total Curitiba 2022,12034,12034,0,confere
matriculas creche Curitiba 2023,17725,17725,0,confere
matriculas pre_escola Curitiba 2023,25772,25772,0,confere
matriculas anos_iniciais Curitiba 2023,69724,69724,0,confere
matriculas anos_finais Curitiba 2023,4117,4117,0,confere
matriculas ensino_medio Curitiba 2023,0,0,0,confere
matriculas eja Curitiba 2023,1163,1163,0,confere
matriculas profissional Curitiba 2023,0,0,0,confere
matriculas total Curitiba 2023,118501,118501,0,confere
conveniadas total Curitiba 2023,13434,13434,0,confere
matriculas creche Curitiba 2024,16970,16970,0,confere
matriculas pre_escola Curitiba 2024,25762,25762,0,confere
matriculas anos_iniciais Curitiba 2024,70011,70011,0,confere
matriculas anos_finais Curitiba 2024,3825,3825,0,confere
matriculas ensino_medio Curitiba 2024,0,0,0,confere
matriculas eja Curitiba 2024,852,852,0,confere
matriculas profissional Curitiba 2024,0,0,0,confere
matriculas total Curitiba 2024,117420,117420,0,confere
conveniadas total Curitiba 2024,14025,14025,0,confere
matriculas creche Curitiba 2025,16385,16385,0,confere
matriculas pre_escola Curitiba 2025,25012,25012,0,confere
matriculas anos_iniciais Curitiba 2025,70805,70805,0,confere
matriculas anos_finais Curitiba 2025,3707,3707,0,confere
matriculas ensino_medio Curitiba 2025,0,0,0,confere
matriculas eja Curitiba 2025,800,800,0,confere
matriculas profissional Curitiba 2025,0,0,0,confere
matriculas total Curitiba 2025,116709,116709,0,confere
conveniadas total Curitiba 2025,16458,16458,0,confere
matriculas creche Florianópolis 2021,6859,6859,0,confere
matriculas pre_escola Florianópolis 2021,7261,7261,0,confere
matriculas anos_iniciais Florianópolis 2021,10574,10574,0,confere
matriculas anos_finais Florianópolis 2021,7900,7900,0,confere
matriculas ensino_medio Florianópolis 2021,0,0,0,confere
matriculas eja Florianópolis 2021,1302,1302,0,confere
matriculas profissional Florianópolis 2021,0,0,0,confere
matriculas total Florianópolis 2021,33896,33896,0,confere
conveniadas total Florianópolis 2021,1524,1524,0,confere
matriculas creche Florianópolis 2022,8290,8290,0,confere
matriculas pre_escola Florianópolis 2022,7537,7537,0,confere
matriculas anos_iniciais Florianópolis 2022,11047,11047,0,confere
matriculas anos_finais Florianópolis 2022,8110,8110,0,confere
matriculas ensino_medio Florianópolis 2022,0,0,0,confere
matriculas eja Florianópolis 2022,1105,1105,0,confere
matriculas profissional Florianópolis 2022,0,0,0,confere
matriculas total Florianópolis 2022,36089,36089,0,confere
conveniadas total Florianópolis 2022,1560,1560,0,confere
matriculas creche Florianópolis 2023,8785,8785,0,confere
matriculas pre_escola Florianópolis 2023,7512,7512,0,confere
matriculas anos_iniciais Florianópolis 2023,11718,11718,0,confere
matriculas anos_finais Florianópolis 2023,8693,8693,0,confere
matriculas ensino_medio Florianópolis 2023,0,0,0,confere
matriculas eja Florianópolis 2023,1123,1123,0,confere
matriculas profissional Florianópolis 2023,0,0,0,confere
matriculas total Florianópolis 2023,37831,37831,0,confere
conveniadas total Florianópolis 2023,1579,1579,0,confere
matriculas creche Florianópolis 2024,8647,8647,0,confere
matriculas pre_escola Florianópolis 2024,7490,7490,0,confere
matriculas anos_iniciais Florianópolis 2024,11542,11542,0,confere
matriculas anos_finais Florianópolis 2024,8905,8905,0,confere
matriculas ensino_medio Florianópolis 2024,0,0,0,confere
matriculas eja Florianópolis 2024,897,897,0,confere
matriculas profissional Florianópolis 2024,0,0,0,confere
matriculas total Florianópolis 2024,37481,37481,0,confere
conveniadas total Florianópolis 2024,1497,1497,0,confere
matriculas creche Florianópolis 2025,7760,7760,0,confere
matriculas pre_escola Florianópolis 2025,7283,7283,0,confere
matriculas anos_iniciais Florianópolis 2025,11213,11213,0,confere
matriculas anos_finais Florianópolis 2025,8427,8427,0,confere
matriculas ensino_medio Florianópolis 2025,0,0,0,confere
matriculas eja Florianópolis 2025,619,619,0,confere
matriculas profissional Florianópolis 2025,0,0,0,confere
matriculas total Florianópolis 2025,35302,35302,0,confere
conveniadas total Florianópolis 2025,1445,1445,0,confere
matriculas creche Fortaleza 2021,22893,22893,0,confere
matriculas pre_escola Fortaleza 2021,31890,31890,0,confere
matriculas anos_iniciais Fortaleza 2021,93364,93364,0,confere
matriculas anos_finais Fortaleza 2021,82809,82809,0,confere
matriculas ensino_medio Fortaleza 2021,0,0,0,confere
matriculas eja Fortaleza 2021,9472,9472,0,confere
matriculas profissional Fortaleza 2021,0,0,0,confere
matriculas total Fortaleza 2021,240428,240428,0,confere
conveniadas total Fortaleza 2021,0,0,0,confere
matriculas creche Fortaleza 2022,24793,24793,0,confere
matriculas pre_escola Fortaleza 2022,31472,31472,0,confere
matriculas anos_iniciais Fortaleza 2022,93744,93744,0,confere
matriculas anos_finais Fortaleza 2022,82377,82377,0,confere
matriculas ensino_medio Fortaleza 2022,0,0,0,confere
matriculas eja Fortaleza 2022,6772,6772,0,confere
matriculas profissional Fortaleza 2022,0,0,0,confere
matriculas total Fortaleza 2022,239158,239158,0,confere
conveniadas total Fortaleza 2022,0,0,0,confere
matriculas creche Fortaleza 2023,16112,16112,0,confere
matriculas pre_escola Fortaleza 2023,31584,31584,0,confere
matriculas anos_iniciais Fortaleza 2023,94085,94085,0,confere
matriculas anos_finais Fortaleza 2023,80636,80636,0,confere
matriculas ensino_medio Fortaleza 2023,0,0,0,confere
matriculas eja Fortaleza 2023,5976,5976,0,confere
matriculas profissional Fortaleza 2023,0,0,0,confere
matriculas total Fortaleza 2023,228393,228393,0,confere
conveniadas total Fortaleza 2023,9369,9369,0,confere
matriculas creche Fortaleza 2024,16278,16278,0,confere
matriculas pre_escola Fortaleza 2024,31935,31935,0,confere
matriculas anos_iniciais Fortaleza 2024,94569,94569,0,confere
matriculas anos_finais Fortaleza 2024,78987,78987,0,confere
matriculas ensino_medio Fortaleza 2024,0,0,0,confere
matriculas eja Fortaleza 2024,5242,5242,0,confere
matriculas profissional Fortaleza 2024,0,0,0,confere
matriculas total Fortaleza 2024,227011,227011,0,confere
conveniadas total Fortaleza 2024,9574,9574,0,confere
matriculas creche Fortaleza 2025,17582,17582,0,confere
matriculas pre_escola Fortaleza 2025,30512,30512,0,confere
matriculas anos_iniciais Fortaleza 2025,93815,93815,0,confere
matriculas anos_finais Fortaleza 2025,77533,77533,0,confere
matriculas ensino_medio Fortaleza 2025,0,0,0,confere
matriculas eja Fortaleza 2025,4618,4618,0,confere
matriculas profissional Fortaleza 2025,0,0,0,confere
matriculas total Fortaleza 2025,224060,224060,0,confere
conveniadas total Fortaleza 2025,9151,9151,0,confere
matriculas creche Goiânia 2021,13255,13255,0,confere
matriculas pre_escola Goiânia 2021,15497,15497,0,confere
matriculas anos_iniciais Goiânia 2021,48166,48166,0,confere
matriculas anos_finais Goiânia 2021,20335,20335,0,confere
matriculas ensino_medio Goiânia 2021,0,0,0,confere
matriculas eja Goiânia 2021,4363,4363,0,confere
matriculas profissional Goiânia 2021,0,0,0,confere
matriculas total Goiânia 2021,101616,101616,0,confere
conveniadas total Goiânia 2021,6326,6326,0,confere
matriculas creche Goiânia 2022,12910,12910,0,confere
matriculas pre_escola Goiânia 2022,15657,15657,0,confere
matriculas anos_iniciais Goiânia 2022,48206,48206,0,confere
matriculas anos_finais Goiânia 2022,19992,19992,0,confere
matriculas ensino_medio Goiânia 2022,0,0,0,confere
matriculas eja Goiânia 2022,3890,3890,0,confere
matriculas profissional Goiânia 2022,0,0,0,confere
matriculas total Goiânia 2022,100655,100655,0,confere
conveniadas total Goiânia 2022,6571,6571,0,confere
matriculas creche Goiânia 2023,14666,14666,0,confere
matriculas pre_escola Goiânia 2023,15744,15744,0,confere
matriculas anos_iniciais Goiânia 2023,49848,49848,0,confere
matriculas anos_finais Goiânia 2023,19469,19469,0,confere
matriculas ensino_medio Goiânia 2023,0,0,0,confere
matriculas eja Goiânia 2023,3910,3910,0,confere
matriculas profissional Goiânia 2023,0,0,0,confere
matriculas total Goiânia 2023,103637,103637,0,confere
conveniadas total Goiânia 2023,6775,6775,0,confere
matriculas creche Goiânia 2024,14110,14110,0,confere
matriculas pre_escola Goiânia 2024,16398,16398,0,confere
matriculas anos_iniciais Goiânia 2024,49983,49983,0,confere
matriculas anos_finais Goiânia 2024,18636,18636,0,confere
matriculas ensino_medio Goiânia 2024,0,0,0,confere
matriculas eja Goiânia 2024,3378,3378,0,confere
matriculas profissional Goiânia 2024,0,0,0,confere
matriculas total Goiânia 2024,102505,102505,0,confere
conveniadas total Goiânia 2024,10526,10526,0,confere
matriculas creche Goiânia 2025,15530,15530,0,confere
matriculas pre_escola Goiânia 2025,15646,15646,0,confere
matriculas anos_iniciais Goiânia 2025,51102,51102,0,confere
matriculas anos_finais Goiânia 2025,18664,18664,0,confere
matriculas ensino_medio Goiânia 2025,0,0,0,confere
matriculas eja Goiânia 2025,520,520,0,confere
matriculas profissional Goiânia 2025,0,0,0,confere
matriculas total Goiânia 2025,101462,101462,0,confere
conveniadas total Goiânia 2025,10695,10695,0,confere
matriculas creche João Pessoa 2021,8573,8573,0,confere
matriculas pre_escola João Pessoa 2021,8573,8573,0,confere
matriculas anos_iniciais João Pessoa 2021,26141,26141,0,confere
matriculas anos_finais João Pessoa 2021,21151,21151,0,confere
matriculas ensino_medio João Pessoa 2021,0,0,0,confere
matriculas eja João Pessoa 2021,6324,6324,0,confere
matriculas profissional João Pessoa 2021,0,0,0,confere
matriculas total João Pessoa 2021,70762,70762,0,confere
conveniadas total João Pessoa 2021,188,188,0,confere
matriculas creche João Pessoa 2022,9010,9010,0,confere
matriculas pre_escola João Pessoa 2022,8147,8147,0,confere
matriculas anos_iniciais João Pessoa 2022,26347,26347,0,confere
matriculas anos_finais João Pessoa 2022,21352,21352,0,confere
matriculas ensino_medio João Pessoa 2022,0,0,0,confere
matriculas eja João Pessoa 2022,5133,5133,0,confere
matriculas profissional João Pessoa 2022,0,0,0,confere
matriculas total João Pessoa 2022,69989,69989,0,confere
conveniadas total João Pessoa 2022,0,0,0,confere
matriculas creche João Pessoa 2023,9070,9070,0,confere
matriculas pre_escola João Pessoa 2023,8638,8638,0,confere
matriculas anos_iniciais João Pessoa 2023,27476,27476,0,confere
matriculas anos_finais João Pessoa 2023,22308,22308,0,confere
matriculas ensino_medio João Pessoa 2023,0,0,0,confere
matriculas eja João Pessoa 2023,4642,4642,0,confere
matriculas profissional João Pessoa 2023,0,0,0,confere
matriculas total João Pessoa 2023,72134,72134,0,confere
conveniadas total João Pessoa 2023,0,0,0,confere
matriculas creche João Pessoa 2024,9546,9546,0,confere
matriculas pre_escola João Pessoa 2024,9148,9148,0,confere
matriculas anos_iniciais João Pessoa 2024,29700,29700,0,confere
matriculas anos_finais João Pessoa 2024,22361,22361,0,confere
matriculas ensino_medio João Pessoa 2024,0,0,0,confere
matriculas eja João Pessoa 2024,5282,5282,0,confere
matriculas profissional João Pessoa 2024,0,0,0,confere
matriculas total João Pessoa 2024,76037,76037,0,confere
conveniadas total João Pessoa 2024,0,0,0,confere
matriculas creche João Pessoa 2025,9719,9719,0,confere
matriculas pre_escola João Pessoa 2025,9225,9225,0,confere
matriculas anos_iniciais João Pessoa 2025,30355,30355,0,confere
matriculas anos_finais João Pessoa 2025,22821,22821,0,confere
matriculas ensino_medio João Pessoa 2025,0,0,0,confere
matriculas eja João Pessoa 2025,4827,4827,0,confere
matriculas profissional João Pessoa 2025,0,0,0,confere
matriculas total João Pessoa 2025,76947,76947,0,confere
conveniadas total João Pessoa 2025,0,0,0,confere
matriculas creche Macapá 2021,969,969,0,confere
matriculas pre_escola Macapá 2021,8570,8570,0,confere
matriculas anos_iniciais Macapá 2021,22350,22350,0,confere
matriculas anos_finais Macapá 2021,0,0,0,confere
matriculas ensino_medio Macapá 2021,0,0,0,confere
matriculas eja Macapá 2021,1491,1491,0,confere
matriculas profissional Macapá 2021,0,0,0,confere
matriculas total Macapá 2021,33380,33380,0,confere
conveniadas total Macapá 2021,0,0,0,confere
matriculas creche Macapá 2022,1239,1239,0,confere
matriculas pre_escola Macapá 2022,8694,8694,0,confere
matriculas anos_iniciais Macapá 2022,22043,22043,0,confere
matriculas anos_finais Macapá 2022,0,0,0,confere
matriculas ensino_medio Macapá 2022,0,0,0,confere
matriculas eja Macapá 2022,1321,1321,0,confere
matriculas profissional Macapá 2022,0,0,0,confere
matriculas total Macapá 2022,33297,33297,0,confere
conveniadas total Macapá 2022,0,0,0,confere
matriculas creche Macapá 2023,1524,1524,0,confere
matriculas pre_escola Macapá 2023,9394,9394,0,confere
matriculas anos_iniciais Macapá 2023,21949,21949,0,confere
matriculas anos_finais Macapá 2023,0,0,0,confere
matriculas ensino_medio Macapá 2023,0,0,0,confere
matriculas eja Macapá 2023,1333,1333,0,confere
matriculas profissional Macapá 2023,0,0,0,confere
matriculas total Macapá 2023,34200,34200,0,confere
conveniadas total Macapá 2023,0,0,0,confere
matriculas creche Macapá 2024,1569,1569,0,confere
matriculas pre_escola Macapá 2024,9924,9924,0,confere
matriculas anos_iniciais Macapá 2024,21999,21999,0,confere
matriculas anos_finais Macapá 2024,1,1,0,confere
matriculas ensino_medio Macapá 2024,0,0,0,confere
matriculas eja Macapá 2024,1319,1319,0,confere
matriculas profissional Macapá 2024,0,0,0,confere
matriculas total Macapá 2024,34812,34812,0,confere
conveniadas total Macapá 2024,0,0,0,confere
matriculas creche Macapá 2025,1585,1585,0,confere
matriculas pre_escola Macapá 2025,9805,9805,0,confere
matriculas anos_iniciais Macapá 2025,22892,22892,0,confere
matriculas anos_finais Macapá 2025,0,0,0,confere
matriculas ensino_medio Macapá 2025,0,0,0,confere
matriculas eja Macapá 2025,1273,1273,0,confere
matriculas profissional Macapá 2025,0,0,0,confere
matriculas total Macapá 2025,35555,35555,0,confere
conveniadas total Macapá 2025,187,187,0,confere
matriculas creche Maceió 2021,3486,3486,0,confere
matriculas pre_escola Maceió 2021,6664,6664,0,confere
matriculas anos_iniciais Maceió 2021,28023,28023,0,confere
matriculas anos_finais Maceió 2021,6633,6633,0,confere
matriculas ensino_medio Maceió 2021,0,0,0,confere
matriculas eja Maceió 2021,6684,6684,0,confere
matriculas profissional Maceió 2021,0,0,0,confere
matriculas total Maceió 2021,51490,51490,0,confere
conveniadas total Maceió 2021,0,0,0,confere
matriculas creche Maceió 2022,3581,3581,0,confere
matriculas pre_escola Maceió 2022,7032,7032,0,confere
matriculas anos_iniciais Maceió 2022,29616,29616,0,confere
matriculas anos_finais Maceió 2022,7468,7468,0,confere
matriculas ensino_medio Maceió 2022,0,0,0,confere
matriculas eja Maceió 2022,7337,7337,0,confere
matriculas profissional Maceió 2022,0,0,0,confere
matriculas total Maceió 2022,55034,55034,0,confere
conveniadas total Maceió 2022,13,13,0,confere
matriculas creche Maceió 2023,3693,3693,0,confere
matriculas pre_escola Maceió 2023,7543,7543,0,confere
matriculas anos_iniciais Maceió 2023,29574,29574,0,confere
matriculas anos_finais Maceió 2023,7671,7671,0,confere
matriculas ensino_medio Maceió 2023,0,0,0,confere
matriculas eja Maceió 2023,5467,5467,0,confere
matriculas profissional Maceió 2023,0,0,0,confere
matriculas total Maceió 2023,53948,53948,0,confere
conveniadas total Maceió 2023,0,0,0,confere
matriculas creche Maceió 2024,6566,6566,0,confere
matriculas pre_escola Maceió 2024,8857,8857,0,confere
matriculas anos_iniciais Maceió 2024,29958,29958,0,confere
matriculas anos_finais Maceió 2024,7912,7912,0,confere
matriculas ensino_medio Maceió 2024,0,0,0,confere
matriculas eja Maceió 2024,5428,5428,0,confere
matriculas profissional Maceió 2024,0,0,0,confere
matriculas total Maceió 2024,58721,58721,0,confere
conveniadas total Maceió 2024,0,0,0,confere
matriculas creche Maceió 2025,6379,6379,0,confere
matriculas pre_escola Maceió 2025,9217,9217,0,confere
matriculas anos_iniciais Maceió 2025,30810,30810,0,confere
matriculas anos_finais Maceió 2025,7800,7800,0,confere
matriculas ensino_medio Maceió 2025,0,0,0,confere
matriculas eja Maceió 2025,5109,5109,0,confere
matriculas profissional Maceió 2025,0,0,0,confere
matriculas total Maceió 2025,59315,59315,0,confere
conveniadas total Maceió 2025,0,0,0,confere
matriculas creche Manaus 2021,5978,5978,0,confere
matriculas pre_escola Manaus 2021,44859,44859,0,confere
matriculas anos_iniciais Manaus 2021,125788,125788,0,confere
matriculas anos_finais Manaus 2021,61043,61043,0,confere
matriculas ensino_medio Manaus 2021,0,0,0,confere
matriculas eja Manaus 2021,13603,13603,0,confere
matriculas profissional Manaus 2021,0,0,0,confere
matriculas total Manaus 2021,251271,251271,0,confere
conveniadas total Manaus 2021,1078,1078,0,confere
matriculas creche Manaus 2022,6703,6703,0,confere
matriculas pre_escola Manaus 2022,42738,42738,0,confere
matriculas anos_iniciais Manaus 2022,121310,121310,0,confere
matriculas anos_finais Manaus 2022,60631,60631,0,confere
matriculas ensino_medio Manaus 2022,0,0,0,confere
matriculas eja Manaus 2022,10187,10187,0,confere
matriculas profissional Manaus 2022,0,0,0,confere
matriculas total Manaus 2022,241569,241569,0,confere
conveniadas total Manaus 2022,721,721,0,confere
matriculas creche Manaus 2023,6981,6981,0,confere
matriculas pre_escola Manaus 2023,44170,44170,0,confere
matriculas anos_iniciais Manaus 2023,121376,121376,0,confere
matriculas anos_finais Manaus 2023,62770,62770,0,confere
matriculas ensino_medio Manaus 2023,0,0,0,confere
matriculas eja Manaus 2023,7695,7695,0,confere
matriculas profissional Manaus 2023,0,0,0,confere
matriculas total Manaus 2023,242992,242992,0,confere
conveniadas total Manaus 2023,734,734,0,confere
matriculas creche Manaus 2024,7456,7456,0,confere
matriculas pre_escola Manaus 2024,44020,44020,0,confere
matriculas anos_iniciais Manaus 2024,122562,122562,0,confere
matriculas anos_finais Manaus 2024,63931,63931,0,confere
matriculas ensino_medio Manaus 2024,0,0,0,confere
matriculas eja Manaus 2024,9386,9386,0,confere
matriculas profissional Manaus 2024,0,0,0,confere
matriculas total Manaus 2024,247355,247355,0,confere
conveniadas total Manaus 2024,817,817,0,confere
matriculas creche Manaus 2025,9210,9210,0,confere
matriculas pre_escola Manaus 2025,43514,43514,0,confere
matriculas anos_iniciais Manaus 2025,121313,121313,0,confere
matriculas anos_finais Manaus 2025,64424,64424,0,confere
matriculas ensino_medio Manaus 2025,0,0,0,confere
matriculas eja Manaus 2025,7864,7864,0,confere
matriculas profissional Manaus 2025,0,0,0,confere
matriculas total Manaus 2025,246325,246325,0,confere
conveniadas total Manaus 2025,763,763,0,confere
matriculas creche Natal 2021,6788,6788,0,confere
matriculas pre_escola Natal 2021,9461,9461,0,confere
matriculas anos_iniciais Natal 2021,21433,21433,0,confere
matriculas anos_finais Natal 2021,14779,14779,0,confere
matriculas ensino_medio Natal 2021,0,0,0,confere
matriculas eja Natal 2021,4613,4613,0,confere
matriculas profissional Natal 2021,0,0,0,confere
matriculas total Natal 2021,57074,57074,0,confere
conveniadas total Natal 2021,522,522,0,confere
matriculas creche Natal 2022,7259,7259,0,confere
matriculas pre_escola Natal 2022,9682,9682,0,confere
matriculas anos_iniciais Natal 2022,22274,22274,0,confere
matriculas anos_finais Natal 2022,14441,14441,0,confere
matriculas ensino_medio Natal 2022,0,0,0,confere
matriculas eja Natal 2022,4293,4293,0,confere
matriculas profissional Natal 2022,0,0,0,confere
matriculas total Natal 2022,57949,57949,0,confere
conveniadas total Natal 2022,0,0,0,confere
matriculas creche Natal 2023,7114,7114,0,confere
matriculas pre_escola Natal 2023,9998,9998,0,confere
matriculas anos_iniciais Natal 2023,22235,22235,0,confere
matriculas anos_finais Natal 2023,13278,13278,0,confere
matriculas ensino_medio Natal 2023,0,0,0,confere
matriculas eja Natal 2023,3955,3955,0,confere
matriculas profissional Natal 2023,0,0,0,confere
matriculas total Natal 2023,56580,56580,0,confere
conveniadas total Natal 2023,1415,1415,0,confere
matriculas creche Natal 2024,6971,6971,0,confere
matriculas pre_escola Natal 2024,9834,9834,0,confere
matriculas anos_iniciais Natal 2024,22126,22126,0,confere
matriculas anos_finais Natal 2024,12883,12883,0,confere
matriculas ensino_medio Natal 2024,0,0,0,confere
matriculas eja Natal 2024,3988,3988,0,confere
matriculas profissional Natal 2024,0,0,0,confere
matriculas total Natal 2024,55802,55802,0,confere
conveniadas total Natal 2024,1798,1798,0,confere
matriculas creche Natal 2025,7769,7769,0,confere
matriculas pre_escola Natal 2025,9097,9097,0,confere
matriculas anos_iniciais Natal 2025,21728,21728,0,confere
matriculas anos_finais Natal 2025,12514,12514,0,confere
matriculas ensino_medio Natal 2025,0,0,0,confere
matriculas eja Natal 2025,3537,3537,0,confere
matriculas profissional Natal 2025,0,0,0,confere
matriculas total Natal 2025,54645,54645,0,confere
conveniadas total Natal 2025,3911,3911,0,confere
matriculas creche Palmas 2021,5307,5307,0,confere
matriculas pre_escola Palmas 2021,6936,6936,0,confere
matriculas anos_iniciais Palmas 2021,17411,17411,0,confere
matriculas anos_finais Palmas 2021,12240,12240,0,confere
matriculas ensino_medio Palmas 2021,0,0,0,confere
matriculas eja Palmas 2021,835,835,0,confere
matriculas profissional Palmas 2021,0,0,0,confere
matriculas total Palmas 2021,42729,42729,0,confere
conveniadas total Palmas 2021,0,0,0,confere
matriculas creche Palmas 2022,5460,5460,0,confere
matriculas pre_escola Palmas 2022,7090,7090,0,confere
matriculas anos_iniciais Palmas 2022,17758,17758,0,confere
matriculas anos_finais Palmas 2022,12086,12086,0,confere
matriculas ensino_medio Palmas 2022,0,0,0,confere
matriculas eja Palmas 2022,466,466,0,confere
matriculas profissional Palmas 2022,0,0,0,confere
matriculas total Palmas 2022,42860,42860,0,confere
conveniadas total Palmas 2022,0,0,0,confere
matriculas creche Palmas 2023,5962,5962,0,confere
matriculas pre_escola Palmas 2023,7720,7720,0,confere
matriculas anos_iniciais Palmas 2023,18106,18106,0,confere
matriculas anos_finais Palmas 2023,12142,12142,0,confere
matriculas ensino_medio Palmas 2023,0,0,0,confere
matriculas eja Palmas 2023,490,490,0,confere
matriculas profissional Palmas 2023,0,0,0,confere
matriculas total Palmas 2023,44420,44420,0,confere
conveniadas total Palmas 2023,0,0,0,confere
matriculas creche Palmas 2024,5614,5614,0,confere
matriculas pre_escola Palmas 2024,7706,7706,0,confere
matriculas anos_iniciais Palmas 2024,18662,18662,0,confere
matriculas anos_finais Palmas 2024,11755,11755,0,confere
matriculas ensino_medio Palmas 2024,0,0,0,confere
matriculas eja Palmas 2024,392,392,0,confere
matriculas profissional Palmas 2024,0,0,0,confere
matriculas total Palmas 2024,44129,44129,0,confere
conveniadas total Palmas 2024,0,0,0,confere
matriculas creche Palmas 2025,5464,5464,0,confere
matriculas pre_escola Palmas 2025,7288,7288,0,confere
matriculas anos_iniciais Palmas 2025,19013,19013,0,confere
matriculas anos_finais Palmas 2025,11783,11783,0,confere
matriculas ensino_medio Palmas 2025,0,0,0,confere
matriculas eja Palmas 2025,338,338,0,confere
matriculas profissional Palmas 2025,0,0,0,confere
matriculas total Palmas 2025,43886,43886,0,confere
conveniadas total Palmas 2025,0,0,0,confere
matriculas creche Porto Alegre 2021,2089,2089,0,confere
matriculas pre_escola Porto Alegre 2021,4893,4893,0,confere
matriculas anos_iniciais Porto Alegre 2021,20593,20593,0,confere
matriculas anos_finais Porto Alegre 2021,15096,15096,0,confere
matriculas ensino_medio Porto Alegre 2021,685,685,0,confere
matriculas eja Porto Alegre 2021,5411,5411,0,confere
matriculas profissional Porto Alegre 2021,145,145,0,confere
matriculas total Porto Alegre 2021,48912,48912,0,confere
conveniadas total Porto Alegre 2021,20898,20898,0,confere
matriculas creche Porto Alegre 2022,1976,1976,0,confere
matriculas pre_escola Porto Alegre 2022,4836,4836,0,confere
matriculas anos_iniciais Porto Alegre 2022,20110,20110,0,confere
matriculas anos_finais Porto Alegre 2022,15132,15132,0,confere
matriculas ensino_medio Porto Alegre 2022,457,457,0,confere
matriculas eja Porto Alegre 2022,4861,4861,0,confere
matriculas profissional Porto Alegre 2022,1,1,0,confere
matriculas total Porto Alegre 2022,47373,47373,0,confere
conveniadas total Porto Alegre 2022,20604,20604,0,confere
matriculas creche Porto Alegre 2023,1946,1946,0,confere
matriculas pre_escola Porto Alegre 2023,4710,4710,0,confere
matriculas anos_iniciais Porto Alegre 2023,19752,19752,0,confere
matriculas anos_finais Porto Alegre 2023,15295,15295,0,confere
matriculas ensino_medio Porto Alegre 2023,420,420,0,confere
matriculas eja Porto Alegre 2023,4496,4496,0,confere
matriculas profissional Porto Alegre 2023,1,1,0,confere
matriculas total Porto Alegre 2023,46620,46620,0,confere
conveniadas total Porto Alegre 2023,20968,20968,0,confere
matriculas creche Porto Alegre 2024,1894,1894,0,confere
matriculas pre_escola Porto Alegre 2024,4531,4531,0,confere
matriculas anos_iniciais Porto Alegre 2024,19818,19818,0,confere
matriculas anos_finais Porto Alegre 2024,14878,14878,0,confere
matriculas ensino_medio Porto Alegre 2024,420,420,0,confere
matriculas eja Porto Alegre 2024,4041,4041,0,confere
matriculas profissional Porto Alegre 2024,0,0,0,confere
matriculas total Porto Alegre 2024,45582,45582,0,confere
conveniadas total Porto Alegre 2024,21344,21344,0,confere
matriculas creche Porto Alegre 2025,1955,1955,0,confere
matriculas pre_escola Porto Alegre 2025,4376,4376,0,confere
matriculas anos_iniciais Porto Alegre 2025,19622,19622,0,confere
matriculas anos_finais Porto Alegre 2025,14603,14603,0,confere
matriculas ensino_medio Porto Alegre 2025,439,439,0,confere
matriculas eja Porto Alegre 2025,3867,3867,0,confere
matriculas profissional Porto Alegre 2025,0,0,0,confere
matriculas total Porto Alegre 2025,44862,44862,0,confere
conveniadas total Porto Alegre 2025,22295,22295,0,confere
matriculas creche Porto Velho 2021,2594,2594,0,confere
matriculas pre_escola Porto Velho 2021,9750,9750,0,confere
matriculas anos_iniciais Porto Velho 2021,28425,28425,0,confere
matriculas anos_finais Porto Velho 2021,945,945,0,confere
matriculas ensino_medio Porto Velho 2021,0,0,0,confere
matriculas eja Porto Velho 2021,819,819,0,confere
matriculas profissional Porto Velho 2021,0,0,0,confere
matriculas total Porto Velho 2021,42533,42533,0,confere
conveniadas total Porto Velho 2021,0,0,0,confere
matriculas creche Porto Velho 2022,3015,3015,0,confere
matriculas pre_escola Porto Velho 2022,9948,9948,0,confere
matriculas anos_iniciais Porto Velho 2022,27805,27805,0,confere
matriculas anos_finais Porto Velho 2022,1171,1171,0,confere
matriculas ensino_medio Porto Velho 2022,0,0,0,confere
matriculas eja Porto Velho 2022,1077,1077,0,confere
matriculas profissional Porto Velho 2022,0,0,0,confere
matriculas total Porto Velho 2022,43016,43016,0,confere
conveniadas total Porto Velho 2022,0,0,0,confere
matriculas creche Porto Velho 2023,3200,3200,0,confere
matriculas pre_escola Porto Velho 2023,10291,10291,0,confere
matriculas anos_iniciais Porto Velho 2023,26989,26989,0,confere
matriculas anos_finais Porto Velho 2023,1195,1195,0,confere
matriculas ensino_medio Porto Velho 2023,0,0,0,confere
matriculas eja Porto Velho 2023,876,876,0,confere
matriculas profissional Porto Velho 2023,0,0,0,confere
matriculas total Porto Velho 2023,42551,42551,0,confere
conveniadas total Porto Velho 2023,1013,1013,0,confere
matriculas creche Porto Velho 2024,2906,2906,0,confere
matriculas pre_escola Porto Velho 2024,10248,10248,0,confere
matriculas anos_iniciais Porto Velho 2024,27874,27874,0,confere
matriculas anos_finais Porto Velho 2024,1071,1071,0,confere
matriculas ensino_medio Porto Velho 2024,0,0,0,confere
matriculas eja Porto Velho 2024,765,765,0,confere
matriculas profissional Porto Velho 2024,0,0,0,confere
matriculas total Porto Velho 2024,42864,42864,0,confere
conveniadas total Porto Velho 2024,0,0,0,confere
matriculas creche Porto Velho 2025,2940,2940,0,confere
matriculas pre_escola Porto Velho 2025,9602,9602,0,confere
matriculas anos_iniciais Porto Velho 2025,28477,28477,0,confere
matriculas anos_finais Porto Velho 2025,979,979,0,confere
matriculas ensino_medio Porto Velho 2025,0,0,0,confere
matriculas eja Porto Velho 2025,804,804,0,confere
matriculas profissional Porto Velho 2025,0,0,0,confere
matriculas total Porto Velho 2025,42802,42802,0,confere
conveniadas total Porto Velho 2025,0,0,0,confere
matriculas creche Recife 2021,6750,6750,0,confere
matriculas pre_escola Recife 2021,13692,13692,0,confere
matriculas anos_iniciais Recife 2021,53473,53473,0,confere
matriculas anos_finais Recife 2021,13534,13534,0,confere
matriculas ensino_medio Recife 2021,0,0,0,confere
matriculas eja Recife 2021,5345,5345,0,confere
matriculas profissional Recife 2021,0,0,0,confere
matriculas total Recife 2021,92794,92794,0,confere
conveniadas total Recife 2021,1533,1533,0,confere
matriculas creche Recife 2022,7446,7446,0,confere
matriculas pre_escola Recife 2022,14030,14030,0,confere
matriculas anos_iniciais Recife 2022,53463,53463,0,confere
matriculas anos_finais Recife 2022,14447,14447,0,confere
matriculas ensino_medio Recife 2022,0,0,0,confere
matriculas eja Recife 2022,4907,4907,0,confere
matriculas profissional Recife 2022,0,0,0,confere
matriculas total Recife 2022,94293,94293,0,confere
conveniadas total Recife 2022,1406,1406,0,confere
matriculas creche Recife 2023,7636,7636,0,confere
matriculas pre_escola Recife 2023,13552,13552,0,confere
matriculas anos_iniciais Recife 2023,52984,52984,0,confere
matriculas anos_finais Recife 2023,14382,14382,0,confere
matriculas ensino_medio Recife 2023,0,0,0,confere
matriculas eja Recife 2023,4462,4462,0,confere
matriculas profissional Recife 2023,0,0,0,confere
matriculas total Recife 2023,93016,93016,0,confere
conveniadas total Recife 2023,4378,4378,0,confere
matriculas creche Recife 2024,8240,8240,0,confere
matriculas pre_escola Recife 2024,12985,12985,0,confere
matriculas anos_iniciais Recife 2024,54209,54209,0,confere
matriculas anos_finais Recife 2024,14653,14653,0,confere
matriculas ensino_medio Recife 2024,0,0,0,confere
matriculas eja Recife 2024,4301,4301,0,confere
matriculas profissional Recife 2024,0,0,0,confere
matriculas total Recife 2024,94388,94388,0,confere
conveniadas total Recife 2024,8726,8726,0,confere
matriculas creche Recife 2025,8678,8678,0,confere
matriculas pre_escola Recife 2025,11672,11672,0,confere
matriculas anos_iniciais Recife 2025,55149,55149,0,confere
matriculas anos_finais Recife 2025,15389,15389,0,confere
matriculas ensino_medio Recife 2025,0,0,0,confere
matriculas eja Recife 2025,4087,4087,0,confere
matriculas profissional Recife 2025,0,0,0,confere
matriculas total Recife 2025,94975,94975,0,confere
conveniadas total Recife 2025,13081,13081,0,confere
matriculas creche Rio Branco 2021,4424,4424,0,confere
matriculas pre_escola Rio Branco 2021,8827,8827,0,confere
matriculas anos_iniciais Rio Branco 2021,8205,8205,0,confere
matriculas anos_finais Rio Branco 2021,0,0,0,confere
matriculas ensino_medio Rio Branco 2021,0,0,0,confere
matriculas eja Rio Branco 2021,663,663,0,confere
matriculas profissional Rio Branco 2021,0,0,0,confere
matriculas total Rio Branco 2021,22119,22119,0,confere
conveniadas total Rio Branco 2021,0,0,0,confere
matriculas creche Rio Branco 2022,4791,4791,0,confere
matriculas pre_escola Rio Branco 2022,8523,8523,0,confere
matriculas anos_iniciais Rio Branco 2022,7788,7788,0,confere
matriculas anos_finais Rio Branco 2022,0,0,0,confere
matriculas ensino_medio Rio Branco 2022,0,0,0,confere
matriculas eja Rio Branco 2022,672,672,0,confere
matriculas profissional Rio Branco 2022,0,0,0,confere
matriculas total Rio Branco 2022,21774,21774,0,confere
conveniadas total Rio Branco 2022,0,0,0,confere
matriculas creche Rio Branco 2023,4803,4803,0,confere
matriculas pre_escola Rio Branco 2023,9008,9008,0,confere
matriculas anos_iniciais Rio Branco 2023,7897,7897,0,confere
matriculas anos_finais Rio Branco 2023,0,0,0,confere
matriculas ensino_medio Rio Branco 2023,0,0,0,confere
matriculas eja Rio Branco 2023,642,642,0,confere
matriculas profissional Rio Branco 2023,0,0,0,confere
matriculas total Rio Branco 2023,22350,22350,0,confere
conveniadas total Rio Branco 2023,0,0,0,confere
matriculas creche Rio Branco 2024,4531,4531,0,confere
matriculas pre_escola Rio Branco 2024,8746,8746,0,confere
matriculas anos_iniciais Rio Branco 2024,7891,7891,0,confere
matriculas anos_finais Rio Branco 2024,0,0,0,confere
matriculas ensino_medio Rio Branco 2024,0,0,0,confere
matriculas eja Rio Branco 2024,632,632,0,confere
matriculas profissional Rio Branco 2024,0,0,0,confere
matriculas total Rio Branco 2024,21800,21800,0,confere
conveniadas total Rio Branco 2024,0,0,0,confere
matriculas creche Rio Branco 2025,4750,4750,0,confere
matriculas pre_escola Rio Branco 2025,8394,8394,0,confere
matriculas anos_iniciais Rio Branco 2025,7910,7910,0,confere
matriculas anos_finais Rio Branco 2025,0,0,0,confere
matriculas ensino_medio Rio Branco 2025,0,0,0,confere
matriculas eja Rio Branco 2025,804,804,0,confere
matriculas profissional Rio Branco 2025,0,0,0,confere
matriculas total Rio Branco 2025,21858,21858,0,confere
conveniadas total Rio Branco 2025,0,0,0,confere
matriculas creche Rio de Janeiro 2021,59213,59213,0,confere
matriculas pre_escola Rio de Janeiro 2021,89554,89554,0,confere
matriculas anos_iniciais Rio de Janeiro 2021,266397,266397,0,confere
matriculas anos_finais Rio de Janeiro 2021,192175,192175,0,confere
matriculas ensino_medio Rio de Janeiro 2021,0,0,0,confere
matriculas eja Rio de Janeiro 2021,22350,22350,0,confere
matriculas profissional Rio de Janeiro 2021,0,0,0,confere
matriculas total Rio de Janeiro 2021,629689,629689,0,confere
conveniadas total Rio de Janeiro 2021,23586,23586,0,confere
matriculas creche Rio de Janeiro 2022,56235,56235,0,confere
matriculas pre_escola Rio de Janeiro 2022,87967,87967,0,confere
matriculas anos_iniciais Rio de Janeiro 2022,263015,263015,0,confere
matriculas anos_finais Rio de Janeiro 2022,197305,197305,0,confere
matriculas ensino_medio Rio de Janeiro 2022,0,0,0,confere
matriculas eja Rio de Janeiro 2022,20911,20911,0,confere
matriculas profissional Rio de Janeiro 2022,0,0,0,confere
matriculas total Rio de Janeiro 2022,625433,625433,0,confere
conveniadas total Rio de Janeiro 2022,34596,34596,0,confere
matriculas creche Rio de Janeiro 2023,51053,51053,0,confere
matriculas pre_escola Rio de Janeiro 2023,88645,88645,0,confere
matriculas anos_iniciais Rio de Janeiro 2023,257041,257041,0,confere
matriculas anos_finais Rio de Janeiro 2023,200086,200086,0,confere
matriculas ensino_medio Rio de Janeiro 2023,0,0,0,confere
matriculas eja Rio de Janeiro 2023,18213,18213,0,confere
matriculas profissional Rio de Janeiro 2023,0,0,0,confere
matriculas total Rio de Janeiro 2023,615038,615038,0,confere
conveniadas total Rio de Janeiro 2023,41886,41886,0,confere
matriculas creche Rio de Janeiro 2024,49869,49869,0,confere
matriculas pre_escola Rio de Janeiro 2024,85476,85476,0,confere
matriculas anos_iniciais Rio de Janeiro 2024,257027,257027,0,confere
matriculas anos_finais Rio de Janeiro 2024,195265,195265,0,confere
matriculas ensino_medio Rio de Janeiro 2024,0,0,0,confere
matriculas eja Rio de Janeiro 2024,16536,16536,0,confere
matriculas profissional Rio de Janeiro 2024,0,0,0,confere
matriculas total Rio de Janeiro 2024,604173,604173,0,confere
conveniadas total Rio de Janeiro 2024,44871,44871,0,confere
matriculas creche Rio de Janeiro 2025,47773,47773,0,confere
matriculas pre_escola Rio de Janeiro 2025,81443,81443,0,confere
matriculas anos_iniciais Rio de Janeiro 2025,250599,250599,0,confere
matriculas anos_finais Rio de Janeiro 2025,191628,191628,0,confere
matriculas ensino_medio Rio de Janeiro 2025,0,0,0,confere
matriculas eja Rio de Janeiro 2025,14579,14579,0,confere
matriculas profissional Rio de Janeiro 2025,0,0,0,confere
matriculas total Rio de Janeiro 2025,586022,586022,0,confere
conveniadas total Rio de Janeiro 2025,44413,44413,0,confere
matriculas creche Salvador 2021,7590,7590,0,confere
matriculas pre_escola Salvador 2021,18214,18214,0,confere
matriculas anos_iniciais Salvador 2021,80598,80598,0,confere
matriculas anos_finais Salvador 2021,26721,26721,0,confere
matriculas ensino_medio Salvador 2021,0,0,0,confere
matriculas eja Salvador 2021,15298,15298,0,confere
matriculas profissional Salvador 2021,0,0,0,confere
matriculas total Salvador 2021,148421,148421,0,confere
conveniadas total Salvador 2021,19139,19139,0,confere
matriculas creche Salvador 2022,8165,8165,0,confere
matriculas pre_escola Salvador 2022,18135,18135,0,confere
matriculas anos_iniciais Salvador 2022,80462,80462,0,confere
matriculas anos_finais Salvador 2022,26663,26663,0,confere
matriculas ensino_medio Salvador 2022,0,0,0,confere
matriculas eja Salvador 2022,10909,10909,0,confere
matriculas profissional Salvador 2022,0,0,0,confere
matriculas total Salvador 2022,144334,144334,0,confere
conveniadas total Salvador 2022,35595,35595,0,confere
matriculas creche Salvador 2023,8224,8224,0,confere
matriculas pre_escola Salvador 2023,16923,16923,0,confere
matriculas anos_iniciais Salvador 2023,78953,78953,0,confere
matriculas anos_finais Salvador 2023,25223,25223,0,confere
matriculas ensino_medio Salvador 2023,0,0,0,confere
matriculas eja Salvador 2023,9661,9661,0,confere
matriculas profissional Salvador 2023,0,0,0,confere
matriculas total Salvador 2023,138984,138984,0,confere
conveniadas total Salvador 2023,36348,36348,0,confere
matriculas creche Salvador 2024,8357,8357,0,confere
matriculas pre_escola Salvador 2024,16197,16197,0,confere
matriculas anos_iniciais Salvador 2024,78706,78706,0,confere
matriculas anos_finais Salvador 2024,24439,24439,0,confere
matriculas ensino_medio Salvador 2024,0,0,0,confere
matriculas eja Salvador 2024,9120,9120,0,confere
matriculas profissional Salvador 2024,0,0,0,confere
matriculas total Salvador 2024,136819,136819,0,confere
conveniadas total Salvador 2024,37123,37123,0,confere
matriculas creche Salvador 2025,8328,8328,0,confere
matriculas pre_escola Salvador 2025,14285,14285,0,confere
matriculas anos_iniciais Salvador 2025,77847,77847,0,confere
matriculas anos_finais Salvador 2025,23976,23976,0,confere
matriculas ensino_medio Salvador 2025,0,0,0,confere
matriculas eja Salvador 2025,9049,9049,0,confere
matriculas profissional Salvador 2025,0,0,0,confere
matriculas total Salvador 2025,133485,133485,0,confere
conveniadas total Salvador 2025,29481,29481,0,confere
matriculas creche São Luís 2021,3409,3409,0,confere
matriculas pre_escola São Luís 2021,9095,9095,0,confere
matriculas anos_iniciais São Luís 2021,38653,38653,0,confere
matriculas anos_finais São Luís 2021,31103,31103,0,confere
matriculas ensino_medio São Luís 2021,0,0,0,confere
matriculas eja São Luís 2021,3318,3318,0,confere
matriculas profissional São Luís 2021,0,0,0,confere
matriculas total São Luís 2021,85578,85578,0,confere
conveniadas total São Luís 2021,27990,27990,0,confere
matriculas creche São Luís 2022,3989,3989,0,confere
matriculas pre_escola São Luís 2022,9472,9472,0,confere
matriculas anos_iniciais São Luís 2022,39575,39575,0,confere
matriculas anos_finais São Luís 2022,31930,31930,0,confere
matriculas ensino_medio São Luís 2022,0,0,0,confere
matriculas eja São Luís 2022,4135,4135,0,confere
matriculas profissional São Luís 2022,0,0,0,confere
matriculas total São Luís 2022,89101,89101,0,confere
conveniadas total São Luís 2022,29705,29705,0,confere
matriculas creche São Luís 2023,3702,3702,0,confere
matriculas pre_escola São Luís 2023,9490,9490,0,confere
matriculas anos_iniciais São Luís 2023,38520,38520,0,confere
matriculas anos_finais São Luís 2023,30423,30423,0,confere
matriculas ensino_medio São Luís 2023,0,0,0,confere
matriculas eja São Luís 2023,4046,4046,0,confere
matriculas profissional São Luís 2023,0,0,0,confere
matriculas total São Luís 2023,86181,86181,0,confere
conveniadas total São Luís 2023,31834,31834,0,confere
matriculas creche São Luís 2024,3479,3479,0,confere
matriculas pre_escola São Luís 2024,9378,9378,0,confere
matriculas anos_iniciais São Luís 2024,36997,36997,0,confere
matriculas anos_finais São Luís 2024,30834,30834,0,confere
matriculas ensino_medio São Luís 2024,0,0,0,confere
matriculas eja São Luís 2024,3690,3690,0,confere
matriculas profissional São Luís 2024,0,0,0,confere
matriculas total São Luís 2024,84378,84378,0,confere
conveniadas total São Luís 2024,31526,31526,0,confere
matriculas creche São Luís 2025,3565,3565,0,confere
matriculas pre_escola São Luís 2025,8381,8381,0,confere
matriculas anos_iniciais São Luís 2025,36973,36973,0,confere
matriculas anos_finais São Luís 2025,30267,30267,0,confere
matriculas ensino_medio São Luís 2025,0,0,0,confere
matriculas eja São Luís 2025,3359,3359,0,confere
matriculas profissional São Luís 2025,0,0,0,confere
matriculas total São Luís 2025,82545,82545,0,confere
conveniadas total São Luís 2025,31107,31107,0,confere
matriculas creche São Paulo 2021,54951,54951,0,confere
matriculas pre_escola São Paulo 2021,222109,222109,0,confere
matriculas anos_iniciais São Paulo 2021,219754,219754,0,confere
matriculas anos_finais São Paulo 2021,196582,196582,0,confere
matriculas ensino_medio São Paulo 2021,2832,2832,0,confere
matriculas eja São Paulo 2021,38513,38513,0,confere
matriculas profissional São Paulo 2021,1229,1229,0,confere
matriculas total São Paulo 2021,735970,735970,0,confere
conveniadas total São Paulo 2021,300463,300463,0,confere
matriculas creche São Paulo 2022,53417,53417,0,confere
matriculas pre_escola São Paulo 2022,214779,214779,0,confere
matriculas anos_iniciais São Paulo 2022,222993,222993,0,confere
matriculas anos_finais São Paulo 2022,193857,193857,0,confere
matriculas ensino_medio São Paulo 2022,2482,2482,0,confere
matriculas eja São Paulo 2022,31663,31663,0,confere
matriculas profissional São Paulo 2022,1420,1420,0,confere
matriculas total São Paulo 2022,720611,720611,0,confere
conveniadas total São Paulo 2022,298883,298883,0,confere
matriculas creche São Paulo 2023,52357,52357,0,confere
matriculas pre_escola São Paulo 2023,209404,209404,0,confere
matriculas anos_iniciais São Paulo 2023,228558,228558,0,confere
matriculas anos_finais São Paulo 2023,187803,187803,0,confere
matriculas ensino_medio São Paulo 2023,2328,2328,0,confere
matriculas eja São Paulo 2023,26273,26273,0,confere
matriculas profissional São Paulo 2023,1637,1637,0,confere
matriculas total São Paulo 2023,708360,708360,0,confere
conveniadas total São Paulo 2023,294372,294372,0,confere
matriculas creche São Paulo 2024,50478,50478,0,confere
matriculas pre_escola São Paulo 2024,197499,197499,0,confere
matriculas anos_iniciais São Paulo 2024,250209,250209,0,confere
matriculas anos_finais São Paulo 2024,185011,185011,0,confere
matriculas ensino_medio São Paulo 2024,2348,2348,0,confere
matriculas eja São Paulo 2024,23016,23016,0,confere
matriculas profissional São Paulo 2024,1614,1614,0,confere
matriculas total São Paulo 2024,710175,710175,0,confere
conveniadas total São Paulo 2024,295495,295495,0,confere
matriculas creche São Paulo 2025,47949,47949,0,confere
matriculas pre_escola São Paulo 2025,182882,182882,0,confere
matriculas anos_iniciais São Paulo 2025,266918,266918,0,confere
matriculas anos_finais São Paulo 2025,182115,182115,0,confere
matriculas ensino_medio São Paulo 2025,2620,2620,0,confere
matriculas eja São Paulo 2025,19417,19417,0,confere
matriculas profissional São Paulo 2025,1035,1035,0,confere
matriculas total São Paulo 2025,702936,702936,0,confere
conveniadas total São Paulo 2025,285770,285770,0,confere
matriculas creche Teresina 2021,7575,7575,0,confere
matriculas pre_escola Teresina 2021,17272,17272,0,confere
matriculas anos_iniciais Teresina 2021,40529,40529,0,confere
matriculas anos_finais Teresina 2021,25435,25435,0,confere
matriculas ensino_medio Teresina 2021,0,0,0,confere
matriculas eja Teresina 2021,1525,1525,0,confere
matriculas profissional Teresina 2021,0,0,0,confere
matriculas total Teresina 2021,92336,92336,0,confere
conveniadas total Teresina 2021,643,643,0,confere
matriculas creche Teresina 2022,7160,7160,0,confere
matriculas pre_escola Teresina 2022,16725,16725,0,confere
matriculas anos_iniciais Teresina 2022,40121,40121,0,confere
matriculas anos_finais Teresina 2022,26493,26493,0,confere
matriculas ensino_medio Teresina 2022,0,0,0,confere
matriculas eja Teresina 2022,1117,1117,0,confere
matriculas profissional Teresina 2022,0,0,0,confere
matriculas total Teresina 2022,91616,91616,0,confere
conveniadas total Teresina 2022,0,0,0,confere
matriculas creche Teresina 2023,8929,8929,0,confere
matriculas pre_escola Teresina 2023,17040,17040,0,confere
matriculas anos_iniciais Teresina 2023,38754,38754,0,confere
matriculas anos_finais Teresina 2023,24630,24630,0,confere
matriculas ensino_medio Teresina 2023,0,0,0,confere
matriculas eja Teresina 2023,1233,1233,0,confere
matriculas profissional Teresina 2023,0,0,0,confere
matriculas total Teresina 2023,90586,90586,0,confere
conveniadas total Teresina 2023,0,0,0,confere
matriculas creche Teresina 2024,8864,8864,0,confere
matriculas pre_escola Teresina 2024,16560,16560,0,confere
matriculas anos_iniciais Teresina 2024,38670,38670,0,confere
matriculas anos_finais Teresina 2024,24587,24587,0,confere
matriculas ensino_medio Teresina 2024,0,0,0,confere
matriculas eja Teresina 2024,1257,1257,0,confere
matriculas profissional Teresina 2024,0,0,0,confere
matriculas total Teresina 2024,89938,89938,0,confere
conveniadas total Teresina 2024,30,30,0,confere
matriculas creche Teresina 2025,9481,9481,0,confere
matriculas pre_escola Teresina 2025,15600,15600,0,confere
matriculas anos_iniciais Teresina 2025,38572,38572,0,confere
matriculas anos_finais Teresina 2025,24677,24677,0,confere
matriculas ensino_medio Teresina 2025,0,0,0,confere
matriculas eja Teresina 2025,1224,1224,0,confere
matriculas profissional Teresina 2025,0,0,0,confere
matriculas total Teresina 2025,89554,89554,0,confere
conveniadas total Teresina 2025,0,0,0,confere
matriculas creche Vitória 2021,8600,8600,0,confere
matriculas pre_escola Vitória 2021,6733,6733,0,confere
matriculas anos_iniciais Vitória 2021,15107,15107,0,confere
matriculas anos_finais Vitória 2021,11291,11291,0,confere
matriculas ensino_medio Vitória 2021,0,0,0,confere
matriculas eja Vitória 2021,2057,2057,0,confere
matriculas profissional Vitória 2021,0,0,0,confere
matriculas total Vitória 2021,43788,43788,0,confere
conveniadas total Vitória 2021,0,0,0,confere
matriculas creche Vitória 2022,8827,8827,0,confere
matriculas pre_escola Vitória 2022,6524,6524,0,confere
matriculas anos_iniciais Vitória 2022,14785,14785,0,confere
matriculas anos_finais Vitória 2022,11016,11016,0,confere
matriculas ensino_medio Vitória 2022,0,0,0,confere
matriculas eja Vitória 2022,1780,1780,0,confere
matriculas profissional Vitória 2022,0,0,0,confere
matriculas total Vitória 2022,42932,42932,0,confere
conveniadas total Vitória 2022,0,0,0,confere
matriculas creche Vitória 2023,8541,8541,0,confere
matriculas pre_escola Vitória 2023,6516,6516,0,confere
matriculas anos_iniciais Vitória 2023,14580,14580,0,confere
matriculas anos_finais Vitória 2023,10788,10788,0,confere
matriculas ensino_medio Vitória 2023,0,0,0,confere
matriculas eja Vitória 2023,1222,1222,0,confere
matriculas profissional Vitória 2023,0,0,0,confere
matriculas total Vitória 2023,41647,41647,0,confere
conveniadas total Vitória 2023,0,0,0,confere
matriculas creche Vitória 2024,8530,8530,0,confere
matriculas pre_escola Vitória 2024,6326,6326,0,confere
matriculas anos_iniciais Vitória 2024,14749,14749,0,confere
matriculas anos_finais Vitória 2024,10611,10611,0,confere
matriculas ensino_medio Vitória 2024,0,0,0,confere
matriculas eja Vitória 2024,1172,1172,0,confere
matriculas profissional Vitória 2024,0,0,0,confere
matriculas total Vitória 2024,41388,41388,0,confere
conveniadas total Vitória 2024,0,0,0,confere
matriculas creche Vitória 2025,8281,8281,0,confere
matriculas pre_escola Vitória 2025,6098,6098,0,confere
matriculas anos_iniciais Vitória 2025,14721,14721,0,confere
matriculas anos_finais Vitória 2025,10704,10704,0,confere
matriculas ensino_medio Vitória 2025,0,0,0,confere
matriculas eja Vitória 2025,1109,1109,0,confere
matriculas profissional Vitória 2025,0,0,0,confere
matriculas total Vitória 2025,40913,40913,0,confere
conveniadas total Vitória 2025,0,0,0,confere
subfuncoes soma-total Aracaju 2021,0.0,0.0,0.0,confere
subfuncoes soma-total Aracaju 2022,0.0,0.0,0.0,confere
subfuncoes soma-total Aracaju 2023,0.0,0.0,0.0,confere
subfuncoes soma-total Aracaju 2024,0.0,0.0,0.0,confere
subfuncoes soma-total Aracaju 2025,0.0,0.0,0.0,confere
subfuncoes soma-total Belém 2021,0.0,0.0,0.0,confere
subfuncoes soma-total Belém 2022,0.0,0.0,0.0,confere
subfuncoes soma-total Belém 2023,0.0,0.0,0.0,confere
subfuncoes soma-total Belém 2024,0.0,0.0,0.0,confere
subfuncoes soma-total Belém 2025,0.0,0.0,0.0,confere
subfuncoes soma-total Belo Horizonte 2021,0.0,0.0,0.0,confere
subfuncoes soma-total Belo Horizonte 2022,0.0,0.0,0.0,confere
subfuncoes soma-total Belo Horizonte 2023,-4.76837158203125e-07,0.0,-4.76837158203125e-07,confere
subfuncoes soma-total Belo Horizonte 2024,0.0,0.0,0.0,confere
subfuncoes soma-total Belo Horizonte 2025,0.0,0.0,0.0,confere
subfuncoes soma-total Boa Vista 2021,0.0,0.0,0.0,confere
subfuncoes soma-total Boa Vista 2022,0.0,0.0,0.0,confere
subfuncoes soma-total Boa Vista 2023,0.0,0.0,0.0,confere
subfuncoes soma-total Boa Vista 2024,0.0,0.0,0.0,confere
subfuncoes soma-total Boa Vista 2025,0.0,0.0,0.0,confere
subfuncoes soma-total Campo Grande 2021,0.0,0.0,0.0,confere
subfuncoes soma-total Campo Grande 2022,1.1920928955078125e-07,0.0,1.1920928955078125e-07,confere
subfuncoes soma-total Campo Grande 2023,-1.1920928955078125e-07,0.0,-1.1920928955078125e-07,confere
subfuncoes soma-total Campo Grande 2024,0.0,0.0,0.0,confere
subfuncoes soma-total Campo Grande 2025,-2.384185791015625e-07,0.0,-2.384185791015625e-07,confere
subfuncoes soma-total Cuiabá 2021,0.0,0.0,0.0,confere
subfuncoes soma-total Cuiabá 2022,0.0,0.0,0.0,confere
subfuncoes soma-total Cuiabá 2023,0.0,0.0,0.0,confere
subfuncoes soma-total Cuiabá 2024,0.0,0.0,0.0,confere
subfuncoes soma-total Cuiabá 2025,0.0,0.0,0.0,confere
subfuncoes soma-total Curitiba 2021,0.0,0.0,0.0,confere
subfuncoes soma-total Curitiba 2022,0.0,0.0,0.0,confere
subfuncoes soma-total Curitiba 2023,0.0,0.0,0.0,confere
subfuncoes soma-total Curitiba 2024,0.0,0.0,0.0,confere
subfuncoes soma-total Curitiba 2025,0.0,0.0,0.0,confere
subfuncoes soma-total Florianópolis 2021,0.0,0.0,0.0,confere
subfuncoes soma-total Florianópolis 2022,0.0,0.0,0.0,confere
subfuncoes soma-total Florianópolis 2023,0.0,0.0,0.0,confere
subfuncoes soma-total Florianópolis 2024,0.0,0.0,0.0,confere
subfuncoes soma-total Florianópolis 2025,0.0,0.0,0.0,confere
subfuncoes soma-total Fortaleza 2021,0.0,0.0,0.0,confere
subfuncoes soma-total Fortaleza 2022,0.0,0.0,0.0,confere
subfuncoes soma-total Fortaleza 2023,-4.76837158203125e-07,0.0,-4.76837158203125e-07,confere
subfuncoes soma-total Fortaleza 2024,0.0,0.0,0.0,confere
subfuncoes soma-total Fortaleza 2025,0.0,0.0,0.0,confere
subfuncoes soma-total Goiânia 2021,0.0,0.0,0.0,confere
subfuncoes soma-total Goiânia 2022,0.0,0.0,0.0,confere
subfuncoes soma-total Goiânia 2023,0.0,0.0,0.0,confere
subfuncoes soma-total Goiânia 2024,0.0,0.0,0.0,confere
subfuncoes soma-total Goiânia 2025,0.0,0.0,0.0,confere
subfuncoes soma-total João Pessoa 2021,0.0,0.0,0.0,confere
subfuncoes soma-total João Pessoa 2022,0.0,0.0,0.0,confere
subfuncoes soma-total João Pessoa 2023,0.0,0.0,0.0,confere
subfuncoes soma-total João Pessoa 2024,1.1920928955078125e-07,0.0,1.1920928955078125e-07,confere
subfuncoes soma-total João Pessoa 2025,0.0,0.0,0.0,confere
subfuncoes soma-total Macapá 2021,2.9802322387695312e-08,0.0,2.9802322387695312e-08,confere
subfuncoes soma-total Macapá 2022,0.0,0.0,0.0,confere
subfuncoes soma-total Macapá 2023,5.960464477539063e-08,0.0,5.960464477539063e-08,confere
subfuncoes soma-total Macapá 2024,0.0,0.0,0.0,confere
subfuncoes soma-total Macapá 2025,-5.960464477539063e-08,0.0,-5.960464477539063e-08,confere
subfuncoes soma-total Maceió 2021,0.0,0.0,0.0,confere
subfuncoes soma-total Maceió 2022,0.0,0.0,0.0,confere
subfuncoes soma-total Maceió 2023,0.0,0.0,0.0,confere
subfuncoes soma-total Maceió 2024,1.1920928955078125e-07,0.0,1.1920928955078125e-07,confere
subfuncoes soma-total Maceió 2025,0.0,0.0,0.0,confere
subfuncoes soma-total Manaus 2021,0.0,0.0,0.0,confere
subfuncoes soma-total Manaus 2022,0.0,0.0,0.0,confere
subfuncoes soma-total Manaus 2023,0.0,0.0,0.0,confere
subfuncoes soma-total Manaus 2024,0.0,0.0,0.0,confere
subfuncoes soma-total Manaus 2025,0.0,0.0,0.0,confere
subfuncoes soma-total Natal 2021,0.0,0.0,0.0,confere
subfuncoes soma-total Natal 2022,0.0,0.0,0.0,confere
subfuncoes soma-total Natal 2023,0.0,0.0,0.0,confere
subfuncoes soma-total Natal 2024,0.0,0.0,0.0,confere
subfuncoes soma-total Natal 2025,0.0,0.0,0.0,confere
subfuncoes soma-total Palmas 2021,0.0,0.0,0.0,confere
subfuncoes soma-total Palmas 2022,0.0,0.0,0.0,confere
subfuncoes soma-total Palmas 2023,1.1920928955078125e-07,0.0,1.1920928955078125e-07,confere
subfuncoes soma-total Palmas 2024,0.0,0.0,0.0,confere
subfuncoes soma-total Palmas 2025,0.0,0.0,0.0,confere
subfuncoes soma-total Porto Alegre 2021,1.1920928955078125e-07,0.0,1.1920928955078125e-07,confere
subfuncoes soma-total Porto Alegre 2022,0.0,0.0,0.0,confere
subfuncoes soma-total Porto Alegre 2023,1.1920928955078125e-07,0.0,1.1920928955078125e-07,confere
subfuncoes soma-total Porto Alegre 2024,0.0,0.0,0.0,confere
subfuncoes soma-total Porto Alegre 2025,-2.384185791015625e-07,0.0,-2.384185791015625e-07,confere
subfuncoes soma-total Porto Velho 2021,0.0,0.0,0.0,confere
subfuncoes soma-total Porto Velho 2022,0.0,0.0,0.0,confere
subfuncoes soma-total Porto Velho 2023,0.0,0.0,0.0,confere
subfuncoes soma-total Porto Velho 2024,0.0,0.0,0.0,confere
subfuncoes soma-total Porto Velho 2025,0.0,0.0,0.0,confere
subfuncoes soma-total Recife 2021,0.0,0.0,0.0,confere
subfuncoes soma-total Recife 2022,0.0,0.0,0.0,confere
subfuncoes soma-total Recife 2023,0.0,0.0,0.0,confere
subfuncoes soma-total Recife 2024,0.0,0.0,0.0,confere
subfuncoes soma-total Recife 2025,0.0,0.0,0.0,confere
subfuncoes soma-total Rio Branco 2021,-2.9802322387695312e-08,0.0,-2.9802322387695312e-08,confere
subfuncoes soma-total Rio Branco 2022,2.9802322387695312e-08,0.0,2.9802322387695312e-08,confere
subfuncoes soma-total Rio Branco 2023,5.960464477539063e-08,0.0,5.960464477539063e-08,confere
subfuncoes soma-total Rio Branco 2024,0.0,0.0,0.0,confere
subfuncoes soma-total Rio Branco 2025,0.0,0.0,0.0,confere
subfuncoes soma-total Rio de Janeiro 2021,0.0,0.0,0.0,confere
subfuncoes soma-total Rio de Janeiro 2022,0.0,0.0,0.0,confere
subfuncoes soma-total Rio de Janeiro 2023,0.0,0.0,0.0,confere
subfuncoes soma-total Rio de Janeiro 2024,-9.5367431640625e-07,0.0,-9.5367431640625e-07,confere
subfuncoes soma-total Rio de Janeiro 2025,0.0,0.0,0.0,confere
subfuncoes soma-total Salvador 2021,2.384185791015625e-07,0.0,2.384185791015625e-07,confere
subfuncoes soma-total Salvador 2022,0.0,0.0,0.0,confere
subfuncoes soma-total Salvador 2023,0.0,0.0,0.0,confere
subfuncoes soma-total Salvador 2024,-4.76837158203125e-07,0.0,-4.76837158203125e-07,confere
subfuncoes soma-total Salvador 2025,0.0,0.0,0.0,confere
subfuncoes soma-total São Luís 2021,-1.1920928955078125e-07,0.0,-1.1920928955078125e-07,confere
subfuncoes soma-total São Luís 2022,0.0,0.0,0.0,confere
subfuncoes soma-total São Luís 2023,0.0,0.0,0.0,confere
subfuncoes soma-total São Luís 2024,0.0,0.0,0.0,confere
subfuncoes soma-total São Luís 2025,0.0,0.0,0.0,confere
subfuncoes soma-total São Paulo 2021,-1.9073486328125e-06,0.0,-1.9073486328125e-06,confere
subfuncoes soma-total São Paulo 2022,0.0,0.0,0.0,confere
subfuncoes soma-total São Paulo 2023,0.0,0.0,0.0,confere
subfuncoes soma-total São Paulo 2024,0.0,0.0,0.0,confere
subfuncoes soma-total São Paulo 2025,0.0,0.0,0.0,confere
subfuncoes soma-total Teresina 2021,0.0,0.0,0.0,confere
subfuncoes soma-total Teresina 2022,0.0,0.0,0.0,confere
subfuncoes soma-total Teresina 2023,-1.1920928955078125e-07,0.0,-1.1920928955078125e-07,confere
subfuncoes soma-total Teresina 2024,1.1920928955078125e-07,0.0,1.1920928955078125e-07,confere
subfuncoes soma-total Teresina 2025,0.0,0.0,0.0,confere
subfuncoes soma-total Vitória 2021,0.0,0.0,0.0,confere
subfuncoes soma-total Vitória 2022,0.0,0.0,0.0,confere
subfuncoes soma-total Vitória 2023,0.0,0.0,0.0,confere
subfuncoes soma-total Vitória 2024,0.0,0.0,0.0,confere
subfuncoes soma-total Vitória 2025,0.0,0.0,0.0,confere
atu creche Aracaju 2021,19.3,19.3,0.0,confere
atu pre_escola Aracaju 2021,20.0,20.0,0.0,confere
atu anos_iniciais Aracaju 2021,23.3,23.3,0.0,confere
atu anos_finais Aracaju 2021,31.7,31.7,0.0,confere
aprov anos_iniciais Aracaju 2021,99.2,99.2,0.0,confere
aprov anos_finais Aracaju 2021,97.0,97.0,0.0,confere
atu creche Belém 2021,23.3,23.3,0.0,confere
atu pre_escola Belém 2021,22.8,22.8,0.0,confere
atu anos_iniciais Belém 2021,27.9,27.9,0.0,confere
atu anos_finais Belém 2021,33.4,33.4,0.0,confere
aprov anos_iniciais Belém 2021,96.2,96.2,0.0,confere
aprov anos_finais Belém 2021,97.3,97.3,0.0,confere
atu creche Belo Horizonte 2021,15.2,15.2,0.0,confere
atu pre_escola Belo Horizonte 2021,20.1,20.1,0.0,confere
atu anos_iniciais Belo Horizonte 2021,23.7,23.7,0.0,confere
atu anos_finais Belo Horizonte 2021,28.7,28.7,0.0,confere
aprov anos_iniciais Belo Horizonte 2021,99.0,99.0,0.0,confere
aprov anos_finais Belo Horizonte 2021,98.5,98.5,0.0,confere
atu creche Boa Vista 2021,26.1,26.1,0.0,confere
atu pre_escola Boa Vista 2021,22.0,22.0,0.0,confere
atu anos_iniciais Boa Vista 2021,24.6,24.6,0.0,confere
atu anos_finais Boa Vista 2021 (fonte '--'),,,,gold status=NAO_APLICAVEL
aprov anos_iniciais Boa Vista 2021,97.2,97.2,0.0,confere
aprov anos_finais Boa Vista 2021 (fonte '--'),,,,gold status=NAO_APLICAVEL
atu creche Campo Grande 2021,20.4,20.4,0.0,confere
atu pre_escola Campo Grande 2021,20.7,20.7,0.0,confere
atu anos_iniciais Campo Grande 2021,27.9,27.9,0.0,confere
atu anos_finais Campo Grande 2021,31.7,31.7,0.0,confere
aprov anos_iniciais Campo Grande 2021,96.8,96.8,0.0,confere
aprov anos_finais Campo Grande 2021,96.5,96.5,0.0,confere
atu creche Cuiabá 2021,26.9,26.9,0.0,confere
atu pre_escola Cuiabá 2021,21.4,21.4,0.0,confere
atu anos_iniciais Cuiabá 2021,25.1,25.1,0.0,confere
atu anos_finais Cuiabá 2021,27.1,27.1,0.0,confere
aprov anos_iniciais Cuiabá 2021,99.7,99.7,0.0,confere
aprov anos_finais Cuiabá 2021,99.4,99.4,0.0,confere
atu creche Curitiba 2021,18.1,18.1,0.0,confere
atu pre_escola Curitiba 2021,25.6,25.6,0.0,confere
atu anos_iniciais Curitiba 2021,27.7,27.7,0.0,confere
atu anos_finais Curitiba 2021,31.4,31.4,0.0,confere
aprov anos_iniciais Curitiba 2021,100.0,100.0,0.0,confere
aprov anos_finais Curitiba 2021,100.0,100.0,0.0,confere
atu creche Florianópolis 2021,7.9,7.9,0.0,confere
atu pre_escola Florianópolis 2021,11.8,11.8,0.0,confere
atu anos_iniciais Florianópolis 2021,25.2,25.2,0.0,confere
atu anos_finais Florianópolis 2021,31.3,31.3,0.0,confere
aprov anos_iniciais Florianópolis 2021,98.1,98.1,0.0,confere
aprov anos_finais Florianópolis 2021,97.2,97.2,0.0,confere
atu creche Fortaleza 2021,18.2,18.2,0.0,confere
atu pre_escola Fortaleza 2021,19.1,19.1,0.0,confere
atu anos_iniciais Fortaleza 2021,26.9,26.9,0.0,confere
atu anos_finais Fortaleza 2021,35.9,35.9,0.0,confere
aprov anos_iniciais Fortaleza 2021,99.9,99.9,0.0,confere
aprov anos_finais Fortaleza 2021,99.8,99.8,0.0,confere
atu creche Goiânia 2021,17.2,17.2,0.0,confere
atu pre_escola Goiânia 2021,20.2,20.2,0.0,confere
atu anos_iniciais Goiânia 2021,24.6,24.6,0.0,confere
atu anos_finais Goiânia 2021,31.4,31.4,0.0,confere
aprov anos_iniciais Goiânia 2021,99.8,99.8,0.0,confere
aprov anos_finais Goiânia 2021,99.8,99.8,0.0,confere
atu creche João Pessoa 2021,22.6,22.6,0.0,confere
atu pre_escola João Pessoa 2021,22.6,22.6,0.0,confere
atu anos_iniciais João Pessoa 2021,26.0,26.0,0.0,confere
atu anos_finais João Pessoa 2021,32.4,32.4,0.0,confere
aprov anos_iniciais João Pessoa 2021,94.2,94.2,0.0,confere
aprov anos_finais João Pessoa 2021,92.4,92.4,0.0,confere
atu creche Macapá 2021,15.9,15.9,0.0,confere
atu pre_escola Macapá 2021,22.1,22.1,0.0,confere
atu anos_iniciais Macapá 2021,25.1,25.1,0.0,confere
atu anos_finais Macapá 2021 (fonte '--'),,,,gold status=NAO_APLICAVEL
aprov anos_iniciais Macapá 2021,97.8,97.8,0.0,confere
aprov anos_finais Macapá 2021 (fonte '--'),,,,gold status=NAO_APLICAVEL
atu creche Maceió 2021,14.9,14.9,0.0,confere
atu pre_escola Maceió 2021,18.2,18.2,0.0,confere
atu anos_iniciais Maceió 2021,23.4,23.4,0.0,confere
atu anos_finais Maceió 2021,36.6,36.6,0.0,confere
aprov anos_iniciais Maceió 2021,93.5,93.5,0.0,confere
aprov anos_finais Maceió 2021,89.2,89.2,0.0,confere
atu creche Manaus 2021,15.9,15.9,0.0,confere
atu pre_escola Manaus 2021,20.4,20.4,0.0,confere
atu anos_iniciais Manaus 2021,27.8,27.8,0.0,confere
atu anos_finais Manaus 2021,32.7,32.7,0.0,confere
aprov anos_iniciais Manaus 2021,98.9,98.9,0.0,confere
aprov anos_finais Manaus 2021,97.6,97.6,0.0,confere
atu creche Natal 2021,18.8,18.8,0.0,confere
atu pre_escola Natal 2021,21.1,21.1,0.0,confere
atu anos_iniciais Natal 2021,25.8,25.8,0.0,confere
atu anos_finais Natal 2021,31.4,31.4,0.0,confere
aprov anos_iniciais Natal 2021,89.0,89.0,0.0,confere
aprov anos_finais Natal 2021,83.7,83.7,0.0,confere
atu creche Palmas 2021,31.2,31.2,0.0,confere
atu pre_escola Palmas 2021,31.0,31.0,0.0,confere
atu anos_iniciais Palmas 2021,29.1,29.1,0.0,confere
atu anos_finais Palmas 2021,36.0,36.0,0.0,confere
aprov anos_iniciais Palmas 2021,99.8,99.8,0.0,confere
aprov anos_finais Palmas 2021,99.7,99.7,0.0,confere
atu creche Porto Alegre 2021,17.9,17.9,0.0,confere
atu pre_escola Porto Alegre 2021,19.7,19.7,0.0,confere
atu anos_iniciais Porto Alegre 2021,24.8,24.8,0.0,confere
atu anos_finais Porto Alegre 2021,26.7,26.7,0.0,confere
aprov anos_iniciais Porto Alegre 2021,98.1,98.1,0.0,confere
aprov anos_finais Porto Alegre 2021,97.3,97.3,0.0,confere
atu creche Porto Velho 2021,16.6,16.6,0.0,confere
atu pre_escola Porto Velho 2021,18.8,18.8,0.0,confere
atu anos_iniciais Porto Velho 2021,20.7,20.7,0.0,confere
atu anos_finais Porto Velho 2021,18.5,18.5,0.0,confere
aprov anos_iniciais Porto Velho 2021,99.8,99.8,0.0,confere
aprov anos_finais Porto Velho 2021,97.8,97.8,0.0,confere
atu creche Recife 2021,17.8,17.8,0.0,confere
atu pre_escola Recife 2021,18.5,18.5,0.0,confere
atu anos_iniciais Recife 2021,21.6,21.6,0.0,confere
atu anos_finais Recife 2021,29.1,29.1,0.0,confere
aprov anos_iniciais Recife 2021,99.5,99.5,0.0,confere
aprov anos_finais Recife 2021,99.9,99.9,0.0,confere
atu creche Rio Branco 2021,19.4,19.4,0.0,confere
atu pre_escola Rio Branco 2021,21.0,21.0,0.0,confere
atu anos_iniciais Rio Branco 2021,25.2,25.2,0.0,confere
atu anos_finais Rio Branco 2021 (fonte '--'),,,,gold status=NAO_APLICAVEL
aprov anos_iniciais Rio Branco 2021,97.2,97.2,0.0,confere
aprov anos_finais Rio Branco 2021 (fonte '--'),,,,gold status=NAO_APLICAVEL
atu creche Rio de Janeiro 2021,22.7,22.7,0.0,confere
atu pre_escola Rio de Janeiro 2021,23.1,23.1,0.0,confere
atu anos_iniciais Rio de Janeiro 2021,29.4,29.4,0.0,confere
atu anos_finais Rio de Janeiro 2021,34.4,34.4,0.0,confere
aprov anos_iniciais Rio de Janeiro 2021,98.8,98.8,0.0,confere
aprov anos_finais Rio de Janeiro 2021,98.4,98.4,0.0,confere
atu creche Salvador 2021,18.9,18.9,0.0,confere
atu pre_escola Salvador 2021,21.6,21.6,0.0,confere
atu anos_iniciais Salvador 2021,25.0,25.0,0.0,confere
atu anos_finais Salvador 2021,30.3,30.3,0.0,confere
aprov anos_iniciais Salvador 2021,98.5,98.5,0.0,confere
aprov anos_finais Salvador 2021,97.3,97.3,0.0,confere
atu creche São Luís 2021,13.2,13.2,0.0,confere
atu pre_escola São Luís 2021,17.8,17.8,0.0,confere
atu anos_iniciais São Luís 2021,25.2,25.2,0.0,confere
atu anos_finais São Luís 2021,34.4,34.4,0.0,confere
aprov anos_iniciais São Luís 2021,95.6,95.6,0.0,confere
aprov anos_finais São Luís 2021,93.9,93.9,0.0,confere
atu creche São Paulo 2021,10.9,10.9,0.0,confere
atu pre_escola São Paulo 2021,30.4,30.4,0.0,confere
atu anos_iniciais São Paulo 2021,28.8,28.8,0.0,confere
atu anos_finais São Paulo 2021,30.0,30.0,0.0,confere
aprov anos_iniciais São Paulo 2021,98.6,98.6,0.0,confere
aprov anos_finais São Paulo 2021,98.1,98.1,0.0,confere
atu creche Teresina 2021,19.1,19.1,0.0,confere
atu pre_escola Teresina 2021,20.6,20.6,0.0,confere
atu anos_iniciais Teresina 2021,27.9,27.9,0.0,confere
atu anos_finais Teresina 2021,33.3,33.3,0.0,confere
aprov anos_iniciais Teresina 2021,99.6,99.6,0.0,confere
aprov anos_finais Teresina 2021,98.9,98.9,0.0,confere
atu creche Vitória 2021,18.3,18.3,0.0,confere
atu pre_escola Vitória 2021,20.3,20.3,0.0,confere
atu anos_iniciais Vitória 2021,22.6,22.6,0.0,confere
atu anos_finais Vitória 2021,25.2,25.2,0.0,confere
aprov anos_iniciais Vitória 2021,97.9,97.9,0.0,confere
aprov anos_finais Vitória 2021,95.5,95.5,0.0,confere
atu creche Aracaju 2022,19.1,19.1,0.0,confere
atu pre_escola Aracaju 2022,19.8,19.8,0.0,confere
atu anos_iniciais Aracaju 2022,23.1,23.1,0.0,confere
atu anos_finais Aracaju 2022,31.1,31.1,0.0,confere
aprov anos_iniciais Aracaju 2022,95.8,95.8,0.0,confere
aprov anos_finais Aracaju 2022,83.8,83.8,0.0,confere
atu creche Belém 2022,23.0,23.0,0.0,confere
atu pre_escola Belém 2022,22.1,22.1,0.0,confere
atu anos_iniciais Belém 2022,25.6,25.6,0.0,confere
atu anos_finais Belém 2022,31.0,31.0,0.0,confere
aprov anos_iniciais Belém 2022,92.5,92.5,0.0,confere
aprov anos_finais Belém 2022,93.9,93.9,0.0,confere
atu creche Belo Horizonte 2022,14.9,14.9,0.0,confere
atu pre_escola Belo Horizonte 2022,17.7,17.7,0.0,confere
atu anos_iniciais Belo Horizonte 2022,23.6,23.6,0.0,confere
atu anos_finais Belo Horizonte 2022,28.3,28.3,0.0,confere
aprov anos_iniciais Belo Horizonte 2022,96.9,96.9,0.0,confere
aprov anos_finais Belo Horizonte 2022,93.4,93.4,0.0,confere
atu creche Boa Vista 2022,27.7,27.7,0.0,confere
atu pre_escola Boa Vista 2022,22.8,22.8,0.0,confere
atu anos_iniciais Boa Vista 2022,24.8,24.8,0.0,confere
atu anos_finais Boa Vista 2022 (fonte '--'),,,,gold status=NAO_APLICAVEL
aprov anos_iniciais Boa Vista 2022,96.4,96.4,0.0,confere
aprov anos_finais Boa Vista 2022 (fonte '--'),,,,gold status=NAO_APLICAVEL
atu creche Campo Grande 2022,22.0,22.0,0.0,confere
atu pre_escola Campo Grande 2022,20.9,20.9,0.0,confere
atu anos_iniciais Campo Grande 2022,27.6,27.6,0.0,confere
atu anos_finais Campo Grande 2022,30.6,30.6,0.0,confere
aprov anos_iniciais Campo Grande 2022,93.0,93.0,0.0,confere
aprov anos_finais Campo Grande 2022,93.9,93.9,0.0,confere
atu creche Cuiabá 2022,28.7,28.7,0.0,confere
atu pre_escola Cuiabá 2022,22.3,22.3,0.0,confere
atu anos_iniciais Cuiabá 2022,24.8,24.8,0.0,confere
atu anos_finais Cuiabá 2022,27.1,27.1,0.0,confere
aprov anos_iniciais Cuiabá 2022,99.8,99.8,0.0,confere
aprov anos_finais Cuiabá 2022,99.7,99.7,0.0,confere
atu creche Curitiba 2022,19.2,19.2,0.0,confere
atu pre_escola Curitiba 2022,24.9,24.9,0.0,confere
atu anos_iniciais Curitiba 2022,27.2,27.2,0.0,confere
atu anos_finais Curitiba 2022,30.9,30.9,0.0,confere
aprov anos_iniciais Curitiba 2022,99.9,99.9,0.0,confere
aprov anos_finais Curitiba 2022,99.4,99.4,0.0,confere
atu creche Florianópolis 2022,8.3,8.3,0.0,confere
atu pre_escola Florianópolis 2022,12.3,12.3,0.0,confere
atu anos_iniciais Florianópolis 2022,25.5,25.5,0.0,confere
atu anos_finais Florianópolis 2022,31.1,31.1,0.0,confere
aprov anos_iniciais Florianópolis 2022,98.1,98.1,0.0,confere
aprov anos_finais Florianópolis 2022,97.5,97.5,0.0,confere
atu creche Fortaleza 2022,18.1,18.1,0.0,confere
atu pre_escola Fortaleza 2022,18.8,18.8,0.0,confere
atu anos_iniciais Fortaleza 2022,26.4,26.4,0.0,confere
atu anos_finais Fortaleza 2022,34.8,34.8,0.0,confere
aprov anos_iniciais Fortaleza 2022,99.7,99.7,0.0,confere
aprov anos_finais Fortaleza 2022,98.5,98.5,0.0,confere
atu creche Goiânia 2022,17.5,17.5,0.0,confere
atu pre_escola Goiânia 2022,21.8,21.8,0.0,confere
atu anos_iniciais Goiânia 2022,24.5,24.5,0.0,confere
atu anos_finais Goiânia 2022,31.3,31.3,0.0,confere
aprov anos_iniciais Goiânia 2022,98.8,98.8,0.0,confere
aprov anos_finais Goiânia 2022,96.0,96.0,0.0,confere
atu creche João Pessoa 2022,24.4,24.4,0.0,confere
atu pre_escola João Pessoa 2022,22.2,22.2,0.0,confere
atu anos_iniciais João Pessoa 2022,25.7,25.7,0.0,confere
atu anos_finais João Pessoa 2022,31.5,31.5,0.0,confere
aprov anos_iniciais João Pessoa 2022,93.0,93.0,0.0,confere
aprov anos_finais João Pessoa 2022,85.7,85.7,0.0,confere
atu creche Macapá 2022,16.3,16.3,0.0,confere
atu pre_escola Macapá 2022,21.6,21.6,0.0,confere
atu anos_iniciais Macapá 2022,24.2,24.2,0.0,confere
atu anos_finais Macapá 2022 (fonte '--'),,,,gold status=NAO_APLICAVEL
aprov anos_iniciais Macapá 2022,94.2,94.2,0.0,confere
aprov anos_finais Macapá 2022 (fonte '--'),,,,gold status=NAO_APLICAVEL
atu creche Maceió 2022,15.2,15.2,0.0,confere
atu pre_escola Maceió 2022,18.4,18.4,0.0,confere
atu anos_iniciais Maceió 2022,23.6,23.6,0.0,confere
atu anos_finais Maceió 2022,35.5,35.5,0.0,confere
aprov anos_iniciais Maceió 2022,88.9,88.9,0.0,confere
aprov anos_finais Maceió 2022,77.2,77.2,0.0,confere
atu creche Manaus 2022,15.4,15.4,0.0,confere
atu pre_escola Manaus 2022,20.0,20.0,0.0,confere
atu anos_iniciais Manaus 2022,26.7,26.7,0.0,confere
atu anos_finais Manaus 2022,31.1,31.1,0.0,confere
aprov anos_iniciais Manaus 2022,96.3,96.3,0.0,confere
aprov anos_finais Manaus 2022,92.0,92.0,0.0,confere
atu creche Natal 2022,19.5,19.5,0.0,confere
atu pre_escola Natal 2022,21.2,21.2,0.0,confere
atu anos_iniciais Natal 2022,26.2,26.2,0.0,confere
atu anos_finais Natal 2022,30.3,30.3,0.0,confere
aprov anos_iniciais Natal 2022,89.1,89.1,0.0,confere
aprov anos_finais Natal 2022,68.4,68.4,0.0,confere
atu creche Palmas 2022,33.1,33.1,0.0,confere
atu pre_escola Palmas 2022,31.5,31.5,0.0,confere
atu anos_iniciais Palmas 2022,28.4,28.4,0.0,confere
atu anos_finais Palmas 2022,34.7,34.7,0.0,confere
aprov anos_iniciais Palmas 2022,99.8,99.8,0.0,confere
aprov anos_finais Palmas 2022,98.2,98.2,0.0,confere
atu creche Porto Alegre 2022,17.5,17.5,0.0,confere
atu pre_escola Porto Alegre 2022,18.9,18.9,0.0,confere
atu anos_iniciais Porto Alegre 2022,23.8,23.8,0.0,confere
atu anos_finais Porto Alegre 2022,24.4,24.4,0.0,confere
aprov anos_iniciais Porto Alegre 2022,91.3,91.3,0.0,confere
aprov anos_finais Porto Alegre 2022,87.3,87.3,0.0,confere
atu creche Porto Velho 2022,17.4,17.4,0.0,confere
atu pre_escola Porto Velho 2022,19.2,19.2,0.0,confere
atu anos_iniciais Porto Velho 2022,21.3,21.3,0.0,confere
atu anos_finais Porto Velho 2022,21.3,21.3,0.0,confere
aprov anos_iniciais Porto Velho 2022,98.7,98.7,0.0,confere
aprov anos_finais Porto Velho 2022,96.7,96.7,0.0,confere
atu creche Recife 2022,18.2,18.2,0.0,confere
atu pre_escola Recife 2022,18.3,18.3,0.0,confere
atu anos_iniciais Recife 2022,21.2,21.2,0.0,confere
atu anos_finais Recife 2022,28.4,28.4,0.0,confere
aprov anos_iniciais Recife 2022,94.4,94.4,0.0,confere
aprov anos_finais Recife 2022,95.7,95.7,0.0,confere
atu creche Rio Branco 2022,20.7,20.7,0.0,confere
atu pre_escola Rio Branco 2022,21.8,21.8,0.0,confere
atu anos_iniciais Rio Branco 2022,24.3,24.3,0.0,confere
atu anos_finais Rio Branco 2022 (fonte '--'),,,,gold status=NAO_APLICAVEL
aprov anos_iniciais Rio Branco 2022,95.5,95.5,0.0,confere
aprov anos_finais Rio Branco 2022 (fonte '--'),,,,gold status=NAO_APLICAVEL
atu creche Rio de Janeiro 2022,22.1,22.1,0.0,confere
atu pre_escola Rio de Janeiro 2022,23.1,23.1,0.0,confere
atu anos_iniciais Rio de Janeiro 2022,29.3,29.3,0.0,confere
atu anos_finais Rio de Janeiro 2022,34.6,34.6,0.0,confere
aprov anos_iniciais Rio de Janeiro 2022,96.0,96.0,0.0,confere
aprov anos_finais Rio de Janeiro 2022,95.1,95.1,0.0,confere
atu creche Salvador 2022,19.2,19.2,0.0,confere
atu pre_escola Salvador 2022,21.4,21.4,0.0,confere
atu anos_iniciais Salvador 2022,24.7,24.7,0.0,confere
atu anos_finais Salvador 2022,28.9,28.9,0.0,confere
aprov anos_iniciais Salvador 2022,91.3,91.3,0.0,confere
aprov anos_finais Salvador 2022,84.4,84.4,0.0,confere
atu creche São Luís 2022,14.2,14.2,0.0,confere
atu pre_escola São Luís 2022,18.8,18.8,0.0,confere
atu anos_iniciais São Luís 2022,26.2,26.2,0.0,confere
atu anos_finais São Luís 2022,34.6,34.6,0.0,confere
aprov anos_iniciais São Luís 2022,94.3,94.3,0.0,confere
aprov anos_finais São Luís 2022,91.2,91.2,0.0,confere
atu creche São Paulo 2022,10.2,10.2,0.0,confere
atu pre_escola São Paulo 2022,29.4,29.4,0.0,confere
atu anos_iniciais São Paulo 2022,29.1,29.1,0.0,confere
atu anos_finais São Paulo 2022,29.9,29.9,0.0,confere
aprov anos_iniciais São Paulo 2022,99.0,99.0,0.0,confere
aprov anos_finais São Paulo 2022,97.8,97.8,0.0,confere
atu creche Teresina 2022,21.3,21.3,0.0,confere
atu pre_escola Teresina 2022,20.5,20.5,0.0,confere
atu anos_iniciais Teresina 2022,27.2,27.2,0.0,confere
atu anos_finais Teresina 2022,34.3,34.3,0.0,confere
aprov anos_iniciais Teresina 2022,98.5,98.5,0.0,confere
aprov anos_finais Teresina 2022,94.9,94.9,0.0,confere
atu creche Vitória 2022,20.3,20.3,0.0,confere
atu pre_escola Vitória 2022,19.9,19.9,0.0,confere
atu anos_iniciais Vitória 2022,22.2,22.2,0.0,confere
atu anos_finais Vitória 2022,25.6,25.6,0.0,confere
aprov anos_iniciais Vitória 2022,95.9,95.9,0.0,confere
aprov anos_finais Vitória 2022,89.3,89.3,0.0,confere
atu creche Aracaju 2023,18.8,18.8,0.0,confere
atu pre_escola Aracaju 2023,19.3,19.3,0.0,confere
atu anos_iniciais Aracaju 2023,22.7,22.7,0.0,confere
atu anos_finais Aracaju 2023,29.3,29.3,0.0,confere
aprov anos_iniciais Aracaju 2023,98.8,98.8,0.0,confere
aprov anos_finais Aracaju 2023,91.4,91.4,0.0,confere
atu creche Belém 2023,22.2,22.2,0.0,confere
atu pre_escola Belém 2023,21.9,21.9,0.0,confere
atu anos_iniciais Belém 2023,25.7,25.7,0.0,confere
atu anos_finais Belém 2023,30.2,30.2,0.0,confere
aprov anos_iniciais Belém 2023,98.8,98.8,0.0,confere
aprov anos_finais Belém 2023,98.5,98.5,0.0,confere
atu creche Belo Horizonte 2023,15.1,15.1,0.0,confere
atu pre_escola Belo Horizonte 2023,19.0,19.0,0.0,confere
atu anos_iniciais Belo Horizonte 2023,23.8,23.8,0.0,confere
atu anos_finais Belo Horizonte 2023,28.4,28.4,0.0,confere
aprov anos_iniciais Belo Horizonte 2023,97.2,97.2,0.0,confere
aprov anos_finais Belo Horizonte 2023,92.3,92.3,0.0,confere
atu creche Boa Vista 2023,27.7,27.7,0.0,confere
atu pre_escola Boa Vista 2023,22.8,22.8,0.0,confere
atu anos_iniciais Boa Vista 2023,25.8,25.8,0.0,confere
atu anos_finais Boa Vista 2023 (fonte '--'),,,,gold status=NAO_APLICAVEL
aprov anos_iniciais Boa Vista 2023,97.6,97.6,0.0,confere
aprov anos_finais Boa Vista 2023 (fonte '--'),,,,gold status=NAO_APLICAVEL
atu creche Campo Grande 2023,22.6,22.6,0.0,confere
atu pre_escola Campo Grande 2023,21.2,21.2,0.0,confere
atu anos_iniciais Campo Grande 2023,27.6,27.6,0.0,confere
atu anos_finais Campo Grande 2023,30.4,30.4,0.0,confere
aprov anos_iniciais Campo Grande 2023,94.2,94.2,0.0,confere
aprov anos_finais Campo Grande 2023,93.6,93.6,0.0,confere
atu creche Cuiabá 2023,28.3,28.3,0.0,confere
atu pre_escola Cuiabá 2023,23.0,23.0,0.0,confere
atu anos_iniciais Cuiabá 2023,25.3,25.3,0.0,confere
atu anos_finais Cuiabá 2023,27.4,27.4,0.0,confere
aprov anos_iniciais Cuiabá 2023,99.9,99.9,0.0,confere
aprov anos_finais Cuiabá 2023,99.6,99.6,0.0,confere
atu creche Curitiba 2023,20.9,20.9,0.0,confere
atu pre_escola Curitiba 2023,24.8,24.8,0.0,confere
atu anos_iniciais Curitiba 2023,27.1,27.1,0.0,confere
atu anos_finais Curitiba 2023,31.9,31.9,0.0,confere
aprov anos_iniciais Curitiba 2023,100.0,100.0,0.0,confere
aprov anos_finais Curitiba 2023,99.6,99.6,0.0,confere
atu creche Florianópolis 2023,8.1,8.1,0.0,confere
atu pre_escola Florianópolis 2023,12.9,12.9,0.0,confere
atu anos_iniciais Florianópolis 2023,25.5,25.5,0.0,confere
atu anos_finais Florianópolis 2023,30.5,30.5,0.0,confere
aprov anos_iniciais Florianópolis 2023,99.0,99.0,0.0,confere
aprov anos_finais Florianópolis 2023,97.6,97.6,0.0,confere
atu creche Fortaleza 2023,18.3,18.3,0.0,confere
atu pre_escola Fortaleza 2023,19.0,19.0,0.0,confere
atu anos_iniciais Fortaleza 2023,26.4,26.4,0.0,confere
atu anos_finais Fortaleza 2023,34.8,34.8,0.0,confere
aprov anos_iniciais Fortaleza 2023,99.9,99.9,0.0,confere
aprov anos_finais Fortaleza 2023,99.0,99.0,0.0,confere
atu creche Goiânia 2023,17.6,17.6,0.0,confere
atu pre_escola Goiânia 2023,22.1,22.1,0.0,confere
atu anos_iniciais Goiânia 2023,25.0,25.0,0.0,confere
atu anos_finais Goiânia 2023,29.9,29.9,0.0,confere
aprov anos_iniciais Goiânia 2023,99.8,99.8,0.0,confere
aprov anos_finais Goiânia 2023,98.9,98.9,0.0,confere
atu creche João Pessoa 2023,25.1,25.1,0.0,confere
atu pre_escola João Pessoa 2023,23.7,23.7,0.0,confere
atu anos_iniciais João Pessoa 2023,26.1,26.1,0.0,confere
atu anos_finais João Pessoa 2023,31.5,31.5,0.0,confere
aprov anos_iniciais João Pessoa 2023,93.8,93.8,0.0,confere
aprov anos_finais João Pessoa 2023,85.2,85.2,0.0,confere
atu creche Macapá 2023,16.4,16.4,0.0,confere
atu pre_escola Macapá 2023,21.0,21.0,0.0,confere
atu anos_iniciais Macapá 2023,24.1,24.1,0.0,confere
atu anos_finais Macapá 2023 (fonte '--'),,,,gold status=NAO_APLICAVEL
aprov anos_iniciais Macapá 2023,97.8,97.8,0.0,confere
aprov anos_finais Macapá 2023 (fonte '--'),,,,gold status=NAO_APLICAVEL
atu creche Maceió 2023,14.9,14.9,0.0,confere
atu pre_escola Maceió 2023,18.5,18.5,0.0,confere
atu anos_iniciais Maceió 2023,23.3,23.3,0.0,confere
atu anos_finais Maceió 2023,33.6,33.6,0.0,confere
aprov anos_iniciais Maceió 2023,94.8,94.8,0.0,confere
aprov anos_finais Maceió 2023,85.8,85.8,0.0,confere
atu creche Manaus 2023,15.8,15.8,0.0,confere
atu pre_escola Manaus 2023,20.2,20.2,0.0,confere
atu anos_iniciais Manaus 2023,26.9,26.9,0.0,confere
atu anos_finais Manaus 2023,31.5,31.5,0.0,confere
aprov anos_iniciais Manaus 2023,99.9,99.9,0.0,confere
aprov anos_finais Manaus 2023,98.3,98.3,0.0,confere
atu creche Natal 2023,19.6,19.6,0.0,confere
atu pre_escola Natal 2023,21.4,21.4,0.0,confere
atu anos_iniciais Natal 2023,26.1,26.1,0.0,confere
atu anos_finais Natal 2023,27.9,27.9,0.0,confere
aprov anos_iniciais Natal 2023,91.0,91.0,0.0,confere
aprov anos_finais Natal 2023,72.8,72.8,0.0,confere
atu creche Palmas 2023,31.2,31.2,0.0,confere
atu pre_escola Palmas 2023,32.2,32.2,0.0,confere
atu anos_iniciais Palmas 2023,28.6,28.6,0.0,confere
atu anos_finais Palmas 2023,35.4,35.4,0.0,confere
aprov anos_iniciais Palmas 2023,99.8,99.8,0.0,confere
aprov anos_finais Palmas 2023,99.1,99.1,0.0,confere
atu creche Porto Alegre 2023,17.5,17.5,0.0,confere
atu pre_escola Porto Alegre 2023,18.6,18.6,0.0,confere
atu anos_iniciais Porto Alegre 2023,24.1,24.1,0.0,confere
atu anos_finais Porto Alegre 2023,24.8,24.8,0.0,confere
aprov anos_iniciais Porto Alegre 2023,93.4,93.4,0.0,confere
aprov anos_finais Porto Alegre 2023,87.7,87.7,0.0,confere
atu creche Porto Velho 2023,17.5,17.5,0.0,confere
atu pre_escola Porto Velho 2023,19.7,19.7,0.0,confere
atu anos_iniciais Porto Velho 2023,21.4,21.4,0.0,confere
atu anos_finais Porto Velho 2023,20.6,20.6,0.0,confere
aprov anos_iniciais Porto Velho 2023,96.5,96.5,0.0,confere
aprov anos_finais Porto Velho 2023,80.0,80.0,0.0,confere
atu creche Recife 2023,17.8,17.8,0.0,confere
atu pre_escola Recife 2023,17.9,17.9,0.0,confere
atu anos_iniciais Recife 2023,20.9,20.9,0.0,confere
atu anos_finais Recife 2023,28.0,28.0,0.0,confere
aprov anos_iniciais Recife 2023,98.6,98.6,0.0,confere
aprov anos_finais Recife 2023,97.0,97.0,0.0,confere
atu creche Rio Branco 2023,20.5,20.5,0.0,confere
atu pre_escola Rio Branco 2023,22.2,22.2,0.0,confere
atu anos_iniciais Rio Branco 2023,24.3,24.3,0.0,confere
atu anos_finais Rio Branco 2023 (fonte '--'),,,,gold status=NAO_APLICAVEL
aprov anos_iniciais Rio Branco 2023,98.3,98.3,0.0,confere
aprov anos_finais Rio Branco 2023 (fonte '--'),,,,gold status=NAO_APLICAVEL
atu creche Rio de Janeiro 2023,22.3,22.3,0.0,confere
atu pre_escola Rio de Janeiro 2023,23.0,23.0,0.0,confere
atu anos_iniciais Rio de Janeiro 2023,29.3,29.3,0.0,confere
atu anos_finais Rio de Janeiro 2023,35.1,35.1,0.0,confere
aprov anos_iniciais Rio de Janeiro 2023,98.5,98.5,0.0,confere
aprov anos_finais Rio de Janeiro 2023,96.8,96.8,0.0,confere
atu creche Salvador 2023,18.4,18.4,0.0,confere
atu pre_escola Salvador 2023,20.9,20.9,0.0,confere
atu anos_iniciais Salvador 2023,24.5,24.5,0.0,confere
atu anos_finais Salvador 2023,28.0,28.0,0.0,confere
aprov anos_iniciais Salvador 2023,97.1,97.1,0.0,confere
aprov anos_finais Salvador 2023,90.5,90.5,0.0,confere
atu creche São Luís 2023,13.6,13.6,0.0,confere
atu pre_escola São Luís 2023,19.0,19.0,0.0,confere
atu anos_iniciais São Luís 2023,25.7,25.7,0.0,confere
atu anos_finais São Luís 2023,33.1,33.1,0.0,confere
aprov anos_iniciais São Luís 2023,97.9,97.9,0.0,confere
aprov anos_finais São Luís 2023,93.8,93.8,0.0,confere
atu creche São Paulo 2023,9.9,9.9,0.0,confere
atu pre_escola São Paulo 2023,28.4,28.4,0.0,confere
atu anos_iniciais São Paulo 2023,29.1,29.1,0.0,confere
atu anos_finais São Paulo 2023,30.0,30.0,0.0,confere
aprov anos_iniciais São Paulo 2023,99.5,99.5,0.0,confere
aprov anos_finais São Paulo 2023,98.8,98.8,0.0,confere
atu creche Teresina 2023,19.4,19.4,0.0,confere
atu pre_escola Teresina 2023,20.7,20.7,0.0,confere
atu anos_iniciais Teresina 2023,26.5,26.5,0.0,confere
atu anos_finais Teresina 2023,32.6,32.6,0.0,confere
aprov anos_iniciais Teresina 2023,99.4,99.4,0.0,confere
aprov anos_finais Teresina 2023,98.2,98.2,0.0,confere
atu creche Vitória 2023,20.4,20.4,0.0,confere
atu pre_escola Vitória 2023,19.5,19.5,0.0,confere
atu anos_iniciais Vitória 2023,22.4,22.4,0.0,confere
atu anos_finais Vitória 2023,25.7,25.7,0.0,confere
aprov anos_iniciais Vitória 2023,97.0,97.0,0.0,confere
aprov anos_finais Vitória 2023,92.8,92.8,0.0,confere
atu creche Aracaju 2024,18.6,18.6,0.0,confere
atu pre_escola Aracaju 2024,18.9,18.9,0.0,confere
atu anos_iniciais Aracaju 2024,23.5,23.5,0.0,confere
atu anos_finais Aracaju 2024,30.5,30.5,0.0,confere
aprov anos_iniciais Aracaju 2024,98.4,98.4,0.0,confere
aprov anos_finais Aracaju 2024,89.7,89.7,0.0,confere
atu creche Belém 2024,20.3,20.3,0.0,confere
atu pre_escola Belém 2024,20.6,20.6,0.0,confere
atu anos_iniciais Belém 2024,24.8,24.8,0.0,confere
atu anos_finais Belém 2024,29.4,29.4,0.0,confere
aprov anos_iniciais Belém 2024,97.7,97.7,0.0,confere
aprov anos_finais Belém 2024,97.1,97.1,0.0,confere
atu creche Belo Horizonte 2024,14.5,14.5,0.0,confere
atu pre_escola Belo Horizonte 2024,18.6,18.6,0.0,confere
atu anos_iniciais Belo Horizonte 2024,23.9,23.9,0.0,confere
atu anos_finais Belo Horizonte 2024,28.1,28.1,0.0,confere
aprov anos_iniciais Belo Horizonte 2024,97.6,97.6,0.0,confere
aprov anos_finais Belo Horizonte 2024,93.2,93.2,0.0,confere
atu creche Boa Vista 2024,27.8,27.8,0.0,confere
atu pre_escola Boa Vista 2024,22.5,22.5,0.0,confere
atu anos_iniciais Boa Vista 2024,25.1,25.1,0.0,confere
atu anos_finais Boa Vista 2024,21.0,21.0,0.0,confere
aprov anos_iniciais Boa Vista 2024,97.7,97.7,0.0,confere
aprov anos_finais Boa Vista 2024,96.7,96.7,0.0,confere
atu creche Campo Grande 2024,22.6,22.6,0.0,confere
atu pre_escola Campo Grande 2024,20.4,20.4,0.0,confere
atu anos_iniciais Campo Grande 2024,26.6,26.6,0.0,confere
atu anos_finais Campo Grande 2024,29.2,29.2,0.0,confere
aprov anos_iniciais Campo Grande 2024,95.0,95.0,0.0,confere
aprov anos_finais Campo Grande 2024,93.9,93.9,0.0,confere
atu creche Cuiabá 2024,28.5,28.5,0.0,confere
atu pre_escola Cuiabá 2024,23.3,23.3,0.0,confere
atu anos_iniciais Cuiabá 2024,25.9,25.9,0.0,confere
atu anos_finais Cuiabá 2024,24.2,24.2,0.0,confere
aprov anos_iniciais Cuiabá 2024,99.9,99.9,0.0,confere
aprov anos_finais Cuiabá 2024,99.7,99.7,0.0,confere
atu creche Curitiba 2024,20.0,20.0,0.0,confere
atu pre_escola Curitiba 2024,24.6,24.6,0.0,confere
atu anos_iniciais Curitiba 2024,27.4,27.4,0.0,confere
atu anos_finais Curitiba 2024,32.1,32.1,0.0,confere
aprov anos_iniciais Curitiba 2024,100.0,100.0,0.0,confere
aprov anos_finais Curitiba 2024,99.8,99.8,0.0,confere
atu creche Florianópolis 2024,8.0,8.0,0.0,confere
atu pre_escola Florianópolis 2024,12.9,12.9,0.0,confere
atu anos_iniciais Florianópolis 2024,25.4,25.4,0.0,confere
atu anos_finais Florianópolis 2024,30.1,30.1,0.0,confere
aprov anos_iniciais Florianópolis 2024,98.3,98.3,0.0,confere
aprov anos_finais Florianópolis 2024,96.7,96.7,0.0,confere
atu creche Fortaleza 2024,18.4,18.4,0.0,confere
atu pre_escola Fortaleza 2024,18.6,18.6,0.0,confere
atu anos_iniciais Fortaleza 2024,26.2,26.2,0.0,confere
atu anos_finais Fortaleza 2024,34.9,34.9,0.0,confere
aprov anos_iniciais Fortaleza 2024,99.8,99.8,0.0,confere
aprov anos_finais Fortaleza 2024,98.9,98.9,0.0,confere
atu creche Goiânia 2024,17.9,17.9,0.0,confere
atu pre_escola Goiânia 2024,22.0,22.0,0.0,confere
atu anos_iniciais Goiânia 2024,25.1,25.1,0.0,confere
atu anos_finais Goiânia 2024,30.9,30.9,0.0,confere
aprov anos_iniciais Goiânia 2024,99.6,99.6,0.0,confere
aprov anos_finais Goiânia 2024,98.4,98.4,0.0,confere
atu creche João Pessoa 2024,26.2,26.2,0.0,confere
atu pre_escola João Pessoa 2024,24.0,24.0,0.0,confere
atu anos_iniciais João Pessoa 2024,26.6,26.6,0.0,confere
atu anos_finais João Pessoa 2024,31.7,31.7,0.0,confere
aprov anos_iniciais João Pessoa 2024,94.4,94.4,0.0,confere
aprov anos_finais João Pessoa 2024,86.7,86.7,0.0,confere
atu creche Macapá 2024,17.0,17.0,0.0,confere
atu pre_escola Macapá 2024,21.1,21.1,0.0,confere
atu anos_iniciais Macapá 2024,23.9,23.9,0.0,confere
atu anos_finais Macapá 2024 (fonte '--'),,,,gold status=NAO_DIVULGADO
aprov anos_iniciais Macapá 2024,97.8,97.8,0.0,confere
aprov anos_finais Macapá 2024 (fonte '--'),,,,gold status=NAO_DIVULGADO
atu creche Maceió 2024,16.2,16.2,0.0,confere
atu pre_escola Maceió 2024,19.3,19.3,0.0,confere
atu anos_iniciais Maceió 2024,23.3,23.3,0.0,confere
atu anos_finais Maceió 2024,33.2,33.2,0.0,confere
aprov anos_iniciais Maceió 2024,93.7,93.7,0.0,confere
aprov anos_finais Maceió 2024,84.3,84.3,0.0,confere
atu creche Manaus 2024,15.6,15.6,0.0,confere
atu pre_escola Manaus 2024,20.2,20.2,0.0,confere
atu anos_iniciais Manaus 2024,27.3,27.3,0.0,confere
atu anos_finais Manaus 2024,31.3,31.3,0.0,confere
aprov anos_iniciais Manaus 2024,96.6,96.6,0.0,confere
aprov anos_finais Manaus 2024,91.6,91.6,0.0,confere
atu creche Natal 2024,19.7,19.7,0.0,confere
atu pre_escola Natal 2024,21.3,21.3,0.0,confere
atu anos_iniciais Natal 2024,25.8,25.8,0.0,confere
atu anos_finais Natal 2024,28.8,28.8,0.0,confere
aprov anos_iniciais Natal 2024,91.9,91.9,0.0,confere
aprov anos_finais Natal 2024,72.6,72.6,0.0,confere
atu creche Palmas 2024,31.7,31.7,0.0,confere
atu pre_escola Palmas 2024,31.5,31.5,0.0,confere
atu anos_iniciais Palmas 2024,28.4,28.4,0.0,confere
atu anos_finais Palmas 2024,33.7,33.7,0.0,confere
aprov anos_iniciais Palmas 2024,99.6,99.6,0.0,confere
aprov anos_finais Palmas 2024,98.0,98.0,0.0,confere
atu creche Porto Alegre 2024,17.1,17.1,0.0,confere
atu pre_escola Porto Alegre 2024,17.8,17.8,0.0,confere
atu anos_iniciais Porto Alegre 2024,23.4,23.4,0.0,confere
atu anos_finais Porto Alegre 2024,24.1,24.1,0.0,confere
aprov anos_iniciais Porto Alegre 2024,93.5,93.5,0.0,confere
aprov anos_finais Porto Alegre 2024,88.7,88.7,0.0,confere
atu creche Porto Velho 2024,16.6,16.6,0.0,confere
atu pre_escola Porto Velho 2024,19.4,19.4,0.0,confere
atu anos_iniciais Porto Velho 2024,22.0,22.0,0.0,confere
atu anos_finais Porto Velho 2024,19.1,19.1,0.0,confere
aprov anos_iniciais Porto Velho 2024,96.6,96.6,0.0,confere
aprov anos_finais Porto Velho 2024,73.3,73.3,0.0,confere
atu creche Recife 2024,17.7,17.7,0.0,confere
atu pre_escola Recife 2024,17.7,17.7,0.0,confere
atu anos_iniciais Recife 2024,20.9,20.9,0.0,confere
atu anos_finais Recife 2024,27.9,27.9,0.0,confere
aprov anos_iniciais Recife 2024,99.0,99.0,0.0,confere
aprov anos_finais Recife 2024,97.4,97.4,0.0,confere
atu creche Rio Branco 2024,19.7,19.7,0.0,confere
atu pre_escola Rio Branco 2024,22.6,22.6,0.0,confere
atu anos_iniciais Rio Branco 2024,24.0,24.0,0.0,confere
atu anos_finais Rio Branco 2024 (fonte '--'),,,,gold status=NAO_APLICAVEL
aprov anos_iniciais Rio Branco 2024,97.4,97.4,0.0,confere
aprov anos_finais Rio Branco 2024 (fonte '--'),,,,gold status=NAO_APLICAVEL
atu creche Rio de Janeiro 2024,22.3,22.3,0.0,confere
atu pre_escola Rio de Janeiro 2024,22.3,22.3,0.0,confere
atu anos_iniciais Rio de Janeiro 2024,29.0,29.0,0.0,confere
atu anos_finais Rio de Janeiro 2024,34.7,34.7,0.0,confere
aprov anos_iniciais Rio de Janeiro 2024,98.8,98.8,0.0,confere
aprov anos_finais Rio de Janeiro 2024,97.1,97.1,0.0,confere
atu creche Salvador 2024,18.0,18.0,0.0,confere
atu pre_escola Salvador 2024,19.7,19.7,0.0,confere
atu anos_iniciais Salvador 2024,23.8,23.8,0.0,confere
atu anos_finais Salvador 2024,26.2,26.2,0.0,confere
aprov anos_iniciais Salvador 2024,96.3,96.3,0.0,confere
aprov anos_finais Salvador 2024,89.8,89.8,0.0,confere
atu creche São Luís 2024,12.3,12.3,0.0,confere
atu pre_escola São Luís 2024,18.6,18.6,0.0,confere
atu anos_iniciais São Luís 2024,25.2,25.2,0.0,confere
atu anos_finais São Luís 2024,32.7,32.7,0.0,confere
aprov anos_iniciais São Luís 2024,97.4,97.4,0.0,confere
aprov anos_finais São Luís 2024,93.1,93.1,0.0,confere
atu creche São Paulo 2024,9.7,9.7,0.0,confere
atu pre_escola São Paulo 2024,27.0,27.0,0.0,confere
atu anos_iniciais São Paulo 2024,29.5,29.5,0.0,confere
atu anos_finais São Paulo 2024,30.6,30.6,0.0,confere
aprov anos_iniciais São Paulo 2024,99.5,99.5,0.0,confere
aprov anos_finais São Paulo 2024,98.9,98.9,0.0,confere
atu creche Teresina 2024,19.1,19.1,0.0,confere
atu pre_escola Teresina 2024,20.2,20.2,0.0,confere
atu anos_iniciais Teresina 2024,26.5,26.5,0.0,confere
atu anos_finais Teresina 2024,32.2,32.2,0.0,confere
aprov anos_iniciais Teresina 2024,98.6,98.6,0.0,confere
aprov anos_finais Teresina 2024,93.5,93.5,0.0,confere
atu creche Vitória 2024,20.8,20.8,0.0,confere
atu pre_escola Vitória 2024,19.8,19.8,0.0,confere
atu anos_iniciais Vitória 2024,22.9,22.9,0.0,confere
atu anos_finais Vitória 2024,25.6,25.6,0.0,confere
aprov anos_iniciais Vitória 2024,97.5,97.5,0.0,confere
aprov anos_finais Vitória 2024,94.0,94.0,0.0,confere
atu creche Aracaju 2025,18.5,18.5,0.0,confere
atu pre_escola Aracaju 2025,19.0,19.0,0.0,confere
atu anos_iniciais Aracaju 2025,23.3,23.3,0.0,confere
atu anos_finais Aracaju 2025,31.0,31.0,0.0,confere
aprov anos_iniciais Aracaju 2025,98.3,98.3,0.0,confere
aprov anos_finais Aracaju 2025,93.4,93.4,0.0,confere
atu creche Belém 2025,22.0,22.0,0.0,confere
atu pre_escola Belém 2025,20.2,20.2,0.0,confere
atu anos_iniciais Belém 2025,24.9,24.9,0.0,confere
atu anos_finais Belém 2025,28.0,28.0,0.0,confere
aprov anos_iniciais Belém 2025,98.5,98.5,0.0,confere
aprov anos_finais Belém 2025,97.7,97.7,0.0,confere
atu creche Belo Horizonte 2025,14.5,14.5,0.0,confere
atu pre_escola Belo Horizonte 2025,18.1,18.1,0.0,confere
atu anos_iniciais Belo Horizonte 2025,23.9,23.9,0.0,confere
atu anos_finais Belo Horizonte 2025,27.1,27.1,0.0,confere
aprov anos_iniciais Belo Horizonte 2025,98.4,98.4,0.0,confere
aprov anos_finais Belo Horizonte 2025,95.9,95.9,0.0,confere
atu creche Boa Vista 2025,27.5,27.5,0.0,confere
atu pre_escola Boa Vista 2025,21.4,21.4,0.0,confere
atu anos_iniciais Boa Vista 2025,24.3,24.3,0.0,confere
atu anos_finais Boa Vista 2025,25.5,25.5,0.0,confere
aprov anos_iniciais Boa Vista 2025,98.9,98.9,0.0,confere
aprov anos_finais Boa Vista 2025,98.8,98.8,0.0,confere
atu creche Campo Grande 2025,22.1,22.1,0.0,confere
atu pre_escola Campo Grande 2025,19.5,19.5,0.0,confere
atu anos_iniciais Campo Grande 2025,26.2,26.2,0.0,confere
atu anos_finais Campo Grande 2025,28.6,28.6,0.0,confere
aprov anos_iniciais Campo Grande 2025,95.6,95.6,0.0,confere
aprov anos_finais Campo Grande 2025,95.5,95.5,0.0,confere
atu creche Cuiabá 2025,29.6,29.6,0.0,confere
atu pre_escola Cuiabá 2025,23.0,23.0,0.0,confere
atu anos_iniciais Cuiabá 2025,25.6,25.6,0.0,confere
atu anos_finais Cuiabá 2025,21.8,21.8,0.0,confere
aprov anos_iniciais Cuiabá 2025,99.9,99.9,0.0,confere
aprov anos_finais Cuiabá 2025,99.9,99.9,0.0,confere
atu creche Curitiba 2025,19.2,19.2,0.0,confere
atu pre_escola Curitiba 2025,24.5,24.5,0.0,confere
atu anos_iniciais Curitiba 2025,27.4,27.4,0.0,confere
atu anos_finais Curitiba 2025,32.8,32.8,0.0,confere
aprov anos_iniciais Curitiba 2025,99.9,99.9,0.0,confere
aprov anos_finais Curitiba 2025,99.6,99.6,0.0,confere
atu creche Florianópolis 2025,8.5,8.5,0.0,confere
atu pre_escola Florianópolis 2025,12.5,12.5,0.0,confere
atu anos_iniciais Florianópolis 2025,25.1,25.1,0.0,confere
atu anos_finais Florianópolis 2025,29.1,29.1,0.0,confere
aprov anos_iniciais Florianópolis 2025,99.9,99.9,0.0,confere
aprov anos_finais Florianópolis 2025,99.7,99.7,0.0,confere
atu creche Fortaleza 2025,17.4,17.4,0.0,confere
atu pre_escola Fortaleza 2025,17.9,17.9,0.0,confere
atu anos_iniciais Fortaleza 2025,25.7,25.7,0.0,confere
atu anos_finais Fortaleza 2025,34.6,34.6,0.0,confere
aprov anos_iniciais Fortaleza 2025,99.8,99.8,0.0,confere
aprov anos_finais Fortaleza 2025,99.2,99.2,0.0,confere
atu creche Goiânia 2025,19.3,19.3,0.0,confere
atu pre_escola Goiânia 2025,22.6,22.6,0.0,confere
atu anos_iniciais Goiânia 2025,25.4,25.4,0.0,confere
atu anos_finais Goiânia 2025,31.5,31.5,0.0,confere
aprov anos_iniciais Goiânia 2025,99.7,99.7,0.0,confere
aprov anos_finais Goiânia 2025,99.1,99.1,0.0,confere
atu creche João Pessoa 2025,25.9,25.9,0.0,confere
atu pre_escola João Pessoa 2025,24.5,24.5,0.0,confere
atu anos_iniciais João Pessoa 2025,27.2,27.2,0.0,confere
atu anos_finais João Pessoa 2025,32.1,32.1,0.0,confere
aprov anos_iniciais João Pessoa 2025,97.4,97.4,0.0,confere
aprov anos_finais João Pessoa 2025,92.2,92.2,0.0,confere
atu creche Macapá 2025,17.2,17.2,0.0,confere
atu pre_escola Macapá 2025,20.4,20.4,0.0,confere
atu anos_iniciais Macapá 2025,24.1,24.1,0.0,confere
atu anos_finais Macapá 2025 (fonte '--'),,,,gold status=NAO_APLICAVEL
aprov anos_iniciais Macapá 2025,98.3,98.3,0.0,confere
aprov anos_finais Macapá 2025 (fonte '--'),,,,gold status=NAO_APLICAVEL
atu creche Maceió 2025,17.6,17.6,0.0,confere
atu pre_escola Maceió 2025,19.2,19.2,0.0,confere
atu anos_iniciais Maceió 2025,23.0,23.0,0.0,confere
atu anos_finais Maceió 2025,33.3,33.3,0.0,confere
aprov anos_iniciais Maceió 2025,95.9,95.9,0.0,confere
aprov anos_finais Maceió 2025,90.4,90.4,0.0,confere
atu creche Manaus 2025,16.1,16.1,0.0,confere
atu pre_escola Manaus 2025,20.0,20.0,0.0,confere
atu anos_iniciais Manaus 2025,26.5,26.5,0.0,confere
atu anos_finais Manaus 2025,31.3,31.3,0.0,confere
aprov anos_iniciais Manaus 2025,99.9,99.9,0.0,confere
aprov anos_finais Manaus 2025,99.1,99.1,0.0,confere
atu creche Natal 2025,18.3,18.3,0.0,confere
atu pre_escola Natal 2025,20.6,20.6,0.0,confere
atu anos_iniciais Natal 2025,25.4,25.4,0.0,confere
atu anos_finais Natal 2025,29.2,29.2,0.0,confere
aprov anos_iniciais Natal 2025,89.2,89.2,0.0,confere
aprov anos_finais Natal 2025,77.4,77.4,0.0,confere
atu creche Palmas 2025,31.2,31.2,0.0,confere
atu pre_escola Palmas 2025,31.7,31.7,0.0,confere
atu anos_iniciais Palmas 2025,28.0,28.0,0.0,confere
atu anos_finais Palmas 2025,34.1,34.1,0.0,confere
aprov anos_iniciais Palmas 2025,99.8,99.8,0.0,confere
aprov anos_finais Palmas 2025,97.1,97.1,0.0,confere
atu creche Porto Alegre 2025,16.8,16.8,0.0,confere
atu pre_escola Porto Alegre 2025,17.8,17.8,0.0,confere
atu anos_iniciais Porto Alegre 2025,23.0,23.0,0.0,confere
atu anos_finais Porto Alegre 2025,24.3,24.3,0.0,confere
aprov anos_iniciais Porto Alegre 2025,93.4,93.4,0.0,confere
aprov anos_finais Porto Alegre 2025,88.7,88.7,0.0,confere
atu creche Porto Velho 2025,15.0,15.0,0.0,confere
atu pre_escola Porto Velho 2025,18.8,18.8,0.0,confere
atu anos_iniciais Porto Velho 2025,22.7,22.7,0.0,confere
atu anos_finais Porto Velho 2025,18.1,18.1,0.0,confere
aprov anos_iniciais Porto Velho 2025,97.9,97.9,0.0,confere
aprov anos_finais Porto Velho 2025,87.9,87.9,0.0,confere
atu creche Recife 2025,17.3,17.3,0.0,confere
atu pre_escola Recife 2025,17.3,17.3,0.0,confere
atu anos_iniciais Recife 2025,20.5,20.5,0.0,confere
atu anos_finais Recife 2025,28.7,28.7,0.0,confere
aprov anos_iniciais Recife 2025,99.3,99.3,0.0,confere
aprov anos_finais Recife 2025,98.5,98.5,0.0,confere
atu creche Rio Branco 2025,20.0,20.0,0.0,confere
atu pre_escola Rio Branco 2025,21.7,21.7,0.0,confere
atu anos_iniciais Rio Branco 2025,24.0,24.0,0.0,confere
atu anos_finais Rio Branco 2025 (fonte '--'),,,,gold status=NAO_APLICAVEL
aprov anos_iniciais Rio Branco 2025,98.9,98.9,0.0,confere
aprov anos_finais Rio Branco 2025 (fonte '--'),,,,gold status=NAO_APLICAVEL
atu creche Rio de Janeiro 2025,21.6,21.6,0.0,confere
atu pre_escola Rio de Janeiro 2025,21.9,21.9,0.0,confere
atu anos_iniciais Rio de Janeiro 2025,28.4,28.4,0.0,confere
atu anos_finais Rio de Janeiro 2025,34.3,34.3,0.0,confere
aprov anos_iniciais Rio de Janeiro 2025,99.5,99.5,0.0,confere
aprov anos_finais Rio de Janeiro 2025,98.5,98.5,0.0,confere
atu creche Salvador 2025,17.6,17.6,0.0,confere
atu pre_escola Salvador 2025,18.6,18.6,0.0,confere
atu anos_iniciais Salvador 2025,23.6,23.6,0.0,confere
atu anos_finais Salvador 2025,26.8,26.8,0.0,confere
aprov anos_iniciais Salvador 2025,99.1,99.1,0.0,confere
aprov anos_finais Salvador 2025,97.6,97.6,0.0,confere
atu creche São Luís 2025,12.4,12.4,0.0,confere
atu pre_escola São Luís 2025,17.4,17.4,0.0,confere
atu anos_iniciais São Luís 2025,24.7,24.7,0.0,confere
atu anos_finais São Luís 2025,32.2,32.2,0.0,confere
aprov anos_iniciais São Luís 2025,99.0,99.0,0.0,confere
aprov anos_finais São Luís 2025,93.6,93.6,0.0,confere
atu creche São Paulo 2025,9.3,9.3,0.0,confere
atu pre_escola São Paulo 2025,25.7,25.7,0.0,confere
atu anos_iniciais São Paulo 2025,29.5,29.5,0.0,confere
atu anos_finais São Paulo 2025,30.8,30.8,0.0,confere
aprov anos_iniciais São Paulo 2025,99.4,99.4,0.0,confere
aprov anos_finais São Paulo 2025,98.8,98.8,0.0,confere
atu creche Teresina 2025,18.5,18.5,0.0,confere
atu pre_escola Teresina 2025,20.4,20.4,0.0,confere
atu anos_iniciais Teresina 2025,26.8,26.8,0.0,confere
atu anos_finais Teresina 2025,33.3,33.3,0.0,confere
aprov anos_iniciais Teresina 2025,99.5,99.5,0.0,confere
aprov anos_finais Teresina 2025,98.4,98.4,0.0,confere
atu creche Vitória 2025,21.2,21.2,0.0,confere
atu pre_escola Vitória 2025,21.6,21.6,0.0,confere
atu anos_iniciais Vitória 2025,23.2,23.2,0.0,confere
atu anos_finais Vitória 2025,26.7,26.7,0.0,confere
aprov anos_iniciais Vitória 2025,99.2,99.2,0.0,confere
aprov anos_finais Vitória 2025,97.1,97.1,0.0,confere
ideb anos_iniciais Aracaju 2005,2.9,2.9,0.0,confere
ideb anos_iniciais Aracaju 2007,3.3,3.3,0.0,confere
ideb anos_iniciais Aracaju 2009,3.5,3.5,0.0,confere
ideb anos_iniciais Aracaju 2011,3.6,3.6,0.0,confere
ideb anos_iniciais Aracaju 2013,4.1,4.1,0.0,confere
ideb anos_iniciais Aracaju 2015,4.4,4.4,0.0,confere
ideb anos_iniciais Aracaju 2017,4.6,4.6,0.0,confere
ideb anos_iniciais Aracaju 2019,4.8,4.8,0.0,confere
ideb anos_iniciais Aracaju 2021,5.0,5.0,0.0,confere
ideb anos_iniciais Aracaju 2023,5.2,5.2,0.0,confere
ideb anos_iniciais Aracaju 2025,5.8,5.8,0.0,confere
ideb anos_iniciais Belém 2005,3.0,3.0,0.0,confere
ideb anos_iniciais Belém 2007,3.4,3.4,0.0,confere
ideb anos_iniciais Belém 2009,3.9,3.9,0.0,confere
ideb anos_iniciais Belém 2011,4.4,4.4,0.0,confere
ideb anos_iniciais Belém 2013,4.1,4.1,0.0,confere
ideb anos_iniciais Belém 2015,4.6,4.6,0.0,confere
ideb anos_iniciais Belém 2017,5.1,5.1,0.0,confere
ideb anos_iniciais Belém 2019,5.3,5.3,0.0,confere
ideb anos_iniciais Belém 2021,4.9,4.9,0.0,confere
ideb anos_iniciais Belém 2023,5.0,5.0,0.0,confere
ideb anos_iniciais Belém 2025,5.4,5.4,0.0,confere
ideb anos_iniciais Belo Horizonte 2005,4.6,4.6,0.0,confere
ideb anos_iniciais Belo Horizonte 2007,4.4,4.4,0.0,confere
ideb anos_iniciais Belo Horizonte 2009,5.3,5.3,0.0,confere
ideb anos_iniciais Belo Horizonte 2011,5.6,5.6,0.0,confere
ideb anos_iniciais Belo Horizonte 2013,5.7,5.7,0.0,confere
ideb anos_iniciais Belo Horizonte 2015,6.1,6.1,0.0,confere
ideb anos_iniciais Belo Horizonte 2017,6.3,6.3,0.0,confere
ideb anos_iniciais Belo Horizonte 2019,6.0,6.0,0.0,confere
ideb anos_iniciais Belo Horizonte 2021,5.8,5.8,0.0,confere
ideb anos_iniciais Belo Horizonte 2023,5.8,5.8,0.0,confere
ideb anos_iniciais Belo Horizonte 2025,6.2,6.2,0.0,confere
ideb anos_iniciais Boa Vista 2005,3.9,3.9,0.0,confere
ideb anos_iniciais Boa Vista 2007,4.4,4.4,0.0,confere
ideb anos_iniciais Boa Vista 2009,4.7,4.7,0.0,confere
ideb anos_iniciais Boa Vista 2011,5.0,5.0,0.0,confere
ideb anos_iniciais Boa Vista 2013,5.3,5.3,0.0,confere
ideb anos_iniciais Boa Vista 2015,5.5,5.5,0.0,confere
ideb anos_iniciais Boa Vista 2017,5.8,5.8,0.0,confere
ideb anos_iniciais Boa Vista 2019,5.9,5.9,0.0,confere
ideb anos_iniciais Boa Vista 2021,5.5,5.5,0.0,confere
ideb anos_iniciais Boa Vista 2023,5.7,5.7,0.0,confere
ideb anos_iniciais Boa Vista 2025,6.1,6.1,0.0,confere
ideb anos_iniciais Campo Grande 2005,4.2,4.2,0.0,confere
ideb anos_iniciais Campo Grande 2007,5.1,5.1,0.0,confere
ideb anos_iniciais Campo Grande 2009,5.2,5.2,0.0,confere
ideb anos_iniciais Campo Grande 2011,5.8,5.8,0.0,confere
ideb anos_iniciais Campo Grande 2013,5.4,5.4,0.0,confere
ideb anos_iniciais Campo Grande 2015,5.4,5.4,0.0,confere
ideb anos_iniciais Campo Grande 2017,5.7,5.7,0.0,confere
ideb anos_iniciais Campo Grande 2019,5.7,5.7,0.0,confere
ideb anos_iniciais Campo Grande 2021,5.4,5.4,0.0,confere
ideb anos_iniciais Campo Grande 2023,5.3,5.3,0.0,confere
ideb anos_iniciais Campo Grande 2025,5.7,5.7,0.0,confere
ideb anos_iniciais Cuiabá 2005,3.7,3.7,0.0,confere
ideb anos_iniciais Cuiabá 2007,4.1,4.1,0.0,confere
ideb anos_iniciais Cuiabá 2009,4.5,4.5,0.0,confere
ideb anos_iniciais Cuiabá 2011,4.8,4.8,0.0,confere
ideb anos_iniciais Cuiabá 2013,5.1,5.1,0.0,confere
ideb anos_iniciais Cuiabá 2015,5.5,5.5,0.0,confere
ideb anos_iniciais Cuiabá 2017,5.7,5.7,0.0,confere
ideb anos_iniciais Cuiabá 2019,5.8,5.8,0.0,confere
ideb anos_iniciais Cuiabá 2021,5.6,5.6,0.0,confere
ideb anos_iniciais Cuiabá 2023,5.8,5.8,0.0,confere
ideb anos_iniciais Cuiabá 2025,6.1,6.1,0.0,confere
ideb anos_iniciais Curitiba 2005,4.7,4.7,0.0,confere
ideb anos_iniciais Curitiba 2007,5.1,5.1,0.0,confere
ideb anos_iniciais Curitiba 2009,5.7,5.7,0.0,confere
ideb anos_iniciais Curitiba 2011,5.8,5.8,0.0,confere
ideb anos_iniciais Curitiba 2013,5.9,5.9,0.0,confere
ideb anos_iniciais Curitiba 2015,6.3,6.3,0.0,confere
ideb anos_iniciais Curitiba 2017,6.4,6.4,0.0,confere
ideb anos_iniciais Curitiba 2019,6.5,6.5,0.0,confere
ideb anos_iniciais Curitiba 2021,6.0,6.0,0.0,confere
ideb anos_iniciais Curitiba 2023,6.3,6.3,0.0,confere
ideb anos_iniciais Curitiba 2025,6.9,6.9,0.0,confere
ideb anos_iniciais Florianópolis 2005,4.2,4.2,0.0,confere
ideb anos_iniciais Florianópolis 2007,5.0,5.0,0.0,confere
ideb anos_iniciais Florianópolis 2009,5.2,5.2,0.0,confere
ideb anos_iniciais Florianópolis 2011,6.0,6.0,0.0,confere
ideb anos_iniciais Florianópolis 2013,6.1,6.1,0.0,confere
ideb anos_iniciais Florianópolis 2015,6.1,6.1,0.0,confere
ideb anos_iniciais Florianópolis 2017,6.2,6.2,0.0,confere
ideb anos_iniciais Florianópolis 2019,6.0,6.0,0.0,confere
ideb anos_iniciais Florianópolis 2021,5.9,5.9,0.0,confere
ideb anos_iniciais Florianópolis 2023,5.8,5.8,0.0,confere
ideb anos_iniciais Florianópolis 2025,6.7,6.7,0.0,confere
ideb anos_iniciais Fortaleza 2005,3.2,3.2,0.0,confere
ideb anos_iniciais Fortaleza 2007,3.4,3.4,0.0,confere
ideb anos_iniciais Fortaleza 2009,3.9,3.9,0.0,confere
ideb anos_iniciais Fortaleza 2011,4.2,4.2,0.0,confere
ideb anos_iniciais Fortaleza 2013,4.6,4.6,0.0,confere
ideb anos_iniciais Fortaleza 2015,5.4,5.4,0.0,confere
ideb anos_iniciais Fortaleza 2017,6.0,6.0,0.0,confere
ideb anos_iniciais Fortaleza 2019,6.2,6.2,0.0,confere
ideb anos_iniciais Fortaleza 2021,5.8,5.8,0.0,confere
ideb anos_iniciais Fortaleza 2023,5.9,5.9,0.0,confere
ideb anos_iniciais Fortaleza 2025,6.1,6.1,0.0,confere
ideb anos_iniciais Goiânia 2005,3.9,3.9,0.0,confere
ideb anos_iniciais Goiânia 2007,4.2,4.2,0.0,confere
ideb anos_iniciais Goiânia 2009,5.1,5.1,0.0,confere
ideb anos_iniciais Goiânia 2011,5.3,5.3,0.0,confere
ideb anos_iniciais Goiânia 2013,5.4,5.4,0.0,confere
ideb anos_iniciais Goiânia 2015,5.6,5.6,0.0,confere
ideb anos_iniciais Goiânia 2017,5.8,5.8,0.0,confere
ideb anos_iniciais Goiânia 2019,5.9,5.9,0.0,confere
ideb anos_iniciais Goiânia 2021,5.9,5.9,0.0,confere
ideb anos_iniciais Goiânia 2023,6.5,6.5,0.0,confere
ideb anos_iniciais Goiânia 2025,6.6,6.6,0.0,confere
ideb anos_iniciais João Pessoa 2005,2.9,2.9,0.0,confere
ideb anos_iniciais João Pessoa 2007,3.5,3.5,0.0,confere
ideb anos_iniciais João Pessoa 2009,4.0,4.0,0.0,confere
ideb anos_iniciais João Pessoa 2011,4.6,4.6,0.0,confere
ideb anos_iniciais João Pessoa 2013,4.5,4.5,0.0,confere
ideb anos_iniciais João Pessoa 2015,4.6,4.6,0.0,confere
ideb anos_iniciais João Pessoa 2017,4.9,4.9,0.0,confere
ideb anos_iniciais João Pessoa 2019,5.4,5.4,0.0,confere
ideb anos_iniciais João Pessoa 2021,5.0,5.0,0.0,confere
ideb anos_iniciais João Pessoa 2023,5.2,5.2,0.0,confere
ideb anos_iniciais João Pessoa 2025,5.7,5.7,0.0,confere
ideb anos_iniciais Macapá 2005,3.4,3.4,0.0,confere
ideb anos_iniciais Macapá 2007,3.5,3.5,0.0,confere
ideb anos_iniciais Macapá 2009,4.0,4.0,0.0,confere
ideb anos_iniciais Macapá 2011,4.0,4.0,0.0,confere
ideb anos_iniciais Macapá 2013,4.1,4.1,0.0,confere
ideb anos_iniciais Macapá 2015,4.4,4.4,0.0,confere
ideb anos_iniciais Macapá 2017,4.6,4.6,0.0,confere
ideb anos_iniciais Macapá 2019,5.0,5.0,0.0,confere
ideb anos_iniciais Macapá 2021,5.1,5.1,0.0,confere
ideb anos_iniciais Macapá 2023,5.3,5.3,0.0,confere
ideb anos_iniciais Macapá 2025,5.9,5.9,0.0,confere
ideb anos_iniciais Maceió 2005,3.1,3.1,0.0,confere
ideb anos_iniciais Maceió 2007,3.6,3.6,0.0,confere
ideb anos_iniciais Maceió 2009,3.8,3.8,0.0,confere
ideb anos_iniciais Maceió 2011,3.8,3.8,0.0,confere
ideb anos_iniciais Maceió 2013,4.1,4.1,0.0,confere
ideb anos_iniciais Maceió 2015,4.4,4.4,0.0,confere
ideb anos_iniciais Maceió 2017,5.0,5.0,0.0,confere
ideb anos_iniciais Maceió 2019,5.4,5.4,0.0,confere
ideb anos_iniciais Maceió 2021,4.8,4.8,0.0,confere
ideb anos_iniciais Maceió 2023,5.3,5.3,0.0,confere
ideb anos_iniciais Maceió 2025,5.6,5.6,0.0,confere
ideb anos_iniciais Manaus 2005,3.5,3.5,0.0,confere
ideb anos_iniciais Manaus 2007,3.5,3.5,0.0,confere
ideb anos_iniciais Manaus 2009,3.5,3.5,0.0,confere
ideb anos_iniciais Manaus 2011,4.1,4.1,0.0,confere
ideb anos_iniciais Manaus 2013,4.6,4.6,0.0,confere
ideb anos_iniciais Manaus 2015,5.4,5.4,0.0,confere
ideb anos_iniciais Manaus 2017,5.8,5.8,0.0,confere
ideb anos_iniciais Manaus 2019,5.9,5.9,0.0,confere
ideb anos_iniciais Manaus 2021,5.5,5.5,0.0,confere
ideb anos_iniciais Manaus 2023,6.2,6.2,0.0,confere
ideb anos_iniciais Manaus 2025,6.4,6.4,0.0,confere
ideb anos_iniciais Natal 2005,3.3,3.3,0.0,confere
ideb anos_iniciais Natal 2007,3.7,3.7,0.0,confere
ideb anos_iniciais Natal 2009,3.7,3.7,0.0,confere
ideb anos_iniciais Natal 2011,4.0,4.0,0.0,confere
ideb anos_iniciais Natal 2013,4.3,4.3,0.0,confere
ideb anos_iniciais Natal 2015,4.7,4.7,0.0,confere
ideb anos_iniciais Natal 2017,4.8,4.8,0.0,confere
ideb anos_iniciais Natal 2019,4.9,4.9,0.0,confere
ideb anos_iniciais Natal 2021,4.3,4.3,0.0,confere
ideb anos_iniciais Natal 2023,4.5,4.5,0.0,confere
ideb anos_iniciais Natal 2025,4.8,4.8,0.0,confere
ideb anos_iniciais Palmas 2005,3.8,3.8,0.0,confere
ideb anos_iniciais Palmas 2007,4.4,4.4,0.0,confere
ideb anos_iniciais Palmas 2009,5.6,5.6,0.0,confere
ideb anos_iniciais Palmas 2011,5.8,5.8,0.0,confere
ideb anos_iniciais Palmas 2013,5.8,5.8,0.0,confere
ideb anos_iniciais Palmas 2015,6.2,6.2,0.0,confere
ideb anos_iniciais Palmas 2017,6.6,6.6,0.0,confere
ideb anos_iniciais Palmas 2019,6.6,6.6,0.0,confere
ideb anos_iniciais Palmas 2021,6.1,6.1,0.0,confere
ideb anos_iniciais Palmas 2023,6.3,6.3,0.0,confere
ideb anos_iniciais Palmas 2025,6.2,6.2,0.0,confere
ideb anos_iniciais Porto Alegre 2005,3.6,3.6,0.0,confere
ideb anos_iniciais Porto Alegre 2007,3.9,3.9,0.0,confere
ideb anos_iniciais Porto Alegre 2009,4.1,4.1,0.0,confere
ideb anos_iniciais Porto Alegre 2011,4.4,4.4,0.0,confere
ideb anos_iniciais Porto Alegre 2013,4.5,4.5,0.0,confere
ideb anos_iniciais Porto Alegre 2015,4.6,4.6,0.0,confere
ideb anos_iniciais Porto Alegre 2017 (fonte '-'),,,,ambos sem valor; gold NAO_DIVULGADO
ideb anos_iniciais Porto Alegre 2019,4.9,4.9,0.0,confere
ideb anos_iniciais Porto Alegre 2021,5.2,5.2,0.0,confere
ideb anos_iniciais Porto Alegre 2023,4.7,4.7,0.0,confere
ideb anos_iniciais Porto Alegre 2025,5.0,5.0,0.0,confere
ideb anos_iniciais Porto Velho 2005,3.5,3.5,0.0,confere
ideb anos_iniciais Porto Velho 2007,3.8,3.8,0.0,confere
ideb anos_iniciais Porto Velho 2009,4.1,4.1,0.0,confere
ideb anos_iniciais Porto Velho 2011,4.2,4.2,0.0,confere
ideb anos_iniciais Porto Velho 2013,4.4,4.4,0.0,confere
ideb anos_iniciais Porto Velho 2015,4.8,4.8,0.0,confere
ideb anos_iniciais Porto Velho 2017,5.1,5.1,0.0,confere
ideb anos_iniciais Porto Velho 2019,5.3,5.3,0.0,confere
ideb anos_iniciais Porto Velho 2021,5.3,5.3,0.0,confere
ideb anos_iniciais Porto Velho 2023,5.3,5.3,0.0,confere
ideb anos_iniciais Porto Velho 2025,5.7,5.7,0.0,confere
ideb anos_iniciais Recife 2005,3.2,3.2,0.0,confere
ideb anos_iniciais Recife 2007,3.8,3.8,0.0,confere
ideb anos_iniciais Recife 2009,4.1,4.1,0.0,confere
ideb anos_iniciais Recife 2011,4.1,4.1,0.0,confere
ideb anos_iniciais Recife 2013,4.2,4.2,0.0,confere
ideb anos_iniciais Recife 2015,4.6,4.6,0.0,confere
ideb anos_iniciais Recife 2017,5.0,5.0,0.0,confere
ideb anos_iniciais Recife 2019,5.2,5.2,0.0,confere
ideb anos_iniciais Recife 2021,5.3,5.3,0.0,confere
ideb anos_iniciais Recife 2023,5.5,5.5,0.0,confere
ideb anos_iniciais Recife 2025,5.8,5.8,0.0,confere
ideb anos_iniciais Rio Branco 2005,4.1,4.1,0.0,confere
ideb anos_iniciais Rio Branco 2007,4.4,4.4,0.0,confere
ideb anos_iniciais Rio Branco 2009,5.0,5.0,0.0,confere
ideb anos_iniciais Rio Branco 2011,4.8,4.8,0.0,confere
ideb anos_iniciais Rio Branco 2013,5.5,5.5,0.0,confere
ideb anos_iniciais Rio Branco 2015,5.8,5.8,0.0,confere
ideb anos_iniciais Rio Branco 2017,6.5,6.5,0.0,confere
ideb anos_iniciais Rio Branco 2019,6.7,6.7,0.0,confere
ideb anos_iniciais Rio Branco 2021,5.7,5.7,0.0,confere
ideb anos_iniciais Rio Branco 2023,6.4,6.4,0.0,confere
ideb anos_iniciais Rio Branco 2025,6.8,6.8,0.0,confere
ideb anos_iniciais Rio de Janeiro 2005,4.2,4.2,0.0,confere
ideb anos_iniciais Rio de Janeiro 2007,4.5,4.5,0.0,confere
ideb anos_iniciais Rio de Janeiro 2009,5.1,5.1,0.0,confere
ideb anos_iniciais Rio de Janeiro 2011,5.4,5.4,0.0,confere
ideb anos_iniciais Rio de Janeiro 2013,5.3,5.3,0.0,confere
ideb anos_iniciais Rio de Janeiro 2015,5.6,5.6,0.0,confere
ideb anos_iniciais Rio de Janeiro 2017,5.7,5.7,0.0,confere
ideb anos_iniciais Rio de Janeiro 2019,5.8,5.8,0.0,confere
ideb anos_iniciais Rio de Janeiro 2021,5.4,5.4,0.0,confere
ideb anos_iniciais Rio de Janeiro 2023,6.0,6.0,0.0,confere
ideb anos_iniciais Rio de Janeiro 2025,6.2,6.2,0.0,confere
ideb anos_iniciais Salvador 2005,2.8,2.8,0.0,confere
ideb anos_iniciais Salvador 2007,3.8,3.8,0.0,confere
ideb anos_iniciais Salvador 2009,3.7,3.7,0.0,confere
ideb anos_iniciais Salvador 2011,4.0,4.0,0.0,confere
ideb anos_iniciais Salvador 2013,4.0,4.0,0.0,confere
ideb anos_iniciais Salvador 2015,4.7,4.7,0.0,confere
ideb anos_iniciais Salvador 2017,5.3,5.3,0.0,confere
ideb anos_iniciais Salvador 2019,5.6,5.6,0.0,confere
ideb anos_iniciais Salvador 2021,5.4,5.4,0.0,confere
ideb anos_iniciais Salvador 2023,5.3,5.3,0.0,confere
ideb anos_iniciais Salvador 2025,5.6,5.6,0.0,confere
ideb anos_iniciais São Luís 2005,3.6,3.6,0.0,confere
ideb anos_iniciais São Luís 2007,4.0,4.0,0.0,confere
ideb anos_iniciais São Luís 2009,4.3,4.3,0.0,confere
ideb anos_iniciais São Luís 2011,4.2,4.2,0.0,confere
ideb anos_iniciais São Luís 2013,4.1,4.1,0.0,confere
ideb anos_iniciais São Luís 2015,4.5,4.5,0.0,confere
ideb anos_iniciais São Luís 2017,4.6,4.6,0.0,confere
ideb anos_iniciais São Luís 2019,5.1,5.1,0.0,confere
ideb anos_iniciais São Luís 2021,4.9,4.9,0.0,confere
ideb anos_iniciais São Luís 2023,5.5,5.5,0.0,confere
ideb anos_iniciais São Luís 2025,6.0,6.0,0.0,confere
ideb anos_iniciais São Paulo 2005,4.1,4.1,0.0,confere
ideb anos_iniciais São Paulo 2007,4.3,4.3,0.0,confere
ideb anos_iniciais São Paulo 2009,4.7,4.7,0.0,confere
ideb anos_iniciais São Paulo 2011,4.8,4.8,0.0,confere
ideb anos_iniciais São Paulo 2013 (fonte '-'),,,,ambos sem valor; gold NAO_DIVULGADO
ideb anos_iniciais São Paulo 2015,5.8,5.8,0.0,confere
ideb anos_iniciais São Paulo 2017,6.0,6.0,0.0,confere
ideb anos_iniciais São Paulo 2019,6.0,6.0,0.0,confere
ideb anos_iniciais São Paulo 2021,5.7,5.7,0.0,confere
ideb anos_iniciais São Paulo 2023,5.6,5.6,0.0,confere
ideb anos_iniciais São Paulo 2025,5.8,5.8,0.0,confere
ideb anos_iniciais Teresina 2005,4.2,4.2,0.0,confere
ideb anos_iniciais Teresina 2007,4.4,4.4,0.0,confere
ideb anos_iniciais Teresina 2009,5.2,5.2,0.0,confere
ideb anos_iniciais Teresina 2011,5.2,5.2,0.0,confere
ideb anos_iniciais Teresina 2013,5.0,5.0,0.0,confere
ideb anos_iniciais Teresina 2015,6.1,6.1,0.0,confere
ideb anos_iniciais Teresina 2017,6.8,6.8,0.0,confere
ideb anos_iniciais Teresina 2019,7.4,7.4,0.0,confere
ideb anos_iniciais Teresina 2021,6.3,6.3,0.0,confere
ideb anos_iniciais Teresina 2023,6.4,6.4,0.0,confere
ideb anos_iniciais Teresina 2025,6.9,6.9,0.0,confere
ideb anos_iniciais Vitória 2005,4.1,4.1,0.0,confere
ideb anos_iniciais Vitória 2007,4.2,4.2,0.0,confere
ideb anos_iniciais Vitória 2009,4.8,4.8,0.0,confere
ideb anos_iniciais Vitória 2011,5.0,5.0,0.0,confere
ideb anos_iniciais Vitória 2013,5.0,5.0,0.0,confere
ideb anos_iniciais Vitória 2015,5.6,5.6,0.0,confere
ideb anos_iniciais Vitória 2017,5.6,5.6,0.0,confere
ideb anos_iniciais Vitória 2019,5.6,5.6,0.0,confere
ideb anos_iniciais Vitória 2021,5.6,5.6,0.0,confere
ideb anos_iniciais Vitória 2023,6.1,6.1,0.0,confere
ideb anos_iniciais Vitória 2025,6.4,6.4,0.0,confere
ideb anos_finais Aracaju 2005,2.5,2.5,0.0,confere
ideb anos_finais Aracaju 2007,3.1,3.1,0.0,confere
ideb anos_finais Aracaju 2009,3.1,3.1,0.0,confere
ideb anos_finais Aracaju 2011,3.1,3.1,0.0,confere
ideb anos_finais Aracaju 2013,3.1,3.1,0.0,confere
ideb anos_finais Aracaju 2015,3.4,3.4,0.0,confere
ideb anos_finais Aracaju 2017,3.7,3.7,0.0,confere
ideb anos_finais Aracaju 2019,3.9,3.9,0.0,confere
ideb anos_finais Aracaju 2021,4.4,4.4,0.0,confere
ideb anos_finais Aracaju 2023,4.3,4.3,0.0,confere
ideb anos_finais Aracaju 2025,4.4,4.4,0.0,confere
ideb anos_finais Belém 2005,3.1,3.1,0.0,confere
ideb anos_finais Belém 2007,3.2,3.2,0.0,confere
ideb anos_finais Belém 2009,3.5,3.5,0.0,confere
ideb anos_finais Belém 2011,3.7,3.7,0.0,confere
ideb anos_finais Belém 2013,3.8,3.8,0.0,confere
ideb anos_finais Belém 2015,4.0,4.0,0.0,confere
ideb anos_finais Belém 2017,4.3,4.3,0.0,confere
ideb anos_finais Belém 2019,4.4,4.4,0.0,confere
ideb anos_finais Belém 2021,4.7,4.7,0.0,confere
ideb anos_finais Belém 2023,4.7,4.7,0.0,confere
ideb anos_finais Belém 2025,4.6,4.6,0.0,confere
ideb anos_finais Belo Horizonte 2005,3.7,3.7,0.0,confere
ideb anos_finais Belo Horizonte 2007,3.4,3.4,0.0,confere
ideb anos_finais Belo Horizonte 2009,3.8,3.8,0.0,confere
ideb anos_finais Belo Horizonte 2011,4.5,4.5,0.0,confere
ideb anos_finais Belo Horizonte 2013,4.5,4.5,0.0,confere
ideb anos_finais Belo Horizonte 2015,4.8,4.8,0.0,confere
ideb anos_finais Belo Horizonte 2017,4.9,4.9,0.0,confere
ideb anos_finais Belo Horizonte 2019,4.7,4.7,0.0,confere
ideb anos_finais Belo Horizonte 2021,5.2,5.2,0.0,confere
ideb anos_finais Belo Horizonte 2023,4.7,4.7,0.0,confere
ideb anos_finais Belo Horizonte 2025,5.2,5.2,0.0,confere
ideb anos_finais Boa Vista 2005,4.1,4.1,0.0,confere
ideb anos_finais Boa Vista 2007,4.5,4.5,0.0,confere
ideb anos_finais Boa Vista 2009 (fonte '-'),,,,ambos sem valor; gold NAO_DIVULGADO
ideb anos_finais Boa Vista 2011 (fonte '-'),,,,ambos sem valor; gold NAO_DIVULGADO
ideb anos_finais Boa Vista 2013 (fonte '-'),,,,ambos sem valor; gold NAO_DIVULGADO
ideb anos_finais Boa Vista 2015 (fonte '-'),,,,ambos sem valor; gold NAO_DIVULGADO
ideb anos_finais Boa Vista 2017 (fonte '-'),,,,ambos sem valor; gold NAO_DIVULGADO
ideb anos_finais Boa Vista 2019 (fonte '-'),,,,ambos sem valor; gold NAO_DIVULGADO
ideb anos_finais Boa Vista 2021 (fonte '-'),,,,ambos sem valor; gold NAO_APLICAVEL
ideb anos_finais Boa Vista 2023 (fonte '-'),,,,ambos sem valor; gold NAO_APLICAVEL
ideb anos_finais Boa Vista 2025 (fonte '-'),,,,ambos sem valor; gold NAO_DIVULGADO
ideb anos_finais Campo Grande 2005,3.7,3.7,0.0,confere
ideb anos_finais Campo Grande 2007,4.5,4.5,0.0,confere
ideb anos_finais Campo Grande 2009,4.8,4.8,0.0,confere
ideb anos_finais Campo Grande 2011,5.0,5.0,0.0,confere
ideb anos_finais Campo Grande 2013,4.7,4.7,0.0,confere
ideb anos_finais Campo Grande 2015,5.0,5.0,0.0,confere
ideb anos_finais Campo Grande 2017,5.0,5.0,0.0,confere
ideb anos_finais Campo Grande 2019,5.0,5.0,0.0,confere
ideb anos_finais Campo Grande 2021,5.2,5.2,0.0,confere
ideb anos_finais Campo Grande 2023,4.8,4.8,0.0,confere
ideb anos_finais Campo Grande 2025,4.9,4.9,0.0,confere
ideb anos_finais Cuiabá 2005,3.2,3.2,0.0,confere
ideb anos_finais Cuiabá 2007,3.5,3.5,0.0,confere
ideb anos_finais Cuiabá 2009,4.1,4.1,0.0,confere
ideb anos_finais Cuiabá 2011,4.2,4.2,0.0,confere
ideb anos_finais Cuiabá 2013,4.2,4.2,0.0,confere
ideb anos_finais Cuiabá 2015,4.5,4.5,0.0,confere
ideb anos_finais Cuiabá 2017,4.6,4.6,0.0,confere
ideb anos_finais Cuiabá 2019,5.0,5.0,0.0,confere
ideb anos_finais Cuiabá 2021,5.1,5.1,0.0,confere
ideb anos_finais Cuiabá 2023,5.0,5.0,0.0,confere
ideb anos_finais Cuiabá 2025,4.8,4.8,0.0,confere
ideb anos_finais Curitiba 2005,4.2,4.2,0.0,confere
ideb anos_finais Curitiba 2007,4.2,4.2,0.0,confere
ideb anos_finais Curitiba 2009,4.4,4.4,0.0,confere
ideb anos_finais Curitiba 2011,4.7,4.7,0.0,confere
ideb anos_finais Curitiba 2013,4.7,4.7,0.0,confere
ideb anos_finais Curitiba 2015,5.3,5.3,0.0,confere
ideb anos_finais Curitiba 2017,5.2,5.2,0.0,confere
ideb anos_finais Curitiba 2019,5.2,5.2,0.0,confere
ideb anos_finais Curitiba 2021,5.3,5.3,0.0,confere
ideb anos_finais Curitiba 2023,5.5,5.5,0.0,confere
ideb anos_finais Curitiba 2025,5.4,5.4,0.0,confere
ideb anos_finais Florianópolis 2005,4.0,4.0,0.0,confere
ideb anos_finais Florianópolis 2007,4.2,4.2,0.0,confere
ideb anos_finais Florianópolis 2009,4.5,4.5,0.0,confere
ideb anos_finais Florianópolis 2011,4.6,4.6,0.0,confere
ideb anos_finais Florianópolis 2013,4.4,4.4,0.0,confere
ideb anos_finais Florianópolis 2015,4.9,4.9,0.0,confere
ideb anos_finais Florianópolis 2017,5.0,5.0,0.0,confere
ideb anos_finais Florianópolis 2019,4.9,4.9,0.0,confere
ideb anos_finais Florianópolis 2021,5.2,5.2,0.0,confere
ideb anos_finais Florianópolis 2023,4.6,4.6,0.0,confere
ideb anos_finais Florianópolis 2025,5.4,5.4,0.0,confere
ideb anos_finais Fortaleza 2005,2.5,2.5,0.0,confere
ideb anos_finais Fortaleza 2007,2.7,2.7,0.0,confere
ideb anos_finais Fortaleza 2009,3.3,3.3,0.0,confere
ideb anos_finais Fortaleza 2011,3.5,3.5,0.0,confere
ideb anos_finais Fortaleza 2013,3.8,3.8,0.0,confere
ideb anos_finais Fortaleza 2015,4.4,4.4,0.0,confere
ideb anos_finais Fortaleza 2017,4.9,4.9,0.0,confere
ideb anos_finais Fortaleza 2019,5.2,5.2,0.0,confere
ideb anos_finais Fortaleza 2021,5.2,5.2,0.0,confere
ideb anos_finais Fortaleza 2023,5.2,5.2,0.0,confere
ideb anos_finais Fortaleza 2025,5.2,5.2,0.0,confere
ideb anos_finais Goiânia 2005,2.9,2.9,0.0,confere
ideb anos_finais Goiânia 2007,3.3,3.3,0.0,confere
ideb anos_finais Goiânia 2009,3.8,3.8,0.0,confere
ideb anos_finais Goiânia 2011,3.7,3.7,0.0,confere
ideb anos_finais Goiânia 2013,4.5,4.5,0.0,confere
ideb anos_finais Goiânia 2015,4.6,4.6,0.0,confere
ideb anos_finais Goiânia 2017,4.7,4.7,0.0,confere
ideb anos_finais Goiânia 2019,5.0,5.0,0.0,confere
ideb anos_finais Goiânia 2021,5.1,5.1,0.0,confere
ideb anos_finais Goiânia 2023,5.4,5.4,0.0,confere
ideb anos_finais Goiânia 2025,5.4,5.4,0.0,confere
ideb anos_finais João Pessoa 2005,2.4,2.4,0.0,confere
ideb anos_finais João Pessoa 2007,3.0,3.0,0.0,confere
ideb anos_finais João Pessoa 2009,3.4,3.4,0.0,confere
ideb anos_finais João Pessoa 2011,3.9,3.9,0.0,confere
ideb anos_finais João Pessoa 2013,3.7,3.7,0.0,confere
ideb anos_finais João Pessoa 2015,3.8,3.8,0.0,confere
ideb anos_finais João Pessoa 2017,4.0,4.0,0.0,confere
ideb anos_finais João Pessoa 2019,4.3,4.3,0.0,confere
ideb anos_finais João Pessoa 2021,4.5,4.5,0.0,confere
ideb anos_finais João Pessoa 2023,4.1,4.1,0.0,confere
ideb anos_finais João Pessoa 2025,4.5,4.5,0.0,confere
ideb anos_finais Macapá 2005,3.1,3.1,0.0,confere
ideb anos_finais Macapá 2007,3.6,3.6,0.0,confere
ideb anos_finais Macapá 2009,3.6,3.6,0.0,confere
ideb anos_finais Macapá 2011,3.7,3.7,0.0,confere
ideb anos_finais Macapá 2013,4.1,4.1,0.0,confere
ideb anos_finais Macapá 2015,4.6,4.6,0.0,confere
ideb anos_finais Macapá 2017,5.0,5.0,0.0,confere
ideb anos_finais Macapá 2019 (fonte '-'),,,,ambos sem valor; gold NAO_DIVULGADO
ideb anos_finais Macapá 2021 (fonte '-'),,,,ambos sem valor; gold NAO_APLICAVEL
ideb anos_finais Macapá 2023 (fonte '-'),,,,ambos sem valor; gold NAO_APLICAVEL
ideb anos_finais Macapá 2025 (fonte '-'),,,,ambos sem valor; gold NAO_APLICAVEL
ideb anos_finais Maceió 2005,2.3,2.3,0.0,confere
ideb anos_finais Maceió 2007,2.5,2.5,0.0,confere
ideb anos_finais Maceió 2009,2.6,2.6,0.0,confere
ideb anos_finais Maceió 2011,2.3,2.3,0.0,confere
ideb anos_finais Maceió 2013 (fonte '-'),,,,ambos sem valor; gold NAO_DIVULGADO
ideb anos_finais Maceió 2015,3.4,3.4,0.0,confere
ideb anos_finais Maceió 2017,3.8,3.8,0.0,confere
ideb anos_finais Maceió 2019,4.3,4.3,0.0,confere
ideb anos_finais Maceió 2021,4.4,4.4,0.0,confere
ideb anos_finais Maceió 2023,4.1,4.1,0.0,confere
ideb anos_finais Maceió 2025,4.3,4.3,0.0,confere
ideb anos_finais Manaus 2005,2.6,2.6,0.0,confere
ideb anos_finais Manaus 2007,2.8,2.8,0.0,confere
ideb anos_finais Manaus 2009,2.9,2.9,0.0,confere
ideb anos_finais Manaus 2011,3.1,3.1,0.0,confere
ideb anos_finais Manaus 2013,3.4,3.4,0.0,confere
ideb anos_finais Manaus 2015,4.3,4.3,0.0,confere
ideb anos_finais Manaus 2017,4.7,4.7,0.0,confere
ideb anos_finais Manaus 2019,4.8,4.8,0.0,confere
ideb anos_finais Manaus 2021,4.8,4.8,0.0,confere
ideb anos_finais Manaus 2023,5.2,5.2,0.0,confere
ideb anos_finais Manaus 2025,5.3,5.3,0.0,confere
ideb anos_finais Natal 2005,3.0,3.0,0.0,confere
ideb anos_finais Natal 2007,3.2,3.2,0.0,confere
ideb anos_finais Natal 2009,3.2,3.2,0.0,confere
ideb anos_finais Natal 2011,3.2,3.2,0.0,confere
ideb anos_finais Natal 2013,3.2,3.2,0.0,confere
ideb anos_finais Natal 2015,3.6,3.6,0.0,confere
ideb anos_finais Natal 2017,3.5,3.5,0.0,confere
ideb anos_finais Natal 2019,3.5,3.5,0.0,confere
ideb anos_finais Natal 2021,4.1,4.1,0.0,confere
ideb anos_finais Natal 2023,3.3,3.3,0.0,confere
ideb anos_finais Natal 2025,3.7,3.7,0.0,confere
ideb anos_finais Palmas 2005,3.5,3.5,0.0,confere
ideb anos_finais Palmas 2007,3.8,3.8,0.0,confere
ideb anos_finais Palmas 2009,5.0,5.0,0.0,confere
ideb anos_finais Palmas 2011,5.0,5.0,0.0,confere
ideb anos_finais Palmas 2013,4.9,4.9,0.0,confere
ideb anos_finais Palmas 2015,5.6,5.6,0.0,confere
ideb anos_finais Palmas 2017,5.8,5.8,0.0,confere
ideb anos_finais Palmas 2019,5.8,5.8,0.0,confere
ideb anos_finais Palmas 2021,5.6,5.6,0.0,confere
ideb anos_finais Palmas 2023,5.5,5.5,0.0,confere
ideb anos_finais Palmas 2025,5.2,5.2,0.0,confere
ideb anos_finais Porto Alegre 2005,3.2,3.2,0.0,confere
ideb anos_finais Porto Alegre 2007,3.3,3.3,0.0,confere
ideb anos_finais Porto Alegre 2009,3.6,3.6,0.0,confere
ideb anos_finais Porto Alegre 2011,3.6,3.6,0.0,confere
ideb anos_finais Porto Alegre 2013,3.6,3.6,0.0,confere
ideb anos_finais Porto Alegre 2015,3.8,3.8,0.0,confere
ideb anos_finais Porto Alegre 2017 (fonte '-'),,,,ambos sem valor; gold NAO_DIVULGADO
ideb anos_finais Porto Alegre 2019,3.7,3.7,0.0,confere
ideb anos_finais Porto Alegre 2021,4.8,4.8,0.0,confere
ideb anos_finais Porto Alegre 2023,3.8,3.8,0.0,confere
ideb anos_finais Porto Alegre 2025,4.2,4.2,0.0,confere
ideb anos_finais Porto Velho 2005,3.3,3.3,0.0,confere
ideb anos_finais Porto Velho 2007,3.2,3.2,0.0,confere
ideb anos_finais Porto Velho 2009,3.1,3.1,0.0,confere
ideb anos_finais Porto Velho 2011,3.2,3.2,0.0,confere
ideb anos_finais Porto Velho 2013,3.1,3.1,0.0,confere
ideb anos_finais Porto Velho 2015,3.5,3.5,0.0,confere
ideb anos_finais Porto Velho 2017,3.9,3.9,0.0,confere
ideb anos_finais Porto Velho 2019 (fonte '-'),,,,ambos sem valor; gold NAO_DIVULGADO
ideb anos_finais Porto Velho 2021 (fonte '-'),,,,ambos sem valor; gold NAO_DIVULGADO
ideb anos_finais Porto Velho 2023 (fonte '-'),,,,ambos sem valor; gold NAO_DIVULGADO
ideb anos_finais Porto Velho 2025,3.7,3.7,0.0,confere
ideb anos_finais Recife 2005,2.8,2.8,0.0,confere
ideb anos_finais Recife 2007,2.5,2.5,0.0,confere
ideb anos_finais Recife 2009,2.7,2.7,0.0,confere
ideb anos_finais Recife 2011,2.9,2.9,0.0,confere
ideb anos_finais Recife 2013,3.2,3.2,0.0,confere
ideb anos_finais Recife 2015,3.5,3.5,0.0,confere
ideb anos_finais Recife 2017,4.1,4.1,0.0,confere
ideb anos_finais Recife 2019,4.7,4.7,0.0,confere
ideb anos_finais Recife 2021,5.0,5.0,0.0,confere
ideb anos_finais Recife 2023,4.8,4.8,0.0,confere
ideb anos_finais Recife 2025,4.9,4.9,0.0,confere
ideb anos_finais Rio Branco 2005,2.8,2.8,0.0,confere
ideb anos_finais Rio Branco 2007 (fonte '-'),,,,ambos sem valor; gold NAO_DIVULGADO
ideb anos_finais Rio Branco 2009 (fonte '-'),,,,ambos sem valor; gold NAO_DIVULGADO
ideb anos_finais Rio Branco 2011 (fonte '-'),,,,ambos sem valor; gold NAO_DIVULGADO
ideb anos_finais Rio Branco 2013 (fonte '-'),,,,ambos sem valor; gold NAO_DIVULGADO
ideb anos_finais Rio Branco 2015 (fonte '-'),,,,ambos sem valor; gold NAO_DIVULGADO
ideb anos_finais Rio Branco 2017 (fonte '-'),,,,ambos sem valor; gold NAO_DIVULGADO
ideb anos_finais Rio Branco 2019 (fonte '-'),,,,ambos sem valor; gold NAO_DIVULGADO
ideb anos_finais Rio Branco 2021 (fonte '-'),,,,ambos sem valor; gold NAO_APLICAVEL
ideb anos_finais Rio Branco 2023 (fonte '-'),,,,ambos sem valor; gold NAO_APLICAVEL
ideb anos_finais Rio Branco 2025 (fonte '-'),,,,ambos sem valor; gold NAO_APLICAVEL
ideb anos_finais Rio de Janeiro 2005,3.7,3.7,0.0,confere
ideb anos_finais Rio de Janeiro 2007,4.3,4.3,0.0,confere
ideb anos_finais Rio de Janeiro 2009,3.6,3.6,0.0,confere
ideb anos_finais Rio de Janeiro 2011,4.4,4.4,0.0,confere
ideb anos_finais Rio de Janeiro 2013,4.4,4.4,0.0,confere
ideb anos_finais Rio de Janeiro 2015,4.3,4.3,0.0,confere
ideb anos_finais Rio de Janeiro 2017,4.7,4.7,0.0,confere
ideb anos_finais Rio de Janeiro 2019,4.9,4.9,0.0,confere
ideb anos_finais Rio de Janeiro 2021,5.0,5.0,0.0,confere
ideb anos_finais Rio de Janeiro 2023,5.2,5.2,0.0,confere
ideb anos_finais Rio de Janeiro 2025,5.2,5.2,0.0,confere
ideb anos_finais Salvador 2005,2.2,2.2,0.0,confere
ideb anos_finais Salvador 2007,2.4,2.4,0.0,confere
ideb anos_finais Salvador 2009,2.8,2.8,0.0,confere
ideb anos_finais Salvador 2011,2.8,2.8,0.0,confere
ideb anos_finais Salvador 2013,3.0,3.0,0.0,confere
ideb anos_finais Salvador 2015,3.4,3.4,0.0,confere
ideb anos_finais Salvador 2017,3.9,3.9,0.0,confere
ideb anos_finais Salvador 2019,4.3,4.3,0.0,confere
ideb anos_finais Salvador 2021,4.7,4.7,0.0,confere
ideb anos_finais Salvador 2023,4.2,4.2,0.0,confere
ideb anos_finais Salvador 2025,4.5,4.5,0.0,confere
ideb anos_finais São Luís 2005,2.9,2.9,0.0,confere
ideb anos_finais São Luís 2007,3.5,3.5,0.0,confere
ideb anos_finais São Luís 2009,4.1,4.1,0.0,confere
ideb anos_finais São Luís 2011,3.9,3.9,0.0,confere
ideb anos_finais São Luís 2013,3.7,3.7,0.0,confere
ideb anos_finais São Luís 2015,3.9,3.9,0.0,confere
ideb anos_finais São Luís 2017,3.8,3.8,0.0,confere
ideb anos_finais São Luís 2019,3.9,3.9,0.0,confere
ideb anos_finais São Luís 2021,4.3,4.3,0.0,confere
ideb anos_finais São Luís 2023,4.3,4.3,0.0,confere
ideb anos_finais São Luís 2025,4.4,4.4,0.0,confere
ideb anos_finais São Paulo 2005,4.1,4.1,0.0,confere
ideb anos_finais São Paulo 2007,3.9,3.9,0.0,confere
ideb anos_finais São Paulo 2009,4.2,4.2,0.0,confere
ideb anos_finais São Paulo 2011,4.3,4.3,0.0,confere
ideb anos_finais São Paulo 2013,4.4,4.4,0.0,confere
ideb anos_finais São Paulo 2015,4.3,4.3,0.0,confere
ideb anos_finais São Paulo 2017,4.2,4.2,0.0,confere
ideb anos_finais São Paulo 2019,4.8,4.8,0.0,confere
ideb anos_finais São Paulo 2021,5.1,5.1,0.0,confere
ideb anos_finais São Paulo 2023,4.8,4.8,0.0,confere
ideb anos_finais São Paulo 2025,4.9,4.9,0.0,confere
ideb anos_finais Teresina 2005,3.9,3.9,0.0,confere
ideb anos_finais Teresina 2007,3.9,3.9,0.0,confere
ideb anos_finais Teresina 2009,4.7,4.7,0.0,confere
ideb anos_finais Teresina 2011,4.4,4.4,0.0,confere
ideb anos_finais Teresina 2013,4.3,4.3,0.0,confere
ideb anos_finais Teresina 2015,5.2,5.2,0.0,confere
ideb anos_finais Teresina 2017,6.0,6.0,0.0,confere
ideb anos_finais Teresina 2019,6.3,6.3,0.0,confere
ideb anos_finais Teresina 2021,5.6,5.6,0.0,confere
ideb anos_finais Teresina 2023,5.8,5.8,0.0,confere
ideb anos_finais Teresina 2025,5.9,5.9,0.0,confere
ideb anos_finais Vitória 2005,3.5,3.5,0.0,confere
ideb anos_finais Vitória 2007,3.6,3.6,0.0,confere
ideb anos_finais Vitória 2009,3.8,3.8,0.0,confere
ideb anos_finais Vitória 2011,4.2,4.2,0.0,confere
ideb anos_finais Vitória 2013,4.2,4.2,0.0,confere
ideb anos_finais Vitória 2015,4.3,4.3,0.0,confere
ideb anos_finais Vitória 2017,4.4,4.4,0.0,confere
ideb anos_finais Vitória 2019,4.6,4.6,0.0,confere
ideb anos_finais Vitória 2021,4.6,4.6,0.0,confere
ideb anos_finais Vitória 2023,5.0,5.0,0.0,confere
ideb anos_finais Vitória 2025,5.4,5.4,0.0,confere
