ano;data;leilao;lote;empreendimento;uf;prazo_meses;km;mva;investimento_rs;rap_edital_rs;rap_vencedor_rs;desagio_pct;vencedor;contratado
1999;1999-12-03;007/1999;1;LT Taquaruçu - Assis - Sumaré 440 kV, 505 km;SP;18.0;505.35;0.0;208000000.0;45290000.0;41657760.0;8.0;CONSÓRCIO MULTISERCE/AMP;sim
2000;2000-02-14;004/2000;1;EXPANSÃO DA INTERLIGAÇÃO SUL-SUDESTE LT Bateias - Ibíuna 500 kV, C1, 328 km LT Bateias - Ibíuna 500 kV, C2, 328 km SE Ibíuna 500 kV,  TR 500/345/13,8 kV 1ø, (6+1) x 250 MVA;PR/SP;22.0;656.0;1750.0;412020000.0;81531000.0;81531000.0;0.0;FURNAS CENTRAIS ELE?TRICAS S.A.;sim
2000;2000-02-14;004/2000;2;LT Tucuruí - Vila do Conde 500 kV, C2, 323 km.;PA;14.0;330.0;0.0;155630000.0;31134000.0;28636800.0;8.0;CONSÓRCIO TUC-2001;sim
2000;2000-02-14;004/2000;3;EXPANSÃO DA INTERLIGAÇÃO NORTE-NORDESTE LT Tucuruí - Marabá 500 kV, C3, 218 km- LT Marabá - Açailândia 500 kV, 251 km- LT Açailândia - Imperatriz 500 kV, 57 km- LT Açailândia - Presidente Dutra 500 kV, 398 km.;PA;22.0;924.0;0.0;623160000.0;123333000.0;123333000.0;0.0;CONSÓRCIO TUC-2001;sim
2000;2000-03-15;011/1999;1;LT Campos Novos - Blumenau 525 kV, 253 km- SE Blumenau 525 kV, TR 525/230/13,8 kV 1ø, (3+1) x 224 MVA;SP;16.0;252.5;896.0;156400000.0;34605000.0;23964000.0;31.0;CONSÓRCIO SCHAHIN/ALUSA/CELESC;sim
2000;2000-04-04;003/2000;1;SE Itajubá3 525/138 KV, TR 525/138 kV 3ø, 2 x 300 MVA- Trechos LTs entre secc. LT Poços de Caldas - Cachoeira Paulista 500 kV e SE Itajubá3, 2 x 3 km.;MG;16.0;6.0;600.0;75250000.0;15280560.0;10260359.16;33.0;CEMIG - COMPANHIA ENERGÉTICA DE MINAS GERAIS;sim
2000;2000-08-31;002/2000;1;INTERLIGAÇÃO NORTE-SUL II LT Imperatriz - Colinas 500 kV, C2, 343 km- LT Colinas - Miracema 500 kV, C2, 174 km- LT Miracema - Gurupi 500 kV, C2, 256 km- LT Gurupi - Serra da Mesa 500 kV, C2, 257 km- LT Serra da Mesa  Samambaia 500 kC, C3, 248 km-;MA/TO/GO/DF/MG;28.0;1278.0;0.0;711830000.0;145232320.0;140950000.0;3.0;CONSÓRCIO NOVATRANS ENERGIA-GC;sim
2000;2000-08-31;002/2000;2;EXPANSÃO INTERLIGAÇÃO NORTE-SUL LT Samambaia - Itumbiara 500 kV, C1, 295 km- LT Samambaia - Emborcação 500 kV, C1, 280 km.;DF/GO;28.0;575.0;0.0;257340000.0;52476040.0;52000000.0;1.0;CONSÓRCIO EXPANSION;sim
2000;2000-08-31;002/2000;3;INTERLIGAÇÃO SUDESTE-NORDESTE LT Serra da Mesa - Rio das Éguas 500 kV, 294 km- LT Rio da Éguas - B. J. da Lapa2 500 kV, 250 km- LT B.J. da Lapa2 - Ibicoara 500 kV, 255 km- LT Mucugê - Gov. Valadares 500 kV, 251 km. LT B. J. da Lapa2 - B. J. da Lapa 230 kV;GO/BA;28.0;1066.0;1800.0;650100000.0;132636000.0;128200000.0;3.0;CONSÓRCIO INEPAR/ENELPOWER;sim
2001;2001-06-12;001/2001;1;LT Bateias - Jaguariaíva 230 kV, C1, 137,1 km.;PR;18.0;137.1;0.0;29238000.0;5812190.0;5812188.0;0.0;COPEL - COMPANHIA PARANAENSE DE ENERGIA;sim
2001;2001-06-12;001/2001;2;LT Ouro Preto 2 - Vitória 345 kV, 370 km;MG/ES;;;;118000000.0;29858700.0;;;SEM LANCE;não
2001;2001-06-12;001/2001;3;LT Itumbiara - Marimbondo 500 kV, 212 km;MG;0.0;0.0;0.0;82000000.0;20607560.0;18594000.0;10.0;PEM ENGENHARIA S.A.;sim
2001;2001-09-28;003/2001;1;LT Goianinha - Mussuré 230 kV, C1, 51 km.;PE/PB;18.0;51.0;0.0;14092410.0;2764780.0;2750952.0;1.0;HOT LINE CONSTRUÇÕES ELÉTRICAS LTDA;sim
2001;2001-09-28;003/2001;2;LT Chavantes - Botucatu 230 kV, C2, 137 km.;SP;18.0;137.0;0.0;34751180.0;6910010.0;6910010.0;0.0;CTEEP - COMPANHIA DE TRANSMISSÃO DE ENERGIA ELÉTRICA PAULISTA;sim
2001;2001-09-28;003/2001;3;LT Vila do Conde-Santa Maria 230 kV, 179 km;PA;;;;39360000.0;9804540.0;;;SEM LANCE;não
2001;2001-09-28;003/2001;4;LT Xingó - Angelim 500 kV, C1, 200 km- LT Angelim - Campina Grande 230 kV, C1, 186 km- SE Angelim 500/230 kV, TR 500/230/13,8 kV 3ø, 2 x 600 MVA;AL/PE/PB;24.0;386.0;1200.0;238801990.0;47835300.0;47350000.0;1.0;INSTALACIONES INABENSA S.A.;sim
2002;2002-08-15;002/2002;1;LT Presidente Médici - Pelotas3 230 kV, C1, 135 km;RS;18.0;135.0;0.0;35828480.0;8012700.0;8011980.0;0.0;COMPANHIA ESTADUAL DE ENERGIA ELÉTRICA - CEEE;sim
2002;2002-08-15;002/2002;2;LT UTE Uruguaiana - Maçambará 230 kV, C1, 130 km- LT Maçambará - Santo Ângelo 230 kV, C1, 205 km-  LT Santo Ângelo - Santa Rosa 230 kV, C2, 54 km.;RS;20.0;389.0;0.0;117144770.0;26567230.0;25800000.0;3.0;ASA INVESTMENT AG;sim
2002;2002-08-15;002/2002;3;LT Campos Novos - Lagoa Vermelha 230 kV, C1, 84 km- LT Lagoa Vermelha - Santa Marta 230 kV, C1, 90 km- SE Lagoa Vermelha 230 kV, pátio de manobra 230 kV.;SC/RS;18.0;188.37;0.0;54557990.0;12324120.0;12320000.0;0.0;CONSÓRCIO PLANALTO TRANSMISSA?O;sim
2002;2002-08-15;002/2002;4;LT Vila do Conde - Castanhal 230 kV, C1, 142 km- LT Castanhal - Santa Maria 230 kV, C2, 37 km.;PA;20.0;155.15;0.0;56920450.0;12895690.0;12882794.31;0.0;CONSÓRCIO SA - VILA DO CONDE;sim
2002;2002-08-15;002/2002;5;LT Tijuco Preto - Cachoeira Paulista 500 kV, C2, 181 km.;SP;24.0;181.0;0.0;136073170.0;31631610.0;27840000.0;12.0;CONSÓRCIO ELECNOR-ISOLUX;sim
2002;2002-08-15;002/2002;6;INTERLIGAÇÃO NORTE-NORDESTE LT Sec. Tucuruí  Margem Direita 500 kV, CD, 4,3 km- LT Margem Direita - Marabá 500 kV, CS, C4, 218 km- LT Marabá - Açailândia 500 kV, CS, C2, 251.;PA;24.0;473.3;0.0;371444090.0;85852390.0;72900000.0;15.0;CONSÓRCIO SA - C4;sim
2002;2002-08-15;002/2002;7;LT Itumbiara - Marimbondo 500 kV, C1, 212 km.;MG;18.0;212.0;0.0;132162000.0;29721010.0;26250000.0;12.0;CONSÓRCIO INTER EXPANSION;sim
2002;2002-08-15;002/2002;8;LT Paraíso - Açu2 230 kV, C1, 135 km.;RN;15.0;135.0;0.0;31307140.0;6917680.0;6917000.0;0.0;HOT LINE CONSTRUÇÕES ELÉTRICAS LTDA;sim
2003;2003-09-23;001/2003;1;LT Londrina - Assis 525 kV, C1, 120 km- LT Assis - Araraquara 525 kV, C1, 250 km- SE Assis 525/440 kV, TR 525/440 kV 1ø, 3 x 500 MVA.;PR/SP;24.0;370.0;1500.0;432518220.0;100733480.0;64395000.0;36.0;ABENGOA S.A.;sim
2003;2003-09-23;001/2003;2;LT Salto Santiago - Ivaiporã 525 kV, C1, 167 km- LT Ivaiporã - Cascavel Oeste 525 kV, C1, 209 km.;PR;24.0;376.0;0.0;350913210.0;81679530.0;41649996.0;49.0;CONSÓRCIO PARANÁ;sim
2003;2003-09-23;001/2003;3;LT Teresina2  Sobral3 500 KV, CS, 322 km- LT Sobral3  Fortaleza2 500 KV, CS, 219 km.;PI/CE;24.0;541.0;0.0;548947150.0;128144280.0;77850000.0;39.0;CONSÓRCIO AC TRANSMISSÃO;sim
2003;2003-09-23;001/2003;4;LT Camaçari2  Sapeaçu 500 KV, C1, 106 km.;BA;18.0;106.0;0.0;109187250.0;24596920.0;15742020.0;36.0;CONSÓRCIO ALHAMBRA;sim
2003;2003-09-23;001/2003;5;LT Machadinho - Campos Novos II 525 KV, C2;SC;18.0;51.0;0.0;65862590.0;14846060.0;11505696.0;23.0;CONSÓRCIO LUMITRANS;sim
2003;2003-09-23;001/2003;6;LT Coxipo? - Cuiaba? 230 kV, CD, 25 km-  LT Cuiaba? - Rondono?polis 230 kV, CS, 168 km.;MT;18.0;221.0;0.0;152961440.0;33518470.0;20496000.0;39.0;CONSÓRCIO AMAZÔNIA  ELETRONORTE;sim
2003;2003-09-23;001/2003;7;LT Montes Claros - Irapé 345 KV, 150 km.;MG;22.0;138.5;0.0;116470030.0;26720830.0;17635740.0;34.0;CONSÓRCIO TRANSLESTE;sim
2004;2004-09-30;001/2004;1;LT Cuiabá - Ribeira?ozinho 500 kV, CS, 364 km- LT Ribeira?ozinho - Intermediária 500 kV, CS, 242 km- LT Intermediária  Itumbiara 500 kV, CS, 202 km- LT Ribeira?ozinho  Barra do Peixe 230 kV, CD, 3 km- SE Cuiabá 500/230 kV, TR 500/230/13,8 kV 1ø, (3 + 1);MT/GO;26.0;814.0;1533.2;831360920.0;164578930.0;98747358.0;40.0;ELECNOR S.A.;sim
2004;2004-09-30;001/2004;10;LT UHE Porto Primavera - Porto Primavera 440 kV, 2 x 1 km- LT Porto Primavera- Dourados 230 kV, 190 km- LT Porto Primavera - Imbirussu 230 kV, 300 km- SE Porto Primavera 440/230 kV, nova, TR 440/230 kV 3ø, 2 x 450 MVA- SE Imbirussu 230/138 kV, nova, TR 23;SP;22.0;492.0;1200.0;275247150.0;57514850.0;43711286.0;24.0;ISOLUX WAT S.A.;sim
2004;2004-09-30;001/2004;11;LT Campos Novos - Blumenau 525 kV, C2, 375 km;SC;20.0;375.0;0.0;317823000.0;66496300.0;39399996.0;41.0;CONSÓRCIO CABURÉ;sim
2004;2004-09-30;001/2004;2;LT Ivaiporã - Londrina 525 kV, C2, 120 km;PR;18.0;120.0;0.0;98234100.0;19828070.0;14376000.0;27.0;CONSÓRCIO UIRAPURU;sim
2004;2004-09-30;001/2004;3;LT Cascavel Oeste - Foz do Iguaçu 230 kV, CS, 115 km;PR;0.0;0.0;0.0;54500000.0;11133750.0;11068081.0;1.0;CONSÓRCIO GRALHA AZUL;sim
2004;2004-09-30;001/2004;4;LT Tucuruí - Vila do Conde 500 kV, C3, 324 km;PA;20.0;325.0;0.0;263048620.0;54004030.0;34500000.0;36.0;ISOLUX WAT S.A.;sim
2004;2004-09-30;001/2004;5;LT Furnas - Pimenta 345 kV, CS, C2, 75 km.;MG;18.0;75.0;0.0;45444530.0;9242370.0;8160000.0;12.0;CONSÓRCIO CENTRO OESTE DE MINAS;sim
2004;2004-09-30;001/2004;6;LT Itutinga - Juiz de Fora 345 kV, C1, 140 km;MG;20.0;140.0;0.0;74122590.0;15202560.0;11700000.0;23.0;CONSÓRCIO SUDESTE DE MINAS;sim
2004;2004-09-30;001/2004;7;LT Macaé - Campos 345 kV, C3, 92 km.;RS;20.0;92.0;0.0;52892870.0;10780700.0;8840184.0;18.0;FURNAS CENTRAIS ELE?TRICAS S.A.;sim
2004;2004-09-30;001/2004;8;LT Milagres - Tauá 230 kV, C1, 200 km- SE Tauá 230/69 kV, TR 230/69 kV 3ø, 100 MVA;CE;20.0;200.0;100.0;67362530.0;13816000.0;6396828.0;54.0;CHESF - COMPANHIA HIDRO ELE?TRICA DO SA?O FRANCISCO;sim
2004;2004-09-30;001/2004;9;LT Milagres - Coremas 230 kV, C1, 120 km.;CE/PB;18.0;120.0;0.0;37448610.0;7597530.0;3584940.0;53.0;CHESF - COMPANHIA HIDRO ELE?TRICA DO SA?O FRANCISCO;sim
2004;2004-11-18;002/2004;1;LT Colinas - Ribeiro Gonçalves 500 kV, C1, 379 km- LT Ribeiro Gonçalves - São João do Piauí 500 kV, C1, 353 km- LT São João do Piauí - Sobradinho 500 kV, C2, 210 km-;TO/PI/BA;24.0;942.0;0.0;994581680.0;204902080.0;107571000.0;48.0;ABENGOA S.A.;sim
2004;2004-11-18;002/2004;2;LT Irapé - Araçuai2 230 kV, C1, 65 km- SE Irapé 345/230 kV, TR 345/230 kV 1ø, (3 + 1) x 75 MVA SE Araçuai2 230/138 kV, TR 230/138 kV 1ø, (3 + 1) x 75 MVA;MG;18.0;65.0;600.0;58052230.0;11586250.0;10311756.0;11.0;CONSÓRCIO TRANSLESTE 2;sim
2005;2005-11-17;001/2005;1;INTERLIGAÇÃO NORTE-SUL III Norte-Sul III - Trecho 1:   LT Marabá - Itacaiúnas 500 kV, CD, 39, 8 km- LT Itacaiúnas - Colinas 500 kV, CS, 304 km- LT Itacaiúnas - Carajás 230 kV, CD, 110 km- SE Itacaiúnas 500/230 kV TR 500/230/13,8 kV 1ø, 6 x 150 MVA.;PA/TO;24.0;563.8;900.0;601006360.0;107584390.0;54114000.0;50.0;ABENGOA S.A.;sim
2005;2005-11-17;001/2005;2;INTERLIGAÇÃO NORTE-SUL III (Trecho 2);TO/GO;24.0;695.0;0.0;636943430.0;112670870.0;65349096.0;42.0;CONSÓRCIO INTEGRAÇÃO;sim
2005;2005-11-17;001/2005;3;INTERLIGAÇÃO NORTE-SUL III  Norte - Sul III - Trecho 3:  LT Serra da Mesa2 - Luziânia 500 kV, CS, 310 km- LT Luziânia - Paracatu4 500 kV, CS, 118 km- LT Paracatu4 - Emborcação 500 kV, CS, 188 km- LT Luziânia - Samambaia 500 kV, CS, 65 km- SE Paracatu4 500;GO/DF/MG;24.0;681.0;700.0;653215160.0;116548510.0;66900000.0;43.0;CONSÓRCIO BANDEIRANTE;sim
2005;2005-11-17;001/2005;4;EXPANSÃO DA INTERLIGAÇÃO NORTE - SUL III LT Emborcação - Nova Ponte 500 kV, CS, C2, 88 km- LT Nova Ponte - Itumbiara 500 kV, CS, 182 km- LT Nova Ponte - São Gotardo2 500 kV, CS, 198 km- LT São Gotardo2 - Bom Despacho3, CS, C2, 93 km- LT Nova Ponte - Estre;MG;24.0;708.0;2100.0;570338710.0;102300850.0;55200000.0;46.0;ISOLUX WAT S.A.;sim
2005;2005-11-17;001/2005;5;LT Campos Novos - Pólo 525 kV, CS 273 km.;SC/RS;20.0;273.0;0.0;183571500.0;32414710.0;21000000.0;35.0;CONSÓRCIO CABURÉ;sim
2005;2005-11-17;001/2005;6;LT Barra Grande - Lages 230 kV, CD, 96 km- LT Lages - Rio do Sul 230 kV, CD, 99 km- SE Lages 230/138 kV, TR 230/138 kV 3ø, 3 x 150 MVA- SE Rio do Sul 230/138 kV, TR 230/138 kV 3ø, 2 x 150 MVA.;SC;20.0;195.0;750.0;172362240.0;30390470.0;17796000.0;41.0;ALUSA - COMPANHIA TÉCNICA DE ENGENHARIA ELÉTRICA;sim
2005;2005-11-17;001/2005;7;LT Tijuco Preto - Itapeti 345 kV, CD, 21 km- LT Itapeti - Nordeste 345 kV, CD, 29 km. LT Tijuco Preto - Itapeti 345 kV, CD, 21 km;SP;18.0;50.0;0.0;55802820.0;9618250.0;9570168.0;0.0;FURNAS CENTRAIS ELE?TRICAS S.A.;sim
2006;2006-11-24;005/2006;1;LT Samuel - Ariquemes 230 kV, CS, 153 km- LT Ariquemes - Ji-Paraná 230 kV, CS, 164 km- LT Ji-Paraná -Pimenta Bueno 230 kV, CS, 118 km- LT Pimenta Bueno - Vilhena 230 kV, CS, 160 km- LT Vilhena - Jauru 230 kV, CD, C1 e C2, 354 km.;MT/RO;18.0;1303.0;0.0;366377160.0;66118680.0;32390000.0;51.0;ELECNOR S.A.;sim
2006;2006-11-24;005/2006;2;LT Jaguara - Estreito 500 kV, CS, 53 km- LT Estreito - Ribeirão Preto 500 kV, CS, 118 km- LT Ribeirão Preto - Poços de Caldas 500 kV, CS, 137 km- SE Ribeirão Preto 500/440 kV, TR 500/440 kV 1ø, (6 + 1) x 400 MVA.;MG/SP;22.0;308.0;2800.0;306627110.0;56073530.0;23430000.0;58.0;COBRA INSTALACIONES Y SERVICIOS S.A.;sim
2006;2006-11-24;005/2006;3;LT São Simão - Marimbondo 500 kV, CS, 216 km- LT Marimbondo - Ribeirão Preto 500 kV, CS, 196 km.;MG/SP;22.0;412.0;0.0;209572530.0;38422490.0;18499800.0;52.0;COBRA INSTALACIONES Y SERVICIOS S.A.;sim
2006;2006-11-24;005/2006;4;LT Neves1 - Mesquita 500 kV, CS, 172,5 km.;MG;18.0;172.5;0.0;99809310.0;17949780.0;10769868.0;40.0;ISA  INTERCONEXIÓN ELÉCTRICA S.A. E.S.P.;sim
2006;2006-11-24;005/2006;5;LT Funil - Itapebi 230 kV, CS, 198,7 km;BA;18.0;0.0;0.0;48610010.0;8736260.0;3751428.0;57.0;CHESF - COMPANHIA HIDRO ELE?TRICA DO SA?O FRANCISCO;sim
2006;2006-11-24;005/2006;6;LT Mascarenhas - Verona 230 kV, CS, 107 km.;ES;18.0;107.0;0.0;41153920.0;7338760.0;4750000.0;35.0;ALUSA - COMPANHIA TÉCNICA DE ENGENHARIA ELÉTRICA;sim
2006;2006-11-24;005/2006;7;LT Cascavel Oeste - Foz do Iguaçu 230 kV, CS, 115 km- SE Foz do Iguaçu Norte 230/138 kV, TR 230/138 kV 3ø, 150 MVA.;PR;20.0;115.0;150.0;48382580.0;8707570.0;5780000.0;34.0;ABENGOA S.A.;sim
2006;2006-12-15;003/2006;1;LT Paracatu4 - Pirapora2 500 kV, CS, 246 km- SE Pirapora2 500/345 kV, TR 500/345/13,8 kV 1ø, (3 + 1) x 350 MVA e TR 345/138 kV/13,8 kV 1ø, (6 + 1) x 100 MVA.;MG;22.0;246.0;2100.0;236494601.0;41921280.0;17000000.0;59.0;ISOLUX INGENIERIA S.A.;sim
2006;2006-12-15;003/2006;2;LT Bateias - Curitiba 525 kV, CS, 37 km-  SE Bateias 525/230 kV, TR 525/230 kV 1ø, 3 x 200 MVA- SE Curitiba 525/230 kV, TR 525/230 kV 1ø, 3 x 224 MVA-  LT Canoinhas - São Mateus 230 kV, C2, 48 km;SC/PR;20.0;85.0;1272.0;113651299.63;19916190.0;11480700.0;42.0;ABENGOA S.A.;sim
2006;2006-12-15;003/2006;3;LT Londrina - Maringá 230 kV, CS, C2, 88 km- SE Londrina 525/230 kV, TR 525/230 kV 1ø, 3 x 224 MVA- LT Jaguariaíva  Itararé2 230 kV, 44 km- SE Itararé2 230/138 kV, TR 230/138 kV 1ø, 3 x 100 MVA.;SP/PR;20.0;132.0;1072.0;96776475.88;16933280.0;9790000.0;42.0;ABENGOA S.A.;sim
2006;2006-12-15;003/2006;4;LT Ibicoara - Brumado 230 kV, CS, 105 km- SE Ibicoara 500/230 kV, TR 500/230 kV 1ø, (3 + 1) x 100 MVA e TR 230/138 kV 3ø, 2 x 55 MVA.;BA;20.0;105.0;510.0;67641280.0;11829030.0;4880000.0;59.0;CHESF - COMPANHIA HIDRO ELE?TRICA DO SA?O FRANCISCO;sim
2006;2006-12-15;003/2006;5;LT Campos Novos - Videira 230 kV, CD, C1 e C2, 68 km- SE Videira 230/138 kV, TR 230/138 kV 3ø, 2 x 150 MVA-  LT Dona Francisca - Santa Maria3 230 kV, C2, 63 km.;SC/RS;20.0;151.0;300.0;80542853.7;14053330.0;10665000.0;24.0;ABENGOA S.A.;sim
2006;2006-12-15;003/2006;6;LT Paraíso  Açu2 230 kV, C2, 135 km-  LT Picos - Tauá 230 kV, CS, 180 km.;PI/CE/RN;18.0;315.0;0.0;84776020.0;14788880.0;6654996.0;55.0;CHESF - COMPANHIA HIDRO ELE?TRICA DO SA?O FRANCISCO;sim
2007;2007-11-07;004/2007;1;LT Colinas - Ribeiro Gonçalves 500 kV, C2, 367 km- LT Ribeiro Gonçalves - São João do Piauí 500 kV, C2, 363 km;TO/PI;21.0;720.0;0.0;471167970.0;66689120.0;28940000.0;57.0;CTEEP - COMPANHIA DE TRANSMISSÃO DE ENERGIA ELÉTRICA PAULISTA;sim
2007;2007-11-07;004/2007;2;LT São João do Piauí - Milagres 500 kV, C1, 400 km.;PI/CE;21.0;400.0;0.0;223353330.0;31889640.0;13756800.0;57.0;CYMI HOLDING S.A.;sim
2007;2007-11-07;004/2007;3;LT Juba - Jauru 230 kV, CD, 129 km- LT Maggi - Nova Mutum 230 kV, CD, 273 km- SE Juba 230/138 kV, TR 230/138/13,8 kV 1ø, 6 x 50 MVA- SE Maggi 230/138 kV, TR 230/138/13,8 kV 1ø, (3 + 1) x 33,33 MVA;MT;18.0;804.0;433.32;228562400.0;32142700.0;14946000.0;54.0;CONSÓRCIO JAURU;sim
2007;2007-11-07;004/2007;4;LT P. Médici - Santa Cruz1 230 kV, CS, 233 km.;RS;18.0;233.0;0.0;52716970.0;7400710.0;3848364.0;48.0;ELETROSUL CENTRAIS ELÉTRICAS S.A.;sim
2007;2007-11-07;004/2007;5;LT Jardim - Penedo 230 kV, CS, 110 km- SE Penedo 230/69 kV, TR 230/69 kV 3ø, 100 MVA.;SE/AL;18.0;110.0;100.0;33698390.0;4699450.0;2819676.0;40.0;CHESF - COMPANHIA HIDRO ELE?TRICA DO SA?O FRANCISCO;sim
2007;2007-11-07;004/2007;6;LT Bateias - Pilarzinho 230 kV, CS, 29 km.;PR;15.0;29.0;0.0;10479270.0;1410320.0;665000.0;53.0;COPEL GERAÇÃO E TRANSMISSÃO S.A.;sim
2007;2007-11-07;004/2007;7;LT São Luís2 - São Luís3 230 kV, CS, 36 km- SE São Luís3 230/69 kV, TR 230/69 kV 3ø, 150 MVA.;MA;18.0;36.0;150.0;31219580.0;4330580.0;2121984.2;51.0;Centrais Elétricas do Norte do Brasil S.A. - Eletronorte;sim
2008;2008-06-27;004/2008;1;INTERLIGAÇÃO TUCURUÍ - MACAPÁ  MANAUS - Trecho Tucuruí  Jurupari:  LT Tucuruí - Xingu 500 kV, CD, 264 km- LT Xingu - Jurupari 500 kV, CD, 263 km- SE Jurupari 500/230 kV, TR 500/230 kV 1ø, (6 + 1) x 150 MVA 900 MVA;PA;36.0;527.0;1050.0;692556020.0;98529530.0;74300000.0;25.0;ISOLUX INGENIERIA S.A.;sim
2008;2008-06-27;004/2008;10;SE Venda das Pedras 345/138 kV, TR 345/138 kV 1ø, (6 +1) x 133,33 MVA- Trechos LTs entre secc. LT Adrianópolis - Macaé 345 kV, C1, e SE Venda das Pedras, CS, 2 x 23,5 km;RJ;18.0;23.5;933.31;54821590.0;6951940.0;4970000.0;29.0;ELECNOR TRANSMISSÃO DE ENERGIA S.A.;sim
2008;2008-06-27;004/2008;11;SE Atibaia2 345/138 kV, TR 345/138 kV 1ø, (3+1) x 133,33 MVA- Trechos LTs entre secc. LT Poços de Caldas - Mogi das Cruzes 345 kV, e SE Atibaia2, CS, 2 x 1,4 km.;SP;18.0;1.4;533.32;28411170.0;3633770.0;2622492.0;28.0;CTEEP - COMPANHIA DE TRANSMISSÃO DE ENERGIA ELÉTRICA PAULISTA;sim
2008;2008-06-27;004/2008;12;LT São Simão - Itaguaçu 500 kV, CS, C1, 23 km- LT Itaguaçu - Barra dos Coqueiros 230 kV, CS, C1, 49 km- SE Itaguaçu 500/230 kV, TR 500/230 kV 1ø, (3+1) x 225 MVA.;MG/GO;15.0;72.0;900.0;62610830.0;8256500.0;4541071.0;45.0;ELECNOR TRANSMISSÃO DE ENERGIA S.A.;sim
2008;2008-06-27;004/2008;2;INTERLIGAÇÃO TUCURUÍ - MACAPÁ - MANAUS - Trecho Oriximiná - Macapá: LT Oriximiná - Jurupari 500 kV, CD, 374 km- LT Jurupari - Laranjal 230 kV, CD, 95 km- LT Laranjal - Macapá 230 kV, CD, 244 km- SE Oriximiná 500/138 kV, TR 500/138 kV 1ø, (3 + 1) x 50 MVA-;PA/AP;36.0;713.0;850.0;607973660.0;86498640.0;71880000.0;17.0;ISOLUX INGENIERIA S.A.;sim
2008;2008-06-27;004/2008;3;INTERLIGAÇÃO TUCURUÍ - MACAPÁ - MANAUS - Trecho Oriximiná - Cariri: LT Oriximiná - Itacoatiara 500 kV, CD, C1 e C2, 374 km- LT Itacoatiara - Cariri (Manaus) 500 kV, CD, C1 e C2, 212 km- SE Itacoatiara 500/138 kV, TR 500/138 kV 1ø, (3 + 1) x 50 MVA- SE Car;PA/AM;36.0;586.0;2200.0;766569420.0;109255450.0;101607568.5;7.0;CONSÓRCIO AMAZONAS;sim
2008;2008-06-27;004/2008;4;LT Parecis - Maggi 230 kV, CD, 106 km- LT Juína - Maggi 230 kV, CD, 215 km- LT Maggi - Juba 230 kV, CD, 232 km- LT Nova Mutum - Sorriso 230 kV, CS, 145 km- LT Sorriso - Sinop 230 kV, CS, 77 km- SE Parecis 230/138 kV, TR 230/138/13,8 kV 1ø, (9 + 1) x 33,33;MT;20.0;775.0;466.62;275841100.0;36796780.0;25950000.0;29.0;CONSÓRCIO TBE CENTRO-OESTE;sim
2008;2008-06-27;004/2008;5;LT Interlagos  Piratininga2 345 kV, CD, C1 e C2, 1,5 km- SE Piratininga2 345/138 kV, TR 345/138/88 kV 1ø, (9 + 1) x 133,33 MVA, TR 88 kV 3ø, 2 x 36,3 MVA;SP;18.0;1.5;1405.9;68381190.0;9089580.0;6103621.0;33.0;CTEEP - COMPANHIA DE TRANSMISSÃO DE ENERGIA ELÉTRICA PAULISTA;sim
2008;2008-06-27;004/2008;6;LT Nova Santa Rita - Sharlau 230 kV, CD, C1 e C2, 23 km- SE Scharlau 230/138 kV, TR 230/138 kV 3ø, 3 x 150 MVA.;RS;18.0;23.0;450.0;28058880.0;3689380.0;3674900.0;0.0;CTEEP - COMPANHIA DE TRANSMISSÃO DE ENERGIA ELÉTRICA PAULISTA;sim
2008;2008-06-27;004/2008;7;LT Eunápolis - Teixeira de Freitas II 230 kV, C1- SE Teixeira de Freitas II e instalações associadas na SE Eunápolis.;BA;18.0;152.0;133.32;36391170.0;4832170.0;2980000.0;38.0;CHESF - COMPANHIA HIDRO ELE?TRICA DO SA?O FRANCISCO;sim
2008;2008-06-27;004/2008;8;SE Mirassol2 440/138 kV, TR 440/138 kV 1ø, (3 + 1) x 100 MVA- SE Araras 440/138 kV, TR 440/138 kV 1ø, (6 + 1) x 100 MVA- SE Getulina 440/138 kV, TR 440/138 kV 1ø, (3 + 1) x 100 MVA- Trechos LT entre secc. LT Ilha Solteira - Araraquara 440 kV, CD, e SE Mir;SP;18.0;3.0;1500.0;167740930.0;21181840.0;10321740.0;51.0;CTEEP - COMPANHIA DE TRANSMISSÃO DE ENERGIA ELÉTRICA PAULISTA;sim
2008;2008-06-27;004/2008;9;LT Joinville Norte - Curitiba 230 kV, CS, C2, 100 km- LT Jorge Lacerda B - Siderópolis 230 kV, CS, C3- 50 km- SE Joinville Norte 230/138 KV, TR 230/138 kV 3ø, 2 x 150 MVA- SE Forquilhinha 230/69 KV, TR 230/69 kV 3ø, 2 x 150 MVA- Trecho LT entre secc. LT C;SC/PR;18.0;162.5;900.0;51081350.0;6649320.0;6616070.0;1.0;CTEEP - COMPANHIA DE TRANSMISSÃO DE ENERGIA ELÉTRICA PAULISTA;sim
2008;2008-10-03;006/2008;1;LT Ribeiro Gonçalves - Balsas 230 kV, CS, 95 km- SE Ribeiro Gonçalves 500/230, TR 500/230 kV 1ø, (3+1) x 100 MVA, TR 230/69 kV 3ø, 50 MVA- SE Balsas 230/69 kV, TR 230/69 kV 3ø, 100 MVA;PI/MA;18.0;95.0;550.0;64642940.0;8613030.0;6029121.0;30.0;Centrais Elétricas do Norte do Brasil S.A. - Eletronorte;sim
2008;2008-10-03;006/2008;2;SE Miranda2 500/230 kV, TR 500/230 kV 1ø, (3 + 1) x 150 MVA-  Trechos LTs entre secc. LT P. Dutra - São Luíz2 500 kV, C1 e C2, e SE Miranda2, 3,2 km.;MA;22.0;3.2;600.0;59523540.0;7855910.0;6284728.0;20.0;Centrais Elétricas do Norte do Brasil S.A. - Eletronorte;sim
2008;2008-10-03;006/2008;3;LT Bom Despacho3 - Ouro Preto2 500 kV, 180 km;MG;21.0;180.0;0.0;82012990.0;11146730.0;6832944.0;39.0;FURNAS CENTRAIS ELE?TRICAS S.A.;sim
2008;2008-10-03;006/2008;4;LT Porto Alegre9 - Porto Alegre4 230 kV, subterrânea, 11 km- LT Porto Alegre9 - Nova Santa Rita 230 kV, 27 km- LT Porto Alegre9 - Porto Alegre8 230 kV, 10 km- LT Monte Claro - Garibaldi 230 kV, 33 km.;RS;;;;66013154.0;9074790.0;;;SEM LANCE;não
2008;2008-10-03;006/2008;5;SE Narandiba 230/69 kV, SF6, TR 230/69 kV 3ø, 2 x 100 MVA.;BA;24.0;0.0;200.0;74130320.0;10367280.0;4146912.0;60.0;NEOENERGIA S.A.;sim
2008;2008-10-03;006/2008;6;SE Missões 230/69 kV, TR 230/69 kV 3ø, 3 x 50 MVA- Trecho LT entre secc. LT Santo Ângelo  São Borja2 230 kV e SE Missões.;RS;16.0;0.0;150.0;25579260.0;3254370.0;3234996.0;1.0;ELETROSUL CENTRAIS ELÉTRICAS S.A.;sim
2008;2008-10-03;006/2008;7;SE Suape2 500/230 kV, TR 500/230 kV 1ø, (3 + 1) x 200 MVA- SE Suape3 230/60 kV, TR 230/69 kV 3ø, 2 x 100 MVA.;PE;24.0;0.0;1000.0;115081440.0;14989380.0;8543940.0;43.0;CHESF - COMPANHIA HIDRO ELE?TRICA DO SA?O FRANCISCO;sim
2008;2008-11-24;008/2008;1;LT Ilha Solteira - Ilha Solteira2 440 kV, CD, C1 e C2, 2 x 2 km-  LT Ilha Solteira2 - Inocência 230 kV, CD, C1 e C2, e C3, 3 x 81 km- LT Inocência - Chapadão 230 kV, CD, C1 e C2, e C3, 3 x 165 km- SE Ilha Solteira2 440/230 kV, TR 440/230 kV 1ø, (9 + 1) x;MS;18.0;793.0;2950.0;454895380.0;59212108.0;48550000.0;18.0;COBRA INSTALACIONES Y SERVICIOS S.A.;sim
2008;2008-11-24;008/2008;2;LT Chapadão  Imbirussu 230 KV, CS, 295 km LT Imbirussu  Sidrolândia 230 kV, CS, 48 km- LT Sidrolândia  Anastácio 230 kV, CS, 101 km- Rede ICG: LT Rio Brilhante  Santa Luzia2 138 kV, CS, 22 km- SE Sidrolândia 230 KV, TR 230/138 kV 3ø, 225 MVA- SE Rio B;MS;18.0;616.0;975.0;260242420.0;38630877.0;34767780.0;10.0;ELECNOR TRANSMISSÃO DE ENERGIA S.A.;sim
2008;2008-11-24;008/2008;3;LT Chapadão - Jataí 230 kV, CD, C1 e C2, 2 x 128 km- LT Palmeiras  Edéia 230 kV, CS, C1, 60 km- LT Barra dos Coqueiros - Quirinópolis 230 kV, CS, C1, 50 km- Rede ICG: LT Jataí - Mineiros 138 KV, CS, 65 km- LT Mineiros - Morro Vermelho 138 KV. CS, 60 km-;MS/GO;18.0;570.0;1500.0;259574180.0;42670449.0;34500000.0;19.0;CONSÓRCIO TRANSENERGIA RENOVÁVEL;sim
2008;2008-11-26;007/2008;1;SE CONVERSORA CA/CC/CA: Back-to-Back, 2 x 400 MW- SE Coletora Porto Velho 500/230 kV, TR 230/13,8 kV 3ø, 3 x 100 MVA- TR 500/37,8 kV 1ø, (6 + 1) x 136,33 MVA, Compensador síncrono 3 x (-70/+100) Mvar- LT Coletora Porto Velho - Porto Velho 230 KV, C1 e C2,;RO;36.0;17.3;1255.71;311998370.0;44751920.0;44751600.0;0.0;CONSÓRCIO INTEGRAÇÃO NORTE BRASIL;sim
2008;2008-11-26;007/2008;2;LT Cuiabá - Ribeirãozinho 500 kV, C2, 364 km- LT Ribeirãozinho - Rio Verde Norte 500 KV, C2, 242 km.;MT/GO;36.0;606.0;0.0;288184190.0;41707300.0;35447808.0;15.0;CYMI HOLDING S.A.;sim
2008;2008-11-26;007/2008;3;SE RETIFICADORA 01 CA/CC, 500/±600 kV, 3150 MW (Coletora Porto Velho)- SE INVERSORA 01 CC/CA, ±600/500 kV, 2950 MW (SE Araraquara2).;RO/SP;38.0;0.0;7350.0;1109820540.0;160838780.0;144754800.0;10.0;CONSÓRCIO INTEGRAÇÃO NORTE BRASIL;sim
2008;2008-11-26;007/2008;4;INTERLIGAÇÃO DO MADEIRA: LT Coletora Porto Velho - Araraquara2 ±600 kV, CC, 2375 km.;RO/SP;36.0;2375.0;0.0;1215107080.0;176626410.0;176249000.0;0.0;CONSÓRCIO MADEIRA TRANSMISSÃO;sim
2008;2008-11-26;007/2008;5;LT Araraquara2 - Araraquara Furnas 500 kV, C1 e C2, 2 x 15 km- LT Araraquara 2 - Araraquara CTEEP 500 kV, C1 e C2, 2 x 15 km- SE Araraquara2 500/440 kV, TR 500/440 kV 1ø, (9 + 1) x 416,67 MVA.;SP;36.0;30.0;4166.7;152694350.0;21933550.0;15463152.0;30.0;CYMI HOLDING S.A.;sim
2008;2008-11-26;007/2008;6;SE RETIFICADORA 02 CA/CC, 500/±600 kV, 3150 MW (Coletora Porto Velho)- SE INVERSORA 02 CC/CA, ±600/500 kV, 2950 MW (SE Araraquara2).;RO/SP;50.0;0.0;7350.0;1109820540.0;168653770.0;151788396.0;10.0;CONSÓRCIO MADEIRA TRANSMISSÃO;sim
2008;2008-11-26;007/2008;7;LT COLETORA PORTO VELHO  ARARAQUARA 2, Nº. 02, CC, ±600 kV, 2375 km;RO/SP;48.0;2375.0;0.0;1215107080.0;185023960.0;173922000.0;6.0;CONSÓRCIO INTEGRAÇÃO NORTE BRASIL;sim
2009;2009-05-08;001/2009;1;LT Porto Alegre9 - Porto Alegre4 230 kV, subterrânea, 11 km.;RS;20.0;11.0;0.0;76326580.0;9896320.0;5225088.0;47.0;CONSÓRCIO CEEE-GT/PROCABLE;sim
2009;2009-05-08;001/2009;10;LT Foz do Iguaçu - Cascavel Oeste 525 kV, CS, 115 km.;PR;24.0;115.0;0.0;93216110.0;12294990.0;7315519.0;41.0;COPEL GERAÇÃO E TRANSMISSÃO S.A.;sim
2009;2009-05-08;001/2009;11;LT Serra da Mesa - Niquelândia 230 kV, CS, 100 km- LT Niquelândia - Barro Alto 230 kV, CS, 88 km.;GO;20.0;188.0;0.0;70661090.0;9129430.0;7577424.0;17.0;CONSÓRCIO TRANSENERGIA;sim
2009;2009-05-08;001/2009;12;LT Eunápolis - Teixeira de Freitas2 230 kV, CS, C2, 152 km;BA;18.0;152.0;0.0;40087100.0;5124670.0;4868436.0;5.0;CHESF - COMPANHIA HIDRO ELE?TRICA DO SA?O FRANCISCO;sim
2009;2009-05-08;001/2009;2;LT Porto Alegre8 - Porto Alegre9 230 kV, 10 km- LT Nova Santa Rita - Porto Alegre9 230 kV, 27 km- LT Monte Claro - Garibaldi 230 kV, 37 km- SE Caxias6 230/69 kV, TR 230/69/13,8 kV 1ø, (3 + 1) x 55 MVA;RS;0.0;0.0;0.0;70154910.0;8981176.53;8976176.53;87.0;CME - CONSTRUÇÃO E MANUTENÇÃO ELECTROMECÂNICA;sim
2009;2009-05-08;001/2009;3;LT Jauru - Vilhena 230 kV, CS, 346 km- LT Vilhena - Pimenta Bueno 230 kV, CS, 161 km- LT Pimenta Bueno - Ji-Paraná 230 kV, CS, 119 km- LT Ji-Paraná - Ariquemes 230 kV, CS, 165 km- LT Ariquemes - Samuel 230 kV, CS, 154 km- LT Samuel - Porto Velho 230 kV, C;MT/RO;24.0;987.0;0.0;386939910.0;50424070.0;42688000.0;15.0;CONSÓRCIO PORTO VELHO - JAURU;sim
2009;2009-05-08;001/2009;4;LT Porto Velho  Abunã 230 kV, CS, 188 km- LT Abunã - Rio Branco 230 kV, CS, 299 km;RO/AC;24.0;487.0;0.0;215947750.0;27816670.0;24400000.0;12.0;CONSÓRCIO PORTO VELHO - JAURU;sim
2009;2009-05-08;001/2009;5;LT Jauru - Cuiabá 500 kV, CS, 348 km SE Jauru 500/230 kV, TR 500/230/13,8 kV 1ø, (3 + 1) x 250 MVA;MT;24.0;348.0;1000.0;302141450.0;39323780.0;27516000.0;30.0;CONSÓRCIO JAURU - CUIABÁ;sim
2009;2009-05-08;001/2009;6;LT Pau Ferro - Santa Rita2 230 kV, CS, 96,7 km- LT Paulo Afonso3 - Zebu 230 kV, CD, 6 km- SE Santa Rita2 230/69 kV, TR 230/69 kV 3ø, 2 x 150 MVA- SE Zebu 230/69 kV, TR 230/69 kV 3ø, 2 x 100 MVA- SE Natal3 230/69 kV, TR 230/69 kV 3ø, 2 x 150 MVA;PE/PB/BA/AL/RN;22.0;108.7;800.0;165356220.0;20648340.0;15899220.0;23.0;CHESF - COMPANHIA HIDRO ELE?TRICA DO SA?O FRANCISCO;sim
2009;2009-05-08;001/2009;7;SE Itatiba 500/138 kV, TR 500/138/13,8 kV 1ø, (6 +1) x 133,34 MVA;SP;22.0;0.0;933.38;81855810.0;10388640.0;8174000.0;21.0;CONSÓRCIO TRANSENERGIA;sim
2009;2009-05-08;001/2009;8;SE Santos Dumont 345/138 kV, TR 345/138 kV 1ø, (3 +1) x 125 MVA;MG;18.0;2.0;500.0;89334170.0;10823020.0;8322900.0;23.0;ETEP - EMPRESA PARAENSE DE TRANSMISSÃO DE ENERGIA S.A.;sim
2009;2009-05-08;001/2009;9;SE Salto 440/138 kV, TR 440/138 kV 1ø, (9 +1) x 133,34 MVA- SE Jandira 440/138 kV, TR 440/138 kV 1ø, (3 +1) x 133,34 MVA- Trecho LT entre secc. Gerdau - Embu-Guaçu 440 kV e SE Jandira 440 kV, CD, 10 km Trecho LT entre secc. LT Bauru - Cabreúva 440 kV, C1,;SP;24.0;21.8;1866.76;195908540.0;24506290.0;21804000.0;11.0;CTEEP - COMPANHIA DE TRANSMISSÃO DE ENERGIA ELÉTRICA PAULISTA;sim
2009;2009-11-27;005/2009;1;LT Rio Verde Norte - Trindade 500 kV, CD, 193 km- LT Trindade - Xavantes 230 kV, CD, 37 km- LT Trindade - Carajás 230 kV, CS, 29 km- SE Trindade 500/230 kV, TR 500/230/13,8 kV 1ø, (3 +1) x 133,33 MVA;GO;24.0;489.0;533.32;394696960.0;49959310.0;33750000.0;32.0;CONSÓRCIO GOIÁS TRANSMISSÃO;sim
2009;2009-11-27;005/2009;2;LT Pirapora 2 - Montes Claros 2 345 kV- SE Itabirito 2 500/345 KV- SE Padre Fialho 345/138 kV;MG;24.0;170.0;1096.64;226147790.0;28340510.0;20916000.0;26.0;COBRA INSTALACIONES Y SERVICIOS S.A.;sim
2009;2009-11-27;005/2009;3;LT São Luiz2 - São Luiz3 230 kV, CS, C2, 36 km- SE Pecém2 500/230 kV, TR 500/230/13,8 kV 1ø, (9 + 1) x 400 MVA- SE Aquiraz2 230/69 kV, TR 230/69 kV 3ø, 3 x 150 MVA- Trechos LTs entre secc. LT Sobral3 - Fortaleza2 500 kV, CS, C1 e C2, e SE Pecém3, 20 km- T;MA/CE;22.0;156.0;1783.3;243202880.0;29688830.0;20485296.0;31.0;CONSÓRCIO NORDESTE;sim
2009;2009-11-27;005/2009;4;LT Nobres - Cuiabá 230 kV, CS, C1, 130 km- LT Nova Mutum - Nobres 230 kV, CS, C2, 105 km;MT;20.0;235.0;0.0;74069560.0;9576320.0;8424000.0;12.0;CONSÓRCIO ALUPAR BIMETAL;sim
2009;2009-11-27;005/2009;5;LT Mascarenhas - Linhares 230 kV, CS, 99 km-  SE Linhares 230/138 kV, TR 230/138/13,8 kV 1ø, (3+1) x 50 MVA.;ES;24.0;99.0;200.0;59446950.0;7749530.0;5269680.0;32.0;FURNAS CENTRAIS ELE?TRICAS S.A.;sim
2009;2009-11-27;005/2009;6;SE Camaçari4 500/230 kV, TR 500/230/13,8 kV 1ø, (6+1) x 400 MVA- Trechos LT entre secc. LT Jardim - Camaçari2 500 kV, CS, e SE Camaçari4, 2 x 0,5 km.;BA;22.0;1.0;2533.46;78072670.0;10110470.0;6976224.0;31.0;CHESF - COMPANHIA HIDRO ELE?TRICA DO SA?O FRANCISCO;sim
2009;2009-11-27;005/2009;7;LT Mesquita - Viana2 500 kV, CS, 248 km-  LT Viana2 - Viana 345 kV, CD, 10 km-  SE Viana2 500/345 kV, TR 500/345/13,8 kV 1ø, (3+1) x 300 MVA.;MG/ES;24.0;268.0;1200.0;246072660.0;31966370.0;23007108.0;28.0;CONSÓRCIO MGE TRANSMISSÃO;sim
2009;2009-11-27;005/2009;8;LT Jorge Teixeira - Lechuga (ex Cariri) 230 kV, CD, 30 km;AM;15.0;60.0;0.0;27656270.0;3454430.0;3454000.0;0.0;Centrais Elétricas do Norte do Brasil S.A. - Eletronorte;sim
2010;2010-06-11;001/2010;1;LT Araraquara2 - Taubaté 500 kV, CS, 356 km.;SP;24.0;356.0;0.0;250000000.0;31233160.0;20017332.24;36.0;COPEL GERAÇÃO E TRANSMISSÃO S.A.;sim
2010;2010-06-11;001/2010;2;SE Ijuí2 230 kV, nova, TR 230/69/13,8 kV 3ø, 2 x 83 MVA-  SE Nova Petrópolis2 230 kV, TR 230/69/13,8 kV 3ø, 83 MVA-  SE Lajeado Grande 230 kV, novo pátio 138 kV, TR 230/138/13,8 kV 3ø, 75 MVA-  SE Caxias6 230 kV, TR 230/69/13,8 kV 1ø, (6 + 1) x 55 MVA- Tr;RS;24.0;3.0;709.0;110000000.0;13646810.0;8325000.0;39.0;EMPRESA TRANSMISSÃO DE ENERGIA DO RIO GRANDE DO SUL S.A. - RS ENERGIA;sim
2010;2010-06-11;001/2010;3;LT Monte Claro - Garibaldi 230 KV, CS, 33,3 km;RS;24.0;33.34;0.0;18000000.0;2265830.0;2244000.0;1.0;EMPRESA TRANSMISSÃO DE ENERGIA DO RIO GRANDE DO SUL S.A. - RS ENERGIA;sim
2010;2010-06-11;001/2010;4;LT Integradora Sossego - Xinguara 230 kV, CS, 79 km- SE Xinguara 230/138 kV, TR 230/138/13,8 kV 3ø, 150 MVA- SE Carajás 230/138 kV, TR 230/138/13,8 kV 3ø, 2 x 100 MVA.;PA;24.0;79.0;350.0;62000000.0;7720440.0;6420440.0;17.0;CONSÓRCIO ATLÂNTICO;sim
2010;2010-06-11;001/2010;5;LT Miranda - Encruzo Novo 230 kV, CS, 240 km-  SE Encruzo Novo 230/69 kV, TR 230/69/13,8 kV 3ø, 100 MVA;MA;24.0;240.0;100.0;100000000.0;12262940.0;8100000.0;34.0;ELECNOR TRANSMISSÃO DE ENERGIA S.A.;sim
2010;2010-06-11;001/2010;6;SE Várzea Grande 230/138 kV, TR 230/138/13,8 kV 1ø, (3+1) x 50 MVA- Trecho LT entre secc.LT Jauru - Coxipó 230 kV, CD, C1 e C2, e SE Várzea Grande, 0,85 km.;MT;24.0;2.0;200.0;29000000.0;3411070.0;2960000.0;13.0;ALUPAR INVESTIMENTO S.A.;sim
2010;2010-06-11;001/2010;7;SE Arapiraca3 230/69 KV, TR 230/69/13,8 kV 3ø, 100 MVA- Trecho LT entre secc. LT Rio Largo2 - Penedo 230 kV, CD, e SE Arapiraca3, 46 km.;AL;24.0;92.0;100.0;58000000.0;6407830.0;5318496.0;17.0;CHESF - COMPANHIA HIDRO ELE?TRICA DO SA?O FRANCISCO;sim
2010;2010-06-11;001/2010;8;SE Pólo 230/69 KV, TR 230/69/13,8 kV 3ø, 100 MVA.;BA;18.0;0.0;100.0;16000000.0;1975030.0;967764.0;51.0;CHESF - COMPANHIA HIDRO ELE?TRICA DO SA?O FRANCISCO;sim
2010;2010-06-11;001/2010;9;SE Cerquilho3 230/138 KV, TR 230/138 kV 1ø, (6+1) 50 MVA- Trechos LTs entre secc. LT Edgard de Souza - Botucatu 230 kV e SE Cerquilho3, CS, 2 x 1 km;SP;24.0;2.0;350.0;44000000.0;5261500.0;3254763.9;38.0;COPEL GERAÇÃO E TRANSMISSÃO S.A.;sim
2010;2010-09-03;006/2010;1;LT Extremoz2 - João Câmara 230 kV, CS, 82 km-  LT Açu2 - Paraíso 230 KV, CS, C3, 123 km-  LT Açu2 - Mossoró2 230 kV, C2, 69 km- SE Extremoz2 230 kV, Compensador Estático (-75/+150) Mvar- ICG:  SE João Câmara 230/69 kV, TR 230/69 kV 3ø, 2 x 180 MVA. Trecho;RN;18.0;303.4;360.0;186000000.0;21785570.0;10326360.0;53.0;CHESF - COMPANHIA HIDRO ELE?TRICA DO SA?O FRANCISCO;sim
2010;2010-09-03;006/2010;2;LT Igaporã - Bom Jesus da Lapa2 230 kV, CS, 115 km- ICG:  SE Igaporã 230/69 KV, TR 230/69 kV 3ø, 2 x 150 MVA.;BA;18.0;115.0;300.0;81000000.0;10272710.0;4190000.0;59.0;CHESF - COMPANHIA HIDRO ELE?TRICA DO SA?O FRANCISCO;sim
2010;2010-09-03;006/2010;3;LT Sobral3  Acaraú2 230 kV, CS, 97 km- ICG:  SE Acaraú2 230/69 kV, TR 230/69 kV 3ø, 2 x 100 MVA.;CE;18.0;97.0;200.0;56000000.0;7117510.0;4718904.0;34.0;CHESF - COMPANHIA HIDRO ELE?TRICA DO SA?O FRANCISCO;sim
2010;2010-12-09;008/2010;1;LT Porto Alegre9 - Porto Alegre8 230 kV, CS, 12 km- LT Porto Alegre9 - Nova Santa Rita 230 kV, CS, 29 km- LT Campo Bom - Taquara 230 kV, CS, 29 km- LT Restinga  Viamão3 230 kV, CS, 19 km- LT Restinga - Porto Alegre13 230 KV, CS, 13 km- LT Porto Alegre12;RS;24.0;106.0;747.0;300000000.0;37080180.0;19980000.0;46.0;CONSÓRCIO PROCABLE/CEEE-GT/INSIGMA;sim
2010;2010-12-09;008/2010;2;SE Foz do Chapecó 230/138 kV, TR 230/138 kV 3ø, 2 x 50 MVA;RS;20.0;0.0;100.0;25000000.0;3097100.0;1860000.0;40.0;EMPRESA TRANSMISSÃO DE ENERGIA DO RIO GRANDE DO SUL S.A. - RS ENERGIA;sim
2010;2010-12-09;008/2010;3;SE Corumbá 345/138 kV, TR 345/138 kV 3ø, 2 x 75 MVA;GO;20.0;0.0;150.0;34000000.0;4072740.0;3258192.0;20.0;CONSÓRCIO CALDAS NOVAS;sim
2010;2010-12-09;008/2010;4;LT Cascavel Oeste - Umuarama 230 kV, CS, 130 km-  SE Umuarama 230/138 kV, nova, TR 230/138 kV 3ø, 2 x 150 MVA-;PR;;;;105000000.0;12860250.0;;;SEM LANCE;não
2010;2010-12-09;008/2010;5;LT Xavantes2 - Pirineus 230 kV, C2, 50,5 km.;GO;;;;23000000.0;2727120.0;;;SEM LANCE;não
2010;2010-12-09;008/2010;6;SE Lucas do Rio Verde 230/138 kV, TR 230/138 kV 1ø, (3+1) x 25 MVA.;MT;24.0;0.0;100.0;24000000.0;2951680.0;1917600.0;35.0;Centrais Elétricas do Norte do Brasil S.A. - Eletronorte;sim
2010;2010-12-09;008/2010;7;LT Corumbá - Anastácio 230 kV, CD, 295 km- SE Corumbá 230/138kV, TR 230/138 kV 3ø, 2 x 100 MVA.;MS;24.0;295.0;200.0;270000000.0;33254890.0;16632000.0;50.0;ELECNOR TRANSMISSÃO DE ENERGIA S.A.;sim
2010;2010-12-09;008/2010;8;SE Sete Lagoas4 345/138 kV, TR 345/138 kV 1ø, (3+1) x 125 MVA-  Trechos LT entre secc. LT Neves1 - Três Marias 345 kV, CS, e SE Sete Lagoas4, 2 x 1 km.;MG;24.0;2.0;500.0;59000000.0;7058110.0;3876000.0;45.0;COBRA INSTALACIONES Y SERVICIOS S.A.;sim
2010;2010-12-09;008/2010;9;LT Itacaiúnas  Carajás 230 kV, CS, C3, 108 km;PA;18.0;108.0;0.0;46000000.0;5559020.0;4900000.0;12.0;ABENGOA CONCESSÕES BRASIL HOLDING S.A.;sim
2011;2011-06-10;001/2011;1;LT Ceará-Mirim - João Câmara2 500 KV, CS, 64 km- LT Ceará-Mirim - Campina Grande3 500 KV, CS, 201 km- LT Ceará-Mirim  Extremoz2 230 KV, CS, 26 km LT Campina Grande3 - Campina Grande2 230 kV, CS, 8,5 km- SE Ceará-Mirim 500/230 kV, TR 500/230/13,8 kV 1ø, (;RN/PB;22.0;324.5;3500.0;622000000.0;75956480.0;31901722.0;58.0;CHESF - COMPANHIA HIDRO ELE?TRICA DO SA?O FRANCISCO;sim
2011;2011-06-10;001/2011;2;LT Morro do Chapéu - Irecê 230 kV, CS, 65 km- ICG: SE Morro do Chapéu 230/69 kV, TR 230/69 kV 3ø, 150 MVA.;BA;22.0;65.0;150.0;42000000.0;5469780.0;4047637.0;26.0;CHESF - COMPANHIA HIDRO ELE?TRICA DO SA?O FRANCISCO;sim
2011;2011-06-10;001/2011;3;LT Paraíso - Lagoa Nova 230 KV, CS, 65 km- ICG: SE Lagoa Nova 230/69 kV, TR 230/69 kV 3ø, 2 x 150 MVA- SE Ibiapina 230/69 kV, TR 230/69 kV 3ø, 2 x 100 MVA- Trecho LT entre LT Piripiri - Sobral2 230 kV, CD, e SE Ibiapina, 11 km.;RN/CE;22.0;87.0;500.0;92000000.0;12174560.0;7791718.0;36.0;CHESF - COMPANHIA HIDRO ELE?TRICA DO SA?O FRANCISCO;sim
2011;2011-09-02;004/2011;1;INTERLIGAÇÃO MANAUS - BOA VISTA: LT Engenheiro Lechuga - Equador 500 kV, CD, 400 km- LT Equador - Boa Vista 500 kV, CD, 315 km- SE Equador 500 kV- SE Boa Vista 500/230 kV, TR 500/230/13,8 kV 3ø, 2 x 400 MVA.;AM/RR;36.0;1430.0;800.0;968000000.0;121128710.0;121128000.0;0.0;CONSÓRCIO BOA VISTA;sim
2011;2011-09-02;004/2011;10;LT Taubaté - Nova Iguaçu 500 kV, CS, 247 km- SE Nova Iguaçu 500/345 kV e 500/138 kV, TR 500/345/13,8 kV 1ø, (3 + 1) x 300 MVA, TR 500/138/13,8 kV 1ø, (3 + 1) x 300 MVA;SP/RJ;26.0;247.0;2400.0;425000000.0;49964340.0;27980040.0;44.0;ISOLUX ENERGIA E PARTICIPAC?O?ES LTDA;sim
2011;2011-09-02;004/2011;11;SE Itapeti 345/88 kV, novo pátio, 345/88 kV 1ø, (6 + 1) x 133,33 MVA.;SP;20.0;0.0;933.31;73000000.0;8626560.0;4399548.0;49.0;CTEEP - COMPANHIA DE TRANSMISSÃO DE ENERGIA ELÉTRICA PAULISTA;sim
2011;2011-09-02;004/2011;12;LT Luis Gonzaga - Garanhuns 500 kV, C2, 224 km- LT Garanhuns - Pau Ferro 500 kV, CS, 239 km- LT Garanhuns - Campina Grande3 500 kV, CS, 190 km- LT Garanhuns - Angelim1 230 kV, CS, 13 km- Trechos LT entre secc. LT Angelim2 - Recife2 500kV, C1, e SE Pau Fer;AL/PE/PB;30.0;838.2;2550.0;942000000.0;111255680.0;68900000.0;38.0;CONSÓRCIO GARANHUNS;sim
2011;2011-09-02;004/2011;2;SE Miramar 230/69 kV, TR 230/69/13,8 kV 3ø, 2 x 400 MVA- SE Tucuruí 230/138 kV, TR 230/138/13,8 kV 3ø, 2 x 100 MVA;PA;24.0;0.0;1000.0;58000000.0;7045880.0;3940000.0;44.0;Centrais Elétricas do Norte do Brasil S.A. - Eletronorte;sim
2011;2011-09-02;004/2011;3;SE Nobres 230/138 kV, TR 230/138/13,8 kV 3ø, 2 x 100 MVA;MT;18.0;0.0;200.0;23000000.0;2665580.0;1464000.0;45.0;Centrais Elétricas do Norte do Brasil S.A. - Eletronorte;sim
2011;2011-09-02;004/2011;4;LT Xavantes - Pirineus 230 kV, CS, 50 km.;GO;24.0;50.0;0.0;27000000.0;3235160.0;3020000.0;7.0;FURNAS CENTRAIS ELE?TRICAS S.A.;sim
2011;2011-09-02;004/2011;5;LT Cascavel Oeste - Umuarama 230 kV, CS, 143 km- SE Umuarama 230/138 kV, nova, TR 230/138/13,8 kV 3ø, 2 x 150 MVA.;PR;24.0;143.0;300.0;75000000.0;9167260.0;8880000.0;3.0;CONSÓRCIO COSTA OESTE:;sim
2011;2011-09-02;004/2011;6;LT Mesquita - Timóteo2 230 kV, CS, 24 km- SE Timóteo2 230 kV Trecho LT entre secc. LT Ipatinga 1  Timóteo/Acesita 230 kV e SE Timóteo2, CD, 1 km.;MG;22.0;26.0;0.0;29000000.0;3308640.0;2878512.0;13.0;ORTENG EQUIPAMENTOS E SISTEMAS LTDA;sim
2011;2011-09-02;004/2011;7;LT Teresina2 - Teresina3 230 kV, CD, C! e C2, 26 km- SE Teresina3 230/69 kV, TR 230/69/13,8 kV 3ø, 2 x 200 MVA.;PI;20.0;52.0;400.0;59000000.0;7004680.0;7004676.0;0.0;CHESF - COMPANHIA HIDRO ELE?TRICA DO SA?O FRANCISCO;sim
2011;2011-09-02;004/2011;8;LT Recife2 - Suape2, C2, 42 km-;PE;22.0;0.0;0.0;46000000.0;5606890.0;5606880.0;0.0;CHESF - COMPANHIA HIDRO ELE?TRICA DO SA?O FRANCISCO;sim
2011;2011-09-02;004/2011;9;LT Sapeaçú - Camaçari4 500 kV, C2, 105 km- LT Sapeaçú - Santo Antônio de Jesus 230 kV, C3, 31 km;BA;24.0;0.0;0.0;102000000.0;12259880.0;8459316.0;31.0;CHESF - COMPANHIA HIDRO ELE?TRICA DO SA?O FRANCISCO;sim
2011;2011-12-16;006/2011;1;LT Salto Santiago - Itá 525 kV, CS, C2, 190 km- LT Itá - Nova Santa Rita 525 kV, CS, C2, 305 km- LT Nova Santa Rita - Camaquã3 230 kV, CS, 140 km- LT Camaquã3 - Quinta 230 kV, CS, 163 km- SE Camaquã3 230/69/13,8 kV, TR 230/69/13,8 kV 3ø, 2 x 83 MVA- Trech;PR/SC/RS;24.0;802.0;166.0;520000000.0;60966680.0;49392000.0;19.0;CONSÓRCIO SUL BRASILEIRO:;sim
2011;2011-12-16;006/2011;2;LT Jardim - Nossa Senhora do Socorro 230 kV, CD, 20 km- LT Messias - Maceió2 230 kV, CD, 1,3 km- SE Nossa Senhora do Socorro2, TR 230/69 kV 3ø, 150 MVA- SE Maceió2 230/69 kV, TR 230/69 kV 3ø, 2 x 200 MVA- SE Poções2 230/138 kV, TR 230/138 kV 3ø, 2 x 100 M;SE/AL/BA;24.0;48.6;900.0;148000000.0;17119860.0;14551872.0;15.0;CHESF - COMPANHIA HIDRO ELE?TRICA DO SA?O FRANCISCO;sim
2011;2011-12-16;006/2011;3;LT Lechuga - Jorge Teixeira 230 kV, C3, 30 km.;AM;;;;17000000.0;1988950.0;;;SEM LANCE;não
2011;2011-12-16;006/2011;4;SE Abdon Batista 525/230 kV, TR 525/230 kV 1ø, (6+1) x 224 MVA- SE Gaspar2 230/138 kV, TR 230/138 kV 3ø, 2 x 150 MVA- Trechos LT entre secc. LT Campos Novos  Biguaçu 525 kV, CS, e SE Abdon Batista, 2 x 4 km- Trechos LT entre secc. LT Barra Grande - Lages;SC;24.0;53.0;1868.0;191000000.0;23263900.0;14423616.0;38.0;ECTE - EMPRESA CATARINENSE DE TRANSMISSÃO DE ENERGIA S.A.;sim
2011;2011-12-16;006/2011;5;LT Umuarama - Guaíra 230 kV, CS, 104,6 km- LT Cascavel Oeste - Cascavel Norte 230 kV, C2, 30,7 km- SE Santa Quitéria 230/69 kV, SF6, 138 kV operando 69 kV, TR 230/69-13,8 kV 3ø, 2 x 150 MVA e TR 230/13,8 kV 3ø, 2 x 50 MVA- SE Cascavel Norte 230/138 kV, TR;PR;24.0;135.3;700.0;195000000.0;22997530.0;17708098.0;23.0;CONSÓRCIO CAIUÁ;sim
2011;2011-12-16;006/2011;6;LT Curitiba - Curitiba Leste 525 kV, CS, 28,4 km- SE Curitiba Leste 525/230 kV, TR 525/230 kV 1ø (3 +1) x 224 MVA.;PR;24.0;28.4;896.0;111000000.0;12972090.0;12972000.0;0.0;CONSÓRCIO MARUMBI;sim
2011;2011-12-16;006/2011;7;SE Extremoz2 230/69 kV, TR 230/69 kV 3ø 2 x 150 MVA.;RN;18.0;0.0;300.0;35000000.0;4035440.0;2278800.0;44.0;NEOENERGIA S.A.;sim
2011;2011-12-16;006/2011;8;SE Luziânia 500/138 kV, TR 500/138 kV 1ø (3+1) x 75 MVA- SE Niquelândia 230/69 kV, TR 230/69 kV 1ø (3+1) x 10 MVA.;GO;20.0;0.0;340.0;65000000.0;7855950.0;7447440.6;5.0;CONSÓRCIO LUZIÂNIA-NIQUELÂNDIA;sim
2011;2011-12-16;006/2011;9;LT Açailândia - Miranda2 500 kV, CS, 365 km;MA;24.0;365.0;0.0;360000000.0;44405010.0;26643006.0;40.0;CONSÓRCIO LINHA DE TRANSMISSÃO INTEGRAÇÃO MARANHENSE;sim
2012;2012-02-08;002/2012;1;LT Paranaíta - Cláudia 500 kV, CD, 300 km-  LT Cláudia - Paranatinga 500 kV, CD, 350 km- LT Paranatinga - Ribeirãozinho 500 kV, CD, 355 km- SE Paranaíta 500 kV- SE Cláudia 500 kV- SE Paranatinga 500 kV, Compensador estático (-200/+200) Mvar.;MT;32.0;1005.0;0.0;1800000000.0;221824160.0;126420000.0;43.0;CONSÓRCIO SINO-COPELIANO;sim
2012;2012-02-08;002/2012;2;LT Ribeirãozinho - Rio Verde Norte 500 kV, CS, C3, 250 km- LT Rio Verde Norte - Marimbondo2 500 kV, CD, 350 km- SE Marimbondo2 500 kV- Trecho LT entre secc. LTs Marimbondo - Araraquara 500 kV, C1 e C2, e SE Marimbondo2, 4 x 6 km.;MT/GO/MG;32.0;974.0;0.0;940000000.0;115935380.0;73080000.0;37.0;CONSÓRCIO GUARACIABA;sim
2012;2012-02-08;002/2012;3;LT Lechuga - Jorge Teixeira 230 kV, C3, 30 km- SE Lechuga 230/138 kV, TR 230/138 kV 3ø, 3 x 150 MVA.;AM;20.0;30.0;450.0;65000000.0;7779310.0;7080000.0;9.0;Centrais Elétricas do Norte do Brasil S.A. - Eletronorte;sim
2012;2012-02-08;002/2012;4;SE Pirajá 230/69 kV, TR 230/69 kV 3ø, 2 x 180 MVA- LT Camaçari4 - Pituaçu 230 kV, CS, 49 km- LT Pituaçu - Pirajá 230 kV, CD, 10 km.;BA;18.0;0.0;0.0;96000000.0;11257560.0;10694676.0;5.0;CHESF - COMPANHIA HIDRO ELE?TRICA DO SA?O FRANCISCO;sim
2012;2012-02-08;002/2012;5;SE Zona Oeste 500/138 kV, TR 500/138 kV 1ø, (3+1) x 300 MVA.;RJ;20.0;0.0;1200.0;58000000.0;7147090.0;7004148.0;2.0;FURNAS CENTRAIS ELE?TRICAS S.A.;sim
2012;2012-04-20;003/2012;1;SE Mirueira2 230/69 kV, TR 230/69 kV 3ø, 2 x 150 MVA- SE Jaboatão2 230/69 kV, TR 230/69 kV 3ø, 2 x 150 MVA- Trechos LT entre secc. LT Recife2 - Pirapama2 230 kV, CD, e SE Jaboatão2, 14 km.;PE;20.0;28.0;600.0;83000000.0;8936280.0;8310732.0;7.0;CHESF - COMPANHIA HIDRO ELE?TRICA DO SA?O FRANCISCO;sim
2012;2012-04-20;003/2012;2;LT Mossoró2 - Mossoró4 230 kV, CS, 40 km- LT Ceará-Mirim2 - Touros 230 kV, CS, 56,17 km- LT Russas - Banabuiu 230 kV, CS, C2, 110 km- ICG: SE Touros 230 kV, TR 230/69 kV 3ø, 150 MVA- SE Mossoró4 230 kV, TR 230/69 kV 3ø, 100 MVA.;RN/CE;20.0;206.17;250.0;118000000.0;13925833.0;12115464.0;13.0;CHESF - COMPANHIA HIDRO ELE?TRICA DO SA?O FRANCISCO;sim
2012;2012-04-20;003/2012;3;LT Igaporã2 - Igaporã3 230 kV, CS, C1, 2 km- LT Igaporã2 - Igaporã3 230 kV, CS, C2, 2 km- LT Igaporã3 - Pindaí2 230 kV, CS, 46 km- SE Igaporã3 500/230 kV, TR 500/230/13,8 kV 1ø, (6+1) x 250 MVA- Trechos LT entre secc. LT Bom Jesus da Lapa2 - Ibicoara 500;BA;20.0;128.0;2050.0;243000000.0;27200990.0;18224652.0;33.0;CHESF - COMPANHIA HIDRO ELE?TRICA DO SA?O FRANCISCO;sim
2012;2012-04-20;003/2012;4;LT Itabirito2 - Vespasiano2 500 kV, CS, 78 km.;MG;;;;78000000.0;8816000.0;;;SEM LANCE;não
2012;2012-06-06;005/2012;1;LT Nova Santa Rita - Povo Novo 525 kV, CS, 281 km- LT Povo Novo - Marmeleiro 525 kV, CS, 154 km- LT Marmeleiro - Santa Vitória do Palmar 525 kV, CS, 52 km- SE Povo Novo 525/230 kV, TR 525/230 kV 1ø, (3+1), 224 MVA- SE Marmeleiro 525 kV, Comp. Síncrono ± 2;RS;24.0;491.0;971.0;709000000.0;77417970.0;77417970.0;0.0;CONSÓRCIO BAL;sim
2012;2012-06-06;005/2012;2;SE Sidrolândia 230/138kV, 2x110MVA;MS;24.0;0.0;220.0;28000000.0;3096180.0;3096000.0;0.0;ELECNOR TRANSMISSÃO DE ENERGIA S.A.;sim
2012;2012-06-06;005/2012;3;LT Foz do Chopim - Salto Osório 230 kV, C2, 10 km- LT Londrina - Figueira 230 kV, C2, 88 km.;PR;24.0;98.0;0.0;37000000.0;4182210.0;4182210.0;0.0;COPEL GERAÇÃO E TRANSMISSÃO S.A.;sim
2012;2012-06-06;005/2012;4;SE Brumado2 230/138 kV, novo pátio 138 kV, TR 230/138/13,8 kV 3ø, 100 MVA.;BA;24.0;0.0;100.0;22000000.0;2357450.0;1414476.0;40.0;NEOENERGIA S.A.;sim
2012;2012-06-06;005/2012;5;SE São Gotardo2 345/138 kV, TR 345/138 kV 1ø, (3 + 1) x 100 MVA, TR 138/138 kV 3ø, 300 MVA.;MG;18.0;0.0;700.0;34000000.0;3738970.0;3738970.0;0.0;TAESA - TRANSMISSORA ALIANÇA DE ENERGIA ELÉTRICA S.A.;sim
2012;2012-06-06;005/2012;6;LT Itabirito2  Vespasiano2 500 kV, CS, 78 km.;MG;;;;81000000.0;9135910.0;;;SEM LANCE;não
2012;2012-11-01;007/2012;1;LT Miracema  Gilbués2 500 kV, CS, C1, 410 km- LT Miracema  Gilbués2 500 kV, CS, C2, 410 km- SE Miracema 500 kV-  SE Gilbués 500 kV, nova-  LT Gilbués2 - Barreiras2 500 kV, CS, C1, 289 km- SE Barreiras2 500 kV, nova- LT Barreiras2 - Bom Jesus da Lapa2 50;TO/PI/BA;36.0;0.0;0.0;1840000000.0;204217340.0;145607000.0;29.0;ABENGOA CONCESSÕES BRASIL HOLDING S.A.;sim
2012;2012-11-01;007/2012;2;LT Assis - Paraguaçu Paulista2 230 kV, CD, 37 km- SE Paraguaçu Paulista2 230/88 kV, TR 230/88/13,8 kV 1ø, (3 + 1) x 50 MVA.;SP;22.0;37.0;200.0;57800000.0;6165920.0;5857600.0;5.0;COPEL GERAÇÃO E TRANSMISSÃO S.A.;sim
2012;2012-11-01;007/2012;3;SE Piracicaba 440/138 kV, TR 440/138/13,8 kV 1ø, (6+1) x 133 MVA- Trecho LT entre secc. LT Araraquara  Santa Bárbara D´Oeste 440 kV, CD, e SE Piracicaba, 6,5 km.;SP;22.0;13.0;933.31;141000000.0;14638690.0;8867853.0;39.0;CPFL GERAC?A?O ENERGIA S.A.;sim
2012;2012-11-01;007/2012;4;LT Marimbondo II - Assis 500 kV;SP/MG;28.0;297.0;0.0;328000000.0;35769730.0;29010000.0;19.0;CONSÓRCIO TRIÂNGULO MINEIRO;sim
2012;2012-11-01;007/2012;5;LT Milagres2 - Açu3 500 kV, 286,4 km- SE Açu3 500/230 kV, TR 500/230 kV 1ø, (3+1) x 300 MVA- SE Milagres2 500/230 kV;CE/RN;36.0;0.0;0.0;426000000.0;46131430.0;31969000.0;31.0;ABENGOA CONCESSÕES BRASIL HOLDING S.A.;sim
2012;2012-11-01;007/2012;6;LT Estreito - Itabirito2 500 kV, CS, 383,1 km.;MG;30.0;0.0;0.0;341000000.0;37043360.0;30890000.0;17.0;ABENGOA CONCESSÕES BRASIL HOLDING S.A.;sim
2012;2012-11-01;007/2012;7;LT Barreiras2 - Rio das Éguas 500 kV, CS, 244 km- LT Rio das Éguas - Luziânia 500 kV, CS, 373 km- LT Luziânia - Pirapora2 500 kV, CS, 350 km.;BA/GO/MG;36.0;967.0;0.0;960000000.0;106172160.0;100263550.0;6.0;CONSÓRCIO PARANAÍBA;sim
2012;2012-11-01;007/2012;8;LT Rio Branco - Feijó 230 kV, CS, 357 km- LT Feijó - Cruzeiro do Sul 230 kV, CS, 300 km- SE Feijó 230/69 kV, TR 230/69/13,8 kV 1ø, (3+1) x 10 MVA- SE Cruzeiro do Sul 230/69 kV, TR 230/69/13,8 kV 1ø, (3+1) x 10 MVA.;AC;;;;235000000.0;25969920.0;;;SEM LANCE;não
2013;2013-05-10;001/2013;1;LT Gilbués - São João do Piauí II 500 kV, CS, C1, 408 km.;PI;36.0;408.0;0.0;408500000.0;44973230.0;34550000.0;23.0;CONSÓRCIO GILBUÉS;sim
2013;2013-05-10;001/2013;10;LT Araraquara2 - Itatiba 500 kV, CS, C1, 207 km- SE Santa Bárbara D´Oeste 440 kV, Compensador Estático (-300,+300) Mvar- SE Itatiba 500 kV, Compensador Estático (-300,+300) Mvar.;SP;;;;350000000.0;39051190.0;;;SEM LANCE;não
2013;2013-05-10;001/2013;2;LT São João do Piauí  Milagres2 500 kV, C2, 400 km- LT Luiz Gonzaga - Milagres2 500 kV, C2, 230 km- SE Milagres2 500 kV-  SE Luiz Gonzaga 500 kV.;PI/CE;36.0;0.0;0.0;531000000.0;58718720.0;49030100.0;17.0;ABENGOA CONCESSÕES BRASIL HOLDING S.A.;sim
2013;2013-05-10;001/2013;3;LT Presidente Dutra - Teresina2 500 kV, CS, C3, 209 km- SE Presidente Dutra 500 kV- SE Teresina2 500 kV- LT Teresina2 - Sobral3 500 kV, CS, C3, 334 km- SE Teresina2 500 kV- SE Sobral3 500 kV;PI/MA/CE;36.0;0.0;0.0;528000000.0;58583430.0;45725000.0;22.0;ABENGOA CONCESSÕES BRASIL HOLDING S.A.;sim
2013;2013-05-10;001/2013;4;LT Barro Alto - Itapaci 230 kV, CS, 69 km.;GO;;;;23000000.0;2522940.0;;;SEM LANCE;não
2013;2013-05-10;001/2013;5;LT Itatiba - Bateias 500 kV, CS, C1, 399 km.;SP/PR;;;;475000000.0;54661170.0;;;SEM LANCE;não
2013;2013-05-10;001/2013;6;LT Araraquara2 - Fernão Dias 500 kV, 241 km- SE Fernão Dias 500/440 kV, nova, TR 500/440 kV 1ø, (3+1) x 133,33 MVA.;SP;;;;360000000.0;38963870.0;;;SEM LANCE;não
2013;2013-05-10;001/2013;7;LT Campina Grande3 - Ceará Mirim3 500 kV, CS, C2, 196,3 km.;PB/RN;28.0;196.3;0.0;180000000.0;20051930.0;18790000.0;6.0;NEOENERGIA S.A.;sim
2013;2013-05-10;001/2013;8;LT Tucuruí2 - Itacaiúnas 500 kV, CS, 272 km- LT Itacaiúnas - Colinas 500 kV, CS, C2, 291 km.;PA/TO;36.0;0.0;0.0;560000000.0;62134490.0;52750000.0;15.0;ISOLUX ENERGIA E PARTICIPAC?O?ES LTDA;sim
2013;2013-05-10;001/2013;9;LT Xingu - Parauapebas 500 kV, C1 e C2, 2 x 414 km LT Parauapebas - Miracema 500 kV, C1 e C2, 2 x 409 km- LT Parauapebas - Itacaiúnas 500 kV, CS, C1, 115 km- SE Paraubebas 500 kV .;PA/TO;36.0;0.0;0.0;1888000000.0;207729110.0;197300000.0;5.0;ABENGOA CONCESSÕES BRASIL HOLDING S.A.;sim
2013;2013-07-12;002/2013;1;LT Rio Branco - Feijó 230 kV, CS, 357 km- LT Feijó - Cruzeiro do Sul 230 kV, CS, 300 km- SE Feijó 230/69 kV, TR 230/69 kV 1ø, (3+1) x 10 MVA- SE Cruzeiro do Sul 230/69kV, TR 230/69 kV 1ø, (6+1) x 10 MVA.;AC;;;;307000000.0;32953840.0;;;SEM LANCE;não
2013;2013-07-12;002/2013;2;LT Brasília Leste - Luziânia 500 kV, C1, 67 km- LT Brasília Geral - Brasília Sul 230 kV, C3, 13,5 km- LT Brasília Sul - Samambaia 345 kV, C3, 14 km- SE Brasília Leste 500/138kV, TR 500/138/13,8 kV 1ø, (3+1) x 180 MVA- LT Brasília Leste - Luziânia 500 kV,;DF/GO;24.0;161.5;1260.0;304000000.0;31009280.0;27400000.0;12.0;CONSÓRCIO VALE DO SÃO BARTOLOMEU;sim
2013;2013-07-12;002/2013;3;LT Rio Grande2 - Barreiras1 230 kV, CD, 106 km- LT Barreiras1 - Barreiras2 230 kV, CS, 14,5 km- LT Barreiras1 - Barreiras 230 kV, CS, 14,5 km- SE Barreiras2 500/230 kV, novo pátio 230 kV, TR 500/230/13,8 kV 1ø, (3+1) x 100 MVA- SE Rio Grande2 230/138 kV,;BA/PI;36.0;540.0;983.2;346000000.0;36512400.0;31596000.0;13.0;CONSÓRCIO BIG ENERGY;sim
2013;2013-07-12;002/2013;4;LT Garibaldi - Lajeado3 230 kV, CS, 47 km- LT Lajeado2 - Lajeado3 230 kV, CS, 16,4 km- SE Lajeado3 230/69 kV, nova, TR 230/69/13,8 kV 3ø, 2 x 83 MVA- SE Vinhedos 230/69 kV, TR 230/69 kV 3ø, 2 x 165 MVA- LT Candiota - Bagé2 230 kV, CS, 49 km.;RS;30.0;0.0;0.0;119000000.0;11928510.0;9858913.08;17.0;CONSÓRCIO MGF;sim
2013;2013-07-12;002/2013;5;LT Lagoa Nova2 - Currais Novos2 230 kV, CD, 28 km- SE Currais Novos2 230/69 kV, TR 230/69/13,8 kV 3ø, 2 x 100 MVA.;RN;30.0;0.0;0.0;54000000.0;5520260.0;4929592.18;11.0;CONSÓRCIO MGF;sim
2013;2013-07-12;002/2013;6;SE Campo Grande2 230/138 kV, TR 230/138/13,8 kV 3ø, 2 x 150 MVA- Trecho LT entre secc. LT Imbirussú - Chapadão 230 kV, CD, e SE Campo Grande2, 13 km.;MS;24.0;26.0;300.0;47000000.0;4482230.0;4258000.0;5.0;CONSÓRCIO PANTANAL;sim
2013;2013-07-12;002/2013;7;LT Coelho Neto - Chapadinha2 230 kV, CS, 74 km- LT Miranda2 - Chapadinha2 230 kV, CS, 129 km- SE Chapadinha2 230/69 kV, TR 230/69/13,8 kV 3ø, 2 x 100 MVA.;MA;;;;104000000.0;10648300.0;;;SEM LANCE;não
2013;2013-10-14;007/2013;1;LT Itatiba - Bateias 500 kV, CS, C1, 399 km- LT Araraquara2 - Itatiba 500 kV, CS, C1, 207 km- LT Araraquara2 - Fernão Dias 500 kV, CS, C1, 241 km- SE Santa Bárbara D´Oeste 440 kV, Compensador Estático (-300/+300) Mvar- SE Itatiba 500 kV, Compensador Estát;SP/PR;42.0;855.8;4000.0;1566000000.0;174447720.0;174447000.0;0.0;CONSÓRCIO MATA DE SANTA GENEBRA;sim
2013;2013-10-14;007/2013;10;SE Timóteo2 230/69 kV, novo pátio 69 kV, TR 230/69 kV 1ø, (3+1) x 20 MVA- SE Braúnas 230/138 kV, TR 230/138/13,8 kV 1ø, (6+1) x 53,3 MVA.;MG;;;;73000000.0;7327720.0;;;SEM LANCE;não
2013;2013-10-14;007/2013;11;SE Ivinhema2 230/138 kV, TR 230/138 kV 3ø, 2 x 150 MVA;MS;24.0;0.0;300.0;35000000.0;3619500.0;2534000.0;30.0;ELETROSUL CENTRAIS ELÉTRICAS S.A.;sim
2013;2013-10-14;007/2013;12;SE Jaru 230/138 kV, novo pátio 138 kV TR 230/138 kV 1ø, (3+1) x 16,7MVA;RO;;;;18000000.0;1864480.0;;;NÃO LEILOADO;não
2013;2013-10-14;007/2013;13;LT Imperatriz - Porto Franco 230 kV, CS, C2, 113 km-  LT Coelho Neto - Chapadinha2 230 kV, CS, 74 km- LT Miranda2 - Chapadinha2 230 kV, CS, 129 km- SE 230/69 kV Chapadinha2, TR 230/69 kV 3ø, 2 x 100 MVA;MA;;;;163000000.0;16650500.0;;;NÃO LEILOADO;não
2013;2013-10-14;007/2013;14;LT Rio Branco I - Feijó 230 kV, CS, 357 km- LT Feijó - Cruzeiro do Sul 230 kV, CS 300 km- SE Feijó 230/69 kV, TR 230/69 kV 1ø, (3+1) x 10 MVA- SE Cruzeiro do Sul 230/69 kV, TR 230/69 kV 1ø, (6+1) x 10 MVA.;AC;30.0;0.0;0.0;363000000.0;38913860.0;38913860.0;0.0;Centrais Elétricas do Norte do Brasil S.A. - Eletronorte;sim
2013;2013-10-14;007/2013;15;LT Russas - SE Coletora Aracati3 230 kV, CD, 65 km- ICG: SE Coletora Aracati3 230/138 kV, TR 230/138 kV 1ø, (6 +1) x 150 MVA.;CE;;;;23000000.0;3500120.0;;;NÃO LEILOADO;não
2013;2013-10-14;007/2013;16;SE Marechal Rondon 440/138 kV, TR 440/138/13,8 kV 1ø, (6+1) x 100 MVA- Trecho LT entre secc. LT Jupiá - Getulina 440 kV, CD, e SE Marechal Rondon, 5 km- Trecho LT entre secc. LT Jupiá - Taquaruçu 440 kV, CD, e SE Marechal Rondon, 5 km.;SP/MS;30.0;10.0;700.0;158000000.0;16110250.0;11599380.0;28.0;STATE GRID BRAZIL HOLDING S.A.;sim
2013;2013-10-14;007/2013;17;SE Domenico Rangoni 345/138 kV, TR 345/138/13,8 kV 1ø, (6+1R) x 133 MVA;SP;;;;122000000.0;12357230.0;;;SEM LANCE;não
2013;2013-10-14;007/2013;2;LT Marimbondo2 - Campinas 500 kV, CS, 373 km.;MG/SP;36.0;0.0;0.0;529000000.0;58292800.0;52405227.0;10.0;ABENGOA CONCESSÕES BRASIL HOLDING S.A.;sim
2013;2013-10-14;007/2013;3;LT Itabirito2 - Vespasiano2 500 kV, CS, 85 km.;MG;;;;107000000.0;11539910.0;;;NÃO LEILOADO;não
2013;2013-10-14;007/2013;4;LT Barro Alto - Itapaci 230 kV, CS, C2, 69 km;GO;30.0;69.0;0.0;29000000.0;3066690.0;3050000.0;1.0;CONSÓRCIO LAGO AZUL;sim
2013;2013-10-14;007/2013;5;LT Russas - Banabuiú 230 kV, CS, C3, 110 km- SE Maracanaú 230/69 kV, TR 230/69 kV 3ø, 2 x 150 MVA- Trecho LT entre secc. LT Cauípe - Fortaleza2 230 kV, C2, e SE Maracanaú, 2 x 1 km- LT Sobral3 - Ibiapina2 500 kV, CS, 110 km- SE Ibiapina2 500/230 kV, pátio;CE;36.0;0.0;0.0;292000000.0;30641490.0;24493758.0;20.0;CONSÓRCIO BR TRANSMISSÃO;sim
2013;2013-10-14;007/2013;6;LT Curitiba Norte  Bateias 230 kV, CS, 33 km- SE Curitiba Norte 230/138 kV, TR 230/138/13,8 kV 3ø, 2 x 150 MVA- Trecho LT entre secc. LT Pilarzinho - CCPR 230 kV, CD, e SE Curitiba Norte, 2,5 km;PR;30.0;38.0;300.0;69000000.0;7045100.0;6692800.0;5.0;COPEL GERAÇÃO E TRANSMISSÃO S.A.;sim
2013;2013-10-14;007/2013;7;LT Vila do Conde - Tomé-Açu 230 kV, CS, C2, 126 km- SE Tomé-Açu 230/138 kV, TR 230/138 kV 3ø, 2 x 150 MVA-  SE Castanhal 230/138 kV, novo pátio 138 kV.;PA;30.0;0.0;0.0;131100000.0;13295490.0;11899981.0;10.0;CONSÓRCIO BR TRANSMISSÃO;sim
2013;2013-10-14;007/2013;8;SE Jurupari 230/69 kV, novo pátio 69 kV, TR 230/69 kV 3ø, 2 x 30 MVA.;PA;;;;18000000.0;1928840.0;;;SEM LANCE;não
2013;2013-10-14;007/2013;9;LT Santo Ângelo - Maçambará 230 kV, CS, 205 km- LT Pinhalzinho - Foz do Chapecó 230 kV, CS, C1, 40 km- LT Pinhalzinho - Foz do Chapecó 230 kV, CS, C2, 40 km- SE Pinhalzinho 230/138 kV, TR 230/138 kV 3ø, 3 x 150 MVA- SE Santa Maria3 230/138 kV, novo pátio;RS/SC;30.0;289.0;616.0;222000000.0;23265700.0;16286000.0;30.0;CONSÓRCIO MISSÕES;sim
2013;2013-11-07;013/2013;1;LT Itabirito2 - Vespasiano2 500 kV, CS, 85 km.;MG;36.0;85.0;0.0;107000000.0;11539910.0;10990350.0;5.0;TAESA - TRANSMISSORA ALIANÇA DE ENERGIA ELÉTRICA S.A.;sim
2013;2013-11-07;013/2013;2;SE Jaru 230/138 kV, novo pátio 138 kV, TR 230/138 kV 1ø, (3+1) x 16,7 MVA.;RO;;;;18000000.0;1892225.0;;;NÃO LEILOADO;não
2013;2013-11-07;013/2013;3;LT Imperatriz  Porto Franco 230 kV, CS, C2, 113 km- LT Coelho Neto  Chapadinha2 230 kV, CS, 74 km- LT Miranda2  Chapadinha2 230 kV, CS, 129 km- SE Chapadinha2 230/69 kV, TR 230/60/13,8 kV 3ø, 2 x 100 MVA.;MA/ PI/ TO;36.0;0.0;0.0;163000000.0;17063980.0;16040000.0;6.0;CONSÓRCIO TRANSMISSA?O DE ENERGIA BRASIL;sim
2013;2013-11-07;013/2013;4;LT Russas2  Aracati3 230 kV, CD, C2, 65 km- SE Aracati3 230kV. ICG: SE Aracati3 230/138kV, TR 230/138 kV 1ø, 6 x 150 MVA.;CE;22.0;0.0;0.0;71000000.0;8288080.0;7782507.12;6.0;CONSÓRCIO TRANSMISSA?O DE ENERGIA BRASIL;sim
2013;2013-12-27;011/2013;1;ELO HVDC ±800 kV BELO MONTE: LT-CC ±800 kV 2.092 km- Estação Conversora Xingu- ±800 kV - 4.000 MW- Estação Conversora Estreito ±800 kV - 3.850 MW;PA/TO/GO/MG;46.0;2092.0;0.0;5000000000.0;701043610.0;434647038.0;38.0;CONSÓRCIO IE BELO MONTE;sim
2014;2014-05-09;001/2014;1;LT Xingu - Altamira 230 kV, C1, 60 km- LT Altamira - Transamazônica 230 kV, C2, 188 km- LT Transamazônica - Tapajós 230 kV, C1, 186 km- SE Xingu 500/230 kV, novo pátio 230 kV, TR 500/230 kV 1ø, (3+1) x 100 MVA- SE Tapajós 230/138 kV, novo pátio 138 kV, TR;PA;;;;330000000.0;38745780.0;;;SEM LANCE;não
2014;2014-05-09;001/2014;10;LT Ribeiro Gonçalves - Balsas 230 kV, C2, 95 km.;PI/MA;;;;46000000.0;5516700.0;;;SEM LANCE;não
2014;2014-05-09;001/2014;11;LT Foz do Chopim - Realeza 230 kV, 53 km- SE Realeza 230/138 kV, novo pátio 230 kV, TR 230/138 kV 3ø, 1 x 150 MVA.;PR;30.0;53.0;150.0;49000000.0;5745060.0;5745000.0;0.0;COPEL GERAÇÃO E TRANSMISSÃO S.A.;sim
2014;2014-05-09;001/2014;12;LT Irapé - Janaúba3 230 kV, 130 km-_x000D_ LT Irapé - Araçuai2 230 kV, C2, 61 km-_x000D_ SE Janaúba3 230/138 kV, TR 230/138 kV, (3+1) x 75 MVA;MG;;;;130000000.0;15312180.0;;;SEM LANCE;não
2014;2014-05-09;001/2014;13;LT Assis - Londrina 500 kV, C2, 123 km.;SP/PR;36.0;120.0;0.0;135000000.0;16035270.0;14987000.0;7.0;COPEL GERAÇÃO E TRANSMISSÃO S.A.;sim
2014;2014-05-09;001/2014;2;LT Oriximiná  Juruti 230 kV, CD, C1 e C2, 138 km- LT Juruti  Parintins 230 kV, CD, C1 e C2, 102 km- SE Oriximiná 500/230 kV, novo pátio 230 kV, TR 500/230 kV 1ø, (6+1) x 100 MVA- SE Juruti 230/138 kV, TR 230/138 kV 3ø, 2 x 50 MVA- SE Parintins 230/138 k;PA/AM;42.0;0.0;0.0;854000000.0;102161430.0;92531000.0;9.0;ABENGOA CONSTRUÇÃO BRASIL LTDA;sim
2014;2014-05-09;001/2014;3;LT Henry Borden - Manoel da Nóbrega 230 kV, CD, 20 km- SE Manoel da Nóbrega 230/138/88 kV, TR 230/88 kV 1ø, (3+1) x 75 MVA, TR 230/138 kV 1ø, (6+1) x 75 MVA- SE Domênico Rangoni 345/138 kV, TR 345/138/13,8 kV, (6+1) x 133 MVA- Trecho LT entre secc. LT Tij;SP;36.0;76.0;1767.8;262000000.0;30383460.0;28865000.0;5.0;ALUPAR INVESTIMENTO S.A.;sim
2014;2014-05-09;001/2014;4;LT Morro do Chapéu2 - Sapeaçu 500 kV, CS, 300 km- LT Juazeiro da Bahia3 - Juazeiro da Bahia2 230 kV, CS, 1 km- SE Morro do Chapéu2 500/230 kV, novo pátio 500 kV, TR 500/230/13,8 kV 1ø, (6+1) x 300 MVA, Compensador estático 500 kV (-100 /+200) Mvar- SE Jua;BA;36.0;302.0;3000.0;603000000.0;71312950.0;45569000.0;36.0;CYMI HOLDING S.A.;sim
2014;2014-05-09;001/2014;5;LT Quixadá - Açu3 500 kV, CS, 241 km- LT Açu3- João Câmara3 500 kV, CS 126 km- LT João Câmara3 - Ceará Mirim2 500 kV, CS, C2, 60 km- LT João Câmara2 - Ceará Mirim2 230 kV, CS, C2, 65 km.;CE/RN;36.0;496.0;0.0;531000000.0;63628190.0;48835000.0;23.0;CYMI HOLDING S.A.;sim
2014;2014-05-09;001/2014;6;LT Estreito - Fernão Dias 500 kV, CD, 2 x 328 km.;MG/SP;42.0;656.0;0.0;624000000.0;76938570.0;76935000.0;0.0;CONSÓRCIO CANTAREIRA;sim
2014;2014-05-09;001/2014;7;LT Parauapebas - Integradora Sossego 500 kV, CD, 2 x 58 km- SE Parauapebas 500/138 kV, novo pátio 138kV, TR 500/138 kV 1ø, (6+1) x 50 MVA- LT Integradora Sossego - Xinguara2 230 kV, C2, 79 km- SE Integradora Sossego 500/230 kV, novo pátio 500 kV, TR 500/2;PA;24.0;0.0;0.0;312000000.0;36867820.0;36499000.0;1.0;ABENGOA CONSTRUÇÃO BRASIL LTDA;sim
2014;2014-05-09;001/2014;8;LT Vila do Conde - Marituba 500 kV, C1, 61 km- LT Marituba - Utinga 230 kV, CD, C3 e C4, 12 km- LT Marituba - Castanhal 230 kV, C1, 63 km- SE Marituba 500/230 kV, TR 500/230 kV 1ø, (3+1) x 300 MVA, TR 230/69 kV 3ø, 2 x 200 MVA- Trecho entre secc. LTs Guam;PA;;;;301000000.0;33591630.0;;;SEM LANCE;não
2014;2014-05-09;001/2014;9;LT Paranatinga  Canarana 230 kV, CS, 262 km- SE Canarana 230/138 kV, novo pátio 230 kV, TR 230/138 kV 3ø, 2 x 75 MVA- SE Paranatinga 500/230 kV, novo pátio 230 kV, TR 500/230 kV 3ø, 2 x 75 MVA- SE Paranaíta 500/138 kV, novo pátio 138 kV, TR 500/138 kV 1ø;MT;;;;184000000.0;21652470.0;;;SEM LANCE;não
2014;2014-11-18;004/2014;1;Sublote A1 SE Capivari do Sul 525/230/13,8 kV, TR 525/230/13,8 kV 1ø, (3+1) x 224 MVA e TR 230/138/13,8 kV 3ø, 2 x 100 MVA- LT Capivari do Sul  Gravataí 525 kV, CS, C1, 83 km- LT Capivari do Sul - Viamão3 230 kV CS, C1, 65 km- LT Guaíba3 - Capivari do Su;RS;36.0;0.0;0.0;3276766940.0;390756747.94;336000000.0;14.0;ELETROSUL CENTRAIS ELÉTRICAS S.A.;sim
2014;2014-11-18;004/2014;2;LT Xingu  Altamira 230 kV, CS, C1, 61 km- LT Altamira  Transamazônica 230 kV, CS, C2, 188 km- LT Transamazônica  Tapajós 230 kV, CS, C1, 187 km- SE Tapajós 230/138 kV, TR 230/138/13,8 kV 3ø, 2 x 150 MVA, Compensador síncrono (-75/110) Mvar- SE Rurópoli;PA;;;;536883940.0;65311636.9;;;SEM LANCE;não
2014;2014-11-18;004/2014;3;LT Paranaíta  Cláudia 500 kV, C3, 300 km- LT Cláudia  Paranatinga 500 kV, C3, 350 km LT Paranatinga  Ribeirãozinho 500 kV, C3, 355 km- LT Paranatinga  Canarana 500 kV, CS, 262 km- SE Canarana 230/138 kV, TR 230/138/13,8 kV 3ø, (3 + 1) x 40 MVA- SE Par;MT;;;;1412923690.0;165702651.39;;;SEM LANCE;não
2014;2014-11-18;004/2014;4;SE Itabira5 500/230 kV, TR 500/230/13,8 kV 1ø, (3 + 1) x 250 MVA- SE João Monlevade4 230/69 kV, TR 230/69/13,8 kV 1ø, (3 + 1) x 25 MVA- SE Janaúba3 230/138 kV, TR 230/138/13,8 kV 1ø, (3 + 1) x 75 MVA- SE Braúnas 230/138 kV, TR 230/138/13,8 kV 1ø, (3 + 1);MG;;;;457286700.0;52535460.18;;;SEM LANCE;não
2014;2014-11-18;004/2014;5;LT Campo Grande2 - Paraíso2 230 kV, C2, 200 km- LT Paraíso2 - Chapadão 230 kV, C2, 65 km- SE Paraíso2 230/138 kV, TR 230/138 kV 3ø, 2 x 150 MVA;MS;30.0;267.0;300.0;196097240.0;22827551.21;22000000.0;4.0;CONSÓRCIO PARAÍSO;sim
2014;2014-11-18;004/2014;6;LT Itumbiara - Paranaíba 230 kV, CS, C2, 11 km.;GO/MG;30.0;11.0;0.0;14644980.0;1645330.27;1640000.0;0.0;CELG GT - CELG GERAC?A?O E TRANSMISSA?O S.A.;sim
2014;2014-11-18;004/2014;7;LT Miracema  Lajeado 500 kV, CS, C2, 30 km- LT Lajeado  Palmas 230 kV, CD, C1 e C2, 60 km- Lajeado 500/230 kV, TR 500/230/13,8 kV 1ø, (3 + 1) x 320 MVA- SE Palmas 230/138 kV, TR 230/138 kV 3ø, 2 x 200 MVA.;TO;;;;232643190.0;28796174.58;;;SEM LANCE;não
2014;2014-11-18;004/2014;8;LT Jurupari - Laranjal do Jari 230 kV, CS, C3, 105 km.;AP/PA;42.0;0.0;0.0;143237320.0;17332205.67;17228165.67;1.0;ISOLUX PROJETOS E INSTALAÇÕES LTDA;sim
2014;2014-11-18;004/2014;9;SE Onça Puma 230/138 kV, TR 230/138 kV 3ø, 2 x 100 MVA;PA;;;;43973860.0;5212075.54;;;SEM LANCE;não
2015;2015-01-09;007/2014;1;LT Gilbués2 - Gentio do Ouro2 500 kV, 357 km- LT Gentio do Ouro2 - Ourolândia2 500 kV, 157 km- LT Ouroândia2 - Morro do Chapéu2 500 kV, 125 km- LT Gentio do Ouro2 - Brotas de Macaúbas 230 kV, 128 km- SE Gentio do Ouro2 500/230 kV, nova, TR 500/230 kV 1ø,;BA/PI;36.0;919.0;4200.0;1240760000.0;146817850.0;144600900.0;2.0;CYMI HOLDING S.A.;sim
2015;2015-01-09;007/2014;2;SE Ji-Paraná 230 kV, Compensador Síncrono (-90/+150) Mvar- SE Ariquemes 230 kV, Compensador Síncrono (-90/+150) Mvar- SE Jaru 230/138 kV, TR 230/138/13,8 kV 1ø, (3+1) x 16,67 MVA SE Coletora Porto Velho 230/69 kV, novo pátio 69 kV, TR 230/69 kV 3ø, 100 MV;RO;;;;246470000.0;28380584.0;;;SEM LANCE;não
2015;2015-01-09;007/2014;3;SE Morro Agudo 500/138 kV, nova, TR 500/138/13,8 kV 1ø, (6+1) x 133 MVA- Trecho entre secc. LT Marimbondo - Ribeirão Preto 500 kV, CD, e SE Morro Agudo, 1 km.;SP;30.0;2.0;933.31;142100000.0;16078308.0;10836780.0;33.0;CPFL GERAC?A?O ENERGIA S.A.;sim
2015;2015-01-09;007/2014;4;SE Luziânia 500 kV, Compensador Estático 500 kV (-150/+300) Mvar.;GO;;;;142100000.0;13054178.0;;;SEM LANCE;não
2015;2015-07-17;007/2015;1;SEGUNDO ELO HVDC ±800 kV BELO MONTE: SE Conversora Xingu ±800 kV, 4.000 MW- LT Corrente Contínua ±800 kV, 2.518 km- SE Conversora Terminal Rio ±800 kV, 3.850 MW.;PA/TO/GO/MG/RJ;50.0;2518.0;7020.0;7000000000.0;1219791340.0;988030985.0;19.0;STATE GRID BRAZIL HOLDING S.A.;sim
2015;2015-08-26;001/2015;1;SE Presidente Juscelino 500/345 kV, TR 500/345 kV 1ø, (3+1) x 400 MVA- LT Pirapora2 - Presidente Juscelino 500 kV, C1 e C2, 2 x 177 km- LT Presidente Juscelino - Itabira5 500 kV, 162 km- LT Sete Lagoas4 - Presidente Juscelino 345 kV, C1 e C2, 2 x 101 km-;MG;;;;2335433000.0;387739142.06;;;SEM LANCE;não
2015;2015-08-26;001/2015;10;LT Santa Maria3 - Santo Ângelo2 230 kV, C1, 158 km.;RS;36.0;158.0;0.0;110901000.0;17743999.93;17743999.93;0.0;PLANOVA PLANEJAMENTO E CONSTRUÇÕES S.A.;sim
2015;2015-08-26;001/2015;11;SE Luziânia 500 kV, Compensador Estático 500 kV (-150/+300) Mvar.;GO;36.0;0.0;0.0;127778000.0;21123287.99;17849000.0;16.0;CELG GT - CELG GERAC?A?O E TRANSMISSA?O S.A.;sim
2015;2015-08-26;001/2015;2;LT Paranatinga - Ribeirãozinho 500 kV, C3, 355 km- SE Paranatinga 500 kV, Compensação série 475 Mvar- LT Cláudia - Paranatinga 500 kV, C3, 350 km- SE Paranatinga 500 kV, Compensação série 430 Mvar LT Paranaíta - Cláudia 500 kV, C3, 300 km- SE Paranaíta 50;MT;;;;1410097000.0;234162214.23;;;SEM LANCE;não
2015;2015-08-26;001/2015;3;LT Paranatinga - Canarana 230 kV, CS, 2262 km- SE Canarana 230/138 kV, TR 230/138 kV 1ø, (3+1) x 40 MVA- SE Paranatinga 500/230 kV, novo pátio 230 kV, TR 500/230 kV 1ø, (3+1) x 40 MVA.;MT;;;;281245000.0;48290038.81;;;SEM LANCE;não
2015;2015-08-26;001/2015;4;LT Xingu - Altamira230 kV, C1, 61 km- LT Altamira - Transamazônica 230 kV, C2, 188 km- LT Transamazônica - Tapajós 230 kV, C1, 187 km- SE Tapajós 230/138 kV, TR 230/138 kV 3ø, 2 x 150 MVA- SE Tapajós 230 KV, Compensador Síncrono (-75 /+150) Mvar- SE Ruróp;PA;48.0;0.0;0.0;671411000.0;119083697.68;117300000.0;1.0;ISOLUX INGENIERIA S.A.;sim
2015;2015-08-26;001/2015;5;LT Campos Novos - Abdon Batista 525 kV, C2, 40 km- LT Abdon Batista - Siderópolis2 525 kV, CD, 250 km- SE Siderópolis2 525/230 kV, TR 525/230 kV 1ø, (6+1) x 224 MVA- SE Biguaçu 525 kV, Compensador Estático (-100/+300) Mvar- LT Biguaçu - Siderópolis2 525 k;SC RS;;;;1309480000.0;218348404.44;;;SEM LANCE;não
2015;2015-08-26;001/2015;6;LT Paulo Afonso4 - Luiz Gonzaga 500 kV, C2, 37 km- LT Xingó - Jardim 500 kV, C2, 160 km- LT Nossa Senhora do Socorro - Penedo 230 kV, C2, 110 km- LT Caetés2 - Arcoverde2 230 kV, C1, 56 km- LT Garanhuns2 - Arcoverde2 230 kV, C1, 93 km- SE Arcoverde2 230/69;AL PE PB SE;;;;615289000.0;98537258.78;;;SEM LANCE;não
2015;2015-08-26;001/2015;7;SE Boa Esperança2 230/69 kV, pátio novo 69 kV, TR 230/69 kV 3ø, 2 x 100 MVA- SE Teresina2 230/69 kV, pátio novo 69 kV, TR 230/69 kV 3ø, 2 x 150 MVA- LT Ribeiro Gonçalves  Balsas 230 kV, C2, 95km- SE Caxias2 230/69 kV, pátio novo 69 kV, TR 230/69 kV 3ø, 2;PI MA;;;;185959000.0;28355645.37;;;SEM LANCE;não
2015;2015-08-26;001/2015;8;SE Ji-Paraná 230 kV, Compensador Síncrono (-90/+150) Mvar- SE Ariquemes 230 kV, Compensador Síncrono (-90/+150) Mvar- SE Jaru 230/138 kV, TR 230/138 kV 1ø, (3+1) x 16,67 MVA- SE Coletora Porto Velho 230/69 kV, novo pátio 69 kV, TR 230/69 kV 3ø, 2 x 100 MV;RO;42.0;0.0;0.0;545077000.0;96116617.3;96000000.0;0.0;ISOLUX INGENIERIA S.A.;sim
2015;2015-08-26;001/2015;9;LT Miracema  Lajeado 500 kV, C2, 30 km- LT Lajeado  Palmas 230 kV, CD, C1 e C2, 60 km- SE Lajeado 500/230 kV, novo pátio 500 kV, TR 500/230 kV 3ø, 3 x 320 MVA- SE Palmas 230/138 kV, TR 230/138 kV 3ø, 2 x 200 MVA.;TO;;;;250025000.0;40669044.0;;;SEM LANCE;não
2015;2015-11-18;005/2015;1;LT Pirapora2 - Presidente Juscelino 500 kV, C1 e C2, 2 x 177 km- SE Presidente Juscelino 500/345 kV, TR 500/345 kV 1ø, (3+1) x 400 MVA- LT Presidente Juscelino - Itabira5 500 kV, C2, 162 km- SE Itabira5 500/230 kV, TR 500/230 kV 1ø, (6+1) x 250 MVA LT Set;MG;36.0;1323.0;5481.64;2439970000.0;448842730.0;448842730.0;0.0;CONSÓRCIO TCL;sim
2015;2015-11-18;005/2015;10;LT Xinguara2 - Santana do Araguaia 230 kV, CD, C1 e C2, 296 km- SE Santana do Araguaia 230/138 kV, TR 230/138 kV 3ø, 2 x 150 MVA, defasador angular.;PA;;;;311926000.0;51548210.0;;;SEM INSCRITO APTO;não
2015;2015-11-18;005/2015;11;LT Acaraú2 - Sobral3 230 kV, CS, C3, 92 km- SE Sobral3 500 kV, Compensador Estático 500 kV (-150/+250) Mvar.;CE;;;;172970000.0;29120150.0;;;SEM INSCRITO APTO;não
2015;2015-11-18;005/2015;12;LT Trindade - Firminópolis 230 kV, CS, C1, 83 km;GO;35.0;83.0;0.0;40032000.0;6550235.0;6550235.0;0.0;CONSÓRCIO FIRMINOPOLLS;sim
2015;2015-11-18;005/2015;2;LT Paranaíta - Cláudia 500 kV, C3, 300 km- LT Cláudia - Paranatinga 500 kV, C3, 350 km- LT Paranatinga - Ribeirãozinho 500 kV, C3, 355 km- SE Paranaíta 500/138 kV, novo pátio 138 kV, TR 500/138 kV 1ø, (3+1) x 50 MVA.;MT;;;;1536594000.0;265532530.0;;;SEM LANCE;não
2015;2015-11-18;005/2015;3;LT Paranatinga - Canarana 230 kV, CS, 275 km- SE Canarana 230/138 kV, TR 230/138 kV 1ø, (3+1) x 40 MVA- SE Paranatinga 500/230 kV, novo pátio 230 kV, TR 500/230 kV 1ø, (3+1) x 40 MVA.;MT;;;;294183000.0;52276210.0;;;SEM LANCE;não
2015;2015-11-18;005/2015;4;LT Viana2 - João Neiva2 345 kV, 79 km- SE João Neiva2 345/138 kV, TR 345/138 kV 1ø, (9+1) x 133 MVA, Compensador Estático (-150/+150) Mvar- LT Linhares2 - São Mateus2 230 kV, 113 km- SE São Mateus2 230/138 kV, TR 230/138 kV, (3+1) x 50 MVA- SE Rio Novo do;ES/MG;;;;525808000.0;88275622.0;;;SEM LANCE;não
2015;2015-11-18;005/2015;5;LT Curitiba Leste - Blumenau 525 kV, CS, C1, 142 km- LT Uberaba - Curitiba Centro 230 kV, C1 e C2 (Subterrânea), 8 km- SE Curitiba Centro (SF6) 230/138 kV, TR 230/138 kV 3ø, 2 x 150 MVA- SE Medianeira 230/138 kV, pátio novo 230 kV, TR 230/138 kV 3ø, 2 x 1;PR/SC;0.0;238.0;800.0;580595000.0;97948313.0;97948300.0;0.0;COPEL GERAÇÃO E TRANSMISSÃO S.A.;sim
2015;2015-11-18;005/2015;6;LT Campinas - Itatiba 500 kV, C2, 25,1 km- LT Cabreúva - Fernão Dias 440 kV, CD, C1 e C2, 71 km- SE Água Azul 440/138 kV, TR 440/138 kV 1ø, (6+1) x 100 MVA- SE Bauru 440 kV, Compensador Estático 440 kV (-125/+250) Mvar.;SP;;;;557383000.0;99819507.0;;;SEM INSCRITO APTO;não
2015;2015-11-18;005/2015;7;LT Jauru - Cuiabá 500 kV, CS, C2, 355 km.;MT;0.0;355.0;0.0;388425000.0;64460180.0;60500000.0;6.0;PLANOVA PLANEJAMENTO E CONSTRUÇÕES S.A.;sim
2015;2015-11-18;005/2015;8;LT Paulo Afonso4 - Luiz Gonzaga 500 kV, CS, C2, 38 km- LT Campina Grande3 - Pau Ferro 500 kV, CS, C1, 136 km.;AL/BA/PE/PB;;;;235605000.0;39135022.0;;;SEM LANCE;não
2015;2015-11-18;005/2015;9;LT Vila do Conde - Marituba 500 kV, CS, C1, 56,2 km- LT Marituba - Castanhal 230 kV, CS, C1, 68,6 km- LT Marituba - Utinga 230 kV, CD, C3 e C4, 10,4 km- SE Marituba 500/230/69 kV, TR 500/230/13,8 kV 1ø, (3+1) x 300 MVA e TR 230/69/13,8 kV 3ø, 2 x 200 MVA.;PA;;;;461724000.0;87376420.0;;;SEM INSCRITO APTO;não
2016;2016-04-13;013/2015-1º;1;LT Bacabeira - Parnaíba3 500 kV, CS, C1 e C2, 2 x 312 km- LT Parnaíba3 - Acaraú3 500 kV, CS, C1, 191 km- LT Acaraú3 - Pecém2 500 kV, CS, C1, 161 km- LT Acaraú3  Tianguá2 500 kV, CS, C1, 150 km- SE Bacabeira 500 kV- SE Parnaíba3 500 kV, Compensador Estáti;PI/CE/MA;48.0;1166.0;0.0;1964505000.0;404961072.0;404961072.0;0.0;CONSÓRCIO TRANSMISSA?O DO BRASIL;sim
2016;2016-04-13;013/2015-1º;10;SE Marituba 500/230 kV, TR 500/230 kV 1ø, (3+1) x 300 MVA- SE Marituba 230/69 kV, TR 230/69 kV 3ø, 2 x 200 MVA- LT Vila do Conde - Marituba 500 kV, CS, C1, 56,1 km- LT Marituba - Utinga 230 kV, CD, C3 e C4, 10,4 km- LT Marituba - Castanhal 230 kV, CS, C1,;PA;;;;498610000.0;107405412.0;;;SEM INSCRITO APTO;não
2016;2016-04-13;013/2015-1º;11;LT Cabreúva - Fernão Dias 440 kV, CD, C1 e C2, 71 km- SE Bauru 440 kV, Compensador Estático 440 kV (-125/250) Mvar.;SP;;;;323037000.0;70380205.0;;;SEM INSCRITO APTO;não
2016;2016-04-13;013/2015-1º;12;LT Campinas - Itatiba 500 kV, C2, 25,1 km.;SP;60.0;25.1;0.0;80836000.0;17439738.0;17329867.0;1.0;F3C EMPREENDIMENTOS E PARTICIPAC?O?ES S.A.;sim
2016;2016-04-13;013/2015-1º;13;LT Ibicoara  Poções3 500 kV, CS, C1, 165 km- LT Poções3  Poções2 230 kV, CD, C1 e C2, 2 x 2,5 km- SE Poções3 500/230 kV, TR 500/230 kV 1ø, (3+1) x 200 MVA.;BA;42.0;170.0;800.0;367948000.0;70168461.0;59590000.0;15.0;WPR PARTICIPAC?O?ES LTDA;sim
2016;2016-04-13;013/2015-1º;14;LT Xinguara2 - Santana do Araguaia 230 kV, CD, C1 e C2, 2 x 296 km- SE Santana do Araguaia 230/138 kV, novo pátio 230 kV, TR 230/138 kV 3ø, 2 x 150 MVA.;PA;;;;320701000.0;70168461.0;;;SEM LANCE;não
2016;2016-04-13;013/2015-1º;15;LT Paranatinga - Canarana 230 kV, CS, 275 km- SE Canarana 230/138 kV, novo pátio 230 kV, TR 230/138 kV 1ø, (3+1) x 40 MVA- SE Paranatinga 500/230 kV, novo pátio 230 kV, TR 500/230 kV 1ø, (3+ 1) x 40 MVA.;MT;48.0;275.0;320.0;300453000.0;61470571.0;58212630.74;5.0;STATE GRID BRAZIL HOLDING S.A.;sim
2016;2016-04-13;013/2015-1º;16;LT Miracema - Lajeado 500 kV, CS, C2, 30 km- LT Lajeado - Palmas 230 kV, CD, C1 e C2, 60 km- SE Lajeado 500/230 kV, TR 500/230/13,8 kV 1ø, 3 x 320 MVA- SE Palmas 230/138 kV, TR 230/138 /13,8 kV 3ø, 2 x 200 MVA.;TO;42.0;150.0;1360.0;275483000.0;56044971.0;56044971.0;0.0;TAESA - TRANSMISSORA ALIANÇA DE ENERGIA ELÉTRICA S.A.;sim
2016;2016-04-13;013/2015-1º;17;LT Torres2 - Atlântida2 230 kV, C1, 63 km- LT Torres2 - Forquilhinha 230 kV, CS, 70 km- SE Torres2 230/69 kV, nova, TR 230/69 kV 3ø, 2 x 83 MVA- SE Tubarão Sul 230/138/69 kV, TR 230/138 kV 3ø, 150 MVA e TR 230/69 kV 3ø, 2 x 150 MVA- Trechos LT entre secc.;RS/SC;48.0;151.0;616.0;205230000.0;40085218.0;40085218.0;0.0;CONSÓRCIO BRAFERPOWER;sim
2016;2016-04-13;013/2015-1º;18;SE Sobral3 500/230 kV, Compensador Estático 500 kV (-150/+250 Mvar)- LT Acaraú3 - Sobral3 230 kV, CS, C3, 97 km.;CE;;;;159530000.0;31426054.0;;;SEM LANCE;não
2016;2016-04-13;013/2015-1º;19;SE Água Azul 440/138 kV, TR 440/138 kV 1ø, (6+1) x 100 MVA.;SP;36.0;0.0;700.0;169753000.0;31107925.0;31107925.0;0.0;ZOPONE ENGENHARIA E COMÉRCIO LTDA;sim
2016;2016-04-13;013/2015-1º;2;LT Estreito - Cachoeira Paulista 500 kV, CS, C1 e C2, 2 x 361 km.;MG/SP;;;;1724995000.0;382455338.0;;;SEM LANCE;não
2016;2016-04-13;013/2015-1º;20;SE Rio Novo do Sul 345/138 kV, TR 345/138 kV 1ø, (6+1) x 133,33 MVA.;ES;36.0;0.0;933.31;150960000.0;28147000.0;28147000.0;0.0;ALUPAR INVESTIMENTO S.A.;sim
2016;2016-04-13;013/2015-1º;21;SE São Mateus2 230/138 kV, nova, TR 230/138 kV 1ø, (3+1) x 50 MVA- LT Linhares2 - São Mateus2 230 kV, CS, C1, 113 km.;ES;;;;111138000.0;21235129.0;;;SEM LANCE;não
2016;2016-04-13;013/2015-1º;22;LT Ribeiro Gonçalves - Balsas 230 kV, CS, C2, 95 km- SE Caxias2 230/69 kV, TR 230/69 kV 3ø, 2 x 100 MVA.;PI/MA;;;;113309000.0;21097785.0;;;SEM LANCE;não
2016;2016-04-13;013/2015-1º;23;SE Onça Puma 230/138 kV, novo pátio 138 kV, TR 230/138 kV 3ø, 2 x 100 MVA.;PA;36.0;0.0;300.0;50242000.0;9428642.0;8760000.0;7.0;CONSÓRCIO MPE-kV;sim
2016;2016-04-13;013/2015-1º;24;SE Paranaíta 500/138 kV, novo pátio 138 kV, TR 500/138 /13,8 kV 1ø, (3+1) x 50 MVA;MT;36.0;0.0;200.0;51000000.0;9589586.0;8500000.0;11.0;CONSÓRCIO GEOGROUP;sim
2016;2016-04-13;013/2015-1º;3;LT Paranatinga - Ribeirãozinho 500 kV, C3, 355 km- SE Paranatinga 500 kV, Compensação Série 475 Mvar- LT Cláudia - Paranatinga 500 kV, C3, 350 km- SE Paranatinga 500 kV, Compensação Série 430 Mvar- LT Paranaíta - Cláudia 500 kV, C3, 300 km.;MT;60.0;1005.0;220.0;1601094000.0;334568197.0;334568197.0;0.0;STATE GRID BRAZIL HOLDING S.A.;sim
2016;2016-04-13;013/2015-1º;4;LT Campos Novos - Abdon Batista 525 kV, C2, 39 km- LT Abdon Batista - Siderópolis2 525 kV, CD, 261 km- SE Siderópolis2 525/230 kV, nova, TR 525/230 kV 1ø, (6+1) x 224 MVA- SE Biguaçu 525 kV, Compensador Estático (-100/+300) Mvar- LT Biguaçu - Siderópolis2;SC;;;;1243426000.0;260811453.0;;;SEM LANCE;não
2016;2016-04-13;013/2015-1º;5;LT Juazeiro3  Ourolândia2 500 kV, CS, C1, 186 km- LT Bom Jesus da Lapa2 - Gentio do Ouro2 500 kV, CS, C1, 260 km.;BA;48.0;446.0;0.0;720487000.0;141493938.0;121600000.0;14.0;WPR PARTICIPAC?O?ES LTDA;sim
2016;2016-04-13;013/2015-1º;6;LT Bandeirante  Piratininga2 345 kV, C1 e C2, subterrânea, 2 x 15 km.;SP;48.0;30.0;0.0;650216000.0;145258968.0;145258968.0;0.0;CONSÓRCIO kV-LT;sim
2016;2016-04-13;013/2015-1º;7;LT Fernão Dias - Terminal Rio 500 kV, 307 km- SE Fernão Dias 500 kV - Compensador Estático 500 kV, (-150/+300) Mvar.;SP/RJ;;;;621248000.0;131207675.0;;;SEM INSCRITO APTO;não
2016;2016-04-13;013/2015-1º;8;LT Paulo Afonso4- Luiz Gonzaga 500 kV, CS, C2, 38 km- LT Campina Grande3 - Pau Ferro 500 kV, CS, C1, 136 km.;AL/BA/PE;;;;243502000.0;46410900.0;;;SEM LANCE;não
2016;2016-04-13;013/2015-1º;9;LT João Câmara2 - João Câmara3 230 kV, CD, C1 e C2, 2 x 10 km- SE João Câmara3 500/230 kV, TR 500/230 kV 1ø, (9+1) x 300 MVA.;RN;42.0;20.0;3000.0;284878000.0;54486205.0;48487000.0;11.0;ALUPAR INVESTIMENTO S.A.;sim
2016;2016-10-28;013/2015-2º;1;LT Sapeaçu - Poções3 500 kV, CS, C1, 260 km.;BA;60.0;260.0;0.0;408490000.0;85435520.0;76700000.0;10.0;CONSÓRCIO CP II;sim
2016;2016-10-28;013/2015-2º;10;LT Queimada Nova2 - Curral Novo do Piauí2 500 kV, CS, C1, 109 km- LT Buritirama - Queimada Nova2 500 kV, CS, C1, 376 km- SE Queimada Nova2 500 kV;BA/PI;60.0;485.0;0.0;819688000.0;171256970.0;148308000.0;13.0;CONSÓRCIO SERTANEJO;sim
2016;2016-10-28;013/2015-2º;11;LT Queimada Nova2  Milagres2 500 kV, CS, C1, 322 km.;PI/PE/CE;;;;439047000.0;91702100.0;;;SEM LANCE;não
2016;2016-10-28;013/2015-2º;12;LT Buritirama - Queimada Nova2 500 kV, CS, C2, 380 km-;BA/PI;60.0;380.0;0.0;547501000.0;114331590.0;102900000.0;10.0;EQUATORIAL ENERGIA S.A.;sim
2016;2016-10-28;013/2015-2º;13;LT Açu3  Milagres2 500 kV, C2, 292 km-_x000D_ LT Açu3 - João Câmara3 500 kV, C2, 143 km._x000D_;CE/PB/RN;60.0;435.0;0.0;679335000.0;142032740.0;111495000.0;22.0;CONSÓRCIO SERTANEJO;sim
2016;2016-10-28;013/2015-2º;14;LT Igaporã3 - Janaúba3 500 kV, C1, 253 km- LT Janaúba3 - Presidente Juscelino 500 kV, C1, 337 km- SE Janaúba3 500 kV, novo pátio 500 kV.;BA/MG;60.0;594.0;0.0;1065594000.0;223056950.0;185598000.0;17.0;EQUATORIAL ENERGIA S.A.;sim
2016;2016-10-28;013/2015-2º;15;LT Igaporã3- Janaúba3 500 kV, C2, 257 km.;BA/MG;60.0;257.0;0.0;435452000.0;91107990.0;85642000.0;6.0;EQUATORIAL ENERGIA S.A.;sim
2016;2016-10-28;013/2015-2º;16;LT Janaúba3 - Presidente Juscelino 500 kV, C2, 330 km.;MG;60.0;330.0;0.0;507222000.0;106179410.0;106179000.0;0.0;EQUATORIAL ENERGIA S.A.;sim
2016;2016-10-28;013/2015-2º;17;LT Bom Jesus da Lapa2 - Janaúba3 500 kV, C1, 304 km-_x000D_ LT Janaúba3  Pirapora2 500 kV, C1, 238 km-_x000D_ SE Janaúba3 500 kV, novo pátio 500 kV.;BA/MG;60.0;542.0;0.0;959604000.0;200856670.0;174624789.0;13.0;TAESA - TRANSMISSORA ALIANÇA DE ENERGIA ELÉTRICA S.A.;sim
2016;2016-10-28;013/2015-2º;18;SE Janaúba3 500 kV, Compensadores Síncronos, 2 x (-90/150) Mvar.;MG;60.0;0.0;0.0;211311000.0;47337730.0;39400000.0;17.0;CONSÓRCIO TRANSMISSÃO DO BRASIL II;sim
2016;2016-10-28;013/2015-2º;19;LT Presidente Juscelino - Itabira5 500 kV, C2, 189 km.;MG;;;;273247000.0;57211880.0;;;SEM LANCE;não
2016;2016-10-28;013/2015-2º;2;LT Poções3 - Padre Paraíso2 500 kV, CS, C1, 334 km- LT Padre Paraíso2 - Governador Valadares6 500 kV, CS, C1, 207 km- SE Padre Paraíso2 500 kV-  SE Governador Valadares6 500/230 kV, TR 500/230 kV 1ø, (6+1) x 200 MVA- Trechos LT entre secc. LT Mesquita - G;BA/MG;60.0;608.0;1400.0;1268737000.0;264592750.0;214700000.0;19.0;CONSÓRCIO OLYMPUS;sim
2016;2016-10-28;013/2015-2º;20;LT Rio das Éguas - Arinos2 500 kV, C1, 230 km- LT Arinos2 - Pirapora2 500 kV, C1, 221 km- SE Arinos2 500 kV;BA/MG/GO;48.0;451.0;0.0;806450000.0;158620390.0;130510000.0;18.0;CONSÓRCIO SERTANEJO;sim
2016;2016-10-28;013/2015-2º;21;LT Viana2  João Neiva2 345 kV, CS, C1, 79 km- SE João Neiva2 345/138/13,8 kV, TR 345/138 kV 1ø, (9+1) x 133,33 MVA, Compensador Estático (-150/+150) Mvar.;ES;60.0;79.0;1333.3;297819000.0;63059310.0;47200000.0;25.0;CTEEP - COMPANHIA DE TRANSMISSÃO DE ENERGIA ELÉTRICA PAULISTA;sim
2016;2016-10-28;013/2015-2º;22;LT Mesquita - João Neiva2 500 kV, CS, C1, 236 km- SE João Neiva2 500/345/13,8 kV, TR  500/345 kV 1ø, (3+1) x 350 MVA.;MG/ES;60.0;236.0;600.0;485841000.0;101019644.89;101019640.0;0.0;EMPRESA AMAZONENSE DE TRANSMISSÃO DE ENERGIA S.A.;sim
2016;2016-10-28;013/2015-2º;23;LT Vila do Conde - Marituba 500 kV, CS, C1, 56,2 km- LT Marituba - Castanhal 230 kV, CS, C1, 68,6 km- SE Marituba 500/230/13,8 kV, TR 500/230/13,8 kV 1ø, (3+1) x 300 MVA- SE Marituba 230/69/13,8 kV, TR 230/69/13,8 kV 3ø, 2 x 200 MVA.;PA;60.0;124.7;1600.0;426985000.0;89784520.0;89784000.0;0.0;EQUATORIAL ENERGIA S.A.;sim
2016;2016-10-28;013/2015-2º;24;LT Linhares2 - São Mateus2 230 kV, 113 km-_x000D_ SE São Mateus2 230/138/13,8 kV, nova, TR 230/138 kV, (3+1) x 50 MVA._x000D_;ES;42.0;113.0;200.0;116046000.0;21854510.0;20718075.0;5.0;EDP - ENERGIAS DO BRASIL S.A.;sim
2016;2016-10-28;013/2015-2º;3;LT Poções3 - Padre Paraíso2, 500 kV, CS, C2, 338 km.;BA/MG;60.0;338.0;0.0;509595000.0;106613120.0;106613120.0;0.0;CONSÓRCIO COLUMBIA;sim
2016;2016-10-28;013/2015-2º;4;LT Padre Paraíso2 - Governador Valadares6 500 kV, CS, C2, 208 km.;MG;60.0;208.0;0.0;341118000.0;71424700.0;71424700.0;0.0;CONSÓRCIO COLUMBIA;sim
2016;2016-10-28;013/2015-2º;5;SE Padre Paraíso2 500 kV, Compensador Estático 500 kV (-150/+300) Mvar.;MG;60.0;0.0;0.0;97388000.0;21377040.0;17666000.0;17.0;CONSÓRCIO ECB - MOTA-ENGIL;sim
2016;2016-10-28;013/2015-2º;6;LT Governador Valadares6 - Mutum 500 kV, C1, 156 km- _x000D_ LT Mutum - Rio Novo do Sul 500 kV, C1, 132 km- _x000D_ SE Mutum 500 kV- _x000D_ SE Rio Novo do Sul 500/345 kV, TR 500/345 kV, (3+1) x 350 MVA._x000D_;MG/ES;60.0;288.0;1400.0;698780000.0;145986950.0;145986950.0;0.0;CONSÓRCIO OLYMPUS;sim
2016;2016-10-28;013/2015-2º;7;LT Governador Valadares6 - Mutum 500 kV, C2, 165 km.;MG;;;;270341000.0;56600880.0;;;SEM LANCE;não
2016;2016-10-28;013/2015-2º;8;LT Rio da Éguas  Barreiras2 500 kV, C2, 251 km.;BA;60.0;251.0;0.0;444834000.0;92657020.0;77832000.0;16.0;EQUATORIAL ENERGIA S.A.;sim
2016;2016-10-28;013/2015-2º;9;LT Barreiras2 - Buritirama 500 kV, CS, C1, 213 km- SE Buritirama 500 kV- Trechos LT entre secc. LT Gilbués2 - Gentio do Ouro2 500 kV, C1, e SE Buritirama, 2 x 14 km;BA;60.0;241.0;0.0;473109000.0;98038240.0;70588000.0;28.0;EQUATORIAL ENERGIA S.A.;sim
2017;2017-04-24;005/2016;1;LT Guaíra - Sarandi 525 kV, CD, C1 e C2, 2 x 266,3 km- LT Foz do Iguaçu - Guaíra 525 kV, CD, C1 e C2, 2 x 173 km- LT Londrina - Sarandi 525 kV, CD, C1 e C2, 75,5 km- LT Sarandi - Paranavaí Norte 230 kV, CD, 85 km- SE Guaíra 525/230 kV, novo pátio 525 kV,;PR;60.0;1199.6;3486.0;1936473884.6;400462340.0;267316703.0;33.0;CONSÓRCIO COLUMBIA;sim
2017;2017-04-24;005/2016;10;LT Garibaldi  Lajeado3 230 kV, CS, 47 km- LT Lajeado2- Lajeado3 230 kV, CS, 16,4 km- LT Candiota2 - Bagé2 230 kV, CS, 49 km- SE Vinhedos 230/69 kV, TR 230/69 kV 3ø, 2 x 165 MVA- SE Lajeado3 230/69 kV, TR 230/69 kV 3ø, 2 x 83 MVA- Trecho LT da SE Vinhedos;RS;60.0;114.4;496.0;395287928.2;83956380.0;34532000.0;59.0;STERLITE POWER GRID VENTURES LIMITED;sim
2017;2017-04-24;005/2016;11;LT Coelho Neto  Chapadinha2 230 kV, CS, 74 km- LT Miranda2  Chapadinha2 230 kV, CS, 129 km- SE Chapadinha2 230/69 kV, TR 230/69 kV 3ø, 2 x 100 MVA.;MA;48.0;203.0;200.0;159538654.6;31759510.0;30200000.0;5.0;EDP - ENERGIAS DO BRASIL S.A.;sim
2017;2017-04-24;005/2016;12;LT Imperatriz - Porto Franco 230 kV, CS, C2, 113 km;MA/TO;;;;52611004.0;11278070.0;;;SEM LANCE;não
2017;2017-04-24;005/2016;13;LT Xingó - Jardim 500 kV, CS, C2, 160 km- LT Paulo Afonso4 - Luiz Gonzaga 500 kV, CS, C2, 38 km.;AL/BA/SE/PE;54.0;198.0;0.0;271671142.8;54565400.0;44470801.0;18.0;CONSÓRCIO RENASCENÇA;sim
2017;2017-04-24;005/2016;14;LT N. Sra do Socorro - Penedo 230 kV, CS, C2, 109 km.;AL;48.0;109.0;0.0;68099137.0;14283930.0;14283930.0;0.0;CONSÓRCIO LT NORTE;sim
2017;2017-04-24;005/2016;15;LT Garanhuns2  Arcoverde2 230 kV, CS, C1, 89 km- LT Caetés2  Arcoverde2 230 kV, CS, C1, 50 km- SE Arcoverde2 230/69 kV, TR 230/69 kV 3ø, 2 x 100 MVA- SE Garanhuns2 230/69 kV, TR 230/69 kV 3ø, 2 x 100 MVA, novo pátio 69 kV.;PE;48.0;139.0;400.0;163873145.8;33185580.0;24600000.0;26.0;STERLITE POWER GRID VENTURES LIMITED;sim
2017;2017-04-24;005/2016;16;LT Ribeiro Gonçalves - Balsas 230 kV, CS, C2, 95 km.;PI/MA;48.0;;;48539846.0;10489450.0;;;SEM LANCE;não
2017;2017-04-24;005/2016;17;LT Guaíba3 - Nova Santa Rita 230 kV, CS, 38 km.;RS;60.0;;;40703822.0;9627120.0;;;SEM LANCE;não
2017;2017-04-24;005/2016;18;LT Estreito-Cachoeira Paulista 500 kV, CS, C1 e C2, 2 x 375 km.;MG/SP;60.0;750.0;0.0;1819489243.6;390842450.0;205200000.0;47.0;EDP - ENERGIAS DO BRASIL S.A.;sim
2017;2017-04-24;005/2016;19;LT Fernão Dias - Terminal Rio 500 kV, CS, 330 km.;SP/RJ;60.0;330.0;0.0;889043203.8;190595830.0;99109000.0;48.0;CONSÓRCIO OLYMPUS II;sim
2017;2017-04-24;005/2016;2;LT Umuarama Sul - Guaíra 230 kV, CS, C2, 108 km- Trecho entre secc. LT Londrina - Apucarana 230 kV, CD, C1, e SE Londrina Sul, 14,5 km- SE Londrina Sul 230/138 kV, TR 230/138 kV 1ø, (3+1) x 50 MVA.;PR;48.0;117.0;200.0;157158635.0;32067390.0;28058966.0;13.0;CONSÓRCIO CESBE-FASTTEL;sim
2017;2017-04-24;005/2016;20;SE Fernão Dias 500 kV, Compensador Estático 500 kV (-150/300) Mvar.;SP;42.0;0.0;0.0;141076729.4;28216110.0;13278501.37;53.0;ELEKTRO HOLDING S.A.;sim
2017;2017-04-24;005/2016;21;LT Abdon Batista - Siderópolis2 525 kV, CD, 261 km- LT Biguaçu - Siderópolis2 525 kV, C1, 149 km- LT Campos Novos - Abdon Batista 525 kV, C2, 39 km- LT Siderópolis2 - Forquilhinha 230 kV, C1, 28 km- LT Siderópolis2 - Siderópolis 230 kV, CD, 7,5 km- SE Sid;SC;60.0;753.0;1568.0;1265294371.4;264343080.0;171824000.0;35.0;CONSÓRCIO ALIANÇA;sim
2017;2017-04-24;005/2016;22;SE Biguaçu 525 kV - Compensador Estático 525 kV (-100/+300) Mvar.;SC;42.0;0.0;0.0;120662397.6;24252550.0;13055000.0;46.0;ELEKTRO HOLDING S.A.;sim
2017;2017-04-24;005/2016;23;LT Campina Grande3 - Pau Ferro 500 kV, CS, C1, 136 km.;PB/PE;54.0;136.0;0.0;190755810.6;38663020.0;27450000.0;29.0;RC ADMINISTRAÇÃO E PARTICIPAÇÕES S.A.;sim
2017;2017-04-24;005/2016;24;LT Cabreúva - Fernão Dias 440 kV, CD, 2 x 71 km.;SP;60.0;;;291801221.0;62817560.0;;;SEM LANCE;não
2017;2017-04-24;005/2016;25;SE Bauru 440 kV - Compensador Estático 440 kV (-125/250) Mvar;SP;42.0;0.0;0.0;125794251.6;25279830.0;10729000.0;58.0;CTEEP - COMPANHIA DE TRANSMISSÃO DE ENERGIA ELÉTRICA PAULISTA;sim
2017;2017-04-24;005/2016;26;LT Xinguara2 - Santana do Araguaia 230 kV, CD, C1 e C2, 2 x 296 km- SE Santana do Araguaia 230/138 kV, novo pátio 230 kV, TR 230/138 kV 3ø, 2 x 150 MVA e transformador defasador.;PA;54.0;592.0;300.0;329790787.8;65776580.0;46320000.0;30.0;ENERGISA S.A.;sim
2017;2017-04-24;005/2016;27;SE Sobral3 500/230 kV - Compensador Estático 500 kV (-150/+250) Mvar.;CE;42.0;0.0;0.0;117741787.6;23670630.0;12087000.0;49.0;ELEKTRO HOLDING S.A.;sim
2017;2017-04-24;005/2016;28;SE Caxias2 230/69/13,8 kV, TR 230/69 kV 3ø, 2 x 100 MVA- SE Boa Esperança2 230/69 kV, TR 230/69 3ø, 2 x 100 MVA, novo pátio 69 kV- SE Teresina2 230/69 kV, TR 230/69 kV 3ø, 2 x 150 MVA, novo pátio 69 kV.;MA/PI;42.0;0.0;700.0;134683453.8;25860640.0;16215000.0;37.0;ARTEON Z ENERGIA E PARTICIPAÇÕES LTDA;sim
2017;2017-04-24;005/2016;29;SE Baguaçu 440/138 kV, TR 440/138 kV 1ø, (6+1) x 100 MVA- SE Alta Paulista 440/138 kV, TR 440/138 kV 1ø, (6+1) x 133,33 MVA- Trechos LT entre secc. LT Marechal Rondon - Taquaruçu 440 kV, CS, e SE Alta Paulista53 km e 54 km- Trecho LT entre secc. LT Ilha S;SP;48.0;109.0;1633.31;601879529.6;113468370.0;53678482.0;53.0;CTEEP - COMPANHIA DE TRANSMISSÃO DE ENERGIA ELÉTRICA PAULISTA;sim
2017;2017-04-24;005/2016;3;LT Rio Verde Norte - Jataí 230 kV, CD, C1 e C2, 2 x 136 km- SE Rio Verde Norte 500/230 kV- TR 500/230 kV 1ø, (6+1) x 224 MVA, novo pátio 230 kV.;GO;48.0;272.0;1568.0;295294125.8;58818710.0;36702875.04;38.0;ENERGISA S.A.;sim
2017;2017-04-24;005/2016;30;LT Queimada Nova2  Milagres2 500 kV, CS, C1, 322 km.;PI/PE;54.0;322.0;0.0;472487290.0;94070920.0;63900000.0;32.0;RC ADMINISTRAÇÃO E PARTICIPAÇÕES S.A.;sim
2017;2017-04-24;005/2016;31;LT Xingu - Altamira 230 kV, CS, C1, 61 km- LT Altamira - Transamazônica 230 kV, CS, C2, 188 km- LT Transamazônica - Tapajós 230 kV, CS, C1, 187 km- SE Tapajós 230/138 kV, TR 230/138 kV 3ø, 2 x 150 MVA, Compensador Síncrono 230 kV (-75/+150) Mvar- SE Ruróp;PA;60.0;436.0;300.0;671300000.0;139315890.0;126080880.0;10.0;EQUATORIAL ENERGIA S.A.;sim
2017;2017-04-24;005/2016;32;LT Samuel - Ariquemes 230 kV, CS, C4, 145 km- LT Ariquemes - Ji-Paraná 230 kV, CS, C4, 165 km- SE Ji-Paraná 230 kV - Compensador Síncrono 230 kV (-90/+150) Mvar- SE Ariquemes 230 kV - Compensador Síncrono (-90/+150) Mvar- SE Jaru 230/138 kV, TR 230/138 kV;RO;60.0;310.0;466.68;434678637.2;93119390.0;72446885.0;22.0;COBRA BRASIL SERVIÇOS COMUNICAÇÕES E ENERGIA S.A.;sim
2017;2017-04-24;005/2016;33;LT Vila do Conde - Tomé-Açu 230 kV, CS, C2, 125 km- SE Tomé-Açu 230/138 kV, TR 230/138 kV 3ø, 2 x 100 MVA- Trechos LT entre secc. LT Vila do Conde - Miltônia3 230 kV, CS, e SE Tomé-Açu, 2 x 6 km.;PA;48.0;137.0;200.0;120561186.4;24446160.0;20500000.0;16.0;CONSÓRCIO PARÁ;sim
2017;2017-04-24;005/2016;34;SE Castanhal 230/138 kV, novo pátio 138 kV, TR 230/138 kV 3ø, 2 x 150 MVA.;PA;54.0;0.0;300.0;45614731.4;9724570.0;5786119.15;40.0;CONSÓRCIO OMNIUM ENERGY;sim
2017;2017-04-24;005/2016;35;LT Marituba - Utinga 230 kV, CD, C3 e C4, 12,15 km;PA;54.0;12.15;0.0;125891623.2;25972840.0;18070000.0;30.0;CONSÓRCIO BRDIGITA BRENERGIA E LIG GLOBAL;sim
2017;2017-04-24;005/2016;4;LT Rio Brilhante - Dourados2 230 kV, CS, C1, 122 km- LT Nova Porto Primavera - Rio Brilhante 230 kV, CS, C2, 137 km- LT Nova Porto Primavera - Ivinhema2 230 kV, CS, C2, 64 km- LT Rio Brilhante - Campo Grande2 230 kV, CS, C1, 149 km- LT Imbirussu - Campo G;MS/SP;60.0;608.7;300.0;487240399.4;100238900.0;65515000.0;35.0;ELEKTRO HOLDING S.A.;sim
2017;2017-04-24;005/2016;5;LT Novo Porto Primavera - Rosana 230 kV, CD, C1 e C2, 18,2 km- SE Rosana 230/138 kV, TR 230/138 kV 1ø, (6+1) x 83,33 MVA em série c/ 2 TR defasadores 138/138 kV 3ø, (2+1) x 250 MVA, novo pátio 230 kV.;SP/PR;48.0;37.2;1333.31;134646373.2;27097390.0;18371261.0;32.0;CTEEP - COMPANHIA DE TRANSMISSÃO DE ENERGIA ELÉTRICA PAULISTA;sim
2017;2017-04-24;005/2016;6;SE Araraquara2 500 kV, 3 Compensadores Síncronos 500 kV, 3 x (-180/+300) Mvar.;SP;48.0;0.0;0.0;397733490.0;83235550.0;46183287.0;45.0;CTEEP - COMPANHIA DE TRANSMISSÃO DE ENERGIA ELÉTRICA PAULISTA;sim
2017;2017-04-24;005/2016;7;LT Miranda2 - São Luís2 500 kV, CS, C3, 116 km- LT São Luís2 - São Luís4 - 500 kV, CD, C1 e C2, 5 km- SE São Luís4 500/230/69 kV, TR 500/230 1ø, (6+1) x 200 MVA, TR 230/69 kV 3ø, 2 x 200 MVA- Trecho LT da SE São Luis4 ao Secc. LT UTE Porto de Itaqui - São;MA/TO;60.0;128.0;1800.0;495226065.0;104357780.0;66267190.0;37.0;EDP - ENERGIAS DO BRASIL S.A.;sim
2017;2017-04-24;005/2016;8;SE Resende 500/138 kV, TR 500/138 kV 1ø, (3+1) x 100 MVA, novo pátio 138 kV.;RJ;36.0;0.0;400.0;75773756.4;14889340.0;9305800.0;38.0;ARTEON Z ENERGIA E PARTICIPAÇÕES LTDA;sim
2017;2017-04-24;005/2016;9;LT Lagoa Nova2 - Currais Novos2 230 kV, CD, C1, C2, 28 km- SE Currais Novos2 230/69 kV, TR 230/69 kV 3ø, 2 x 100 MVA.;RN;48.0;56.0;200.0;84354626.0;16808750.0;11471971.0;86.0;RC ADMINISTRAÇÃO E PARTICIPAÇÕES S.A.;sim
2017;2017-12-15;002/2017;1;LT Ivaiporã - Ponta Grossa 525 kV, C1 e C2, CS, 170 km e 168 km- LT Ponta Grossa - Bateias 525 kV, C1 e C2, CS, 104 km e 96 km- LT Ponta Grossa - São Mateus do Sul 230 kV, C1, 93 km- LT Ponta Grossa - Ponta Grossa Sul 230 kV, C1, 31 km- LT Areia - União d;PR;60.0;1146.4;3790.0;2017009000.0;355407320.0;231725000.0;35.0;CONSÓRCIO ENGIE BRASIL TRANSMISSÃO;sim
2017;2017-12-15;002/2017;10;SE Lagoa do Carro 230/69 kV, TR 230/69 kV 3ø, 2 x 150 MVA-  Trechos LT entre secc. LT Pau Ferro  Coteminas 230 kV, CD, e SE Itabuna3, 2 x 11,25 km.;PE;42.0;23.0;300.0;71724000.0;12141910.0;7285000.0;40.0;CONSÓRCIO BR ENERGIA / ENIND ENERGIA;sim
2017;2017-12-15;002/2017;11;SE Fiat Seccionadora 230/69 kV, TR 230/69 kV, 2 x 150 MVA, pátio 69 kV.;PE;36.0;0.0;300.0;44788000.0;8559800.0;4030000.0;53.0;MONTAGO CONSTRUTORA LTDA;sim
2017;2017-12-15;002/2017;2;LT Parnaíba3 -Tianguá2 500 kV, CS, C1, 111 km- LT Acaraú2 -Acaraú3 230 kV, CD, C1 e C2, 1 km- LT Ibiapina2  Tianguá2 230 kV, CD, C1 e C2, 26 km- LT Ibiapina2 - Piripiri 230 kV, CS, C2, 80 km- LT Piripiri  Teresina3 230 kV, CS, C1, 148 km- SE Tianguá2 50;PI/CE;60.0;441.0;4850.0;1042577000.0;182271930.0;85271000.0;53.0;CELEO REDES BRASIL S.A.;sim
2017;2017-12-15;002/2017;3;LT Xingu - Serra Pelada 500 kV, CS, C1 e C2, 2 x 443 km- LT Serra Pelada - Miracema 500 kV, CS, C1 e C2, 2 x 415 km- LT Serra Pelada - Itacaiúnas 500 kV, C1, 115 km- SE Serra Pelada 500 kV;PA/TO;60.0;1831.0;0.0;2780296000.0;487145510.0;313100000.0;36.0;STERLITE POWER GRID VENTURES LIMITED;sim
2017;2017-12-15;002/2017;4;LT Miracema - Gilbués2 500 kV, CS, C3, 418 km- LT 500 kV Gilbués2 - Barreiras2 500 kV, CS, C2, 311 km.;TO/BA/PI;60.0;729.0;0.0;1345826000.0;236079490.0;126000000.0;47.0;NEOENERGIA S.A.;sim
2017;2017-12-15;002/2017;5;SE Açu III 500/230 kV, TR 500/230 kV 1ø, (6+1) x 300 MVA- Trechos LT entre secc. LTs Açu2 - Mossoró2 230 kV, CD, C1 e C2, e SE Açu3, 2 x 2,5 Km e 2 x 1 km- Trecho LT entre secc. LT Açu2 - Lagoa Nova2 230 kV, C1, e SE Açu3, 2 x 1 km.;RN;42.0;9.0;2100.0;193820000.0;31332800.0;14431000.0;54.0;CESBE PARTICIPAÇÕES S.A.;sim
2017;2017-12-15;002/2017;6;LT Santa Luzia2 - Campina Grande3 500 kV, CS, 125 km- LT Santa Luzia2  Milagres2 500 kV, CS, 220 km- SE Santa Luzia2 - 500 kV;PB/CE;60.0;345.0;0.0;584048000.0;103410080.0;57325000.0;45.0;NEOENERGIA S.A.;sim
2017;2017-12-15;002/2017;7;LT Governador Valadares6 - Mutum 500 kV, CS, C2, 165 km.;MG;60.0;165.0;0.0;276963000.0;49888420.0;32600000.0;35.0;CONSTRUTORA QUEBEC S.A.;sim
2017;2017-12-15;002/2017;8;LT Presidente Juscelino - Itabira5 500 kV, C2, 189 km.;MG;60.0;189.0;0.0;283574000.0;51128790.0;32978000.0;36.0;CONSÓRCIO LINHA VERDE;sim
2017;2017-12-15;002/2017;9;SE Itabuna3 230/138/13,8 kV, TR 230/138 kV 1ø, 3 x 150 MVA-  Trechos LT entre secc. LT Funil - Itapebi 230 kV, CD, C1 e SE Itabuna3, 2 x 25 km.;BA;42.0;50.0;450.0;106719000.0;17437470.0;9090608.0;48.0;EEN ENERGIA E PARTICIPAÇÕES S.A.;sim
2018;2018-06-28;002/2018;1;LT Biguaçu  Ratones 230 kV, C1 e C2, (trechos aéreos, subaquáticos e subterrâneos), 2 x 28,6 km- SE Ratones 230/138 kV, TR 230/138 kV 3ø, 2 x 150 MVA.;SC;60.0;57.2;300.0;641382763.74;114664012.45;38231291.0;67.0;CONSÓRCIO COLUMBIA;sim
2018;2018-06-28;002/2018;10;SE Lorena 500/230 kV, TR 500/230 kV 1ø, (3+1) x 400 MVA- Trechos LT entre secc. LT Tijuco Preto - Cachoeira Paulista 500 kV, CD, e SE Lorena, 2 x 2 km- Trechos LT entre secc. LT Aparecida - Santa Cabeça 230 kV, CD, e SE Lorena, 2 x 2 km.;SP;48.0;8.0;1600.0;237947356.88;38794921.29;10114435.0;74.0;CTEEP - COMPANHIA DE TRANSMISSÃO DE ENERGIA ELÉTRICA PAULISTA;sim
2018;2018-06-28;002/2018;11;SE Colinas 500/138 kV, novo pátio 138 kV, TR 500/138 kV 1ø, (6+1) x 60 MVA.;TO;36.0;0.0;420.0;123929369.56;19669788.16;7200000.0;63.0;CONSÓRCIO LYON ENERGIA;sim
2018;2018-06-28;002/2018;12;LT Edeia - Cachoeira Dourada 230 kV, CS, C1, 150 km- SE Pirineus 345/230 kV, novo pátio de 345 kV, TR 345/230 kV 1ø, (6+1) x 100 MVA- SE Barro Alto 230 kV, Compensador Estático 230 kV, (-75/+150) Mvar- Trechos LT entre secc. LT Samambaia - Bandeirantes 34;GO;48.0;154.0;700.0;321590098.72;52337939.97;25320000.0;52.0;STERLITE POWER GRID VENTURES LIMITED;sim
2018;2018-06-28;002/2018;13;SE Rio Claro 230/138 kV, TR 230/138 kV 3ø, 2 x 100 MVA- Trechos LT entre secc. LT Rondonópolis - Rio Verde 230 kV, CD, e SE Rio Claro, 2 x 2 km.;GO;48.0;4.0;200.0;64146090.61;11050496.43;4988000.88;55.0;CONSÓRCIO LUX LUZ;sim
2018;2018-06-28;002/2018;14;SE Cruz Alta2 230/69 kV, TR 230/69 kV 3ø, 2 x 83 MVA- Trechos LT entre secc. LT Passo Real - Ijuí2 230 kV, CD, e SE Cruz Alta, 2 x 1 km.;RS;42.0;2.0;166.0;58521737.09;9829566.05;5209672.1;47.0;CONSÓRCIO LUX LUZ;sim
2018;2018-06-28;002/2018;15;LT Tucuruí2 - Marituba 500 kV, CS, C1, 374 km.;PA;54.0;374.0;0.0;560497113.54;91197289.04;61630000.0;32.0;STERLITE POWER GRID VENTURES LIMITED;sim
2018;2018-06-28;002/2018;16;LT Ribeiro Gonçalves - Balsas 230 kV, CS, C2, 95 km.;PI/MA;48.0;95.0;0.0;60019345.75;10610860.55;5800000.0;45.0;F3C EMPREENDIMENTOS E PARTICIPAC?O?ES S.A.;sim
2018;2018-06-28;002/2018;17;LT Chapada1  Chapada2 230 kV, CS, C1, 12 km- LT Chapada2  Chapada3 230 kV, CS, C1, 18 km- SE Chapada1 230/138 kV, novo pátio 230 kV TR 230/138 kV 3ø, 2 x 200 MVA.;PI;42.0;30.0;400.0;96118628.11;19229683.29;9350000.0;51.0;CONSÓRCIO LYON ENERGIA;sim
2018;2018-06-28;002/2018;18;LT Imperatriz - Porto Franco 230 kV, CS C2, 113 km.;MA;48.0;113.0;0.0;57436304.59;10213311.31;7800000.0;24.0;CONSÓRCIO I.G. TRANSMISSÃO E ESS ENERGIAS RENOVÁVEIS;sim
2018;2018-06-28;002/2018;19;LT Serra Pelada - Integradora Sossego 500 kV, CD, 2 x 66,5 km- LT Integradora Sossego - Xinguara2 230 kV, CS, C2, 72,3 km- SE Serra Pelada 500/138 kV, novo pátio 138 kV, TR 500/138 kV 1ø, (6+1) x 50 MVA- SE Integradora Sossego 500/230 kV, novo pátio 500 k;PA;54.0;205.3;2100.0;479795925.97;78284218.58;33515000.0;57.0;ENERGISA S.A.;sim
2018;2018-06-28;002/2018;2;LT Macaé - Lagos 345 kV, CS, C2, 16 km- SE Lagos 345/138 kV, TR 345/138 kV 1ø, (9+1) x 133 MVA- Trecho LT entre secc. LT COMPERJ - Macaé 345 kV, CD, e SE Lagos, 2 x 5 km.;RJ;42.0;27.0;1333.3;198679918.82;31055365.55;14925000.0;52.0;ZOPONE ENGENHARIA E COMÉRCIO LTDA;sim
2018;2018-06-28;002/2018;20;LT Janaúba3 - Jaíba 230 kV, CD, C1 e C2, 93 km- LT Pirapora2 - Três Marias 345 kV, CS C1, 112,2 km- SE Jaíba 230/138 kV, TR 230/138 kV 1ø, (6+1) x 33,3 MVA- SE Janaúba3 500/230/138 kV, TR 500/230 kV 1ø, (6+1) x 100 MVA.;MG;48.0;205.2;933.1;403121222.25;65591505.41;31430000.0;52.0;STERLITE POWER GRID VENTURES LIMITED;sim
2018;2018-06-28;002/2018;3;LT Pacatuba - Jaguaruana2 500 kV, CS, C1, 155,03 km- LT Jaguaruana2 - Açu3 500 kV, CS, C1, 113,95 km- LT Jaguaruana2 - Mossoró4 - 230 kV, CD, C1 e C2, 2 x 54,54 km- LT Jaguaruana2  Russas2 230 kV, CS, C1, 32 km- LT Caraúbas2  Açu3 230 kV, CD, C1 e C2, 2;CE/RN;60.0;541.32;3750.0;1217125910.46;205139048.22;85050000.0;59.0;STERLITE POWER GRID VENTURES LIMITED;sim
2018;2018-06-28;002/2018;4;LT Campina Grande3 - João Pessoa2 500 kV, CS, C1, 127 km- SE João Pessoa2 500/230/69 kV, TR 500/230 kV 1ø, (3+1) x 150 MVA e TR 230/69 kV 3ø, 2 x 150 MVA- Trecho LT entre secc. LT Goianinha  Mussuré2 230 kV e SE João Pessoa2, 2 x 0,5 km- Trecho LT entre;PB;54.0;130.0;900.0;366847037.42;60002248.31;25700000.0;57.0;STERLITE POWER GRID VENTURES LIMITED;sim
2018;2018-06-28;002/2018;5;SE Alagoinhas2 230/69 kV, TR 230/69 kV 3ø, 2 x 100 MVA- Trechos LT entre secc. LT Cicero Dantas - Catu 230 kV, C2, e SE Alagoinhas2, 2 x 0,5 km.;BA;54.0;1.0;200.0;59726466.09;10544352.22;5400000.0;49.0;CONSÓRCIO BR ENERGIA / ENIND ENERGIA;sim
2018;2018-06-28;002/2018;6;SE Feira de Santana3 230/69 kV, TR 230/69 kV 3ø, 2 x 150 MVA- Trechos LT entre secc. LT Gov. Mangabeira - Camaçari2 230 kV, C2, e SE Feira de Santana3, 2 x 54 km.;BA;42.0;108.0;300.0;111729439.31;17427701.46;10900000.0;37.0;CONSÓRCIO LYON ENERGIA;sim
2018;2018-06-28;002/2018;7;LT Porto de Sergipe - Olindina 500 kV, CS, C1, 180 km- LT Olindina - Sapeaçu 500 kV, CS, C1, 207 km- LT Morro do Chapéu2 - Irecê 230 kV, CD, C2 e C3, 67 km.;SE/BA;60.0;521.0;0.0;772634055.89;133273885.72;52510000.0;61.0;STERLITE POWER GRID VENTURES LIMITED;sim
2018;2018-06-28;002/2018;8;SE Santana2 230/69 kV, TR 230/69 kV 3ø, 2 x 100 MVA- Trechos LT entre secc. LT Paulo Afonso3 - Angelim 230 kV, C1, e SE Santana2, 2 x 24 km.;AL;42.0;48.0;200.0;76833506.0;12314892.14;8000000.0;35.0;CONSÓRCIO BR ENERGIA / ENIND ENERGIA;sim
2018;2018-06-28;002/2018;9;SE Maracanaú2 230/69 kV, TR 230/69 kV 3ø, 3 x 150 MVA- Trechos LT entre secc. LT Fortaleza2 - Cauípe 230 kV, CD, e SE Maracanaú2, 2 x 1 km.;CE;42.0;2.0;450.0;102206052.8;16693354.61;7885000.0;53.0;CPFL GERAC?A?O ENERGIA S.A.;sim
2018;2018-12-20;004/2018;1;LT Areia - Joinville Sul 525 kV, CS, C1, 292 km-  LT Joinville Sul - Itajaí2 - 525 kV, CS, C1, 82 km- LT Itajaí2 - Biguaçu 525 kV, CS, C1, 63 km- LT Rio do Sul - Indaial 230 kV, CD, C1 e C2, 2 x 51 km- LT Indaial - Gaspar2 230 kV, CD, C1 e C2, 2 x 57 km-;PR/SC;60.0;1106.6;7176.0;2791629503.75;452369159.0;194157000.0;57.0;NEOENERGIA S.A.;sim
2018;2018-12-20;004/2018;10;LT Guaíba3 - Gravataí 525 kV, CS, C1, 127 km- LT Santa Vitória do Palmar - Marmeleiro 525 kV, CS, C2, 48 km- LT Povo Novo - Guaíba3 525 kV, CS, C2, 245 km- LT Marmeleiro - Povo Novo 525 kV, CS, C2, 152 km- LT Nova Santa Rita - Guaíba3 525 kV, CD, C2, 40 k;RS;48.0;1212.0;3136.0;2432240287.04;380964932.0;219500000.0;42.0;CONSÓRCIO CHIMARRÃO;sim
2018;2018-12-20;004/2018;11;LT Osório3 - Gravataí3 230 kV, CS, C1, 66 km- LT Porto Alegre8 - Porto Alegre1 230 kV (Subterrânea), CS, 3,4 km- LT Jardim Botânico - Porto Alegre1 230 kV (Subterrânea), CS, 4 km- SE Osório3 230 kV- SE Porto Alegre1 230/69 kV (nova SF6), TR 230/69 kV 3ø,;RS;48.0;85.4;549.0;348933389.2;55111735.0;33888000.0;39.0;CPFL GERAC?A?O ENERGIA S.A.;sim
2018;2018-12-20;004/2018;12;LT Livramento3 - Alegrete2 230 kV, CS, C1, 125 km- LT Livramento3 - Cerro Chato 230 kV, CS, C1, 10 km- LT Livramento3 - Santa Maria3 230 kV, CS, C1, 247 km- LT Livramento3 - Maçambará3 230 kV, CS, C1, 205 km- SE Maçambará3 230 kV- SE Livramento3 230 kV, C;RS;48.0;595.0;0.0;610364836.15;96334188.0;58956000.0;39.0;TAESA - TRANSMISSORA ALIANÇA DE ENERGIA ELÉTRICA S.A.;sim
2018;2018-12-20;004/2018;13;LT Capivari do Sul - Gravataí 525 kV, CS, C1, 83 km- LT Capivari do Sul - Viamão3 230kV, CS, C1, 65 km- LT Guaíba 3 - Capivari do Sul 525 kV, CS, C1, 178 km- SE Capivari do Sul 525/230/138 kV, TR 525/230/13,8 kV 1ø, (6+1) x 224 MVA e TR 230/138/13,8 kV 3ø;RS;48.0;326.0;1768.0;776819688.41;122314264.0;74721784.0;39.0;STERLITE POWER GRID VENTURES LIMITED;sim
2018;2018-12-20;004/2018;14;LT Povo Novo - Guaíba3 525 kV, CS, C3, 245,7 km- LT Capivari do Sul - Siderópolis2 525 kV, CS, C1, 251,5 km- LT Siderópolis2  Forquilhinha 230 kV, CS, C2, 27,6 km- LT Livramento3 - Santa Maria3 230 kV, CS, C2, 244,5 km- SE Marmeleiro 525 kV, Compensador;RS/SC;60.0;769.3;0.0;1214996318.41;201517143.0;120925000.0;40.0;NEOENERGIA S.A.;sim
2018;2018-12-20;004/2018;15;SE Caladinho2 230/138 kV, TR 230/138 kV 3ø, 2 x 40 MVA- Trechos LT entre secc. LT Coletora Porto Velho - Porto Velho 230 kV, C2, e SE Caladinho2, 2 x 5,5 km.;RO;48.0;11.0;80.0;60857400.87;10365848.0;4353000.0;58.0;CONSÓRCIO EMTEP;sim
2018;2018-12-20;004/2018;16;LT Oriximiná  Juruti 230 kV, CD, C1 e C2, 138 km (Travessia Rio Amazonas), 3,8 km- LT Juruti  Parintins 230 kV, CD, C1 e C2, 102 km (Travessias de canais em Parintins), 4,5 km- SE Oriximiná 500/230 kV, pátio 230 kV novo e TR 500/230 kV 1ø, (6+1) x 100 M;AM/PA;60.0;480.0;1000.0;1126955608.99;186914964.0;120122186.0;36.0;CELEO REDES BRASIL S.A.;sim
2018;2018-12-20;004/2018;2;LT Terminal Rio - Lagos 500 kV, CD, C1 e C2, 2 x 227 km- LT Lagos - Campos2 500 kV, CD, C1 e C2, 2 x 101 km- SE Campos2 500 kV- SE Lagos 500 kV, novo pátio 500 kV.;RJ;60.0;656.0;0.0;1331084939.29;220651716.0;117000000.0;47.0;NEOENERGIA S.A.;sim
2018;2018-12-20;004/2018;3;LT Campos2 - Mutum 500 kV, CD, C1 e C2, 2 x 239 km;RJ;60.0;478.0;0.0;753559921.2;125418409.0;69100000.0;45.0;NEOENERGIA S.A.;sim
2018;2018-12-20;004/2018;4;LT Dianópolis2  Barreiras2 230 kV, CS, C1, 255 km- LT Dianópolis2 - Gurupi 230 kV, CS, C1, 256 km- LT Dianópolis2 - Palmas2 230 kV, CS, C1, 261 km- SE Gurupi 500/230 kV, TR 500/230 kV 1ø, (3+1) x 150 MVA- SE Dianópolis2 230/138 kV, TR 230/138 kV 3ø, 2 x;BA/TO;60.0;772.0;1000.0;699422704.54;116061645.0;62854451.0;46.0;ENERGISA S.A.;sim
2018;2018-12-20;004/2018;5;LT Itá - Pinhalzinho2 230 kV, CD, C1 e C2, 2 x 105 km- LT Itá - Xanxerê 230 kV, CD, C1 e C2, 2 x 55 km- SE Itá 525/230 kV, novo pátio 230 kV, TR 525/230 kV 1ø, (6+1) x 224 MVA.;SC;60.0;320.0;1568.0;366005633.72;61556656.0;26380000.0;57.0;CPFL GERAC?A?O ENERGIA S.A.;sim
2018;2018-12-20;004/2018;6;LT Abdon Batista  Videira 230 kV, CD, C1 e C2, 2 x 67,7 km- LT Abdon Batista - Barra Grande 230 kV, CS, C3, 26 km.;SC;54.0;161.4;0.0;134108017.08;22570882.0;11511000.0;49.0;CONSÓRCIO EMTEP;sim
2018;2018-12-20;004/2018;7;LT Jurupari - Laranjal do Jari 230 kV, C3, 105 km- SE Jurupari 230/69 kV, novo pátio 69 kV, TR 230/69 kV 3ø, 2 x 30 MVA.;PA/AP;48.0;105.0;60.0;277764766.02;44512887.0;20698545.0;53.0;ZOPONE ENGENHARIA E COMÉRCIO LTDA;sim
2018;2018-12-20;004/2018;8;LT Itararé2 - Capão Bonito 230 kV, CS, C1, 108 km;SP;48.0;108.0;0.0;89394672.7;15168790.0;8151300.0;46.0;CONSÓRCIO I.G. TRANSMISSÃO E ESS ENERGIAS RENOVÁVEIS;sim
2018;2018-12-20;004/2018;9;LT Mauá2  Manaus 230 kV, CS, C1, 12,9 km (trechos aéreos e subterrâneos);AM;60.0;13.0;0.0;160704050.95;28047620.0;11500000.0;59.0;CONSÓRCIO EMTEP;sim
2019;2019-12-19;002/2019;1;LT Caxias Norte - Caxias6 230 kV, CS, C1, 30 km- LT Caxias Norte - Vinhedos 230 kV, CS, C1, 24 km- LT Caxias Norte - Monte Claro 230 kV, CS, C1, 27 km- SE Caxias Norte 525/230/138 kV, TR 525/230 kV 1ø, (9+1) x 224 MVA e 230/138 kV 3ø, 3 x 225 MVA- Trecho;RS;60.0;169.0;2915.0;681550491.0;113876320.0;37748393.0;67.0;CTEEP - COMPANHIA DE TRANSMISSÃO DE ENERGIA ELÉTRICA PAULISTA;sim
2019;2019-12-19;002/2019;10;LT Sapeaçu - Camaçari4 500 kV, CS, C1, 105 km- LT Camaçari4 - Pirajá 230 kV, CD, C1 e C2, 40 km- SE Pirajá 230/69 kV, TR 230/69 kV 3ø, 2 x 180 MVA- SE Camaçari2 230/69 kV, TR 230/69 kV 3ø, 2 x 150 MVA.;BA;60.0;145.0;660.0;517860201.0;88985800.0;37062585.7;58.0;BAROLO PARTICIPAÇÕES LTDA;sim
2019;2019-12-19;002/2019;11;LT Rio Branco1 - Feijó 230 kV, CS, C1, 392 km- LT Feijó-Cruzeiro do Sul 230 kV, C1, 280 km- SE Feijó 230/69 kV, TR 230/69 kV 3ø, 2 x 20 MVA- SE Cruzeiro do Sul 230/69 kV, TR 230/69 kV 3ø, 2 x 50 MVA.;AC;60.0;672.0;180.0;720011005.0;123232620.0;58100000.0;53.0;CONSÓRCIO LT NORTE;sim
2019;2019-12-19;002/2019;12;LT Poções3 - Itapebi 230 kV, CS, C1, 193 km.;BA;60.0;193.0;0.0;171099239.0;30214620.0;12200000.0;60.0;CONSÓRCIO VSF TRANSMISSORAS DO BRASIL;sim
2019;2019-12-19;002/2019;2;SE Olindina 230/69 kV, TR 230/69/13,8 kV 3ø, 2 x 50 MVA- Trechos LT entre secc. LT Cícero Dantas - Catu 230 kV, C1, e SE Olindina, 2 x 0,4 km- Trechos LT entre secc. LT Cícero Dantas - Catu 230 kV, C2, e SE Olindina, 2 x 0,4 km.;BA;60.0;1.6;100.0;75865541.0;12434050.0;5380000.0;57.0;MONTAGO CONSTRUTORA LTDA;sim
2019;2019-12-19;002/2019;3;LT Santos Dumont2 - Leopoldina2 345 kV, CS, C1, 95 km- LT Leopoldina2 - Lagos 345 kV, CS, C1, 143 km- SE Leopoldina2 345/138 kV, TR 345/138/13,8 kV 1ø, (6+1) x 75 MVA.;MG/RJ;60.0;238.0;525.0;375804168.0;64972810.0;30212000.0;54.0;ZOPONE ENGENHARIA E COMÉRCIO LTDA;sim
2019;2019-12-19;002/2019;4;LT Messias - Rio Largo2 230 kV, CS, C4, 15 km.;AL;60.0;15.0;0.0;29674696.0;5868630.0;2880000.0;51.0;CONSÓRCIO NORDESTE;sim
2019;2019-12-19;002/2019;5;LT Cláudia - Cachimbo 230 kV, CS, C1, 278 km- LT Cachimbo - Novo Progresso 230 kV, CS, C1, 227 km- SE Cláudia 500/230/138 kV, novo pátio 230 kV, TR 500/230/13,8 kV 1ø, (3+1) x 150 MVA, novo pátio 138 kV, e TR 230/138 kV 3ø, 200 MVA- SE Cachimbo 230 kV- SE;MT/PA;60.0;505.0;1000.0;590873588.0;101360370.0;38000000.0;63.0;CONSÓRCIO VSF TRANSMISSORAS DO BRASIL;sim
2019;2019-12-19;002/2019;6;LT Ilha Solteira - Três Irmãos 440 kV, CS, C2, 36,6 km.;MT/SP;66.0;36.6;0.0;98797055.0;16674650.0;5316306.0;68.0;CTEEP - COMPANHIA DE TRANSMISSÃO DE ENERGIA ELÉTRICA PAULISTA;sim
2019;2019-12-19;002/2019;7;LT Nova Ponte - Araxá3 345 kV, CS, C1, 114 km- LT Nova Ponte - Uberlândia10 345 kV, CS, C1, 57 km- SE Nova Ponte 500/345 kV, novo pátio 345 kV, TR 500/345 kV 1ø, (6+1) x 100 MVA- SE Araxá3 345/138 kV, TR 345/138/13,8 kV 1ø, (3+1) x 100 MVA- SE Uberlândia1;MG;60.0;173.0;1966.69;553567254.0;95043480.0;32887935.0;65.0;CTEEP - COMPANHIA DE TRANSMISSÃO DE ENERGIA ELÉTRICA PAULISTA;sim
2019;2019-12-19;002/2019;8;SE Crato2 230/69 kV, TR 230/69/13,8 kV 3ø, 2 x 150 MVA- Trechos LT entre secc. LT Milagres - Tauá2 230 kV, e SE Crato2, 2 x 34 km.;CE;66.0;68.0;300.0;101650766.0;17021520.0;7950000.0;53.0;ENGEPAR ENGENHARIA E PARTICIPAÇÕES LTDA;sim
2019;2019-12-19;002/2019;9;LT Rio das Éguas - Rio Formoso2 230 kV, CD, C1 e C2, 105 km- SE Rio Formoso2 230/138 kV, TR 230/138 kV 3ø, 2 x 200 MVA- SE Rio das Éguas 500 kV, novo pátio 230 kV, TR 500/230 kV 1ø, (6+1) x 100 MVA.;BA;60.0;105.0;1100.0;303378548.0;50051920.0;18000000.0;64.0;NEOENERGIA S.A.;sim
2020;2020-12-17;001/2020;1;LT 500 kV Silvânia - Trindade, C1, com 156 km- SE 500 kV Silvânia- Trechos de LT 500 kV entre a SE Silvânia e a LT Samambaia - Emborcação, C1, com 2 x 8,0 km. Trechos de LT 500 kV entre a SE Silvânia e a LT Samambaia - Itumbiara, C1, com 2 x 14,00 km.;GO;48.0;200.0;0.0;424436000.0;55971800.0;21381227.0;62.0;STATE GRID BRAZIL HOLDING S.A.;sim
2020;2020-12-17;001/2020;10;LT 230kV Fortaleza II  Dias Macedo II , C1 e C2, com  6,5 km (trechos subterrâneos)- SE 230/69 kV Dias Macedo II ,3 x 200 MVA.;CE;60.0;13.0;600.0;315999000.0;45654380.0;15100000.0;67.0;CONSÓRCIO BRE 6;sim
2020;2020-12-17;001/2020;11;Incorporação dos ativos em serviço designado à AmGT pela Portaria do MME nº 706, de 15 de dezembro de 2016- Revitalização das subestações em 230 kV Manaus, Cristiano Rocha e Lechuga (setor designado à AmGT)- Substituição da SE Balbina 230kV em arranjo dis;AM;60.0;418.4;2050.0;882240000.0;119712580.0;63000000.0;47.0;ENERGISA TRANSMISSÃO DE ENERGIA S.A.;sim
2020;2020-12-17;001/2020;2;LT 500 kV Morro do Chapéu II - Poções III C1, com 359 km- LT 500 kV Poçoes III - Medeiros Neto II C1, com 329 km- LT 500 kV Medeiros Neto II - João Neiva 2 C1, com 283 km- LT 230 kV Medeiros Neto II - Teixeira de Freitas II, CD, C1 e C2, com 60 km- SE 500;BA/MG/ES;60.0;1091.0;300.0;1996673000.0;278193820.0;159693300.0;43.0;NEOENERGIA S.A.;sim
2020;2020-12-17;001/2020;3;LT 345 kV Norte - Miguel Reale, C3 e C4, com 14,5 km cada (subterrânea).;SP;54.0;29.0;0.0;490313000.0;68710630.0;20372702.0;70.0;CONSÓRCIO SAINT NICHOLAS I;sim
2020;2020-12-17;001/2020;4;LT 230 kV Porto Alegre 1 - Porto Alegre 9 C1, com 8,5 km (subterrânea)- LT 230 kV Capivari do Sul - Osório 3, C1, com 35 km- LT 230 kV Guaíba 3 - Charqueadas 3, C1, 13,5 km. LT 230 kV Guaíba 3 - Pólo Petroquímico, C1, com 33,6 km- SE 525/230 kV Guaíba 3 -;RS;60.0;101.0;675.0;902012000.0;124224530.0;52981762.0;57.0;CONSÓRCIO SAINT NICHOLAS I;sim
2020;2020-12-17;001/2020;6;SE 230/138 kV Cachoeirinha 3 - (9+1R) x 55 MVA- Trechos de LT em 230 kV entre a SE Cachoeirinha 3 e a LT Gravataí 2  Canoas 2 C1, 2 x 1 km- Trechos de LT em 230 kV entre a SE Cachoeirinha 3 e a LT Gravataí 2  Cidade Industrial C2, 2 x 1 km.;RS;42.0;4.0;495.0;191950000.0;25299650.0;9234372.0;64.0;COMPANHIA ESTADUAL DE GERAÇÃO E TRANSMISSÃO DE ENERGIA ELÉTRICA - CEEE-GT;sim
2020;2020-12-17;001/2020;7;LT 345 kV Miguel Reale - São Caetano do Sul, C1 e C2, com 7,8 km (subterrânea)- LT 345 kV São Caetano do Sul - Sul, C1 e C2, com 14,5 km (subterrânea)- SE 345/88 kV São Caetano do Sul x (6+1R) x 133,33 MVA- Trechos de LT em 345 kV entre a SE Sul e a LT 34;SP;60.0;63.0;800.0;1140628000.0;161778340.0;68050000.0;58.0;CTEEP - COMPANHIA DE TRANSMISSÃO DE ENERGIA ELÉTRICA PAULISTA;sim
2020;2020-12-17;001/2020;8;LT 345 kV Norte - São Miguel, C1 e C2, com 8,1 km (subterrânea)- LT 345 kV São Miguel - Ramon, C1 e C2, com 9,1 km (subterrânea)- SE 345/88 kV São Miguel - (9+1R) x 133,33 MVA.;SP;60.0;34.0;1200.0;908353000.0;129486400.0;42500000.0;67.0;CONSÓRCIO SAINT NICHOLAS II;sim
2020;2020-12-17;001/2020;9;SE 230/138 kV Iguatemi 2, 2 x 150 MVA- Trechos de LT em 230 kV entre a SE Iguatemi 2 e a LT Guaíra  Dourados C1, 2 x 3,1 km.;MS;42.0;6.0;300.0;93786000.0;13159620.0;5235354.0;60.0;CONSÓRCIO SAINT NICHOLAS I;sim
2021;2021-06-30;001/2021;1;LT 230 kV Abunã - Rio Branco, C3- SE 230/69 kV Tucumã-  Trechos de LT 230 kV entre a SE Tucumã e a LT 230 kV Abunã - Rio Branco, C2.;AC/RO;60.0;395.0;300.0;423155000.0;60907088.71;38621000.0;37.0;EDP - ENERGIAS DO BRASIL S.A.;sim
2021;2021-06-30;001/2021;2;LT 345 kV Venda das Pedras  Sete Pontes, C1 e C2, CD- LT 345 kV Comperj  Venda das Pedras, C1- SE 345/138 kV Sete Pontes-;RJ;60.0;100.0;1200.0;420727000.0;61872120.0;30078335.0;51.0;SHANGHAI SHEMAR POWER HOLDINGS CO LTDA;sim
2021;2021-06-30;001/2021;3;SE 500/138 kV Cuiabá Norte- Trechos de LT 500 kV entre a SE Cuiabá Norte e a LT Jauru-Cuiabá, C2.;MT;42.0;1.0;600.0;210488000.0;28029530.0;12515185.15;55.0;MEZ ENERGIA E PARTICIPACOES LTDA;sim
2021;2021-06-30;001/2021;4;SE 230/138 kV Gurupi - novo pátio em 138 kV e transformação 230/138 kV.;TO;36.0;0.0;200.0;74914000.0;11008060.0;4094777.0;63.0;ENERGISA TRANSMISSÃO DE ENERGIA S.A.;sim
2021;2021-06-30;001/2021;5;SE 230/88 kV Dom Pedro I- Trechos de LT 230 kV entre a SE Dom Pedro I e a LT 230 kV São José dos Campos - Mogi das Cruzes, C1-  Trechos de LT 88 kV entre a SE Dom Pedro I e a LT 88 kV Mairiporã-Jaguari C1 e C2, CD.;SP;42.0;19.0;300.0;161364000.0;21773860.0;9939767.09;54.0;MEZ ENERGIA E PARTICIPACOES LTDA;sim
2021;2021-12-17;002/2021;1;LT 500 kV Ponta Grossa - Assis, C1 e C2, CD- LT 525 kV Bateias - Curitiba Leste, C1 e C2, CD.;PR/SP;60.0;726.0;0.0;1750054467.15;248653979.81;129900000.0;48.0;TAESA - TRANSMISSORA ALIANÇA DE ENERGIA ELÉTRICA S.A.;sim
2021;2021-12-17;002/2021;2;SE 500/230 kV Olindina - transformação 500/230 kV e respectivas conexões entre os pátios de 500 kV e de 230 kV;BA;36.0;0.0;450.0;152130623.8;20914597.77;7093000.0;66.0;STERLITE BRAZIL PARTICIPAÇÕES S.A.;sim
2021;2021-12-17;002/2021;3;LT 230 kV Rio das Éguas  Rio Grande II, C1- LT 230 kV Barreiras II  Barreiras, C3.;BA;42.0;166.0;0.0;170667958.66;23693076.32;17100000.0;28.0;RIALMA ADMINISTRAÇÃO E PARTICIPAÇÕES S.A.;sim
2021;2021-12-17;002/2021;4;SE 500 kV Estreito  Compensações Síncronas.;MG;48.0;0.0;0.0;660930910.03;89670359.01;37100000.0;59.0;NEOENERGIA S.A.;sim
2021;2021-12-17;002/2021;5;LT 230 kV Macapá  Macapá III, C1- SE 230/69 kV Macapá III.;AP;42.0;10.0;300.0;161675036.08;22018023.41;11300000.0;49.0;ENERGISA TRANSMISSÃO DE ENERGIA S.A.;sim
2022;2022-06-30;001/2022;1;LT 500 kV Buritizeiro 3 - São Gonçalo do Pará, C1, CS, com 351 km- LT 500 kV Buritizeiro 3 - São Gotardo 2, C1, CS, com 238 km- LT 500 kV Pirapora 2 - Buritizeiro 3, C1 e C2, CD, com 35 km- LT 500 kV Jaguara - Estreito, C2, CS, com 45 km- LT 500 kV Presid;MG/SP;60.0;1269.0;1350.0;3681875310.86;538002334.19;283300000.0;47.0;CONSÓRCIO VERDE;sim
2022;2022-06-30;001/2022;10;LT 230 kV Cláudia - Cachimbo, com 278 km- LT 230 kV Cachimbo - Novo Progresso, com 227 km- SE 500/230/138 kV Cláudia - novo pátio 230 kV e transformação 500/230 kV - (3+1Res) x 150 MVA, e novo pátio 138 kV e transformação 230/138 kV - 1 x 200 MVA-  SE 230;SC;54.0;159.0;0.0;243153130.38;36104540.82;18787000.0;48.0;TAESA - TRANSMISSORA ALIANÇA DE ENERGIA ELÉTRICA S.A.;sim
2022;2022-06-30;001/2022;11;LT 230 kV Campo Grande 2 - Paraíso 2 - C2, com 200 km- LT 230kV Paraíso 2 - Chapadão - C2, com 65 km- Trechos de LT em 230 kV entre o seccionamento da LT 230 kV Campo Grande 2  Chapadão e a SE Paraíso 2, com 2 x 1 km- SE 230/138kV Paraíso 2 - 2x150MVA;MS;48.0;291.0;300.0;705650632.01;70406099.76;38200000.0;46.0;NEOENERGIA S.A.;sim
2022;2022-06-30;001/2022;12;LT 230 kV Cláudia - Cachimbo, com 278 km- LT 230 kV Cachimbo - Novo Progresso, com 227 km- SE 500/230/138 kV Cláudia - novo pátio 230 kV e transformação 500/230 kV - (3+1Res) x 150 MVA, e novo pátio 138 kV e transformação 230/138 kV - 1 x 200 MVA-  SE 230;AM;48.0;13.0;0.0;196892570.6;32306394.47;17684000.0;45.0;ENERGISA TRANSMISSÃO DE ENERGIA S.A.;sim
2022;2022-06-30;001/2022;13;SE 230 kV Feijó - Compensação Síncrona - 2 x (-45/+45) Mvar SE 230 kV Tucumã - Compensação Síncrona - 1 x (-90/+150) Mvar;AC;48.0;0.0;0.0;220765856.22;32500233.13;22425000.0;31.0;CONSÓRCIO NORTE;sim
2022;2022-06-30;001/2022;2;LT 500 kV Arinos 2 - Paracatu 4, C1 e C2, CS, com 2 x 214 km- LT 500 kV Paracatu 4 - Nova Ponte 3, C1 e C2, CS, com 2 x 291 km- LT 500 kV Nova Ponte 3 - Araraquara 2, C1 e C2, CS, com 2 x 307 km- LT 440 kV Araraquara 2 - Araraquara, C3, CS, com 11 km- SE;MG/SP;60.0;1708.0;0.0;4937875196.06;724733986.08;360000000.0;50.0;NEOENERGIA S.A.;sim
2022;2022-06-30;001/2022;3;LT 500 kV Jaíba - Janaúba 6, C1 e C2, CD, com 83 km- LT 500 kV Janaúba 6 - Janaúba 3, C1 e C2, CD, com 14 km- LT 500 kV Janaúba 6 - Capelinha 3, C1 e C2, CS, com 233 km cada- LT 500 kV Capelinha 3 - Governador Valadares 6, C1 e C2, CS, com 141 km cada- LT;MG/ES;60.0;1139.0;2250.0;3462227517.24;536601473.45;285736000.0;47.0;CTEEP - COMPANHIA DE TRANSMISSÃO DE ENERGIA ELÉTRICA PAULISTA;sim
2022;2022-06-30;001/2022;4;LT 230 kV Laranjal do Jari - Macapá III C1, CS, com 217 km.;AP;48.0;217.0;0.0;282806658.25;40940124.37;38893000.0;5.0;ZOPONE ENGENHARIA E COMÉRCIO LTDA;sim
2022;2022-06-30;001/2022;5;LT 230 kV Olindina - Itabaianinha C1, CS, com 73,4 km- SE 230/69 kV Nossa Senhora da Glória II - 2 x 150 MVA- Trechos de LT 230 kV entre a SE Nossa Senhora da Glória II e a LT 230 kV Paulo Afonso III - Itabaiana C2, com 2 x 20 km;BA/SE;51.0;113.0;300.0;210250082.3;29941042.18;22000000.0;27.0;STERLITE BRAZIL PARTICIPAÇÕES S.A.;sim
2022;2022-06-30;001/2022;6;SE 440/88 kV Água Azul - novo pátio de 88 kV e transformação 440/88 kV - (6+1Res)x100 MVA;SP;42.0;0.0;600.0;232292300.2;32932281.21;13433000.0;59.0;CTEEP - COMPANHIA DE TRANSMISSÃO DE ENERGIA ELÉTRICA PAULISTA;sim
2022;2022-06-30;001/2022;7;SE 500/230/138 kV Itacaiúnas - novo pátio de 138 kV e transformação 230/138 kV - 2 x 225 MVA.;PA;42.0;0.0;450.0;110121735.02;16171062.27;6484596.0;60.0;CONSÓRCIO ENGIE BRASIL TRANSMISSÃO;sim
2022;2022-06-30;001/2022;8;SE 230/138 kV Caladinho II - 2 x 40 MVA- Trechos de LT em 230 kV entre a SE Caladinho II e a LT Coletora Porto Velho  Porto Velho, C1, com 2 x 5,5 km.;RO;48.0;11.0;80.0;134572086.82;19946015.82;12252258.58;39.0;Centrais Elétricas do Norte do Brasil S.A. - Eletronorte;sim
2022;2022-06-30;001/2022;9;LT 230 kV Cláudia - Cachimbo, com 278 km- LT 230 kV Cachimbo - Novo Progresso, com 227 km- SE 500/230/138 kV Cláudia - novo pátio 230 kV e transformação 500/230 kV - (3+1Res) x 150 MVA, e novo pátio 138 kV e transformação 230/138 kV - 1 x 200 MVA-  SE 230;MT/PA;60.0;505.0;850.0;874723223.76;130666279.71;87600000.0;33.0;STERLITE BRAZIL PARTICIPAÇÕES S.A.;sim
2022;2022-12-16;002/2022;1;LT 230kV Governador Valadares 6 - Verona, CS, C1, com 165 km.;MG/ES;60.0;165.0;0.0;199136252.88;32716193.06;16996903.92;48.0;CEMIG GERAÇÃO E TRANSMISSÃO S.A.;sim
2022;2022-12-16;002/2022;2;LT 230kV Porto Velho - Abunã, CS, C3, com 188 km.;RO;60.0;188.0;0.0;279576360.1;45369069.19;24908000.0;45.0;EDP - ENERGIAS DO BRASIL S.A.;sim
2022;2022-12-16;002/2022;3;SE 500/230/69 kV Açailândia - transformação 500/230 kV (6+1Res) x 150 MVA e transformação 230/69 kV 2x75 MVA- SE 500/230/138 kV Santa Luzia III - transformação 500/230 kV (6+1Res) x 150 MVA  e transformação 230/138 kV 2 x 100 MVA- SE 230/69 kV Dom Eliseu;MA/PA;60.0;351.0;2300.0;1117076926.13;175522341.98;91380000.0;48.0;TAESA - TRANSMISSORA ALIANÇA DE ENERGIA ELÉTRICA S.A.;sim
2022;2022-12-16;002/2022;4;SE 345/138 kV Porto do Açu - (6+1R) x 50 MVA- Trechos de LT 345 kV entre a SE Porto do Açu e a LT 345 kV Campos - UTE GNA I, C1, com 2 x 1,6 km- Trechos de LT 345 kV entre a SE Porto do Açu e a LT 345 kV Campos - UTE GNA I, C2, com 2 x 1,6 km-;RJ;42.0;6.0;300.0;238699577.2;37248752.1;18351193.7;51.0;USINA TERMELÉTRICA NORTE FLUMINENSE S.A.;sim
2022;2022-12-16;002/2022;5;Instalações de Garabi I e II - 2.200 MW e sistema de 500 kV - continuidade da prestação do serviço público de transmissão pela vida útil remanescente e revitalização dos sistemas de controle e de teleproteção das conversoras. - 1.123 km de LT 500 kV exist;RS/SC;60.0;0.0;0.0;1175719514.64;231399461.12;152231838.0;34.0;TAESA - TRANSMISSORA ALIANÇA DE ENERGIA ELÉTRICA S.A.;sim
2022;2022-12-16;002/2022;6;SE 345/88-20 kV Centro -  troca do nível de tensão de 230 para 345 kV em barramento isolado (GIS) e substituição das transformações para 345/88 kV - 4x150 MVA e 345/20-20 kV - 3x150 MVA e 1x150 MVA reserva à quente. Os ativos serão transferidos para o ven;SP;60.0;0.0;1050.0;498363795.25;81808200.05;69500000.0;15.0;CONSÓRCIO OLYMPUS XIV;sim
2023;2023-06-30;001/2023;1;LT 500 kV Juazeiro III - Campo Formoso II C1, CS- LT 500 kV Campo Formoso II - Barra II C1, CS- LT 500 kV Buritirama - Barra II C1, CS- LT 500 kV Barra II - Correntina C1, CS- LT 500 kV Correntina - Arinos 2 C1, CS- Trechos de LT 500 kV entre a SE Corrent;BA/MG;66.0;1116.0;0.0;3156824813.17;514588577.22;283817000.0;45.0;CTEEP - COMPANHIA DE TRANSMISSÃO DE ENERGIA ELÉTRICA PAULISTA;sim
2023;2023-06-30;001/2023;2;LT 500 kV Gentio do Ouro II - Bom Jesus da Lapa II C2 e C3, CS- LT 500 kV Bom Jesus da Lapa II - Jaíba C1 e C2, CS- LT 500 kV Jaíba - Buritizeiro 3 C1 e C2, CS.;BA/MG;66.0;1614.0;0.0;4350074474.07;709790373.69;347800000.0;51.0;RIALMA ADMINISTRAÇÃO E PARTICIPAÇÕES S.A.;sim
2023;2023-06-30;001/2023;3;LT 500 kV Buritizeiro 3 - São Gonçalo do Pará C2, CS;MG;60.0;349.0;0.0;921447359.1;148080756.53;70886000.0;52.0;CYMI CONSTRUÇÕES E PARTICIPAÇÕES S.A.;sim
2023;2023-06-30;001/2023;4;LT 500 kV Janaúba 6 - Presidente Juscelino, C1, CS.;MG;60.0;303.0;0.0;786617337.7;126646286.03;68700000.61;46.0;FURNAS - CENTRAIS ELÉTRICAS S.A.;sim
2023;2023-06-30;001/2023;5;LT 500 kV Morro do Chapéu II - Poções III C2, CS- LT 500 kV Poções III - Medeiros Neto II C2, CS- LT 500 kV Medeiros Neto II - João Neiva 2 C2, CS- LT 500 kV João Neiva 2 - Viana 2, C2, CS.;BA/MG/ES;66.0;1006.0;0.0;2667485543.56;435852508.19;249300000.0;43.0;CONSÓRCIO ENGIE BRASIL TRANSMISSÃO;sim
2023;2023-06-30;001/2023;6;LT 500 kV Xingó - Camaçari II C1 e C2, CD.;BA/SE;60.0;714.0;0.0;1203409934.82;192926672.6;99870000.0;48.0;CELEO REDES BRASIL S.A.;sim
2023;2023-06-30;001/2023;7;LT 500 kV Governador Valadares 6 - Leopoldina 2, C1 e C2, CD- LT 500 kV Leopoldina 2  Terminal Rio C1 e C2, CD-  SE 500 kV Leopoldina 2 - novo pátio de 500 kV.;MG/RJ;66.0;1044.0;0.0;2300644036.44;376126053.43;218879000.0;42.0;CTEEP - COMPANHIA DE TRANSMISSÃO DE ENERGIA ELÉTRICA PAULISTA;sim
2023;2023-06-30;001/2023;8;LTs 230 kV Recife II - Bongi C1 e C2 (trechos aéreos e subterrâneos).;PE;66.0;38.0;0.0;259462836.17;43765445.75;19600000.0;55.0;RIALMA ADMINISTRAÇÃO E PARTICIPAÇÕES S.A.;sim
2023;2023-06-30;001/2023;9;SE 500/138 kV Água Vermelha  nova transformação 500/138 kV, incluindo a instalação do sistema de automatismo para o controle do fluxo de reativos.;MG;36.0;0.0;400.0;94176897.15;15029999.92;7461000.0;50.0;CTEEP - COMPANHIA DE TRANSMISSÃO DE ENERGIA ELÉTRICA PAULISTA;sim
2023;2023-12-15;002/2023;1;LT 500 kV Presidente Dutra  Graça Aranha C3, CS, com 18,2 km- - SE ±800 kV/500 kV Graça Aranha-  - SE ±800 kV/500 kV Silvânia  - Trechos de LT 500 kV entre a SE Graça Aranha e o seccionamento da LT 500 kV Presidente Dutra  Teresina 2 C1, com 2 x 7,5 km-;MT/TO/GO;72.0;1513.0;9840.0;18130929836.63;3222178160.86;1936529074.68;40.0;State Grid Brazil Holding S.A.;sim
2023;2023-12-15;002/2023;2;LT 500 kV Silvânia - Nova Ponte 3, C1 e C2, CD, com 330 km- - LT 500 kV Nova Ponte 3 - Ribeirão Preto, C1 e C2, CD, com 221 km.;GO/MG/SP;66.0;1102.0;0.0;2597153016.55;451944436.61;239500000.0;47.0;Consórcio Olympus XVI;sim
2023;2023-12-15;002/2023;3;LT 500 kV Marimbondo 2 - Campinas, C1, CS, com 388 km.;SP;60.0;388.0;0.0;1029078989.15;175670383.54;101200000.0;42.0;Celeo Redes S.A.;sim
2024;2024-03-28;001/2024;1;LT 500 kV Quixadá - Crateús C1, CS, com 211 km- LT 500 kV Crateús  Teresina IV C1, CS, com 231 km- LT 230 kV Ibiapina II - Piripiri C3, com 88 km- Trechos de LT 500 kV entre a SE Teresina IV e o seccionamento da LT 500 kV Tianguá  Teresina II C1 e C2, C;CE/PI;60.0;538.0;0.0;1768672953.06;284535929.24;162385000.0;43.0;Centrais Elétricas do Norte do Brasil S.A. - Eletronorte;sim
2024;2024-03-28;001/2024;10;SE 230/138 kV GV do Brasil - transformação 230/138 kV (9+1Res) x 100 MVA e setor de 138 kV. LT 230 KV Itararé II - Capão Bonito, C1, com 104 km.;SP;48.0;104.0;900.0;329011416.49;51834771.61;29290000.0;43.0;Cox Brasil S.A.;sim
2024;2024-03-28;001/2024;11;LT 230 kV Inocência - Ilha Solteira 2, C4, CS, com 74,8 km- SE 230/138 kV Anastácio - substituição dos autotransformadores trifásicos TF1 e TF2 230/138 kV de 75 MVA por duas novas unidades 230/138 kV de 100 MVA- novo pátio 138 kV.;MS;48.0;74.8;200.0;221704919.9;35429526.11;20400000.0;42.0;Consórcio Paraná IV;sim
2024;2024-03-28;001/2024;12;LT 500 kV Teresina IV  Graça Aranha C1, CS, com 205,13 km- LT 500 kV Boa Esperança  Graça Aranha C1, CS, com 188,4 km-;MA/PI;72.0;393.53;0.0;932517836.75;160697950.65;112500000.0;30.0;Energisa Transmissão de Energia S.A.;sim
2024;2024-03-28;001/2024;13;LT 500 kV Ribeiro Gonçalves - Colinas C3, CS, com 366 km- LT 230 kV Ribeiro Gonçalves - Balsas, C2, com 95km.;PI/MA/TO;60.0;461.0;0.0;982166638.3;160533150.15;102404097.0;36.0;EDP - Energias do Brasil S.A;sim
2024;2024-03-28;001/2024;14;LT 500 kV Ourolândia II - Jussiape C1 e C2, CS, com 318 km cada.;BA;66.0;636.0;0.0;2103522849.86;350907736.29;162920000.0;54.0;FIP Development Fund Warehouse;sim
2024;2024-03-28;001/2024;15;LT 500 kV São João do Paraíso - Padre Paraíso 2 C1, CS, com 175 km- LT 500 kV Padre Paraíso 2 - Mutum C1, CS, com 334 km-;MG;66.0;509.0;0.0;1390580861.52;232187448.64;154400000.0;34.0;Consórcio Olympus XVII;sim
2024;2024-03-28;001/2024;2;LT 500 kV Curral Novo do Piauí II  São João do Piauí II C1, CS, com 220 km- LT 500 kV São João do Piauí II  Ribeiro Gonçalves C3, CS, com 309 km- Trechos de LT 500 kV entre a SE São João do Piauí II e o seccionamento da LT 500 kV São João do Piauí  Rib;PI;60.0;537.0;0.0;1545192218.92;249860128.53;135000000.0;46.0;EDP - Energias do Brasil S.A;sim
2024;2024-03-28;001/2024;3;LT 500 kV Morada Nova  Pacatuba C1, CS, com 146,7 km- LT 230 kV Banabuiú  Morada Nova, C1, CS, com 55,9 km- LT 230 kV Morada Nova  Russas II, C1, CS, com 57,9 km- LT 230 kV Alex  Morada Nova, C1, CS, com 61,8 km- Trechos de LT 500 kV entre a SE Pacatu;CE;60.0;336.7;1800.0;983434182.41;156698151.59;114490000.0;27.0;Centrais Elétricas do Norte do Brasil S.A. - Eletronorte;sim
2024;2024-03-28;001/2024;4;LT 500 kV Morada Nova  Pacatuba C1, CS, com 146,7 km- LT 230 kV Banabuiú  Morada Nova, C1, CS, com 55,9 km- LT 230 kV Morada Nova  Russas II, C1, CS, com 57,9 km- LT 230 kV Alex  Morada Nova, C1, CS, com 61,8 km- Trechos de LT 500 kV entre a SE Pacatu;RN/PB/PE/AL;60.0;411.0;300.0;990519209.02;160748567.43;111720254.0;31.0;FIP Development Fund Warehouse;sim
2024;2024-03-28;001/2024;5;LT 500 kV Bom Nome II - Campo Formoso II C1, CS, com 369 km- LT 500 kV Bom Nome II - Zebu III C1, CS, com 183,7 km- LT 500 kV Zebu III - Olindina C1, CS, com 227 km- LT 230 kV Bom Nome - Bom Nome II, C1, CS, com 4,54 km- LT 230 kV Bom Nome - Bom Nome II,;CE/PB/PE/AL/BA/PI;66.0;1115.93;3900.0;2649687297.82;438590580.85;302000000.0;31.0;Centrais Elétricas do Norte do Brasil S/A - Eletronorte;sim
2024;2024-03-28;001/2024;6;LT 500 kV Jussiape - São João do Paraíso C1 e C2, CS, com 225 km cada- LT 500 kV São João do Paraíso - Capelinha 3 C1, CS, com 254 km- LT 500 kV Capelinha 3 - Itabira 5 C1, CS, com 241 km- Trechos de LT 500 kV entre a SE Jussiape e o seccionamento da LT 5;BA/MG;66.0;951.0;0.0;3400041954.53;564263648.96;284388879.0;50.0;FIP Development Fund Warehouse;sim
2024;2024-03-28;001/2024;7;LT 230 kV Formosa do Rio Preto - Gilbués II, C1, CS, com 208 km- LT 230 kV Formosa do Rio Preto - Dianópolis, C1, CS, com 182 km- SE 230/138 kV Formosa do Rio Preto - (6+1Res) x 50 MVA e Compensação Síncrona (-48/+80)Mvar.;BA/TO/PI;60.0;390.0;300.0;528666629.26;86615993.18;51057800.0;41.0;EDP Trading Comercialização e Serviços de Energia S.A.;sim
2024;2024-03-28;001/2024;8;SE 500/345 kV UTE GNA I e II - transformação 500/345 kV - (3+1Res) x 500 MVA, com a incorporação da subestação e das linhas de interesse restrito de 500 e de 345 kV;RJ;36.0;0.0;1500.0;142484279.11;28292015.85;16050000.0;43.0;Brasiluz Eletrificação e Eletronica Ltda;sim
2024;2024-03-28;001/2024;9;SE 230/138 kV Chapecoense - 2 x 150 MVA- Trechos de LT 230 kV entre a SE Chapecoense e os seccionamentos da LT 230 kV Foz do Chapecó  Xanxerê, C1 e C2, com 3 km-;SC;42.0;6.0;300.0;190610347.0;28659211.32;11637539.0;59.0;Centrais Elétricas do Norte do Brasil S.A. - Eletronorte;sim
2024;2024-09-27;002/2024;1;Sublote 1A: Novas instalações de transmissão: - LT 525 kV Abdon Batista 2 - Curitiba Oeste C1, CS- - LT 525 kV Abdon Batista - Abdon Batista 2, C1 e C2, CD- - SE 525 kV Curitiba Oeste- - SE 525 kV Abdon Batista 2- - Trechos de LT 525 kV entre o seccioname;SC/PR/MG/ES/SP;60.0;780.0;0.0;2933612926.94;486413673.06;252245000.0;48.0;Consórcio Engie Brasil Transmissão;sim
2024;2024-09-27;002/2024;3;SE 440/138 kV Estância- Trechos de LT 440 kV entre a SE Estância e o seccionamento da LT 440 kV Bauru - Salto, C1.;SP;42.0;3.0;600.0;244012905.07;38156421.15;17760000.0;53.0;Transmissora Aliança de Energia Elétrica S.A.;sim
2024;2024-09-27;002/2024;4;SE 500/138 kV Barra II  transformação e novo setor de 138 kV;BA;51.0;0.0;400.0;168242692.25;28353212.51;12600000.0;56.0;COX Brasil S.A.;sim
