data;balanco_solar_sin_mwh;usinas_solar_mwh;usinas_mmgd_mwh;usinas_solar_sem_mmgd_mwh;diferenca_mwh
2021-01-01;16851.269;16851.269;0.0;16851.269;-0.0
2021-01-02;15305.503;15305.503;0.0;15305.503;-0.0
2021-01-03;13502.921;13502.921;0.0;13502.921;-0.0
2021-01-04;13643.3;13643.3;0.0;13643.3;-0.0
2021-01-05;15933.482;15933.482;0.0;15933.482;-0.0
2021-01-06;16623.458;16623.458;0.0;16623.458;-0.0
2021-01-07;15020.299;15020.299;0.0;15020.299;-0.0
2021-01-08;15498.83;15498.83;0.0;15498.83;-0.0
2021-01-09;14649.499;14649.499;0.0;14649.499;-0.0
2021-01-10;12256.151;12256.151;0.0;12256.151;-0.0
2021-01-11;14060.895;14060.895;0.0;14060.895;-0.0
2021-01-12;12373.495;12373.495;0.0;12373.495;-0.0
2021-01-13;12453.499;12453.499;0.0;12453.499;-0.0
2021-01-14;13064.948;13064.948;0.0;13064.948;-0.0
2021-01-15;14556.342;14556.342;0.0;14556.342;-0.0
2021-01-16;12187.701;12187.701;0.0;12187.701;-0.0
2021-01-17;14384.521;14384.521;0.0;14384.521;-0.0
2021-01-18;17139.384;17139.384;0.0;17139.384;-0.0
2021-01-19;15819.597;15819.597;0.0;15819.597;-0.0
2021-01-20;14713.382;14713.382;0.0;14713.382;-0.0
2021-01-21;16300.073;16300.073;0.0;16300.073;-0.0
2021-01-22;16573.449;16573.449;0.0;16573.449;-0.0
2021-01-23;16555.015;16555.015;0.0;16555.015;-0.0
2021-01-24;15129.909;15129.909;0.0;15129.909;-0.0
2021-01-25;15745.944;15745.944;0.0;15745.944;-0.0
2021-01-26;16585.087;16585.087;0.0;16585.087;-0.0
2021-01-27;17059.872;17059.872;0.0;17059.872;-0.0
2021-01-28;16406.737;16406.737;0.0;16406.737;-0.0
2021-01-29;15353.69;15353.69;0.0;15353.69;-0.0
2021-01-30;15285.499;15285.499;0.0;15285.499;-0.0
2021-01-31;15724.848;15724.848;0.0;15724.848;-0.0
2021-02-01;15150.169;15150.169;0.0;15150.169;-0.0
2021-02-02;15451.989;15451.989;0.0;15451.989;-0.0
2021-02-03;16570.956;16570.956;0.0;16570.956;-0.0
2021-02-04;14866.76;14866.76;0.0;14866.76;-0.0
2021-02-05;15064.894;15064.894;0.0;15064.894;-0.0
2021-02-06;11879.032;11879.032;0.0;11879.032;-0.0
2021-02-07;12494.996;12494.996;0.0;12494.996;-0.0
2021-02-08;11912.741;11912.741;0.0;11912.741;-0.0
2021-02-09;13248.911;13248.911;0.0;13248.911;-0.0
2021-02-10;14642.942;14642.942;0.0;14642.942;-0.0
2021-02-11;13398.739;13398.739;0.0;13398.739;-0.0
2021-02-12;14002.927;14002.927;0.0;14002.927;-0.0
2021-02-13;14739.417;14739.417;0.0;14739.417;-0.0
2021-02-14;13274.899;13274.899;0.0;13274.899;-0.0
2021-02-15;12061.336;12061.336;0.0;12061.336;-0.0
2021-02-16;11298.897;11298.897;0.0;11298.897;-0.0
2021-02-17;10524.785;10524.785;0.0;10524.785;-0.0
2021-02-18;12012.083;12012.083;0.0;12012.083;-0.0
2021-02-19;12758.073;12758.073;0.0;12758.073;-0.0
2021-02-20;11482.075;11482.075;0.0;11482.075;-0.0
2021-02-21;13079.324;13079.324;0.0;13079.324;-0.0
2021-02-22;15983.184;15983.184;0.0;15983.184;-0.0
2021-02-23;14363.319;14363.319;0.0;14363.319;-0.0
2021-02-24;14077.636;14077.636;0.0;14077.636;-0.0
2021-02-25;13402.685;13402.685;0.0;13402.685;-0.0
2021-02-26;10150.219;10150.219;0.0;10150.219;-0.0
2021-02-27;11277.37;11277.37;0.0;11277.37;-0.0
2021-02-28;11592.152;11592.152;0.0;11592.152;-0.0
2021-03-01;14858.775;14858.775;0.0;14858.775;-0.0
2021-03-02;16357.969;16357.969;0.0;16357.969;-0.0
2021-03-03;18396.662;18396.662;0.0;18396.662;-0.0
2021-03-04;18508.839;18508.839;0.0;18508.839;-0.0
2021-03-05;18692.044;18692.044;0.0;18692.044;-0.0
2021-03-06;18489.935;18489.935;0.0;18489.935;-0.0
2021-03-07;16300.946;16300.946;0.0;16300.946;-0.0
2021-03-08;16143.226;16143.226;0.0;16143.226;-0.0
2021-03-09;15133.055;15133.055;0.0;15133.055;-0.0
2021-03-10;14696.878;14696.878;0.0;14696.878;-0.0
2021-03-11;16985.416;16985.416;0.0;16985.416;-0.0
2021-03-12;18887.224;18887.224;0.0;18887.224;-0.0
2021-03-13;19081.165;19081.165;0.0;19081.165;-0.0
2021-03-14;18730.742;18730.742;0.0;18730.742;-0.0
2021-03-15;19196.006;19196.006;0.0;19196.006;-0.0
2021-03-16;17714.916;17714.916;0.0;17714.916;-0.0
2021-03-17;18808.097;18808.097;0.0;18808.097;-0.0
2021-03-18;15979.169;15979.169;0.0;15979.169;-0.0
2021-03-19;16681.788;16681.788;0.0;16681.788;-0.0
2021-03-20;17245.996;17245.996;0.0;17245.996;-0.0
2021-03-21;18562.762;18562.762;0.0;18562.762;-0.0
2021-03-22;19906.393;19906.393;0.0;19906.393;-0.0
2021-03-23;19484.897;19484.897;0.0;19484.897;-0.0
2021-03-24;20691.822;20691.822;0.0;20691.822;-0.0
2021-03-25;18843.741;18843.741;0.0;18843.741;-0.0
2021-03-26;17084.61;17084.61;0.0;17084.61;-0.0
2021-03-27;18494.386;18494.386;0.0;18494.386;-0.0
2021-03-28;19806.982;19806.982;0.0;19806.982;-0.0
2021-03-29;19489.408;19489.408;0.0;19489.408;-0.0
2021-03-30;19133.409;19133.409;0.0;19133.409;-0.0
2021-03-31;18155.451;18155.451;0.0;18155.451;-0.0
2021-04-01;17128.502;17128.502;0.0;17128.502;-0.0
2021-04-02;15956.808;15956.808;0.0;15956.808;-0.0
2021-04-03;19770.283;19770.283;0.0;19770.283;-0.0
2021-04-04;16337.496;16337.496;0.0;16337.496;-0.0
2021-04-05;20040.802;20040.802;0.0;20040.802;-0.0
2021-04-06;20278.537;20278.537;0.0;20278.537;-0.0
2021-04-07;19586.967;19586.967;0.0;19586.967;-0.0
2021-04-08;19920.937;19920.937;0.0;19920.937;-0.0
2021-04-09;17202.757;17202.757;0.0;17202.757;-0.0
2021-04-10;19582.945;19582.945;0.0;19582.945;-0.0
2021-04-11;19201.417;19201.417;0.0;19201.417;-0.0
2021-04-12;19245.462;19245.462;0.0;19245.462;-0.0
2021-04-13;20049.464;20049.464;0.0;20049.464;-0.0
2021-04-14;16881.971;16881.971;0.0;16881.971;-0.0
2021-04-15;19480.505;19480.505;0.0;19480.505;-0.0
2021-04-16;20445.146;20445.146;0.0;20445.146;-0.0
2021-04-17;18465.192;18465.192;0.0;18465.192;-0.0
2021-04-18;15465.837;15465.837;0.0;15465.837;-0.0
2021-04-19;12103.739;12103.739;0.0;12103.739;-0.0
2021-04-20;18186.53;18186.53;0.0;18186.53;-0.0
2021-04-21;17612.291;17612.291;0.0;17612.291;-0.0
2021-04-22;16500.871;16500.871;0.0;16500.871;-0.0
2021-04-23;17657.232;17657.232;0.0;17657.232;-0.0
2021-04-24;19391.021;19391.021;0.0;19391.021;-0.0
2021-04-25;14838.294;14838.294;0.0;14838.294;-0.0
2021-04-26;20641.857;20641.857;0.0;20641.857;-0.0
2021-04-27;18559.734;18559.734;0.0;18559.734;-0.0
2021-04-28;21127.765;21127.765;0.0;21127.765;-0.0
2021-04-29;19346.58;19346.58;0.0;19346.58;-0.0
2021-04-30;17817.523;17817.523;0.0;17817.523;0.0
2021-05-01;8418.716;8418.716;0.0;8418.716;-0.0
2021-05-02;16120.335;16120.335;0.0;16120.335;-0.0
2021-05-03;20738.776;20738.776;0.0;20738.776;-0.0
2021-05-04;20127.78;20127.78;0.0;20127.78;-0.0
2021-05-05;18159.538;18159.538;0.0;18159.538;-0.0
2021-05-06;17335.72;17335.72;0.0;17335.72;-0.0
2021-05-07;18820.799;18820.799;0.0;18820.799;-0.0
2021-05-08;18303.729;18303.729;0.0;18303.729;-0.0
2021-05-09;17482.569;17482.569;0.0;17482.569;-0.0
2021-05-10;19150.687;19150.687;0.0;19150.687;-0.0
2021-05-11;20246.095;20246.095;0.0;20246.095;-0.0
2021-05-12;18938.158;18938.158;0.0;18938.158;-0.0
2021-05-13;17254.635;17254.635;0.0;17254.635;-0.0
2021-05-14;17531.453;17531.453;0.0;17531.453;-0.0
2021-05-15;13562.509;13562.509;0.0;13562.509;-0.0
2021-05-16;13711.617;13711.617;0.0;13711.617;-0.0
2021-05-17;18223.561;18223.561;0.0;18223.561;-0.0
2021-05-18;18034.414;18034.414;0.0;18034.414;-0.0
2021-05-19;19510.113;19510.113;0.0;19510.113;-0.0
2021-05-20;21239.93;21239.93;0.0;21239.93;-0.0
2021-05-21;20751.075;20751.075;0.0;20751.075;-0.0
2021-05-22;17564.847;17564.847;0.0;17564.847;-0.0
2021-05-23;12444.611;12444.611;0.0;12444.611;-0.0
2021-05-24;21170.303;21170.303;0.0;21170.303;-0.0
2021-05-25;21273.649;21273.649;0.0;21273.649;-0.0
2021-05-26;18897.193;18897.193;0.0;18897.193;0.0
2021-05-27;21111.805;21111.805;0.0;21111.805;-0.0
2021-05-28;20366.423;20366.423;0.0;20366.423;-0.0
2021-05-29;18967.385;18967.385;0.0;18967.385;-0.0
2021-05-30;17927.552;17927.552;0.0;17927.552;-0.0
2021-05-31;19134.93;19134.93;0.0;19134.93;-0.0
2021-06-01;19314.826;19314.826;0.0;19314.826;-0.0
2021-06-02;19088.799;19088.799;0.0;19088.799;-0.0
2021-06-03;19533.463;19533.463;0.0;19533.463;-0.0
2021-06-04;20538.459;20538.459;0.0;20538.459;-0.0
2021-06-05;17990.296;17990.296;0.0;17990.296;-0.0
2021-06-06;15193.956;15193.956;0.0;15193.956;-0.0
2021-06-07;17729.107;17729.107;0.0;17729.107;-0.0
2021-06-08;17295.641;17295.641;0.0;17295.641;-0.0
2021-06-09;18391.275;18391.275;0.0;18391.275;-0.0
2021-06-10;18639.856;18639.856;0.0;18639.856;-0.0
2021-06-11;17719.598;17719.598;0.0;17719.598;-0.0
2021-06-12;19020.285;19020.285;0.0;19020.285;-0.0
2021-06-13;17567.118;17567.118;0.0;17567.118;-0.0
2021-06-14;19625.29;19625.29;0.0;19625.29;-0.0
2021-06-15;19298.389;19298.389;0.0;19298.389;-0.0
2021-06-16;19637.329;19637.329;0.0;19637.329;-0.0
2021-06-17;20311.583;20311.583;0.0;20311.583;-0.0
2021-06-18;19035.974;19035.974;0.0;19035.974;-0.0
2021-06-19;19676.49;19676.49;0.0;19676.49;-0.0
2021-06-20;20111.927;20111.927;0.0;20111.927;-0.0
2021-06-21;19337.193;19337.193;0.0;19337.193;-0.0
2021-06-22;20031.246;20031.246;0.0;20031.246;-0.0
2021-06-23;19145.402;19145.402;0.0;19145.402;-0.0
2021-06-24;19373.157;19373.157;0.0;19373.157;-0.0
2021-06-25;19957.32;19957.32;0.0;19957.32;-0.0
2021-06-26;21591.451;21591.451;0.0;21591.451;-0.0
2021-06-27;19172.211;19172.211;0.0;19172.211;-0.0
2021-06-28;21424.449;21424.449;0.0;21424.449;0.0
2021-06-29;20228.607;20228.607;0.0;20228.607;-0.0
2021-06-30;19934.227;19934.227;0.0;19934.227;-0.0
2021-07-01;19114.809;19114.809;0.0;19114.809;-0.0
2021-07-02;18640.736;18640.736;0.0;18640.736;-0.0
2021-07-03;19833.201;19833.201;0.0;19833.201;-0.0
2021-07-04;15575.953;15575.953;0.0;15575.953;-0.0
2021-07-05;21415.476;21415.476;0.0;21415.476;-0.0
2021-07-06;20742.632;20742.632;0.0;20742.632;-0.0
2021-07-07;20246.976;20246.976;0.0;20246.976;-0.0
2021-07-08;18788.567;18788.567;0.0;18788.567;-0.0
2021-07-09;19906.78;19906.78;0.0;19906.78;-0.0
2021-07-10;18877.27;18877.27;0.0;18877.27;-0.0
2021-07-11;14287.282;14287.282;0.0;14287.282;-0.0
2021-07-12;13570.103;13570.103;0.0;13570.103;-0.0
2021-07-13;20028.91;20028.91;0.0;20028.91;-0.0
2021-07-14;19800.68;19800.68;0.0;19800.68;-0.0
2021-07-15;20735.52;20735.52;0.0;20735.52;-0.0
2021-07-16;21421.776;21421.776;0.0;21421.776;-0.0
2021-07-17;20789.184;20789.184;0.0;20789.184;-0.0
2021-07-18;20642.479;20642.479;0.0;20642.479;-0.0
2021-07-19;22873.771;22873.771;0.0;22873.771;-0.0
2021-07-20;21700.179;21700.179;0.0;21700.179;-0.0
2021-07-21;19872.336;19872.336;0.0;19872.336;-0.0
2021-07-22;14980.233;14980.233;0.0;14980.233;-0.0
2021-07-23;13993.345;13993.345;0.0;13993.345;-0.0
2021-07-24;20532.27;20532.27;0.0;20532.27;-0.0
2021-07-25;15054.244;15054.244;0.0;15054.244;-0.0
2021-07-26;20288.611;20288.611;0.0;20288.611;-0.0
2021-07-27;21331.963;21331.963;0.0;21331.963;-0.0
2021-07-28;20463.362;20463.362;0.0;20463.362;-0.0
2021-07-29;21970.962;21970.962;0.0;21970.962;-0.0
2021-07-30;22360.714;22360.714;0.0;22360.714;-0.0
2021-07-31;17311.431;17311.431;0.0;17311.431;-0.0
2021-08-01;20679.446;20679.446;0.0;20679.446;-0.0
2021-08-02;23422.726;23422.726;0.0;23422.726;-0.0
2021-08-03;22651.547;22651.547;0.0;22651.547;-0.0
2021-08-04;22602.116;22602.116;0.0;22602.116;-0.0
2021-08-05;18596.12;18596.12;0.0;18596.12;-0.0
2021-08-06;13635.016;13635.016;0.0;13635.016;-0.0
2021-08-07;17086.368;17086.368;0.0;17086.368;-0.0
2021-08-08;16108.464;16108.464;0.0;16108.464;-0.0
2021-08-09;20623.126;20623.126;0.0;20623.126;-0.0
2021-08-10;22600.712;22600.712;0.0;22600.712;-0.0
2021-08-11;19430.284;19430.284;0.0;19430.284;-0.0
2021-08-12;21479.888;21479.888;0.0;21479.888;-0.0
2021-08-13;21050.423;21050.423;0.0;21050.423;-0.0
2021-08-14;17731.35;17731.35;0.0;17731.35;-0.0
2021-08-15;22191.012;22191.012;0.0;22191.012;-0.0
2021-08-16;19900.131;19900.131;0.0;19900.131;-0.0
2021-08-17;22239.966;22239.966;0.0;22239.966;-0.0
2021-08-18;18810.171;18810.171;0.0;18810.171;-0.0
2021-08-19;19678.892;19678.892;0.0;19678.892;-0.0
2021-08-20;19217.089;19217.089;0.0;19217.089;-0.0
2021-08-21;20172.862;20172.862;0.0;20172.862;0.0
2021-08-22;17445.41;17445.41;0.0;17445.41;-0.0
2021-08-23;23941.567;23941.567;0.0;23941.567;-0.0
2021-08-24;15881.726;15881.726;0.0;15881.726;-0.0
2021-08-25;16950.303;16950.303;0.0;16950.303;-0.0
2021-08-26;19821.819;19821.819;0.0;19821.819;-0.0
2021-08-27;21190.874;21190.874;0.0;21190.874;-0.0
2021-08-28;16751.462;16751.462;0.0;16751.462;-0.0
2021-08-29;20112.907;20112.907;0.0;20112.907;-0.0
2021-08-30;24703.98;24703.98;0.0;24703.98;-0.0
2021-08-31;22194.417;22194.417;0.0;22194.417;-0.0
2021-09-01;21243.27;21243.27;0.0;21243.27;-0.0
2021-09-02;25353.471;25353.471;0.0;25353.471;-0.0
2021-09-03;29688.56;29688.56;0.0;29688.56;-0.0
2021-09-04;20277.054;20277.054;0.0;20277.054;-0.0
2021-09-05;25056.627;25056.627;0.0;25056.627;-0.0
2021-09-06;27947.649;27947.649;0.0;27947.649;-0.0
2021-09-07;27581.147;27581.147;0.0;27581.147;-0.0
2021-09-08;26048.819;26048.819;0.0;26048.819;-0.0
2021-09-09;24110.007;24110.007;0.0;24110.007;-0.0
2021-09-10;25022.56;25022.56;0.0;25022.56;-0.0
2021-09-11;20294.366;20294.366;0.0;20294.366;-0.0
2021-09-12;28613.343;28613.343;0.0;28613.343;-0.0
2021-09-13;27460.558;27460.558;0.0;27460.558;-0.0
2021-09-14;27418.904;27418.904;0.0;27418.904;-0.0
2021-09-15;27853.632;27853.632;0.0;27853.632;-0.0
2021-09-16;27228.779;27228.779;0.0;27228.779;-0.0
2021-09-17;27282.457;27282.457;0.0;27282.457;-0.0
2021-09-18;28333.146;28333.146;0.0;28333.146;-0.0
2021-09-19;28613.746;28613.746;0.0;28613.746;-0.0
2021-09-20;24839.16;24839.16;0.0;24839.16;-0.0
2021-09-21;28514.354;28514.354;0.0;28514.354;-0.0
2021-09-22;27506.722;27506.722;0.0;27506.722;-0.0
2021-09-23;26312.185;26312.185;0.0;26312.185;-0.0
2021-09-24;26666.862;26666.862;0.0;26666.862;-0.0
2021-09-25;26024.534;26024.534;0.0;26024.534;-0.0
2021-09-26;26101.72;26101.72;0.0;26101.72;-0.0
2021-09-27;28017.802;28017.802;0.0;28017.802;-0.0
2021-09-28;28120.091;28120.091;0.0;28120.091;-0.0
2021-09-29;26963.769;26963.769;0.0;26963.769;-0.0
2021-09-30;27407.885;27407.885;0.0;27407.885;-0.0
2021-10-01;27956.257;27956.257;0.0;27956.257;-0.0
2021-10-02;26494.22;26494.221;0.0;26494.221;-0.0
2021-10-03;30266.982;30266.982;0.0;30266.982;-0.0
2021-10-04;27982.894;27982.894;0.0;27982.894;-0.0
2021-10-05;32172.622;32172.622;0.0;32172.622;0.0
2021-10-06;30973.928;30973.929;0.0;30973.929;-0.0
2021-10-07;29535.599;29535.599;0.0;29535.599;0.0
2021-10-08;30126.739;30126.738;0.0;30126.738;0.0
2021-10-09;25684.875;25684.875;0.0;25684.875;0.0
2021-10-10;19664.065;19664.065;0.0;19664.065;-0.0
2021-10-11;21549.89;21549.89;0.0;21549.89;0.0
2021-10-12;24646.722;24646.722;0.0;24646.722;-0.0
2021-10-13;24012.278;24012.278;0.0;24012.278;-0.0
2021-10-14;22756.275;22756.275;0.0;22756.275;-0.0
2021-10-15;26584.859;26584.859;0.0;26584.859;-0.0
2021-10-16;24808.748;24808.748;0.0;24808.748;-0.0
2021-10-17;23929.712;23929.712;0.0;23929.712;0.0
2021-10-18;23220.677;23220.677;0.0;23220.677;-0.0
2021-10-19;23166.126;23166.126;0.0;23166.126;-0.0
2021-10-20;22843.636;22843.636;0.0;22843.636;-0.0
2021-10-21;19670.022;19670.022;0.0;19670.022;0.0
2021-10-22;22795.99;22795.99;0.0;22795.99;-0.0
2021-10-23;22402.274;22402.274;0.0;22402.274;0.0
2021-10-24;18628.514;18628.514;0.0;18628.514;0.0
2021-10-25;30046.82;30046.82;0.0;30046.82;0.0
2021-10-26;27700.164;27700.164;0.0;27700.164;-0.0
2021-10-27;29618.015;29618.015;0.0;29618.015;0.0
2021-10-28;31603.429;31603.429;0.0;31603.429;-0.0
2021-10-29;29079.496;29079.496;0.0;29079.496;0.0
2021-10-30;30098.733;30098.733;0.0;30098.733;0.0
2021-10-31;17353.894;17353.894;0.0;17353.894;-0.0
2021-11-01;21011.639;21011.639;0.0;21011.639;-0.0
2021-11-02;22332.376;22332.376;0.0;22332.376;-0.0
2021-11-03;25989.853;25989.853;0.0;25989.853;-0.0
2021-11-04;22902.299;22902.299;0.0;22902.299;-0.0
2021-11-05;24162.473;24162.473;0.0;24162.473;-0.0
2021-11-06;24061.215;24061.215;0.0;24061.215;-0.0
2021-11-07;23355.1;23355.1;0.0;23355.1;-0.0
2021-11-08;23153.833;23153.833;0.0;23153.833;-0.0
2021-11-09;24094.363;24094.363;0.0;24094.363;-0.0
2021-11-10;25812.436;25812.436;0.0;25812.436;-0.0
2021-11-11;27686.899;27686.899;0.0;27686.899;-0.0
2021-11-12;30333.885;30333.885;0.0;30333.885;-0.0
2021-11-13;25958.703;25958.703;0.0;25958.703;-0.0
2021-11-14;22522.407;22522.407;0.0;22522.407;-0.0
2021-11-15;23185.088;23185.088;0.0;23185.088;-0.0
2021-11-16;28957.653;28957.653;0.0;28957.653;-0.0
2021-11-17;31107.752;31107.752;0.0;31107.752;-0.0
2021-11-18;26367.64;26367.64;0.0;26367.64;-0.0
2021-11-19;28662.455;28662.455;0.0;28662.455;-0.0
2021-11-20;25842.78;25842.78;0.0;25842.78;-0.0
2021-11-21;25585.239;25585.239;0.0;25585.239;-0.0
2021-11-22;29929.502;29929.502;0.0;29929.502;-0.0
2021-11-23;27236.532;27236.532;0.0;27236.532;-0.0
2021-11-24;32180.905;32180.905;0.0;32180.905;-0.0
2021-11-25;31321.239;31321.239;0.0;31321.239;-0.0
2021-11-26;31001.868;31001.868;0.0;31001.868;-0.0
2021-11-27;26128.406;26128.406;0.0;26128.406;-0.0
2021-11-28;22948.635;22948.635;0.0;22948.635;-0.0
2021-11-29;23345.898;23345.898;0.0;23345.898;-0.0
2021-11-30;26577.037;26577.037;0.0;26577.037;-0.0
2021-12-01;29069.078;29069.078;0.0;29069.078;0.0
2021-12-02;26151.852;26151.852;0.0;26151.852;-0.0
2021-12-03;24641.042;24641.042;0.0;24641.042;-0.0
2021-12-04;23852.612;23852.612;0.0;23852.612;-0.0
2021-12-05;29044.032;29044.032;0.0;29044.032;-0.0
2021-12-06;27641.631;27641.631;0.0;27641.631;-0.0
2021-12-07;26429.33;26429.33;0.0;26429.33;-0.0
2021-12-08;23294.231;23294.231;0.0;23294.231;-0.0
2021-12-09;26887.683;26887.683;0.0;26887.683;-0.0
2021-12-10;25382.149;25382.149;0.0;25382.149;-0.0
2021-12-11;24965.718;24965.718;0.0;24965.718;0.0
2021-12-12;25298.906;25298.906;0.0;25298.906;-0.0
2021-12-13;27528.527;27528.527;0.0;27528.527;-0.0
2021-12-14;27842.544;27842.544;0.0;27842.544;-0.0
2021-12-15;26113.984;26113.984;0.0;26113.984;-0.0
2021-12-16;29187.949;29187.949;0.0;29187.949;-0.0
2021-12-17;29676.152;29676.152;0.0;29676.152;-0.0
2021-12-18;23836.405;23836.405;0.0;23836.405;-0.0
2021-12-19;22214.795;22214.795;0.0;22214.795;-0.0
2021-12-20;24260.074;24260.074;0.0;24260.074;-0.0
2021-12-21;21546.211;21546.211;0.0;21546.211;-0.0
2021-12-22;25829.616;25829.616;0.0;25829.616;-0.0
2021-12-23;21368.953;21368.953;0.0;21368.953;-0.0
2021-12-24;19927.807;19927.807;0.0;19927.807;-0.0
2021-12-25;18914.259;18914.259;0.0;18914.259;-0.0
2021-12-26;20601.12;20601.12;0.0;20601.12;-0.0
2021-12-27;21012.107;21012.107;0.0;21012.107;-0.0
2021-12-28;22020.556;22020.556;0.0;22020.556;-0.0
2021-12-29;23683.373;23683.373;0.0;23683.373;-0.0
2021-12-30;26134.924;26134.924;0.0;26134.924;-0.0
2021-12-31;19334.811;19334.811;0.0;19334.811;-0.0
2022-01-01;24599.926;24599.926;0.0;24599.926;-0.0
2022-01-02;20829.268;20829.268;0.0;20829.268;-0.0
2022-01-03;21680.99;21680.99;0.0;21680.99;-0.0
2022-01-04;22550.591;22550.591;0.0;22550.591;-0.0
2022-01-05;26571.764;26571.764;0.0;26571.764;-0.0
2022-01-06;23410.85;23410.85;0.0;23410.85;-0.0
2022-01-07;24228.734;24228.734;0.0;24228.734;-0.0
2022-01-08;23284.29;23284.29;0.0;23284.29;-0.0
2022-01-09;23603.771;23603.771;0.0;23603.771;-0.0
2022-01-10;23968.352;23968.352;0.0;23968.352;-0.0
2022-01-11;27360.153;27360.153;0.0;27360.153;-0.0
2022-01-12;25832.373;25832.373;0.0;25832.373;-0.0
2022-01-13;28912.945;28912.945;0.0;28912.945;-0.0
2022-01-14;32985.499;32985.499;0.0;32985.499;-0.0
2022-01-15;27285.964;27285.964;0.0;27285.964;-0.0
2022-01-16;29375.403;29375.403;0.0;29375.403;-0.0
2022-01-17;27566.073;27566.073;0.0;27566.073;-0.0
2022-01-18;26853.657;26853.657;0.0;26853.657;-0.0
2022-01-19;32203.914;32203.914;0.0;32203.914;-0.0
2022-01-20;28675.808;28675.808;0.0;28675.808;-0.0
2022-01-21;30591.961;30591.961;0.0;30591.961;-0.0
2022-01-22;31479.747;31479.747;0.0;31479.747;-0.0
2022-01-23;28007.892;28007.892;0.0;28007.892;-0.0
2022-01-24;30148.938;30148.938;0.0;30148.938;-0.0
2022-01-25;28265.927;28265.927;0.0;28265.927;-0.0
2022-01-26;23825.442;23825.442;0.0;23825.442;-0.0
2022-01-27;23316.429;23316.429;0.0;23316.429;-0.0
2022-01-28;23962.733;23962.733;0.0;23962.733;-0.0
2022-01-29;21911.249;21911.249;0.0;21911.249;-0.0
2022-01-30;28306.709;28306.709;0.0;28306.709;-0.0
2022-01-31;26896.398;26896.398;0.0;26896.398;-0.0
2022-02-01;31279.392;31279.392;0.0;31279.392;-0.0
2022-02-02;30038.081;30038.081;0.0;30038.081;-0.0
2022-02-03;33280.354;33280.354;0.0;33280.354;-0.0
2022-02-04;31396.009;31396.009;0.0;31396.009;-0.0
2022-02-05;29714.262;29714.262;0.0;29714.262;-0.0
2022-02-06;23452.023;23452.023;0.0;23452.023;-0.0
2022-02-07;27048.08;27048.08;0.0;27048.08;-0.0
2022-02-08;28314.734;28314.734;0.0;28314.734;-0.0
2022-02-09;28648.898;28648.898;0.0;28648.898;-0.0
2022-02-10;26938.419;26938.419;0.0;26938.419;-0.0
2022-02-11;27053.608;27053.608;0.0;27053.608;-0.0
2022-02-12;24688.902;24688.902;0.0;24688.902;-0.0
2022-02-13;21020.462;21020.462;0.0;21020.462;-0.0
2022-02-14;27769.649;27769.649;0.0;27769.649;-0.0
2022-02-15;30129.067;30129.067;0.0;30129.067;0.0
2022-02-16;29067.372;29067.372;0.0;29067.372;-0.0
2022-02-17;28255.385;28255.385;0.0;28255.385;-0.0
2022-02-18;24171.361;24171.361;0.0;24171.361;-0.0
2022-02-19;25080.362;25080.362;0.0;25080.362;-0.0
2022-02-20;22677.969;22677.969;0.0;22677.969;-0.0
2022-02-21;29854.03;29854.03;0.0;29854.03;-0.0
2022-02-22;31788.363;31788.363;0.0;31788.363;-0.0
2022-02-23;33560.241;33560.241;0.0;33560.241;-0.0
2022-02-24;33441.785;33441.785;0.0;33441.785;-0.0
2022-02-25;30598.664;30598.664;0.0;30598.664;-0.0
2022-02-26;30342.928;30342.928;0.0;30342.928;-0.0
2022-02-27;30235.091;30235.091;0.0;30235.091;-0.0
2022-02-28;29718.512;29718.512;0.0;29718.512;-0.0
2022-03-01;28780.973;28780.973;0.0;28780.973;-0.0
2022-03-02;25949.158;25949.158;0.0;25949.158;-0.0
2022-03-03;29124.848;29124.848;0.0;29124.848;-0.0
2022-03-04;30567.537;30567.537;0.0;30567.537;-0.0
2022-03-05;25209.458;25209.458;0.0;25209.458;-0.0
2022-03-06;23814.974;23814.974;0.0;23814.974;-0.0
2022-03-07;29453.961;29453.961;0.0;29453.961;-0.0
2022-03-08;29913.81;29913.81;0.0;29913.81;-0.0
2022-03-09;31137.24;31137.24;0.0;31137.24;-0.0
2022-03-10;31693.022;31693.022;0.0;31693.022;-0.0
2022-03-11;27263.873;27263.873;0.0;27263.873;-0.0
2022-03-12;25739.45;25739.45;0.0;25739.45;-0.0
2022-03-13;26898.944;26898.944;0.0;26898.944;-0.0
2022-03-14;27595.287;27595.287;0.0;27595.287;-0.0
2022-03-15;26310.587;26310.587;0.0;26310.587;-0.0
2022-03-16;20947.307;20947.307;0.0;20947.307;-0.0
2022-03-17;26690.593;26690.593;0.0;26690.593;-0.0
2022-03-18;32105.444;32105.444;0.0;32105.444;-0.0
2022-03-19;30020.202;30020.202;0.0;30020.202;-0.0
2022-03-20;30345.486;30345.486;0.0;30345.486;-0.0
2022-03-21;30464.272;30464.272;0.0;30464.272;-0.0
2022-03-22;29934.318;29934.318;0.0;29934.318;-0.0
2022-03-23;30527.489;30527.489;0.0;30527.489;-0.0
2022-03-24;29108.625;29108.625;0.0;29108.625;-0.0
2022-03-25;30521.919;30521.919;0.0;30521.919;-0.0
2022-03-26;30840.513;30840.513;0.0;30840.513;-0.0
2022-03-27;27683.871;27683.871;0.0;27683.871;-0.0
2022-03-28;25991.634;25991.634;0.0;25991.634;-0.0
2022-03-29;30703.406;30703.406;0.0;30703.406;-0.0
2022-03-30;32479.219;32479.219;0.0;32479.219;-0.0
2022-03-31;29505.229;29505.229;0.0;29505.229;-0.0
2022-04-01;26702.167;26264.275;0.0;26264.275;437.892
2022-04-02;29430.931;30345.023;0.0;30345.023;-914.092
2022-04-03;23701.779;23472.196;0.0;23472.196;229.583
2022-04-04;21885.528;21700.805;0.0;21700.805;184.723
2022-04-05;30614.06;30572.316;0.0;30572.316;41.744
2022-04-06;31489.025;30943.21;0.0;30943.21;545.815
2022-04-07;31853.886;31350.09;0.0;31350.09;503.796
2022-04-08;29218.79;29777.385;0.0;29777.385;-558.595
2022-04-09;31375.502;32618.855;0.0;32618.855;-1243.353
2022-04-10;30445.985;30550.441;0.0;30550.441;-104.456
2022-04-11;26747.184;26716.836;0.0;26716.836;30.348
2022-04-12;28031.678;28775.154;0.0;28775.154;-743.476
2022-04-13;28412.21;28731.154;0.0;28731.154;-318.944
2022-04-14;28429.802;29015.682;0.0;29015.682;-585.88
2022-04-15;30270.7;30684.019;0.0;30684.019;-413.319
2022-04-16;24933.629;24839.479;0.0;24839.479;94.15
2022-04-17;25713.007;25605.904;0.0;25605.904;107.103
2022-04-18;26422.287;26709.29;0.0;26709.29;-287.003
2022-04-19;30253.626;30183.609;0.0;30183.609;70.017
2022-04-20;32470.139;32127.885;0.0;32127.885;342.254
2022-04-21;30239.46;29756.017;0.0;29756.017;483.443
2022-04-22;29257.222;30445.282;0.0;30445.282;-1188.06
2022-04-23;26855.593;27133.003;0.0;27133.003;-277.41
2022-04-24;29619.588;29661.473;0.0;29661.473;-41.885
2022-04-25;31774.974;32194.256;0.0;32194.256;-419.282
2022-04-26;31395.065;31434.073;0.0;31434.073;-39.008
2022-04-27;31796.657;31969.855;0.0;31969.855;-173.198
2022-04-28;29458.588;29459.841;0.0;29459.841;-1.253
2022-04-29;30839.285;30766.996;0.0;30766.996;72.289
2022-04-30;30255.464;30077.026;0.0;30077.026;178.438
2022-05-01;16336.127;16336.127;0.0;16336.127;-0.0
2022-05-02;30314.994;30314.994;0.0;30314.994;-0.0
2022-05-03;29777.016;29777.016;0.0;29777.016;-0.0
2022-05-04;26758.726;26758.726;0.0;26758.726;-0.0
2022-05-05;26756.97;26756.97;0.0;26756.97;-0.0
2022-05-06;28411.708;28411.708;0.0;28411.708;-0.0
2022-05-07;30775.043;30775.043;0.0;30775.043;-0.0
2022-05-08;29818.796;29818.796;0.0;29818.796;-0.0
2022-05-09;27579.47;27579.47;0.0;27579.47;-0.0
2022-05-10;27209.044;27209.044;0.0;27209.044;-0.0
2022-05-11;24745.831;24745.831;0.0;24745.831;-0.0
2022-05-12;27931.994;27931.994;0.0;27931.994;-0.0
2022-05-13;27756.289;27756.289;0.0;27756.289;-0.0
2022-05-14;28609.982;28609.982;0.0;28609.982;-0.0
2022-05-15;24858.248;24858.248;0.0;24858.248;-0.0
2022-05-16;24929.452;24929.452;0.0;24929.452;-0.0
2022-05-17;26364.389;26364.389;0.0;26364.389;-0.0
2022-05-18;26959.053;26959.053;0.0;26959.053;-0.0
2022-05-19;30013.152;30013.152;0.0;30013.152;-0.0
2022-05-20;26967.641;26967.641;0.0;26967.641;-0.0
2022-05-21;26470.915;26470.915;0.0;26470.915;-0.0
2022-05-22;27485.596;27485.596;0.0;27485.596;-0.0
2022-05-23;27549.93;27549.93;0.0;27549.93;-0.0
2022-05-24;26406.109;26406.109;0.0;26406.109;-0.0
2022-05-25;25158.86;25158.86;0.0;25158.86;-0.0
2022-05-26;24925.502;24925.502;0.0;24925.502;-0.0
2022-05-27;28661.471;28661.471;0.0;28661.471;-0.0
2022-05-28;28140.47;28140.47;0.0;28140.47;-0.0
2022-05-29;29401.794;29401.794;0.0;29401.794;-0.0
2022-05-30;28443.175;28443.175;0.0;28443.175;-0.0
2022-05-31;25108.314;25108.314;0.0;25108.314;0.0
2022-06-01;25944.576;25944.575;0.0;25944.575;0.001
2022-06-02;25572.914;25572.914;0.0;25572.914;0.0
2022-06-03;25509.493;25509.493;0.0;25509.493;0.0
2022-06-04;27588.34;27588.34;0.0;27588.34;-0.0
2022-06-05;23412.748;23412.748;0.0;23412.748;-0.0
2022-06-06;29595.162;29595.162;0.0;29595.162;0.0
2022-06-07;30287.518;30287.518;0.0;30287.518;-0.0
2022-06-08;27896.163;27896.163;0.0;27896.163;-0.0
2022-06-09;26948.46;26948.46;0.0;26948.46;-0.0
2022-06-10;27226.804;27226.804;0.0;27226.804;0.0
2022-06-11;25688.081;25688.081;0.0;25688.081;-0.0
2022-06-12;26544.009;26544.009;0.0;26544.009;-0.0
2022-06-13;27876.002;27876.002;0.0;27876.002;-0.0
2022-06-14;29279.492;29279.492;0.0;29279.492;0.0
2022-06-15;25174.979;25174.979;0.0;25174.979;0.0
2022-06-16;29094.124;29094.124;0.0;29094.124;0.0
2022-06-17;28983.286;28983.286;0.0;28983.286;0.0
2022-06-18;29554.507;29554.507;0.0;29554.507;0.0
2022-06-19;29982.159;29982.159;0.0;29982.159;-0.0
2022-06-20;27406.742;27406.742;0.0;27406.742;0.0
2022-06-21;25908.969;25908.969;0.0;25908.969;-0.0
2022-06-22;24177.877;24177.877;0.0;24177.877;-0.0
2022-06-23;26094.74;26094.74;0.0;26094.74;0.0
2022-06-24;24712.557;24712.557;0.0;24712.557;-0.0
2022-06-25;30519.531;30519.531;0.0;30519.531;0.0
2022-06-26;28131.734;28131.734;0.0;28131.734;-0.0
2022-06-27;30644.177;30644.177;0.0;30644.177;0.0
2022-06-28;29150.83;29150.83;0.0;29150.83;-0.0
2022-06-29;28594.261;28594.261;0.0;28594.261;0.0
2022-06-30;31149.375;31149.375;0.0;31149.375;0.0
2022-07-01;28237.313;28237.313;0.0;28237.313;-0.0
2022-07-02;27139.277;27139.277;0.0;27139.277;-0.0
2022-07-03;21647.84;21647.84;0.0;21647.84;-0.0
2022-07-04;27357.468;27357.468;0.0;27357.468;-0.0
2022-07-05;28014.182;28014.182;0.0;28014.182;0.0
2022-07-06;30167.393;30114.499;0.0;30114.499;52.894
2022-07-07;26696.986;26696.986;0.0;26696.986;-0.0
2022-07-08;31042.145;31042.145;0.0;31042.145;-0.0
2022-07-09;30161.466;30161.466;0.0;30161.466;-0.0
2022-07-10;24646.543;24646.543;0.0;24646.543;0.0
2022-07-11;30766.871;30766.871;0.0;30766.871;0.0
2022-07-12;32178.603;32178.603;0.0;32178.603;0.0
2022-07-13;28765.179;28765.179;0.0;28765.179;0.0
2022-07-14;31313.265;31313.265;0.0;31313.265;-0.0
2022-07-15;31016.467;31016.467;0.0;31016.467;-0.0
2022-07-16;32481.614;32481.614;0.0;32481.614;-0.0
2022-07-17;29395.765;29395.765;0.0;29395.765;0.0
2022-07-18;31922.434;31922.434;0.0;31922.434;0.0
2022-07-19;30267.818;30267.818;0.0;30267.818;-0.0
2022-07-20;34490.821;34490.821;0.0;34490.821;-0.0
2022-07-21;30288.079;30288.079;0.0;30288.079;-0.0
2022-07-22;31086.236;31086.182;0.0;31086.182;0.054
2022-07-23;35223.187;35223.133;0.0;35223.133;0.054
2022-07-24;28234.129;28234.129;0.0;28234.129;-0.0
2022-07-25;35571.844;35571.844;0.0;35571.844;-0.0
2022-07-26;34258.757;34258.757;0.0;34258.757;0.0
2022-07-27;35350.208;35350.208;0.0;35350.208;0.0
2022-07-28;36291.283;36289.563;0.0;36289.563;1.72
2022-07-29;35263.879;35215.958;0.0;35215.958;47.921
2022-07-30;32586.267;32552.823;0.0;32552.823;33.444
2022-07-31;33000.034;32964.87;0.0;32964.87;35.164
2022-08-01;34066.378;34069.268;0.0;34069.268;-2.89
2022-08-02;29934.065;29928.926;0.0;29928.926;5.139
2022-08-03;29505.637;29501.618;0.0;29501.618;4.019
2022-08-04;26997.099;26992.791;0.0;26992.791;4.308
2022-08-05;31781.386;31779.266;0.0;31779.266;2.12
2022-08-06;34203.566;34204.838;0.0;34204.838;-1.272
2022-08-07;32860.395;32859.003;0.0;32859.003;1.392
2022-08-08;33615.545;33613.625;0.0;33613.625;1.92
2022-08-09;34018.067;34020.692;0.0;34020.692;-2.625
2022-08-10;36616.548;36617.242;0.0;36617.242;-0.694
2022-08-11;35005.718;35004.866;0.0;35004.866;0.852
2022-08-12;35364.204;35366.568;0.0;35366.568;-2.364
2022-08-13;32602.132;32606.764;0.0;32606.764;-4.632
2022-08-14;35887.213;35886.823;0.0;35886.823;0.39
2022-08-15;37494.947;37502.222;0.0;37502.222;-7.275
2022-08-16;37810.856;37813.68;0.0;37813.68;-2.824
2022-08-17;35300.154;35295.928;0.0;35295.928;4.226
2022-08-18;36264.023;36264.238;0.0;36264.238;-0.215
2022-08-19;40494.146;40497.385;0.0;40497.385;-3.239
2022-08-20;36378.295;36387.984;0.0;36387.984;-9.689
2022-08-21;35161.228;35227.195;0.0;35227.195;-65.967
2022-08-22;37974.712;38038.698;0.0;38038.698;-63.986
2022-08-23;35846.702;35902.173;0.0;35902.173;-55.471
2022-08-24;35791.733;35869.298;0.0;35869.298;-77.565
2022-08-25;35073.121;35144.947;0.0;35144.947;-71.826
2022-08-26;37983.179;38043.322;0.0;38043.322;-60.143
2022-08-27;40490.944;40544.552;0.0;40544.552;-53.608
2022-08-28;36606.734;36646.808;0.0;36646.808;-40.074
2022-08-29;41410.878;41455.531;0.0;41455.531;-44.653
2022-08-30;38617.446;38676.078;0.0;38676.078;-58.632
2022-08-31;39404.892;39434.333;0.0;39434.333;-29.441
2022-09-01;42451.496;42483.601;0.0;42483.601;-32.105
2022-09-02;41414.593;41452.585;0.0;41452.585;-37.992
2022-09-03;39942.544;39985.787;0.0;39985.787;-43.243
2022-09-04;39949.154;39968.343;0.0;39968.343;-19.189
2022-09-05;42324.764;42407.179;0.0;42407.179;-82.415
2022-09-06;39431.058;39553.142;0.0;39553.142;-122.084
2022-09-07;40905.357;41063.015;0.0;41063.015;-157.658
2022-09-08;41726.592;41894.847;0.0;41894.847;-168.255
2022-09-09;42878.501;43064.995;0.0;43064.995;-186.494
2022-09-10;42917.844;43064.126;0.0;43064.126;-146.282
2022-09-11;41156.119;41297.594;0.0;41297.594;-141.475
2022-09-12;42362.322;42501.942;0.0;42501.942;-139.62
2022-09-13;44553.687;44673.65;0.0;44673.65;-119.963
2022-09-14;40985.26;41134.552;0.0;41134.552;-149.292
2022-09-15;40286.985;40416.179;0.0;40416.179;-129.194
2022-09-16;40141.029;40263.634;0.0;40263.634;-122.605
2022-09-17;41857.914;42000.062;0.0;42000.062;-142.148
2022-09-18;39394.448;39519.978;0.0;39519.978;-125.53
2022-09-19;38186.569;38326.179;0.0;38326.179;-139.61
2022-09-20;38869.452;39007.317;0.0;39007.317;-137.865
2022-09-21;33292.444;33437.452;0.0;33437.452;-145.008
2022-09-22;32265.8;32367.108;0.0;32367.108;-101.308
2022-09-23;38465.72;38582.087;0.0;38582.087;-116.367
2022-09-24;32645.16;32760.592;0.0;32760.592;-115.432
2022-09-25;38510.368;38630.248;0.0;38630.248;-119.88
2022-09-26;41091.248;41188.925;0.0;41188.925;-97.677
2022-09-27;41348.108;41478.322;0.0;41478.322;-130.214
2022-09-28;43445.605;43584.53;0.0;43584.53;-138.925
2022-09-29;45274.048;45403.728;0.0;45403.728;-129.68
2022-09-30;41090.419;41290.671;0.0;41290.671;-200.252
2022-10-01;48315.984;47854.404;0.0;47854.404;461.58
2022-10-02;45954.563;45501.164;0.0;45501.164;453.399
2022-10-03;42690.33;42182.346;0.0;42182.346;507.984
2022-10-04;42049.245;41573.221;0.0;41573.221;476.024
2022-10-05;41620.565;41160.689;0.0;41160.689;459.876
2022-10-06;43374.634;43027.292;0.0;43027.292;347.342
2022-10-07;38592.072;38245.21;0.0;38245.21;346.862
2022-10-08;42442.322;41999.32;0.0;41999.32;443.002
2022-10-09;39161.584;38797.173;0.0;38797.173;364.411
2022-10-10;40017.599;39667.355;0.0;39667.355;350.244
2022-10-11;46233.673;45876.775;0.0;45876.775;356.898
2022-10-12;46412.504;45990.272;0.0;45990.272;422.232
2022-10-13;49280.506;48833.522;0.0;48833.522;446.984
2022-10-14;50976.8;50545.319;0.0;50545.319;431.481
2022-10-15;50712.113;50280.997;0.0;50280.997;431.116
2022-10-16;43011.868;42644.947;0.0;42644.947;366.921
2022-10-17;49251.782;48812.641;0.0;48812.641;439.141
2022-10-18;47196.176;46821.552;0.0;46821.552;374.624
2022-10-19;46699.029;46285.507;0.0;46285.507;413.522
2022-10-20;47666.113;47182.843;0.0;47182.843;483.27
2022-10-21;46639.095;46180.995;0.0;46180.995;458.1
2022-10-22;40270.112;39808.716;0.0;39808.716;461.396
2022-10-23;29011.61;28581.007;0.0;28581.007;430.603
2022-10-24;31769.724;31349.591;0.0;31349.591;420.133
2022-10-25;35819.208;35414.217;0.0;35414.217;404.991
2022-10-26;38319.116;37923.062;0.0;37923.062;396.054
2022-10-27;41383.477;40978.758;0.0;40978.758;404.719
2022-10-28;46572.78;46058.586;0.0;46058.586;514.194
2022-10-29;45116.629;44628.846;0.0;44628.846;487.783
2022-10-30;40025.797;39515.834;0.0;39515.834;509.963
2022-10-31;41309.727;40738.152;0.0;40738.152;571.575
2022-11-01;37838.41;37305.285;0.0;37305.285;533.125
2022-11-02;32961.446;32486.349;0.0;32486.349;475.097
2022-11-03;31493.572;31021.961;0.0;31021.961;471.611
2022-11-04;24396.635;24150.038;0.0;24150.038;246.597
2022-11-05;36517.549;35863.122;0.0;35863.122;654.427
2022-11-06;34437.992;34059.364;0.0;34059.364;378.628
2022-11-07;42040.264;41670.102;0.0;41670.102;370.162
2022-11-08;42045.178;42045.179;0.0;42045.179;-0.001
2022-11-09;41111.439;41111.439;0.0;41111.439;0.0
2022-11-10;41467.463;40681.053;0.0;40681.053;786.41
2022-11-11;39427.443;38746.047;0.0;38746.047;681.396
2022-11-12;38151.616;37442.947;0.0;37442.947;708.669
2022-11-13;43054.26;42342.457;0.0;42342.457;711.803
2022-11-14;35782.02;35098.645;0.0;35098.645;683.375
2022-11-15;42827.011;42134.47;0.0;42134.47;692.541
2022-11-16;36701.592;35852.808;0.0;35852.808;848.784
2022-11-17;42889.15;41996.16;0.0;41996.16;892.99
2022-11-18;45547.203;44822.885;0.0;44822.885;724.318
2022-11-19;41010.801;40669.47;0.0;40669.47;341.331
2022-11-20;42389.674;41538.256;0.0;41538.256;851.418
2022-11-21;49951.171;49125.986;0.0;49125.986;825.185
2022-11-22;48133.038;47282.555;0.0;47282.555;850.483
2022-11-23;40576.254;39891.146;0.0;39891.146;685.108
2022-11-24;40367.66;39548.742;0.0;39548.742;818.918
2022-11-25;34184.164;34184.164;0.0;34184.164;0.0
2022-11-26;40113.016;40113.016;0.0;40113.016;0.0
2022-11-27;39013.696;39013.696;0.0;39013.696;0.0
2022-11-28;34756.651;34756.651;0.0;34756.651;0.0
2022-11-29;35330.123;35330.123;0.0;35330.123;-0.0
2022-11-30;35601.938;35601.938;0.0;35601.938;-0.0
2022-12-01;38215.741;38215.741;0.0;38215.741;-0.0
2022-12-02;38093.028;38093.028;0.0;38093.028;0.0
2022-12-03;37328.615;37328.615;0.0;37328.615;0.0
2022-12-04;36912.809;36912.809;0.0;36912.809;0.0
2022-12-05;43548.445;43548.445;0.0;43548.445;-0.0
2022-12-06;41428.689;41428.689;0.0;41428.689;-0.0
2022-12-07;46944.622;46944.622;0.0;46944.622;-0.0
2022-12-08;46609.632;46609.632;0.0;46609.632;-0.0
2022-12-09;42172.261;42172.261;0.0;42172.261;-0.0
2022-12-10;42866.314;42866.314;0.0;42866.314;-0.0
2022-12-11;47775.761;47775.761;0.0;47775.761;-0.0
2022-12-12;41731.504;41731.504;0.0;41731.504;0.0
2022-12-13;42189.642;42189.642;0.0;42189.642;0.0
2022-12-14;39444.081;39444.081;0.0;39444.081;0.0
2022-12-15;34039.289;34039.289;0.0;34039.289;0.0
2022-12-16;39744.591;39744.591;0.0;39744.591;0.0
2022-12-17;33534.56;33534.56;0.0;33534.56;-0.0
2022-12-18;41366.629;41366.63;0.0;41366.63;-0.001
2022-12-19;38933.946;38933.946;0.0;38933.946;0.0
2022-12-20;45677.08;45677.08;0.0;45677.08;-0.0
2022-12-21;39730.841;39730.841;0.0;39730.841;-0.0
2022-12-22;36623.391;36623.391;0.0;36623.391;0.0
2022-12-23;32105.165;32105.165;0.0;32105.165;-0.0
2022-12-24;33233.882;33233.882;0.0;33233.882;0.0
2022-12-25;31925.974;31925.974;0.0;31925.974;0.0
2022-12-26;40056.065;40056.065;0.0;40056.065;0.0
2022-12-27;42527.834;42527.834;0.0;42527.834;-0.0
2022-12-28;51914.879;51914.879;0.0;51914.879;0.0
2022-12-29;48663.582;48663.581;0.0;48663.581;0.001
2022-12-30;48206.442;48206.442;0.0;48206.442;0.0
2022-12-31;49251.533;49251.533;0.0;49251.533;-0.0
2023-01-01;45694.46;45694.46;0.0;45694.46;0.0
2023-01-02;45701.478;45701.478;0.0;45701.478;0.0
2023-01-03;35332.391;35332.391;0.0;35332.391;0.0
2023-01-04;38270.304;38270.304;0.0;38270.304;0.0
2023-01-05;37844.049;37844.049;0.0;37844.049;0.0
2023-01-06;37687.258;37687.258;0.0;37687.258;0.0
2023-01-07;42411.945;42411.945;0.0;42411.945;0.0
2023-01-08;43222.525;43222.525;0.0;43222.525;0.0
2023-01-09;46514.329;46514.329;0.0;46514.329;-0.0
2023-01-10;44607.082;44607.082;0.0;44607.082;0.0
2023-01-11;44374.934;44374.934;0.0;44374.934;0.0
2023-01-12;46885.281;46885.281;0.0;46885.281;0.0
2023-01-13;47442.992;47442.992;0.0;47442.992;0.0
2023-01-14;45977.569;45977.569;0.0;45977.569;0.0
2023-01-15;47909.978;47909.978;0.0;47909.978;0.0
2023-01-16;46156.815;46156.815;0.0;46156.815;0.0
2023-01-17;48634.096;48634.096;0.0;48634.096;-0.0
2023-01-18;48078.315;48078.315;0.0;48078.315;-0.0
2023-01-19;39395.26;39395.26;0.0;39395.26;-0.0
2023-01-20;36361.786;36361.786;0.0;36361.786;-0.0
2023-01-21;38206.044;38206.044;0.0;38206.044;-0.0
2023-01-22;37078.335;37078.335;0.0;37078.335;-0.0
2023-01-23;41287.054;41287.054;0.0;41287.054;0.0
2023-01-24;44981.859;44981.859;0.0;44981.859;-0.0
2023-01-25;45534.845;45534.844;0.0;45534.844;0.001
2023-01-26;39704.906;39704.906;0.0;39704.906;-0.0
2023-01-27;49503.335;49503.335;0.0;49503.335;0.0
2023-01-28;42128.69;42128.69;0.0;42128.69;0.0
2023-01-29;48876.474;48876.474;0.0;48876.474;0.0
2023-01-30;48061.638;48061.638;0.0;48061.638;-0.0
2023-01-31;51670.829;51670.829;0.0;51670.829;-0.0
2023-02-01;48769.151;48769.151;0.0;48769.151;0.0
2023-02-02;48114.492;48114.492;0.0;48114.492;0.0
2023-02-03;45224.177;45224.177;0.0;45224.177;-0.0
2023-02-04;52234.14;52234.14;0.0;52234.14;0.0
2023-02-05;50384.891;50384.891;0.0;50384.891;-0.0
2023-02-06;46298.34;46298.34;0.0;46298.34;0.0
2023-02-07;49244.435;49244.435;0.0;49244.435;0.0
2023-02-08;50967.751;50967.751;0.0;50967.751;0.0
2023-02-09;52773.488;52773.488;0.0;52773.488;-0.0
2023-02-10;52549.097;52549.097;0.0;52549.097;0.0
2023-02-11;53819.424;53819.424;0.0;53819.424;-0.0
2023-02-12;56138.67;56138.67;0.0;56138.67;0.0
2023-02-13;51592.357;51592.357;0.0;51592.357;-0.0
2023-02-14;52389.021;52389.021;0.0;52389.021;-0.0
2023-02-15;47262.679;47262.679;0.0;47262.679;-0.0
2023-02-16;41507.96;41507.96;0.0;41507.96;0.0
2023-02-17;41031.604;41031.604;0.0;41031.604;-0.0
2023-02-18;41867.472;41867.472;0.0;41867.472;0.0
2023-02-19;46494.065;46494.065;0.0;46494.065;0.0
2023-02-20;37816.954;37816.954;0.0;37816.954;0.0
2023-02-21;46803.694;46803.694;0.0;46803.694;-0.0
2023-02-22;48510.689;48510.689;0.0;48510.689;-0.0
2023-02-23;46490.677;46490.677;0.0;46490.677;0.0
2023-02-24;42690.448;42690.448;0.0;42690.448;-0.0
2023-02-25;49784.061;49784.061;0.0;49784.061;-0.0
2023-02-26;46793.483;46793.483;0.0;46793.483;-0.0
2023-02-27;51541.587;51541.587;0.0;51541.587;-0.0
2023-02-28;50135.766;50135.766;0.0;50135.766;-0.0
2023-03-01;48547.034;48547.034;0.0;48547.034;-0.0
2023-03-02;43954.516;43954.516;0.0;43954.516;0.0
2023-03-03;45307.839;45307.839;0.0;45307.839;-0.0
2023-03-04;40481.777;40481.777;0.0;40481.777;0.0
2023-03-05;41590.897;41590.897;0.0;41590.897;0.0
2023-03-06;47051.647;47051.647;0.0;47051.647;-0.0
2023-03-07;45413.233;45413.233;0.0;45413.233;-0.0
2023-03-08;45081.988;45081.988;0.0;45081.988;-0.0
2023-03-09;45625.903;45625.903;0.0;45625.903;-0.0
2023-03-10;47392.916;47392.916;0.0;47392.916;0.0
2023-03-11;42313.957;42313.957;0.0;42313.957;0.0
2023-03-12;46974.801;46974.801;0.0;46974.801;-0.0
2023-03-13;39057.707;39057.707;0.0;39057.707;-0.0
2023-03-14;32718.719;32718.719;0.0;32718.719;-0.0
2023-03-15;35209.067;35209.067;0.0;35209.067;-0.0
2023-03-16;41090.245;41090.245;0.0;41090.245;0.0
2023-03-17;43269.7;43269.7;0.0;43269.7;0.0
2023-03-18;35202.193;35202.193;0.0;35202.193;-0.0
2023-03-19;38473.406;38473.406;0.0;38473.406;-0.0
2023-03-20;38839.722;38839.722;0.0;38839.722;-0.0
2023-03-21;42375.416;42375.416;0.0;42375.416;0.0
2023-03-22;45942.577;45942.577;0.0;45942.577;0.0
2023-03-23;49933.173;49933.173;0.0;49933.173;-0.0
2023-03-24;54789.147;54789.147;0.0;54789.147;-0.0
2023-03-25;52053.832;52053.832;0.0;52053.832;0.0
2023-03-26;47853.209;47853.209;0.0;47853.209;-0.0
2023-03-27;46591.761;46591.761;0.0;46591.761;-0.0
2023-03-28;50710.878;50710.878;0.0;50710.878;0.0
2023-03-29;52559.548;52559.548;0.0;52559.548;-0.0
2023-03-30;52684.344;52684.344;0.0;52684.344;-0.0
2023-03-31;56791.062;56791.062;0.0;56791.062;-0.0
2023-04-01;54312.426;54312.426;0.0;54312.426;-0.0
2023-04-02;47213.888;47213.888;0.0;47213.888;-0.0
2023-04-03;39007.804;39007.804;0.0;39007.804;0.0
2023-04-04;41209.054;41209.054;0.0;41209.054;0.0
2023-04-05;41091.841;41091.84;0.0;41091.84;0.001
2023-04-06;40805.95;40805.95;0.0;40805.95;-0.0
2023-04-07;46002.107;46002.107;0.0;46002.107;-0.0
2023-04-08;42563.47;42563.47;0.0;42563.47;0.0
2023-04-09;37662.633;37662.633;0.0;37662.633;0.0
2023-04-10;39272.128;39272.128;0.0;39272.128;-0.0
2023-04-11;43378.711;43378.711;0.0;43378.711;-0.0
2023-04-12;51271.186;51271.186;0.0;51271.186;-0.0
2023-04-13;52451.505;52451.505;0.0;52451.505;0.0
2023-04-14;45671.469;45671.469;0.0;45671.469;0.0
2023-04-15;53701.925;53701.925;0.0;53701.925;0.0
2023-04-16;50093.887;50093.887;0.0;50093.887;-0.0
2023-04-17;51341.884;51341.883;0.0;51341.883;0.001
2023-04-18;49755.454;49755.454;0.0;49755.454;-0.0
2023-04-19;45435.012;45435.012;0.0;45435.012;0.0
2023-04-20;47032.071;47032.071;0.0;47032.071;-0.0
2023-04-21;41889.073;41889.073;0.0;41889.073;0.0
2023-04-22;45783.965;45783.965;0.0;45783.965;-0.0
2023-04-23;32551.217;32551.217;0.0;32551.217;0.0
2023-04-24;50055.341;50055.341;0.0;50055.341;0.0
2023-04-25;50705.002;50705.002;0.0;50705.002;-0.0
2023-04-26;50869.977;50869.977;0.0;50869.977;0.0
2023-04-27;45388.03;45388.03;0.0;45388.03;-0.0
2023-04-28;47791.725;47791.725;0.0;47791.725;0.0
2023-04-29;105039.357;105039.356;58716.268;46323.088;0.001
2023-04-30;110941.357;110941.358;70566.699;40374.659;-0.001
2023-05-01;111035.766;111035.766;71350.188;39685.578;0.0
2023-05-02;117300.075;117300.074;71082.227;46217.847;0.001
2023-05-03;114241.664;114241.664;66431.816;47809.848;-0.0
2023-05-04;118934.365;118934.364;67687.925;51246.439;0.001
2023-05-05;122330.063;122330.064;66894.635;55435.429;-0.001
2023-05-06;125030.011;125030.011;69969.757;55060.254;-0.0
2023-05-07;119733.224;119733.224;71564.625;48168.599;0.0
2023-05-08;125758.397;125758.397;70143.393;55615.004;-0.0
2023-05-09;122764.15;122764.15;70350.401;52413.749;-0.0
2023-05-10;121150.691;121150.69;67778.711;53371.979;0.001
2023-05-11;122703.129;122703.129;69028.911;53674.218;0.0
2023-05-12;117573.375;117573.375;70997.903;46575.472;0.0
2023-05-13;119486.624;119486.623;72966.989;46519.634;0.001
2023-05-14;111163.677;111163.678;71911.212;39252.466;-0.001
2023-05-15;125584.081;125584.081;74316.952;51267.129;0.0
2023-05-16;128641.646;128641.646;74902.057;53739.589;-0.0
2023-05-17;125783.752;125783.752;73334.146;52449.606;-0.0
2023-05-18;122171.065;122171.065;72425.193;49745.872;-0.0
2023-05-19;124859.346;124859.346;73076.091;51783.255;-0.0
2023-05-20;105772.648;105772.648;71188.539;34584.109;-0.0
2023-05-21;84255.613;84255.612;63776.731;20478.881;0.001
2023-05-22;112258.687;112258.686;60002.412;52256.274;0.001
2023-05-23;117794.82;117794.82;68243.447;49551.373;-0.0
2023-05-24;117909.134;117909.134;68250.385;49658.749;-0.0
2023-05-25;115590.801;115590.801;67625.379;47965.422;0.0
2023-05-26;114381.038;114381.038;67047.354;47333.684;0.0
2023-05-27;116973.058;116973.058;66162.895;50810.163;-0.0
2023-05-28;98452.662;98452.662;59309.863;39142.799;0.0
2023-05-29;114308.233;114308.233;61062.392;53245.841;-0.0
2023-05-30;109805.628;109805.629;58364.733;51440.896;-0.001
2023-05-31;108681.82;108681.821;56713.994;51967.827;-0.001
2023-06-01;120425.057;120425.057;68239.964;52185.093;0.0
2023-06-02;130668.66;130668.66;74899.818;55768.842;0.0
2023-06-03;117169.03;117169.03;75889.378;41279.652;0.0
2023-06-04;94899.654;94899.654;75811.508;19088.146;0.0
2023-06-05;128668.918;128668.917;73481.981;55186.936;0.001
2023-06-06;130468.452;130468.452;73510.594;56957.858;-0.0
2023-06-07;125455.035;125455.034;72820.18;52634.854;0.001
2023-06-08;115593.065;115593.065;73508.55;42084.515;-0.0
2023-06-09;124747.084;124747.085;73237.793;51509.292;-0.001
2023-06-10;110152.044;110152.045;71969.053;38182.992;-0.001
2023-06-11;99689.736;99689.735;64453.063;35236.672;0.001
2023-06-12;112530.312;112530.311;61413.689;51116.622;0.001
2023-06-13;101105.668;101105.669;50558.779;50546.89;-0.001
2023-06-14;101845.833;101845.833;47185.402;54660.431;-0.0
2023-06-15;92297.677;92297.677;47158.663;45139.014;-0.0
2023-06-16;107503.319;107503.319;59035.494;48467.825;-0.0
2023-06-17;107951.752;107951.752;62585.25;45366.502;-0.0
2023-06-18;99618.64;99618.639;69095.624;30523.015;0.001
2023-06-19;126793.806;126793.807;71347.173;55446.634;-0.001
2023-06-20;120847.003;120847.003;71209.441;49637.562;-0.0
2023-06-21;115668.251;115668.251;66255.001;49413.25;0.0
2023-06-22;118167.127;118167.128;66665.224;51501.904;-0.001
2023-06-23;117296.999;117296.999;62972.548;54324.451;-0.0
2023-06-24;89261.135;89261.136;69026.988;20234.148;-0.001
2023-06-25;84362.393;84362.392;69824.526;14537.866;0.001
2023-06-26;122139.737;122139.737;71917.918;50221.819;-0.0
2023-06-27;125445.565;125445.565;72943.131;52502.434;-0.0
2023-06-28;127391.973;127391.973;71527.067;55864.906;-0.0
2023-06-29;120845.44;120845.439;69461.208;51384.231;0.001
2023-06-30;121660.083;121660.083;68406.978;53253.105;-0.0
2023-07-01;120266.516;120266.515;70439.66;49826.855;0.001
2023-07-02;118199.2;118199.199;71052.972;47146.227;0.001
2023-07-03;127459.333;127459.334;72653.377;54805.957;-0.001
2023-07-04;138058.934;138058.933;79935.996;58122.937;0.001
2023-07-05;136288.716;136288.716;78504.193;57784.523;-0.0
2023-07-06;132470.251;132470.252;77547.748;54922.504;-0.001
2023-07-07;123119.433;123119.434;72966.114;50153.32;-0.001
2023-07-08;121675.36;121675.36;70455.384;51219.976;0.0
2023-07-09;119441.84;119441.84;69249.603;50192.237;-0.0
2023-07-10;120550.969;120550.968;69212.311;51338.657;0.001
2023-07-11;131919.146;131919.145;71590.378;60328.767;0.001
2023-07-12;135207.079;135207.079;74931.387;60275.692;0.0
2023-07-13;128606.002;128606.002;69817.848;58788.154;0.0
2023-07-14;136391.123;136391.124;76594.804;59796.32;-0.001
2023-07-15;126679.633;126679.633;79490.184;47189.449;0.0
2023-07-16;105052.475;105052.476;75925.558;29126.918;-0.001
2023-07-17;132195.907;132195.905;75555.138;56640.767;0.002
2023-07-18;132009.921;132009.921;72138.952;59870.969;-0.0
2023-07-19;129421.859;129421.859;72654.582;56767.277;0.0
2023-07-20;125597.225;125597.225;71121.182;54476.043;-0.0
2023-07-21;122689.236;122689.236;75955.604;46733.632;-0.0
2023-07-22;107944.755;107944.755;78977.164;28967.591;-0.0
2023-07-23;97523.589;97523.589;81246.923;16276.666;0.0
2023-07-24;133865.057;133865.057;78832.198;55032.859;0.0
2023-07-25;142381.27;142381.27;77014.421;65366.849;0.0
2023-07-26;138507.118;138507.119;75282.323;63224.796;-0.001
2023-07-27;137798.157;137798.158;77412.224;60385.934;-0.001
2023-07-28;131539.564;131539.564;74987.404;56552.16;0.0
2023-07-29;140043.499;140043.499;78524.74;61518.759;0.0
2023-07-30;112890.476;112890.476;78965.546;33924.93;-0.0
2023-07-31;150105.257;150105.256;82954.197;67151.059;0.001
2023-08-01;152875.747;152875.747;85899.434;66976.313;0.0
2023-08-02;150185.657;150185.657;86629.997;63555.66;-0.0
2023-08-03;148058.902;148058.902;86506.409;61552.493;0.0
2023-08-04;157737.868;157737.868;89012.784;68725.084;0.0
2023-08-05;154729.768;154729.769;88185.827;66543.942;-0.001
2023-08-06;131181.155;131181.155;90381.607;40799.548;-0.0
2023-08-07;149904.633;149904.634;81635.958;68268.676;-0.001
2023-08-08;148962.586;148962.586;79715.653;69246.933;-0.0
2023-08-09;135561.057;135561.057;69926.259;65634.798;0.0
2023-08-10;156174.878;156174.879;84739.572;71435.307;-0.001
2023-08-11;152520.045;152520.044;83595.785;68924.259;0.001
2023-08-12;148174.355;148174.356;82546.946;65627.41;-0.001
2023-08-13;120130.568;120130.569;81026.41;39104.159;-0.001
2023-08-14;145908.462;145908.462;79663.129;66245.333;-0.0
2023-08-15;121243.611;121243.611;83998.051;37245.56;-0.0
2023-08-16;127838.682;127838.682;83053.204;44785.478;-0.0
2023-08-17;136290.572;136290.571;86584.605;49705.966;0.001
2023-08-18;151062.653;151062.652;85379.784;65682.868;0.001
2023-08-19;147059.722;147059.722;86833.96;60225.762;0.0
2023-08-20;135988.129;135988.128;79251.728;56736.4;0.001
2023-08-21;153440.895;153440.896;89063.506;64377.39;-0.001
2023-08-22;159639.086;159639.085;90284.506;69354.579;0.001
2023-08-23;162308.28;162308.282;93404.396;68903.886;-0.002
2023-08-24;154868.113;154868.114;87246.717;67621.397;-0.001
2023-08-25;154087.276;154087.277;88597.548;65489.729;-0.001
2023-08-26;140346.713;140346.712;84570.062;55776.65;0.001
2023-08-27;129257.644;129257.643;78918.877;50338.766;0.001
2023-08-28;132525.938;132525.937;82864.785;49661.152;0.001
2023-08-29;133320.702;133320.702;81484.345;51836.357;-0.0
2023-08-30;151379.639;151379.638;94014.519;57365.119;0.001
2023-08-31;157910.083;157910.084;96556.945;61353.139;-0.001
2023-09-01;163881.194;163881.194;93938.033;69943.161;-0.0
2023-09-02;147954.659;147954.658;83660.733;64293.925;0.001
2023-09-03;133233.642;133233.642;89134.768;44098.874;-0.0
2023-09-04;154349.052;154349.052;90687.663;63661.389;-0.0
2023-09-05;156868.99;156868.99;94332.679;62536.311;-0.0
2023-09-06;148231.569;148231.569;88688.021;59543.548;-0.0
2023-09-07;147281.417;147281.418;90249.857;57031.561;-0.001
2023-09-08;149905.392;149905.393;86836.452;63068.941;-0.001
2023-09-09;147085.387;147085.387;88194.671;58890.716;0.0
2023-09-10;131837.249;131837.249;98628.524;33208.725;0.0
2023-09-11;178407.419;178407.418;106046.662;72360.756;0.001
2023-09-12;172077.188;172077.187;102274.464;69802.723;0.001
2023-09-13;159878.119;159878.117;93820.241;66057.876;0.002
2023-09-14;160869.984;160869.984;93126.852;67743.132;0.0
2023-09-15;168504.486;168504.486;98335.675;70168.811;-0.0
2023-09-16;162547.038;162547.038;105299.33;57247.708;-0.0
2023-09-17;164644.575;164644.576;107429.802;57214.774;-0.001
2023-09-18;175645.172;175645.171;104918.672;70726.499;0.001
2023-09-19;170075.843;170075.843;99476.27;70599.573;0.0
2023-09-20;175842.891;175842.89;104755.862;71087.028;0.001
2023-09-21;182990.299;182990.298;108682.854;74307.444;0.001
2023-09-22;188726.01;188726.009;107453.842;81272.167;0.001
2023-09-23;185858.772;185858.772;107130.779;78727.993;0.0
2023-09-24;180294.616;180294.616;106403.961;73890.655;0.0
2023-09-25;173716.899;173716.899;101845.651;71871.248;-0.0
2023-09-26;173615.23;173615.229;102063.214;71552.015;0.001
2023-09-27;164301.812;164301.813;95793.164;68508.649;-0.001
2023-09-28;170301.09;170301.092;102990.806;67310.286;-0.002
2023-09-29;162534.163;162534.163;97470.243;65063.92;0.0
2023-09-30;162434.787;162434.787;94395.113;68039.674;0.0
2023-10-01;156918.025;156918.025;93621.335;63296.69;-0.0
2023-10-02;161613.434;161613.435;101642.445;59970.99;-0.001
2023-10-03;171524.067;171524.067;103275.703;68248.364;0.0
2023-10-04;159953.275;159953.275;95727.355;64225.92;-0.0
2023-10-05;162460.466;162460.466;101781.956;60678.51;0.0
2023-10-06;163135.611;163135.611;101499.225;61636.386;0.0
2023-10-07;174268.188;174268.188;100552.677;73715.511;0.0
2023-10-08;150744.929;150744.927;90063.188;60681.739;0.002
2023-10-09;174184.748;174184.748;104913.745;69271.003;0.0
2023-10-10;184314.381;184314.38;109982.023;74332.357;0.001
2023-10-11;181285.591;181285.59;103743.274;77542.316;0.001
2023-10-12;169165.077;169165.076;97497.07;71668.006;0.001
2023-10-13;163743.171;163743.171;94787.962;68955.209;-0.0
2023-10-14;161461.307;161461.308;98389.779;63071.529;-0.001
2023-10-15;148208.596;148208.594;104242.816;43965.778;0.002
2023-10-16;180593.5;180593.499;109229.641;71363.858;0.001
2023-10-17;183118.183;183118.183;104715.585;78402.598;-0.0
2023-10-18;185004.205;185004.204;107285.971;77718.233;0.001
2023-10-19;168845.432;168845.432;100171.401;68674.031;-0.0
2023-10-20;171834.326;171834.326;101993.864;69840.462;-0.0
2023-10-21;172194.372;172194.374;109386.556;62807.818;-0.002
2023-10-22;154595.839;154595.838;114481.203;40114.635;0.001
2023-10-23;195963.219;195963.221;119737.197;76226.024;-0.002
2023-10-24;188200.06;188200.06;109179.549;79020.511;-0.0
2023-10-25;176879.191;176879.192;111000.872;65878.32;-0.001
2023-10-26;167148.435;167148.435;105092.643;62055.792;-0.0
2023-10-27;158220.243;158220.242;93341.617;64878.625;0.001
2023-10-28;159958.616;159958.615;95546.963;64411.652;0.001
2023-10-29;153249.249;153249.249;109870.621;43378.628;-0.0
2023-10-30;181015.436;181015.435;106909.572;74105.863;0.001
2023-10-31;167061.434;167061.435;99726.456;67334.979;-0.001
2023-11-01;168336.084;168336.084;101225.704;67110.38;-0.0
2023-11-02;167985.729;167985.729;103696.165;64289.564;-0.0
2023-11-03;156260.523;156260.523;103646.635;52613.888;-0.0
2023-11-04;178424.514;178424.514;118953.63;59470.884;-0.0
2023-11-05;204156.497;204156.498;141401.851;62754.647;-0.001
2023-11-06;205559.327;205559.327;139485.716;66073.611;0.0
2023-11-07;217335.676;217335.678;139789.173;77546.505;-0.002
2023-11-08;219840.138;219840.138;137391.825;82448.313;0.0
2023-11-09;194774.903;194774.903;123378.318;71396.585;0.0
2023-11-10;214623.072;214623.071;132682.764;81940.307;0.001
2023-11-11;225094.249;225094.248;139956.672;85137.576;0.001
2023-11-12;201371.211;201371.211;136884.237;64486.974;-0.0
2023-11-13;219873.131;219873.131;129165.167;90707.964;-0.0
2023-11-14;209460.374;209460.374;121582.642;87877.732;0.0
2023-11-15;201942.574;201942.575;126728.33;75214.245;-0.001
2023-11-16;204004.724;204004.724;124000.062;80004.662;0.0
2023-11-17;200425.841;200425.841;122757.874;77667.967;0.0
2023-11-18;203227.155;203227.155;124476.302;78750.853;0.0
2023-11-19;191388.582;191388.581;123808.187;67580.394;0.001
2023-11-20;178981.811;178981.811;118359.822;60621.989;-0.0
2023-11-21;197580.362;197580.362;128174.905;69405.457;0.0
2023-11-22;193687.091;193687.091;121206.586;72480.505;0.0
2023-11-23;193672.932;193672.93;114917.134;78755.796;0.002
2023-11-24;193632.766;193632.768;110736.279;82896.489;-0.002
2023-11-25;186595.901;186595.9;119313.735;67282.165;0.001
2023-11-26;152471.708;152471.707;113163.923;39307.784;0.001
2023-11-27;184795.479;184795.479;107002.855;77792.624;0.0
2023-11-28;173694.702;173694.701;102717.762;70976.939;0.001
2023-11-29;185331.997;185331.998;116479.898;68852.1;-0.001
2023-11-30;208032.935;208032.935;131291.017;76741.918;0.0
2023-12-01;208401.3;208401.299;134868.876;73532.423;0.001
2023-12-02;198440.276;198440.277;132371.947;66068.33;-0.001
2023-12-03;187807.769;187807.769;126172.789;61634.98;-0.0
2023-12-04;170536.364;170536.365;113268.541;57267.824;-0.001
2023-12-05;172554.543;172554.542;109452.089;63102.453;0.001
2023-12-06;199509.858;199509.858;119567.258;79942.6;-0.0
2023-12-07;193708.956;193708.956;114591.139;79117.817;-0.0
2023-12-08;204671.231;204671.232;128959.527;75711.705;-0.001
2023-12-09;188070.286;188070.286;122769.985;65300.301;-0.0
2023-12-10;146430.532;146430.531;103320.556;43109.975;0.001
2023-12-11;192162.494;192162.493;122962.366;69200.127;0.001
2023-12-12;207422.239;207422.239;134735.655;72686.584;-0.0
2023-12-13;205599.854;205599.854;136348.243;69251.611;0.0
2023-12-14;205275.844;205275.843;141164.422;64111.421;0.001
2023-12-15;209220.914;209220.912;142293.168;66927.744;0.002
2023-12-16;214662.102;214662.103;143182.02;71480.083;-0.001
2023-12-17;210495.684;210495.683;141062.61;69433.073;0.001
2023-12-18;192112.526;192112.523;129968.843;62143.68;0.003
2023-12-19;187531.58;187531.58;127454.205;60077.375;0.0
2023-12-20;158140.248;158140.249;121739.349;36400.9;-0.001
2023-12-21;170901.432;170901.432;121030.223;49871.209;-0.0
2023-12-22;179803.755;179803.755;122266.798;57536.957;0.0
2023-12-23;178546.539;178546.538;109416.152;69130.386;0.001
2023-12-24;185873.91;185873.911;122815.316;63058.595;-0.001
2023-12-25;162388.216;162388.217;123774.448;38613.769;-0.001
2023-12-26;216333.882;216333.883;137007.831;79326.052;-0.001
2023-12-27;210006.42;210006.419;130408.892;79597.527;0.001
2023-12-28;214365.391;214365.392;138449.945;75915.447;-0.001
2023-12-29;204337.527;204337.527;125170.362;79167.165;0.0
2023-12-30;199579.373;199579.374;131187.832;68391.542;-0.001
2023-12-31;160465.821;160465.82;106465.312;54000.508;0.001
2024-01-01;149040.264;149040.264;105132.651;43907.613;-0.0
2024-01-02;156701.988;156701.989;104863.599;51838.39;-0.001
2024-01-03;157019.742;157019.741;104160.748;52858.993;0.001
2024-01-04;166707.738;166707.738;105990.376;60717.362;-0.0
2024-01-05;179976.967;179976.967;120949.947;59027.02;0.0
2024-01-06;194412.857;194412.856;121625.748;72787.108;0.001
2024-01-07;190684.745;190684.746;119437.028;71247.718;-0.001
2024-01-08;184791.735;184791.734;121598.765;63192.969;0.001
2024-01-09;192648.155;192648.155;116632.908;76015.247;0.0
2024-01-10;190884.943;190884.943;119458.86;71426.083;-0.0
2024-01-11;181225.646;181225.645;111636.296;69589.349;0.001
2024-01-12;185602.886;185602.887;109607.553;75995.334;-0.001
2024-01-13;173009.565;173009.566;110424.251;62585.315;-0.001
2024-01-14;187964.7;187964.7;116798.662;71166.038;-0.0
2024-01-15;195898.688;195898.689;121117.948;74780.741;-0.001
2024-01-16;211562.971;211562.971;132482.06;79080.911;-0.0
2024-01-17;210724.767;210724.766;125155.397;85569.369;0.001
2024-01-18;217975.188;217975.187;131034.933;86940.254;0.001
2024-01-19;200767.014;200767.014;122528.565;78238.449;0.0
2024-01-20;189789.841;189789.84;116274.139;73515.701;0.001
2024-01-21;182961.524;182961.524;116299.332;66662.192;-0.0
2024-01-22;179032.152;179032.152;113415.21;65616.942;-0.0
2024-01-23;150502.277;150502.277;96669.396;53832.881;0.0
2024-01-24;148877.66;148877.661;99629.151;49248.51;-0.001
2024-01-25;168993.695;168993.694;121073.113;47920.581;0.001
2024-01-26;179134.927;179134.927;125709.995;53424.932;0.0
2024-01-27;172789.378;172789.379;121183.17;51606.209;-0.001
2024-01-28;178510.103;178510.105;124681.896;53828.209;-0.002
2024-01-29;205041.991;205041.993;138035.67;67006.323;-0.002
2024-01-30;213791.677;213791.678;146708.709;67082.969;-0.001
2024-01-31;212923.214;212923.216;137295.935;75627.281;-0.002
2024-02-01;212933.062;212933.062;134475.154;78457.908;-0.0
2024-02-02;206871.624;206871.624;132718.197;74153.427;0.0
2024-02-03;196780.389;196780.389;129495.807;67284.582;0.0
2024-02-04;165760.134;165760.135;118600.949;47159.186;-0.001
2024-02-05;198215.983;198215.983;128728.535;69487.448;0.0
2024-02-06;213849.617;213849.616;137751.639;76097.977;0.001
2024-02-07;206173.485;206173.486;133530.57;72642.916;-0.001
2024-02-08;189727.203;189727.203;126764.34;62962.863;-0.0
2024-02-09;186995.617;186995.614;132650.797;54344.817;0.003
2024-02-10;179899.49;179899.49;127724.074;52175.416;0.0
2024-02-11;188109.743;188109.743;132004.124;56105.619;0.0
2024-02-12;206364.971;206364.972;138178.466;68186.506;-0.001
2024-02-13;209762.326;209762.327;128428.891;81333.436;-0.001
2024-02-14;197959.477;197959.475;115882.422;82077.053;0.002
2024-02-15;180502.436;180502.436;105356.999;75145.437;-0.0
2024-02-16;168357.996;168357.996;100073.573;68284.423;-0.0
2024-02-17;187711.031;187711.031;118639.368;69071.663;-0.0
2024-02-18;165004.026;165004.025;111611.546;53392.479;0.001
2024-02-19;161348.623;161348.624;108303.425;53045.199;-0.001
2024-02-20;141836.071;141836.072;96325.704;45510.368;-0.001
2024-02-21;145092.399;145092.399;100030.243;45062.156;0.0
2024-02-22;160029.749;160029.749;109609.904;50419.845;0.0
2024-02-23;171999.508;171999.507;112659.679;59339.828;0.001
2024-02-24;213001.299;213001.3;126005.114;86996.186;-0.001
2024-02-25;198466.473;198466.474;127705.041;70761.433;-0.001
2024-02-26;196174.552;196174.552;116905.191;79269.361;0.0
2024-02-27;202668.269;202668.269;120180.061;82488.208;-0.0
2024-02-28;206257.982;206257.982;125386.679;80871.303;-0.0
2024-02-29;200639.962;200639.963;121285.0;79354.963;-0.001
2024-03-01;196891.475;196891.473;128457.03;68434.443;0.002
2024-03-02;202966.399;202966.399;131687.242;71279.157;-0.0
2024-03-03;196688.803;196688.804;126277.543;70411.261;-0.001
2024-03-04;174459.474;174459.474;119088.8;55370.674;-0.0
2024-03-05;183459.063;183459.062;113714.765;69744.297;0.001
2024-03-06;195835.94;195835.94;116846.301;78989.639;0.0
2024-03-07;187512.834;187512.835;115123.624;72389.211;-0.001
2024-03-08;189842.015;189842.013;112402.043;77439.97;0.002
2024-03-09;208407.472;208407.471;118177.028;90230.443;0.001
2024-03-10;206975.105;206975.103;121758.577;85216.526;0.002
2024-03-11;221204.382;221204.382;131740.96;89463.422;-0.0
2024-03-12;204213.272;204213.274;130301.972;73911.302;-0.002
2024-03-13;197743.832;197743.83;126902.191;70841.639;0.002
2024-03-14;208951.745;208951.745;128514.627;80437.118;-0.0
2024-03-15;203057.315;203057.315;123568.862;79488.453;0.0
2024-03-16;212674.802;212674.801;125182.629;87492.172;0.001
2024-03-17;199798.888;199798.889;113288.273;86510.616;-0.001
2024-03-18;202760.9;202760.901;116612.76;86148.141;-0.001
2024-03-19;195043.267;195043.268;115554.476;79488.792;-0.001
2024-03-20;195005.634;195005.634;119247.642;75757.992;-0.0
2024-03-21;184467.535;184467.535;104182.358;80285.177;-0.0
2024-03-22;179111.009;179111.009;102240.028;76870.981;0.0
2024-03-23;159240.611;159240.611;92610.966;66629.645;-0.0
2024-03-24;141962.387;141962.388;93632.157;48330.231;-0.001
2024-03-25;187547.454;187547.453;104671.784;82875.669;0.001
2024-03-26;179051.257;179051.257;102100.996;76950.261;0.0
2024-03-27;160713.832;160713.832;93837.877;66875.955;-0.0
2024-03-28;160284.969;160284.97;96165.51;64119.46;-0.001
2024-03-29;150735.407;150735.407;104238.245;46497.162;-0.0
2024-03-30;176893.365;176893.366;108848.216;68045.15;-0.001
2024-03-31;186488.89;186488.889;115624.716;70864.173;0.001
2024-04-01;184968.186;184968.186;111763.509;73204.677;-0.0
2024-04-02;167094.048;167136.65;112996.014;54140.636;-42.602
2024-04-03;195638.121;195638.122;123703.954;71934.168;-0.001
2024-04-04;179628.315;180219.18;115427.234;64791.946;-590.865
2024-04-05;190689.798;191140.23;115978.513;75161.717;-450.432
2024-04-06;198483.204;199132.713;119495.789;79636.924;-649.509
2024-04-07;191204.019;192122.676;110125.169;81997.507;-918.657
2024-04-08;193093.297;193934.914;112094.101;81840.813;-841.617
2024-04-09;178718.551;179595.84;104954.985;74640.855;-877.289
2024-04-10;182393.695;182939.247;110952.724;71986.523;-545.552
2024-04-11;172668.62;173585.356;104073.584;69511.772;-916.736
2024-04-12;176672.831;177965.404;104129.815;73835.589;-1292.573
2024-04-13;182386.686;184293.907;102586.689;81707.218;-1907.221
2024-04-14;176786.895;178449.396;97865.668;80583.728;-1662.501
2024-04-15;172544.067;174312.399;93664.873;80647.526;-1768.332
2024-04-16;168111.961;170110.921;96170.068;73940.853;-1998.96
2024-04-17;186812.968;188457.023;109300.13;79156.893;-1644.055
2024-04-18;185443.674;186912.282;109873.493;77038.789;-1468.608
2024-04-19;184259.777;185588.987;116239.932;69349.055;-1329.21
2024-04-20;171258.825;172132.158;115167.259;56964.899;-873.333
2024-04-21;156883.998;158163.802;117758.242;40405.56;-1279.804
2024-04-22;190492.4;192305.687;111808.097;80497.59;-1813.287
2024-04-23;186741.605;188365.444;107768.128;80597.316;-1623.839
2024-04-24;189486.833;191262.812;108922.892;82339.92;-1775.979
2024-04-25;199485.84;201316.197;112127.927;89188.27;-1830.357
2024-04-26;183797.074;186350.279;109320.897;77029.382;-2553.205
2024-04-27;183247.284;186388.662;110441.282;75947.38;-3141.378
2024-04-28;178911.568;181722.553;109648.111;72074.442;-2810.985
2024-04-29;186321.995;190112.161;111399.905;78712.256;-3790.166
2024-04-30;183906.465;186575.501;109165.746;77409.755;-2669.036
2024-05-01;186159.673;189536.545;110178.306;79358.239;-3376.872
2024-05-02;189116.555;192560.637;108298.783;84261.854;-3444.082
2024-05-03;173247.742;176995.389;102642.274;74353.115;-3747.647
2024-05-04;167854.285;170138.768;107524.192;62614.576;-2284.483
2024-05-05;149989.431;150935.832;112079.244;38856.588;-946.401
2024-05-06;172858.383;175985.321;113312.805;62672.516;-3126.938
2024-05-07;176496.771;180648.56;109225.71;71422.85;-4151.789
2024-05-08;177788.573;181485.384;108582.222;72903.162;-3696.811
2024-05-09;176526.842;179612.676;104721.974;74890.702;-3085.834
2024-05-10;177242.767;179647.311;102774.724;76872.587;-2404.544
2024-05-11;181779.146;184936.705;104436.684;80500.021;-3157.559
2024-05-12;157014.318;159504.38;105660.162;53844.218;-2490.062
2024-05-13;181959.897;185146.253;99220.838;85925.415;-3186.356
2024-05-14;175515.037;179008.901;96933.975;82074.926;-3493.864
2024-05-15;177665.431;180556.799;99387.864;81168.935;-2891.368
2024-05-16;176715.812;176715.813;94473.419;82242.394;-0.001
2024-05-17;172499.427;172499.427;96558.044;75941.383;0.0
2024-05-18;172091.972;172091.971;92527.871;79564.1;0.001
2024-05-19;151476.394;151476.395;92396.883;59079.512;-0.001
2024-05-20;186810.019;186810.019;104823.603;81986.416;-0.0
2024-05-21;183058.352;183058.354;101621.013;81437.341;-0.002
2024-05-22;177033.105;177033.105;106042.542;70990.563;-0.0
2024-05-23;173685.967;173685.967;99083.591;74602.376;0.0
2024-05-24;165564.897;165564.896;84703.755;80861.141;0.001
2024-05-25;159984.345;159984.345;86458.966;73525.379;-0.0
2024-05-26;129132.599;129132.6;81886.623;47245.977;-0.001
2024-05-27;156951.759;156951.758;76691.97;80259.788;0.001
2024-05-28;170347.838;170347.839;90459.067;79888.772;-0.001
2024-05-29;177268.895;177268.896;100367.699;76901.197;-0.001
2024-05-30;166485.459;166485.458;101951.425;64534.033;0.001
2024-05-31;174425.84;174425.84;102820.422;71605.418;0.0
2024-06-01;138404.321;138404.32;105418.031;32986.289;0.001
2024-06-02;130957.502;130957.501;98444.952;32512.549;0.001
2024-06-03;164534.209;164534.207;91546.188;72988.019;0.002
2024-06-04;165631.445;165631.445;93039.385;72592.06;-0.0
2024-06-05;165965.932;165965.933;97027.236;68938.697;-0.001
2024-06-06;163830.345;163830.344;98283.962;65546.382;0.001
2024-06-07;173138.72;173138.72;99433.249;73705.471;-0.0
2024-06-08;172516.781;172516.781;100727.535;71789.246;-0.0
2024-06-09;149260.393;149260.394;101198.076;48062.318;-0.001
2024-06-10;175070.44;175070.44;102780.832;72289.608;0.0
2024-06-11;179279.99;179279.989;102091.061;77188.928;0.001
2024-06-12;175520.375;175520.374;102656.557;72863.817;0.001
2024-06-13;179676.752;179676.753;103033.156;76643.597;-0.001
2024-06-14;169373.012;169373.011;101528.71;67844.301;0.001
2024-06-15;160635.542;160635.541;94424.11;66211.431;0.001
2024-06-16;137402.127;137402.126;91171.648;46230.478;0.001
2024-06-17;170051.983;170051.984;92827.829;77224.155;-0.001
2024-06-18;167884.087;167884.087;95809.742;72074.345;-0.0
2024-06-19;175299.124;175299.124;96770.011;78529.113;-0.0
2024-06-20;159748.918;159748.918;94001.843;65747.075;0.0
2024-06-21;171530.271;171530.271;95040.709;76489.562;-0.0
2024-06-22;161377.306;161377.306;96344.443;65032.863;0.0
2024-06-23;146047.783;146047.783;94703.148;51344.635;-0.0
2024-06-24;162590.452;162590.451;89292.717;73297.734;0.001
2024-06-25;176921.883;176921.884;89300.102;87621.782;-0.001
2024-06-26;168172.974;168172.973;92600.827;75572.146;0.001
2024-06-27;186435.831;186435.831;101855.757;84580.074;-0.0
2024-06-28;181375.262;181375.263;94125.252;87250.011;-0.001
2024-06-29;186216.288;186216.287;97381.148;88835.139;0.001
2024-06-30;156127.832;156127.832;94073.178;62054.654;0.0
2024-07-01;175962.604;175962.603;94820.509;81142.094;0.001
2024-07-02;167504.811;167504.812;105058.235;62446.577;-0.001
2024-07-03;169078.574;169078.573;100025.322;69053.251;0.001
2024-07-04;179615.936;179615.936;101309.459;78306.477;-0.0
2024-07-05;179730.221;179730.222;96951.216;82779.006;-0.001
2024-07-06;174563.351;174563.352;95781.88;78781.472;-0.001
2024-07-07;139414.33;139414.331;91007.778;48406.553;-0.001
2024-07-08;174996.152;174996.154;92222.677;82773.477;-0.002
2024-07-09;172010.311;172010.312;83597.183;88413.129;-0.001
2024-07-10;167212.371;167212.372;91565.178;75647.194;-0.001
2024-07-11;171033.932;171033.933;93155.284;77878.649;-0.001
2024-07-12;161146.948;161146.948;93999.809;67147.139;0.0
2024-07-13;146418.458;146418.459;91969.733;54448.726;-0.001
2024-07-14;136523.475;136523.476;94516.051;42007.425;-0.001
2024-07-15;176975.392;176975.393;102683.551;74291.842;-0.001
2024-07-16;175254.002;175254.002;103060.223;72193.779;0.0
2024-07-17;181322.323;181322.323;107828.364;73493.959;0.0
2024-07-18;196430.301;196430.3;111571.095;84859.205;0.001
2024-07-19;188674.856;188674.856;113290.243;75384.613;0.0
2024-07-20;175116.703;175116.704;112165.811;62950.893;-0.001
2024-07-21;156677.209;156677.21;113289.388;43387.822;-0.001
2024-07-22;185901.954;185901.953;116199.156;69702.797;0.001
2024-07-23;185242.18;185242.18;117798.589;67443.591;0.0
2024-07-24;191590.707;191590.708;116596.458;74994.25;-0.001
2024-07-25;197013.188;197013.188;114133.46;82879.728;0.0
2024-07-26;182320.3;182320.3;110108.227;72212.073;-0.0
2024-07-27;168361.479;168361.479;109182.493;59178.986;0.0
2024-07-28;165878.407;165878.407;108022.605;57855.802;-0.0
2024-07-29;184462.103;184462.103;101389.569;83072.534;-0.0
2024-07-30;184905.5;184905.498;98206.547;86698.951;0.002
2024-07-31;184277.109;184277.109;111546.7;72730.409;0.0
2024-08-01;182073.685;182073.685;112874.387;69199.298;-0.0
2024-08-02;181474.831;181474.829;115278.99;66195.839;0.002
2024-08-03;182474.409;182474.41;113890.355;68584.055;-0.001
2024-08-04;161369.533;161369.534;106574.775;54794.759;-0.001
2024-08-05;187623.929;187623.93;111785.903;75838.027;-0.001
2024-08-06;192164.535;192164.536;117647.78;74516.756;-0.001
2024-08-07;181576.323;181576.323;109558.905;72017.418;-0.0
2024-08-08;181358.136;181358.136;103184.516;78173.62;-0.0
2024-08-09;183600.691;183600.691;98158.254;85442.437;0.0
2024-08-10;206993.332;206993.332;112266.903;94726.429;-0.0
2024-08-11;179358.638;179358.638;125485.362;53873.276;-0.0
2024-08-12;225255.62;225255.619;126632.879;98622.74;0.001
2024-08-13;228299.364;228299.365;125968.938;102330.427;-0.001
2024-08-14;207337.39;207337.391;124298.491;83038.9;-0.001
2024-08-15;214762.588;214762.587;127051.526;87711.061;0.001
2024-08-16;206692.925;206692.927;126196.329;80496.598;-0.002
2024-08-17;213850.673;213850.673;124548.205;89302.468;0.0
2024-08-18;200155.224;200155.222;128285.692;71869.53;0.002
2024-08-19;221640.583;221640.581;127428.721;94211.86;0.002
2024-08-20;226223.994;226223.993;124741.407;101482.586;0.001
2024-08-21;224449.474;224449.473;130765.351;93684.122;0.001
2024-08-22;207197.215;207197.215;127500.221;79696.994;-0.0
2024-08-23;198195.592;198195.591;114932.709;83262.882;0.001
2024-08-24;184349.707;184349.708;110170.98;74178.728;-0.001
2024-08-25;184705.662;184705.662;112057.25;72648.412;-0.0
2024-08-26;222340.632;222340.633;126371.51;95969.123;-0.001
2024-08-27;218463.419;218463.419;129111.411;89352.008;-0.0
2024-08-28;204458.571;204458.57;128494.409;75964.161;0.001
2024-08-29;198183.174;198183.174;126427.842;71755.332;0.0
2024-08-30;218983.285;218983.285;132383.53;86599.755;0.0
2024-08-31;209285.324;209285.326;134139.21;75146.116;-0.002
2024-09-01;176098.317;176098.317;133096.903;43001.414;0.0
2024-09-02;215476.421;215476.421;136481.441;78994.98;0.0
2024-09-03;238930.366;238930.365;136736.814;102193.551;0.001
2024-09-04;211609.051;211609.05;132077.878;79531.172;0.001
2024-09-05;217665.502;217665.502;130720.459;86945.043;-0.0
2024-09-06;240602.652;240602.654;134890.234;105712.42;-0.002
2024-09-07;204725.72;204725.72;136175.477;68550.243;-0.0
2024-09-08;192042.566;192042.566;134105.215;57937.351;0.0
2024-09-09;225321.7;225321.698;135618.175;89703.523;0.002
2024-09-10;232048.398;232048.396;139268.741;92779.655;0.002
2024-09-11;231815.391;231815.392;140593.338;91222.054;-0.001
2024-09-12;218827.325;218827.326;130547.391;88279.935;-0.001
2024-09-13;217852.517;217852.518;128649.243;89203.275;-0.001
2024-09-14;199704.875;199704.876;121048.822;78656.054;-0.001
2024-09-15;185745.581;185745.581;115853.022;69892.559;0.0
2024-09-16;211442.469;211442.47;123068.03;88374.44;-0.001
2024-09-17;231756.452;231756.453;133785.669;97970.784;-0.001
2024-09-18;214966.093;214966.092;130912.097;84053.995;0.001
2024-09-19;236665.479;236665.478;132157.969;104507.509;0.001
2024-09-20;226802.163;226802.163;122255.54;104546.623;-0.0
2024-09-21;230161.262;230161.262;133627.381;96533.881;-0.0
2024-09-22;182312.601;182312.601;141000.686;41311.915;0.0
2024-09-23;239726.311;239726.313;140197.172;99529.141;-0.002
2024-09-24;246038.547;246038.546;143372.516;102666.03;0.001
2024-09-25;236357.071;236357.07;144243.495;92113.575;0.001
2024-09-26;231815.543;231815.544;131605.914;100209.63;-0.001
2024-09-27;235678.318;235678.316;136431.098;99247.218;0.002
2024-09-28;249212.734;249212.735;140854.89;108357.845;-0.001
2024-09-29;190550.707;190550.708;145787.863;44762.845;-0.001
2024-09-30;232594.7;232594.701;143075.325;89519.376;-0.001
2024-10-01;260306.813;260306.815;154463.344;105843.471;-0.002
2024-10-02;256719.658;256719.661;147872.638;108847.023;-0.003
2024-10-03;263606.701;263606.698;154887.1;108719.598;0.003
2024-10-04;268550.075;268550.075;155978.653;112571.422;-0.0
2024-10-05;255655.554;255655.555;164785.837;90869.718;-0.001
2024-10-06;231288.285;231288.285;170172.001;61116.284;0.0
2024-10-07;285568.175;285568.175;163206.878;122361.297;0.0
2024-10-08;274006.677;274006.677;156060.175;117946.502;-0.0
2024-10-09;253980.547;253980.547;139277.338;114703.209;-0.0
2024-10-10;204562.714;204562.715;118960.526;85602.189;-0.001
2024-10-11;220987.29;220987.292;125571.343;95415.949;-0.002
2024-10-12;213722.507;213722.506;153194.545;60527.961;0.001
2024-10-13;206078.548;206078.547;162424.774;43653.773;0.001
2024-10-14;254525.378;254525.378;158469.13;96056.248;0.0
2024-10-15;247168.475;247168.475;149349.103;97819.372;-0.0
2024-10-16;243678.765;243678.766;155227.426;88451.34;-0.001
2024-10-17;254454.836;254454.838;162816.99;91637.848;-0.002
2024-10-18;233644.902;233644.901;144965.592;88679.309;0.001
2024-10-19;214160.343;214160.344;126008.742;88151.602;-0.001
2024-10-20;166526.309;166526.308;127444.012;39082.296;0.001
2024-10-21;200503.042;200503.042;130428.334;70074.708;0.0
2024-10-22;236253.823;236253.824;153670.433;82583.391;-0.001
2024-10-23;260073.562;260073.563;153755.431;106318.132;-0.001
2024-10-24;260016.327;260016.328;153149.966;106866.362;-0.001
2024-10-25;273595.108;273595.112;173862.368;99732.744;-0.004
2024-10-26;255054.04;255054.041;158564.191;96489.85;-0.001
2024-10-27;222269.696;222269.695;154028.499;68241.196;0.001
2024-10-28;229403.45;229403.45;143025.265;86378.185;-0.0
2024-10-29;242343.715;242343.716;152385.768;89957.948;-0.001
2024-10-30;252657.513;252657.511;161881.319;90776.192;0.002
2024-10-31;250860.916;250860.916;166928.336;83932.58;0.0
2024-11-01;249879.047;249879.047;164805.964;85073.083;-0.0
2024-11-02;213928.874;213928.876;141683.159;72245.717;-0.002
2024-11-03;185235.622;185235.621;125450.007;59785.614;0.001
2024-11-04;223122.526;223122.525;137266.142;85856.383;0.001
2024-11-05;212234.912;212234.911;126277.695;85957.216;0.001
2024-11-06;232582.342;232582.342;140350.63;92231.712;-0.0
2024-11-07;219029.44;219029.442;130609.666;88419.776;-0.002
2024-11-08;213550.107;213550.108;130026.712;83523.396;-0.001
2024-11-09;86079.6;86079.6;1614.049;84465.551;-0.0
2024-11-10;266562.269;266562.268;214788.471;51773.797;0.001
2024-11-11;273390.843;273390.844;170564.344;102826.5;-0.001
2024-11-12;274812.829;274812.828;163838.161;110974.667;0.001
2024-11-13;250970.92;250970.92;152748.928;98221.992;0.0
2024-11-14;232308.822;232308.822;150399.485;81909.337;-0.0
2024-11-15;221717.973;221717.971;152056.38;69661.591;0.002
2024-11-16;218661.798;218661.799;147034.391;71627.408;-0.001
2024-11-17;217749.929;217749.93;160949.387;56800.543;-0.001
2024-11-18;273895.168;273895.169;172164.037;101731.132;-0.001
2024-11-19;279062.707;279062.706;163931.12;115131.586;0.001
2024-11-20;269691.724;269691.724;157548.552;112143.172;0.0
2024-11-21;258139.029;258139.027;147819.303;110319.724;0.002
2024-11-22;231620.146;231620.146;130754.619;100865.527;0.0
2024-11-23;243478.461;243478.461;153776.017;89702.444;0.0
2024-11-24;237896.247;237896.248;175752.896;62143.352;-0.001
2024-11-25;266428.702;266428.701;171527.259;94901.442;0.001
2024-11-26;276446.904;276446.905;169671.097;106775.808;-0.001
2024-11-27;273181.809;273181.81;169225.892;103955.918;-0.001
2024-11-28;265974.052;265974.053;158426.413;107547.64;-0.001
2024-11-29;271857.99;271857.992;156766.672;115091.32;-0.002
2024-11-30;270444.231;270444.23;159236.773;111207.457;0.001
2024-12-01;232866.795;232866.795;167042.486;65824.309;0.0
2024-12-02;255361.86;255361.861;152728.94;102632.921;-0.001
2024-12-03;222271.126;222271.126;134172.68;88098.446;-0.0
2024-12-04;208377.721;208377.721;128129.372;80248.349;0.0
2024-12-05;264657.842;264657.841;148319.942;116337.899;0.001
2024-12-06;259004.18;259004.182;163810.922;95193.26;-0.002
2024-12-07;244050.569;244050.569;154081.523;89969.046;-0.0
2024-12-08;231519.921;231519.922;155500.287;76019.635;-0.001
2024-12-09;273667.186;273667.187;152623.904;121043.283;-0.001
2024-12-10;281660.206;281660.205;159952.848;121707.357;0.001
2024-12-11;273677.524;273677.525;167307.92;106369.605;-0.001
2024-12-12;272017.17;272017.169;167357.769;104659.4;0.001
2024-12-13;251860.497;251860.498;153682.506;98177.992;-0.001
2024-12-14;226096.138;226096.138;135423.505;90672.633;-0.0
2024-12-15;218022.442;218022.441;154281.544;63740.897;0.001
2024-12-16;270893.487;270893.487;165967.435;104926.052;0.0
2024-12-17;279797.952;279797.952;178110.878;101687.074;0.0
2024-12-18;274820.871;274820.872;178564.394;96256.478;-0.001
2024-12-19;265290.167;265290.166;155550.607;109739.559;0.001
2024-12-20;268560.144;268560.145;159795.488;108764.657;-0.001
2024-12-21;244257.3;244257.3;148701.793;95555.507;0.0
2024-12-22;207726.522;207726.522;144545.043;63181.479;0.0
2024-12-23;248916.942;248916.942;158900.85;90016.092;0.0
2024-12-24;235964.458;235964.458;158025.869;77938.589;-0.0
2024-12-25;189071.663;189071.664;149282.733;39788.931;-0.001
2024-12-26;238396.515;238396.517;148107.092;90289.425;-0.002
2024-12-27;247099.049;247099.048;154618.493;92480.555;0.001
2024-12-28;241070.855;241070.853;160165.589;80905.264;0.002
2024-12-29;215081.543;215081.545;153713.055;61368.49;-0.002
2024-12-30;239493.341;239493.342;158780.497;80712.845;-0.001
2024-12-31;242248.791;242248.791;164988.275;77260.516;-0.0
2025-01-01;208877.595;208877.595;162786.491;46091.104;-0.0
2025-01-02;267341.249;267341.249;164905.088;102436.161;-0.0
2025-01-03;269744.428;269744.428;160721.163;109023.265;-0.0
2025-01-04;260039.218;260039.218;161753.446;98285.772;-0.0
2025-01-05;240227.081;240227.081;168531.265;71695.816;-0.0
2025-01-06;264359.914;264359.914;168250.221;96109.693;-0.0
2025-01-07;263143.644;263143.644;158146.704;104996.94;-0.0
2025-01-08;233210.593;233210.593;155402.5;77808.093;-0.0
2025-01-09;229467.7;229467.7;150215.607;79252.093;-0.0
2025-01-10;248625.183;248625.183;158019.498;90605.685;-0.0
2025-01-11;256871.402;256871.402;163133.362;93738.04;-0.0
2025-01-12;223091.57;223091.57;146966.34;76125.23;-0.0
2025-01-13;218700.988;218700.988;147574.679;71126.309;-0.0
2025-01-14;226744.224;226744.224;146162.746;80581.478;-0.0
2025-01-15;215662.973;215662.973;141333.317;74329.656;-0.0
2025-01-16;231126.594;231126.594;146216.06;84910.534;-0.0
2025-01-17;248528.913;248528.913;145205.972;103322.941;-0.0
2025-01-18;271129.803;271129.803;158435.157;112694.646;-0.0
2025-01-19;272849.302;272849.302;162332.099;110517.203;-0.0
2025-01-20;279047.435;279047.435;162148.213;116899.222;-0.0
2025-01-21;302618.833;302618.833;172488.869;130129.964;-0.0
2025-01-22;283944.918;283944.918;172959.234;110985.684;-0.0
2025-01-23;251300.401;251300.401;171623.255;79677.146;-0.0
2025-01-24;243920.05;243920.05;168189.902;75730.148;-0.0
2025-01-25;243460.543;243460.543;169886.591;73573.952;-0.0
2025-01-26;253564.144;253564.144;167337.878;86226.266;-0.0
2025-01-27;269141.003;269141.003;154514.138;114626.865;-0.0
2025-01-28;261846.27;261846.27;155320.709;106525.561;-0.0
2025-01-29;232925.396;232925.396;147894.599;85030.797;-0.0
2025-01-30;232794.687;232794.687;141746.82;91047.867;-0.0
2025-01-31;164723.812;164723.812;87825.367;76898.445;-0.0
2025-02-01;229682.326;229682.326;139890.754;89791.572;-0.0
2025-02-02;233333.344;233333.344;141579.447;91753.897;-0.0
2025-02-03;223109.689;223109.689;146608.078;76501.611;-0.0
2025-02-04;246600.03;246600.03;153595.823;93004.207;-0.0
2025-02-05;249561.448;249561.448;155194.323;94367.125;-0.0
2025-02-06;243782.906;243782.906;151572.251;92210.655;-0.0
2025-02-07;262674.815;262674.815;166241.903;96432.912;-0.0
2025-02-08;261343.015;261343.015;173378.055;87964.96;-0.0
2025-02-09;227258.592;227258.592;172814.691;54443.901;-0.0
2025-02-10;250363.491;250363.491;169818.569;80544.922;-0.0
2025-02-11;254999.961;254999.961;170574.477;84425.484;-0.0
2025-02-12;251403.655;251403.655;163928.981;87474.674;-0.0
2025-02-13;240491.306;240491.306;157121.959;83369.347;-0.0
2025-02-14;269683.976;269683.976;159881.301;109802.675;-0.0
2025-02-15;257879.41;257879.41;162559.72;95319.69;-0.0
2025-02-16;272038.648;272038.648;166604.931;105433.717;-0.0
2025-02-17;261781.0;261781.0;165761.212;96019.788;-0.0
2025-02-18;264346.774;264346.774;161897.913;102448.861;-0.0
2025-02-19;269000.515;269000.515;161595.401;107405.114;-0.0
2025-02-20;257184.002;257184.002;170277.755;86906.247;-0.0
2025-02-21;252662.107;252662.107;170646.416;82015.691;-0.0
2025-02-22;273150.982;273150.982;169475.145;103675.837;-0.0
2025-02-23;284165.84;284165.84;195887.387;88278.453;-0.0
2025-02-24;285324.539;285324.539;189851.393;95473.146;-0.0
2025-02-25;277481.097;277481.097;183201.179;94279.918;-0.0
2025-02-26;298494.931;298494.931;187362.59;111132.341;-0.0
2025-02-27;280209.094;280209.094;178280.323;101928.771;-0.0
2025-02-28;271834.036;271834.036;183457.481;88376.555;-0.0
2025-03-01;270762.992;270762.992;186086.904;84676.088;-0.0
2025-03-02;264937.447;264937.447;186402.952;78534.495;-0.0
2025-03-03;272643.732;272643.732;189370.131;83273.601;-0.0
2025-03-04;266011.048;266011.048;185568.777;80442.271;-0.0
2025-03-05;269132.084;269132.084;183181.222;85950.862;-0.0
2025-03-06;277193.872;277193.872;185698.906;91494.966;-0.0
2025-03-07;282319.681;282319.681;186803.823;95515.858;-0.0
2025-03-08;277769.626;277769.626;186924.288;90845.338;-0.0
2025-03-09;249499.782;249499.782;170389.351;79110.431;-0.0
2025-03-10;283198.883;283198.883;174638.033;108560.85;-0.0
2025-03-11;261122.251;261122.251;171174.35;89947.901;-0.0
2025-03-12;256607.602;256607.602;174200.845;82406.757;-0.0
2025-03-13;287058.848;287058.848;174467.706;112591.142;-0.0
2025-03-14;293348.55;293348.55;174028.178;119320.372;-0.0
2025-03-15;283505.559;283505.559;170504.97;113000.589;-0.0
2025-03-16;264292.671;264292.671;166910.774;97381.897;-0.0
2025-03-17;264083.32;264083.32;165917.201;98166.119;-0.0
2025-03-18;279602.794;279602.794;166516.953;113085.841;-0.0
2025-03-19;278423.701;278423.701;165383.043;113040.658;-0.0
2025-03-20;292373.897;292373.897;173036.732;119337.165;-0.0
2025-03-21;273568.895;273568.895;177075.475;96493.42;-0.0
2025-03-22;282064.541;282064.541;169733.837;112330.704;-0.0
2025-03-23;255425.489;255425.489;162275.857;93149.632;-0.0
2025-03-24;269385.311;269385.311;160587.605;108797.706;-0.0
2025-03-25;267154.532;267140.724;160446.358;106694.366;13.808
2025-03-26;265948.924;265945.334;161956.075;103989.259;3.59
2025-03-27;258112.104;258112.881;151743.145;106369.736;-0.777
2025-03-28;272816.119;272816.119;161525.185;111290.934;-0.0
2025-03-29;272963.061;272963.061;164695.446;108267.615;-0.0
2025-03-30;249439.023;249439.252;169994.893;79444.359;-0.229
2025-03-31;252301.697;252301.697;156116.755;96184.942;-0.0
2025-04-01;246528.471;246528.471;153712.439;92816.032;-0.0
2025-04-02;258528.632;258528.632;151809.783;106718.849;-0.0
2025-04-03;261883.061;261883.061;154907.769;106975.292;-0.0
2025-04-04;253494.551;253494.551;153320.214;100174.337;-0.0
2025-04-05;203937.361;203937.361;133306.129;70631.232;-0.0
2025-04-06;194301.735;194301.735;151271.941;43029.794;-0.0
2025-04-07;227594.458;227594.458;144392.809;83201.649;-0.0
2025-04-08;246765.098;246765.098;152576.528;94188.57;-0.0
2025-04-09;264384.91;264384.91;148742.273;115642.637;-0.0
2025-04-10;244327.174;244327.174;143283.672;101043.502;-0.0
2025-04-11;256957.26;256957.26;147721.051;109236.209;-0.0
2025-04-12;246943.2;246943.2;143125.478;103817.722;-0.0
2025-04-13;226401.029;226401.029;139855.318;86545.711;-0.0
2025-04-14;250890.706;250890.706;147304.809;103585.897;-0.0
2025-04-15;229539.459;229539.459;139355.613;90183.846;-0.0
2025-04-16;237642.548;237642.548;132329.547;105313.001;-0.0
2025-04-17;249425.596;249425.596;139619.579;109806.017;-0.0
2025-04-18;206866.642;206866.642;138808.199;68058.443;-0.0
2025-04-19;235465.79;235465.79;133359.426;102106.364;-0.0
2025-04-20;209816.444;209816.444;141676.333;68140.111;-0.0
2025-04-21;251894.732;251894.732;146474.755;105419.977;-0.0
2025-04-22;246609.414;246609.414;143454.21;103155.204;-0.0
2025-04-23;226118.6;226118.6;135765.943;90352.657;-0.0
2025-04-24;218102.802;218102.802;117580.662;100522.14;-0.0
2025-04-25;233259.057;233259.057;126565.467;106693.59;-0.0
2025-04-26;241912.26;241912.26;131892.908;110019.352;-0.0
2025-04-27;204750.239;204750.239;128362.94;76387.299;-0.0
2025-04-28;223776.407;223776.407;129055.721;94720.686;-0.0
2025-04-29;243525.098;243525.098;135310.105;108214.993;-0.0
2025-04-30;241309.291;241309.291;140441.543;100867.748;-0.0
2025-05-01;214707.961;214707.961;148158.351;66549.61;-0.0
2025-05-02;235046.655;235046.655;148312.726;86733.929;-0.0
2025-05-03;206819.594;206819.594;149998.917;56820.677;-0.0
2025-05-04;178129.281;178129.281;148403.908;29725.373;-0.0
2025-05-05;235832.419;235832.419;145573.178;90259.241;-0.0
2025-05-06;223240.641;223240.641;143448.897;79791.744;-0.0
2025-05-07;244809.108;244809.108;139672.734;105136.374;-0.0
2025-05-08;234676.921;234676.921;141309.705;93367.216;-0.0
2025-05-09;231656.51;231656.51;136826.483;94830.027;-0.0
2025-05-10;220867.545;220867.545;138349.858;82517.687;-0.0
2025-05-11;198938.63;198938.63;130432.948;68505.682;-0.0
2025-05-12;221416.068;221416.068;131127.907;90288.161;-0.0
2025-05-13;199355.194;199355.194;133617.97;65737.224;-0.0
2025-05-14;227125.532;227125.532;138173.458;88952.074;-0.0
2025-05-15;205991.021;205991.021;133519.555;72471.466;-0.0
2025-05-16;203337.664;203337.664;131122.789;72214.875;-0.0
2025-05-17;210533.34;210533.34;142797.093;67736.247;-0.0
2025-05-18;193015.019;193015.019;142413.335;50601.684;-0.0
2025-05-19;219525.25;219525.25;141614.377;77910.873;-0.0
2025-05-20;231508.055;231508.055;138040.42;93467.635;-0.0
2025-05-21;222468.528;222468.528;135059.016;87409.512;-0.0
2025-05-22;234528.588;234528.588;138394.395;96134.193;-0.0
2025-05-23;242471.033;242471.033;140023.697;102447.336;-0.0
2025-05-24;210287.234;210287.234;132457.536;77829.698;-0.0
2025-05-25;193117.133;193117.133;137464.231;55652.902;-0.0
2025-05-26;221771.771;221771.771;138454.408;83317.363;-0.0
2025-05-27;222904.448;222904.448;133530.374;89374.074;-0.0
2025-05-28;194412.232;194412.232;109546.111;84866.121;-0.0
2025-05-29;228077.641;228077.641;122803.498;105274.143;-0.0
2025-05-30;242850.271;242850.271;137375.409;105474.862;-0.0
2025-05-31;203518.898;203487.935;138887.516;64600.419;30.963
2025-06-01;196854.568;196854.568;138312.283;58542.285;-0.0
2025-06-02;200922.392;200922.392;127237.645;73684.747;-0.0
2025-06-03;193209.081;193209.081;120941.784;72267.297;-0.0
2025-06-04;212610.785;212610.785;134926.644;77684.141;-0.0
2025-06-05;206766.007;206766.007;120749.688;86016.319;-0.0
2025-06-06;223807.957;223807.957;130252.234;93555.723;-0.0
2025-06-07;196301.268;196301.268;129190.555;67110.713;-0.0
2025-06-08;185394.468;185394.468;123895.653;61498.815;-0.0
2025-06-09;233661.736;233661.736;122092.613;111569.123;-0.0
2025-06-10;243312.953;243312.953;134464.176;108848.777;-0.0
2025-06-11;237476.739;237476.739;137212.656;100264.083;-0.0
2025-06-12;222188.004;222188.004;138522.517;83665.487;-0.0
2025-06-13;199367.007;199367.007;135377.227;63989.78;-0.0
2025-06-14;187947.111;187947.111;125172.266;62774.845;-0.0
2025-06-15;173358.155;173358.155;119679.993;53678.162;-0.0
2025-06-16;225214.173;225214.173;136605.34;88608.833;-0.0
2025-06-17;204242.54;204242.54;133149.141;71093.399;-0.0
2025-06-18;195967.585;195967.585;129345.215;66622.37;-0.0
2025-06-19;210093.276;210093.276;124206.406;85886.87;-0.0
2025-06-20;192249.268;192249.268;121040.849;71208.419;-0.0
2025-06-21;184084.408;184084.408;127184.816;56899.592;-0.0
2025-06-22;179264.947;179264.947;120802.345;58462.602;-0.0
2025-06-23;206273.364;206273.364;118741.09;87532.274;-0.0
2025-06-24;242695.061;242695.061;133982.795;108712.266;-0.0
2025-06-25;229328.394;229328.394;141218.693;88109.701;-0.0
2025-06-26;196307.725;196307.725;123854.536;72453.189;-0.0
2025-06-27;225019.988;225019.988;130019.048;95000.94;-0.0
2025-06-28;197949.127;197949.127;126900.576;71048.551;-0.0
2025-06-29;170874.979;170874.979;122572.595;48302.384;-0.0
2025-06-30;214050.322;214050.322;118917.197;95133.125;-0.0
2025-07-01;215696.239;215696.239;126349.81;89346.429;-0.0
2025-07-02;206491.045;206491.045;130016.135;76474.91;-0.0
2025-07-03;218396.929;218396.929;129347.958;89048.971;-0.0
2025-07-04;214528.618;214528.618;135476.579;79052.039;-0.0
2025-07-05;206126.803;206126.803;143964.463;62162.34;-0.0
2025-07-06;182343.117;182343.117;145785.035;36558.082;-0.0
2025-07-07;221119.339;221119.339;143568.515;77550.824;-0.0
2025-07-08;217223.599;217223.599;141400.671;75822.928;-0.0
2025-07-09;228731.333;228731.333;141332.721;87398.612;-0.0
2025-07-10;216881.127;216881.127;138308.478;78572.649;-0.0
2025-07-11;211496.878;211496.878;132940.769;78556.109;-0.0
2025-07-12;196563.491;196563.491;131639.757;64923.734;-0.0
2025-07-13;168262.697;168262.697;130932.589;37330.108;-0.0
2025-07-14;209832.31;209832.31;140176.719;69655.591;-0.0
2025-07-15;230234.865;230234.865;147374.785;82860.08;-0.0
2025-07-16;236281.199;236281.199;151681.154;84600.045;-0.0
2025-07-17;235163.88;235163.88;142427.05;92736.83;-0.0
2025-07-18;248715.355;248715.355;144147.603;104567.752;-0.0
2025-07-19;213417.862;213417.862;150294.478;63123.384;-0.0
2025-07-20;195766.309;195766.309;147436.691;48329.618;-0.0
2025-07-21;252323.99;252323.99;150819.726;101504.264;-0.0
2025-07-22;248735.767;248735.767;151839.725;96896.042;-0.0
2025-07-23;247104.309;247104.309;147460.142;99644.167;-0.0
2025-07-24;221423.674;221423.674;135585.481;85838.193;-0.0
2025-07-25;229232.515;229232.515;142866.025;86366.49;-0.0
2025-07-26;206740.717;206740.717;149984.72;56755.997;-0.0
2025-07-27;184468.263;184468.263;139216.82;45251.443;-0.0
2025-07-28;225837.214;225837.214;128880.701;96956.513;-0.0
2025-07-29;263939.176;263939.176;152069.254;111869.922;-0.0
2025-07-30;263564.536;263564.536;157772.202;105792.334;-0.0
2025-07-31;236032.626;236032.626;155916.765;80115.861;-0.0
2025-08-01;239245.887;239245.887;155383.682;83862.205;-0.0
2025-08-02;216759.868;216759.868;150593.414;66166.454;-0.0
2025-08-03;184345.298;184345.298;139875.494;44469.804;-0.0
2025-08-04;197307.422;197307.422;124132.263;73175.159;-0.0
2025-08-05;211091.194;211091.194;121706.531;89384.663;-0.0
2025-08-06;235368.198;235367.914;150248.728;85119.186;0.284
2025-08-07;234816.446;234814.103;150416.653;84397.45;2.343
2025-08-08;240653.556;240655.786;142158.401;98497.385;-2.23
2025-08-09;244938.037;244939.259;149722.421;95216.838;-1.222
2025-08-10;192808.677;192810.743;162915.574;29895.169;-2.066
2025-08-11;252355.303;252357.92;163907.724;88450.196;-2.617
2025-08-12;259182.326;259183.05;163975.958;95207.092;-0.724
2025-08-13;241058.783;241061.306;166517.487;74543.819;-2.523
2025-08-14;258883.443;258885.332;167742.444;91142.888;-1.889
2025-08-15;243117.873;243117.937;155913.887;87204.05;-0.064
2025-08-16;227177.547;227178.552;153872.109;73306.443;-1.005
2025-08-17;197694.5;197696.088;161751.265;35944.823;-1.588
2025-08-18;257678.538;257679.293;162608.839;95070.454;-0.755
2025-08-19;239856.512;239857.651;157940.185;81917.466;-1.139
2025-08-20;257511.811;257514.983;158836.33;98678.653;-3.172
2025-08-21;255961.282;255961.202;167757.083;88204.119;0.08
2025-08-22;250691.072;250692.194;169292.181;81400.013;-1.122
2025-08-23;235608.772;235609.346;160041.624;75567.722;-0.574
2025-08-24;217136.867;217137.127;155195.663;61941.464;-0.26
2025-08-25;238489.588;238490.102;156804.26;81685.842;-0.514
2025-08-26;251455.528;251456.111;158321.056;93135.055;-0.583
2025-08-27;260500.078;260500.843;168202.349;92298.494;-0.765
2025-08-28;258767.96;258769.65;161921.882;96847.768;-1.69
2025-08-29;254291.997;254293.024;155492.441;98800.583;-1.027
2025-08-30;235121.82;235124.271;165525.995;69598.276;-2.451
2025-08-31;207655.578;207657.347;164066.467;43590.88;-1.769
2025-09-01;233008.614;233008.614;158108.425;74900.189;-0.0
2025-09-02;241835.671;241835.671;162393.875;79441.796;-0.0
2025-09-03;244462.138;244462.138;163214.246;81247.892;-0.0
2025-09-04;242456.557;242456.557;158183.378;84273.179;-0.0
2025-09-05;261091.904;261091.904;159921.168;101170.736;-0.0
2025-09-06;230930.936;230930.936;163543.205;67387.731;-0.0
2025-09-07;216004.935;216004.935;159756.971;56247.964;-0.0
2025-09-08;243783.837;243783.837;152931.682;90852.155;-0.0
2025-09-09;276101.784;276101.784;170130.081;105971.703;-0.0
2025-09-10;296000.639;296000.639;192118.559;103882.08;-0.0
2025-09-11;287703.108;287703.108;182639.668;105063.44;-0.0
2025-09-12;279422.796;279422.796;180973.674;98449.122;-0.0
2025-09-13;240934.819;240934.819;168423.851;72510.968;-0.0
2025-09-14;225498.007;225498.007;169830.454;55667.553;-0.0
2025-09-15;267523.878;267523.878;169946.642;97577.236;-0.0
2025-09-16;280243.562;280243.562;168437.968;111805.594;-0.0
2025-09-17;283315.66;283315.66;180359.807;102955.853;-0.0
2025-09-18;283403.293;283403.293;182441.094;100962.199;-0.0
2025-09-19;271657.637;271657.637;179561.768;92095.869;-0.0
2025-09-20;241149.154;241149.154;170901.074;70248.08;-0.0
2025-09-21;227826.675;227826.675;164278.887;63547.788;-0.0
2025-09-22;245787.542;245787.542;148928.088;96859.454;-0.0
2025-09-23;253834.586;253834.586;175733.202;78101.384;-0.0
2025-09-24;248821.079;248821.079;173132.412;75688.667;-0.0
2025-09-25;230796.467;230796.467;165840.903;64955.564;-0.0
2025-09-26;262061.258;262061.258;180814.996;81246.262;-0.0
2025-09-27;244366.118;244366.118;187178.524;57187.594;-0.0
2025-09-28;238383.76;238383.76;179435.904;58947.856;-0.0
2025-09-29;304149.836;304149.836;194237.911;109911.925;-0.0
2025-09-30;280154.853;280154.853;176815.56;103339.293;-0.0
2025-10-01;276520.008;276520.008;171708.37;104811.638;-0.0
2025-10-02;279288.128;279288.128;168517.594;110770.534;-0.0
2025-10-03;272543.816;272543.816;169476.193;103067.623;-0.0
2025-10-04;251772.771;251772.771;179856.129;71916.642;-0.0
2025-10-05;237534.703;237534.703;194116.247;43418.456;-0.0
2025-10-06;288862.513;288862.513;179723.449;109139.064;-0.0
2025-10-07;290902.553;290902.553;179142.467;111760.086;-0.0
2025-10-08;286117.077;286117.077;175230.659;110886.418;-0.0
2025-10-09;280961.469;280961.469;171506.507;109454.962;-0.0
2025-10-10;286084.718;286084.718;178020.555;108064.163;-0.0
2025-10-11;265921.665;265921.665;182598.781;83322.884;-0.0
2025-10-12;234189.282;234189.282;159227.043;74962.239;-0.0
2025-10-13;281523.904;281523.904;175545.516;105978.388;-0.0
2025-10-14;283277.455;283277.455;192677.487;90599.968;-0.0
2025-10-15;290624.409;290624.409;200071.916;90552.493;-0.0
2025-10-16;305093.799;305093.799;184877.413;120216.386;-0.0
2025-10-17;303560.19;303560.19;182446.251;121113.939;-0.0
2025-10-18;263261.966;263261.966;164473.515;98788.451;-0.0
2025-10-19;231107.916;231107.916;175733.069;55374.847;-0.0
2025-10-20;257795.4;257795.4;191177.685;66617.715;-0.0
2025-10-21;255361.312;255361.312;197872.255;57489.057;-0.0
2025-10-22;272337.714;272337.714;204043.346;68294.368;-0.0
2025-10-23;280797.029;280797.029;209743.588;71053.441;-0.0
2025-10-24;285169.522;285169.522;207615.144;77554.378;-0.0
2025-10-25;274025.436;274025.436;202105.922;71919.514;-0.0
2025-10-26;239251.474;239251.474;178601.246;60650.228;-0.0
2025-10-27;270604.289;270605.53;170817.13;99788.4;-1.241
2025-10-28;265549.86;265550.656;172967.025;92583.631;-0.796
2025-10-29;290347.45;290348.784;178547.194;111801.59;-1.334
2025-10-30;288267.869;288267.869;175561.096;112706.773;-0.0
2025-10-31;276067.507;276067.507;172481.539;103585.968;-0.0
2025-11-01;250867.401;250867.401;183494.744;67372.657;-0.0
2025-11-02;231975.476;231975.476;169353.303;62622.173;-0.0
2025-11-03;268536.67;268536.67;168639.08;99897.59;-0.0
2025-11-04;289784.43;289784.43;189031.811;100752.619;-0.0
2025-11-05;299500.598;299500.598;187728.478;111772.12;-0.0
2025-11-06;319258.585;319258.585;200438.89;118819.695;-0.0
2025-11-07;313738.615;313738.615;185448.975;128289.64;-0.0
2025-11-08;262439.439;262439.439;168631.854;93807.585;-0.0
2025-11-09;244706.49;244706.49;196415.176;48291.314;-0.0
2025-11-10;296390.716;296390.716;209823.064;86567.652;-0.0
2025-11-11;305586.441;305586.441;212014.564;93571.877;-0.0
2025-11-12;314978.883;314978.883;206008.36;108970.523;-0.0
2025-11-13;301296.466;301296.466;191311.895;109984.571;-0.0
2025-11-14;308382.248;308382.248;194828.819;113553.429;-0.0
2025-11-15;272922.228;272922.228;189530.976;83391.252;-0.0
2025-11-16;260388.598;260388.598;182903.946;77484.652;-0.0
2025-11-17;296202.132;296202.132;178038.155;118163.977;-0.0
2025-11-18;320791.498;320791.498;206355.342;114436.156;-0.0
2025-11-19;328999.115;328999.115;224533.648;104465.467;-0.0
2025-11-20;299273.759;299273.759;228187.494;71086.265;-0.0
2025-11-21;306231.306;306231.306;221292.488;84938.818;-0.0
2025-11-22;302150.019;302150.019;207463.471;94686.548;-0.0
2025-11-23;251796.968;251796.968;180474.951;71322.017;-0.0
2025-11-24;286224.395;286224.395;179988.066;106236.329;-0.0
2025-11-25;309802.316;309802.316;206675.724;103126.592;-0.0
2025-11-26;337392.389;337392.389;219620.81;117771.579;-0.0
2025-11-27;338717.97;338717.97;218655.588;120062.382;-0.0
2025-11-28;331364.908;331364.908;217435.488;113929.42;-0.0
2025-11-29;330477.669;330477.669;225418.908;105058.761;-0.0
2025-11-30;296598.305;296598.305;225066.191;71532.114;-0.0
2025-12-01;315090.153;315090.153;203018.893;112071.26;-0.0
2025-12-02;306348.65;306348.65;195205.41;111143.24;-0.0
2025-12-03;297366.239;297366.239;192630.739;104735.5;-0.0
2025-12-04;291651.607;291651.607;193526.298;98125.309;-0.0
2025-12-05;297281.454;297281.454;199274.218;98007.236;-0.0
2025-12-06;285085.141;285085.141;199116.203;85968.938;-0.0
2025-12-07;261898.191;261898.191;197135.348;64762.843;-0.0
2025-12-08;271024.249;271024.249;168214.522;102809.727;-0.0
2025-12-09;248513.085;248513.085;144776.583;103736.502;-0.0
2025-12-10;306255.017;306255.017;187198.67;119056.347;-0.0
2025-12-11;348161.699;348161.699;221886.172;126275.527;-0.0
2025-12-12;293873.134;293873.134;178699.523;115173.611;-0.0
2025-12-13;286567.244;286567.244;184139.571;102427.673;-0.0
2025-12-14;269297.741;269297.741;183644.035;85653.706;-0.0
2025-12-15;314668.62;314668.62;183528.229;131140.391;-0.0
2025-12-16;275702.52;275702.52;174073.684;101628.836;-0.0
2025-12-17;281778.242;281778.242;175297.631;106480.611;-0.0
2025-12-18;275931.602;275931.602;185329.443;90602.159;-0.0
2025-12-19;306639.862;306639.862;194338.076;112301.786;-0.0
2025-12-20;296174.733;296174.733;195987.911;100186.822;-0.0
2025-12-21;281569.289;281569.289;193838.779;87730.51;-0.0
2025-12-22;307325.126;307325.126;201134.227;106190.899;-0.0
2025-12-23;320754.771;320754.771;205552.571;115202.2;-0.0
2025-12-24;312567.891;312567.891;204794.146;107773.745;-0.0
2025-12-25;277638.052;277638.052;202792.078;74845.974;-0.0
2025-12-26;341618.447;341618.447;215245.355;126373.092;-0.0
2025-12-27;347963.216;347963.216;223246.735;124716.481;-0.0
2025-12-28;330653.316;330653.316;214191.143;116462.173;-0.0
2025-12-29;315302.395;315302.395;201663.492;113638.903;-0.0
2025-12-30;324850.866;324850.866;204872.221;119978.645;-0.0
2025-12-31;334060.965;334060.965;208851.001;125209.964;-0.0
2026-01-01;293944.007;293991.367;200560.626;93430.741;-47.36
2026-01-02;317690.818;317666.916;195855.467;121811.449;23.902
2026-01-03;284602.861;284065.239;191521.419;92543.82;537.622
2026-01-04;267461.894;267434.565;196564.459;70870.106;27.329
2026-01-05;296576.52;295623.904;190918.758;104705.146;952.616
2026-01-06;273530.188;273705.957;181674.203;92031.754;-175.769
2026-01-07;298481.27;299342.045;193226.142;106115.903;-860.775
2026-01-08;334566.966;334708.812;205333.236;129375.576;-141.846
2026-01-09;328919.444;329413.51;211536.218;117877.292;-494.066
2026-01-10;308707.088;309318.296;205603.488;103714.808;-611.208
2026-01-11;288182.775;288675.763;206674.721;82001.042;-492.988
2026-01-12;320669.91;321217.609;203523.303;117694.306;-547.699
2026-01-13;304572.231;305062.084;203658.769;101403.315;-489.853
2026-01-14;313656.805;313780.22;202239.025;111541.195;-123.415
2026-01-15;326625.814;326686.671;210224.29;116462.381;-60.857
2026-01-16;207992.05;327537.364;207242.045;120295.319;-119545.314
2026-01-17;308397.228;308904.545;200643.24;108261.305;-507.317
2026-01-18;266663.711;266735.748;179702.272;87033.476;-72.037
2026-01-19;294564.567;294880.546;180350.185;114530.361;-315.979
2026-01-20;258664.01;259149.695;176458.332;82691.363;-485.685
2026-01-21;267806.975;267570.139;181700.972;85869.167;236.836
2026-01-22;257353.422;257871.828;177223.485;80648.343;-518.406
2026-01-23;280853.931;280853.931;187560.484;93293.447;0.0
2026-01-24;295269.656;295322.206;194002.093;101320.113;-52.55
2026-01-25;276909.22;277565.79;193567.292;83998.498;-656.57
2026-01-26;319602.026;319777.125;200370.707;119406.418;-175.099
2026-01-27;302195.716;299209.233;193723.188;105486.045;2986.483
2026-01-28;319652.339;319714.546;195998.487;123716.059;-62.207
2026-01-29;299822.044;296302.001;190229.864;106072.137;3520.043
2026-01-30;295617.188;295617.188;180896.882;114720.306;0.0
2026-01-31;298259.252;300865.125;194785.378;106079.747;-2605.873
2026-02-01;288284.464;290919.654;197120.197;93799.457;-2635.19
2026-02-02;294013.158;294469.364;173337.027;121132.337;-456.206
2026-02-03;270289.264;270666.014;165361.105;105304.909;-376.75
2026-02-04;299952.282;300425.389;177180.452;123244.937;-473.107
2026-02-05;299541.682;300306.104;184458.447;115847.657;-764.422
2026-02-06;314053.963;314314.117;192741.876;121572.241;-260.154
2026-02-07;291553.843;294594.67;179350.322;115244.348;-3040.827
2026-02-08;253584.942;254040.037;159096.775;94943.262;-455.095
2026-02-09;273764.961;275372.149;154448.474;120923.675;-1607.188
2026-02-10;268812.215;269956.778;168201.641;101755.137;-1144.563
2026-02-11;278610.54;279167.294;174518.416;104648.878;-556.754
2026-02-12;300770.01;301478.099;186187.508;115290.591;-708.089
2026-02-13;187299.188;307647.824;186744.688;120903.136;-120348.636
2026-02-14;300424.4;300980.279;189719.455;111260.824;-555.879
2026-02-15;290672.02;291373.786;199423.365;91950.421;-701.766
2026-02-16;325217.936;325720.196;204594.583;121125.613;-502.26
2026-02-17;323316.05;323724.474;205813.985;117910.489;-408.424
2026-02-18;302509.244;303034.865;186244.724;116790.141;-525.621
2026-02-19;319801.331;320659.207;191016.563;129642.644;-857.876
2026-02-20;305790.628;305790.628;185939.043;119851.585;-0.0
2026-02-21;298689.344;300729.121;180844.888;119884.233;-2039.777
2026-02-22;251542.988;252041.799;174085.963;77955.836;-498.811
2026-02-23;241365.371;241848.317;160279.422;81568.895;-482.946
2026-02-24;259782.816;260299.784;150346.767;109953.017;-516.968
2026-02-25;264810.435;265614.742;159850.384;105764.358;-804.307
2026-02-26;258993.175;259646.891;161264.66;98382.231;-653.716
2026-02-27;260117.345;261432.288;167250.897;94181.391;-1314.943
2026-02-28;252782.015;255804.749;180145.282;75659.467;-3022.734
2026-03-01;242781.544;243256.586;188813.829;54442.757;-475.042
2026-03-02;294209.207;294508.291;197324.282;97184.009;-299.084
2026-03-03;289910.526;292888.333;192543.747;100344.586;-2977.807
2026-03-04;302742.141;302454.523;191452.717;111001.806;287.618
2026-03-05;313766.187;314637.554;190960.908;123676.646;-871.367
2026-03-06;295306.444;295713.963;188133.773;107580.19;-407.519
2026-03-07;166912.425;262011.715;166479.891;95531.824;-95099.29
2026-03-08;271391.887;271391.887;181642.865;89749.022;0.0
2026-03-09;258890.006;258833.752;152392.957;106440.795;56.254
2026-03-10;256442.154;256853.485;146623.443;110230.042;-411.331
2026-03-11;256571.137;257678.995;146617.972;111061.023;-1107.858
2026-03-12;256048.024;256050.513;150539.137;105511.376;-2.489
2026-03-13;290348.219;290874.488;163453.947;127420.541;-526.269
2026-03-14;263958.635;263958.635;176814.921;87143.714;0.0
2026-03-15;248880.997;249394.722;187917.676;61477.046;-513.725
2026-03-16;286772.054;287235.707;192246.702;94989.005;-463.653
2026-03-17;283563.206;283563.206;171346.041;112217.165;0.0
2026-03-18;271627.574;271627.574;160035.023;111592.551;-0.0
2026-03-19;289621.542;290232.36;162188.665;128043.695;-610.818
2026-03-20;278970.897;278970.897;160892.266;118078.631;0.0
2026-03-21;260453.865;260458.143;174836.97;85621.173;-4.278
2026-03-22;278084.083;278286.473;176736.357;101550.116;-202.39
2026-03-23;305468.654;305468.654;180313.91;125154.744;0.0
2026-03-24;273993.49;273993.49;165085.691;108907.799;0.0
2026-03-25;254909.351;256352.564;160022.747;96329.817;-1443.213
2026-03-26;277139.639;276863.005;169143.401;107719.604;276.634
2026-03-27;298485.206;298485.206;180947.964;117537.242;0.0
2026-03-28;282352.315;281950.138;185552.304;96397.834;402.177
2026-03-29;246662.692;248058.412;182547.939;65510.473;-1395.72
2026-03-30;291124.258;290883.942;177353.671;113530.271;240.316
2026-03-31;274512.965;274512.965;161037.791;113475.174;0.0
2026-04-01;244412.801;244431.743;155798.217;88633.526;-18.942
2026-04-02;261749.104;261736.377;162420.777;99315.6;12.727
2026-04-03;213718.823;213718.823;172678.511;41040.312;0.0
2026-04-04;270063.854;270143.797;175037.196;95106.601;-79.943
2026-04-05;243792.497;243833.967;160333.312;83500.655;-41.47
2026-04-06;293420.242;294225.411;166048.928;128176.483;-805.169
2026-04-07;267730.083;268312.433;155570.924;112741.509;-582.35
2026-04-08;280640.814;280707.564;156594.234;124113.33;-66.75
2026-04-09;283042.281;283357.996;157930.48;125427.516;-315.715
2026-04-10;282923.789;282821.373;157466.415;125354.958;102.416
2026-04-11;247560.875;247047.962;160702.994;86344.968;512.913
2026-04-12;214509.516;214090.384;146869.81;67220.574;419.132
2026-04-13;261995.378;261057.843;157114.869;103942.974;937.535
2026-04-14;267783.397;267481.248;166283.072;101198.176;302.149
2026-04-15;272903.259;272903.259;163290.7;109612.559;-0.0
2026-04-16;271404.21;271404.21;160449.255;110954.955;-0.0
2026-04-17;290167.554;290167.554;164263.777;125903.777;0.0
2026-04-18;290630.418;290630.418;167744.421;122885.997;-0.0
2026-04-19;227411.849;227411.849;163783.679;63628.17;0.0
2026-04-20;274888.346;274888.346;160788.464;114099.882;0.0
2026-04-21;238348.025;238348.025;152673.071;85674.954;-0.0
2026-04-22;285330.379;285330.379;163949.833;121380.546;0.0
2026-04-23;245766.361;245766.361;157281.891;88484.47;-0.0
2026-04-24;253539.161;253539.161;149800.552;103738.609;-0.0
2026-04-25;245908.092;245820.352;150126.153;95694.199;87.74
2026-04-26;221695.859;221695.859;154458.194;67237.665;-0.0
2026-04-27;275235.333;275235.333;151146.957;124088.376;0.0
2026-04-28;252990.614;252990.614;145485.087;107505.527;0.0
2026-04-29;259410.431;259410.431;151819.649;107590.782;-0.0
2026-04-30;266276.073;266276.073;160522.788;105753.285;0.0
2026-05-01;202532.699;202865.936;146324.262;56541.674;-333.237
2026-05-02;217544.169;217956.941;143132.207;74824.734;-412.772
2026-05-03;190436.463;190642.764;147425.956;43216.809;-206.301
2026-05-04;240033.354;240477.028;144000.445;96476.584;-443.674
2026-05-05;241318.763;241871.369;154709.456;87161.913;-552.606
2026-05-06;249007.011;250307.909;155812.466;94495.443;-1300.899
2026-05-07;258337.754;260311.674;149878.106;110433.568;-1973.92
2026-05-08;252483.836;254414.29;134908.599;119505.691;-1930.454
2026-05-09;129019.929;238968.644;128472.434;110496.21;-109948.715
2026-05-10;212947.133;214052.563;129165.568;84886.995;-1105.43
2026-05-11;264976.826;267764.602;151987.901;115776.701;-2787.776
2026-05-12;241884.506;243826.841;151507.615;92319.226;-1942.335
2026-05-13;212135.453;213191.673;139825.234;73366.439;-1056.22
2026-05-14;232346.361;234540.524;139954.746;94585.777;-2194.163
2026-05-15;256771.117;259250.214;130996.663;128253.551;-2479.097
2026-05-16;252010.081;253914.302;143861.87;110052.432;-1904.22
2026-05-17;233534.663;234472.242;143888.709;90583.533;-937.579
2026-05-18;236857.838;239261.084;118671.611;120589.473;-2403.246
2026-05-19;243757.206;246553.901;127941.388;118612.514;-2796.695
2026-05-20;249590.608;252176.886;133287.462;118889.423;-2586.278
2026-05-21;249035.28;251333.663;129513.644;121820.019;-2298.383
2026-05-22;211075.132;213213.684;117465.011;95748.673;-2138.552
2026-05-23;192479.999;193450.608;115869.818;77580.79;-970.609
2026-05-24;182341.391;182686.882;123685.458;59001.424;-345.491
2026-05-25;229085.841;229899.101;128810.082;101089.019;-813.26
2026-05-26;232326.827;233564.318;129391.139;104173.179;-1237.491
2026-05-27;239274.511;240344.911;139781.981;100562.93;-1070.4
2026-05-28;236802.362;238443.367;141577.207;96866.16;-1641.005
2026-05-29;225225.408;227300.802;125515.991;101784.81;-2075.394
2026-05-30;193380.161;193604.043;122289.987;71314.056;-223.882
2026-05-31;190900.039;190672.117;136289.485;54382.633;227.922
2026-06-01;247546.675;249948.509;139983.022;109965.486;-2401.834
2026-06-02;253081.517;255034.517;139788.932;115245.585;-1953.0
2026-06-03;226015.815;227123.592;138209.543;88914.049;-1107.777
2026-06-04;209510.84;210941.924;138338.567;72603.356;-1431.084
2026-06-05;211541.768;212701.797;140024.058;72677.739;-1160.029
2026-06-06;199760.741;200409.919;140311.389;60098.53;-649.178
2026-06-07;191708.906;192183.659;138711.286;53472.372;-474.753
2026-06-08;235938.583;239322.116;136216.029;103106.087;-3383.533
2026-06-09;231321.317;234480.242;132176.912;102303.329;-3158.924
2026-06-10;231198.167;234854.212;113783.354;121070.857;-3656.045
2026-06-11;198410.443;201556.059;100952.035;100604.025;-3145.616
2026-06-12;195488.331;198247.557;105596.268;92651.289;-2759.226
2026-06-13;229303.24;231248.048;124165.846;107082.202;-1944.808
2026-06-14;201772.26;202828.487;115220.94;87607.546;-1056.227
2026-06-15;224663.16;227773.33;114861.799;112911.531;-3110.17
2026-06-16;240664.364;244004.726;125764.769;118239.956;-3340.362
2026-06-17;266080.1;268745.455;137987.024;130758.43;-2665.355
2026-06-18;234948.397;239291.778;138056.038;101235.74;-4343.381
2026-06-19;222836.405;226067.034;125285.928;100781.106;-3230.629
2026-06-20;259314.906;262603.915;143799.126;118804.789;-3289.009
2026-06-21;242939.137;243982.237;173787.092;70195.145;-1043.1
2026-06-22;275872.711;278456.575;158384.351;120072.223;-2583.864
2026-06-23;276912.805;279600.746;156722.046;122878.699;-2687.941
2026-06-24;265533.879;268204.694;151578.715;116625.978;-2670.815
2026-06-25;248669.294;252405.168;148740.451;103664.717;-3735.874
2026-06-26;249107.556;253195.337;153953.423;99241.915;-4087.781
2026-06-27;239342.297;242113.408;160619.66;81493.748;-2771.111
2026-06-28;210185.682;211017.892;158814.518;52203.374;-832.21
2026-06-29;237864.508;241606.264;157718.369;83887.896;-3741.756
2026-06-30;272933.457;277347.034;164272.254;113074.779;-4413.577
2026-07-01;275704.312;279794.989;170044.379;109750.61;-4090.677
2026-07-02;264817.306;267198.21;169224.08;97974.129;-2380.904
2026-07-03;258821.98;261416.301;166565.486;94850.815;-2594.321
2026-07-04;249407.808;249813.014;169512.376;80300.639;-405.206
2026-07-05;233767.461;236391.783;164556.623;71835.16;-2624.322
2026-07-06;285802.838;291015.691;160792.751;130222.94;-5212.853
2026-07-07;298983.645;303384.743;182465.238;120919.505;-4401.098
2026-07-08;294034.332;296558.201;182666.364;113891.837;-2523.869
2026-07-09;270182.935;273114.341;179748.957;93365.384;-2931.407
2026-07-10;291100.605;293663.613;171587.613;122076.0;-2563.008
2026-07-11;265165.283;265893.379;167494.77;98398.609;-728.096
2026-07-12;227932.359;228397.334;162271.161;66126.173;-464.975
2026-07-13;290137.662;295479.655;169734.051;125745.604;-5341.993
2026-07-14;288981.192;292750.672;180967.575;111783.096;-3769.48
2026-07-15;265420.745;266174.883;181701.222;84473.662;-754.139
2026-07-16;266758.744;267545.711;179210.468;88335.243;-786.967
2026-07-17;263611.507;264456.832;180649.942;83806.89;-845.325
2026-07-18;242783.876;243444.312;180052.597;63391.715;-660.436
2026-07-19;220113.338;220822.378;183725.703;37096.674;-709.04
2026-07-20;287206.498;289806.858;177819.627;111987.23;-2600.36
2026-07-21;282966.364;285176.897;173203.797;111973.1;-2210.533
2026-07-22;273412.156;274822.672;158991.3;115831.372;-1410.516
2026-07-23;274087.223;274635.96;167345.648;107290.312;-548.737
2026-07-24;263718.733;267793.296;156031.105;111762.191;-4074.563
2026-07-25;261091.013;261831.531;169161.239;92670.292;-740.518
2026-07-26;232958.123;233235.276;182737.614;50497.662;-277.153
2026-07-27;298064.228;301827.237;188817.593;113009.644;-3763.009
2026-07-28;300740.465;302997.477;188336.494;114660.984;-2257.013
2026-07-29;301473.072;305548.791;182815.82;122732.97;-4075.719
2026-07-30;314394.034;316565.311;187326.196;129239.114;-2171.277
2026-07-31;302833.439;306766.624;198083.373;108683.252;-3933.185
2026-08-01;270319.496;270579.326;210004.274;60575.052;-259.83
2026-08-02;245024.826;245389.007;205583.559;39805.448;-364.181
2026-08-03;303155.636;306689.422;194387.118;112302.304;-3533.786
2026-08-04;292394.186;296103.247;187329.372;108773.876;-3709.061
2026-08-05;325180.651;329736.694;203379.843;126356.851;-4556.043
2026-08-06;332536.038;336239.165;204178.369;132060.796;-3703.127
2026-08-07;333612.633;338611.345;200825.707;137785.638;-4998.712
2026-08-08;320571.422;322186.024;204363.019;117823.005;-1614.602
2026-08-09;268578.311;269147.631;210304.16;58843.471;-569.32
2026-08-10;319833.568;322642.804;195880.544;126762.26;-2809.236
2026-08-11;299186.723;305773.692;185902.029;119871.663;-6586.969
2026-08-12;307722.59;312666.994;194153.74;118513.254;-4944.404
2026-08-13;336825.66;341813.167;203406.666;138406.502;-4987.507
2026-08-14;347061.716;353317.014;209290.19;144026.824;-6255.298
2026-08-15;294965.181;296396.591;210685.829;85710.762;-1431.41
2026-08-16;272439.492;273373.799;215441.068;57932.731;-934.307
2026-08-17;312715.954;314774.33;222029.424;92744.905;-2058.376
2026-08-18;334263.152;338271.649;225050.391;113221.259;-4008.497
2026-08-19;347434.288;351480.252;214161.401;137318.851;-4045.964
2026-08-20;340417.504;342550.12;216031.336;126518.785;-2132.616
2026-08-21;368933.427;370003.728;233676.66;136327.068;-1070.301
2026-08-22;316324.474;316525.737;238286.169;78239.568;-201.264
2026-08-23;279486.724;279563.233;232095.289;47467.944;-76.509
2026-08-24;326546.808;326814.086;212753.646;114060.44;-267.278
2026-08-25;324291.903;324515.156;204022.025;120493.131;-223.253
2026-08-26;327657.501;328349.714;194779.896;133569.818;-692.213
2026-08-27;348685.347;349255.03;215729.795;133525.236;-569.683
2026-08-28;359876.799;360881.76;222045.044;138836.715;-1004.961
2026-08-29;326975.466;327289.503;221443.823;105845.68;-314.036
2026-08-30;298846.163;299445.536;220510.985;78934.552;-599.373
2026-08-31;348819.89;349328.769;213783.762;135545.007;-508.879
2026-09-01;346445.446;347132.762;199864.897;147267.865;-687.316
2026-09-02;360424.209;361153.354;237392.537;123760.816;-729.145
2026-09-03;336383.95;336932.518;242188.32;94744.197;-548.568
2026-09-04;346025.652;346706.413;227521.207;119185.205;-680.761
2026-09-05;303329.485;303709.919;209858.983;93850.935;-380.433
2026-09-06;290279.378;290565.332;190972.528;99592.804;-285.954
2026-09-07;283399.567;283587.826;201985.383;81602.443;-188.259
2026-09-08;296936.306;297320.182;200349.955;96970.227;-383.876
2026-09-09;330756.802;331633.34;208746.793;122886.546;-876.537
2026-09-10;329225.872;330466.995;202309.724;128157.271;-1241.123
2026-09-11;357520.645;357975.79;223799.14;134176.65;-455.145
2026-09-12;311629.53;312021.608;220632.062;91389.545;-392.078
2026-09-13;283638.31;283810.84;202376.658;81434.182;-172.53
2026-09-14;319662.631;319957.8;192123.093;127834.707;-295.169
2026-09-15;345116.286;345487.663;230518.611;114969.052;-371.377
2026-09-16;349110.301;349506.337;236449.954;113056.383;-396.036
2026-09-17;336630.516;336890.215;235167.625;101722.59;-259.699
2026-09-18;316329.757;316548.014;228496.543;88051.471;-218.257
2026-09-19;280557.81;280701.201;208926.488;71774.713;-143.391
2026-09-20;294543.969;294634.919;236830.652;57804.266;-90.95
2026-09-21;369618.327;370101.026;239255.608;130845.418;-482.699
2026-09-22;370766.997;371047.727;220521.061;150526.666;-280.73
2026-09-23;357111.22;357470.787;209888.306;147582.481;-359.567
2026-09-24;349488.859;350003.163;228373.104;121630.06;-514.304
2026-09-25;360293.719;360652.374;243546.116;117106.258;-358.655
2026-09-26;344786.169;344897.812;260956.65;83941.162;-111.643
2026-09-27;337984.236;337965.261;256484.532;81480.729;18.975
2026-09-28;397253.013;397490.048;247384.575;150105.473;-237.035
2026-09-29;;413406.085;243592.302;169813.783;
