cod_ibge6;municipio;uf;mes_cde;faturas_tsee;desconto_reais;mes_cadunico;familias_ate_meio_sm_atualizadas;familias_ate_meio_sm;razao_proxy_atualizadas;razao_proxy_cadastradas;base_pequena
110001;ALTA FLORESTA D'OESTE;RO;2026-03;1133.0;60173.01;2026-03;2264.0;2529.0;50.04;44.8;0
110002;ARIQUEMES;RO;2026-03;7792.0;422100.47;2026-03;11728.0;12535.0;66.44;62.16;0
110003;CABIXI;RO;2026-03;286.0;15435.2;2026-03;589.0;639.0;48.56;44.76;0
110004;CACOAL;RO;2026-03;5963.0;318476.39;2026-03;8488.0;9387.0;70.25;63.52;0
110005;CEREJEIRAS;RO;2026-03;1104.0;59518.4;2026-03;1644.0;1777.0;67.15;62.13;0
110006;COLORADO DO OESTE;RO;2026-03;747.0;38793.23;2026-03;897.0;997.0;83.28;74.92;0
110007;CORUMBIARA;RO;2026-03;303.0;15421.24;2026-03;584.0;641.0;51.88;47.27;0
110008;COSTA MARQUES;RO;2026-03;1289.0;67558.71;2026-03;2320.0;2527.0;55.56;51.01;0
110009;ESPIGÃO D'OESTE;RO;2026-03;1694.0;89221.44;2026-03;2209.0;2551.0;76.69;66.41;0
110010;GUAJARÁ-MIRIM;RO;2026-03;4291.0;222099.52;2026-03;6826.0;7188.0;62.86;59.7;0
110011;JARU;RO;2026-03;3476.0;185910.99;2026-03;5122.0;5765.0;67.86;60.29;0
110012;JI-PARANÁ;RO;2026-03;9287.0;500353.82;2026-03;11859.0;13044.0;78.31;71.2;0
110013;MACHADINHO D'OESTE;RO;2026-03;1979.0;102847.19;2026-03;3785.0;4187.0;52.29;47.27;0
110014;NOVA BRASILÂNDIA D'OESTE;RO;2026-03;830.0;43596.32;2026-03;1962.0;2154.0;42.3;38.53;0
110015;OURO PRETO DO OESTE;RO;2026-03;2550.0;137140.36;2026-03;3722.0;4042.0;68.51;63.09;0
110018;PIMENTA BUENO;RO;2026-03;1659.0;88223.09;2026-03;2428.0;2702.0;68.33;61.4;0
110020;PORTO VELHO;RO;2026-03;35301.0;1825837.32;2026-03;66545.0;74645.0;53.05;47.29;0
110025;PRESIDENTE MÉDICI;RO;2026-03;1495.0;78537.26;2026-03;2468.0;2684.0;60.58;55.7;0
110026;RIO CRESPO;RO;2026-03;148.0;7938.99;2026-03;358.0;383.0;41.34;38.64;0
110028;ROLIM DE MOURA;RO;2026-03;3284.0;177392.0;2026-03;4225.0;4703.0;77.73;69.83;0
110029;SANTA LUZIA D'OESTE;RO;2026-03;361.0;18952.32;2026-03;794.0;874.0;45.47;41.3;0
110030;VILHENA;RO;2026-03;5299.0;283710.35;2026-03;7892.0;8929.0;67.14;59.35;0
110032;SÃO MIGUEL DO GUAPORÉ;RO;2026-03;1062.0;56223.82;2026-03;1802.0;2017.0;58.93;52.65;0
110033;NOVA MAMORÉ;RO;2026-03;1522.0;80180.62;2026-03;3426.0;3941.0;44.42;38.62;0
110034;ALVORADA D'OESTE;RO;2026-03;1014.0;53563.22;2026-03;1813.0;1990.0;55.93;50.95;0
110037;ALTO ALEGRE DOS PARECIS;RO;2026-03;453.0;23621.49;2026-03;705.0;852.0;64.26;53.17;0
110040;ALTO PARAÍSO;RO;2026-03;887.0;46598.28;2026-03;1925.0;2136.0;46.08;41.53;0
110045;BURITIS;RO;2026-03;1644.0;88145.03;2026-03;2771.0;3089.0;59.33;53.22;0
110050;NOVO HORIZONTE DO OESTE;RO;2026-03;428.0;22581.04;2026-03;878.0;971.0;48.75;44.08;0
110060;CACAULÂNDIA;RO;2026-03;218.0;11683.41;2026-03;480.0;530.0;45.42;41.13;0
110070;CAMPO NOVO DE RONDÔNIA;RO;2026-03;389.0;19903.42;2026-03;862.0;1012.0;45.13;38.44;0
110080;CANDEIAS DO JAMARI;RO;2026-03;1872.0;99030.07;2026-03;4793.0;5109.0;39.06;36.64;0
110090;CASTANHEIRAS;RO;2026-03;141.0;7158.33;2026-03;403.0;426.0;34.99;33.1;0
110092;CHUPINGUAIA;RO;2026-03;546.0;28317.79;2026-03;1147.0;1241.0;47.6;44.0;0
110094;CUJUBIM;RO;2026-03;1232.0;65265.96;2026-03;1989.0;2250.0;61.94;54.76;0
110100;GOVERNADOR JORGE TEIXEIRA;RO;2026-03;363.0;18474.06;2026-03;1242.0;1379.0;29.23;26.32;0
110110;ITAPUÃ DO OESTE;RO;2026-03;749.0;39711.35;2026-03;1240.0;1334.0;60.4;56.15;0
110120;MINISTRO ANDREAZZA;RO;2026-03;386.0;20621.1;2026-03;898.0;992.0;42.98;38.91;0
110130;MIRANTE DA SERRA;RO;2026-03;783.0;40614.32;2026-03;1099.0;1364.0;71.25;57.4;0
110140;MONTE NEGRO;RO;2026-03;802.0;42607.04;2026-03;1846.0;2020.0;43.45;39.7;0
110143;NOVA UNIÃO;RO;2026-03;434.0;22402.55;2026-03;979.0;1068.0;44.33;40.64;0
110145;PARECIS;RO;2026-03;252.0;12329.01;2026-03;523.0;557.0;48.18;45.24;0
110146;PIMENTEIRAS DO OESTE;RO;2026-03;172.0;9054.73;2026-03;372.0;401.0;46.24;42.89;0
110147;PRIMAVERA DE RONDÔNIA;RO;2026-03;208.0;10545.72;2026-03;382.0;408.0;54.45;50.98;0
110148;SÃO FELIPE D'OESTE;RO;2026-03;160.0;8162.68;2026-03;396.0;428.0;40.4;37.38;0
110149;SÃO FRANCISCO DO GUAPORÉ;RO;2026-03;1074.0;56113.59;2026-03;1991.0;2173.0;53.94;49.42;0
110150;SERINGUEIRAS;RO;2026-03;752.0;39036.25;2026-03;1498.0;1636.0;50.2;45.97;0
110155;TEIXEIRÓPOLIS;RO;2026-03;196.0;10354.45;2026-03;556.0;605.0;35.25;32.4;0
110160;THEOBROMA;RO;2026-03;284.0;14708.79;2026-03;804.0;910.0;35.32;31.21;0
110170;URUPÁ;RO;2026-03;745.0;39246.65;2026-03;1192.0;1294.0;62.5;57.57;0
110175;VALE DO ANARI;RO;2026-03;646.0;33989.15;2026-03;1353.0;1488.0;47.75;43.41;0
110180;VALE DO PARAÍSO;RO;2026-03;355.0;18513.73;2026-03;741.0;847.0;47.91;41.91;0
120001;ACRELÂNDIA;AC;2026-03;1398.0;74766.17;2026-03;2600.0;2839.0;53.77;49.24;0
120005;ASSIS BRASIL;AC;2026-03;1008.0;51793.02;2026-03;2245.0;2373.0;44.9;42.48;0
120010;BRASILÉIA;AC;2026-03;2811.0;150727.4;2026-03;5785.0;6237.0;48.59;45.07;0
120013;BUJARI;AC;2026-03;1241.0;62986.3;2026-03;2531.0;2663.0;49.03;46.6;0
120017;CAPIXABA;AC;2026-03;1138.0;59937.69;2026-03;2285.0;2445.0;49.8;46.54;0
120020;CRUZEIRO DO SUL;AC;2026-03;12280.0;667541.48;2026-03;16850.0;17763.0;72.88;69.13;0
120025;EPITACIOLÂNDIA;AC;2026-03;2032.0;107851.62;2026-03;3202.0;3513.0;63.46;57.84;0
120030;FEIJÓ;AC;2026-03;4314.0;223221.17;2026-03;6968.0;7318.0;61.91;58.95;0
120032;JORDÃO;AC;2026-03;650.0;32160.82;2026-03;1919.0;2013.0;33.87;32.29;0
120033;MÂNCIO LIMA;AC;2026-03;3284.0;172141.76;2026-03;5120.0;5337.0;64.14;61.53;0
120034;MANOEL URBANO;AC;2026-03;1785.0;88149.92;2026-03;3005.0;3127.0;59.4;57.08;0
120035;MARECHAL THAUMATURGO;AC;2026-03;2059.0;101682.17;2026-03;4039.0;4269.0;50.98;48.23;0
120038;PLÁCIDO DE CASTRO;AC;2026-03;1701.0;90761.01;2026-03;2629.0;2856.0;64.7;59.56;0
120039;PORTO WALTER;AC;2026-03;1451.0;73363.79;2026-03;2496.0;2564.0;58.13;56.59;0
120040;RIO BRANCO;AC;2026-03;32615.0;1772097.01;2026-03;52376.0;56667.0;62.27;57.56;0
120042;RODRIGUES ALVES;AC;2026-03;2180.0;114730.78;2026-03;3472.0;3550.0;62.79;61.41;0
120043;SANTA ROSA DO PURUS;AC;2026-03;497.0;20087.49;2026-03;1317.0;1372.0;37.74;36.22;0
120045;SENADOR GUIOMARD;AC;2026-03;1994.0;108659.92;2026-03;3926.0;4133.0;50.79;48.25;0
120050;SENA MADUREIRA;AC;2026-03;6812.0;358043.18;2026-03;10480.0;10911.0;65.0;62.43;0
120060;TARAUACÁ;AC;2026-03;5749.0;299932.65;2026-03;10115.0;10643.0;56.84;54.02;0
120070;XAPURI;AC;2026-03;2084.0;109375.28;2026-03;3473.0;3660.0;60.01;56.94;0
120080;PORTO ACRE;AC;2026-03;1975.0;104855.79;2026-03;4869.0;5227.0;40.56;37.78;0
130002;ALVARÃES;AM;2026-03;1912.0;98166.58;2026-03;3739.0;3899.0;51.14;49.04;0
130006;AMATURÁ;AM;2026-03;1254.0;65032.95;2026-03;3217.0;3272.0;38.98;38.33;0
130008;ANAMÃ;AM;2026-03;1445.0;75713.53;2026-03;2871.0;2961.0;50.33;48.8;0
130010;ANORI;AM;2026-03;1419.0;73578.56;2026-03;4219.0;4414.0;33.63;32.15;0
130014;APUÍ;AM;2026-03;1299.0;67249.98;2026-03;2738.0;3048.0;47.44;42.62;0
130020;ATALAIA DO NORTE;AM;2026-03;878.0;45348.28;2026-03;2560.0;2661.0;34.3;33.0;0
130030;AUTAZES;AM;2026-03;3472.0;156246.68;2026-03;15796.0;17148.0;21.98;20.25;0
130040;BARCELOS;AM;2026-03;1226.0;66686.58;2026-03;3740.0;3987.0;32.78;30.75;0
130050;BARREIRINHA;AM;2026-03;2469.0;115583.72;2026-03;6764.0;7180.0;36.5;34.39;0
130060;BENJAMIN CONSTANT;AM;2026-03;3654.0;181564.86;2026-03;8332.0;8519.0;43.86;42.89;0
130063;BERURI;AM;2026-03;2570.0;133230.48;2026-03;5809.0;6232.0;44.24;41.24;0
130068;BOA VISTA DO RAMOS;AM;2026-03;1944.0;99028.48;2026-03;4092.0;4207.0;47.51;46.21;0
130070;BOCA DO ACRE;AM;2026-03;3746.0;185637.95;2026-03;7092.0;7376.0;52.82;50.79;0
130080;BORBA;AM;2026-03;2568.0;129834.5;2026-03;7466.0;7791.0;34.4;32.96;0
130083;CAAPIRANGA;AM;2026-03;1336.0;69783.74;2026-03;2883.0;2982.0;46.34;44.8;0
130090;CANUTAMA;AM;2026-03;1772.0;96730.57;2026-03;3641.0;3825.0;48.67;46.33;0
130100;CARAUARI;AM;2026-03;3959.0;210420.56;2026-03;6877.0;7179.0;57.57;55.15;0
130110;CAREIRO;AM;2026-03;2350.0;99331.12;2026-03;6334.0;6802.0;37.1;34.55;0
130115;CAREIRO DA VÁRZEA;AM;2026-03;989.0;40224.35;2026-03;4615.0;4933.0;21.43;20.05;0
130120;COARI;AM;2026-03;6304.0;309669.6;2026-03;16178.0;17143.0;38.97;36.77;0
130130;CODAJÁS;AM;2026-03;1948.0;99383.98;2026-03;4582.0;5038.0;42.51;38.67;0
130140;EIRUNEPÉ;AM;2026-03;3415.0;175965.57;2026-03;7295.0;7537.0;46.81;45.31;0
130150;ENVIRA;AM;2026-03;2297.0;123940.25;2026-03;4741.0;4816.0;48.45;47.7;0
130160;FONTE BOA;AM;2026-03;1923.0;94971.74;2026-03;7205.0;7490.0;26.69;25.67;0
130165;GUAJARÁ;AM;2026-03;2040.0;107931.07;2026-03;3710.0;3880.0;54.99;52.58;0
130170;HUMAITÁ;AM;2026-03;4712.0;252052.03;2026-03;13120.0;14052.0;35.91;33.53;0
130180;IPIXUNA;AM;2026-03;2352.0;123167.43;2026-03;5044.0;5166.0;46.63;45.53;0
130185;IRANDUBA;AM;2026-03;4292.0;209312.88;2026-03;15479.0;17249.0;27.73;24.88;0
130190;ITACOATIARA;AM;2026-03;6616.0;325043.86;2026-03;17760.0;19969.0;37.25;33.13;0
130195;ITAMARATI;AM;2026-03;1365.0;72709.93;2026-03;2572.0;2613.0;53.07;52.24;0
130200;ITAPIRANGA;AM;2026-03;935.0;45112.75;2026-03;2277.0;2408.0;41.06;38.83;0
130210;JAPURÁ;AM;2026-03;630.0;33668.05;2026-03;1691.0;1799.0;37.26;35.02;0
130220;JURUÁ;AM;2026-03;1438.0;76456.4;2026-03;3071.0;3155.0;46.83;45.58;0
130230;JUTAÍ;AM;2026-03;2479.0;131157.27;2026-03;5672.0;5856.0;43.71;42.33;0
130240;LÁBREA;AM;2026-03;5393.0;282958.44;2026-03;12905.0;14100.0;41.79;38.25;0
130250;MANACAPURU;AM;2026-03;12177.0;602840.33;2026-03;22898.0;24672.0;53.18;49.36;0
130255;MANAQUIRI;AM;2026-03;1483.0;63402.02;2026-03;4517.0;4784.0;32.83;31.0;0
130260;MANAUS;AM;2026-03;122041.0;6412826.13;2026-03;318122.0;362036.0;38.36;33.71;0
130270;MANICORÉ;AM;2026-03;4728.0;245131.2;2026-03;9745.0;10432.0;48.52;45.32;0
130280;MARAÃ;AM;2026-03;1000.0;53637.37;2026-03;3603.0;3753.0;27.75;26.65;0
130290;MAUÉS;AM;2026-03;3146.0;157841.29;2026-03;14493.0;15744.0;21.71;19.98;0
130300;NHAMUNDÁ;AM;2026-03;2073.0;105633.88;2026-03;4837.0;5023.0;42.86;41.27;0
130310;NOVA OLINDA DO NORTE;AM;2026-03;2086.0;98555.66;2026-03;6674.0;7067.0;31.26;29.52;0
130320;NOVO AIRÃO;AM;2026-03;1517.0;72365.03;2026-03;2928.0;3153.0;51.81;48.11;0
130330;NOVO ARIPUANÃ;AM;2026-03;1603.0;83240.87;2026-03;4455.0;4605.0;35.98;34.81;0
130340;PARINTINS;AM;2026-03;10055.0;520231.66;2026-03;22649.0;24617.0;44.39;40.85;0
130350;PAUINI;AM;2026-03;1696.0;91281.87;2026-03;3849.0;3997.0;44.06;42.43;0
130353;PRESIDENTE FIGUEIREDO;AM;2026-03;2309.0;107597.67;2026-03;6313.0;6645.0;36.58;34.75;0
130356;RIO PRETO DA EVA;AM;2026-03;2000.0;95552.04;2026-03;3752.0;4313.0;53.3;46.37;0
130360;SANTA ISABEL DO RIO NEGRO;AM;2026-03;880.0;48912.64;2026-03;2895.0;2994.0;30.4;29.39;0
130370;SANTO ANTÔNIO DO IÇÁ;AM;2026-03;2358.0;115449.86;2026-03;5080.0;5459.0;46.42;43.19;0
130380;SÃO GABRIEL DA CACHOEIRA;AM;2026-03;2253.0;115414.67;2026-03;9259.0;9977.0;24.33;22.58;0
130390;SÃO PAULO DE OLIVENÇA;AM;2026-03;3246.0;167949.92;2026-03;8130.0;8493.0;39.93;38.22;0
130395;SÃO SEBASTIÃO DO UATUMÃ;AM;2026-03;1043.0;55562.15;2026-03;2556.0;2689.0;40.81;38.79;0
130400;SILVES;AM;2026-03;744.0;39205.61;2026-03;2387.0;2615.0;31.17;28.45;0
130406;TABATINGA;AM;2026-03;4777.0;236060.94;2026-03;12896.0;13285.0;37.04;35.96;0
130410;TAPAUÁ;AM;2026-03;2416.0;131946.06;2026-03;4981.0;5272.0;48.5;45.83;0
130420;TEFÉ;AM;2026-03;7603.0;389055.36;2026-03;14728.0;15951.0;51.62;47.66;0
130423;TONANTINS;AM;2026-03;1521.0;73348.44;2026-03;4290.0;4483.0;35.45;33.93;0
130426;UARINI;AM;2026-03;1546.0;80303.05;2026-03;3780.0;3854.0;40.9;40.11;0
130430;URUCARÁ;AM;2026-03;1439.0;75950.51;2026-03;3927.0;4157.0;36.64;34.62;0
130440;URUCURITUBA;AM;2026-03;3050.0;137297.97;2026-03;4922.0;5378.0;61.97;56.71;0
140002;AMAJARI;RR;2026-03;1040.0;51258.98;2026-03;2199.0;2408.0;47.29;43.19;0
140005;ALTO ALEGRE;RR;2026-03;1273.0;62144.56;2026-03;3122.0;3339.0;40.78;38.13;0
140010;BOA VISTA;RR;2026-03;34093.0;1775572.84;2026-03;52605.0;59612.0;64.81;57.19;0
140015;BONFIM;RR;2026-03;1629.0;76767.66;2026-03;4071.0;4683.0;40.01;34.79;0
140017;CANTÁ;RR;2026-03;2426.0;116666.37;2026-03;5161.0;5845.0;47.01;41.51;0
140020;CARACARAÍ;RR;2026-03;2243.0;113083.47;2026-03;4485.0;4766.0;50.01;47.06;0
140023;CAROEBE;RR;2026-03;1320.0;67075.97;2026-03;2502.0;2670.0;52.76;49.44;0
140028;IRACEMA;RR;2026-03;966.0;48226.27;2026-03;1564.0;1654.0;61.76;58.4;0
140030;MUCAJAÍ;RR;2026-03;2111.0;106198.49;2026-03;5609.0;5919.0;37.64;35.66;0
140040;NORMANDIA;RR;2026-03;1252.0;57443.37;2026-03;3002.0;3197.0;41.71;39.16;0
140045;PACARAIMA;RR;2026-03;1512.0;66105.28;2026-03;5795.0;6564.0;26.09;23.03;0
140047;RORAINÓPOLIS;RR;2026-03;3349.0;167750.76;2026-03;5169.0;5622.0;64.79;59.57;0
140050;SÃO JOÃO DA BALIZA;RR;2026-03;843.0;41978.54;2026-03;1573.0;1754.0;53.59;48.06;0
140060;SÃO LUIZ;RR;2026-03;761.0;39095.12;2026-03;1881.0;2100.0;40.46;36.24;0
140070;UIRAMUTÃ;RR;2026-03;755.0;35849.07;2026-03;2623.0;2733.0;28.78;27.63;0
140320;;RR;2026-03;9.0;482.31;2026-03;;;;;0
150010;ABAETETUBA;PA;2026-03;18698.0;1253841.37;2026-03;42322.0;45938.0;44.18;40.7;0
150013;ABEL FIGUEIREDO;PA;2026-03;998.0;59223.03;2026-03;1562.0;1688.0;63.89;59.12;0
150020;ACARÁ;PA;2026-03;5180.0;290622.66;2026-03;14198.0;15788.0;36.48;32.81;0
150030;AFUÁ;PA;2026-03;2520.0;140911.22;2026-03;9685.0;10415.0;26.02;24.2;0
150034;ÁGUA AZUL DO NORTE;PA;2026-03;1054.0;66420.03;2026-03;2697.0;3003.0;39.08;35.1;0
150040;ALENQUER;PA;2026-03;7982.0;492494.27;2026-03;14496.0;15376.0;55.06;51.91;0
150050;ALMEIRIM;PA;2026-03;3565.0;224315.58;2026-03;6914.0;7326.0;51.56;48.66;0
150060;ALTAMIRA;PA;2026-03;15594.0;1023969.63;2026-03;19176.0;20910.0;81.32;74.58;0
150070;ANAJÁS;PA;2026-03;2051.0;121767.31;2026-03;7525.0;7868.0;27.26;26.07;0
150080;ANANINDEUA;PA;2026-03;63162.0;4126817.95;2026-03;64921.0;72544.0;97.29;87.07;0
150085;ANAPU;PA;2026-03;3278.0;203663.48;2026-03;7125.0;8437.0;46.01;38.85;0
150090;AUGUSTO CORRÊA;PA;2026-03;4044.0;235067.13;2026-03;11566.0;12414.0;34.96;32.58;0
150095;AURORA DO PARÁ;PA;2026-03;2728.0;156601.6;2026-03;6330.0;6855.0;43.1;39.8;0
150100;AVEIRO;PA;2026-03;981.0;55338.63;2026-03;3208.0;3432.0;30.58;28.58;0
150110;BAGRE;PA;2026-03;1445.0;56659.72;2026-03;6753.0;6948.0;21.4;20.8;0
150120;BAIÃO;PA;2026-03;2654.0;149427.04;2026-03;9242.0;9564.0;28.72;27.75;0
150125;BANNACH;PA;2026-03;251.0;15053.09;2026-03;776.0;861.0;32.35;29.15;0
150130;BARCARENA;PA;2026-03;11284.0;729757.93;2026-03;21439.0;23267.0;52.63;48.5;0
150140;BELÉM;PA;2026-03;180818.0;12013665.74;2026-03;206897.0;242738.0;87.4;74.49;0
150145;BELTERRA;PA;2026-03;2516.0;152886.2;2026-03;3676.0;3920.0;68.44;64.18;0
150150;BENEVIDES;PA;2026-03;8878.0;574300.55;2026-03;13923.0;15218.0;63.76;58.34;0
150157;BOM JESUS DO TOCANTINS;PA;2026-03;1543.0;92990.76;2026-03;2937.0;3168.0;52.54;48.71;0
150160;BONITO;PA;2026-03;1631.0;92305.82;2026-03;3361.0;3713.0;48.53;43.93;0
150170;BRAGANÇA;PA;2026-03;14715.0;905965.27;2026-03;28493.0;30524.0;51.64;48.21;0
150172;BRASIL NOVO;PA;2026-03;2575.0;161662.92;2026-03;3667.0;4074.0;70.22;63.21;0
150175;BREJO GRANDE DO ARAGUAIA;PA;2026-03;860.0;50496.26;2026-03;1762.0;1904.0;48.81;45.17;0
150178;BREU BRANCO;PA;2026-03;3808.0;228379.31;2026-03;10976.0;11429.0;34.69;33.32;0
150180;BREVES;PA;2026-03;10045.0;675266.56;2026-03;25707.0;28231.0;39.07;35.58;0
150190;BUJARU;PA;2026-03;2763.0;157928.45;2026-03;7053.0;7444.0;39.17;37.12;0
150195;CACHOEIRA DO PIRIÁ;PA;2026-03;1799.0;103377.77;2026-03;4641.0;5066.0;38.76;35.51;0
150200;CACHOEIRA DO ARARI;PA;2026-03;2703.0;151867.44;2026-03;5845.0;6197.0;46.24;43.62;0
150210;CAMETÁ;PA;2026-03;11616.0;628752.47;2026-03;37072.0;39070.0;31.33;29.73;0
150215;CANAÃ DOS CARAJÁS;PA;2026-03;6456.0;433401.84;2026-03;13936.0;14837.0;46.33;43.51;0
150220;CAPANEMA;PA;2026-03;11328.0;721152.64;2026-03;13694.0;14474.0;82.72;78.26;0
150230;CAPITÃO POÇO;PA;2026-03;9151.0;565134.11;2026-03;14323.0;15574.0;63.89;58.76;0
150240;CASTANHAL;PA;2026-03;26575.0;1701252.11;2026-03;28971.0;31826.0;91.73;83.5;0
150250;CHAVES;PA;2026-03;610.0;33347.13;2026-03;5123.0;5300.0;11.91;11.51;0
150260;COLARES;PA;2026-03;1591.0;89224.68;2026-03;3171.0;3374.0;50.17;47.15;0
150270;CONCEIÇÃO DO ARAGUAIA;PA;2026-03;4622.0;292939.4;2026-03;6208.0;6727.0;74.45;68.71;0
150275;CONCÓRDIA DO PARÁ;PA;2026-03;2920.0;167689.32;2026-03;7689.0;8080.0;37.98;36.14;0
150276;CUMARU DO NORTE;PA;2026-03;654.0;37681.9;2026-03;2099.0;2239.0;31.16;29.21;0
150277;CURIONÓPOLIS;PA;2026-03;2078.0;126285.46;2026-03;3893.0;4212.0;53.38;49.34;0
150280;CURRALINHO;PA;2026-03;2301.0;102720.99;2026-03;8852.0;9426.0;25.99;24.41;0
150285;CURUÁ;PA;2026-03;2072.0;125453.5;2026-03;3634.0;3726.0;57.02;55.61;0
150290;CURUÇÁ;PA;2026-03;4454.0;259945.44;2026-03;10806.0;11551.0;41.22;38.56;0
150293;DOM ELISEU;PA;2026-03;5873.0;376615.66;2026-03;6980.0;7646.0;84.14;76.81;0
150295;ELDORADO DO CARAJÁS;PA;2026-03;2377.0;142143.35;2026-03;5553.0;5892.0;42.81;40.34;0
150300;FARO;PA;2026-03;1182.0;74917.81;2026-03;2589.0;2766.0;45.65;42.73;0
150304;FLORESTA DO ARAGUAIA;PA;2026-03;2181.0;135152.93;2026-03;3813.0;4101.0;57.2;53.18;0
150307;GARRAFÃO DO NORTE;PA;2026-03;3605.0;210343.81;2026-03;6026.0;6381.0;59.82;56.5;0
150309;GOIANÉSIA DO PARÁ;PA;2026-03;2177.0;123917.52;2026-03;5121.0;5516.0;42.51;39.47;0
150310;GURUPÁ;PA;2026-03;1902.0;104338.04;2026-03;8463.0;8830.0;22.47;21.54;0
150320;IGARAPÉ-AÇU;PA;2026-03;6031.0;364013.07;2026-03;8083.0;8991.0;74.61;67.08;0
150330;IGARAPÉ-MIRI;PA;2026-03;6412.0;377866.68;2026-03;16562.0;17738.0;38.72;36.15;0
150340;INHANGAPI;PA;2026-03;1034.0;60717.37;2026-03;2232.0;2341.0;46.33;44.17;0
150345;IPIXUNA DO PARÁ;PA;2026-03;3511.0;202399.7;2026-03;8030.0;8687.0;43.72;40.42;0
150350;IRITUIA;PA;2026-03;4036.0;227367.04;2026-03;8328.0;8894.0;48.46;45.38;0
150360;ITAITUBA;PA;2026-03;17732.0;1170773.16;2026-03;20285.0;22151.0;87.41;80.05;0
150370;ITUPIRANGA;PA;2026-03;4702.0;270756.53;2026-03;10355.0;10959.0;45.41;42.91;0
150375;JACAREACANGA;PA;2026-03;1070.0;68227.89;2026-03;4169.0;4533.0;25.67;23.6;0
150380;JACUNDÁ;PA;2026-03;6105.0;369866.36;2026-03;7656.0;8216.0;79.74;74.31;0
150390;JURUTI;PA;2026-03;5672.0;365499.03;2026-03;8497.0;8965.0;66.75;63.27;0
150400;LIMOEIRO DO AJURU;PA;2026-03;909.0;51768.32;2026-03;7056.0;7372.0;12.88;12.33;0
150405;MÃE DO RIO;PA;2026-03;6131.0;387548.4;2026-03;8022.0;8378.0;76.43;73.18;0
150410;MAGALHÃES BARATA;PA;2026-03;1285.0;75110.65;2026-03;1778.0;1860.0;72.27;69.09;0
150420;MARABÁ;PA;2026-03;29537.0;1897364.65;2026-03;35803.0;40100.0;82.5;73.66;0
150430;MARACANÃ;PA;2026-03;3730.0;214215.24;2026-03;8484.0;8951.0;43.97;41.67;0
150440;MARAPANIM;PA;2026-03;3439.0;192019.44;2026-03;7274.0;7717.0;47.28;44.56;0
150442;MARITUBA;PA;2026-03;18908.0;1242247.98;2026-03;22387.0;25915.0;84.46;72.96;0
150445;MEDICILÂNDIA;PA;2026-03;3444.0;214274.36;2026-03;6917.0;7472.0;49.79;46.09;0
150450;MELGAÇO;PA;2026-03;1515.0;65715.34;2026-03;6299.0;6835.0;24.05;22.17;0
150460;MOCAJUBA;PA;2026-03;2948.0;172091.73;2026-03;10656.0;11194.0;27.67;26.34;0
150470;MOJU;PA;2026-03;7069.0;443448.88;2026-03;17465.0;18716.0;40.48;37.77;0
150475;MOJUÍ DOS CAMPOS;PA;2026-03;3003.0;182353.01;2026-03;5012.0;5312.0;59.92;56.53;0
150480;MONTE ALEGRE;PA;2026-03;11110.0;675491.74;2026-03;14406.0;15510.0;77.12;71.63;0
150490;MUANÁ;PA;2026-03;2712.0;148322.53;2026-03;8288.0;8794.0;32.72;30.84;0
150495;NOVA ESPERANÇA DO PIRIÁ;PA;2026-03;2013.0;113958.55;2026-03;5938.0;6150.0;33.9;32.73;0
150497;NOVA IPIXUNA;PA;2026-03;1545.0;91959.38;2026-03;2417.0;2530.0;63.92;61.07;0
150500;NOVA TIMBOTEUA;PA;2026-03;2024.0;117008.94;2026-03;2897.0;3109.0;69.87;65.1;0
150503;NOVO PROGRESSO;PA;2026-03;3870.0;254387.12;2026-03;4657.0;5189.0;83.1;74.58;0
150506;NOVO REPARTIMENTO;PA;2026-03;4762.0;271266.83;2026-03;14037.0;15161.0;33.92;31.41;0
150510;ÓBIDOS;PA;2026-03;6756.0;428148.88;2026-03;11817.0;12796.0;57.17;52.8;0
150520;OEIRAS DO PARÁ;PA;2026-03;2460.0;134552.5;2026-03;10126.0;10485.0;24.29;23.46;0
150530;ORIXIMINÁ;PA;2026-03;7519.0;498251.24;2026-03;13504.0;14097.0;55.68;53.34;0
150540;OURÉM;PA;2026-03;2770.0;169665.66;2026-03;4580.0;4936.0;60.48;56.12;0
150543;OURILÂNDIA DO NORTE;PA;2026-03;2610.0;166457.54;2026-03;5429.0;5861.0;48.08;44.53;0
150548;PACAJÁ;PA;2026-03;4657.0;276120.87;2026-03;9635.0;10592.0;48.33;43.97;0
150549;PALESTINA DO PARÁ;PA;2026-03;1054.0;61186.27;2026-03;1484.0;1585.0;71.02;66.5;0
150550;PARAGOMINAS;PA;2026-03;11306.0;733577.69;2026-03;14996.0;16293.0;75.39;69.39;0
150553;PARAUAPEBAS;PA;2026-03;19822.0;1268898.42;2026-03;30954.0;33881.0;64.04;58.5;0
150555;PAU D'ARCO;PA;2026-03;839.0;52280.48;2026-03;1877.0;2000.0;44.7;41.95;0
150560;PEIXE-BOI;PA;2026-03;982.0;55258.2;2026-03;1933.0;2065.0;50.8;47.55;0
150563;PIÇARRA;PA;2026-03;761.0;46577.09;2026-03;2283.0;2448.0;33.33;31.09;0
150565;PLACAS;PA;2026-03;2802.0;167309.39;2026-03;4346.0;4640.0;64.47;60.39;0
150570;PONTA DE PEDRAS;PA;2026-03;3074.0;176965.55;2026-03;7867.0;8290.0;39.07;37.08;0
150580;PORTEL;PA;2026-03;4299.0;290590.9;2026-03;13156.0;13791.0;32.68;31.17;0
150590;PORTO DE MOZ;PA;2026-03;2646.0;166377.95;2026-03;8275.0;8629.0;31.98;30.66;0
150600;PRAINHA;PA;2026-03;3517.0;200512.35;2026-03;10774.0;11329.0;32.64;31.04;0
150610;PRIMAVERA;PA;2026-03;1921.0;113661.42;2026-03;2836.0;3007.0;67.74;63.88;0
150611;QUATIPURU;PA;2026-03;1702.0;98383.94;2026-03;2851.0;3032.0;59.7;56.13;0
150613;REDENÇÃO;PA;2026-03;9571.0;634499.84;2026-03;11041.0;12055.0;86.69;79.39;0
150616;RIO MARIA;PA;2026-03;2066.0;133468.59;2026-03;3037.0;3245.0;68.03;63.67;0
150618;RONDON DO PARÁ;PA;2026-03;4771.0;299223.02;2026-03;5950.0;6469.0;80.18;73.75;0
150619;RURÓPOLIS;PA;2026-03;3866.0;241760.79;2026-03;4913.0;5338.0;78.69;72.42;0
150620;SALINÓPOLIS;PA;2026-03;4886.0;302523.25;2026-03;8150.0;8648.0;59.95;56.5;0
150630;SALVATERRA;PA;2026-03;3914.0;226003.98;2026-03;7229.0;7778.0;54.14;50.32;0
150635;SANTA BÁRBARA DO PARÁ;PA;2026-03;2424.0;149199.79;2026-03;4223.0;4595.0;57.4;52.75;0
150640;SANTA CRUZ DO ARARI;PA;2026-03;891.0;53341.55;2026-03;1935.0;2013.0;46.05;44.26;0
150650;SANTA IZABEL DO PARÁ;PA;2026-03;7772.0;491858.13;2026-03;10802.0;11731.0;71.95;66.25;0
150655;SANTA LUZIA DO PARÁ;PA;2026-03;2999.0;183168.48;2026-03;5506.0;5822.0;54.47;51.51;0
150658;SANTA MARIA DAS BARREIRAS;PA;2026-03;1425.0;86287.19;2026-03;2985.0;3210.0;47.74;44.39;0
150660;SANTA MARIA DO PARÁ;PA;2026-03;4498.0;277788.99;2026-03;5411.0;5775.0;83.13;77.89;0
150670;SANTANA DO ARAGUAIA;PA;2026-03;3212.0;212398.23;2026-03;6447.0;7261.0;49.82;44.24;0
150680;SANTARÉM;PA;2026-03;51949.0;3471279.63;2026-03;65748.0;70761.0;79.01;73.41;0
150690;SANTARÉM NOVO;PA;2026-03;682.0;37645.55;2026-03;2031.0;2211.0;33.58;30.85;0
150700;SANTO ANTÔNIO DO TAUÁ;PA;2026-03;4147.0;242622.12;2026-03;7219.0;7556.0;57.45;54.88;0
150710;SÃO CAETANO DE ODIVELAS;PA;2026-03;2068.0;117430.04;2026-03;3470.0;3630.0;59.6;56.97;0
150715;SÃO DOMINGOS DO ARAGUAIA;PA;2026-03;2878.0;175093.84;2026-03;4486.0;4700.0;64.16;61.23;0
150720;SÃO DOMINGOS DO CAPIM;PA;2026-03;2893.0;163706.35;2026-03;8262.0;8746.0;35.02;33.08;0
150730;SÃO FÉLIX DO XINGU;PA;2026-03;4288.0;263720.68;2026-03;11796.0;13158.0;36.35;32.59;0
150740;SÃO FRANCISCO DO PARÁ;PA;2026-03;2192.0;130722.91;2026-03;3884.0;4111.0;56.44;53.32;0
150745;SÃO GERALDO DO ARAGUAIA;PA;2026-03;2556.0;162367.3;2026-03;4819.0;5080.0;53.04;50.31;0
150746;SÃO JOÃO DA PONTA;PA;2026-03;543.0;28434.95;2026-03;1563.0;1637.0;34.74;33.17;0
150747;SÃO JOÃO DE PIRABAS;PA;2026-03;2161.0;121677.14;2026-03;5536.0;5780.0;39.04;37.39;0
150750;SÃO JOÃO DO ARAGUAIA;PA;2026-03;1136.0;65168.45;2026-03;3204.0;3452.0;35.46;32.91;0
150760;SÃO MIGUEL DO GUAMÁ;PA;2026-03;5304.0;319751.81;2026-03;10268.0;11088.0;51.66;47.84;0
150770;SÃO SEBASTIÃO DA BOA VISTA;PA;2026-03;1603.0;85028.96;2026-03;7102.0;7370.0;22.57;21.75;0
150775;SAPUCAIA;PA;2026-03;567.0;36033.91;2026-03;1041.0;1139.0;54.47;49.78;0
150780;SENADOR JOSÉ PORFÍRIO;PA;2026-03;2553.0;154370.96;2026-03;5709.0;5957.0;44.72;42.86;0
150790;SOURE;PA;2026-03;3650.0;212889.76;2026-03;6377.0;6664.0;57.24;54.77;0
150795;TAILÂNDIA;PA;2026-03;8686.0;576387.4;2026-03;14920.0;16159.0;58.22;53.75;0
150796;TERRA ALTA;PA;2026-03;1562.0;92034.87;2026-03;3087.0;3322.0;50.6;47.02;0
150797;TERRA SANTA;PA;2026-03;2488.0;162549.72;2026-03;4274.0;4416.0;58.21;56.34;0
150800;TOMÉ-AÇU;PA;2026-03;6519.0;398949.85;2026-03;13678.0;14536.0;47.66;44.85;0
150803;TRACUATEUA;PA;2026-03;2630.0;150995.65;2026-03;8814.0;9467.0;29.84;27.78;0
150805;TRAIRÃO;PA;2026-03;1238.0;76241.9;2026-03;3247.0;3537.0;38.13;35.0;0
150808;TUCUMÃ;PA;2026-03;3609.0;231071.04;2026-03;4969.0;5353.0;72.63;67.42;0
150810;TUCURUÍ;PA;2026-03;8731.0;554685.13;2026-03;13872.0;14878.0;62.94;58.68;0
150812;ULIANÓPOLIS;PA;2026-03;3113.0;199866.82;2026-03;5421.0;5911.0;57.42;52.66;0
150815;URUARÁ;PA;2026-03;4873.0;298910.94;2026-03;8230.0;8876.0;59.21;54.9;0
150820;VIGIA;PA;2026-03;7098.0;434551.98;2026-03;12895.0;13436.0;55.04;52.83;0
150830;VISEU;PA;2026-03;5603.0;320012.9;2026-03;13961.0;15003.0;40.13;37.35;0
150835;VITÓRIA DO XINGU;PA;2026-03;2304.0;145714.21;2026-03;3438.0;3602.0;67.02;63.96;0
150840;XINGUARA;PA;2026-03;5478.0;360617.47;2026-03;6694.0;7524.0;81.83;72.81;0
160005;SERRA DO NAVIO;AP;2026-03;599.0;29280.36;2026-03;944.0;994.0;63.45;60.26;0
160010;AMAPÁ;AP;2026-03;1343.0;71160.76;2026-03;2125.0;2297.0;63.2;58.47;0
160015;PEDRA BRANCA DO AMAPARI;AP;2026-03;1574.0;78958.96;2026-03;2860.0;3086.0;55.03;51.0;0
160020;CALÇOENE;AP;2026-03;1621.0;83273.42;2026-03;2431.0;2594.0;66.68;62.49;0
160021;CUTIAS;AP;2026-03;568.0;28053.63;2026-03;1284.0;1333.0;44.24;42.61;0
160023;FERREIRA GOMES;AP;2026-03;871.0;45204.65;2026-03;1262.0;1321.0;69.02;65.93;0
160025;ITAUBAL;AP;2026-03;715.0;35388.98;2026-03;2394.0;2502.0;29.87;28.58;0
160027;LARANJAL DO JARI;AP;2026-03;5786.0;311013.43;2026-03;8312.0;8946.0;69.61;64.68;0
160030;MACAPÁ;AP;2026-03;53843.0;2918614.33;2026-03;80174.0;87058.0;67.16;61.85;0
160040;MAZAGÃO;AP;2026-03;2140.0;110585.29;2026-03;5989.0;6343.0;35.73;33.74;0
160050;OIAPOQUE;AP;2026-03;2859.0;154678.49;2026-03;8256.0;8825.0;34.63;32.4;0
160053;PORTO GRANDE;AP;2026-03;2640.0;138280.98;2026-03;4414.0;4569.0;59.81;57.78;0
160055;PRACUÚBA;AP;2026-03;458.0;22293.04;2026-03;1237.0;1301.0;37.03;35.2;0
160060;SANTANA;AP;2026-03;15494.0;835587.22;2026-03;21889.0;23876.0;70.78;64.89;0
160070;TARTARUGALZINHO;AP;2026-03;1598.0;81390.69;2026-03;3318.0;3473.0;48.16;46.01;0
160080;VITÓRIA DO JARI;AP;2026-03;1526.0;80632.22;2026-03;2842.0;2957.0;53.69;51.61;0
170025;ABREULÂNDIA;TO;2026-03;208.0;10353.97;2026-03;356.0;382.0;58.43;54.45;0
170030;AGUIARNÓPOLIS;TO;2026-03;510.0;29645.63;2026-03;684.0;718.0;74.56;71.03;0
170035;ALIANÇA DO TOCANTINS;TO;2026-03;636.0;37244.78;2026-03;824.0;873.0;77.18;72.85;0
170040;ALMAS;TO;2026-03;930.0;53280.32;2026-03;1331.0;1384.0;69.87;67.2;0
170070;ALVORADA;TO;2026-03;903.0;54566.74;2026-03;1310.0;1380.0;68.93;65.43;0
170100;ANANÁS;TO;2026-03;1567.0;92671.4;2026-03;2021.0;2105.0;77.54;74.44;0
170105;ANGICO;TO;2026-03;310.0;16469.01;2026-03;387.0;399.0;80.1;77.69;0
170110;APARECIDA DO RIO NEGRO;TO;2026-03;618.0;34965.92;2026-03;839.0;886.0;73.66;69.75;0
170130;ARAGOMINAS;TO;2026-03;675.0;35868.98;2026-03;1035.0;1080.0;65.22;62.5;0
170190;ARAGUACEMA;TO;2026-03;818.0;41968.7;2026-03;1012.0;1106.0;80.83;73.96;0
170200;ARAGUAÇU;TO;2026-03;692.0;39472.79;2026-03;888.0;999.0;77.93;69.27;0
170210;ARAGUAÍNA;TO;2026-03;14952.0;910213.69;2026-03;19481.0;20855.0;76.75;71.7;0
170215;ARAGUANÃ;TO;2026-03;560.0;32025.29;2026-03;845.0;869.0;66.27;64.44;0
170220;ARAGUATINS;TO;2026-03;3872.0;225481.72;2026-03;4793.0;5109.0;80.78;75.79;0
170230;ARAPOEMA;TO;2026-03;686.0;40029.23;2026-03;940.0;983.0;72.98;69.79;0
170240;ARRAIAS;TO;2026-03;1269.0;68319.03;2026-03;2087.0;2243.0;60.8;56.58;0
170255;AUGUSTINÓPOLIS;TO;2026-03;2079.0;125633.38;2026-03;2582.0;2772.0;80.52;75.0;0
170270;AURORA DO TOCANTINS;TO;2026-03;383.0;20884.65;2026-03;546.0;591.0;70.15;64.81;0
170290;AXIXÁ DO TOCANTINS;TO;2026-03;2066.0;122712.59;2026-03;2523.0;2657.0;81.89;77.76;0
170300;BABAÇULÂNDIA;TO;2026-03;930.0;50903.54;2026-03;1352.0;1474.0;68.79;63.09;0
170305;BANDEIRANTES DO TOCANTINS;TO;2026-03;265.0;15181.89;2026-03;519.0;556.0;51.06;47.66;0
170307;BARRA DO OURO;TO;2026-03;568.0;31933.13;2026-03;958.0;992.0;59.29;57.26;0
170310;BARROLÂNDIA;TO;2026-03;669.0;39092.84;2026-03;946.0;1041.0;70.72;64.27;0
170320;BERNARDO SAYÃO;TO;2026-03;458.0;25284.11;2026-03;661.0;712.0;69.29;64.33;0
170330;BOM JESUS DO TOCANTINS;TO;2026-03;609.0;36074.69;2026-03;961.0;1033.0;63.37;58.95;0
170360;BRASILÂNDIA DO TOCANTINS;TO;2026-03;266.0;15655.45;2026-03;409.0;423.0;65.04;62.88;0
170370;BREJINHO DE NAZARÉ;TO;2026-03;750.0;43323.8;2026-03;924.0;999.0;81.17;75.08;0
170380;BURITI DO TOCANTINS;TO;2026-03;1107.0;64532.23;2026-03;1290.0;1393.0;85.81;79.47;0
170382;CACHOEIRINHA;TO;2026-03;300.0;16265.96;2026-03;416.0;425.0;72.12;70.59;0
170384;CAMPOS LINDOS;TO;2026-03;773.0;43082.41;2026-03;1219.0;1346.0;63.41;57.43;0
170386;CARIRI DO TOCANTINS;TO;2026-03;291.0;15168.99;2026-03;457.0;488.0;63.68;59.63;0
170388;CARMOLÂNDIA;TO;2026-03;300.0;16798.16;2026-03;489.0;504.0;61.35;59.52;0
170389;CARRASCO BONITO;TO;2026-03;484.0;28047.74;2026-03;603.0;628.0;80.27;77.07;0
170390;CASEARA;TO;2026-03;540.0;29174.2;2026-03;920.0;976.0;58.7;55.33;0
170410;CENTENÁRIO;TO;2026-03;244.0;12055.16;2026-03;383.0;407.0;63.71;59.95;0
170460;CHAPADA DE AREIA;TO;2026-03;169.0;8960.12;2026-03;317.0;344.0;53.31;49.13;0
170510;CHAPADA DA NATIVIDADE;TO;2026-03;377.0;19399.29;2026-03;603.0;644.0;62.52;58.54;0
170550;COLINAS DO TOCANTINS;TO;2026-03;4144.0;253781.23;2026-03;5085.0;5440.0;81.49;76.18;0
170555;COMBINADO;TO;2026-03;673.0;39706.17;2026-03;860.0;922.0;78.26;72.99;0
170560;CONCEIÇÃO DO TOCANTINS;TO;2026-03;478.0;25625.04;2026-03;694.0;699.0;68.88;68.38;0
170600;COUTO MAGALHÃES;TO;2026-03;627.0;33576.69;2026-03;1044.0;1127.0;60.06;55.63;0
170610;CRISTALÂNDIA;TO;2026-03;787.0;45308.48;2026-03;1036.0;1096.0;75.97;71.81;0
170625;CRIXÁS DO TOCANTINS;TO;2026-03;145.0;8295.04;2026-03;269.0;286.0;53.9;50.7;0
170650;DARCINÓPOLIS;TO;2026-03;884.0;49634.51;2026-03;1235.0;1288.0;71.58;68.63;0
170700;DIANÓPOLIS;TO;2026-03;1747.0;100966.65;2026-03;2233.0;2407.0;78.24;72.58;0
170710;DIVINÓPOLIS DO TOCANTINS;TO;2026-03;769.0;43354.57;2026-03;1145.0;1238.0;67.16;62.12;0
170720;DOIS IRMÃOS DO TOCANTINS;TO;2026-03;806.0;43130.13;2026-03;1185.0;1250.0;68.02;64.48;0
170730;DUERÉ;TO;2026-03;478.0;28065.25;2026-03;755.0;789.0;63.31;60.58;0
170740;ESPERANTINA;TO;2026-03;1312.0;74446.35;2026-03;1840.0;1911.0;71.3;68.66;0
170755;FÁTIMA;TO;2026-03;371.0;21551.47;2026-03;520.0;545.0;71.35;68.07;0
170765;FIGUEIRÓPOLIS;TO;2026-03;469.0;27958.09;2026-03;716.0;766.0;65.5;61.23;0
170770;FILADÉLFIA;TO;2026-03;885.0;51864.94;2026-03;1391.0;1458.0;63.62;60.7;0
170820;FORMOSO DO ARAGUAIA;TO;2026-03;1933.0;107518.79;2026-03;2874.0;3009.0;67.26;64.24;0
170825;FORTALEZA DO TABOCÃO;TO;2026-03;375.0;22299.5;2026-03;771.0;804.0;48.64;46.64;0
170830;GOIANORTE;TO;2026-03;593.0;33298.08;2026-03;823.0;871.0;72.05;68.08;0
170900;GOIATINS;TO;2026-03;1302.0;70728.7;2026-03;2589.0;2823.0;50.29;46.12;0
170930;GUARAÍ;TO;2026-03;2425.0;146333.26;2026-03;2942.0;3239.0;82.43;74.87;0
170950;GURUPI;TO;2026-03;5882.0;358460.95;2026-03;6863.0;7486.0;85.71;78.57;0
170980;IPUEIRAS;TO;2026-03;156.0;8406.18;2026-03;270.0;281.0;57.78;55.52;0
171050;ITACAJÁ;TO;2026-03;841.0;46689.19;2026-03;1391.0;1433.0;60.46;58.69;0
171070;ITAGUATINS;TO;2026-03;827.0;45263.9;2026-03;1185.0;1255.0;69.79;65.9;0
171090;ITAPIRATINS;TO;2026-03;427.0;23581.88;2026-03;632.0;662.0;67.56;64.5;0
171110;ITAPORÃ DO TOCANTINS;TO;2026-03;236.0;12844.37;2026-03;388.0;397.0;60.82;59.45;0
171150;JAÚ DO TOCANTINS;TO;2026-03;302.0;14715.23;2026-03;417.0;440.0;72.42;68.64;0
171180;JUARINA;TO;2026-03;295.0;15268.39;2026-03;415.0;438.0;71.08;67.35;0
171190;LAGOA DA CONFUSÃO;TO;2026-03;1073.0;61663.07;2026-03;2169.0;2305.0;49.47;46.55;0
171195;LAGOA DO TOCANTINS;TO;2026-03;373.0;20514.95;2026-03;590.0;622.0;63.22;59.97;0
171200;LAJEADO;TO;2026-03;276.0;15488.13;2026-03;405.0;429.0;68.15;64.34;0
171215;LAVANDEIRA;TO;2026-03;207.0;11391.44;2026-03;323.0;341.0;64.09;60.7;0
171240;LIZARDA;TO;2026-03;391.0;19050.88;2026-03;528.0;558.0;74.05;70.07;0
171245;LUZINÓPOLIS;TO;2026-03;349.0;19840.19;2026-03;472.0;485.0;73.94;71.96;0
171250;MARIANÓPOLIS DO TOCANTINS;TO;2026-03;432.0;21322.32;2026-03;691.0;718.0;62.52;60.17;0
171270;MATEIROS;TO;2026-03;268.0;14125.99;2026-03;436.0;444.0;61.47;60.36;0
171280;MAURILÂNDIA DO TOCANTINS;TO;2026-03;410.0;21830.53;2026-03;627.0;674.0;65.39;60.83;0
171320;MIRACEMA DO TOCANTINS;TO;2026-03;2107.0;123213.81;2026-03;2316.0;2443.0;90.98;86.25;0
171330;MIRANORTE;TO;2026-03;1483.0;88439.14;2026-03;1797.0;1955.0;82.53;75.86;0
171360;MONTE DO CARMO;TO;2026-03;690.0;36456.87;2026-03;1053.0;1110.0;65.53;62.16;0
171370;MONTE SANTO DO TOCANTINS;TO;2026-03;240.0;12713.42;2026-03;401.0;434.0;59.85;55.3;0
171380;PALMEIRAS DO TOCANTINS;TO;2026-03;684.0;39245.6;2026-03;949.0;995.0;72.08;68.74;0
171395;MURICILÂNDIA;TO;2026-03;322.0;18088.0;2026-03;697.0;718.0;46.2;44.85;0
171420;NATIVIDADE;TO;2026-03;1106.0;65087.25;2026-03;1456.0;1524.0;75.96;72.57;0
171430;NAZARÉ;TO;2026-03;606.0;33485.38;2026-03;754.0;778.0;80.37;77.89;0
171488;NOVA OLINDA;TO;2026-03;1332.0;76191.12;2026-03;1721.0;1868.0;77.4;71.31;0
171500;NOVA ROSALÂNDIA;TO;2026-03;405.0;21825.54;2026-03;458.0;481.0;88.43;84.2;0
171510;NOVO ACORDO;TO;2026-03;491.0;27950.25;2026-03;732.0;785.0;67.08;62.55;0
171515;NOVO ALEGRE;TO;2026-03;230.0;12617.31;2026-03;316.0;346.0;72.78;66.47;0
171525;NOVO JARDIM;TO;2026-03;281.0;16054.17;2026-03;445.0;464.0;63.15;60.56;0
171550;OLIVEIRA DE FÁTIMA;TO;2026-03;147.0;8519.32;2026-03;202.0;208.0;72.77;70.67;0
171570;PALMEIRANTE;TO;2026-03;607.0;31026.83;2026-03;950.0;988.0;63.89;61.44;0
171575;PALMEIRÓPOLIS;TO;2026-03;729.0;43165.18;2026-03;964.0;969.0;75.62;75.23;0
171610;PARAÍSO DO TOCANTINS;TO;2026-03;3210.0;193484.72;2026-03;3571.0;3932.0;89.89;81.64;0
171620;PARANÃ;TO;2026-03;1379.0;70068.19;2026-03;2289.0;2488.0;60.24;55.43;0
171630;PAU D'ARCO;TO;2026-03;455.0;26186.7;2026-03;737.0;790.0;61.74;57.59;0
171650;PEDRO AFONSO;TO;2026-03;1157.0;69182.02;2026-03;1694.0;1813.0;68.3;63.82;0
171660;PEIXE;TO;2026-03;1049.0;57721.1;2026-03;1554.0;1609.0;67.5;65.2;0
171665;PEQUIZEIRO;TO;2026-03;543.0;30158.16;2026-03;744.0;829.0;72.98;65.5;0
171670;COLMÉIA;TO;2026-03;960.0;54453.41;2026-03;1253.0;1360.0;76.62;70.59;0
171700;PINDORAMA DO TOCANTINS;TO;2026-03;561.0;28822.12;2026-03;755.0;811.0;74.3;69.17;0
171720;PIRAQUÊ;TO;2026-03;194.0;10799.97;2026-03;444.0;477.0;43.69;40.67;0
171750;PIUM;TO;2026-03;629.0;32551.7;2026-03;833.0;905.0;75.51;69.5;0
171780;PONTE ALTA DO BOM JESUS;TO;2026-03;513.0;27654.19;2026-03;694.0;793.0;73.92;64.69;0
171790;PONTE ALTA DO TOCANTINS;TO;2026-03;742.0;40448.86;2026-03;978.0;1011.0;75.87;73.39;0
171800;PORTO ALEGRE DO TOCANTINS;TO;2026-03;317.0;17495.85;2026-03;463.0;482.0;68.47;65.77;0
171820;PORTO NACIONAL;TO;2026-03;5649.0;336746.29;2026-03;7510.0;8263.0;75.22;68.37;0
171830;PRAIA NORTE;TO;2026-03;888.0;51957.68;2026-03;1217.0;1267.0;72.97;70.09;0
171840;PRESIDENTE KENNEDY;TO;2026-03;363.0;20559.07;2026-03;441.0;465.0;82.31;78.06;0
171845;PUGMIL;TO;2026-03;240.0;14017.24;2026-03;426.0;457.0;56.34;52.52;0
171850;RECURSOLÂNDIA;TO;2026-03;454.0;25042.51;2026-03;924.0;976.0;49.13;46.52;0
171855;RIACHINHO;TO;2026-03;548.0;30034.58;2026-03;662.0;687.0;82.78;79.77;0
171865;RIO DA CONCEIÇÃO;TO;2026-03;232.0;12736.85;2026-03;346.0;366.0;67.05;63.39;0
171870;RIO DOS BOIS;TO;2026-03;317.0;16453.7;2026-03;490.0;511.0;64.69;62.04;0
171875;RIO SONO;TO;2026-03;754.0;41342.38;2026-03;1170.0;1224.0;64.44;61.6;0
171880;SAMPAIO;TO;2026-03;704.0;40640.38;2026-03;1197.0;1249.0;58.81;56.37;0
171884;SANDOLÂNDIA;TO;2026-03;403.0;22671.48;2026-03;800.0;839.0;50.38;48.03;0
171886;SANTA FÉ DO ARAGUAIA;TO;2026-03;823.0;47701.33;2026-03;966.0;1051.0;85.2;78.31;0
171888;SANTA MARIA DO TOCANTINS;TO;2026-03;272.0;14738.53;2026-03;339.0;341.0;80.24;79.77;0
171889;SANTA RITA DO TOCANTINS;TO;2026-03;171.0;8840.61;2026-03;280.0;299.0;61.07;57.19;0
171890;SANTA ROSA DO TOCANTINS;TO;2026-03;569.0;30866.57;2026-03;775.0;831.0;73.42;68.47;0
171900;SANTA TEREZA DO TOCANTINS;TO;2026-03;263.0;15031.13;2026-03;423.0;459.0;62.17;57.3;0
172000;SANTA TEREZINHA DO TOCANTINS;TO;2026-03;267.0;14293.14;2026-03;342.0;367.0;78.07;72.75;0
172010;SÃO BENTO DO TOCANTINS;TO;2026-03;848.0;46946.02;2026-03;1286.0;1345.0;65.94;63.05;0
172015;SÃO FÉLIX DO TOCANTINS;TO;2026-03;189.0;9966.86;2026-03;259.0;266.0;72.97;71.05;0
172020;SÃO MIGUEL DO TOCANTINS;TO;2026-03;1759.0;105541.23;2026-03;2491.0;2617.0;70.61;67.21;0
172025;SÃO SALVADOR DO TOCANTINS;TO;2026-03;292.0;16074.07;2026-03;479.0;505.0;60.96;57.82;0
172030;SÃO SEBASTIÃO DO TOCANTINS;TO;2026-03;568.0;33326.6;2026-03;908.0;954.0;62.56;59.54;0
172049;SÃO VALÉRIO;TO;2026-03;592.0;32410.07;2026-03;840.0;875.0;70.48;67.66;0
172065;SILVANÓPOLIS;TO;2026-03;698.0;40549.84;2026-03;967.0;1020.0;72.18;68.43;0
172080;SÍTIO NOVO DO TOCANTINS;TO;2026-03;1269.0;74793.95;2026-03;1702.0;1835.0;74.56;69.16;0
172085;SUCUPIRA;TO;2026-03;155.0;9074.29;2026-03;196.0;212.0;79.08;73.11;0
172090;TAGUATINGA;TO;2026-03;2013.0;113260.57;2026-03;3046.0;3241.0;66.09;62.11;0
172093;TAIPAS DO TOCANTINS;TO;2026-03;205.0;11755.69;2026-03;267.0;293.0;76.78;69.97;0
172097;TALISMÃ;TO;2026-03;206.0;10524.9;2026-03;298.0;319.0;69.13;64.58;0
172100;PALMAS;TO;2026-03;21490.0;1306138.99;2026-03;31210.0;34846.0;68.86;61.67;0
172110;TOCANTÍNIA;TO;2026-03;729.0;39458.81;2026-03;1578.0;1643.0;46.2;44.37;0
172120;TOCANTINÓPOLIS;TO;2026-03;2646.0;158182.19;2026-03;3850.0;3968.0;68.73;66.68;0
172125;TUPIRAMA;TO;2026-03;148.0;8109.04;2026-03;287.0;306.0;51.57;48.37;0
172130;TUPIRATINS;TO;2026-03;170.0;8347.98;2026-03;253.0;273.0;67.19;62.27;0
172208;WANDERLÂNDIA;TO;2026-03;1339.0;77662.14;2026-03;1733.0;1852.0;77.26;72.3;0
172210;XAMBIOÁ;TO;2026-03;1286.0;77775.87;2026-03;1991.0;2091.0;64.59;61.5;0
210005;AÇAILÂNDIA;MA;2026-03;14719.0;795446.47;2026-03;14644.0;15789.0;100.51;93.22;0
210010;AFONSO CUNHA;MA;2026-03;1014.0;53498.66;2026-03;2048.0;2211.0;49.51;45.86;0
210015;ÁGUA DOCE DO MARANHÃO;MA;2026-03;2127.0;109799.51;2026-03;3062.0;3188.0;69.46;66.72;0
210020;ALCÂNTARA;MA;2026-03;3101.0;160497.8;2026-03;5999.0;6595.0;51.69;47.02;0
210030;ALDEIAS ALTAS;MA;2026-03;3478.0;180904.49;2026-03;4485.0;4754.0;77.55;73.16;0
210040;ALTAMIRA DO MARANHÃO;MA;2026-03;1043.0;56845.55;2026-03;1813.0;1959.0;57.53;53.24;0
210043;ALTO ALEGRE DO MARANHÃO;MA;2026-03;3899.0;203086.65;2026-03;5053.0;5352.0;77.16;72.85;0
210047;ALTO ALEGRE DO PINDARÉ;MA;2026-03;3298.0;171661.25;2026-03;5750.0;6112.0;57.36;53.96;0
210050;ALTO PARNAÍBA;MA;2026-03;1641.0;84548.98;2026-03;2012.0;2173.0;81.56;75.52;0
210055;AMAPÁ DO MARANHÃO;MA;2026-03;1123.0;60092.11;2026-03;1894.0;1996.0;59.29;56.26;0
210060;AMARANTE DO MARANHÃO;MA;2026-03;4653.0;234912.84;2026-03;6928.0;7304.0;67.16;63.7;0
210070;ANAJATUBA;MA;2026-03;4334.0;224354.32;2026-03;6631.0;7094.0;65.36;61.09;0
210080;ANAPURUS;MA;2026-03;2707.0;143984.05;2026-03;4369.0;4558.0;61.96;59.39;0
210083;APICUM-AÇU;MA;2026-03;2676.0;140813.73;2026-03;5213.0;5554.0;51.33;48.18;0
210087;ARAGUANÃ;MA;2026-03;1389.0;72285.79;2026-03;2378.0;2491.0;58.41;55.76;0
210090;ARAIOSES;MA;2026-03;6810.0;344182.4;2026-03;8601.0;9099.0;79.18;74.84;0
210095;ARAME;MA;2026-03;3345.0;172707.04;2026-03;5509.0;5766.0;60.72;58.01;0
210100;ARARI;MA;2026-03;3646.0;197482.04;2026-03;5693.0;5961.0;64.04;61.16;0
210110;AXIXÁ;MA;2026-03;1565.0;85669.67;2026-03;3394.0;3520.0;46.11;44.46;0
210120;BACABAL;MA;2026-03;16167.0;891958.92;2026-03;19706.0;22371.0;82.04;72.27;0
210125;BACABEIRA;MA;2026-03;2829.0;152285.99;2026-03;3965.0;4141.0;71.35;68.32;0
210130;BACURI;MA;2026-03;2208.0;116362.57;2026-03;3510.0;3725.0;62.91;59.28;0
210135;BACURITUBA;MA;2026-03;698.0;35370.43;2026-03;1328.0;1486.0;52.56;46.97;0
210140;BALSAS;MA;2026-03;12210.0;669875.68;2026-03;15589.0;16861.0;78.32;72.42;0
210150;BARÃO DE GRAJAÚ;MA;2026-03;3377.0;176478.04;2026-03;4018.0;4347.0;84.05;77.69;0
210160;BARRA DO CORDA;MA;2026-03;14236.0;751276.68;2026-03;16717.0;18065.0;85.16;78.8;0
210170;BARREIRINHAS;MA;2026-03;9482.0;504906.71;2026-03;14619.0;16080.0;64.86;58.97;0
210173;BELÁGUA;MA;2026-03;1251.0;61540.12;2026-03;2336.0;2416.0;53.55;51.78;0
210177;BELA VISTA DO MARANHÃO;MA;2026-03;2077.0;116137.89;2026-03;2860.0;2993.0;72.62;69.4;0
210180;BENEDITO LEITE;MA;2026-03;767.0;40087.0;2026-03;1286.0;1356.0;59.64;56.56;0
210190;BEQUIMÃO;MA;2026-03;3398.0;171399.35;2026-03;5020.0;5352.0;67.69;63.49;0
210193;BERNARDO DO MEARIM;MA;2026-03;877.0;46678.4;2026-03;1097.0;1191.0;79.95;73.64;0
210197;BOA VISTA DO GURUPI;MA;2026-03;1049.0;54032.39;2026-03;1964.0;2044.0;53.41;51.32;0
210200;BOM JARDIM;MA;2026-03;4463.0;231491.97;2026-03;7263.0;7901.0;61.45;56.49;0
210203;BOM JESUS DAS SELVAS;MA;2026-03;3896.0;204394.39;2026-03;5470.0;5760.0;71.22;67.64;0
210207;BOM LUGAR;MA;2026-03;1992.0;106856.17;2026-03;2890.0;3058.0;68.93;65.14;0
210210;BREJO;MA;2026-03;5972.0;330157.4;2026-03;7260.0;7659.0;82.26;77.97;0
210215;BREJO DE AREIA;MA;2026-03;1436.0;74615.38;2026-03;2397.0;2508.0;59.91;57.26;0
210220;BURITI;MA;2026-03;4408.0;230322.53;2026-03;7652.0;8059.0;57.61;54.7;0
210230;BURITI BRAVO;MA;2026-03;4452.0;238345.12;2026-03;5674.0;6000.0;78.46;74.2;0
210232;BURITICUPU;MA;2026-03;9136.0;498091.99;2026-03;9989.0;11118.0;91.46;82.17;0
210235;BURITIRANA;MA;2026-03;1842.0;92298.89;2026-03;2624.0;2816.0;70.2;65.41;0
210237;CACHOEIRA GRANDE;MA;2026-03;1294.0;65314.19;2026-03;4021.0;4139.0;32.18;31.26;0
210240;CAJAPIÓ;MA;2026-03;1174.0;59573.16;2026-03;2408.0;2533.0;48.75;46.35;0
210250;CAJARI;MA;2026-03;1939.0;100511.56;2026-03;5982.0;6278.0;32.41;30.89;0
210255;CAMPESTRE DO MARANHÃO;MA;2026-03;1594.0;86470.3;2026-03;2085.0;2214.0;76.45;72.0;0
210260;CÂNDIDO MENDES;MA;2026-03;2390.0;124302.16;2026-03;4704.0;5060.0;50.81;47.23;0
210270;CANTANHEDE;MA;2026-03;2420.0;123702.54;2026-03;3707.0;3997.0;65.28;60.55;0
210275;CAPINZAL DO NORTE;MA;2026-03;1640.0;84832.26;2026-03;2526.0;2672.0;64.92;61.38;0
210280;CAROLINA;MA;2026-03;3333.0;178157.31;2026-03;4792.0;4957.0;69.55;67.24;0
210290;CARUTAPERA;MA;2026-03;3665.0;203116.18;2026-03;6265.0;7095.0;58.5;51.66;0
210300;CAXIAS;MA;2026-03;19515.0;1048992.92;2026-03;21735.0;23934.0;89.79;81.54;0
210310;CEDRAL;MA;2026-03;1579.0;83397.46;2026-03;2829.0;2963.0;55.81;53.29;0
210312;CENTRAL DO MARANHÃO;MA;2026-03;1193.0;60497.43;2026-03;2518.0;2737.0;47.38;43.59;0
210315;CENTRO DO GUILHERME;MA;2026-03;1684.0;91952.83;2026-03;3211.0;3436.0;52.44;49.01;0
210317;CENTRO NOVO DO MARANHÃO;MA;2026-03;2499.0;132780.15;2026-03;3952.0;4279.0;63.23;58.4;0
210320;CHAPADINHA;MA;2026-03;16777.0;925490.83;2026-03;23889.0;25641.0;70.23;65.43;0
210325;CIDELÂNDIA;MA;2026-03;1945.0;102067.32;2026-03;3009.0;3112.0;64.64;62.5;0
210330;CODÓ;MA;2026-03;16937.0;890498.18;2026-03;21667.0;23845.0;78.17;71.03;0
210340;COELHO NETO;MA;2026-03;7795.0;445291.16;2026-03;9842.0;10444.0;79.2;74.64;0
210350;COLINAS;MA;2026-03;7766.0;418271.27;2026-03;8993.0;9480.0;86.36;81.92;0
210355;CONCEIÇÃO DO LAGO-AÇU;MA;2026-03;1872.0;98919.16;2026-03;3346.0;3539.0;55.95;52.9;0
210360;COROATÁ;MA;2026-03;9329.0;494924.06;2026-03;11825.0;12452.0;78.89;74.92;0
210370;CURURUPU;MA;2026-03;5335.0;281536.57;2026-03;8786.0;9480.0;60.72;56.28;0
210375;DAVINÓPOLIS;MA;2026-03;2073.0;110811.35;2026-03;2229.0;2399.0;93.0;86.41;0
210380;DOM PEDRO;MA;2026-03;3357.0;180005.49;2026-03;4805.0;5122.0;69.86;65.54;0
210390;DUQUE BACELAR;MA;2026-03;1827.0;97073.28;2026-03;3543.0;3626.0;51.57;50.39;0
210400;ESPERANTINÓPOLIS;MA;2026-03;3071.0;166117.28;2026-03;3839.0;4056.0;79.99;75.71;0
210405;ESTREITO;MA;2026-03;5170.0;282213.48;2026-03;5489.0;5928.0;94.19;87.21;0
210407;FEIRA NOVA DO MARANHÃO;MA;2026-03;999.0;50597.66;2026-03;1673.0;1753.0;59.71;56.99;0
210408;FERNANDO FALCÃO;MA;2026-03;1271.0;61735.83;2026-03;2736.0;2857.0;46.45;44.49;0
210409;FORMOSA DA SERRA NEGRA;MA;2026-03;2269.0;118060.13;2026-03;3675.0;3796.0;61.74;59.77;0
210410;FORTALEZA DOS NOGUEIRAS;MA;2026-03;1745.0;89971.86;2026-03;2925.0;3125.0;59.66;55.84;0
210420;FORTUNA;MA;2026-03;2762.0;144544.77;2026-03;3598.0;3847.0;76.76;71.8;0
210430;GODOFREDO VIANA;MA;2026-03;1073.0;56833.62;2026-03;2166.0;2313.0;49.54;46.39;0
210440;GONÇALVES DIAS;MA;2026-03;2604.0;135505.91;2026-03;3785.0;4011.0;68.8;64.92;0
210450;GOVERNADOR ARCHER;MA;2026-03;1503.0;79235.5;2026-03;1974.0;2076.0;76.14;72.4;0
210455;GOVERNADOR EDISON LOBÃO;MA;2026-03;2717.0;144661.77;2026-03;3458.0;3754.0;78.57;72.38;0
210460;GOVERNADOR EUGÊNIO BARROS;MA;2026-03;2109.0;107743.32;2026-03;2662.0;2823.0;79.23;74.71;0
210462;GOVERNADOR LUIZ ROCHA;MA;2026-03;1268.0;64663.53;2026-03;1475.0;1555.0;85.97;81.54;0
210465;GOVERNADOR NEWTON BELLO;MA;2026-03;1308.0;69681.88;2026-03;2263.0;2500.0;57.8;52.32;0
210467;GOVERNADOR NUNES FREIRE;MA;2026-03;4116.0;216054.4;2026-03;5360.0;5653.0;76.79;72.81;0
210470;GRAÇA ARANHA;MA;2026-03;934.0;48690.62;2026-03;1312.0;1364.0;71.19;68.48;0
210480;GRAJAÚ;MA;2026-03;10326.0;544486.87;2026-03;15826.0;16417.0;65.25;62.9;0
210490;GUIMARÃES;MA;2026-03;1665.0;85350.72;2026-03;2389.0;2593.0;69.69;64.21;0
210500;HUMBERTO DE CAMPOS;MA;2026-03;3548.0;181050.94;2026-03;6457.0;6709.0;54.95;52.88;0
210510;ICATU;MA;2026-03;2706.0;141344.62;2026-03;6512.0;7383.0;41.55;36.65;0
210515;IGARAPÉ DO MEIO;MA;2026-03;2026.0;108286.24;2026-03;3132.0;3282.0;64.69;61.73;0
210520;IGARAPÉ GRANDE;MA;2026-03;1432.0;77603.4;2026-03;2352.0;2477.0;60.88;57.81;0
210530;IMPERATRIZ;MA;2026-03;36320.0;1985641.8;2026-03;38248.0;41914.0;94.96;86.65;0
210535;ITAIPAVA DO GRAJAÚ;MA;2026-03;1657.0;89589.68;2026-03;3717.0;3948.0;44.58;41.97;0
210540;ITAPECURU MIRIM;MA;2026-03;9566.0;504203.58;2026-03;11405.0;12350.0;83.88;77.46;0
210542;ITINGA DO MARANHÃO;MA;2026-03;3589.0;196984.69;2026-03;5108.0;5413.0;70.26;66.3;0
210545;JATOBÁ;MA;2026-03;1454.0;73985.99;2026-03;2032.0;2069.0;71.56;70.28;0
210547;JENIPAPO DOS VIEIRAS;MA;2026-03;1532.0;75479.14;2026-03;3430.0;3678.0;44.66;41.65;0
210550;JOÃO LISBOA;MA;2026-03;3921.0;210912.56;2026-03;4791.0;5018.0;81.84;78.14;0
210560;JOSELÂNDIA;MA;2026-03;2272.0;118489.48;2026-03;3354.0;3558.0;67.74;63.86;0
210565;JUNCO DO MARANHÃO;MA;2026-03;936.0;48474.97;2026-03;1322.0;1377.0;70.8;67.97;0
210570;LAGO DA PEDRA;MA;2026-03;7864.0;437963.18;2026-03;9313.0;10035.0;84.44;78.37;0
210580;LAGO DO JUNCO;MA;2026-03;1591.0;86544.18;2026-03;2310.0;2400.0;68.87;66.29;0
210590;LAGO VERDE;MA;2026-03;2246.0;117290.01;2026-03;3460.0;3620.0;64.91;62.04;0
210592;LAGOA DO MATO;MA;2026-03;1916.0;95361.02;2026-03;2681.0;2832.0;71.47;67.66;0
210594;LAGO DOS RODRIGUES;MA;2026-03;1485.0;80533.11;2026-03;2007.0;2118.0;73.99;70.11;0
210596;LAGOA GRANDE DO MARANHÃO;MA;2026-03;2354.0;123962.71;2026-03;2803.0;2919.0;83.98;80.64;0
210598;LAJEADO NOVO;MA;2026-03;1249.0;79518.22;2026-03;1727.0;1848.0;72.32;67.59;0
210600;LIMA CAMPOS;MA;2026-03;1852.0;99147.3;2026-03;2473.0;2646.0;74.89;69.99;0
210610;LORETO;MA;2026-03;1590.0;82087.33;2026-03;2481.0;2611.0;64.09;60.9;0
210620;LUÍS DOMINGUES;MA;2026-03;1142.0;60057.44;2026-03;2325.0;2457.0;49.12;46.48;0
210630;MAGALHÃES DE ALMEIDA;MA;2026-03;2344.0;121559.29;2026-03;3046.0;3196.0;76.95;73.34;0
210632;MARACAÇUMÉ;MA;2026-03;3240.0;176678.5;2026-03;5044.0;5388.0;64.23;60.13;0
210635;MARAJÁ DO SENA;MA;2026-03;824.0;39283.93;2026-03;1649.0;1736.0;49.97;47.47;0
210637;MARANHÃOZINHO;MA;2026-03;1761.0;91041.63;2026-03;2672.0;2903.0;65.91;60.66;0
210640;MATA ROMA;MA;2026-03;3150.0;164032.7;2026-03;4408.0;4652.0;71.46;67.71;0
210650;MATINHA;MA;2026-03;3387.0;178869.12;2026-03;6203.0;6475.0;54.6;52.31;0
210660;MATÕES;MA;2026-03;4428.0;224780.38;2026-03;6774.0;7270.0;65.37;60.91;0
210663;MATÕES DO NORTE;MA;2026-03;1214.0;63518.28;2026-03;2289.0;2405.0;53.04;50.48;0
210667;MILAGRES DO MARANHÃO;MA;2026-03;1019.0;53035.43;2026-03;1832.0;1917.0;55.62;53.16;0
210670;MIRADOR;MA;2026-03;4332.0;223643.31;2026-03;5646.0;6069.0;76.73;71.38;0
210675;MIRANDA DO NORTE;MA;2026-03;3007.0;161397.48;2026-03;4920.0;5166.0;61.12;58.21;0
210680;MIRINZAL;MA;2026-03;2597.0;137121.67;2026-03;5041.0;5252.0;51.52;49.45;0
210690;MONÇÃO;MA;2026-03;2925.0;148836.42;2026-03;7099.0;7568.0;41.2;38.65;0
210700;MONTES ALTOS;MA;2026-03;1243.0;62919.07;2026-03;2217.0;2321.0;56.07;53.55;0
210710;MORROS;MA;2026-03;2461.0;129742.14;2026-03;4727.0;5058.0;52.06;48.66;0
210720;NINA RODRIGUES;MA;2026-03;1110.0;55930.54;2026-03;2979.0;3069.0;37.26;36.17;0
210725;NOVA COLINAS;MA;2026-03;672.0;32552.33;2026-03;1106.0;1129.0;60.76;59.52;0
210730;NOVA IORQUE;MA;2026-03;725.0;37205.57;2026-03;1190.0;1264.0;60.92;57.36;0
210735;NOVA OLINDA DO MARANHÃO;MA;2026-03;2308.0;122075.86;2026-03;3840.0;4024.0;60.1;57.36;0
210740;OLHO D'ÁGUA DAS CUNHÃS;MA;2026-03;3042.0;163294.53;2026-03;4329.0;4706.0;70.27;64.64;0
210745;OLINDA NOVA DO MARANHÃO;MA;2026-03;1971.0;105434.97;2026-03;3635.0;3869.0;54.22;50.94;0
210750;PAÇO DO LUMIAR;MA;2026-03;19130.0;1063257.81;2026-03;21833.0;23716.0;87.62;80.66;0
210760;PALMEIRÂNDIA;MA;2026-03;3369.0;179441.53;2026-03;6360.0;6686.0;52.97;50.39;0
210770;PARAIBANO;MA;2026-03;3524.0;185247.88;2026-03;4642.0;4983.0;75.92;70.72;0
210780;PARNARAMA;MA;2026-03;4837.0;246695.0;2026-03;6153.0;6563.0;78.61;73.7;0
210790;PASSAGEM FRANCA;MA;2026-03;3255.0;172487.92;2026-03;4078.0;4216.0;79.82;77.21;0
210800;PASTOS BONS;MA;2026-03;3046.0;158415.99;2026-03;4111.0;4400.0;74.09;69.23;0
210805;PAULINO NEVES;MA;2026-03;2521.0;130314.73;2026-03;4219.0;4418.0;59.75;57.06;0
210810;PAULO RAMOS;MA;2026-03;2869.0;150859.77;2026-03;4903.0;5135.0;58.52;55.87;0
210820;PEDREIRAS;MA;2026-03;5382.0;293908.27;2026-03;5559.0;5907.0;96.82;91.11;0
210825;PEDRO DO ROSÁRIO;MA;2026-03;2628.0;135902.79;2026-03;7597.0;8613.0;34.59;30.51;0
210830;PENALVA;MA;2026-03;4355.0;229225.95;2026-03;8015.0;8642.0;54.34;50.39;0
210840;PERI MIRIM;MA;2026-03;2332.0;116433.66;2026-03;4316.0;4639.0;54.03;50.27;0
210845;PERITORÓ;MA;2026-03;3241.0;168511.7;2026-03;4634.0;5133.0;69.94;63.14;0
210850;PINDARÉ-MIRIM;MA;2026-03;4061.0;221123.76;2026-03;6105.0;6660.0;66.52;60.98;0
210860;PINHEIRO;MA;2026-03;14672.0;804836.59;2026-03;20308.0;21501.0;72.25;68.24;0
210870;PIO XII;MA;2026-03;3674.0;208077.42;2026-03;5457.0;5782.0;67.33;63.54;0
210880;PIRAPEMAS;MA;2026-03;1975.0;99318.07;2026-03;3603.0;3811.0;54.82;51.82;0
210890;POÇÃO DE PEDRAS;MA;2026-03;3130.0;170464.05;2026-03;4176.0;4472.0;74.95;69.99;0
210900;PORTO FRANCO;MA;2026-03;3616.0;201602.63;2026-03;3620.0;3933.0;99.89;91.94;0
210905;PORTO RICO DO MARANHÃO;MA;2026-03;1090.0;57386.69;2026-03;2217.0;2261.0;49.17;48.21;0
210910;PRESIDENTE DUTRA;MA;2026-03;5778.0;318904.38;2026-03;6220.0;6734.0;92.89;85.8;0
210920;PRESIDENTE JUSCELINO;MA;2026-03;1359.0;68674.26;2026-03;2885.0;3065.0;47.11;44.34;0
210923;PRESIDENTE MÉDICI;MA;2026-03;902.0;47974.77;2026-03;1514.0;1628.0;59.58;55.41;0
210927;PRESIDENTE SARNEY;MA;2026-03;2917.0;152768.11;2026-03;5033.0;5174.0;57.96;56.38;0
210930;PRESIDENTE VARGAS;MA;2026-03;1171.0;58255.6;2026-03;2786.0;2884.0;42.03;40.6;0
210940;PRIMEIRA CRUZ;MA;2026-03;1489.0;76754.85;2026-03;2804.0;2959.0;53.1;50.32;0
210945;RAPOSA;MA;2026-03;4834.0;266505.56;2026-03;8108.0;8523.0;59.62;56.72;0
210950;RIACHÃO;MA;2026-03;3091.0;155229.76;2026-03;4290.0;4572.0;72.05;67.61;0
210955;RIBAMAR FIQUENE;MA;2026-03;956.0;49995.35;2026-03;1256.0;1326.0;76.11;72.1;0
210960;ROSÁRIO;MA;2026-03;6001.0;319116.15;2026-03;7696.0;8136.0;77.98;73.76;0
210970;SAMBAÍBA;MA;2026-03;811.0;42498.35;2026-03;1250.0;1383.0;64.88;58.64;0
210975;SANTA FILOMENA DO MARANHÃO;MA;2026-03;1080.0;55849.78;2026-03;1368.0;1438.0;78.95;75.1;0
210980;SANTA HELENA;MA;2026-03;4955.0;266226.91;2026-03;8033.0;9050.0;61.68;54.75;0
210990;SANTA INÊS;MA;2026-03;11332.0;625691.21;2026-03;14841.0;15805.0;76.36;71.7;0
211000;SANTA LUZIA;MA;2026-03;7657.0;410581.23;2026-03;11766.0;12595.0;65.08;60.79;0
211003;SANTA LUZIA DO PARUÁ;MA;2026-03;3838.0;204343.8;2026-03;6077.0;6386.0;63.16;60.1;0
211010;SANTA QUITÉRIA DO MARANHÃO;MA;2026-03;4544.0;246141.3;2026-03;6473.0;6724.0;70.2;67.58;0
211020;SANTA RITA;MA;2026-03;6600.0;361053.17;2026-03;10007.0;10480.0;65.95;62.98;0
211023;SANTANA DO MARANHÃO;MA;2026-03;1260.0;64204.6;2026-03;2002.0;2104.0;62.94;59.89;0
211027;SANTO AMARO DO MARANHÃO;MA;2026-03;1608.0;82355.76;2026-03;3467.0;3892.0;46.38;41.32;0
211030;SANTO ANTÔNIO DOS LOPES;MA;2026-03;1994.0;106533.59;2026-03;3324.0;3639.0;59.99;54.8;0
211040;SÃO BENEDITO DO RIO PRETO;MA;2026-03;3011.0;156278.87;2026-03;4533.0;4819.0;66.42;62.48;0
211050;SÃO BENTO;MA;2026-03;5375.0;285224.83;2026-03;7855.0;8292.0;68.43;64.82;0
211060;SÃO BERNARDO;MA;2026-03;4780.0;252412.17;2026-03;7087.0;7632.0;67.45;62.63;0
211065;SÃO DOMINGOS DO AZEITÃO;MA;2026-03;1134.0;58399.97;2026-03;1947.0;2001.0;58.24;56.67;0
211070;SÃO DOMINGOS DO MARANHÃO;MA;2026-03;6484.0;347807.34;2026-03;8097.0;8450.0;80.08;76.73;0
211080;SÃO FÉLIX DE BALSAS;MA;2026-03;634.0;31408.9;2026-03;1018.0;1076.0;62.28;58.92;0
211085;SÃO FRANCISCO DO BREJÃO;MA;2026-03;1369.0;74699.55;2026-03;1892.0;2003.0;72.36;68.35;0
211090;SÃO FRANCISCO DO MARANHÃO;MA;2026-03;1996.0;106683.97;2026-03;2714.0;2952.0;73.54;67.62;0
211100;SÃO JOÃO BATISTA;MA;2026-03;2829.0;148062.81;2026-03;6740.0;7209.0;41.97;39.24;0
211102;SÃO JOÃO DO CARÚ;MA;2026-03;1649.0;83477.35;2026-03;2938.0;3183.0;56.13;51.81;0
211105;SÃO JOÃO DO PARAÍSO;MA;2026-03;1599.0;82771.86;2026-03;2106.0;2231.0;75.93;71.67;0
211107;SÃO JOÃO DO SOTER;MA;2026-03;2379.0;119548.14;2026-03;3963.0;4213.0;60.03;56.47;0
211110;SÃO JOÃO DOS PATOS;MA;2026-03;4651.0;240271.65;2026-03;5318.0;5547.0;87.46;83.85;0
211120;SÃO JOSÉ DE RIBAMAR;MA;2026-03;30981.0;1722378.15;2026-03;31076.0;36697.0;99.69;84.42;0
211125;SÃO JOSÉ DOS BASÍLIOS;MA;2026-03;1223.0;65137.7;2026-03;1474.0;1522.0;82.97;80.35;0
211130;SÃO LUÍS;MA;2026-03;128348.0;7129436.76;2026-03;148766.0;166401.0;86.28;77.13;0
211140;SÃO LUÍS GONZAGA DO MARANHÃO;MA;2026-03;2871.0;148784.28;2026-03;4193.0;4342.0;68.47;66.12;0
211150;SÃO MATEUS DO MARANHÃO;MA;2026-03;6777.0;375146.01;2026-03;7827.0;8357.0;86.58;81.09;0
211153;SÃO PEDRO DA ÁGUA BRANCA;MA;2026-03;1544.0;82798.95;2026-03;2157.0;2271.0;71.58;67.99;0
211157;SÃO PEDRO DOS CRENTES;MA;2026-03;726.0;36289.13;2026-03;1191.0;1268.0;60.96;57.26;0
211160;SÃO RAIMUNDO DAS MANGABEIRAS;MA;2026-03;3354.0;182796.53;2026-03;4239.0;4561.0;79.12;73.54;0
211163;SÃO RAIMUNDO DO DOCA BEZERRA;MA;2026-03;942.0;48931.37;2026-03;1349.0;1390.0;69.83;67.77;0
211167;SÃO ROBERTO;MA;2026-03;900.0;46016.48;2026-03;1297.0;1410.0;69.39;63.83;0
211170;SÃO VICENTE FERRER;MA;2026-03;2551.0;133179.43;2026-03;5373.0;6388.0;47.48;39.93;0
211172;SATUBINHA;MA;2026-03;1176.0;64459.41;2026-03;2069.0;2172.0;56.84;54.14;0
211174;SENADOR ALEXANDRE COSTA;MA;2026-03;1772.0;92259.08;2026-03;3175.0;3328.0;55.81;53.25;0
211176;SENADOR LA ROCQUE;MA;2026-03;2678.0;142033.43;2026-03;3454.0;3636.0;77.53;73.65;0
211178;SERRANO DO MARANHÃO;MA;2026-03;1275.0;64454.15;2026-03;3968.0;4638.0;32.13;27.49;0
211180;SÍTIO NOVO;MA;2026-03;2484.0;130959.26;2026-03;3559.0;3865.0;69.79;64.27;0
211190;SUCUPIRA DO NORTE;MA;2026-03;1796.0;91283.72;2026-03;2674.0;2906.0;67.17;61.8;0
211195;SUCUPIRA DO RIACHÃO;MA;2026-03;809.0;40573.9;2026-03;1232.0;1278.0;65.67;63.3;0
211200;TASSO FRAGOSO;MA;2026-03;944.0;49734.68;2026-03;1482.0;1578.0;63.7;59.82;0
211210;TIMBIRAS;MA;2026-03;3809.0;197096.44;2026-03;5254.0;5660.0;72.5;67.3;0
211220;TIMON;MA;2026-03;26448.0;1454420.29;2026-03;32728.0;35728.0;80.81;74.03;0
211223;TRIZIDELA DO VALE;MA;2026-03;3411.0;185609.79;2026-03;3858.0;4161.0;88.41;81.98;0
211227;TUFILÂNDIA;MA;2026-03;774.0;39805.76;2026-03;1548.0;1619.0;50.0;47.81;0
211230;TUNTUM;MA;2026-03;6247.0;342685.59;2026-03;7866.0;8366.0;79.42;74.67;0
211240;TURIAÇU;MA;2026-03;4114.0;209183.86;2026-03;9987.0;10834.0;41.19;37.97;0
211245;TURILÂNDIA;MA;2026-03;3283.0;171531.46;2026-03;5884.0;6488.0;55.8;50.6;0
211250;TUTÓIA;MA;2026-03;9403.0;492460.81;2026-03;13680.0;14766.0;68.74;63.68;0
211260;URBANO SANTOS;MA;2026-03;4694.0;245133.81;2026-03;7681.0;8084.0;61.11;58.07;0
211270;VARGEM GRANDE;MA;2026-03;5359.0;277520.69;2026-03;8377.0;8843.0;63.97;60.6;0
211280;VIANA;MA;2026-03;7613.0;407627.55;2026-03;10658.0;12677.0;71.43;60.05;0
211285;VILA NOVA DOS MARTÍRIOS;MA;2026-03;1538.0;83224.04;2026-03;1938.0;2006.0;79.36;76.67;0
211290;VITÓRIA DO MEARIM;MA;2026-03;4409.0;231637.73;2026-03;6804.0;7156.0;64.8;61.61;0
211300;VITORINO FREIRE;MA;2026-03;4929.0;267384.14;2026-03;5799.0;6291.0;85.0;78.35;0
211400;ZÉ DOCA;MA;2026-03;7133.0;390036.57;2026-03;8950.0;9509.0;79.7;75.01;0
220005;ACAUÃ;PI;2026-03;1320.0;70266.63;2026-03;1620.0;1715.0;81.48;76.97;0
220010;AGRICOLÂNDIA;PI;2026-03;971.0;54828.48;2026-03;1151.0;1220.0;84.36;79.59;0
220020;ÁGUA BRANCA;PI;2026-03;2828.0;168040.53;2026-03;4069.0;4365.0;69.5;64.79;0
220025;ALAGOINHA DO PIAUÍ;PI;2026-03;1425.0;75751.27;2026-03;1756.0;1865.0;81.15;76.41;0
220027;ALEGRETE DO PIAUÍ;PI;2026-03;868.0;49962.46;2026-03;1112.0;1164.0;78.06;74.57;0
220030;ALTO LONGÁ;PI;2026-03;2273.0;131371.64;2026-03;3386.0;3606.0;67.13;63.03;0
220040;ALTOS;PI;2026-03;7713.0;455317.66;2026-03;8082.0;8505.0;95.43;90.69;0
220045;ALVORADA DO GURGUÉIA;PI;2026-03;808.0;47808.58;2026-03;1367.0;1394.0;59.11;57.96;0
220050;AMARANTE;PI;2026-03;2866.0;170517.32;2026-03;3746.0;4088.0;76.51;70.11;0
220060;ANGICAL DO PIAUÍ;PI;2026-03;1583.0;92510.94;2026-03;1768.0;1993.0;89.54;79.43;0
220070;ANÍSIO DE ABREU;PI;2026-03;1754.0;95621.28;2026-03;2002.0;2072.0;87.61;84.65;0
220080;ANTÔNIO ALMEIDA;PI;2026-03;476.0;26749.82;2026-03;614.0;646.0;77.52;73.68;0
220090;AROAZES;PI;2026-03;1050.0;61411.43;2026-03;1269.0;1349.0;82.74;77.84;0
220095;AROEIRAS DO ITAIM;PI;2026-03;529.0;32756.07;2026-03;871.0;923.0;60.73;57.31;0
220100;ARRAIAL;PI;2026-03;897.0;50261.12;2026-03;1079.0;1137.0;83.13;78.89;0
220105;ASSUNÇÃO DO PIAUÍ;PI;2026-03;1399.0;72179.07;2026-03;1793.0;1893.0;78.03;73.9;0
220110;AVELINO LOPES;PI;2026-03;1697.0;89883.67;2026-03;2591.0;2787.0;65.5;60.89;0
220115;BAIXA GRANDE DO RIBEIRO;PI;2026-03;1914.0;112963.71;2026-03;2726.0;2922.0;70.21;65.5;0
220117;BARRA D'ALCÂNTARA;PI;2026-03;840.0;46363.22;2026-03;933.0;976.0;90.03;86.07;0
220120;BARRAS;PI;2026-03;10245.0;633467.61;2026-03;12530.0;14719.0;81.76;69.6;0
220130;BARREIRAS DO PIAUÍ;PI;2026-03;309.0;17024.86;2026-03;788.0;839.0;39.21;36.83;0
220140;BARRO DURO;PI;2026-03;986.0;58060.24;2026-03;1364.0;1469.0;72.29;67.12;0
220150;BATALHA;PI;2026-03;5084.0;298280.45;2026-03;5889.0;6215.0;86.33;81.8;0
220155;BELA VISTA DO PIAUÍ;PI;2026-03;889.0;51453.71;2026-03;972.0;1030.0;91.46;86.31;0
220157;BELÉM DO PIAUÍ;PI;2026-03;722.0;40448.54;2026-03;790.0;838.0;91.39;86.16;0
220160;BENEDITINOS;PI;2026-03;2230.0;125507.95;2026-03;2484.0;2589.0;89.77;86.13;0
220170;BERTOLÍNIA;PI;2026-03;779.0;47403.71;2026-03;1163.0;1215.0;66.98;64.12;0
220173;BETÂNIA DO PIAUÍ;PI;2026-03;1197.0;65254.73;2026-03;1761.0;1805.0;67.97;66.32;0
220177;BOA HORA;PI;2026-03;1361.0;78791.58;2026-03;2088.0;2187.0;65.18;62.23;0
220180;BOCAINA;PI;2026-03;873.0;48576.39;2026-03;924.0;997.0;94.48;87.56;0
220190;BOM JESUS;PI;2026-03;4662.0;288557.53;2026-03;5421.0;6058.0;86.0;76.96;0
220191;BOM PRINCÍPIO DO PIAUÍ;PI;2026-03;1353.0;73299.82;2026-03;1712.0;1801.0;79.03;75.12;0
220192;BONFIM DO PIAUÍ;PI;2026-03;1106.0;62418.24;2026-03;1516.0;1584.0;72.96;69.82;0
220194;BOQUEIRÃO DO PIAUÍ;PI;2026-03;1286.0;76824.61;2026-03;1642.0;1741.0;78.32;73.87;0
220196;BRASILEIRA;PI;2026-03;1688.0;99432.53;2026-03;1916.0;2027.0;88.1;83.28;0
220198;BREJO DO PIAUÍ;PI;2026-03;802.0;43764.06;2026-03;1074.0;1150.0;74.67;69.74;0
220200;BURITI DOS LOPES;PI;2026-03;3781.0;222337.72;2026-03;4601.0;4814.0;82.18;78.54;0
220202;BURITI DOS MONTES;PI;2026-03;1349.0;73686.05;2026-03;1802.0;1934.0;74.86;69.75;0
220205;CABECEIRAS DO PIAUÍ;PI;2026-03;1847.0;107070.59;2026-03;2274.0;2407.0;81.22;76.73;0
220207;CAJAZEIRAS DO PIAUÍ;PI;2026-03;554.0;31235.45;2026-03;611.0;656.0;90.67;84.45;0
220208;CAJUEIRO DA PRAIA;PI;2026-03;1283.0;77866.34;2026-03;1703.0;1780.0;75.34;72.08;0
220209;CALDEIRÃO GRANDE DO PIAUÍ;PI;2026-03;1093.0;57091.24;2026-03;1171.0;1357.0;93.34;80.55;0
220210;CAMPINAS DO PIAUÍ;PI;2026-03;890.0;48526.81;2026-03;1304.0;1424.0;68.25;62.5;0
220211;CAMPO ALEGRE DO FIDALGO;PI;2026-03;943.0;49381.36;2026-03;1426.0;1478.0;66.13;63.8;0
220213;CAMPO GRANDE DO PIAUÍ;PI;2026-03;1172.0;66325.78;2026-03;1490.0;1576.0;78.66;74.37;0
220217;CAMPO LARGO DO PIAUÍ;PI;2026-03;1404.0;81387.24;2026-03;2228.0;2311.0;63.02;60.75;0
220220;CAMPO MAIOR;PI;2026-03;8186.0;499066.59;2026-03;10903.0;11594.0;75.08;70.61;0
220225;CANAVIEIRA;PI;2026-03;451.0;26003.08;2026-03;814.0;869.0;55.41;51.9;0
220230;CANTO DO BURITI;PI;2026-03;3799.0;219413.24;2026-03;4481.0;4830.0;84.78;78.65;0
220240;CAPITÃO DE CAMPOS;PI;2026-03;2601.0;152537.71;2026-03;3170.0;3249.0;82.05;80.06;0
220245;CAPITÃO GERVÁSIO OLIVEIRA;PI;2026-03;738.0;37656.64;2026-03;1208.0;1378.0;61.09;53.56;0
220250;CARACOL;PI;2026-03;1640.0;85667.99;2026-03;2614.0;2822.0;62.74;58.11;0
220253;CARAÚBAS DO PIAUÍ;PI;2026-03;1114.0;63248.41;2026-03;1415.0;1478.0;78.73;75.37;0
220255;CARIDADE DO PIAUÍ;PI;2026-03;1018.0;55691.5;2026-03;1351.0;1572.0;75.35;64.76;0
220260;CASTELO DO PIAUÍ;PI;2026-03;3590.0;199870.95;2026-03;4298.0;4627.0;83.53;77.59;0
220265;CAXINGÓ;PI;2026-03;1146.0;65857.12;2026-03;1506.0;1571.0;76.1;72.95;0
220270;COCAL;PI;2026-03;5981.0;339294.72;2026-03;6682.0;6959.0;89.51;85.95;0
220271;COCAL DE TELHA;PI;2026-03;1058.0;62459.22;2026-03;1304.0;1370.0;81.13;77.23;0
220272;COCAL DOS ALVES;PI;2026-03;1460.0;81649.56;2026-03;1459.0;1542.0;100.07;94.68;0
220273;COIVARAS;PI;2026-03;718.0;43087.84;2026-03;999.0;1041.0;71.87;68.97;0
220275;COLÔNIA DO GURGUÉIA;PI;2026-03;1167.0;69904.86;2026-03;1903.0;2051.0;61.32;56.9;0
220277;COLÔNIA DO PIAUÍ;PI;2026-03;1332.0;77488.59;2026-03;1742.0;1879.0;76.46;70.89;0
220280;CONCEIÇÃO DO CANINDÉ;PI;2026-03;1010.0;55379.06;2026-03;1562.0;1642.0;64.66;61.51;0
220285;CORONEL JOSÉ DIAS;PI;2026-03;733.0;40234.72;2026-03;1457.0;1528.0;50.31;47.97;0
220290;CORRENTE;PI;2026-03;3756.0;215612.73;2026-03;4931.0;5183.0;76.17;72.47;0
220300;CRISTALÂNDIA DO PIAUÍ;PI;2026-03;961.0;47616.03;2026-03;1418.0;1495.0;67.77;64.28;0
220310;CRISTINO CASTRO;PI;2026-03;1620.0;96402.94;2026-03;2201.0;2389.0;73.6;67.81;0
220320;CURIMATÁ;PI;2026-03;1838.0;105316.92;2026-03;2493.0;2690.0;73.73;68.33;0
220323;CURRAIS;PI;2026-03;672.0;38902.03;2026-03;1255.0;1321.0;53.55;50.87;0
220325;CURRALINHOS;PI;2026-03;814.0;44882.34;2026-03;1032.0;1081.0;78.88;75.3;0
220327;CURRAL NOVO DO PIAUÍ;PI;2026-03;994.0;54724.62;2026-03;1603.0;1679.0;62.01;59.2;0
220330;DEMERVAL LOBÃO;PI;2026-03;3464.0;214905.36;2026-03;4396.0;4597.0;78.8;75.35;0
220335;DIRCEU ARCOVERDE;PI;2026-03;944.0;51505.43;2026-03;1792.0;1873.0;52.68;50.4;0
220340;DOM EXPEDITO LOPES;PI;2026-03;1154.0;67823.94;2026-03;1331.0;1392.0;86.7;82.9;0
220342;DOMINGOS MOURÃO;PI;2026-03;783.0;44759.07;2026-03;1074.0;1132.0;72.91;69.17;0
220345;DOM INOCÊNCIO;PI;2026-03;1704.0;88154.01;2026-03;2219.0;2400.0;76.79;71.0;0
220350;ELESBÃO VELOSO;PI;2026-03;2210.0;127984.98;2026-03;2408.0;2530.0;91.78;87.35;0
220360;ELISEU MARTINS;PI;2026-03;776.0;45342.68;2026-03;996.0;1042.0;77.91;74.47;0
220370;ESPERANTINA;PI;2026-03;7431.0;437400.02;2026-03;8511.0;8888.0;87.31;83.61;0
220375;FARTURA DO PIAUÍ;PI;2026-03;894.0;45053.64;2026-03;1718.0;1783.0;52.04;50.14;0
220380;FLORES DO PIAUÍ;PI;2026-03;906.0;49256.14;2026-03;1251.0;1310.0;72.42;69.16;0
220385;FLORESTA DO PIAUÍ;PI;2026-03;443.0;24707.52;2026-03;648.0;700.0;68.36;63.29;0
220390;FLORIANO;PI;2026-03;8787.0;540398.82;2026-03;9875.0;10769.0;88.98;81.6;0
220400;FRANCINÓPOLIS;PI;2026-03;894.0;51657.33;2026-03;1106.0;1149.0;80.83;77.81;0
220410;FRANCISCO AYRES;PI;2026-03;754.0;43753.17;2026-03;956.0;1014.0;78.87;74.36;0
220415;FRANCISCO MACEDO;PI;2026-03;605.0;33438.09;2026-03;663.0;684.0;91.25;88.45;0
220420;FRANCISCO SANTOS;PI;2026-03;1317.0;75496.75;2026-03;1372.0;1441.0;95.99;91.39;0
220430;FRONTEIRAS;PI;2026-03;2078.0;117276.87;2026-03;2296.0;2463.0;90.51;84.37;0
220435;GEMINIANO;PI;2026-03;1429.0;87034.06;2026-03;1715.0;1822.0;83.32;78.43;0
220440;GILBUÉS;PI;2026-03;1672.0;95564.51;2026-03;2582.0;2788.0;64.76;59.97;0
220450;GUADALUPE;PI;2026-03;1648.0;103366.22;2026-03;2142.0;2283.0;76.94;72.19;0
220455;GUARIBAS;PI;2026-03;847.0;41553.54;2026-03;1446.0;1506.0;58.58;56.24;0
220460;HUGO NAPOLEÃO;PI;2026-03;716.0;42931.52;2026-03;902.0;940.0;79.38;76.17;0
220465;ILHA GRANDE;PI;2026-03;1619.0;96783.45;2026-03;2422.0;2491.0;66.85;64.99;0
220470;INHUMA;PI;2026-03;2816.0;157324.47;2026-03;3053.0;3215.0;92.24;87.59;0
220480;IPIRANGA DO PIAUÍ;PI;2026-03;1696.0;94463.98;2026-03;1910.0;1982.0;88.8;85.57;0
220490;ISAÍAS COELHO;PI;2026-03;1586.0;83684.59;2026-03;2062.0;2093.0;76.92;75.78;0
220500;ITAINÓPOLIS;PI;2026-03;2050.0;113423.96;2026-03;2558.0;2747.0;80.14;74.63;0
220510;ITAUEIRA;PI;2026-03;1784.0;105231.75;2026-03;2060.0;2267.0;86.6;78.69;0
220515;JACOBINA DO PIAUÍ;PI;2026-03;1081.0;57999.52;2026-03;1765.0;1832.0;61.25;59.01;0
220520;JAICÓS;PI;2026-03;3847.0;211223.04;2026-03;4574.0;4788.0;84.11;80.35;0
220525;JARDIM DO MULATO;PI;2026-03;782.0;43427.62;2026-03;1092.0;1146.0;71.61;68.24;0
220527;JATOBÁ DO PIAUÍ;PI;2026-03;922.0;52148.26;2026-03;1375.0;1460.0;67.05;63.15;0
220530;JERUMENHA;PI;2026-03;783.0;45964.88;2026-03;1072.0;1182.0;73.04;66.24;0
220535;JOÃO COSTA;PI;2026-03;464.0;26441.08;2026-03;731.0;773.0;63.47;60.03;0
220540;JOAQUIM PIRES;PI;2026-03;2538.0;145498.37;2026-03;2781.0;2965.0;91.26;85.6;0
220545;JOCA MARQUES;PI;2026-03;1230.0;74114.33;2026-03;1490.0;1561.0;82.55;78.8;0
220550;JOSÉ DE FREITAS;PI;2026-03;6462.0;393315.66;2026-03;8067.0;8488.0;80.1;76.13;0
220551;JUAZEIRO DO PIAUÍ;PI;2026-03;997.0;56730.59;2026-03;1310.0;1358.0;76.11;73.42;0
220552;JÚLIO BORGES;PI;2026-03;792.0;42421.91;2026-03;1118.0;1209.0;70.84;65.51;0
220553;JUREMA;PI;2026-03;1209.0;62274.74;2026-03;1704.0;1847.0;70.95;65.46;0
220554;LAGOINHA DO PIAUÍ;PI;2026-03;556.0;31497.45;2026-03;722.0;753.0;77.01;73.84;0
220555;LAGOA ALEGRE;PI;2026-03;1758.0;100266.6;2026-03;2763.0;3023.0;63.63;58.15;0
220556;LAGOA DO BARRO DO PIAUÍ;PI;2026-03;1119.0;55004.32;2026-03;1115.0;1187.0;100.36;94.27;0
220557;LAGOA DE SÃO FRANCISCO;PI;2026-03;1407.0;75327.33;2026-03;1521.0;1529.0;92.5;92.02;0
220558;LAGOA DO PIAUÍ;PI;2026-03;871.0;50693.15;2026-03;1091.0;1136.0;79.84;76.67;0
220559;LAGOA DO SÍTIO;PI;2026-03;957.0;49898.53;2026-03;1471.0;1560.0;65.06;61.35;0
220560;LANDRI SALES;PI;2026-03;1039.0;59356.63;2026-03;1403.0;1507.0;74.06;68.94;0
220570;LUÍS CORREIA;PI;2026-03;5907.0;355551.53;2026-03;7105.0;7388.0;83.14;79.95;0
220580;LUZILÂNDIA;PI;2026-03;4657.0;277801.67;2026-03;6233.0;6425.0;74.72;72.48;0
220585;MADEIRO;PI;2026-03;1418.0;84151.31;2026-03;1887.0;1930.0;75.15;73.47;0
220590;MANOEL EMÍDIO;PI;2026-03;843.0;51617.34;2026-03;1315.0;1383.0;64.11;60.95;0
220595;MARCOLÂNDIA;PI;2026-03;1598.0;88857.96;2026-03;2422.0;2579.0;65.98;61.96;0
220600;MARCOS PARENTE;PI;2026-03;704.0;39655.79;2026-03;1262.0;1288.0;55.78;54.66;0
220605;MASSAPÊ DO PIAUÍ;PI;2026-03;1156.0;62104.85;2026-03;1266.0;1310.0;91.31;88.24;0
220610;MATIAS OLÍMPIO;PI;2026-03;2295.0;136567.79;2026-03;3139.0;3231.0;73.11;71.03;0
220620;MIGUEL ALVES;PI;2026-03;6146.0;364527.28;2026-03;8522.0;8892.0;72.12;69.12;0
220630;MIGUEL LEÃO;PI;2026-03;212.0;11984.4;2026-03;251.0;256.0;84.46;82.81;0
220635;MILTON BRANDÃO;PI;2026-03;1491.0;78057.55;2026-03;1684.0;1753.0;88.54;85.05;0
220640;MONSENHOR GIL;PI;2026-03;1791.0;101370.39;2026-03;1854.0;2004.0;96.6;89.37;0
220650;MONSENHOR HIPÓLITO;PI;2026-03;1747.0;99956.26;2026-03;2157.0;2255.0;80.99;77.47;0
220660;MONTE ALEGRE DO PIAUÍ;PI;2026-03;1647.0;95100.96;2026-03;2192.0;2246.0;75.14;73.33;0
220665;MORRO CABEÇA NO TEMPO;PI;2026-03;500.0;25597.83;2026-03;1283.0;1334.0;38.97;37.48;0
220667;MORRO DO CHAPÉU DO PIAUÍ;PI;2026-03;1377.0;78987.8;2026-03;1527.0;1595.0;90.18;86.33;0
220669;MURICI DOS PORTELAS;PI;2026-03;1352.0;77777.11;2026-03;1686.0;1766.0;80.19;76.56;0
220670;NAZARÉ DO PIAUÍ;PI;2026-03;1235.0;71279.57;2026-03;1879.0;2002.0;65.73;61.69;0
220672;NAZÁRIA;PI;2026-03;1439.0;85780.05;2026-03;2447.0;2597.0;58.81;55.41;0
220675;NOSSA SENHORA DE NAZARÉ;PI;2026-03;934.0;55801.96;2026-03;1098.0;1169.0;85.06;79.9;0
220680;NOSSA SENHORA DOS REMÉDIOS;PI;2026-03;2235.0;124372.19;2026-03;2970.0;3288.0;75.25;67.97;0
220690;NOVO ORIENTE DO PIAUÍ;PI;2026-03;1189.0;67695.92;2026-03;1279.0;1328.0;92.96;89.53;0
220695;NOVO SANTO ANTÔNIO;PI;2026-03;562.0;31378.74;2026-03;801.0;866.0;70.16;64.9;0
220700;OEIRAS;PI;2026-03;8649.0;515328.62;2026-03;9220.0;10479.0;93.81;82.54;0
220710;OLHO D'ÁGUA DO PIAUÍ;PI;2026-03;505.0;28699.01;2026-03;623.0;633.0;81.06;79.78;0
220720;PADRE MARCOS;PI;2026-03;1618.0;85528.51;2026-03;1828.0;1913.0;88.51;84.58;0
220730;PAES LANDIM;PI;2026-03;754.0;44464.46;2026-03;1160.0;1265.0;65.0;59.6;0
220735;PAJEÚ DO PIAUÍ;PI;2026-03;477.0;27010.75;2026-03;728.0;753.0;65.52;63.35;0
220740;PALMEIRA DO PIAUÍ;PI;2026-03;618.0;36737.32;2026-03;1026.0;1068.0;60.23;57.87;0
220750;PALMEIRAIS;PI;2026-03;2026.0;118429.31;2026-03;3657.0;3918.0;55.4;51.71;0
220755;PAQUETÁ;PI;2026-03;763.0;44124.4;2026-03;1100.0;1157.0;69.36;65.95;0
220760;PARNAGUÁ;PI;2026-03;1364.0;77448.93;2026-03;2811.0;2986.0;48.52;45.68;0
220770;PARNAÍBA;PI;2026-03;21683.0;1332640.36;2026-03;25691.0;27649.0;84.4;78.42;0
220775;PASSAGEM FRANCA DO PIAUÍ;PI;2026-03;739.0;42948.37;2026-03;1242.0;1304.0;59.5;56.67;0
220777;PATOS DO PIAUÍ;PI;2026-03;945.0;50124.0;2026-03;1198.0;1223.0;78.88;77.27;0
220779;PAU D'ARCO DO PIAUÍ;PI;2026-03;794.0;44433.92;2026-03;1047.0;1096.0;75.84;72.45;0
220780;PAULISTANA;PI;2026-03;4293.0;234735.74;2026-03;5322.0;5750.0;80.67;74.66;0
220785;PAVUSSU;PI;2026-03;909.0;53458.41;2026-03;1317.0;1391.0;69.02;65.35;0
220790;PEDRO II;PI;2026-03;8483.0;454586.88;2026-03;9946.0;10359.0;85.29;81.89;0
220793;PEDRO LAURENTINO;PI;2026-03;520.0;28326.25;2026-03;844.0;873.0;61.61;59.56;0
220795;NOVA SANTA RITA;PI;2026-03;852.0;45486.97;2026-03;1159.0;1225.0;73.51;69.55;0
220800;PICOS;PI;2026-03;12231.0;758197.36;2026-03;12463.0;15230.0;98.14;80.31;0
220810;PIMENTEIRAS;PI;2026-03;2001.0;112305.47;2026-03;2627.0;2760.0;76.17;72.5;0
220820;PIO IX;PI;2026-03;3887.0;210136.11;2026-03;5070.0;5561.0;76.67;69.9;0
220830;PIRACURUCA;PI;2026-03;5357.0;319832.4;2026-03;6189.0;6777.0;86.56;79.05;0
220840;PIRIPIRI;PI;2026-03;11475.0;692694.17;2026-03;12303.0;13317.0;93.27;86.17;0
220850;PORTO;PI;2026-03;2249.0;131696.9;2026-03;3315.0;3427.0;67.84;65.63;0
220855;PORTO ALEGRE DO PIAUÍ;PI;2026-03;405.0;24459.44;2026-03;869.0;907.0;46.61;44.65;0
220860;PRATA DO PIAUÍ;PI;2026-03;776.0;45868.61;2026-03;994.0;1096.0;78.07;70.8;0
220865;QUEIMADA NOVA;PI;2026-03;1734.0;89859.75;2026-03;1840.0;1932.0;94.24;89.75;0
220870;REDENÇÃO DO GURGUÉIA;PI;2026-03;1582.0;94540.91;2026-03;2660.0;2758.0;59.47;57.36;0
220880;REGENERAÇÃO;PI;2026-03;3712.0;216385.7;2026-03;5124.0;5710.0;72.44;65.01;0
220885;RIACHO FRIO;PI;2026-03;614.0;34509.23;2026-03;1156.0;1217.0;53.11;50.45;0
220887;RIBEIRA DO PIAUÍ;PI;2026-03;616.0;34814.97;2026-03;1393.0;1470.0;44.22;41.9;0
220890;RIBEIRO GONÇALVES;PI;2026-03;801.0;49934.13;2026-03;1248.0;1308.0;64.18;61.24;0
220900;RIO GRANDE DO PIAUÍ;PI;2026-03;1246.0;66983.79;2026-03;1828.0;1909.0;68.16;65.27;0
220910;SANTA CRUZ DO PIAUÍ;PI;2026-03;1035.0;62009.85;2026-03;1568.0;1633.0;66.01;63.38;0
220915;SANTA CRUZ DOS MILAGRES;PI;2026-03;590.0;33658.68;2026-03;705.0;722.0;83.69;81.72;0
220920;SANTA FILOMENA;PI;2026-03;824.0;48022.06;2026-03;1488.0;1552.0;55.38;53.09;0
220930;SANTA LUZ;PI;2026-03;864.0;51287.53;2026-03;1631.0;1709.0;52.97;50.56;0
220935;SANTANA DO PIAUÍ;PI;2026-03;757.0;46827.48;2026-03;847.0;865.0;89.37;87.51;0
220937;SANTA ROSA DO PIAUÍ;PI;2026-03;909.0;52776.46;2026-03;1249.0;1303.0;72.78;69.76;0
220940;SANTO ANTÔNIO DE LISBOA;PI;2026-03;1195.0;67526.69;2026-03;1504.0;1587.0;79.45;75.3;0
220945;SANTO ANTÔNIO DOS MILAGRES;PI;2026-03;322.0;20578.34;2026-03;385.0;393.0;83.64;81.93;0
220950;SANTO INÁCIO DO PIAUÍ;PI;2026-03;585.0;32211.54;2026-03;951.0;979.0;61.51;59.75;0
220955;SÃO BRAZ DO PIAUÍ;PI;2026-03;1060.0;57508.43;2026-03;1299.0;1367.0;81.6;77.54;0
220960;SÃO FÉLIX DO PIAUÍ;PI;2026-03;421.0;25324.23;2026-03;527.0;570.0;79.89;73.86;0
220965;SÃO FRANCISCO DE ASSIS DO PIAUÍ;PI;2026-03;1144.0;56615.17;2026-03;1594.0;1710.0;71.77;66.9;0
220970;SÃO FRANCISCO DO PIAUÍ;PI;2026-03;990.0;55298.6;2026-03;1585.0;1657.0;62.46;59.75;0
220975;SÃO GONÇALO DO GURGUÉIA;PI;2026-03;473.0;26311.02;2026-03;671.0;708.0;70.49;66.81;0
220980;SÃO GONÇALO DO PIAUÍ;PI;2026-03;938.0;55565.69;2026-03;1214.0;1273.0;77.27;73.68;0
220985;SÃO JOÃO DA CANABRAVA;PI;2026-03;797.0;43837.86;2026-03;1134.0;1265.0;70.28;63.0;0
220987;SÃO JOÃO DA FRONTEIRA;PI;2026-03;1184.0;65196.93;2026-03;1497.0;1568.0;79.09;75.51;0
220990;SÃO JOÃO DA SERRA;PI;2026-03;1056.0;58356.65;2026-03;1319.0;1464.0;80.06;72.13;0
220995;SÃO JOÃO DA VARJOTA;PI;2026-03;844.0;49140.75;2026-03;1190.0;1247.0;70.92;67.68;0
220997;SÃO JOÃO DO ARRAIAL;PI;2026-03;1949.0;108474.5;2026-03;2346.0;2428.0;83.08;80.27;0
221000;SÃO JOÃO DO PIAUÍ;PI;2026-03;3618.0;214320.2;2026-03;4115.0;4350.0;87.92;83.17;0
221005;SÃO JOSÉ DO DIVINO;PI;2026-03;1207.0;70485.79;2026-03;1447.0;1520.0;83.41;79.41;0
221010;SÃO JOSÉ DO PEIXE;PI;2026-03;564.0;31640.97;2026-03;758.0;835.0;74.41;67.54;0
221020;SÃO JOSÉ DO PIAUÍ;PI;2026-03;1179.0;66844.56;2026-03;1460.0;1507.0;80.75;78.23;0
221030;SÃO JULIÃO;PI;2026-03;1098.0;60902.14;2026-03;1610.0;1660.0;68.2;66.14;0
221035;SÃO LOURENÇO DO PIAUÍ;PI;2026-03;779.0;41470.5;2026-03;1193.0;1279.0;65.3;60.91;0
221037;SÃO LUIS DO PIAUÍ;PI;2026-03;478.0;27267.31;2026-03;569.0;607.0;84.01;78.75;0
221038;SÃO MIGUEL DA BAIXA GRANDE;PI;2026-03;399.0;22516.99;2026-03;421.0;445.0;94.77;89.66;0
221039;SÃO MIGUEL DO FIDALGO;PI;2026-03;407.0;23396.19;2026-03;646.0;695.0;63.0;58.56;0
221040;SÃO MIGUEL DO TAPUIO;PI;2026-03;2928.0;165250.09;2026-03;3783.0;3952.0;77.4;74.09;0
221050;SÃO PEDRO DO PIAUÍ;PI;2026-03;2866.0;166049.46;2026-03;3807.0;3995.0;75.28;71.74;0
221060;SÃO RAIMUNDO NONATO;PI;2026-03;6969.0;392972.29;2026-03;8487.0;8981.0;82.11;77.6;0
221062;SEBASTIÃO BARROS;PI;2026-03;487.0;27549.16;2026-03;1087.0;1138.0;44.8;42.79;0
221063;SEBASTIÃO LEAL;PI;2026-03;626.0;36117.28;2026-03;963.0;1023.0;65.01;61.19;0
221065;SIGEFREDO PACHECO;PI;2026-03;2047.0;114318.62;2026-03;2325.0;2531.0;88.04;80.88;0
221070;SIMÕES;PI;2026-03;2558.0;144690.76;2026-03;2829.0;2989.0;90.42;85.58;0
221080;SIMPLÍCIO MENDES;PI;2026-03;2219.0;132777.63;2026-03;2731.0;2962.0;81.25;74.92;0
221090;SOCORRO DO PIAUÍ;PI;2026-03;708.0;39243.78;2026-03;1213.0;1260.0;58.37;56.19;0
221093;SUSSUAPARA;PI;2026-03;1358.0;83381.02;2026-03;1471.0;1619.0;92.32;83.88;0
221095;TAMBORIL DO PIAUÍ;PI;2026-03;571.0;30169.83;2026-03;775.0;823.0;73.68;69.38;0
221097;TANQUE DO PIAUÍ;PI;2026-03;534.0;30102.09;2026-03;566.0;633.0;94.35;84.36;0
221100;TERESINA;PI;2026-03;89964.0;5617464.17;2026-03;116967.0;127638.0;76.91;70.48;0
221110;UNIÃO;PI;2026-03;9003.0;568001.63;2026-03;10660.0;11170.0;84.46;80.6;0
221120;URUÇUÍ;PI;2026-03;3365.0;211545.78;2026-03;4769.0;4992.0;70.56;67.41;0
221130;VALENÇA DO PIAUÍ;PI;2026-03;4092.0;239626.07;2026-03;4197.0;4320.0;97.5;94.72;0
221135;VÁRZEA BRANCA;PI;2026-03;997.0;52016.76;2026-03;1499.0;1604.0;66.51;62.16;0
221140;VÁRZEA GRANDE;PI;2026-03;927.0;52647.94;2026-03;1136.0;1253.0;81.6;73.98;0
221150;VERA MENDES;PI;2026-03;674.0;36985.55;2026-03;804.0;846.0;83.83;79.67;0
221160;VILA NOVA DO PIAUÍ;PI;2026-03;441.0;23296.54;2026-03;676.0;700.0;65.24;63.0;0
221170;WALL FERRAZ;PI;2026-03;825.0;48319.4;2026-03;1128.0;1177.0;73.14;70.09;0
230010;ABAIARA;CE;2026-03;1817.0;77121.83;2026-03;2206.0;2413.0;82.37;75.3;0
230015;ACARAPE;CE;2026-03;2251.0;101927.13;2026-03;3419.0;3655.0;65.84;61.59;0
230020;ACARAÚ;CE;2026-03;10675.0;477027.96;2026-03;14953.0;15939.0;71.39;66.97;0
230030;ACOPIARA;CE;2026-03;8384.0;357223.41;2026-03;10324.0;10825.0;81.21;77.45;0
230040;AIUABA;CE;2026-03;2947.0;117394.23;2026-03;3469.0;3762.0;84.95;78.34;0
230050;ALCÂNTARAS;CE;2026-03;1646.0;66553.04;2026-03;1816.0;1970.0;90.64;83.55;0
230060;ALTANEIRA;CE;2026-03;1770.0;69159.87;2026-03;1913.0;2028.0;92.52;87.28;0
230070;ALTO SANTO;CE;2026-03;1998.0;88745.98;2026-03;3144.0;3388.0;63.55;58.97;0
230075;AMONTADA;CE;2026-03;7181.0;306472.51;2026-03;9746.0;10324.0;73.68;69.56;0
230080;ANTONINA DO NORTE;CE;2026-03;1759.0;74902.31;2026-03;2147.0;2322.0;81.93;75.75;0
230090;APUIARÉS;CE;2026-03;2883.0;119777.15;2026-03;3260.0;3460.0;88.44;83.32;0
230100;AQUIRAZ;CE;2026-03;11751.0;532511.64;2026-03;18384.0;19656.0;63.92;59.78;0
230110;ARACATI;CE;2026-03;10743.0;479478.34;2026-03;12813.0;13608.0;83.84;78.95;0
230120;ARACOIABA;CE;2026-03;4859.0;212524.41;2026-03;5810.0;6224.0;83.63;78.07;0
230125;ARARENDÁ;CE;2026-03;2257.0;93908.06;2026-03;2562.0;2663.0;88.1;84.75;0
230130;ARARIPE;CE;2026-03;3833.0;152001.79;2026-03;5077.0;5284.0;75.5;72.54;0
230140;ARATUBA;CE;2026-03;2035.0;83925.8;2026-03;2699.0;2844.0;75.4;71.55;0
230150;ARNEIROZ;CE;2026-03;1099.0;45787.84;2026-03;1258.0;1337.0;87.36;82.2;0
230160;ASSARÉ;CE;2026-03;4836.0;201751.48;2026-03;5083.0;5683.0;95.14;85.1;0
230170;AURORA;CE;2026-03;4300.0;184142.37;2026-03;4956.0;5230.0;86.76;82.22;0
230180;BAIXIO;CE;2026-03;969.0;43105.42;2026-03;1276.0;1355.0;75.94;71.51;0
230185;BANABUIÚ;CE;2026-03;2521.0;110337.24;2026-03;3685.0;4057.0;68.41;62.14;0
230190;BARBALHA;CE;2026-03;9980.0;443337.93;2026-03;11941.0;12634.0;83.58;78.99;0
230195;BARREIRA;CE;2026-03;3770.0;170184.28;2026-03;4990.0;5497.0;75.55;68.58;0
230200;BARRO;CE;2026-03;3741.0;161558.36;2026-03;4269.0;4593.0;87.63;81.45;0
230205;BARROQUINHA;CE;2026-03;3495.0;145390.12;2026-03;4247.0;4411.0;82.29;79.23;0
230210;BATURITÉ;CE;2026-03;7264.0;314830.08;2026-03;7852.0;8766.0;92.51;82.87;0
230220;BEBERIBE;CE;2026-03;10438.0;457393.34;2026-03;12399.0;13549.0;84.18;77.04;0
230230;BELA CRUZ;CE;2026-03;4877.0;210809.97;2026-03;6164.0;6642.0;79.12;73.43;0
230240;BOA VIAGEM;CE;2026-03;8906.0;371655.67;2026-03;10340.0;11210.0;86.13;79.45;0
230250;BREJO SANTO;CE;2026-03;6967.0;307186.54;2026-03;9007.0;9556.0;77.35;72.91;0
230260;CAMOCIM;CE;2026-03;12681.0;553237.97;2026-03;13571.0;14350.0;93.44;88.37;0
230270;CAMPOS SALES;CE;2026-03;4593.0;188308.49;2026-03;5476.0;5646.0;83.88;81.35;0
230280;CANINDÉ;CE;2026-03;14469.0;626143.77;2026-03;17793.0;19025.0;81.32;76.05;0
230290;CAPISTRANO;CE;2026-03;3702.0;156981.27;2026-03;3953.0;4347.0;93.65;85.16;0
230300;CARIDADE;CE;2026-03;2840.0;120866.68;2026-03;4477.0;4807.0;63.44;59.08;0
230310;CARIRÉ;CE;2026-03;2944.0;127324.68;2026-03;3794.0;3931.0;77.6;74.89;0
230320;CARIRIAÇU;CE;2026-03;5432.0;225934.46;2026-03;6444.0;6838.0;84.3;79.44;0
230330;CARIÚS;CE;2026-03;2896.0;125808.05;2026-03;3758.0;3949.0;77.06;73.34;0
230340;CARNAUBAL;CE;2026-03;2658.0;107579.69;2026-03;3423.0;3578.0;77.65;74.29;0
230350;CASCAVEL;CE;2026-03;13879.0;623332.8;2026-03;15623.0;16427.0;88.84;84.49;0
230360;CATARINA;CE;2026-03;1794.0;72684.97;2026-03;2339.0;2457.0;76.7;73.02;0
230365;CATUNDA;CE;2026-03;2106.0;91525.5;2026-03;2855.0;2990.0;73.77;70.43;0
230370;CAUCAIA;CE;2026-03;54010.0;2406015.8;2026-03;67640.0;78696.0;79.85;68.63;0
230380;CEDRO;CE;2026-03;3945.0;171206.81;2026-03;4894.0;5176.0;80.61;76.22;0
230390;CHAVAL;CE;2026-03;2553.0;108801.21;2026-03;2924.0;3032.0;87.31;84.2;0
230393;CHORÓ;CE;2026-03;2163.0;84888.77;2026-03;2843.0;2929.0;76.08;73.85;0
230395;CHOROZINHO;CE;2026-03;3272.0;143833.82;2026-03;4555.0;4830.0;71.83;67.74;0
230400;COREAÚ;CE;2026-03;3885.0;167278.99;2026-03;5150.0;5437.0;75.44;71.45;0
230410;CRATEÚS;CE;2026-03;10496.0;453884.38;2026-03;12853.0;13332.0;81.66;78.73;0
230420;CRATO;CE;2026-03;22957.0;1003892.33;2026-03;24738.0;26906.0;92.8;85.32;0
230423;CROATÁ;CE;2026-03;3146.0;128440.53;2026-03;4085.0;4244.0;77.01;74.13;0
230425;CRUZ;CE;2026-03;4557.0;202735.75;2026-03;6489.0;6888.0;70.23;66.16;0
230426;DEPUTADO IRAPUAN PINHEIRO;CE;2026-03;1468.0;63434.46;2026-03;1876.0;1997.0;78.25;73.51;0
230427;ERERÊ;CE;2026-03;936.0;41864.03;2026-03;1390.0;1410.0;67.34;66.38;0
230428;EUSÉBIO;CE;2026-03;6661.0;306435.7;2026-03;8910.0;9444.0;74.76;70.53;0
230430;FARIAS BRITO;CE;2026-03;3360.0;139336.41;2026-03;3833.0;4080.0;87.66;82.35;0
230435;FORQUILHA;CE;2026-03;3575.0;159659.72;2026-03;4320.0;4620.0;82.75;77.38;0
230440;FORTALEZA;CE;2026-03;306961.0;13860345.39;2026-03;370663.0;427128.0;82.81;71.87;0
230445;FORTIM;CE;2026-03;2915.0;135389.35;2026-03;3458.0;3682.0;84.3;79.17;0
230450;FRECHEIRINHA;CE;2026-03;2666.0;116396.52;2026-03;3400.0;3523.0;78.41;75.67;0
230460;GENERAL SAMPAIO;CE;2026-03;1240.0;52202.45;2026-03;1829.0;1936.0;67.8;64.05;0
230465;GRAÇA;CE;2026-03;2906.0;124720.86;2026-03;3363.0;3562.0;86.41;81.58;0
230470;GRANJA;CE;2026-03;9728.0;402685.37;2026-03;11414.0;11866.0;85.23;81.98;0
230480;GRANJEIRO;CE;2026-03;805.0;34895.54;2026-03;1268.0;1353.0;63.49;59.5;0
230490;GROAÍRAS;CE;2026-03;2011.0;87920.23;2026-03;2129.0;2236.0;94.46;89.94;0
230495;GUAIÚBA;CE;2026-03;3523.0;154830.59;2026-03;4805.0;5146.0;73.32;68.46;0
230500;GUARACIABA DO NORTE;CE;2026-03;6418.0;263306.18;2026-03;9421.0;9803.0;68.12;65.47;0
230510;GUARAMIRANGA;CE;2026-03;821.0;35692.73;2026-03;1368.0;1410.0;60.01;58.23;0
230520;HIDROLÂNDIA;CE;2026-03;3223.0;137640.1;2026-03;4231.0;4543.0;76.18;70.94;0
230523;HORIZONTE;CE;2026-03;10961.0;492696.24;2026-03;13345.0;14160.0;82.14;77.41;0
230526;IBARETAMA;CE;2026-03;2072.0;84898.09;2026-03;3297.0;3477.0;62.85;59.59;0
230530;IBIAPINA;CE;2026-03;3556.0;145005.41;2026-03;4760.0;4990.0;74.71;71.26;0
230533;IBICUITINGA;CE;2026-03;2340.0;99050.24;2026-03;3731.0;3842.0;62.72;60.91;0
230535;ICAPUÍ;CE;2026-03;3201.0;145377.35;2026-03;3843.0;4128.0;83.29;77.54;0
230540;ICÓ;CE;2026-03;9080.0;403107.54;2026-03;13510.0;14289.0;67.21;63.55;0
230550;IGUATU;CE;2026-03;14066.0;631704.74;2026-03;17987.0;19767.0;78.2;71.16;0
230560;INDEPENDÊNCIA;CE;2026-03;4289.0;179205.03;2026-03;5986.0;6162.0;71.65;69.6;0
230565;IPAPORANGA;CE;2026-03;1925.0;82269.47;2026-03;2535.0;2638.0;75.94;72.97;0
230570;IPAUMIRIM;CE;2026-03;1810.0;80837.98;2026-03;2701.0;2865.0;67.01;63.18;0
230580;IPU;CE;2026-03;7621.0;330256.9;2026-03;10879.0;11700.0;70.05;65.14;0
230590;IPUEIRAS;CE;2026-03;6332.0;264454.07;2026-03;8396.0;8811.0;75.42;71.86;0
230600;IRACEMA;CE;2026-03;2276.0;101788.64;2026-03;2790.0;2979.0;81.58;76.4;0
230610;IRAUÇUBA;CE;2026-03;4349.0;188458.97;2026-03;5994.0;6359.0;72.56;68.39;0
230620;ITAIÇABA;CE;2026-03;1316.0;57497.11;2026-03;1606.0;1738.0;81.94;75.72;0
230625;ITAITINGA;CE;2026-03;8831.0;412401.6;2026-03;10598.0;11578.0;83.33;76.27;0
230630;ITAPAJÉ;CE;2026-03;9064.0;382669.85;2026-03;10509.0;11092.0;86.25;81.72;0
230640;ITAPIPOCA;CE;2026-03;20183.0;868382.11;2026-03;24067.0;25953.0;83.86;77.77;0
230650;ITAPIÚNA;CE;2026-03;3286.0;138979.13;2026-03;4647.0;4761.0;70.71;69.02;0
230655;ITAREMA;CE;2026-03;6816.0;302529.57;2026-03;10250.0;10906.0;66.5;62.5;0
230660;ITATIRA;CE;2026-03;3638.0;142737.89;2026-03;5247.0;5458.0;69.33;66.65;0
230670;JAGUARETAMA;CE;2026-03;3051.0;132761.91;2026-03;4068.0;4322.0;75.0;70.59;0
230680;JAGUARIBARA;CE;2026-03;1580.0;69990.74;2026-03;2222.0;2344.0;71.11;67.41;0
230690;JAGUARIBE;CE;2026-03;4945.0;220015.89;2026-03;5452.0;5760.0;90.7;85.85;0
230700;JAGUARUANA;CE;2026-03;5939.0;262130.3;2026-03;8196.0;8497.0;72.46;69.9;0
230710;JARDIM;CE;2026-03;5078.0;210298.44;2026-03;6200.0;6491.0;81.9;78.23;0
230720;JATI;CE;2026-03;1162.0;50977.44;2026-03;1490.0;1581.0;77.99;73.5;0
230725;JIJOCA DE JERICOACOARA;CE;2026-03;3747.0;166694.34;2026-03;5138.0;5502.0;72.93;68.1;0
230730;JUAZEIRO DO NORTE;CE;2026-03;46160.0;2081541.25;2026-03;47934.0;51425.0;96.3;89.76;0
230740;JUCÁS;CE;2026-03;3790.0;168761.41;2026-03;5062.0;5322.0;74.87;71.21;0
230750;LAVRAS DA MANGABEIRA;CE;2026-03;4675.0;203849.59;2026-03;6239.0;6753.0;74.93;69.23;0
230760;LIMOEIRO DO NORTE;CE;2026-03;6904.0;317189.2;2026-03;10642.0;11204.0;64.88;61.62;0
230763;MADALENA;CE;2026-03;3205.0;136537.48;2026-03;3752.0;3991.0;85.42;80.31;0
230765;MARACANAÚ;CE;2026-03;32561.0;1494044.48;2026-03;41386.0;44491.0;78.68;73.19;0
230770;MARANGUAPE;CE;2026-03;18184.0;811946.0;2026-03;21064.0;23764.0;86.33;76.52;0
230780;MARCO;CE;2026-03;4989.0;219274.19;2026-03;6536.0;6939.0;76.33;71.9;0
230790;MARTINÓPOLE;CE;2026-03;2742.0;113189.64;2026-03;3046.0;3261.0;90.02;84.08;0
230800;MASSAPÊ;CE;2026-03;7223.0;317130.49;2026-03;8152.0;8702.0;88.6;83.0;0
230810;MAURITI;CE;2026-03;6457.0;280543.8;2026-03;9475.0;10025.0;68.15;64.41;0
230820;MERUOCA;CE;2026-03;2609.0;106996.49;2026-03;2983.0;3133.0;87.46;83.27;0
230830;MILAGRES;CE;2026-03;4576.0;201005.48;2026-03;5714.0;6210.0;80.08;73.69;0
230835;MILHÃ;CE;2026-03;1994.0;87467.67;2026-03;2984.0;3126.0;66.82;63.79;0
230837;MIRAÍMA;CE;2026-03;2435.0;103011.84;2026-03;3751.0;3979.0;64.92;61.2;0
230840;MISSÃO VELHA;CE;2026-03;6118.0;263416.7;2026-03;8548.0;9102.0;71.57;67.22;0
230850;MOMBAÇA;CE;2026-03;6494.0;279512.72;2026-03;9140.0;9438.0;71.05;68.81;0
230860;MONSENHOR TABOSA;CE;2026-03;3076.0;126848.41;2026-03;4941.0;5254.0;62.25;58.55;0
230870;MORADA NOVA;CE;2026-03;10722.0;465217.54;2026-03;13268.0;14435.0;80.81;74.28;0
230880;MORAÚJO;CE;2026-03;1614.0;69199.39;2026-03;1796.0;1946.0;89.87;82.94;0
230890;MORRINHOS;CE;2026-03;3545.0;154222.98;2026-03;4464.0;4682.0;79.41;75.72;0
230900;MUCAMBO;CE;2026-03;2673.0;111758.28;2026-03;2907.0;3027.0;91.95;88.31;0
230910;MULUNGU;CE;2026-03;1761.0;71869.01;2026-03;2628.0;2796.0;67.01;62.98;0
230920;NOVA OLINDA;CE;2026-03;3112.0;130856.21;2026-03;3583.0;3848.0;86.85;80.87;0
230930;NOVA RUSSAS;CE;2026-03;5031.0;218422.38;2026-03;5662.0;6044.0;88.86;83.24;0
230940;NOVO ORIENTE;CE;2026-03;5948.0;255240.53;2026-03;7307.0;7820.0;81.4;76.06;0
230945;OCARA;CE;2026-03;4483.0;194507.24;2026-03;5886.0;6146.0;76.16;72.94;0
230950;ORÓS;CE;2026-03;4066.0;179628.49;2026-03;5308.0;5688.0;76.6;71.48;0
230960;PACAJUS;CE;2026-03;9524.0;429710.97;2026-03;10577.0;11084.0;90.04;85.93;0
230970;PACATUBA;CE;2026-03;9915.0;462138.89;2026-03;13917.0;14768.0;71.24;67.14;0
230980;PACOTI;CE;2026-03;1866.0;75721.33;2026-03;2732.0;2934.0;68.3;63.6;0
230990;PACUJÁ;CE;2026-03;1192.0;53260.71;2026-03;1451.0;1518.0;82.15;78.52;0
231000;PALHANO;CE;2026-03;1825.0;78862.83;2026-03;2321.0;2468.0;78.63;73.95;0
231010;PALMÁCIA;CE;2026-03;1731.0;70407.5;2026-03;2517.0;2649.0;68.77;65.35;0
231020;PARACURU;CE;2026-03;6547.0;290591.02;2026-03;8212.0;8956.0;79.72;73.1;0
231025;PARAIPABA;CE;2026-03;5900.0;259504.89;2026-03;7731.0;8388.0;76.32;70.34;0
231030;PARAMBU;CE;2026-03;4929.0;201433.65;2026-03;5827.0;6087.0;84.59;80.98;0
231040;PARAMOTI;CE;2026-03;2182.0;92136.07;2026-03;2874.0;3075.0;75.92;70.96;0
231050;PEDRA BRANCA;CE;2026-03;7984.0;324345.59;2026-03;9432.0;10002.0;84.65;79.82;0
231060;PENAFORTE;CE;2026-03;1708.0;75664.13;2026-03;2395.0;2553.0;71.32;66.9;0
231070;PENTECOSTE;CE;2026-03;6272.0;273759.66;2026-03;7238.0;7626.0;86.65;82.24;0
231080;PEREIRO;CE;2026-03;2380.0;100944.09;2026-03;3018.0;3133.0;78.86;75.97;0
231085;PINDORETAMA;CE;2026-03;4039.0;181393.51;2026-03;5512.0;5850.0;73.28;69.04;0
231090;PIQUET CARNEIRO;CE;2026-03;2566.0;110304.96;2026-03;3071.0;3299.0;83.56;77.78;0
231095;PIRES FERREIRA;CE;2026-03;1420.0;59633.87;2026-03;1779.0;1823.0;79.82;77.89;0
231100;PORANGA;CE;2026-03;2316.0;89552.3;2026-03;2585.0;2611.0;89.59;88.7;0
231110;PORTEIRAS;CE;2026-03;2872.0;123009.79;2026-03;3736.0;3829.0;76.87;75.01;0
231120;POTENGI;CE;2026-03;1774.0;70925.53;2026-03;2301.0;2424.0;77.1;73.18;0
231123;POTIRETAMA;CE;2026-03;1157.0;49561.36;2026-03;1535.0;1601.0;75.37;72.27;0
231126;QUITERIANÓPOLIS;CE;2026-03;3602.0;147424.03;2026-03;4557.0;4777.0;79.04;75.4;0
231130;QUIXADÁ;CE;2026-03;15794.0;688523.05;2026-03;20291.0;22322.0;77.84;70.76;0
231135;QUIXELÔ;CE;2026-03;2664.0;115633.57;2026-03;3566.0;3732.0;74.71;71.38;0
231140;QUIXERAMOBIM;CE;2026-03;11746.0;511347.87;2026-03;15427.0;16248.0;76.14;72.29;0
231150;QUIXERÉ;CE;2026-03;3101.0;136635.68;2026-03;3818.0;4082.0;81.22;75.97;0
231160;REDENÇÃO;CE;2026-03;4650.0;201324.28;2026-03;6240.0;6499.0;74.52;71.55;0
231170;RERIUTABA;CE;2026-03;3192.0;139306.95;2026-03;3808.0;4081.0;83.82;78.22;0
231180;RUSSAS;CE;2026-03;10261.0;454557.93;2026-03;13036.0;13894.0;78.71;73.85;0
231190;SABOEIRO;CE;2026-03;2688.0;112290.34;2026-03;3383.0;3545.0;79.46;75.83;0
231195;SALITRE;CE;2026-03;3392.0;136807.42;2026-03;4280.0;4421.0;79.25;76.72;0
231200;SANTANA DO ACARAÚ;CE;2026-03;4941.0;212517.31;2026-03;7023.0;7682.0;70.35;64.32;0
231210;SANTANA DO CARIRI;CE;2026-03;3180.0;127613.19;2026-03;4315.0;4484.0;73.7;70.92;0
231220;SANTA QUITÉRIA;CE;2026-03;7293.0;321355.4;2026-03;10273.0;10910.0;70.99;66.85;0
231230;SÃO BENEDITO;CE;2026-03;7078.0;286268.81;2026-03;8731.0;9432.0;81.07;75.04;0
231240;SÃO GONÇALO DO AMARANTE;CE;2026-03;5728.0;252754.33;2026-03;10817.0;11619.0;52.95;49.3;0
231250;SÃO JOÃO DO JAGUARIBE;CE;2026-03;983.0;37985.77;2026-03;1251.0;1323.0;78.58;74.3;0
231260;SÃO LUÍS DO CURU;CE;2026-03;2396.0;103838.78;2026-03;2820.0;2996.0;84.96;79.97;0
231270;SENADOR POMPEU;CE;2026-03;3744.0;158592.49;2026-03;4686.0;4940.0;79.9;75.79;0
231280;SENADOR SÁ;CE;2026-03;1430.0;61106.6;2026-03;1689.0;1804.0;84.67;79.27;0
231290;SOBRAL;CE;2026-03;27035.0;1225026.89;2026-03;31374.0;33377.0;86.17;81.0;0
231300;SOLONÓPOLE;CE;2026-03;2499.0;109631.06;2026-03;3038.0;3276.0;82.26;76.28;0
231310;TABULEIRO DO NORTE;CE;2026-03;5157.0;226537.52;2026-03;6545.0;6909.0;78.79;74.64;0
231320;TAMBORIL;CE;2026-03;4468.0;192547.76;2026-03;5269.0;5503.0;84.8;81.19;0
231325;TARRAFAS;CE;2026-03;1420.0;60378.63;2026-03;1745.0;1769.0;81.38;80.27;0
231330;TAUÁ;CE;2026-03;8169.0;345131.33;2026-03;9640.0;10216.0;84.74;79.96;0
231335;TEJUÇUOCA;CE;2026-03;3555.0;148298.68;2026-03;4539.0;4861.0;78.32;73.13;0
231340;TIANGUÁ;CE;2026-03;12496.0;532401.07;2026-03;15301.0;16649.0;81.67;75.06;0
231350;TRAIRI;CE;2026-03;9911.0;433824.99;2026-03;14490.0;16012.0;68.4;61.9;0
231355;TURURU;CE;2026-03;3270.0;141390.76;2026-03;4338.0;4507.0;75.38;72.55;0
231360;UBAJARA;CE;2026-03;4898.0;205161.52;2026-03;7303.0;7738.0;67.07;63.3;0
231370;UMARI;CE;2026-03;1267.0;55135.26;2026-03;1498.0;1610.0;84.58;78.7;0
231375;UMIRIM;CE;2026-03;2637.0;114895.87;2026-03;3868.0;4038.0;68.17;65.3;0
231380;URUBURETAMA;CE;2026-03;4070.0;176277.21;2026-03;5425.0;5602.0;75.02;72.65;0
231390;URUOCA;CE;2026-03;2541.0;108119.07;2026-03;3083.0;3283.0;82.42;77.4;0
231395;VARJOTA;CE;2026-03;3398.0;149809.69;2026-03;3840.0;4099.0;88.49;82.9;0
231400;VÁRZEA ALEGRE;CE;2026-03;7363.0;322885.94;2026-03;8965.0;9342.0;82.13;78.82;0
231410;VIÇOSA DO CEARÁ;CE;2026-03;9348.0;381390.95;2026-03;15141.0;16250.0;61.74;57.53;0
240010;ACARI;RN;2026-03;1408.0;69674.94;2026-03;1689.0;1784.0;83.36;78.92;0
240020;AÇU;RN;2026-03;8951.0;456826.17;2026-03;10861.0;12204.0;82.41;73.34;0
240030;AFONSO BEZERRA;RN;2026-03;1385.0;67044.67;2026-03;3240.0;3535.0;42.75;39.18;0
240040;ÁGUA NOVA;RN;2026-03;480.0;23896.98;2026-03;648.0;677.0;74.07;70.9;0
240050;ALEXANDRIA;RN;2026-03;1933.0;95921.26;2026-03;2711.0;2845.0;71.3;67.94;0
240060;ALMINO AFONSO;RN;2026-03;794.0;39331.89;2026-03;1157.0;1185.0;68.63;67.0;0
240070;ALTO DO RODRIGUES;RN;2026-03;1690.0;84577.96;2026-03;2520.0;2640.0;67.06;64.02;0
240080;ANGICOS;RN;2026-03;1595.0;79475.76;2026-03;2171.0;2272.0;73.47;70.2;0
240090;ANTÔNIO MARTINS;RN;2026-03;1321.0;62095.53;2026-03;1885.0;2013.0;70.08;65.62;0
240100;APODI;RN;2026-03;5510.0;272232.4;2026-03;8073.0;8672.0;68.25;63.54;0
240110;AREIA BRANCA;RN;2026-03;2647.0;131628.06;2026-03;4019.0;4298.0;65.86;61.59;0
240120;ARÊS;RN;2026-03;1845.0;92327.16;2026-03;2765.0;2879.0;66.73;64.08;0
240130;CAMPO GRANDE;RN;2026-03;1729.0;84111.58;2026-03;3161.0;3415.0;54.7;50.63;0
240140;BAÍA FORMOSA;RN;2026-03;900.0;44673.62;2026-03;1522.0;1605.0;59.13;56.07;0
240145;BARAÚNA;RN;2026-03;4212.0;213708.1;2026-03;6199.0;6537.0;67.95;64.43;0
240150;BARCELONA;RN;2026-03;596.0;28689.55;2026-03;838.0;906.0;71.12;65.78;0
240160;BENTO FERNANDES;RN;2026-03;867.0;42066.57;2026-03;1175.0;1226.0;73.79;70.72;0
240165;BODÓ;RN;2026-03;533.0;23929.83;2026-03;690.0;743.0;77.25;71.74;0
240170;BOM JESUS;RN;2026-03;1716.0;82387.91;2026-03;2156.0;2327.0;79.59;73.74;0
240180;BREJINHO;RN;2026-03;1816.0;87370.68;2026-03;2315.0;2493.0;78.44;72.84;0
240185;CAIÇARA DO NORTE;RN;2026-03;824.0;41319.07;2026-03;1398.0;1443.0;58.94;57.1;0
240190;CAIÇARA DO RIO DO VENTO;RN;2026-03;555.0;26133.82;2026-03;972.0;1004.0;57.1;55.28;0
240200;CAICÓ;RN;2026-03;7193.0;365900.13;2026-03;8909.0;10295.0;80.74;69.87;0
240210;CAMPO REDONDO;RN;2026-03;1734.0;78953.46;2026-03;2514.0;2714.0;68.97;63.89;0
240220;CANGUARETAMA;RN;2026-03;4456.0;226637.64;2026-03;6897.0;7128.0;64.61;62.51;0
240230;CARAÚBAS;RN;2026-03;3435.0;168609.75;2026-03;4526.0;4777.0;75.89;71.91;0
240240;CARNAÚBA DOS DANTAS;RN;2026-03;971.0;48963.87;2026-03;1149.0;1253.0;84.51;77.49;0
240250;CARNAUBAIS;RN;2026-03;1431.0;71585.18;2026-03;2273.0;2450.0;62.96;58.41;0
240260;CEARÁ-MIRIM;RN;2026-03;9658.0;487966.0;2026-03;13005.0;14134.0;74.26;68.33;0
240270;CERRO CORÁ;RN;2026-03;1526.0;69160.29;2026-03;2073.0;2155.0;73.61;70.81;0
240280;CORONEL EZEQUIEL;RN;2026-03;1002.0;44343.44;2026-03;1249.0;1306.0;80.22;76.72;0
240290;CORONEL JOÃO PESSOA;RN;2026-03;643.0;31602.9;2026-03;898.0;943.0;71.6;68.19;0
240300;CRUZETA;RN;2026-03;1140.0;57683.71;2026-03;1560.0;1654.0;73.08;68.92;0
240310;CURRAIS NOVOS;RN;2026-03;5649.0;280679.78;2026-03;6434.0;6919.0;87.8;81.64;0
240320;DOUTOR SEVERIANO;RN;2026-03;973.0;47040.36;2026-03;1269.0;1351.0;76.67;72.02;0
240325;PARNAMIRIM;RN;2026-03;19584.0;990175.02;2026-03;28467.0;32606.0;68.8;60.06;0
240330;ENCANTO;RN;2026-03;903.0;45667.4;2026-03;1384.0;1429.0;65.25;63.19;0
240340;EQUADOR;RN;2026-03;1122.0;50392.95;2026-03;1465.0;1568.0;76.59;71.56;0
240350;ESPÍRITO SANTO;RN;2026-03;1231.0;61196.92;2026-03;2292.0;2389.0;53.71;51.53;0
240360;EXTREMOZ;RN;2026-03;8127.0;413785.7;2026-03;12271.0;13436.0;66.23;60.49;0
240370;FELIPE GUERRA;RN;2026-03;1031.0;52196.93;2026-03;1549.0;1638.0;66.56;62.94;0
240375;FERNANDO PEDROZA;RN;2026-03;476.0;22946.24;2026-03;717.0;745.0;66.39;63.89;0
240380;FLORÂNIA;RN;2026-03;1405.0;67445.62;2026-03;1885.0;1951.0;74.54;72.01;0
240390;FRANCISCO DANTAS;RN;2026-03;390.0;18989.79;2026-03;594.0;613.0;65.66;63.62;0
240400;FRUTUOSO GOMES;RN;2026-03;678.0;33714.1;2026-03;1016.0;1048.0;66.73;64.69;0
240410;GALINHOS;RN;2026-03;242.0;12225.19;2026-03;438.0;458.0;55.25;52.84;0
240420;GOIANINHA;RN;2026-03;3913.0;197215.05;2026-03;5225.0;5481.0;74.89;71.39;0
240430;GOVERNADOR DIX-SEPT ROSADO;RN;2026-03;1929.0;96082.17;2026-03;2693.0;2834.0;71.63;68.07;0
240440;GROSSOS;RN;2026-03;1394.0;70292.38;2026-03;2325.0;2487.0;59.96;56.05;0
240450;GUAMARÉ;RN;2026-03;1841.0;89077.79;2026-03;3401.0;3540.0;54.13;52.01;0
240460;IELMO MARINHO;RN;2026-03;1941.0;96383.36;2026-03;2954.0;3114.0;65.71;62.33;0
240470;IPANGUAÇU;RN;2026-03;1728.0;87740.12;2026-03;2596.0;2688.0;66.56;64.29;0
240480;IPUEIRA;RN;2026-03;254.0;12712.1;2026-03;332.0;351.0;76.51;72.36;0
240485;ITAJÁ;RN;2026-03;1127.0;58018.56;2026-03;1538.0;1614.0;73.28;69.83;0
240490;ITAÚ;RN;2026-03;878.0;42881.73;2026-03;1321.0;1443.0;66.46;60.85;0
240500;JAÇANÃ;RN;2026-03;1364.0;60056.01;2026-03;1926.0;1997.0;70.82;68.3;0
240510;JANDAÍRA;RN;2026-03;1034.0;51097.18;2026-03;1549.0;1615.0;66.75;64.02;0
240520;JANDUÍS;RN;2026-03;671.0;33023.24;2026-03;1259.0;1290.0;53.3;52.02;0
240530;BOA SAÚDE;RN;2026-03;1409.0;66511.27;2026-03;2066.0;2168.0;68.2;64.99;0
240540;JAPI;RN;2026-03;1409.0;61124.68;2026-03;1864.0;1996.0;75.59;70.59;0
240550;JARDIM DE ANGICOS;RN;2026-03;364.0;17099.63;2026-03;733.0;773.0;49.66;47.09;0
240560;JARDIM DE PIRANHAS;RN;2026-03;2200.0;110437.91;2026-03;3503.0;3722.0;62.8;59.11;0
240570;JARDIM DO SERIDÓ;RN;2026-03;1338.0;65936.06;2026-03;1625.0;1736.0;82.34;77.07;0
240580;JOÃO CÂMARA;RN;2026-03;5034.0;246363.83;2026-03;7835.0;8229.0;64.25;61.17;0
240590;JOÃO DIAS;RN;2026-03;462.0;20875.24;2026-03;673.0;737.0;68.65;62.69;0
240600;JOSÉ DA PENHA;RN;2026-03;942.0;46554.15;2026-03;1283.0;1384.0;73.42;68.06;0
240610;JUCURUTU;RN;2026-03;2784.0;136688.3;2026-03;3618.0;3796.0;76.95;73.34;0
240615;JUNDIÁ;RN;2026-03;544.0;25826.71;2026-03;964.0;1033.0;56.43;52.66;0
240620;LAGOA D'ANTA;RN;2026-03;1218.0;58925.87;2026-03;1696.0;1744.0;71.82;69.84;0
240630;LAGOA DE PEDRAS;RN;2026-03;1481.0;70721.4;2026-03;2102.0;2310.0;70.46;64.11;0
240640;LAGOA DE VELHOS;RN;2026-03;450.0;21351.78;2026-03;619.0;644.0;72.7;69.88;0
240650;LAGOA NOVA;RN;2026-03;2308.0;106629.5;2026-03;3106.0;3314.0;74.31;69.64;0
240660;LAGOA SALGADA;RN;2026-03;1945.0;94628.59;2026-03;3173.0;3482.0;61.3;55.86;0
240670;LAJES;RN;2026-03;1297.0;63929.32;2026-03;1845.0;1987.0;70.3;65.27;0
240680;LAJES PINTADAS;RN;2026-03;883.0;39820.25;2026-03;1106.0;1144.0;79.84;77.19;0
240690;LUCRÉCIA;RN;2026-03;619.0;30600.04;2026-03;985.0;1046.0;62.84;59.18;0
240700;LUÍS GOMES;RN;2026-03;1362.0;61566.44;2026-03;1801.0;1887.0;75.62;72.18;0
240710;MACAÍBA;RN;2026-03;11999.0;595359.68;2026-03;16272.0;17702.0;73.74;67.78;0
240720;MACAU;RN;2026-03;2648.0;130449.2;2026-03;4285.0;4478.0;61.8;59.13;0
240725;MAJOR SALES;RN;2026-03;652.0;32888.04;2026-03;893.0;937.0;73.01;69.58;0
240730;MARCELINO VIEIRA;RN;2026-03;1267.0;62483.88;2026-03;1815.0;1861.0;69.81;68.08;0
240740;MARTINS;RN;2026-03;1182.0;54893.89;2026-03;1675.0;1754.0;70.57;67.39;0
240750;MAXARANGUAPE;RN;2026-03;1155.0;57928.08;2026-03;2169.0;2247.0;53.25;51.4;0
240760;MESSIAS TARGINO;RN;2026-03;658.0;32671.91;2026-03;1156.0;1207.0;56.92;54.52;0
240770;MONTANHAS;RN;2026-03;1936.0;93831.1;2026-03;2777.0;2890.0;69.72;66.99;0
240780;MONTE ALEGRE;RN;2026-03;3048.0;151382.06;2026-03;4551.0;4746.0;66.97;64.22;0
240790;MONTE DAS GAMELEIRAS;RN;2026-03;515.0;21763.3;2026-03;694.0;736.0;74.21;69.97;0
240800;MOSSORÓ;RN;2026-03;28989.0;1477569.23;2026-03;40954.0;45300.0;70.78;63.99;0
240810;NATAL;RN;2026-03;54348.0;2717224.3;2026-03;98987.0;106407.0;54.9;51.08;0
240820;NÍSIA FLORESTA;RN;2026-03;3940.0;195171.96;2026-03;6251.0;6607.0;63.03;59.63;0
240830;NOVA CRUZ;RN;2026-03;5758.0;279544.15;2026-03;7416.0;7677.0;77.64;75.0;0
240840;OLHO D'ÁGUA DO BORGES;RN;2026-03;553.0;27105.2;2026-03;887.0;919.0;62.34;60.17;0
240850;OURO BRANCO;RN;2026-03;662.0;31808.32;2026-03;897.0;963.0;73.8;68.74;0
240860;PARANÁ;RN;2026-03;798.0;37662.72;2026-03;1345.0;1387.0;59.33;57.53;0
240870;PARAÚ;RN;2026-03;531.0;25574.29;2026-03;805.0;853.0;65.96;62.25;0
240880;PARAZINHO;RN;2026-03;823.0;40944.7;2026-03;1262.0;1329.0;65.21;61.93;0
240890;PARELHAS;RN;2026-03;3273.0;159135.61;2026-03;4567.0;4817.0;71.67;67.95;0
240895;RIO DO FOGO;RN;2026-03;1583.0;79583.16;2026-03;2734.0;2889.0;57.9;54.79;0
240910;PASSA E FICA;RN;2026-03;1998.0;96761.31;2026-03;2642.0;2785.0;75.62;71.74;0
240920;PASSAGEM;RN;2026-03;572.0;27946.15;2026-03;827.0;866.0;69.17;66.05;0
240930;PATU;RN;2026-03;1852.0;91581.28;2026-03;2671.0;2846.0;69.34;65.07;0
240933;SANTA MARIA;RN;2026-03;879.0;43024.89;2026-03;1283.0;1369.0;68.51;64.21;0
240940;PAU DOS FERROS;RN;2026-03;3826.0;196247.92;2026-03;5383.0;5870.0;71.08;65.18;0
240950;PEDRA GRANDE;RN;2026-03;645.0;31497.26;2026-03;901.0;956.0;71.59;67.47;0
240960;PEDRA PRETA;RN;2026-03;408.0;19279.93;2026-03;620.0;656.0;65.81;62.2;0
240970;PEDRO AVELINO;RN;2026-03;845.0;39547.98;2026-03;1292.0;1421.0;65.4;59.47;0
240980;PEDRO VELHO;RN;2026-03;2350.0;115707.05;2026-03;3566.0;3788.0;65.9;62.04;0
240990;PENDÊNCIAS;RN;2026-03;1555.0;76936.93;2026-03;2480.0;2688.0;62.7;57.85;0
241000;PILÕES;RN;2026-03;543.0;26809.87;2026-03;930.0;948.0;58.39;57.28;0
241010;POÇO BRANCO;RN;2026-03;1858.0;91051.53;2026-03;2724.0;2890.0;68.21;64.29;0
241020;PORTALEGRE;RN;2026-03;1168.0;53182.61;2026-03;1637.0;1648.0;71.35;70.87;0
241025;PORTO DO MANGUE;RN;2026-03;855.0;41883.7;2026-03;1231.0;1309.0;69.46;65.32;0
241030;SERRA CAIADA;RN;2026-03;1574.0;76695.19;2026-03;2266.0;2388.0;69.46;65.91;0
241040;PUREZA;RN;2026-03;1511.0;74240.19;2026-03;2111.0;2156.0;71.58;70.08;0
241050;RAFAEL FERNANDES;RN;2026-03;802.0;41195.59;2026-03;1129.0;1183.0;71.04;67.79;0
241060;RAFAEL GODEIRO;RN;2026-03;488.0;22866.52;2026-03;691.0;719.0;70.62;67.87;0
241070;RIACHO DA CRUZ;RN;2026-03;451.0;22007.29;2026-03;698.0;704.0;64.61;64.06;0
241080;RIACHO DE SANTANA;RN;2026-03;657.0;31808.82;2026-03;868.0;895.0;75.69;73.41;0
241090;RIACHUELO;RN;2026-03;1069.0;52111.88;2026-03;1695.0;1785.0;63.07;59.89;0
241100;RODOLFO FERNANDES;RN;2026-03;716.0;35743.16;2026-03;996.0;1023.0;71.89;69.99;0
241105;TIBAU;RN;2026-03;922.0;44903.98;2026-03;1241.0;1279.0;74.29;72.09;0
241110;RUY BARBOSA;RN;2026-03;572.0;26435.15;2026-03;627.0;651.0;91.23;87.86;0
241120;SANTA CRUZ;RN;2026-03;5562.0;267427.85;2026-03;6896.0;7244.0;80.66;76.78;0
241140;SANTANA DO MATOS;RN;2026-03;1669.0;79738.81;2026-03;2418.0;2528.0;69.02;66.02;0
241142;SANTANA DO SERIDÓ;RN;2026-03;381.0;17929.25;2026-03;474.0;497.0;80.38;76.66;0
241150;SANTO ANTÔNIO;RN;2026-03;3900.0;189417.44;2026-03;5099.0;5471.0;76.49;71.28;0
241160;SÃO BENTO DO NORTE;RN;2026-03;408.0;20052.49;2026-03;656.0;691.0;62.2;59.04;0
241170;SÃO BENTO DO TRAIRÍ;RN;2026-03;680.0;31213.09;2026-03;1035.0;1112.0;65.7;61.15;0
241180;SÃO FERNANDO;RN;2026-03;530.0;26351.37;2026-03;736.0;757.0;72.01;70.01;0
241190;SÃO FRANCISCO DO OESTE;RN;2026-03;608.0;30428.23;2026-03;869.0;934.0;69.97;65.1;0
241200;SÃO GONÇALO DO AMARANTE;RN;2026-03;13708.0;689098.52;2026-03;20824.0;23966.0;65.83;57.2;0
241210;SÃO JOÃO DO SABUGI;RN;2026-03;757.0;36384.86;2026-03;1163.0;1245.0;65.09;60.8;0
241220;SÃO JOSÉ DE MIPIBU;RN;2026-03;6616.0;330343.73;2026-03;9010.0;9563.0;73.43;69.18;0
241230;SÃO JOSÉ DO CAMPESTRE;RN;2026-03;1715.0;83000.18;2026-03;2623.0;2735.0;65.38;62.71;0
241240;SÃO JOSÉ DO SERIDÓ;RN;2026-03;469.0;23515.86;2026-03;812.0;820.0;57.76;57.2;0
241250;SÃO MIGUEL;RN;2026-03;3684.0;173458.41;2026-03;5614.0;5933.0;65.62;62.09;0
241255;SÃO MIGUEL DO GOSTOSO;RN;2026-03;1264.0;62683.65;2026-03;2364.0;2497.0;53.47;50.62;0
241260;SÃO PAULO DO POTENGI;RN;2026-03;2752.0;134615.76;2026-03;3700.0;3936.0;74.38;69.92;0
241270;SÃO PEDRO;RN;2026-03;943.0;45159.34;2026-03;1355.0;1411.0;69.59;66.83;0
241280;SÃO RAFAEL;RN;2026-03;1408.0;68682.74;2026-03;2361.0;2521.0;59.64;55.85;0
241290;SÃO TOMÉ;RN;2026-03;1624.0;76809.33;2026-03;2174.0;2312.0;74.7;70.24;0
241300;SÃO VICENTE;RN;2026-03;975.0;47017.11;2026-03;1279.0;1324.0;76.23;73.64;0
241310;SENADOR ELÓI DE SOUZA;RN;2026-03;1197.0;56658.78;2026-03;1764.0;1861.0;67.86;64.32;0
241320;SENADOR GEORGINO AVELINO;RN;2026-03;570.0;28560.88;2026-03;771.0;796.0;73.93;71.61;0
241330;SERRA DE SÃO BENTO;RN;2026-03;1079.0;49459.34;2026-03;1405.0;1488.0;76.8;72.51;0
241335;SERRA DO MEL;RN;2026-03;2344.0;114378.95;2026-03;3420.0;3614.0;68.54;64.86;0
241340;SERRA NEGRA DO NORTE;RN;2026-03;754.0;38756.26;2026-03;1315.0;1376.0;57.34;54.8;0
241350;SERRINHA;RN;2026-03;1327.0;63288.12;2026-03;1737.0;1838.0;76.4;72.2;0
241355;SERRINHA DOS PINTOS;RN;2026-03;862.0;40107.46;2026-03;1172.0;1250.0;73.55;68.96;0
241360;SEVERIANO MELO;RN;2026-03;1090.0;53642.78;2026-03;1517.0;1581.0;71.85;68.94;0
241370;SÍTIO NOVO;RN;2026-03;854.0;39479.37;2026-03;1172.0;1217.0;72.87;70.17;0
241380;TABOLEIRO GRANDE;RN;2026-03;392.0;18925.46;2026-03;649.0;673.0;60.4;58.25;0
241390;TAIPU;RN;2026-03;1645.0;80171.66;2026-03;2450.0;2527.0;67.14;65.1;0
241400;TANGARÁ;RN;2026-03;2351.0;114545.9;2026-03;3114.0;3368.0;75.5;69.8;0
241410;TENENTE ANANIAS;RN;2026-03;1355.0;68686.53;2026-03;2114.0;2271.0;64.1;59.67;0
241415;TENENTE LAURENTINO CRUZ;RN;2026-03;1012.0;46869.93;2026-03;1432.0;1542.0;70.67;65.63;0
241420;TIBAU DO SUL;RN;2026-03;1588.0;81039.32;2026-03;2977.0;3264.0;53.34;48.65;0
241430;TIMBAÚBA DOS BATISTAS;RN;2026-03;311.0;15629.4;2026-03;418.0;453.0;74.4;68.65;0
241440;TOUROS;RN;2026-03;5263.0;264245.09;2026-03;7614.0;8236.0;69.12;63.9;0
241445;TRIUNFO POTIGUAR;RN;2026-03;685.0;31261.73;2026-03;1110.0;1199.0;61.71;57.13;0
241450;UMARIZAL;RN;2026-03;1544.0;77490.4;2026-03;2464.0;2658.0;62.66;58.09;0
241460;UPANEMA;RN;2026-03;1998.0;99017.44;2026-03;2780.0;2950.0;71.87;67.73;0
241470;VÁRZEA;RN;2026-03;844.0;40897.61;2026-03;1190.0;1267.0;70.92;66.61;0
241475;VENHA-VER;RN;2026-03;643.0;29636.21;2026-03;908.0;932.0;70.81;68.99;0
241480;VERA CRUZ;RN;2026-03;1945.0;96959.38;2026-03;2763.0;2906.0;70.39;66.93;0
241490;VIÇOSA;RN;2026-03;304.0;14885.41;2026-03;535.0;543.0;56.82;55.99;0
241500;VILA FLOR;RN;2026-03;510.0;25721.3;2026-03;704.0;744.0;72.44;68.55;0
250010;ÁGUA BRANCA;PB;2026-03;1898.0;70801.49;2026-03;2159.0;2290.0;87.91;82.88;0
250020;AGUIAR;PB;2026-03;815.0;31304.61;2026-03;1127.0;1173.0;72.32;69.48;0
250030;ALAGOA GRANDE;PB;2026-03;5115.0;204944.7;2026-03;5791.0;6446.0;88.33;79.35;0
250040;ALAGOA NOVA;PB;2026-03;3788.0;143543.1;2026-03;4330.0;4545.0;87.48;83.34;0
250050;ALAGOINHA;PB;2026-03;2518.0;103632.45;2026-03;3241.0;3634.0;77.69;69.29;0
250053;ALCANTIL;PB;2026-03;1009.0;37574.31;2026-03;1166.0;1247.0;86.54;80.91;0
250057;ALGODÃO DE JANDAÍRA;PB;2026-03;629.0;22003.58;2026-03;800.0;829.0;78.62;75.87;0
250060;ALHANDRA;PB;2026-03;3497.0;146655.7;2026-03;4856.0;5268.0;72.01;66.38;0
250070;SÃO JOÃO DO RIO DO PEIXE;PB;2026-03;2543.0;102857.86;2026-03;3274.0;3615.0;77.67;70.35;0
250073;AMPARO;PB;2026-03;451.0;16820.43;2026-03;627.0;658.0;71.93;68.54;0
250077;APARECIDA;PB;2026-03;1387.0;57382.5;2026-03;2159.0;2286.0;64.24;60.67;0
250080;ARAÇAGI;PB;2026-03;3551.0;141563.35;2026-03;4532.0;5075.0;78.35;69.97;0
250090;ARARA;PB;2026-03;2708.0;96489.9;2026-03;2921.0;3102.0;92.71;87.3;0
250100;ARARUNA;PB;2026-03;3397.0;123186.45;2026-03;3540.0;3682.0;95.96;92.26;0
250110;AREIA;PB;2026-03;3890.0;146227.69;2026-03;4540.0;4769.0;85.68;81.57;0
250115;AREIA DE BARAÚNAS;PB;2026-03;365.0;14052.49;2026-03;537.0;559.0;67.97;65.3;0
250120;AREIAL;PB;2026-03;1660.0;61647.15;2026-03;1831.0;1865.0;90.66;89.01;0
250130;AROEIRAS;PB;2026-03;4318.0;155938.72;2026-03;5033.0;5210.0;85.79;82.88;0
250135;ASSUNÇÃO;PB;2026-03;896.0;33687.41;2026-03;1200.0;1268.0;74.67;70.66;0
250140;BAÍA DA TRAIÇÃO;PB;2026-03;1006.0;38885.61;2026-03;2181.0;2344.0;46.13;42.92;0
250150;BANANEIRAS;PB;2026-03;3277.0;128158.96;2026-03;4498.0;4611.0;72.85;71.07;0
250153;BARAÚNA;PB;2026-03;1086.0;39058.38;2026-03;1165.0;1240.0;93.22;87.58;0
250157;BARRA DE SANTANA;PB;2026-03;1600.0;58209.81;2026-03;1897.0;2033.0;84.34;78.7;0
250160;BARRA DE SANTA ROSA;PB;2026-03;2830.0;103416.27;2026-03;3127.0;3194.0;90.5;88.6;0
250170;BARRA DE SÃO MIGUEL;PB;2026-03;1088.0;42995.25;2026-03;1465.0;1545.0;74.27;70.42;0
250180;BAYEUX;PB;2026-03;14510.0;605261.95;2026-03;19178.0;20449.0;75.66;70.96;0
250190;BELÉM;PB;2026-03;3453.0;135078.44;2026-03;3564.0;3824.0;96.89;90.3;0
250200;BELÉM DO BREJO DO CRUZ;PB;2026-03;1314.0;53635.51;2026-03;1871.0;1968.0;70.23;66.77;0
250205;BERNARDINO BATISTA;PB;2026-03;611.0;23814.55;2026-03;751.0;778.0;81.36;78.53;0
250210;BOA VENTURA;PB;2026-03;1044.0;41322.17;2026-03;1259.0;1267.0;82.92;82.4;0
250215;BOA VISTA;PB;2026-03;803.0;32180.13;2026-03;1097.0;1202.0;73.2;66.81;0
250220;BOM JESUS;PB;2026-03;422.0;17224.34;2026-03;581.0;615.0;72.63;68.62;0
250230;BOM SUCESSO;PB;2026-03;758.0;30375.84;2026-03;1095.0;1132.0;69.22;66.96;0
250240;BONITO DE SANTA FÉ;PB;2026-03;2037.0;77592.74;2026-03;2725.0;2808.0;74.75;72.54;0
250250;BOQUEIRÃO;PB;2026-03;3312.0;132548.71;2026-03;4554.0;4708.0;72.73;70.35;0
250260;IGARACY;PB;2026-03;1140.0;46339.91;2026-03;1288.0;1369.0;88.51;83.27;0
250270;BORBOREMA;PB;2026-03;967.0;37833.57;2026-03;1061.0;1108.0;91.14;87.27;0
250280;BREJO DO CRUZ;PB;2026-03;2837.0;118166.74;2026-03;3320.0;3547.0;85.45;79.98;0
250290;BREJO DOS SANTOS;PB;2026-03;1296.0;54348.2;2026-03;1855.0;1911.0;69.87;67.82;0
250300;CAAPORÃ;PB;2026-03;3399.0;140655.51;2026-03;4716.0;4990.0;72.07;68.12;0
250310;CABACEIRAS;PB;2026-03;799.0;31379.34;2026-03;1097.0;1144.0;72.84;69.84;0
250320;CABEDELO;PB;2026-03;7640.0;320444.16;2026-03;11496.0;12580.0;66.46;60.73;0
250330;CACHOEIRA DOS ÍNDIOS;PB;2026-03;1317.0;53358.93;2026-03;2167.0;2245.0;60.78;58.66;0
250340;CACIMBA DE AREIA;PB;2026-03;646.0;25620.51;2026-03;1028.0;1170.0;62.84;55.21;0
250350;CACIMBA DE DENTRO;PB;2026-03;3167.0;114754.9;2026-03;3361.0;3438.0;94.23;92.12;0
250355;CACIMBAS;PB;2026-03;1662.0;59345.49;2026-03;2247.0;2289.0;73.97;72.61;0
250360;CAIÇARA;PB;2026-03;1275.0;50495.53;2026-03;1557.0;1649.0;81.89;77.32;0
250370;CAJAZEIRAS;PB;2026-03;11377.0;467260.71;2026-03;14509.0;16117.0;78.41;70.59;0
250375;CAJAZEIRINHAS;PB;2026-03;388.0;15881.73;2026-03;928.0;993.0;41.81;39.07;0
250380;CALDAS BRANDÃO;PB;2026-03;1211.0;49583.28;2026-03;1607.0;1717.0;75.36;70.53;0
250390;CAMALAÚ;PB;2026-03;1586.0;59274.65;2026-03;1810.0;1894.0;87.62;83.74;0
250400;CAMPINA GRANDE;PB;2026-03;55807.0;2217802.68;2026-03;54498.0;59504.0;102.4;93.79;0
250403;CAPIM;PB;2026-03;1370.0;56899.36;2026-03;2144.0;2256.0;63.9;60.73;0
250407;CARAÚBAS;PB;2026-03;831.0;31938.95;2026-03;1302.0;1351.0;63.82;61.51;0
250410;CARRAPATEIRA;PB;2026-03;404.0;16230.72;2026-03;541.0;594.0;74.68;68.01;0
250415;CASSERENGUE;PB;2026-03;1438.0;51967.03;2026-03;1808.0;1871.0;79.54;76.86;0
250420;CATINGUEIRA;PB;2026-03;747.0;29766.42;2026-03;1231.0;1296.0;60.68;57.64;0
250430;CATOLÉ DO ROCHA;PB;2026-03;4866.0;204218.95;2026-03;5873.0;6560.0;82.85;74.18;0
250435;CATURITÉ;PB;2026-03;947.0;37217.3;2026-03;1395.0;1409.0;67.89;67.21;0
250440;CONCEIÇÃO;PB;2026-03;3082.0;122789.06;2026-03;4175.0;4338.0;73.82;71.05;0
250450;CONDADO;PB;2026-03;1121.0;45301.14;2026-03;1418.0;1516.0;79.06;73.94;0
250460;CONDE;PB;2026-03;4116.0;169860.88;2026-03;6646.0;7101.0;61.93;57.96;0
250470;CONGO;PB;2026-03;1153.0;45362.37;2026-03;1599.0;1698.0;72.11;67.9;0
250480;COREMAS;PB;2026-03;3243.0;131684.46;2026-03;3766.0;3965.0;86.11;81.79;0
250485;COXIXOLA;PB;2026-03;348.0;13076.63;2026-03;469.0;522.0;74.2;66.67;0
250490;CRUZ DO ESPÍRITO SANTO;PB;2026-03;2890.0;121133.34;2026-03;4465.0;4670.0;64.73;61.88;0
250500;CUBATI;PB;2026-03;1563.0;58798.77;2026-03;1968.0;2005.0;79.42;77.96;0
250510;CUITÉ;PB;2026-03;3891.0;146092.62;2026-03;4292.0;4742.0;90.66;82.05;0
250520;CUITEGI;PB;2026-03;1457.0;59762.88;2026-03;1525.0;1610.0;95.54;90.5;0
250523;CUITÉ DE MAMANGUAPE;PB;2026-03;1300.0;52315.25;2026-03;1607.0;1728.0;80.9;75.23;0
250527;CURRAL DE CIMA;PB;2026-03;982.0;40498.17;2026-03;1746.0;1816.0;56.24;54.07;0
250530;CURRAL VELHO;PB;2026-03;323.0;13043.69;2026-03;574.0;586.0;56.27;55.12;0
250535;DAMIÃO;PB;2026-03;1182.0;40749.54;2026-03;1409.0;1446.0;83.89;81.74;0
250540;DESTERRO;PB;2026-03;1759.0;68072.96;2026-03;2575.0;2682.0;68.31;65.59;0
250550;VISTA SERRANA;PB;2026-03;587.0;23713.6;2026-03;733.0;791.0;80.08;74.21;0
250560;DIAMANTE;PB;2026-03;1185.0;47813.84;2026-03;1547.0;1619.0;76.6;73.19;0
250570;DONA INÊS;PB;2026-03;2318.0;87930.34;2026-03;2538.0;2655.0;91.33;87.31;0
250580;DUAS ESTRADAS;PB;2026-03;654.0;25820.86;2026-03;787.0;818.0;83.1;79.95;0
250590;EMAS;PB;2026-03;505.0;20201.0;2026-03;863.0;940.0;58.52;53.72;0
250600;ESPERANÇA;PB;2026-03;5952.0;228995.24;2026-03;6080.0;6451.0;97.89;92.26;0
250610;FAGUNDES;PB;2026-03;2085.0;78034.23;2026-03;2322.0;2476.0;89.79;84.21;0
250620;FREI MARTINHO;PB;2026-03;598.0;23150.75;2026-03;745.0;813.0;80.27;73.55;0
250625;GADO BRAVO;PB;2026-03;1980.0;71877.64;2026-03;2209.0;2275.0;89.63;87.03;0
250630;GUARABIRA;PB;2026-03;9801.0;400351.85;2026-03;10361.0;11265.0;94.6;87.0;0
250640;GURINHÉM;PB;2026-03;2279.0;93304.34;2026-03;3120.0;3353.0;73.04;67.97;0
250650;GURJÃO;PB;2026-03;619.0;23352.87;2026-03;813.0;857.0;76.14;72.23;0
250660;IBIARA;PB;2026-03;940.0;37297.34;2026-03;1189.0;1273.0;79.06;73.84;0
250670;IMACULADA;PB;2026-03;1987.0;69864.29;2026-03;2453.0;2589.0;81.0;76.75;0
250680;INGÁ;PB;2026-03;3996.0;161090.87;2026-03;5265.0;5565.0;75.9;71.81;0
250690;ITABAIANA;PB;2026-03;4933.0;198001.02;2026-03;5564.0;5896.0;88.66;83.67;0
250700;ITAPORANGA;PB;2026-03;3753.0;153875.28;2026-03;4403.0;4535.0;85.24;82.76;0
250710;ITAPOROROCA;PB;2026-03;3591.0;149079.97;2026-03;3936.0;4122.0;91.23;87.12;0
250720;ITATUBA;PB;2026-03;2101.0;84126.19;2026-03;2479.0;2608.0;84.75;80.56;0
250730;JACARAÚ;PB;2026-03;2891.0;115104.52;2026-03;3811.0;4109.0;75.86;70.36;0
250740;JERICÓ;PB;2026-03;1139.0;46897.49;2026-03;1660.0;1778.0;68.61;64.06;0
250750;JOÃO PESSOA;PB;2026-03;88830.0;3740327.89;2026-03;101025.0;115383.0;87.93;76.99;0
250760;JUAREZ TÁVORA;PB;2026-03;2031.0;80826.07;2026-03;2831.0;3107.0;71.74;65.37;0
250770;JUAZEIRINHO;PB;2026-03;3215.0;119827.77;2026-03;3628.0;3831.0;88.62;83.92;0
250780;JUNCO DO SERIDÓ;PB;2026-03;1471.0;54938.31;2026-03;1593.0;1646.0;92.34;89.37;0
250790;JURIPIRANGA;PB;2026-03;2240.0;90840.43;2026-03;2399.0;2483.0;93.37;90.21;0
250800;JURU;PB;2026-03;1677.0;64161.46;2026-03;1892.0;2041.0;88.64;82.17;0
250810;LAGOA;PB;2026-03;739.0;29426.72;2026-03;1206.0;1239.0;61.28;59.64;0
250820;LAGOA DE DENTRO;PB;2026-03;1470.0;58876.72;2026-03;1908.0;1973.0;77.04;74.51;0
250830;LAGOA SECA;PB;2026-03;4157.0;162665.0;2026-03;5571.0;5743.0;74.62;72.38;0
250840;LASTRO;PB;2026-03;412.0;17311.11;2026-03;702.0;734.0;58.69;56.13;0
250850;LIVRAMENTO;PB;2026-03;1355.0;49012.8;2026-03;1561.0;1693.0;86.8;80.04;0
250855;LOGRADOURO;PB;2026-03;777.0;31939.77;2026-03;1206.0;1269.0;64.43;61.23;0
250860;LUCENA;PB;2026-03;1953.0;80093.33;2026-03;2935.0;3067.0;66.54;63.68;0
250870;MÃE D'ÁGUA;PB;2026-03;692.0;26086.6;2026-03;850.0;874.0;81.41;79.18;0
250880;MALTA;PB;2026-03;1026.0;42629.62;2026-03;1239.0;1300.0;82.81;78.92;0
250890;MAMANGUAPE;PB;2026-03;7524.0;317276.49;2026-03;9319.0;10056.0;80.74;74.82;0
250900;MANAÍRA;PB;2026-03;2237.0;81654.81;2026-03;2714.0;2880.0;82.42;77.67;0
250905;MARCAÇÃO;PB;2026-03;1187.0;46761.7;2026-03;2470.0;2543.0;48.06;46.68;0
250910;MARI;PB;2026-03;5252.0;213270.86;2026-03;6067.0;6720.0;86.57;78.15;0
250915;MARIZÓPOLIS;PB;2026-03;1169.0;49106.69;2026-03;1882.0;1998.0;62.11;58.51;0
250920;MASSARANDUBA;PB;2026-03;2594.0;99262.33;2026-03;3287.0;3534.0;78.92;73.4;0
250930;MATARACA;PB;2026-03;1498.0;62211.29;2026-03;2096.0;2161.0;71.47;69.32;0
250933;MATINHAS;PB;2026-03;666.0;25033.55;2026-03;1063.0;1092.0;62.65;60.99;0
250937;MATO GROSSO;PB;2026-03;385.0;15747.62;2026-03;628.0;692.0;61.31;55.64;0
250939;MATURÉIA;PB;2026-03;1568.0;57219.07;2026-03;1898.0;1943.0;82.61;80.7;0
250940;MOGEIRO;PB;2026-03;3035.0;118966.44;2026-03;3555.0;3597.0;85.37;84.38;0
250950;MONTADAS;PB;2026-03;1223.0;45976.77;2026-03;1478.0;1513.0;82.75;80.83;0
250960;MONTE HOREBE;PB;2026-03;1055.0;39466.88;2026-03;1108.0;1162.0;95.22;90.79;0
250970;MONTEIRO;PB;2026-03;7053.0;266442.14;2026-03;8166.0;8514.0;86.37;82.84;0
250980;MULUNGU;PB;2026-03;1739.0;69916.06;2026-03;2092.0;2158.0;83.13;80.58;0
250990;NATUBA;PB;2026-03;1334.0;49403.91;2026-03;1765.0;1854.0;75.58;71.95;0
251000;NAZAREZINHO;PB;2026-03;1375.0;56923.16;2026-03;1662.0;1752.0;82.73;78.48;0
251010;NOVA FLORESTA;PB;2026-03;2304.0;85239.75;2026-03;2177.0;2312.0;105.83;99.65;0
251020;NOVA OLINDA;PB;2026-03;1085.0;43328.3;2026-03;1453.0;1511.0;74.67;71.81;0
251030;NOVA PALMEIRA;PB;2026-03;744.0;27706.05;2026-03;914.0;925.0;81.4;80.43;0
251040;OLHO D'ÁGUA;PB;2026-03;1255.0;49131.55;2026-03;1440.0;1542.0;87.15;81.39;0
251050;OLIVEDOS;PB;2026-03;614.0;22873.45;2026-03;777.0;806.0;79.02;76.18;0
251060;OURO VELHO;PB;2026-03;541.0;19978.48;2026-03;722.0;776.0;74.93;69.72;0
251065;PARARI;PB;2026-03;267.0;10399.71;2026-03;328.0;349.0;81.4;76.5;0
251070;PASSAGEM;PB;2026-03;475.0;18488.59;2026-03;668.0;700.0;71.11;67.86;0
251080;PATOS;PB;2026-03;17871.0;747273.15;2026-03;16939.0;18582.0;105.5;96.17;0
251090;PAULISTA;PB;2026-03;1863.0;79246.85;2026-03;2690.0;2794.0;69.26;66.68;0
251100;PEDRA BRANCA;PB;2026-03;532.0;21507.77;2026-03;716.0;740.0;74.3;71.89;0
251110;PEDRA LAVRADA;PB;2026-03;1271.0;46461.81;2026-03;1443.0;1555.0;88.08;81.74;0
251120;PEDRAS DE FOGO;PB;2026-03;4774.0;224334.54;2026-03;6755.0;7108.0;70.67;67.16;0
251130;PIANCÓ;PB;2026-03;2880.0;116545.65;2026-03;4304.0;4705.0;66.91;61.21;0
251140;PICUÍ;PB;2026-03;3403.0;131362.86;2026-03;3718.0;3915.0;91.53;86.92;0
251150;PILAR;PB;2026-03;2228.0;92170.24;2026-03;2716.0;2844.0;82.03;78.34;0
251160;PILÕES;PB;2026-03;1446.0;57934.26;2026-03;2017.0;2083.0;71.69;69.42;0
251170;PILÕEZINHOS;PB;2026-03;1134.0;46033.24;2026-03;1639.0;1737.0;69.19;65.28;0
251180;PIRPIRITUBA;PB;2026-03;2037.0;82168.67;2026-03;2226.0;2378.0;91.51;85.66;0
251190;PITIMBU;PB;2026-03;2719.0;110976.13;2026-03;4369.0;4936.0;62.23;55.09;0
251200;POCINHOS;PB;2026-03;3390.0;128553.45;2026-03;4355.0;4616.0;77.84;73.44;0
251203;POÇO DANTAS;PB;2026-03;510.0;19132.59;2026-03;917.0;947.0;55.62;53.85;0
251207;POÇO DE JOSÉ DE MOURA;PB;2026-03;637.0;25489.9;2026-03;864.0;902.0;73.73;70.62;0
251210;POMBAL;PB;2026-03;5301.0;220200.03;2026-03;6103.0;6527.0;86.86;81.22;0
251220;PRATA;PB;2026-03;721.0;27683.36;2026-03;905.0;995.0;79.67;72.46;0
251230;PRINCESA ISABEL;PB;2026-03;3675.0;143636.43;2026-03;4422.0;4552.0;83.11;80.73;0
251240;PUXINANÃ;PB;2026-03;1580.0;61209.46;2026-03;2830.0;2949.0;55.83;53.58;0
251250;QUEIMADAS;PB;2026-03;8151.0;324524.81;2026-03;9491.0;10251.0;85.88;79.51;0
251260;QUIXABA;PB;2026-03;356.0;14461.01;2026-03;482.0;503.0;73.86;70.78;0
251270;REMÍGIO;PB;2026-03;3443.0;129022.83;2026-03;4396.0;4540.0;78.32;75.84;0
251272;PEDRO RÉGIS;PB;2026-03;957.0;38214.12;2026-03;1380.0;1475.0;69.35;64.88;0
251274;RIACHÃO;PB;2026-03;618.0;24022.88;2026-03;706.0;731.0;87.54;84.54;0
251275;RIACHÃO DO BACAMARTE;PB;2026-03;901.0;36391.03;2026-03;1246.0;1299.0;72.31;69.36;0
251276;RIACHÃO DO POÇO;PB;2026-03;964.0;39854.38;2026-03;1179.0;1255.0;81.76;76.81;0
251278;RIACHO DE SANTO ANTÔNIO;PB;2026-03;402.0;14804.68;2026-03;535.0;596.0;75.14;67.45;0
251280;RIACHO DOS CAVALOS;PB;2026-03;1690.0;70026.78;2026-03;2444.0;2559.0;69.15;66.04;0
251290;RIO TINTO;PB;2026-03;3582.0;148973.07;2026-03;4954.0;5332.0;72.31;67.18;0
251300;SALGADINHO;PB;2026-03;565.0;20093.81;2026-03;677.0;690.0;83.46;81.88;0
251310;SALGADO DE SÃO FÉLIX;PB;2026-03;2181.0;85486.48;2026-03;2413.0;2514.0;90.39;86.75;0
251315;SANTA CECÍLIA;PB;2026-03;1590.0;58939.96;2026-03;1852.0;1977.0;85.85;80.42;0
251320;SANTA CRUZ;PB;2026-03;966.0;39633.0;2026-03;1183.0;1263.0;81.66;76.48;0
251330;SANTA HELENA;PB;2026-03;1141.0;45751.12;2026-03;1557.0;1719.0;73.28;66.38;0
251335;SANTA INÊS;PB;2026-03;491.0;18230.78;2026-03;998.0;1052.0;49.2;46.67;0
251340;SANTA LUZIA;PB;2026-03;2490.0;100866.84;2026-03;2820.0;3066.0;88.3;81.21;0
251350;SANTANA DE MANGUEIRA;PB;2026-03;706.0;27140.62;2026-03;1092.0;1114.0;64.65;63.38;0
251360;SANTANA DOS GARROTES;PB;2026-03;1157.0;46387.07;2026-03;1424.0;1457.0;81.25;79.41;0
251365;JOCA CLAUDINO;PB;2026-03;428.0;16878.57;2026-03;564.0;583.0;75.89;73.41;0
251370;SANTA RITA;PB;2026-03;21497.0;904487.81;2026-03;25141.0;26493.0;85.51;81.14;0
251380;SANTA TERESINHA;PB;2026-03;893.0;35780.64;2026-03;1131.0;1216.0;78.96;73.44;0
251385;SANTO ANDRÉ;PB;2026-03;502.0;18728.56;2026-03;642.0;665.0;78.19;75.49;0
251390;SÃO BENTO;PB;2026-03;5944.0;250713.21;2026-03;7024.0;7368.0;84.62;80.67;0
251392;SÃO BENTINHO;PB;2026-03;624.0;25844.02;2026-03;926.0;996.0;67.39;62.65;0
251394;SÃO DOMINGOS DO CARIRI;PB;2026-03;465.0;18141.24;2026-03;598.0;626.0;77.76;74.28;0
251396;SÃO DOMINGOS;PB;2026-03;325.0;13491.06;2026-03;576.0;621.0;56.42;52.33;0
251398;SÃO FRANCISCO;PB;2026-03;453.0;18638.59;2026-03;630.0;679.0;71.9;66.72;0
251400;SÃO JOÃO DO CARIRI;PB;2026-03;732.0;28270.6;2026-03;1066.0;1126.0;68.67;65.01;0
251410;SÃO JOÃO DO TIGRE;PB;2026-03;853.0;29332.27;2026-03;1178.0;1223.0;72.41;69.75;0
251420;SÃO JOSÉ DA LAGOA TAPADA;PB;2026-03;1285.0;52458.65;2026-03;1847.0;1961.0;69.57;65.53;0
251430;SÃO JOSÉ DE CAIANA;PB;2026-03;1100.0;42319.07;2026-03;1427.0;1511.0;77.08;72.8;0
251440;SÃO JOSÉ DE ESPINHARAS;PB;2026-03;562.0;22842.8;2026-03;880.0;936.0;63.86;60.04;0
251445;SÃO JOSÉ DOS RAMOS;PB;2026-03;1101.0;44316.62;2026-03;1268.0;1399.0;86.83;78.7;0
251450;SÃO JOSÉ DE PIRANHAS;PB;2026-03;3629.0;146399.43;2026-03;4088.0;4401.0;88.77;82.46;0
251455;SÃO JOSÉ DE PRINCESA;PB;2026-03;545.0;19900.88;2026-03;757.0;796.0;71.99;68.47;0
251460;SÃO JOSÉ DO BONFIM;PB;2026-03;604.0;24275.34;2026-03;822.0;873.0;73.48;69.19;0
251465;SÃO JOSÉ DO BREJO DO CRUZ;PB;2026-03;256.0;10340.68;2026-03;375.0;398.0;68.27;64.32;0
251470;SÃO JOSÉ DO SABUGI;PB;2026-03;707.0;27528.78;2026-03;896.0;913.0;78.91;77.44;0
251480;SÃO JOSÉ DOS CORDEIROS;PB;2026-03;712.0;26756.0;2026-03;880.0;916.0;80.91;77.73;0
251490;SÃO MAMEDE;PB;2026-03;1355.0;53501.22;2026-03;1535.0;1655.0;88.27;81.87;0
251500;SÃO MIGUEL DE TAIPU;PB;2026-03;1519.0;62295.07;2026-03;1825.0;1943.0;83.23;78.18;0
251510;SÃO SEBASTIÃO DE LAGOA DE ROÇA;PB;2026-03;1851.0;71690.76;2026-03;2112.0;2185.0;87.64;84.71;0
251520;SÃO SEBASTIÃO DO UMBUZEIRO;PB;2026-03;664.0;24260.39;2026-03;739.0;773.0;89.85;85.9;0
251530;SAPÉ;PB;2026-03;10976.0;453744.19;2026-03;11506.0;13198.0;95.39;83.16;0
251540;SÃO VICENTE DO SERIDÓ;PB;2026-03;2304.0;83484.29;2026-03;2842.0;2881.0;81.07;79.97;0
251550;SERRA BRANCA;PB;2026-03;2634.0;100886.52;2026-03;3405.0;3644.0;77.36;72.28;0
251560;SERRA DA RAIZ;PB;2026-03;426.0;16814.96;2026-03;536.0;563.0;79.48;75.67;0
251570;SERRA GRANDE;PB;2026-03;585.0;21780.04;2026-03;732.0;763.0;79.92;76.67;0
251580;SERRA REDONDA;PB;2026-03;1663.0;63224.88;2026-03;1954.0;2059.0;85.11;80.77;0
251590;SERRARIA;PB;2026-03;925.0;34086.5;2026-03;1186.0;1264.0;77.99;73.18;0
251593;SERTÃOZINHO;PB;2026-03;953.0;39286.32;2026-03;969.0;984.0;98.35;96.85;0
251597;SOBRADO;PB;2026-03;1485.0;62185.5;2026-03;2217.0;2373.0;66.98;62.58;0
251600;SOLÂNEA;PB;2026-03;5281.0;199410.18;2026-03;5741.0;6035.0;91.99;87.51;0
251610;SOLEDADE;PB;2026-03;2572.0;100107.04;2026-03;3026.0;3162.0;85.0;81.34;0
251615;SOSSÊGO;PB;2026-03;751.0;27750.0;2026-03;1027.0;1090.0;73.13;68.9;0
251620;SOUSA;PB;2026-03;11722.0;490209.97;2026-03;14203.0;15678.0;82.53;74.77;0
251630;SUMÉ;PB;2026-03;3448.0;131728.27;2026-03;3889.0;4435.0;88.66;77.75;0
251640;TACIMA;PB;2026-03;1626.0;62537.83;2026-03;2029.0;2146.0;80.14;75.77;0
251650;TAPEROÁ;PB;2026-03;3045.0;113262.12;2026-03;3527.0;3693.0;86.33;82.45;0
251660;TAVARES;PB;2026-03;2828.0;106015.94;2026-03;3386.0;3486.0;83.52;81.12;0
251670;TEIXEIRA;PB;2026-03;3462.0;130463.16;2026-03;3942.0;4266.0;87.82;81.15;0
251675;TENÓRIO;PB;2026-03;670.0;23459.94;2026-03;798.0;896.0;83.96;74.78;0
251680;TRIUNFO;PB;2026-03;1505.0;61022.04;2026-03;2015.0;2121.0;74.69;70.96;0
251690;UIRAÚNA;PB;2026-03;2279.0;94095.12;2026-03;2843.0;2957.0;80.16;77.07;0
251700;UMBUZEIRO;PB;2026-03;1653.0;59071.16;2026-03;2106.0;2184.0;78.49;75.69;0
251710;VÁRZEA;PB;2026-03;419.0;16498.83;2026-03;523.0;564.0;80.11;74.29;0
251720;VIEIRÓPOLIS;PB;2026-03;626.0;24725.67;2026-03;985.0;1034.0;63.55;60.54;0
251740;ZABELÊ;PB;2026-03;424.0;15856.28;2026-03;604.0;631.0;70.2;67.19;0
260005;ABREU E LIMA;PE;2026-03;11241.0;569742.37;2026-03;19301.0;22462.0;58.24;50.04;0
260010;AFOGADOS DA INGAZEIRA;PE;2026-03;7513.0;369898.54;2026-03;8449.0;9079.0;88.92;82.75;0
260020;AFRÂNIO;PE;2026-03;3363.0;150492.59;2026-03;4483.0;4907.0;75.02;68.53;0
260030;AGRESTINA;PE;2026-03;5046.0;245303.38;2026-03;6932.0;7455.0;72.79;67.69;0
260040;ÁGUA PRETA;PE;2026-03;4530.0;219688.92;2026-03;6396.0;6574.0;70.83;68.91;0
260050;ÁGUAS BELAS;PE;2026-03;7862.0;374498.46;2026-03;12419.0;13125.0;63.31;59.9;0
260060;ALAGOINHA;PE;2026-03;2980.0;136101.5;2026-03;3325.0;3609.0;89.62;82.57;0
260070;ALIANÇA;PE;2026-03;7071.0;354830.9;2026-03;8665.0;9668.0;81.6;73.14;0
260080;ALTINHO;PE;2026-03;4571.0;214094.42;2026-03;5694.0;6083.0;80.28;75.14;0
260090;AMARAJI;PE;2026-03;3178.0;155836.96;2026-03;4769.0;5058.0;66.64;62.83;0
260100;ANGELIM;PE;2026-03;2186.0;102217.57;2026-03;2943.0;3059.0;74.28;71.46;0
260105;ARAÇOIABA;PE;2026-03;2666.0;138710.72;2026-03;4605.0;4860.0;57.89;54.86;0
260110;ARARIPINA;PE;2026-03;14184.0;685208.31;2026-03;18820.0;20133.0;75.37;70.45;0
260120;ARCOVERDE;PE;2026-03;10642.0;521395.94;2026-03;14305.0;15240.0;74.39;69.83;0
260130;BARRA DE GUABIRABA;PE;2026-03;1971.0;93588.7;2026-03;2565.0;2724.0;76.84;72.36;0
260140;BARREIROS;PE;2026-03;5307.0;261924.39;2026-03;9431.0;10280.0;56.27;51.62;0
260150;BELÉM DE MARIA;PE;2026-03;2120.0;99066.51;2026-03;2752.0;3000.0;77.03;70.67;0
260160;BELÉM DO SÃO FRANCISCO;PE;2026-03;2633.0;131575.92;2026-03;6401.0;6880.0;41.13;38.27;0
260170;BELO JARDIM;PE;2026-03;16575.0;790715.66;2026-03;15840.0;17567.0;104.64;94.35;0
260180;BETÂNIA;PE;2026-03;1958.0;95200.54;2026-03;3076.0;3302.0;63.65;59.3;0
260190;BEZERROS;PE;2026-03;13207.0;626727.5;2026-03;15649.0;17711.0;84.4;74.57;0
260200;BODOCÓ;PE;2026-03;5590.0;266463.23;2026-03;7837.0;8974.0;71.33;62.29;0
260210;BOM CONSELHO;PE;2026-03;7493.0;356714.9;2026-03;10007.0;10498.0;74.88;71.38;0
260220;BOM JARDIM;PE;2026-03;6911.0;342865.75;2026-03;9065.0;10697.0;76.24;64.61;0
260230;BONITO;PE;2026-03;6769.0;325034.42;2026-03;11041.0;11719.0;61.31;57.76;0
260240;BREJÃO;PE;2026-03;1796.0;83040.35;2026-03;2603.0;2729.0;69.0;65.81;0
260250;BREJINHO;PE;2026-03;1645.0;73701.51;2026-03;2110.0;2175.0;77.96;75.63;0
260260;BREJO DA MADRE DE DEUS;PE;2026-03;9827.0;489982.09;2026-03;12584.0;13469.0;78.09;72.96;0
260270;BUENOS AIRES;PE;2026-03;2696.0;137774.1;2026-03;3760.0;4093.0;71.7;65.87;0
260280;BUÍQUE;PE;2026-03;8888.0;401765.82;2026-03;12346.0;13171.0;71.99;67.48;0
260290;CABO DE SANTO AGOSTINHO;PE;2026-03;22364.0;1134294.81;2026-03;35996.0;40790.0;62.13;54.83;0
260300;CABROBÓ;PE;2026-03;4738.0;235652.23;2026-03;10087.0;10746.0;46.97;44.09;0
260310;CACHOEIRINHA;PE;2026-03;4265.0;208360.11;2026-03;5236.0;5952.0;81.46;71.66;0
260320;CAETÉS;PE;2026-03;4803.0;227295.5;2026-03;6206.0;6588.0;77.39;72.91;0
260330;CALÇADO;PE;2026-03;1829.0;86235.86;2026-03;2001.0;2191.0;91.4;83.48;0
260340;CALUMBI;PE;2026-03;1192.0;58865.54;2026-03;1809.0;1916.0;65.89;62.21;0
260345;CAMARAGIBE;PE;2026-03;14016.0;721500.52;2026-03;25032.0;28120.0;55.99;49.84;0
260350;CAMOCIM DE SÃO FÉLIX;PE;2026-03;3326.0;158771.89;2026-03;5804.0;6000.0;57.31;55.43;0
260360;CAMUTANGA;PE;2026-03;1461.0;74129.22;2026-03;1875.0;1984.0;77.92;73.64;0
260370;CANHOTINHO;PE;2026-03;4165.0;195694.81;2026-03;5062.0;5439.0;82.28;76.58;0
260380;CAPOEIRAS;PE;2026-03;3634.0;170254.2;2026-03;4504.0;4781.0;80.68;76.01;0
260390;CARNAÍBA;PE;2026-03;3592.0;172624.48;2026-03;3745.0;3949.0;95.91;90.96;0
260392;CARNAUBEIRA DA PENHA;PE;2026-03;2276.0;100279.84;2026-03;4066.0;4320.0;55.98;52.69;0
260400;CARPINA;PE;2026-03;14138.0;731504.37;2026-03;17769.0;19320.0;79.57;73.18;0
260410;CARUARU;PE;2026-03;55168.0;2792663.53;2026-03;70259.0;75636.0;78.52;72.94;0
260415;CASINHAS;PE;2026-03;3072.0;149127.91;2026-03;4002.0;4226.0;76.76;72.69;0
260420;CATENDE;PE;2026-03;6718.0;324435.82;2026-03;8527.0;9810.0;78.79;68.48;0
260430;CEDRO;PE;2026-03;1923.0;96542.83;2026-03;2429.0;2538.0;79.17;75.77;0
260440;CHÃ DE ALEGRIA;PE;2026-03;2047.0;103186.98;2026-03;3471.0;3748.0;58.97;54.62;0
260450;CHÃ GRANDE;PE;2026-03;3490.0;171072.61;2026-03;5275.0;5513.0;66.16;63.3;0
260460;CONDADO;PE;2026-03;4052.0;209101.81;2026-03;4915.0;5247.0;82.44;77.23;0
260470;CORRENTES;PE;2026-03;2546.0;120690.01;2026-03;3760.0;4111.0;67.71;61.93;0
260480;CORTÊS;PE;2026-03;2227.0;107541.56;2026-03;2750.0;2893.0;80.98;76.98;0
260490;CUMARU;PE;2026-03;2841.0;133227.14;2026-03;4517.0;4868.0;62.9;58.36;0
260500;CUPIRA;PE;2026-03;4568.0;225698.51;2026-03;5472.0;5684.0;83.48;80.37;0
260510;CUSTÓDIA;PE;2026-03;6834.0;333728.72;2026-03;9612.0;10339.0;71.1;66.1;0
260515;DORMENTES;PE;2026-03;2572.0;120050.07;2026-03;3344.0;3696.0;76.91;69.59;0
260520;ESCADA;PE;2026-03;7600.0;382947.48;2026-03;11992.0;13191.0;63.38;57.62;0
260530;EXU;PE;2026-03;6664.0;315725.5;2026-03;8786.0;9324.0;75.85;71.47;0
260540;FEIRA NOVA;PE;2026-03;4699.0;236085.03;2026-03;7011.0;7336.0;67.02;64.05;0
260545;FERNANDO DE NORONHA;PE;2026-03;55.0;3667.68;2026-03;118.0;133.0;46.61;41.35;0
260550;FERREIROS;PE;2026-03;1950.0;101760.55;2026-03;2518.0;2623.0;77.44;74.34;0
260560;FLORES;PE;2026-03;3636.0;173232.8;2026-03;4484.0;4819.0;81.09;75.45;0
260570;FLORESTA;PE;2026-03;4742.0;239951.92;2026-03;7821.0;8568.0;60.63;55.35;0
260580;FREI MIGUELINHO;PE;2026-03;3145.0;149867.59;2026-03;4159.0;4870.0;75.62;64.58;0
260590;GAMELEIRA;PE;2026-03;3675.0;185599.63;2026-03;5167.0;5469.0;71.12;67.2;0
260600;GARANHUNS;PE;2026-03;21553.0;1058455.51;2026-03;28078.0;30748.0;76.76;70.1;0
260610;GLÓRIA DO GOITÁ;PE;2026-03;4395.0;222387.86;2026-03;7371.0;7688.0;59.63;57.17;0
260620;GOIANA;PE;2026-03;10130.0;519555.03;2026-03;18220.0;19910.0;55.6;50.88;0
260630;GRANITO;PE;2026-03;1293.0;63652.76;2026-03;2014.0;2110.0;64.2;61.28;0
260640;GRAVATÁ;PE;2026-03;14941.0;746105.67;2026-03;19999.0;22470.0;74.71;66.49;0
260650;IATI;PE;2026-03;3464.0;164763.9;2026-03;4631.0;4827.0;74.8;71.76;0
260660;IBIMIRIM;PE;2026-03;5062.0;245908.47;2026-03;6478.0;6894.0;78.14;73.43;0
260670;IBIRAJUBA;PE;2026-03;1239.0;56725.12;2026-03;1796.0;1864.0;68.99;66.47;0
260680;IGARASSU;PE;2026-03;15176.0;787636.47;2026-03;23140.0;26202.0;65.58;57.92;0
260690;IGUARACY;PE;2026-03;1812.0;84876.72;2026-03;2774.0;2870.0;65.32;63.14;0
260700;INAJÁ;PE;2026-03;3550.0;171909.25;2026-03;7783.0;8528.0;45.61;41.63;0
260710;INGAZEIRA;PE;2026-03;809.0;40291.55;2026-03;1074.0;1111.0;75.33;72.82;0
260720;IPOJUCA;PE;2026-03;10489.0;537066.5;2026-03;24138.0;26998.0;43.45;38.85;0
260730;IPUBI;PE;2026-03;4333.0;207613.83;2026-03;7627.0;8055.0;56.81;53.79;0
260740;ITACURUBA;PE;2026-03;619.0;30330.97;2026-03;1214.0;1272.0;50.99;48.66;0
260750;ITAÍBA;PE;2026-03;5069.0;245352.78;2026-03;6578.0;7205.0;77.06;70.35;0
260760;ILHA DE ITAMARACÁ;PE;2026-03;2566.0;121336.13;2026-03;5578.0;6120.0;46.0;41.93;0
260765;ITAMBÉ;PE;2026-03;6173.0;311965.37;2026-03;7765.0;8116.0;79.5;76.06;0
260770;ITAPETIM;PE;2026-03;2920.0;137020.86;2026-03;3525.0;3615.0;82.84;80.77;0
260775;ITAPISSUMA;PE;2026-03;2254.0;116513.54;2026-03;6039.0;6430.0;37.32;35.05;0
260780;ITAQUITINGA;PE;2026-03;2152.0;109605.16;2026-03;2975.0;3174.0;72.34;67.8;0
260790;JABOATÃO DOS GUARARAPES;PE;2026-03;56455.0;2829022.2;2026-03;103469.0;126557.0;54.56;44.61;0
260795;JAQUEIRA;PE;2026-03;2040.0;98766.04;2026-03;2856.0;3052.0;71.43;66.84;0
260800;JATAÚBA;PE;2026-03;4012.0;183608.4;2026-03;5796.0;6142.0;69.22;65.32;0
260805;JATOBÁ;PE;2026-03;1491.0;75220.38;2026-03;3218.0;3438.0;46.33;43.37;0
260810;JOÃO ALFREDO;PE;2026-03;4887.0;237265.54;2026-03;5962.0;6291.0;81.97;77.68;0
260820;JOAQUIM NABUCO;PE;2026-03;2637.0;131059.18;2026-03;4350.0;4498.0;60.62;58.63;0
260825;JUCATI;PE;2026-03;2406.0;112151.7;2026-03;2582.0;2792.0;93.18;86.17;0
260830;JUPI;PE;2026-03;3235.0;155137.14;2026-03;3687.0;3891.0;87.74;83.14;0
260840;JUREMA;PE;2026-03;3145.0;142069.04;2026-03;4090.0;4356.0;76.89;72.2;0
260845;LAGOA DO CARRO;PE;2026-03;2638.0;135842.42;2026-03;3980.0;4311.0;66.28;61.19;0
260850;LAGOA DE ITAENGA;PE;2026-03;3841.0;191649.59;2026-03;4352.0;4575.0;88.26;83.96;0
260860;LAGOA DO OURO;PE;2026-03;2351.0;105786.57;2026-03;2940.0;3125.0;79.97;75.23;0
260870;LAGOA DOS GATOS;PE;2026-03;2657.0;126941.97;2026-03;3984.0;4193.0;66.69;63.37;0
260875;LAGOA GRANDE;PE;2026-03;3276.0;162916.32;2026-03;6193.0;6862.0;52.9;47.74;0
260880;LAJEDO;PE;2026-03;7692.0;376979.28;2026-03;9560.0;10672.0;80.46;72.08;0
260890;LIMOEIRO;PE;2026-03;8722.0;439658.24;2026-03;10470.0;11323.0;83.3;77.03;0
260900;MACAPARANA;PE;2026-03;4152.0;199906.34;2026-03;4876.0;5113.0;85.15;81.2;0
260910;MACHADOS;PE;2026-03;2065.0;102434.96;2026-03;3017.0;3210.0;68.45;64.33;0
260915;MANARI;PE;2026-03;3474.0;155701.11;2026-03;6298.0;6600.0;55.16;52.64;0
260920;MARAIAL;PE;2026-03;1996.0;96805.07;2026-03;2625.0;2817.0;76.04;70.86;0
260930;MIRANDIBA;PE;2026-03;2448.0;115628.29;2026-03;3489.0;3756.0;70.16;65.18;0
260940;MORENO;PE;2026-03;6602.0;332231.17;2026-03;12504.0;13737.0;52.8;48.06;0
260950;NAZARÉ DA MATA;PE;2026-03;4688.0;240257.39;2026-03;5690.0;5989.0;82.39;78.28;0
260960;OLINDA;PE;2026-03;28935.0;1425307.41;2026-03;59998.0;74185.0;48.23;39.0;0
260970;OROBÓ;PE;2026-03;3942.0;189306.22;2026-03;4674.0;4929.0;84.34;79.98;0
260980;OROCÓ;PE;2026-03;2226.0;104013.02;2026-03;4738.0;4902.0;46.98;45.41;0
260990;OURICURI;PE;2026-03;11830.0;555476.03;2026-03;13805.0;14355.0;85.69;82.41;0
261000;PALMARES;PE;2026-03;10293.0;515079.14;2026-03;12271.0;13740.0;83.88;74.91;0
261010;PALMEIRINA;PE;2026-03;1519.0;68663.62;2026-03;1857.0;1959.0;81.8;77.54;0
261020;PANELAS;PE;2026-03;4035.0;184863.27;2026-03;6076.0;6457.0;66.41;62.49;0
261030;PARANATAMA;PE;2026-03;2716.0;126424.66;2026-03;3631.0;3987.0;74.8;68.12;0
261040;PARNAMIRIM;PE;2026-03;3454.0;160782.85;2026-03;5165.0;5329.0;66.87;64.82;0
261050;PASSIRA;PE;2026-03;5721.0;286757.95;2026-03;6760.0;7377.0;84.63;77.55;0
261060;PAUDALHO;PE;2026-03;8582.0;441154.36;2026-03;14088.0;14768.0;60.92;58.11;0
261070;PAULISTA;PE;2026-03;29900.0;1527872.59;2026-03;55292.0;63413.0;54.08;47.15;0
261080;PEDRA;PE;2026-03;4168.0;199789.53;2026-03;5995.0;6996.0;69.52;59.58;0
261090;PESQUEIRA;PE;2026-03;12097.0;549495.56;2026-03;16245.0;17690.0;74.47;68.38;0
261100;PETROLÂNDIA;PE;2026-03;5387.0;272918.12;2026-03;7383.0;8003.0;72.96;67.31;0
261110;PETROLINA;PE;2026-03;38430.0;1972603.85;2026-03;65442.0;70468.0;58.72;54.54;0
261120;POÇÃO;PE;2026-03;3458.0;145066.09;2026-03;3572.0;3716.0;96.81;93.06;0
261130;POMBOS;PE;2026-03;4278.0;216733.46;2026-03;6486.0;7005.0;65.96;61.07;0
261140;PRIMAVERA;PE;2026-03;1509.0;75893.59;2026-03;2623.0;2910.0;57.53;51.86;0
261150;QUIPAPÁ;PE;2026-03;3680.0;169892.4;2026-03;4413.0;4684.0;83.39;78.57;0
261153;QUIXABA;PE;2026-03;1432.0;68336.66;2026-03;1629.0;1693.0;87.91;84.58;0
261160;RECIFE;PE;2026-03;91489.0;4593804.27;2026-03;180415.0;208963.0;50.71;43.78;0
261170;RIACHO DAS ALMAS;PE;2026-03;4916.0;240282.72;2026-03;6625.0;7249.0;74.2;67.82;0
261180;RIBEIRÃO;PE;2026-03;5790.0;286551.27;2026-03;6879.0;7497.0;84.17;77.23;0
261190;RIO FORMOSO;PE;2026-03;1986.0;100214.56;2026-03;4276.0;4665.0;46.45;42.57;0
261200;SAIRÉ;PE;2026-03;1339.0;64309.83;2026-03;2836.0;3000.0;47.21;44.63;0
261210;SALGADINHO;PE;2026-03;990.0;47521.31;2026-03;1514.0;1618.0;65.39;61.19;0
261220;SALGUEIRO;PE;2026-03;10081.0;507942.93;2026-03;12290.0;13627.0;82.03;73.98;0
261230;SALOÁ;PE;2026-03;2303.0;107754.15;2026-03;3291.0;3465.0;69.98;66.46;0
261240;SANHARÓ;PE;2026-03;3287.0;152779.82;2026-03;5744.0;5987.0;57.22;54.9;0
261245;SANTA CRUZ;PE;2026-03;2051.0;93999.73;2026-03;2939.0;3257.0;69.79;62.97;0
261247;SANTA CRUZ DA BAIXA VERDE;PE;2026-03;1892.0;92289.61;2026-03;2634.0;2804.0;71.83;67.48;0
261250;SANTA CRUZ DO CAPIBARIBE;PE;2026-03;19006.0;990370.39;2026-03;21284.0;24741.0;89.3;76.82;0
261255;SANTA FILOMENA;PE;2026-03;2546.0;110376.09;2026-03;2911.0;3186.0;87.46;79.91;0
261260;SANTA MARIA DA BOA VISTA;PE;2026-03;6244.0;303616.28;2026-03;12662.0;14529.0;49.31;42.98;0
261270;SANTA MARIA DO CAMBUCÁ;PE;2026-03;2851.0;137404.22;2026-03;4446.0;4724.0;64.13;60.35;0
261280;SANTA TEREZINHA;PE;2026-03;1891.0;87234.48;2026-03;2357.0;2483.0;80.23;76.16;0
261290;SÃO BENEDITO DO SUL;PE;2026-03;1867.0;87468.62;2026-03;2658.0;2773.0;70.24;67.33;0
261300;SÃO BENTO DO UNA;PE;2026-03;7992.0;387665.95;2026-03;10719.0;12085.0;74.56;66.13;0
261310;SÃO CAITANO;PE;2026-03;6319.0;299963.24;2026-03;8778.0;9278.0;71.99;68.11;0
261320;SÃO JOÃO;PE;2026-03;4732.0;218178.25;2026-03;5534.0;5754.0;85.51;82.24;0
261330;SÃO JOAQUIM DO MONTE;PE;2026-03;3657.0;172070.96;2026-03;5867.0;6128.0;62.33;59.68;0
261340;SÃO JOSÉ DA COROA GRANDE;PE;2026-03;2176.0;109019.5;2026-03;4988.0;5642.0;43.62;38.57;0
261350;SÃO JOSÉ DO BELMONTE;PE;2026-03;5854.0;285309.98;2026-03;7581.0;7906.0;77.22;74.05;0
261360;SÃO JOSÉ DO EGITO;PE;2026-03;5507.0;260378.84;2026-03;7576.0;8032.0;72.69;68.56;0
261370;SÃO LOURENÇO DA MATA;PE;2026-03;12193.0;621861.18;2026-03;20573.0;22659.0;59.27;53.81;0
261380;SÃO VICENTE FÉRRER;PE;2026-03;2911.0;142047.36;2026-03;4017.0;4190.0;72.47;69.47;0
261390;SERRA TALHADA;PE;2026-03;12706.0;635256.95;2026-03;15739.0;17125.0;80.73;74.2;0
261400;SERRITA;PE;2026-03;3144.0;154488.44;2026-03;4220.0;4558.0;74.5;68.98;0
261410;SERTÂNIA;PE;2026-03;5685.0;272378.31;2026-03;8140.0;8669.0;69.84;65.58;0
261420;SIRINHAÉM;PE;2026-03;3357.0;171106.72;2026-03;8018.0;8421.0;41.87;39.86;0
261430;MOREILÂNDIA;PE;2026-03;2753.0;129397.58;2026-03;3575.0;3882.0;77.01;70.92;0
261440;SOLIDÃO;PE;2026-03;1065.0;48750.28;2026-03;1286.0;1315.0;82.81;80.99;0
261450;SURUBIM;PE;2026-03;10799.0;549431.59;2026-03;12703.0;13979.0;85.01;77.25;0
261460;TABIRA;PE;2026-03;5741.0;279430.29;2026-03;6785.0;7121.0;84.61;80.62;0
261470;TACAIMBÓ;PE;2026-03;2665.0;124638.23;2026-03;3418.0;3556.0;77.97;74.94;0
261480;TACARATU;PE;2026-03;2816.0;140189.6;2026-03;4858.0;5148.0;57.97;54.7;0
261485;TAMANDARÉ;PE;2026-03;2168.0;111895.82;2026-03;5493.0;5876.0;39.47;36.9;0
261500;TAQUARITINGA DO NORTE;PE;2026-03;4676.0;228675.33;2026-03;6212.0;6570.0;75.27;71.17;0
261510;TEREZINHA;PE;2026-03;1092.0;51764.2;2026-03;1701.0;1760.0;64.2;62.05;0
261520;TERRA NOVA;PE;2026-03;1885.0;93849.27;2026-03;2100.0;2210.0;89.76;85.29;0
261530;TIMBAÚBA;PE;2026-03;9685.0;485119.69;2026-03;10093.0;10509.0;95.96;92.16;0
261540;TORITAMA;PE;2026-03;7385.0;385193.72;2026-03;9115.0;9546.0;81.02;77.36;0
261550;TRACUNHAÉM;PE;2026-03;2342.0;121520.01;2026-03;2856.0;3094.0;82.0;75.69;0
261560;TRINDADE;PE;2026-03;5369.0;263597.02;2026-03;8032.0;9087.0;66.85;59.08;0
261570;TRIUNFO;PE;2026-03;2202.0;104104.18;2026-03;2969.0;3146.0;74.17;69.99;0
261580;TUPANATINGA;PE;2026-03;4227.0;193321.53;2026-03;6086.0;6751.0;69.45;62.61;0
261590;TUPARETAMA;PE;2026-03;1986.0;94527.44;2026-03;2032.0;2228.0;97.74;89.14;0
261600;VENTUROSA;PE;2026-03;3961.0;196200.64;2026-03;4849.0;5342.0;81.69;74.15;0
261610;VERDEJANTE;PE;2026-03;1367.0;67740.08;2026-03;1802.0;1922.0;75.86;71.12;0
261618;VERTENTE DO LÉRIO;PE;2026-03;1614.0;76329.33;2026-03;2381.0;2508.0;67.79;64.35;0
261620;VERTENTES;PE;2026-03;3472.0;171995.65;2026-03;4790.0;5064.0;72.48;68.56;0
261630;VICÊNCIA;PE;2026-03;3767.0;186597.65;2026-03;4979.0;5238.0;75.66;71.92;0
261640;VITÓRIA DE SANTO ANTÃO;PE;2026-03;22890.0;1171637.95;2026-03;25976.0;29507.0;88.12;77.57;0
261650;XEXÉU;PE;2026-03;2625.0;129141.46;2026-03;4049.0;4158.0;64.83;63.13;0
270010;ÁGUA BRANCA;AL;2026-03;3494.0;159571.93;2026-03;3706.0;3873.0;94.28;90.21;0
270020;ANADIA;AL;2026-03;2860.0;143401.06;2026-03;3908.0;4152.0;73.18;68.88;0
270030;ARAPIRACA;AL;2026-03;33290.0;1735512.79;2026-03;33337.0;35592.0;99.86;93.53;0
270040;ATALAIA;AL;2026-03;6836.0;344585.39;2026-03;7371.0;7835.0;92.74;87.25;0
270050;BARRA DE SANTO ANTÔNIO;AL;2026-03;2929.0;148074.57;2026-03;4405.0;4712.0;66.49;62.16;0
270060;BARRA DE SÃO MIGUEL;AL;2026-03;1285.0;67435.04;2026-03;1672.0;1808.0;76.85;71.07;0
270070;BATALHA;AL;2026-03;3069.0;155133.74;2026-03;4913.0;5201.0;62.47;59.01;0
270080;BELÉM;AL;2026-03;954.0;44768.16;2026-03;915.0;993.0;104.26;96.07;0
270090;BELO MONTE;AL;2026-03;1147.0;56802.14;2026-03;1835.0;1909.0;62.51;60.08;0
270100;BOCA DA MATA;AL;2026-03;5628.0;292544.38;2026-03;5339.0;5734.0;105.41;98.15;0
270110;BRANQUINHA;AL;2026-03;1534.0;74147.53;2026-03;2195.0;2347.0;69.89;65.36;0
270120;CACIMBINHAS;AL;2026-03;1846.0;85044.97;2026-03;2074.0;2210.0;89.01;83.53;0
270130;CAJUEIRO;AL;2026-03;3081.0;156471.11;2026-03;4327.0;4500.0;71.2;68.47;0
270135;CAMPESTRE;AL;2026-03;1427.0;69851.43;2026-03;1663.0;1712.0;85.81;83.35;0
270140;CAMPO ALEGRE;AL;2026-03;6204.0;316071.8;2026-03;6260.0;6615.0;99.11;93.79;0
270150;CAMPO GRANDE;AL;2026-03;2026.0;97837.26;2026-03;2908.0;3042.0;69.67;66.6;0
270160;CANAPI;AL;2026-03;2958.0;137551.68;2026-03;3963.0;4333.0;74.64;68.27;0
270170;CAPELA;AL;2026-03;2883.0;143680.66;2026-03;2381.0;2522.0;121.08;114.31;0
270180;CARNEIROS;AL;2026-03;1738.0;80816.96;2026-03;2495.0;2535.0;69.66;68.56;0
270190;CHÃ PRETA;AL;2026-03;1259.0;56389.51;2026-03;2248.0;2356.0;56.01;53.44;0
270200;COITÉ DO NÓIA;AL;2026-03;2058.0;99506.84;2026-03;2343.0;2521.0;87.84;81.63;0
270210;COLÔNIA LEOPOLDINA;AL;2026-03;3332.0;161873.11;2026-03;4758.0;5125.0;70.03;65.01;0
270220;COQUEIRO SECO;AL;2026-03;999.0;50871.59;2026-03;1181.0;1279.0;84.59;78.11;0
270230;CORURIPE;AL;2026-03;7610.0;386157.76;2026-03;10151.0;10678.0;74.97;71.27;0
270235;CRAÍBAS;AL;2026-03;4735.0;239299.05;2026-03;6433.0;6737.0;73.6;70.28;0
270240;DELMIRO GOUVEIA;AL;2026-03;8613.0;440835.43;2026-03;10203.0;10734.0;84.42;80.24;0
270250;DOIS RIACHOS;AL;2026-03;1982.0;95449.37;2026-03;2941.0;3217.0;67.39;61.61;0
270255;ESTRELA DE ALAGOAS;AL;2026-03;3485.0;162785.91;2026-03;3755.0;3933.0;92.81;88.61;0
270260;FEIRA GRANDE;AL;2026-03;4372.0;221299.21;2026-03;5107.0;5615.0;85.61;77.86;0
270270;FELIZ DESERTO;AL;2026-03;647.0;31447.91;2026-03;836.0;885.0;77.39;73.11;0
270280;FLEXEIRAS;AL;2026-03;1849.0;91417.16;2026-03;2690.0;2825.0;68.74;65.45;0
270290;GIRAU DO PONCIANO;AL;2026-03;6396.0;313105.27;2026-03;8181.0;8643.0;78.18;74.0;0
270300;IBATEGUARA;AL;2026-03;2925.0;135632.05;2026-03;2925.0;3109.0;100.0;94.08;0
270310;IGACI;AL;2026-03;5363.0;257762.75;2026-03;5276.0;5603.0;101.65;95.72;0
270320;IGREJA NOVA;AL;2026-03;3971.0;201180.88;2026-03;4680.0;4879.0;84.85;81.39;0
270330;INHAPI;AL;2026-03;2599.0;118275.76;2026-03;4390.0;4643.0;59.2;55.98;0
270340;JACARÉ DOS HOMENS;AL;2026-03;972.0;48121.04;2026-03;1392.0;1496.0;69.83;64.97;0
270350;JACUÍPE;AL;2026-03;896.0;43716.6;2026-03;1359.0;1440.0;65.93;62.22;0
270360;JAPARATINGA;AL;2026-03;2074.0;103021.1;2026-03;2983.0;3228.0;69.53;64.25;0
270370;JARAMATAIA;AL;2026-03;957.0;46051.88;2026-03;1184.0;1248.0;80.83;76.68;0
270375;JEQUIÁ DA PRAIA;AL;2026-03;1735.0;88713.03;2026-03;3084.0;3244.0;56.26;53.48;0
270380;JOAQUIM GOMES;AL;2026-03;2554.0;122333.47;2026-03;4953.0;5141.0;51.56;49.68;0
270390;JUNDIÁ;AL;2026-03;820.0;40174.7;2026-03;1075.0;1104.0;76.28;74.28;0
270400;JUNQUEIRO;AL;2026-03;4718.0;235787.08;2026-03;4792.0;5062.0;98.46;93.2;0
270410;LAGOA DA CANOA;AL;2026-03;3342.0;165672.0;2026-03;4502.0;4804.0;74.23;69.57;0
270420;LIMOEIRO DE ANADIA;AL;2026-03;4386.0;217509.15;2026-03;6880.0;7117.0;63.75;61.63;0
270430;MACEIÓ;AL;2026-03;104664.0;5431433.69;2026-03;133898.0;150649.0;78.17;69.48;0
270440;MAJOR ISIDORO;AL;2026-03;2805.0;136666.79;2026-03;3761.0;3846.0;74.58;72.93;0
270450;MARAGOGI;AL;2026-03;5906.0;296307.64;2026-03;7147.0;7756.0;82.64;76.15;0
270460;MARAVILHA;AL;2026-03;1950.0;92780.61;2026-03;2863.0;3045.0;68.11;64.04;0
270470;MARECHAL DEODORO;AL;2026-03;10262.0;527353.62;2026-03;10758.0;11542.0;95.39;88.91;0
270480;MARIBONDO;AL;2026-03;2032.0;100197.37;2026-03;2435.0;2606.0;83.45;77.97;0
270490;MAR VERMELHO;AL;2026-03;562.0;25203.16;2026-03;713.0;748.0;78.82;75.13;0
270500;MATA GRANDE;AL;2026-03;3437.0;151956.93;2026-03;4685.0;4798.0;73.36;71.63;0
270510;MATRIZ DE CAMARAGIBE;AL;2026-03;4288.0;217533.94;2026-03;4954.0;5285.0;86.56;81.14;0
270520;MESSIAS;AL;2026-03;2987.0;151322.51;2026-03;2912.0;3113.0;102.58;95.95;0
270530;MINADOR DO NEGRÃO;AL;2026-03;886.0;44517.67;2026-03;1197.0;1286.0;74.02;68.9;0
270540;MONTEIRÓPOLIS;AL;2026-03;1355.0;65630.03;2026-03;1944.0;1997.0;69.7;67.85;0
270550;MURICI;AL;2026-03;4203.0;216173.72;2026-03;4988.0;5276.0;84.26;79.66;0
270560;NOVO LINO;AL;2026-03;2006.0;96357.27;2026-03;2474.0;2682.0;81.08;74.79;0
270570;OLHO D'ÁGUA DAS FLORES;AL;2026-03;3576.0;173908.01;2026-03;4285.0;4654.0;83.45;76.84;0
270580;OLHO D'ÁGUA DO CASADO;AL;2026-03;1613.0;81280.65;2026-03;2374.0;2465.0;67.94;65.44;0
270590;OLHO D'ÁGUA GRANDE;AL;2026-03;1040.0;51161.67;2026-03;1270.0;1327.0;81.89;78.37;0
270600;OLIVENÇA;AL;2026-03;2040.0;96530.14;2026-03;2740.0;2850.0;74.45;71.58;0
270610;OURO BRANCO;AL;2026-03;2509.0;115195.32;2026-03;2949.0;3211.0;85.08;78.14;0
270620;PALESTINA;AL;2026-03;913.0;45120.76;2026-03;1163.0;1213.0;78.5;75.27;0
270630;PALMEIRA DOS ÍNDIOS;AL;2026-03;12552.0;633949.96;2026-03;14489.0;16779.0;86.63;74.81;0
270640;PÃO DE AÇÚCAR;AL;2026-03;4143.0;211603.74;2026-03;4825.0;5059.0;85.87;81.89;0
270642;PARICONHA;AL;2026-03;2028.0;97368.87;2026-03;2700.0;2826.0;75.11;71.76;0
270644;PARIPUEIRA;AL;2026-03;2409.0;123225.26;2026-03;3021.0;3288.0;79.74;73.27;0
270650;PASSO DE CAMARAGIBE;AL;2026-03;2189.0;110390.73;2026-03;3037.0;3206.0;72.08;68.28;0
270660;PAULO JACINTO;AL;2026-03;1477.0;70691.36;2026-03;1574.0;1726.0;93.84;85.57;0
270670;PENEDO;AL;2026-03;11820.0;601646.48;2026-03;14001.0;15724.0;84.42;75.17;0
270680;PIAÇABUÇU;AL;2026-03;3790.0;195907.56;2026-03;5687.0;6061.0;66.64;62.53;0
270690;PILAR;AL;2026-03;6667.0;342482.39;2026-03;8287.0;8724.0;80.45;76.42;0
270700;PINDOBA;AL;2026-03;429.0;19648.55;2026-03;494.0;524.0;86.84;81.87;0
270710;PIRANHAS;AL;2026-03;4110.0;205200.93;2026-03;5407.0;5670.0;76.01;72.49;0
270720;POÇO DAS TRINCHEIRAS;AL;2026-03;2452.0;113424.54;2026-03;3129.0;3351.0;78.36;73.17;0
270730;PORTO CALVO;AL;2026-03;4673.0;242734.04;2026-03;5119.0;5556.0;91.29;84.11;0
270740;PORTO DE PEDRAS;AL;2026-03;1428.0;71377.28;2026-03;2094.0;2232.0;68.19;63.98;0
270750;PORTO REAL DO COLÉGIO;AL;2026-03;3919.0;183916.59;2026-03;5415.0;5934.0;72.37;66.04;0
270760;QUEBRANGULO;AL;2026-03;2183.0;102120.18;2026-03;2510.0;2650.0;86.97;82.38;0
270770;RIO LARGO;AL;2026-03;15053.0;767385.31;2026-03;17330.0;18531.0;86.86;81.23;0
270780;ROTEIRO;AL;2026-03;1512.0;77819.93;2026-03;1853.0;1915.0;81.6;78.96;0
270790;SANTA LUZIA DO NORTE;AL;2026-03;1360.0;70589.17;2026-03;1618.0;1651.0;84.05;82.37;0
270800;SANTANA DO IPANEMA;AL;2026-03;7816.0;383055.4;2026-03;9382.0;10312.0;83.31;75.8;0
270810;SANTANA DO MUNDAÚ;AL;2026-03;2383.0;109885.84;2026-03;2645.0;2732.0;90.09;87.23;0
270820;SÃO BRÁS;AL;2026-03;1508.0;72560.79;2026-03;1660.0;1729.0;90.84;87.22;0
270830;SÃO JOSÉ DA LAJE;AL;2026-03;3532.0;173998.55;2026-03;3556.0;3881.0;99.33;91.01;0
270840;SÃO JOSÉ DA TAPERA;AL;2026-03;5461.0;261590.32;2026-03;6776.0;7038.0;80.59;77.59;0
270850;SÃO LUÍS DO QUITUNDE;AL;2026-03;5448.0;272447.6;2026-03;6657.0;7162.0;81.84;76.07;0
270860;SÃO MIGUEL DOS CAMPOS;AL;2026-03;9542.0;503489.94;2026-03;10491.0;11093.0;90.95;86.02;0
270870;SÃO MIGUEL DOS MILAGRES;AL;2026-03;1410.0;70367.12;2026-03;1902.0;2066.0;74.13;68.25;0
270880;SÃO SEBASTIÃO;AL;2026-03;5812.0;289509.15;2026-03;7413.0;7867.0;78.4;73.88;0
270890;SATUBA;AL;2026-03;3405.0;179478.39;2026-03;3056.0;3201.0;111.42;106.37;0
270895;SENADOR RUI PALMEIRA;AL;2026-03;2263.0;104800.81;2026-03;3307.0;3481.0;68.43;65.01;0
270900;TANQUE D'ARCA;AL;2026-03;1023.0;47959.19;2026-03;1233.0;1283.0;82.97;79.73;0
270910;TAQUARANA;AL;2026-03;3730.0;183472.13;2026-03;4307.0;4491.0;86.6;83.05;0
270915;TEOTÔNIO VILELA;AL;2026-03;6610.0;332835.05;2026-03;7476.0;7992.0;88.42;82.71;0
270920;TRAIPU;AL;2026-03;4290.0;195642.22;2026-03;5150.0;5410.0;83.3;79.3;0
270930;UNIÃO DOS PALMARES;AL;2026-03;10917.0;540326.27;2026-03;12530.0;13452.0;87.13;81.16;0
270940;VIÇOSA;AL;2026-03;4493.0;221118.2;2026-03;5418.0;5578.0;82.93;80.55;0
280010;AMPARO DE SÃO FRANCISCO;SE;2026-03;333.0;15465.21;2026-03;432.0;444.0;77.08;75.0;0
280020;AQUIDABÃ;SE;2026-03;3464.0;148226.33;2026-03;4255.0;4509.0;81.41;76.82;0
280030;ARACAJU;SE;2026-03;47417.0;2216031.75;2026-03;72996.0;82832.0;64.96;57.24;0
280040;ARAUÁ;SE;2026-03;2251.0;93876.86;2026-03;2705.0;2880.0;83.22;78.16;0
280050;AREIA BRANCA;SE;2026-03;2898.0;131987.3;2026-03;3499.0;3654.0;82.82;79.31;0
280060;BARRA DOS COQUEIROS;SE;2026-03;4347.0;198833.58;2026-03;6630.0;7150.0;65.57;60.8;0
280067;BOQUIM;SE;2026-03;4820.0;203153.68;2026-03;5961.0;6266.0;80.86;76.92;0
280070;BREJO GRANDE;SE;2026-03;1198.0;53308.03;2026-03;1691.0;1835.0;70.85;65.29;0
280100;CAMPO DO BRITO;SE;2026-03;2841.0;128196.09;2026-03;3601.0;3989.0;78.89;71.22;0
280110;CANHOBA;SE;2026-03;915.0;39701.48;2026-03;1343.0;1442.0;68.13;63.45;0
280120;CANINDÉ DE SÃO FRANCISCO;SE;2026-03;4786.0;216747.2;2026-03;7274.0;7635.0;65.8;62.69;0
280130;CAPELA;SE;2026-03;5431.0;242633.47;2026-03;6485.0;7077.0;83.75;76.74;0
280140;CARIRA;SE;2026-03;3900.0;165699.98;2026-03;5109.0;5640.0;76.34;69.15;0
280150;CARMÓPOLIS;SE;2026-03;2257.0;102898.92;2026-03;2841.0;2997.0;79.44;75.31;0
280160;CEDRO DE SÃO JOÃO;SE;2026-03;892.0;40834.92;2026-03;1122.0;1171.0;79.5;76.17;0
280170;CRISTINÁPOLIS;SE;2026-03;3164.0;133060.49;2026-03;4559.0;4804.0;69.4;65.86;0
280190;CUMBE;SE;2026-03;733.0;31278.7;2026-03;876.0;1012.0;83.68;72.43;0
280200;DIVINA PASTORA;SE;2026-03;640.0;29270.12;2026-03;955.0;992.0;67.02;64.52;0
280210;ESTÂNCIA;SE;2026-03;11630.0;500191.37;2026-03;13473.0;15060.0;86.32;77.22;0
280220;FEIRA NOVA;SE;2026-03;1166.0;50663.28;2026-03;1492.0;1577.0;78.15;73.94;0
280230;FREI PAULO;SE;2026-03;2824.0;124977.73;2026-03;3269.0;3511.0;86.39;80.43;0
280240;GARARU;SE;2026-03;2352.0;100895.36;2026-03;3101.0;3196.0;75.85;73.59;0
280250;GENERAL MAYNARD;SE;2026-03;474.0;21122.23;2026-03;869.0;927.0;54.55;51.13;0
280260;GRACHO CARDOSO;SE;2026-03;1294.0;55364.13;2026-03;2121.0;2266.0;61.01;57.11;0
280270;ILHA DAS FLORES;SE;2026-03;1406.0;63344.83;2026-03;2295.0;2439.0;61.26;57.65;0
280280;INDIAROBA;SE;2026-03;2934.0;122907.56;2026-03;3547.0;3703.0;82.72;79.23;0
280290;ITABAIANA;SE;2026-03;12955.0;594099.54;2026-03;16582.0;18094.0;78.13;71.6;0
280300;ITABAIANINHA;SE;2026-03;9119.0;378727.51;2026-03;11491.0;12377.0;79.36;73.68;0
280310;ITABI;SE;2026-03;873.0;37181.46;2026-03;1025.0;1111.0;85.17;78.58;0
280320;ITAPORANGA D'AJUDA;SE;2026-03;5696.0;253043.13;2026-03;7359.0;7894.0;77.4;72.16;0
280330;JAPARATUBA;SE;2026-03;2437.0;108159.48;2026-03;3448.0;3667.0;70.68;66.46;0
280340;JAPOATÃ;SE;2026-03;2384.0;105855.0;2026-03;3418.0;3860.0;69.75;61.76;0
280350;LAGARTO;SE;2026-03;17227.0;835574.14;2026-03;23003.0;25642.0;74.89;67.18;0
280360;LARANJEIRAS;SE;2026-03;3388.0;155588.53;2026-03;4796.0;5001.0;70.64;67.75;0
280370;MACAMBIRA;SE;2026-03;1264.0;55261.43;2026-03;1721.0;1856.0;73.45;68.1;0
280380;MALHADA DOS BOIS;SE;2026-03;647.0;28708.27;2026-03;860.0;913.0;75.23;70.87;0
280390;MALHADOR;SE;2026-03;2130.0;95851.15;2026-03;2873.0;3104.0;74.14;68.62;0
280400;MARUIM;SE;2026-03;2256.0;102227.2;2026-03;3158.0;3400.0;71.44;66.35;0
280410;MOITA BONITA;SE;2026-03;1830.0;81976.92;2026-03;2175.0;2419.0;84.14;75.65;0
280420;MONTE ALEGRE DE SERGIPE;SE;2026-03;2844.0;125086.3;2026-03;4094.0;4406.0;69.47;64.55;0
280430;MURIBECA;SE;2026-03;1461.0;64672.59;2026-03;1940.0;2111.0;75.31;69.21;0
280440;NEÓPOLIS;SE;2026-03;2277.0;102650.1;2026-03;3731.0;3924.0;61.03;58.03;0
280445;NOSSA SENHORA APARECIDA;SE;2026-03;1755.0;74997.85;2026-03;2010.0;2132.0;87.31;82.32;0
280450;NOSSA SENHORA DA GLÓRIA;SE;2026-03;6883.0;307296.24;2026-03;8787.0;9237.0;78.33;74.52;0
280460;NOSSA SENHORA DAS DORES;SE;2026-03;4949.0;214402.36;2026-03;6336.0;6714.0;78.11;73.71;0
280470;NOSSA SENHORA DE LOURDES;SE;2026-03;1209.0;53606.95;2026-03;1467.0;1529.0;82.41;79.07;0
280480;NOSSA SENHORA DO SOCORRO;SE;2026-03;24417.0;1136237.13;2026-03;38702.0;43162.0;63.09;56.57;0
280490;PACATUBA;SE;2026-03;2326.0;101800.23;2026-03;3049.0;3200.0;76.29;72.69;0
280500;PEDRA MOLE;SE;2026-03;469.0;20350.55;2026-03;851.0;906.0;55.11;51.77;0
280510;PEDRINHAS;SE;2026-03;2025.0;82936.34;2026-03;2680.0;3143.0;75.56;64.43;0
280520;PINHÃO;SE;2026-03;1241.0;54359.1;2026-03;1654.0;1724.0;75.03;71.98;0
280530;PIRAMBU;SE;2026-03;1096.0;49117.62;2026-03;2036.0;2135.0;53.83;51.33;0
280540;POÇO REDONDO;SE;2026-03;5544.0;244465.34;2026-03;8118.0;8603.0;68.29;64.44;0
280550;POÇO VERDE;SE;2026-03;4886.0;206246.85;2026-03;5948.0;6445.0;82.15;75.81;0
280560;PORTO DA FOLHA;SE;2026-03;5531.0;244486.84;2026-03;8024.0;8677.0;68.93;63.74;0
280570;PROPRIÁ;SE;2026-03;3908.0;179922.19;2026-03;5648.0;5959.0;69.19;65.58;0
280580;RIACHÃO DO DANTAS;SE;2026-03;3970.0;155329.68;2026-03;5187.0;5612.0;76.54;70.74;0
280590;RIACHUELO;SE;2026-03;1145.0;52051.05;2026-03;1899.0;2054.0;60.29;55.74;0
280600;RIBEIRÓPOLIS;SE;2026-03;3130.0;135933.32;2026-03;3506.0;3811.0;89.28;82.13;0
280610;ROSÁRIO DO CATETE;SE;2026-03;1546.0;71360.07;2026-03;2360.0;2542.0;65.51;60.82;0
280620;SALGADO;SE;2026-03;3684.0;162378.18;2026-03;4946.0;5342.0;74.48;68.96;0
280630;SANTA LUZIA DO ITANHY;SE;2026-03;2611.0;108102.62;2026-03;3395.0;3643.0;76.91;71.67;0
280640;SANTANA DO SÃO FRANCISCO;SE;2026-03;1231.0;56333.51;2026-03;2095.0;2176.0;58.76;56.57;0
280650;SANTA ROSA DE LIMA;SE;2026-03;527.0;23375.18;2026-03;750.0;791.0;70.27;66.62;0
280660;SANTO AMARO DAS BROTAS;SE;2026-03;1793.0;81430.88;2026-03;2410.0;2722.0;74.4;65.87;0
280670;SÃO CRISTÓVÃO;SE;2026-03;9957.0;452329.53;2026-03;15980.0;16910.0;62.31;58.88;0
280680;SÃO DOMINGOS;SE;2026-03;1944.0;86711.66;2026-03;2452.0;2569.0;79.28;75.67;0
280690;SÃO FRANCISCO;SE;2026-03;507.0;23081.08;2026-03;831.0;910.0;61.01;55.71;0
280700;SÃO MIGUEL DO ALEIXO;SE;2026-03;631.0;26935.81;2026-03;1063.0;1102.0;59.36;57.26;0
280710;SIMÃO DIAS;SE;2026-03;8934.0;377230.56;2026-03;10841.0;11654.0;82.41;76.66;0
280720;SIRIRI;SE;2026-03;1327.0;60012.81;2026-03;1674.0;1850.0;79.27;71.73;0
280730;TELHA;SE;2026-03;579.0;26624.5;2026-03;938.0;965.0;61.73;60.0;0
280740;TOBIAS BARRETO;SE;2026-03;10517.0;428474.39;2026-03;13039.0;14836.0;80.66;70.89;0
280750;TOMAR DO GERU;SE;2026-03;2625.0;107477.75;2026-03;3114.0;3232.0;84.3;81.22;0
280760;UMBAÚBA;SE;2026-03;4595.0;195816.8;2026-03;6521.0;6818.0;70.46;67.4;0
290010;ABAÍRA;BA;2026-03;1542.0;78999.37;2026-03;1899.0;2108.0;81.2;73.15;0
290020;ABARÉ;BA;2026-03;2182.0;120688.03;2026-03;4643.0;4958.0;47.0;44.01;0
290030;ACAJUTIBA;BA;2026-03;2507.0;132222.25;2026-03;3510.0;3707.0;71.42;67.63;0
290035;ADUSTINA;BA;2026-03;2565.0;134949.23;2026-03;3651.0;4041.0;70.25;63.47;0
290040;ÁGUA FRIA;BA;2026-03;2756.0;130493.99;2026-03;4984.0;5354.0;55.3;51.48;0
290050;ÉRICO CARDOSO;BA;2026-03;1291.0;70299.99;2026-03;1711.0;1766.0;75.45;73.1;0
290060;AIQUARA;BA;2026-03;601.0;32720.76;2026-03;1037.0;1112.0;57.96;54.05;0
290070;ALAGOINHAS;BA;2026-03;22403.0;1222082.38;2026-03;27213.0;31344.0;82.32;71.47;0
290080;ALCOBAÇA;BA;2026-03;2798.0;150188.2;2026-03;5641.0;6126.0;49.6;45.67;0
290090;ALMADINA;BA;2026-03;1003.0;53025.1;2026-03;1471.0;1537.0;68.18;65.26;0
290100;AMARGOSA;BA;2026-03;5762.0;310384.39;2026-03;6829.0;7507.0;84.38;76.76;0
290110;AMÉLIA RODRIGUES;BA;2026-03;3352.0;179915.14;2026-03;3996.0;4321.0;83.88;77.57;0
290115;AMÉRICA DOURADA;BA;2026-03;2513.0;131212.58;2026-03;3629.0;3799.0;69.25;66.15;0
290120;ANAGÉ;BA;2026-03;4572.0;235044.12;2026-03;6347.0;6652.0;72.03;68.73;0
290130;ANDARAÍ;BA;2026-03;2161.0;110239.7;2026-03;3055.0;3195.0;70.74;67.64;0
290135;ANDORINHA;BA;2026-03;2500.0;126003.8;2026-03;3859.0;3983.0;64.78;62.77;0
290140;ANGICAL;BA;2026-03;2018.0;105692.7;2026-03;3048.0;3332.0;66.21;60.56;0
290150;ANGUERA;BA;2026-03;1238.0;64324.53;2026-03;2439.0;2599.0;50.76;47.63;0
290160;ANTAS;BA;2026-03;1809.0;94807.98;2026-03;2872.0;3225.0;62.99;56.09;0
290170;ANTÔNIO CARDOSO;BA;2026-03;1510.0;81678.16;2026-03;2844.0;3078.0;53.09;49.06;0
290180;ANTÔNIO GONÇALVES;BA;2026-03;1653.0;82779.18;2026-03;2421.0;2533.0;68.28;65.26;0
290190;APORÁ;BA;2026-03;2433.0;125153.96;2026-03;4237.0;4549.0;57.42;53.48;0
290195;APUAREMA;BA;2026-03;1247.0;65889.67;2026-03;1791.0;2033.0;69.63;61.34;0
290200;ARACATU;BA;2026-03;2264.0;119752.64;2026-03;2969.0;3202.0;76.25;70.71;0
290205;ARAÇÁS;BA;2026-03;2015.0;105723.69;2026-03;3455.0;3850.0;58.32;52.34;0
290210;ARACI;BA;2026-03;8843.0;439293.51;2026-03;12887.0;13709.0;68.62;64.51;0
290220;ARAMARI;BA;2026-03;2120.0;110316.16;2026-03;2839.0;3025.0;74.67;70.08;0
290225;ARATACA;BA;2026-03;1265.0;64569.57;2026-03;2020.0;2220.0;62.62;56.98;0
290230;ARATUÍPE;BA;2026-03;1110.0;58477.71;2026-03;2840.0;3105.0;39.08;35.75;0
290240;AURELINO LEAL;BA;2026-03;1848.0;98019.68;2026-03;3030.0;3278.0;60.99;56.38;0
290250;BAIANÓPOLIS;BA;2026-03;2220.0;114241.79;2026-03;2954.0;3207.0;75.15;69.22;0
290260;BAIXA GRANDE;BA;2026-03;3152.0;156315.94;2026-03;4397.0;4794.0;71.69;65.75;0
290265;BANZAÊ;BA;2026-03;1727.0;91005.86;2026-03;2504.0;2603.0;68.97;66.35;0
290270;BARRA;BA;2026-03;7870.0;411683.85;2026-03;10370.0;10830.0;75.89;72.67;0
290280;BARRA DA ESTIVA;BA;2026-03;4094.0;224145.85;2026-03;5130.0;5417.0;79.81;75.58;0
290290;BARRA DO CHOÇA;BA;2026-03;5629.0;301274.99;2026-03;7034.0;7507.0;80.03;74.98;0
290300;BARRA DO MENDES;BA;2026-03;2373.0;118790.34;2026-03;3202.0;3325.0;74.11;71.37;0
290310;BARRA DO ROCHA;BA;2026-03;993.0;53684.54;2026-03;2007.0;2103.0;49.48;47.22;0
290320;BARREIRAS;BA;2026-03;16675.0;937612.89;2026-03;23239.0;25197.0;71.75;66.18;0
290323;BARRO ALTO;BA;2026-03;2562.0;133013.59;2026-03;3483.0;3582.0;73.56;71.52;0
290327;BARROCAS;BA;2026-03;2530.0;135936.15;2026-03;3779.0;4005.0;66.95;63.17;0
290330;BARRO PRETO;BA;2026-03;1147.0;61643.26;2026-03;2053.0;2207.0;55.87;51.97;0
290340;BELMONTE;BA;2026-03;2702.0;144506.34;2026-03;4671.0;5070.0;57.85;53.29;0
290350;BELO CAMPO;BA;2026-03;3276.0;175042.07;2026-03;4178.0;4423.0;78.41;74.07;0
290360;BIRITINGA;BA;2026-03;3104.0;149552.4;2026-03;4491.0;4680.0;69.12;66.32;0
290370;BOA NOVA;BA;2026-03;2436.0;123012.05;2026-03;3524.0;3606.0;69.13;67.55;0
290380;BOA VISTA DO TUPIM;BA;2026-03;3206.0;158182.29;2026-03;4418.0;4785.0;72.57;67.0;0
290390;BOM JESUS DA LAPA;BA;2026-03;9711.0;531494.65;2026-03;12477.0;13082.0;77.83;74.23;0
290395;BOM JESUS DA SERRA;BA;2026-03;1875.0;94018.84;2026-03;2601.0;2705.0;72.09;69.32;0
290400;BONINAL;BA;2026-03;1971.0;106483.33;2026-03;2659.0;2898.0;74.13;68.01;0
290405;BONITO;BA;2026-03;2978.0;150879.7;2026-03;3766.0;3984.0;79.08;74.75;0
290410;BOQUIRA;BA;2026-03;3444.0;172256.07;2026-03;4421.0;4658.0;77.9;73.94;0
290420;BOTUPORÃ;BA;2026-03;1753.0;92823.84;2026-03;2312.0;2483.0;75.82;70.6;0
290430;BREJÕES;BA;2026-03;2387.0;117667.16;2026-03;3091.0;3331.0;77.22;71.66;0
290440;BREJOLÂNDIA;BA;2026-03;1504.0;79578.4;2026-03;1757.0;1934.0;85.6;77.77;0
290450;BROTAS DE MACAÚBAS;BA;2026-03;2007.0;99257.57;2026-03;2561.0;2917.0;78.37;68.8;0
290460;BRUMADO;BA;2026-03;7715.0;426786.42;2026-03;9121.0;9962.0;84.59;77.44;0
290470;BUERAREMA;BA;2026-03;2506.0;131829.01;2026-03;3407.0;3634.0;73.55;68.96;0
290475;BURITIRAMA;BA;2026-03;3850.0;192526.78;2026-03;5624.0;5921.0;68.46;65.02;0
290480;CAATIBA;BA;2026-03;1049.0;56228.18;2026-03;1466.0;1569.0;71.56;66.86;0
290485;CABACEIRAS DO PARAGUAÇU;BA;2026-03;1636.0;89857.78;2026-03;4087.0;4394.0;40.03;37.23;0
290490;CACHOEIRA;BA;2026-03;3466.0;183125.27;2026-03;8125.0;8746.0;42.66;39.63;0
290500;CACULÉ;BA;2026-03;2461.0;133443.65;2026-03;3017.0;3291.0;81.57;74.78;0
290510;CAÉM;BA;2026-03;1976.0;96745.51;2026-03;3031.0;3241.0;65.19;60.97;0
290515;CAETANOS;BA;2026-03;2395.0;126097.32;2026-03;2924.0;3067.0;81.91;78.09;0
290520;CAETITÉ;BA;2026-03;7237.0;380942.79;2026-03;9849.0;10384.0;73.48;69.69;0
290530;CAFARNAUM;BA;2026-03;2940.0;146097.56;2026-03;4215.0;4445.0;69.75;66.14;0
290540;CAIRU;BA;2026-03;1633.0;88361.45;2026-03;4358.0;4650.0;37.47;35.12;0
290550;CALDEIRÃO GRANDE;BA;2026-03;2158.0;105057.61;2026-03;4074.0;4301.0;52.97;50.17;0
290560;CAMACAN;BA;2026-03;3238.0;170859.2;2026-03;4314.0;4648.0;75.06;69.66;0
290570;CAMAÇARI;BA;2026-03;31107.0;1697621.54;2026-03;50863.0;58032.0;61.16;53.6;0
290580;CAMAMU;BA;2026-03;3492.0;178410.29;2026-03;7248.0;7931.0;48.18;44.03;0
290590;CAMPO ALEGRE DE LOURDES;BA;2026-03;3190.0;159449.51;2026-03;6210.0;6505.0;51.37;49.04;0
290600;CAMPO FORMOSO;BA;2026-03;12319.0;604492.63;2026-03;16898.0;17670.0;72.9;69.72;0
290610;CANÁPOLIS;BA;2026-03;1640.0;80406.21;2026-03;1999.0;2085.0;82.04;78.66;0
290620;CANARANA;BA;2026-03;3816.0;198895.68;2026-03;5727.0;5928.0;66.63;64.37;0
290630;CANAVIEIRAS;BA;2026-03;4919.0;257429.15;2026-03;7517.0;8728.0;65.44;56.36;0
290640;CANDEAL;BA;2026-03;1297.0;65818.91;2026-03;1916.0;2018.0;67.69;64.27;0
290650;CANDEIAS;BA;2026-03;9390.0;514927.93;2026-03;13856.0;16122.0;67.77;58.24;0
290660;CANDIBA;BA;2026-03;2031.0;107082.81;2026-03;2633.0;2843.0;77.14;71.44;0
290670;CÂNDIDO SALES;BA;2026-03;4991.0;265803.46;2026-03;6948.0;7549.0;71.83;66.11;0
290680;CANSANÇÃO;BA;2026-03;6754.0;345196.07;2026-03;9574.0;10032.0;70.55;67.32;0
290682;CANUDOS;BA;2026-03;2440.0;127892.41;2026-03;4263.0;4647.0;57.24;52.51;0
290685;CAPELA DO ALTO ALEGRE;BA;2026-03;1852.0;97121.34;2026-03;2423.0;2596.0;76.43;71.34;0
290687;CAPIM GROSSO;BA;2026-03;4745.0;248480.31;2026-03;6207.0;6874.0;76.45;69.03;0
290689;CARAÍBAS;BA;2026-03;1735.0;91544.76;2026-03;2013.0;2166.0;86.19;80.1;0
290690;CARAVELAS;BA;2026-03;2495.0;136189.86;2026-03;4518.0;4786.0;55.22;52.13;0
290700;CARDEAL DA SILVA;BA;2026-03;1655.0;83799.33;2026-03;2623.0;2931.0;63.1;56.47;0
290710;CARINHANHA;BA;2026-03;5315.0;274919.09;2026-03;8091.0;8490.0;65.69;62.6;0
290720;CASA NOVA;BA;2026-03;9376.0;490700.13;2026-03;18083.0;19594.0;51.85;47.85;0
290730;CASTRO ALVES;BA;2026-03;3828.0;207244.67;2026-03;5744.0;6090.0;66.64;62.86;0
290740;CATOLÂNDIA;BA;2026-03;545.0;26962.62;2026-03;803.0;833.0;67.87;65.43;0
290750;CATU;BA;2026-03;6856.0;376946.85;2026-03;11171.0;12145.0;61.37;56.45;0
290755;CATURAMA;BA;2026-03;1193.0;63019.77;2026-03;1516.0;1585.0;78.69;75.27;0
290760;CENTRAL;BA;2026-03;2721.0;138629.42;2026-03;3795.0;3934.0;71.7;69.17;0
290770;CHORROCHÓ;BA;2026-03;1447.0;75510.35;2026-03;2930.0;3037.0;49.39;47.65;0
290780;CÍCERO DANTAS;BA;2026-03;4809.0;248811.06;2026-03;6056.0;6388.0;79.41;75.28;0
290790;CIPÓ;BA;2026-03;2715.0;146331.3;2026-03;4019.0;4336.0;67.55;62.62;0
290800;COARACI;BA;2026-03;3248.0;171091.29;2026-03;4211.0;4572.0;77.13;71.04;0
290810;COCOS;BA;2026-03;2760.0;145579.58;2026-03;3868.0;4269.0;71.35;64.65;0
290820;CONCEIÇÃO DA FEIRA;BA;2026-03;2559.0;141247.76;2026-03;4419.0;4669.0;57.91;54.81;0
290830;CONCEIÇÃO DO ALMEIDA;BA;2026-03;2254.0;123176.82;2026-03;3206.0;3529.0;70.31;63.87;0
290840;CONCEIÇÃO DO COITÉ;BA;2026-03;11152.0;602577.5;2026-03;14406.0;15593.0;77.41;71.52;0
290850;CONCEIÇÃO DO JACUÍPE;BA;2026-03;4511.0;250546.43;2026-03;7343.0;7801.0;61.43;57.83;0
290860;CONDE;BA;2026-03;3765.0;196164.05;2026-03;6478.0;6699.0;58.12;56.2;0
290870;CONDEÚBA;BA;2026-03;2971.0;160649.2;2026-03;3647.0;3890.0;81.46;76.38;0
290880;CONTENDAS DO SINCORÁ;BA;2026-03;625.0;34467.08;2026-03;1098.0;1159.0;56.92;53.93;0
290890;CORAÇÃO DE MARIA;BA;2026-03;4580.0;241506.85;2026-03;7047.0;7597.0;64.99;60.29;0
290900;CORDEIROS;BA;2026-03;1268.0;68323.25;2026-03;1671.0;1727.0;75.88;73.42;0
290910;CORIBE;BA;2026-03;2697.0;140782.13;2026-03;3902.0;4097.0;69.12;65.83;0
290920;CORONEL JOÃO SÁ;BA;2026-03;2918.0;150693.67;2026-03;4094.0;4351.0;71.28;67.07;0
290930;CORRENTINA;BA;2026-03;4371.0;230948.34;2026-03;5750.0;6067.0;76.02;72.05;0
290940;COTEGIPE;BA;2026-03;1968.0;102212.47;2026-03;2935.0;3107.0;67.05;63.34;0
290950;CRAVOLÂNDIA;BA;2026-03;729.0;36595.14;2026-03;1125.0;1182.0;64.8;61.68;0
290960;CRISÓPOLIS;BA;2026-03;4004.0;205815.32;2026-03;5038.0;5537.0;79.48;72.31;0
290970;CRISTÓPOLIS;BA;2026-03;2168.0;111531.2;2026-03;2577.0;2727.0;84.13;79.5;0
290980;CRUZ DAS ALMAS;BA;2026-03;7253.0;401563.93;2026-03;11673.0;13446.0;62.13;53.94;0
290990;CURAÇÁ;BA;2026-03;4083.0;225900.81;2026-03;8423.0;9229.0;48.47;44.24;0
291000;DÁRIO MEIRA;BA;2026-03;1967.0;100414.37;2026-03;2281.0;2520.0;86.23;78.06;0
291005;DIAS D'ÁVILA;BA;2026-03;7659.0;402701.21;2026-03;13950.0;15278.0;54.9;50.13;0
291010;DOM BASÍLIO;BA;2026-03;1928.0;105110.16;2026-03;2289.0;2490.0;84.23;77.43;0
291020;DOM MACEDO COSTA;BA;2026-03;660.0;36536.05;2026-03;1034.0;1083.0;63.83;60.94;0
291030;ELÍSIO MEDRADO;BA;2026-03;1234.0;64806.06;2026-03;1549.0;1699.0;79.66;72.63;0
291040;ENCRUZILHADA;BA;2026-03;3176.0;161919.16;2026-03;4676.0;4878.0;67.92;65.11;0
291050;ENTRE RIOS;BA;2026-03;4925.0;257031.18;2026-03;8727.0;10043.0;56.43;49.04;0
291060;ESPLANADA;BA;2026-03;4790.0;251926.35;2026-03;7360.0;7773.0;65.08;61.62;0
291070;EUCLIDES DA CUNHA;BA;2026-03;10799.0;567184.01;2026-03;14331.0;16046.0;75.35;67.3;0
291072;EUNÁPOLIS;BA;2026-03;14010.0;786506.26;2026-03;17922.0;20025.0;78.17;69.96;0
291075;FÁTIMA;BA;2026-03;3514.0;183966.71;2026-03;4351.0;4855.0;80.76;72.38;0
291077;FEIRA DA MATA;BA;2026-03;946.0;49763.2;2026-03;1258.0;1312.0;75.2;72.1;0
291080;FEIRA DE SANTANA;BA;2026-03;75315.0;4133633.1;2026-03;102143.0;111606.0;73.73;67.48;0
291085;FILADÉLFIA;BA;2026-03;3454.0;177658.35;2026-03;4948.0;5142.0;69.81;67.17;0
291090;FIRMINO ALVES;BA;2026-03;790.0;41140.64;2026-03;1309.0;1399.0;60.35;56.47;0
291100;FLORESTA AZUL;BA;2026-03;1544.0;79939.28;2026-03;2160.0;2261.0;71.48;68.29;0
291110;FORMOSA DO RIO PRETO;BA;2026-03;3169.0;169111.53;2026-03;4910.0;5135.0;64.54;61.71;0
291120;GANDU;BA;2026-03;3956.0;212997.38;2026-03;5568.0;6573.0;71.05;60.19;0
291125;GAVIÃO;BA;2026-03;1071.0;56344.77;2026-03;1463.0;1670.0;73.21;64.13;0
291130;GENTIO DO OURO;BA;2026-03;1795.0;90694.16;2026-03;2356.0;2476.0;76.19;72.5;0
291140;GLÓRIA;BA;2026-03;1921.0;102821.24;2026-03;3188.0;3270.0;60.26;58.75;0
291150;GONGOGI;BA;2026-03;1035.0;53923.65;2026-03;2057.0;2161.0;50.32;47.89;0
291160;GOVERNADOR MANGABEIRA;BA;2026-03;2782.0;151032.49;2026-03;3920.0;4160.0;70.97;66.88;0
291165;GUAJERU;BA;2026-03;1143.0;61034.47;2026-03;1381.0;1440.0;82.77;79.38;0
291170;GUANAMBI;BA;2026-03;12513.0;690233.62;2026-03;16609.0;18114.0;75.34;69.08;0
291180;GUARATINGA;BA;2026-03;2704.0;137169.76;2026-03;5599.0;5970.0;48.29;45.29;0
291185;HELIÓPOLIS;BA;2026-03;2404.0;124148.08;2026-03;3081.0;3250.0;78.03;73.97;0
291190;IAÇU;BA;2026-03;4710.0;245530.87;2026-03;5474.0;5958.0;86.04;79.05;0
291200;IBIASSUCÊ;BA;2026-03;1408.0;76382.91;2026-03;1736.0;1830.0;81.11;76.94;0
291210;IBICARAÍ;BA;2026-03;5024.0;267090.73;2026-03;5503.0;6043.0;91.3;83.14;0
291220;IBICOARA;BA;2026-03;2882.0;160188.77;2026-03;4112.0;4404.0;70.09;65.44;0
291230;IBICUÍ;BA;2026-03;2914.0;152917.98;2026-03;3120.0;3480.0;93.4;83.74;0
291240;IBIPEBA;BA;2026-03;2661.0;140150.61;2026-03;3468.0;3688.0;76.73;72.15;0
291250;IBIPITANGA;BA;2026-03;1966.0;103945.93;2026-03;2426.0;2574.0;81.04;76.38;0
291260;IBIQUERA;BA;2026-03;682.0;32825.57;2026-03;1377.0;1399.0;49.53;48.75;0
291270;IBIRAPITANGA;BA;2026-03;2241.0;114864.82;2026-03;4418.0;4570.0;50.72;49.04;0
291280;IBIRAPUÃ;BA;2026-03;983.0;53989.53;2026-03;1957.0;2047.0;50.23;48.02;0
291290;IBIRATAIA;BA;2026-03;2601.0;135469.78;2026-03;3840.0;4084.0;67.73;63.69;0
291300;IBITIARA;BA;2026-03;2265.0;115912.3;2026-03;2855.0;3036.0;79.33;74.6;0
291310;IBITITÁ;BA;2026-03;3209.0;167812.22;2026-03;4852.0;5081.0;66.14;63.16;0
291320;IBOTIRAMA;BA;2026-03;4392.0;233970.81;2026-03;5679.0;6067.0;77.34;72.39;0
291330;ICHU;BA;2026-03;991.0;51888.42;2026-03;1551.0;1659.0;63.89;59.73;0
291340;IGAPORÃ;BA;2026-03;2455.0;128711.47;2026-03;3154.0;3352.0;77.84;73.24;0
291345;IGRAPIÚNA;BA;2026-03;1197.0;60310.84;2026-03;2656.0;2844.0;45.07;42.09;0
291350;IGUAÍ;BA;2026-03;3999.0;207059.67;2026-03;4857.0;5228.0;82.33;76.49;0
291360;ILHÉUS;BA;2026-03;16956.0;937712.41;2026-03;27383.0;30323.0;61.92;55.92;0
291370;INHAMBUPE;BA;2026-03;5169.0;262910.77;2026-03;7375.0;7876.0;70.09;65.63;0
291380;IPECAETÁ;BA;2026-03;1643.0;86165.2;2026-03;3983.0;4264.0;41.25;38.53;0
291390;IPIAÚ;BA;2026-03;6517.0;357364.12;2026-03;9305.0;10233.0;70.04;63.69;0
291400;IPIRÁ;BA;2026-03;9247.0;484856.33;2026-03;13225.0;14412.0;69.92;64.16;0
291410;IPUPIARA;BA;2026-03;1790.0;94413.84;2026-03;2435.0;2574.0;73.51;69.54;0
291420;IRAJUBA;BA;2026-03;992.0;49890.1;2026-03;1469.0;1548.0;67.53;64.08;0
291430;IRAMAIA;BA;2026-03;1661.0;82228.31;2026-03;2102.0;2249.0;79.02;73.86;0
291440;IRAQUARA;BA;2026-03;4414.0;227647.6;2026-03;5873.0;6240.0;75.16;70.74;0
291450;IRARÁ;BA;2026-03;5760.0;307883.18;2026-03;8711.0;9524.0;66.12;60.48;0
291460;IRECÊ;BA;2026-03;10636.0;600648.61;2026-03;15111.0;16608.0;70.39;64.04;0
291465;ITABELA;BA;2026-03;3882.0;214548.2;2026-03;6302.0;6842.0;61.6;56.74;0
291470;ITABERABA;BA;2026-03;11407.0;617604.87;2026-03;15423.0;16804.0;73.96;67.88;0
291480;ITABUNA;BA;2026-03;27455.0;1516648.41;2026-03;28664.0;31883.0;95.78;86.11;0
291490;ITACARÉ;BA;2026-03;1638.0;86896.41;2026-03;5797.0;6486.0;28.26;25.25;0
291500;ITAETÉ;BA;2026-03;2746.0;138651.29;2026-03;4246.0;4648.0;64.67;59.08;0
291510;ITAGI;BA;2026-03;2325.0;120258.03;2026-03;3750.0;3961.0;62.0;58.7;0
291520;ITAGIBÁ;BA;2026-03;2104.0;114414.59;2026-03;3277.0;3573.0;64.21;58.89;0
291530;ITAGIMIRIM;BA;2026-03;1037.0;55847.25;2026-03;1396.0;1501.0;74.28;69.09;0
291535;ITAGUAÇU DA BAHIA;BA;2026-03;2379.0;118503.39;2026-03;3425.0;3563.0;69.46;66.77;0
291540;ITAJU DO COLÔNIA;BA;2026-03;817.0;41712.97;2026-03;1611.0;1632.0;50.71;50.06;0
291550;ITAJUÍPE;BA;2026-03;3037.0;164096.31;2026-03;4655.0;4961.0;65.24;61.22;0
291560;ITAMARAJU;BA;2026-03;7670.0;423646.23;2026-03;11260.0;12079.0;68.12;63.5;0
291570;ITAMARI;BA;2026-03;1314.0;68253.05;2026-03;1676.0;1798.0;78.4;73.08;0
291580;ITAMBÉ;BA;2026-03;2934.0;160613.15;2026-03;4240.0;4562.0;69.2;64.31;0
291590;ITANAGRA;BA;2026-03;831.0;40344.92;2026-03;2118.0;2326.0;39.24;35.73;0
291600;ITANHÉM;BA;2026-03;2191.0;119269.51;2026-03;3380.0;3817.0;64.82;57.4;0
291610;ITAPARICA;BA;2026-03;2213.0;110068.65;2026-03;5207.0;5800.0;42.5;38.16;0
291620;ITAPÉ;BA;2026-03;1516.0;80853.56;2026-03;1934.0;2025.0;78.39;74.86;0
291630;ITAPEBI;BA;2026-03;1474.0;77842.6;2026-03;2074.0;2333.0;71.07;63.18;0
291640;ITAPETINGA;BA;2026-03;10797.0;606106.8;2026-03;13280.0;14160.0;81.3;76.25;0
291650;ITAPICURU;BA;2026-03;5771.0;292049.6;2026-03;8047.0;8854.0;71.72;65.18;0
291660;ITAPITANGA;BA;2026-03;843.0;44770.07;2026-03;1299.0;1417.0;64.9;59.49;0
291670;ITAQUARA;BA;2026-03;1252.0;61857.47;2026-03;1559.0;1664.0;80.31;75.24;0
291680;ITARANTIM;BA;2026-03;2456.0;135649.12;2026-03;3238.0;3385.0;75.85;72.56;0
291685;ITATIM;BA;2026-03;2804.0;150554.67;2026-03;3820.0;4060.0;73.4;69.06;0
291690;ITIRUÇU;BA;2026-03;2053.0;105484.44;2026-03;2745.0;3067.0;74.79;66.94;0
291700;ITIÚBA;BA;2026-03;6678.0;328361.53;2026-03;9479.0;9744.0;70.45;68.53;0
291710;ITORORÓ;BA;2026-03;2635.0;140807.94;2026-03;3831.0;4330.0;68.78;60.85;0
291720;ITUAÇU;BA;2026-03;3056.0;166235.22;2026-03;3687.0;4023.0;82.89;75.96;0
291730;ITUBERÁ;BA;2026-03;3034.0;161029.73;2026-03;5935.0;6709.0;51.12;45.22;0
291733;IUIU;BA;2026-03;1631.0;84121.06;2026-03;2441.0;2558.0;66.82;63.76;0
291735;JABORANDI;BA;2026-03;1376.0;73421.57;2026-03;1866.0;1917.0;73.74;71.78;0
291740;JACARACI;BA;2026-03;2137.0;114419.82;2026-03;2845.0;2951.0;75.11;72.42;0
291750;JACOBINA;BA;2026-03;12750.0;663788.51;2026-03;17539.0;18869.0;72.7;67.57;0
291760;JAGUAQUARA;BA;2026-03;6585.0;351755.16;2026-03;7902.0;8683.0;83.33;75.84;0
291770;JAGUARARI;BA;2026-03;4600.0;230798.83;2026-03;6670.0;6913.0;68.97;66.54;0
291780;JAGUARIPE;BA;2026-03;2380.0;122742.79;2026-03;4932.0;5263.0;48.26;45.22;0
291790;JANDAÍRA;BA;2026-03;1955.0;81065.85;2026-03;2564.0;2703.0;76.25;72.33;0
291800;JEQUIÉ;BA;2026-03;22742.0;1264610.56;2026-03;26661.0;29079.0;85.3;78.21;0
291810;JEREMOABO;BA;2026-03;5954.0;313545.01;2026-03;9376.0;9928.0;63.5;59.97;0
291820;JIQUIRIÇÁ;BA;2026-03;2276.0;122023.71;2026-03;3299.0;3521.0;68.99;64.64;0
291830;JITAÚNA;BA;2026-03;2269.0;117421.73;2026-03;3661.0;3965.0;61.98;57.23;0
291835;JOÃO DOURADO;BA;2026-03;3798.0;202223.26;2026-03;5277.0;5582.0;71.97;68.04;0
291840;JUAZEIRO;BA;2026-03;26556.0;1513265.65;2026-03;44928.0;50037.0;59.11;53.07;0
291845;JUCURUÇU;BA;2026-03;1136.0;58237.58;2026-03;2380.0;2615.0;47.73;43.44;0
291850;JUSSARA;BA;2026-03;2851.0;145292.4;2026-03;4425.0;4659.0;64.43;61.19;0
291855;JUSSARI;BA;2026-03;1029.0;54026.66;2026-03;1633.0;1718.0;63.01;59.9;0
291860;JUSSIAPE;BA;2026-03;1011.0;56031.21;2026-03;1448.0;1528.0;69.82;66.16;0
291870;LAFAIETE COUTINHO;BA;2026-03;667.0;32725.64;2026-03;802.0;868.0;83.17;76.84;0
291875;LAGOA REAL;BA;2026-03;1852.0;100652.87;2026-03;2659.0;2776.0;69.65;66.71;0
291880;LAJE;BA;2026-03;3247.0;176838.32;2026-03;5119.0;5384.0;63.43;60.31;0
291890;LAJEDÃO;BA;2026-03;559.0;30439.58;2026-03;991.0;1046.0;56.41;53.44;0
291900;LAJEDINHO;BA;2026-03;630.0;29543.15;2026-03;937.0;991.0;67.24;63.57;0
291905;LAJEDO DO TABOCAL;BA;2026-03;1203.0;61843.55;2026-03;1535.0;1641.0;78.37;73.31;0
291910;LAMARÃO;BA;2026-03;1532.0;76516.84;2026-03;2896.0;3093.0;52.9;49.53;0
291915;LAPÃO;BA;2026-03;4341.0;234011.83;2026-03;6113.0;6465.0;71.01;67.15;0
291920;LAURO DE FREITAS;BA;2026-03;16297.0;886817.36;2026-03;31135.0;34655.0;52.34;47.03;0
291930;LENÇÓIS;BA;2026-03;1291.0;65565.16;2026-03;2100.0;2274.0;61.48;56.77;0
291940;LICÍNIO DE ALMEIDA;BA;2026-03;1774.0;95548.62;2026-03;2291.0;2435.0;77.43;72.85;0
291950;LIVRAMENTO DE NOSSA SENHORA;BA;2026-03;6432.0;357710.55;2026-03;7538.0;7903.0;85.33;81.39;0
291955;LUÍS EDUARDO MAGALHÃES;BA;2026-03;9992.0;576543.64;2026-03;17561.0;19352.0;56.9;51.63;0
291960;MACAJUBA;BA;2026-03;1986.0;98801.63;2026-03;2917.0;3201.0;68.08;62.04;0
291970;MACARANI;BA;2026-03;2567.0;136825.13;2026-03;3677.0;3962.0;69.81;64.79;0
291980;MACAÚBAS;BA;2026-03;6291.0;324286.75;2026-03;8168.0;8580.0;77.02;73.32;0
291990;MACURURÉ;BA;2026-03;1300.0;63263.21;2026-03;1848.0;1979.0;70.35;65.69;0
291992;MADRE DE DEUS;BA;2026-03;2175.0;121077.39;2026-03;3301.0;3531.0;65.89;61.6;0
291995;MAETINGA;BA;2026-03;1271.0;65531.81;2026-03;1859.0;2020.0;68.37;62.92;0
292000;MAIQUINIQUE;BA;2026-03;1254.0;66683.28;2026-03;1982.0;2144.0;63.27;58.49;0
292010;MAIRI;BA;2026-03;3124.0;154289.11;2026-03;4578.0;5005.0;68.24;62.42;0
292020;MALHADA;BA;2026-03;2720.0;142366.1;2026-03;4292.0;4535.0;63.37;59.98;0
292030;MALHADA DE PEDRAS;BA;2026-03;1343.0;72615.54;2026-03;1906.0;1961.0;70.46;68.49;0
292040;MANOEL VITORINO;BA;2026-03;3163.0;160745.24;2026-03;3609.0;3906.0;87.64;80.98;0
292045;MANSIDÃO;BA;2026-03;1744.0;89469.35;2026-03;3315.0;3484.0;52.61;50.06;0
292050;MARACÁS;BA;2026-03;3875.0;203690.13;2026-03;5287.0;5490.0;73.29;70.58;0
292060;MARAGOGIPE;BA;2026-03;5149.0;271655.01;2026-03;11364.0;12596.0;45.31;40.88;0
292070;MARAÚ;BA;2026-03;2327.0;118045.68;2026-03;6415.0;6950.0;36.27;33.48;0
292080;MARCIONÍLIO SOUZA;BA;2026-03;1959.0;100382.84;2026-03;3036.0;3300.0;64.53;59.36;0
292090;MASCOTE;BA;2026-03;2063.0;104105.69;2026-03;2988.0;3165.0;69.04;65.18;0
292100;MATA DE SÃO JOÃO;BA;2026-03;4855.0;254257.76;2026-03;9167.0;9970.0;52.96;48.7;0
292105;MATINA;BA;2026-03;1817.0;92613.15;2026-03;2409.0;2515.0;75.43;72.25;0
292110;MEDEIROS NETO;BA;2026-03;3181.0;174802.57;2026-03;4246.0;4729.0;74.92;67.27;0
292120;MIGUEL CALMON;BA;2026-03;3908.0;189382.53;2026-03;4786.0;5220.0;81.65;74.87;0
292130;MILAGRES;BA;2026-03;1773.0;90907.96;2026-03;2457.0;2665.0;72.16;66.53;0
292140;MIRANGABA;BA;2026-03;3413.0;160653.24;2026-03;4877.0;5261.0;69.98;64.87;0
292145;MIRANTE;BA;2026-03;1755.0;91554.65;2026-03;2318.0;2467.0;75.71;71.14;0
292150;MONTE SANTO;BA;2026-03;11319.0;539302.08;2026-03;14733.0;15856.0;76.83;71.39;0
292160;MORPARÁ;BA;2026-03;1471.0;76745.54;2026-03;1973.0;2021.0;74.56;72.79;0
292170;MORRO DO CHAPÉU;BA;2026-03;4990.0;242875.02;2026-03;5851.0;6293.0;85.28;79.29;0
292180;MORTUGABA;BA;2026-03;1446.0;79132.19;2026-03;1952.0;2094.0;74.08;69.05;0
292190;MUCUGÊ;BA;2026-03;1697.0;91694.3;2026-03;2359.0;2546.0;71.94;66.65;0
292200;MUCURI;BA;2026-03;3320.0;187028.75;2026-03;5125.0;5620.0;64.78;59.07;0
292205;MULUNGU DO MORRO;BA;2026-03;2603.0;131938.87;2026-03;3476.0;3681.0;74.88;70.71;0
292210;MUNDO NOVO;BA;2026-03;3297.0;157161.49;2026-03;5615.0;5999.0;58.72;54.96;0
292220;MUNIZ FERREIRA;BA;2026-03;1277.0;67862.79;2026-03;1846.0;1986.0;69.18;64.3;0
292225;MUQUÉM DO SÃO FRANCISCO;BA;2026-03;1834.0;96991.64;2026-03;3070.0;3191.0;59.74;57.47;0
292230;MURITIBA;BA;2026-03;3750.0;207832.19;2026-03;6619.0;7217.0;56.66;51.96;0
292240;MUTUÍPE;BA;2026-03;3090.0;168893.04;2026-03;4613.0;4862.0;66.98;63.55;0
292250;NAZARÉ;BA;2026-03;3079.0;163242.74;2026-03;5614.0;5950.0;54.85;51.75;0
292260;NILO PEÇANHA;BA;2026-03;1582.0;83525.75;2026-03;3064.0;3217.0;51.63;49.18;0
292265;NORDESTINA;BA;2026-03;2476.0;121667.57;2026-03;3267.0;3467.0;75.79;71.42;0
292270;NOVA CANAÃ;BA;2026-03;2274.0;117687.59;2026-03;3576.0;3805.0;63.59;59.76;0
292273;NOVA FÁTIMA;BA;2026-03;1481.0;80035.11;2026-03;2150.0;2281.0;68.88;64.93;0
292275;NOVA IBIÁ;BA;2026-03;714.0;38123.94;2026-03;1380.0;1499.0;51.74;47.63;0
292280;NOVA ITARANA;BA;2026-03;1597.0;80678.57;2026-03;2288.0;2423.0;69.8;65.91;0
292285;NOVA REDENÇÃO;BA;2026-03;1467.0;73099.2;2026-03;1976.0;2132.0;74.24;68.81;0
292290;NOVA SOURE;BA;2026-03;4888.0;240256.2;2026-03;6066.0;6432.0;80.58;76.0;0
292300;NOVA VIÇOSA;BA;2026-03;4129.0;229550.83;2026-03;6964.0;7729.0;59.29;53.42;0
292303;NOVO HORIZONTE;BA;2026-03;2066.0;110293.63;2026-03;2732.0;2917.0;75.62;70.83;0
292305;NOVO TRIUNFO;BA;2026-03;1412.0;72604.29;2026-03;2212.0;2287.0;63.83;61.74;0
292310;OLINDINA;BA;2026-03;4497.0;225523.92;2026-03;5655.0;6265.0;79.52;71.78;0
292320;OLIVEIRA DOS BREJINHOS;BA;2026-03;3697.0;189878.21;2026-03;4819.0;5158.0;76.72;71.68;0
292330;OURIÇANGAS;BA;2026-03;1460.0;74622.47;2026-03;1756.0;2142.0;83.14;68.16;0
292335;OUROLÂNDIA;BA;2026-03;3123.0;159053.87;2026-03;4481.0;4748.0;69.69;65.78;0
292340;PALMAS DE MONTE ALTO;BA;2026-03;3510.0;174893.63;2026-03;4527.0;4784.0;77.53;73.37;0
292350;PALMEIRAS;BA;2026-03;1597.0;83827.06;2026-03;2530.0;2685.0;63.12;59.48;0
292360;PARAMIRIM;BA;2026-03;2989.0;163807.8;2026-03;4254.0;4459.0;70.26;67.03;0
292370;PARATINGA;BA;2026-03;5843.0;303416.95;2026-03;8690.0;9459.0;67.24;61.77;0
292380;PARIPIRANGA;BA;2026-03;5027.0;264778.53;2026-03;5850.0;6354.0;85.93;79.12;0
292390;PAU BRASIL;BA;2026-03;1367.0;70649.33;2026-03;3854.0;4143.0;35.47;33.0;0
292400;PAULO AFONSO;BA;2026-03;12436.0;697852.89;2026-03;20475.0;21560.0;60.74;57.68;0
292405;PÉ DE SERRA;BA;2026-03;2260.0;120437.7;2026-03;3806.0;4045.0;59.38;55.87;0
292410;PEDRÃO;BA;2026-03;1110.0;56278.62;2026-03;1719.0;1908.0;64.57;58.18;0
292420;PEDRO ALEXANDRE;BA;2026-03;2104.0;106614.61;2026-03;4585.0;4984.0;45.89;42.22;0
292430;PIATÃ;BA;2026-03;3028.0;161253.25;2026-03;3693.0;3813.0;81.99;79.41;0
292440;PILÃO ARCADO;BA;2026-03;3997.0;190345.59;2026-03;8995.0;9616.0;44.44;41.57;0
292450;PINDAÍ;BA;2026-03;2135.0;109501.14;2026-03;2914.0;3188.0;73.27;66.97;0
292460;PINDOBAÇU;BA;2026-03;3716.0;186965.4;2026-03;5488.0;5971.0;67.71;62.23;0
292465;PINTADAS;BA;2026-03;1581.0;84104.5;2026-03;2214.0;2263.0;71.41;69.86;0
292467;PIRAÍ DO NORTE;BA;2026-03;779.0;39512.18;2026-03;1846.0;2000.0;42.2;38.95;0
292470;PIRIPÁ;BA;2026-03;1693.0;91310.43;2026-03;1912.0;2024.0;88.55;83.65;0
292480;PIRITIBA;BA;2026-03;3589.0;174105.95;2026-03;4832.0;5390.0;74.28;66.59;0
292490;PLANALTINO;BA;2026-03;1382.0;67465.82;2026-03;1597.0;1786.0;86.54;77.38;0
292500;PLANALTO;BA;2026-03;4561.0;238784.85;2026-03;5612.0;5963.0;81.27;76.49;0
292510;POÇÕES;BA;2026-03;9431.0;495299.13;2026-03;10803.0;11628.0;87.3;81.11;0
292520;POJUCA;BA;2026-03;3846.0;208625.53;2026-03;6194.0;6612.0;62.09;58.17;0
292525;PONTO NOVO;BA;2026-03;3397.0;174414.25;2026-03;5463.0;5899.0;62.18;57.59;0
292530;PORTO SEGURO;BA;2026-03;13350.0;754932.97;2026-03;27220.0;31401.0;49.04;42.51;0
292540;POTIRAGUÁ;BA;2026-03;1421.0;75721.51;2026-03;2647.0;2679.0;53.68;53.04;0
292550;PRADO;BA;2026-03;2715.0;148336.57;2026-03;6269.0;6752.0;43.31;40.21;0
292560;PRESIDENTE DUTRA;BA;2026-03;2838.0;150994.31;2026-03;3840.0;4113.0;73.91;69.0;0
292570;PRESIDENTE JÂNIO QUADROS;BA;2026-03;2112.0;108180.81;2026-03;2741.0;2964.0;77.05;71.26;0
292575;PRESIDENTE TANCREDO NEVES;BA;2026-03;3589.0;195841.55;2026-03;6801.0;7166.0;52.77;50.08;0
292580;QUEIMADAS;BA;2026-03;4524.0;227878.17;2026-03;6658.0;7010.0;67.95;64.54;0
292590;QUIJINGUE;BA;2026-03;4396.0;225735.27;2026-03;6386.0;6678.0;68.84;65.83;0
292593;QUIXABEIRA;BA;2026-03;1338.0;66161.94;2026-03;2131.0;2256.0;62.79;59.31;0
292595;RAFAEL JAMBEIRO;BA;2026-03;2702.0;141706.62;2026-03;4920.0;5168.0;54.92;52.28;0
292600;REMANSO;BA;2026-03;5616.0;284533.88;2026-03;9175.0;9946.0;61.21;56.46;0
292610;RETIROLÂNDIA;BA;2026-03;2624.0;142723.73;2026-03;3783.0;4078.0;69.36;64.35;0
292620;RIACHÃO DAS NEVES;BA;2026-03;3146.0;165132.54;2026-03;5439.0;5582.0;57.84;56.36;0
292630;RIACHÃO DO JACUÍPE;BA;2026-03;5453.0;293527.01;2026-03;7289.0;7881.0;74.81;69.19;0
292640;RIACHO DE SANTANA;BA;2026-03;5034.0;257034.8;2026-03;6571.0;6889.0;76.61;73.07;0
292650;RIBEIRA DO AMPARO;BA;2026-03;2384.0;123767.76;2026-03;3541.0;3706.0;67.33;64.33;0
292660;RIBEIRA DO POMBAL;BA;2026-03;8350.0;447549.09;2026-03;9970.0;10561.0;83.75;79.06;0
292665;RIBEIRÃO DO LARGO;BA;2026-03;1308.0;67895.48;2026-03;2004.0;2075.0;65.27;63.04;0
292670;RIO DE CONTAS;BA;2026-03;1937.0;106444.66;2026-03;2454.0;2661.0;78.93;72.79;0
292680;RIO DO ANTÔNIO;BA;2026-03;2327.0;121877.42;2026-03;3004.0;3224.0;77.46;72.18;0
292690;RIO DO PIRES;BA;2026-03;1257.0;68778.41;2026-03;1558.0;1642.0;80.68;76.55;0
292700;RIO REAL;BA;2026-03;6501.0;264463.85;2026-03;7878.0;8626.0;82.52;75.37;0
292710;RODELAS;BA;2026-03;1342.0;72371.1;2026-03;3805.0;4209.0;35.27;31.88;0
292720;RUY BARBOSA;BA;2026-03;4820.0;249905.54;2026-03;6612.0;6893.0;72.9;69.93;0
292730;SALINAS DA MARGARIDA;BA;2026-03;2116.0;115975.64;2026-03;5197.0;5451.0;40.72;38.82;0
292740;SALVADOR;BA;2026-03;197201.0;10403221.15;2026-03;360805.0;416085.0;54.66;47.39;0
292750;SANTA BÁRBARA;BA;2026-03;3320.0;177369.06;2026-03;5922.0;6522.0;56.06;50.9;0
292760;SANTA BRÍGIDA;BA;2026-03;2522.0;128088.15;2026-03;3421.0;3597.0;73.72;70.11;0
292770;SANTA CRUZ CABRÁLIA;BA;2026-03;2072.0;112115.15;2026-03;5765.0;6916.0;35.94;29.96;0
292780;SANTA CRUZ DA VITÓRIA;BA;2026-03;919.0;49037.03;2026-03;1326.0;1462.0;69.31;62.86;0
292790;SANTA INÊS;BA;2026-03;1763.0;90968.06;2026-03;2368.0;2697.0;74.45;65.37;0
292800;SANTALUZ;BA;2026-03;6244.0;330762.53;2026-03;9658.0;10522.0;64.65;59.34;0
292805;SANTA LUZIA;BA;2026-03;1594.0;82576.59;2026-03;2813.0;3020.0;56.67;52.78;0
292810;SANTA MARIA DA VITÓRIA;BA;2026-03;6742.0;350141.06;2026-03;8541.0;10254.0;78.94;65.75;0
292820;SANTANA;BA;2026-03;3929.0;202755.38;2026-03;4722.0;5106.0;83.21;76.95;0
292830;SANTANÓPOLIS;BA;2026-03;1653.0;88264.4;2026-03;2592.0;2742.0;63.77;60.28;0
292840;SANTA RITA DE CÁSSIA;BA;2026-03;4998.0;260076.61;2026-03;8205.0;8823.0;60.91;56.65;0
292850;SANTA TEREZINHA;BA;2026-03;1657.0;85731.16;2026-03;2188.0;2370.0;75.73;69.92;0
292860;SANTO AMARO;BA;2026-03;7568.0;405725.13;2026-03;14897.0;15744.0;50.8;48.07;0
292870;SANTO ANTÔNIO DE JESUS;BA;2026-03;11917.0;662915.59;2026-03;16311.0;18792.0;73.06;63.42;0
292880;SANTO ESTÊVÃO;BA;2026-03;6745.0;375289.04;2026-03;10199.0;10648.0;66.13;63.35;0
292890;SÃO DESIDÉRIO;BA;2026-03;4137.0;210416.55;2026-03;6339.0;6971.0;65.26;59.35;0
292895;SÃO DOMINGOS;BA;2026-03;1494.0;78986.87;2026-03;2237.0;2533.0;66.79;58.98;0
292900;SÃO FÉLIX;BA;2026-03;1523.0;79967.78;2026-03;2439.0;2641.0;62.44;57.67;0
292905;SÃO FÉLIX DO CORIBE;BA;2026-03;2520.0;136202.96;2026-03;3452.0;3696.0;73.0;68.18;0
292910;SÃO FELIPE;BA;2026-03;2960.0;163389.11;2026-03;5178.0;5608.0;57.16;52.78;0
292920;SÃO FRANCISCO DO CONDE;BA;2026-03;5039.0;273392.96;2026-03;9164.0;9751.0;54.99;51.68;0
292925;SÃO GABRIEL;BA;2026-03;3327.0;169494.44;2026-03;4143.0;4398.0;80.3;75.65;0
292930;SÃO GONÇALO DOS CAMPOS;BA;2026-03;4296.0;236033.93;2026-03;6144.0;6474.0;69.92;66.36;0
292935;SÃO JOSÉ DA VITÓRIA;BA;2026-03;1132.0;58921.53;2026-03;1790.0;1953.0;63.24;57.96;0
292937;SÃO JOSÉ DO JACUÍPE;BA;2026-03;1713.0;86864.35;2026-03;2249.0;2373.0;76.17;72.19;0
292940;SÃO MIGUEL DAS MATAS;BA;2026-03;1557.0;83839.95;2026-03;2347.0;2469.0;66.34;63.06;0
292950;SÃO SEBASTIÃO DO PASSÉ;BA;2026-03;4652.0;248832.67;2026-03;6592.0;7061.0;70.57;65.88;0
292960;SAPEAÇU;BA;2026-03;2406.0;135411.78;2026-03;4382.0;4820.0;54.91;49.92;0
292970;SÁTIRO DIAS;BA;2026-03;2520.0;123586.82;2026-03;3711.0;3920.0;67.91;64.29;0
292975;SAUBARA;BA;2026-03;2134.0;109043.8;2026-03;3500.0;3735.0;60.97;57.14;0
292980;SAÚDE;BA;2026-03;2223.0;108952.86;2026-03;3262.0;3477.0;68.15;63.93;0
292990;SEABRA;BA;2026-03;7356.0;388652.3;2026-03;9918.0;10244.0;74.17;71.81;0
293000;SEBASTIÃO LARANJEIRAS;BA;2026-03;1316.0;68335.47;2026-03;1773.0;1931.0;74.22;68.15;0
293010;SENHOR DO BONFIM;BA;2026-03;12202.0;650528.12;2026-03;16600.0;17431.0;73.51;70.0;0
293015;SERRA DO RAMALHO;BA;2026-03;5366.0;289424.91;2026-03;7024.0;7403.0;76.4;72.48;0
293020;SENTO SÉ;BA;2026-03;4674.0;251184.86;2026-03;9617.0;10310.0;48.6;45.33;0
293030;SERRA DOURADA;BA;2026-03;2581.0;136534.94;2026-03;3632.0;3841.0;71.06;67.2;0
293040;SERRA PRETA;BA;2026-03;2350.0;122653.84;2026-03;3490.0;3686.0;67.34;63.75;0
293050;SERRINHA;BA;2026-03;15814.0;835644.75;2026-03;19568.0;21971.0;80.82;71.98;0
293060;SERROLÂNDIA;BA;2026-03;2158.0;111043.46;2026-03;3007.0;3230.0;71.77;66.81;0
293070;SIMÕES FILHO;BA;2026-03;11716.0;627603.38;2026-03;22215.0;27016.0;52.74;43.37;0
293075;SÍTIO DO MATO;BA;2026-03;2215.0;118551.81;2026-03;3321.0;3462.0;66.7;63.98;0
293076;SÍTIO DO QUINTO;BA;2026-03;2554.0;131727.12;2026-03;3266.0;3379.0;78.2;75.58;0
293077;SOBRADINHO;BA;2026-03;3096.0;174356.91;2026-03;4883.0;5311.0;63.4;58.29;0
293080;SOUTO SOARES;BA;2026-03;2929.0;152625.25;2026-03;3746.0;4010.0;78.19;73.04;0
293090;TABOCAS DO BREJO VELHO;BA;2026-03;1904.0;98612.37;2026-03;2290.0;2412.0;83.14;78.94;0
293100;TANHAÇU;BA;2026-03;3993.0;215147.42;2026-03;4684.0;4965.0;85.25;80.42;0
293105;TANQUE NOVO;BA;2026-03;3048.0;164354.72;2026-03;3716.0;3907.0;82.02;78.01;0
293110;TANQUINHO;BA;2026-03;1183.0;64098.44;2026-03;1873.0;2019.0;63.16;58.59;0
293120;TAPEROÁ;BA;2026-03;2058.0;109392.81;2026-03;4101.0;4512.0;50.18;45.61;0
293130;TAPIRAMUTÁ;BA;2026-03;2269.0;110749.52;2026-03;3432.0;3575.0;66.11;63.47;0
293135;TEIXEIRA DE FREITAS;BA;2026-03;16063.0;911625.3;2026-03;19686.0;22202.0;81.6;72.35;0
293140;TEODORO SAMPAIO;BA;2026-03;1333.0;68490.87;2026-03;2092.0;2279.0;63.72;58.49;0
293150;TEOFILÂNDIA;BA;2026-03;3784.0;191151.48;2026-03;4290.0;4504.0;88.21;84.01;0
293160;TEOLÂNDIA;BA;2026-03;1384.0;70990.85;2026-03;3027.0;3187.0;45.72;43.43;0
293170;TERRA NOVA;BA;2026-03;1890.0;99926.55;2026-03;3828.0;4296.0;49.37;43.99;0
293180;TREMEDAL;BA;2026-03;3090.0;158184.65;2026-03;3875.0;4089.0;79.74;75.57;0
293190;TUCANO;BA;2026-03;10350.0;532958.69;2026-03;15100.0;17045.0;68.54;60.72;0
293200;UAUÁ;BA;2026-03;4952.0;259653.44;2026-03;7501.0;7808.0;66.02;63.42;0
293210;UBAÍRA;BA;2026-03;2865.0;150685.76;2026-03;4423.0;4773.0;64.78;60.03;0
293220;UBAITABA;BA;2026-03;2587.0;136317.61;2026-03;4175.0;4564.0;61.96;56.68;0
293230;UBATÃ;BA;2026-03;2446.0;127863.9;2026-03;3466.0;3666.0;70.57;66.72;0
293240;UIBAÍ;BA;2026-03;2737.0;142290.57;2026-03;3652.0;3882.0;74.95;70.5;0
293245;UMBURANAS;BA;2026-03;2590.0;122572.15;2026-03;3495.0;3727.0;74.11;69.49;0
293250;UNA;BA;2026-03;1811.0;95106.72;2026-03;3843.0;4194.0;47.12;43.18;0
293260;URANDI;BA;2026-03;2622.0;138749.2;2026-03;3588.0;3884.0;73.08;67.51;0
293270;URUÇUCA;BA;2026-03;2413.0;129766.42;2026-03;5487.0;5915.0;43.98;40.79;0
293280;UTINGA;BA;2026-03;3007.0;150135.81;2026-03;4337.0;4665.0;69.33;64.46;0
293290;VALENÇA;BA;2026-03;9290.0;505206.09;2026-03;16126.0;17378.0;57.61;53.46;0
293300;VALENTE;BA;2026-03;3439.0;184868.84;2026-03;5468.0;6089.0;62.89;56.48;0
293305;VÁRZEA DA ROÇA;BA;2026-03;2272.0;113614.7;2026-03;3325.0;3721.0;68.33;61.06;0
293310;VÁRZEA DO POÇO;BA;2026-03;1602.0;79899.07;2026-03;2117.0;2175.0;75.67;73.66;0
293315;VÁRZEA NOVA;BA;2026-03;1907.0;96089.53;2026-03;3656.0;3920.0;52.16;48.65;0
293317;VARZEDO;BA;2026-03;1462.0;80927.71;2026-03;2211.0;2359.0;66.12;61.98;0
293320;VERA CRUZ;BA;2026-03;5695.0;295457.38;2026-03;12968.0;14295.0;43.92;39.84;0
293325;VEREDA;BA;2026-03;833.0;43772.67;2026-03;1280.0;1433.0;65.08;58.13;0
293330;VITÓRIA DA CONQUISTA;BA;2026-03;48472.0;2702241.65;2026-03;59036.0;68219.0;82.11;71.05;0
293340;WAGNER;BA;2026-03;1391.0;70056.65;2026-03;1765.0;1870.0;78.81;74.39;0
293345;WANDERLEY;BA;2026-03;1717.0;91196.38;2026-03;2782.0;2910.0;61.72;59.0;0
293350;WENCESLAU GUIMARÃES;BA;2026-03;2619.0;134064.27;2026-03;5240.0;5641.0;49.98;46.43;0
293360;XIQUE-XIQUE;BA;2026-03;8302.0;441064.92;2026-03;12469.0;13456.0;66.58;61.7;0
310010;ABADIA DOS DOURADOS;MG;2026-03;474.0;22479.11;2026-03;630.0;679.0;75.24;69.81;0
310020;ABAETÉ;MG;2026-03;2502.0;125079.34;2026-03;2507.0;2686.0;99.8;93.15;0
310030;ABRE CAMPO;MG;2026-03;1029.0;50191.94;2026-03;1773.0;1899.0;58.04;54.19;0
310040;ACAIACA;MG;2026-03;456.0;21792.63;2026-03;566.0;630.0;80.57;72.38;0
310050;AÇUCENA;MG;2026-03;1019.0;48831.69;2026-03;1248.0;1371.0;81.65;74.33;0
310060;ÁGUA BOA;MG;2026-03;1539.0;73072.22;2026-03;2250.0;2442.0;68.4;63.02;0
310070;ÁGUA COMPRIDA;MG;2026-03;115.0;5674.31;2026-03;243.0;255.0;47.33;45.1;0
310080;AGUANIL;MG;2026-03;406.0;19995.56;2026-03;492.0;540.0;82.52;75.19;0
310090;ÁGUAS FORMOSAS;MG;2026-03;2874.0;139578.22;2026-03;4055.0;4446.0;70.88;64.64;0
310100;ÁGUAS VERMELHAS;MG;2026-03;1837.0;87442.94;2026-03;3205.0;3342.0;57.32;54.97;0
310110;AIMORÉS;MG;2026-03;2467.0;124461.01;2026-03;3168.0;3518.0;77.87;70.13;0
310120;AIURUOCA;MG;2026-03;294.0;13612.82;2026-03;368.0;430.0;79.89;68.37;0
310130;ALAGOA;MG;2026-03;286.0;13231.97;2026-03;374.0;418.0;76.47;68.42;0
310140;ALBERTINA;MG;2026-03;140.0;6788.56;2026-03;307.0;321.0;45.6;43.61;0
310150;ALÉM PARAÍBA;MG;2026-03;3315.0;158968.15;2026-03;4114.0;4487.0;80.58;73.88;0
310160;ALFENAS;MG;2026-03;6673.0;341362.72;2026-03;7783.0;8704.0;85.74;76.67;0
310163;ALFREDO VASCONCELOS;MG;2026-03;618.0;30806.34;2026-03;715.0;779.0;86.43;79.33;0
310170;ALMENARA;MG;2026-03;6483.0;317126.55;2026-03;7049.0;7711.0;91.97;84.07;0
310180;ALPERCATA;MG;2026-03;844.0;42462.59;2026-03;1183.0;1334.0;71.34;63.27;0
310190;ALPINÓPOLIS;MG;2026-03;1486.0;75888.27;2026-03;1402.0;1554.0;105.99;95.62;0
310200;ALTEROSA;MG;2026-03;1221.0;59658.03;2026-03;1470.0;1594.0;83.06;76.6;0
310205;ALTO CAPARAÓ;MG;2026-03;605.0;30008.52;2026-03;874.0;1003.0;69.22;60.32;0
310210;ALTO RIO DOCE;MG;2026-03;1238.0;58001.33;2026-03;1614.0;1759.0;76.7;70.38;0
310220;ALVARENGA;MG;2026-03;591.0;28201.45;2026-03;782.0;849.0;75.58;69.61;0
310230;ALVINÓPOLIS;MG;2026-03;1042.0;51221.27;2026-03;1765.0;1892.0;59.04;55.07;0
310240;ALVORADA DE MINAS;MG;2026-03;504.0;23883.18;2026-03;865.0;902.0;58.27;55.88;0
310250;AMPARO DO SERRA;MG;2026-03;447.0;21899.37;2026-03;851.0;929.0;52.53;48.12;0
310260;ANDRADAS;MG;2026-03;1545.0;77496.6;2026-03;2097.0;2467.0;73.68;62.63;0
310270;CACHOEIRA DE PAJEÚ;MG;2026-03;1428.0;67376.13;2026-03;2003.0;2218.0;71.29;64.38;0
310280;ANDRELÂNDIA;MG;2026-03;1588.0;77031.75;2026-03;1566.0;1820.0;101.4;87.25;0
310285;ANGELÂNDIA;MG;2026-03;1096.0;52223.35;2026-03;1412.0;1482.0;77.62;73.95;0
310290;ANTÔNIO CARLOS;MG;2026-03;1126.0;54493.89;2026-03;1230.0;1352.0;91.54;83.28;0
310300;ANTÔNIO DIAS;MG;2026-03;764.0;35850.07;2026-03;1022.0;1104.0;74.76;69.2;0
310310;ANTÔNIO PRADO DE MINAS;MG;2026-03;105.0;4865.61;2026-03;178.0;200.0;58.99;52.5;0
310320;ARAÇAÍ;MG;2026-03;213.0;10080.86;2026-03;220.0;266.0;96.82;80.08;0
310330;ARACITABA;MG;2026-03;295.0;13870.24;2026-03;294.0;309.0;100.34;95.47;0
310340;ARAÇUAÍ;MG;2026-03;4792.0;238615.98;2026-03;5165.0;5623.0;92.78;85.22;0
310350;ARAGUARI;MG;2026-03;7304.0;372492.72;2026-03;8833.0;9764.0;82.69;74.81;0
310360;ARANTINA;MG;2026-03;525.0;26020.79;2026-03;555.0;608.0;94.59;86.35;0
310370;ARAPONGA;MG;2026-03;855.0;40146.24;2026-03;1192.0;1275.0;71.73;67.06;0
310375;ARAPORÃ;MG;2026-03;360.0;18496.47;2026-03;703.0;749.0;51.21;48.06;0
310380;ARAPUÁ;MG;2026-03;115.0;5719.15;2026-03;166.0;197.0;69.28;58.38;0
310390;ARAÚJOS;MG;2026-03;502.0;24899.83;2026-03;646.0;670.0;77.71;74.93;0
310400;ARAXÁ;MG;2026-03;5274.0;267933.05;2026-03;7486.0;8340.0;70.45;63.24;0
310410;ARCEBURGO;MG;2026-03;341.0;14182.96;2026-03;557.0;597.0;61.22;57.12;0
310420;ARCOS;MG;2026-03;2942.0;149823.38;2026-03;3446.0;3660.0;85.37;80.38;0
310430;AREADO;MG;2026-03;1090.0;54053.73;2026-03;1202.0;1326.0;90.68;82.2;0
310440;ARGIRITA;MG;2026-03;343.0;15346.8;2026-03;385.0;410.0;89.09;83.66;0
310445;ARICANDUVA;MG;2026-03;684.0;31698.11;2026-03;922.0;1037.0;74.19;65.96;0
310450;ARINOS;MG;2026-03;1801.0;88400.77;2026-03;2702.0;2970.0;66.65;60.64;0
310460;ASTOLFO DUTRA;MG;2026-03;1063.0;51352.27;2026-03;1318.0;1397.0;80.65;76.09;0
310470;ATALÉIA;MG;2026-03;1479.0;70923.84;2026-03;2004.0;2237.0;73.8;66.12;0
310480;AUGUSTO DE LIMA;MG;2026-03;462.0;22429.63;2026-03;631.0;688.0;73.22;67.15;0
310490;BAEPENDI;MG;2026-03;1832.0;89736.5;2026-03;1974.0;2128.0;92.81;86.09;0
310500;BALDIM;MG;2026-03;908.0;44423.48;2026-03;1227.0;1294.0;74.0;70.17;0
310510;BAMBUÍ;MG;2026-03;1524.0;74697.35;2026-03;1673.0;1799.0;91.09;84.71;0
310520;BANDEIRA;MG;2026-03;569.0;25316.24;2026-03;599.0;652.0;94.99;87.27;0
310530;BANDEIRA DO SUL;MG;2026-03;393.0;18528.84;2026-03;430.0;486.0;91.4;80.86;0
310540;BARÃO DE COCAIS;MG;2026-03;1645.0;83176.41;2026-03;2061.0;2282.0;79.82;72.09;0
310550;BARÃO DE MONTE ALTO;MG;2026-03;633.0;29558.98;2026-03;836.0;872.0;75.72;72.59;0
310560;BARBACENA;MG;2026-03;10647.0;522586.52;2026-03;11584.0;12897.0;91.91;82.55;0
310570;BARRA LONGA;MG;2026-03;570.0;27425.46;2026-03;767.0;826.0;74.32;69.01;0
310590;BARROSO;MG;2026-03;2493.0;124714.82;2026-03;2954.0;3190.0;84.39;78.15;0
310600;BELA VISTA DE MINAS;MG;2026-03;844.0;42635.13;2026-03;1051.0;1117.0;80.3;75.56;0
310610;BELMIRO BRAGA;MG;2026-03;178.0;8891.59;2026-03;266.0;279.0;66.92;63.8;0
310620;BELO HORIZONTE;MG;2026-03;84710.0;4210358.07;2026-03;162862.0;184524.0;52.01;45.91;0
310630;BELO ORIENTE;MG;2026-03;2130.0;107019.42;2026-03;2964.0;3173.0;71.86;67.13;0
310640;BELO VALE;MG;2026-03;702.0;32590.27;2026-03;1021.0;1145.0;68.76;61.31;0
310650;BERILO;MG;2026-03;1330.0;60896.45;2026-03;1609.0;1710.0;82.66;77.78;0
310660;BERTÓPOLIS;MG;2026-03;562.0;25939.49;2026-03;1107.0;1207.0;50.77;46.56;0
310665;BERIZAL;MG;2026-03;751.0;35583.46;2026-03;1222.0;1272.0;61.46;59.04;0
310670;BETIM;MG;2026-03;25062.0;1251089.7;2026-03;41584.0;46465.0;60.27;53.94;0
310680;BIAS FORTES;MG;2026-03;409.0;18271.77;2026-03;500.0;573.0;81.8;71.38;0
310690;BICAS;MG;2026-03;1431.0;70746.97;2026-03;1859.0;2023.0;76.98;70.74;0
310700;BIQUINHAS;MG;2026-03;274.0;13308.25;2026-03;318.0;350.0;86.16;78.29;0
310710;BOA ESPERANÇA;MG;2026-03;3319.0;171814.23;2026-03;4094.0;4397.0;81.07;75.48;0
310720;BOCAINA DE MINAS;MG;2026-03;636.0;44490.73;2026-03;864.0;950.0;73.61;66.95;0
310730;BOCAIÚVA;MG;2026-03;6702.0;326548.83;2026-03;7344.0;8029.0;91.26;83.47;0
310740;BOM DESPACHO;MG;2026-03;4500.0;228838.16;2026-03;4826.0;5251.0;93.24;85.7;0
310750;BOM JARDIM DE MINAS;MG;2026-03;793.0;37214.93;2026-03;912.0;989.0;86.95;80.18;0
310760;BOM JESUS DA PENHA;MG;2026-03;235.0;11665.75;2026-03;463.0;516.0;50.76;45.54;0
310770;BOM JESUS DO AMPARO;MG;2026-03;546.0;26551.73;2026-03;767.0;810.0;71.19;67.41;0
310780;BOM JESUS DO GALHO;MG;2026-03;2068.0;101667.2;2026-03;2575.0;2783.0;80.31;74.31;0
310790;BOM REPOUSO;MG;2026-03;895.0;44721.8;2026-03;1604.0;1793.0;55.8;49.92;0
310800;BOM SUCESSO;MG;2026-03;1616.0;79980.92;2026-03;1370.0;1478.0;117.96;109.34;0
310810;BONFIM;MG;2026-03;790.0;38340.92;2026-03;908.0;1077.0;87.0;73.35;0
310820;BONFINÓPOLIS DE MINAS;MG;2026-03;518.0;25361.57;2026-03;751.0;802.0;68.97;64.59;0
310825;BONITO DE MINAS;MG;2026-03;1088.0;49657.82;2026-03;2087.0;2224.0;52.13;48.92;0
310830;BORDA DA MATA;MG;2026-03;1599.0;79163.65;2026-03;1717.0;1876.0;93.13;85.23;0
310840;BOTELHOS;MG;2026-03;1207.0;59450.26;2026-03;1424.0;1537.0;84.76;78.53;0
310850;BOTUMIRIM;MG;2026-03;643.0;28860.47;2026-03;932.0;980.0;68.99;65.61;0
310855;BRASILÂNDIA DE MINAS;MG;2026-03;1419.0;71609.86;2026-03;2520.0;2659.0;56.31;53.37;0
310860;BRASÍLIA DE MINAS;MG;2026-03;4799.0;230227.24;2026-03;5451.0;5804.0;88.04;82.68;0
310870;BRÁS PIRES;MG;2026-03;497.0;23467.62;2026-03;669.0;732.0;74.29;67.9;0
310880;BRAÚNAS;MG;2026-03;432.0;20485.56;2026-03;612.0;626.0;70.59;69.01;0
310890;BRAZÓPOLIS;MG;2026-03;1086.0;53654.54;2026-03;1175.0;1277.0;92.43;85.04;0
310900;BRUMADINHO;MG;2026-03;1955.0;96493.72;2026-03;2898.0;3259.0;67.46;59.99;0
310910;BUENO BRANDÃO;MG;2026-03;1020.0;39921.14;2026-03;1362.0;1452.0;74.89;70.25;0
310920;BUENÓPOLIS;MG;2026-03;1368.0;66294.1;2026-03;1392.0;1446.0;98.28;94.61;0
310925;BUGRE;MG;2026-03;421.0;19972.85;2026-03;680.0;722.0;61.91;58.31;0
310930;BURITIS;MG;2026-03;2548.0;125503.64;2026-03;3527.0;3834.0;72.24;66.46;0
310940;BURITIZEIRO;MG;2026-03;4126.0;210314.94;2026-03;5365.0;5701.0;76.91;72.37;0
310945;CABECEIRA GRANDE;MG;2026-03;658.0;32024.37;2026-03;983.0;1024.0;66.94;64.26;0
310950;CABO VERDE;MG;2026-03;784.0;39661.28;2026-03;995.0;1100.0;78.79;71.27;0
310960;CACHOEIRA DA PRATA;MG;2026-03;341.0;16914.31;2026-03;342.0;372.0;99.71;91.67;0
310970;CACHOEIRA DE MINAS;MG;2026-03;595.0;29661.08;2026-03;674.0;749.0;88.28;79.44;0
310980;CACHOEIRA DOURADA;MG;2026-03;126.0;6470.77;2026-03;235.0;246.0;53.62;51.22;0
310990;CAETANÓPOLIS;MG;2026-03;785.0;38741.64;2026-03;1102.0;1184.0;71.23;66.3;0
311000;CAETÉ;MG;2026-03;2658.0;131671.21;2026-03;3151.0;3363.0;84.35;79.04;0
311010;CAIANA;MG;2026-03;436.0;21513.67;2026-03;783.0;846.0;55.68;51.54;0
311020;CAJURI;MG;2026-03;449.0;19227.09;2026-03;751.0;782.0;59.79;57.42;0
311030;CALDAS;MG;2026-03;803.0;38779.86;2026-03;1216.0;1317.0;66.04;60.97;0
311040;CAMACHO;MG;2026-03;177.0;8455.39;2026-03;218.0;244.0;81.19;72.54;0
311050;CAMANDUCAIA;MG;2026-03;1569.0;61740.36;2026-03;1995.0;2274.0;78.65;69.0;0
311060;CAMBUÍ;MG;2026-03;1960.0;79659.23;2026-03;2080.0;2339.0;94.23;83.8;0
311070;CAMBUQUIRA;MG;2026-03;1361.0;66953.22;2026-03;1502.0;1624.0;90.61;83.81;0
311080;CAMPANÁRIO;MG;2026-03;349.0;16973.2;2026-03;556.0;663.0;62.77;52.64;0
311090;CAMPANHA;MG;2026-03;1322.0;66388.42;2026-03;1693.0;1820.0;78.09;72.64;0
311100;CAMPESTRE;MG;2026-03;1108.0;54896.95;2026-03;1698.0;1852.0;65.25;59.83;0
311110;CAMPINA VERDE;MG;2026-03;1131.0;56531.33;2026-03;1417.0;1570.0;79.82;72.04;0
311115;CAMPO AZUL;MG;2026-03;561.0;26976.78;2026-03;834.0;952.0;67.27;58.93;0
311120;CAMPO BELO;MG;2026-03;4894.0;245197.33;2026-03;4837.0;5323.0;101.18;91.94;0
311130;CAMPO DO MEIO;MG;2026-03;941.0;46535.05;2026-03;1315.0;1421.0;71.56;66.22;0
311140;CAMPO FLORIDO;MG;2026-03;586.0;28899.77;2026-03;1152.0;1199.0;50.87;48.87;0
311150;CAMPOS ALTOS;MG;2026-03;590.0;29540.86;2026-03;983.0;1087.0;60.02;54.28;0
311160;CAMPOS GERAIS;MG;2026-03;2209.0;111696.84;2026-03;2536.0;2833.0;87.11;77.97;0
311170;CANAÃ;MG;2026-03;521.0;24383.22;2026-03;803.0;876.0;64.88;59.47;0
311180;CANÁPOLIS;MG;2026-03;636.0;31027.08;2026-03;798.0;890.0;79.7;71.46;0
311190;CANA VERDE;MG;2026-03;575.0;27883.21;2026-03;629.0;662.0;91.41;86.86;0
311200;CANDEIAS;MG;2026-03;1152.0;55721.65;2026-03;1420.0;1580.0;81.13;72.91;0
311205;CANTAGALO;MG;2026-03;479.0;22517.66;2026-03;654.0;694.0;73.24;69.02;0
311210;CAPARAÓ;MG;2026-03;496.0;25001.75;2026-03;799.0;903.0;62.08;54.93;0
311220;CAPELA NOVA;MG;2026-03;489.0;22310.44;2026-03;664.0;740.0;73.64;66.08;0
311230;CAPELINHA;MG;2026-03;5778.0;283066.73;2026-03;5244.0;5602.0;110.18;103.14;0
311240;CAPETINGA;MG;2026-03;728.0;36670.85;2026-03;813.0;898.0;89.54;81.07;0
311250;CAPIM BRANCO;MG;2026-03;904.0;45214.01;2026-03;1075.0;1142.0;84.09;79.16;0
311260;CAPINÓPOLIS;MG;2026-03;1146.0;56908.81;2026-03;1375.0;1487.0;83.35;77.07;0
311265;CAPITÃO ANDRADE;MG;2026-03;464.0;22723.6;2026-03;740.0;849.0;62.7;54.65;0
311270;CAPITÃO ENÉAS;MG;2026-03;1712.0;81074.8;2026-03;2529.0;2692.0;67.69;63.6;0
311280;CAPITÓLIO;MG;2026-03;533.0;26828.24;2026-03;735.0;798.0;72.52;66.79;0
311290;CAPUTIRA;MG;2026-03;888.0;40703.56;2026-03;1576.0;1704.0;56.35;52.11;0
311300;CARAÍ;MG;2026-03;2556.0;118218.41;2026-03;3244.0;3452.0;78.79;74.04;0
311310;CARANAÍBA;MG;2026-03;259.0;12212.82;2026-03;330.0;375.0;78.48;69.07;0
311320;CARANDAÍ;MG;2026-03;2280.0;113393.17;2026-03;2335.0;2438.0;97.64;93.52;0
311330;CARANGOLA;MG;2026-03;3727.0;185740.86;2026-03;4200.0;4534.0;88.74;82.2;0
311340;CARATINGA;MG;2026-03;6356.0;316154.17;2026-03;7059.0;7794.0;90.04;81.55;0
311350;CARBONITA;MG;2026-03;1152.0;53823.4;2026-03;1231.0;1334.0;93.58;86.36;0
311360;CAREAÇU;MG;2026-03;432.0;21410.67;2026-03;698.0;735.0;61.89;58.78;0
311370;CARLOS CHAGAS;MG;2026-03;2055.0;101968.77;2026-03;2706.0;2927.0;75.94;70.21;0
311380;CARMÉSIA;MG;2026-03;144.0;6730.68;2026-03;328.0;346.0;43.9;41.62;0
311390;CARMO DA CACHOEIRA;MG;2026-03;959.0;47671.95;2026-03;1323.0;1389.0;72.49;69.04;0
311400;CARMO DA MATA;MG;2026-03;856.0;42584.18;2026-03;1068.0;1132.0;80.15;75.62;0
311410;CARMO DE MINAS;MG;2026-03;965.0;48472.52;2026-03;1288.0;1406.0;74.92;68.63;0
311420;CARMO DO CAJURU;MG;2026-03;1046.0;50837.2;2026-03;1092.0;1210.0;95.79;86.45;0
311430;CARMO DO PARANAÍBA;MG;2026-03;2076.0;104169.54;2026-03;2385.0;2575.0;87.04;80.62;0
311440;CARMO DO RIO CLARO;MG;2026-03;1889.0;95507.69;2026-03;1944.0;2154.0;97.17;87.7;0
311450;CARMÓPOLIS DE MINAS;MG;2026-03;1196.0;59620.92;2026-03;1740.0;1908.0;68.74;62.68;0
311455;CARNEIRINHO;MG;2026-03;409.0;20703.83;2026-03;608.0;663.0;67.27;61.69;0
311460;CARRANCAS;MG;2026-03;252.0;12013.96;2026-03;298.0;326.0;84.56;77.3;0
311470;CARVALHÓPOLIS;MG;2026-03;201.0;10088.48;2026-03;290.0;319.0;69.31;63.01;0
311480;CARVALHOS;MG;2026-03;552.0;25739.41;2026-03;744.0;814.0;74.19;67.81;0
311490;CASA GRANDE;MG;2026-03;147.0;7305.93;2026-03;213.0;236.0;69.01;62.29;0
311500;CASCALHO RICO;MG;2026-03;208.0;10638.48;2026-03;338.0;351.0;61.54;59.26;0
311510;CÁSSIA;MG;2026-03;1962.0;99938.84;2026-03;2183.0;2376.0;89.88;82.58;0
311520;CONCEIÇÃO DA BARRA DE MINAS;MG;2026-03;401.0;19747.02;2026-03;528.0;567.0;75.95;70.72;0
311530;CATAGUASES;MG;2026-03;4888.0;233265.72;2026-03;5828.0;6303.0;83.87;77.55;0
311535;CATAS ALTAS;MG;2026-03;393.0;19579.3;2026-03;690.0;725.0;56.96;54.21;0
311540;CATAS ALTAS DA NORUEGA;MG;2026-03;304.0;14556.78;2026-03;409.0;452.0;74.33;67.26;0
311545;CATUJI;MG;2026-03;898.0;41773.46;2026-03;1702.0;1808.0;52.76;49.67;0
311547;CATUTI;MG;2026-03;826.0;38155.77;2026-03;1195.0;1313.0;69.12;62.91;0
311550;CAXAMBU;MG;2026-03;2316.0;114950.42;2026-03;2034.0;2238.0;113.86;103.49;0
311560;CEDRO DO ABAETÉ;MG;2026-03;131.0;6525.13;2026-03;138.0;150.0;94.93;87.33;0
311570;CENTRAL DE MINAS;MG;2026-03;626.0;30596.47;2026-03;791.0;865.0;79.14;72.37;0
311580;CENTRALINA;MG;2026-03;792.0;39047.99;2026-03;1049.0;1149.0;75.5;68.93;0
311590;CHÁCARA;MG;2026-03;305.0;14825.72;2026-03;503.0;533.0;60.64;57.22;0
311600;CHALÉ;MG;2026-03;696.0;34176.24;2026-03;992.0;1157.0;70.16;60.16;0
311610;CHAPADA DO NORTE;MG;2026-03;1438.0;67038.35;2026-03;1711.0;1818.0;84.04;79.1;0
311615;CHAPADA GAÚCHA;MG;2026-03;1520.0;73514.26;2026-03;2837.0;3111.0;53.58;48.86;0
311620;CHIADOR;MG;2026-03;288.0;13301.98;2026-03;372.0;396.0;77.42;72.73;0
311630;CIPOTÂNEA;MG;2026-03;821.0;37864.59;2026-03;847.0;949.0;96.93;86.51;0
311640;CLARAVAL;MG;2026-03;377.0;18974.37;2026-03;528.0;592.0;71.4;63.68;0
311650;CLARO DOS POÇÕES;MG;2026-03;1066.0;48751.44;2026-03;1230.0;1359.0;86.67;78.44;0
311660;CLÁUDIO;MG;2026-03;1840.0;92644.98;2026-03;1971.0;2145.0;93.35;85.78;0
311670;COIMBRA;MG;2026-03;814.0;35863.87;2026-03;955.0;1058.0;85.24;76.94;0
311680;COLUNA;MG;2026-03;1291.0;60356.74;2026-03;1664.0;1808.0;77.58;71.4;0
311690;COMENDADOR GOMES;MG;2026-03;115.0;5717.79;2026-03;357.0;374.0;32.21;30.75;0
311700;COMERCINHO;MG;2026-03;1091.0;51700.89;2026-03;1439.0;1508.0;75.82;72.35;0
311710;CONCEIÇÃO DA APARECIDA;MG;2026-03;643.0;32235.71;2026-03;894.0;1037.0;71.92;62.01;0
311720;CONCEIÇÃO DAS PEDRAS;MG;2026-03;321.0;15709.84;2026-03;366.0;410.0;87.7;78.29;0
311730;CONCEIÇÃO DAS ALAGOAS;MG;2026-03;1894.0;96338.79;2026-03;3150.0;3432.0;60.13;55.19;0
311740;CONCEIÇÃO DE IPANEMA;MG;2026-03;413.0;20023.9;2026-03;877.0;914.0;47.09;45.19;0
311750;CONCEIÇÃO DO MATO DENTRO;MG;2026-03;1592.0;76095.97;2026-03;2494.0;2691.0;63.83;59.16;0
311760;CONCEIÇÃO DO PARÁ;MG;2026-03;465.0;22822.17;2026-03;552.0;591.0;84.24;78.68;0
311770;CONCEIÇÃO DO RIO VERDE;MG;2026-03;1280.0;62633.23;2026-03;1457.0;1550.0;87.85;82.58;0
311780;CONCEIÇÃO DOS OUROS;MG;2026-03;986.0;49509.49;2026-03;1036.0;1152.0;95.17;85.59;0
311783;CÔNEGO MARINHO;MG;2026-03;999.0;46091.76;2026-03;1569.0;1758.0;63.67;56.83;0
311787;CONFINS;MG;2026-03;337.0;17237.63;2026-03;434.0;467.0;77.65;72.16;0
311790;CONGONHAL;MG;2026-03;748.0;37703.67;2026-03;934.0;1049.0;80.09;71.31;0
311800;CONGONHAS;MG;2026-03;2561.0;128372.44;2026-03;3656.0;3963.0;70.05;64.62;0
311810;CONGONHAS DO NORTE;MG;2026-03;453.0;20456.75;2026-03;720.0;777.0;62.92;58.3;0
311820;CONQUISTA;MG;2026-03;479.0;23716.33;2026-03;688.0;753.0;69.62;63.61;0
311830;CONSELHEIRO LAFAIETE;MG;2026-03;5475.0;273501.75;2026-03;6637.0;7370.0;82.49;74.29;0
311840;CONSELHEIRO PENA;MG;2026-03;2328.0;117020.51;2026-03;2641.0;2894.0;88.15;80.44;0
311850;CONSOLAÇÃO;MG;2026-03;216.0;10148.74;2026-03;282.0;315.0;76.6;68.57;0
311860;CONTAGEM;MG;2026-03;29216.0;1465786.57;2026-03;57826.0;63635.0;50.52;45.91;0
311870;COQUEIRAL;MG;2026-03;697.0;34989.88;2026-03;1064.0;1175.0;65.51;59.32;0
311880;CORAÇÃO DE JESUS;MG;2026-03;3817.0;176464.16;2026-03;4567.0;4880.0;83.58;78.22;0
311890;CORDISBURGO;MG;2026-03;1078.0;53666.7;2026-03;1272.0;1405.0;84.75;76.73;0
311900;CORDISLÂNDIA;MG;2026-03;451.0;22275.58;2026-03;500.0;542.0;90.2;83.21;0
311910;CORINTO;MG;2026-03;3192.0;160999.05;2026-03;3519.0;3662.0;90.71;87.17;0
311920;COROACI;MG;2026-03;981.0;47677.18;2026-03;1493.0;1615.0;65.71;60.74;0
311930;COROMANDEL;MG;2026-03;2149.0;105960.78;2026-03;2854.0;3171.0;75.3;67.77;0
311940;CORONEL FABRICIANO;MG;2026-03;8415.0;428556.12;2026-03;8312.0;9050.0;101.24;92.98;0
311950;CORONEL MURTA;MG;2026-03;1396.0;68531.02;2026-03;1694.0;1772.0;82.41;78.78;0
311960;CORONEL PACHECO;MG;2026-03;194.0;9584.58;2026-03;284.0;303.0;68.31;64.03;0
311970;CORONEL XAVIER CHAVES;MG;2026-03;229.0;11556.49;2026-03;254.0;271.0;90.16;84.5;0
311980;CÓRREGO DANTA;MG;2026-03;114.0;5171.03;2026-03;225.0;237.0;50.67;48.1;0
311990;CÓRREGO DO BOM JESUS;MG;2026-03;255.0;9808.42;2026-03;271.0;302.0;94.1;84.44;0
311995;CÓRREGO FUNDO;MG;2026-03;297.0;14930.45;2026-03;321.0;340.0;92.52;87.35;0
312000;CÓRREGO NOVO;MG;2026-03;428.0;20660.8;2026-03;545.0;588.0;78.53;72.79;0
312010;COUTO DE MAGALHÃES DE MINAS;MG;2026-03;799.0;38310.32;2026-03;928.0;974.0;86.1;82.03;0
312015;CRISÓLITA;MG;2026-03;528.0;24740.62;2026-03;979.0;1082.0;53.93;48.8;0
312020;CRISTAIS;MG;2026-03;955.0;47664.37;2026-03;1201.0;1324.0;79.52;72.13;0
312030;CRISTÁLIA;MG;2026-03;1072.0;49998.63;2026-03;1632.0;1703.0;65.69;62.95;0
312040;CRISTIANO OTONI;MG;2026-03;365.0;18114.7;2026-03;475.0;514.0;76.84;71.01;0
312050;CRISTINA;MG;2026-03;765.0;37474.05;2026-03;991.0;1083.0;77.19;70.64;0
312060;CRUCILÂNDIA;MG;2026-03;408.0;20325.53;2026-03;560.0;607.0;72.86;67.22;0
312070;CRUZEIRO DA FORTALEZA;MG;2026-03;343.0;16811.05;2026-03;534.0;554.0;64.23;61.91;0
312080;CRUZÍLIA;MG;2026-03;2242.0;109116.0;2026-03;2251.0;2418.0;99.6;92.72;0
312083;CUPARAQUE;MG;2026-03;386.0;19725.24;2026-03;637.0;748.0;60.6;51.6;0
312087;CURRAL DE DENTRO;MG;2026-03;1430.0;69162.94;2026-03;2022.0;2088.0;70.72;68.49;0
312090;CURVELO;MG;2026-03;8816.0;447370.39;2026-03;8377.0;9154.0;105.24;96.31;0
312100;DATAS;MG;2026-03;965.0;47335.77;2026-03;1201.0;1282.0;80.35;75.27;0
312110;DELFIM MOREIRA;MG;2026-03;708.0;33798.77;2026-03;905.0;937.0;78.23;75.56;0
312120;DELFINÓPOLIS;MG;2026-03;474.0;23861.18;2026-03;709.0;771.0;66.85;61.48;0
312125;DELTA;MG;2026-03;541.0;27647.82;2026-03;1587.0;1716.0;34.09;31.53;0
312130;DESCOBERTO;MG;2026-03;603.0;29386.4;2026-03;805.0;882.0;74.91;68.37;0
312140;DESTERRO DE ENTRE RIOS;MG;2026-03;539.0;24477.11;2026-03;592.0;626.0;91.05;86.1;0
312150;DESTERRO DO MELO;MG;2026-03;308.0;14183.81;2026-03;476.0;497.0;64.71;61.97;0
312160;DIAMANTINA;MG;2026-03;5490.0;265144.89;2026-03;6220.0;6892.0;88.26;79.66;0
312170;DIOGO DE VASCONCELOS;MG;2026-03;495.0;23569.43;2026-03;560.0;588.0;88.39;84.18;0
312180;DIONÍSIO;MG;2026-03;771.0;37799.25;2026-03;1027.0;1102.0;75.07;69.96;0
312190;DIVINÉSIA;MG;2026-03;427.0;19437.53;2026-03;590.0;630.0;72.37;67.78;0
312200;DIVINO;MG;2026-03;2197.0;106836.59;2026-03;2965.0;3240.0;74.1;67.81;0
312210;DIVINO DAS LARANJEIRAS;MG;2026-03;481.0;23448.78;2026-03;789.0;861.0;60.96;55.87;0
312220;DIVINOLÂNDIA DE MINAS;MG;2026-03;1085.0;53442.44;2026-03;1365.0;1459.0;79.49;74.37;0
312230;DIVINÓPOLIS;MG;2026-03;13877.0;706551.66;2026-03;14917.0;16745.0;93.03;82.87;0
312235;DIVISA ALEGRE;MG;2026-03;1125.0;54638.76;2026-03;1482.0;1662.0;75.91;67.69;0
312240;DIVISA NOVA;MG;2026-03;552.0;27961.59;2026-03;573.0;621.0;96.34;88.89;0
312245;DIVISÓPOLIS;MG;2026-03;1489.0;65730.03;2026-03;2566.0;2722.0;58.03;54.7;0
312247;DOM BOSCO;MG;2026-03;365.0;16960.16;2026-03;483.0;533.0;75.57;68.48;0
312250;DOM CAVATI;MG;2026-03;506.0;24590.81;2026-03;548.0;612.0;92.34;82.68;0
312260;DOM JOAQUIM;MG;2026-03;522.0;24674.83;2026-03;730.0;786.0;71.51;66.41;0
312270;DOM SILVÉRIO;MG;2026-03;435.0;22095.05;2026-03;576.0;615.0;75.52;70.73;0
312280;DOM VIÇOSO;MG;2026-03;352.0;17299.26;2026-03;395.0;409.0;89.11;86.06;0
312290;DONA EUSÉBIA;MG;2026-03;634.0;27873.74;2026-03;807.0;853.0;78.56;74.33;0
312300;DORES DE CAMPOS;MG;2026-03;637.0;31183.1;2026-03;881.0;960.0;72.3;66.35;0
312310;DORES DE GUANHÃES;MG;2026-03;511.0;24674.9;2026-03;852.0;907.0;59.98;56.34;0
312320;DORES DO INDAIÁ;MG;2026-03;1175.0;58679.96;2026-03;1074.0;1216.0;109.4;96.63;0
312330;DORES DO TURVO;MG;2026-03;481.0;23688.45;2026-03;694.0;753.0;69.31;63.88;0
312340;DORESÓPOLIS;MG;2026-03;119.0;5932.31;2026-03;154.0;168.0;77.27;70.83;0
312350;DOURADOQUARA;MG;2026-03;120.0;5764.56;2026-03;207.0;211.0;57.97;56.87;0
312352;DURANDÉ;MG;2026-03;783.0;36519.92;2026-03;1278.0;1373.0;61.27;57.03;0
312360;ELÓI MENDES;MG;2026-03;2176.0;111494.62;2026-03;2442.0;2656.0;89.11;81.93;0
312370;ENGENHEIRO CALDAS;MG;2026-03;1176.0;58202.8;2026-03;1421.0;1577.0;82.76;74.57;0
312380;ENGENHEIRO NAVARRO;MG;2026-03;1035.0;48644.83;2026-03;1391.0;1465.0;74.41;70.65;0
312385;ENTRE FOLHAS;MG;2026-03;654.0;32071.2;2026-03;965.0;1063.0;67.77;61.52;0
312390;ENTRE RIOS DE MINAS;MG;2026-03;1198.0;58357.5;2026-03;1347.0;1471.0;88.94;81.44;0
312400;ERVÁLIA;MG;2026-03;1971.0;90408.37;2026-03;2664.0;2843.0;73.99;69.33;0
312410;ESMERALDAS;MG;2026-03;5317.0;258443.15;2026-03;12752.0;13814.0;41.7;38.49;0
312420;ESPERA FELIZ;MG;2026-03;2393.0;117898.01;2026-03;3075.0;3412.0;77.82;70.13;0
312430;ESPINOSA;MG;2026-03;4757.0;226866.26;2026-03;6004.0;6393.0;79.23;74.41;0
312440;ESPÍRITO SANTO DO DOURADO;MG;2026-03;382.0;19206.72;2026-03;1009.0;1101.0;37.86;34.7;0
312450;ESTIVA;MG;2026-03;633.0;22932.3;2026-03;959.0;1048.0;66.01;60.4;0
312460;ESTRELA DALVA;MG;2026-03;220.0;11020.0;2026-03;328.0;344.0;67.07;63.95;0
312470;ESTRELA DO INDAIÁ;MG;2026-03;248.0;12232.7;2026-03;236.0;256.0;105.08;96.88;0
312480;ESTRELA DO SUL;MG;2026-03;502.0;25530.77;2026-03;751.0;797.0;66.84;62.99;0
312490;EUGENÓPOLIS;MG;2026-03;1631.0;75789.96;2026-03;1727.0;1897.0;94.44;85.98;0
312500;EWBANK DA CÂMARA;MG;2026-03;554.0;26753.31;2026-03;647.0;711.0;85.63;77.92;0
312510;EXTREMA;MG;2026-03;1939.0;72248.35;2026-03;3278.0;3481.0;59.15;55.7;0
312520;FAMA;MG;2026-03;177.0;9030.66;2026-03;245.0;266.0;72.24;66.54;0
312530;FARIA LEMOS;MG;2026-03;401.0;19723.85;2026-03;581.0;632.0;69.02;63.45;0
312540;FELÍCIO DOS SANTOS;MG;2026-03;740.0;34255.27;2026-03;1007.0;1063.0;73.49;69.61;0
312550;SÃO GONÇALO DO RIO PRETO;MG;2026-03;385.0;18153.87;2026-03;519.0;550.0;74.18;70.0;0
312560;FELISBURGO;MG;2026-03;1026.0;47628.35;2026-03;1306.0;1408.0;78.56;72.87;0
312570;FELIXLÂNDIA;MG;2026-03;1760.0;85268.25;2026-03;1828.0;1951.0;96.28;90.21;0
312580;FERNANDES TOURINHO;MG;2026-03;297.0;14859.01;2026-03;350.0;382.0;84.86;77.75;0
312590;FERROS;MG;2026-03;969.0;45003.38;2026-03;1156.0;1193.0;83.82;81.22;0
312595;FERVEDOURO;MG;2026-03;971.0;47802.77;2026-03;1670.0;1814.0;58.14;53.53;0
312600;FLORESTAL;MG;2026-03;532.0;26483.35;2026-03;692.0;745.0;76.88;71.41;0
312610;FORMIGA;MG;2026-03;4086.0;205710.75;2026-03;3647.0;3922.0;112.04;104.18;0
312620;FORMOSO;MG;2026-03;920.0;43328.48;2026-03;1751.0;1831.0;52.54;50.25;0
312630;FORTALEZA DE MINAS;MG;2026-03;205.0;10063.32;2026-03;221.0;245.0;92.76;83.67;0
312640;FORTUNA DE MINAS;MG;2026-03;289.0;14550.1;2026-03;426.0;450.0;67.84;64.22;0
312650;FRANCISCO BADARÓ;MG;2026-03;1149.0;51953.68;2026-03;1342.0;1396.0;85.62;82.31;0
312660;FRANCISCO DUMONT;MG;2026-03;674.0;32581.89;2026-03;954.0;1018.0;70.65;66.21;0
312670;FRANCISCO SÁ;MG;2026-03;3049.0;146221.65;2026-03;4616.0;4816.0;66.05;63.31;0
312675;FRANCISCÓPOLIS;MG;2026-03;395.0;18926.65;2026-03;793.0;843.0;49.81;46.86;0
312680;FREI GASPAR;MG;2026-03;607.0;28895.36;2026-03;1100.0;1277.0;55.18;47.53;0
312690;FREI INOCÊNCIO;MG;2026-03;1312.0;65262.08;2026-03;1666.0;1798.0;78.75;72.97;0
312695;FREI LAGONEGRO;MG;2026-03;459.0;21374.98;2026-03;812.0;863.0;56.53;53.19;0
312700;FRONTEIRA;MG;2026-03;988.0;49873.24;2026-03;1447.0;1511.0;68.28;65.39;0
312705;FRONTEIRA DOS VALES;MG;2026-03;716.0;33483.31;2026-03;1646.0;1817.0;43.5;39.41;0
312707;FRUTA DE LEITE;MG;2026-03;639.0;27589.18;2026-03;861.0;896.0;74.22;71.32;0
312710;FRUTAL;MG;2026-03;4416.0;227104.44;2026-03;4837.0;5270.0;91.3;83.8;0
312720;FUNILÂNDIA;MG;2026-03;519.0;25131.21;2026-03;720.0;763.0;72.08;68.02;0
312730;GALILÉIA;MG;2026-03;756.0;37459.04;2026-03;880.0;998.0;85.91;75.75;0
312733;GAMELEIRAS;MG;2026-03;679.0;31958.98;2026-03;1069.0;1115.0;63.52;60.9;0
312735;GLAUCILÂNDIA;MG;2026-03;375.0;17593.16;2026-03;534.0;565.0;70.22;66.37;0
312737;GOIABEIRA;MG;2026-03;282.0;13474.35;2026-03;531.0;584.0;53.11;48.29;0
312738;GOIANÁ;MG;2026-03;440.0;22251.18;2026-03;563.0;607.0;78.15;72.49;0
312740;GONÇALVES;MG;2026-03;196.0;9266.1;2026-03;278.0;301.0;70.5;65.12;0
312750;GONZAGA;MG;2026-03;755.0;36022.75;2026-03;842.0;934.0;89.67;80.84;0
312760;GOUVEIA;MG;2026-03;1090.0;52317.77;2026-03;1195.0;1284.0;91.21;84.89;0
312770;GOVERNADOR VALADARES;MG;2026-03;20152.0;1033807.68;2026-03;20614.0;24599.0;97.76;81.92;0
312780;GRÃO MOGOL;MG;2026-03;1346.0;62655.43;2026-03;2035.0;2201.0;66.14;61.15;0
312790;GRUPIARA;MG;2026-03;56.0;2835.49;2026-03;62.0;68.0;90.32;82.35;0
312800;GUANHÃES;MG;2026-03;3801.0;188401.84;2026-03;4773.0;5153.0;79.64;73.76;0
312810;GUAPÉ;MG;2026-03;725.0;35757.57;2026-03;974.0;1124.0;74.44;64.5;0
312820;GUARACIABA;MG;2026-03;769.0;35612.26;2026-03;1191.0;1280.0;64.57;60.08;0
312825;GUARACIAMA;MG;2026-03;821.0;38262.67;2026-03;1139.0;1225.0;72.08;67.02;0
312830;GUARANÉSIA;MG;2026-03;984.0;49908.77;2026-03;1256.0;1387.0;78.34;70.94;0
312840;GUARANI;MG;2026-03;789.0;38044.76;2026-03;970.0;1030.0;81.34;76.6;0
312850;GUARARÁ;MG;2026-03;411.0;20345.12;2026-03;652.0;703.0;63.04;58.46;0
312860;GUARDA-MOR;MG;2026-03;378.0;19278.68;2026-03;751.0;811.0;50.33;46.61;0
312870;GUAXUPÉ;MG;2026-03;3166.0;162335.58;2026-03;3661.0;3855.0;86.48;82.13;0
312880;GUIDOVAL;MG;2026-03;802.0;38770.63;2026-03;1189.0;1267.0;67.45;63.3;0
312890;GUIMARÂNIA;MG;2026-03;988.0;49309.01;2026-03;1323.0;1421.0;74.68;69.53;0
312900;GUIRICEMA;MG;2026-03;609.0;28377.44;2026-03;897.0;967.0;67.89;62.98;0
312910;GURINHATÃ;MG;2026-03;352.0;16517.46;2026-03;695.0;729.0;50.65;48.29;0
312920;HELIODORA;MG;2026-03;478.0;23313.73;2026-03;555.0;613.0;86.13;77.98;0
312930;IAPU;MG;2026-03;1045.0;51302.91;2026-03;1455.0;1615.0;71.82;64.71;0
312940;IBERTIOGA;MG;2026-03;656.0;30966.36;2026-03;770.0;797.0;85.19;82.31;0
312950;IBIÁ;MG;2026-03;1358.0;67323.23;2026-03;2107.0;2349.0;64.45;57.81;0
312960;IBIAÍ;MG;2026-03;968.0;46755.67;2026-03;1556.0;1617.0;62.21;59.86;0
312965;IBIRACATU;MG;2026-03;900.0;39129.21;2026-03;1074.0;1138.0;83.8;79.09;0
312970;IBIRACI;MG;2026-03;810.0;42473.9;2026-03;1341.0;1450.0;60.4;55.86;0
312980;IBIRITÉ;MG;2026-03;8057.0;398478.4;2026-03;17176.0;18915.0;46.91;42.6;0
312990;IBITIÚRA DE MINAS;MG;2026-03;186.0;9000.64;2026-03;281.0;316.0;66.19;58.86;0
313000;IBITURUNA;MG;2026-03;293.0;14567.06;2026-03;296.0;343.0;98.99;85.42;0
313005;ICARAÍ DE MINAS;MG;2026-03;1314.0;62429.19;2026-03;1800.0;1937.0;73.0;67.84;0
313010;IGARAPÉ;MG;2026-03;3125.0;157535.38;2026-03;4233.0;4719.0;73.82;66.22;0
313020;IGARATINGA;MG;2026-03;661.0;33629.13;2026-03;787.0;849.0;83.99;77.86;0
313030;IGUATAMA;MG;2026-03;472.0;23040.66;2026-03;527.0;582.0;89.56;81.1;0
313040;IJACI;MG;2026-03;720.0;36783.77;2026-03;751.0;809.0;95.87;89.0;0
313050;ILICÍNEA;MG;2026-03;928.0;46669.67;2026-03;1279.0;1412.0;72.56;65.72;0
313055;IMBÉ DE MINAS;MG;2026-03;780.0;37484.67;2026-03;1359.0;1497.0;57.4;52.1;0
313060;INCONFIDENTES;MG;2026-03;438.0;21479.13;2026-03;777.0;861.0;56.37;50.87;0
313065;INDAIABIRA;MG;2026-03;841.0;39332.6;2026-03;1448.0;1503.0;58.08;55.95;0
313070;INDIANÓPOLIS;MG;2026-03;389.0;19591.68;2026-03;543.0;599.0;71.64;64.94;0
313080;INGAÍ;MG;2026-03;150.0;7445.8;2026-03;249.0;273.0;60.24;54.95;0
313090;INHAPIM;MG;2026-03;2951.0;143972.88;2026-03;3869.0;4315.0;76.27;68.39;0
313100;INHAÚMA;MG;2026-03;711.0;35834.43;2026-03;984.0;1043.0;72.26;68.17;0
313110;INIMUTABA;MG;2026-03;974.0;47569.75;2026-03;1050.0;1129.0;92.76;86.27;0
313115;IPABA;MG;2026-03;1315.0;65573.11;2026-03;1604.0;1798.0;81.98;73.14;0
313120;IPANEMA;MG;2026-03;2129.0;105344.52;2026-03;2509.0;2711.0;84.85;78.53;0
313130;IPATINGA;MG;2026-03;17336.0;892310.52;2026-03;17018.0;20241.0;101.87;85.65;0
313140;IPIAÇU;MG;2026-03;350.0;17336.58;2026-03;548.0;595.0;63.87;58.82;0
313150;IPUIÚNA;MG;2026-03;628.0;30449.05;2026-03;656.0;767.0;95.73;81.88;0
313160;IRAÍ DE MINAS;MG;2026-03;498.0;25129.49;2026-03;838.0;955.0;59.43;52.15;0
313170;ITABIRA;MG;2026-03;5627.0;282783.23;2026-03;6749.0;7488.0;83.38;75.15;0
313180;ITABIRINHA;MG;2026-03;1334.0;65609.16;2026-03;1856.0;2036.0;71.88;65.52;0
313190;ITABIRITO;MG;2026-03;1951.0;98229.4;2026-03;3075.0;3364.0;63.45;58.0;0
313200;ITACAMBIRA;MG;2026-03;400.0;18290.27;2026-03;809.0;895.0;49.44;44.69;0
313210;ITACARAMBI;MG;2026-03;2190.0;103879.71;2026-03;3279.0;3532.0;66.79;62.0;0
313220;ITAGUARA;MG;2026-03;753.0;38074.61;2026-03;1042.0;1160.0;72.26;64.91;0
313230;ITAIPÉ;MG;2026-03;1254.0;56876.31;2026-03;2293.0;2452.0;54.69;51.14;0
313240;ITAJUBÁ;MG;2026-03;5578.0;282230.3;2026-03;6807.0;7409.0;81.95;75.29;0
313250;ITAMARANDIBA;MG;2026-03;4575.0;218304.51;2026-03;4558.0;4924.0;100.37;92.91;0
313260;ITAMARATI DE MINAS;MG;2026-03;400.0;18510.44;2026-03;491.0;523.0;81.47;76.48;0
313270;ITAMBACURI;MG;2026-03;2086.0;102511.78;2026-03;3333.0;3786.0;62.59;55.1;0
313280;ITAMBÉ DO MATO DENTRO;MG;2026-03;260.0;12472.85;2026-03;320.0;359.0;81.25;72.42;0
313290;ITAMOGI;MG;2026-03;558.0;22758.48;2026-03;836.0;925.0;66.75;60.32;0
313300;ITAMONTE;MG;2026-03;1008.0;50364.14;2026-03;1412.0;1526.0;71.39;66.06;0
313310;ITANHANDU;MG;2026-03;1051.0;53505.41;2026-03;1029.0;1138.0;102.14;92.36;0
313320;ITANHOMI;MG;2026-03;982.0;48386.69;2026-03;1167.0;1285.0;84.15;76.42;0
313330;ITAOBIM;MG;2026-03;3021.0;147838.01;2026-03;3152.0;3331.0;95.84;90.69;0
313340;ITAPAGIPE;MG;2026-03;1041.0;52864.95;2026-03;1190.0;1304.0;87.48;79.83;0
313350;ITAPECERICA;MG;2026-03;1617.0;79748.9;2026-03;1449.0;1654.0;111.59;97.76;0
313360;ITAPEVA;MG;2026-03;680.0;26552.57;2026-03;1009.0;1128.0;67.39;60.28;0
313370;ITATIAIUÇU;MG;2026-03;650.0;33064.21;2026-03;1142.0;1233.0;56.92;52.72;0
313375;ITAÚ DE MINAS;MG;2026-03;884.0;44894.82;2026-03;896.0;979.0;98.66;90.3;0
313380;ITAÚNA;MG;2026-03;3211.0;162333.93;2026-03;3933.0;4500.0;81.64;71.36;0
313390;ITAVERAVA;MG;2026-03;539.0;26176.39;2026-03;642.0;746.0;83.96;72.25;0
313400;ITINGA;MG;2026-03;1648.0;78636.23;2026-03;2649.0;2821.0;62.21;58.42;0
313410;ITUETA;MG;2026-03;506.0;25180.29;2026-03;1079.0;1165.0;46.9;43.43;0
313420;ITUIUTABA;MG;2026-03;8162.0;408512.46;2026-03;8191.0;9298.0;99.65;87.78;0
313430;ITUMIRIM;MG;2026-03;692.0;34492.04;2026-03;859.0;910.0;80.56;76.04;0
313440;ITURAMA;MG;2026-03;3164.0;162323.46;2026-03;5339.0;5597.0;59.26;56.53;0
313450;ITUTINGA;MG;2026-03;437.0;21191.17;2026-03;425.0;463.0;102.82;94.38;0
313460;JABOTICATUBAS;MG;2026-03;1227.0;57443.37;2026-03;1844.0;2144.0;66.54;57.23;0
313470;JACINTO;MG;2026-03;1451.0;68389.85;2026-03;2207.0;2312.0;65.75;62.76;0
313480;JACUÍ;MG;2026-03;555.0;27307.05;2026-03;811.0;871.0;68.43;63.72;0
313490;JACUTINGA;MG;2026-03;1037.0;52543.92;2026-03;1455.0;1560.0;71.27;66.47;0
313500;JAGUARAÇU;MG;2026-03;261.0;12927.84;2026-03;308.0;321.0;84.74;81.31;0
313505;JAÍBA;MG;2026-03;4543.0;225389.09;2026-03;7843.0;8250.0;57.92;55.07;0
313507;JAMPRUCA;MG;2026-03;421.0;20793.32;2026-03;782.0;860.0;53.84;48.95;0
313510;JANAÚBA;MG;2026-03;10092.0;508618.88;2026-03;10394.0;11291.0;97.09;89.38;0
313520;JANUÁRIA;MG;2026-03;10686.0;514772.72;2026-03;11759.0;13151.0;90.88;81.26;0
313530;JAPARAÍBA;MG;2026-03;212.0;10686.66;2026-03;261.0;314.0;81.23;67.52;0
313535;JAPONVAR;MG;2026-03;1542.0;70386.98;2026-03;1783.0;1885.0;86.48;81.8;0
313540;JECEABA;MG;2026-03;429.0;20244.56;2026-03;593.0;639.0;72.34;67.14;0
313545;JENIPAPO DE MINAS;MG;2026-03;772.0;36366.27;2026-03;948.0;985.0;81.43;78.38;0
313550;JEQUERI;MG;2026-03;1134.0;54200.48;2026-03;1807.0;1944.0;62.76;58.33;0
313560;JEQUITAÍ;MG;2026-03;1429.0;67944.48;2026-03;1942.0;2117.0;73.58;67.5;0
313570;JEQUITIBÁ;MG;2026-03;640.0;30070.71;2026-03;764.0;823.0;83.77;77.76;0
313580;JEQUITINHONHA;MG;2026-03;3317.0;161768.59;2026-03;4310.0;4603.0;76.96;72.06;0
313590;JESUÂNIA;MG;2026-03;703.0;33761.13;2026-03;847.0;896.0;83.0;78.46;0
313600;JOAÍMA;MG;2026-03;2228.0;108240.39;2026-03;3251.0;3564.0;68.53;62.51;0
313610;JOANÉSIA;MG;2026-03;548.0;26039.51;2026-03;721.0;781.0;76.01;70.17;0
313620;JOÃO MONLEVADE;MG;2026-03;4186.0;211660.64;2026-03;4253.0;4773.0;98.42;87.7;0
313630;JOÃO PINHEIRO;MG;2026-03;4516.0;226224.64;2026-03;5972.0;6449.0;75.62;70.03;0
313640;JOAQUIM FELÍCIO;MG;2026-03;514.0;24190.78;2026-03;805.0;879.0;63.85;58.48;0
313650;JORDÂNIA;MG;2026-03;947.0;45118.55;2026-03;1296.0;1347.0;73.07;70.3;0
313652;JOSÉ GONÇALVES DE MINAS;MG;2026-03;526.0;23545.46;2026-03;696.0;732.0;75.57;71.86;0
313655;JOSÉ RAYDAN;MG;2026-03;482.0;22946.22;2026-03;727.0;770.0;66.3;62.6;0
313657;JOSENÓPOLIS;MG;2026-03;451.0;19874.1;2026-03;747.0;790.0;60.37;57.09;0
313660;NOVA UNIÃO;MG;2026-03;583.0;28088.28;2026-03;914.0;999.0;63.79;58.36;0
313665;JUATUBA;MG;2026-03;2538.0;124996.6;2026-03;3978.0;4307.0;63.8;58.93;0
313670;JUIZ DE FORA;MG;2026-03;27074.0;1353360.12;2026-03;37822.0;41949.0;71.58;64.54;0
313680;JURAMENTO;MG;2026-03;646.0;30281.94;2026-03;756.0;835.0;85.45;77.37;0
313690;JURUAIA;MG;2026-03;528.0;26539.1;2026-03;755.0;853.0;69.93;61.9;0
313695;JUVENÍLIA;MG;2026-03;888.0;41487.15;2026-03;1306.0;1350.0;67.99;65.78;0
313700;LADAINHA;MG;2026-03;1507.0;69688.13;2026-03;2595.0;2722.0;58.07;55.36;0
313710;LAGAMAR;MG;2026-03;566.0;27581.1;2026-03;751.0;832.0;75.37;68.03;0
313720;LAGOA DA PRATA;MG;2026-03;4655.0;241107.27;2026-03;4124.0;4531.0;112.88;102.74;0
313730;LAGOA DOS PATOS;MG;2026-03;603.0;27469.34;2026-03;834.0;904.0;72.3;66.7;0
313740;LAGOA DOURADA;MG;2026-03;1402.0;72565.54;2026-03;1424.0;1578.0;98.46;88.85;0
313750;LAGOA FORMOSA;MG;2026-03;1304.0;64386.43;2026-03;1844.0;1991.0;70.72;65.49;0
313753;LAGOA GRANDE;MG;2026-03;741.0;37083.06;2026-03;1129.0;1222.0;65.63;60.64;0
313760;LAGOA SANTA;MG;2026-03;4051.0;207152.4;2026-03;5504.0;5862.0;73.6;69.11;0
313770;LAJINHA;MG;2026-03;2038.0;100138.16;2026-03;3061.0;3450.0;66.58;59.07;0
313780;LAMBARI;MG;2026-03;2438.0;120732.47;2026-03;2560.0;2756.0;95.23;88.46;0
313790;LAMIM;MG;2026-03;349.0;16514.91;2026-03;471.0;512.0;74.1;68.16;0
313800;LARANJAL;MG;2026-03;596.0;28261.43;2026-03;737.0;791.0;80.87;75.35;0
313810;LASSANCE;MG;2026-03;828.0;41264.2;2026-03;1385.0;1454.0;59.78;56.95;0
313820;LAVRAS;MG;2026-03;7115.0;365136.6;2026-03;8269.0;9079.0;86.04;78.37;0
313830;LEANDRO FERREIRA;MG;2026-03;269.0;13105.79;2026-03;331.0;347.0;81.27;77.52;0
313835;LEME DO PRADO;MG;2026-03;513.0;24600.87;2026-03;626.0;667.0;81.95;76.91;0
313840;LEOPOLDINA;MG;2026-03;4806.0;228240.46;2026-03;5831.0;6165.0;82.42;77.96;0
313850;LIBERDADE;MG;2026-03;631.0;29047.52;2026-03;662.0;726.0;95.32;86.91;0
313860;LIMA DUARTE;MG;2026-03;2005.0;96684.6;2026-03;2213.0;2370.0;90.6;84.6;0
313862;LIMEIRA DO OESTE;MG;2026-03;245.0;12151.17;2026-03;466.0;497.0;52.58;49.3;0
313865;LONTRA;MG;2026-03;1615.0;74882.03;2026-03;1843.0;1999.0;87.63;80.79;0
313867;LUISBURGO;MG;2026-03;608.0;27178.77;2026-03;1065.0;1199.0;57.09;50.71;0
313868;LUISLÂNDIA;MG;2026-03;980.0;46483.2;2026-03;1343.0;1406.0;72.97;69.7;0
313870;LUMINÁRIAS;MG;2026-03;497.0;24642.53;2026-03;669.0;705.0;74.29;70.5;0
313880;LUZ;MG;2026-03;1284.0;64471.54;2026-03;1558.0;1675.0;82.41;76.66;0
313890;MACHACALIS;MG;2026-03;1163.0;55971.49;2026-03;1450.0;1673.0;80.21;69.52;0
313900;MACHADO;MG;2026-03;2901.0;148034.25;2026-03;3526.0;3877.0;82.27;74.83;0
313910;MADRE DE DEUS DE MINAS;MG;2026-03;487.0;23503.09;2026-03;524.0;565.0;92.94;86.19;0
313920;MALACACHETA;MG;2026-03;1755.0;80797.35;2026-03;2262.0;2491.0;77.59;70.45;0
313925;MAMONAS;MG;2026-03;862.0;40214.1;2026-03;1042.0;1151.0;82.73;74.89;0
313930;MANGA;MG;2026-03;2480.0;118957.84;2026-03;3854.0;4104.0;64.35;60.43;0
313940;MANHUAÇU;MG;2026-03;5603.0;254606.36;2026-03;6906.0;7753.0;81.13;72.27;0
313950;MANHUMIRIM;MG;2026-03;2668.0;123219.28;2026-03;3396.0;3856.0;78.56;69.19;0
313960;MANTENA;MG;2026-03;2851.0;143835.9;2026-03;3403.0;3745.0;83.78;76.13;0
313970;MARAVILHAS;MG;2026-03;865.0;44471.43;2026-03;1169.0;1244.0;73.99;69.53;0
313980;MAR DE ESPANHA;MG;2026-03;810.0;41269.14;2026-03;1095.0;1192.0;73.97;67.95;0
313990;MARIA DA FÉ;MG;2026-03;1426.0;69937.98;2026-03;1772.0;1914.0;80.47;74.5;0
314000;MARIANA;MG;2026-03;3637.0;177912.46;2026-03;7632.0;8306.0;47.65;43.79;0
314010;MARILAC;MG;2026-03;808.0;40503.14;2026-03;893.0;974.0;90.48;82.96;0
314015;MÁRIO CAMPOS;MG;2026-03;1205.0;60700.39;2026-03;1627.0;1848.0;74.06;65.21;0
314020;MARIPÁ DE MINAS;MG;2026-03;325.0;16587.88;2026-03;337.0;357.0;96.44;91.04;0
314030;MARLIÉRIA;MG;2026-03;387.0;18985.11;2026-03;513.0;557.0;75.44;69.48;0
314040;MARMELÓPOLIS;MG;2026-03;364.0;17373.97;2026-03;475.0;517.0;76.63;70.41;0
314050;MARTINHO CAMPOS;MG;2026-03;1226.0;61071.15;2026-03;1587.0;1729.0;77.25;70.91;0
314053;MARTINS SOARES;MG;2026-03;960.0;44131.49;2026-03;1442.0;1624.0;66.57;59.11;0
314055;MATA VERDE;MG;2026-03;1199.0;55613.84;2026-03;1870.0;2035.0;64.12;58.92;0
314060;MATERLÂNDIA;MG;2026-03;603.0;28801.0;2026-03;891.0;945.0;67.68;63.81;0
314070;MATEUS LEME;MG;2026-03;2070.0;101060.95;2026-03;3157.0;3485.0;65.57;59.4;0
314080;MATIAS BARBOSA;MG;2026-03;1086.0;54789.86;2026-03;1510.0;1614.0;71.92;67.29;0
314085;MATIAS CARDOSO;MG;2026-03;1093.0;51510.31;2026-03;1880.0;1986.0;58.14;55.04;0
314090;MATIPÓ;MG;2026-03;2723.0;130754.58;2026-03;3493.0;3809.0;77.96;71.49;0
314100;MATO VERDE;MG;2026-03;1931.0;94379.84;2026-03;2265.0;2389.0;85.25;80.83;0
314110;MATOZINHOS;MG;2026-03;2755.0;138914.09;2026-03;3265.0;3574.0;84.38;77.08;0
314120;MATUTINA;MG;2026-03;174.0;8311.46;2026-03;269.0;302.0;64.68;57.62;0
314130;MEDEIROS;MG;2026-03;215.0;10732.77;2026-03;415.0;471.0;51.81;45.65;0
314140;MEDINA;MG;2026-03;2889.0;139041.48;2026-03;3074.0;3404.0;93.98;84.87;0
314150;MENDES PIMENTEL;MG;2026-03;675.0;32986.46;2026-03;790.0;893.0;85.44;75.59;0
314160;MERCÊS;MG;2026-03;1247.0;55847.97;2026-03;1402.0;1584.0;88.94;78.72;0
314170;MESQUITA;MG;2026-03;427.0;21280.61;2026-03;614.0;676.0;69.54;63.17;0
314180;MINAS NOVAS;MG;2026-03;2950.0;140476.56;2026-03;3660.0;3967.0;80.6;74.36;0
314190;MINDURI;MG;2026-03;338.0;16908.87;2026-03;419.0;452.0;80.67;74.78;0
314200;MIRABELA;MG;2026-03;2055.0;93974.17;2026-03;2497.0;2613.0;82.3;78.65;0
314210;MIRADOURO;MG;2026-03;866.0;38831.33;2026-03;1095.0;1194.0;79.09;72.53;0
314220;MIRAÍ;MG;2026-03;1150.0;53551.23;2026-03;1401.0;1510.0;82.08;76.16;0
314225;MIRAVÂNIA;MG;2026-03;519.0;23042.23;2026-03;813.0;846.0;63.84;61.35;0
314230;MOEDA;MG;2026-03;437.0;21525.97;2026-03;550.0;624.0;79.45;70.03;0
314240;MOEMA;MG;2026-03;680.0;33713.91;2026-03;859.0;902.0;79.16;75.39;0
314250;MONJOLOS;MG;2026-03;249.0;11924.99;2026-03;341.0;346.0;73.02;71.97;0
314260;MONSENHOR PAULO;MG;2026-03;551.0;27950.02;2026-03;756.0;810.0;72.88;68.02;0
314270;MONTALVÂNIA;MG;2026-03;1978.0;94026.6;2026-03;2571.0;2669.0;76.94;74.11;0
314280;MONTE ALEGRE DE MINAS;MG;2026-03;1735.0;84533.22;2026-03;2217.0;2354.0;78.26;73.7;0
314290;MONTE AZUL;MG;2026-03;3353.0;158905.06;2026-03;3655.0;3945.0;91.74;84.99;0
314300;MONTE BELO;MG;2026-03;1023.0;51323.62;2026-03;1169.0;1285.0;87.51;79.61;0
314310;MONTE CARMELO;MG;2026-03;2179.0;107435.67;2026-03;2409.0;2603.0;90.45;83.71;0
314315;MONTE FORMOSO;MG;2026-03;524.0;23790.6;2026-03;760.0;817.0;68.95;64.14;0
314320;MONTE SANTO DE MINAS;MG;2026-03;1144.0;46658.56;2026-03;1890.0;2114.0;60.53;54.12;0
314330;MONTES CLAROS;MG;2026-03;39000.0;1961788.89;2026-03;42357.0;46880.0;92.07;83.19;0
314340;MONTE SIÃO;MG;2026-03;1399.0;71516.65;2026-03;1912.0;2064.0;73.17;67.78;0
314345;MONTEZUMA;MG;2026-03;880.0;40988.7;2026-03;1344.0;1421.0;65.48;61.93;0
314350;MORADA NOVA DE MINAS;MG;2026-03;508.0;25015.21;2026-03;599.0;665.0;84.81;76.39;0
314360;MORRO DA GARÇA;MG;2026-03;339.0;16413.79;2026-03;365.0;398.0;92.88;85.18;0
314370;MORRO DO PILAR;MG;2026-03;394.0;18959.93;2026-03;501.0;557.0;78.64;70.74;0
314380;MUNHOZ;MG;2026-03;675.0;25901.99;2026-03;889.0;990.0;75.93;68.18;0
314390;MURIAÉ;MG;2026-03;8245.0;392229.75;2026-03;9900.0;10810.0;83.28;76.27;0
314400;MUTUM;MG;2026-03;2198.0;107607.05;2026-03;2870.0;3213.0;76.59;68.41;0
314410;MUZAMBINHO;MG;2026-03;1496.0;74543.93;2026-03;1830.0;1996.0;81.75;74.95;0
314420;NACIP RAYDAN;MG;2026-03;313.0;15066.66;2026-03;424.0;450.0;73.82;69.56;0
314430;NANUQUE;MG;2026-03;4878.0;239319.46;2026-03;4303.0;4711.0;113.36;103.54;0
314435;NAQUE;MG;2026-03;858.0;43459.49;2026-03;1330.0;1377.0;64.51;62.31;0
314437;NATALÂNDIA;MG;2026-03;411.0;20579.48;2026-03;682.0;702.0;60.26;58.55;0
314440;NATÉRCIA;MG;2026-03;284.0;13615.74;2026-03;420.0;448.0;67.62;63.39;0
314450;NAZARENO;MG;2026-03;793.0;38698.92;2026-03;927.0;1013.0;85.54;78.28;0
314460;NEPOMUCENO;MG;2026-03;2546.0;128067.17;2026-03;2773.0;3011.0;91.81;84.56;0
314465;NINHEIRA;MG;2026-03;1432.0;67378.83;2026-03;2034.0;2122.0;70.4;67.48;0
314467;NOVA BELÉM;MG;2026-03;316.0;15368.85;2026-03;717.0;751.0;44.07;42.08;0
314470;NOVA ERA;MG;2026-03;1261.0;64511.77;2026-03;1552.0;1650.0;81.25;76.42;0
314480;NOVA LIMA;MG;2026-03;3688.0;186284.69;2026-03;6199.0;6651.0;59.49;55.45;0
314490;NOVA MÓDICA;MG;2026-03;452.0;22024.21;2026-03;638.0;700.0;70.85;64.57;0
314500;NOVA PONTE;MG;2026-03;569.0;28976.75;2026-03;1326.0;1509.0;42.91;37.71;0
314505;NOVA PORTEIRINHA;MG;2026-03;1031.0;52485.38;2026-03;1513.0;1734.0;68.14;59.46;0
314510;NOVA RESENDE;MG;2026-03;957.0;47255.05;2026-03;1606.0;1842.0;59.59;51.95;0
314520;NOVA SERRANA;MG;2026-03;5819.0;296940.83;2026-03;7231.0;8337.0;80.47;69.8;0
314530;NOVO CRUZEIRO;MG;2026-03;3207.0;151364.83;2026-03;4319.0;4610.0;74.25;69.57;0
314535;NOVO ORIENTE DE MINAS;MG;2026-03;1109.0;52424.89;2026-03;1899.0;2179.0;58.4;50.89;0
314537;NOVORIZONTE;MG;2026-03;761.0;36011.09;2026-03;905.0;966.0;84.09;78.78;0
314540;OLARIA;MG;2026-03;226.0;10534.39;2026-03;297.0;309.0;76.09;73.14;0
314545;OLHOS-D'ÁGUA;MG;2026-03;716.0;34244.62;2026-03;1194.0;1282.0;59.97;55.85;0
314550;OLÍMPIO NORONHA;MG;2026-03;375.0;18533.17;2026-03;418.0;449.0;89.71;83.52;0
314560;OLIVEIRA;MG;2026-03;3220.0;161414.04;2026-03;3524.0;3790.0;91.37;84.96;0
314570;OLIVEIRA FORTES;MG;2026-03;238.0;11295.59;2026-03;252.0;263.0;94.44;90.49;0
314580;ONÇA DE PITANGUI;MG;2026-03;216.0;10743.41;2026-03;334.0;357.0;64.67;60.5;0
314585;ORATÓRIOS;MG;2026-03;257.0;13088.96;2026-03;480.0;513.0;53.54;50.1;0
314587;ORIZÂNIA;MG;2026-03;991.0;47698.56;2026-03;1674.0;1852.0;59.2;53.51;0
314590;OURO BRANCO;MG;2026-03;2139.0;107862.39;2026-03;2812.0;3084.0;76.07;69.36;0
314600;OURO FINO;MG;2026-03;1409.0;69777.2;2026-03;1629.0;1722.0;86.49;81.82;0
314610;OURO PRETO;MG;2026-03;3899.0;193149.49;2026-03;6411.0;7016.0;60.82;55.57;0
314620;OURO VERDE DE MINAS;MG;2026-03;979.0;46238.41;2026-03;1731.0;1908.0;56.56;51.31;0
314625;PADRE CARVALHO;MG;2026-03;678.0;31931.05;2026-03;1175.0;1250.0;57.7;54.24;0
314630;PADRE PARAÍSO;MG;2026-03;2390.0;111699.75;2026-03;2922.0;3173.0;81.79;75.32;0
314640;PAINEIRAS;MG;2026-03;421.0;20843.01;2026-03;579.0;653.0;72.71;64.47;0
314650;PAINS;MG;2026-03;277.0;13431.74;2026-03;422.0;460.0;65.64;60.22;0
314655;PAI PEDRO;MG;2026-03;691.0;31427.07;2026-03;971.0;998.0;71.16;69.24;0
314660;PAIVA;MG;2026-03;193.0;9340.17;2026-03;217.0;245.0;88.94;78.78;0
314670;PALMA;MG;2026-03;733.0;35142.98;2026-03;990.0;1040.0;74.04;70.48;0
314675;PALMÓPOLIS;MG;2026-03;911.0;43950.04;2026-03;1232.0;1367.0;73.94;66.64;0
314690;PAPAGAIOS;MG;2026-03;1320.0;66199.78;2026-03;1737.0;1868.0;75.99;70.66;0
314700;PARACATU;MG;2026-03;6230.0;317560.9;2026-03;8059.0;8772.0;77.3;71.02;0
314710;PARÁ DE MINAS;MG;2026-03;4652.0;235149.56;2026-03;5491.0;5975.0;84.72;77.86;0
314720;PARAGUAÇU;MG;2026-03;1009.0;51334.56;2026-03;1319.0;1452.0;76.5;69.49;0
314730;PARAISÓPOLIS;MG;2026-03;1375.0;67405.3;2026-03;1543.0;1679.0;89.11;81.89;0
314740;PARAOPEBA;MG;2026-03;2068.0;104532.83;2026-03;2433.0;2693.0;85.0;76.79;0
314750;PASSABÉM;MG;2026-03;158.0;7104.76;2026-03;245.0;260.0;64.49;60.77;0
314760;PASSA QUATRO;MG;2026-03;974.0;48206.92;2026-03;1164.0;1241.0;83.68;78.49;0
314770;PASSA TEMPO;MG;2026-03;504.0;24387.19;2026-03;537.0;576.0;93.85;87.5;0
314780;PASSA VINTE;MG;2026-03;194.0;8893.25;2026-03;293.0;308.0;66.21;62.99;0
314790;PASSOS;MG;2026-03;8158.0;417267.83;2026-03;8089.0;8772.0;100.85;93.0;0
314795;PATIS;MG;2026-03;741.0;32839.8;2026-03;1054.0;1156.0;70.3;64.1;0
314800;PATOS DE MINAS;MG;2026-03;7321.0;366238.14;2026-03;8104.0;8877.0;90.34;82.47;0
314810;PATROCÍNIO;MG;2026-03;5081.0;258711.68;2026-03;7590.0;8172.0;66.94;62.18;0
314820;PATROCÍNIO DO MURIAÉ;MG;2026-03;658.0;31605.52;2026-03;701.0;765.0;93.87;86.01;0
314830;PAULA CÂNDIDO;MG;2026-03;993.0;45011.87;2026-03;1395.0;1501.0;71.18;66.16;0
314840;PAULISTAS;MG;2026-03;551.0;26666.48;2026-03;665.0;695.0;82.86;79.28;0
314850;PAVÃO;MG;2026-03;986.0;46102.59;2026-03;1764.0;1945.0;55.9;50.69;0
314860;PEÇANHA;MG;2026-03;1809.0;86879.3;2026-03;2553.0;2702.0;70.86;66.95;0
314870;PEDRA AZUL;MG;2026-03;3626.0;171425.07;2026-03;4559.0;4991.0;79.53;72.65;0
314875;PEDRA BONITA;MG;2026-03;891.0;43662.26;2026-03;1558.0;1645.0;57.19;54.16;0
314880;PEDRA DO ANTA;MG;2026-03;393.0;16372.26;2026-03;447.0;508.0;87.92;77.36;0
314890;PEDRA DO INDAIÁ;MG;2026-03;214.0;10209.87;2026-03;311.0;345.0;68.81;62.03;0
314900;PEDRA DOURADA;MG;2026-03;360.0;16719.2;2026-03;570.0;599.0;63.16;60.1;0
314910;PEDRALVA;MG;2026-03;858.0;42195.08;2026-03;1081.0;1185.0;79.37;72.41;0
314915;PEDRAS DE MARIA DA CRUZ;MG;2026-03;1262.0;60553.29;2026-03;1640.0;1712.0;76.95;73.71;0
314920;PEDRINÓPOLIS;MG;2026-03;238.0;11613.46;2026-03;465.0;495.0;51.18;48.08;0
314930;PEDRO LEOPOLDO;MG;2026-03;3116.0;158415.06;2026-03;4147.0;4629.0;75.14;67.31;0
314940;PEDRO TEIXEIRA;MG;2026-03;232.0;10458.31;2026-03;274.0;300.0;84.67;77.33;0
314950;PEQUERI;MG;2026-03;273.0;13628.06;2026-03;393.0;417.0;69.47;65.47;0
314960;PEQUI;MG;2026-03;499.0;24349.77;2026-03;606.0;661.0;82.34;75.49;0
314970;PERDIGÃO;MG;2026-03;733.0;36776.9;2026-03;1157.0;1237.0;63.35;59.26;0
314980;PERDIZES;MG;2026-03;677.0;34240.19;2026-03;1674.0;1759.0;40.44;38.49;0
314990;PERDÕES;MG;2026-03;1618.0;82650.91;2026-03;1542.0;1698.0;104.93;95.29;0
314995;PERIQUITO;MG;2026-03;898.0;44725.57;2026-03;1130.0;1225.0;79.47;73.31;0
315000;PESCADOR;MG;2026-03;325.0;15663.43;2026-03;610.0;682.0;53.28;47.65;0
315010;PIAU;MG;2026-03;273.0;13688.45;2026-03;367.0;397.0;74.39;68.77;0
315015;PIEDADE DE CARATINGA;MG;2026-03;1289.0;63618.47;2026-03;1879.0;2113.0;68.6;61.0;0
315020;PIEDADE DE PONTE NOVA;MG;2026-03;306.0;14802.53;2026-03;458.0;480.0;66.81;63.75;0
315030;PIEDADE DO RIO GRANDE;MG;2026-03;338.0;15251.2;2026-03;452.0;497.0;74.78;68.01;0
315040;PIEDADE DOS GERAIS;MG;2026-03;545.0;26242.74;2026-03;785.0;846.0;69.43;64.42;0
315050;PIMENTA;MG;2026-03;525.0;26188.09;2026-03;638.0;686.0;82.29;76.53;0
315053;PINGO D'ÁGUA;MG;2026-03;598.0;30617.83;2026-03;861.0;913.0;69.45;65.5;0
315057;PINTÓPOLIS;MG;2026-03;927.0;45096.15;2026-03;1484.0;1547.0;62.47;59.92;0
315060;PIRACEMA;MG;2026-03;410.0;19578.55;2026-03;496.0;557.0;82.66;73.61;0
315070;PIRAJUBA;MG;2026-03;384.0;19858.55;2026-03;655.0;710.0;58.63;54.08;0
315080;PIRANGA;MG;2026-03;1672.0;79098.52;2026-03;2332.0;2454.0;71.7;68.13;0
315090;PIRANGUÇU;MG;2026-03;459.0;22372.7;2026-03;572.0;624.0;80.24;73.56;0
315100;PIRANGUINHO;MG;2026-03;664.0;33212.16;2026-03;846.0;920.0;78.49;72.17;0
315110;PIRAPETINGA;MG;2026-03;1139.0;54366.91;2026-03;1524.0;1651.0;74.74;68.99;0
315120;PIRAPORA;MG;2026-03;6454.0;329700.58;2026-03;7898.0;8629.0;81.72;74.79;0
315130;PIRAÚBA;MG;2026-03;1106.0;52984.34;2026-03;1382.0;1450.0;80.03;76.28;0
315140;PITANGUI;MG;2026-03;2120.0;107271.3;2026-03;2619.0;2908.0;80.95;72.9;0
315150;PIUMHI;MG;2026-03;2812.0;141194.19;2026-03;2912.0;3120.0;96.57;90.13;0
315160;PLANURA;MG;2026-03;671.0;34773.35;2026-03;1334.0;1430.0;50.3;46.92;0
315170;POÇO FUNDO;MG;2026-03;554.0;27668.22;2026-03;962.0;1115.0;57.59;49.69;0
315180;POÇOS DE CALDAS;MG;2026-03;5178.0;176186.74;2026-03;8102.0;8969.0;63.91;57.73;0
315190;POCRANE;MG;2026-03;1142.0;55345.47;2026-03;1429.0;1566.0;79.92;72.92;0
315200;POMPÉU;MG;2026-03;3369.0;172386.73;2026-03;3620.0;3816.0;93.07;88.29;0
315210;PONTE NOVA;MG;2026-03;3925.0;198685.56;2026-03;4325.0;4656.0;90.75;84.3;0
315213;PONTO CHIQUE;MG;2026-03;628.0;30050.85;2026-03;815.0;876.0;77.06;71.69;0
315217;PONTO DOS VOLANTES;MG;2026-03;1167.0;53604.41;2026-03;1838.0;1898.0;63.49;61.49;0
315220;PORTEIRINHA;MG;2026-03;5712.0;275136.3;2026-03;6430.0;7047.0;88.83;81.06;0
315230;PORTO FIRME;MG;2026-03;1297.0;62833.77;2026-03;2020.0;2231.0;64.21;58.14;0
315240;POTÉ;MG;2026-03;1453.0;69395.41;2026-03;1891.0;2037.0;76.84;71.33;0
315250;POUSO ALEGRE;MG;2026-03;7364.0;377919.17;2026-03;9893.0;10864.0;74.44;67.78;0
315260;POUSO ALTO;MG;2026-03;384.0;18525.44;2026-03;492.0;515.0;78.05;74.56;0
315270;PRADOS;MG;2026-03;602.0;29069.56;2026-03;679.0;737.0;88.66;81.68;0
315280;PRATA;MG;2026-03;1330.0;66016.02;2026-03;2276.0;2466.0;58.44;53.93;0
315290;PRATÁPOLIS;MG;2026-03;579.0;29030.2;2026-03;663.0;726.0;87.33;79.75;0
315300;PRATINHA;MG;2026-03;182.0;8716.14;2026-03;429.0;455.0;42.42;40.0;0
315310;PRESIDENTE BERNARDES;MG;2026-03;671.0;31626.2;2026-03;794.0;842.0;84.51;79.69;0
315320;PRESIDENTE JUSCELINO;MG;2026-03;393.0;18447.41;2026-03;367.0;405.0;107.08;97.04;0
315330;PRESIDENTE KUBITSCHEK;MG;2026-03;305.0;14142.4;2026-03;460.0;482.0;66.3;63.28;0
315340;PRESIDENTE OLEGÁRIO;MG;2026-03;1267.0;61577.0;2026-03;1727.0;1837.0;73.36;68.97;0
315350;ALTO JEQUITIBÁ;MG;2026-03;970.0;44701.61;2026-03;1138.0;1336.0;85.24;72.6;0
315360;PRUDENTE DE MORAIS;MG;2026-03;910.0;45381.78;2026-03;1141.0;1228.0;79.75;74.1;0
315370;QUARTEL GERAL;MG;2026-03;270.0;13399.27;2026-03;346.0;374.0;78.03;72.19;0
315380;QUELUZITO;MG;2026-03;111.0;5345.03;2026-03;140.0;153.0;79.29;72.55;0
315390;RAPOSOS;MG;2026-03;655.0;31927.99;2026-03;877.0;990.0;74.69;66.16;0
315400;RAUL SOARES;MG;2026-03;2273.0;112497.28;2026-03;2778.0;2939.0;81.82;77.34;0
315410;RECREIO;MG;2026-03;1130.0;52887.33;2026-03;1056.0;1153.0;107.01;98.01;0
315415;REDUTO;MG;2026-03;808.0;37295.3;2026-03;1130.0;1263.0;71.5;63.97;0
315420;RESENDE COSTA;MG;2026-03;948.0;47393.55;2026-03;940.0;1019.0;100.85;93.03;0
315430;RESPLENDOR;MG;2026-03;1667.0;84086.08;2026-03;1906.0;2104.0;87.46;79.23;0
315440;RESSAQUINHA;MG;2026-03;544.0;25912.74;2026-03;632.0;682.0;86.08;79.77;0
315445;RIACHINHO;MG;2026-03;896.0;43518.09;2026-03;1398.0;1547.0;64.09;57.92;0
315450;RIACHO DOS MACHADOS;MG;2026-03;995.0;47547.16;2026-03;1471.0;1560.0;67.64;63.78;0
315460;RIBEIRÃO DAS NEVES;MG;2026-03;18216.0;903192.08;2026-03;36240.0;41252.0;50.26;44.16;0
315470;RIBEIRÃO VERMELHO;MG;2026-03;207.0;10345.12;2026-03;334.0;356.0;61.98;58.15;0
315480;RIO ACIMA;MG;2026-03;567.0;27882.04;2026-03;1015.0;1116.0;55.86;50.81;0
315490;RIO CASCA;MG;2026-03;1289.0;64468.64;2026-03;1564.0;1640.0;82.42;78.6;0
315500;RIO DOCE;MG;2026-03;246.0;12214.99;2026-03;314.0;327.0;78.34;75.23;0
315510;RIO DO PRADO;MG;2026-03;774.0;36933.27;2026-03;989.0;1079.0;78.26;71.73;0
315520;RIO ESPERA;MG;2026-03;657.0;29506.23;2026-03;901.0;949.0;72.92;69.23;0
315530;RIO MANSO;MG;2026-03;477.0;23581.25;2026-03;661.0;728.0;72.16;65.52;0
315540;RIO NOVO;MG;2026-03;827.0;38721.17;2026-03;950.0;1043.0;87.05;79.29;0
315550;RIO PARANAÍBA;MG;2026-03;590.0;29446.49;2026-03;1080.0;1172.0;54.63;50.34;0
315560;RIO PARDO DE MINAS;MG;2026-03;4162.0;199057.62;2026-03;5732.0;6136.0;72.61;67.83;0
315570;RIO PIRACICABA;MG;2026-03;1224.0;60173.75;2026-03;1568.0;1666.0;78.06;73.47;0
315580;RIO POMBA;MG;2026-03;1786.0;83724.27;2026-03;2220.0;2379.0;80.45;75.07;0
315590;RIO PRETO;MG;2026-03;757.0;35071.73;2026-03;924.0;1058.0;81.93;71.55;0
315600;RIO VERMELHO;MG;2026-03;1149.0;52530.97;2026-03;1632.0;1727.0;70.4;66.53;0
315610;RITÁPOLIS;MG;2026-03;587.0;29533.44;2026-03;643.0;710.0;91.29;82.68;0
315620;ROCHEDO DE MINAS;MG;2026-03;281.0;13889.19;2026-03;340.0;374.0;82.65;75.13;0
315630;RODEIRO;MG;2026-03;677.0;33657.68;2026-03;906.0;978.0;74.72;69.22;0
315640;ROMARIA;MG;2026-03;207.0;9647.59;2026-03;288.0;320.0;71.88;64.69;0
315645;ROSÁRIO DA LIMEIRA;MG;2026-03;506.0;22941.68;2026-03;755.0;816.0;67.02;62.01;0
315650;RUBELITA;MG;2026-03;884.0;39353.35;2026-03;1444.0;1528.0;61.22;57.85;0
315660;RUBIM;MG;2026-03;1256.0;59242.61;2026-03;1428.0;1479.0;87.96;84.92;0
315670;SABARÁ;MG;2026-03;4883.0;240698.96;2026-03;11132.0;12429.0;43.86;39.29;0
315680;SABINÓPOLIS;MG;2026-03;1568.0;76501.49;2026-03;2040.0;2251.0;76.86;69.66;0
315690;SACRAMENTO;MG;2026-03;1252.0;62951.29;2026-03;2127.0;2223.0;58.86;56.32;0
315700;SALINAS;MG;2026-03;6718.0;330969.24;2026-03;6220.0;6801.0;108.01;98.78;0
315710;SALTO DA DIVISA;MG;2026-03;831.0;40877.68;2026-03;1053.0;1138.0;78.92;73.02;0
315720;SANTA BÁRBARA;MG;2026-03;2184.0;109958.37;2026-03;3284.0;3502.0;66.5;62.36;0
315725;SANTA BÁRBARA DO LESTE;MG;2026-03;908.0;44678.11;2026-03;1536.0;1722.0;59.11;52.73;0
315727;SANTA BÁRBARA DO MONTE VERDE;MG;2026-03;386.0;17696.15;2026-03;436.0;487.0;88.53;79.26;0
315730;SANTA BÁRBARA DO TUGÚRIO;MG;2026-03;397.0;19107.28;2026-03;428.0;459.0;92.76;86.49;0
315733;SANTA CRUZ DE MINAS;MG;2026-03;816.0;40975.73;2026-03;1006.0;1129.0;81.11;72.28;0
315737;SANTA CRUZ DE SALINAS;MG;2026-03;566.0;26317.74;2026-03;750.0;800.0;75.47;70.75;0
315740;SANTA CRUZ DO ESCALVADO;MG;2026-03;494.0;24221.48;2026-03;743.0;776.0;66.49;63.66;0
315750;SANTA EFIGÊNIA DE MINAS;MG;2026-03;655.0;32213.24;2026-03;823.0;891.0;79.59;73.51;0
315760;SANTA FÉ DE MINAS;MG;2026-03;372.0;17531.31;2026-03;656.0;690.0;56.71;53.91;0
315765;SANTA HELENA DE MINAS;MG;2026-03;788.0;37189.67;2026-03;1532.0;1671.0;51.44;47.16;0
315770;SANTA JULIANA;MG;2026-03;341.0;16739.81;2026-03;1119.0;1189.0;30.47;28.68;0
315780;SANTA LUZIA;MG;2026-03;8884.0;449604.29;2026-03;21726.0;24500.0;40.89;36.26;0
315790;SANTA MARGARIDA;MG;2026-03;1894.0;88478.01;2026-03;3021.0;3205.0;62.69;59.1;0
315800;SANTA MARIA DE ITABIRA;MG;2026-03;848.0;41693.91;2026-03;1123.0;1157.0;75.51;73.29;0
315810;SANTA MARIA DO SALTO;MG;2026-03;678.0;30389.48;2026-03;1016.0;1140.0;66.73;59.47;0
315820;SANTA MARIA DO SUAÇUÍ;MG;2026-03;1743.0;83138.26;2026-03;2053.0;2213.0;84.9;78.76;0
315830;SANTANA DA VARGEM;MG;2026-03;484.0;25180.57;2026-03;706.0;758.0;68.56;63.85;0
315840;SANTANA DE CATAGUASES;MG;2026-03;412.0;19626.88;2026-03;551.0;604.0;74.77;68.21;0
315850;SANTANA DE PIRAPAMA;MG;2026-03;713.0;33255.81;2026-03;874.0;936.0;81.58;76.18;0
315860;SANTANA DO DESERTO;MG;2026-03;272.0;13173.63;2026-03;379.0;403.0;71.77;67.49;0
315870;SANTANA DO GARAMBÉU;MG;2026-03;300.0;14153.32;2026-03;366.0;388.0;81.97;77.32;0
315880;SANTANA DO JACARÉ;MG;2026-03;599.0;29885.73;2026-03;615.0;686.0;97.4;87.32;0
315890;SANTANA DO MANHUAÇU;MG;2026-03;775.0;36197.9;2026-03;1350.0;1519.0;57.41;51.02;0
315895;SANTANA DO PARAÍSO;MG;2026-03;3579.0;182565.46;2026-03;3791.0;4178.0;94.41;85.66;0
315900;SANTANA DO RIACHO;MG;2026-03;461.0;22327.69;2026-03;783.0;871.0;58.88;52.93;0
315910;SANTANA DOS MONTES;MG;2026-03;287.0;13630.59;2026-03;531.0;585.0;54.05;49.06;0
315920;SANTA RITA DE CALDAS;MG;2026-03;492.0;23581.23;2026-03;631.0;683.0;77.97;72.04;0
315930;SANTA RITA DE JACUTINGA;MG;2026-03;562.0;26569.24;2026-03;652.0;704.0;86.2;79.83;0
315935;SANTA RITA DE MINAS;MG;2026-03;749.0;36425.58;2026-03;994.0;1086.0;75.35;68.97;0
315940;SANTA RITA DE IBITIPOCA;MG;2026-03;411.0;18776.42;2026-03;411.0;439.0;100.0;93.62;0
315950;SANTA RITA DO ITUETO;MG;2026-03;436.0;21153.03;2026-03;987.0;1143.0;44.17;38.15;0
315960;SANTA RITA DO SAPUCAÍ;MG;2026-03;2173.0;111841.27;2026-03;2680.0;2915.0;81.08;74.55;0
315970;SANTA ROSA DA SERRA;MG;2026-03;231.0;11572.71;2026-03;382.0;414.0;60.47;55.8;0
315980;SANTA VITÓRIA;MG;2026-03;1867.0;91839.27;2026-03;2031.0;2193.0;91.93;85.13;0
315990;SANTO ANTÔNIO DO AMPARO;MG;2026-03;2134.0;108283.24;2026-03;1997.0;2280.0;106.86;93.6;0
316000;SANTO ANTÔNIO DO AVENTUREIRO;MG;2026-03;358.0;16493.5;2026-03;496.0;540.0;72.18;66.3;0
316010;SANTO ANTÔNIO DO GRAMA;MG;2026-03;364.0;18282.5;2026-03;439.0;473.0;82.92;76.96;0
316020;SANTO ANTÔNIO DO ITAMBÉ;MG;2026-03;478.0;22042.33;2026-03;721.0;787.0;66.3;60.74;0
316030;SANTO ANTÔNIO DO JACINTO;MG;2026-03;1401.0;63939.17;2026-03;1931.0;2031.0;72.55;68.98;0
316040;SANTO ANTÔNIO DO MONTE;MG;2026-03;1958.0;98900.13;2026-03;1754.0;1915.0;111.63;102.25;0
316045;SANTO ANTÔNIO DO RETIRO;MG;2026-03;1073.0;50626.78;2026-03;1790.0;1913.0;59.94;56.09;0
316050;SANTO ANTÔNIO DO RIO ABAIXO;MG;2026-03;215.0;10241.72;2026-03;332.0;348.0;64.76;61.78;0
316060;SANTO HIPÓLITO;MG;2026-03;436.0;20699.48;2026-03;492.0;519.0;88.62;84.01;0
316070;SANTOS DUMONT;MG;2026-03;4499.0;223014.4;2026-03;4558.0;4954.0;98.71;90.82;0
316080;SÃO BENTO ABADE;MG;2026-03;624.0;31843.47;2026-03;754.0;790.0;82.76;78.99;0
316090;SÃO BRÁS DO SUAÇUÍ;MG;2026-03;229.0;11330.32;2026-03;314.0;337.0;72.93;67.95;0
316095;SÃO DOMINGOS DAS DORES;MG;2026-03;604.0;30281.66;2026-03;924.0;1017.0;65.37;59.39;0
316100;SÃO DOMINGOS DO PRATA;MG;2026-03;1343.0;64297.16;2026-03;1605.0;1686.0;83.68;79.66;0
316105;SÃO FÉLIX DE MINAS;MG;2026-03;406.0;19300.07;2026-03;597.0;647.0;68.01;62.75;0
316110;SÃO FRANCISCO;MG;2026-03;8305.0;409350.76;2026-03;10325.0;11036.0;80.44;75.25;0
316120;SÃO FRANCISCO DE PAULA;MG;2026-03;631.0;30030.84;2026-03;641.0;664.0;98.44;95.03;0
316130;SÃO FRANCISCO DE SALES;MG;2026-03;397.0;19192.87;2026-03;631.0;694.0;62.92;57.2;0
316140;SÃO FRANCISCO DO GLÓRIA;MG;2026-03;407.0;19702.88;2026-03;599.0;648.0;67.95;62.81;0
316150;SÃO GERALDO;MG;2026-03;907.0;41117.34;2026-03;1155.0;1284.0;78.53;70.64;0
316160;SÃO GERALDO DA PIEDADE;MG;2026-03;452.0;21751.22;2026-03;675.0;735.0;66.96;61.5;0
316165;SÃO GERALDO DO BAIXIO;MG;2026-03;403.0;20144.92;2026-03;538.0;590.0;74.91;68.31;0
316170;SÃO GONÇALO DO ABAETÉ;MG;2026-03;629.0;31515.31;2026-03;1010.0;1065.0;62.28;59.06;0
316180;SÃO GONÇALO DO PARÁ;MG;2026-03;783.0;38482.31;2026-03;917.0;990.0;85.39;79.09;0
316190;SÃO GONÇALO DO RIO ABAIXO;MG;2026-03;854.0;42776.93;2026-03;1196.0;1291.0;71.4;66.15;0
316200;SÃO GONÇALO DO SAPUCAÍ;MG;2026-03;2920.0;149974.79;2026-03;2955.0;3197.0;98.82;91.34;0
316210;SÃO GOTARDO;MG;2026-03;1625.0;82692.64;2026-03;3199.0;3683.0;50.8;44.12;0
316220;SÃO JOÃO BATISTA DO GLÓRIA;MG;2026-03;375.0;18560.87;2026-03;430.0;477.0;87.21;78.62;0
316225;SÃO JOÃO DA LAGOA;MG;2026-03;835.0;38005.8;2026-03;1232.0;1305.0;67.78;63.98;0
316230;SÃO JOÃO DA MATA;MG;2026-03;235.0;11511.57;2026-03;418.0;455.0;56.22;51.65;0
316240;SÃO JOÃO DA PONTE;MG;2026-03;3534.0;164093.91;2026-03;4562.0;4959.0;77.47;71.26;0
316245;SÃO JOÃO DAS MISSÕES;MG;2026-03;1356.0;61860.28;2026-03;2727.0;2875.0;49.72;47.17;0
316250;SÃO JOÃO DEL REI;MG;2026-03;5652.0;281299.86;2026-03;6688.0;7758.0;84.51;72.85;0
316255;SÃO JOÃO DO MANHUAÇU;MG;2026-03;1156.0;53569.93;2026-03;2197.0;2326.0;52.62;49.7;0
316257;SÃO JOÃO DO MANTENINHA;MG;2026-03;765.0;38197.08;2026-03;1062.0;1200.0;72.03;63.75;0
316260;SÃO JOÃO DO ORIENTE;MG;2026-03;1133.0;56963.91;2026-03;1387.0;1612.0;81.69;70.29;0
316265;SÃO JOÃO DO PACUÍ;MG;2026-03;489.0;21720.35;2026-03;786.0;830.0;62.21;58.92;0
316270;SÃO JOÃO DO PARAÍSO;MG;2026-03;3142.0;152033.53;2026-03;3338.0;3525.0;94.13;89.13;0
316280;SÃO JOÃO EVANGELISTA;MG;2026-03;1909.0;93707.63;2026-03;2143.0;2291.0;89.08;83.33;0
316290;SÃO JOÃO NEPOMUCENO;MG;2026-03;2527.0;122575.73;2026-03;2842.0;3108.0;88.92;81.31;0
316292;SÃO JOAQUIM DE BICAS;MG;2026-03;2221.0;110596.83;2026-03;4937.0;5320.0;44.99;41.75;0
316294;SÃO JOSÉ DA BARRA;MG;2026-03;571.0;29261.18;2026-03;705.0;771.0;80.99;74.06;0
316295;SÃO JOSÉ DA LAPA;MG;2026-03;1428.0;72173.41;2026-03;2643.0;2851.0;54.03;50.09;0
316300;SÃO JOSÉ DA SAFIRA;MG;2026-03;417.0;20499.32;2026-03;823.0;887.0;50.67;47.01;0
316310;SÃO JOSÉ DA VARGINHA;MG;2026-03;334.0;16276.71;2026-03;499.0;539.0;66.93;61.97;0
316320;SÃO JOSÉ DO ALEGRE;MG;2026-03;398.0;20138.93;2026-03;483.0;511.0;82.4;77.89;0
316330;SÃO JOSÉ DO DIVINO;MG;2026-03;361.0;17932.82;2026-03;640.0;711.0;56.41;50.77;0
316340;SÃO JOSÉ DO GOIABAL;MG;2026-03;580.0;28270.2;2026-03;858.0;868.0;67.6;66.82;0
316350;SÃO JOSÉ DO JACURI;MG;2026-03;669.0;32518.63;2026-03;1127.0;1187.0;59.36;56.36;0
316360;SÃO JOSÉ DO MANTIMENTO;MG;2026-03;207.0;10190.21;2026-03;461.0;496.0;44.9;41.73;0
316370;SÃO LOURENÇO;MG;2026-03;4346.0;221510.73;2026-03;4093.0;4434.0;106.18;98.02;0
316380;SÃO MIGUEL DO ANTA;MG;2026-03;864.0;38220.19;2026-03;1206.0;1271.0;71.64;67.98;0
316390;SÃO PEDRO DA UNIÃO;MG;2026-03;430.0;21701.26;2026-03;492.0;549.0;87.4;78.32;0
316400;SÃO PEDRO DOS FERROS;MG;2026-03;538.0;26387.98;2026-03;748.0;778.0;71.93;69.15;0
316410;SÃO PEDRO DO SUAÇUÍ;MG;2026-03;760.0;36764.33;2026-03;951.0;1028.0;79.92;73.93;0
316420;SÃO ROMÃO;MG;2026-03;1045.0;50843.94;2026-03;1767.0;1804.0;59.14;57.93;0
316430;SÃO ROQUE DE MINAS;MG;2026-03;428.0;20330.8;2026-03;646.0;700.0;66.25;61.14;0
316440;SÃO SEBASTIÃO DA BELA VISTA;MG;2026-03;306.0;15913.56;2026-03;465.0;509.0;65.81;60.12;0
316443;SÃO SEBASTIÃO DA VARGEM ALEGRE;MG;2026-03;222.0;9684.41;2026-03;366.0;394.0;60.66;56.35;0
316447;SÃO SEBASTIÃO DO ANTA;MG;2026-03;1150.0;54560.84;2026-03;1646.0;1834.0;69.87;62.7;0
316450;SÃO SEBASTIÃO DO MARANHÃO;MG;2026-03;1183.0;56363.05;2026-03;1524.0;1612.0;77.62;73.39;0
316460;SÃO SEBASTIÃO DO OESTE;MG;2026-03;502.0;25629.22;2026-03;863.0;928.0;58.17;54.09;0
316470;SÃO SEBASTIÃO DO PARAÍSO;MG;2026-03;4249.0;216627.38;2026-03;4694.0;5143.0;90.52;82.62;0
316480;SÃO SEBASTIÃO DO RIO PRETO;MG;2026-03;148.0;6848.78;2026-03;180.0;186.0;82.22;79.57;0
316490;SÃO SEBASTIÃO DO RIO VERDE;MG;2026-03;147.0;7224.4;2026-03;207.0;222.0;71.01;66.22;0
316500;SÃO TIAGO;MG;2026-03;769.0;37829.14;2026-03;963.0;1054.0;79.85;72.96;0
316510;SÃO TOMÁS DE AQUINO;MG;2026-03;441.0;22357.25;2026-03;566.0;614.0;77.92;71.82;0
316520;SÃO THOMÉ DAS LETRAS;MG;2026-03;489.0;23478.01;2026-03;670.0;760.0;72.99;64.34;0
316530;SÃO VICENTE DE MINAS;MG;2026-03;720.0;35877.83;2026-03;845.0;939.0;85.21;76.68;0
316540;SAPUCAÍ-MIRIM;MG;2026-03;576.0;28716.56;2026-03;798.0;866.0;72.18;66.51;0
316550;SARDOÁ;MG;2026-03;856.0;41736.66;2026-03;1260.0;1339.0;67.94;63.93;0
316553;SARZEDO;MG;2026-03;2473.0;127436.25;2026-03;3204.0;3477.0;77.18;71.12;0
316555;SETUBINHA;MG;2026-03;968.0;45039.54;2026-03;2129.0;2178.0;45.47;44.44;0
316556;SEM-PEIXE;MG;2026-03;244.0;11740.32;2026-03;389.0;448.0;62.72;54.46;0
316557;SENADOR AMARAL;MG;2026-03;738.0;30267.62;2026-03;1284.0;1407.0;57.48;52.45;0
316560;SENADOR CORTES;MG;2026-03;212.0;10861.71;2026-03;261.0;288.0;81.23;73.61;0
316570;SENADOR FIRMINO;MG;2026-03;807.0;36969.11;2026-03;1070.0;1127.0;75.42;71.61;0
316580;SENADOR JOSÉ BENTO;MG;2026-03;82.0;3940.21;2026-03;132.0;148.0;62.12;55.41;0
316590;SENADOR MODESTINO GONÇALVES;MG;2026-03;492.0;22378.32;2026-03;766.0;854.0;64.23;57.61;0
316600;SENHORA DE OLIVEIRA;MG;2026-03;739.0;33792.67;2026-03;924.0;964.0;79.98;76.66;0
316610;SENHORA DO PORTO;MG;2026-03;358.0;16744.32;2026-03;469.0;496.0;76.33;72.18;0
316620;SENHORA DOS REMÉDIOS;MG;2026-03;1380.0;65180.79;2026-03;1666.0;1766.0;82.83;78.14;0
316630;SERICITA;MG;2026-03;933.0;43555.92;2026-03;1439.0;1534.0;64.84;60.82;0
316640;SERITINGA;MG;2026-03;139.0;6463.9;2026-03;141.0;162.0;98.58;85.8;0
316650;SERRA AZUL DE MINAS;MG;2026-03;477.0;21691.91;2026-03;788.0;851.0;60.53;56.05;0
316660;SERRA DA SAUDADE;MG;2026-03;36.0;1728.69;2026-03;62.0;66.0;58.06;54.55;0
316670;SERRA DOS AIMORÉS;MG;2026-03;1017.0;49997.88;2026-03;1118.0;1191.0;90.97;85.39;0
316680;SERRA DO SALITRE;MG;2026-03;577.0;28335.56;2026-03;1521.0;1641.0;37.94;35.16;0
316690;SERRANIA;MG;2026-03;562.0;28172.04;2026-03;689.0;739.0;81.57;76.05;0
316695;SERRANÓPOLIS DE MINAS;MG;2026-03;587.0;27921.79;2026-03;816.0;841.0;71.94;69.8;0
316700;SERRANOS;MG;2026-03;254.0;12082.51;2026-03;374.0;414.0;67.91;61.35;0
316710;SERRO;MG;2026-03;2142.0;102274.48;2026-03;2667.0;2931.0;80.31;73.08;0
316720;SETE LAGOAS;MG;2026-03;15971.0;815008.92;2026-03;18043.0;19589.0;88.52;81.53;0
316730;SILVEIRÂNIA;MG;2026-03;268.0;11486.58;2026-03;357.0;389.0;75.07;68.89;0
316740;SILVIANÓPOLIS;MG;2026-03;419.0;20869.28;2026-03;649.0;724.0;64.56;57.87;0
316750;SIMÃO PEREIRA;MG;2026-03;146.0;7262.86;2026-03;301.0;319.0;48.5;45.77;0
316760;SIMONÉSIA;MG;2026-03;1874.0;86400.28;2026-03;3367.0;3736.0;55.66;50.16;0
316770;SOBRÁLIA;MG;2026-03;595.0;29786.59;2026-03;903.0;1025.0;65.89;58.05;0
316780;SOLEDADE DE MINAS;MG;2026-03;336.0;16665.16;2026-03;436.0;484.0;77.06;69.42;0
316790;TABULEIRO;MG;2026-03;438.0;20321.44;2026-03;496.0;530.0;88.31;82.64;0
316800;TAIOBEIRAS;MG;2026-03;5574.0;275626.77;2026-03;5387.0;5667.0;103.47;98.36;0
316805;TAPARUBA;MG;2026-03;384.0;18956.66;2026-03;853.0;907.0;45.02;42.34;0
316810;TAPIRA;MG;2026-03;232.0;11612.71;2026-03;531.0;597.0;43.69;38.86;0
316820;TAPIRAÍ;MG;2026-03;96.0;4581.09;2026-03;204.0;217.0;47.06;44.24;0
316830;TAQUARAÇU DE MINAS;MG;2026-03;300.0;13740.39;2026-03;629.0;696.0;47.69;43.1;0
316840;TARUMIRIM;MG;2026-03;1222.0;58825.06;2026-03;2108.0;2277.0;57.97;53.67;0
316850;TEIXEIRAS;MG;2026-03;1142.0;56545.47;2026-03;1600.0;1728.0;71.38;66.09;0
316860;TEÓFILO OTONI;MG;2026-03;12759.0;637859.5;2026-03;15251.0;16951.0;83.66;75.27;0
316870;TIMÓTEO;MG;2026-03;4465.0;226260.99;2026-03;5210.0;5957.0;85.7;74.95;0
316880;TIRADENTES;MG;2026-03;563.0;28013.11;2026-03;870.0;948.0;64.71;59.39;0
316890;TIROS;MG;2026-03;401.0;19683.18;2026-03;787.0;848.0;50.95;47.29;0
316900;TOCANTINS;MG;2026-03;1723.0;80918.32;2026-03;2202.0;2380.0;78.25;72.39;0
316905;TOCOS DO MOJI;MG;2026-03;203.0;9839.87;2026-03;352.0;413.0;57.67;49.15;0
316910;TOLEDO;MG;2026-03;562.0;21349.03;2026-03;810.0;872.0;69.38;64.45;0
316920;TOMBOS;MG;2026-03;893.0;44356.35;2026-03;1358.0;1454.0;65.76;61.42;0
316930;TRÊS CORAÇÕES;MG;2026-03;6046.0;303439.5;2026-03;6027.0;6593.0;100.32;91.7;0
316935;TRÊS MARIAS;MG;2026-03;3278.0;163590.94;2026-03;3485.0;3659.0;94.06;89.59;0
316940;TRÊS PONTAS;MG;2026-03;3804.0;196812.2;2026-03;4423.0;4820.0;86.0;78.92;0
316950;TUMIRITINGA;MG;2026-03;836.0;41610.32;2026-03;1261.0;1373.0;66.3;60.89;0
316960;TUPACIGUARA;MG;2026-03;2587.0;130351.78;2026-03;3376.0;3715.0;76.63;69.64;0
316970;TURMALINA;MG;2026-03;3212.0;157425.91;2026-03;3295.0;3472.0;97.48;92.51;0
316980;TURVOLÂNDIA;MG;2026-03;397.0;20046.48;2026-03;681.0;764.0;58.3;51.96;0
316990;UBÁ;MG;2026-03;7270.0;348476.28;2026-03;9281.0;9937.0;78.33;73.16;0
317000;UBAÍ;MG;2026-03;1451.0;68095.75;2026-03;2587.0;2726.0;56.09;53.23;0
317005;UBAPORANGA;MG;2026-03;1332.0;64590.42;2026-03;1767.0;1930.0;75.38;69.02;0
317010;UBERABA;MG;2026-03;16084.0;825518.84;2026-03;22080.0;23741.0;72.84;67.75;0
317020;UBERLÂNDIA;MG;2026-03;32061.0;1653278.92;2026-03;45494.0;51543.0;70.47;62.2;0
317030;UMBURATIBA;MG;2026-03;393.0;18695.81;2026-03;421.0;483.0;93.35;81.37;0
317040;UNAÍ;MG;2026-03;6115.0;313564.4;2026-03;6257.0;6985.0;97.73;87.54;0
317043;UNIÃO DE MINAS;MG;2026-03;221.0;11038.38;2026-03;445.0;498.0;49.66;44.38;0
317047;URUANA DE MINAS;MG;2026-03;429.0;21404.4;2026-03;614.0;636.0;69.87;67.45;0
317050;URUCÂNIA;MG;2026-03;569.0;28604.11;2026-03;746.0;800.0;76.27;71.12;0
317052;URUCUIA;MG;2026-03;944.0;45578.2;2026-03;1698.0;1790.0;55.59;52.74;0
317057;VARGEM ALEGRE;MG;2026-03;1003.0;51136.22;2026-03;1435.0;1548.0;69.9;64.79;0
317060;VARGEM BONITA;MG;2026-03;164.0;7351.23;2026-03;231.0;237.0;71.0;69.2;0
317065;VARGEM GRANDE DO RIO PARDO;MG;2026-03;651.0;30358.49;2026-03;941.0;1005.0;69.18;64.78;0
317070;VARGINHA;MG;2026-03;6142.0;315129.28;2026-03;6291.0;6636.0;97.63;92.56;0
317075;VARJÃO DE MINAS;MG;2026-03;457.0;21505.42;2026-03;976.0;1031.0;46.82;44.33;0
317080;VÁRZEA DA PALMA;MG;2026-03;4233.0;209228.49;2026-03;4521.0;4944.0;93.63;85.62;0
317090;VARZELÂNDIA;MG;2026-03;3246.0;151351.7;2026-03;4170.0;4349.0;77.84;74.64;0
317100;VAZANTE;MG;2026-03;1045.0;52690.38;2026-03;1543.0;1653.0;67.73;63.22;0
317103;VERDELÂNDIA;MG;2026-03;933.0;45047.28;2026-03;1860.0;1933.0;50.16;48.27;0
317107;VEREDINHA;MG;2026-03;929.0;42204.68;2026-03;926.0;1040.0;100.32;89.33;0
317110;VERÍSSIMO;MG;2026-03;216.0;10084.83;2026-03;385.0;398.0;56.1;54.27;0
317115;VERMELHO NOVO;MG;2026-03;531.0;26198.74;2026-03;912.0;965.0;58.22;55.03;0
317120;VESPASIANO;MG;2026-03;7048.0;345544.82;2026-03;14679.0;16399.0;48.01;42.98;0
317130;VIÇOSA;MG;2026-03;6233.0;313747.42;2026-03;7046.0;7653.0;88.46;81.45;0
317140;VIEIRAS;MG;2026-03;407.0;17901.28;2026-03;645.0;702.0;63.1;57.98;0
317150;MATHIAS LOBATO;MG;2026-03;484.0;24301.09;2026-03;652.0;723.0;74.23;66.94;0
317160;VIRGEM DA LAPA;MG;2026-03;1753.0;82477.88;2026-03;1995.0;2130.0;87.87;82.3;0
317170;VIRGÍNIA;MG;2026-03;830.0;39548.24;2026-03;1297.0;1513.0;63.99;54.86;0
317180;VIRGINÓPOLIS;MG;2026-03;731.0;35083.1;2026-03;883.0;987.0;82.79;74.06;0
317190;VIRGOLÂNDIA;MG;2026-03;549.0;25679.61;2026-03;744.0;782.0;73.79;70.2;0
317200;VISCONDE DO RIO BRANCO;MG;2026-03;3143.0;142510.98;2026-03;3977.0;4292.0;79.03;73.23;0
317210;VOLTA GRANDE;MG;2026-03;501.0;25558.66;2026-03;815.0;852.0;61.47;58.8;0
317220;WENCESLAU BRAZ;MG;2026-03;160.0;7502.69;2026-03;299.0;312.0;53.51;51.28;0
320010;AFONSO CLÁUDIO;ES;2026-03;1905.0;-84363.78;2026-03;3134.0;3615.0;60.78;52.7;0
320013;ÁGUIA BRANCA;ES;2026-03;312.0;13647.43;2026-03;1196.0;1331.0;26.09;23.44;0
320016;ÁGUA DOCE DO NORTE;ES;2026-03;1008.0;-43809.0;2026-03;1973.0;2130.0;51.09;47.32;0
320020;ALEGRE;ES;2026-03;2620.0;-116550.33;2026-03;3609.0;4028.0;72.6;65.04;0
320030;ALFREDO CHAVES;ES;2026-03;761.0;-34531.94;2026-03;1050.0;1191.0;72.48;63.9;0
320035;ALTO RIO NOVO;ES;2026-03;521.0;22208.98;2026-03;1500.0;1598.0;34.73;32.6;0
320040;ANCHIETA;ES;2026-03;2514.0;-115244.73;2026-03;3434.0;3792.0;73.21;66.3;0
320050;APIACÁ;ES;2026-03;979.0;-44038.81;2026-03;1178.0;1338.0;83.11;73.17;0
320060;ARACRUZ;ES;2026-03;7331.0;-335907.69;2026-03;9878.0;10926.0;74.22;67.1;0
320070;ATÍLIO VIVACQUA;ES;2026-03;728.0;-33256.67;2026-03;1184.0;1327.0;61.49;54.86;0
320080;BAIXO GUANDU;ES;2026-03;2981.0;-136447.85;2026-03;3332.0;3815.0;89.47;78.14;0
320090;BARRA DE SÃO FRANCISCO;ES;2026-03;3048.0;-136661.08;2026-03;4664.0;5194.0;65.35;58.68;0
320100;BOA ESPERANÇA;ES;2026-03;1415.0;-65787.78;2026-03;2374.0;2606.0;59.6;54.3;0
320110;BOM JESUS DO NORTE;ES;2026-03;1453.0;-65872.96;2026-03;1648.0;1839.0;88.17;79.01;0
320115;BREJETUBA;ES;2026-03;630.0;-28045.32;2026-03;1521.0;1782.0;41.42;35.35;0
320120;CACHOEIRO DE ITAPEMIRIM;ES;2026-03;11731.0;-532818.6;2026-03;15013.0;17436.0;78.14;67.28;0
320130;CARIACICA;ES;2026-03;33371.0;-1492133.12;2026-03;44183.0;50832.0;75.53;65.65;0
320140;CASTELO;ES;2026-03;1874.0;-86956.41;2026-03;2438.0;2770.0;76.87;67.65;0
320150;COLATINA;ES;2026-03;5003.0;218446.54;2026-03;9216.0;10156.0;54.29;49.26;0
320160;CONCEIÇÃO DA BARRA;ES;2026-03;3553.0;-158826.82;2026-03;5971.0;6188.0;59.5;57.42;0
320170;CONCEIÇÃO DO CASTELO;ES;2026-03;655.0;-29167.2;2026-03;1255.0;1380.0;52.19;47.46;0
320180;DIVINO DE SÃO LOURENÇO;ES;2026-03;388.0;-16661.46;2026-03;619.0;682.0;62.68;56.89;0
320190;DOMINGOS MARTINS;ES;2026-03;932.0;-41319.82;2026-03;2205.0;2587.0;42.27;36.03;0
320200;DORES DO RIO PRETO;ES;2026-03;594.0;-26322.34;2026-03;958.0;1029.0;62.0;57.73;0
320210;ECOPORANGA;ES;2026-03;2409.0;-106622.57;2026-03;3009.0;3345.0;80.06;72.02;0
320220;FUNDÃO;ES;2026-03;1335.0;-59098.7;2026-03;2537.0;2753.0;52.62;48.49;0
320225;GOVERNADOR LINDENBERG;ES;2026-03;273.0;11776.58;2026-03;1146.0;1301.0;23.82;20.98;0
320230;GUAÇUÍ;ES;2026-03;3320.0;-146917.84;2026-03;4233.0;4547.0;78.43;73.02;0
320240;GUARAPARI;ES;2026-03;9804.0;-447878.63;2026-03;11255.0;12758.0;87.11;76.85;0
320245;IBATIBA;ES;2026-03;1456.0;-64200.32;2026-03;2275.0;2637.0;64.0;55.21;0
320250;IBIRAÇU;ES;2026-03;968.0;-44521.34;2026-03;1628.0;1766.0;59.46;54.81;0
320255;IBITIRAMA;ES;2026-03;995.0;-43925.81;2026-03;1896.0;2089.0;52.48;47.63;0
320260;ICONHA;ES;2026-03;721.0;-33045.26;2026-03;937.0;1022.0;76.95;70.55;0
320265;IRUPI;ES;2026-03;964.0;-42995.93;2026-03;1636.0;1872.0;58.92;51.5;0
320270;ITAGUAÇU;ES;2026-03;703.0;-31962.16;2026-03;1376.0;1570.0;51.09;44.78;0
320280;ITAPEMIRIM;ES;2026-03;3583.0;-163225.03;2026-03;7269.0;8083.0;49.29;44.33;0
320290;ITARANA;ES;2026-03;360.0;-16221.48;2026-03;708.0;826.0;50.85;43.58;0
320300;IÚNA;ES;2026-03;2503.0;-112121.6;2026-03;3323.0;3759.0;75.32;66.59;0
320305;JAGUARÉ;ES;2026-03;2065.0;-94692.88;2026-03;4243.0;4691.0;48.67;44.02;0
320310;JERÔNIMO MONTEIRO;ES;2026-03;1154.0;-52297.62;2026-03;1482.0;1603.0;77.87;71.99;0
320313;JOÃO NEIVA;ES;2026-03;1181.0;-54008.96;2026-03;1305.0;1451.0;90.5;81.39;0
320316;LARANJA DA TERRA;ES;2026-03;538.0;-24159.35;2026-03;1135.0;1236.0;47.4;43.53;0
320320;LINHARES;ES;2026-03;10507.0;-486883.17;2026-03;11403.0;13141.0;92.14;79.96;0
320330;MANTENÓPOLIS;ES;2026-03;1362.0;-59115.83;2026-03;2050.0;2307.0;66.44;59.04;0
320332;MARATAÍZES;ES;2026-03;4659.0;-211102.46;2026-03;6705.0;7486.0;69.49;62.24;0
320334;MARECHAL FLORIANO;ES;2026-03;754.0;-33125.46;2026-03;1041.0;1197.0;72.43;62.99;0
320335;MARILÂNDIA;ES;2026-03;428.0;18789.38;2026-03;1169.0;1291.0;36.61;33.15;0
320340;MIMOSO DO SUL;ES;2026-03;2485.0;-111745.2;2026-03;3861.0;4436.0;64.36;56.02;0
320350;MONTANHA;ES;2026-03;2582.0;-116126.78;2026-03;3339.0;3596.0;77.33;71.8;0
320360;MUCURICI;ES;2026-03;803.0;-34499.66;2026-03;948.0;1011.0;84.7;79.43;0
320370;MUNIZ FREIRE;ES;2026-03;1303.0;-56259.97;2026-03;2242.0;2516.0;58.12;51.79;0
320380;MUQUI;ES;2026-03;1295.0;-59026.57;2026-03;1974.0;2282.0;65.6;56.75;0
320390;NOVA VENÉCIA;ES;2026-03;4195.0;-192427.16;2026-03;5717.0;6373.0;73.38;65.82;0
320400;PANCAS;ES;2026-03;757.0;32768.22;2026-03;2263.0;2462.0;33.45;30.75;0
320405;PEDRO CANÁRIO;ES;2026-03;2661.0;-119106.42;2026-03;3595.0;3958.0;74.02;67.23;0
320410;PINHEIROS;ES;2026-03;2505.0;-113434.2;2026-03;3413.0;3584.0;73.4;69.89;0
320420;PIÚMA;ES;2026-03;2244.0;-102270.97;2026-03;3360.0;3747.0;66.79;59.89;0
320425;PONTO BELO;ES;2026-03;1151.0;-50720.48;2026-03;1444.0;1554.0;79.71;74.07;0
320430;PRESIDENTE KENNEDY;ES;2026-03;1283.0;-57673.68;2026-03;2191.0;2323.0;58.56;55.23;0
320435;RIO BANANAL;ES;2026-03;741.0;-34278.33;2026-03;1828.0;2121.0;40.54;34.94;0
320440;RIO NOVO DO SUL;ES;2026-03;699.0;-31798.76;2026-03;918.0;1030.0;76.14;67.86;0
320450;SANTA LEOPOLDINA;ES;2026-03;477.0;-20950.95;2026-03;1547.0;1742.0;30.83;27.38;0
320455;SANTA MARIA DE JETIBÁ;ES;2026-03;1277.0;-56673.35;2026-03;2847.0;3346.0;44.85;38.16;0
320460;SANTA TERESA;ES;2026-03;647.0;-25615.45;2026-03;1383.0;1536.0;46.78;42.12;0
320465;SÃO DOMINGOS DO NORTE;ES;2026-03;327.0;14228.3;2026-03;1234.0;1362.0;26.5;24.01;0
320470;SÃO GABRIEL DA PALHA;ES;2026-03;1587.0;69473.48;2026-03;3005.0;3412.0;52.81;46.51;0
320480;SÃO JOSÉ DO CALÇADO;ES;2026-03;1273.0;-56945.14;2026-03;1935.0;2141.0;65.79;59.46;0
320490;SÃO MATEUS;ES;2026-03;10886.0;-492127.25;2026-03;15588.0;17705.0;69.84;61.49;0
320495;SÃO ROQUE DO CANAÃ;ES;2026-03;395.0;17293.39;2026-03;911.0;1023.0;43.36;38.61;0
320500;SERRA;ES;2026-03;40897.0;-1841356.14;2026-03;54506.0;61688.0;75.03;66.3;0
320501;SOORETAMA;ES;2026-03;1773.0;-80675.83;2026-03;2758.0;3139.0;64.29;56.48;0
320503;VARGEM ALTA;ES;2026-03;764.0;-33558.16;2026-03;1561.0;1722.0;48.94;44.37;0
320506;VENDA NOVA DO IMIGRANTE;ES;2026-03;867.0;-39770.02;2026-03;1635.0;1890.0;53.03;45.87;0
320510;VIANA;ES;2026-03;4595.0;-204586.69;2026-03;8859.0;9713.0;51.87;47.31;0
320515;VILA PAVÃO;ES;2026-03;561.0;-25749.87;2026-03;1172.0;1330.0;47.87;42.18;0
320517;VILA VALÉRIO;ES;2026-03;436.0;6281.28;2026-03;1941.0;2144.0;22.46;20.34;0
320520;VILA VELHA;ES;2026-03;27891.0;-1247591.22;2026-03;36637.0;41170.0;76.13;67.75;0
320530;VITÓRIA;ES;2026-03;16134.0;-723718.27;2026-03;24483.0;27929.0;65.9;57.77;0
330010;ANGRA DOS REIS;RJ;2026-03;16600.0;1290999.06;2026-03;21766.0;24647.0;76.27;67.35;0
330015;APERIBÉ;RJ;2026-03;1199.0;80975.31;2026-03;1423.0;1594.0;84.26;75.22;0
330020;ARARUAMA;RJ;2026-03;15307.0;1041958.7;2026-03;20682.0;23173.0;74.01;66.06;0
330022;AREAL;RJ;2026-03;1118.0;70101.7;2026-03;1283.0;1404.0;87.14;79.63;0
330023;ARMAÇÃO DOS BÚZIOS;RJ;2026-03;4382.0;285074.76;2026-03;5052.0;6040.0;86.74;72.55;0
330025;ARRAIAL DO CABO;RJ;2026-03;3965.0;232714.43;2026-03;4953.0;5620.0;80.05;70.55;0
330030;BARRA DO PIRAÍ;RJ;2026-03;11230.0;465756.4;2026-03;8486.0;9613.0;132.34;116.82;0
330040;BARRA MANSA;RJ;2026-03;19513.0;799189.29;2026-03;15433.0;17095.0;126.44;114.14;0
330045;BELFORD ROXO;RJ;2026-03;62718.0;1953305.79;2026-03;84645.0;95816.0;74.1;65.46;0
330050;BOM JARDIM;RJ;2026-03;2575.0;148142.0;2026-03;3136.0;3394.0;82.11;75.87;0
330060;BOM JESUS DO ITABAPOANA;RJ;2026-03;3563.0;227341.63;2026-03;4021.0;4577.0;88.61;77.85;0
330070;CABO FRIO;RJ;2026-03;23148.0;1444293.19;2026-03;29261.0;33473.0;79.11;69.15;0
330080;CACHOEIRAS DE MACACU;RJ;2026-03;7243.0;941554.13;2026-03;8728.0;9959.0;82.99;72.73;0
330090;CAMBUCI;RJ;2026-03;1535.0;92318.82;2026-03;2174.0;2451.0;70.61;62.63;0
330093;CARAPEBUS;RJ;2026-03;1408.0;92299.64;2026-03;2150.0;2302.0;65.49;61.16;0
330095;COMENDADOR LEVY GASPARIAN;RJ;2026-03;1267.0;47948.85;2026-03;1013.0;1109.0;125.07;114.25;0
330100;CAMPOS DOS GOYTACAZES;RJ;2026-03;50619.0;3605570.69;2026-03;59049.0;70241.0;85.72;72.06;0
330110;CANTAGALO;RJ;2026-03;1600.0;97330.42;2026-03;2297.0;2433.0;69.66;65.76;0
330115;CARDOSO MOREIRA;RJ;2026-03;1377.0;122740.68;2026-03;1874.0;2074.0;73.48;66.39;0
330120;CARMO;RJ;2026-03;2837.0;122584.71;2026-03;2446.0;2635.0;115.99;107.67;0
330130;CASIMIRO DE ABREU;RJ;2026-03;4705.0;358088.79;2026-03;5537.0;6081.0;84.97;77.37;0
330140;CONCEIÇÃO DE MACABU;RJ;2026-03;2742.0;214897.11;2026-03;3376.0;3789.0;81.22;72.37;0
330150;CORDEIRO;RJ;2026-03;1941.0;115512.28;2026-03;2183.0;2416.0;88.91;80.34;0
330160;DUAS BARRAS;RJ;2026-03;1198.0;70569.55;2026-03;1486.0;1629.0;80.62;73.54;0
330170;DUQUE DE CAXIAS;RJ;2026-03;94133.0;5109364.14;2026-03;128619.0;148295.0;73.19;63.48;0
330180;ENGENHEIRO PAULO DE FRONTIN;RJ;2026-03;1975.0;83714.42;2026-03;1716.0;1915.0;115.09;103.13;0
330185;GUAPIMIRIM;RJ;2026-03;6481.0;709510.34;2026-03;9645.0;11106.0;67.2;58.36;0
330187;IGUABA GRANDE;RJ;2026-03;3635.0;249210.54;2026-03;4424.0;5282.0;82.17;68.82;0
330190;ITABORAÍ;RJ;2026-03;24965.0;2569877.2;2026-03;36120.0;44467.0;69.12;56.14;0
330200;ITAGUAÍ;RJ;2026-03;15255.0;572664.46;2026-03;19029.0;20792.0;80.17;73.37;0
330205;ITALVA;RJ;2026-03;1411.0;102306.74;2026-03;1575.0;1681.0;89.59;83.94;0
330210;ITAOCARA;RJ;2026-03;2056.0;121950.45;2026-03;2725.0;2921.0;75.45;70.39;0
330220;ITAPERUNA;RJ;2026-03;9061.0;560491.39;2026-03;10003.0;11122.0;90.58;81.47;0
330225;ITATIAIA;RJ;2026-03;3556.0;341716.31;2026-03;3669.0;4062.0;96.92;87.54;0
330227;JAPERI;RJ;2026-03;10193.0;336753.85;2026-03;17835.0;20741.0;57.15;49.14;0
330230;LAJE DO MURIAÉ;RJ;2026-03;982.0;57272.36;2026-03;1226.0;1319.0;80.1;74.45;0
330240;MACAÉ;RJ;2026-03;20996.0;1267567.23;2026-03;28297.0;31432.0;74.2;66.8;0
330245;MACUCO;RJ;2026-03;888.0;54430.63;2026-03;1087.0;1131.0;81.69;78.51;0
330250;MAGÉ;RJ;2026-03;29774.0;3305724.12;2026-03;42695.0;47933.0;69.74;62.12;0
330260;MANGARATIBA;RJ;2026-03;4783.0;491320.35;2026-03;6520.0;7198.0;73.36;66.45;0
330270;MARICÁ;RJ;2026-03;21197.0;1534408.75;2026-03;27598.0;31106.0;76.81;68.14;0
330280;MENDES;RJ;2026-03;2845.0;112034.24;2026-03;2316.0;2528.0;122.84;112.54;0
330285;MESQUITA;RJ;2026-03;22139.0;807761.09;2026-03;26236.0;29303.0;84.38;75.55;0
330290;MIGUEL PEREIRA;RJ;2026-03;4132.0;181725.32;2026-03;3307.0;3888.0;124.95;106.28;0
330300;MIRACEMA;RJ;2026-03;3446.0;210819.4;2026-03;4139.0;4557.0;83.26;75.62;0
330310;NATIVIDADE;RJ;2026-03;1630.0;95395.55;2026-03;2016.0;2167.0;80.85;75.22;0
330320;NILÓPOLIS;RJ;2026-03;15337.0;595942.81;2026-03;13881.0;15454.0;110.49;99.24;0
330330;NITERÓI;RJ;2026-03;25760.0;1567227.73;2026-03;50582.0;57412.0;50.93;44.87;0
330340;NOVA FRIBURGO;RJ;2026-03;10595.0;511855.83;2026-03;14044.0;16073.0;75.44;65.92;0
330350;NOVA IGUAÇU;RJ;2026-03;120800.0;4465681.86;2026-03;151625.0;170028.0;79.67;71.05;0
330360;PARACAMBI;RJ;2026-03;6731.0;260132.63;2026-03;6808.0;7352.0;98.87;91.55;0
330370;PARAÍBA DO SUL;RJ;2026-03;6057.0;244485.38;2026-03;5027.0;5403.0;120.49;112.1;0
330380;PARATY;RJ;2026-03;4976.0;323763.38;2026-03;6654.0;7537.0;74.78;66.02;0
330385;PATY DO ALFERES;RJ;2026-03;4585.0;192568.56;2026-03;4109.0;4614.0;111.58;99.37;0
330390;PETRÓPOLIS;RJ;2026-03;26430.0;1874071.24;2026-03;28064.0;32700.0;94.18;80.83;0
330395;PINHEIRAL;RJ;2026-03;3692.0;157402.8;2026-03;3126.0;3411.0;118.11;108.24;0
330400;PIRAÍ;RJ;2026-03;3736.0;160338.15;2026-03;3338.0;3527.0;111.92;105.93;0
330410;PORCIÚNCULA;RJ;2026-03;2050.0;119270.21;2026-03;2916.0;3126.0;70.3;65.58;0
330411;PORTO REAL;RJ;2026-03;1922.0;121374.58;2026-03;2180.0;2352.0;88.17;81.72;0
330412;QUATIS;RJ;2026-03;1844.0;77853.11;2026-03;1487.0;1656.0;124.01;111.35;0
330414;QUEIMADOS;RJ;2026-03;19558.0;715406.33;2026-03;24231.0;26208.0;80.71;74.63;0
330415;QUISSAMÃ;RJ;2026-03;2645.0;187137.5;2026-03;3187.0;3445.0;82.99;76.78;0
330420;RESENDE;RJ;2026-03;9345.0;597348.65;2026-03;10036.0;10986.0;93.11;85.06;0
330430;RIO BONITO;RJ;2026-03;6387.0;500006.62;2026-03;9354.0;10652.0;68.28;59.96;0
330440;RIO CLARO;RJ;2026-03;2683.0;110261.63;2026-03;2367.0;2593.0;113.35;103.47;0
330450;RIO DAS FLORES;RJ;2026-03;1545.0;65381.07;2026-03;1319.0;1392.0;117.13;110.99;0
330452;RIO DAS OSTRAS;RJ;2026-03;15646.0;1115670.31;2026-03;17054.0;20089.0;91.74;77.88;0
330455;RIO DE JANEIRO;RJ;2026-03;510705.0;18766368.32;2026-03;688743.0;774319.0;74.15;65.96;0
330460;SANTA MARIA MADALENA;RJ;2026-03;847.0;47583.98;2026-03;1027.0;1123.0;82.47;75.42;0
330470;SANTO ANTÔNIO DE PÁDUA;RJ;2026-03;4381.0;261478.39;2026-03;4869.0;5307.0;89.98;82.55;0
330475;SÃO FRANCISCO DE ITABAPOANA;RJ;2026-03;7325.0;630388.65;2026-03;9544.0;10169.0;76.75;72.03;0
330480;SÃO FIDÉLIS;RJ;2026-03;3974.0;237062.63;2026-03;5028.0;5426.0;79.04;73.24;0
330490;SÃO GONÇALO;RJ;2026-03;70909.0;4765209.71;2026-03;100792.0;113453.0;70.35;62.5;0
330500;SÃO JOÃO DA BARRA;RJ;2026-03;5531.0;454919.88;2026-03;7869.0;8489.0;70.29;65.15;0
330510;SÃO JOÃO DE MERITI;RJ;2026-03;46402.0;1585002.83;2026-03;53217.0;58526.0;87.19;79.28;0
330513;SÃO JOSÉ DE UBÁ;RJ;2026-03;621.0;37214.0;2026-03;1137.0;1215.0;54.62;51.11;0
330515;SÃO JOSÉ DO VALE DO RIO PRETO;RJ;2026-03;2055.0;117362.35;2026-03;2095.0;2413.0;98.09;85.16;0
330520;SÃO PEDRO DA ALDEIA;RJ;2026-03;10228.0;796511.42;2026-03;13322.0;15149.0;76.78;67.52;0
330530;SÃO SEBASTIÃO DO ALTO;RJ;2026-03;644.0;37646.38;2026-03;1114.0;1246.0;57.81;51.69;0
330540;SAPUCAIA;RJ;2026-03;2754.0;108294.96;2026-03;2577.0;2780.0;106.87;99.06;0
330550;SAQUAREMA;RJ;2026-03;11652.0;796816.93;2026-03;16473.0;18542.0;70.73;62.84;0
330555;SEROPÉDICA;RJ;2026-03;12146.0;471531.71;2026-03;18179.0;21295.0;66.81;57.04;0
330560;SILVA JARDIM;RJ;2026-03;2287.0;170211.37;2026-03;3439.0;3762.0;66.5;60.79;0
330570;SUMIDOURO;RJ;2026-03;1224.0;63810.32;2026-03;2621.0;3002.0;46.7;40.77;0
330575;TANGUÁ;RJ;2026-03;3948.0;386597.48;2026-03;5198.0;6161.0;75.95;64.08;0
330580;TERESÓPOLIS;RJ;2026-03;17782.0;1225371.44;2026-03;21283.0;24045.0;83.55;73.95;0
330590;TRAJANO DE MORAES;RJ;2026-03;927.0;52576.81;2026-03;1178.0;1296.0;78.69;71.53;0
330600;TRÊS RIOS;RJ;2026-03;12021.0;499267.51;2026-03;11011.0;11954.0;109.17;100.56;0
330610;VALENÇA;RJ;2026-03;10663.0;454798.96;2026-03;8558.0;9453.0;124.6;112.8;0
330615;VARRE-SAI;RJ;2026-03;1302.0;77062.46;2026-03;1933.0;2096.0;67.36;62.12;0
330620;VASSOURAS;RJ;2026-03;4802.0;197159.3;2026-03;3927.0;4372.0;122.28;109.84;0
330630;VOLTA REDONDA;RJ;2026-03;28937.0;1151065.56;2026-03;23125.0;26440.0;125.13;109.44;0
350010;ADAMANTINA;SP;2026-03;1264.0;52823.37;2026-03;1428.0;1578.0;88.52;80.1;0
350020;ADOLFO;SP;2026-03;314.0;11831.1;2026-03;325.0;330.0;96.62;95.15;0
350030;AGUAÍ;SP;2026-03;2035.0;95150.63;2026-03;3283.0;3532.0;61.99;57.62;0
350040;ÁGUAS DA PRATA;SP;2026-03;240.0;11002.58;2026-03;454.0;494.0;52.86;48.58;0
350050;ÁGUAS DE LINDÓIA;SP;2026-03;566.0;22921.02;2026-03;908.0;1006.0;62.33;56.26;0
350055;ÁGUAS DE SANTA BÁRBARA;SP;2026-03;369.0;15183.18;2026-03;656.0;711.0;56.25;51.9;0
350060;ÁGUAS DE SÃO PEDRO;SP;2026-03;77.0;3135.18;2026-03;117.0;132.0;65.81;58.33;0
350070;AGUDOS;SP;2026-03;1340.0;54290.77;2026-03;2270.0;2471.0;59.03;54.23;0
350075;ALAMBARI;SP;2026-03;284.0;11505.04;2026-03;473.0;507.0;60.04;56.02;0
350080;ALFREDO MARCONDES;SP;2026-03;290.0;11887.21;2026-03;357.0;389.0;81.23;74.55;0
350090;ALTAIR;SP;2026-03;197.0;7953.62;2026-03;276.0;305.0;71.38;64.59;0
350100;ALTINÓPOLIS;SP;2026-03;1133.0;45381.87;2026-03;1664.0;1862.0;68.09;60.85;0
350110;ALTO ALEGRE;SP;2026-03;278.0;11073.17;2026-03;375.0;399.0;74.13;69.67;0
350115;ALUMÍNIO;SP;2026-03;366.0;16955.39;2026-03;748.0;812.0;48.93;45.07;0
350120;ÁLVARES FLORENCE;SP;2026-03;191.0;8978.57;2026-03;310.0;324.0;61.61;58.95;0
350130;ÁLVARES MACHADO;SP;2026-03;2082.0;87674.03;2026-03;2639.0;2803.0;78.89;74.28;0
350140;ÁLVARO DE CARVALHO;SP;2026-03;247.0;9963.76;2026-03;393.0;412.0;62.85;59.95;0
350150;ALVINLÂNDIA;SP;2026-03;197.0;7786.45;2026-03;282.0;298.0;69.86;66.11;0
350160;AMERICANA;SP;2026-03;5321.0;217624.62;2026-03;8325.0;9388.0;63.92;56.68;0
350170;AMÉRICO BRASILIENSE;SP;2026-03;1497.0;60803.34;2026-03;2445.0;2647.0;61.23;56.55;0
350180;AMÉRICO DE CAMPOS;SP;2026-03;307.0;13944.41;2026-03;470.0;517.0;65.32;59.38;0
350190;AMPARO;SP;2026-03;1340.0;55158.76;2026-03;2715.0;2981.0;49.36;44.95;0
350200;ANALÂNDIA;SP;2026-03;169.0;6632.68;2026-03;398.0;449.0;42.46;37.64;0
350210;ANDRADINA;SP;2026-03;2508.0;119098.92;2026-03;4720.0;5195.0;53.14;48.28;0
350220;ANGATUBA;SP;2026-03;1376.0;63491.51;2026-03;2274.0;2316.0;60.51;59.41;0
350230;ANHEMBI;SP;2026-03;444.0;20440.58;2026-03;858.0;948.0;51.75;46.84;0
350240;ANHUMAS;SP;2026-03;215.0;10047.99;2026-03;313.0;328.0;68.69;65.55;0
350250;APARECIDA;SP;2026-03;2253.0;-101574.17;2026-03;2546.0;2810.0;88.49;80.18;0
350260;APARECIDA D'OESTE;SP;2026-03;211.0;9979.53;2026-03;361.0;374.0;58.45;56.42;0
350270;APIAÍ;SP;2026-03;1827.0;81602.4;2026-03;3046.0;3370.0;59.98;54.21;0
350275;ARAÇARIGUAMA;SP;2026-03;1071.0;47666.82;2026-03;2488.0;2768.0;43.05;38.69;0
350280;ARAÇATUBA;SP;2026-03;8271.0;339291.57;2026-03;11911.0;13429.0;69.44;61.59;0
350290;ARAÇOIABA DA SERRA;SP;2026-03;1266.0;54146.98;2026-03;2201.0;2288.0;57.52;55.33;0
350300;ARAMINA;SP;2026-03;260.0;10410.81;2026-03;484.0;549.0;53.72;47.36;0
350310;ARANDU;SP;2026-03;339.0;13891.38;2026-03;607.0;659.0;55.85;51.44;0
350315;ARAPEÍ;SP;2026-03;247.0;11375.76;2026-03;424.0;452.0;58.25;54.65;0
350320;ARARAQUARA;SP;2026-03;9269.0;374541.88;2026-03;12652.0;14235.0;73.26;65.11;0
350330;ARARAS;SP;2026-03;4201.0;196919.16;2026-03;8468.0;9377.0;49.61;44.8;0
350335;ARCO-ÍRIS;SP;2026-03;113.0;4780.62;2026-03;212.0;223.0;53.3;50.67;0
350340;AREALVA;SP;2026-03;581.0;23486.14;2026-03;844.0;887.0;68.84;65.5;0
350350;AREIAS;SP;2026-03;359.0;16270.85;2026-03;598.0;623.0;60.03;57.62;0
350360;AREIÓPOLIS;SP;2026-03;454.0;18599.02;2026-03;853.0;911.0;53.22;49.84;0
350370;ARIRANHA;SP;2026-03;283.0;11311.39;2026-03;422.0;483.0;67.06;58.59;0
350380;ARTUR NOGUEIRA;SP;2026-03;1904.0;90754.11;2026-03;3166.0;3512.0;60.14;54.21;0
350390;ARUJÁ;SP;2026-03;4496.0;213566.5;2026-03;8866.0;9740.0;50.71;46.16;0
350395;ASPÁSIA;SP;2026-03;112.0;5428.61;2026-03;174.0;183.0;64.37;61.2;0
350400;ASSIS;SP;2026-03;4513.0;190842.86;2026-03;6229.0;6911.0;72.45;65.3;0
350410;ATIBAIA;SP;2026-03;3466.0;164118.01;2026-03;6674.0;7764.0;51.93;44.64;0
350420;AURIFLAMA;SP;2026-03;579.0;27166.27;2026-03;794.0;894.0;72.92;64.77;0
350430;AVAÍ;SP;2026-03;265.0;10437.18;2026-03;591.0;630.0;44.84;42.06;0
350440;AVANHANDAVA;SP;2026-03;1023.0;42006.68;2026-03;1440.0;1547.0;71.04;66.13;0
350450;AVARÉ;SP;2026-03;3616.0;148982.93;2026-03;5868.0;6374.0;61.62;56.73;0
350460;BADY BASSITT;SP;2026-03;1320.0;54423.48;2026-03;1764.0;1954.0;74.83;67.55;0
350470;BALBINOS;SP;2026-03;111.0;4343.39;2026-03;193.0;201.0;57.51;55.22;0
350480;BÁLSAMO;SP;2026-03;498.0;19900.31;2026-03;621.0;662.0;80.19;75.23;0
350490;BANANAL;SP;2026-03;1014.0;47363.38;2026-03;1491.0;1581.0;68.01;64.14;0
350500;BARÃO DE ANTONINA;SP;2026-03;306.0;14160.36;2026-03;430.0;458.0;71.16;66.81;0
350510;BARBOSA;SP;2026-03;518.0;21198.51;2026-03;827.0;892.0;62.64;58.07;0
350520;BARIRI;SP;2026-03;1374.0;55843.16;2026-03;2260.0;2374.0;60.8;57.88;0
350530;BARRA BONITA;SP;2026-03;1431.0;59150.83;2026-03;2108.0;2308.0;67.88;62.0;0
350535;BARRA DO CHAPÉU;SP;2026-03;727.0;31550.35;2026-03;1149.0;1240.0;63.27;58.63;0
350540;BARRA DO TURVO;SP;2026-03;857.0;37440.22;2026-03;1515.0;1530.0;56.57;56.01;0
350550;BARRETOS;SP;2026-03;3892.0;159312.32;2026-03;6503.0;7413.0;59.85;52.5;0
350560;BARRINHA;SP;2026-03;2505.0;103218.98;2026-03;3668.0;4115.0;68.29;60.87;0
350570;BARUERI;SP;2026-03;17116.0;695870.12;2026-03;26215.0;28689.0;65.29;59.66;0
350580;BASTOS;SP;2026-03;767.0;32053.48;2026-03;1093.0;1228.0;70.17;62.46;0
350590;BATATAIS;SP;2026-03;2560.0;103937.69;2026-03;4048.0;4427.0;63.24;57.83;0
350600;BAURU;SP;2026-03;14049.0;569661.86;2026-03;21294.0;23615.0;65.98;59.49;0
350610;BEBEDOURO;SP;2026-03;3121.0;127724.3;2026-03;4814.0;5198.0;64.83;60.04;0
350620;BENTO DE ABREU;SP;2026-03;126.0;5160.85;2026-03;230.0;251.0;54.78;50.2;0
350630;BERNARDINO DE CAMPOS;SP;2026-03;680.0;28125.17;2026-03;1141.0;1199.0;59.6;56.71;0
350635;BERTIOGA;SP;2026-03;3334.0;158281.71;2026-03;8698.0;9923.0;38.33;33.6;0
350640;BILAC;SP;2026-03;261.0;10559.0;2026-03;397.0;434.0;65.74;60.14;0
350650;BIRIGUI;SP;2026-03;4403.0;181171.38;2026-03;5661.0;6335.0;77.78;69.5;0
350660;BIRITIBA MIRIM;SP;2026-03;2905.0;-130969.0;2026-03;3738.0;4078.0;77.72;71.24;0
350670;BOA ESPERANÇA DO SUL;SP;2026-03;810.0;33091.13;2026-03;1179.0;1268.0;68.7;63.88;0
350680;BOCAINA;SP;2026-03;590.0;24240.52;2026-03;976.0;1066.0;60.45;55.35;0
350690;BOFETE;SP;2026-03;706.0;28005.85;2026-03;1035.0;1094.0;68.21;64.53;0
350700;BOITUVA;SP;2026-03;2384.0;102641.36;2026-03;4458.0;4890.0;53.48;48.75;0
350710;BOM JESUS DOS PERDÕES;SP;2026-03;1196.0;57001.27;2026-03;2335.0;2648.0;51.22;45.17;0
350715;BOM SUCESSO DE ITARARÉ;SP;2026-03;370.0;16429.83;2026-03;685.0;720.0;54.01;51.39;0
350720;BORÁ;SP;2026-03;56.0;2386.88;2026-03;86.0;91.0;65.12;61.54;0
350730;BORACÉIA;SP;2026-03;282.0;11714.07;2026-03;403.0;436.0;69.98;64.68;0
350740;BORBOREMA;SP;2026-03;899.0;37641.84;2026-03;981.0;1065.0;91.64;84.41;0
350745;BOREBI;SP;2026-03;203.0;8520.4;2026-03;309.0;344.0;65.7;59.01;0
350750;BOTUCATU;SP;2026-03;6682.0;272077.11;2026-03;9374.0;10270.0;71.28;65.06;0
350760;BRAGANÇA PAULISTA;SP;2026-03;7670.0;318867.15;2026-03;10457.0;12492.0;73.35;61.4;0
350770;BRAÚNA;SP;2026-03;380.0;15643.1;2026-03;559.0;651.0;67.98;58.37;0
350775;BREJO ALEGRE;SP;2026-03;216.0;8830.62;2026-03;366.0;395.0;59.02;54.68;0
350780;BRODOWSKI;SP;2026-03;1193.0;48879.31;2026-03;1807.0;1956.0;66.02;60.99;0
350790;BROTAS;SP;2026-03;609.0;24332.56;2026-03;1049.0;1124.0;58.06;54.18;0
350800;BURI;SP;2026-03;2129.0;98724.29;2026-03;3798.0;3997.0;56.06;53.26;0
350810;BURITAMA;SP;2026-03;1168.0;54863.03;2026-03;1887.0;2025.0;61.9;57.68;0
350820;BURITIZAL;SP;2026-03;401.0;16049.01;2026-03;546.0;573.0;73.44;69.98;0
350830;CABRÁLIA PAULISTA;SP;2026-03;285.0;11582.1;2026-03;509.0;538.0;55.99;52.97;0
350840;CABREÚVA;SP;2026-03;1113.0;53085.57;2026-03;2670.0;2892.0;41.69;38.49;0
350850;CAÇAPAVA;SP;2026-03;4955.0;-223257.0;2026-03;5999.0;6735.0;82.6;73.57;0
350860;CACHOEIRA PAULISTA;SP;2026-03;2786.0;-125810.87;2026-03;3071.0;3441.0;90.72;80.96;0
350870;CACONDE;SP;2026-03;913.0;37585.7;2026-03;1561.0;1748.0;58.49;52.23;0
350880;CAFELÂNDIA;SP;2026-03;850.0;34159.95;2026-03;1490.0;1625.0;57.05;52.31;0
350890;CAIABU;SP;2026-03;202.0;7834.2;2026-03;249.0;267.0;81.12;75.66;0
350900;CAIEIRAS;SP;2026-03;3115.0;146978.51;2026-03;6033.0;7090.0;51.63;43.94;0
350910;CAIUÁ;SP;2026-03;257.0;10061.14;2026-03;590.0;660.0;43.56;38.94;0
350920;CAJAMAR;SP;2026-03;4872.0;196939.13;2026-03;8598.0;9610.0;56.66;50.7;0
350925;CAJATI;SP;2026-03;2050.0;94338.59;2026-03;3424.0;3731.0;59.87;54.95;0
350930;CAJOBI;SP;2026-03;592.0;23842.0;2026-03;778.0;836.0;76.09;70.81;0
350940;CAJURU;SP;2026-03;1217.0;48843.44;2026-03;1935.0;2223.0;62.89;54.75;0
350945;CAMPINA DO MONTE ALEGRE;SP;2026-03;446.0;20572.06;2026-03;678.0;740.0;65.78;60.27;0
350950;CAMPINAS;SP;2026-03;36943.0;1515285.47;2026-03;75999.0;83853.0;48.61;44.06;0
350960;CAMPO LIMPO PAULISTA;SP;2026-03;2389.0;102034.04;2026-03;5924.0;6612.0;40.33;36.13;0
350970;CAMPOS DO JORDÃO;SP;2026-03;1245.0;58063.58;2026-03;2412.0;2673.0;51.62;46.58;0
350980;CAMPOS NOVOS PAULISTA;SP;2026-03;382.0;15071.47;2026-03;636.0;675.0;60.06;56.59;0
350990;CANANÉIA;SP;2026-03;1057.0;48068.68;2026-03;1858.0;2015.0;56.89;52.46;0
350995;CANAS;SP;2026-03;580.0;-26404.29;2026-03;761.0;822.0;76.22;70.56;0
351000;CÂNDIDO MOTA;SP;2026-03;1399.0;57918.53;2026-03;1762.0;1915.0;79.4;73.05;0
351010;CÂNDIDO RODRIGUES;SP;2026-03;156.0;6435.68;2026-03;217.0;241.0;71.89;64.73;0
351015;CANITAR;SP;2026-03;386.0;16034.83;2026-03;674.0;743.0;57.27;51.95;0
351020;CAPÃO BONITO;SP;2026-03;3163.0;144887.16;2026-03;5133.0;5614.0;61.62;56.34;0
351030;CAPELA DO ALTO;SP;2026-03;1434.0;61542.09;2026-03;2311.0;2488.0;62.05;57.64;0
351040;CAPIVARI;SP;2026-03;2103.0;86165.42;2026-03;4135.0;4556.0;50.86;46.16;0
351050;CARAGUATATUBA;SP;2026-03;9904.0;-447386.99;2026-03;14077.0;15738.0;70.36;62.93;0
351060;CARAPICUÍBA;SP;2026-03;22643.0;920773.07;2026-03;34916.0;38446.0;64.85;58.9;0
351070;CARDOSO;SP;2026-03;724.0;33596.99;2026-03;752.0;843.0;96.28;85.88;0
351080;CASA BRANCA;SP;2026-03;1111.0;46279.16;2026-03;2042.0;2191.0;54.41;50.71;0
351090;CÁSSIA DOS COQUEIROS;SP;2026-03;158.0;6391.66;2026-03;275.0;283.0;57.45;55.83;0
351100;CASTILHO;SP;2026-03;1093.0;51416.02;2026-03;2095.0;2195.0;52.17;49.79;0
351110;CATANDUVA;SP;2026-03;4049.0;172691.74;2026-03;4336.0;4722.0;93.38;85.75;0
351120;CATIGUÁ;SP;2026-03;317.0;13411.09;2026-03;405.0;438.0;78.27;72.37;0
351130;CEDRAL;SP;2026-03;409.0;16602.32;2026-03;561.0;605.0;72.91;67.6;0
351140;CERQUEIRA CÉSAR;SP;2026-03;781.0;31620.13;2026-03;1375.0;1529.0;56.8;51.08;0
351150;CERQUILHO;SP;2026-03;746.0;35560.89;2026-03;1138.0;1307.0;65.55;57.08;0
351160;CESÁRIO LANGE;SP;2026-03;546.0;25259.83;2026-03;1109.0;1226.0;49.23;44.54;0
351170;CHARQUEADA;SP;2026-03;763.0;30879.31;2026-03;1312.0;1457.0;58.16;52.37;0
351190;CLEMENTINA;SP;2026-03;351.0;14531.51;2026-03;594.0;653.0;59.09;53.75;0
351200;COLINA;SP;2026-03;564.0;22737.92;2026-03;828.0;927.0;68.12;60.84;0
351210;COLÔMBIA;SP;2026-03;425.0;17004.31;2026-03;793.0;881.0;53.59;48.24;0
351220;CONCHAL;SP;2026-03;1403.0;65798.51;2026-03;2867.0;3119.0;48.94;44.98;0
351230;CONCHAS;SP;2026-03;822.0;38277.5;2026-03;1482.0;1613.0;55.47;50.96;0
351240;CORDEIRÓPOLIS;SP;2026-03;449.0;21109.93;2026-03;1018.0;1138.0;44.11;39.46;0
351250;COROADOS;SP;2026-03;375.0;15428.42;2026-03;518.0;557.0;72.39;67.32;0
351260;CORONEL MACEDO;SP;2026-03;456.0;20412.16;2026-03;600.0;616.0;76.0;74.03;0
351270;CORUMBATAÍ;SP;2026-03;113.0;5340.98;2026-03;288.0;321.0;39.24;35.2;0
351280;COSMÓPOLIS;SP;2026-03;1717.0;69157.25;2026-03;2693.0;2907.0;63.76;59.06;0
351290;COSMORAMA;SP;2026-03;490.0;23216.11;2026-03;976.0;1044.0;50.2;46.93;0
351300;COTIA;SP;2026-03;11071.0;447500.43;2026-03;17803.0;19942.0;62.19;55.52;0
351310;CRAVINHOS;SP;2026-03;1529.0;62566.05;2026-03;2555.0;2900.0;59.84;52.72;0
351320;CRISTAIS PAULISTA;SP;2026-03;433.0;17787.1;2026-03;547.0;601.0;79.16;72.05;0
351330;CRUZÁLIA;SP;2026-03;129.0;5269.9;2026-03;179.0;186.0;72.07;69.35;0
351340;CRUZEIRO;SP;2026-03;5408.0;-242653.48;2026-03;6242.0;7238.0;86.64;74.72;0
351350;CUBATÃO;SP;2026-03;3486.0;144184.93;2026-03;10523.0;11971.0;33.13;29.12;0
351360;CUNHA;SP;2026-03;2006.0;88671.95;2026-03;2941.0;3316.0;68.21;60.49;0
351370;DESCALVADO;SP;2026-03;708.0;29108.84;2026-03;1213.0;1353.0;58.37;52.33;0
351380;DIADEMA;SP;2026-03;22450.0;916871.59;2026-03;30132.0;34232.0;74.51;65.58;0
351385;DIRCE REIS;SP;2026-03;100.0;4716.24;2026-03;130.0;133.0;76.92;75.19;0
351390;DIVINOLÂNDIA;SP;2026-03;545.0;22424.02;2026-03;1048.0;1140.0;52.0;47.81;0
351400;DOBRADA;SP;2026-03;562.0;22747.57;2026-03;915.0;984.0;61.42;57.11;0
351410;DOIS CÓRREGOS;SP;2026-03;1211.0;48997.77;2026-03;1960.0;2108.0;61.79;57.45;0
351420;DOLCINÓPOLIS;SP;2026-03;192.0;9028.53;2026-03;287.0;317.0;66.9;60.57;0
351430;DOURADO;SP;2026-03;472.0;19221.64;2026-03;636.0;698.0;74.21;67.62;0
351440;DRACENA;SP;2026-03;1556.0;73359.2;2026-03;2395.0;2681.0;64.97;58.04;0
351450;DUARTINA;SP;2026-03;772.0;31273.9;2026-03;993.0;1094.0;77.74;70.57;0
351460;DUMONT;SP;2026-03;436.0;17809.43;2026-03;759.0;827.0;57.44;52.72;0
351470;ECHAPORÃ;SP;2026-03;648.0;26934.96;2026-03;859.0;916.0;75.44;70.74;0
351480;ELDORADO;SP;2026-03;979.0;44182.66;2026-03;1830.0;1980.0;53.5;49.44;0
351490;ELIAS FAUSTO;SP;2026-03;923.0;38619.8;2026-03;1797.0;1930.0;51.36;47.82;0
351492;ELISIÁRIO;SP;2026-03;190.0;8241.57;2026-03;257.0;282.0;73.93;67.38;0
351495;EMBAÚBA;SP;2026-03;110.0;4535.55;2026-03;152.0;168.0;72.37;65.48;0
351500;EMBU DAS ARTES;SP;2026-03;17874.0;717153.03;2026-03;32288.0;37052.0;55.36;48.24;0
351510;EMBU-GUAÇU;SP;2026-03;3383.0;138318.51;2026-03;8811.0;10076.0;38.4;33.57;0
351512;EMILIANÓPOLIS;SP;2026-03;217.0;9220.02;2026-03;266.0;280.0;81.58;77.5;0
351515;ENGENHEIRO COELHO;SP;2026-03;838.0;39151.43;2026-03;1588.0;1749.0;52.77;47.91;0
351518;ESPÍRITO SANTO DO PINHAL;SP;2026-03;815.0;32681.81;2026-03;1239.0;1351.0;65.78;60.33;0
351519;ESPÍRITO SANTO DO TURVO;SP;2026-03;150.0;6052.27;2026-03;315.0;332.0;47.62;45.18;0
351520;ESTRELA D'OESTE;SP;2026-03;250.0;11975.96;2026-03;437.0;454.0;57.21;55.07;0
351530;ESTRELA DO NORTE;SP;2026-03;96.0;4467.7;2026-03;167.0;168.0;57.49;57.14;0
351535;EUCLIDES DA CUNHA PAULISTA;SP;2026-03;504.0;23008.11;2026-03;1046.0;1119.0;48.18;45.04;0
351540;FARTURA;SP;2026-03;1272.0;59420.8;2026-03;1949.0;2087.0;65.26;60.95;0
351550;FERNANDÓPOLIS;SP;2026-03;3312.0;156851.0;2026-03;4503.0;4992.0;73.55;66.35;0
351560;FERNANDO PRESTES;SP;2026-03;248.0;10151.64;2026-03;415.0;433.0;59.76;57.27;0
351565;FERNÃO;SP;2026-03;81.0;3188.84;2026-03;167.0;188.0;48.5;43.09;0
351570;FERRAZ DE VASCONCELOS;SP;2026-03;14411.0;-655848.28;2026-03;17969.0;20512.0;80.2;70.26;0
351580;FLORA RICA;SP;2026-03;76.0;3501.86;2026-03;112.0;114.0;67.86;66.67;0
351590;FLOREAL;SP;2026-03;127.0;5889.88;2026-03;168.0;172.0;75.6;73.84;0
351600;FLÓRIDA PAULISTA;SP;2026-03;581.0;26757.92;2026-03;891.0;956.0;65.21;60.77;0
351610;FLORÍNEA;SP;2026-03;232.0;9385.32;2026-03;366.0;394.0;63.39;58.88;0
351620;FRANCA;SP;2026-03;15272.0;625681.3;2026-03;19900.0;22049.0;76.74;69.26;0
351630;FRANCISCO MORATO;SP;2026-03;8782.0;410287.63;2026-03;21783.0;24000.0;40.32;36.59;0
351640;FRANCO DA ROCHA;SP;2026-03;6117.0;286454.08;2026-03;15053.0;16989.0;40.64;36.01;0
351650;GABRIEL MONTEIRO;SP;2026-03;113.0;4744.88;2026-03;164.0;175.0;68.9;64.57;0
351660;GÁLIA;SP;2026-03;329.0;12991.62;2026-03;421.0;444.0;78.15;74.1;0
351670;GARÇA;SP;2026-03;2278.0;93100.99;2026-03;3494.0;3802.0;65.2;59.92;0
351680;GASTÃO VIDIGAL;SP;2026-03;200.0;9431.24;2026-03;274.0;284.0;72.99;70.42;0
351685;GAVIÃO PEIXOTO;SP;2026-03;178.0;7390.52;2026-03;287.0;314.0;62.02;56.69;0
351690;GENERAL SALGADO;SP;2026-03;481.0;22634.51;2026-03;603.0;659.0;79.77;72.99;0
351700;GETULINA;SP;2026-03;597.0;24360.48;2026-03;873.0;968.0;68.38;61.67;0
351710;GLICÉRIO;SP;2026-03;425.0;16952.83;2026-03;537.0;586.0;79.14;72.53;0
351720;GUAIÇARA;SP;2026-03;652.0;26651.34;2026-03;925.0;1013.0;70.49;64.36;0
351730;GUAIMBÊ;SP;2026-03;482.0;19342.94;2026-03;702.0;740.0;68.66;65.14;0
351740;GUAÍRA;SP;2026-03;1724.0;69953.71;2026-03;2481.0;2778.0;69.49;62.06;0
351750;GUAPIAÇU;SP;2026-03;790.0;32286.24;2026-03;1154.0;1263.0;68.46;62.55;0
351760;GUAPIARA;SP;2026-03;1307.0;56543.82;2026-03;2191.0;2426.0;59.65;53.87;0
351770;GUARÁ;SP;2026-03;1058.0;43119.45;2026-03;1761.0;1923.0;60.08;55.02;0
351780;GUARAÇAÍ;SP;2026-03;398.0;18830.43;2026-03;650.0;725.0;61.23;54.9;0
351790;GUARACI;SP;2026-03;708.0;28569.04;2026-03;984.0;1121.0;71.95;63.16;0
351800;GUARANI D'OESTE;SP;2026-03;134.0;5978.65;2026-03;170.0;183.0;78.82;73.22;0
351810;GUARANTÃ;SP;2026-03;512.0;20755.59;2026-03;842.0;885.0;60.81;57.85;0
351820;GUARARAPES;SP;2026-03;1538.0;62583.84;2026-03;2122.0;2323.0;72.48;66.21;0
351830;GUARAREMA;SP;2026-03;2801.0;-126888.24;2026-03;3730.0;4206.0;75.09;66.6;0
351840;GUARATINGUETÁ;SP;2026-03;7313.0;-332020.18;2026-03;7882.0;8579.0;92.78;85.24;0
351850;GUAREÍ;SP;2026-03;563.0;22630.3;2026-03;926.0;985.0;60.8;57.16;0
351860;GUARIBA;SP;2026-03;1750.0;71764.85;2026-03;2284.0;2429.0;76.62;72.05;0
351870;GUARUJÁ;SP;2026-03;7067.0;311922.17;2026-03;26494.0;29760.0;26.67;23.75;0
351880;GUARULHOS;SP;2026-03;94065.0;-4202088.84;2026-03;132282.0;147345.0;71.11;63.84;0
351885;GUATAPARÁ;SP;2026-03;441.0;17701.55;2026-03;747.0;801.0;59.04;55.06;0
351890;GUZOLÂNDIA;SP;2026-03;301.0;13946.42;2026-03;430.0;464.0;70.0;64.87;0
351900;HERCULÂNDIA;SP;2026-03;749.0;30481.62;2026-03;991.0;1039.0;75.58;72.09;0
351905;HOLAMBRA;SP;2026-03;73.0;3104.4;2026-03;396.0;446.0;18.43;16.37;0
351907;HORTOLÂNDIA;SP;2026-03;11492.0;471803.35;2026-03;15876.0;18127.0;72.39;63.4;0
351910;IACANGA;SP;2026-03;798.0;32457.39;2026-03;1156.0;1228.0;69.03;64.98;0
351920;IACRI;SP;2026-03;407.0;17071.88;2026-03;670.0;703.0;60.75;57.89;0
351925;IARAS;SP;2026-03;311.0;12737.96;2026-03;704.0;776.0;44.18;40.08;0
351930;IBATÉ;SP;2026-03;1981.0;80692.65;2026-03;3622.0;4031.0;54.69;49.14;0
351940;IBIRÁ;SP;2026-03;472.0;18945.81;2026-03;721.0;744.0;65.46;63.44;0
351950;IBIRAREMA;SP;2026-03;809.0;34527.34;2026-03;982.0;1081.0;82.38;74.84;0
351960;IBITINGA;SP;2026-03;2384.0;97404.5;2026-03;3820.0;4243.0;62.41;56.19;0
351970;IBIÚNA;SP;2026-03;5088.0;261756.39;2026-03;8546.0;10018.0;59.54;50.79;0
351980;ICÉM;SP;2026-03;483.0;19559.24;2026-03;656.0;708.0;73.63;68.22;0
351990;IEPÊ;SP;2026-03;678.0;26774.56;2026-03;873.0;925.0;77.66;73.3;0
352000;IGARAÇU DO TIETÊ;SP;2026-03;1360.0;56410.1;2026-03;2226.0;2387.0;61.1;56.98;0
352010;IGARAPAVA;SP;2026-03;1153.0;46479.63;2026-03;1674.0;1817.0;68.88;63.46;0
352020;IGARATÁ;SP;2026-03;657.0;30282.4;2026-03;1164.0;1317.0;56.44;49.89;0
352030;IGUAPE;SP;2026-03;2725.0;125284.82;2026-03;4969.0;5411.0;54.84;50.36;0
352040;ILHABELA;SP;2026-03;1270.0;58314.71;2026-03;2996.0;3475.0;42.39;36.55;0
352042;ILHA COMPRIDA;SP;2026-03;1434.0;66691.37;2026-03;2770.0;3031.0;51.77;47.31;0
352044;ILHA SOLTEIRA;SP;2026-03;623.0;29416.29;2026-03;1099.0;1197.0;56.69;52.05;0
352050;INDAIATUBA;SP;2026-03;4186.0;182499.23;2026-03;8061.0;9176.0;51.93;45.62;0
352060;INDIANA;SP;2026-03;482.0;20644.29;2026-03;577.0;623.0;83.54;77.37;0
352070;INDIAPORÃ;SP;2026-03;251.0;11523.17;2026-03;374.0;420.0;67.11;59.76;0
352080;INÚBIA PAULISTA;SP;2026-03;155.0;6524.5;2026-03;176.0;194.0;88.07;79.9;0
352090;IPAUSSU;SP;2026-03;818.0;34091.32;2026-03;1200.0;1284.0;68.17;63.71;0
352100;IPERÓ;SP;2026-03;1481.0;63276.44;2026-03;3236.0;3557.0;45.77;41.64;0
352110;IPEÚNA;SP;2026-03;182.0;8461.1;2026-03;464.0;519.0;39.22;35.07;0
352115;IPIGUÁ;SP;2026-03;252.0;10720.84;2026-03;338.0;356.0;74.56;70.79;0
352120;IPORANGA;SP;2026-03;384.0;16491.54;2026-03;696.0;730.0;55.17;52.6;0
352130;IPUÃ;SP;2026-03;975.0;39532.81;2026-03;1276.0;1344.0;76.41;72.54;0
352140;IRACEMÁPOLIS;SP;2026-03;354.0;16755.71;2026-03;888.0;999.0;39.86;35.44;0
352150;IRAPUÃ;SP;2026-03;559.0;24228.61;2026-03;711.0;757.0;78.62;73.84;0
352160;IRAPURU;SP;2026-03;370.0;17081.9;2026-03;515.0;552.0;71.84;67.03;0
352170;ITABERÁ;SP;2026-03;1089.0;49689.49;2026-03;2028.0;2225.0;53.7;48.94;0
352180;ITAÍ;SP;2026-03;1272.0;51668.92;2026-03;2318.0;2495.0;54.87;50.98;0
352190;ITAJOBI;SP;2026-03;894.0;38864.7;2026-03;1191.0;1292.0;75.06;69.2;0
352200;ITAJU;SP;2026-03;177.0;7065.27;2026-03;219.0;242.0;80.82;73.14;0
352210;ITANHAÉM;SP;2026-03;7965.0;372813.45;2026-03;13894.0;17310.0;57.33;46.01;0
352215;ITAOCA;SP;2026-03;307.0;13045.16;2026-03;553.0;554.0;55.52;55.42;0
352220;ITAPECERICA DA SERRA;SP;2026-03;11332.0;456397.63;2026-03;19311.0;23111.0;58.68;49.03;0
352230;ITAPETININGA;SP;2026-03;7373.0;302132.01;2026-03;12293.0;13243.0;59.98;55.67;0
352240;ITAPEVA;SP;2026-03;5893.0;269477.16;2026-03;8703.0;9458.0;67.71;62.31;0
352250;ITAPEVI;SP;2026-03;13832.0;555822.22;2026-03;22578.0;25072.0;61.26;55.17;0
352260;ITAPIRA;SP;2026-03;1905.0;77556.36;2026-03;3080.0;3372.0;61.85;56.49;0
352265;ITAPIRAPUÃ PAULISTA;SP;2026-03;459.0;20898.83;2026-03;818.0;849.0;56.11;54.06;0
352270;ITÁPOLIS;SP;2026-03;956.0;38677.12;2026-03;1773.0;2004.0;53.92;47.7;0
352280;ITAPORANGA;SP;2026-03;1290.0;58695.71;2026-03;1773.0;1947.0;72.76;66.26;0
352290;ITAPUÍ;SP;2026-03;631.0;25537.01;2026-03;984.0;1070.0;64.13;58.97;0
352300;ITAPURA;SP;2026-03;280.0;12873.87;2026-03;540.0;570.0;51.85;49.12;0
352310;ITAQUAQUECETUBA;SP;2026-03;34303.0;-1558329.65;2026-03;49144.0;52991.0;69.8;64.73;0
352320;ITARARÉ;SP;2026-03;3622.0;167380.02;2026-03;5598.0;6066.0;64.7;59.71;0
352330;ITARIRI;SP;2026-03;1141.0;54476.64;2026-03;2160.0;2346.0;52.82;48.64;0
352340;ITATIBA;SP;2026-03;3147.0;130124.42;2026-03;5802.0;6458.0;54.24;48.73;0
352350;ITATINGA;SP;2026-03;936.0;37562.06;2026-03;1646.0;1735.0;56.87;53.95;0
352360;ITIRAPINA;SP;2026-03;520.0;24007.21;2026-03;1087.0;1215.0;47.84;42.8;0
352370;ITIRAPUÃ;SP;2026-03;539.0;22077.73;2026-03;810.0;885.0;66.54;60.9;0
352380;ITOBI;SP;2026-03;347.0;14438.89;2026-03;633.0;685.0;54.82;50.66;0
352390;ITU;SP;2026-03;4379.0;191603.56;2026-03;10673.0;11738.0;41.03;37.31;0
352400;ITUPEVA;SP;2026-03;1060.0;46283.59;2026-03;3123.0;3496.0;33.94;30.32;0
352410;ITUVERAVA;SP;2026-03;1636.0;66783.26;2026-03;2482.0;2751.0;65.91;59.47;0
352420;JABORANDI;SP;2026-03;430.0;17764.36;2026-03;679.0;716.0;63.33;60.06;0
352430;JABOTICABAL;SP;2026-03;3989.0;163942.23;2026-03;5747.0;6342.0;69.41;62.9;0
352440;JACAREÍ;SP;2026-03;10718.0;-487147.11;2026-03;13129.0;14928.0;81.64;71.8;0
352450;JACI;SP;2026-03;216.0;8876.28;2026-03;418.0;456.0;51.67;47.37;0
352460;JACUPIRANGA;SP;2026-03;1100.0;50301.27;2026-03;1797.0;1984.0;61.21;55.44;0
352470;JAGUARIÚNA;SP;2026-03;1072.0;44878.51;2026-03;2148.0;2335.0;49.91;45.91;0
352480;JALES;SP;2026-03;2011.0;95167.39;2026-03;2603.0;2812.0;77.26;71.51;0
352490;JAMBEIRO;SP;2026-03;400.0;-9325.12;2026-03;570.0;626.0;70.18;63.9;0
352500;JANDIRA;SP;2026-03;4830.0;195704.16;2026-03;7924.0;8663.0;60.95;55.75;0
352510;JARDINÓPOLIS;SP;2026-03;2052.0;84214.31;2026-03;3539.0;3815.0;57.98;53.79;0
352520;JARINU;SP;2026-03;968.0;46032.96;2026-03;1856.0;2068.0;52.16;46.81;0
352530;JAÚ;SP;2026-03;4580.0;188863.07;2026-03;6516.0;7546.0;70.29;60.69;0
352540;JERIQUARA;SP;2026-03;283.0;11582.59;2026-03;469.0;475.0;60.34;59.58;0
352550;JOANÓPOLIS;SP;2026-03;601.0;27696.32;2026-03;1065.0;1088.0;56.43;55.24;0
352560;JOÃO RAMALHO;SP;2026-03;270.0;11380.66;2026-03;446.0;505.0;60.54;53.47;0
352570;JOSÉ BONIFÁCIO;SP;2026-03;1281.0;52279.27;2026-03;1614.0;1709.0;79.37;74.96;0
352580;JÚLIO MESQUITA;SP;2026-03;391.0;15529.37;2026-03;551.0;600.0;70.96;65.17;0
352585;JUMIRIM;SP;2026-03;64.0;2987.49;2026-03;173.0;191.0;36.99;33.51;0
352590;JUNDIAÍ;SP;2026-03;4739.0;204674.38;2026-03;11537.0;12126.0;41.08;39.08;0
352600;JUNQUEIRÓPOLIS;SP;2026-03;866.0;40453.31;2026-03;1310.0;1410.0;66.11;61.42;0
352610;JUQUIÁ;SP;2026-03;1310.0;59155.19;2026-03;2311.0;2545.0;56.69;51.47;0
352620;JUQUITIBA;SP;2026-03;2736.0;107395.22;2026-03;4365.0;4737.0;62.68;57.76;0
352630;LAGOINHA;SP;2026-03;422.0;18726.61;2026-03;588.0;631.0;71.77;66.88;0
352640;LARANJAL PAULISTA;SP;2026-03;1021.0;47894.97;2026-03;2332.0;2486.0;43.78;41.07;0
352650;LAVÍNIA;SP;2026-03;187.0;8867.54;2026-03;335.0;366.0;55.82;51.09;0
352660;LAVRINHAS;SP;2026-03;529.0;25222.99;2026-03;864.0;905.0;61.23;58.45;0
352670;LEME;SP;2026-03;4739.0;224130.53;2026-03;7248.0;8071.0;65.38;58.72;0
352680;LENÇÓIS PAULISTA;SP;2026-03;1643.0;67623.74;2026-03;2422.0;2551.0;67.84;64.41;0
352690;LIMEIRA;SP;2026-03;10093.0;479525.48;2026-03;18439.0;20640.0;54.74;48.9;0
352700;LINDÓIA;SP;2026-03;296.0;12115.07;2026-03;505.0;557.0;58.61;53.14;0
352710;LINS;SP;2026-03;2912.0;117710.65;2026-03;4208.0;4543.0;69.2;64.1;0
352720;LORENA;SP;2026-03;7200.0;-327716.73;2026-03;7990.0;8765.0;90.11;82.14;0
352725;LOURDES;SP;2026-03;167.0;7980.07;2026-03;237.0;247.0;70.46;67.61;0
352730;LOUVEIRA;SP;2026-03;1055.0;45899.25;2026-03;2170.0;2341.0;48.62;45.07;0
352740;LUCÉLIA;SP;2026-03;1265.0;53738.54;2026-03;1408.0;1534.0;89.84;82.46;0
352750;LUCIANÓPOLIS;SP;2026-03;97.0;3967.68;2026-03;208.0;234.0;46.63;41.45;0
352760;LUÍS ANTÔNIO;SP;2026-03;748.0;30758.63;2026-03;1003.0;1086.0;74.58;68.88;0
352770;LUIZIÂNIA;SP;2026-03;364.0;14684.03;2026-03;713.0;764.0;51.05;47.64;0
352780;LUPÉRCIO;SP;2026-03;287.0;11360.3;2026-03;326.0;370.0;88.04;77.57;0
352790;LUTÉCIA;SP;2026-03;148.0;6018.99;2026-03;277.0;293.0;53.43;50.51;0
352800;MACATUBA;SP;2026-03;493.0;20245.83;2026-03;798.0;875.0;61.78;56.34;0
352810;MACAUBAL;SP;2026-03;464.0;21713.69;2026-03;702.0;757.0;66.1;61.29;0
352820;MACEDÔNIA;SP;2026-03;137.0;6454.21;2026-03;251.0;275.0;54.58;49.82;0
352830;MAGDA;SP;2026-03;141.0;6659.0;2026-03;216.0;226.0;65.28;62.39;0
352840;MAIRINQUE;SP;2026-03;1620.0;75962.37;2026-03;3403.0;3677.0;47.61;44.06;0
352850;MAIRIPORÃ;SP;2026-03;4732.0;221928.62;2026-03;9424.0;10330.0;50.21;45.81;0
352860;MANDURI;SP;2026-03;399.0;16699.69;2026-03;729.0;797.0;54.73;50.06;0
352870;MARABÁ PAULISTA;SP;2026-03;216.0;10002.29;2026-03;430.0;480.0;50.23;45.0;0
352880;MARACAÍ;SP;2026-03;823.0;34614.65;2026-03;1114.0;1195.0;73.88;68.87;0
352885;MARAPOAMA;SP;2026-03;185.0;7667.78;2026-03;241.0;261.0;76.76;70.88;0
352890;MARIÁPOLIS;SP;2026-03;215.0;9845.64;2026-03;390.0;419.0;55.13;51.31;0
352900;MARÍLIA;SP;2026-03;8534.0;347826.32;2026-03;11372.0;13059.0;75.04;65.35;0
352910;MARINÓPOLIS;SP;2026-03;119.0;5604.97;2026-03;191.0;194.0;62.3;61.34;0
352920;MARTINÓPOLIS;SP;2026-03;1790.0;75829.29;2026-03;1984.0;2190.0;90.22;81.74;0
352930;MATÃO;SP;2026-03;3060.0;125025.58;2026-03;4667.0;5051.0;65.57;60.58;0
352940;MAUÁ;SP;2026-03;17769.0;715980.13;2026-03;24956.0;28428.0;71.2;62.51;0
352950;MENDONÇA;SP;2026-03;303.0;12804.9;2026-03;384.0;418.0;78.91;72.49;0
352960;MERIDIANO;SP;2026-03;215.0;10077.56;2026-03;366.0;380.0;58.74;56.58;0
352965;MESÓPOLIS;SP;2026-03;88.0;4170.45;2026-03;139.0;164.0;63.31;53.66;0
352970;MIGUELÓPOLIS;SP;2026-03;1617.0;65543.17;2026-03;2895.0;3189.0;55.85;50.71;0
352980;MINEIROS DO TIETÊ;SP;2026-03;606.0;24508.98;2026-03;955.0;1039.0;63.46;58.33;0
352990;MIRACATU;SP;2026-03;1670.0;75758.88;2026-03;3081.0;3359.0;54.2;49.72;0
353000;MIRA ESTRELA;SP;2026-03;167.0;7616.12;2026-03;245.0;253.0;68.16;66.01;0
353010;MIRANDÓPOLIS;SP;2026-03;911.0;42809.4;2026-03;1598.0;1762.0;57.01;51.7;0
353020;MIRANTE DO PARANAPANEMA;SP;2026-03;872.0;40099.29;2026-03;1706.0;1802.0;51.11;48.39;0
353030;MIRASSOL;SP;2026-03;2344.0;94944.63;2026-03;2968.0;3320.0;78.98;70.6;0
353040;MIRASSOLÂNDIA;SP;2026-03;296.0;11870.25;2026-03;509.0;540.0;58.15;54.81;0
353050;MOCOCA;SP;2026-03;2344.0;97690.61;2026-03;4022.0;4332.0;58.28;54.11;0
353060;MOGI DAS CRUZES;SP;2026-03;29669.0;-1312061.25;2026-03;38266.0;45264.0;77.53;65.55;0
353070;MOGI GUAÇU;SP;2026-03;4253.0;196681.86;2026-03;7537.0;8615.0;56.43;49.37;0
353080;MOGI MIRIM;SP;2026-03;1983.0;93069.52;2026-03;3744.0;4213.0;52.96;47.07;0
353090;MOMBUCA;SP;2026-03;269.0;10845.62;2026-03;395.0;418.0;68.1;64.35;0
353100;MONÇÕES;SP;2026-03;95.0;4494.22;2026-03;128.0;147.0;74.22;64.63;0
353110;MONGAGUÁ;SP;2026-03;4196.0;195929.84;2026-03;7527.0;8421.0;55.75;49.83;0
353120;MONTE ALEGRE DO SUL;SP;2026-03;146.0;6056.17;2026-03;391.0;422.0;37.34;34.6;0
353130;MONTE ALTO;SP;2026-03;1517.0;61887.58;2026-03;2019.0;2227.0;75.14;68.12;0
353140;MONTE APRAZÍVEL;SP;2026-03;1238.0;50696.59;2026-03;1833.0;2006.0;67.54;61.71;0
353150;MONTE AZUL PAULISTA;SP;2026-03;634.0;26011.79;2026-03;1238.0;1345.0;51.21;47.14;0
353160;MONTE CASTELO;SP;2026-03;239.0;11254.92;2026-03;354.0;395.0;67.51;60.51;0
353170;MONTEIRO LOBATO;SP;2026-03;430.0;-18782.72;2026-03;596.0;657.0;72.15;65.45;0
353180;MONTE MOR;SP;2026-03;4522.0;185665.02;2026-03;6864.0;7513.0;65.88;60.19;0
353190;MORRO AGUDO;SP;2026-03;1742.0;71729.33;2026-03;2568.0;2787.0;67.83;62.5;0
353200;MORUNGABA;SP;2026-03;481.0;19625.3;2026-03;949.0;1109.0;50.68;43.37;0
353205;MOTUCA;SP;2026-03;158.0;6529.05;2026-03;288.0;313.0;54.86;50.48;0
353210;MURUTINGA DO SUL;SP;2026-03;179.0;8495.64;2026-03;397.0;446.0;45.09;40.13;0
353215;NANTES;SP;2026-03;199.0;8197.24;2026-03;241.0;258.0;82.57;77.13;0
353220;NARANDIBA;SP;2026-03;288.0;13528.84;2026-03;520.0;550.0;55.38;52.36;0
353230;NATIVIDADE DA SERRA;SP;2026-03;391.0;16825.65;2026-03;685.0;758.0;57.08;51.58;0
353240;NAZARÉ PAULISTA;SP;2026-03;1069.0;48609.19;2026-03;1963.0;2165.0;54.46;49.38;0
353250;NEVES PAULISTA;SP;2026-03;480.0;19589.37;2026-03;740.0;819.0;64.86;58.61;0
353260;NHANDEARA;SP;2026-03;421.0;19485.9;2026-03;648.0;715.0;64.97;58.88;0
353270;NIPOÃ;SP;2026-03;319.0;14865.33;2026-03;551.0;616.0;57.89;51.79;0
353280;NOVA ALIANÇA;SP;2026-03;460.0;18559.88;2026-03;542.0;568.0;84.87;80.99;0
353282;NOVA CAMPINA;SP;2026-03;844.0;38389.0;2026-03;1360.0;1455.0;62.06;58.01;0
353284;NOVA CANAÃ PAULISTA;SP;2026-03;74.0;3461.16;2026-03;140.0;156.0;52.86;47.44;0
353286;NOVA CASTILHO;SP;2026-03;41.0;1813.21;2026-03;81.0;84.0;50.62;48.81;0
353290;NOVA EUROPA;SP;2026-03;385.0;15532.51;2026-03;549.0;592.0;70.13;65.03;0
353300;NOVA GRANADA;SP;2026-03;993.0;39676.27;2026-03;1300.0;1443.0;76.38;68.81;0
353310;NOVA GUATAPORANGA;SP;2026-03;144.0;6580.59;2026-03;234.0;255.0;61.54;56.47;0
353320;NOVA INDEPENDÊNCIA;SP;2026-03;262.0;12038.12;2026-03;413.0;469.0;63.44;55.86;0
353325;NOVAIS;SP;2026-03;305.0;13090.54;2026-03;435.0;474.0;70.11;64.35;0
353330;NOVA LUZITÂNIA;SP;2026-03;233.0;10920.68;2026-03;341.0;366.0;68.33;63.66;0
353340;NOVA ODESSA;SP;2026-03;1942.0;79781.18;2026-03;2640.0;2892.0;73.56;67.15;0
353350;NOVO HORIZONTE;SP;2026-03;2237.0;96322.65;2026-03;2641.0;2923.0;84.7;76.53;0
353360;NUPORANGA;SP;2026-03;309.0;12683.52;2026-03;502.0;539.0;61.55;57.33;0
353370;OCAUÇU;SP;2026-03;314.0;12531.52;2026-03;508.0;543.0;61.81;57.83;0
353380;ÓLEO;SP;2026-03;143.0;5722.25;2026-03;270.0;278.0;52.96;51.44;0
353390;OLÍMPIA;SP;2026-03;2966.0;121843.66;2026-03;4099.0;4622.0;72.36;64.17;0
353400;ONDA VERDE;SP;2026-03;279.0;11361.42;2026-03;368.0;392.0;75.82;71.17;0
353410;ORIENTE;SP;2026-03;233.0;9196.15;2026-03;408.0;430.0;57.11;54.19;0
353420;ORINDIÚVA;SP;2026-03;182.0;8472.81;2026-03;386.0;411.0;47.15;44.28;0
353430;ORLÂNDIA;SP;2026-03;1079.0;44224.67;2026-03;1623.0;1800.0;66.48;59.94;0
353440;OSASCO;SP;2026-03;33181.0;1360216.96;2026-03;56141.0;63376.0;59.1;52.36;0
353450;OSCAR BRESSANE;SP;2026-03;155.0;6392.29;2026-03;206.0;218.0;75.24;71.1;0
353460;OSVALDO CRUZ;SP;2026-03;1624.0;69009.0;2026-03;1606.0;1742.0;101.12;93.23;0
353470;OURINHOS;SP;2026-03;3882.0;161641.74;2026-03;6536.0;7211.0;59.39;53.83;0
353475;OUROESTE;SP;2026-03;470.0;21750.58;2026-03;676.0;743.0;69.53;63.26;0
353480;OURO VERDE;SP;2026-03;817.0;38389.86;2026-03;1192.0;1255.0;68.54;65.1;0
353490;PACAEMBU;SP;2026-03;483.0;22508.03;2026-03;743.0;806.0;65.01;59.93;0
353500;PALESTINA;SP;2026-03;549.0;21927.96;2026-03;906.0;979.0;60.6;56.08;0
353510;PALMARES PAULISTA;SP;2026-03;359.0;14537.95;2026-03;620.0;672.0;57.9;53.42;0
353520;PALMEIRA D'OESTE;SP;2026-03;389.0;18182.19;2026-03;523.0;567.0;74.38;68.61;0
353530;PALMITAL;SP;2026-03;1268.0;52978.43;2026-03;1814.0;2013.0;69.9;62.99;0
353540;PANORAMA;SP;2026-03;1100.0;51203.67;2026-03;1798.0;1930.0;61.18;56.99;0
353550;PARAGUAÇU PAULISTA;SP;2026-03;2772.0;117038.94;2026-03;4262.0;4581.0;65.04;60.51;0
353560;PARAIBUNA;SP;2026-03;889.0;53499.16;2026-03;1613.0;1774.0;55.11;50.11;0
353570;PARAÍSO;SP;2026-03;166.0;6780.82;2026-03;303.0;325.0;54.79;51.08;0
353580;PARANAPANEMA;SP;2026-03;641.0;26222.26;2026-03;1602.0;1637.0;40.01;39.16;0
353590;PARANAPUÃ;SP;2026-03;339.0;16158.08;2026-03;502.0;534.0;67.53;63.48;0
353600;PARAPUÃ;SP;2026-03;913.0;38975.79;2026-03;959.0;1016.0;95.2;89.86;0
353610;PARDINHO;SP;2026-03;400.0;16241.63;2026-03;586.0;638.0;68.26;62.7;0
353620;PARIQUERA-AÇU;SP;2026-03;1058.0;49112.28;2026-03;2007.0;2178.0;52.72;48.58;0
353625;PARISI;SP;2026-03;169.0;8112.07;2026-03;297.0;319.0;56.9;52.98;0
353630;PATROCÍNIO PAULISTA;SP;2026-03;791.0;31979.11;2026-03;1333.0;1463.0;59.34;54.07;0
353640;PAULICÉIA;SP;2026-03;616.0;28444.05;2026-03;966.0;1047.0;63.77;58.83;0
353650;PAULÍNIA;SP;2026-03;3474.0;145644.74;2026-03;5460.0;5816.0;63.63;59.73;0
353657;PAULISTÂNIA;SP;2026-03;116.0;4770.12;2026-03;211.0;225.0;54.98;51.56;0
353660;PAULO DE FARIA;SP;2026-03;515.0;23763.69;2026-03;808.0;892.0;63.74;57.74;0
353670;PEDERNEIRAS;SP;2026-03;1987.0;81550.47;2026-03;2983.0;3287.0;66.61;60.45;0
353680;PEDRA BELA;SP;2026-03;370.0;14172.55;2026-03;622.0;648.0;59.49;57.1;0
353690;PEDRANÓPOLIS;SP;2026-03;100.0;4592.89;2026-03;198.0;208.0;50.51;48.08;0
353700;PEDREGULHO;SP;2026-03;914.0;37175.96;2026-03;1533.0;1660.0;59.62;55.06;0
353710;PEDREIRA;SP;2026-03;924.0;38035.33;2026-03;2358.0;2678.0;39.19;34.5;0
353715;PEDRINHAS PAULISTA;SP;2026-03;150.0;6181.54;2026-03;201.0;206.0;74.63;72.82;0
353720;PEDRO DE TOLEDO;SP;2026-03;834.0;38324.68;2026-03;1356.0;1464.0;61.5;56.97;0
353730;PENÁPOLIS;SP;2026-03;2999.0;123169.27;2026-03;4402.0;4843.0;68.13;61.92;0
353740;PEREIRA BARRETO;SP;2026-03;1202.0;56832.42;2026-03;1792.0;1931.0;67.08;62.25;0
353750;PEREIRAS;SP;2026-03;361.0;16873.41;2026-03;595.0;629.0;60.67;57.39;0
353760;PERUÍBE;SP;2026-03;5106.0;238447.21;2026-03;11039.0;12461.0;46.25;40.98;0
353770;PIACATU;SP;2026-03;337.0;13768.75;2026-03;378.0;384.0;89.15;87.76;0
353780;PIEDADE;SP;2026-03;3030.0;138827.76;2026-03;5887.0;6469.0;51.47;46.84;0
353790;PILAR DO SUL;SP;2026-03;1183.0;54297.79;2026-03;1898.0;2064.0;62.33;57.32;0
353800;PINDAMONHANGABA;SP;2026-03;11321.0;-514091.49;2026-03;14006.0;15420.0;80.83;73.42;0
353810;PINDORAMA;SP;2026-03;464.0;18925.53;2026-03;748.0;843.0;62.03;55.04;0
353820;PINHALZINHO;SP;2026-03;851.0;31802.8;2026-03;1189.0;1287.0;71.57;66.12;0
353830;PIQUEROBI;SP;2026-03;270.0;11365.36;2026-03;390.0;424.0;69.23;63.68;0
353850;PIQUETE;SP;2026-03;796.0;36729.41;2026-03;1222.0;1294.0;65.14;61.51;0
353860;PIRACAIA;SP;2026-03;1141.0;53240.78;2026-03;1896.0;2160.0;60.18;52.82;0
353870;PIRACICABA;SP;2026-03;10845.0;440778.84;2026-03;19520.0;21250.0;55.56;51.04;0
353880;PIRAJU;SP;2026-03;1540.0;62833.96;2026-03;2344.0;2506.0;65.7;61.45;0
353890;PIRAJUÍ;SP;2026-03;1540.0;62474.69;2026-03;2092.0;2293.0;73.61;67.16;0
353900;PIRANGI;SP;2026-03;257.0;10346.42;2026-03;508.0;554.0;50.59;46.39;0
353910;PIRAPORA DO BOM JESUS;SP;2026-03;1327.0;52754.55;2026-03;2418.0;2631.0;54.88;50.44;0
353920;PIRAPOZINHO;SP;2026-03;932.0;43426.66;2026-03;1204.0;1286.0;77.41;72.47;0
353930;PIRASSUNUNGA;SP;2026-03;2044.0;96217.65;2026-03;3742.0;4281.0;54.62;47.75;0
353940;PIRATININGA;SP;2026-03;497.0;20435.74;2026-03;865.0;918.0;57.46;54.14;0
353950;PITANGUEIRAS;SP;2026-03;1539.0;62175.15;2026-03;2414.0;2622.0;63.75;58.7;0
353960;PLANALTO;SP;2026-03;248.0;11711.4;2026-03;413.0;442.0;60.05;56.11;0
353970;PLATINA;SP;2026-03;314.0;13263.41;2026-03;428.0;481.0;73.36;65.28;0
353980;POÁ;SP;2026-03;9815.0;-448649.82;2026-03;12526.0;14402.0;78.36;68.15;0
353990;POLONI;SP;2026-03;371.0;14981.83;2026-03;527.0;572.0;70.4;64.86;0
354000;POMPÉIA;SP;2026-03;789.0;31844.51;2026-03;1088.0;1250.0;72.52;63.12;0
354010;PONGAÍ;SP;2026-03;200.0;8106.58;2026-03;286.0;300.0;69.93;66.67;0
354020;PONTAL;SP;2026-03;1697.0;69348.38;2026-03;2956.0;3306.0;57.41;51.33;0
354025;PONTALINDA;SP;2026-03;231.0;10986.11;2026-03;403.0;437.0;57.32;52.86;0
354030;PONTES GESTAL;SP;2026-03;135.0;5917.5;2026-03;245.0;257.0;55.1;52.53;0
354040;POPULINA;SP;2026-03;252.0;11437.41;2026-03;390.0;418.0;64.62;60.29;0
354050;PORANGABA;SP;2026-03;581.0;26927.48;2026-03;843.0;905.0;68.92;64.2;0
354060;PORTO FELIZ;SP;2026-03;1421.0;60889.07;2026-03;3407.0;3688.0;41.71;38.53;0
354070;PORTO FERREIRA;SP;2026-03;1373.0;66269.94;2026-03;2481.0;2807.0;55.34;48.91;0
354075;POTIM;SP;2026-03;1669.0;-76461.9;2026-03;2177.0;2433.0;76.67;68.6;0
354080;POTIRENDABA;SP;2026-03;717.0;29109.16;2026-03;1175.0;1233.0;61.02;58.15;0
354085;PRACINHA;SP;2026-03;211.0;8813.71;2026-03;267.0;287.0;79.03;73.52;0
354090;PRADÓPOLIS;SP;2026-03;756.0;30813.27;2026-03;1360.0;1449.0;55.59;52.17;0
354100;PRAIA GRANDE;SP;2026-03;10856.0;473900.26;2026-03;23507.0;26842.0;46.18;40.44;0
354105;PRATÂNIA;SP;2026-03;405.0;16532.56;2026-03;689.0;731.0;58.78;55.4;0
354110;PRESIDENTE ALVES;SP;2026-03;232.0;9107.14;2026-03;388.0;398.0;59.79;58.29;0
354120;PRESIDENTE BERNARDES;SP;2026-03;628.0;26662.94;2026-03;856.0;930.0;73.36;67.53;0
354130;PRESIDENTE EPITÁCIO;SP;2026-03;2488.0;103833.82;2026-03;3800.0;4080.0;65.47;60.98;0
354140;PRESIDENTE PRUDENTE;SP;2026-03;11357.0;480314.42;2026-03;13474.0;14840.0;84.29;76.53;0
354150;PRESIDENTE VENCESLAU;SP;2026-03;1728.0;72495.88;2026-03;1818.0;2001.0;95.05;86.36;0
354160;PROMISSÃO;SP;2026-03;1353.0;55802.19;2026-03;2296.0;2508.0;58.93;53.95;0
354165;QUADRA;SP;2026-03;171.0;7847.39;2026-03;517.0;554.0;33.08;30.87;0
354170;QUATÁ;SP;2026-03;1013.0;43433.0;2026-03;1270.0;1346.0;79.76;75.26;0
354180;QUEIROZ;SP;2026-03;200.0;7975.11;2026-03;280.0;288.0;71.43;69.44;0
354190;QUELUZ;SP;2026-03;771.0;35601.98;2026-03;1095.0;1159.0;70.41;66.52;0
354200;QUINTANA;SP;2026-03;430.0;17339.74;2026-03;586.0;646.0;73.38;66.56;0
354210;RAFARD;SP;2026-03;364.0;15001.14;2026-03;654.0;719.0;55.66;50.63;0
354220;RANCHARIA;SP;2026-03;1506.0;63969.8;2026-03;2110.0;2277.0;71.37;66.14;0
354230;REDENÇÃO DA SERRA;SP;2026-03;323.0;14655.56;2026-03;603.0;668.0;53.57;48.35;0
354240;REGENTE FEIJÓ;SP;2026-03;915.0;37959.66;2026-03;1139.0;1265.0;80.33;72.33;0
354250;REGINÓPOLIS;SP;2026-03;275.0;11266.4;2026-03;401.0;449.0;68.58;61.25;0
354260;REGISTRO;SP;2026-03;4025.0;187810.95;2026-03;7076.0;7800.0;56.88;51.6;0
354270;RESTINGA;SP;2026-03;357.0;14686.03;2026-03;767.0;805.0;46.54;44.35;0
354280;RIBEIRA;SP;2026-03;324.0;14563.1;2026-03;551.0;587.0;58.8;55.2;0
354290;RIBEIRÃO BONITO;SP;2026-03;482.0;19559.93;2026-03;802.0;869.0;60.1;55.47;0
354300;RIBEIRÃO BRANCO;SP;2026-03;1991.0;89093.16;2026-03;3436.0;3579.0;57.95;55.63;0
354310;RIBEIRÃO CORRENTE;SP;2026-03;345.0;14298.01;2026-03;696.0;743.0;49.57;46.43;0
354320;RIBEIRÃO DO SUL;SP;2026-03;392.0;16016.43;2026-03;520.0;557.0;75.38;70.38;0
354323;RIBEIRÃO DOS ÍNDIOS;SP;2026-03;163.0;6738.05;2026-03;237.0;262.0;68.78;62.21;0
354325;RIBEIRÃO GRANDE;SP;2026-03;533.0;23601.32;2026-03;729.0;752.0;73.11;70.88;0
354330;RIBEIRÃO PIRES;SP;2026-03;3935.0;162274.67;2026-03;5761.0;6828.0;68.3;57.63;0
354340;RIBEIRÃO PRETO;SP;2026-03;16894.0;693939.02;2026-03;32946.0;37519.0;51.28;45.03;0
354350;RIVERSUL;SP;2026-03;738.0;32736.3;2026-03;948.0;1016.0;77.85;72.64;0
354360;RIFAINA;SP;2026-03;194.0;8050.73;2026-03;407.0;436.0;47.67;44.5;0
354370;RINCÃO;SP;2026-03;512.0;20578.54;2026-03;644.0;706.0;79.5;72.52;0
354380;RINÓPOLIS;SP;2026-03;308.0;13190.5;2026-03;304.0;317.0;101.32;97.16;0
354390;RIO CLARO;SP;2026-03;4630.0;214680.53;2026-03;9821.0;11164.0;47.14;41.47;0
354400;RIO DAS PEDRAS;SP;2026-03;734.0;29836.51;2026-03;1039.0;1136.0;70.64;64.61;0
354410;RIO GRANDE DA SERRA;SP;2026-03;2840.0;115696.11;2026-03;4824.0;5402.0;58.87;52.57;0
354420;RIOLÂNDIA;SP;2026-03;665.0;31489.03;2026-03;923.0;944.0;72.05;70.44;0
354425;ROSANA;SP;2026-03;1004.0;46569.53;2026-03;1989.0;2118.0;50.48;47.4;0
354430;ROSEIRA;SP;2026-03;895.0;-40607.41;2026-03;1225.0;1363.0;73.06;65.66;0
354440;RUBIÁCEA;SP;2026-03;194.0;7882.71;2026-03;318.0;328.0;61.01;59.15;0
354450;RUBINÉIA;SP;2026-03;249.0;11615.04;2026-03;357.0;378.0;69.75;65.87;0
354460;SABINO;SP;2026-03;298.0;11903.01;2026-03;442.0;467.0;67.42;63.81;0
354470;SAGRES;SP;2026-03;148.0;5575.29;2026-03;198.0;211.0;74.75;70.14;0
354480;SALES;SP;2026-03;643.0;26278.19;2026-03;761.0;868.0;84.49;74.08;0
354490;SALES OLIVEIRA;SP;2026-03;349.0;14376.38;2026-03;535.0;584.0;65.23;59.76;0
354500;SALESÓPOLIS;SP;2026-03;1530.0;-67145.84;2026-03;1815.0;1973.0;84.3;77.55;0
354510;SALMOURÃO;SP;2026-03;340.0;13884.23;2026-03;413.0;441.0;82.32;77.1;0
354515;SALTINHO;SP;2026-03;189.0;7704.02;2026-03;245.0;274.0;77.14;68.98;0
354520;SALTO;SP;2026-03;2574.0;112017.41;2026-03;5779.0;6471.0;44.54;39.78;0
354530;SALTO DE PIRAPORA;SP;2026-03;2037.0;87354.81;2026-03;4169.0;4607.0;48.86;44.22;0
354540;SALTO GRANDE;SP;2026-03;599.0;25174.72;2026-03;706.0;811.0;84.84;73.86;0
354550;SANDOVALINA;SP;2026-03;193.0;9151.23;2026-03;616.0;651.0;31.33;29.65;0
354560;SANTA ADÉLIA;SP;2026-03;623.0;25467.29;2026-03;1086.0;1184.0;57.37;52.62;0
354570;SANTA ALBERTINA;SP;2026-03;205.0;9521.85;2026-03;239.0;255.0;85.77;80.39;0
354580;SANTA BÁRBARA D'OESTE;SP;2026-03;3255.0;132477.17;2026-03;5528.0;6237.0;58.88;52.19;0
354600;SANTA BRANCA;SP;2026-03;1052.0;-44601.7;2026-03;1337.0;1510.0;78.68;69.67;0
354610;SANTA CLARA D'OESTE;SP;2026-03;159.0;7332.4;2026-03;241.0;255.0;65.98;62.35;0
354620;SANTA CRUZ DA CONCEIÇÃO;SP;2026-03;163.0;7748.78;2026-03;296.0;328.0;55.07;49.7;0
354625;SANTA CRUZ DA ESPERANÇA;SP;2026-03;89.0;3646.15;2026-03;141.0;160.0;63.12;55.62;0
354630;SANTA CRUZ DAS PALMEIRAS;SP;2026-03;1403.0;66431.48;2026-03;2265.0;2434.0;61.94;57.64;0
354640;SANTA CRUZ DO RIO PARDO;SP;2026-03;1601.0;65912.11;2026-03;2722.0;2827.0;58.82;56.63;0
354650;SANTA ERNESTINA;SP;2026-03;310.0;12440.28;2026-03;521.0;572.0;59.5;54.2;0
354660;SANTA FÉ DO SUL;SP;2026-03;1035.0;48733.76;2026-03;1412.0;1612.0;73.3;64.21;0
354670;SANTA GERTRUDES;SP;2026-03;399.0;18865.52;2026-03;762.0;821.0;52.36;48.6;0
354680;SANTA ISABEL;SP;2026-03;2517.0;118112.06;2026-03;4552.0;5282.0;55.29;47.65;0
354690;SANTA LÚCIA;SP;2026-03;230.0;9219.79;2026-03;340.0;376.0;67.65;61.17;0
354700;SANTA MARIA DA SERRA;SP;2026-03;324.0;13141.53;2026-03;590.0;626.0;54.92;51.76;0
354710;SANTA MERCEDES;SP;2026-03;224.0;10567.95;2026-03;314.0;329.0;71.34;68.09;0
354720;SANTANA DA PONTE PENSA;SP;2026-03;63.0;2864.13;2026-03;129.0;135.0;48.84;46.67;0
354730;SANTANA DE PARNAÍBA;SP;2026-03;5648.0;228981.42;2026-03;9147.0;9956.0;61.75;56.73;0
354740;SANTA RITA D'OESTE;SP;2026-03;59.0;2685.92;2026-03;87.0;97.0;67.82;60.82;0
354750;SANTA RITA DO PASSA QUATRO;SP;2026-03;966.0;45458.18;2026-03;1506.0;1591.0;64.14;60.72;0
354760;SANTA ROSA DE VITERBO;SP;2026-03;1165.0;46767.48;2026-03;1501.0;1632.0;77.61;71.38;0
354765;SANTA SALETE;SP;2026-03;63.0;2958.52;2026-03;114.0;122.0;55.26;51.64;0
354770;SANTO ANASTÁCIO;SP;2026-03;1388.0;59440.85;2026-03;1645.0;1768.0;84.38;78.51;0
354780;SANTO ANDRÉ;SP;2026-03;28967.0;1179569.41;2026-03;46370.0;52205.0;62.47;55.49;0
354790;SANTO ANTÔNIO DA ALEGRIA;SP;2026-03;527.0;20955.94;2026-03;733.0;784.0;71.9;67.22;0
354800;SANTO ANTÔNIO DE POSSE;SP;2026-03;887.0;41456.01;2026-03;1743.0;1946.0;50.89;45.58;0
354805;SANTO ANTÔNIO DO ARACANGUÁ;SP;2026-03;440.0;17983.37;2026-03;819.0;914.0;53.72;48.14;0
354810;SANTO ANTÔNIO DO JARDIM;SP;2026-03;168.0;6862.95;2026-03;355.0;364.0;47.32;46.15;0
354820;SANTO ANTÔNIO DO PINHAL;SP;2026-03;385.0;17702.19;2026-03;652.0;706.0;59.05;54.53;0
354830;SANTO EXPEDITO;SP;2026-03;248.0;9588.06;2026-03;282.0;295.0;87.94;84.07;0
354840;SANTÓPOLIS DO AGUAPEÍ;SP;2026-03;290.0;11521.42;2026-03;388.0;436.0;74.74;66.51;0
354850;SANTOS;SP;2026-03;5825.0;249170.58;2026-03;19382.0;21734.0;30.05;26.8;0
354860;SÃO BENTO DO SAPUCAÍ;SP;2026-03;691.0;31873.62;2026-03;1035.0;1114.0;66.76;62.03;0
354870;SÃO BERNARDO DO CAMPO;SP;2026-03;32038.0;1316563.68;2026-03;44814.0;53045.0;71.49;60.4;0
354880;SÃO CAETANO DO SUL;SP;2026-03;2972.0;123871.7;2026-03;3521.0;4052.0;84.41;73.35;0
354890;SÃO CARLOS;SP;2026-03;8343.0;337561.29;2026-03;15128.0;16769.0;55.15;49.75;0
354900;SÃO FRANCISCO;SP;2026-03;171.0;8015.17;2026-03;200.0;213.0;85.5;80.28;0
354910;SÃO JOÃO DA BOA VISTA;SP;2026-03;2256.0;106794.05;2026-03;3506.0;3860.0;64.35;58.45;0
354920;SÃO JOÃO DAS DUAS PONTES;SP;2026-03;105.0;5054.85;2026-03;161.0;169.0;65.22;62.13;0
354925;SÃO JOÃO DE IRACEMA;SP;2026-03;81.0;3894.11;2026-03;133.0;136.0;60.9;59.56;0
354930;SÃO JOÃO DO PAU D'ALHO;SP;2026-03;123.0;5713.49;2026-03;167.0;178.0;73.65;69.1;0
354940;SÃO JOAQUIM DA BARRA;SP;2026-03;1837.0;75465.13;2026-03;2520.0;2728.0;72.9;67.34;0
354950;SÃO JOSÉ DA BELA VISTA;SP;2026-03;675.0;27184.72;2026-03;1037.0;1147.0;65.09;58.85;0
354960;SÃO JOSÉ DO BARREIRO;SP;2026-03;326.0;14647.6;2026-03;555.0;592.0;58.74;55.07;0
354970;SÃO JOSÉ DO RIO PARDO;SP;2026-03;2083.0;86852.15;2026-03;3484.0;3689.0;59.79;56.47;0
354980;SÃO JOSÉ DO RIO PRETO;SP;2026-03;17531.0;721630.11;2026-03;25179.0;28097.0;69.63;62.39;0
354990;SÃO JOSÉ DOS CAMPOS;SP;2026-03;39094.0;-1780475.69;2026-03;49677.0;58034.0;78.7;67.36;0
354995;SÃO LOURENÇO DA SERRA;SP;2026-03;1498.0;61562.34;2026-03;2086.0;2421.0;71.81;61.88;0
355000;SÃO LUIZ DO PARAITINGA;SP;2026-03;659.0;29679.22;2026-03;1011.0;1135.0;65.18;58.06;0
355010;SÃO MANUEL;SP;2026-03;1597.0;64978.62;2026-03;2594.0;2735.0;61.57;58.39;0
355020;SÃO MIGUEL ARCANJO;SP;2026-03;1326.0;53685.63;2026-03;2213.0;2523.0;59.92;52.56;0
355030;SÃO PAULO;SP;2026-03;555278.0;22457783.32;2026-03;938554.0;1064351.0;59.16;52.17;0
355040;SÃO PEDRO;SP;2026-03;1595.0;65130.17;2026-03;2650.0;2875.0;60.19;55.48;0
355050;SÃO PEDRO DO TURVO;SP;2026-03;397.0;16052.69;2026-03;699.0;748.0;56.8;53.07;0
355060;SÃO ROQUE;SP;2026-03;2083.0;88660.97;2026-03;4701.0;5148.0;44.31;40.46;0
355070;SÃO SEBASTIÃO;SP;2026-03;4177.0;-185803.92;2026-03;9098.0;10392.0;45.91;40.19;0
355080;SÃO SEBASTIÃO DA GRAMA;SP;2026-03;300.0;12159.1;2026-03;582.0;618.0;51.55;48.54;0
355090;SÃO SIMÃO;SP;2026-03;708.0;28923.48;2026-03;999.0;1083.0;70.87;65.37;0
355100;SÃO VICENTE;SP;2026-03;10199.0;437209.75;2026-03;30763.0;34939.0;33.15;29.19;0
355110;SARAPUÍ;SP;2026-03;448.0;18037.22;2026-03;700.0;753.0;64.0;59.5;0
355120;SARUTAIÁ;SP;2026-03;260.0;10517.15;2026-03;466.0;482.0;55.79;53.94;0
355130;SEBASTIANÓPOLIS DO SUL;SP;2026-03;198.0;9294.94;2026-03;374.0;378.0;52.94;52.38;0
355140;SERRA AZUL;SP;2026-03;702.0;28443.17;2026-03;1347.0;1531.0;52.12;45.85;0
355150;SERRANA;SP;2026-03;2338.0;96633.25;2026-03;3905.0;4362.0;59.87;53.6;0
355160;SERRA NEGRA;SP;2026-03;960.0;39460.48;2026-03;1713.0;1871.0;56.04;51.31;0
355170;SERTÃOZINHO;SP;2026-03;5842.0;240901.51;2026-03;8897.0;9939.0;65.66;58.78;0
355180;SETE BARRAS;SP;2026-03;1139.0;52078.2;2026-03;2094.0;2276.0;54.39;50.04;0
355190;SEVERÍNIA;SP;2026-03;794.0;32316.31;2026-03;1383.0;1449.0;57.41;54.8;0
355200;SILVEIRAS;SP;2026-03;488.0;22476.48;2026-03;898.0;958.0;54.34;50.94;0
355210;SOCORRO;SP;2026-03;1334.0;53950.95;2026-03;2319.0;2537.0;57.52;52.58;0
355220;SOROCABA;SP;2026-03;21291.0;918244.04;2026-03;44420.0;49033.0;47.93;43.42;0
355230;SUD MENNUCCI;SP;2026-03;260.0;12073.31;2026-03;582.0;605.0;44.67;42.98;0
355240;SUMARÉ;SP;2026-03;11409.0;468445.0;2026-03;17179.0;18948.0;66.41;60.21;0
355250;SUZANO;SP;2026-03;24234.0;-1100701.9;2026-03;31815.0;35396.0;76.17;68.47;0
355255;SUZANÁPOLIS;SP;2026-03;172.0;7976.89;2026-03;330.0;353.0;52.12;48.73;0
355260;TABAPUÃ;SP;2026-03;627.0;26896.45;2026-03;822.0;905.0;76.28;69.28;0
355270;TABATINGA;SP;2026-03;472.0;19303.19;2026-03;923.0;994.0;51.14;47.48;0
355280;TABOÃO DA SERRA;SP;2026-03;16560.0;671007.93;2026-03;21636.0;24787.0;76.54;66.81;0
355290;TACIBA;SP;2026-03;404.0;18825.45;2026-03;618.0;702.0;65.37;57.55;0
355300;TAGUAÍ;SP;2026-03;680.0;28252.35;2026-03;1188.0;1215.0;57.24;55.97;0
355310;TAIAÇU;SP;2026-03;361.0;14704.87;2026-03;502.0;569.0;71.91;63.44;0
355320;TAIÚVA;SP;2026-03;263.0;10674.93;2026-03;334.0;372.0;78.74;70.7;0
355330;TAMBAÚ;SP;2026-03;1115.0;53043.12;2026-03;2125.0;2311.0;52.47;48.25;0
355340;TANABI;SP;2026-03;1624.0;66189.11;2026-03;2304.0;2522.0;70.49;64.39;0
355350;TAPIRAÍ;SP;2026-03;571.0;25890.62;2026-03;1034.0;1125.0;55.22;50.76;0
355360;TAPIRATIBA;SP;2026-03;471.0;19491.26;2026-03;859.0;949.0;54.83;49.63;0
355365;TAQUARAL;SP;2026-03;75.0;3116.92;2026-03;141.0;156.0;53.19;48.08;0
355370;TAQUARITINGA;SP;2026-03;2847.0;116465.09;2026-03;4068.0;4562.0;69.99;62.41;0
355380;TAQUARITUBA;SP;2026-03;1330.0;53860.35;2026-03;1879.0;2042.0;70.78;65.13;0
355385;TAQUARIVAÍ;SP;2026-03;494.0;22261.16;2026-03;1029.0;1112.0;48.01;44.42;0
355390;TARABAI;SP;2026-03;359.0;16669.29;2026-03;535.0;555.0;67.1;64.68;0
355395;TARUMÃ;SP;2026-03;815.0;33886.7;2026-03;940.0;1008.0;86.7;80.85;0
355400;TATUÍ;SP;2026-03;4761.0;224580.17;2026-03;8126.0;9093.0;58.59;52.36;0
355410;TAUBATÉ;SP;2026-03;15299.0;-693743.55;2026-03;17813.0;19592.0;85.89;78.09;0
355420;TEJUPÁ;SP;2026-03;223.0;9156.0;2026-03;435.0;465.0;51.26;47.96;0
355430;TEODORO SAMPAIO;SP;2026-03;1360.0;64354.32;2026-03;2520.0;2658.0;53.97;51.17;0
355440;TERRA ROXA;SP;2026-03;265.0;10776.92;2026-03;354.0;400.0;74.86;66.25;0
355450;TIETÊ;SP;2026-03;1053.0;50002.45;2026-03;2095.0;2292.0;50.26;45.94;0
355460;TIMBURI;SP;2026-03;157.0;6425.02;2026-03;324.0;351.0;48.46;44.73;0
355465;TORRE DE PEDRA;SP;2026-03;219.0;10134.89;2026-03;321.0;354.0;68.22;61.86;0
355470;TORRINHA;SP;2026-03;355.0;14110.77;2026-03;562.0;622.0;63.17;57.07;0
355475;TRABIJU;SP;2026-03;160.0;6460.36;2026-03;217.0;236.0;73.73;67.8;0
355480;TREMEMBÉ;SP;2026-03;2278.0;-102483.08;2026-03;3183.0;3481.0;71.57;65.44;0
355490;TRÊS FRONTEIRAS;SP;2026-03;316.0;14853.01;2026-03;474.0;494.0;66.67;63.97;0
355495;TUIUTI;SP;2026-03;409.0;14599.54;2026-03;607.0;654.0;67.38;62.54;0
355500;TUPÃ;SP;2026-03;3389.0;144561.61;2026-03;4282.0;4684.0;79.15;72.35;0
355510;TUPI PAULISTA;SP;2026-03;540.0;25577.07;2026-03;872.0;953.0;61.93;56.66;0
355520;TURIÚBA;SP;2026-03;109.0;5051.13;2026-03;172.0;187.0;63.37;58.29;0
355530;TURMALINA;SP;2026-03;77.0;3643.1;2026-03;164.0;172.0;46.95;44.77;0
355535;UBARANA;SP;2026-03;313.0;12758.64;2026-03;411.0;440.0;76.16;71.14;0
355540;UBATUBA;SP;2026-03;5026.0;237525.16;2026-03;11268.0;12658.0;44.6;39.71;0
355550;UBIRAJARA;SP;2026-03;234.0;9550.34;2026-03;582.0;602.0;40.21;38.87;0
355560;UCHOA;SP;2026-03;551.0;21887.72;2026-03;588.0;647.0;93.71;85.16;0
355570;UNIÃO PAULISTA;SP;2026-03;80.0;3797.9;2026-03;186.0;203.0;43.01;39.41;0
355580;URÂNIA;SP;2026-03;371.0;17276.78;2026-03;476.0;526.0;77.94;70.53;0
355590;URU;SP;2026-03;77.0;2945.71;2026-03;91.0;99.0;84.62;77.78;0
355600;URUPÊS;SP;2026-03;742.0;32167.56;2026-03;829.0;892.0;89.51;83.18;0
355610;VALENTIM GENTIL;SP;2026-03;668.0;31928.32;2026-03;972.0;1095.0;68.72;61.0;0
355620;VALINHOS;SP;2026-03;2069.0;85927.26;2026-03;3831.0;4434.0;54.01;46.66;0
355630;VALPARAÍSO;SP;2026-03;1142.0;46866.99;2026-03;1962.0;2115.0;58.21;54.0;0
355635;VARGEM;SP;2026-03;419.0;14570.2;2026-03;669.0;760.0;62.63;55.13;0
355640;VARGEM GRANDE DO SUL;SP;2026-03;1642.0;77229.28;2026-03;2754.0;2831.0;59.62;58.0;0
355645;VARGEM GRANDE PAULISTA;SP;2026-03;1630.0;67852.29;2026-03;2516.0;2698.0;64.79;60.42;0
355650;VÁRZEA PAULISTA;SP;2026-03;2362.0;100794.92;2026-03;6177.0;7004.0;38.24;33.72;0
355660;VERA CRUZ;SP;2026-03;427.0;17355.84;2026-03;674.0;726.0;63.35;58.82;0
355670;VINHEDO;SP;2026-03;1207.0;52848.6;2026-03;2965.0;3457.0;40.71;34.91;0
355680;VIRADOURO;SP;2026-03;610.0;24698.08;2026-03;875.0;995.0;69.71;61.31;0
355690;VISTA ALEGRE DO ALTO;SP;2026-03;342.0;14000.63;2026-03;576.0;588.0;59.38;58.16;0
355695;VITÓRIA BRASIL;SP;2026-03;72.0;3364.31;2026-03;121.0;129.0;59.5;55.81;0
355700;VOTORANTIM;SP;2026-03;2842.0;122092.5;2026-03;7581.0;8562.0;37.49;33.19;0
355710;VOTUPORANGA;SP;2026-03;3622.0;171594.01;2026-03;5793.0;6430.0;62.52;56.33;0
355715;ZACARIAS;SP;2026-03;159.0;7529.83;2026-03;247.0;269.0;64.37;59.11;0
355720;CHAVANTES;SP;2026-03;606.0;25032.19;2026-03;970.0;1068.0;62.47;56.74;0
355730;ESTIVA GERBI;SP;2026-03;299.0;14006.23;2026-03;774.0;836.0;38.63;35.77;0
410010;ABATIÁ;PR;2026-03;609.0;21982.61;2026-03;710.0;805.0;85.77;75.65;0
410020;ADRIANÓPOLIS;PR;2026-03;552.0;18682.26;2026-03;788.0;859.0;70.05;64.26;0
410030;AGUDOS DO SUL;PR;2026-03;824.0;29284.95;2026-03;1364.0;1482.0;60.41;55.6;0
410040;ALMIRANTE TAMANDARÉ;PR;2026-03;6353.0;225891.53;2026-03;10819.0;11923.0;58.72;53.28;0
410045;ALTAMIRA DO PARANÁ;PR;2026-03;259.0;9147.86;2026-03;450.0;470.0;57.56;55.11;0
410050;ALTÔNIA;PR;2026-03;1035.0;37006.11;2026-03;1132.0;1245.0;91.43;83.13;0
410060;ALTO PARANÁ;PR;2026-03;1149.0;41625.85;2026-03;1443.0;1547.0;79.63;74.27;0
410070;ALTO PIQUIRI;PR;2026-03;870.0;30934.99;2026-03;1042.0;1115.0;83.49;78.03;0
410080;ALVORADA DO SUL;PR;2026-03;899.0;32324.18;2026-03;1072.0;1122.0;83.86;80.12;0
410090;AMAPORÃ;PR;2026-03;526.0;19057.96;2026-03;740.0;794.0;71.08;66.25;0
410100;AMPÉRE;PR;2026-03;754.0;27564.8;2026-03;1162.0;1252.0;64.89;60.22;0
410105;ANAHY;PR;2026-03;211.0;7923.98;2026-03;305.0;337.0;69.18;62.61;0
410110;ANDIRÁ;PR;2026-03;1783.0;64326.06;2026-03;2264.0;2367.0;78.75;75.33;0
410115;ÂNGULO;PR;2026-03;247.0;8911.27;2026-03;289.0;317.0;85.47;77.92;0
410120;ANTONINA;PR;2026-03;1836.0;64875.51;2026-03;3039.0;3187.0;60.41;57.61;0
410130;ANTÔNIO OLINTO;PR;2026-03;661.0;23041.06;2026-03;1173.0;1253.0;56.35;52.75;0
410140;APUCARANA;PR;2026-03;8239.0;298327.44;2026-03;9665.0;10699.0;85.25;77.01;0
410150;ARAPONGAS;PR;2026-03;5748.0;207748.49;2026-03;7011.0;7781.0;81.99;73.87;0
410160;ARAPOTI;PR;2026-03;1443.0;50946.78;2026-03;1890.0;2082.0;76.35;69.31;0
410165;ARAPUÃ;PR;2026-03;327.0;11523.66;2026-03;423.0;431.0;77.3;75.87;0
410170;ARARUNA;PR;2026-03;1221.0;43698.89;2026-03;1586.0;1682.0;76.99;72.59;0
410180;ARAUCÁRIA;PR;2026-03;6910.0;252855.85;2026-03;11572.0;12871.0;59.71;53.69;0
410185;ARIRANHA DO IVAÍ;PR;2026-03;174.0;5988.01;2026-03;254.0;284.0;68.5;61.27;0
410190;ASSAÍ;PR;2026-03;1112.0;40238.24;2026-03;1369.0;1444.0;81.23;77.01;0
410200;ASSIS CHATEAUBRIAND;PR;2026-03;2207.0;81098.59;2026-03;2781.0;2972.0;79.36;74.26;0
410210;ASTORGA;PR;2026-03;1576.0;57236.94;2026-03;1700.0;1833.0;92.71;85.98;0
410220;ATALAIA;PR;2026-03;229.0;8225.63;2026-03;363.0;386.0;63.09;59.33;0
410230;BALSA NOVA;PR;2026-03;666.0;23889.39;2026-03;1266.0;1361.0;52.61;48.93;0
410240;BANDEIRANTES;PR;2026-03;2216.0;79781.84;2026-03;2581.0;2791.0;85.86;79.4;0
410250;BARBOSA FERRAZ;PR;2026-03;1197.0;42037.7;2026-03;1295.0;1376.0;92.43;86.99;0
410260;BARRACÃO;PR;2026-03;548.0;19950.21;2026-03;970.0;1081.0;56.49;50.69;0
410270;BARRA DO JACARÉ;PR;2026-03;142.0;5957.58;2026-03;299.0;328.0;47.49;43.29;0
410275;BELA VISTA DA CAROBA;PR;2026-03;165.0;5935.42;2026-03;355.0;370.0;46.48;44.59;0
410280;BELA VISTA DO PARAÍSO;PR;2026-03;1124.0;40235.39;2026-03;1309.0;1406.0;85.87;79.94;0
410290;BITURUNA;PR;2026-03;1177.0;42432.51;2026-03;2140.0;2256.0;55.0;52.17;0
410300;BOA ESPERANÇA;PR;2026-03;355.0;12731.91;2026-03;466.0;507.0;76.18;70.02;0
410302;BOA ESPERANÇA DO IGUAÇU;PR;2026-03;58.0;2121.45;2026-03;156.0;171.0;37.18;33.92;0
410304;BOA VENTURA DE SÃO ROQUE;PR;2026-03;484.0;17089.4;2026-03;1049.0;1157.0;46.14;41.83;0
410305;BOA VISTA DA APARECIDA;PR;2026-03;712.0;25970.65;2026-03;1157.0;1196.0;61.54;59.53;0
410310;BOCAIÚVA DO SUL;PR;2026-03;1128.0;38567.83;2026-03;2178.0;2316.0;51.79;48.7;0
410315;BOM JESUS DO SUL;PR;2026-03;192.0;7000.7;2026-03;367.0;405.0;52.32;47.41;0
410320;BOM SUCESSO;PR;2026-03;437.0;15747.44;2026-03;470.0;499.0;92.98;87.58;0
410322;BOM SUCESSO DO SUL;PR;2026-03;96.0;3464.0;2026-03;209.0;228.0;45.93;42.11;0
410330;BORRAZÓPOLIS;PR;2026-03;671.0;24049.55;2026-03;756.0;792.0;88.76;84.72;0
410335;BRAGANEY;PR;2026-03;375.0;13381.65;2026-03;472.0;517.0;79.45;72.53;0
410337;BRASILÂNDIA DO SUL;PR;2026-03;335.0;11997.07;2026-03;402.0;444.0;83.33;75.45;0
410340;CAFEARA;PR;2026-03;184.0;6614.8;2026-03;221.0;230.0;83.26;80.0;0
410345;CAFELÂNDIA;PR;2026-03;903.0;33431.39;2026-03;1498.0;1671.0;60.28;54.04;0
410347;CAFEZAL DO SUL;PR;2026-03;346.0;12267.64;2026-03;394.0;436.0;87.82;79.36;0
410350;CALIFÓRNIA;PR;2026-03;767.0;27232.83;2026-03;927.0;1004.0;82.74;76.39;0
410360;CAMBARÁ;PR;2026-03;1797.0;65343.08;2026-03;2354.0;2577.0;76.34;69.73;0
410370;CAMBÉ;PR;2026-03;6309.0;230727.37;2026-03;7633.0;8389.0;82.65;75.21;0
410380;CAMBIRA;PR;2026-03;830.0;29860.08;2026-03;885.0;995.0;93.79;83.42;0
410390;CAMPINA DA LAGOA;PR;2026-03;1278.0;45223.64;2026-03;1747.0;1875.0;73.15;68.16;0
410395;CAMPINA DO SIMÃO;PR;2026-03;260.0;9046.99;2026-03;610.0;663.0;42.62;39.22;0
410400;CAMPINA GRANDE DO SUL;PR;2026-03;3228.0;116218.3;2026-03;4616.0;5343.0;69.93;60.42;0
410405;CAMPO BONITO;PR;2026-03;284.0;10002.78;2026-03;423.0;462.0;67.14;61.47;0
410410;CAMPO DO TENENTE;PR;2026-03;943.0;34204.89;2026-03;1413.0;1469.0;66.74;64.19;0
410420;CAMPO LARGO;PR;2026-03;4880.0;174544.16;2026-03;8976.0;9941.0;54.37;49.09;0
410425;CAMPO MAGRO;PR;2026-03;1098.0;38804.9;2026-03;2724.0;3015.0;40.31;36.42;0
410430;CAMPO MOURÃO;PR;2026-03;6490.0;235322.16;2026-03;8117.0;8846.0;79.96;73.37;0
410440;CÂNDIDO DE ABREU;PR;2026-03;1045.0;35968.14;2026-03;2166.0;2285.0;48.25;45.73;0
410442;CANDÓI;PR;2026-03;955.0;33915.92;2026-03;1824.0;1940.0;52.36;49.23;0
410445;CANTAGALO;PR;2026-03;1057.0;37002.72;2026-03;1161.0;1278.0;91.04;82.71;0
410450;CAPANEMA;PR;2026-03;697.0;25448.17;2026-03;1276.0;1344.0;54.62;51.86;0
410460;CAPITÃO LEÔNIDAS MARQUES;PR;2026-03;1150.0;42082.11;2026-03;1744.0;1842.0;65.94;62.43;0
410465;CARAMBEÍ;PR;2026-03;1174.0;42062.31;2026-03;1819.0;1987.0;64.54;59.08;0
410470;CARLÓPOLIS;PR;2026-03;1239.0;44501.65;2026-03;1768.0;1899.0;70.08;65.24;0
410480;CASCAVEL;PR;2026-03;14751.0;543781.42;2026-03;20505.0;22682.0;71.94;65.03;0
410490;CASTRO;PR;2026-03;4542.0;161328.73;2026-03;6978.0;7820.0;65.09;58.08;0
410500;CATANDUVAS;PR;2026-03;512.0;18112.17;2026-03;807.0;874.0;63.44;58.58;0
410510;CENTENÁRIO DO SUL;PR;2026-03;773.0;27661.21;2026-03;1101.0;1175.0;70.21;65.79;0
410520;CERRO AZUL;PR;2026-03;2068.0;71405.21;2026-03;2819.0;3021.0;73.36;68.45;0
410530;CÉU AZUL;PR;2026-03;388.0;14122.33;2026-03;448.0;492.0;86.61;78.86;0
410540;CHOPINZINHO;PR;2026-03;872.0;31270.06;2026-03;1595.0;1729.0;54.67;50.43;0
410550;CIANORTE;PR;2026-03;3779.0;138087.78;2026-03;4229.0;4591.0;89.36;82.31;0
410560;CIDADE GAÚCHA;PR;2026-03;544.0;20168.72;2026-03;681.0;756.0;79.88;71.96;0
410570;CLEVELÂNDIA;PR;2026-03;1101.0;39311.09;2026-03;1546.0;1650.0;71.22;66.73;0
410580;COLOMBO;PR;2026-03;12027.0;435110.81;2026-03;19736.0;21621.0;60.94;55.63;0
410590;COLORADO;PR;2026-03;959.0;34835.52;2026-03;956.0;1059.0;100.31;90.56;0
410600;CONGONHINHAS;PR;2026-03;859.0;29505.24;2026-03;1429.0;1490.0;60.11;57.65;0
410610;CONSELHEIRO MAIRINCK;PR;2026-03;323.0;11286.93;2026-03;387.0;432.0;83.46;74.77;0
410620;CONTENDA;PR;2026-03;1248.0;44856.15;2026-03;2015.0;2218.0;61.94;56.27;0
410630;CORBÉLIA;PR;2026-03;886.0;32259.37;2026-03;1078.0;1206.0;82.19;73.47;0
410640;CORNÉLIO PROCÓPIO;PR;2026-03;2736.0;98126.16;2026-03;2900.0;3104.0;94.34;88.14;0
410645;CORONEL DOMINGOS SOARES;PR;2026-03;437.0;15111.94;2026-03;937.0;1001.0;46.64;43.66;0
410650;CORONEL VIVIDA;PR;2026-03;545.0;19313.5;2026-03;1484.0;1622.0;36.73;33.6;0
410655;CORUMBATAÍ DO SUL;PR;2026-03;301.0;10785.46;2026-03;424.0;447.0;70.99;67.34;0
410657;CRUZEIRO DO IGUAÇU;PR;2026-03;241.0;8699.42;2026-03;345.0;370.0;69.86;65.14;0
410660;CRUZEIRO DO OESTE;PR;2026-03;1471.0;53399.61;2026-03;1559.0;1744.0;94.36;84.35;0
410670;CRUZEIRO DO SUL;PR;2026-03;268.0;9521.32;2026-03;395.0;431.0;67.85;62.18;0
410680;CRUZ MACHADO;PR;2026-03;1093.0;38150.13;2026-03;1830.0;1960.0;59.73;55.77;0
410685;CRUZMALTINA;PR;2026-03;216.0;7470.6;2026-03;322.0;348.0;67.08;62.07;0
410690;CURITIBA;PR;2026-03;52169.0;1884274.59;2026-03;87263.0;98967.0;59.78;52.71;0
410700;CURIÚVA;PR;2026-03;1292.0;44889.5;2026-03;1840.0;1975.0;70.22;65.42;0
410710;DIAMANTE DO NORTE;PR;2026-03;403.0;14524.4;2026-03;453.0;476.0;88.96;84.66;0
410712;DIAMANTE DO SUL;PR;2026-03;263.0;8980.08;2026-03;529.0;555.0;49.72;47.39;0
410715;DIAMANTE D'OESTE;PR;2026-03;259.0;9417.79;2026-03;512.0;555.0;50.59;46.67;0
410720;DOIS VIZINHOS;PR;2026-03;1562.0;57336.6;2026-03;2147.0;2355.0;72.75;66.33;0
410725;DOURADINA;PR;2026-03;486.0;17644.62;2026-03;559.0;605.0;86.94;80.33;0
410730;DOUTOR CAMARGO;PR;2026-03;394.0;14350.4;2026-03;462.0;531.0;85.28;74.2;0
410740;ENÉAS MARQUES;PR;2026-03;223.0;7972.65;2026-03;529.0;570.0;42.16;39.12;0
410750;ENGENHEIRO BELTRÃO;PR;2026-03;1058.0;37492.25;2026-03;1174.0;1289.0;90.12;82.08;0
410752;ESPERANÇA NOVA;PR;2026-03;115.0;4208.91;2026-03;158.0;165.0;72.78;69.7;0
410753;ENTRE RIOS DO OESTE;PR;2026-03;115.0;4392.54;2026-03;193.0;207.0;59.59;55.56;0
410754;ESPIGÃO ALTO DO IGUAÇU;PR;2026-03;305.0;10778.91;2026-03;886.0;957.0;34.42;31.87;0
410755;FAROL;PR;2026-03;268.0;9560.54;2026-03;306.0;328.0;87.58;81.71;0
410760;FAXINAL;PR;2026-03;1909.0;67298.9;2026-03;2237.0;2421.0;85.34;78.85;0
410765;FAZENDA RIO GRANDE;PR;2026-03;10743.0;393974.36;2026-03;15561.0;17051.0;69.04;63.01;0
410770;FÊNIX;PR;2026-03;536.0;19261.71;2026-03;558.0;592.0;96.06;90.54;0
410773;FERNANDES PINHEIRO;PR;2026-03;590.0;20596.92;2026-03;906.0;975.0;65.12;60.51;0
410775;FIGUEIRA;PR;2026-03;1058.0;36536.57;2026-03;1434.0;1510.0;73.78;70.07;0
410780;FLORAÍ;PR;2026-03;291.0;10440.71;2026-03;318.0;331.0;91.51;87.92;0
410785;FLOR DA SERRA DO SUL;PR;2026-03;201.0;7110.6;2026-03;462.0;483.0;43.51;41.61;0
410790;FLORESTA;PR;2026-03;1037.0;38095.55;2026-03;1273.0;1355.0;81.46;76.53;0
410800;FLORESTÓPOLIS;PR;2026-03;1338.0;48307.6;2026-03;1955.0;2086.0;68.44;64.14;0
410810;FLÓRIDA;PR;2026-03;219.0;7969.87;2026-03;246.0;261.0;89.02;83.91;0
410820;FORMOSA DO OESTE;PR;2026-03;332.0;12084.09;2026-03;427.0;481.0;77.75;69.02;0
410830;FOZ DO IGUAÇU;PR;2026-03;17334.0;633549.41;2026-03;27738.0;32294.0;62.49;53.68;0
410832;FRANCISCO ALVES;PR;2026-03;512.0;18988.21;2026-03;703.0;766.0;72.83;66.84;0
410840;FRANCISCO BELTRÃO;PR;2026-03;2986.0;108706.65;2026-03;4017.0;4361.0;74.33;68.47;0
410845;FOZ DO JORDÃO;PR;2026-03;546.0;19375.87;2026-03;858.0;917.0;63.64;59.54;0
410850;GENERAL CARNEIRO;PR;2026-03;1129.0;40067.08;2026-03;1611.0;1698.0;70.08;66.49;0
410855;GODOY MOREIRA;PR;2026-03;302.0;10539.25;2026-03;409.0;427.0;73.84;70.73;0
410860;GOIOERÊ;PR;2026-03;2740.0;99092.93;2026-03;3168.0;3434.0;86.49;79.79;0
410865;GOIOXIM;PR;2026-03;538.0;18498.38;2026-03;1068.0;1138.0;50.37;47.28;0
410870;GRANDES RIOS;PR;2026-03;508.0;18079.65;2026-03;760.0;809.0;66.84;62.79;0
410880;GUAÍRA;PR;2026-03;2159.0;78592.46;2026-03;2678.0;2917.0;80.62;74.01;0
410890;GUAIRAÇÁ;PR;2026-03;489.0;18028.12;2026-03;767.0;812.0;63.75;60.22;0
410895;GUAMIRANGA;PR;2026-03;415.0;14433.03;2026-03;785.0;842.0;52.87;49.29;0
410900;GUAPIRAMA;PR;2026-03;406.0;14500.55;2026-03;530.0;545.0;76.6;74.5;0
410910;GUAPOREMA;PR;2026-03;130.0;4786.51;2026-03;190.0;204.0;68.42;63.73;0
410920;GUARACI;PR;2026-03;320.0;11367.35;2026-03;519.0;562.0;61.66;56.94;0
410930;GUARANIAÇU;PR;2026-03;718.0;24744.88;2026-03;941.0;1051.0;76.3;68.32;0
410940;GUARAPUAVA;PR;2026-03;12061.0;495989.99;2026-03;17556.0;18914.0;68.7;63.77;0
410950;GUARAQUEÇABA;PR;2026-03;920.0;31762.97;2026-03;1693.0;1800.0;54.34;51.11;0
410960;GUARATUBA;PR;2026-03;2620.0;93735.27;2026-03;6349.0;7019.0;41.27;37.33;0
410965;HONÓRIO SERPA;PR;2026-03;261.0;9132.14;2026-03;582.0;624.0;44.85;41.83;0
410970;IBAITI;PR;2026-03;2115.0;74228.6;2026-03;2551.0;2707.0;82.91;78.13;0
410975;IBEMA;PR;2026-03;589.0;20729.38;2026-03;813.0;861.0;72.45;68.41;0
410980;IBIPORÃ;PR;2026-03;4045.0;148040.79;2026-03;4651.0;5131.0;86.97;78.83;0
410990;ICARAÍMA;PR;2026-03;734.0;26671.08;2026-03;1034.0;1089.0;70.99;67.4;0
411000;IGUARAÇU;PR;2026-03;328.0;11899.51;2026-03;395.0;423.0;83.04;77.54;0
411005;IGUATU;PR;2026-03;178.0;6472.35;2026-03;294.0;306.0;60.54;58.17;0
411007;IMBAÚ;PR;2026-03;1022.0;34882.53;2026-03;1460.0;1597.0;70.0;63.99;0
411010;IMBITUVA;PR;2026-03;2091.0;75064.17;2026-03;2962.0;3198.0;70.59;65.38;0
411020;INÁCIO MARTINS;PR;2026-03;982.0;33923.59;2026-03;1689.0;1836.0;58.14;53.49;0
411030;INAJÁ;PR;2026-03;324.0;11536.12;2026-03;401.0;419.0;80.8;77.33;0
411040;INDIANÓPOLIS;PR;2026-03;269.0;9789.12;2026-03;408.0;427.0;65.93;63.0;0
411050;IPIRANGA;PR;2026-03;842.0;29748.25;2026-03;1347.0;1500.0;62.51;56.13;0
411060;IPORÃ;PR;2026-03;1049.0;38056.63;2026-03;1288.0;1358.0;81.44;77.25;0
411065;IRACEMA DO OESTE;PR;2026-03;174.0;6139.1;2026-03;212.0;217.0;82.08;80.18;0
411070;IRATI;PR;2026-03;3911.0;140583.06;2026-03;5403.0;5813.0;72.39;67.28;0
411080;IRETAMA;PR;2026-03;830.0;27991.38;2026-03;1227.0;1326.0;67.64;62.59;0
411090;ITAGUAJÉ;PR;2026-03;312.0;11054.12;2026-03;426.0;429.0;73.24;72.73;0
411095;ITAIPULÂNDIA;PR;2026-03;844.0;30830.56;2026-03;977.0;1034.0;86.39;81.62;0
411100;ITAMBARACÁ;PR;2026-03;597.0;21379.68;2026-03;679.0;728.0;87.92;82.01;0
411110;ITAMBÉ;PR;2026-03;252.0;8908.36;2026-03;277.0;301.0;90.97;83.72;0
411120;ITAPEJARA D'OESTE;PR;2026-03;530.0;19272.69;2026-03;805.0;907.0;65.84;58.43;0
411125;ITAPERUÇU;PR;2026-03;2733.0;96045.77;2026-03;4470.0;4870.0;61.14;56.12;0
411130;ITAÚNA DO SUL;PR;2026-03;308.0;11151.73;2026-03;401.0;417.0;76.81;73.86;0
411140;IVAÍ;PR;2026-03;1065.0;37167.6;2026-03;1594.0;1729.0;66.81;61.6;0
411150;IVAIPORÃ;PR;2026-03;2128.0;75271.07;2026-03;2249.0;2432.0;94.62;87.5;0
411155;IVATÉ;PR;2026-03;484.0;17811.53;2026-03;607.0;659.0;79.74;73.44;0
411160;IVATUBA;PR;2026-03;171.0;6283.0;2026-03;191.0;214.0;89.53;79.91;0
411170;JABOTI;PR;2026-03;436.0;15356.73;2026-03;646.0;697.0;67.49;62.55;0
411180;JACAREZINHO;PR;2026-03;2194.0;90188.17;2026-03;4072.0;4131.0;53.88;53.11;0
411190;JAGUAPITÃ;PR;2026-03;1027.0;37450.88;2026-03;1267.0;1393.0;81.06;73.73;0
411200;JAGUARIAÍVA;PR;2026-03;2685.0;93901.72;2026-03;3278.0;3662.0;81.91;73.32;0
411210;JANDAIA DO SUL;PR;2026-03;1338.0;48244.83;2026-03;1690.0;1868.0;79.17;71.63;0
411220;JANIÓPOLIS;PR;2026-03;467.0;16114.49;2026-03;554.0;595.0;84.3;78.49;0
411230;JAPIRA;PR;2026-03;332.0;11495.46;2026-03;493.0;533.0;67.34;62.29;0
411240;JAPURÁ;PR;2026-03;685.0;25218.65;2026-03;721.0;817.0;95.01;83.84;0
411250;JARDIM ALEGRE;PR;2026-03;985.0;34794.26;2026-03;1268.0;1391.0;77.68;70.81;0
411260;JARDIM OLINDA;PR;2026-03;104.0;3546.66;2026-03;174.0;177.0;59.77;58.76;0
411270;JATAIZINHO;PR;2026-03;1072.0;38981.29;2026-03;1484.0;1595.0;72.24;67.21;0
411275;JESUÍTAS;PR;2026-03;716.0;26060.04;2026-03;871.0;965.0;82.2;74.2;0
411280;JOAQUIM TÁVORA;PR;2026-03;676.0;23758.35;2026-03;920.0;1022.0;73.48;66.14;0
411290;JUNDIAÍ DO SUL;PR;2026-03;287.0;9859.32;2026-03;440.0;485.0;65.23;59.18;0
411295;JURANDA;PR;2026-03;621.0;22184.83;2026-03;793.0;853.0;78.31;72.8;0
411300;JUSSARA;PR;2026-03;526.0;18948.97;2026-03;549.0;579.0;95.81;90.85;0
411310;KALORÉ;PR;2026-03;453.0;16432.1;2026-03;578.0;628.0;78.37;72.13;0
411320;LAPA;PR;2026-03;2569.0;90508.79;2026-03;3834.0;4093.0;67.01;62.77;0
411325;LARANJAL;PR;2026-03;619.0;21891.68;2026-03;1286.0;1364.0;48.13;45.38;0
411330;LARANJEIRAS DO SUL;PR;2026-03;1849.0;66064.96;2026-03;2215.0;2352.0;83.48;78.61;0
411340;LEÓPOLIS;PR;2026-03;335.0;11963.58;2026-03;419.0;450.0;79.95;74.44;0
411342;LIDIANÓPOLIS;PR;2026-03;341.0;12426.95;2026-03;474.0;500.0;71.94;68.2;0
411345;LINDOESTE;PR;2026-03;396.0;14270.55;2026-03;828.0;872.0;47.83;45.41;0
411350;LOANDA;PR;2026-03;1324.0;48725.1;2026-03;1474.0;1600.0;89.82;82.75;0
411360;LOBATO;PR;2026-03;343.0;12505.29;2026-03;399.0;417.0;85.96;82.25;0
411370;LONDRINA;PR;2026-03;24611.0;889855.99;2026-03;36287.0;40969.0;67.82;60.07;0
411373;LUIZIANA;PR;2026-03;845.0;29947.65;2026-03;1192.0;1242.0;70.89;68.04;0
411375;LUNARDELLI;PR;2026-03;415.0;14848.59;2026-03;505.0;554.0;82.18;74.91;0
411380;LUPIONÓPOLIS;PR;2026-03;481.0;17365.45;2026-03;603.0;660.0;79.77;72.88;0
411390;MALLET;PR;2026-03;642.0;22381.33;2026-03;950.0;1020.0;67.58;62.94;0
411400;MAMBORÊ;PR;2026-03;1207.0;41850.23;2026-03;1438.0;1531.0;83.94;78.84;0
411410;MANDAGUAÇU;PR;2026-03;1753.0;64009.19;2026-03;1990.0;2156.0;88.09;81.31;0
411420;MANDAGUARI;PR;2026-03;1675.0;60107.03;2026-03;1527.0;1666.0;109.69;100.54;0
411430;MANDIRITUBA;PR;2026-03;1785.0;62553.28;2026-03;2909.0;3225.0;61.36;55.35;0
411435;MANFRINÓPOLIS;PR;2026-03;77.0;2709.01;2026-03;186.0;210.0;41.4;36.67;0
411440;MANGUEIRINHA;PR;2026-03;936.0;33225.6;2026-03;1860.0;2024.0;50.32;46.25;0
411450;MANOEL RIBAS;PR;2026-03;952.0;33013.36;2026-03;1587.0;1761.0;59.99;54.06;0
411460;MARECHAL CÂNDIDO RONDON;PR;2026-03;1670.0;62053.26;2026-03;2193.0;2414.0;76.15;69.18;0
411470;MARIA HELENA;PR;2026-03;519.0;18566.48;2026-03;731.0;791.0;71.0;65.61;0
411480;MARIALVA;PR;2026-03;2456.0;89859.05;2026-03;2981.0;3285.0;82.39;74.76;0
411490;MARILÂNDIA DO SUL;PR;2026-03;758.0;27337.17;2026-03;1067.0;1188.0;71.04;63.8;0
411500;MARILENA;PR;2026-03;502.0;17920.11;2026-03;744.0;803.0;67.47;62.52;0
411510;MARILUZ;PR;2026-03;1271.0;45279.33;2026-03;1465.0;1542.0;86.76;82.43;0
411520;MARINGÁ;PR;2026-03;14400.0;531807.0;2026-03;18958.0;20880.0;75.96;68.97;0
411530;MARIÓPOLIS;PR;2026-03;362.0;12771.08;2026-03;486.0;524.0;74.49;69.08;0
411535;MARIPÁ;PR;2026-03;165.0;6144.83;2026-03;234.0;262.0;70.51;62.98;0
411540;MARMELEIRO;PR;2026-03;857.0;31383.99;2026-03;1547.0;1673.0;55.4;51.23;0
411545;MARQUINHO;PR;2026-03;401.0;14067.73;2026-03;705.0;758.0;56.88;52.9;0
411550;MARUMBI;PR;2026-03;424.0;15294.64;2026-03;535.0;560.0;79.25;75.71;0
411560;MATELÂNDIA;PR;2026-03;585.0;21200.38;2026-03;706.0;770.0;82.86;75.97;0
411570;MATINHOS;PR;2026-03;2670.0;95310.36;2026-03;4775.0;5398.0;55.92;49.46;0
411573;MATO RICO;PR;2026-03;246.0;7912.35;2026-03;531.0;600.0;46.33;41.0;0
411575;MAUÁ DA SERRA;PR;2026-03;1126.0;40312.42;2026-03;1416.0;1532.0;79.52;73.5;0
411580;MEDIANEIRA;PR;2026-03;1657.0;61258.65;2026-03;2308.0;2484.0;71.79;66.71;0
411585;MERCEDES;PR;2026-03;150.0;5617.48;2026-03;212.0;224.0;70.75;66.96;0
411590;MIRADOR;PR;2026-03;165.0;5847.43;2026-03;250.0;266.0;66.0;62.03;0
411600;MIRASELVA;PR;2026-03;110.0;3961.22;2026-03;143.0;150.0;76.92;73.33;0
411605;MISSAL;PR;2026-03;493.0;18207.45;2026-03;878.0;961.0;56.15;51.3;0
411610;MOREIRA SALES;PR;2026-03;1409.0;49363.62;2026-03;1704.0;1863.0;82.69;75.63;0
411620;MORRETES;PR;2026-03;1242.0;44012.42;2026-03;2121.0;2341.0;58.56;53.05;0
411630;MUNHOZ DE MELO;PR;2026-03;323.0;11633.71;2026-03;490.0;530.0;65.92;60.94;0
411640;NOSSA SENHORA DAS GRAÇAS;PR;2026-03;156.0;5481.21;2026-03;183.0;201.0;85.25;77.61;0
411650;NOVA ALIANÇA DO IVAÍ;PR;2026-03;66.0;2458.98;2026-03;80.0;92.0;82.5;71.74;0
411660;NOVA AMÉRICA DA COLINA;PR;2026-03;360.0;13084.3;2026-03;488.0;510.0;73.77;70.59;0
411670;NOVA AURORA;PR;2026-03;568.0;20606.19;2026-03;801.0;860.0;70.91;66.05;0
411680;NOVA CANTU;PR;2026-03;517.0;17861.19;2026-03;856.0;920.0;60.4;56.2;0
411690;NOVA ESPERANÇA;PR;2026-03;2014.0;72991.07;2026-03;2530.0;2694.0;79.6;74.76;0
411695;NOVA ESPERANÇA DO SUDOESTE;PR;2026-03;179.0;6573.69;2026-03;358.0;390.0;50.0;45.9;0
411700;NOVA FÁTIMA;PR;2026-03;783.0;28056.17;2026-03;861.0;936.0;90.94;83.65;0
411705;NOVA LARANJEIRAS;PR;2026-03;650.0;22543.63;2026-03;2343.0;2478.0;27.74;26.23;0
411710;NOVA LONDRINA;PR;2026-03;927.0;33591.57;2026-03;1287.0;1409.0;72.03;65.79;0
411720;NOVA OLÍMPIA;PR;2026-03;449.0;16366.2;2026-03;455.0;500.0;98.68;89.8;0
411721;NOVA SANTA BÁRBARA;PR;2026-03;530.0;18643.84;2026-03;598.0;644.0;88.63;82.3;0
411722;NOVA SANTA ROSA;PR;2026-03;284.0;10696.14;2026-03;491.0;541.0;57.84;52.5;0
411725;NOVA PRATA DO IGUAÇU;PR;2026-03;519.0;18972.91;2026-03;747.0;799.0;69.48;64.96;0
411727;NOVA TEBAS;PR;2026-03;591.0;20074.77;2026-03;903.0;955.0;65.45;61.88;0
411729;NOVO ITACOLOMI;PR;2026-03;275.0;9941.65;2026-03;333.0;363.0;82.58;75.76;0
411730;ORTIGUEIRA;PR;2026-03;2326.0;80426.68;2026-03;3678.0;4051.0;63.24;57.42;0
411740;OURIZONA;PR;2026-03;199.0;7228.24;2026-03;199.0;205.0;100.0;97.07;0
411745;OURO VERDE DO OESTE;PR;2026-03;356.0;13037.99;2026-03;523.0;544.0;68.07;65.44;0
411750;PAIÇANDU;PR;2026-03;2923.0;107201.87;2026-03;3777.0;4178.0;77.39;69.96;0
411760;PALMAS;PR;2026-03;3163.0;113119.29;2026-03;4942.0;5516.0;64.0;57.34;0
411770;PALMEIRA;PR;2026-03;1365.0;48934.24;2026-03;2170.0;2345.0;62.9;58.21;0
411780;PALMITAL;PR;2026-03;1463.0;51555.24;2026-03;1940.0;2108.0;75.41;69.4;0
411790;PALOTINA;PR;2026-03;1170.0;43404.62;2026-03;1739.0;1926.0;67.28;60.75;0
411800;PARAÍSO DO NORTE;PR;2026-03;535.0;19510.23;2026-03;758.0;827.0;70.58;64.69;0
411810;PARANACITY;PR;2026-03;650.0;23406.86;2026-03;838.0;899.0;77.57;72.3;0
411820;PARANAGUÁ;PR;2026-03;6403.0;227987.78;2026-03;14771.0;16437.0;43.35;38.95;0
411830;PARANAPOEMA;PR;2026-03;219.0;7869.9;2026-03;249.0;265.0;87.95;82.64;0
411840;PARANAVAÍ;PR;2026-03;5996.0;220945.9;2026-03;7183.0;7846.0;83.47;76.42;0
411845;PATO BRAGADO;PR;2026-03;222.0;8228.97;2026-03;337.0;362.0;65.88;61.33;0
411850;PATO BRANCO;PR;2026-03;3171.0;116182.96;2026-03;4420.0;4942.0;71.74;64.16;0
411860;PAULA FREITAS;PR;2026-03;296.0;10464.62;2026-03;504.0;541.0;58.73;54.71;0
411870;PAULO FRONTIN;PR;2026-03;244.0;8684.62;2026-03;513.0;549.0;47.56;44.44;0
411880;PEABIRU;PR;2026-03;1203.0;43333.72;2026-03;1342.0;1466.0;89.64;82.06;0
411885;PEROBAL;PR;2026-03;449.0;16363.24;2026-03;575.0;608.0;78.09;73.85;0
411890;PÉROLA;PR;2026-03;900.0;32748.26;2026-03;1047.0;1134.0;85.96;79.37;0
411900;PÉROLA D'OESTE;PR;2026-03;221.0;7918.66;2026-03;404.0;441.0;54.7;50.11;0
411910;PIÊN;PR;2026-03;428.0;15398.39;2026-03;783.0;881.0;54.66;48.58;0
411915;PINHAIS;PR;2026-03;7310.0;268624.21;2026-03;10787.0;11945.0;67.77;61.2;0
411920;PINHALÃO;PR;2026-03;616.0;21817.06;2026-03;957.0;1021.0;64.37;60.33;0
411925;PINHAL DE SÃO BENTO;PR;2026-03;195.0;6947.11;2026-03;344.0;361.0;56.69;54.02;0
411930;PINHÃO;PR;2026-03;3454.0;120226.36;2026-03;4674.0;4874.0;73.9;70.87;0
411940;PIRAÍ DO SUL;PR;2026-03;1857.0;64603.02;2026-03;2421.0;2585.0;76.7;71.84;0
411950;PIRAQUARA;PR;2026-03;6273.0;226260.42;2026-03;13134.0;14386.0;47.76;43.6;0
411960;PITANGA;PR;2026-03;2715.0;95866.93;2026-03;3898.0;4216.0;69.65;64.4;0
411965;PITANGUEIRAS;PR;2026-03;224.0;8091.26;2026-03;319.0;335.0;70.22;66.87;0
411970;PLANALTINA DO PARANÁ;PR;2026-03;325.0;11850.31;2026-03;610.0;652.0;53.28;49.85;0
411980;PLANALTO;PR;2026-03;571.0;20895.56;2026-03;1007.0;1098.0;56.7;52.0;0
411990;PONTA GROSSA;PR;2026-03;19771.0;714957.76;2026-03;26484.0;29067.0;74.65;68.02;0
411995;PONTAL DO PARANÁ;PR;2026-03;2255.0;81189.99;2026-03;4126.0;4507.0;54.65;50.03;0
412000;PORECATU;PR;2026-03;760.0;27798.09;2026-03;1114.0;1226.0;68.22;61.99;0
412010;PORTO AMAZONAS;PR;2026-03;245.0;8707.13;2026-03;340.0;365.0;72.06;67.12;0
412015;PORTO BARREIRO;PR;2026-03;105.0;3660.04;2026-03;351.0;373.0;29.91;28.15;0
412020;PORTO RICO;PR;2026-03;166.0;6066.46;2026-03;278.0;314.0;59.71;52.87;0
412030;PORTO VITÓRIA;PR;2026-03;250.0;8996.85;2026-03;461.0;488.0;54.23;51.23;0
412033;PRADO FERREIRA;PR;2026-03;393.0;14109.89;2026-03;459.0;485.0;85.62;81.03;0
412035;PRANCHITA;PR;2026-03;289.0;10490.5;2026-03;425.0;437.0;68.0;66.13;0
412040;PRESIDENTE CASTELO BRANCO;PR;2026-03;289.0;10538.26;2026-03;360.0;390.0;80.28;74.1;0
412050;PRIMEIRO DE MAIO;PR;2026-03;700.0;24984.24;2026-03;839.0;901.0;83.43;77.69;0
412060;PRUDENTÓPOLIS;PR;2026-03;3476.0;123422.02;2026-03;4630.0;5163.0;75.08;67.33;0
412065;QUARTO CENTENÁRIO;PR;2026-03;243.0;8738.62;2026-03;372.0;393.0;65.32;61.83;0
412070;QUATIGUÁ;PR;2026-03;610.0;21567.94;2026-03;805.0;903.0;75.78;67.55;0
412080;QUATRO BARRAS;PR;2026-03;1214.0;43765.39;2026-03;1938.0;2131.0;62.64;56.97;0
412085;QUATRO PONTES;PR;2026-03;80.0;3019.37;2026-03;104.0;113.0;76.92;70.8;0
412090;QUEDAS DO IGUAÇU;PR;2026-03;2243.0;81204.86;2026-03;4214.0;4453.0;53.23;50.37;0
412100;QUERÊNCIA DO NORTE;PR;2026-03;865.0;30855.52;2026-03;1225.0;1320.0;70.61;65.53;0
412110;QUINTA DO SOL;PR;2026-03;331.0;11657.53;2026-03;514.0;540.0;64.4;61.3;0
412120;QUITANDINHA;PR;2026-03;1140.0;39550.85;2026-03;1763.0;1914.0;64.66;59.56;0
412125;RAMILÂNDIA;PR;2026-03;180.0;6286.3;2026-03;381.0;423.0;47.24;42.55;0
412130;RANCHO ALEGRE;PR;2026-03;350.0;12240.34;2026-03;438.0;464.0;79.91;75.43;0
412135;RANCHO ALEGRE D'OESTE;PR;2026-03;207.0;7396.55;2026-03;238.0;255.0;86.97;81.18;0
412140;REALEZA;PR;2026-03;786.0;28773.97;2026-03;1182.0;1322.0;66.5;59.46;0
412150;REBOUÇAS;PR;2026-03;1302.0;45999.14;2026-03;2196.0;2366.0;59.29;55.03;0
412160;RENASCENÇA;PR;2026-03;208.0;7456.78;2026-03;322.0;356.0;64.6;58.43;0
412170;RESERVA;PR;2026-03;2660.0;91313.2;2026-03;3753.0;4060.0;70.88;65.52;0
412175;RESERVA DO IGUAÇU;PR;2026-03;476.0;16286.39;2026-03;904.0;972.0;52.65;48.97;0
412180;RIBEIRÃO CLARO;PR;2026-03;588.0;24083.44;2026-03;1007.0;1087.0;58.39;54.09;0
412190;RIBEIRÃO DO PINHAL;PR;2026-03;1409.0;49556.6;2026-03;1613.0;1770.0;87.35;79.6;0
412200;RIO AZUL;PR;2026-03;484.0;17187.52;2026-03;968.0;1103.0;50.0;43.88;0
412210;RIO BOM;PR;2026-03;245.0;8640.09;2026-03;341.0;364.0;71.85;67.31;0
412215;RIO BONITO DO IGUAÇU;PR;2026-03;674.0;23284.52;2026-03;2175.0;2360.0;30.99;28.56;0
412217;RIO BRANCO DO IVAÍ;PR;2026-03;393.0;13821.96;2026-03;818.0;889.0;48.04;44.21;0
412220;RIO BRANCO DO SUL;PR;2026-03;2819.0;97860.81;2026-03;4053.0;4422.0;69.55;63.75;0
412230;RIO NEGRO;PR;2026-03;1003.0;38335.87;2026-03;1689.0;1840.0;59.38;54.51;0
412240;ROLÂNDIA;PR;2026-03;3725.0;136330.3;2026-03;4502.0;4920.0;82.74;75.71;0
412250;RONCADOR;PR;2026-03;893.0;29942.56;2026-03;969.0;1081.0;92.16;82.61;0
412260;RONDON;PR;2026-03;500.0;18107.91;2026-03;763.0;810.0;65.53;61.73;0
412265;ROSÁRIO DO IVAÍ;PR;2026-03;446.0;15547.99;2026-03;795.0;831.0;56.1;53.67;0
412270;SABÁUDIA;PR;2026-03;467.0;17029.33;2026-03;635.0;697.0;73.54;67.0;0
412280;SALGADO FILHO;PR;2026-03;157.0;5475.94;2026-03;237.0;264.0;66.24;59.47;0
412290;SALTO DO ITARARÉ;PR;2026-03;559.0;19501.14;2026-03;766.0;799.0;72.98;69.96;0
412300;SALTO DO LONTRA;PR;2026-03;775.0;28180.95;2026-03;1215.0;1309.0;63.79;59.21;0
412310;SANTA AMÉLIA;PR;2026-03;251.0;8858.25;2026-03;308.0;329.0;81.49;76.29;0
412320;SANTA CECÍLIA DO PAVÃO;PR;2026-03;390.0;13608.71;2026-03;399.0;427.0;97.74;91.33;0
412330;SANTA CRUZ DE MONTE CASTELO;PR;2026-03;679.0;24842.36;2026-03;919.0;994.0;73.88;68.31;0
412340;SANTA FÉ;PR;2026-03;619.0;22686.99;2026-03;679.0;769.0;91.16;80.49;0
412350;SANTA HELENA;PR;2026-03;1203.0;43935.72;2026-03;1401.0;1598.0;85.87;75.28;0
412360;SANTA INÊS;PR;2026-03;127.0;4562.23;2026-03;172.0;183.0;73.84;69.4;0
412370;SANTA ISABEL DO IVAÍ;PR;2026-03;620.0;22713.75;2026-03;686.0;748.0;90.38;82.89;0
412380;SANTA IZABEL DO OESTE;PR;2026-03;586.0;21464.89;2026-03;815.0;878.0;71.9;66.74;0
412382;SANTA LÚCIA;PR;2026-03;218.0;7722.64;2026-03;290.0;324.0;75.17;67.28;0
412385;SANTA MARIA DO OESTE;PR;2026-03;819.0;28201.83;2026-03;1626.0;1804.0;50.37;45.4;0
412390;SANTA MARIANA;PR;2026-03;1171.0;42316.66;2026-03;1343.0;1469.0;87.19;79.71;0
412395;SANTA MÔNICA;PR;2026-03;308.0;11064.71;2026-03;398.0;433.0;77.39;71.13;0
412400;SANTANA DO ITARARÉ;PR;2026-03;523.0;18325.43;2026-03;646.0;701.0;80.96;74.61;0
412402;SANTA TEREZA DO OESTE;PR;2026-03;966.0;35458.96;2026-03;1327.0;1422.0;72.8;67.93;0
412405;SANTA TEREZINHA DE ITAIPU;PR;2026-03;1918.0;71515.57;2026-03;2125.0;2209.0;90.26;86.83;0
412410;SANTO ANTÔNIO DA PLATINA;PR;2026-03;3461.0;125346.81;2026-03;4501.0;4813.0;76.89;71.91;0
412420;SANTO ANTÔNIO DO CAIUÁ;PR;2026-03;198.0;7087.25;2026-03;248.0;266.0;79.84;74.44;0
412430;SANTO ANTÔNIO DO PARAÍSO;PR;2026-03;194.0;6858.64;2026-03;223.0;240.0;87.0;80.83;0
412440;SANTO ANTÔNIO DO SUDOESTE;PR;2026-03;1493.0;54278.62;2026-03;1850.0;1946.0;80.7;76.72;0
412450;SANTO INÁCIO;PR;2026-03;198.0;7156.54;2026-03;215.0;238.0;92.09;83.19;0
412460;SÃO CARLOS DO IVAÍ;PR;2026-03;518.0;18734.72;2026-03;705.0;753.0;73.48;68.79;0
412470;SÃO JERÔNIMO DA SERRA;PR;2026-03;1038.0;35260.38;2026-03;1544.0;1609.0;67.23;64.51;0
412480;SÃO JOÃO;PR;2026-03;439.0;15645.15;2026-03;772.0;842.0;56.87;52.14;0
412490;SÃO JOÃO DO CAIUÁ;PR;2026-03;667.0;24011.79;2026-03;767.0;817.0;86.96;81.64;0
412500;SÃO JOÃO DO IVAÍ;PR;2026-03;982.0;35015.21;2026-03;1262.0;1360.0;77.81;72.21;0
412510;SÃO JOÃO DO TRIUNFO;PR;2026-03;690.0;24112.04;2026-03;1155.0;1324.0;59.74;52.11;0
412520;SÃO JORGE D'OESTE;PR;2026-03;393.0;14175.49;2026-03;627.0;684.0;62.68;57.46;0
412530;SÃO JORGE DO IVAÍ;PR;2026-03;361.0;13029.81;2026-03;350.0;369.0;103.14;97.83;0
412535;SÃO JORGE DO PATROCÍNIO;PR;2026-03;377.0;13594.92;2026-03;407.0;447.0;92.63;84.34;0
412540;SÃO JOSÉ DA BOA VISTA;PR;2026-03;561.0;18596.31;2026-03;610.0;644.0;91.97;87.11;0
412545;SÃO JOSÉ DAS PALMEIRAS;PR;2026-03;264.0;9570.11;2026-03;414.0;441.0;63.77;59.86;0
412550;SÃO JOSÉ DOS PINHAIS;PR;2026-03;14014.0;512333.18;2026-03;24200.0;26549.0;57.91;52.79;0
412555;SÃO MANOEL DO PARANÁ;PR;2026-03;108.0;3966.04;2026-03;146.0;152.0;73.97;71.05;0
412560;SÃO MATEUS DO SUL;PR;2026-03;2341.0;83687.39;2026-03;3175.0;3479.0;73.73;67.29;0
412570;SÃO MIGUEL DO IGUAÇU;PR;2026-03;1558.0;57206.26;2026-03;2664.0;2865.0;58.48;54.38;0
412575;SÃO PEDRO DO IGUAÇU;PR;2026-03;417.0;14701.7;2026-03;703.0;789.0;59.32;52.85;0
412580;SÃO PEDRO DO IVAÍ;PR;2026-03;725.0;26259.01;2026-03;895.0;965.0;81.01;75.13;0
412590;SÃO PEDRO DO PARANÁ;PR;2026-03;79.0;2738.63;2026-03;173.0;182.0;45.66;43.41;0
412600;SÃO SEBASTIÃO DA AMOREIRA;PR;2026-03;1026.0;36813.45;2026-03;1192.0;1292.0;86.07;79.41;0
412610;SÃO TOMÉ;PR;2026-03;351.0;12688.44;2026-03;437.0;464.0;80.32;75.65;0
412620;SAPOPEMA;PR;2026-03;606.0;20910.11;2026-03;939.0;999.0;64.54;60.66;0
412625;SARANDI;PR;2026-03;6320.0;232859.54;2026-03;6421.0;7160.0;98.43;88.27;0
412627;SAUDADE DO IGUAÇU;PR;2026-03;380.0;13835.93;2026-03;616.0;651.0;61.69;58.37;0
412630;SENGÉS;PR;2026-03;1183.0;41105.42;2026-03;1602.0;1697.0;73.85;69.71;0
412635;SERRANÓPOLIS DO IGUAÇU;PR;2026-03;199.0;7283.76;2026-03;284.0;317.0;70.07;62.78;0
412640;SERTANEJA;PR;2026-03;425.0;15353.91;2026-03;466.0;505.0;91.2;84.16;0
412650;SERTANÓPOLIS;PR;2026-03;959.0;35022.5;2026-03;1186.0;1283.0;80.86;74.75;0
412660;SIQUEIRA CAMPOS;PR;2026-03;1441.0;50948.03;2026-03;1721.0;1900.0;83.73;75.84;0
412665;SULINA;PR;2026-03;141.0;4909.3;2026-03;269.0;286.0;52.42;49.3;0
412667;TAMARANA;PR;2026-03;943.0;31306.59;2026-03;1118.0;1187.0;84.35;79.44;0
412670;TAMBOARA;PR;2026-03;343.0;12472.76;2026-03;405.0;446.0;84.69;76.91;0
412680;TAPEJARA;PR;2026-03;1078.0;39178.43;2026-03;1251.0;1326.0;86.17;81.3;0
412690;TAPIRA;PR;2026-03;473.0;17033.09;2026-03;550.0;600.0;86.0;78.83;0
412700;TEIXEIRA SOARES;PR;2026-03;670.0;23824.8;2026-03;1141.0;1236.0;58.72;54.21;0
412710;TELÊMACO BORBA;PR;2026-03;2896.0;101537.84;2026-03;3337.0;3591.0;86.78;80.65;0
412720;TERRA BOA;PR;2026-03;835.0;30282.89;2026-03;969.0;1033.0;86.17;80.83;0
412730;TERRA RICA;PR;2026-03;1154.0;41952.44;2026-03;1684.0;1798.0;68.53;64.18;0
412740;TERRA ROXA;PR;2026-03;930.0;33222.86;2026-03;1278.0;1379.0;72.77;67.44;0
412750;TIBAGI;PR;2026-03;1735.0;59799.73;2026-03;2637.0;2838.0;65.79;61.13;0
412760;TIJUCAS DO SUL;PR;2026-03;1322.0;46050.26;2026-03;2388.0;2571.0;55.36;51.42;0
412770;TOLEDO;PR;2026-03;5205.0;192798.75;2026-03;6572.0;7303.0;79.2;71.27;0
412780;TOMAZINA;PR;2026-03;424.0;14872.6;2026-03;735.0;784.0;57.69;54.08;0
412785;TRÊS BARRAS DO PARANÁ;PR;2026-03;800.0;28686.84;2026-03;1314.0;1388.0;60.88;57.64;0
412788;TUNAS DO PARANÁ;PR;2026-03;712.0;24341.51;2026-03;1041.0;1106.0;68.4;64.38;0
412790;TUNEIRAS DO OESTE;PR;2026-03;604.0;21396.37;2026-03;744.0;809.0;81.18;74.66;0
412795;TUPÃSSI;PR;2026-03;366.0;13455.86;2026-03;522.0;583.0;70.11;62.78;0
412796;TURVO;PR;2026-03;917.0;32052.45;2026-03;1572.0;1703.0;58.33;53.85;0
412800;UBIRATÃ;PR;2026-03;2048.0;74683.37;2026-03;2520.0;2795.0;81.27;73.27;0
412810;UMUARAMA;PR;2026-03;6829.0;249603.8;2026-03;8047.0;8738.0;84.86;78.15;0
412820;UNIÃO DA VITÓRIA;PR;2026-03;2748.0;98751.94;2026-03;3686.0;3972.0;74.55;69.18;0
412830;UNIFLOR;PR;2026-03;181.0;6562.7;2026-03;231.0;245.0;78.35;73.88;0
412840;URAÍ;PR;2026-03;965.0;34723.59;2026-03;985.0;1131.0;97.97;85.32;0
412850;WENCESLAU BRAZ;PR;2026-03;1810.0;62873.25;2026-03;2246.0;2330.0;80.59;77.68;0
412853;VENTANIA;PR;2026-03;803.0;27442.92;2026-03;1115.0;1228.0;72.02;65.39;0
412855;VERA CRUZ DO OESTE;PR;2026-03;537.0;19358.65;2026-03;615.0;664.0;87.32;80.87;0
412860;VERÊ;PR;2026-03;211.0;7699.7;2026-03;414.0;446.0;50.97;47.31;0
412862;ALTO PARAÍSO;PR;2026-03;239.0;8647.82;2026-03;405.0;420.0;59.01;56.9;0
412863;DOUTOR ULYSSES;PR;2026-03;814.0;27760.14;2026-03;1082.0;1150.0;75.23;70.78;0
412865;VIRMOND;PR;2026-03;268.0;9483.48;2026-03;369.0;398.0;72.63;67.34;0
412870;VITORINO;PR;2026-03;533.0;19521.48;2026-03;715.0;768.0;74.55;69.4;0
412880;XAMBRÊ;PR;2026-03;481.0;17378.79;2026-03;663.0;707.0;72.55;68.03;0
420005;ABDON BATISTA;SC;2026-03;80.0;3148.29;2026-03;268.0;292.0;29.85;27.4;0
420010;ABELARDO LUZ;SC;2026-03;617.0;23716.41;2026-03;1935.0;2135.0;31.89;28.9;0
420020;AGROLÂNDIA;SC;2026-03;153.0;6040.88;2026-03;351.0;370.0;43.59;41.35;0
420030;AGRONÔMICA;SC;2026-03;39.0;1509.08;2026-03;119.0;123.0;32.77;31.71;0
420040;ÁGUA DOCE;SC;2026-03;111.0;4074.26;2026-03;254.0;282.0;43.7;39.36;0
420050;ÁGUAS DE CHAPECÓ;SC;2026-03;139.0;5364.7;2026-03;374.0;435.0;37.17;31.95;0
420055;ÁGUAS FRIAS;SC;2026-03;23.0;889.8;2026-03;83.0;87.0;27.71;26.44;0
420060;ÁGUAS MORNAS;SC;2026-03;106.0;4532.97;2026-03;278.0;306.0;38.13;34.64;0
420070;ALFREDO WAGNER;SC;2026-03;162.0;6141.13;2026-03;658.0;746.0;24.62;21.72;0
420075;ALTO BELA VISTA;SC;2026-03;11.0;396.3;2026-03;45.0;45.0;24.44;24.44;1
420080;ANCHIETA;SC;2026-03;90.0;3503.02;2026-03;218.0;245.0;41.28;36.73;0
420090;ANGELINA;SC;2026-03;56.0;2283.81;2026-03;226.0;268.0;24.78;20.9;0
420100;ANITA GARIBALDI;SC;2026-03;439.0;16676.64;2026-03;907.0;999.0;48.4;43.94;0
420110;ANITÁPOLIS;SC;2026-03;129.0;7762.82;2026-03;191.0;226.0;67.54;57.08;0
420120;ANTÔNIO CARLOS;SC;2026-03;129.0;5396.68;2026-03;306.0;351.0;42.16;36.75;0
420125;APIÚNA;SC;2026-03;90.0;3569.41;2026-03;219.0;244.0;41.1;36.89;0
420127;ARABUTÃ;SC;2026-03;13.0;500.09;2026-03;111.0;132.0;11.71;9.85;0
420130;ARAQUARI;SC;2026-03;1498.0;59021.8;2026-03;3642.0;4079.0;41.13;36.72;0
420140;ARARANGUÁ;SC;2026-03;2474.0;96734.88;2026-03;4085.0;4474.0;60.56;55.3;0
420150;ARMAZÉM;SC;2026-03;149.0;7373.19;2026-03;490.0;546.0;30.41;27.29;0
420160;ARROIO TRINTA;SC;2026-03;16.0;636.17;2026-03;55.0;62.0;29.09;25.81;0
420165;ARVOREDO;SC;2026-03;10.0;409.09;2026-03;94.0;102.0;10.64;9.8;0
420170;ASCURRA;SC;2026-03;95.0;3674.86;2026-03;259.0;279.0;36.68;34.05;0
420180;ATALANTA;SC;2026-03;25.0;973.12;2026-03;91.0;97.0;27.47;25.77;0
420190;AURORA;SC;2026-03;29.0;1069.83;2026-03;144.0;155.0;20.14;18.71;0
420195;BALNEÁRIO ARROIO DO SILVA;SC;2026-03;921.0;35988.64;2026-03;1848.0;2011.0;49.84;45.8;0
420200;BALNEÁRIO CAMBORIÚ;SC;2026-03;1664.0;66096.82;2026-03;4808.0;5668.0;34.61;29.36;0
420205;BALNEÁRIO BARRA DO SUL;SC;2026-03;625.0;24649.62;2026-03;1324.0;1445.0;47.21;43.25;0
420207;BALNEÁRIO GAIVOTA;SC;2026-03;819.0;31475.94;2026-03;1502.0;1672.0;54.53;48.98;0
420208;BANDEIRANTE;SC;2026-03;74.0;2799.42;2026-03;184.0;198.0;40.22;37.37;0
420209;BARRA BONITA;SC;2026-03;20.0;741.53;2026-03;105.0;113.0;19.05;17.7;0
420210;BARRA VELHA;SC;2026-03;1396.0;54778.77;2026-03;3062.0;3509.0;45.59;39.78;0
420213;BELA VISTA DO TOLDO;SC;2026-03;186.0;7075.51;2026-03;510.0;589.0;36.47;31.58;0
420215;BELMONTE;SC;2026-03;54.0;2134.54;2026-03;133.0;146.0;40.6;36.99;0
420220;BENEDITO NOVO;SC;2026-03;113.0;3775.77;2026-03;234.0;245.0;48.29;46.12;0
420230;BIGUAÇU;SC;2026-03;1830.0;72976.24;2026-03;4751.0;5285.0;38.52;34.63;0
420240;BLUMENAU;SC;2026-03;3938.0;155564.17;2026-03;9769.0;10888.0;40.31;36.17;0
420243;BOCAINA DO SUL;SC;2026-03;148.0;5526.09;2026-03;367.0;411.0;40.33;36.01;0
420245;BOMBINHAS;SC;2026-03;541.0;21673.7;2026-03;1532.0;1710.0;35.31;31.64;0
420250;BOM JARDIM DA SERRA;SC;2026-03;229.0;8559.55;2026-03;624.0;674.0;36.7;33.98;0
420253;BOM JESUS;SC;2026-03;38.0;1520.33;2026-03;306.0;321.0;12.42;11.84;0
420257;BOM JESUS DO OESTE;SC;2026-03;23.0;889.8;2026-03;103.0;117.0;22.33;19.66;0
420260;BOM RETIRO;SC;2026-03;268.0;10187.05;2026-03;641.0;727.0;41.81;36.86;0
420270;BOTUVERÁ;SC;2026-03;60.0;2369.57;2026-03;192.0;217.0;31.25;27.65;0
420280;BRAÇO DO NORTE;SC;2026-03;351.0;12796.79;2026-03;1534.0;1658.0;22.88;21.17;0
420285;BRAÇO DO TROMBUDO;SC;2026-03;19.0;675.57;2026-03;24.0;24.0;79.17;79.17;1
420287;BRUNÓPOLIS;SC;2026-03;102.0;3884.5;2026-03;252.0;286.0;40.48;35.66;0
420290;BRUSQUE;SC;2026-03;1694.0;67090.79;2026-03;3497.0;3963.0;48.44;42.75;0
420300;CAÇADOR;SC;2026-03;1769.0;68895.59;2026-03;4585.0;4979.0;38.58;35.53;0
420310;CAIBI;SC;2026-03;91.0;3640.45;2026-03;228.0;268.0;39.91;33.96;0
420315;CALMON;SC;2026-03;160.0;6198.69;2026-03;467.0;511.0;34.26;31.31;0
420320;CAMBORIÚ;SC;2026-03;2105.0;83981.75;2026-03;5388.0;6060.0;39.07;34.74;0
420325;CAPÃO ALTO;SC;2026-03;76.0;2734.71;2026-03;199.0;212.0;38.19;35.85;0
420330;CAMPO ALEGRE;SC;2026-03;323.0;12344.88;2026-03;619.0;695.0;52.18;46.47;0
420340;CAMPO BELO DO SUL;SC;2026-03;433.0;16477.38;2026-03;881.0;973.0;49.15;44.5;0
420350;CAMPO ERÊ;SC;2026-03;412.0;15788.16;2026-03;907.0;1022.0;45.42;40.31;0
420360;CAMPOS NOVOS;SC;2026-03;536.0;20795.63;2026-03;1092.0;1276.0;49.08;42.01;0
420370;CANELINHA;SC;2026-03;565.0;22147.83;2026-03;1582.0;1693.0;35.71;33.37;0
420380;CANOINHAS;SC;2026-03;1518.0;58864.07;2026-03;3079.0;3409.0;49.3;44.53;0
420390;CAPINZAL;SC;2026-03;258.0;9979.51;2026-03;594.0;666.0;43.43;38.74;0
420395;CAPIVARI DE BAIXO;SC;2026-03;425.0;16848.96;2026-03;883.0;963.0;48.13;44.13;0
420400;CATANDUVAS;SC;2026-03;283.0;11171.21;2026-03;648.0;728.0;43.67;38.87;0
420410;CAXAMBU DO SUL;SC;2026-03;143.0;5614.39;2026-03;290.0;319.0;49.31;44.83;0
420415;CELSO RAMOS;SC;2026-03;102.0;3970.86;2026-03;249.0;265.0;40.96;38.49;0
420417;CERRO NEGRO;SC;2026-03;137.0;5038.58;2026-03;416.0;453.0;32.93;30.24;0
420419;CHAPADÃO DO LAGEADO;SC;2026-03;13.0;529.81;2026-03;57.0;68.0;22.81;19.12;0
420420;CHAPECÓ;SC;2026-03;2622.0;103393.83;2026-03;7608.0;8731.0;34.46;30.03;0
420425;COCAL DO SUL;SC;2026-03;137.0;4418.39;2026-03;323.0;371.0;42.41;36.93;0
420430;CONCÓRDIA;SC;2026-03;789.0;30829.42;2026-03;1875.0;2108.0;42.08;37.43;0
420435;CORDILHEIRA ALTA;SC;2026-03;38.0;1436.46;2026-03;244.0;266.0;15.57;14.29;0
420440;CORONEL FREITAS;SC;2026-03;240.0;9320.66;2026-03;538.0;564.0;44.61;42.55;0
420445;CORONEL MARTINS;SC;2026-03;47.0;1791.75;2026-03;119.0;133.0;39.5;35.34;0
420450;CORUPÁ;SC;2026-03;262.0;10434.64;2026-03;570.0;615.0;45.96;42.6;0
420455;CORREIA PINTO;SC;2026-03;668.0;25964.54;2026-03;1421.0;1530.0;47.01;43.66;0
420460;CRICIÚMA;SC;2026-03;3638.0;142254.24;2026-03;7509.0;8364.0;48.45;43.5;0
420470;CUNHA PORÃ;SC;2026-03;100.0;3877.13;2026-03;290.0;321.0;34.48;31.15;0
420475;CUNHATAÍ;SC;2026-03;4.0;187.13;2026-03;22.0;22.0;18.18;18.18;1
420480;CURITIBANOS;SC;2026-03;1638.0;63118.25;2026-03;3486.0;3748.0;46.99;43.7;0
420490;DESCANSO;SC;2026-03;78.0;2922.14;2026-03;245.0;261.0;31.84;29.89;0
420500;DIONÍSIO CERQUEIRA;SC;2026-03;337.0;13051.34;2026-03;770.0;853.0;43.77;39.51;0
420510;DONA EMMA;SC;2026-03;35.0;1390.48;2026-03;98.0;107.0;35.71;32.71;0
420515;DOUTOR PEDRINHO;SC;2026-03;36.0;1339.58;2026-03;108.0;116.0;33.33;31.03;0
420517;ENTRE RIOS;SC;2026-03;35.0;1242.61;2026-03;583.0;635.0;6.0;5.51;0
420519;ERMO;SC;2026-03;79.0;2587.74;2026-03;176.0;188.0;44.89;42.02;0
420520;ERVAL VELHO;SC;2026-03;62.0;2376.46;2026-03;126.0;136.0;49.21;45.59;0
420530;FAXINAL DOS GUEDES;SC;2026-03;163.0;6361.3;2026-03;397.0;433.0;41.06;37.64;0
420535;FLOR DO SERTÃO;SC;2026-03;24.0;938.97;2026-03;75.0;81.0;32.0;29.63;0
420540;FLORIANÓPOLIS;SC;2026-03;5033.0;190953.83;2026-03;26686.0;30021.0;18.86;16.76;0
420543;FORMOSA DO SUL;SC;2026-03;44.0;1717.68;2026-03;122.0;142.0;36.07;30.99;0
420545;FORQUILHINHA;SC;2026-03;303.0;9675.44;2026-03;1485.0;1619.0;20.4;18.72;0
420550;FRAIBURGO;SC;2026-03;771.0;29668.44;2026-03;2051.0;2280.0;37.59;33.82;0
420555;FREI ROGÉRIO;SC;2026-03;97.0;3737.65;2026-03;236.0;252.0;41.1;38.49;0
420560;GALVÃO;SC;2026-03;140.0;5537.79;2026-03;294.0;324.0;47.62;43.21;0
420570;GAROPABA;SC;2026-03;988.0;39581.96;2026-03;2488.0;2779.0;39.71;35.55;0
420580;GARUVA;SC;2026-03;460.0;18132.94;2026-03;916.0;994.0;50.22;46.28;0
420590;GASPAR;SC;2026-03;754.0;29957.15;2026-03;2439.0;2767.0;30.91;27.25;0
420600;GOVERNADOR CELSO RAMOS;SC;2026-03;426.0;17109.7;2026-03;1313.0;1432.0;32.44;29.75;0
420610;GRÃO PARÁ;SC;2026-03;58.0;2445.32;2026-03;413.0;451.0;14.04;12.86;0
420620;GRAVATAL;SC;2026-03;216.0;11787.74;2026-03;479.0;531.0;45.09;40.68;0
420630;GUABIRUBA;SC;2026-03;274.0;11037.82;2026-03;884.0;975.0;31.0;28.1;0
420640;GUARACIABA;SC;2026-03;84.0;3251.4;2026-03;216.0;238.0;38.89;35.29;0
420650;GUARAMIRIM;SC;2026-03;1013.0;40279.57;2026-03;2016.0;2287.0;50.25;44.29;0
420660;GUARUJÁ DO SUL;SC;2026-03;74.0;2872.49;2026-03;172.0;191.0;43.02;38.74;0
420665;GUATAMBÚ;SC;2026-03;95.0;3829.75;2026-03;433.0;464.0;21.94;20.47;0
420670;HERVAL D'OESTE;SC;2026-03;250.0;10021.36;2026-03;615.0;694.0;40.65;36.02;0
420675;IBIAM;SC;2026-03;47.0;1875.73;2026-03;171.0;184.0;27.49;25.54;0
420680;IBICARÉ;SC;2026-03;53.0;2056.81;2026-03;181.0;196.0;29.28;27.04;0
420690;IBIRAMA;SC;2026-03;224.0;8766.17;2026-03;468.0;512.0;47.86;43.75;0
420700;IÇARA;SC;2026-03;1105.0;43811.21;2026-03;2795.0;2983.0;39.53;37.04;0
420710;ILHOTA;SC;2026-03;432.0;17050.12;2026-03;1044.0;1170.0;41.38;36.92;0
420720;IMARUÍ;SC;2026-03;572.0;22132.68;2026-03;1061.0;1095.0;53.91;52.24;0
420730;IMBITUBA;SC;2026-03;1293.0;55510.38;2026-03;2922.0;3350.0;44.25;38.6;0
420740;IMBUIA;SC;2026-03;63.0;2435.21;2026-03;228.0;249.0;27.63;25.3;0
420750;INDAIAL;SC;2026-03;599.0;23938.29;2026-03;1497.0;1706.0;40.01;35.11;0
420757;IOMERÊ;SC;2026-03;15.0;566.59;2026-03;74.0;77.0;20.27;19.48;0
420760;IPIRA;SC;2026-03;44.0;1676.87;2026-03;128.0;136.0;34.38;32.35;0
420765;IPORÃ DO OESTE;SC;2026-03;70.0;2858.52;2026-03;236.0;258.0;29.66;27.13;0
420768;IPUAÇU;SC;2026-03;73.0;2790.2;2026-03;1176.0;1250.0;6.21;5.84;0
420770;IPUMIRIM;SC;2026-03;33.0;1278.93;2026-03;129.0;137.0;25.58;24.09;0
420775;IRACEMINHA;SC;2026-03;81.0;3183.38;2026-03;178.0;200.0;45.51;40.5;0
420780;IRANI;SC;2026-03;219.0;8396.32;2026-03;547.0;601.0;40.04;36.44;0
420785;IRATI;SC;2026-03;60.0;2324.75;2026-03;132.0;135.0;45.45;44.44;0
420790;IRINEÓPOLIS;SC;2026-03;370.0;14097.05;2026-03;788.0;925.0;46.95;40.0;0
420800;ITÁ;SC;2026-03;105.0;4136.51;2026-03;420.0;454.0;25.0;23.13;0
420810;ITAIÓPOLIS;SC;2026-03;471.0;18074.35;2026-03;991.0;1051.0;47.53;44.81;0
420820;ITAJAÍ;SC;2026-03;4525.0;180477.2;2026-03;12753.0;13914.0;35.48;32.52;0
420830;ITAPEMA;SC;2026-03;1077.0;43138.88;2026-03;3752.0;4254.0;28.7;25.32;0
420840;ITAPIRANGA;SC;2026-03;105.0;4100.55;2026-03;387.0;425.0;27.13;24.71;0
420845;ITAPOÁ;SC;2026-03;1199.0;47041.92;2026-03;2516.0;2793.0;47.66;42.93;0
420850;ITUPORANGA;SC;2026-03;391.0;15233.01;2026-03;898.0;952.0;43.54;41.07;0
420860;JABORÁ;SC;2026-03;83.0;3267.2;2026-03;221.0;241.0;37.56;34.44;0
420870;JACINTO MACHADO;SC;2026-03;293.0;14398.1;2026-03;521.0;564.0;56.24;51.95;0
420880;JAGUARUNA;SC;2026-03;482.0;19847.09;2026-03;947.0;1045.0;50.9;46.12;0
420890;JARAGUÁ DO SUL;SC;2026-03;2235.0;88292.75;2026-03;4867.0;5356.0;45.92;41.73;0
420895;JARDINÓPOLIS;SC;2026-03;49.0;1955.54;2026-03;116.0;120.0;42.24;40.83;0
420900;JOAÇABA;SC;2026-03;357.0;14207.79;2026-03;845.0;918.0;42.25;38.89;0
420910;JOINVILLE;SC;2026-03;9446.0;376137.96;2026-03;21945.0;24866.0;43.04;37.99;0
420915;JOSÉ BOITEUX;SC;2026-03;110.0;3155.88;2026-03;482.0;520.0;22.82;21.15;0
420917;JUPIÁ;SC;2026-03;54.0;2061.85;2026-03;166.0;185.0;32.53;29.19;0
420920;LACERDÓPOLIS;SC;2026-03;14.0;552.82;2026-03;34.0;39.0;41.18;35.9;1
420930;LAGES;SC;2026-03;6637.0;257610.65;2026-03;12006.0;13465.0;55.28;49.29;0
420940;LAGUNA;SC;2026-03;1324.0;51560.27;2026-03;2375.0;2654.0;55.75;49.89;0
420945;LAJEADO GRANDE;SC;2026-03;19.0;777.32;2026-03;89.0;100.0;21.35;19.0;0
420950;LAURENTINO;SC;2026-03;75.0;2988.97;2026-03;225.0;253.0;33.33;29.64;0
420960;LAURO MÜLLER;SC;2026-03;339.0;12992.79;2026-03;666.0;723.0;50.9;46.89;0
420970;LEBON RÉGIS;SC;2026-03;498.0;19418.25;2026-03;1403.0;1504.0;35.5;33.11;0
420980;LEOBERTO LEAL;SC;2026-03;35.0;1538.55;2026-03;154.0;198.0;22.73;17.68;0
420985;LINDÓIA DO SUL;SC;2026-03;50.0;1948.37;2026-03;174.0;195.0;28.74;25.64;0
420990;LONTRAS;SC;2026-03;109.0;4206.07;2026-03;266.0;299.0;40.98;36.45;0
421000;LUIZ ALVES;SC;2026-03;140.0;5413.96;2026-03;393.0;424.0;35.62;33.02;0
421003;LUZERNA;SC;2026-03;31.0;1156.27;2026-03;87.0;102.0;35.63;30.39;0
421005;MACIEIRA;SC;2026-03;18.0;595.78;2026-03;78.0;85.0;23.08;21.18;0
421010;MAFRA;SC;2026-03;1549.0;60061.65;2026-03;2733.0;3008.0;56.68;51.5;0
421020;MAJOR GERCINO;SC;2026-03;81.0;3373.09;2026-03;284.0;308.0;28.52;26.3;0
421030;MAJOR VIEIRA;SC;2026-03;302.0;11385.34;2026-03;790.0;885.0;38.23;34.12;0
421040;MARACAJÁ;SC;2026-03;171.0;6591.9;2026-03;414.0;445.0;41.3;38.43;0
421050;MARAVILHA;SC;2026-03;308.0;12133.79;2026-03;648.0;723.0;47.53;42.6;0
421055;MAREMA;SC;2026-03;8.0;319.84;2026-03;73.0;83.0;10.96;9.64;0
421060;MASSARANDUBA;SC;2026-03;196.0;7758.13;2026-03;532.0;579.0;36.84;33.85;0
421070;MATOS COSTA;SC;2026-03;167.0;6419.4;2026-03;428.0;460.0;39.02;36.3;0
421080;MELEIRO;SC;2026-03;104.0;3334.94;2026-03;308.0;344.0;33.77;30.23;0
421085;MIRIM DOCE;SC;2026-03;19.0;777.25;2026-03;64.0;77.0;29.69;24.68;0
421090;MODELO;SC;2026-03;52.0;2013.73;2026-03;135.0;155.0;38.52;33.55;0
421100;MONDAÍ;SC;2026-03;65.0;2509.28;2026-03;234.0;274.0;27.78;23.72;0
421105;MONTE CARLO;SC;2026-03;478.0;18410.67;2026-03;897.0;963.0;53.29;49.64;0
421110;MONTE CASTELO;SC;2026-03;496.0;18807.82;2026-03;1045.0;1105.0;47.46;44.89;0
421120;MORRO DA FUMAÇA;SC;2026-03;309.0;13135.75;2026-03;745.0;792.0;41.48;39.02;0
421125;MORRO GRANDE;SC;2026-03;69.0;2138.88;2026-03;197.0;235.0;35.03;29.36;0
421130;NAVEGANTES;SC;2026-03;1918.0;76613.06;2026-03;6522.0;7236.0;29.41;26.51;0
421140;NOVA ERECHIM;SC;2026-03;81.0;3268.55;2026-03;274.0;282.0;29.56;28.72;0
421145;NOVA ITABERABA;SC;2026-03;59.0;2383.25;2026-03;200.0;212.0;29.5;27.83;0
421150;NOVA TRENTO;SC;2026-03;189.0;7591.67;2026-03;497.0;559.0;38.03;33.81;0
421160;NOVA VENEZA;SC;2026-03;70.0;2441.84;2026-03;384.0;431.0;18.23;16.24;0
421165;NOVO HORIZONTE;SC;2026-03;21.0;855.51;2026-03;101.0;114.0;20.79;18.42;0
421170;ORLEANS;SC;2026-03;300.0;12206.38;2026-03;843.0;929.0;35.59;32.29;0
421175;OTACÍLIO COSTA;SC;2026-03;317.0;12358.72;2026-03;641.0;678.0;49.45;46.76;0
421180;OURO;SC;2026-03;63.0;2449.31;2026-03;149.0;175.0;42.28;36.0;0
421185;OURO VERDE;SC;2026-03;71.0;2836.67;2026-03;213.0;229.0;33.33;31.0;0
421187;PAIAL;SC;2026-03;20.0;711.29;2026-03;93.0;101.0;21.51;19.8;0
421189;PAINEL;SC;2026-03;103.0;3995.97;2026-03;242.0;262.0;42.56;39.31;0
421190;PALHOÇA;SC;2026-03;4586.0;180157.61;2026-03;13094.0;14814.0;35.02;30.96;0
421200;PALMA SOLA;SC;2026-03;231.0;9111.46;2026-03;580.0;626.0;39.83;36.9;0
421205;PALMEIRA;SC;2026-03;60.0;2274.19;2026-03;167.0;192.0;35.93;31.25;0
421210;PALMITOS;SC;2026-03;198.0;7734.69;2026-03;568.0;616.0;34.86;32.14;0
421220;PAPANDUVA;SC;2026-03;479.0;18226.15;2026-03;922.0;1027.0;51.95;46.64;0
421223;PARAÍSO;SC;2026-03;61.0;2260.84;2026-03;228.0;255.0;26.75;23.92;0
421225;PASSO DE TORRES;SC;2026-03;422.0;22855.21;2026-03;1118.0;1195.0;37.75;35.31;0
421227;PASSOS MAIA;SC;2026-03;103.0;3965.24;2026-03;435.0;452.0;23.68;22.79;0
421230;PAULO LOPES;SC;2026-03;265.0;17282.22;2026-03;599.0;658.0;44.24;40.27;0
421240;PEDRAS GRANDES;SC;2026-03;58.0;2232.74;2026-03;152.0;159.0;38.16;36.48;0
421250;PENHA;SC;2026-03;886.0;35272.15;2026-03;1980.0;2183.0;44.75;40.59;0
421260;PERITIBA;SC;2026-03;13.0;531.87;2026-03;34.0;42.0;38.24;30.95;1
421265;PESCARIA BRAVA;SC;2026-03;401.0;15693.14;2026-03;803.0;873.0;49.94;45.93;0
421270;PETROLÂNDIA;SC;2026-03;81.0;3220.19;2026-03;226.0;252.0;35.84;32.14;0
421280;BALNEÁRIO PIÇARRAS;SC;2026-03;749.0;29891.21;2026-03;1957.0;2253.0;38.27;33.24;0
421290;PINHALZINHO;SC;2026-03;157.0;6443.58;2026-03;414.0;467.0;37.92;33.62;0
421300;PINHEIRO PRETO;SC;2026-03;41.0;1651.77;2026-03;119.0;131.0;34.45;31.3;0
421310;PIRATUBA;SC;2026-03;73.0;2657.15;2026-03;178.0;189.0;41.01;38.62;0
421315;PLANALTO ALEGRE;SC;2026-03;56.0;2252.18;2026-03;165.0;172.0;33.94;32.56;0
421320;POMERODE;SC;2026-03;78.0;3144.1;2026-03;195.0;226.0;40.0;34.51;0
421330;PONTE ALTA;SC;2026-03;201.0;7630.43;2026-03;343.0;367.0;58.6;54.77;0
421335;PONTE ALTA DO NORTE;SC;2026-03;148.0;5691.78;2026-03;310.0;328.0;47.74;45.12;0
421340;PONTE SERRADA;SC;2026-03;423.0;16160.4;2026-03;929.0;970.0;45.53;43.61;0
421350;PORTO BELO;SC;2026-03;381.0;15285.1;2026-03;1249.0;1360.0;30.5;28.01;0
421360;PORTO UNIÃO;SC;2026-03;855.0;30812.3;2026-03;1305.0;1375.0;65.52;62.18;0
421370;POUSO REDONDO;SC;2026-03;194.0;7514.55;2026-03;454.0;487.0;42.73;39.84;0
421380;PRAIA GRANDE;SC;2026-03;275.0;14577.73;2026-03;702.0;757.0;39.17;36.33;0
421390;PRESIDENTE CASTELLO BRANCO;SC;2026-03;18.0;719.99;2026-03;68.0;76.0;26.47;23.68;0
421400;PRESIDENTE GETÚLIO;SC;2026-03;139.0;5400.15;2026-03;400.0;438.0;34.75;31.74;0
421410;PRESIDENTE NEREU;SC;2026-03;29.0;1126.04;2026-03;81.0;98.0;35.8;29.59;0
421415;PRINCESA;SC;2026-03;36.0;1438.61;2026-03;113.0;121.0;31.86;29.75;0
421420;QUILOMBO;SC;2026-03;121.0;4619.83;2026-03;351.0;395.0;34.47;30.63;0
421430;RANCHO QUEIMADO;SC;2026-03;26.0;1151.96;2026-03;92.0;101.0;28.26;25.74;0
421440;RIO DAS ANTAS;SC;2026-03;123.0;4795.78;2026-03;417.0;461.0;29.5;26.68;0
421450;RIO DO CAMPO;SC;2026-03;79.0;2983.42;2026-03;183.0;211.0;43.17;37.44;0
421460;RIO DO OESTE;SC;2026-03;32.0;1204.76;2026-03;123.0;140.0;26.02;22.86;0
421470;RIO DOS CEDROS;SC;2026-03;102.0;3973.36;2026-03;234.0;252.0;43.59;40.48;0
421480;RIO DO SUL;SC;2026-03;875.0;34265.01;2026-03;2320.0;2615.0;37.72;33.46;0
421490;RIO FORTUNA;SC;2026-03;9.0;333.26;2026-03;58.0;66.0;15.52;13.64;0
421500;RIO NEGRINHO;SC;2026-03;810.0;31675.94;2026-03;2044.0;2201.0;39.63;36.8;0
421505;RIO RUFINO;SC;2026-03;122.0;4443.28;2026-03;242.0;263.0;50.41;46.39;0
421507;RIQUEZA;SC;2026-03;72.0;2816.23;2026-03;202.0;217.0;35.64;33.18;0
421510;RODEIO;SC;2026-03;152.0;5909.7;2026-03;385.0;419.0;39.48;36.28;0
421520;ROMELÂNDIA;SC;2026-03;91.0;3534.14;2026-03;213.0;232.0;42.72;39.22;0
421530;SALETE;SC;2026-03;71.0;2648.43;2026-03;180.0;205.0;39.44;34.63;0
421535;SALTINHO;SC;2026-03;78.0;2960.91;2026-03;236.0;262.0;33.05;29.77;0
421540;SALTO VELOSO;SC;2026-03;41.0;1594.29;2026-03;149.0;173.0;27.52;23.7;0
421545;SANGÃO;SC;2026-03;248.0;9756.2;2026-03;656.0;706.0;37.8;35.13;0
421550;SANTA CECÍLIA;SC;2026-03;603.0;22926.93;2026-03;1552.0;1653.0;38.85;36.48;0
421555;SANTA HELENA;SC;2026-03;18.0;733.83;2026-03;60.0;62.0;30.0;29.03;0
421560;SANTA ROSA DE LIMA;SC;2026-03;11.0;656.1;2026-03;90.0;96.0;12.22;11.46;0
421565;SANTA ROSA DO SUL;SC;2026-03;350.0;13759.38;2026-03;807.0;872.0;43.37;40.14;0
421567;SANTA TEREZINHA;SC;2026-03;51.0;1912.58;2026-03;242.0;292.0;21.07;17.47;0
421568;SANTA TEREZINHA DO PROGRESSO;SC;2026-03;42.0;1573.98;2026-03;157.0;165.0;26.75;25.45;0
421569;SANTIAGO DO SUL;SC;2026-03;10.0;396.8;2026-03;41.0;45.0;24.39;22.22;1
421570;SANTO AMARO DA IMPERATRIZ;SC;2026-03;601.0;23470.84;2026-03;1358.0;1456.0;44.26;41.28;0
421575;SÃO BERNARDINO;SC;2026-03;56.0;2174.08;2026-03;154.0;181.0;36.36;30.94;0
421580;SÃO BENTO DO SUL;SC;2026-03;1327.0;52096.85;2026-03;2900.0;3188.0;45.76;41.62;0
421590;SÃO BONIFÁCIO;SC;2026-03;16.0;786.33;2026-03;188.0;195.0;8.51;8.21;0
421600;SÃO CARLOS;SC;2026-03;176.0;6936.4;2026-03;389.0;424.0;45.24;41.51;0
421605;SÃO CRISTÓVÃO DO SUL;SC;2026-03;185.0;6899.11;2026-03;434.0;472.0;42.63;39.19;0
421610;SÃO DOMINGOS;SC;2026-03;246.0;9638.01;2026-03;547.0;591.0;44.97;41.62;0
421620;SÃO FRANCISCO DO SUL;SC;2026-03;1167.0;45920.09;2026-03;2864.0;3186.0;40.75;36.63;0
421625;SÃO JOÃO DO OESTE;SC;2026-03;20.0;805.4;2026-03;79.0;84.0;25.32;23.81;0
421630;SÃO JOÃO BATISTA;SC;2026-03;741.0;29211.04;2026-03;1615.0;1803.0;45.88;41.1;0
421635;SÃO JOÃO DO ITAPERIÚ;SC;2026-03;103.0;4068.1;2026-03;330.0;365.0;31.21;28.22;0
421640;SÃO JOÃO DO SUL;SC;2026-03;284.0;15179.08;2026-03;726.0;779.0;39.12;36.46;0
421650;SÃO JOAQUIM;SC;2026-03;621.0;23246.44;2026-03;1861.0;2068.0;33.37;30.03;0
421660;SÃO JOSÉ;SC;2026-03;3994.0;155338.19;2026-03;10921.0;12102.0;36.57;33.0;0
421670;SÃO JOSÉ DO CEDRO;SC;2026-03;194.0;7498.05;2026-03;494.0;548.0;39.27;35.4;0
421680;SÃO JOSÉ DO CERRITO;SC;2026-03;472.0;17893.27;2026-03;1211.0;1316.0;38.98;35.87;0
421690;SÃO LOURENÇO DO OESTE;SC;2026-03;401.0;15607.77;2026-03;782.0;866.0;51.28;46.3;0
421700;SÃO LUDGERO;SC;2026-03;191.0;5647.13;2026-03;274.0;317.0;69.71;60.25;0
421710;SÃO MARTINHO;SC;2026-03;13.0;634.46;2026-03;97.0;97.0;13.4;13.4;0
421715;SÃO MIGUEL DA BOA VISTA;SC;2026-03;30.0;1209.67;2026-03;100.0;109.0;30.0;27.52;0
421720;SÃO MIGUEL DO OESTE;SC;2026-03;505.0;19822.29;2026-03;1296.0;1404.0;38.97;35.97;0
421725;SÃO PEDRO DE ALCÂNTARA;SC;2026-03;56.0;2366.96;2026-03;188.0;202.0;29.79;27.72;0
421730;SAUDADES;SC;2026-03;55.0;2292.36;2026-03;252.0;278.0;21.83;19.78;0
421740;SCHROEDER;SC;2026-03;213.0;8475.67;2026-03;498.0;549.0;42.77;38.8;0
421750;SEARA;SC;2026-03;104.0;4134.04;2026-03;439.0;483.0;23.69;21.53;0
421755;SERRA ALTA;SC;2026-03;26.0;997.3;2026-03;79.0;88.0;32.91;29.55;0
421760;SIDERÓPOLIS;SC;2026-03;418.0;47002.82;2026-03;597.0;647.0;70.02;64.61;0
421770;SOMBRIO;SC;2026-03;1027.0;40139.22;2026-03;1776.0;1988.0;57.83;51.66;0
421775;SUL BRASIL;SC;2026-03;14.0;554.91;2026-03;114.0;129.0;12.28;10.85;0
421780;TAIÓ;SC;2026-03;215.0;8571.61;2026-03;655.0;724.0;32.82;29.7;0
421790;TANGARÁ;SC;2026-03;93.0;3653.85;2026-03;376.0;417.0;24.73;22.3;0
421795;TIGRINHOS;SC;2026-03;18.0;737.86;2026-03;121.0;140.0;14.88;12.86;0
421800;TIJUCAS;SC;2026-03;1209.0;47645.84;2026-03;2700.0;2963.0;44.78;40.8;0
421810;TIMBÉ DO SUL;SC;2026-03;83.0;2665.82;2026-03;304.0;328.0;27.3;25.3;0
421820;TIMBÓ;SC;2026-03;370.0;14818.65;2026-03;715.0;779.0;51.75;47.5;0
421825;TIMBÓ GRANDE;SC;2026-03;488.0;18520.93;2026-03;1192.0;1298.0;40.94;37.6;0
421830;TRÊS BARRAS;SC;2026-03;788.0;30841.59;2026-03;1389.0;1503.0;56.73;52.43;0
421835;TREVISO;SC;2026-03;150.0;10757.21;2026-03;173.0;192.0;86.71;78.12;0
421840;TREZE DE MAIO;SC;2026-03;102.0;4484.51;2026-03;275.0;306.0;37.09;33.33;0
421850;TREZE TÍLIAS;SC;2026-03;68.0;2650.95;2026-03;226.0;246.0;30.09;27.64;0
421860;TROMBUDO CENTRAL;SC;2026-03;68.0;2627.04;2026-03;98.0;100.0;69.39;68.0;0
421870;TUBARÃO;SC;2026-03;2433.0;104763.62;2026-03;4176.0;4701.0;58.26;51.75;0
421875;TUNÁPOLIS;SC;2026-03;32.0;1241.59;2026-03;96.0;106.0;33.33;30.19;0
421880;TURVO;SC;2026-03;191.0;6106.79;2026-03;457.0;477.0;41.79;40.04;0
421885;UNIÃO DO OESTE;SC;2026-03;30.0;1197.66;2026-03;96.0;108.0;31.25;27.78;0
421890;URUBICI;SC;2026-03;356.0;13279.7;2026-03;956.0;1039.0;37.24;34.26;0
421895;URUPEMA;SC;2026-03;163.0;6226.04;2026-03;326.0;358.0;50.0;45.53;0
421900;URUSSANGA;SC;2026-03;298.0;28591.99;2026-03;529.0;613.0;56.33;48.61;0
421910;VARGEÃO;SC;2026-03;72.0;2780.91;2026-03;173.0;188.0;41.62;38.3;0
421915;VARGEM;SC;2026-03;56.0;2102.76;2026-03;173.0;185.0;32.37;30.27;0
421917;VARGEM BONITA;SC;2026-03;107.0;4119.77;2026-03;274.0;291.0;39.05;36.77;0
421920;VIDAL RAMOS;SC;2026-03;52.0;1969.81;2026-03;167.0;230.0;31.14;22.61;0
421930;VIDEIRA;SC;2026-03;534.0;20700.02;2026-03;1818.0;2018.0;29.37;26.46;0
421935;VITOR MEIRELES;SC;2026-03;68.0;2527.18;2026-03;229.0;265.0;29.69;25.66;0
421940;WITMARSUM;SC;2026-03;28.0;1138.36;2026-03;134.0;138.0;20.9;20.29;0
421950;XANXERÊ;SC;2026-03;285.0;11634.07;2026-03;1569.0;1719.0;18.16;16.58;0
421960;XAVANTINA;SC;2026-03;17.0;650.0;2026-03;75.0;81.0;22.67;20.99;0
421970;XAXIM;SC;2026-03;199.0;8137.71;2026-03;1344.0;1431.0;14.81;13.91;0
421985;ZORTÉA;SC;2026-03;71.0;2799.29;2026-03;199.0;211.0;35.68;33.65;0
422000;BALNEÁRIO RINCÃO;SC;2026-03;460.0;18190.01;2026-03;1479.0;1630.0;31.1;28.22;0
430003;ACEGUÁ;RS;2026-03;130.0;5442.31;2026-03;417.0;485.0;31.18;26.8;0
430005;ÁGUA SANTA;RS;2026-03;45.0;2133.12;2026-03;323.0;352.0;13.93;12.78;0
430010;AGUDO;RS;2026-03;489.0;24151.69;2026-03;1085.0;1264.0;45.07;38.69;0
430020;AJURICABA;RS;2026-03;199.0;9345.56;2026-03;353.0;388.0;56.37;51.29;0
430030;ALECRIM;RS;2026-03;182.0;8436.75;2026-03;604.0;649.0;30.13;28.04;0
430040;ALEGRETE;RS;2026-03;4412.0;222272.13;2026-03;5501.0;6087.0;80.2;72.48;0
430045;ALEGRIA;RS;2026-03;135.0;6392.69;2026-03;361.0;375.0;37.4;36.0;0
430047;ALMIRANTE TAMANDARÉ DO SUL;RS;2026-03;13.0;528.22;2026-03;80.0;84.0;16.25;15.48;0
430050;ALPESTRE;RS;2026-03;161.0;7008.64;2026-03;388.0;444.0;41.49;36.26;0
430055;ALTO ALEGRE;RS;2026-03;13.0;386.67;2026-03;107.0;116.0;12.15;11.21;0
430057;ALTO FELIZ;RS;2026-03;20.0;1007.48;2026-03;35.0;43.0;57.14;46.51;1
430060;ALVORADA;RS;2026-03;10595.0;486107.63;2026-03;17594.0;19898.0;60.22;53.25;0
430063;AMARAL FERRADOR;RS;2026-03;222.0;10042.45;2026-03;622.0;668.0;35.69;33.23;0
430064;AMETISTA DO SUL;RS;2026-03;396.0;15561.48;2026-03;816.0;868.0;48.53;45.62;0
430066;ANDRÉ DA ROCHA;RS;2026-03;38.0;1875.29;2026-03;58.0;58.0;65.52;65.52;0
430070;ANTA GORDA;RS;2026-03;58.0;2887.06;2026-03;143.0;155.0;40.56;37.42;0
430080;ANTÔNIO PRADO;RS;2026-03;184.0;9440.36;2026-03;327.0;377.0;56.27;48.81;0
430085;ARAMBARÉ;RS;2026-03;414.0;16296.85;2026-03;507.0;552.0;81.66;75.0;0
430087;ARARICÁ;RS;2026-03;366.0;18623.38;2026-03;627.0;674.0;58.37;54.3;0
430090;ARATIBA;RS;2026-03;100.0;4845.85;2026-03;185.0;204.0;54.05;49.02;0
430100;ARROIO DO MEIO;RS;2026-03;374.0;18962.79;2026-03;733.0;816.0;51.02;45.83;0
430105;ARROIO DO SAL;RS;2026-03;802.0;33840.21;2026-03;1360.0;1440.0;58.97;55.69;0
430107;ARROIO DO PADRE;RS;2026-03;46.0;1899.33;2026-03;69.0;82.0;66.67;56.1;0
430110;ARROIO DOS RATOS;RS;2026-03;1388.0;63227.02;2026-03;1842.0;1941.0;75.35;71.51;0
430120;ARROIO DO TIGRE;RS;2026-03;309.0;15028.03;2026-03;736.0;808.0;41.98;38.24;0
430130;ARROIO GRANDE;RS;2026-03;2116.0;96911.12;2026-03;2576.0;2763.0;82.14;76.58;0
430140;ARVOREZINHA;RS;2026-03;288.0;14406.14;2026-03;642.0;713.0;44.86;40.39;0
430150;AUGUSTO PESTANA;RS;2026-03;158.0;7263.05;2026-03;271.0;300.0;58.3;52.67;0
430155;ÁUREA;RS;2026-03;65.0;3246.53;2026-03;158.0;167.0;41.14;38.92;0
430160;BAGÉ;RS;2026-03;11279.0;521608.52;2026-03;15428.0;17209.0;73.11;65.54;0
430163;BALNEÁRIO PINHAL;RS;2026-03;1888.0;79737.52;2026-03;2783.0;2947.0;67.84;64.07;0
430165;BARÃO;RS;2026-03;26.0;1136.15;2026-03;71.0;73.0;36.62;35.62;0
430170;BARÃO DE COTEGIPE;RS;2026-03;137.0;6777.71;2026-03;305.0;321.0;44.92;42.68;0
430175;BARÃO DO TRIUNFO;RS;2026-03;173.0;6501.28;2026-03;624.0;676.0;27.72;25.59;0
430180;BARRACÃO;RS;2026-03;272.0;12623.37;2026-03;374.0;414.0;72.73;65.7;0
430185;BARRA DO GUARITA;RS;2026-03;116.0;5494.27;2026-03;226.0;253.0;51.33;45.85;0
430187;BARRA DO QUARAÍ;RS;2026-03;327.0;16575.85;2026-03;666.0;725.0;49.1;45.1;0
430190;BARRA DO RIBEIRO;RS;2026-03;690.0;31378.45;2026-03;1142.0;1245.0;60.42;55.42;0
430192;BARRA DO RIO AZUL;RS;2026-03;12.0;583.21;2026-03;31.0;36.0;38.71;33.33;1
430195;BARRA FUNDA;RS;2026-03;37.0;1899.91;2026-03;63.0;66.0;58.73;56.06;0
430200;BARROS CASSAL;RS;2026-03;204.0;9946.84;2026-03;603.0;718.0;33.83;28.41;0
430205;BENJAMIN CONSTANT DO SUL;RS;2026-03;47.0;2069.48;2026-03;588.0;654.0;7.99;7.19;0
430210;BENTO GONÇALVES;RS;2026-03;1479.0;74509.58;2026-03;2982.0;3488.0;49.6;42.4;0
430215;BOA VISTA DAS MISSÕES;RS;2026-03;90.0;3378.62;2026-03;206.0;216.0;43.69;41.67;0
430220;BOA VISTA DO BURICÁ;RS;2026-03;121.0;5969.74;2026-03;221.0;249.0;54.75;48.59;0
430222;BOA VISTA DO CADEADO;RS;2026-03;45.0;1897.02;2026-03;140.0;149.0;32.14;30.2;0
430223;BOA VISTA DO INCRA;RS;2026-03;41.0;1295.12;2026-03;241.0;257.0;17.01;15.95;0
430225;BOA VISTA DO SUL;RS;2026-03;6.0;311.81;2026-03;31.0;34.0;19.35;17.65;1
430230;BOM JESUS;RS;2026-03;846.0;41074.18;2026-03;1701.0;1836.0;49.74;46.08;0
430235;BOM PRINCÍPIO;RS;2026-03;141.0;7041.7;2026-03;278.0;307.0;50.72;45.93;0
430237;BOM PROGRESSO;RS;2026-03;146.0;7377.51;2026-03;320.0;342.0;45.62;42.69;0
430240;BOM RETIRO DO SUL;RS;2026-03;358.0;17579.9;2026-03;655.0;701.0;54.66;51.07;0
430245;BOQUEIRÃO DO LEÃO;RS;2026-03;58.0;2591.73;2026-03;569.0;626.0;10.19;9.27;0
430250;BOSSOROCA;RS;2026-03;196.0;8508.25;2026-03;565.0;618.0;34.69;31.72;0
430258;BOZANO;RS;2026-03;15.0;432.37;2026-03;87.0;94.0;17.24;15.96;0
430260;BRAGA;RS;2026-03;228.0;11021.96;2026-03;405.0;442.0;56.3;51.58;0
430265;BROCHIER;RS;2026-03;73.0;3573.71;2026-03;173.0;188.0;42.2;38.83;0
430270;BUTIÁ;RS;2026-03;1957.0;91175.66;2026-03;2290.0;2491.0;85.46;78.56;0
430280;CAÇAPAVA DO SUL;RS;2026-03;2413.0;117149.74;2026-03;3406.0;3626.0;70.85;66.55;0
430290;CACEQUI;RS;2026-03;1129.0;56251.55;2026-03;1641.0;1829.0;68.8;61.73;0
430300;CACHOEIRA DO SUL;RS;2026-03;5183.0;259890.98;2026-03;7569.0;8402.0;68.48;61.69;0
430310;CACHOEIRINHA;RS;2026-03;5571.0;284316.94;2026-03;10245.0;11364.0;54.38;49.02;0
430320;CACIQUE DOBLE;RS;2026-03;126.0;5939.81;2026-03;426.0;480.0;29.58;26.25;0
430330;CAIBATÉ;RS;2026-03;145.0;6344.22;2026-03;301.0;332.0;48.17;43.67;0
430340;CAIÇARA;RS;2026-03;153.0;7135.18;2026-03;473.0;514.0;32.35;29.77;0
430350;CAMAQUÃ;RS;2026-03;4801.0;216854.74;2026-03;5733.0;6289.0;83.74;76.34;0
430355;CAMARGO;RS;2026-03;47.0;2375.41;2026-03;124.0;133.0;37.9;35.34;0
430360;CAMBARÁ DO SUL;RS;2026-03;262.0;12573.85;2026-03;440.0;499.0;59.55;52.51;0
430367;CAMPESTRE DA SERRA;RS;2026-03;66.0;3103.58;2026-03;200.0;222.0;33.0;29.73;0
430370;CAMPINA DAS MISSÕES;RS;2026-03;58.0;2576.23;2026-03;151.0;164.0;38.41;35.37;0
430380;CAMPINAS DO SUL;RS;2026-03;170.0;8340.47;2026-03;290.0;319.0;58.62;53.29;0
430390;CAMPO BOM;RS;2026-03;1280.0;64643.17;2026-03;2196.0;2428.0;58.29;52.72;0
430400;CAMPO NOVO;RS;2026-03;386.0;19489.9;2026-03;520.0;555.0;74.23;69.55;0
430410;CAMPOS BORGES;RS;2026-03;91.0;2842.99;2026-03;440.0;473.0;20.68;19.24;0
430420;CANDELÁRIA;RS;2026-03;1051.0;51661.61;2026-03;2405.0;2621.0;43.7;40.1;0
430430;CÂNDIDO GODÓI;RS;2026-03;38.0;1730.26;2026-03;131.0;155.0;29.01;24.52;0
430435;CANDIOTA;RS;2026-03;749.0;32785.99;2026-03;1303.0;1410.0;57.48;53.12;0
430440;CANELA;RS;2026-03;1699.0;86319.96;2026-03;3534.0;3995.0;48.08;42.53;0
430450;CANGUÇU;RS;2026-03;3178.0;144270.69;2026-03;5328.0;6161.0;59.65;51.58;0
430460;CANOAS;RS;2026-03;17330.0;880221.66;2026-03;34181.0;36940.0;50.7;46.91;0
430461;CANUDOS DO VALE;RS;2026-03;17.0;750.22;2026-03;78.0;85.0;21.79;20.0;0
430462;CAPÃO BONITO DO SUL;RS;2026-03;75.0;3658.18;2026-03;162.0;171.0;46.3;43.86;0
430463;CAPÃO DA CANOA;RS;2026-03;2896.0;131477.42;2026-03;5472.0;6277.0;52.92;46.14;0
430465;CAPÃO DO CIPÓ;RS;2026-03;124.0;5909.87;2026-03;314.0;354.0;39.49;35.03;0
430466;CAPÃO DO LEÃO;RS;2026-03;2721.0;125969.26;2026-03;4141.0;4437.0;65.71;61.33;0
430467;CAPIVARI DO SUL;RS;2026-03;256.0;11702.38;2026-03;320.0;335.0;80.0;76.42;0
430468;CAPELA DE SANTANA;RS;2026-03;611.0;30240.2;2026-03;1145.0;1244.0;53.36;49.12;0
430469;CAPITÃO;RS;2026-03;15.0;699.93;2026-03;93.0;97.0;16.13;15.46;0
430470;CARAZINHO;RS;2026-03;972.0;41535.47;2026-03;3458.0;3793.0;28.11;25.63;0
430471;CARAÁ;RS;2026-03;288.0;12557.72;2026-03;605.0;683.0;47.6;42.17;0
430480;CARLOS BARBOSA;RS;2026-03;183.0;9271.35;2026-03;368.0;398.0;49.73;45.98;0
430485;CARLOS GOMES;RS;2026-03;17.0;857.85;2026-03;65.0;70.0;26.15;24.29;0
430490;CASCA;RS;2026-03;96.0;4663.58;2026-03;240.0;266.0;40.0;36.09;0
430495;CASEIROS;RS;2026-03;123.0;5887.26;2026-03;282.0;292.0;43.62;42.12;0
430500;CATUÍPE;RS;2026-03;393.0;19522.64;2026-03;702.0;739.0;55.98;53.18;0
430510;CAXIAS DO SUL;RS;2026-03;9251.0;463377.44;2026-03;15721.0;18219.0;58.84;50.78;0
430511;CENTENÁRIO;RS;2026-03;38.0;1653.21;2026-03;105.0;106.0;36.19;35.85;0
430512;CERRITO;RS;2026-03;501.0;22447.42;2026-03;685.0;765.0;73.14;65.49;0
430513;CERRO BRANCO;RS;2026-03;68.0;3120.54;2026-03;376.0;411.0;18.09;16.55;0
430515;CERRO GRANDE;RS;2026-03;91.0;3330.82;2026-03;225.0;240.0;40.44;37.92;0
430517;CERRO GRANDE DO SUL;RS;2026-03;459.0;19650.56;2026-03;1047.0;1123.0;43.84;40.87;0
430520;CERRO LARGO;RS;2026-03;402.0;19954.53;2026-03;534.0;610.0;75.28;65.9;0
430530;CHAPADA;RS;2026-03;74.0;3108.21;2026-03;366.0;398.0;20.22;18.59;0
430535;CHARQUEADAS;RS;2026-03;1926.0;87235.55;2026-03;2350.0;2571.0;81.96;74.91;0
430537;CHARRUA;RS;2026-03;8.0;366.41;2026-03;477.0;497.0;1.68;1.61;0
430540;CHIAPETTA;RS;2026-03;203.0;10001.93;2026-03;296.0;316.0;68.58;64.24;0
430543;CHUÍ;RS;2026-03;378.0;16876.28;2026-03;621.0;734.0;60.87;51.5;0
430544;CHUVISCA;RS;2026-03;160.0;6057.12;2026-03;346.0;381.0;46.24;41.99;0
430545;CIDREIRA;RS;2026-03;1695.0;71563.91;2026-03;2030.0;2198.0;83.5;77.12;0
430550;CIRÍACO;RS;2026-03;67.0;3067.84;2026-03;219.0;241.0;30.59;27.8;0
430558;COLINAS;RS;2026-03;31.0;1641.82;2026-03;62.0;66.0;50.0;46.97;0
430560;COLORADO;RS;2026-03;36.0;1530.42;2026-03;116.0;124.0;31.03;29.03;0
430570;CONDOR;RS;2026-03;121.0;4214.64;2026-03;421.0;455.0;28.74;26.59;0
430580;CONSTANTINA;RS;2026-03;324.0;16269.26;2026-03;650.0;688.0;49.85;47.09;0
430583;COQUEIRO BAIXO;RS;2026-03;7.0;367.37;2026-03;33.0;33.0;21.21;21.21;1
430585;COQUEIROS DO SUL;RS;2026-03;18.0;725.5;2026-03;89.0;93.0;20.22;19.35;0
430587;CORONEL BARROS;RS;2026-03;21.0;626.83;2026-03;131.0;138.0;16.03;15.22;0
430590;CORONEL BICACO;RS;2026-03;577.0;28189.97;2026-03;730.0;808.0;79.04;71.41;0
430593;CORONEL PILAR;RS;2026-03;1.0;53.2;2026-03;22.0;24.0;4.55;4.17;1
430595;COTIPORÃ;RS;2026-03;27.0;1304.74;2026-03;63.0;66.0;42.86;40.91;0
430597;COXILHA;RS;2026-03;116.0;5815.46;2026-03;180.0;199.0;64.44;58.29;0
430600;CRISSIUMAL;RS;2026-03;323.0;15931.46;2026-03;645.0;703.0;50.08;45.95;0
430605;CRISTAL;RS;2026-03;672.0;30203.41;2026-03;899.0;1013.0;74.75;66.34;0
430607;CRISTAL DO SUL;RS;2026-03;189.0;7217.69;2026-03;409.0;432.0;46.21;43.75;0
430610;CRUZ ALTA;RS;2026-03;3013.0;151236.78;2026-03;4556.0;4851.0;66.13;62.11;0
430613;CRUZALTENSE;RS;2026-03;25.0;1118.54;2026-03;54.0;57.0;46.3;43.86;0
430620;CRUZEIRO DO SUL;RS;2026-03;209.0;10481.1;2026-03;625.0;694.0;33.44;30.12;0
430630;DAVID CANABARRO;RS;2026-03;46.0;2238.35;2026-03;121.0;129.0;38.02;35.66;0
430632;DERRUBADAS;RS;2026-03;51.0;2499.75;2026-03;116.0;129.0;43.97;39.53;0
430635;DEZESSEIS DE NOVEMBRO;RS;2026-03;95.0;4326.73;2026-03;327.0;362.0;29.05;26.24;0
430637;DILERMANDO DE AGUIAR;RS;2026-03;175.0;8399.64;2026-03;351.0;378.0;49.86;46.3;0
430640;DOIS IRMÃOS;RS;2026-03;322.0;16623.05;2026-03;485.0;533.0;66.39;60.41;0
430642;DOIS IRMÃOS DAS MISSÕES;RS;2026-03;145.0;7014.59;2026-03;228.0;241.0;63.6;60.17;0
430645;DOIS LAJEADOS;RS;2026-03;21.0;973.83;2026-03;66.0;71.0;31.82;29.58;0
430650;DOM FELICIANO;RS;2026-03;540.0;22886.94;2026-03;1283.0;1403.0;42.09;38.49;0
430655;DOM PEDRO DE ALCÂNTARA;RS;2026-03;75.0;2941.06;2026-03;190.0;206.0;39.47;36.41;0
430660;DOM PEDRITO;RS;2026-03;3059.0;143292.66;2026-03;3743.0;3978.0;81.73;76.9;0
430670;DONA FRANCISCA;RS;2026-03;164.0;7424.23;2026-03;327.0;348.0;50.15;47.13;0
430673;DOUTOR MAURÍCIO CARDOSO;RS;2026-03;129.0;6444.87;2026-03;220.0;234.0;58.64;55.13;0
430675;DOUTOR RICARDO;RS;2026-03;24.0;1173.06;2026-03;58.0;61.0;41.38;39.34;0
430676;ELDORADO DO SUL;RS;2026-03;3480.0;147957.21;2026-03;6370.0;6816.0;54.63;51.06;0
430680;ENCANTADO;RS;2026-03;351.0;17413.75;2026-03;830.0;904.0;42.29;38.83;0
430690;ENCRUZILHADA DO SUL;RS;2026-03;1666.0;75169.44;2026-03;2766.0;2974.0;60.23;56.02;0
430692;ENGENHO VELHO;RS;2026-03;29.0;1377.88;2026-03;166.0;183.0;17.47;15.85;0
430693;ENTRE-IJUÍS;RS;2026-03;288.0;14336.72;2026-03;475.0;518.0;60.63;55.6;0
430695;ENTRE RIOS DO SUL;RS;2026-03;124.0;5907.29;2026-03;251.0;269.0;49.4;46.1;0
430697;EREBANGO;RS;2026-03;175.0;8301.21;2026-03;392.0;424.0;44.64;41.27;0
430700;ERECHIM;RS;2026-03;2513.0;126852.49;2026-03;4213.0;4885.0;59.65;51.44;0
430705;ERNESTINA;RS;2026-03;68.0;3404.66;2026-03;146.0;151.0;46.58;45.03;0
430710;HERVAL;RS;2026-03;852.0;34088.84;2026-03;1209.0;1401.0;70.47;60.81;0
430720;ERVAL GRANDE;RS;2026-03;249.0;12023.25;2026-03;496.0;516.0;50.2;48.26;0
430730;ERVAL SECO;RS;2026-03;268.0;12915.69;2026-03;535.0;574.0;50.09;46.69;0
430740;ESMERALDA;RS;2026-03;213.0;10019.61;2026-03;299.0;314.0;71.24;67.83;0
430745;ESPERANÇA DO SUL;RS;2026-03;137.0;6406.02;2026-03;395.0;436.0;34.68;31.42;0
430750;ESPUMOSO;RS;2026-03;546.0;27899.43;2026-03;1258.0;1314.0;43.4;41.55;0
430755;ESTAÇÃO;RS;2026-03;160.0;7797.18;2026-03;275.0;296.0;58.18;54.05;0
430760;ESTÂNCIA VELHA;RS;2026-03;1223.0;62673.0;2026-03;1804.0;2071.0;67.79;59.05;0
430770;ESTEIO;RS;2026-03;2930.0;148629.33;2026-03;6123.0;6789.0;47.85;43.16;0
430780;ESTRELA;RS;2026-03;752.0;38717.7;2026-03;1615.0;1816.0;46.56;41.41;0
430781;ESTRELA VELHA;RS;2026-03;30.0;1421.93;2026-03;355.0;411.0;8.45;7.3;0
430783;EUGÊNIO DE CASTRO;RS;2026-03;136.0;6575.55;2026-03;214.0;234.0;63.55;58.12;0
430786;FAGUNDES VARELA;RS;2026-03;6.0;319.2;2026-03;19.0;23.0;31.58;26.09;1
430790;FARROUPILHA;RS;2026-03;1432.0;72636.19;2026-03;2980.0;3346.0;48.05;42.8;0
430800;FAXINAL DO SOTURNO;RS;2026-03;319.0;14473.89;2026-03;572.0;643.0;55.77;49.61;0
430805;FAXINALZINHO;RS;2026-03;97.0;4680.3;2026-03;251.0;272.0;38.65;35.66;0
430807;FAZENDA VILANOVA;RS;2026-03;160.0;7798.93;2026-03;343.0;382.0;46.65;41.88;0
430810;FELIZ;RS;2026-03;153.0;7560.41;2026-03;266.0;297.0;57.52;51.52;0
430820;FLORES DA CUNHA;RS;2026-03;367.0;18272.26;2026-03;628.0;696.0;58.44;52.73;0
430825;FLORIANO PEIXOTO;RS;2026-03;11.0;665.33;2026-03;82.0;91.0;13.41;12.09;0
430830;FONTOURA XAVIER;RS;2026-03;244.0;11916.36;2026-03;1504.0;1677.0;16.22;14.55;0
430840;FORMIGUEIRO;RS;2026-03;334.0;16249.32;2026-03;716.0;776.0;46.65;43.04;0
430843;FORQUETINHA;RS;2026-03;16.0;619.09;2026-03;60.0;64.0;26.67;25.0;0
430845;FORTALEZA DOS VALOS;RS;2026-03;123.0;5524.44;2026-03;272.0;294.0;45.22;41.84;0
430850;FREDERICO WESTPHALEN;RS;2026-03;883.0;43674.57;2026-03;1516.0;1659.0;58.25;53.22;0
430860;GARIBALDI;RS;2026-03;274.0;13822.07;2026-03;477.0;558.0;57.44;49.1;0
430865;GARRUCHOS;RS;2026-03;161.0;7747.95;2026-03;361.0;373.0;44.6;43.16;0
430870;GAURAMA;RS;2026-03;114.0;5603.33;2026-03;194.0;213.0;58.76;53.52;0
430880;GENERAL CÂMARA;RS;2026-03;465.0;21851.56;2026-03;892.0;945.0;52.13;49.21;0
430885;GENTIL;RS;2026-03;16.0;750.9;2026-03;95.0;101.0;16.84;15.84;0
430890;GETÚLIO VARGAS;RS;2026-03;493.0;24738.7;2026-03;683.0;727.0;72.18;67.81;0
430900;GIRUÁ;RS;2026-03;1156.0;58994.45;2026-03;1817.0;2000.0;63.62;57.8;0
430905;GLORINHA;RS;2026-03;316.0;15279.12;2026-03;541.0;584.0;58.41;54.11;0
430910;GRAMADO;RS;2026-03;775.0;39505.11;2026-03;1530.0;1730.0;50.65;44.8;0
430912;GRAMADO DOS LOUREIROS;RS;2026-03;39.0;1962.66;2026-03;311.0;333.0;12.54;11.71;0
430915;GRAMADO XAVIER;RS;2026-03;24.0;1140.26;2026-03;279.0;327.0;8.6;7.34;0
430920;GRAVATAÍ;RS;2026-03;10936.0;551499.62;2026-03;21892.0;24217.0;49.95;45.16;0
430925;GUABIJU;RS;2026-03;11.0;539.32;2026-03;41.0;48.0;26.83;22.92;1
430930;GUAÍBA;RS;2026-03;6454.0;287906.28;2026-03;9673.0;10601.0;66.72;60.88;0
430940;GUAPORÉ;RS;2026-03;525.0;26272.21;2026-03;1038.0;1118.0;50.58;46.96;0
430950;GUARANI DAS MISSÕES;RS;2026-03;260.0;12984.74;2026-03;355.0;420.0;73.24;61.9;0
430955;HARMONIA;RS;2026-03;55.0;2613.46;2026-03;96.0;113.0;57.29;48.67;0
430957;HERVEIRAS;RS;2026-03;44.0;2189.18;2026-03;201.0;215.0;21.89;20.47;0
430960;HORIZONTINA;RS;2026-03;406.0;20556.65;2026-03;734.0;805.0;55.31;50.43;0
430965;HULHA NEGRA;RS;2026-03;272.0;11837.49;2026-03;1004.0;1156.0;27.09;23.53;0
430970;HUMAITÁ;RS;2026-03;118.0;5796.82;2026-03;222.0;231.0;53.15;51.08;0
430975;IBARAMA;RS;2026-03;86.0;4409.63;2026-03;280.0;340.0;30.71;25.29;0
430980;IBIAÇÁ;RS;2026-03;73.0;3099.54;2026-03;249.0;264.0;29.32;27.65;0
430990;IBIRAIARAS;RS;2026-03;152.0;7686.12;2026-03;420.0;453.0;36.19;33.55;0
430995;IBIRAPUITÃ;RS;2026-03;163.0;7918.37;2026-03;345.0;370.0;47.25;44.05;0
431000;IBIRUBÁ;RS;2026-03;308.0;15129.27;2026-03;639.0;684.0;48.2;45.03;0
431010;IGREJINHA;RS;2026-03;1445.0;73483.04;2026-03;2175.0;2393.0;66.44;60.38;0
431020;IJUÍ;RS;2026-03;1560.0;64353.44;2026-03;4782.0;5349.0;32.62;29.16;0
431030;ILÓPOLIS;RS;2026-03;71.0;3500.87;2026-03;148.0;161.0;47.97;44.1;0
431033;IMBÉ;RS;2026-03;2015.0;91867.28;2026-03;2864.0;3147.0;70.36;64.03;0
431036;IMIGRANTE;RS;2026-03;29.0;1377.22;2026-03;53.0;59.0;54.72;49.15;0
431040;INDEPENDÊNCIA;RS;2026-03;232.0;11234.45;2026-03;539.0;580.0;43.04;40.0;0
431041;INHACORÁ;RS;2026-03;137.0;6244.21;2026-03;252.0;272.0;54.37;50.37;0
431043;IPÊ;RS;2026-03;92.0;4355.11;2026-03;258.0;276.0;35.66;33.33;0
431046;IPIRANGA DO SUL;RS;2026-03;11.0;585.2;2026-03;31.0;34.0;35.48;32.35;1
431050;IRAÍ;RS;2026-03;434.0;19367.38;2026-03;829.0;914.0;52.35;47.48;0
431053;ITAARA;RS;2026-03;269.0;13351.9;2026-03;390.0;413.0;68.97;65.13;0
431055;ITACURUBI;RS;2026-03;227.0;10634.05;2026-03;451.0;508.0;50.33;44.69;0
431057;ITAPUCA;RS;2026-03;16.0;743.35;2026-03;94.0;106.0;17.02;15.09;0
431060;ITAQUI;RS;2026-03;2577.0;130554.57;2026-03;3805.0;4187.0;67.73;61.55;0
431065;ITATI;RS;2026-03;128.0;5212.58;2026-03;306.0;326.0;41.83;39.26;0
431070;ITATIBA DO SUL;RS;2026-03;108.0;5358.61;2026-03;191.0;214.0;56.54;50.47;0
431075;IVORÁ;RS;2026-03;55.0;2506.49;2026-03;113.0;121.0;48.67;45.45;0
431080;IVOTI;RS;2026-03;259.0;13305.35;2026-03;385.0;436.0;67.27;59.4;0
431085;JABOTICABA;RS;2026-03;162.0;6047.2;2026-03;334.0;362.0;48.5;44.75;0
431087;JACUIZINHO;RS;2026-03;33.0;1100.58;2026-03;306.0;338.0;10.78;9.76;0
431090;JACUTINGA;RS;2026-03;70.0;3484.64;2026-03;133.0;145.0;52.63;48.28;0
431100;JAGUARÃO;RS;2026-03;2794.0;129728.26;2026-03;3234.0;3532.0;86.39;79.11;0
431110;JAGUARI;RS;2026-03;562.0;28249.27;2026-03;1032.0;1100.0;54.46;51.09;0
431112;JAQUIRANA;RS;2026-03;275.0;13336.65;2026-03;511.0;559.0;53.82;49.19;0
431113;JARI;RS;2026-03;95.0;3812.33;2026-03;409.0;431.0;23.23;22.04;0
431115;JÓIA;RS;2026-03;242.0;11462.92;2026-03;833.0;894.0;29.05;27.07;0
431120;JÚLIO DE CASTILHOS;RS;2026-03;1156.0;57464.11;2026-03;1812.0;1936.0;63.8;59.71;0
431123;LAGOA BONITA DO SUL;RS;2026-03;62.0;3092.61;2026-03;196.0;220.0;31.63;28.18;0
431125;LAGOÃO;RS;2026-03;162.0;7407.19;2026-03;855.0;948.0;18.95;17.09;0
431127;LAGOA DOS TRÊS CANTOS;RS;2026-03;17.0;799.8;2026-03;39.0;51.0;43.59;33.33;1
431130;LAGOA VERMELHA;RS;2026-03;1483.0;72918.91;2026-03;2406.0;2611.0;61.64;56.8;0
431140;LAJEADO;RS;2026-03;1585.0;77906.79;2026-03;3436.0;3769.0;46.13;42.05;0
431142;LAJEADO DO BUGRE;RS;2026-03;159.0;6082.05;2026-03;474.0;499.0;33.54;31.86;0
431150;LAVRAS DO SUL;RS;2026-03;733.0;32526.67;2026-03;850.0;928.0;86.24;78.99;0
431160;LIBERATO SALZANO;RS;2026-03;185.0;8531.21;2026-03;412.0;430.0;44.9;43.02;0
431162;LINDOLFO COLLOR;RS;2026-03;166.0;8446.17;2026-03;383.0;417.0;43.34;39.81;0
431164;LINHA NOVA;RS;2026-03;17.0;790.69;2026-03;36.0;40.0;47.22;42.5;1
431170;MACHADINHO;RS;2026-03;182.0;8402.34;2026-03;284.0;317.0;64.08;57.41;0
431171;MAÇAMBARÁ;RS;2026-03;302.0;15018.42;2026-03;674.0;767.0;44.81;39.37;0
431173;MAMPITUBA;RS;2026-03;82.0;3631.18;2026-03;310.0;329.0;26.45;24.92;0
431175;MANOEL VIANA;RS;2026-03;507.0;24746.06;2026-03;691.0;763.0;73.37;66.45;0
431177;MAQUINÉ;RS;2026-03;469.0;20934.08;2026-03;737.0;802.0;63.64;58.48;0
431179;MARATÁ;RS;2026-03;35.0;1678.47;2026-03;61.0;69.0;57.38;50.72;0
431180;MARAU;RS;2026-03;646.0;31987.38;2026-03;1740.0;1878.0;37.13;34.4;0
431190;MARCELINO RAMOS;RS;2026-03;111.0;5544.13;2026-03;201.0;217.0;55.22;51.15;0
431198;MARIANA PIMENTEL;RS;2026-03;176.0;7451.76;2026-03;354.0;393.0;49.72;44.78;0
431200;MARIANO MORO;RS;2026-03;56.0;2741.14;2026-03;92.0;105.0;60.87;53.33;0
431205;MARQUES DE SOUZA;RS;2026-03;34.0;1511.95;2026-03;147.0;151.0;23.13;22.52;0
431210;MATA;RS;2026-03;297.0;14801.63;2026-03;478.0;523.0;62.13;56.79;0
431213;MATO CASTELHANO;RS;2026-03;13.0;408.25;2026-03;211.0;224.0;6.16;5.8;0
431215;MATO LEITÃO;RS;2026-03;112.0;5611.94;2026-03;236.0;269.0;47.46;41.64;0
431217;MATO QUEIMADO;RS;2026-03;52.0;2332.67;2026-03;134.0;141.0;38.81;36.88;0
431220;MAXIMILIANO DE ALMEIDA;RS;2026-03;219.0;10916.38;2026-03;356.0;397.0;61.52;55.16;0
431225;MINAS DO LEÃO;RS;2026-03;918.0;43555.46;2026-03;1204.0;1262.0;76.25;72.74;0
431230;MIRAGUAÍ;RS;2026-03;214.0;9615.1;2026-03;547.0;601.0;39.12;35.61;0
431235;MONTAURI;RS;2026-03;6.0;251.66;2026-03;23.0;24.0;26.09;25.0;1
431237;MONTE ALEGRE DOS CAMPOS;RS;2026-03;122.0;5633.25;2026-03;269.0;285.0;45.35;42.81;0
431238;MONTE BELO DO SUL;RS;2026-03;7.0;331.17;2026-03;19.0;21.0;36.84;33.33;1
431240;MONTENEGRO;RS;2026-03;2251.0;113427.7;2026-03;3650.0;4127.0;61.67;54.54;0
431242;MORMAÇO;RS;2026-03;75.0;3560.18;2026-03;225.0;248.0;33.33;30.24;0
431244;MORRINHOS DO SUL;RS;2026-03;75.0;2896.39;2026-03;133.0;146.0;56.39;51.37;0
431245;MORRO REDONDO;RS;2026-03;435.0;18243.16;2026-03;756.0;821.0;57.54;52.98;0
431247;MORRO REUTER;RS;2026-03;54.0;2695.26;2026-03;96.0;103.0;56.25;52.43;0
431250;MOSTARDAS;RS;2026-03;975.0;42955.96;2026-03;1423.0;1617.0;68.52;60.3;0
431260;MUÇUM;RS;2026-03;93.0;4410.31;2026-03;174.0;186.0;53.45;50.0;0
431261;MUITOS CAPÕES;RS;2026-03;112.0;5388.54;2026-03;241.0;254.0;46.47;44.09;0
431262;MULITERNO;RS;2026-03;6.0;199.76;2026-03;113.0;128.0;5.31;4.69;0
431265;NÃO-ME-TOQUE;RS;2026-03;267.0;12984.52;2026-03;525.0;586.0;50.86;45.56;0
431267;NICOLAU VERGUEIRO;RS;2026-03;12.0;348.48;2026-03;108.0;124.0;11.11;9.68;0
431270;NONOAI;RS;2026-03;703.0;34389.81;2026-03;1616.0;1754.0;43.5;40.08;0
431275;NOVA ALVORADA;RS;2026-03;14.0;637.0;2026-03;79.0;85.0;17.72;16.47;0
431280;NOVA ARAÇÁ;RS;2026-03;40.0;2036.89;2026-03;108.0;120.0;37.04;33.33;0
431290;NOVA BASSANO;RS;2026-03;67.0;3525.18;2026-03;169.0;188.0;39.64;35.64;0
431295;NOVA BOA VISTA;RS;2026-03;8.0;425.6;2026-03;32.0;35.0;25.0;22.86;1
431300;NOVA BRÉSCIA;RS;2026-03;33.0;1597.34;2026-03;77.0;87.0;42.86;37.93;0
431301;NOVA CANDELÁRIA;RS;2026-03;17.0;787.37;2026-03;55.0;60.0;30.91;28.33;0
431303;NOVA ESPERANÇA DO SUL;RS;2026-03;217.0;10858.78;2026-03;399.0;424.0;54.39;51.18;0
431306;NOVA HARTZ;RS;2026-03;797.0;40722.75;2026-03;1098.0;1168.0;72.59;68.24;0
431308;NOVA PÁDUA;RS;2026-03;6.0;285.95;2026-03;34.0;36.0;17.65;16.67;1
431310;NOVA PALMA;RS;2026-03;188.0;8371.92;2026-03;325.0;340.0;57.85;55.29;0
431320;NOVA PETRÓPOLIS;RS;2026-03;217.0;10697.24;2026-03;383.0;414.0;56.66;52.42;0
431330;NOVA PRATA;RS;2026-03;471.0;23573.01;2026-03;865.0;1007.0;54.45;46.77;0
431333;NOVA RAMADA;RS;2026-03;21.0;568.19;2026-03;71.0;78.0;29.58;26.92;0
431335;NOVA ROMA DO SUL;RS;2026-03;13.0;645.71;2026-03;41.0;44.0;31.71;29.55;1
431337;NOVA SANTA RITA;RS;2026-03;1701.0;86183.63;2026-03;3493.0;3824.0;48.7;44.48;0
431339;NOVO CABRAIS;RS;2026-03;79.0;3774.13;2026-03;306.0;337.0;25.82;23.44;0
431340;NOVO HAMBURGO;RS;2026-03;7552.0;384501.46;2026-03;12067.0;14156.0;62.58;53.35;0
431342;NOVO MACHADO;RS;2026-03;91.0;4229.88;2026-03;208.0;229.0;43.75;39.74;0
431344;NOVO TIRADENTES;RS;2026-03;89.0;3249.41;2026-03;165.0;186.0;53.94;47.85;0
431346;NOVO XINGU;RS;2026-03;26.0;1185.7;2026-03;67.0;67.0;38.81;38.81;0
431349;NOVO BARREIRO;RS;2026-03;209.0;9956.63;2026-03;479.0;540.0;43.63;38.7;0
431350;OSÓRIO;RS;2026-03;2449.0;115071.86;2026-03;3851.0;4223.0;63.59;57.99;0
431360;PAIM FILHO;RS;2026-03;132.0;6447.88;2026-03;210.0;232.0;62.86;56.9;0
431365;PALMARES DO SUL;RS;2026-03;1457.0;58853.04;2026-03;1991.0;2129.0;73.18;68.44;0
431370;PALMEIRA DAS MISSÕES;RS;2026-03;2505.0;123768.63;2026-03;3590.0;3853.0;69.78;65.01;0
431380;PALMITINHO;RS;2026-03;322.0;15314.5;2026-03;744.0;812.0;43.28;39.66;0
431390;PANAMBI;RS;2026-03;436.0;15306.51;2026-03;1391.0;1504.0;31.34;28.99;0
431395;PANTANO GRANDE;RS;2026-03;969.0;43200.15;2026-03;1319.0;1372.0;73.46;70.63;0
431400;PARAÍ;RS;2026-03;47.0;2433.9;2026-03;118.0;131.0;39.83;35.88;0
431402;PARAÍSO DO SUL;RS;2026-03;124.0;6119.05;2026-03;482.0;559.0;25.73;22.18;0
431403;PARECI NOVO;RS;2026-03;58.0;3025.76;2026-03;156.0;173.0;37.18;33.53;0
431405;PAROBÉ;RS;2026-03;2817.0;143858.7;2026-03;4579.0;5046.0;61.52;55.83;0
431406;PASSA SETE;RS;2026-03;88.0;4040.11;2026-03;285.0;329.0;30.88;26.75;0
431407;PASSO DO SOBRADO;RS;2026-03;122.0;5710.05;2026-03;348.0;382.0;35.06;31.94;0
431410;PASSO FUNDO;RS;2026-03;6518.0;330915.76;2026-03;12997.0;14911.0;50.15;43.71;0
431413;PAULO BENTO;RS;2026-03;23.0;1152.46;2026-03;44.0;51.0;52.27;45.1;1
431415;PAVERAMA;RS;2026-03;138.0;5619.1;2026-03;419.0;453.0;32.94;30.46;0
431417;PEDRAS ALTAS;RS;2026-03;164.0;6521.36;2026-03;284.0;320.0;57.75;51.25;0
431420;PEDRO OSÓRIO;RS;2026-03;935.0;42389.44;2026-03;1187.0;1260.0;78.77;74.21;0
431430;PEJUÇARA;RS;2026-03;153.0;7692.23;2026-03;251.0;272.0;60.96;56.25;0
431440;PELOTAS;RS;2026-03;24605.0;1126404.82;2026-03;32126.0;36336.0;76.59;67.72;0
431442;PICADA CAFÉ;RS;2026-03;41.0;2088.77;2026-03;61.0;66.0;67.21;62.12;0
431445;PINHAL;RS;2026-03;86.0;3238.23;2026-03;156.0;167.0;55.13;51.5;0
431446;PINHAL DA SERRA;RS;2026-03;87.0;3939.46;2026-03;223.0;237.0;39.01;36.71;0
431447;PINHAL GRANDE;RS;2026-03;181.0;8762.2;2026-03;318.0;369.0;56.92;49.05;0
431449;PINHEIRINHO DO VALE;RS;2026-03;150.0;7083.41;2026-03;488.0;546.0;30.74;27.47;0
431450;PINHEIRO MACHADO;RS;2026-03;1174.0;52884.86;2026-03;1470.0;1667.0;79.86;70.43;0
431454;PINTO BANDEIRA;RS;2026-03;8.0;392.35;2026-03;65.0;71.0;12.31;11.27;0
431455;PIRAPÓ;RS;2026-03;81.0;3937.52;2026-03;229.0;246.0;35.37;32.93;0
431460;PIRATINI;RS;2026-03;2126.0;92177.33;2026-03;2440.0;2608.0;87.13;81.52;0
431470;PLANALTO;RS;2026-03;331.0;16102.13;2026-03;811.0;877.0;40.81;37.74;0
431475;POÇO DAS ANTAS;RS;2026-03;5.0;214.21;2026-03;32.0;34.0;15.62;14.71;1
431477;PONTÃO;RS;2026-03;50.0;1480.11;2026-03;325.0;345.0;15.38;14.49;0
431478;PONTE PRETA;RS;2026-03;17.0;904.4;2026-03;46.0;50.0;36.96;34.0;1
431480;PORTÃO;RS;2026-03;1438.0;73549.9;2026-03;2057.0;2253.0;69.91;63.83;0
431490;PORTO ALEGRE;RS;2026-03;57373.0;2560154.91;2026-03;114744.0;128536.0;50.0;44.64;0
431500;PORTO LUCENA;RS;2026-03;148.0;7352.52;2026-03;264.0;293.0;56.06;50.51;0
431505;PORTO MAUÁ;RS;2026-03;74.0;3671.49;2026-03;173.0;179.0;42.77;41.34;0
431507;PORTO VERA CRUZ;RS;2026-03;37.0;1691.15;2026-03;99.0;101.0;37.37;36.63;0
431510;PORTO XAVIER;RS;2026-03;642.0;30631.23;2026-03;1081.0;1155.0;59.39;55.58;0
431513;POUSO NOVO;RS;2026-03;14.0;631.15;2026-03;76.0;91.0;18.42;15.38;0
431514;PRESIDENTE LUCENA;RS;2026-03;43.0;2217.11;2026-03;74.0;79.0;58.11;54.43;0
431515;PROGRESSO;RS;2026-03;48.0;2036.54;2026-03;346.0;388.0;13.87;12.37;0
431517;PROTÁSIO ALVES;RS;2026-03;13.0;633.75;2026-03;59.0;64.0;22.03;20.31;0
431520;PUTINGA;RS;2026-03;28.0;1386.53;2026-03;110.0;124.0;25.45;22.58;0
431530;QUARAÍ;RS;2026-03;2343.0;118040.61;2026-03;3112.0;3346.0;75.29;70.02;0
431531;QUATRO IRMÃOS;RS;2026-03;65.0;3063.69;2026-03;103.0;110.0;63.11;59.09;0
431532;QUEVEDOS;RS;2026-03;130.0;6330.83;2026-03;330.0;365.0;39.39;35.62;0
431535;QUINZE DE NOVEMBRO;RS;2026-03;52.0;2470.89;2026-03;122.0;136.0;42.62;38.24;0
431540;REDENTORA;RS;2026-03;427.0;20140.62;2026-03;1811.0;1955.0;23.58;21.84;0
431545;RELVADO;RS;2026-03;25.0;1198.9;2026-03;72.0;88.0;34.72;28.41;0
431550;RESTINGA SÊCA;RS;2026-03;852.0;38426.8;2026-03;1412.0;1552.0;60.34;54.9;0
431555;RIO DOS ÍNDIOS;RS;2026-03;105.0;4994.19;2026-03;338.0;380.0;31.07;27.63;0
431560;RIO GRANDE;RS;2026-03;14116.0;600414.76;2026-03;18997.0;20474.0;74.31;68.95;0
431570;RIO PARDO;RS;2026-03;2442.0;120248.82;2026-03;3878.0;4341.0;62.97;56.25;0
431575;RIOZINHO;RS;2026-03;121.0;5766.89;2026-03;280.0;323.0;43.21;37.46;0
431580;ROCA SALES;RS;2026-03;246.0;11905.52;2026-03;513.0;572.0;47.95;43.01;0
431590;RODEIO BONITO;RS;2026-03;328.0;12348.06;2026-03;477.0;532.0;68.76;61.65;0
431595;ROLADOR;RS;2026-03;43.0;1848.37;2026-03;210.0;222.0;20.48;19.37;0
431600;ROLANTE;RS;2026-03;764.0;38262.24;2026-03;1112.0;1214.0;68.71;62.93;0
431610;RONDA ALTA;RS;2026-03;334.0;16903.75;2026-03;863.0;927.0;38.7;36.03;0
431620;RONDINHA;RS;2026-03;133.0;6738.48;2026-03;260.0;266.0;51.15;50.0;0
431630;ROQUE GONZALES;RS;2026-03;233.0;11339.75;2026-03;433.0;478.0;53.81;48.74;0
431640;ROSÁRIO DO SUL;RS;2026-03;3312.0;167115.17;2026-03;5957.0;6292.0;55.6;52.64;0
431642;SAGRADA FAMÍLIA;RS;2026-03;126.0;5937.34;2026-03;313.0;348.0;40.26;36.21;0
431643;SALDANHA MARINHO;RS;2026-03;64.0;3096.25;2026-03;102.0;107.0;62.75;59.81;0
431645;SALTO DO JACUÍ;RS;2026-03;860.0;42927.54;2026-03;1726.0;1856.0;49.83;46.34;0
431647;SALVADOR DAS MISSÕES;RS;2026-03;22.0;1129.68;2026-03;58.0;73.0;37.93;30.14;0
431650;SALVADOR DO SUL;RS;2026-03;28.0;1154.54;2026-03;76.0;87.0;36.84;32.18;0
431660;SANANDUVA;RS;2026-03;238.0;11818.36;2026-03;301.0;337.0;79.07;70.62;0
431670;SANTA BÁRBARA DO SUL;RS;2026-03;484.0;23823.84;2026-03;742.0;804.0;65.23;60.2;0
431673;SANTA CECÍLIA DO SUL;RS;2026-03;14.0;445.1;2026-03;84.0;89.0;16.67;15.73;0
431675;SANTA CLARA DO SUL;RS;2026-03;10.0;458.16;2026-03;103.0;103.0;9.71;9.71;0
431680;SANTA CRUZ DO SUL;RS;2026-03;3949.0;201666.75;2026-03;7110.0;7915.0;55.54;49.89;0
431690;SANTA MARIA;RS;2026-03;10924.0;554188.54;2026-03;20436.0;22608.0;53.45;48.32;0
431695;SANTA MARIA DO HERVAL;RS;2026-03;50.0;2480.45;2026-03;105.0;123.0;47.62;40.65;0
431697;SANTA MARGARIDA DO SUL;RS;2026-03;104.0;4836.34;2026-03;299.0;333.0;34.78;31.23;0
431700;SANTANA DA BOA VISTA;RS;2026-03;634.0;28944.96;2026-03;974.0;1103.0;65.09;57.48;0
431710;SANT'ANA DO LIVRAMENTO;RS;2026-03;6893.0;343973.53;2026-03;10446.0;11760.0;65.99;58.61;0
431720;SANTA ROSA;RS;2026-03;2198.0;109864.54;2026-03;3545.0;3919.0;62.0;56.09;0
431725;SANTA TEREZA;RS;2026-03;7.0;320.53;2026-03;18.0;19.0;38.89;36.84;1
431730;SANTA VITÓRIA DO PALMAR;RS;2026-03;2319.0;100884.23;2026-03;3147.0;3415.0;73.69;67.91;0
431740;SANTIAGO;RS;2026-03;2439.0;122770.23;2026-03;2857.0;3120.0;85.37;78.17;0
431750;SANTO ÂNGELO;RS;2026-03;3673.0;186260.89;2026-03;5374.0;5816.0;68.35;63.15;0
431755;SANTO ANTÔNIO DO PALMA;RS;2026-03;24.0;1112.55;2026-03;53.0;62.0;45.28;38.71;0
431760;SANTO ANTÔNIO DA PATRULHA;RS;2026-03;2451.0;113693.02;2026-03;2897.0;3460.0;84.6;70.84;0
431770;SANTO ANTÔNIO DAS MISSÕES;RS;2026-03;514.0;22515.46;2026-03;1486.0;1629.0;34.59;31.55;0
431775;SANTO ANTÔNIO DO PLANALTO;RS;2026-03;25.0;1069.6;2026-03;104.0;115.0;24.04;21.74;0
431780;SANTO AUGUSTO;RS;2026-03;1006.0;50694.7;2026-03;1239.0;1311.0;81.19;76.74;0
431790;SANTO CRISTO;RS;2026-03;218.0;11101.05;2026-03;373.0;443.0;58.45;49.21;0
431795;SANTO EXPEDITO DO SUL;RS;2026-03;37.0;1994.64;2026-03;127.0;141.0;29.13;26.24;0
431800;SÃO BORJA;RS;2026-03;3858.0;195733.45;2026-03;4991.0;5449.0;77.3;70.8;0
431805;SÃO DOMINGOS DO SUL;RS;2026-03;11.0;584.15;2026-03;26.0;26.0;42.31;42.31;1
431810;SÃO FRANCISCO DE ASSIS;RS;2026-03;1237.0;61256.17;2026-03;1950.0;2136.0;63.44;57.91;0
431820;SÃO FRANCISCO DE PAULA;RS;2026-03;991.0;48272.94;2026-03;1678.0;1817.0;59.06;54.54;0
431830;SÃO GABRIEL;RS;2026-03;3776.0;189193.9;2026-03;5044.0;5720.0;74.86;66.01;0
431840;SÃO JERÔNIMO;RS;2026-03;1696.0;73443.51;2026-03;2334.0;2484.0;72.66;68.28;0
431842;SÃO JOÃO DA URTIGA;RS;2026-03;77.0;3690.24;2026-03;147.0;158.0;52.38;48.73;0
431843;SÃO JOÃO DO POLÊSINE;RS;2026-03;82.0;3809.49;2026-03;171.0;179.0;47.95;45.81;0
431844;SÃO JORGE;RS;2026-03;26.0;1239.56;2026-03;46.0;49.0;56.52;53.06;1
431845;SÃO JOSÉ DAS MISSÕES;RS;2026-03;114.0;5667.82;2026-03;246.0;267.0;46.34;42.7;0
431846;SÃO JOSÉ DO HERVAL;RS;2026-03;27.0;1332.51;2026-03;226.0;249.0;11.95;10.84;0
431848;SÃO JOSÉ DO HORTÊNCIO;RS;2026-03;22.0;1137.15;2026-03;59.0;64.0;37.29;34.38;0
431849;SÃO JOSÉ DO INHACORÁ;RS;2026-03;13.0;625.81;2026-03;46.0;50.0;28.26;26.0;1
431850;SÃO JOSÉ DO NORTE;RS;2026-03;2990.0;124880.48;2026-03;2709.0;3113.0;110.37;96.05;0
431860;SÃO JOSÉ DO OURO;RS;2026-03;192.0;9364.93;2026-03;323.0;343.0;59.44;55.98;0
431861;SÃO JOSÉ DO SUL;RS;2026-03;40.0;2048.12;2026-03;68.0;73.0;58.82;54.79;0
431862;SÃO JOSÉ DOS AUSENTES;RS;2026-03;197.0;9519.54;2026-03;454.0;499.0;43.39;39.48;0
431870;SÃO LEOPOLDO;RS;2026-03;9748.0;489559.33;2026-03;20437.0;22470.0;47.7;43.38;0
431880;SÃO LOURENÇO DO SUL;RS;2026-03;2163.0;98349.32;2026-03;2779.0;3023.0;77.83;71.55;0
431890;SÃO LUIZ GONZAGA;RS;2026-03;2040.0;102317.94;2026-03;2667.0;2894.0;76.49;70.49;0
431900;SÃO MARCOS;RS;2026-03;265.0;12938.32;2026-03;575.0;644.0;46.09;41.15;0
431910;SÃO MARTINHO;RS;2026-03;142.0;7037.72;2026-03;246.0;267.0;57.72;53.18;0
431912;SÃO MARTINHO DA SERRA;RS;2026-03;195.0;9657.81;2026-03;428.0;486.0;45.56;40.12;0
431915;SÃO MIGUEL DAS MISSÕES;RS;2026-03;255.0;10889.06;2026-03;840.0;904.0;30.36;28.21;0
431920;SÃO NICOLAU;RS;2026-03;554.0;27186.01;2026-03;992.0;1091.0;55.85;50.78;0
431930;SÃO PAULO DAS MISSÕES;RS;2026-03;111.0;5401.89;2026-03;271.0;335.0;40.96;33.13;0
431935;SÃO PEDRO DA SERRA;RS;2026-03;6.0;241.12;2026-03;29.0;36.0;20.69;16.67;1
431936;SÃO PEDRO DAS MISSÕES;RS;2026-03;68.0;3338.99;2026-03;198.0;204.0;34.34;33.33;0
431937;SÃO PEDRO DO BUTIÁ;RS;2026-03;43.0;2160.48;2026-03;100.0;115.0;43.0;37.39;0
431940;SÃO PEDRO DO SUL;RS;2026-03;1038.0;52175.38;2026-03;1515.0;1625.0;68.51;63.88;0
431950;SÃO SEBASTIÃO DO CAÍ;RS;2026-03;836.0;41847.94;2026-03;1336.0;1496.0;62.57;55.88;0
431960;SÃO SEPÉ;RS;2026-03;1405.0;70195.47;2026-03;1674.0;1971.0;83.93;71.28;0
431970;SÃO VALENTIM;RS;2026-03;74.0;3636.28;2026-03;137.0;153.0;54.01;48.37;0
431971;SÃO VALENTIM DO SUL;RS;2026-03;15.0;762.66;2026-03;46.0;52.0;32.61;28.85;1
431973;SÃO VALÉRIO DO SUL;RS;2026-03;133.0;5612.89;2026-03;602.0;626.0;22.09;21.25;0
431975;SÃO VENDELINO;RS;2026-03;5.0;266.0;2026-03;29.0;33.0;17.24;15.15;1
431980;SÃO VICENTE DO SUL;RS;2026-03;577.0;29173.65;2026-03;949.0;1030.0;60.8;56.02;0
431990;SAPIRANGA;RS;2026-03;3370.0;173851.38;2026-03;5728.0;6225.0;58.83;54.14;0
432000;SAPUCAIA DO SUL;RS;2026-03;5466.0;275505.74;2026-03;10954.0;12615.0;49.9;43.33;0
432010;SARANDI;RS;2026-03;928.0;47256.97;2026-03;1555.0;1719.0;59.68;53.98;0
432020;SEBERI;RS;2026-03;463.0;22766.44;2026-03;904.0;954.0;51.22;48.53;0
432023;SEDE NOVA;RS;2026-03;133.0;6464.47;2026-03;201.0;222.0;66.17;59.91;0
432026;SEGREDO;RS;2026-03;196.0;9683.85;2026-03;770.0;919.0;25.45;21.33;0
432030;SELBACH;RS;2026-03;44.0;1708.61;2026-03;191.0;209.0;23.04;21.05;0
432032;SENADOR SALGADO FILHO;RS;2026-03;31.0;834.97;2026-03;183.0;198.0;16.94;15.66;0
432035;SENTINELA DO SUL;RS;2026-03;375.0;17066.68;2026-03;647.0;676.0;57.96;55.47;0
432040;SERAFINA CORRÊA;RS;2026-03;201.0;10143.26;2026-03;431.0;450.0;46.64;44.67;0
432045;SÉRIO;RS;2026-03;13.0;550.88;2026-03;71.0;88.0;18.31;14.77;0
432050;SERTÃO;RS;2026-03;126.0;6046.76;2026-03;325.0;360.0;38.77;35.0;0
432055;SERTÃO SANTANA;RS;2026-03;212.0;8887.09;2026-03;483.0;537.0;43.89;39.48;0
432057;SETE DE SETEMBRO;RS;2026-03;32.0;1576.71;2026-03;110.0;127.0;29.09;25.2;0
432060;SEVERIANO DE ALMEIDA;RS;2026-03;48.0;2353.44;2026-03;111.0;127.0;43.24;37.8;0
432065;SILVEIRA MARTINS;RS;2026-03;92.0;4154.38;2026-03;164.0;168.0;56.1;54.76;0
432067;SINIMBU;RS;2026-03;191.0;9286.08;2026-03;654.0;711.0;29.2;26.86;0
432070;SOBRADINHO;RS;2026-03;691.0;34864.11;2026-03;1166.0;1237.0;59.26;55.86;0
432080;SOLEDADE;RS;2026-03;2015.0;101699.45;2026-03;3049.0;3343.0;66.09;60.28;0
432085;TABAÍ;RS;2026-03;82.0;2969.04;2026-03;302.0;337.0;27.15;24.33;0
432090;TAPEJARA;RS;2026-03;323.0;14148.68;2026-03;1149.0;1270.0;28.11;25.43;0
432100;TAPERA;RS;2026-03;248.0;12266.38;2026-03;360.0;378.0;68.89;65.61;0
432110;TAPES;RS;2026-03;1396.0;63487.74;2026-03;1602.0;1735.0;87.14;80.46;0
432120;TAQUARA;RS;2026-03;1725.0;86619.65;2026-03;2848.0;3110.0;60.57;55.47;0
432130;TAQUARI;RS;2026-03;1095.0;51877.11;2026-03;2027.0;2181.0;54.02;50.21;0
432132;TAQUARUÇU DO SUL;RS;2026-03;67.0;3132.86;2026-03;146.0;159.0;45.89;42.14;0
432135;TAVARES;RS;2026-03;333.0;13163.46;2026-03;529.0;597.0;62.95;55.78;0
432140;TENENTE PORTELA;RS;2026-03;458.0;22563.53;2026-03;1721.0;1865.0;26.61;24.56;0
432143;TERRA DE AREIA;RS;2026-03;807.0;36453.44;2026-03;1180.0;1320.0;68.39;61.14;0
432145;TEUTÔNIA;RS;2026-03;402.0;18101.48;2026-03;948.0;1048.0;42.41;38.36;0
432146;TIO HUGO;RS;2026-03;8.0;270.34;2026-03;89.0;99.0;8.99;8.08;0
432147;TIRADENTES DO SUL;RS;2026-03;130.0;6099.4;2026-03;285.0;311.0;45.61;41.8;0
432149;TOROPI;RS;2026-03;71.0;3314.4;2026-03;190.0;208.0;37.37;34.13;0
432150;TORRES;RS;2026-03;2140.0;99389.34;2026-03;3635.0;3980.0;58.87;53.77;0
432160;TRAMANDAÍ;RS;2026-03;3881.0;178291.96;2026-03;6110.0;6667.0;63.52;58.21;0
432162;TRAVESSEIRO;RS;2026-03;7.0;292.08;2026-03;29.0;29.0;24.14;24.14;1
432163;TRÊS ARROIOS;RS;2026-03;13.0;645.05;2026-03;19.0;22.0;68.42;59.09;1
432166;TRÊS CACHOEIRAS;RS;2026-03;322.0;14702.72;2026-03;472.0;521.0;68.22;61.8;0
432170;TRÊS COROAS;RS;2026-03;573.0;29177.58;2026-03;900.0;1001.0;63.67;57.24;0
432180;TRÊS DE MAIO;RS;2026-03;795.0;40103.0;2026-03;1287.0;1457.0;61.77;54.56;0
432183;TRÊS FORQUILHAS;RS;2026-03;141.0;6281.07;2026-03;364.0;393.0;38.74;35.88;0
432185;TRÊS PALMEIRAS;RS;2026-03;141.0;6858.17;2026-03;448.0;491.0;31.47;28.72;0
432190;TRÊS PASSOS;RS;2026-03;900.0;46323.99;2026-03;1560.0;1691.0;57.69;53.22;0
432195;TRINDADE DO SUL;RS;2026-03;234.0;11115.63;2026-03;473.0;504.0;49.47;46.43;0
432200;TRIUNFO;RS;2026-03;1205.0;56488.43;2026-03;2677.0;2874.0;45.01;41.93;0
432210;TUCUNDUVA;RS;2026-03;173.0;8898.1;2026-03;269.0;293.0;64.31;59.04;0
432215;TUNAS;RS;2026-03;78.0;3247.9;2026-03;506.0;538.0;15.42;14.5;0
432218;TUPANCI DO SUL;RS;2026-03;53.0;2608.79;2026-03;97.0;111.0;54.64;47.75;0
432220;TUPANCIRETÃ;RS;2026-03;1591.0;78102.69;2026-03;2632.0;2916.0;60.45;54.56;0
432225;TUPANDI;RS;2026-03;46.0;2346.97;2026-03;112.0;120.0;41.07;38.33;0
432230;TUPARENDI;RS;2026-03;185.0;9122.6;2026-03;332.0;336.0;55.72;55.06;0
432232;TURUÇU;RS;2026-03;216.0;9373.02;2026-03;258.0;287.0;83.72;75.26;0
432234;UBIRETAMA;RS;2026-03;27.0;1363.92;2026-03;97.0;120.0;27.84;22.5;0
432235;UNIÃO DA SERRA;RS;2026-03;12.0;603.06;2026-03;26.0;28.0;46.15;42.86;1
432237;UNISTALDA;RS;2026-03;113.0;5478.29;2026-03;222.0;250.0;50.9;45.2;0
432240;URUGUAIANA;RS;2026-03;6848.0;346543.62;2026-03;11265.0;12648.0;60.79;54.14;0
432250;VACARIA;RS;2026-03;2999.0;150887.56;2026-03;5923.0;6387.0;50.63;46.95;0
432252;VALE VERDE;RS;2026-03;57.0;2020.38;2026-03;298.0;329.0;19.13;17.33;0
432253;VALE DO SOL;RS;2026-03;133.0;6184.52;2026-03;735.0;812.0;18.1;16.38;0
432254;VALE REAL;RS;2026-03;57.0;2771.08;2026-03;101.0;113.0;56.44;50.44;0
432255;VANINI;RS;2026-03;25.0;1128.51;2026-03;50.0;53.0;50.0;47.17;0
432260;VENÂNCIO AIRES;RS;2026-03;2034.0;103343.22;2026-03;3783.0;4240.0;53.77;47.97;0
432270;VERA CRUZ;RS;2026-03;953.0;48436.09;2026-03;1842.0;2020.0;51.74;47.18;0
432280;VERANÓPOLIS;RS;2026-03;268.0;13515.48;2026-03;370.0;401.0;72.43;66.83;0
432285;VESPASIANO CORRÊA;RS;2026-03;13.0;625.1;2026-03;28.0;29.0;46.43;44.83;1
432290;VIADUTOS;RS;2026-03;120.0;5867.34;2026-03;201.0;217.0;59.7;55.3;0
432300;VIAMÃO;RS;2026-03;13095.0;609400.33;2026-03;23095.0;26901.0;56.7;48.68;0
432310;VICENTE DUTRA;RS;2026-03;373.0;18510.27;2026-03;720.0;780.0;51.81;47.82;0
432320;VICTOR GRAEFF;RS;2026-03;17.0;843.92;2026-03;93.0;98.0;18.28;17.35;0
432330;VILA FLORES;RS;2026-03;28.0;1456.35;2026-03;64.0;66.0;43.75;42.42;0
432335;VILA LÂNGARO;RS;2026-03;5.0;150.05;2026-03;54.0;57.0;9.26;8.77;0
432340;VILA MARIA;RS;2026-03;59.0;2890.66;2026-03;168.0;184.0;35.12;32.07;0
432345;VILA NOVA DO SUL;RS;2026-03;162.0;7361.07;2026-03;854.0;887.0;18.97;18.26;0
432350;VISTA ALEGRE;RS;2026-03;43.0;2014.98;2026-03;141.0;150.0;30.5;28.67;0
432360;VISTA ALEGRE DO PRATA;RS;2026-03;14.0;655.69;2026-03;37.0;37.0;37.84;37.84;1
432370;VISTA GAÚCHA;RS;2026-03;62.0;3086.94;2026-03;187.0;192.0;33.16;32.29;0
432375;VITÓRIA DAS MISSÕES;RS;2026-03;83.0;3616.97;2026-03;285.0;312.0;29.12;26.6;0
432377;WESTFÁLIA;RS;2026-03;12.0;521.16;2026-03;40.0;42.0;30.0;28.57;1
432380;XANGRI-LÁ;RS;2026-03;596.0;26977.96;2026-03;1161.0;1284.0;51.34;46.42;0
500020;ÁGUA CLARA;MS;2026-03;1372.0;71378.36;2026-03;2220.0;2368.0;61.8;57.94;0
500025;ALCINÓPOLIS;MS;2026-03;473.0;25123.19;2026-03;685.0;726.0;69.05;65.15;0
500060;AMAMBAI;MS;2026-03;3520.0;185355.59;2026-03;7766.0;8264.0;45.33;42.59;0
500070;ANASTÁCIO;MS;2026-03;2653.0;141306.3;2026-03;3553.0;3785.0;74.67;70.09;0
500080;ANAURILÂNDIA;MS;2026-03;417.0;19219.42;2026-03;931.0;1003.0;44.79;41.58;0
500085;ANGÉLICA;MS;2026-03;842.0;44253.16;2026-03;1277.0;1362.0;65.94;61.82;0
500090;ANTÔNIO JOÃO;MS;2026-03;853.0;44108.95;2026-03;1474.0;1591.0;57.87;53.61;0
500100;APARECIDA DO TABOADO;MS;2026-03;2337.0;128151.37;2026-03;3062.0;3208.0;76.32;72.85;0
500110;AQUIDAUANA;MS;2026-03;5219.0;269613.99;2026-03;7988.0;8659.0;65.34;60.27;0
500124;ARAL MOREIRA;MS;2026-03;1088.0;58064.04;2026-03;2128.0;2207.0;51.13;49.3;0
500150;BANDEIRANTES;MS;2026-03;740.0;37472.47;2026-03;1139.0;1218.0;64.97;60.76;0
500190;BATAGUASSU;MS;2026-03;2049.0;108675.76;2026-03;2705.0;2968.0;75.75;69.04;0
500200;BATAYPORÃ;MS;2026-03;988.0;52781.4;2026-03;1348.0;1429.0;73.29;69.14;0
500210;BELA VISTA;MS;2026-03;2499.0;133234.14;2026-03;3714.0;4079.0;67.29;61.27;0
500215;BODOQUENA;MS;2026-03;750.0;38858.59;2026-03;986.0;1070.0;76.06;70.09;0
500220;BONITO;MS;2026-03;1788.0;96144.4;2026-03;2789.0;2983.0;64.11;59.94;0
500230;BRASILÂNDIA;MS;2026-03;889.0;41754.76;2026-03;1583.0;1698.0;56.16;52.36;0
500240;CAARAPÓ;MS;2026-03;1709.0;87617.44;2026-03;2706.0;2995.0;63.16;57.06;0
500260;CAMAPUÃ;MS;2026-03;1435.0;75414.7;2026-03;1954.0;2075.0;73.44;69.16;0
500270;CAMPO GRANDE;MS;2026-03;67231.0;3295783.68;2026-03;83033.0;94008.0;80.97;71.52;0
500280;CARACOL;MS;2026-03;562.0;28550.92;2026-03;830.0;887.0;67.71;63.36;0
500290;CASSILÂNDIA;MS;2026-03;1616.0;86349.17;2026-03;1852.0;1999.0;87.26;80.84;0
500295;CHAPADÃO DO SUL;MS;2026-03;1884.0;100970.19;2026-03;2568.0;2800.0;73.36;67.29;0
500310;CORGUINHO;MS;2026-03;380.0;18545.23;2026-03;592.0;626.0;64.19;60.7;0
500315;CORONEL SAPUCAIA;MS;2026-03;1951.0;102358.84;2026-03;4796.0;5048.0;40.68;38.65;0
500320;CORUMBÁ;MS;2026-03;8059.0;405213.91;2026-03;14722.0;15607.0;54.74;51.64;0
500325;COSTA RICA;MS;2026-03;3085.0;168226.24;2026-03;4275.0;4577.0;72.16;67.4;0
500330;COXIM;MS;2026-03;3608.0;195151.07;2026-03;4248.0;4531.0;84.93;79.63;0
500345;DEODÁPOLIS;MS;2026-03;970.0;50758.26;2026-03;1250.0;1366.0;77.6;71.01;0
500348;DOIS IRMÃOS DO BURITI;MS;2026-03;875.0;45291.78;2026-03;1927.0;2061.0;45.41;42.46;0
500350;DOURADINA;MS;2026-03;376.0;19543.98;2026-03;714.0;747.0;52.66;50.33;0
500370;DOURADOS;MS;2026-03;14081.0;735708.19;2026-03;19633.0;21467.0;71.72;65.59;0
500375;ELDORADO;MS;2026-03;1220.0;64177.4;2026-03;1490.0;1566.0;81.88;77.91;0
500380;FÁTIMA DO SUL;MS;2026-03;1667.0;90457.39;2026-03;1997.0;2150.0;83.48;77.53;0
500390;FIGUEIRÃO;MS;2026-03;261.0;13753.92;2026-03;392.0;420.0;66.58;62.14;0
500400;GLÓRIA DE DOURADOS;MS;2026-03;782.0;40395.27;2026-03;976.0;1045.0;80.12;74.83;0
500410;GUIA LOPES DA LAGUNA;MS;2026-03;1212.0;63972.84;2026-03;1449.0;1544.0;83.64;78.5;0
500430;IGUATEMI;MS;2026-03;1034.0;55077.44;2026-03;1490.0;1613.0;69.4;64.1;0
500440;INOCÊNCIA;MS;2026-03;335.0;17211.06;2026-03;576.0;647.0;58.16;51.78;0
500450;ITAPORÃ;MS;2026-03;1151.0;61239.4;2026-03;1398.0;1469.0;82.33;78.35;0
500460;ITAQUIRAÍ;MS;2026-03;1072.0;48917.96;2026-03;1948.0;2125.0;55.03;50.45;0
500470;IVINHEMA;MS;2026-03;1549.0;80401.98;2026-03;1910.0;2092.0;81.1;74.04;0
500480;JAPORÃ;MS;2026-03;514.0;23713.57;2026-03;1926.0;2018.0;26.69;25.47;0
500490;JARAGUARI;MS;2026-03;353.0;16394.33;2026-03;661.0;703.0;53.4;50.21;0
500500;JARDIM;MS;2026-03;2349.0;127570.88;2026-03;2737.0;2894.0;85.82;81.17;0
500510;JATEÍ;MS;2026-03;272.0;13792.0;2026-03;464.0;484.0;58.62;56.2;0
500515;JUTI;MS;2026-03;612.0;32636.62;2026-03;1070.0;1126.0;57.2;54.35;0
500520;LADÁRIO;MS;2026-03;1418.0;75275.06;2026-03;2797.0;2943.0;50.7;48.18;0
500525;LAGUNA CARAPÃ;MS;2026-03;432.0;22324.32;2026-03;910.0;942.0;47.47;45.86;0
500540;MARACAJU;MS;2026-03;2286.0;120772.77;2026-03;3362.0;3654.0;68.0;62.56;0
500560;MIRANDA;MS;2026-03;2151.0;111623.13;2026-03;4854.0;5034.0;44.31;42.73;0
500568;MUNDO NOVO;MS;2026-03;2049.0;109166.3;2026-03;3887.0;4107.0;52.71;49.89;0
500570;NAVIRAÍ;MS;2026-03;4581.0;247258.68;2026-03;5655.0;6171.0;81.01;74.23;0
500580;NIOAQUE;MS;2026-03;1426.0;65132.22;2026-03;2330.0;2423.0;61.2;58.85;0
500600;NOVA ALVORADA DO SUL;MS;2026-03;1695.0;86228.15;2026-03;2373.0;2518.0;71.43;67.32;0
500620;NOVA ANDRADINA;MS;2026-03;3540.0;186277.16;2026-03;5640.0;5972.0;62.77;59.28;0
500625;NOVO HORIZONTE DO SUL;MS;2026-03;282.0;14280.5;2026-03;364.0;387.0;77.47;72.87;0
500627;PARAÍSO DAS ÁGUAS;MS;2026-03;214.0;10508.54;2026-03;404.0;441.0;52.97;48.53;0
500630;PARANAÍBA;MS;2026-03;3193.0;168105.47;2026-03;3882.0;4203.0;82.25;75.97;0
500635;PARANHOS;MS;2026-03;1384.0;68813.55;2026-03;2810.0;2852.0;49.25;48.53;0
500640;PEDRO GOMES;MS;2026-03;919.0;48672.98;2026-03;1192.0;1267.0;77.1;72.53;0
500660;PONTA PORÃ;MS;2026-03;10031.0;522734.38;2026-03;14925.0;16390.0;67.21;61.2;0
500690;PORTO MURTINHO;MS;2026-03;1161.0;59516.05;2026-03;1997.0;2116.0;58.14;54.87;0
500710;RIBAS DO RIO PARDO;MS;2026-03;1314.0;67821.37;2026-03;2107.0;2337.0;62.36;56.23;0
500720;RIO BRILHANTE;MS;2026-03;2152.0;113386.1;2026-03;2998.0;3256.0;71.78;66.09;0
500730;RIO NEGRO;MS;2026-03;447.0;22938.77;2026-03;596.0;629.0;75.0;71.07;0
500740;RIO VERDE DE MATO GROSSO;MS;2026-03;2350.0;126688.07;2026-03;2718.0;2892.0;86.46;81.26;0
500750;ROCHEDO;MS;2026-03;408.0;20448.18;2026-03;703.0;783.0;58.04;52.11;0
500755;SANTA RITA DO PARDO;MS;2026-03;229.0;10673.95;2026-03;666.0;714.0;34.38;32.07;0
500769;SÃO GABRIEL DO OESTE;MS;2026-03;1765.0;90877.66;2026-03;2316.0;2495.0;76.21;70.74;0
500770;SETE QUEDAS;MS;2026-03;844.0;45691.45;2026-03;1077.0;1183.0;78.37;71.34;0
500780;SELVÍRIA;MS;2026-03;426.0;19610.5;2026-03;724.0;785.0;58.84;54.27;0
500790;SIDROLÂNDIA;MS;2026-03;2930.0;143782.5;2026-03;5434.0;5947.0;53.92;49.27;0
500793;SONORA;MS;2026-03;1320.0;71621.73;2026-03;1678.0;1769.0;78.67;74.62;0
500795;TACURU;MS;2026-03;723.0;36402.45;2026-03;1936.0;2053.0;37.35;35.22;0
500797;TAQUARUSSU;MS;2026-03;314.0;16083.61;2026-03;496.0;539.0;63.31;58.26;0
500800;TERENOS;MS;2026-03;1258.0;59379.7;2026-03;2007.0;2202.0;62.68;57.13;0
500830;TRÊS LAGOAS;MS;2026-03;6570.0;313135.7;2026-03;11895.0;13042.0;55.23;50.38;0
500840;VICENTINA;MS;2026-03;574.0;30264.3;2026-03;777.0;849.0;73.87;67.61;0
510010;ACORIZAL;MT;2026-03;596.0;29721.65;2026-03;1024.0;1132.0;58.2;52.65;0
510020;ÁGUA BOA;MT;2026-03;909.0;46017.38;2026-03;1613.0;1799.0;56.35;50.53;0
510025;ALTA FLORESTA;MT;2026-03;2870.0;148813.03;2026-03;5241.0;5540.0;54.76;51.81;0
510030;ALTO ARAGUAIA;MT;2026-03;1052.0;53585.9;2026-03;1382.0;1641.0;76.12;64.11;0
510035;ALTO BOA VISTA;MT;2026-03;357.0;18222.24;2026-03;711.0;768.0;50.21;46.48;0
510040;ALTO GARÇAS;MT;2026-03;1058.0;55183.1;2026-03;1530.0;1633.0;69.15;64.79;0
510050;ALTO PARAGUAI;MT;2026-03;792.0;40256.55;2026-03;1416.0;1534.0;55.93;51.63;0
510060;ALTO TAQUARI;MT;2026-03;541.0;28427.69;2026-03;896.0;965.0;60.38;56.06;0
510080;APIACÁS;MT;2026-03;535.0;26998.07;2026-03;1052.0;1107.0;50.86;48.33;0
510100;ARAGUAIANA;MT;2026-03;291.0;14843.68;2026-03;467.0;490.0;62.31;59.39;0
510120;ARAGUAINHA;MT;2026-03;83.0;4091.94;2026-03;166.0;176.0;50.0;47.16;0
510125;ARAPUTANGA;MT;2026-03;952.0;49404.12;2026-03;1267.0;1351.0;75.14;70.47;0
510130;ARENÁPOLIS;MT;2026-03;801.0;42150.94;2026-03;1161.0;1235.0;68.99;64.86;0
510140;ARIPUANÃ;MT;2026-03;1049.0;52666.96;2026-03;2093.0;2320.0;50.12;45.22;0
510160;BARÃO DE MELGAÇO;MT;2026-03;693.0;32151.41;2026-03;1816.0;1868.0;38.16;37.1;0
510170;BARRA DO BUGRES;MT;2026-03;2207.0;113192.71;2026-03;3504.0;3824.0;62.99;57.71;0
510180;BARRA DO GARÇAS;MT;2026-03;5228.0;269045.82;2026-03;8683.0;9747.0;60.21;53.64;0
510183;BOA ESPERANÇA DO NORTE;MT;2026-03;99.0;5023.3;2026-03;229.0;230.0;43.23;43.04;0
510185;BOM JESUS DO ARAGUAIA;MT;2026-03;600.0;27512.89;2026-03;1008.0;1107.0;59.52;54.2;0
510190;BRASNORTE;MT;2026-03;684.0;32221.49;2026-03;1354.0;1516.0;50.52;45.12;0
510250;CÁCERES;MT;2026-03;7219.0;383689.95;2026-03;11336.0;12146.0;63.68;59.44;0
510260;CAMPINÁPOLIS;MT;2026-03;602.0;24820.26;2026-03;2147.0;2319.0;28.04;25.96;0
510263;CAMPO NOVO DO PARECIS;MT;2026-03;1268.0;66725.4;2026-03;2195.0;2472.0;57.77;51.29;0
510267;CAMPO VERDE;MT;2026-03;1714.0;82345.43;2026-03;2916.0;3232.0;58.78;53.03;0
510268;CAMPOS DE JÚLIO;MT;2026-03;315.0;14783.98;2026-03;678.0;739.0;46.46;42.63;0
510269;CANABRAVA DO NORTE;MT;2026-03;323.0;15130.88;2026-03;574.0;624.0;56.27;51.76;0
510270;CANARANA;MT;2026-03;815.0;41379.27;2026-03;1687.0;1847.0;48.31;44.13;0
510279;CARLINDA;MT;2026-03;533.0;24117.55;2026-03;817.0;897.0;65.24;59.42;0
510285;CASTANHEIRA;MT;2026-03;437.0;20822.13;2026-03;744.0;801.0;58.74;54.56;0
510300;CHAPADA DOS GUIMARÃES;MT;2026-03;1486.0;73783.86;2026-03;2995.0;3245.0;49.62;45.79;0
510305;CLÁUDIA;MT;2026-03;606.0;30673.91;2026-03;1198.0;1293.0;50.58;46.87;0
510310;COCALINHO;MT;2026-03;354.0;18057.53;2026-03;853.0;897.0;41.5;39.46;0
510320;COLÍDER;MT;2026-03;1289.0;63215.59;2026-03;2051.0;2255.0;62.85;57.16;0
510325;COLNIZA;MT;2026-03;1567.0;72906.76;2026-03;2959.0;3458.0;52.96;45.32;0
510330;COMODORO;MT;2026-03;1188.0;57450.91;2026-03;2534.0;2666.0;46.88;44.56;0
510335;CONFRESA;MT;2026-03;2067.0;104305.67;2026-03;3805.0;4094.0;54.32;50.49;0
510336;CONQUISTA D'OESTE;MT;2026-03;157.0;7848.49;2026-03;440.0;466.0;35.68;33.69;0
510337;COTRIGUAÇU;MT;2026-03;468.0;21338.0;2026-03;1003.0;1109.0;46.66;42.2;0
510340;CUIABÁ;MT;2026-03;37425.0;1791321.72;2026-03;56832.0;64608.0;65.85;57.93;0
510343;CURVELÂNDIA;MT;2026-03;427.0;20939.21;2026-03;733.0;790.0;58.25;54.05;0
510345;DENISE;MT;2026-03;577.0;30484.32;2026-03;892.0;954.0;64.69;60.48;0
510350;DIAMANTINO;MT;2026-03;1056.0;54831.85;2026-03;1892.0;2042.0;55.81;51.71;0
510360;DOM AQUINO;MT;2026-03;721.0;35989.5;2026-03;1037.0;1059.0;69.53;68.08;0
510370;FELIZ NATAL;MT;2026-03;736.0;34317.78;2026-03;1481.0;1582.0;49.7;46.52;0
510380;FIGUEIRÓPOLIS D'OESTE;MT;2026-03;134.0;6753.97;2026-03;375.0;399.0;35.73;33.58;0
510385;GAÚCHA DO NORTE;MT;2026-03;681.0;26892.2;2026-03;1439.0;1500.0;47.32;45.4;0
510390;GENERAL CARNEIRO;MT;2026-03;448.0;21631.58;2026-03;1134.0;1182.0;39.51;37.9;0
510395;GLÓRIA D'OESTE;MT;2026-03;234.0;11929.5;2026-03;427.0;462.0;54.8;50.65;0
510410;GUARANTÃ DO NORTE;MT;2026-03;2007.0;104751.04;2026-03;3857.0;4183.0;52.04;47.98;0
510420;GUIRATINGA;MT;2026-03;1254.0;62115.49;2026-03;1594.0;1717.0;78.67;73.03;0
510450;INDIAVAÍ;MT;2026-03;154.0;7801.08;2026-03;242.0;250.0;63.64;61.6;0
510452;IPIRANGA DO NORTE;MT;2026-03;354.0;17984.5;2026-03;877.0;973.0;40.36;36.38;0
510454;ITANHANGÁ;MT;2026-03;340.0;17015.25;2026-03;743.0;824.0;45.76;41.26;0
510455;ITAÚBA;MT;2026-03;305.0;15702.9;2026-03;579.0;614.0;52.68;49.67;0
510460;ITIQUIRA;MT;2026-03;702.0;36068.77;2026-03;1140.0;1213.0;61.58;57.87;0
510480;JACIARA;MT;2026-03;1793.0;91247.59;2026-03;2785.0;3024.0;64.38;59.29;0
510490;JANGADA;MT;2026-03;794.0;40127.79;2026-03;1240.0;1315.0;64.03;60.38;0
510500;JAURU;MT;2026-03;483.0;24737.51;2026-03;814.0;870.0;59.34;55.52;0
510510;JUARA;MT;2026-03;1577.0;78796.93;2026-03;2608.0;2817.0;60.47;55.98;0
510515;JUÍNA;MT;2026-03;2282.0;119215.02;2026-03;3304.0;3670.0;69.07;62.18;0
510517;JURUENA;MT;2026-03;682.0;33971.56;2026-03;1217.0;1289.0;56.04;52.91;0
510520;JUSCIMEIRA;MT;2026-03;659.0;31981.51;2026-03;1012.0;1074.0;65.12;61.36;0
510523;LAMBARI D'OESTE;MT;2026-03;386.0;20312.41;2026-03;602.0;661.0;64.12;58.4;0
510525;LUCAS DO RIO VERDE;MT;2026-03;2526.0;134605.02;2026-03;5354.0;5899.0;47.18;42.82;0
510530;LUCIARA;MT;2026-03;206.0;9891.45;2026-03;525.0;554.0;39.24;37.18;0
510550;VILA BELA DA SANTÍSSIMA TRINDADE;MT;2026-03;710.0;34621.54;2026-03;1972.0;2137.0;36.0;33.22;0
510558;MARCELÂNDIA;MT;2026-03;809.0;40310.21;2026-03;1478.0;1528.0;54.74;52.95;0
510560;MATUPÁ;MT;2026-03;539.0;26352.47;2026-03;1263.0;1391.0;42.68;38.75;0
510562;MIRASSOL D'OESTE;MT;2026-03;2045.0;107479.31;2026-03;3749.0;4043.0;54.55;50.58;0
510590;NOBRES;MT;2026-03;1485.0;75016.36;2026-03;2409.0;2528.0;61.64;58.74;0
510600;NORTELÂNDIA;MT;2026-03;528.0;27292.53;2026-03;756.0;783.0;69.84;67.43;0
510610;NOSSA SENHORA DO LIVRAMENTO;MT;2026-03;853.0;37694.59;2026-03;1802.0;1941.0;47.34;43.95;0
510615;NOVA BANDEIRANTES;MT;2026-03;632.0;30920.47;2026-03;1568.0;1722.0;40.31;36.7;0
510617;NOVA NAZARÉ;MT;2026-03;236.0;10459.31;2026-03;950.0;1009.0;24.84;23.39;0
510618;NOVA LACERDA;MT;2026-03;442.0;22176.88;2026-03;965.0;1036.0;45.8;42.66;0
510619;NOVA SANTA HELENA;MT;2026-03;211.0;10278.15;2026-03;325.0;330.0;64.92;63.94;0
510620;NOVA BRASILÂNDIA;MT;2026-03;345.0;16204.72;2026-03;629.0;667.0;54.85;51.72;0
510621;NOVA CANAÃ DO NORTE;MT;2026-03;454.0;20559.88;2026-03;801.0;866.0;56.68;52.42;0
510622;NOVA MUTUM;MT;2026-03;1337.0;69467.49;2026-03;2664.0;3088.0;50.19;43.3;0
510623;NOVA OLÍMPIA;MT;2026-03;1001.0;53111.4;2026-03;1752.0;1938.0;57.13;51.65;0
510624;NOVA UBIRATÃ;MT;2026-03;298.0;13805.71;2026-03;636.0;693.0;46.86;43.0;0
510625;NOVA XAVANTINA;MT;2026-03;1383.0;69243.89;2026-03;2400.0;2559.0;57.62;54.04;0
510626;NOVO MUNDO;MT;2026-03;289.0;12634.67;2026-03;910.0;943.0;31.76;30.65;0
510627;NOVO HORIZONTE DO NORTE;MT;2026-03;232.0;11024.77;2026-03;370.0;383.0;62.7;60.57;0
510628;NOVO SÃO JOAQUIM;MT;2026-03;498.0;24638.75;2026-03;831.0;872.0;59.93;57.11;0
510629;PARANAÍTA;MT;2026-03;574.0;26711.99;2026-03;961.0;1020.0;59.73;56.27;0
510630;PARANATINGA;MT;2026-03;1143.0;56157.75;2026-03;2296.0;2479.0;49.78;46.11;0
510631;NOVO SANTO ANTÔNIO;MT;2026-03;198.0;9857.58;2026-03;413.0;436.0;47.94;45.41;0
510637;PEDRA PRETA;MT;2026-03;1443.0;74690.78;2026-03;2278.0;2397.0;63.35;60.2;0
510642;PEIXOTO DE AZEVEDO;MT;2026-03;2516.0;129774.43;2026-03;4443.0;4768.0;56.63;52.77;0
510645;PLANALTO DA SERRA;MT;2026-03;268.0;12738.62;2026-03;536.0;567.0;50.0;47.27;0
510650;POCONÉ;MT;2026-03;2803.0;141160.3;2026-03;5168.0;5630.0;54.24;49.79;0
510665;PONTAL DO ARAGUAIA;MT;2026-03;555.0;27541.98;2026-03;827.0;893.0;67.11;62.15;0
510670;PONTE BRANCA;MT;2026-03;173.0;8858.7;2026-03;305.0;325.0;56.72;53.23;0
510675;PONTES E LACERDA;MT;2026-03;2386.0;125799.5;2026-03;4022.0;4535.0;59.32;52.61;0
510677;PORTO ALEGRE DO NORTE;MT;2026-03;870.0;44291.2;2026-03;1643.0;1721.0;52.95;50.55;0
510680;PORTO DOS GAÚCHOS;MT;2026-03;209.0;10349.3;2026-03;345.0;369.0;60.58;56.64;0
510682;PORTO ESPERIDIÃO;MT;2026-03;621.0;31187.2;2026-03;1501.0;1602.0;41.37;38.76;0
510685;PORTO ESTRELA;MT;2026-03;228.0;10606.66;2026-03;426.0;439.0;53.52;51.94;0
510700;POXORÉU;MT;2026-03;1406.0;65213.25;2026-03;2087.0;2404.0;67.37;58.49;0
510704;PRIMAVERA DO LESTE;MT;2026-03;3214.0;164866.7;2026-03;6090.0;6790.0;52.78;47.33;0
510706;QUERÊNCIA;MT;2026-03;1136.0;51051.41;2026-03;2839.0;3009.0;40.01;37.75;0
510710;SÃO JOSÉ DOS QUATRO MARCOS;MT;2026-03;1129.0;59602.62;2026-03;1681.0;1787.0;67.16;63.18;0
510715;RESERVA DO CABAÇAL;MT;2026-03;215.0;10420.44;2026-03;348.0;354.0;61.78;60.73;0
510718;RIBEIRÃO CASCALHEIRA;MT;2026-03;597.0;29955.1;2026-03;1376.0;1504.0;43.39;39.69;0
510719;RIBEIRÃOZINHO;MT;2026-03;191.0;9541.13;2026-03;330.0;351.0;57.88;54.42;0
510720;RIO BRANCO;MT;2026-03;398.0;20814.4;2026-03;547.0;575.0;72.76;69.22;0
510724;SANTA CARMEM;MT;2026-03;323.0;15928.5;2026-03;587.0;637.0;55.03;50.71;0
510726;SANTO AFONSO;MT;2026-03;233.0;11738.5;2026-03;443.0;477.0;52.6;48.85;0
510729;SÃO JOSÉ DO POVO;MT;2026-03;160.0;6822.16;2026-03;269.0;285.0;59.48;56.14;0
510730;SÃO JOSÉ DO RIO CLARO;MT;2026-03;1085.0;56673.78;2026-03;1549.0;1716.0;70.05;63.23;0
510735;SÃO JOSÉ DO XINGU;MT;2026-03;531.0;26216.09;2026-03;1017.0;1080.0;52.21;49.17;0
510740;SÃO PEDRO DA CIPA;MT;2026-03;357.0;17393.76;2026-03;571.0;601.0;62.52;59.4;0
510757;RONDOLÂNDIA;MT;2026-03;175.0;7136.28;2026-03;417.0;419.0;41.97;41.77;0
510760;RONDONÓPOLIS;MT;2026-03;13424.0;694281.21;2026-03;20008.0;22547.0;67.09;59.54;0
510770;ROSÁRIO OESTE;MT;2026-03;1494.0;73549.83;2026-03;3013.0;3134.0;49.59;47.67;0
510774;SANTA CRUZ DO XINGU;MT;2026-03;153.0;7237.94;2026-03;349.0;379.0;43.84;40.37;0
510775;SALTO DO CÉU;MT;2026-03;222.0;10328.29;2026-03;359.0;384.0;61.84;57.81;0
510776;SANTA RITA DO TRIVELATO;MT;2026-03;112.0;5580.58;2026-03;379.0;407.0;29.55;27.52;0
510777;SANTA TEREZINHA;MT;2026-03;455.0;21588.28;2026-03;969.0;1021.0;46.96;44.56;0
510779;SANTO ANTÔNIO DO LESTE;MT;2026-03;196.0;9822.74;2026-03;512.0;536.0;38.28;36.57;0
510780;SANTO ANTÔNIO DO LEVERGER;MT;2026-03;1142.0;57220.46;2026-03;2565.0;2838.0;44.52;40.24;0
510785;SÃO FÉLIX DO ARAGUAIA;MT;2026-03;648.0;29667.28;2026-03;1320.0;1403.0;49.09;46.19;0
510787;SAPEZAL;MT;2026-03;1035.0;55542.14;2026-03;2332.0;2481.0;44.38;41.72;0
510788;SERRA NOVA DOURADA;MT;2026-03;108.0;4840.77;2026-03;322.0;332.0;33.54;32.53;0
510790;SINOP;MT;2026-03;7746.0;398156.49;2026-03;12484.0;13445.0;62.05;57.61;0
510792;SORRISO;MT;2026-03;3356.0;176277.63;2026-03;7666.0;8533.0;43.78;39.33;0
510794;TABAPORÃ;MT;2026-03;406.0;20528.68;2026-03;749.0;838.0;54.21;48.45;0
510795;TANGARÁ DA SERRA;MT;2026-03;5235.0;275232.93;2026-03;8445.0;9115.0;61.99;57.43;0
510800;TAPURAH;MT;2026-03;463.0;23371.6;2026-03;929.0;1017.0;49.84;45.53;0
510805;TERRA NOVA DO NORTE;MT;2026-03;409.0;20548.41;2026-03;876.0;977.0;46.69;41.86;0
510810;TESOURO;MT;2026-03;313.0;14378.18;2026-03;466.0;488.0;67.17;64.14;0
510820;TORIXORÉU;MT;2026-03;364.0;18495.28;2026-03;461.0;494.0;78.96;73.68;0
510830;UNIÃO DO SUL;MT;2026-03;296.0;14360.86;2026-03;644.0;674.0;45.96;43.92;0
510835;VALE DE SÃO DOMINGOS;MT;2026-03;182.0;8971.46;2026-03;402.0;426.0;45.27;42.72;0
510840;VÁRZEA GRANDE;MT;2026-03;23863.0;1159561.71;2026-03;39956.0;43995.0;59.72;54.24;0
510850;VERA;MT;2026-03;557.0;28551.1;2026-03;1128.0;1188.0;49.38;46.89;0
510860;VILA RICA;MT;2026-03;918.0;44988.95;2026-03;1765.0;1989.0;52.01;46.15;0
510880;NOVA GUARITA;MT;2026-03;224.0;11384.95;2026-03;456.0;476.0;49.12;47.06;0
510885;NOVA MARILÂNDIA;MT;2026-03;195.0;9386.84;2026-03;371.0;381.0;52.56;51.18;0
510890;NOVA MARINGÁ;MT;2026-03;309.0;15762.79;2026-03;545.0;608.0;56.7;50.82;0
510895;NOVA MONTE VERDE;MT;2026-03;511.0;25316.34;2026-03;960.0;995.0;53.23;51.36;0
520005;ABADIA DE GOIÁS;GO;2026-03;2132.0;111940.84;2026-03;3662.0;3968.0;58.22;53.73;0
520010;ABADIÂNIA;GO;2026-03;1496.0;77212.4;2026-03;2095.0;2232.0;71.41;67.03;0
520013;ACREÚNA;GO;2026-03;2182.0;114784.52;2026-03;2156.0;2367.0;101.21;92.18;0
520015;ADELÂNDIA;GO;2026-03;275.0;13874.82;2026-03;313.0;331.0;87.86;83.08;0
520017;ÁGUA FRIA DE GOIÁS;GO;2026-03;498.0;24321.27;2026-03;809.0;846.0;61.56;58.87;0
520020;ÁGUA LIMPA;GO;2026-03;192.0;10029.1;2026-03;389.0;429.0;49.36;44.76;0
520025;ÁGUAS LINDAS DE GOIÁS;GO;2026-03;21765.0;1140837.26;2026-03;33593.0;36945.0;64.79;58.91;0
520030;ALEXÂNIA;GO;2026-03;4029.0;210222.58;2026-03;5055.0;5441.0;79.7;74.05;0
520050;ALOÂNDIA;GO;2026-03;154.0;7536.13;2026-03;225.0;246.0;68.44;62.6;0
520055;ALTO HORIZONTE;GO;2026-03;404.0;21611.22;2026-03;962.0;1015.0;42.0;39.8;0
520060;ALTO PARAÍSO DE GOIÁS;GO;2026-03;859.0;44561.46;2026-03;1618.0;1751.0;53.09;49.06;0
520080;ALVORADA DO NORTE;GO;2026-03;1005.0;51210.46;2026-03;1384.0;1465.0;72.62;68.6;0
520082;AMARALINA;GO;2026-03;304.0;15248.96;2026-03;529.0;554.0;57.47;54.87;0
520085;AMERICANO DO BRASIL;GO;2026-03;605.0;31241.65;2026-03;736.0;769.0;82.2;78.67;0
520090;AMORINÓPOLIS;GO;2026-03;303.0;14876.83;2026-03;525.0;559.0;57.71;54.2;0
520110;ANÁPOLIS;GO;2026-03;22334.0;1172598.39;2026-03;24951.0;28615.0;89.51;78.05;0
520120;ANHANGUERA;GO;2026-03;101.0;4948.57;2026-03;123.0;133.0;82.11;75.94;0
520130;ANICUNS;GO;2026-03;2237.0;116434.56;2026-03;2511.0;2685.0;89.09;83.31;0
520140;APARECIDA DE GOIÂNIA;GO;2026-03;33249.0;1768555.52;2026-03;40107.0;44905.0;82.9;74.04;0
520145;APARECIDA DO RIO DOCE;GO;2026-03;191.0;9609.99;2026-03;316.0;352.0;60.44;54.26;0
520150;APORÉ;GO;2026-03;281.0;14345.42;2026-03;509.0;534.0;55.21;52.62;0
520160;ARAÇU;GO;2026-03;319.0;16533.58;2026-03;576.0;611.0;55.38;52.21;0
520170;ARAGARÇAS;GO;2026-03;1821.0;96451.36;2026-03;2490.0;2748.0;73.13;66.27;0
520180;ARAGOIÂNIA;GO;2026-03;1341.0;69901.5;2026-03;2475.0;2615.0;54.18;51.28;0
520215;ARAGUAPAZ;GO;2026-03;746.0;38100.21;2026-03;1141.0;1270.0;65.38;58.74;0
520235;ARENÓPOLIS;GO;2026-03;261.0;13160.84;2026-03;496.0;533.0;52.62;48.97;0
520250;ARUANÃ;GO;2026-03;740.0;38300.45;2026-03;1264.0;1381.0;58.54;53.58;0
520260;AURILÂNDIA;GO;2026-03;314.0;15976.14;2026-03;365.0;396.0;86.03;79.29;0
520280;AVELINÓPOLIS;GO;2026-03;319.0;16269.01;2026-03;540.0;580.0;59.07;55.0;0
520310;BALIZA;GO;2026-03;198.0;9727.57;2026-03;707.0;751.0;28.01;26.36;0
520320;BARRO ALTO;GO;2026-03;851.0;44484.15;2026-03;1367.0;1441.0;62.25;59.06;0
520330;BELA VISTA DE GOIÁS;GO;2026-03;2856.0;149646.56;2026-03;3932.0;4186.0;72.63;68.23;0
520340;BOM JARDIM DE GOIÁS;GO;2026-03;1001.0;50469.84;2026-03;1366.0;1464.0;73.28;68.37;0
520350;BOM JESUS DE GOIÁS;GO;2026-03;966.0;51431.74;2026-03;2125.0;2283.0;45.46;42.31;0
520355;BONFINÓPOLIS;GO;2026-03;1200.0;62462.88;2026-03;1308.0;1417.0;91.74;84.69;0
520357;BONÓPOLIS;GO;2026-03;322.0;15437.83;2026-03;705.0;740.0;45.67;43.51;0
520360;BRAZABRANTES;GO;2026-03;379.0;19478.86;2026-03;482.0;533.0;78.63;71.11;0
520380;BRITÂNIA;GO;2026-03;522.0;26139.41;2026-03;706.0;767.0;73.94;68.06;0
520390;BURITI ALEGRE;GO;2026-03;828.0;40483.85;2026-03;794.0;852.0;104.28;97.18;0
520393;BURITI DE GOIÁS;GO;2026-03;358.0;18195.76;2026-03;489.0;517.0;73.21;69.25;0
520396;BURITINÓPOLIS;GO;2026-03;335.0;16652.9;2026-03;686.0;724.0;48.83;46.27;0
520400;CABECEIRAS;GO;2026-03;760.0;38225.26;2026-03;1290.0;1405.0;58.91;54.09;0
520410;CACHOEIRA ALTA;GO;2026-03;595.0;31283.26;2026-03;1100.0;1244.0;54.09;47.83;0
520420;CACHOEIRA DE GOIÁS;GO;2026-03;203.0;9974.07;2026-03;285.0;299.0;71.23;67.89;0
520425;CACHOEIRA DOURADA;GO;2026-03;636.0;31811.35;2026-03;820.0;876.0;77.56;72.6;0
520430;CAÇU;GO;2026-03;881.0;46054.17;2026-03;1488.0;1635.0;59.21;53.88;0
520440;CAIAPÔNIA;GO;2026-03;1484.0;76149.9;2026-03;1549.0;1655.0;95.8;89.67;0
520450;CALDAS NOVAS;GO;2026-03;7464.0;388211.02;2026-03;9192.0;10173.0;81.2;73.37;0
520455;CALDAZINHA;GO;2026-03;284.0;14802.26;2026-03;558.0;609.0;50.9;46.63;0
520460;CAMPESTRE DE GOIÁS;GO;2026-03;332.0;17496.06;2026-03;639.0;728.0;51.96;45.6;0
520465;CAMPINAÇU;GO;2026-03;278.0;13684.55;2026-03;681.0;713.0;40.82;38.99;0
520470;CAMPINORTE;GO;2026-03;1342.0;69575.13;2026-03;1881.0;2012.0;71.35;66.7;0
520480;CAMPO ALEGRE DE GOIÁS;GO;2026-03;456.0;23953.11;2026-03;825.0;871.0;55.27;52.35;0
520485;CAMPO LIMPO DE GOIÁS;GO;2026-03;728.0;38924.85;2026-03;1509.0;1616.0;48.24;45.05;0
520490;CAMPOS BELOS;GO;2026-03;1920.0;96169.32;2026-03;3290.0;3390.0;58.36;56.64;0
520495;CAMPOS VERDES;GO;2026-03;625.0;31169.15;2026-03;1093.0;1200.0;57.18;52.08;0
520500;CARMO DO RIO VERDE;GO;2026-03;327.0;15942.78;2026-03;1224.0;1309.0;26.72;24.98;0
520505;CASTELÂNDIA;GO;2026-03;288.0;14497.13;2026-03;619.0;677.0;46.53;42.54;0
520510;CATALÃO;GO;2026-03;6044.0;313441.8;2026-03;8652.0;9435.0;69.86;64.06;0
520520;CATURAÍ;GO;2026-03;602.0;31689.74;2026-03;968.0;1028.0;62.19;58.56;0
520530;CAVALCANTE;GO;2026-03;1125.0;53177.76;2026-03;1950.0;2163.0;57.69;52.01;0
520540;CERES;GO;2026-03;370.0;17982.01;2026-03;1660.0;1832.0;22.29;20.2;0
520545;CEZARINA;GO;2026-03;617.0;31675.51;2026-03;997.0;1069.0;61.89;57.72;0
520547;CHAPADÃO DO CÉU;GO;2026-03;402.0;21082.73;2026-03;1229.0;1330.0;32.71;30.23;0
520549;CIDADE OCIDENTAL;GO;2026-03;11062.0;581940.37;2026-03;14103.0;15144.0;78.44;73.05;0
520551;COCALZINHO DE GOIÁS;GO;2026-03;2718.0;137919.2;2026-03;4040.0;4437.0;67.28;61.26;0
520552;COLINAS DO SUL;GO;2026-03;270.0;13107.65;2026-03;827.0;859.0;32.65;31.43;0
520570;CÓRREGO DO OURO;GO;2026-03;219.0;11041.58;2026-03;356.0;366.0;61.52;59.84;0
520580;CORUMBÁ DE GOIÁS;GO;2026-03;746.0;38587.11;2026-03;1623.0;1726.0;45.96;43.22;0
520590;CORUMBAÍBA;GO;2026-03;642.0;33309.33;2026-03;982.0;1019.0;65.38;63.0;0
520620;CRISTALINA;GO;2026-03;3755.0;195144.46;2026-03;8392.0;9075.0;44.74;41.38;0
520630;CRISTIANÓPOLIS;GO;2026-03;426.0;21763.37;2026-03;695.0;724.0;61.29;58.84;0
520640;CRIXÁS;GO;2026-03;1007.0;52928.59;2026-03;1582.0;1648.0;63.65;61.1;0
520650;CROMÍNIA;GO;2026-03;363.0;18640.7;2026-03;672.0;730.0;54.02;49.73;0
520660;CUMARI;GO;2026-03;274.0;13785.17;2026-03;368.0;383.0;74.46;71.54;0
520670;DAMIANÓPOLIS;GO;2026-03;610.0;29645.5;2026-03;852.0;877.0;71.6;69.56;0
520680;DAMOLÂNDIA;GO;2026-03;342.0;18134.62;2026-03;685.0;704.0;49.93;48.58;0
520690;DAVINÓPOLIS;GO;2026-03;213.0;10105.9;2026-03;313.0;342.0;68.05;62.28;0
520710;DIORAMA;GO;2026-03;150.0;7340.12;2026-03;229.0;242.0;65.5;61.98;0
520725;DOVERLÂNDIA;GO;2026-03;501.0;25055.15;2026-03;926.0;1012.0;54.1;49.51;0
520735;EDEALINA;GO;2026-03;517.0;26203.49;2026-03;677.0;719.0;76.37;71.91;0
520740;EDÉIA;GO;2026-03;1165.0;60519.18;2026-03;1522.0;1673.0;76.54;69.64;0
520750;ESTRELA DO NORTE;GO;2026-03;305.0;15391.9;2026-03;507.0;571.0;60.16;53.42;0
520753;FAINA;GO;2026-03;712.0;36715.59;2026-03;1080.0;1150.0;65.93;61.91;0
520760;FAZENDA NOVA;GO;2026-03;593.0;30242.89;2026-03;1052.0;1146.0;56.37;51.75;0
520780;FIRMINÓPOLIS;GO;2026-03;943.0;48992.45;2026-03;1073.0;1157.0;87.88;81.5;0
520790;FLORES DE GOIÁS;GO;2026-03;764.0;38405.32;2026-03;2219.0;2346.0;34.43;32.57;0
520800;FORMOSA;GO;2026-03;8523.0;445739.57;2026-03;14640.0;15887.0;58.22;53.65;0
520810;FORMOSO;GO;2026-03;413.0;21004.47;2026-03;687.0;744.0;60.12;55.51;0
520815;GAMELEIRA DE GOIÁS;GO;2026-03;158.0;7961.63;2026-03;447.0;475.0;35.35;33.26;0
520830;DIVINÓPOLIS DE GOIÁS;GO;2026-03;593.0;28851.25;2026-03;1197.0;1267.0;49.54;46.8;0
520840;GOIANÁPOLIS;GO;2026-03;1564.0;82527.57;2026-03;2340.0;2516.0;66.84;62.16;0
520850;GOIANDIRA;GO;2026-03;278.0;13921.88;2026-03;512.0;569.0;54.3;48.86;0
520860;GOIANÉSIA;GO;2026-03;4119.0;217722.35;2026-03;6638.0;7239.0;62.05;56.9;0
520870;GOIÂNIA;GO;2026-03;71766.0;3802162.58;2026-03;100811.0;115851.0;71.19;61.95;0
520880;GOIANIRA;GO;2026-03;6064.0;321600.16;2026-03;7979.0;8830.0;76.0;68.67;0
520890;GOIÁS;GO;2026-03;2202.0;112180.08;2026-03;2836.0;3201.0;77.64;68.79;0
520910;GOIATUBA;GO;2026-03;2744.0;143904.04;2026-03;3231.0;3509.0;84.93;78.2;0
520915;GOUVELÂNDIA;GO;2026-03;370.0;19085.41;2026-03;647.0;684.0;57.19;54.09;0
520920;GUAPÓ;GO;2026-03;2043.0;107323.03;2026-03;3262.0;3509.0;62.63;58.22;0
520929;GUARAÍTA;GO;2026-03;263.0;13320.15;2026-03;456.0;487.0;57.68;54.0;0
520940;GUARANI DE GOIÁS;GO;2026-03;399.0;20196.97;2026-03;674.0;765.0;59.2;52.16;0
520945;GUARINOS;GO;2026-03;257.0;12361.41;2026-03;302.0;315.0;85.1;81.59;0
520960;HEITORAÍ;GO;2026-03;446.0;23153.16;2026-03;876.0;925.0;50.91;48.22;0
520970;HIDROLÂNDIA;GO;2026-03;2615.0;139642.49;2026-03;3611.0;3849.0;72.42;67.94;0
520980;HIDROLINA;GO;2026-03;310.0;15669.23;2026-03;454.0;500.0;68.28;62.0;0
520990;IACIARA;GO;2026-03;1683.0;85375.19;2026-03;2543.0;2671.0;66.18;63.01;0
520993;INACIOLÂNDIA;GO;2026-03;546.0;28892.63;2026-03;632.0;697.0;86.39;78.34;0
520995;INDIARA;GO;2026-03;1220.0;63714.42;2026-03;1714.0;1841.0;71.18;66.27;0
521000;INHUMAS;GO;2026-03;3421.0;179902.2;2026-03;5276.0;5914.0;64.84;57.85;0
521010;IPAMERI;GO;2026-03;2427.0;125265.05;2026-03;3025.0;3346.0;80.23;72.53;0
521015;IPIRANGA DE GOIÁS;GO;2026-03;103.0;4893.48;2026-03;435.0;476.0;23.68;21.64;0
521020;IPORÁ;GO;2026-03;3108.0;160744.84;2026-03;3317.0;3484.0;93.7;89.21;0
521030;ISRAELÂNDIA;GO;2026-03;295.0;15224.61;2026-03;389.0;447.0;75.84;66.0;0
521040;ITABERAÍ;GO;2026-03;4159.0;220220.97;2026-03;5809.0;6376.0;71.6;65.23;0
521056;ITAGUARI;GO;2026-03;544.0;28489.01;2026-03;739.0;786.0;73.61;69.21;0
521060;ITAGUARU;GO;2026-03;588.0;29730.25;2026-03;713.0;754.0;82.47;77.98;0
521080;ITAJÁ;GO;2026-03;431.0;21979.59;2026-03;463.0;494.0;93.09;87.25;0
521090;ITAPACI;GO;2026-03;1260.0;64976.54;2026-03;1888.0;2016.0;66.74;62.5;0
521100;ITAPIRAPUÃ;GO;2026-03;902.0;46081.86;2026-03;1335.0;1419.0;67.57;63.57;0
521120;ITAPURANGA;GO;2026-03;2960.0;156933.97;2026-03;3102.0;3572.0;95.42;82.87;0
521130;ITARUMÃ;GO;2026-03;546.0;27837.05;2026-03;676.0;701.0;80.77;77.89;0
521140;ITAUÇU;GO;2026-03;561.0;29583.33;2026-03;1167.0;1254.0;48.07;44.74;0
521150;ITUMBIARA;GO;2026-03;5603.0;296386.57;2026-03;9469.0;10117.0;59.17;55.38;0
521160;IVOLÂNDIA;GO;2026-03;244.0;12620.49;2026-03;493.0;529.0;49.49;46.12;0
521170;JANDAIA;GO;2026-03;488.0;24888.92;2026-03;712.0;781.0;68.54;62.48;0
521180;JARAGUÁ;GO;2026-03;4285.0;228612.18;2026-03;6472.0;7134.0;66.21;60.06;0
521190;JATAÍ;GO;2026-03;5788.0;306628.88;2026-03;7836.0;8672.0;73.86;66.74;0
521200;JAUPACI;GO;2026-03;320.0;15490.72;2026-03;466.0;495.0;68.67;64.65;0
521205;JESÚPOLIS;GO;2026-03;278.0;13903.69;2026-03;477.0;517.0;58.28;53.77;0
521210;JOVIÂNIA;GO;2026-03;437.0;22561.06;2026-03;489.0;546.0;89.37;80.04;0
521220;JUSSARA;GO;2026-03;2286.0;119751.63;2026-03;2621.0;2818.0;87.22;81.12;0
521225;LAGOA SANTA;GO;2026-03;161.0;8073.75;2026-03;376.0;402.0;42.82;40.05;0
521230;LEOPOLDO DE BULHÕES;GO;2026-03;472.0;24428.83;2026-03;1298.0;1423.0;36.36;33.17;0
521250;LUZIÂNIA;GO;2026-03;25758.0;1336758.03;2026-03;31255.0;34257.0;82.41;75.19;0
521260;MAIRIPOTABA;GO;2026-03;318.0;16304.22;2026-03;443.0;492.0;71.78;64.63;0
521270;MAMBAÍ;GO;2026-03;944.0;48733.65;2026-03;1725.0;1839.0;54.72;51.33;0
521280;MARA ROSA;GO;2026-03;871.0;46096.98;2026-03;1437.0;1542.0;60.61;56.49;0
521290;MARZAGÃO;GO;2026-03;202.0;10493.38;2026-03;345.0;361.0;58.55;55.96;0
521295;MATRINCHÃ;GO;2026-03;538.0;27972.47;2026-03;938.0;1014.0;57.36;53.06;0
521300;MAURILÂNDIA;GO;2026-03;821.0;43686.1;2026-03;1240.0;1314.0;66.21;62.48;0
521305;MIMOSO DE GOIÁS;GO;2026-03;207.0;9995.61;2026-03;459.0;476.0;45.1;43.49;0
521308;MINAÇU;GO;2026-03;2205.0;112897.6;2026-03;2653.0;2840.0;83.11;77.64;0
521310;MINEIROS;GO;2026-03;4194.0;219595.06;2026-03;6609.0;7414.0;63.46;56.57;0
521340;MOIPORÁ;GO;2026-03;146.0;7303.56;2026-03;198.0;220.0;73.74;66.36;0
521350;MONTE ALEGRE DE GOIÁS;GO;2026-03;830.0;38782.32;2026-03;1746.0;1842.0;47.54;45.06;0
521370;MONTES CLAROS DE GOIÁS;GO;2026-03;543.0;28117.28;2026-03;832.0;872.0;65.26;62.27;0
521375;MONTIVIDIU;GO;2026-03;662.0;34700.29;2026-03;1124.0;1251.0;58.9;52.92;0
521377;MONTIVIDIU DO NORTE;GO;2026-03;220.0;11232.44;2026-03;769.0;827.0;28.61;26.6;0
521380;MORRINHOS;GO;2026-03;3493.0;178936.89;2026-03;3900.0;4058.0;89.56;86.08;0
521385;MORRO AGUDO DE GOIÁS;GO;2026-03;359.0;18067.51;2026-03;465.0;493.0;77.2;72.82;0
521390;MOSSÂMEDES;GO;2026-03;435.0;21692.44;2026-03;562.0;590.0;77.4;73.73;0
521400;MOZARLÂNDIA;GO;2026-03;1166.0;62636.33;2026-03;2221.0;2426.0;52.5;48.06;0
521405;MUNDO NOVO;GO;2026-03;525.0;26444.85;2026-03;750.0;784.0;70.0;66.96;0
521410;MUTUNÓPOLIS;GO;2026-03;356.0;18235.26;2026-03;631.0;670.0;56.42;53.13;0
521440;NAZÁRIO;GO;2026-03;718.0;37247.99;2026-03;962.0;1026.0;74.64;69.98;0
521450;NERÓPOLIS;GO;2026-03;2615.0;138883.57;2026-03;3876.0;4095.0;67.47;63.86;0
521460;NIQUELÂNDIA;GO;2026-03;2580.0;130119.47;2026-03;3723.0;4157.0;69.3;62.06;0
521470;NOVA AMÉRICA;GO;2026-03;273.0;13975.2;2026-03;625.0;657.0;43.68;41.55;0
521480;NOVA AURORA;GO;2026-03;230.0;11742.94;2026-03;262.0;290.0;87.79;79.31;0
521483;NOVA CRIXÁS;GO;2026-03;1300.0;67565.65;2026-03;1755.0;1854.0;74.07;70.12;0
521486;NOVA GLÓRIA;GO;2026-03;391.0;18592.6;2026-03;1121.0;1223.0;34.88;31.97;0
521487;NOVA IGUAÇU DE GOIÁS;GO;2026-03;249.0;12777.96;2026-03;350.0;378.0;71.14;65.87;0
521490;NOVA ROMA;GO;2026-03;390.0;18752.86;2026-03;585.0;624.0;66.67;62.5;0
521500;NOVA VENEZA;GO;2026-03;888.0;46853.95;2026-03;1438.0;1539.0;61.75;57.7;0
521520;NOVO BRASIL;GO;2026-03;389.0;19751.24;2026-03;513.0;604.0;75.83;64.4;0
521523;NOVO GAMA;GO;2026-03;7000.0;367639.49;2026-03;11939.0;13138.0;58.63;53.28;0
521525;NOVO PLANALTO;GO;2026-03;445.0;23380.48;2026-03;671.0;732.0;66.32;60.79;0
521530;ORIZONA;GO;2026-03;752.0;38906.53;2026-03;1341.0;1518.0;56.08;49.54;0
521540;OURO VERDE DE GOIÁS;GO;2026-03;284.0;15073.57;2026-03;495.0;524.0;57.37;54.2;0
521550;OUVIDOR;GO;2026-03;612.0;31224.92;2026-03;744.0;838.0;82.26;73.03;0
521560;PADRE BERNARDO;GO;2026-03;3063.0;157458.27;2026-03;4234.0;4542.0;72.34;67.44;0
521565;PALESTINA DE GOIÁS;GO;2026-03;338.0;16151.71;2026-03;349.0;384.0;96.85;88.02;0
521570;PALMEIRAS DE GOIÁS;GO;2026-03;3019.0;157016.05;2026-03;3445.0;3741.0;87.63;80.7;0
521580;PALMELO;GO;2026-03;166.0;8605.83;2026-03;291.0;319.0;57.04;52.04;0
521590;PALMINÓPOLIS;GO;2026-03;424.0;21780.65;2026-03;543.0;608.0;78.08;69.74;0
521600;PANAMÁ;GO;2026-03;242.0;12445.18;2026-03;324.0;335.0;74.69;72.24;0
521630;PARANAIGUARA;GO;2026-03;1030.0;53296.76;2026-03;1040.0;1096.0;99.04;93.98;0
521640;PARAÚNA;GO;2026-03;1063.0;54892.21;2026-03;1178.0;1272.0;90.24;83.57;0
521645;PEROLÂNDIA;GO;2026-03;236.0;12016.13;2026-03;299.0;311.0;78.93;75.88;0
521680;PETROLINA DE GOIÁS;GO;2026-03;663.0;33449.14;2026-03;1042.0;1133.0;63.63;58.52;0
521690;PILAR DE GOIÁS;GO;2026-03;139.0;7018.19;2026-03;333.0;364.0;41.74;38.19;0
521710;PIRACANJUBA;GO;2026-03;2069.0;105337.5;2026-03;2316.0;2627.0;89.34;78.76;0
521720;PIRANHAS;GO;2026-03;942.0;49213.3;2026-03;1304.0;1375.0;72.24;68.51;0
521730;PIRENÓPOLIS;GO;2026-03;2111.0;108587.84;2026-03;2673.0;3107.0;78.97;67.94;0
521740;PIRES DO RIO;GO;2026-03;2403.0;126327.48;2026-03;3437.0;3721.0;69.92;64.58;0
521760;PLANALTINA;GO;2026-03;12121.0;626667.84;2026-03;15570.0;16956.0;77.85;71.49;0
521770;PONTALINA;GO;2026-03;1745.0;90072.22;2026-03;1770.0;2020.0;98.59;86.39;0
521800;PORANGATU;GO;2026-03;4268.0;224036.59;2026-03;4776.0;5206.0;89.36;81.98;0
521805;PORTEIRÃO;GO;2026-03;272.0;14590.96;2026-03;495.0;534.0;54.95;50.94;0
521810;PORTELÂNDIA;GO;2026-03;305.0;14841.4;2026-03;491.0;538.0;62.12;56.69;0
521830;POSSE;GO;2026-03;4039.0;205971.91;2026-03;4821.0;5297.0;83.78;76.25;0
521839;PROFESSOR JAMIL;GO;2026-03;278.0;14190.2;2026-03;641.0;701.0;43.37;39.66;0
521850;QUIRINÓPOLIS;GO;2026-03;2083.0;110714.8;2026-03;3890.0;4458.0;53.55;46.72;0
521860;RIALMA;GO;2026-03;215.0;10472.85;2026-03;1153.0;1230.0;18.65;17.48;0
521870;RIANÁPOLIS;GO;2026-03;250.0;12149.37;2026-03;573.0;609.0;43.63;41.05;0
521878;RIO QUENTE;GO;2026-03;265.0;14379.24;2026-03;503.0;532.0;52.68;49.81;0
521880;RIO VERDE;GO;2026-03;12908.0;693344.86;2026-03;17689.0;19979.0;72.97;64.61;0
521890;RUBIATABA;GO;2026-03;1410.0;73568.18;2026-03;1676.0;1836.0;84.13;76.8;0
521900;SANCLERLÂNDIA;GO;2026-03;791.0;40694.2;2026-03;934.0;986.0;84.69;80.22;0
521910;SANTA BÁRBARA DE GOIÁS;GO;2026-03;515.0;26964.17;2026-03;948.0;1008.0;54.32;51.09;0
521920;SANTA CRUZ DE GOIÁS;GO;2026-03;201.0;10205.55;2026-03;371.0;401.0;54.18;50.12;0
521925;SANTA FÉ DE GOIÁS;GO;2026-03;306.0;16211.79;2026-03;539.0;599.0;56.77;51.09;0
521930;SANTA HELENA DE GOIÁS;GO;2026-03;2126.0;113062.61;2026-03;3640.0;3863.0;58.41;55.03;0
521935;SANTA ISABEL;GO;2026-03;130.0;6353.02;2026-03;685.0;712.0;18.98;18.26;0
521940;SANTA RITA DO ARAGUAIA;GO;2026-03;526.0;26681.25;2026-03;815.0;869.0;64.54;60.53;0
521945;SANTA RITA DO NOVO DESTINO;GO;2026-03;125.0;6310.96;2026-03;435.0;459.0;28.74;27.23;0
521950;SANTA ROSA DE GOIÁS;GO;2026-03;289.0;15249.3;2026-03;437.0;467.0;66.13;61.88;0
521960;SANTA TEREZA DE GOIÁS;GO;2026-03;347.0;16913.44;2026-03;429.0;451.0;80.89;76.94;0
521970;SANTA TEREZINHA DE GOIÁS;GO;2026-03;899.0;46431.15;2026-03;1562.0;1733.0;57.55;51.88;0
521971;SANTO ANTÔNIO DA BARRA;GO;2026-03;350.0;17858.74;2026-03;425.0;470.0;82.35;74.47;0
521973;SANTO ANTÔNIO DE GOIÁS;GO;2026-03;780.0;41198.74;2026-03;1088.0;1180.0;71.69;66.1;0
521975;SANTO ANTÔNIO DO DESCOBERTO;GO;2026-03;7961.0;418254.84;2026-03;11176.0;12279.0;71.23;64.83;0
521980;SÃO DOMINGOS;GO;2026-03;831.0;41363.3;2026-03;1657.0;1776.0;50.15;46.79;0
521990;SÃO FRANCISCO DE GOIÁS;GO;2026-03;584.0;30263.65;2026-03;1079.0;1154.0;54.12;50.61;0
522000;SÃO JOÃO D'ALIANÇA;GO;2026-03;718.0;37048.56;2026-03;1817.0;1981.0;39.52;36.24;0
522005;SÃO JOÃO DA PARAÚNA;GO;2026-03;151.0;7508.6;2026-03;242.0;258.0;62.4;58.53;0
522010;SÃO LUÍS DE MONTES BELOS;GO;2026-03;2911.0;151848.31;2026-03;3256.0;3563.0;89.4;81.7;0
522015;SÃO LUIZ DO NORTE;GO;2026-03;773.0;39138.24;2026-03;939.0;978.0;82.32;79.04;0
522020;SÃO MIGUEL DO ARAGUAIA;GO;2026-03;2138.0;111565.67;2026-03;3357.0;3604.0;63.69;59.32;0
522026;SÃO MIGUEL DO PASSA QUATRO;GO;2026-03;248.0;12536.88;2026-03;440.0;496.0;56.36;50.0;0
522028;SÃO PATRÍCIO;GO;2026-03;47.0;2256.81;2026-03;370.0;391.0;12.7;12.02;0
522040;SÃO SIMÃO;GO;2026-03;1780.0;93309.17;2026-03;1849.0;2129.0;96.27;83.61;0
522045;SENADOR CANEDO;GO;2026-03;11136.0;597740.07;2026-03;15776.0;17320.0;70.59;64.3;0
522050;SERRANÓPOLIS;GO;2026-03;622.0;31855.47;2026-03;804.0;854.0;77.36;72.83;0
522060;SILVÂNIA;GO;2026-03;1311.0;68072.99;2026-03;2399.0;2574.0;54.65;50.93;0
522068;SIMOLÂNDIA;GO;2026-03;722.0;37311.45;2026-03;1160.0;1259.0;62.24;57.35;0
522070;SÍTIO D'ABADIA;GO;2026-03;359.0;17652.59;2026-03;827.0;882.0;43.41;40.7;0
522100;TAQUARAL DE GOIÁS;GO;2026-03;372.0;19390.87;2026-03;559.0;609.0;66.55;61.08;0
522108;TERESINA DE GOIÁS;GO;2026-03;375.0;18112.91;2026-03;1081.0;1129.0;34.69;33.22;0
522119;TEREZÓPOLIS DE GOIÁS;GO;2026-03;789.0;41378.02;2026-03;1625.0;1713.0;48.55;46.06;0
522130;TRÊS RANCHOS;GO;2026-03;284.0;13598.87;2026-03;444.0;483.0;63.96;58.8;0
522140;TRINDADE;GO;2026-03;13332.0;706539.94;2026-03;17271.0;19211.0;77.19;69.4;0
522145;TROMBAS;GO;2026-03;257.0;12675.25;2026-03;434.0;486.0;59.22;52.88;0
522150;TURVÂNIA;GO;2026-03;464.0;23629.34;2026-03;506.0;572.0;91.7;81.12;0
522155;TURVELÂNDIA;GO;2026-03;247.0;12795.84;2026-03;632.0;674.0;39.08;36.65;0
522157;UIRAPURU;GO;2026-03;226.0;11523.62;2026-03;531.0;576.0;42.56;39.24;0
522160;URUAÇU;GO;2026-03;3164.0;165567.45;2026-03;3894.0;4247.0;81.25;74.5;0
522170;URUANA;GO;2026-03;901.0;44243.29;2026-03;2263.0;2410.0;39.81;37.39;0
522180;URUTAÍ;GO;2026-03;172.0;8806.24;2026-03;529.0;569.0;32.51;30.23;0
522185;VALPARAÍSO DE GOIÁS;GO;2026-03;14644.0;766975.3;2026-03;18547.0;19936.0;78.96;73.46;0
522190;VARJÃO;GO;2026-03;344.0;17497.46;2026-03;535.0;586.0;64.3;58.7;0
522200;VIANÓPOLIS;GO;2026-03;854.0;44499.8;2026-03;1505.0;1685.0;56.74;50.68;0
522205;VICENTINÓPOLIS;GO;2026-03;589.0;31167.57;2026-03;1030.0;1146.0;57.18;51.4;0
522220;VILA BOA;GO;2026-03;373.0;19025.34;2026-03;776.0;841.0;48.07;44.35;0
522230;VILA PROPÍCIO;GO;2026-03;503.0;24876.52;2026-03;896.0;956.0;56.14;52.62;0
530010;BRASÍLIA;DF;2026-03;113646.0;5533880.76;2026-03;259565.0;283093.0;43.78;40.14;0
