data;tipo;cnpj;agente;classe;sucessao;cnpj_sucessor;classe_sucessor;reuniao_cad
2010-09-01;voluntário;02623557000104;ENGEBRA;Produtor Independente;sem sucessão;;;492
2013-06-05;voluntário;57487142000142;CIA FER LIGAS;Consumidor Livre;sem sucessão;;;667
2013-07-01;voluntário;02263791000178;MABELLA;Consumidor Especial;sem sucessão;;;702
2013-07-01;voluntário;20730099000194;SADIA;Consumidor Livre;com sucessão completa;01838723000127;Consumidor Livre;675
2013-07-01;voluntário;61150751000189;PRYSMIAN;Não Agente;com sucessão completa;00017734000183;Consumidor Especial;675
2013-07-16;voluntário;11664185000155;BOLOGNESI PAR;Produtor Independente;com sucessão completa;13348048000137;Produtor Independente;709
2013-08-01;voluntário;51423747001408;MDIASADRIABG;Consumidor Especial;com sucessão completa;07206816004293;Consumidor Especial;685
2013-09-01;voluntário;00989799000190;DSM;Consumidor Livre;com sucessão completa;06176436001194;Consumidor Livre;692
2013-09-19;voluntário;01202799000161;RIOPOL;Consumidor Livre;com sucessão completa;09017802000189;Consumidor Livre;705
2013-09-24;compulsório;01645009000201;PANTANAL;Gerador;sem sucessão;;;694
2013-09-24;compulsório;10823619000150;EOLOS-NH;Produtor Independente;sem sucessão;;;694
2013-09-24;compulsório;10823628000140;EOLOS-IPA;Produtor Independente;sem sucessão;;;694
2013-09-24;compulsório;10823640000155;EOLOS-ALC;Produtor Independente;sem sucessão;;;694
2013-09-24;compulsório;10823662000115;EOLOS-POT;Produtor Independente;sem sucessão;;;694
2013-09-26;voluntário;03631957000124;CTG TRADING;Comercializador;com sucessão completa;02998301000181;Produtor Independente;699
2013-10-01;voluntário;02916265008730;JBS PET;Consumidor Especial;com sucessão completa;02916265000160;Autoprodutor;705
2013-10-01;voluntário;07051149000149;ECOM CORRETORA;Comercializador;sem sucessão;;;699
2013-10-01;voluntário;61135711000168;ROCA;Consumidor Especial;com sucessão completa;75801902000126;Consumidor Especial;699
2013-10-01;voluntário;74404229000632;FLEXTRONICS;Consumidor Especial;sem sucessão;;;706
2013-10-08;compulsório;13398658000145;LCB;Comercializador;sem sucessão;;;698
2013-10-31;voluntário;31659584000135;CARBOCLORO;Consumidor Livre;com sucessão completa;33958695000178;Consumidor Livre;709
2013-12-01;voluntário;04005928000110;ITAUNA;Consumidor Livre;com sucessão completa;17469701000177;Comercializador;709
2013-12-01;voluntário;33261561000101;NORTESHOPPING;Consumidor Especial;com sucessão completa;29209285000157;Consumidor Especial;709
2014-01-01;voluntário;01153928000179;AGROVENETO;Consumidor Livre;com sucessão completa;08199996000118;Consumidor Livre;713
2014-01-01;voluntário;02449992000164;VIVO SA;Consumidor Especial;com sucessão completa;02558157000162;Consumidor Especial;713
2014-01-01;voluntário;04848623000170;CESS;Produtor Independente;com sucessão completa;02474103000119;Produtor Independente;715
2014-01-01;voluntário;07150233001000;AVENOVA;Consumidor Especial;sem sucessão;;;713
2014-01-01;voluntário;10919934001319;CCB BA;Consumidor Livre;com sucessão completa;10919934000185;Consumidor Livre;713
2014-01-01;voluntário;10919934005900;CCB CIMPOR;Consumidor Livre;sem sucessão;;;713
2014-01-01;voluntário;12706289000148;USINA SERRA GRANDE PI;Produtor Independente;sem sucessão;;;715
2014-01-01;voluntário;60943388000196;BORLEM;Consumidor Livre;com sucessão completa;02234234000390;Consumidor Livre;714
2014-02-01;voluntário;01259934000296;EXTRUSA PACK;Consumidor Especial;sem sucessão;;;721
2014-02-01;voluntário;02147737000167;MABE ITU;Consumidor Especial;sem sucessão;;;721
2014-02-01;voluntário;05151518000492;BELENUS DO BRASIL;Consumidor Especial;com sucessão completa;05151518000140;Consumidor Especial;717
2014-02-01;voluntário;61064838000567;SG BRASILIT RECIFE;Consumidor Especial;com sucessão completa;61064838000133;Consumidor Livre;719
2014-02-01;voluntário;61064838008622;SG WEBER SANTA LUZIA;Consumidor Especial;com sucessão completa;61064838000133;Consumidor Livre;717
2014-03-01;compulsório;12073436000190;METALLOX;Consumidor Livre;sem sucessão;;;717
2014-03-01;voluntário;01651102000300;M E G CABO PE;Consumidor Livre;com sucessão completa;04241585000192;Consumidor Livre;725
2014-03-01;voluntário;02037388000120;REAL BEBIDAS;Consumidor Especial;com sucessão completa;07196033000106;Consumidor Especial;725
2014-03-01;voluntário;02914460003842;SEARA SIDR;Consumidor Livre;com sucessão completa;02914460011276;Consumidor Livre;725
2014-03-01;voluntário;02914460018955;SEARA PAULINIA;Consumidor Especial;com sucessão completa;02914460011276;Consumidor Livre;725
2014-03-01;voluntário;02914460019412;SEARA JGU;Consumidor Especial;com sucessão completa;02914460011276;Consumidor Livre;725
2014-03-01;voluntário;05486723000166;BIOGERACAO;Produtor Independente;sem sucessão;;;726
2014-03-01;voluntário;09474270000109;RNEST;Autoprodutor;com sucessão completa;33000167000101;Produtor Independente;725
2014-03-01;voluntário;47964911002731;JUSSARA ARAXA;Consumidor Especial;com sucessão completa;47964911000100;Consumidor Especial;725
2014-03-01;voluntário;61310256000513;SIL FIOS;Consumidor Especial;sem sucessão;;;725
2014-03-01;voluntário;62655261000105;UNIBAN;Consumidor Especial;com sucessão completa;05808792000149;Consumidor Especial;725
2014-04-01;voluntário;02263791002707;MABELLA CAXIAS;Consumidor Especial;sem sucessão;;;730
2014-04-01;voluntário;02376055000126;A SCHULMAN;Consumidor Especial;sem sucessão;;;734
2014-04-01;voluntário;02914460000150;SEARA;Consumidor Livre;com sucessão completa;02914460011276;Consumidor Livre;728
2014-04-01;voluntário;02914460019331;SEARA AMP R;Consumidor Especial;com sucessão completa;02914460011276;Consumidor Livre;728
2014-04-01;voluntário;04664556000133;PENASUL;Consumidor Especial;sem sucessão;;;730
2014-04-01;voluntário;14548140000103;BREMIL;Consumidor Especial;com sucessão completa;91897876000138;Consumidor Livre;730
2014-04-01;voluntário;15842091000180;UTE PARNAIBA IV;Produtor Independente;com sucessão completa;15743303000171;Produtor Independente;734
2014-04-01;voluntário;21796032000115;CEDRONORTE;Consumidor Livre;com sucessão completa;17245234000100;Consumidor Livre;728
2014-04-01;voluntário;46041307000131;MABE;Consumidor Especial;com sucessão completa;60736279000106;Consumidor Livre;734
2014-04-01;voluntário;58852518000567;CEU AZUL SORO;Consumidor Especial;sem sucessão;;;730
2014-04-01;voluntário;59966879000173;DAGRANJA;Consumidor Especial;sem sucessão;;;730
2014-04-01;voluntário;60479813000138;GRAFTECH BRASIL;Consumidor Livre;sem sucessão;;;730
2014-05-16;compulsório;11154502000193;TERRA ENERGY;Comercializador;sem sucessão;;;734
2014-05-16;compulsório;11165186000155;MERCURIO;Comercializador;sem sucessão;;;734
2014-06-01;voluntário;18309666000272;IMFRAL;Consumidor Especial;com sucessão completa;18309666000191;Consumidor Especial;738
2014-06-01;voluntário;33700394000140;UNIBANCO;Autoprodutor;sem sucessão;;;739
2014-06-18;compulsório;11110664000120;INTEGRAL;Comercializador;sem sucessão;;;740
2014-06-23;compulsório;11518820000196;ECOM TRADING;Comercializador;sem sucessão;;;740
2014-07-01;voluntário;64802713000151;MATEC;Consumidor Especial;sem sucessão;;;745
2014-07-01;voluntário;90195892001945;GPC QUIMICA I;Consumidor Livre;sem sucessão;;;747
2014-07-01;voluntário;91374561000106;FRANGOSUL FRIG;Consumidor Especial;sem sucessão;;;747
2014-07-14;compulsório;10544680000168;TCE ENERGIA;Comercializador;sem sucessão;;;746
2014-07-31;compulsório;14842238000179;EAGLE;Comercializador;sem sucessão;;;749
2014-08-01;voluntário;08910541000240;OI-RJ;Consumidor Livre;com sucessão completa;08910541000169;Consumidor Livre;753
2014-08-01;voluntário;09538989000166;CAARAPO PR;Produtor Independente;com sucessão completa;19275443000113;Produtor Independente;752
2014-08-01;voluntário;14083818000120;TORK;Consumidor Livre;sem sucessão;;;752
2014-08-01;voluntário;61116331000186;VIGOR;Consumidor Especial;com sucessão completa;13324184000197;Consumidor Especial;752
2014-08-01;voluntário;99999999004340;OI-SA;Consumidor Livre;com sucessão completa;08910541000169;Consumidor Livre;753
2014-09-01;compulsório;12334551000170;EBX HOLDING;Consumidor Especial;sem sucessão;;;759
2014-09-01;voluntário;00880935000100;UNIIGARASSU;Consumidor Especial;com sucessão completa;01615814008005;Consumidor Especial;758
2014-09-01;voluntário;10523280000176;SUSPENSYS;Consumidor Livre;com sucessão completa;89086144000620;Consumidor Livre;757
2014-09-01;voluntário;59280685000462;ZF ARA;Consumidor Especial;com sucessão completa;59280685001515;Consumidor Especial;757
2014-09-01;voluntário;65577892000133;JOFEGE;Consumidor Especial;sem sucessão;;;757
2014-10-01;compulsório;09092023000148;REB BENS;Produtor Independente;com sucessão completa;14094988000100;Produtor Independente;762
2014-10-01;voluntário;03139761000117;NOVASOC;Consumidor Especial;com sucessão completa;01545828000198;Consumidor Especial;762
2014-11-01;voluntário;03693299000103;CIMENTO DAVI;Consumidor Livre;com sucessão completa;10917819003510;Consumidor Livre;766
2014-11-01;voluntário;05958631000131;GRAPON;Produtor Independente;sem sucessão;;;767
2014-11-01;voluntário;58310368000136;CIPATEX SV;Consumidor Especial;com sucessão completa;47254461000154;Consumidor Especial;766
2014-11-01;voluntário;61082822000153;BUNGE FERTILIZ;Consumidor Livre;com sucessão completa;92660604000182;Consumidor Livre;767
2014-11-01;voluntário;91155259000167;FLORESTAL ALIMENTOS;Consumidor Especial;sem sucessão;;;768
2014-12-01;compulsório;13309332000102;RS RECICLAGEM;Consumidor Especial;sem sucessão;;;770
2014-12-01;compulsório;23383847000955;FRANCO MATOS;Consumidor Especial;sem sucessão;;;772
2014-12-01;voluntário;02757614000148;CONTAX;Consumidor Especial;com sucessão completa;67313221000190;Consumidor Especial;770
2014-12-01;voluntário;03858331000155;PLURAL IND GRAF;Consumidor Livre;com sucessão completa;03858331000236;Consumidor Especial;770
2014-12-01;voluntário;13787454000287;SERRAMAR;Consumidor Especial;com sucessão completa;16807903000119;Consumidor Especial;770
2014-12-01;voluntário;15169224000107;SIRIUS ENERGIA;Comercializador;sem sucessão;;;771
2014-12-01;voluntário;31860364000175;NEXANS D;Consumidor Livre;com sucessão completa;31860364001228;Consumidor Livre;770
2014-12-01;voluntário;72907595000760;MDPACUB;Consumidor Livre;sem sucessão;;;772
2014-12-01;voluntário;77221786001092;KHOURI;Consumidor Livre;com sucessão completa;10917819003600;Consumidor Livre;770
2015-01-01;compulsório;00949610000136;SUPERMODELO;Consumidor Especial;sem sucessão;;;774
2015-01-01;compulsório;08620421000127;MURICY I;Produtor Independente;com sucessão completa;33000167000101;Produtor Independente;776
2015-01-01;compulsório;08627559000158;AREMBEPE;Produtor Independente;com sucessão completa;33000167000101;Produtor Independente;776
2015-01-01;voluntário;00021096000174;INVISTA NYL;Consumidor Livre;sem sucessão;;;774
2015-01-01;voluntário;01115825000548;PLASTIPAK RECIFE;Consumidor Livre;com sucessão completa;01115825000114;Consumidor Livre;775
2015-01-01;voluntário;04558449000473;GLOBALPACK DIA;Consumidor Especial;com sucessão completa;04558449000120;Consumidor Livre;774
2015-01-01;voluntário;18583682000178;RESIL MINAS;Consumidor Especial;com sucessão completa;00970934000580;Consumidor Especial;776
2015-01-01;voluntário;77911261000198;GUARARAPES PALMAS;Consumidor Especial;sem sucessão;;;774
2015-01-01;voluntário;89472625000160;DICREL;Consumidor Especial;sem sucessão;;;775
2015-02-01;voluntário;10772867000119;CVER CONV;Comercializador;com sucessão completa;17613512000126;Produtor Independente;780
2015-02-01;voluntário;11489312000127;ATLANTIC COM;Comercializador;com sucessão completa;17613512000126;Produtor Independente;780
2015-02-01;voluntário;59476770003416;P&G ANCHIETA;Consumidor Especial;sem sucessão;;;780
2015-02-01;voluntário;60432648000169;SAO ROBERTO;Consumidor Especial;com sucessão completa;92791243000103;Consumidor Especial;779
2015-02-01;voluntário;61689212000627;THYSSEN BILST;Consumidor Especial;com sucessão completa;47366273001190;Consumidor Especial;780
2015-03-01;voluntário;01014183000167;CIMPLAST;Consumidor Especial;com sucessão completa;59320820000375;Consumidor Especial;784
2015-03-01;voluntário;04432851000164;CAPIM BRANCO;Produtor Independente;com sucessão completa;12009135000105;Produtor Independente;783
2015-03-01;voluntário;09017802000189;BRASKEM QPAR;Consumidor Livre;com sucessão completa;42150391000170;Consumidor Livre;784
2015-03-01;voluntário;09647307000153;FORTLEV;Consumidor Especial;com sucessão completa;10921911000105;Consumidor Especial;783
2015-03-01;voluntário;15274346000155;EPICARES;Produtor Independente;com sucessão completa;12009135000105;Produtor Independente;783
2015-03-01;voluntário;88309620002606;ALSTOM BR TAUB;Consumidor Livre;com sucessão completa;17692901000437;Consumidor Livre;787
2015-04-01;voluntário;02860642000510;THYSSEN AUTO;Consumidor Especial;com sucessão completa;02591818000909;Consumidor Especial;792
2015-04-01;voluntário;03190389000173;RIO PEDRINHO;Produtor Independente;sem sucessão;;;792
2015-04-01;voluntário;04027547000131;T EMPRESAS;Consumidor Livre;com sucessão completa;04027547003661;Consumidor Livre;792
2015-04-01;voluntário;08676991000139;SUCOVALLE;Consumidor Especial;com sucessão completa;07196033000106;Consumidor Especial;793
2015-04-01;voluntário;15738663000185;NILIT BRASIL;Consumidor Livre;sem sucessão;;;793
2015-04-01;voluntário;58852518000133;CEU AZUL ALIMENTOS;Consumidor Especial;sem sucessão;;;792
2015-04-01;voluntário;59476770002282;P&G LOUVEIRA;Consumidor Livre;sem sucessão;;;793
2015-04-01;voluntário;60857349000680;TRW SANDRE;Consumidor Especial;sem sucessão;;;793
2015-04-01;voluntário;60857349000761;TRW TC;Consumidor Especial;sem sucessão;;;793
2015-04-01;voluntário;80718984000180;ALUMASA;Consumidor Especial;sem sucessão;;;791
2015-04-01;voluntário;89086961000174;DAKOTA;Consumidor Especial;sem sucessão;;;793
2015-05-01;voluntário;00866577000857;SAUIPE PARK;Consumidor Especial;com sucessão completa;00866577000180;Consumidor Especial;798
2015-05-01;voluntário;05620523000235;UEL;Produtor Independente;com sucessão completa;15806930000104;Produtor Independente;798
2015-05-01;voluntário;10917819003510;LAFARGE SANTA LUZIA;Consumidor Livre;com sucessão completa;21109697000103;Consumidor Livre;797
2015-05-01;voluntário;17919549000349;IPAPEIS;Consumidor Especial;com sucessão completa;17919549000187;Consumidor Especial;798
2015-05-13;compulsório;15186582000110;WAVE;Comercializador;sem sucessão;;;799
2015-05-21;compulsório;13751254000193;MERCOSUL;Comercializador;sem sucessão;;;799
2015-06-01;voluntário;08471698000135;LUNENDER;Consumidor Especial;com sucessão completa;12213317000195;Consumidor Especial;806
2015-06-23;compulsório;14990369000101;NERIA VAREJISTA;Comercializador;sem sucessão;;;809
2015-07-01;compulsório;08734475000113;VAITRE;Comercializador;sem sucessão;;;814
2015-07-01;compulsório;10420690000191;SAO BORJA;Produtor Independente;com sucessão completa;10348446000165;Produtor Independente;816
2015-07-01;compulsório;11513743000181;C CHATO III;Produtor Independente;com sucessão completa;00073957000168;Não Agente;812
2015-07-01;compulsório;11513749000159;C CHATO II;Produtor Independente;com sucessão completa;00073957000168;Não Agente;812
2015-07-01;compulsório;11513764000105;C CHATO I;Produtor Independente;com sucessão completa;00073957000168;Não Agente;812
2015-07-01;voluntário;01948535000232;ISOFILME;Consumidor Especial;com sucessão completa;76500180000809;Consumidor Especial;812
2015-07-01;voluntário;02260955000103;BROOKFIELD M;Produtor Independente;sem sucessão;;;812
2015-07-01;voluntário;07648272000141;FIOTEX;Consumidor Livre;sem sucessão;;;814
2015-07-01;voluntário;64822521000298;RHOTOPLAS;Consumidor Especial;com sucessão completa;64822521000107;Consumidor Especial;816
2015-08-01;voluntário;04558449000120;GLOBALPACK MAT;Consumidor Livre;sem sucessão;;;820
2015-08-01;voluntário;08619844000127;RAIZEN CENTROOESTE LTDA;Consumidor Livre;com sucessão completa;18686104000167;Produtor Independente;820
2015-08-01;voluntário;11232074000170;CGO;Consumidor Livre;com sucessão completa;21823063000118;Consumidor Livre;821
2015-08-01;voluntário;14731510000143;DESA COM;Comercializador;sem sucessão;;;820
2015-08-13;compulsório;12545944000123;BOLT BCE;Comercializador;sem sucessão;;;821
2015-08-27;compulsório;09420008000181;BUNGE COM;Comercializador;sem sucessão;;;824
2015-09-01;voluntário;00216758000161;ITAP MAUA;Consumidor Livre;com sucessão completa;60394723000144;Consumidor Livre;824
2015-09-01;voluntário;00245980001083;AMCOR PA;Consumidor Especial;sem sucessão;;;824
2015-09-01;voluntário;04250671000161;BIOCOGERA;Produtor Independente;com sucessão completa;71324792000106;Produtor Independente;824
2015-09-01;voluntário;16422940000109;PARKSHOP CAMPO GRANDE;Consumidor Livre;com sucessão completa;20102243000148;Consumidor Livre;824
2015-10-01;voluntário;03462111000108;ALOG;Consumidor Especial;com sucessão completa;03672254000225;Consumidor Livre;831
2015-10-01;voluntário;81073892000152;PRIME;Consumidor Especial;com sucessão completa;76492701000157;Consumidor Especial;832
2015-10-01;voluntário;86445822000444;COPOBRAS S/A;Consumidor Livre;com sucessão completa;86445822000100;Consumidor Livre;833
2015-11-01;voluntário;02125403000192;AMBEV PI;Consumidor Livre;com sucessão completa;07526557000100;Consumidor Livre;838
2015-11-01;voluntário;02261789000402;REXAM EMB;Consumidor Especial;com sucessão completa;60760642000110;Consumidor Especial;838
2015-11-01;voluntário;09395349000144;PCH RIO GRANDE PIE;Produtor Independente;sem sucessão;;;839
2015-11-01;voluntário;11744839000150;CCCE;Comercializador;sem sucessão;;;838
2015-11-01;voluntário;12412280000124;PCH ZE TUNIN PIE;Produtor Independente;sem sucessão;;;839
2015-11-01;voluntário;17159559000242;SIDERPITA;Autoprodutor;sem sucessão;;;840
2015-11-01;voluntário;19931937000109;UTE VIST ALEG II;Produtor Independente;com sucessão completa;15103714000100;Produtor Independente;839
2015-12-01;voluntário;04810550000127;LEAO ENG;Consumidor Especial;com sucessão completa;06249465000167;Consumidor Especial;844
2015-12-01;voluntário;06015859000150;ATIAIA RENOVAVEIS;Produtor Independente;com sucessão completa;15743124000134;Produtor Independente;843
2015-12-01;voluntário;07991012000336;ADEA FAROL;Consumidor Especial;com sucessão completa;07991012000174;Consumidor Especial;843
2015-12-01;voluntário;08657268000102;UTE RIO PARDO;Produtor Independente;sem sucessão;;;844
2015-12-01;voluntário;09145176000106;SHOP SANTANA;Consumidor Especial;com sucessão completa;08281830000227;Consumidor Livre;844
2015-12-01;voluntário;19931960000101;UTE SANT CANDID II;Produtor Independente;sem sucessão;;;844
2015-12-01;voluntário;45777166000157;DESTIMEL;Autoprodutor;com sucessão completa;49333800000113;Autoprodutor;845
2015-12-01;voluntário;73082158000121;AMBEV EQUATORI;Consumidor Livre;com sucessão completa;07526557000100;Consumidor Livre;843
2015-12-01;voluntário;89777692000192;CERTEL GERACAO I1;Produtor Independente;com sucessão completa;20109904000167;Produtor Independente;843
2016-01-01;compulsório;02399654000165;VIDALIMENTOS;Consumidor Especial;sem sucessão;;;848
2016-01-01;voluntário;07174193000227;GERMANI CEREAIS;Consumidor Especial;sem sucessão;;;848
2016-01-01;voluntário;10807972000146;CIV PE;Consumidor Livre;com sucessão completa;08910541000169;Consumidor Livre;848
2016-01-01;voluntário;12645814000162;RECICLAMAX;Consumidor Especial;sem sucessão;;;848
2016-01-01;voluntário;27865757001508;GLOBO JB;Consumidor Especial;com sucessão completa;27865757000102;Consumidor Livre;848
2016-01-01;voluntário;46070868000169;PFIZER LABS;Consumidor Livre;sem sucessão;;;848
2016-01-01;voluntário;60723061055868;YAKULT;Consumidor Livre;sem sucessão;;;849
2016-02-01;compulsório;33000167007114;UTE SEPE TIARAJU;Produtor Independente;com sucessão completa;33000167000101;Produtor Independente;852
2016-02-01;voluntário;01999166000126;INNOVA;Consumidor Livre;com sucessão completa;04229761001142;Autoprodutor;853
2016-02-01;voluntário;04010150000137;ALPINA PE;Consumidor Livre;sem sucessão;;;852
2016-02-01;voluntário;05300340000151;DPAM;Consumidor Especial;sem sucessão;;;853
2016-02-01;voluntário;05992519000206;DNP;Consumidor Especial;sem sucessão;;;852
2016-02-01;voluntário;07157459000142;PEC ENERGIA;Produtor Independente;com sucessão completa;22357375000146;Produtor Independente;853
2016-02-01;voluntário;17168220000121;COCA-COLA MG;Consumidor Livre;com sucessão completa;61186888000193;Consumidor Especial;853
2016-03-01;compulsório;14131930000199;VENTO DO NORTE;Produtor Independente;sem sucessão;;;857
2016-03-01;compulsório;15143253000191;MARCO VENTO I;Produtor Independente;sem sucessão;;;857
2016-03-01;voluntário;01278018000112;SCHIN BA;Consumidor Livre;com sucessão completa;50221019000136;Consumidor Livre;857
2016-03-01;voluntário;04705090000177;QUATTOR PP;Consumidor Livre;com sucessão completa;04705090000681;Consumidor Livre;857
2016-03-01;voluntário;05991449000182;ECOSTEEL;Consumidor Especial;sem sucessão;;;857
2016-04-01;compulsório;03776220000108;SHOP LIGHT;Consumidor Especial;sem sucessão;;;863
2016-04-01;voluntário;02608755003033;ESTACIO NE;Consumidor Especial;com sucessão completa;02608755000107;Consumidor Especial;863
2016-04-01;voluntário;02867340000140;TRADENERGY;Comercializador;com sucessão completa;02691745000170;Comercializador;866
2016-04-01;voluntário;07583828000169;CHF;Produtor Independente;sem sucessão;;;864
2016-04-01;voluntário;16293359000134;BOM OLEO;Consumidor Especial;sem sucessão;;;864
2016-04-01;voluntário;18810358000145;CIAB;Autoprodutor;sem sucessão;;;863
2016-04-01;voluntário;20388757000101;PLANTAR;Autoprodutor;sem sucessão;;;863
2016-04-01;voluntário;49213747000117;VALE ROSARIO;Produtor Independente;com sucessão completa;49213747011828;Produtor Independente;864
2016-04-01;voluntário;59179838000307;PIRELLI GRAVAT;Consumidor Livre;com sucessão completa;22301988000595;Consumidor Livre;863
2016-04-15;compulsório;15137270000116;TECNEIRA EMBUA;Produtor Independente;sem sucessão;;;869
2016-05-01;voluntário;01201289000170;CSJ;Consumidor Especial;sem sucessão;;;872
2016-05-01;voluntário;03464578000197;PCH ALTOE;Produtor Independente;sem sucessão;;;870
2016-05-01;voluntário;03771820000175;PANTANAL ENERGETICA;Não Agente;sem sucessão;;;870
2016-05-01;voluntário;05804475000154;SOUFER;Consumidor Especial;sem sucessão;;;870
2016-05-01;voluntário;06176436001194;LANXESS INDUST;Consumidor Livre;com sucessão completa;29667227001220;Consumidor Livre;872
2016-05-01;voluntário;09077005000197;SPE CRISTINA PIE;Produtor Independente;sem sucessão;;;872
2016-05-01;voluntário;50929710000179;MEDLEY;Consumidor Especial;com sucessão completa;10588595000797;Consumidor Especial;870
2016-06-01;voluntário;02049012000136;AURORA TEXTIL;Consumidor Especial;sem sucessão;;;875
2016-06-01;voluntário;04171762000101;AXE INDUSTRIAL;Consumidor Especial;com sucessão completa;23817173000100;Consumidor Especial;874
2016-06-01;voluntário;07869893000155;VDV;Produtor Independente;sem sucessão;;;875
2016-06-01;voluntário;10141735000199;SHOP M ALVARO;Consumidor Especial;com sucessão completa;15468730000199;Consumidor Especial;875
2016-06-01;voluntário;10919934000185;CCB;Consumidor Livre;com sucessão completa;62258884000136;Comercializador;874
2016-06-01;voluntário;57010662000917;VALEO ILUMINA;Consumidor Especial;com sucessão completa;57010662000160;Consumidor Livre;875
2016-06-01;voluntário;57074106000157;CITROVITA;Autoprodutor;com sucessão completa;33010786000187;Autoprodutor;874
2016-06-01;voluntário;60494416000569;PAGUE MENOS - LJ 04;Consumidor Especial;com sucessão completa;60494416000135;Consumidor Especial;874
2016-06-01;voluntário;65897910000326;TAUSTE;Consumidor Especial;com sucessão completa;65897910000164;Consumidor Especial;874
2016-07-01;voluntário;05103128000102;UNIME ITABUNA;Consumidor Especial;com sucessão completa;14793478000120;Consumidor Especial;880
2016-07-01;voluntário;08056257000177;CERRADAO;Produtor Independente;com sucessão completa;23156463000142;Produtor Independente;880
2016-08-01;voluntário;00668173000182;UNIAO;Consumidor Especial;sem sucessão;;;886
2016-08-01;voluntário;03858331000236;PLURAL PE;Consumidor Especial;sem sucessão;;;883
2016-08-01;voluntário;15179682002324;RHODIA JACAREI;Consumidor Especial;sem sucessão;;;885
2016-09-01;voluntário;02719035000100;AVEBOM;Consumidor Livre;sem sucessão;;;890
2016-09-01;voluntário;65124307000140;VERDEMAR;Consumidor Especial;com sucessão completa;65124307001464;Consumidor Especial;890
2016-09-19;compulsório;15167103000118;CABO VERDE I;Produtor Independente;sem sucessão;;;893
2016-09-19;compulsório;15167180000178;CABO VERDE II;Produtor Independente;sem sucessão;;;893
2016-09-19;compulsório;17560838000132;GRANJA VARGAS;Produtor Independente;sem sucessão;;;893
2016-09-19;compulsório;17560873000151;CABO VERDE III;Produtor Independente;sem sucessão;;;893
2016-09-19;compulsório;19048261000100;GRANJA VARGAS II;Produtor Independente;sem sucessão;;;893
2016-10-01;voluntário;01797671000198;MIZU;Consumidor Especial;com sucessão completa;29067113021002;Consumidor Livre;895
2016-10-01;voluntário;03133678000130;ARTECOLA;Consumidor Especial;com sucessão completa;44699346000952;Consumidor Especial;895
2016-10-01;voluntário;03436324000165;SANTA URSULA (DESLIGADO);Consumidor Livre;com sucessão completa;24501569000107;Consumidor Livre;895
2016-10-01;voluntário;05659785003652;MARE CIMENTO;Consumidor Livre;com sucessão completa;29067113021002;Consumidor Livre;895
2016-10-01;voluntário;07218286000125;OLIVO METALURGICOS;Consumidor Especial;com sucessão completa;24626523000106;Consumidor Especial;895
2016-10-01;voluntário;08486298000101;VILA OLIMPIA;Consumidor Livre;com sucessão completa;23481596000194;Consumidor Livre;895
2016-10-01;voluntário;15747920000145;JUNDIAI SHOPPING;Consumidor Livre;com sucessão completa;23236097000131;Consumidor Livre;895
2016-11-01;voluntário;02998609000127;AES TIETE;Gerador;com sucessão completa;04128563000110;Não Agente;899
2016-11-01;voluntário;08334616000100;IDEALPLAST;Consumidor Especial;com sucessão completa;06133155000182;Consumidor Especial;899
2016-11-01;voluntário;09357406000109;COMPONIAN;Consumidor Especial;com sucessão completa;21392921000117;Consumidor Especial;900
2016-11-01;voluntário;17101880000276;ORSA;Consumidor Especial;com sucessão completa;52736949000158;Consumidor Livre;900
2016-11-01;voluntário;59320820000375;GREIF OSASCO;Consumidor Especial;com sucessão completa;59320820000103;Consumidor Especial;899
2016-11-01;voluntário;61284006000122;METALAC;Consumidor Especial;com sucessão completa;44068211000131;Consumidor Especial;899
2016-11-01;voluntário;61403127000146;LAFARGE;Autoprodutor;com sucessão completa;10917819000171;Autoprodutor;899
2016-11-01;voluntário;88587357000240;SANTA CLARA LAT;Consumidor Especial;com sucessão completa;88587357000169;Consumidor Especial;900
2016-11-01;voluntário;88587357000592;SANTA CLARA FRIG;Consumidor Especial;com sucessão completa;88587357000169;Consumidor Especial;900
2016-11-01;voluntário;88587357006019;SANTA CLARA GETULIO;Consumidor Especial;com sucessão completa;88587357000169;Consumidor Especial;900
2016-12-01;compulsório;11041759000139;BRASIL SOLAIR;Produtor Independente;sem sucessão;;;903
2016-12-01;voluntário;03022008000570;NUTRECO-PITANGUEIRAS;Consumidor Especial;com sucessão completa;03022008000147;Consumidor Especial;903
2016-12-01;voluntário;04023995000248;HSLC;Consumidor Especial;com sucessão completa;60884855001630;Consumidor Especial;903
2016-12-01;voluntário;04684365000133;HOSPITAL DAS AMERICAS;Consumidor Especial;sem sucessão;;;903
2016-12-01;voluntário;11845570000107;PRYSMIAN SURF;Consumidor Especial;com sucessão completa;61150751003528;Consumidor Especial;903
2016-12-01;voluntário;47595863000465;DELTA;Consumidor Livre;com sucessão completa;47595863000112;Consumidor Livre;903
2016-12-01;voluntário;52618139002221;CEMAR LEGR;Consumidor Especial;com sucessão completa;52618139000105;Consumidor Especial;903
2016-12-01;voluntário;61104592000186;SCHRADER;Consumidor Especial;sem sucessão;;;903
2017-01-01;compulsório;04831696000159;BRASYMPE ENERGIA;Produtor Independente;sem sucessão;;;909
2017-01-01;compulsório;08157460000130;GUANHAES ENERGIA;Produtor Independente;sem sucessão;;;909
2017-01-01;compulsório;14026164000100;PCH JAMBO;Produtor Independente;sem sucessão;;;909
2017-01-01;compulsório;64725270000142;ITAENGA;Produtor Independente;sem sucessão;;;909
2017-01-01;compulsório;87656989000174;CERILUZ DIST;Distribuidor;sem sucessão;;;909
2017-01-01;voluntário;03497430000159;BPS SHOPPING;Consumidor Livre;com sucessão completa;15206473000117;Consumidor Livre;907
2017-01-01;voluntário;03672254000225;EQUINIX;Consumidor Livre;com sucessão completa;03672254000144;Consumidor Especial;909
2017-01-01;voluntário;04021368000197;LAF HOSPITAL;Consumidor Especial;com sucessão completa;60884855002289;Consumidor Livre;909
2017-01-01;voluntário;04451907000128;CEMIG GERACAO POCO FUNDO MG;Produtor Independente;sem sucessão;;;909
2017-01-01;voluntário;05640971000110;SBMM;Consumidor Livre;com sucessão completa;10302599000171;Consumidor Livre;908
2017-01-01;voluntário;08830308000176;MMX CE TICO TICO;Consumidor Especial;com sucessão completa;22902554000117;Consumidor Especial;908
2017-01-01;voluntário;09479233000193;RANDON IMP;Consumidor Especial;sem sucessão;;;908
2017-01-01;voluntário;10483444000260;COG BETANIA;Consumidor Especial;com sucessão completa;10483444000189;Consumidor Especial;908
2017-01-01;voluntário;10807972000731;CIV - VITORIA;Consumidor Livre;com sucessão completa;08910541000169;Consumidor Livre;908
2017-01-01;voluntário;18612511000120;SANTISTA JEANS;Consumidor Livre;com sucessão completa;61520607000197;Consumidor Livre;908
2017-01-01;voluntário;22751408000138;CATAUBATE;Consumidor Especial;com sucessão completa;59104513000519;Consumidor Especial;907
2017-01-01;voluntário;34767897000103;PCH CASTAMAN I;Produtor Independente;sem sucessão;;;908
2017-01-01;voluntário;53224127000150;CONDUMAX;Consumidor Especial;com sucessão completa;53224127000584;Consumidor Especial;907
2017-01-01;voluntário;61532198000491;DELGA LAPA;Consumidor Especial;com sucessão completa;61532198000149;Consumidor Especial;908
2017-02-01;voluntário;00452047000196;ALUJET;Consumidor Especial;com sucessão completa;14591542000271;Consumidor Especial;912
2017-02-01;voluntário;04792521000503;FIDELITY;Consumidor Especial;com sucessão completa;23532312000575;Consumidor Especial;914
2017-02-01;voluntário;09292229000111;BRASALPLA PERNAMBUCO;Consumidor Livre;com sucessão completa;01377724000111;Consumidor Livre;912
2017-02-01;voluntário;18499616000114;VMETAIS;Consumidor Livre;com sucessão completa;61409892000173;Autoprodutor;912
2017-02-01;voluntário;43628429000130;DAIWA;Consumidor Livre;sem sucessão;;;914
2017-02-01;voluntário;49912199000385;PENHA;Consumidor Especial;com sucessão completa;49912199000113;Consumidor Especial;914
2017-02-01;voluntário;83108712000156;LMG ROUPAS;Consumidor Especial;sem sucessão;;;914
2017-02-01;voluntário;84684455000163;TIGRE SA;Consumidor Livre;com sucessão completa;08862530000150;Consumidor Livre;912
2017-02-01;voluntário;84684455007176;TIGRE RC;Consumidor Livre;com sucessão completa;08862530000150;Consumidor Livre;912
2017-02-01;voluntário;89889869000142;UTE ENGENHO CORADINI;Produtor Independente;sem sucessão;;;912
2017-02-23;compulsório;08895900000156;PCH QUARTEL TRES;Produtor Independente;sem sucessão;;;919
2017-02-23;compulsório;09015347000182;PCH QUARTEL UM;Produtor Independente;sem sucessão;;;919
2017-02-23;compulsório;09015526000110;PCH QUARTEL DOIS;Produtor Independente;sem sucessão;;;919
2017-03-01;voluntário;00720580000191;CEREALISTA FUMACENSE;Consumidor Especial;sem sucessão;;;921
2017-03-01;voluntário;01710644000136;CGH TAQUARA VERDE;Autoprodutor;sem sucessão;;;920
2017-03-01;voluntário;02423920000148;BIO SOJA;Consumidor Especial;com sucessão completa;45365558000109;Consumidor Especial;921
2017-03-01;voluntário;04600723000182;ALBA;Consumidor Especial;sem sucessão;;;919
2017-03-01;voluntário;09602132000168;CGH GLORIA;Produtor Independente;sem sucessão;;;921
2017-03-01;voluntário;50142223000161;PAN-AMERICANA;Consumidor Livre;com sucessão completa;28789998000255;Consumidor Livre;921
2017-03-01;voluntário;61142766000103;TSA;Consumidor Livre;com sucessão completa;08689024000616;Consumidor Livre;921
2017-03-01;voluntário;85283430000110;DOPEL;Produtor Independente;sem sucessão;;;921
2017-04-01;voluntário;05603974000183;SMI;Consumidor Especial;com sucessão completa;10341684000149;Consumidor Especial;923
2017-04-01;voluntário;05699630000110;CERBRANORTE G;Produtor Independente;com sucessão completa;25383792000151;Produtor Independente;925
2017-04-01;voluntário;06050449000140;CECCON;Consumidor Especial;com sucessão completa;02168202000172;Consumidor Especial;925
2017-04-01;voluntário;07323558000157;METALURGICA SKYCUT;Consumidor Especial;com sucessão completa;82983032000119;Consumidor Especial;925
2017-04-01;voluntário;09041908000118;NORDEPLAST;Consumidor Especial;com sucessão completa;26608960000122;Consumidor Especial;923
2017-04-01;voluntário;09140853000101;OKYTA MINERACAO;Consumidor Especial;com sucessão completa;07645062000523;Consumidor Especial;925
2017-04-01;voluntário;09274367000259;REFORPAN PIRAQUARA;Consumidor Especial;com sucessão completa;09274367000178;Consumidor Especial;925
2017-04-01;voluntário;10655003000117;COMODORO E;Produtor Independente;sem sucessão;;;925
2017-04-01;voluntário;10655216000149;PRESENTE DE DEUS;Produtor Independente;sem sucessão;;;925
2017-04-01;voluntário;10917819003600;LAFARGE MONTES CLAROS;Consumidor Livre;com sucessão completa;60869336000117;Consumidor Livre;923
2017-04-01;voluntário;13324184000197;VIGOR ALIMENTOS;Consumidor Especial;com sucessão completa;55566871000169;Consumidor Especial;925
2017-04-01;voluntário;17849320000113;CLARO CORPORATE;Consumidor Especial;com sucessão completa;40432544000147;Consumidor Especial;925
2017-04-01;voluntário;60594538000950;SOBRAL INVICTA;Consumidor Especial;com sucessão completa;60594538000284;Consumidor Especial;925
2017-04-01;voluntário;60744463001080;SYNGENTA;Consumidor Especial;com sucessão completa;60744463000190;Consumidor Especial;925
2017-04-01;voluntário;61797924000155;HP;Consumidor Livre;com sucessão completa;02833315000145;Consumidor Especial;925
2017-04-01;voluntário;72250988000158;EMBALPLAN;Consumidor Especial;com sucessão completa;89637490000145;Produtor Independente;925
2017-04-01;voluntário;84432111001724;URBANO AGROINDUSTRIAL;Produtor Independente;com sucessão completa;25383792000151;Produtor Independente;925
2017-04-01;voluntário;89750541000140;FRINAL;Consumidor Especial;com sucessão completa;08199996000118;Consumidor Livre;923
2017-05-01;voluntário;01545828000198;SE;Consumidor Especial;com sucessão completa;47508411000156;Consumidor Especial;931
2017-05-01;voluntário;04546378000146;CHROMOPLAST;Consumidor Livre;sem sucessão;;;931
2017-05-01;voluntário;06189712000187;UTR;Consumidor Especial;sem sucessão;;;932
2017-05-01;voluntário;09038924000151;FERROSUL;Consumidor Livre;sem sucessão;;;932
2017-05-01;voluntário;10917819000171;LAFARGE BRASIL;Autoprodutor;com sucessão completa;60869336000117;Consumidor Livre;929
2017-05-01;voluntário;10999466000104;FABRICA VITORIA;Consumidor Especial;com sucessão completa;22493964000151;Consumidor Especial;932
2017-05-01;voluntário;49156326000100;SYNGENTA SEEDS;Consumidor Especial;com sucessão completa;60744463000190;Consumidor Especial;929
2017-05-01;voluntário;60499605000109;SIFCO;Consumidor Livre;com sucessão completa;25052187000106;Consumidor Livre;931
2017-05-01;voluntário;61182606000180;PINCEIS TIGRE;Consumidor Especial;com sucessão completa;08862530000150;Consumidor Livre;931
2017-05-01;voluntário;84590165000150;BRANCHER;Produtor Independente;com sucessão completa;24955565000190;Produtor Independente;929
2017-05-31;voluntário;12026278000117;CGH FARIA LEMO;Produtor Independente;sem sucessão;;;937
2017-06-01;voluntário;01313895000187;ESTANCIA HIDROMINERAL;Consumidor Especial;com sucessão completa;61186888000193;Consumidor Especial;934
2017-06-01;voluntário;01844555000506;IVECO LATIN;Consumidor Livre;com sucessão completa;01844555000182;Consumidor Livre;937
2017-06-01;voluntário;07133522000100;BTG PACTUAL;Comercializador;com sucessão completa;30306294000145;Comercializador;937
2017-06-01;voluntário;07204217000162;CALILA;Consumidor Livre;sem sucessão;;;937
2017-06-01;voluntário;08571089000158;CRISTAL MINERACAO;Consumidor Livre;com sucessão completa;15115504000205;Consumidor Livre;934
2017-06-01;voluntário;09217249000128;SHOPPING PORTAL SUL;Consumidor Especial;sem sucessão;;;937
2017-06-01;voluntário;11153614000120;ACQUAMAX COM;Consumidor Especial;sem sucessão;;;934
2017-06-01;voluntário;12541540000161;AGUASLINDAS CONSORCIO QUILOMBO;Produtor Independente;sem sucessão;;;937
2017-06-01;voluntário;19811058000143;BR METALS PIR;Consumidor Livre;sem sucessão;;;937
2017-06-01;voluntário;20865574000130;SHOP BURITI RIO VERDE;Consumidor Especial;sem sucessão;;;935
2017-06-01;voluntário;20927816000172;CRH CANTAGALO;Consumidor Livre;com sucessão completa;21109697000103;Consumidor Livre;937
2017-06-01;voluntário;21072532000104;PERNAMBUCO ENERGIA;Comercializador;sem sucessão;;;934
2017-06-01;voluntário;47090782000160;DANEVA;Consumidor Especial;com sucessão completa;52618139000105;Consumidor Especial;937
2017-06-01;voluntário;58309709000587;CHEMYUNION LTDA;Consumidor Especial;com sucessão completa;58309709000153;Consumidor Especial;934
2017-06-01;voluntário;60394723000659;DIXIE TOGA;Consumidor Livre;sem sucessão;;;935
2017-06-01;voluntário;60850617000128;CNH;Consumidor Especial;com sucessão completa;01844555000182;Consumidor Livre;934
2017-06-01;voluntário;60850617000985;CNH CURITIBA;Consumidor Livre;com sucessão completa;01844555000182;Consumidor Livre;935
2017-06-01;voluntário;60850617001019;CNH PIRACICABA;Consumidor Especial;com sucessão completa;01844555000182;Consumidor Livre;934
2017-06-01;voluntário;60850617002090;CNH SOROCABA;Consumidor Especial;com sucessão completa;01844555000182;Consumidor Livre;934
2017-06-01;voluntário;60857349000842;TRW LAVRAS;Consumidor Especial;sem sucessão;;;937
2017-07-01;compulsório;09248567000156;PPN;Consumidor Especial;sem sucessão;;;940
2017-07-01;voluntário;01731616000103;MTL-TURMALINA;Consumidor Livre;com sucessão completa;28917748000172;Consumidor Livre;940
2017-07-01;voluntário;02190526000107;ALAMO;Consumidor Especial;com sucessão completa;27188442000160;Consumidor Especial;942
2017-07-01;voluntário;02235994000312;AM GONVARRI BRASIL;Consumidor Especial;com sucessão completa;02235994000150;Consumidor Especial;942
2017-07-01;voluntário;06272199001327;RENOSA;Consumidor Especial;com sucessão completa;07196033000106;Consumidor Especial;942
2017-07-01;voluntário;07297359000111;PARANAPANEMA;Distribuidor;com sucessão completa;07282377000120;Distribuidor;940
2017-07-01;voluntário;07756543000182;INCOVISA;Consumidor Especial;com sucessão completa;03046744000135;Consumidor Especial;940
2017-07-01;voluntário;09237048000192;PECCIN AGRO;Consumidor Especial;sem sucessão;;;942
2017-07-01;voluntário;10917819000414;LACIM-PB;Consumidor Livre;com sucessão completa;60869336000117;Consumidor Livre;942
2017-07-01;voluntário;11077028000143;SHOP CARUARU;Consumidor Especial;com sucessão completa;24631801000113;Consumidor Especial;940
2017-07-01;voluntário;12749260000143;GRYPS;Produtor Independente;sem sucessão;;;942
2017-07-01;voluntário;48015119000164;GNATUS;Consumidor Especial;com sucessão completa;55979736000145;Consumidor Especial;940
2017-07-01;voluntário;59876003000136;AGCO CANOAS;Consumidor Livre;com sucessão completa;61076055001141;Consumidor Livre;942
2017-07-01;voluntário;59876003000217;AGCO STA ROSA;Consumidor Especial;com sucessão completa;61076055001494;Consumidor Especial;940
2017-07-01;voluntário;60942281000123;EEB;Distribuidor;com sucessão completa;07282377000120;Distribuidor;940
2017-07-01;voluntário;61416244000144;CNEE;Distribuidor;com sucessão completa;07282377000120;Distribuidor;940
2017-08-01;compulsório;05365005000131;RIALMA ENER II;Produtor Independente;com sucessão completa;11040403000180;Produtor Independente;947
2017-08-01;compulsório;06572941000186;RIALMA ENER III;Produtor Independente;com sucessão completa;11040403000180;Produtor Independente;947
2017-08-01;compulsório;12459354000188;RIALMA ENER IV;Produtor Independente;com sucessão completa;11040403000180;Produtor Independente;947
2017-08-01;compulsório;13204164000182;GNPW GROUP;Produtor Independente;com sucessão completa;23758522000152;Não Agente;947
2017-08-01;compulsório;20095481000173;GPE SERGIPE;Produtor Independente;com sucessão completa;23758522000152;Não Agente;947
2017-08-01;voluntário;02189661000132;BATERIAS BATS;Consumidor Especial;com sucessão completa;04708093000245;Consumidor Especial;946
2017-08-01;voluntário;04740731000124;HACO FIOS;Consumidor Especial;com sucessão completa;82645862000136;Consumidor Especial;947
2017-08-01;voluntário;06149423000154;SIDEPAR;Consumidor Livre;sem sucessão;;;947
2017-08-01;voluntário;09497818000136;CANDEIAS;Produtor Independente;com sucessão completa;10508162000199;Produtor Independente;946
2017-08-01;voluntário;10806789000126;PARQUE SHOP PRUDENTE;Consumidor Especial;com sucessão completa;24716928000135;Consumidor Especial;947
2017-08-01;voluntário;42184226000130;ANGLO NIQUEL;Consumidor Livre;com sucessão completa;42184226001969;Consumidor Livre;946
2017-08-01;voluntário;78127271000108;MADEIREIRA RICKLI;Produtor Independente;sem sucessão;;;947
2017-09-01;voluntário;00080671000371;CARAMURU SAO SIMAO;Consumidor Livre;com sucessão completa;00080671000100;Produtor Independente;950
2017-09-01;voluntário;00080671001262;CARAMURU ALIMENTOS;Consumidor Especial;com sucessão completa;00080671000100;Produtor Independente;950
2017-09-01;voluntário;00080671002668;CARAMURU PIE;Produtor Independente;com sucessão completa;00080671000100;Produtor Independente;950
2017-09-01;voluntário;02982267000157;NAVI CARNES;Consumidor Especial;com sucessão completa;18626084000139;Consumidor Especial;950
2017-09-01;voluntário;04825696000146;CEI MINAS;Produtor Independente;sem sucessão;;;950
2017-09-01;voluntário;07242726000180;NUTRIZON;Consumidor Especial;com sucessão completa;06066837001949;Consumidor Especial;951
2017-09-01;voluntário;09389814000134;HORTO B VISTA;Consumidor Livre;com sucessão completa;14919379000142;Consumidor Livre;950
2017-09-01;voluntário;14549239000120;AM ENERGIA;Comercializador;com sucessão completa;17469701018700;Comercializador;951
2017-09-01;voluntário;19822614000187;MCC;Consumidor Especial;sem sucessão;;;951
2017-09-01;voluntário;47488531000139;BRASLO;Consumidor Livre;com sucessão completa;02914460011276;Consumidor Livre;951
2017-09-22;compulsório;12056188000179;SANTA ROSA EN;Produtor Independente;sem sucessão;;;957
2017-09-22;compulsório;13312601000181;SAO GERALDO;Produtor Independente;sem sucessão;;;957
2017-09-22;compulsório;13346117000173;SANTO INACIO;Produtor Independente;sem sucessão;;;957
2017-09-22;compulsório;13346139000133;SAO SEBASTIAO;Produtor Independente;sem sucessão;;;957
2017-09-22;compulsório;21841296000143;UFV INHARE I;Produtor Independente;sem sucessão;;;957
2017-10-01;compulsório;02269509000160;MTP;Consumidor Especial;sem sucessão;;;957
2017-10-01;voluntário;03195007000102;SHOP CATUAI MARINGA;Consumidor Especial;com sucessão completa;13687914000114;Consumidor Especial;956
2017-10-01;voluntário;04229761000928;VIDEOLAR I;Consumidor Livre;com sucessão completa;04229761000170;Consumidor Livre;956
2017-10-01;voluntário;04861729000294;SPUMAPAC;Consumidor Especial;com sucessão completa;10756910000233;Consumidor Especial;956
2017-10-01;voluntário;05273995000188;PLAST RC;Consumidor Especial;com sucessão completa;08915525000169;Consumidor Especial;956
2017-10-01;voluntário;07326636000177;CM3;Consumidor Especial;com sucessão completa;04040239000146;Consumidor Especial;956
2017-10-01;voluntário;08862175000110;WT CONSTRUTORA;Consumidor Especial;com sucessão completa;18256799000147;Consumidor Especial;956
2017-10-01;voluntário;10257908000139;SHOP GARTEN JOINVILLE;Consumidor Especial;com sucessão completa;24649850000183;Consumidor Especial;954
2017-10-01;voluntário;12520668000149;SHOPPING 7L;Consumidor Especial;com sucessão completa;23820713000105;Consumidor Especial;956
2017-10-01;voluntário;15806930000104;OER BRILHANTE;Produtor Independente;com sucessão completa;05620523000154;Produtor Independente;955
2017-10-01;voluntário;19005112000163;OER ALVORADA;Produtor Independente;com sucessão completa;08906558000142;Produtor Independente;956
2017-10-01;voluntário;19006822000108;OER CACU;Produtor Independente;com sucessão completa;08598391000108;Produtor Independente;956
2017-10-01;voluntário;27781293000148;HCN;Consumidor Especial;com sucessão completa;60884855001207;Consumidor Especial;956
2017-10-01;voluntário;60500246001630;GOODYEAR AM;Consumidor Livre;com sucessão completa;60500246000154;Autoprodutor;957
2017-10-01;voluntário;61460150001578;HEXION;Consumidor Especial;com sucessão completa;61460150000172;Consumidor Especial;956
2017-10-09;compulsório;13348015000197;UTE RIO GRANDE;Produtor Independente;sem sucessão;;;959
2017-10-30;compulsório;11203667000108;FAMOSA I;Produtor Independente;sem sucessão;;;961
2017-11-01;voluntário;06189829000322;PORTO DIAS REDUTO;Consumidor Especial;com sucessão completa;06189829000160;Consumidor Especial;959
2017-11-01;voluntário;08914082000191;COSMO;Consumidor Especial;sem sucessão;;;961
2017-11-01;voluntário;11140451000140;SHOP BLUMENAU NORTE;Consumidor Especial;com sucessão completa;26469651000119;Consumidor Especial;959
2017-11-01;voluntário;52556412000378;UNIVEBRASCUBAS;Consumidor Especial;com sucessão completa;52556412000106;Consumidor Especial;959
2017-11-01;voluntário;75904383000636;COAMO AGRO;Consumidor Livre;com sucessão completa;75904383000121;Consumidor Livre;961
2017-12-01;compulsório;14780903000147;CBB;Produtor Independente;sem sucessão;;;965
2017-12-01;voluntário;02089969001340;PIRACANJUBA MG;Consumidor Especial;com sucessão completa;02089969000106;Consumidor Especial;965
2017-12-01;voluntário;06788070000132;CGH CACHOEIRA DO FAGUNDES;Produtor Independente;sem sucessão;;;965
2017-12-01;voluntário;11299657000118;CGH SAO JOAO;Produtor Independente;sem sucessão;;;965
2017-12-01;voluntário;13663285000192;CGH CEDRO;Produtor Independente;sem sucessão;;;965
2017-12-01;voluntário;13923205000190;CGH DIVINO;Produtor Independente;sem sucessão;;;965
2017-12-01;voluntário;14697307000106;CGH PONTE QUEIMADA;Produtor Independente;sem sucessão;;;965
2017-12-01;voluntário;15282554000104;CGH MONTE VERDE;Produtor Independente;sem sucessão;;;965
2017-12-01;voluntário;61148052000102;COATS CORRENTE SP;Consumidor Especial;com sucessão completa;61148052002300;Consumidor Especial;965
2017-12-06;compulsório;10309295000136;CGE SAO PAULO;Produtor Independente;sem sucessão;;;974
2017-12-06;compulsório;10621338000114;ROSADA;Produtor Independente;sem sucessão;;;974
2017-12-06;compulsório;11195403000150;PAU BRASIL;Produtor Independente;sem sucessão;;;974
2017-12-06;compulsório;17344867000167;FRV BANABUIU;Produtor Independente;sem sucessão;;;974
2017-12-06;compulsório;18560100000138;CE ITAPUA V;Produtor Independente;sem sucessão;;;974
2017-12-06;compulsório;18560507000165;CE ITAPUA IV;Produtor Independente;sem sucessão;;;974
2017-12-06;compulsório;19375531000197;PITIMBU;Produtor Independente;sem sucessão;;;974
2017-12-06;compulsório;19375545000100;SAO CAETANO I;Produtor Independente;sem sucessão;;;974
2017-12-06;compulsório;19376510000196;CACHOEIRA;Produtor Independente;sem sucessão;;;974
2017-12-06;compulsório;19388557000170;SAO CAETANO;Produtor Independente;sem sucessão;;;974
2017-12-06;compulsório;19389517000142;BOM JESUS;Produtor Independente;sem sucessão;;;974
2017-12-06;compulsório;19390222000196;CARNAUBA III;Produtor Independente;sem sucessão;;;974
2017-12-06;compulsório;19390265000171;SAO GALVAO;Produtor Independente;sem sucessão;;;974
2017-12-06;compulsório;19390294000133;CARNAUBA V;Produtor Independente;sem sucessão;;;974
2017-12-06;compulsório;19390672000189;CERVANTES II;Produtor Independente;sem sucessão;;;974
2017-12-06;compulsório;19443862000117;CARNAUBA I;Produtor Independente;sem sucessão;;;974
2017-12-06;compulsório;19443884000187;CARNAUBA II;Produtor Independente;sem sucessão;;;974
2017-12-06;compulsório;19446879000128;CERVANTES I;Produtor Independente;sem sucessão;;;974
2017-12-06;compulsório;19446932000190;PUNAU I;Produtor Independente;sem sucessão;;;974
2017-12-06;compulsório;21573814000195;SOLAR CAETITE 1;Produtor Independente;sem sucessão;;;974
2017-12-06;compulsório;21589589000185;SOLAR CAETITE 3;Produtor Independente;sem sucessão;;;974
2017-12-06;compulsório;21603007000178;SOLAR CAETITE 2;Produtor Independente;sem sucessão;;;974
2017-12-06;compulsório;21977169000176;ELEIA VAREJISTA;Comercializador;sem sucessão;;;974
2017-12-19;compulsório;20024783000150;EOL CATANDUBA I;Produtor Independente;sem sucessão;;;974
2017-12-19;compulsório;20024811000130;EOL CATANDUBA II;Produtor Independente;sem sucessão;;;974
2018-01-01;voluntário;03235330000154;SUPERFRIGO;Consumidor Especial;com sucessão completa;24013907000153;Consumidor Especial;973
2018-01-01;voluntário;03749237000168;BAUMANN;Consumidor Especial;sem sucessão;;;974
2018-01-01;voluntário;07139227000161;MADEIREIRA MARACANA;Consumidor Especial;com sucessão completa;07199149000190;Consumidor Especial;970
2018-01-01;voluntário;13009242000198;OURO FINO GERACAO;Produtor Independente;sem sucessão;;;974
2018-01-01;voluntário;17309698000124;COXIM ENERGIA;Produtor Independente;com sucessão completa;17309729000147;Produtor Independente;974
2018-01-01;voluntário;19006829000120;OER MIRANTE;Produtor Independente;com sucessão completa;07298800000180;Produtor Independente;973
2018-01-01;voluntário;21867189000194;MIPASA;Consumidor Livre;com sucessão completa;18752824000183;Consumidor Especial;973
2018-01-01;voluntário;22007280000607;SUPER BRAIZINHO;Consumidor Especial;com sucessão completa;04149637004516;Consumidor Especial;974
2018-01-01;voluntário;29510765000587;POLO FILMS;Consumidor Livre;com sucessão completa;26051817000263;Consumidor Livre;974
2018-01-01;voluntário;43588045002185;ZOETIS GUA;Consumidor Livre;com sucessão completa;27864378000190;Consumidor Livre;974
2018-01-01;voluntário;46645768000113;LINHASITA VAREJISTA;Consumidor Especial;sem sucessão;;;974
2018-01-01;voluntário;48708267000164;NARDINI I5;Produtor Independente;com sucessão completa;28127776000196;Produtor Independente;973
2018-01-01;voluntário;52503802000118;CPFL MOCOCA;Distribuidor;com sucessão completa;53859112000169;Distribuidor;974
2018-01-01;voluntário;60855608000120;CPFL SUL PTA;Distribuidor;com sucessão completa;53859112000169;Distribuidor;974
2018-01-01;voluntário;60882628004268;CONFAB;Consumidor Livre;com sucessão completa;60882628000190;Consumidor Especial;973
2018-01-01;voluntário;61015582000174;CPFL LESTE PTA;Distribuidor;com sucessão completa;53859112000169;Distribuidor;974
2018-01-01;voluntário;61116265000144;CPFL STA CRUZ;Distribuidor;com sucessão completa;53859112000169;Distribuidor;974
2018-01-01;voluntário;61187043000112;PLAST MUELLER;Consumidor Livre;com sucessão completa;60569845000124;Consumidor Especial;973
2018-01-01;voluntário;65855199000185;CONDESHOP;Consumidor Especial;com sucessão completa;10254617000197;Consumidor Especial;974
2018-01-01;voluntário;83044016000123;MACEDO AGROIN;Consumidor Especial;com sucessão completa;02914460011276;Consumidor Livre;973
2018-01-01;voluntário;91235549000978;VONPAR;Consumidor Especial;com sucessão completa;61186888000193;Consumidor Especial;973
2018-01-01;voluntário;99999999007102;PETTENATI;Consumidor Especial;com sucessão completa;88613658000110;Consumidor Especial;973
2018-02-01;voluntário;00786201000166;TRANSITIONS;Consumidor Especial;com sucessão completa;43996693000127;Consumidor Especial;977
2018-02-01;voluntário;00857758000817;DELPHI I;Consumidor Especial;com sucessão completa;25043386000140;Consumidor Especial;978
2018-02-01;voluntário;02248827000144;SMT;Consumidor Livre;com sucessão completa;20978264000121;Comercializador;978
2018-02-01;voluntário;03470450000136;MIRAGE;Consumidor Especial;com sucessão completa;17493338000125;Consumidor Especial;977
2018-02-01;voluntário;04206328000110;ICS;Consumidor Livre;com sucessão completa;61077327000156;Consumidor Especial;977
2018-02-01;voluntário;04489715000100;NOVA DIAGNOSTICO;Consumidor Especial;sem sucessão;;;978
2018-02-01;voluntário;04705090000681;BRASKEM PET;Consumidor Livre;com sucessão completa;42150391000170;Consumidor Livre;977
2018-02-01;voluntário;06066837000896;INVIVO PAULINIA;Consumidor Especial;com sucessão completa;18631739000167;Consumidor Livre;978
2018-02-01;voluntário;06066837001000;INVIVO DESCALVADO;Consumidor Especial;com sucessão completa;18631739000167;Consumidor Livre;978
2018-02-01;voluntário;06066837001191;INVIVO INHUMAS;Consumidor Especial;com sucessão completa;18631739000167;Consumidor Livre;978
2018-02-01;voluntário;06066837001272;INVIVO CANOAS;Consumidor Especial;com sucessão completa;18631739000167;Consumidor Livre;978
2018-02-01;voluntário;06066837001949;INVIVO RONDONIA;Consumidor Especial;com sucessão completa;18631739002291;Consumidor Especial;978
2018-02-01;voluntário;09360522000179;HOME DESIGN;Consumidor Especial;com sucessão completa;38705406000142;Consumidor Especial;977
2018-02-01;voluntário;14462144000174;BRUNSWICK;Consumidor Especial;sem sucessão;;;978
2018-02-01;voluntário;17298831000194;SHOP CONTAGEM;Consumidor Especial;com sucessão completa;28112396000188;Consumidor Especial;978
2018-02-01;voluntário;36785418000107;FIBRIATLAGOAS;Consumidor Livre;com sucessão completa;60643228000121;Autoprodutor;977
2018-02-01;voluntário;61135315000564;LINHANYL LINHAS;Consumidor Especial;com sucessão completa;61135315000130;Consumidor Especial;977
2018-02-01;voluntário;65969156000201;BEKAERT SUMARE;Consumidor Livre;com sucessão completa;18786988000121;Consumidor Livre;977
2018-02-01;voluntário;85070068001171;GTBFOODS;Consumidor Especial;com sucessão completa;18229784000190;Consumidor Especial;978
2018-02-01;voluntário;91235549001192;VONPAR REFRESC ANC;Consumidor Especial;com sucessão completa;61186888000193;Consumidor Especial;977
2018-02-23;compulsório;15842377000165;YPE ENER;Gerador;sem sucessão;;;985
2018-03-01;compulsório;17465932000102;NEWCAST;Consumidor Livre;sem sucessão;;;983
2018-03-01;voluntário;00857758002194;DELPHI AUTO;Consumidor Especial;com sucessão completa;25043386000220;Consumidor Especial;982
2018-03-01;voluntário;02151119000190;CIA MULLER NORDESTE;Consumidor Especial;com sucessão completa;03485775000192;Consumidor Especial;982
2018-03-01;voluntário;08380802000186;FELIX;Consumidor Especial;com sucessão completa;80800923000167;Consumidor Especial;985
2018-03-01;voluntário;11899391000144;ENVASADORA;Consumidor Especial;com sucessão completa;11907968000112;Consumidor Especial;985
2018-03-01;voluntário;17309729000147;SAO JOAO ENERGIA;Produtor Independente;sem sucessão;;;985
2018-03-01;voluntário;61076055001141;AGCO CANOAS RS;Consumidor Livre;com sucessão completa;55962369001491;Consumidor Livre;985
2018-03-01;voluntário;61076055001494;AGCO STA ROSA RS;Consumidor Especial;com sucessão completa;55962369001734;Consumidor Especial;985
2018-03-01;voluntário;67959015000152;NEOPLASTIC;Consumidor Especial;com sucessão completa;11453489000173;Consumidor Especial;985
2018-03-01;voluntário;82804642000108;UNOCHAPECO SC;Consumidor Especial;sem sucessão;;;985
2018-04-01;voluntário;03432490000193;GREIF MANAUS;Consumidor Especial;com sucessão completa;59320820000103;Consumidor Especial;987
2018-04-01;voluntário;08263902000122;POLIFORT MAT;Consumidor Especial;com sucessão completa;80550452000186;Consumidor Especial;990
2018-04-01;voluntário;11283356000287;PHILCO;Consumidor Especial;com sucessão completa;11283356000104;Consumidor Especial;990
2018-04-01;voluntário;15864723000106;OER TEODORO;Produtor Independente;com sucessão completa;46448270000160;Consumidor Livre;990
2018-04-01;voluntário;16820052000730;MATABOI-ROO;Consumidor Especial;com sucessão completa;16820052000144;Consumidor Especial;990
2018-04-01;voluntário;23826603000142;ENDEKA CERAMICA;Consumidor Especial;sem sucessão;;;990
2018-04-01;voluntário;61217261000152;DOUTEX;Consumidor Especial;com sucessão completa;61522173000326;Consumidor Especial;990
2018-04-01;voluntário;75491266000183;HCR;Consumidor Especial;com sucessão completa;27118434000147;Consumidor Especial;990
2018-04-01;voluntário;91830836000179;OLFAR MATRIZ;Consumidor Especial;sem sucessão;;;990
2018-04-03;compulsório;17026946000120;FRV MASSAPE;Produtor Independente;sem sucessão;;;991
2018-05-01;compulsório;13347937000180;UTE NOVO TEMPO;Produtor Independente;com sucessão completa;23449511000190;Produtor Independente;996
2018-05-01;voluntário;01119157000101;MERIDIONAL MEAT;Consumidor Especial;sem sucessão;;;996
2018-05-01;voluntário;06066837000705;INVIVO SLMATA;Consumidor Especial;com sucessão completa;18631739000167;Consumidor Livre;996
2018-05-01;voluntário;06098102000178;HOLIDAY INN PARQUE ANHEMBI;Consumidor Livre;sem sucessão;;;996
2018-05-01;voluntário;07359641000186;GAEB SA;Consumidor Livre;com sucessão completa;33611500000119;Consumidor Livre;996
2018-05-01;voluntário;08824115000102;BOULEVARD BH;Consumidor Especial;com sucessão completa;12770422000125;Consumidor Livre;996
2018-05-01;voluntário;09719913000137;IGUATEMI SJRP;Consumidor Livre;com sucessão completa;21687591000197;Consumidor Livre;996
2018-05-01;voluntário;10912680000173;GOLDEN SQUARE SHOP;Consumidor Livre;com sucessão completa;55054159000180;Consumidor Livre;996
2018-05-01;voluntário;11426701000103;EDIFICIO MANCHETE;Consumidor Especial;com sucessão completa;06977751000149;Consumidor Especial;996
2018-05-01;voluntário;14424018000125;SB PLAZA SHOP;Consumidor Livre;com sucessão completa;25353391000159;Consumidor Livre;996
2018-05-01;voluntário;31565104030670;PEPS;Consumidor Especial;com sucessão completa;02957518000143;Consumidor Especial;996
2018-05-01;voluntário;51938702000232;AGEL;Consumidor Especial;com sucessão completa;51938702000151;Consumidor Especial;996
2018-05-01;voluntário;59106377000253;METAGAL DIADEMA;Consumidor Especial;com sucessão completa;59106377000849;Consumidor Especial;996
2018-05-01;voluntário;61204657000165;DC HORTOLANDIA;Consumidor Especial;com sucessão completa;53877627000191;Consumidor Livre;1058
2018-05-01;voluntário;75031633000166;USACIGA;Consumidor Especial;com sucessão completa;75717355000103;Consumidor Especial;996
2018-06-01;compulsório;11379152000163;ADX;Produtor Independente;sem sucessão;;;1001
2018-06-01;voluntário;02308873000191;FAURECIA LIM;Consumidor Especial;com sucessão completa;01178298000197;Consumidor Especial;1000
2018-06-01;voluntário;03519962000140;KATEXTIL;Consumidor Especial;com sucessão completa;78855830000198;Consumidor Especial;1001
2018-06-01;voluntário;06315338002677;COFCO BRASIL FILIAL;Consumidor Livre;com sucessão completa;29332398000145;Consumidor Livre;1001
2018-06-01;voluntário;07605563000233;AVB AVANCO PA;Consumidor Especial;com sucessão completa;07605563000586;Consumidor Especial;1001
2018-06-01;voluntário;10246989000171;XANTOCARPA;Consumidor Especial;com sucessão completa;06057223000171;Consumidor Especial;1000
2018-06-01;voluntário;10488784000100;COESEX;Produtor Independente;sem sucessão;;;1001
2018-06-01;voluntário;14185954000201;OCEANA;Consumidor Especial;com sucessão completa;33055732000804;Consumidor Especial;1001
2018-06-01;voluntário;49333800000113;DESTIMEL NL;Autoprodutor;com sucessão completa;61082962000121;Produtor Independente;1000
2018-06-01;voluntário;76879295000180;CERCAR;Consumidor Livre;com sucessão completa;21467516000110;Produtor Independente;1000
2018-06-01;voluntário;95602942000580;CERAMICA PALLOTTI;Consumidor Especial;com sucessão completa;27879040000101;Consumidor Especial;1001
2018-06-18;compulsório;21744451000103;THOR COMERCIALIZADORA;Comercializador;sem sucessão;;;1005
2018-07-01;voluntário;00271847000100;IMETAME ENERGIA;Autoprodutor;com sucessão completa;23857764000101;Produtor Independente;1007
2018-07-01;voluntário;01163538000503;ONDULINE;Consumidor Especial;com sucessão completa;01163538000180;Consumidor Livre;1005
2018-07-01;voluntário;07732105000184;ARATU GERACAO;Gerador;sem sucessão;;;1008
2018-07-01;voluntário;10869424000140;S ENERGY;Comercializador;sem sucessão;;;1007
2018-07-01;voluntário;33060716000133;TMD FRICTION;Consumidor Especial;com sucessão completa;33060716000214;Consumidor Especial;1007
2018-07-01;voluntário;55692537000151;SUKEST INDUSTRIA;Consumidor Especial;com sucessão completa;21072669000169;Consumidor Especial;1007
2018-07-01;voluntário;62064225000169;UNIMART;Consumidor Especial;com sucessão completa;14592173000150;Consumidor Especial;1007
2018-07-01;voluntário;72455918000136;BRUNO BIAGIONI;Consumidor Especial;com sucessão completa;10663306000181;Consumidor Livre;1005
2018-07-01;voluntário;77001105000190;PEDREIRA PEROLA;Consumidor Especial;com sucessão completa;03222465000185;Consumidor Especial;1005
2018-07-01;voluntário;84489988000194;DIGITRON;Consumidor Especial;com sucessão completa;84489988000518;Consumidor Especial;1007
2018-07-27;compulsório;00093977000109;VENTOS TEC;Produtor Independente;sem sucessão;;;1015
2018-07-27;compulsório;04135980000190;EOL TECNOLOGIA;Produtor Independente;sem sucessão;;;1015
2018-07-27;compulsório;08093648000161;GEOBR;Produtor Independente;sem sucessão;;;1015
2018-07-27;compulsório;10309244000104;CGE VENTOS DE ANGELIM;Produtor Independente;sem sucessão;;;1015
2018-07-27;compulsório;12142763000156;CGE UIRAPURU;Produtor Independente;sem sucessão;;;1015
2018-07-27;compulsório;13104735000107;CGE ARARA AZUL;Produtor Independente;sem sucessão;;;1015
2018-07-27;compulsório;13104753000199;CGE BENTEVI;Produtor Independente;sem sucessão;;;1015
2018-07-27;compulsório;13703922000107;CGE SANTA ROSA;Produtor Independente;sem sucessão;;;1015
2018-07-27;compulsório;14037258000177;CGE OURO VERDE III;Produtor Independente;sem sucessão;;;1015
2018-07-27;compulsório;14037262000135;CGE OURO VERDE I;Produtor Independente;sem sucessão;;;1015
2018-07-27;compulsório;14037271000126;CGE OURO VERDE II;Produtor Independente;sem sucessão;;;1015
2018-08-01;voluntário;01996104000160;INTERGRAF;Consumidor Especial;com sucessão completa;09098419000100;Consumidor Especial;1011
2018-08-01;voluntário;02197891000143;FRASCOMAR;Consumidor Especial;com sucessão completa;02197891000305;Consumidor Especial;1010
2018-08-01;voluntário;03059729000121;BSE 1;Não Agente;sem sucessão;;;1012
2018-08-01;voluntário;05147507000196;CGH CAA-YARI;Produtor Independente;com sucessão completa;10677244000167;Produtor Independente;1010
2018-08-01;voluntário;05342105000142;ARCONIC;Consumidor Livre;com sucessão completa;27331426000184;Consumidor Livre;1011
2018-08-01;voluntário;11459825000195;MILKREME;Consumidor Especial;com sucessão completa;55885321000102;Consumidor Especial;1011
2018-08-01;voluntário;17875140000106;SANTA GENOVEVA;Comercializador;sem sucessão;;;1010
2018-08-01;voluntário;18303320000186;CRESCO;Consumidor Especial;com sucessão completa;18303320000429;Consumidor Especial;1010
2018-08-01;voluntário;31565104000177;PEPSICO;Consumidor Especial;com sucessão completa;02957518000143;Consumidor Especial;1012
2018-08-01;voluntário;33482241002621;GE DISJUNTOR;Consumidor Especial;com sucessão completa;28684752000138;Consumidor Especial;1012
2018-08-01;voluntário;33931486000130;FERTILIZANTES;Consumidor Livre;com sucessão completa;33931486001455;Consumidor Livre;1012
2018-08-01;voluntário;43359926000180;MICROSERVICE SP;Consumidor Especial;com sucessão completa;22045789000130;Consumidor Especial;1010
2018-08-01;voluntário;45943370000109;ARJO WIGGINS;Consumidor Livre;com sucessão completa;02364069000391;Consumidor Livre;1010
2018-08-01;voluntário;50949528001313;ASTRA VII;Consumidor Especial;com sucessão completa;50949528001232;Consumidor Especial;1011
2018-08-01;voluntário;91986430000180;PCH CAXAMBU;Autoprodutor;com sucessão completa;89101695000101;Produtor Independente;1010
2018-08-16;compulsório;20131732000128;EOL VENTOS DE STA VERA;Produtor Independente;sem sucessão;;;1017
2018-08-16;compulsório;20132838000146;EOL VENTOS DE SAO RAFAEL;Produtor Independente;sem sucessão;;;1017
2018-08-16;compulsório;20132941000196;EOL VENTOS DE STA LUIZA;Produtor Independente;sem sucessão;;;1017
2018-08-16;compulsório;20133053000198;EOL VENTOS DE STA MARCELLA;Produtor Independente;sem sucessão;;;1017
2018-08-16;compulsório;20135652000140;EOL VENTOS DE STO ANTONIO;Produtor Independente;sem sucessão;;;1017
2018-08-16;compulsório;20140318000185;EOL VENTOS DE STA MADALENA;Produtor Independente;sem sucessão;;;1017
2018-08-16;compulsório;20140348000191;EOL VENTOS DE SAO BENTO;Produtor Independente;sem sucessão;;;1017
2018-08-16;compulsório;20140400000100;EOL VENTOS DE SAO CIRILO;Produtor Independente;sem sucessão;;;1017
2018-08-16;compulsório;20141931000117;EOL ITAGUACU BAHIA;Produtor Independente;sem sucessão;;;1017
2018-08-16;compulsório;20162307000104;EOL VENTOS DE SAO JOAO;Produtor Independente;sem sucessão;;;1017
2018-08-23;compulsório;11917605000168;YTI;Produtor Independente;sem sucessão;;;1017
2018-09-01;voluntário;01599556000109;JSP BRASIL;Consumidor Especial;com sucessão completa;04973790000142;Comercializador;1012
2018-09-01;voluntário;01712236000113;FORTUNA GRANITOS E;Consumidor Especial;sem sucessão;;;1017
2018-09-01;voluntário;04131308000127;PLANETUR URBANO;Consumidor Livre;com sucessão completa;14095553000180;Consumidor Especial;1016
2018-09-01;voluntário;04241585000354;M&G;Consumidor Livre;sem sucessão;;;1017
2018-09-01;voluntário;07738662000102;BIOMIN;Consumidor Especial;com sucessão completa;27268763000174;Consumidor Livre;1016
2018-09-01;voluntário;09191802000109;SHOP PATIO LONDRINA;Consumidor Especial;com sucessão completa;28240693000109;Consumidor Especial;1017
2018-09-01;voluntário;14311664000186;LAR PLASTICOS;Consumidor Especial;com sucessão completa;63967640000195;Consumidor Especial;1017
2018-09-01;voluntário;61076055000170;AGCO MOGI;Consumidor Especial;com sucessão completa;55962369001220;Consumidor Especial;1016
2018-09-01;voluntário;69012656000120;GATE GOURMET;Consumidor Especial;sem sucessão;;;1017
2018-09-01;voluntário;92754738001568;RENNER RS;Consumidor Especial;com sucessão completa;92754738000162;Consumidor Especial;1016
2018-09-01;voluntário;92754738006527;RENNER;Consumidor Especial;com sucessão completa;92754738000162;Consumidor Especial;1016
2018-09-01;voluntário;92754738010710;RENNER 96;Consumidor Especial;com sucessão completa;92754738000162;Consumidor Especial;1016
2018-10-01;voluntário;05038737000117;CERANTOLA;Consumidor Especial;com sucessão completa;55088157000102;Consumidor Livre;1022
2018-10-01;voluntário;05689495000121;CLIME TR;Comercializador;com sucessão completa;08773135000100;Comercializador;1023
2018-10-01;voluntário;07608927000824;GE POWER;Consumidor Especial;com sucessão completa;04854120000298;Consumidor Especial;1020
2018-10-01;voluntário;08274692000178;RONDELLI CENTER;Consumidor Especial;com sucessão completa;06353864000173;Consumidor Especial;1022
2018-10-01;voluntário;08446702000105;NAMISA;Consumidor Especial;com sucessão completa;09294881000175;Consumidor Especial;1023
2018-10-01;voluntário;09397586000144;SERRANO;Consumidor Especial;sem sucessão;;;1023
2018-10-01;voluntário;10431458000159;NOVO COLORADO;Produtor Independente;sem sucessão;;;1023
2018-10-01;voluntário;10536701000101;MPXNOVAVENECIA;Produtor Independente;com sucessão completa;14578002000177;Produtor Independente;1022
2018-10-01;voluntário;13142823000101;NORTISTA;Consumidor Livre;com sucessão completa;13006218000103;Consumidor Livre;1022
2018-10-01;voluntário;21613661000162;MMS EMP;Consumidor Especial;sem sucessão;;;1023
2018-10-01;voluntário;27063726000120;TV GAZETA;Consumidor Especial;sem sucessão;;;1023
2018-10-01;voluntário;28133619000193;S A A GAZETA;Consumidor Especial;sem sucessão;;;1023
2018-10-01;voluntário;34558841000300;SIEMENS MANAUS;Consumidor Especial;sem sucessão;;;1023
2018-10-01;voluntário;60857349000923;TRW DIADEMA;Consumidor Especial;com sucessão completa;28911799000197;Consumidor Especial;1020
2018-10-01;voluntário;65629040000142;VASITEX VASILHAMES;Consumidor Especial;com sucessão completa;06255543000136;Consumidor Especial;1022
2018-10-01;voluntário;72907595000417;MD PAPEIS;Consumidor Livre;com sucessão completa;30910705000107;Consumidor Livre;1023
2018-10-01;voluntário;78791712000325;POSITIVO UNIV;Consumidor Especial;com sucessão completa;78791712000163;Consumidor Especial;1022
2018-10-01;voluntário;81584278004061;COPAGRIL;Consumidor Livre;com sucessão completa;81584278000155;Consumidor Especial;1020
2018-10-01;voluntário;87018768001304;MALU;Consumidor Especial;com sucessão completa;87018768000170;Consumidor Especial;1023
2018-10-01;voluntário;88370945000146;SGS AGRICULTURA E INDUSTRIA;Consumidor Especial;com sucessão completa;60498706042747;Consumidor Especial;1020
2018-10-01;voluntário;97191902000780;ODERICH ELDORADO;Consumidor Especial;com sucessão completa;97191902000194;Consumidor Especial;1020
2018-10-01;voluntário;97191902000860;ODERICH PELOTAS;Consumidor Especial;com sucessão completa;97191902000194;Consumidor Especial;1020
2018-11-01;voluntário;03128054000206;SMALTE;Consumidor Especial;com sucessão completa;76487032000125;Consumidor Especial;1027
2018-11-01;voluntário;04695105000163;PPPLAST;Consumidor Especial;com sucessão completa;17427984000194;Consumidor Especial;1027
2018-11-01;voluntário;07520001000700;CARRER FARROUPILHA;Consumidor Especial;com sucessão completa;07520001000106;Consumidor Especial;1027
2018-11-01;voluntário;08619010000111;MONDICAP;Consumidor Especial;com sucessão completa;07456533000121;Consumidor Especial;1027
2018-11-01;voluntário;09631610000168;IGUATEMI ESPLANADA;Consumidor Especial;com sucessão completa;20910896000153;Consumidor Especial;1027
2018-11-01;voluntário;15864683000100;OER MINEIROS;Produtor Independente;com sucessão completa;08070566000100;Produtor Independente;1027
2018-11-01;voluntário;16986171000252;LORDPLASTICS;Consumidor Especial;com sucessão completa;31231182000216;Consumidor Especial;1027
2018-11-01;voluntário;24248457000269;CODEAGUAS AGUAS MINERAIS;Consumidor Especial;com sucessão completa;47581558000252;Consumidor Especial;1027
2018-11-14;compulsório;14914443000100;CGB;Produtor Independente;sem sucessão;;;1030
2018-12-01;voluntário;02997156000114;IDEMIA;Consumidor Especial;com sucessão completa;06137098000100;Consumidor Especial;1031
2018-12-01;voluntário;03350300000865;UNIMIL;Consumidor Especial;com sucessão completa;03350300000199;Consumidor Especial;1031
2018-12-01;voluntário;04556724000177;BSC SHOPPING;Consumidor Especial;com sucessão completa;28811773000177;Consumidor Livre;1030
2018-12-01;voluntário;05691237000260;ARAGUAIA MINERACAO;Consumidor Especial;com sucessão completa;06730693000154;Consumidor Livre;1030
2018-12-01;voluntário;06079036000270;HEIL MALHAS;Consumidor Especial;com sucessão completa;26994586000140;Consumidor Especial;1030
2018-12-01;voluntário;07246969000196;COATS CORRENTE RN;Consumidor Livre;com sucessão completa;61148052001508;Consumidor Livre;1031
2018-12-01;voluntário;07991012000174;ADEA;Consumidor Especial;com sucessão completa;04986320000113;Consumidor Livre;1030
2018-12-01;voluntário;08302031000109;NB GERACAO;Produtor Independente;sem sucessão;;;1031
2018-12-01;voluntário;08446503000288;ANIMA UNIBH;Consumidor Especial;com sucessão completa;08446503000105;Consumidor Especial;1030
2018-12-01;voluntário;08802283000105;SGFRASCOS;Consumidor Livre;com sucessão completa;60750056000195;Consumidor Livre;1031
2018-12-01;voluntário;12901774000172;SOPRANO OLEO;Consumidor Livre;sem sucessão;;;1031
2018-12-01;voluntário;13332930000194;GTW;Produtor Independente;sem sucessão;;;1032
2018-12-01;voluntário;15752686000144;UNAMA BELEM;Consumidor Especial;com sucessão completa;05933016000170;Consumidor Especial;1030
2018-12-01;voluntário;20168051000134;UMBURANAS 5N;Produtor Independente;sem sucessão;;;1031
2018-12-01;voluntário;20168187000144;UMBURANAS 1N;Produtor Independente;sem sucessão;;;1031
2018-12-01;voluntário;20168215000123;UMBURANAS 3N;Produtor Independente;sem sucessão;;;1031
2018-12-01;voluntário;20168242000104;UMBURANAS 2N;Produtor Independente;sem sucessão;;;1031
2018-12-01;voluntário;20168283000192;UMBURANAS 6N;Produtor Independente;sem sucessão;;;1031
2018-12-01;voluntário;20168405000140;UMBURANAS 8N;Produtor Independente;sem sucessão;;;1031
2018-12-01;voluntário;33035130000119;FORJAS;Consumidor Livre;com sucessão completa;60476884000187;Consumidor Livre;1030
2018-12-01;voluntário;76843168000120;BIOMASTER PLASTICOS;Consumidor Especial;com sucessão completa;29222663000132;Consumidor Especial;1031
2018-12-26;compulsório;19959004000120;CAPOEIRAS I;Produtor Independente;sem sucessão;;;1034
2018-12-26;compulsório;19959413000126;CURRAL DE PEDRAS IV;Produtor Independente;sem sucessão;;;1034
2018-12-26;compulsório;19959505000106;CURRAL DE PEDRAS III;Produtor Independente;sem sucessão;;;1034
2018-12-26;compulsório;19960540000145;CAPOEIRAS II;Produtor Independente;sem sucessão;;;1034
2018-12-26;compulsório;19969167000193;ASSURUA VI;Produtor Independente;sem sucessão;;;1034
2018-12-26;compulsório;19969288000135;ASSURUA I;Produtor Independente;sem sucessão;;;1034
2019-01-01;voluntário;01008482000199;AMERICA TAMPAS;Consumidor Especial;com sucessão completa;31686196000143;Consumidor Livre;1034
2019-01-01;voluntário;02639850000160;TVV;Consumidor Especial;sem sucessão;;;1034
2019-01-01;voluntário;07306828000111;SUPERGOLFF;Consumidor Especial;sem sucessão;;;1034
2019-01-01;voluntário;07470286000118;FUNDICAO MUNDIAL;Consumidor Especial;sem sucessão;;;1034
2019-01-01;voluntário;08214303000119;GALHEIROS;Produtor Independente;sem sucessão;;;1035
2019-01-01;voluntário;09621876000120;EOLICA ENERGIA;Produtor Independente;sem sucessão;;;1034
2019-01-01;voluntário;10431396000185;RIO ALEGRE;Produtor Independente;sem sucessão;;;1035
2019-01-01;voluntário;14359842000149;ROCHLING PLASTICOS;Consumidor Livre;com sucessão completa;02763005000100;Consumidor Especial;1035
2019-01-01;voluntário;19900000001733;KAISER SP;Consumidor Especial;com sucessão completa;19900000000176;Consumidor Livre;1035
2019-01-01;voluntário;21512981000126;SHOPPING ORIUNDI CL;Consumidor Livre;sem sucessão;;;1034
2019-01-01;voluntário;61427258000759;MARFINITE;Consumidor Especial;sem sucessão;;;1034
2019-02-01;voluntário;01098983000707;PAQUETA PENTECOSTE;Consumidor Especial;com sucessão completa;01098983000103;Consumidor Especial;1042
2019-02-01;voluntário;01098983009240;PAQUETA SAPIRANGA;Consumidor Especial;com sucessão completa;01098983000103;Consumidor Especial;1042
2019-02-01;voluntário;01183070000195;METALIC;Consumidor Livre;com sucessão completa;14855630000152;Consumidor Livre;1042
2019-02-01;voluntário;02635522000195;JALLES MACHADO;Produtor Independente;com sucessão completa;29915125000123;Produtor Independente;1042
2019-02-01;voluntário;02675611000750;COOPERSHOES CEARA;Consumidor Especial;com sucessão completa;02675611000165;Consumidor Especial;1042
2019-02-01;voluntário;04027547003661;TELEFONICA DATA;Consumidor Livre;com sucessão completa;02558157000162;Consumidor Especial;1042
2019-02-01;voluntário;11230122000603;UTG PARNAIBA;Consumidor Especial;com sucessão completa;04423567000393;Consumidor Especial;1042
2019-02-01;voluntário;14069066000142;P KOURY;Consumidor Especial;com sucessão completa;08000253000177;Consumidor Especial;1042
2019-02-01;voluntário;17835042000145;ABC INCO;Consumidor Especial;com sucessão completa;31246383000106;Consumidor Livre;1042
2019-02-01;voluntário;19439252000140;ECO VALLE;Consumidor Especial;com sucessão completa;23642264000144;Consumidor Especial;1042
2019-02-01;voluntário;20168229000147;UMBURANAS 10;Produtor Independente;com sucessão completa;20168788000157;Produtor Independente;1037
2019-02-01;voluntário;20168824000182;UMBURANAS 9;Produtor Independente;com sucessão completa;20168158000182;Produtor Independente;1037
2019-02-01;voluntário;24771792000166;UNIRONDON;Consumidor Especial;com sucessão completa;38733648000140;Consumidor Especial;1042
2019-02-01;voluntário;26176436000120;SHB;Consumidor Especial;com sucessão completa;01838723000127;Consumidor Livre;1042
2019-02-01;voluntário;27250737000119;NUTRIAVE LTDA;Consumidor Livre;sem sucessão;;;1042
2019-02-01;voluntário;51422921000183;BARRA GRANDE;Produtor Independente;com sucessão completa;60855574000416;Autoprodutor;1042
2019-02-01;voluntário;51422988000118;ZILLO LORENZET;Produtor Independente;com sucessão completa;60855574000335;Produtor Independente;1042
2019-02-01;voluntário;89042642000400;MADESA FILIAL;Consumidor Especial;com sucessão completa;89042642000167;Consumidor Especial;1042
2019-02-01;voluntário;97371843000217;ARROZPELOTAS02;Consumidor Especial;com sucessão completa;97371843000136;Consumidor Especial;1042
2019-02-01;voluntário;98513187000474;MOINHO VACARIA;Consumidor Especial;com sucessão completa;98513187000121;Consumidor Especial;1042
2019-03-01;voluntário;04206050000180;TIM;Consumidor Livre;com sucessão completa;02421421000111;Consumidor Especial;1045
2019-03-01;voluntário;10426518000145;GUARANY SID;Produtor Independente;sem sucessão;;;1045
2019-03-01;voluntário;10431245000127;UTE COSIMA;Produtor Independente;sem sucessão;;;1045
2019-03-01;voluntário;10529215000158;NUTRIPAR;Consumidor Especial;sem sucessão;;;1045
2019-03-01;voluntário;11654122000118;CERVEJARIA PREMIUM;Consumidor Especial;com sucessão completa;31228003000100;Consumidor Livre;1045
2019-03-01;voluntário;13025790000101;SHOPPING PELOTAS;Consumidor Especial;com sucessão completa;21312589000133;Consumidor Especial;1045
2019-03-01;voluntário;25355691000177;SIMPLES ENERGIA;Comercializador;sem sucessão;;;1045
2019-03-01;voluntário;29667227000681;ARLANXEO TSR TRIUNFO;Consumidor Livre;com sucessão completa;29667227000177;Consumidor Livre;1045
2019-03-01;voluntário;29667227001220;ARLANXEO HPE;Consumidor Livre;com sucessão completa;29667227000177;Consumidor Livre;1045
2019-03-01;voluntário;36966422000163;SEARA NORTE;Consumidor Especial;com sucessão completa;02914460011276;Consumidor Livre;1045
2019-03-01;voluntário;53162095000106;BIOSINTETICA;Consumidor Especial;com sucessão completa;60659463002992;Consumidor Livre;1045
2019-03-01;voluntário;60837689000135;UBV;Consumidor Especial;sem sucessão;;;1045
2019-03-01;voluntário;85147627000122;CERAMICA CEJATEL;Consumidor Especial;sem sucessão;;;1045
2019-03-01;voluntário;97837181003162;DECA LI;Consumidor Especial;sem sucessão;;;1045
2019-04-01;voluntário;01303404000117;ESPER;Consumidor Especial;com sucessão completa;26011559000100;Consumidor Especial;1052
2019-04-01;voluntário;02084145000143;RUBRAS;Consumidor Especial;com sucessão completa;00849898000509;Consumidor Especial;1052
2019-04-01;voluntário;02279361000144;BIBI NORDESTE;Consumidor Especial;com sucessão completa;97748958000105;Consumidor Livre;1052
2019-04-01;voluntário;04833604000170;HOTEL SAGRES;Consumidor Especial;com sucessão completa;26774413000117;Consumidor Especial;1052
2019-04-01;voluntário;05994794000170;SANTANAMT;Consumidor Livre;sem sucessão;;;1052
2019-04-01;voluntário;07671061000120;COSTA NORTE PESCADOS;Consumidor Especial;sem sucessão;;;1052
2019-04-01;voluntário;07788452000129;MAXPET;Consumidor Livre;com sucessão completa;15087610000141;Comercializador;1052
2019-04-01;voluntário;10236004000127;SHOP CIDADE;Consumidor Especial;com sucessão completa;32135034000180;Consumidor Especial;1052
2019-04-01;voluntário;11403023000163;VALE CUBATAO;Consumidor Livre;com sucessão completa;92660604000182;Consumidor Livre;1052
2019-04-01;voluntário;16834280000173;CAVNIC;Consumidor Especial;com sucessão completa;30581287000151;Consumidor Especial;1052
2019-04-01;voluntário;22016026000160;VALE DO PINDARE;Produtor Independente;sem sucessão;;;1052
2019-04-01;voluntário;22992227000101;AJINOMOTO NUTRITION;Consumidor Livre;com sucessão completa;46344354000154;Consumidor Livre;1052
2019-04-01;voluntário;27996594000199;VENEZA;Consumidor Especial;com sucessão completa;27942085000183;Consumidor Especial;1052
2019-04-01;voluntário;45831575000194;TRANCAS BRASIL;Consumidor Especial;com sucessão completa;47454467000175;Consumidor Especial;1052
2019-04-01;voluntário;47067525016292;LDC ARAGUAIA;Consumidor Livre;com sucessão completa;47067525000108;Consumidor Especial;1052
2019-04-01;voluntário;48754139000823;CONTINENTAL SALTO;Consumidor Especial;com sucessão completa;31600044000186;Consumidor Especial;1052
2019-04-01;voluntário;60659463000191;ACHE;Consumidor Livre;com sucessão completa;60659463002992;Consumidor Livre;1052
2019-04-01;voluntário;60854189000292;MOINHO PACIFICO;Consumidor Especial;com sucessão completa;84046101000193;Consumidor Livre;1052
2019-05-01;voluntário;00359256001080;LOGOPLASTE;Consumidor Especial;com sucessão completa;00359256000190;Consumidor Especial;1058
2019-05-01;voluntário;02016439000138;RGE;Distribuidor;com sucessão completa;02016440000162;Distribuidor;1058
2019-05-01;voluntário;02685377000157;SANOFI-AVENTIS;Consumidor Livre;com sucessão completa;10588595001092;Consumidor Livre;1058
2019-05-01;voluntário;02837836000170;TENARIS COATING;Consumidor Livre;com sucessão completa;60882628000190;Consumidor Especial;1058
2019-05-01;voluntário;03518381000193;AGRO 100;Consumidor Especial;com sucessão completa;01236287000116;Consumidor Especial;1058
2019-05-01;voluntário;04149637004516;SUPER ABC CAMBUI;Consumidor Especial;com sucessão completa;04149637000103;Consumidor Especial;1058
2019-05-01;voluntário;05938884000143;UTE VALE DO PARANA;Produtor Independente;com sucessão completa;31149697000190;Produtor Independente;1058
2019-05-01;voluntário;09268761000101;NORTE SHOPPING BELEM;Consumidor Livre;com sucessão completa;30710041000132;Consumidor Livre;1058
2019-05-01;voluntário;39346861000161;HBBHJBBJHKHJO;Autoprodutor;com sucessão completa;39346861035038;Consumidor Especial;1058
2019-05-01;voluntário;58309998000603;XERIUM SUMARE;Consumidor Especial;com sucessão completa;58309998000190;Consumidor Especial;1058
2019-05-01;voluntário;61064838008541;SGBRAS-BARBACENA;Consumidor Livre;com sucessão completa;32870697000148;Consumidor Livre;1058
2019-06-01;compulsório;18464779000161;CGH GENEROSO;Produtor Independente;sem sucessão;;;1062
2019-06-01;voluntário;00857758001031;DELPHI PINHA R;Consumidor Livre;sem sucessão;;;1062
2019-06-01;voluntário;01777872000123;APTAR;Consumidor Especial;com sucessão completa;06148069000143;Consumidor Especial;1062
2019-06-01;voluntário;03420225000195;FADEP;Consumidor Especial;sem sucessão;;;1063
2019-06-01;voluntário;03721769000278;TRA-MASTERBOIPE;Consumidor Especial;com sucessão completa;03721769000197;Consumidor Especial;1062
2019-06-01;voluntário;05808792000149;ANHANGUERA;Consumidor Especial;com sucessão completa;04310392000146;Consumidor Especial;1062
2019-06-01;voluntário;05868278000280;UNIMED FORTALEZA;Consumidor Especial;com sucessão completa;05868278000107;Consumidor Especial;1062
2019-06-01;voluntário;08486693000186;PROLIM;Consumidor Especial;com sucessão completa;07125955000114;Consumidor Especial;1062
2019-06-01;voluntário;09137429000108;SHOPPING BOULEVARD BELEM;Consumidor Livre;com sucessão completa;30711608000195;Consumidor Livre;1062
2019-06-01;voluntário;14773721000149;MALAI;Consumidor Especial;sem sucessão;;;1062
2019-06-01;voluntário;33005265000131;IUNI EDUCAC;Consumidor Especial;com sucessão completa;38733648000140;Consumidor Especial;1062
2019-06-01;voluntário;43999424000971;VOLVO PEDERNEIRAS;Consumidor Especial;com sucessão completa;29307609000190;Consumidor Especial;1063
2019-06-01;voluntário;58309998000786;XERIUM PETROPOLIS;Consumidor Especial;com sucessão completa;58309998000190;Consumidor Especial;1062
2019-06-01;voluntário;77863223004366;CVALE;Consumidor Livre;com sucessão completa;77863223000107;Consumidor Livre;1063
2019-06-29;voluntário;05146605000109;ESPACOFRIO;Consumidor Especial;com sucessão completa;33018974000151;Consumidor Especial;1070
2019-07-01;voluntário;00029372000221;GE HEALTHCARE;Consumidor Especial;com sucessão completa;00029372000140;Consumidor Especial;1069
2019-07-01;voluntário;05266880000166;SJCOLINA;Produtor Independente;com sucessão completa;47080619000117;Produtor Independente;1069
2019-07-01;voluntário;05832555000385;SOCOCO FABRICA;Consumidor Especial;com sucessão completa;05832555000113;Consumidor Especial;1069
2019-07-01;voluntário;06247612000160;SOPECAERO;Consumidor Especial;com sucessão completa;04059223000185;Consumidor Especial;1069
2019-07-01;voluntário;11609581000260;LIDER ALIMENTOS PRUDENTE;Consumidor Especial;com sucessão completa;11609581000180;Consumidor Especial;1069
2019-07-01;voluntário;60794732000122;GRAFICA AQUARELA;Consumidor Especial;com sucessão completa;13555994000669;Consumidor Especial;1069
2019-07-01;voluntário;61520607000600;TAVEX PTA;Consumidor Livre;sem sucessão;;;1069
2019-07-01;voluntário;64088172000141;ATIVUS;Consumidor Especial;com sucessão completa;17440261000125;Consumidor Especial;1069
2019-07-01;voluntário;83506030001769;BENEFICENCIA CAMILIANA DO SUL;Consumidor Especial;com sucessão completa;83506030000100;Consumidor Especial;1069
2019-07-01;voluntário;87833737000335;PISANISP;Consumidor Especial;com sucessão completa;87833737000173;Consumidor Especial;1069
2019-07-01;voluntário;87833737000416;PISANI PE;Consumidor Especial;com sucessão completa;87833737000173;Consumidor Especial;1069
2019-07-01;voluntário;98248644000602;CAMERA AGRO;Consumidor Especial;com sucessão completa;98248644000106;Consumidor Especial;1069
2019-08-01;voluntário;02350191000147;FITECA;Consumidor Especial;com sucessão completa;09176087000127;Consumidor Especial;1075
2019-08-01;voluntário;03395289000183;UNIME SALVADOR;Consumidor Especial;sem sucessão;;;1075
2019-08-01;voluntário;07042642000364;FRINENSE;Consumidor Especial;com sucessão completa;07042642000100;Consumidor Especial;1075
2019-08-01;voluntário;07955536000100;MINERVA RMO;Consumidor Livre;com sucessão completa;67620377000114;Consumidor Especial;1075
2019-08-01;voluntário;12115522000118;LOG HORTOLANDIA;Consumidor Especial;com sucessão completa;21083562000116;Consumidor Especial;1075
2019-08-01;voluntário;13611567000146;HBSA MIRITITUBA;Consumidor Especial;com sucessão completa;13574672000403;Consumidor Livre;1075
2019-08-01;voluntário;21229645000170;ELEBAT;Consumidor Especial;com sucessão completa;14049467000130;Consumidor Especial;1075
2019-08-01;voluntário;27331426000184;HYDRO;Consumidor Livre;com sucessão completa;50155134000150;Consumidor Livre;1075
2019-08-01;voluntário;29722071000180;SEDIVER;Não Agente;com sucessão completa;33852322000118;Consumidor Especial;1075
2019-08-01;voluntário;49092398000394;COMERCIAL ESPERANCA;Consumidor Especial;com sucessão completa;49092398000122;Consumidor Especial;1075
2019-08-01;voluntário;60643228017440;FIBRIA JACAREI;Consumidor Livre;com sucessão completa;16404287000155;Autoprodutor;1075
2019-09-01;voluntário;00253137000239;DANA SOROCABA;Consumidor Especial;com sucessão completa;00253137000158;Consumidor Livre;1080
2019-09-01;voluntário;00253137002100;DANA 2;Consumidor Livre;com sucessão completa;00253137000158;Consumidor Livre;1080
2019-09-01;voluntário;04107020001784;SLC ALIMENTOS;Autoprodutor;com sucessão completa;64904295000103;Produtor Independente;1080
2019-09-01;voluntário;04566746000118;SHOP MARINGA PARK;Consumidor Especial;com sucessão completa;03070981000131;Consumidor Especial;1080
2019-09-01;voluntário;04838649000137;BALL AMAZONIA;Consumidor Especial;com sucessão completa;00771979000100;Consumidor Livre;1080
2019-09-01;voluntário;04838649000218;REXAM AMAZON;Consumidor Especial;com sucessão completa;00771979000100;Consumidor Livre;1080
2019-09-01;voluntário;05835916000185;ALGAR CELULAR;Consumidor Especial;com sucessão completa;71208516000174;Consumidor Especial;1080
2019-09-01;voluntário;07148146000128;NOVOFLEX;Consumidor Especial;sem sucessão;;;1080
2019-09-01;voluntário;09039219000179;MADUREIRA;Consumidor Especial;com sucessão completa;14214354000143;Consumidor Especial;1080
2019-09-01;voluntário;12324688000144;STONEMIX;Consumidor Especial;com sucessão completa;17349842000156;Consumidor Especial;1080
2019-09-01;voluntário;13405157000149;LOG GOIANIA;Consumidor Especial;com sucessão completa;19565701000104;Consumidor Especial;1080
2019-09-01;voluntário;15423664000130;CUIABA PLAZA SHOPPING;Consumidor Livre;com sucessão completa;11801802000117;Consumidor Livre;1080
2019-09-01;voluntário;15514479000151;MATO GROSSO;Consumidor Livre;com sucessão completa;67620377000114;Consumidor Especial;1080
2019-09-01;voluntário;17272457000158;LOG VIA EXPRESSA;Consumidor Especial;com sucessão completa;22262038000175;Consumidor Especial;1080
2019-09-01;voluntário;21813271000136;TAMAR PCH;Gerador;com sucessão completa;00622416000141;Produtor Independente;1080
2019-09-01;voluntário;25860305000102;SM ALIMENTOS;Consumidor Especial;com sucessão completa;14998371000119;Consumidor Livre;1080
2019-09-01;voluntário;45007630000479;MONDELLI CL 13360;Consumidor Livre;com sucessão completa;33920401000119;Consumidor Especial;1080
2019-09-01;voluntário;58250689000788;UNIAO SOCIAL CAMILIANA;Consumidor Especial;com sucessão completa;58250689000192;Consumidor Especial;1080
2019-09-01;voluntário;60892403000114;VS CL;Consumidor Livre;com sucessão completa;17469701000177;Comercializador;1080
2019-09-01;voluntário;60934551000154;ABBRASIL;Consumidor Livre;com sucessão completa;60934551000405;Consumidor Livre;1080
2019-09-01;voluntário;61149886000124;SCALINA LTDA;Consumidor Livre;sem sucessão;;;1080
2019-10-01;voluntário;00253137002010;DANA INDUSTRIAS;Consumidor Livre;com sucessão completa;00253137000158;Consumidor Livre;1085
2019-10-01;voluntário;04064638000147;ADELTEX;Consumidor Especial;com sucessão completa;02809886000144;Consumidor Especial;1085
2019-10-01;voluntário;05729768000114;TGM;Consumidor Especial;com sucessão completa;07175725000160;Consumidor Livre;1085
2019-10-01;voluntário;10519603000158;VDP INDUSTRIA;Consumidor Especial;com sucessão completa;79687588000153;Consumidor Especial;1085
2019-10-01;voluntário;11687101000107;BARATEIRA;Consumidor Especial;com sucessão completa;14214354000143;Consumidor Especial;1085
2019-10-01;voluntário;52823770000138;LAVAPES;Consumidor Especial;com sucessão completa;67228536000130;Consumidor Especial;1085
2019-10-01;voluntário;60884855002289;IMPAR CL;Consumidor Livre;com sucessão completa;60884855000154;Consumidor Especial;1085
2019-10-01;voluntário;61486650049867;DASA DUQUE CAXIAS;Consumidor Especial;com sucessão completa;61486650000183;Consumidor Especial;1085
2019-10-01;voluntário;62576749000139;SIVA REP;Consumidor Especial;sem sucessão;;;1085
2019-10-01;voluntário;74101569002476;JANDELLE MATRIZ CL1 S;Consumidor Livre;com sucessão completa;02914460011276;Consumidor Livre;1085
2019-10-01;voluntário;77048015000154;COMPORTA;Consumidor Especial;sem sucessão;;;1085
2019-11-01;compulsório;02419624000254;REAL MINAS TEXTIL;Consumidor Especial;com sucessão completa;10403238000111;Consumidor Especial;1089
2019-11-01;voluntário;02281006000100;ISOFARMA;Consumidor Especial;com sucessão completa;01571702000198;Consumidor Especial;1089
2019-11-01;voluntário;03711590000310;GRAFITE DO BRASIL;Consumidor Especial;com sucessão completa;31851315000176;Consumidor Especial;1089
2019-11-01;voluntário;05789313000780;ENXUTO;Consumidor Especial;com sucessão completa;05789313000194;Consumidor Especial;1089
2019-11-01;voluntário;06237807000129;PRATK;Consumidor Especial;com sucessão completa;90260985000187;Consumidor Especial;1089
2019-11-01;voluntário;07073027000587;TIVIT SENADOR;Consumidor Especial;sem sucessão;;;1089
2019-11-01;voluntário;08109685000110;INOVABIO;Consumidor Especial;com sucessão completa;07086487000116;Consumidor Especial;1089
2019-11-01;voluntário;08948222000142;ITAOBI;Consumidor Especial;com sucessão completa;62901210000612;Consumidor Especial;1089
2019-11-01;voluntário;33174335000347;CROWN CABREUVA;Consumidor Livre;com sucessão completa;33174335000185;Consumidor Livre;1089
2019-11-01;voluntário;33174335001076;CROWN EMBALAGENS;Consumidor Livre;com sucessão completa;33174335000185;Consumidor Livre;1089
2019-11-01;voluntário;54929021000115;ANDRADE;Produtor Independente;com sucessão completa;47080619000117;Produtor Independente;1089
2019-11-01;voluntário;57507378000101;EMS;Consumidor Especial;com sucessão completa;57507378000365;Consumidor Livre;1089
2019-11-01;voluntário;84430024000170;WOLF;Consumidor Especial;sem sucessão;;;1089
2019-11-01;voluntário;87677860000223;INDUCAL;Consumidor Especial;com sucessão completa;87677860000142;Consumidor Especial;1089
2019-11-01;voluntário;91235549002407;VONPAR REFRESC;Consumidor Livre;com sucessão completa;61186888000193;Consumidor Especial;1089
2019-12-01;voluntário;01588770000160;UOL DIVEO;Consumidor Livre;com sucessão completa;34562112000158;Consumidor Livre;1093
2019-12-01;voluntário;08039334000342;BELMA;Consumidor Especial;com sucessão completa;08039334000180;Consumidor Especial;1093
2019-12-01;voluntário;09333996000121;ECE;Produtor Independente;com sucessão completa;03581989000162;Não Agente;1093
2019-12-01;voluntário;15284527000162;EVVIBER;Consumidor Especial;com sucessão completa;87556650000104;Consumidor Especial;1093
2019-12-01;voluntário;18895368000120;USBER;Consumidor Especial;com sucessão completa;87556650000104;Consumidor Especial;1093
2019-12-01;voluntário;21465927000177;FRIGORIFICO REAL;Consumidor Especial;com sucessão completa;33981438000157;Consumidor Livre;1093
2019-12-01;voluntário;28910529000161;FLEXIBRAS;Consumidor Especial;com sucessão completa;68915891000140;Consumidor Livre;1093
2019-12-01;voluntário;30153506000100;NIELY;Consumidor Especial;sem sucessão;;;1093
2020-01-01;compulsório;20147161000110;FITEDI;Consumidor Especial;sem sucessão;;;1099
2020-01-01;voluntário;00811990000148;GLOBOSAT;Consumidor Especial;com sucessão completa;27865757002229;Consumidor Especial;1099
2020-01-01;voluntário;02116952000109;PRECON GOIAS;Consumidor Especial;sem sucessão;;;1099
2020-01-01;voluntário;03046744000135;IMAX;Consumidor Especial;com sucessão completa;35382136000198;Consumidor Especial;1099
2020-01-01;voluntário;05401842000179;ECOGEN;Produtor Independente;sem sucessão;;;1099
2020-01-01;voluntário;05435483000170;TBM UNIDADE ROND;Consumidor Livre;com sucessão completa;07671092000180;Consumidor Livre;1099
2020-01-01;voluntário;06025749000170;MAGNITOS GRANITOS;Consumidor Especial;sem sucessão;;;1099
2020-01-01;voluntário;08689024000616;VSB SERRA;Consumidor Livre;com sucessão completa;61142766000103;Consumidor Livre;1099
2020-01-01;voluntário;10434193000495;MOVISTAR JD HOME;Consumidor Especial;sem sucessão;;;1099
2020-01-01;voluntário;11744699000110;UTE PARNAIBA;Produtor Independente;com sucessão completa;15743303000171;Produtor Independente;1099
2020-01-01;voluntário;20540181000318;NACOES SHOPPING;Consumidor Especial;com sucessão completa;32994401000109;Consumidor Especial;1099
2020-01-01;voluntário;29918943000856;IESAARARAQUARA;Consumidor Livre;com sucessão completa;33414093000150;Consumidor Livre;1099
2020-01-01;voluntário;34149823000448;GUJAO;Consumidor Especial;com sucessão completa;34149823000103;Consumidor Especial;1099
2020-01-01;voluntário;43248525000153;UNITIKA;Consumidor Livre;com sucessão completa;04973790000142;Comercializador;1099
2020-01-01;voluntário;62174644000153;FREUDENBERG NAO TECIDOS;Consumidor Especial;com sucessão completa;32509940000105;Consumidor Especial;1099
2020-01-01;voluntário;66742636000117;SARPAV;Consumidor Especial;com sucessão completa;43743095000146;Consumidor Especial;1099
2020-02-01;compulsório;11131464000234;GAS VERDE;Consumidor Livre;sem sucessão;;;1104
2020-02-01;voluntário;02036483000290;CONTINENTAL PG;Consumidor Livre;com sucessão completa;08832031001354;Consumidor Livre;1106
2020-02-01;voluntário;02073507000109;NOVODISC;Consumidor Especial;sem sucessão;;;1104
2020-02-01;voluntário;03022008000813;NUTRECO TERESINA;Consumidor Especial;com sucessão completa;04591114000104;Consumidor Especial;1104
2020-02-01;voluntário;07171562000147;ANGLO NIOBIO;Consumidor Livre;com sucessão completa;26108898000100;Consumidor Livre;1104
2020-02-01;voluntário;09570577000103;TEODORO S;Produtor Independente;com sucessão completa;15027346000150;Comercializador;1104
2020-02-01;voluntário;10707426000133;DKING;Consumidor Especial;com sucessão completa;32479146000158;Consumidor Especial;1104
2020-02-01;voluntário;11799788000164;NESTLE SUDESTE;Consumidor Especial;com sucessão completa;02089969000106;Consumidor Especial;1104
2020-02-01;voluntário;18651613000154;VEGA ENERGY;Comercializador;sem sucessão;;;1104
2020-02-01;voluntário;21000468000156;FARID;Consumidor Especial;com sucessão completa;28481219000179;Consumidor Especial;1104
2020-02-01;voluntário;24334092000104;SOPRANO FERRAGENS;Consumidor Especial;com sucessão completa;88634977000101;Consumidor Especial;1104
2020-02-01;voluntário;24550050000100;JARDIM BOTANICO COM;Comercializador;com sucessão completa;30062736000155;Produtor Independente;1104
2020-02-01;voluntário;33040122000160;PIRAQUE;Consumidor Especial;com sucessão completa;07206816000115;Consumidor Livre;1104
2020-02-01;voluntário;46567202000110;COPEBRAS INDUSTRIA;Consumidor Especial;com sucessão completa;26108898000100;Consumidor Livre;1104
2020-02-01;voluntário;56199714000125;CONVENCAO SP;Consumidor Especial;com sucessão completa;56199714000710;Consumidor Livre;1104
2020-02-01;voluntário;59104273001281;MERCEDES IRACEMAPOLIS II;Consumidor Especial;com sucessão completa;31715616000172;Consumidor Livre;1104
2020-02-01;voluntário;60680873000467;KSB BOMBAS;Consumidor Especial;com sucessão completa;60680873000114;Consumidor Especial;1104
2020-02-01;voluntário;62182092001288;ARYSTA;Consumidor Especial;com sucessão completa;02974733000152;Consumidor Especial;1104
2020-02-01;voluntário;77679686000113;PRAXAIR CE;Consumidor Especial;sem sucessão;;;1104
2020-03-01;voluntário;02025334000145;BELARINA ALIMENTOS VAR;Consumidor Livre;com sucessão completa;02025334000579;Consumidor Livre;1112
2020-03-01;voluntário;08440725000102;BRASPER;Consumidor Especial;com sucessão completa;07158073000155;Consumidor Especial;1112
2020-03-01;voluntário;11402018000136;LOG JUNDIAI;Consumidor Especial;com sucessão completa;27616723000176;Consumidor Especial;1112
2020-03-01;voluntário;12006339000184;BSN MEDICAL;Consumidor Especial;com sucessão completa;33839828000197;Consumidor Especial;1112
2020-03-01;voluntário;14109664000106;OXITENO NE;Consumidor Livre;com sucessão completa;62545686000153;Consumidor Livre;1112
2020-03-01;voluntário;29744778053550;IURD RJ - DEL CASTILHO;Consumidor Especial;com sucessão completa;29744778000197;Consumidor Especial;1112
2020-03-01;voluntário;43563840000175;COFIBAM;Consumidor Especial;com sucessão completa;43563840000507;Consumidor Especial;1112
2020-04-01;voluntário;01691041000134;MULTILOG SUL;Consumidor Especial;com sucessão completa;60526977000179;Consumidor Especial;1118
2020-04-01;voluntário;02167325000199;GETF;Consumidor Especial;com sucessão completa;10763773000183;Consumidor Especial;1118
2020-04-01;voluntário;03528802000167;KRATON;Consumidor Especial;com sucessão completa;35094948000138;Consumidor Livre;1118
2020-04-01;voluntário;04992664000135;LINKPLAS;Consumidor Especial;com sucessão completa;35431363000166;Consumidor Especial;1118
2020-04-01;voluntário;07774818000100;GWEST;Consumidor Especial;com sucessão completa;34954956000144;Consumidor Especial;1118
2020-04-01;voluntário;08809288000151;LIBRA VALONGO;Consumidor Especial;com sucessão completa;01417222000177;Consumidor Livre;1118
2020-04-01;voluntário;09170802000467;REPET INDUSTRIA;Consumidor Especial;com sucessão completa;09170802000114;Consumidor Livre;1118
2020-04-01;voluntário;10287442000114;TEMPER SUL;Consumidor Especial;com sucessão completa;17531314000113;Consumidor Especial;1118
2020-04-01;voluntário;11284075000168;TOMAZ & THOMAZ;Consumidor Especial;com sucessão completa;04833821000160;Consumidor Especial;1118
2020-04-01;voluntário;21162019000104;SHOP STA SANTA MARIA-ALIANSCE;Consumidor Especial;com sucessão completa;29014281000113;Consumidor Especial;1118
2020-04-01;voluntário;21561931000309;SANOBIOL;Consumidor Especial;com sucessão completa;44734671000151;Consumidor Livre;1118
2020-04-01;voluntário;33813452001032;LIBRA TERMINAIS;Consumidor Livre;sem sucessão;;;1118
2020-04-01;voluntário;39318225000126;BRAZIL TRADING;Consumidor Especial;com sucessão completa;55850705000190;Consumidor Especial;1118
2020-04-01;voluntário;42123091004513;INTERPRINT SOROCABA;Consumidor Especial;com sucessão completa;33113309000147;Consumidor Especial;1118
2020-04-01;voluntário;61342507000118;MATERNIDADE BRAZ;Consumidor Especial;com sucessão completa;44649812000138;Consumidor Especial;1118
2020-05-01;voluntário;00143381000168;MONTEVERDE;Produtor Independente;com sucessão completa;49972326000170;Produtor Independente;1125
2020-05-01;voluntário;01045120000178;IMERYS PAULINIA;Consumidor Especial;com sucessão completa;61327904000110;Consumidor Livre;1125
2020-05-01;voluntário;01615814002066;UNIGOIANIA;Consumidor Livre;sem sucessão;;;1125
2020-05-01;voluntário;03022008000732;NUTRECO;Consumidor Especial;com sucessão completa;32972772000181;Consumidor Especial;1125
2020-05-01;voluntário;04509941000459;FUTURE;Consumidor Especial;com sucessão completa;33971784000154;Consumidor Especial;1125
2020-05-01;voluntário;05825083000171;FARIMA;Consumidor Especial;com sucessão completa;03498116000190;Consumidor Especial;1125
2020-05-01;voluntário;07062708000116;PLASTCORE;Consumidor Especial;sem sucessão;;;1125
2020-05-01;voluntário;08852207000368;FERROUS VIGA;Consumidor Livre;com sucessão completa;33592510000154;Autoprodutor;1125
2020-05-01;voluntário;12115869000160;C CE BEST WAY;Consumidor Especial;com sucessão completa;24629860000157;Consumidor Especial;1125
2020-05-01;voluntário;21390201000112;IANA3;Consumidor Especial;com sucessão completa;06296177000163;Consumidor Especial;1125
2020-05-01;voluntário;22931380000110;VMMN;Consumidor Especial;com sucessão completa;17170150000146;Consumidor Livre;1125
2020-05-01;voluntário;29744778027206;IURD CE FORTALEZA;Consumidor Especial;com sucessão completa;29744778000197;Consumidor Especial;1125
2020-05-01;voluntário;29744778946090;IURD SE ARACAJÚ;Consumidor Especial;com sucessão completa;29744778000197;Consumidor Especial;1125
2020-05-01;voluntário;44885291002838;LOPESCO;Consumidor Especial;com sucessão completa;44885291000118;Consumidor Especial;1125
2020-05-01;voluntário;76055599000122;EXTRASUL;Consumidor Especial;com sucessão completa;44885291000118;Consumidor Especial;1125
2020-05-01;voluntário;88379771000263;BEIRA RIO IG;Consumidor Especial;com sucessão completa;88379771000182;Consumidor Especial;1125
2020-05-01;voluntário;88379771000697;BEIRARIOMT;Consumidor Especial;com sucessão completa;88379771000182;Consumidor Especial;1125
2020-05-01;voluntário;97201362000263;HOFF PORTAO;Consumidor Especial;com sucessão completa;97201362000182;Consumidor Especial;1125
2020-05-01;voluntário;97201362000425;HOFF CAI;Consumidor Especial;com sucessão completa;97201362000182;Consumidor Especial;1125
2020-06-01;voluntário;01136165000158;SAMI;Consumidor Especial;com sucessão completa;31273842000140;Consumidor Especial;1133
2020-06-01;voluntário;04671122000160;PROPEX;Consumidor Especial;com sucessão completa;00763251000128;Consumidor Livre;1133
2020-06-01;voluntário;06376714000185;COPACABANA;Consumidor Especial;sem sucessão;;;1133
2020-06-01;voluntário;07555950001012;FRIBAL;Consumidor Especial;com sucessão completa;07555950000121;Consumidor Especial;1133
2020-06-01;voluntário;07680669000110;RMBPACK;Consumidor Especial;com sucessão completa;06905926000102;Consumidor Especial;1133
2020-06-01;voluntário;09381723000152;LOCOMOTIVA;Consumidor Especial;com sucessão completa;06225746000180;Consumidor Especial;1133
2020-06-01;voluntário;12110903000295;WORKLEATHER;Consumidor Especial;com sucessão completa;32756560000167;Consumidor Especial;1133
2020-06-01;voluntário;15179682002910;RHODIA ITATIBA;Consumidor Especial;com sucessão completa;57507626001773;Consumidor Especial;1133
2020-06-01;voluntário;29744778157096;IURD AM MANAUS;Consumidor Especial;com sucessão completa;29744778000197;Consumidor Especial;1133
2020-06-01;voluntário;31452113001395;CLARIANT;Consumidor Livre;com sucessão completa;31452113000151;Consumidor Especial;1133
2020-06-01;voluntário;33009911007818;SOUZA CRUZ BLUMENAU CE;Consumidor Especial;com sucessão completa;33009911000139;Consumidor Especial;1133
2020-06-01;voluntário;67620377001358;MINERVA BPA;Consumidor Especial;sem sucessão;;;1133
2020-06-01;voluntário;83430355000148;HACKER INDUSTRIAL;Consumidor Especial;com sucessão completa;29875030000123;Produtor Independente;1133
2020-06-01;voluntário;94644671000139;CIOCCARI FIDAGRAN;Consumidor Especial;com sucessão completa;87675831000141;Consumidor Livre;1133
2020-07-01;voluntário;02060862000135;SUPERFRIO;Consumidor Especial;com sucessão completa;02060862001107;Consumidor Especial;1137
2020-07-01;voluntário;02233406000140;BIRD;Consumidor Especial;com sucessão completa;92091891000157;Consumidor Especial;1137
2020-07-01;voluntário;02290789000198;MACAE COM;Comercializador;com sucessão completa;05195759000190;Comercializador;1137
2020-07-01;voluntário;03944141000150;LA LUBINA;Consumidor Especial;com sucessão completa;03930680000300;Consumidor Especial;1137
2020-07-01;voluntário;04009191000103;CAXIAS SHOPPING;Consumidor Especial;com sucessão completa;32215331000135;Consumidor Especial;1137
2020-07-01;voluntário;04136367000511;FMC;Consumidor Especial;com sucessão completa;04136367000198;Consumidor Especial;1137
2020-07-01;voluntário;06353864001579;RONDELLI;Consumidor Especial;com sucessão completa;06353864000173;Consumidor Especial;1137
2020-07-01;voluntário;07026097000150;PALLADIUM SHOP;Consumidor Especial;com sucessão completa;05152363000166;Consumidor Livre;1137
2020-07-01;voluntário;07636657000199;GUSA NORDESTE;Produtor Independente;com sucessão completa;07636657000270;Consumidor Livre;1137
2020-07-01;voluntário;07714426000156;CODIFLEX;Consumidor Especial;com sucessão completa;08607957000102;Consumidor Especial;1137
2020-07-01;voluntário;07752881000146;AMP PECAS;Consumidor Especial;sem sucessão;;;1137
2020-07-01;voluntário;08985886000181;ALAPLAST;Consumidor Especial;sem sucessão;;;1137
2020-07-01;voluntário;11072849000197;DUDICO;Consumidor Especial;sem sucessão;;;1137
2020-07-01;voluntário;12262251000123;HOTEL GRAN ODARA;Consumidor Especial;sem sucessão;;;1137
2020-07-01;voluntário;14800245000108;SHOP SUZANO;Consumidor Especial;com sucessão completa;35121223000191;Consumidor Livre;1137
2020-07-01;voluntário;27688712000100;VIFRIO;Consumidor Especial;com sucessão completa;20938268000186;Consumidor Especial;1137
2020-07-01;voluntário;28684752000138;GE INDUSTRIAL;Consumidor Especial;com sucessão completa;33449988000120;Consumidor Especial;1137
2020-07-01;voluntário;32509940000105;FREUDENBERG HYGIENE;Consumidor Especial;com sucessão completa;93211084000193;Consumidor Livre;1137
2020-07-01;voluntário;36398113000134;MICRON ITA;Consumidor Livre;com sucessão completa;61327904000110;Consumidor Livre;1137
2020-07-01;voluntário;92741990002938;FACULDADE LA SALLE;Consumidor Especial;sem sucessão;;;1137
2020-08-01;voluntário;00073957000168;ELETROSUL N;Não Agente;com sucessão completa;02016507000169;Produtor Independente;1142
2020-08-01;voluntário;03310965000179;CERAMICA OURO BLANCO;Consumidor Especial;com sucessão completa;00381518000112;Consumidor Especial;1142
2020-08-01;voluntário;04298888000141;EXTRABASE;Consumidor Especial;com sucessão completa;55204002000194;Consumidor Especial;1143
2020-08-01;voluntário;08488511000106;NEW TEMPER NO;Consumidor Especial;sem sucessão;;;1142
2020-08-01;voluntário;09134437000192;OLIVO;Consumidor Especial;com sucessão completa;30471204000171;Consumidor Especial;1142
2020-08-01;voluntário;09325874000193;COG-SBBPCE;Consumidor Especial;sem sucessão;;;1142
2020-08-01;voluntário;11051859000146;NESTLE SUL CL;Consumidor Livre;com sucessão completa;02089969000106;Consumidor Especial;1142
2020-08-01;voluntário;30294338000164;CAE COM;Comercializador;sem sucessão;;;1142
2020-08-01;voluntário;52736949012911;IP PAULINIA;Consumidor Livre;com sucessão completa;32779402000556;Consumidor Livre;1142
2020-08-01;voluntário;54584404000107;PRUDENSHOPP;Consumidor Especial;com sucessão completa;67662395000169;Consumidor Livre;1142
2020-08-01;voluntário;60853942000144;SGOBAIN VID;Consumidor Livre;sem sucessão;;;1143
2020-08-01;voluntário;61259958001753;EDITORA ATICA;Consumidor Especial;com sucessão completa;49323314000114;Consumidor Especial;1145
2020-08-01;voluntário;76633890002699;NUTRIMENTAL;Consumidor Especial;com sucessão completa;76633890000130;Consumidor Especial;1142
2020-08-01;voluntário;79230678000110;JOFUND;Consumidor Livre;com sucessão completa;88610126000552;Consumidor Livre;1142
2020-08-01;voluntário;89774160002650;LANGUIRU;Consumidor Especial;com sucessão completa;89774160000100;Consumidor Especial;1142
2020-09-01;voluntário;00965703000154;LEDERVIN;Consumidor Livre;com sucessão completa;08081619000180;Consumidor Livre;1149
2020-09-01;voluntário;04426565000196;T-SYSTEMS;Consumidor Livre;com sucessão completa;28165685000145;Consumidor Livre;1149
2020-09-01;voluntário;05356949000908;GE GRID CANOAS;Consumidor Especial;com sucessão completa;33401635000150;Consumidor Livre;1149
2020-09-01;voluntário;07427095000173;FRIGOCENTER;Consumidor Especial;com sucessão completa;21074121000158;Consumidor Especial;1149
2020-09-01;voluntário;08355201000113;BIOAROEIRA;Autoprodutor;com sucessão completa;31846208000150;Produtor Independente;1149
2020-09-01;voluntário;08436783000162;SOMAR ENERGIA;Produtor Independente;com sucessão completa;37286680000161;Produtor Independente;1149
2020-09-01;voluntário;09200174000172;VIDROBOX MC;Consumidor Especial;com sucessão completa;24354990000124;Consumidor Especial;1149
2020-09-01;voluntário;09303353000305;BEMISA;Consumidor Especial;com sucessão completa;12056600000150;Consumidor Livre;1149
2020-09-01;voluntário;09347411000122;EECO JACUTINGA (PCH JACUTINGA);Produtor Independente;com sucessão completa;10654917000163;Produtor Independente;1149
2020-09-01;voluntário;11629048000180;ICOPLAS;Consumidor Especial;com sucessão completa;21759758000188;Consumidor Livre;1149
2020-09-01;voluntário;15179682000119;RHODIA POLIAM;Autoprodutor;com sucessão completa;57507626000106;Autoprodutor;1149
2020-09-01;voluntário;15358988000132;BERTOLINI BSA;Consumidor Especial;com sucessão completa;87556650000104;Consumidor Especial;1149
2020-09-01;voluntário;15427015000108;BERTOLINI BMA;Consumidor Especial;com sucessão completa;87556650000104;Consumidor Especial;1149
2020-09-01;voluntário;15448906000140;PATEO GUARULHOS;Consumidor Especial;com sucessão completa;01937635000182;Consumidor Especial;1149
2020-09-01;voluntário;19517665000103;FIBRA PAPEIS;Consumidor Especial;com sucessão completa;21258114000106;Consumidor Especial;1149
2020-09-01;voluntário;27865757003624;GLOBO JB695;Consumidor Especial;com sucessão completa;27865757005325;Consumidor Especial;1149
2020-09-01;voluntário;29504214000187;HALLIBURTON;Consumidor Especial;com sucessão completa;16328932000106;Consumidor Especial;1149
2020-09-01;voluntário;44917714000134;MCM QUIMICA;Consumidor Especial;com sucessão completa;61150348000583;Consumidor Especial;1149
2020-09-01;voluntário;63082325000180;SUPERGAUSS;Consumidor Especial;com sucessão completa;36448573000120;Consumidor Especial;1149
2020-09-01;voluntário;63692180000130;UNINORTE;Consumidor Especial;com sucessão completa;05474470000100;Consumidor Livre;1149
2020-09-01;voluntário;77501856000175;CIBRACAL;Consumidor Especial;com sucessão completa;21308387000118;Consumidor Especial;1149
2020-09-01;voluntário;78578614000142;BIGFER PR;Consumidor Especial;com sucessão completa;92534593000194;Consumidor Especial;1149
2020-10-01;voluntário;01106382000103;C CE SILICATE;Consumidor Especial;com sucessão completa;34656177000162;Consumidor Especial;1155
2020-10-01;voluntário;03940481000103;CASA MANI;Consumidor Especial;com sucessão completa;36277409000105;Consumidor Especial;1155
2020-10-01;voluntário;07970099000101;CURTUME CBR;Consumidor Especial;com sucessão completa;33971784000154;Consumidor Especial;1155
2020-10-01;voluntário;10156658000302;SINA ORLANDIA;Consumidor Especial;com sucessão completa;38081947000147;Consumidor Livre;1155
2020-10-01;voluntário;10156658000574;SINA INDUST;Consumidor Especial;com sucessão completa;38081947000147;Consumidor Livre;1155
2020-10-01;voluntário;41219148000107;OPHBRAS CIA;Consumidor Livre;sem sucessão;;;1155
2020-10-01;voluntário;45987062000681;SOUFER CAMBUI;Consumidor Especial;com sucessão completa;45987062000177;Consumidor Livre;1155
2020-10-01;voluntário;45992062000912;GERMED;Consumidor Especial;com sucessão completa;92265552000140;Consumidor Especial;1155
2020-10-01;voluntário;49032337000170;LEVORIN;Consumidor Especial;com sucessão completa;50567288000159;Consumidor Livre;1155
2020-10-01;voluntário;68821685000170;CRYSTAL PLAZA;Consumidor Especial;com sucessão completa;15680318000138;Consumidor Especial;1155
2020-10-01;voluntário;89086144000620;RANDON SUSPENSYS;Consumidor Livre;com sucessão completa;08304706000159;Consumidor Livre;1155
2020-11-01;voluntário;00698389000190;SALTORELLI TIN;Consumidor Especial;com sucessão completa;23203837000133;Consumidor Especial;1161
2020-11-01;voluntário;03249921000180;VIBRACOUSTIC;Consumidor Especial;com sucessão completa;03249921000504;Consumidor Especial;1161
2020-11-01;voluntário;04962644000111;COOPIDEAL;Consumidor Especial;com sucessão completa;06227913000121;Consumidor Especial;1161
2020-11-01;voluntário;05049758000138;SALTORELLI TEX;Consumidor Especial;com sucessão completa;23203837000133;Consumidor Especial;1161
2020-11-01;voluntário;05441787000140;NORTE HOTELARIA;Consumidor Livre;sem sucessão;;;1161
2020-11-01;voluntário;06030459000114;ENERGIA-NE;Comercializador;sem sucessão;;;1161
2020-11-01;voluntário;06629745000109;NOVAFARMA;Consumidor Especial;com sucessão completa;49324221002077;Consumidor Especial;1161
2020-11-01;voluntário;07605563000586;AVB MINERACAO PA;Consumidor Especial;com sucessão completa;07605563000152;Consumidor Livre;1161
2020-11-01;voluntário;10602467000165;PRATIGI;Consumidor Especial;com sucessão completa;04591114000104;Consumidor Especial;1161
2020-11-01;voluntário;10670924000159;CINESYSTEM SLZ;Consumidor Especial;com sucessão completa;15422993000167;Consumidor Especial;1161
2020-11-01;voluntário;10738709000142;SHOP IDEAL;Consumidor Especial;sem sucessão;;;1161
2020-11-01;voluntário;11501486000168;MEGAPLASTIC;Consumidor Especial;com sucessão completa;34215083000158;Consumidor Especial;1161
2020-11-01;voluntário;14732559000382;VALE DOURADO;Consumidor Especial;com sucessão completa;07605563000152;Consumidor Livre;1161
2020-11-01;voluntário;17578855000105;CPFL CENTRAIS GERADORAS;Gerador;com sucessão completa;08439659000150;Produtor Independente;1161
2020-11-01;voluntário;19900000000508;KAISER RS;Consumidor Especial;com sucessão completa;19900000000176;Consumidor Livre;1161
2020-11-01;voluntário;19900000003787;FEMSACUIABA;Consumidor Especial;com sucessão completa;19900000000176;Consumidor Livre;1161
2020-11-01;voluntário;22949911000100;RAYMUNDOFONTE PA;Consumidor Especial;com sucessão completa;11507415000334;Consumidor Especial;1161
2020-11-01;voluntário;25062706000109;FRONERI;Consumidor Especial;com sucessão completa;25036392000170;Consumidor Livre;1161
2020-11-01;voluntário;60394723001892;BEMIS PARNAMIRIM;Consumidor Especial;com sucessão completa;36324791000233;Consumidor Especial;1161
2020-11-01;voluntário;78700929000110;ALCOOL DA ILHA;Consumidor Especial;sem sucessão;;;1161
2020-11-01;voluntário;89772842000175;LATIVALE;Consumidor Especial;com sucessão completa;39787056001226;Consumidor Especial;1161
2020-12-01;voluntário;00719887000253;2 ALIANCAS;Consumidor Especial;com sucessão completa;31959959000182;Consumidor Livre;1170
2020-12-01;voluntário;02234234000390;MAXION GUARULHOS;Consumidor Livre;sem sucessão;;;1170
2020-12-01;voluntário;03984880000176;SAFRIO CL;Consumidor Livre;com sucessão completa;02914460044107;Consumidor Livre;1170
2020-12-01;voluntário;05354945000397;NILO SUPER;Consumidor Especial;com sucessão completa;05354945000125;Consumidor Especial;1170
2020-12-01;voluntário;09086013000108;CAP DOURADO SC;Consumidor Livre;com sucessão completa;34470323000160;Consumidor Livre;1170
2020-12-01;voluntário;10966735000128;COMPASS;Comercializador;com sucessão completa;19046324000199;Comercializador;1170
2020-12-01;voluntário;11391594000125;QUATRELATI;Consumidor Especial;com sucessão completa;21992946000151;Consumidor Especial;1170
2020-12-01;voluntário;11609581000422;LIDER ALIMENTOS LOBATO;Consumidor Especial;com sucessão completa;11609581000180;Consumidor Especial;1170
2020-12-01;voluntário;11795118000170;IP-SJP;Consumidor Especial;com sucessão completa;28045354000171;Consumidor Especial;1170
2020-12-01;voluntário;19791581000155;CODEMIG - CCPIF;Consumidor Especial;com sucessão completa;29768219000117;Consumidor Especial;1170
2020-12-01;voluntário;22957955000174;PHOSFAZ;Consumidor Especial;com sucessão completa;38132093000180;Consumidor Livre;1170
2020-12-01;voluntário;43037720000134;SG PLASTICOS SC;Consumidor Especial;com sucessão completa;61064838000133;Consumidor Livre;1170
2020-12-01;voluntário;61270393000148;MARBA;Consumidor Especial;com sucessão completa;02914460048781;Consumidor Livre;1170
2020-12-01;voluntário;84584994000120;WEG TURBINAS;Consumidor Especial;sem sucessão;;;1170
2020-12-01;voluntário;87864237000107;CREDEAL;Consumidor Especial;com sucessão completa;34178263000107;Consumidor Especial;1170
2021-01-01;voluntário;02040846000180;WINDSOR MARAPENDI;Consumidor Especial;com sucessão completa;10348318000111;Consumidor Especial;1175
2021-01-01;voluntário;03505886000113;FIERGS;Consumidor Especial;com sucessão completa;03775159000176;Consumidor Especial;1175
2021-01-01;voluntário;04708093000245;ACUMULADORES CALIFORNIA;Consumidor Especial;com sucessão completa;04708093000164;Consumidor Especial;1175
2021-01-01;voluntário;07571746000102;MG VIDROS CL;Consumidor Livre;com sucessão completa;02431320000121;Consumidor Livre;1175
2021-01-01;voluntário;07634836000197;VIDEPLAST EMBALAGENS;Consumidor Especial;com sucessão completa;79687588000153;Consumidor Especial;1175
2021-01-01;voluntário;07646051000215;VINGI TEXTIL V;Consumidor Especial;sem sucessão;;;1175
2021-01-01;voluntário;08080487000171;INCOTEXTIL;Consumidor Especial;com sucessão completa;37640215000187;Consumidor Especial;1175
2021-01-01;voluntário;12984254000170;ARAUCARIA NITROG;Consumidor Livre;com sucessão completa;33000167000101;Produtor Independente;1175
2021-01-01;voluntário;20014670000174;WINDSOR CALIFORNIA;Consumidor Especial;com sucessão completa;10348318000111;Consumidor Especial;1175
2021-01-01;voluntário;28053601000181;CALCADOS PIMPOLHO;Consumidor Especial;sem sucessão;;;1175
2021-01-01;voluntário;33526120000186;WINDSOR FLORIDA;Consumidor Especial;com sucessão completa;10348318000111;Consumidor Especial;1175
2021-01-01;voluntário;59112359000101;FREUDENBERG;Consumidor Especial;sem sucessão;;;1175
2021-01-01;voluntário;86375789000180;DIANA;Consumidor Especial;sem sucessão;;;1175
2021-01-01;voluntário;89729156000383;KURASHIKI;Consumidor Especial;com sucessão completa;89729156000464;Consumidor Especial;1175
2021-02-01;compulsório;75215756000157;SPERAFICO AGROINDUSTRIAL;Consumidor Especial;sem sucessão;;;1181
2021-02-01;voluntário;00993085000156;PLUMA COLINA;Consumidor Especial;com sucessão completa;04656883000143;Consumidor Especial;1181
2021-02-01;voluntário;01235218000198;FAZZENDA HOTEL;Consumidor Especial;com sucessão completa;39227684000102;Consumidor Especial;1181
2021-02-01;voluntário;01990844000190;ADF LOG;Consumidor Especial;com sucessão completa;10508274000140;Consumidor Especial;1181
2021-02-01;voluntário;02364069000120;ARCONVERT;Consumidor Especial;com sucessão completa;34661762000150;Consumidor Especial;1181
2021-02-01;voluntário;03560974000118;SCHERING PLOUGH;Consumidor Especial;sem sucessão;;;1181
2021-02-01;voluntário;04249693000101;MAC GARCIA;Consumidor Especial;sem sucessão;;;1181
2021-02-01;voluntário;04326452000119;CGH PADOVANI;Produtor Independente;com sucessão financeira;19125927000186;Comercializador;1181
2021-02-01;voluntário;04338716000154;MELCON;Consumidor Especial;com sucessão completa;60659463002992;Consumidor Livre;1181
2021-02-01;voluntário;07144671000175;COMPANHIA UNIAVES;Consumidor Especial;sem sucessão;;;1181
2021-02-01;voluntário;22102110000105;CS SANTOS;Consumidor Especial;com sucessão completa;18290268000170;Consumidor Especial;1181
2021-02-01;voluntário;28115610000150;TECHPOLYMERS;Consumidor Livre;com sucessão completa;48539407000118;Consumidor Livre;1181
2021-02-01;voluntário;56173370000185;SOPROVAL;Consumidor Especial;sem sucessão;;;1181
2021-02-01;voluntário;61145488000644;COPERSUCAR S A;Consumidor Especial;com sucessão completa;61145488000130;Consumidor Especial;1181
2021-02-01;voluntário;61149829000145;TECIPAR;Produtor Independente;com sucessão completa;09463468000197;Produtor Independente;1181
2021-02-01;voluntário;63064653000154;GSK GRU;Consumidor Especial;sem sucessão;;;1181
2021-03-01;compulsório;02338823000238;WOW;Consumidor Livre;sem sucessão;;;1187
2021-03-01;compulsório;09464315000164;CIPER - CIA;Consumidor Livre;sem sucessão;;;1187
2021-03-01;voluntário;03535396000160;COSTAPLASTIC;Consumidor Especial;com sucessão completa;02978706000158;Consumidor Livre;1187
2021-03-01;voluntário;04909479000134;FACEPA;Consumidor Livre;com sucessão completa;16404287000155;Autoprodutor;1187
2021-03-01;voluntário;04986320001438;SER EDUCACIONAL;Consumidor Especial;com sucessão completa;04986320000113;Consumidor Livre;1187
2021-03-01;voluntário;05418619000134;SALES SUPERMERCADOS;Consumidor Especial;com sucessão completa;04641376000136;Consumidor Especial;1187
2021-03-01;voluntário;07158073000155;PDA;Consumidor Especial;sem sucessão;;;1187
2021-03-01;voluntário;10782639000200;INTERLANDIA;Consumidor Especial;com sucessão completa;10782639000120;Consumidor Especial;1187
2021-03-01;voluntário;17799179000191;TIETE ADM;Consumidor Livre;com sucessão completa;36083920000168;Consumidor Livre;1187
2021-03-01;voluntário;31638186000132;BRASIPLA;Consumidor Especial;com sucessão completa;01225953000110;Consumidor Especial;1187
2021-03-01;voluntário;43447044000177;SONYBRASIL;Consumidor Especial;com sucessão completa;07666567000140;Consumidor Livre;1187
2021-03-01;voluntário;60398138001275;COMPASS FILIAL;Consumidor Livre;com sucessão completa;30653585000100;Consumidor Livre;1187
2021-03-01;voluntário;84941236000112;RANK PNEUS;Consumidor Especial;com sucessão completa;11120321000146;Consumidor Especial;1187
2021-03-01;voluntário;97508915000144;SUPERMERCADO REAL DE ITAIPU;Consumidor Especial;com sucessão completa;10697697000155;Consumidor Especial;1187
2021-04-01;voluntário;03687143000101;ACTEGA;Consumidor Especial;com sucessão completa;03687143001000;Consumidor Especial;1191
2021-04-01;voluntário;04476442000160;COOP CAMPO VERDE;Consumidor Especial;com sucessão completa;32367504000130;Consumidor Livre;1191
2021-04-01;voluntário;08031164000198;BECKER;Consumidor Especial;com sucessão completa;01961898000127;Consumidor Especial;1191
2021-04-01;voluntário;09118959000109;FW COUROS;Consumidor Especial;com sucessão completa;09102495000134;Consumidor Especial;1192
2021-04-01;voluntário;13482034000101;CGH DONA ENEDINA;Produtor Independente;com sucessão completa;40474308000193;Produtor Independente;1191
2021-04-01;voluntário;20630087000198;MYRTOS;Produtor Independente;com sucessão completa;23857764000101;Produtor Independente;1191
2021-04-01;voluntário;44330975000153;COLOMBO I5;Produtor Independente;com sucessão completa;36584315000170;Produtor Independente;1191
2021-04-01;voluntário;45341526000173;PJX;Consumidor Especial;com sucessão financeira;08393617000126;Consumidor Especial;1191
2021-04-01;voluntário;61412110052384;DROGARIA SP;Consumidor Especial;com sucessão completa;61412110000155;Consumidor Especial;1191
2021-04-01;voluntário;76863828000135;MARINHO;Consumidor Especial;com sucessão completa;02391271000140;Consumidor Especial;1191
2021-04-01;voluntário;92715812000131;CEEE TRANSMISSAO;Transmissor;com sucessão completa;39881421000104;Produtor Independente;1191
2021-05-01;compulsório;13156467000177;MULTIMARKET;Consumidor Especial;sem sucessão;;;1196
2021-05-01;voluntário;00105229000603;DURLICOUROS;Consumidor Especial;com sucessão completa;00105229000190;Consumidor Especial;1196
2021-05-01;voluntário;00724959000170;COMATI;Consumidor Especial;com sucessão completa;09477652000196;Consumidor Especial;1196
2021-05-01;voluntário;01261017000165;BIMETAL;Consumidor Especial;com sucessão completa;11230993000104;Consumidor Especial;1196
2021-05-01;voluntário;04512523000178;CYRELA;Consumidor Especial;sem sucessão;;;1196
2021-05-01;voluntário;12924130000108;ELIZABETHREV;Consumidor Livre;com sucessão completa;02357659000206;Consumidor Livre;1196
2021-05-01;voluntário;19517173000100;ACAUA;Produtor Independente;com sucessão completa;33541368000116;Gerador;1196
2021-05-01;voluntário;19517183000145;CORRUPIAO3;Produtor Independente;com sucessão completa;33541368000116;Gerador;1196
2021-05-01;voluntário;19517245000119;CARCARA;Produtor Independente;com sucessão completa;33541368000116;Gerador;1196
2021-05-01;voluntário;19517279000103;CAITITU2;Produtor Independente;com sucessão completa;33541368000116;Gerador;1196
2021-05-01;voluntário;19517324000120;TEIU2;Produtor Independente;com sucessão completa;33541368000116;Gerador;1196
2021-05-01;voluntário;19526384000109;ARAPAPA;Produtor Independente;com sucessão completa;33541368000116;Gerador;1196
2021-05-01;voluntário;19526394000144;ANGICAL2;Produtor Independente;com sucessão completa;33541368000116;Gerador;1196
2021-05-01;voluntário;19962277000123;COQUEIRINHO2;Produtor Independente;com sucessão completa;33541368000116;Gerador;1196
2021-05-01;voluntário;19962291000127;TAMANDUAMIRIM2;Produtor Independente;com sucessão completa;33541368000116;Gerador;1196
2021-05-01;voluntário;19962303000113;PAPAGAIO;Produtor Independente;com sucessão completa;33541368000116;Gerador;1196
2021-05-01;voluntário;25319200000132;HUMAITA COM;Comercializador;com sucessão completa;33457932000117;Produtor Independente;1196
2021-05-01;voluntário;28255793000290;OUTLET GRANDE SP;Consumidor Especial;com sucessão completa;39730799000107;Consumidor Livre;1196
2021-05-01;voluntário;28485746000151;DOCELAR MOVEIS;Consumidor Especial;com sucessão completa;13570153000116;Consumidor Especial;1196
2021-05-01;voluntário;34215083000158;MEGAPLUS;Consumidor Especial;com sucessão completa;31642161000102;Consumidor Especial;1196
2021-05-01;voluntário;34656177000162;C CE BILD INDUSTRIA E COMERCIO;Consumidor Especial;com sucessão completa;04952265000140;Consumidor Especial;1196
2021-05-01;voluntário;35181726000152;HOSPITAL UDI;Consumidor Especial;com sucessão completa;02284062000106;Consumidor Especial;1196
2021-05-01;voluntário;35637148000116;UFV SOL DE BROTAS 4;Produtor Independente;com sucessão completa;35636502000198;Produtor Independente;1196
2021-05-01;voluntário;35654189000110;OSLO IX - ACL;Produtor Independente;com sucessão completa;35636507000110;Produtor Independente;1196
2021-05-01;voluntário;43217280002906;TERMINAL TIETE;Consumidor Especial;com sucessão completa;43217280000105;Consumidor Especial;1196
2021-05-01;voluntário;45259983000385;ARKEMA;Consumidor Especial;com sucessão completa;16516586000696;Consumidor Especial;1196
2021-05-01;voluntário;55566871000169;DAN VIGOR;Consumidor Especial;com sucessão completa;55566871000673;Consumidor Especial;1196
2021-05-01;voluntário;60777901000116;HOSP STAPAULA;Consumidor Especial;com sucessão completa;60884855000154;Consumidor Especial;1196
2021-05-01;voluntário;80800923000167;CATARATAS ADM;Consumidor Especial;com sucessão completa;08380802000267;Consumidor Especial;1196
2021-06-01;voluntário;03062543000121;PITAGORAS SAO LUIS;Consumidor Especial;com sucessão completa;38733648000140;Consumidor Especial;1202
2021-06-01;voluntário;08713616000111;AVAL METAIS;Consumidor Especial;com sucessão completa;37631374000115;Consumidor Especial;1202
2021-06-01;voluntário;08992424000191;BIOPLUS;Consumidor Especial;sem sucessão;;;1202
2021-06-01;voluntário;12404376000140;SHOP RIO POTY;Consumidor Especial;com sucessão completa;34957181000160;Consumidor Livre;1202
2021-06-01;voluntário;14689857000175;DEAL GESTAO;Comercializador;sem sucessão;;;1202
2021-06-01;voluntário;21253393000115;CONDOMINIO PAULISTA;Consumidor Especial;com sucessão completa;21253393000204;Consumidor Livre;1202
2021-06-01;voluntário;22180761000105;CERAMICA ALMEIDA PISOS;Consumidor Livre;com sucessão completa;44676633000190;Consumidor Especial;1202
2021-06-01;voluntário;32779402000203;EMBACORP RIO VERDE;Consumidor Especial;com sucessão completa;89637490017200;Consumidor Especial;1202
2021-06-01;voluntário;32779402000394;EMBACORP FRANCO DA ROCHA;Consumidor Livre;com sucessão completa;89637490017110;Consumidor Livre;1202
2021-06-01;voluntário;32779402000718;EMBACORP SUZANO;Consumidor Especial;com sucessão completa;89637490017030;Consumidor Livre;1202
2021-06-01;voluntário;33055732000804;ALIANCA NAVAL;Consumidor Especial;com sucessão completa;37981316000111;Consumidor Especial;1202
2021-06-01;voluntário;49912199000466;PENHA PR;Consumidor Livre;com sucessão completa;39746364000150;Consumidor Livre;1202
2021-06-01;voluntário;55285829000170;BRYK;Consumidor Especial;com sucessão completa;11509805000181;Consumidor Especial;1202
2021-06-01;voluntário;60344173000159;AGUAS PRATA;Consumidor Especial;com sucessão completa;44930204000105;Consumidor Especial;1202
2021-06-01;voluntário;98408073000111;VULC AZALEIA;Consumidor Especial;com sucessão completa;00954394000117;Consumidor Livre;1202
2021-07-01;voluntário;02180624000163;GENERAL CABLE;Consumidor Especial;com sucessão completa;61150751003870;Consumidor Livre;1207
2021-07-01;voluntário;02662897000144;KM DE VANTAGENS HALL RJ;Consumidor Especial;sem sucessão;;;1207
2021-07-01;voluntário;02995349000136;MICHEL THIERRY;Consumidor Especial;sem sucessão;;;1207
2021-07-01;voluntário;03399694000170;CERAMICA BOM JESUS;Consumidor Especial;com sucessão completa;36186474000117;Consumidor Especial;1207
2021-07-01;voluntário;05510654000693;ALGAR TI;Consumidor Livre;com sucessão completa;36532249000195;Consumidor Livre;1207
2021-07-01;voluntário;07751593000177;EBS SUPERMERCADOS;Consumidor Especial;com sucessão completa;09477652000196;Consumidor Especial;1207
2021-07-01;voluntário;07751607000152;EMPRESA CATARINENSE;Consumidor Especial;com sucessão completa;09477652000196;Consumidor Especial;1207
2021-07-01;voluntário;08095330000110;EBC;Consumidor Especial;com sucessão completa;11517841000197;Consumidor Especial;1207
2021-07-01;voluntário;13459933000193;AJN;Consumidor Especial;com sucessão completa;08381155000127;Consumidor Especial;1207
2021-07-01;voluntário;15244677000142;ETERNIT CAUCAIA CE;Consumidor Livre;com sucessão completa;75801902000126;Consumidor Especial;1207
2021-07-01;voluntário;16925894000160;STYLO;Consumidor Especial;com sucessão completa;08852700000116;Consumidor Especial;1207
2021-07-01;voluntário;32009404000132;C CE TREBESCHI;Consumidor Especial;com sucessão completa;03500380000111;Consumidor Especial;1207
2021-07-01;voluntário;50949528001232;ASTRA VI;Consumidor Especial;com sucessão completa;50949528000180;Consumidor Especial;1207
2021-07-01;voluntário;50949528001666;ASTRA II;Consumidor Especial;com sucessão completa;50949528000180;Consumidor Especial;1207
2021-07-01;voluntário;60596434000128;METALURGICA ONNIX;Consumidor Especial;com sucessão completa;12833928000136;Consumidor Livre;1207
2021-07-01;voluntário;85077311000101;VOLTOPLAST;Consumidor Especial;com sucessão completa;40083171000146;Consumidor Especial;1207
2021-07-01;voluntário;92706308000175;USBEE;Consumidor Especial;com sucessão completa;92023159000140;Consumidor Especial;1207
2021-08-01;voluntário;07924215000148;LOSGROBO;Consumidor Especial;sem sucessão;;;1213
2021-08-01;voluntário;09276690000180;DOMNO;Consumidor Especial;com sucessão completa;31939216000140;Consumidor Especial;1213
2021-08-01;voluntário;18206524000107;THYSSEN METAL;Consumidor Livre;com sucessão completa;04436214000328;Consumidor Livre;1213
2021-08-01;voluntário;25878901000101;AMC;Consumidor Especial;com sucessão completa;17469701000177;Comercializador;1213
2021-08-01;voluntário;28905815000139;PARKSHOPPINGCANOAS;Consumidor Livre;com sucessão completa;35475957000179;Consumidor Livre;1213
2021-08-01;voluntário;29266359000197;ASSOC CENTER CABREUVA;Consumidor Especial;com sucessão completa;41822851000105;Consumidor Especial;1213
2021-08-01;voluntário;61604112000146;IMAVEN;Consumidor Especial;com sucessão completa;33256439000139;Consumidor Livre;1213
2021-09-01;voluntário;01250565000190;GRUPO MOCELIM;Consumidor Especial;com sucessão completa;36754731000170;Consumidor Especial;1218
2021-09-01;voluntário;03654610000105;CORTALINA;Consumidor Especial;sem sucessão;;;1218
2021-09-01;voluntário;04898857000202;JABIL AM;Consumidor Especial;com sucessão completa;04898857000121;Consumidor Especial;1218
2021-09-01;voluntário;06202509000101;VITAFLEX;Consumidor Especial;sem sucessão;;;1218
2021-09-01;voluntário;48539407002919;BASF SA;Consumidor Especial;com sucessão completa;48539407000118;Consumidor Livre;1218
2021-09-01;voluntário;61365284000104;SARAIVA;Consumidor Especial;sem sucessão;;;1218
2021-09-01;voluntário;87861324000100;SULMAQ MAT;Consumidor Especial;com sucessão completa;05013050000127;Consumidor Especial;1218
2021-10-01;voluntário;04259490000287;FLEXNGATE;Consumidor Livre;sem sucessão;;;1224
2021-10-01;voluntário;06330859000145;SCHELL;Consumidor Especial;com sucessão completa;02641743000176;Consumidor Especial;1224
2021-10-01;voluntário;07073027001044;TIVIT BARRA;Consumidor Livre;com sucessão completa;07073027000153;Consumidor Livre;1224
2021-10-01;voluntário;07073027001982;TIVIT TRANSAMERICA;Consumidor Livre;com sucessão completa;07073027000153;Consumidor Livre;1224
2021-10-01;voluntário;07073027002105;TIVIT CENESP;Consumidor Especial;com sucessão completa;07073027000153;Consumidor Livre;1224
2021-10-01;voluntário;17692737000115;JOFEGE CONCRETO;Consumidor Livre;com sucessão completa;05353326000116;Consumidor Livre;1224
2021-10-01;voluntário;32786210000143;C CE ALVORADA PLASTICOS;Consumidor Especial;com sucessão completa;26480257000181;Consumidor Livre;1224
2021-10-01;voluntário;33014556000196;LASA MATRIZ;Consumidor Especial;com sucessão completa;00776574000660;Consumidor Especial;1224
2021-10-01;voluntário;55002133000199;KELLOGG;Consumidor Especial;sem sucessão;;;1224
2021-10-01;voluntário;82607847000101;COMFIO;Consumidor Livre;com sucessão completa;84683408000103;Consumidor Livre;1224
2021-11-01;compulsório;53859989000150;C CE ELASTICOS SAO JOSE;Consumidor Especial;sem sucessão;;;1231
2021-11-01;voluntário;02372836000142;DNA VIDROS E ALUMINIO;Consumidor Especial;com sucessão completa;22209193000128;Consumidor Livre;1231
2021-11-01;voluntário;02485346000152;SICAD;Consumidor Especial;sem sucessão;;;1231
2021-11-01;voluntário;19660985000100;HERMENEGILDO II;Produtor Independente;com sucessão completa;09149503000106;Comercializador;1231
2021-11-01;voluntário;19660995000145;HERMENEGILDO III;Produtor Independente;com sucessão completa;09149503000106;Comercializador;1231
2021-11-01;voluntário;19661000000160;HERMENEGILDO I;Produtor Independente;com sucessão completa;09149503000106;Comercializador;1231
2021-11-01;voluntário;19661005000193;CHUI IX;Produtor Independente;com sucessão completa;09149503000106;Comercializador;1231
2021-11-01;voluntário;21069876000164;TAFFRIO;Consumidor Especial;com sucessão completa;20009878000103;Consumidor Especial;1231
2021-11-01;voluntário;33403141000104;FIACAO S PAULO TEXTIL;Consumidor Livre;sem sucessão;;;1231
2021-11-01;voluntário;44829653000153;ANGOLINI & ANGOLINI;Consumidor Livre;sem sucessão;;;1231
2021-11-01;voluntário;88309620000158;ALSTOM TRANSPORTE;Consumidor Especial;sem sucessão;;;1231
2021-11-01;voluntário;89637490017030;KLABIN SUZANO;Consumidor Livre;com sucessão completa;89637490000145;Produtor Independente;1231
2021-11-01;voluntário;89637490017200;KLABIN RIO VERDE;Consumidor Especial;com sucessão completa;89637490000145;Produtor Independente;1231
2021-11-01;voluntário;93062941000130;SOUBACH COUROS;Consumidor Especial;sem sucessão;;;1231
2021-12-01;voluntário;01825701000122;ENERGYWORKS RC;Consumidor Livre;com sucessão completa;07802794000318;Consumidor Livre;1235
2021-12-01;voluntário;02431320000121;QUALITY LINDENBERG LIVRE;Consumidor Livre;com sucessão completa;07571746000102;Consumidor Livre;1235
2021-12-01;voluntário;03946067000101;KWS;Consumidor Especial;com sucessão completa;03946067000535;Consumidor Especial;1235
2021-12-01;voluntário;04743809000164;SERRARIA EGIDIO;Autoprodutor;com sucessão completa;41651798000119;Autoprodutor;1235
2021-12-01;voluntário;04923879000102;TOPFRAL;Consumidor Especial;com sucessão completa;08545906000365;Consumidor Especial;1235
2021-12-01;voluntário;05429267000112;MGFRIO;Consumidor Especial;com sucessão completa;26036491000114;Consumidor Especial;1235
2021-12-01;voluntário;07049396000100;SCROCCARO;Consumidor Especial;com sucessão completa;15077234000104;Consumidor Especial;1235
2021-12-01;voluntário;08008273000194;HENN INDUSTRIA;Consumidor Especial;com sucessão completa;85355592000117;Consumidor Livre;1235
2021-12-01;voluntário;08742331000109;CLARIANT ADM;Consumidor Especial;com sucessão completa;43676791000187;Consumidor Especial;1235
2021-12-01;voluntário;11005817000179;FERNANPLAS;Consumidor Especial;sem sucessão;;;1235
2021-12-01;voluntário;11507415000415;RAYMUNDO DA FONTE RJ;Consumidor Especial;sem sucessão;;;1235
2021-12-01;voluntário;21860422000107;HOT BEACH SUITES;Consumidor Especial;com sucessão completa;41794395000129;Consumidor Especial;1235
2021-12-01;voluntário;29332398000145;COFCO GRAINS;Consumidor Livre;com sucessão completa;06315338022279;Consumidor Especial;1235
2021-12-01;voluntário;33009911001887;SOUZA CRUZ;Consumidor Livre;com sucessão completa;33009911000139;Consumidor Especial;1235
2021-12-01;voluntário;61065298000455;MANGELS SBC SP;Consumidor Livre;com sucessão financeira;61065298001508;Consumidor Livre;1235
2021-12-01;voluntário;61551172000148;BANFILME SP;Consumidor Especial;com sucessão completa;31527824000148;Consumidor Especial;1235
2022-01-01;voluntário;02214928000102;LAVE BEM LAVANDERIA;Consumidor Especial;sem sucessão;;;1242
2022-01-01;voluntário;02481644000174;NIKEN MATRIZ;Consumidor Livre;sem sucessão;;;1242
2022-01-01;voluntário;02952485000149;ZARA;Consumidor Especial;com sucessão completa;02952485003830;Consumidor Especial;1242
2022-01-01;voluntário;03980822000174;THORGRAN GRANITOS;Consumidor Especial;com sucessão completa;31023302000109;Consumidor Especial;1242
2022-01-01;voluntário;04492129000115;SHOPPING VIDA;Consumidor Especial;sem sucessão;;;1242
2022-01-01;voluntário;04712800000196;THORNORTE GRANITOS;Consumidor Especial;com sucessão completa;31023302000109;Consumidor Especial;1242
2022-01-01;voluntário;06635285000890;THOR NORDESTE RN;Consumidor Especial;com sucessão completa;31023302000109;Consumidor Especial;1242
2022-01-01;voluntário;07263273000178;PETROPOL;Consumidor Especial;sem sucessão;;;1242
2022-01-01;voluntário;07502359000106;ALTOM;Consumidor Especial;com sucessão completa;32449687000133;Consumidor Especial;1242
2022-01-01;voluntário;07779299000173;EDP GOIAS;Não Agente;com sucessão completa;08560444000193;Gerador;1242
2022-01-01;voluntário;10798130000256;JORNAL DO COMMERCIO;Consumidor Especial;com sucessão completa;09045758000110;Consumidor Especial;1242
2022-01-01;voluntário;11943359000119;TEXMEDICAL TECELAGEM;Consumidor Livre;sem sucessão;;;1242
2022-01-01;voluntário;12056600000150;BEMISA BRASIL;Consumidor Livre;com sucessão completa;08720614000150;Consumidor Livre;1242
2022-01-01;voluntário;20278271000110;TUDORMG;Consumidor Especial;sem sucessão;;;1242
2022-01-01;voluntário;20350295000133;ALTO ALEGRE ENERGETICA;Produtor Independente;com sucessão completa;07004149000198;Produtor Independente;1242
2022-01-01;voluntário;23588582000174;PROJETOAL;Consumidor Especial;com sucessão completa;96162276000145;Consumidor Especial;1242
2022-01-01;voluntário;23673632000111;OBA ATACADO;Consumidor Especial;com sucessão completa;03845717000122;Consumidor Especial;1242
2022-01-01;voluntário;31231182000216;LORD BRASIL EMB;Consumidor Especial;com sucessão completa;41830064000105;Consumidor Especial;1242
2022-01-01;voluntário;33009911033819;SOUZA CRUZ RS2;Consumidor Livre;com sucessão completa;33009911000139;Consumidor Especial;1242
2022-01-01;voluntário;33009911035277;SOUZA CRUZ RS;Consumidor Livre;com sucessão completa;33009911000139;Consumidor Especial;1242
2022-01-01;voluntário;33412792019007;CQG;Consumidor Livre;sem sucessão;;;1242
2022-01-01;voluntário;36193928000187;TEADIT;Consumidor Especial;sem sucessão;;;1242
2022-01-01;voluntário;44156008000117;LORD SOROCABA;Consumidor Especial;com sucessão completa;39449745000178;Consumidor Especial;1242
2022-01-01;voluntário;50695089000126;JOMAFER FERRO E ACO;Consumidor Especial;sem sucessão;;;1242
2022-01-01;voluntário;50935683000147;CLUBE JUNDIAIENSE;Consumidor Especial;sem sucessão;;;1242
2022-01-01;voluntário;61064838000486;SG BRASILIT ESTEIO;Consumidor Especial;com sucessão completa;61064838000133;Consumidor Livre;1242
2022-01-01;voluntário;61064838001296;SG BRASILIT JACAREI CL;Consumidor Livre;com sucessão completa;61064838000133;Consumidor Livre;1242
2022-01-01;voluntário;61064838003400;SG WEBER JANDIRA;Consumidor Especial;com sucessão completa;61064838000133;Consumidor Livre;1242
2022-01-01;voluntário;61064838003906;SG CAPIVARI;Consumidor Especial;com sucessão completa;61064838000133;Consumidor Livre;1242
2022-01-01;voluntário;61064838009009;SG ISOVER;Consumidor Especial;com sucessão completa;61064838000133;Consumidor Livre;1242
2022-01-01;voluntário;61064838009190;SG EUROVEDER SAO CAETANO;Consumidor Especial;com sucessão completa;61064838000133;Consumidor Livre;1242
2022-01-01;voluntário;61064838010791;SG ABRASIVOS LORENA;Consumidor Especial;com sucessão completa;61064838000133;Consumidor Livre;1242
2022-01-01;voluntário;61064838011763;SG ABRASIVOS GUARULHOS;Consumidor Especial;com sucessão completa;61064838000133;Consumidor Livre;1242
2022-01-01;voluntário;61064838012069;SG ABRASIVOS IGARASSU;Consumidor Especial;com sucessão completa;61064838000133;Consumidor Livre;1242
2022-01-01;voluntário;62379037000120;MAVALERIO;Consumidor Especial;com sucessão completa;61193496000151;Consumidor Especial;1242
2022-01-01;voluntário;67562884000491;SONOPRESS;Consumidor Livre;com sucessão completa;04229761000170;Consumidor Livre;1242
2022-01-01;voluntário;78588415002088;CACIQUE BARUERI;Consumidor Especial;sem sucessão;;;1242
2022-01-01;voluntário;80381460000146;DBORCATH;Consumidor Especial;com sucessão completa;41513132000102;Consumidor Especial;1242
2022-01-01;voluntário;95410163000159;PENNACCHI;Consumidor Especial;sem sucessão;;;1242
2022-01-01;voluntário;97837181001895;DECA MSI;Consumidor Especial;com sucessão completa;97837181000147;Consumidor Livre;1242
2022-01-01;voluntário;97837181002190;DECA METAIS;Consumidor Livre;com sucessão completa;97837181000147;Consumidor Livre;1242
2022-01-01;voluntário;97837181002271;DECA LOUCAS;Consumidor Livre;com sucessão completa;97837181000147;Consumidor Livre;1242
2022-01-01;voluntário;97837181002433;DURA FI;Consumidor Livre;com sucessão completa;97837181000147;Consumidor Livre;1242
2022-02-01;voluntário;03255016000133;CONSOLATA AL;Consumidor Especial;com sucessão completa;07145799000153;Consumidor Especial;1249
2022-02-01;voluntário;06216625000171;KUHN;Consumidor Especial;com sucessão completa;01186305000100;Consumidor Especial;1249
2022-02-01;voluntário;17323247000141;CARMO COURI;Consumidor Especial;com sucessão completa;35880201000105;Consumidor Especial;1249
2022-02-01;voluntário;27865757008006;GLOBO COM;Consumidor Especial;com sucessão completa;35980592000130;Consumidor Livre;1249
2022-02-01;voluntário;30079461000162;HAP SANTA MARTHA;Consumidor Livre;sem sucessão;;;1249
2022-02-01;voluntário;60179488000198;HEATCRAFT;Consumidor Especial;sem sucessão;;;1249
2022-02-01;voluntário;61064838004201;SG CERAMICAS E PLASTICOS;Consumidor Especial;com sucessão completa;61064838000133;Consumidor Livre;1249
2022-02-01;voluntário;61064838005950;SG WEBER BOFETE;Consumidor Especial;com sucessão completa;61064838000133;Consumidor Livre;1249
2022-02-01;voluntário;61064838008460;SG GLASS SAO VICENTE;Consumidor Especial;com sucessão completa;61064838000133;Consumidor Livre;1249
2022-02-01;voluntário;67819144000145;FITESA PLASTICOS DIADEMA;Consumidor Especial;com sucessão completa;93211084000193;Consumidor Livre;1249
2022-02-01;voluntário;85053296000161;SERZEGRAF;Consumidor Especial;com sucessão completa;40353730000190;Consumidor Livre;1249
2022-03-01;voluntário;05695860000100;SHOPPING DO AUTOMÓVEL;Consumidor Especial;sem sucessão;;;1254
2022-03-01;voluntário;08832031000463;CONT VEYANCE PARNAIBA;Consumidor Especial;sem sucessão;;;1254
2022-03-01;voluntário;09379673000250;TOPFORM CL 514;Consumidor Livre;com sucessão completa;05316470000182;Consumidor Especial;1254
2022-03-01;voluntário;13926910000141;PLASTICOS NOVEL DO NORDESTE;Consumidor Especial;sem sucessão;;;1254
2022-03-01;voluntário;14606657000101;EOL GERIBATU IV;Produtor Independente;com sucessão completa;09149503000106;Comercializador;1254
2022-03-01;voluntário;14606670000160;EOL GERIBATU III;Produtor Independente;com sucessão completa;09149503000106;Comercializador;1254
2022-03-01;voluntário;14606692000120;EOL GERIBATU II;Produtor Independente;com sucessão completa;09149503000106;Comercializador;1254
2022-03-01;voluntário;14606706000106;EOL CHUI VII;Produtor Independente;com sucessão completa;09149503000106;Comercializador;1254
2022-03-01;voluntário;14606932000197;EOL CHUI VI;Produtor Independente;com sucessão completa;09149503000106;Comercializador;1254
2022-03-01;voluntário;14606945000166;EOL CHUI V;Produtor Independente;com sucessão completa;09149503000106;Comercializador;1254
2022-03-01;voluntário;14606953000102;EOL CHUI IV;Produtor Independente;com sucessão completa;09149503000106;Comercializador;1254
2022-03-01;voluntário;14606986000152;EOL CHUI II;Produtor Independente;com sucessão completa;09149503000106;Comercializador;1254
2022-03-01;voluntário;14607000000169;EOL CHUI I;Produtor Independente;com sucessão completa;09149503000106;Comercializador;1254
2022-03-01;voluntário;14607730000160;EOL GERIBATU IX;Produtor Independente;com sucessão completa;09149503000106;Comercializador;1254
2022-03-01;voluntário;14607768000132;EOL GERIBATU VI;Produtor Independente;com sucessão completa;09149503000106;Comercializador;1254
2022-03-01;voluntário;14608060000104;EOL GERIBATU VII -;Produtor Independente;com sucessão completa;09149503000106;Comercializador;1254
2022-03-01;voluntário;14608082000166;EOL GERIBATU V;Produtor Independente;com sucessão completa;09149503000106;Comercializador;1254
2022-03-01;voluntário;14608104000198;EOL GERIBATU I;Produtor Independente;com sucessão completa;09149503000106;Comercializador;1254
2022-03-01;voluntário;14610139000161;EOL GERIBATU X;Produtor Independente;com sucessão completa;09149503000106;Comercializador;1254
2022-03-01;voluntário;14610234000165;EOL GERIBATU VIII;Produtor Independente;com sucessão completa;09149503000106;Comercializador;1254
2022-03-01;voluntário;14967817000148;PARKSHOPPING JACAREPAGUA;Consumidor Livre;com sucessão completa;42670710000179;Consumidor Livre;1254
2022-03-01;voluntário;17739384000161;EQUIPAM PLASTICOS;Consumidor Especial;sem sucessão;;;1254
2022-03-01;voluntário;21554431000170;MALHARIA RIKAM;Consumidor Especial;sem sucessão;;;1254
2022-03-01;voluntário;23611767000152;MARVITE CL 514;Consumidor Livre;sem sucessão;;;1254
2022-03-01;voluntário;25043386000220;DELPHI AUTO 2;Consumidor Especial;sem sucessão;;;1254
2022-03-01;voluntário;25308198000368;AUTO FORJAS;Consumidor Especial;com sucessão completa;22751408000219;Consumidor Livre;1254
2022-03-01;voluntário;28668099000113;C CE QUALIMINAS;Consumidor Especial;com sucessão completa;06986218000143;Consumidor Livre;1254
2022-03-01;voluntário;31479693000170;MARBEX;Consumidor Especial;com sucessão completa;44766273000117;Consumidor Livre;1254
2022-03-01;voluntário;44744589000108;C CE COOPERBARRA;Consumidor Especial;com sucessão completa;44498384000190;Consumidor Especial;1254
2022-03-01;voluntário;56529217000148;APARAS PRIMOS;Consumidor Especial;com sucessão completa;06915161000191;Consumidor Especial;1254
2022-03-01;voluntário;68766161000124;UNIDAS EMPREENDIMENTOS;Consumidor Livre;sem sucessão;;;1254
2022-03-01;voluntário;82749094000160;BEIRA RIO;Consumidor Livre;sem sucessão;;;1254
2022-03-01;voluntário;85377174000392;UNIMED LITORAL;Consumidor Especial;com sucessão completa;85377174000120;Consumidor Especial;1254
2022-03-01;voluntário;87848222000147;GEREMIA;Consumidor Especial;com sucessão completa;14759173000100;Consumidor Especial;1254
2022-03-01;voluntário;91672105000142;METALGRIN;Consumidor Especial;com sucessão completa;08328905000105;Consumidor Livre;1254
2022-04-01;voluntário;01057428000133;DESCARPACK;Consumidor Especial;sem sucessão;;;1259
2022-04-01;voluntário;04800265000125;CFX LOGÍSTICA;Consumidor Especial;com sucessão completa;35765907000126;Consumidor Especial;1259
2022-04-01;voluntário;07855112000173;GALPLAST;Consumidor Especial;com sucessão financeira;20521600000102;Consumidor Especial;1259
2022-04-01;voluntário;14750461000196;CARIOCA SHOPPING CL;Consumidor Livre;com sucessão completa;21921680000156;Consumidor Livre;1259
2022-04-01;voluntário;15368018000118;RER PLASTICOS;Consumidor Especial;com sucessão completa;40797554000186;Consumidor Especial;1259
2022-04-01;voluntário;24111809000230;TRA-AGIR;Consumidor Especial;com sucessão completa;10174534000279;Consumidor Livre;1259
2022-04-01;voluntário;26262847000138;SORVETES PALETITAS;Consumidor Especial;com sucessão completa;21129160000105;Consumidor Especial;1259
2022-04-01;voluntário;27119208000180;UTE PLANALTO BIO;Produtor Independente;com sucessão completa;60855574000173;Produtor Independente;1259
2022-04-01;voluntário;29884388000112;GOLDEN IMEX LTDA;Consumidor Especial;com sucessão completa;10989834000125;Consumidor Livre;1259
2022-04-01;voluntário;31715616000172;MERCEDES-BENZ CARS & VANS CL;Consumidor Livre;com sucessão completa;42611727000155;Consumidor Livre;1259
2022-04-01;voluntário;44597052007922;ABRILCOM;Consumidor Livre;sem sucessão;;;1259
2022-04-01;voluntário;76490184003445;LEAO LINHARES;Consumidor Livre;com sucessão completa;42431457000109;Consumidor Especial;1259
2022-04-01;voluntário;77022754000177;MARC MINERACAO;Consumidor Especial;com sucessão completa;02845645000150;Consumidor Especial;1259
2022-04-01;voluntário;87102810001028;ARAUPEL MANUFATURADO;Consumidor Livre;com sucessão completa;44611387000198;Consumidor Livre;1259
2022-04-01;voluntário;87102810003233;ARAUPEL SA;Consumidor Livre;com sucessão completa;44611387000198;Consumidor Livre;1259
2022-05-01;voluntário;02859452000230;VALE DO VERDÃO;Produtor Independente;com sucessão financeira;38239725000100;Produtor Independente;1265
2022-05-01;voluntário;04067191000755;EDITORA GLOBO;Consumidor Especial;com sucessão completa;04067191000160;Consumidor Especial;1265
2022-05-01;voluntário;06125495000161;ENSEG;Consumidor Especial;com sucessão completa;22135959000509;Consumidor Especial;1265
2022-05-01;voluntário;07725608000122;LUDFOR GESTORA;Não Agente;sem sucessão;;;1265
2022-05-01;voluntário;07725608000203;LUDFOR SP;Comercializador;sem sucessão;;;1265
2022-05-01;voluntário;07983734000187;LALLEMAND MG;Consumidor Especial;com sucessão completa;27268763000174;Consumidor Livre;1265
2022-05-01;voluntário;09067645000116;SPP;Consumidor Especial;com sucessão completa;34999676000152;Consumidor Livre;1265
2022-05-01;voluntário;10818793000104;QUALITTI ALIMENTOS;Consumidor Especial;com sucessão financeira;22940015000172;Consumidor Livre;1265
2022-05-01;voluntário;12796475000115;CGH MIRADOURO;Produtor Independente;sem sucessão;;;1265
2022-05-01;voluntário;20141438000105;SIGA;Consumidor Especial;com sucessão completa;32205887000140;Consumidor Especial;1265
2022-05-01;voluntário;23398090000116;EVOLUTION;Produtor Independente;com sucessão completa;44141616000158;Produtor Independente;1265
2022-05-01;voluntário;28287882000137;MERCURIO PARTNERS;Produtor Independente;com sucessão completa;44497351000125;Produtor Independente;1265
2022-05-01;voluntário;36442138000198;APOGEE CL 514;Consumidor Livre;com sucessão financeira;31627849000113;Comercializador;1265
2022-05-01;voluntário;36443675000152;ALFA INDUSTRIA;Consumidor Livre;com sucessão completa;32217894000162;Consumidor Livre;1265
2022-05-01;voluntário;40274192000149;GL EVENTS SANTOS;Consumidor Especial;com sucessão completa;05495076000159;Consumidor Livre;1265
2022-05-01;voluntário;43750514000177;EDLUX;Produtor Independente;com sucessão completa;44141616000158;Produtor Independente;1265
2022-05-01;voluntário;62662531000105;KNORR BREMSE;Consumidor Especial;com sucessão completa;00416170000151;Consumidor Livre;1265
2022-05-01;voluntário;62901210000612;BROTO LEGAL ALM;Consumidor Especial;com sucessão completa;08089064000546;Consumidor Livre;1265
2022-05-01;voluntário;81304727000164;IGUACU CPSA;Consumidor Especial;com sucessão completa;44958185000117;Consumidor Livre;1265
2022-06-01;voluntário;02100608000113;ISAPA TEXTIL;Consumidor Especial;com sucessão completa;40172274000182;Consumidor Especial;1269
2022-06-01;voluntário;03140367000107;PLAZA SHOP ITU;Consumidor Livre;sem sucessão;;;1269
2022-06-01;voluntário;03897140000100;LAIRE EMBALAGENS;Consumidor Especial;com sucessão completa;32282660000107;Consumidor Especial;1269
2022-06-01;voluntário;04551794001376;UTC;Consumidor Especial;com sucessão completa;04551794000132;Consumidor Livre;1269
2022-06-01;voluntário;05571100000191;INSER;Consumidor Especial;com sucessão completa;65441255000135;Consumidor Especial;1269
2022-06-01;voluntário;07258383000141;BRAND TEXTIL;Consumidor Especial;sem sucessão;;;1269
2022-06-01;voluntário;07395522000189;FORPACK;Consumidor Especial;com sucessão financeira;10920709000169;Consumidor Especial;1269
2022-06-01;voluntário;11284022000147;CONDOMINIO VIP VII;Consumidor Especial;com sucessão completa;14695349000108;Consumidor Especial;1269
2022-06-01;voluntário;14675968000122;TAE YANG CL 514;Consumidor Livre;sem sucessão;;;1269
2022-06-01;voluntário;17731972000159;TERM MARINGA;Consumidor Especial;com sucessão completa;33930529000163;Consumidor Especial;1269
2022-06-01;voluntário;17881855000171;AGUA HELIOS;Consumidor Especial;com sucessão completa;44978031000197;Consumidor Especial;1269
2022-06-01;voluntário;18943327000162;EOSP;Consumidor Especial;com sucessão completa;05110148000100;Consumidor Especial;1269
2022-06-01;voluntário;21785364000102;TRANSIRE;Consumidor Especial;com sucessão completa;22770366000182;Consumidor Especial;1269
2022-06-01;voluntário;25708280000118;GRUPAL;Consumidor Especial;com sucessão completa;42816108000105;Consumidor Livre;1269
2022-06-01;voluntário;25859018000174;NUTRACOM;Consumidor Especial;com sucessão completa;02814497000298;Consumidor Especial;1269
2022-06-01;voluntário;31162421000142;MACHADOALTAFLORESTA;Consumidor Especial;com sucessão completa;13338712000248;Consumidor Especial;1269
2022-06-01;voluntário;44040707000105;RFS BRASIL;Consumidor Especial;sem sucessão;;;1269
2022-06-01;voluntário;60975174000100;SAO CRISTOVAO;Consumidor Especial;sem sucessão;;;1269
2022-06-01;voluntário;72114994000188;CVI;Consumidor Especial;com sucessão completa;61186888000193;Consumidor Especial;1269
2022-06-01;voluntário;74178807000155;K1 COLCHOES;Consumidor Especial;com sucessão completa;00912882000919;Consumidor Especial;1269
2022-06-01;voluntário;87226528000161;JOHANN;Consumidor Especial;com sucessão completa;81611931001019;Consumidor Livre;1269
2022-07-01;voluntário;01317309000172;CHARRUA;Consumidor Especial;com sucessão completa;30053915000126;Consumidor Especial;1274
2022-07-01;voluntário;05730180000180;BOTUVERA ACUMULADORES;Consumidor Especial;com sucessão completa;17645625000103;Consumidor Especial;1274
2022-07-01;voluntário;06204573000113;SHOPPING CIDADE MARINGA;Consumidor Especial;sem sucessão;;;1274
2022-07-01;voluntário;07206816002401;M DIAS BRANCO MUCURIPE;Consumidor Livre;com sucessão completa;07206816000115;Consumidor Livre;1274
2022-07-01;voluntário;07206816002835;M DIAS BRANCO GME;Consumidor Especial;com sucessão completa;07206816000115;Consumidor Livre;1274
2022-07-01;voluntário;07206816003050;M DIAS BRANCO BA;Consumidor Livre;com sucessão completa;07206816000115;Consumidor Livre;1274
2022-07-01;voluntário;07206816006237;M DIAS BRANCO PR;Consumidor Especial;com sucessão completa;07206816000115;Consumidor Livre;1274
2022-07-01;voluntário;07802794000156;CONTOUR GLOBAL;Produtor Independente;com sucessão completa;42886604000127;Produtor Independente;1274
2022-07-01;voluntário;07802794000318;CONTOUR BALSA NOVA;Consumidor Livre;com sucessão completa;42879763000102;Consumidor Livre;1274
2022-07-01;voluntário;09511067000246;SHOPPING MACEIO;Consumidor Livre;com sucessão completa;26756253000183;Consumidor Livre;1274
2022-07-01;voluntário;17765891000170;ELEVA EDUCACAO;Consumidor Especial;com sucessão completa;14011425000100;Consumidor Especial;1274
2022-07-01;voluntário;22059167000160;PORTO SEGURO HOTEL;Consumidor Especial;com sucessão completa;42337324000160;Consumidor Especial;1274
2022-07-01;voluntário;23655106000129;KEIPER PECAS;Consumidor Especial;com sucessão completa;41421993000152;Consumidor Especial;1274
2022-07-01;voluntário;41396899000190;DOCOL INOX;Consumidor Especial;com sucessão completa;75339051000141;Consumidor Especial;1274
2022-07-01;voluntário;74526278000567;ALIBEY;Consumidor Especial;com sucessão completa;74526278000133;Consumidor Especial;1274
2022-07-01;voluntário;76387901000140;MARONESI;Consumidor Especial;com sucessão completa;77752293000198;Consumidor Livre;1274
2022-08-01;voluntário;00202187000106;CALESITA CL 514;Consumidor Livre;sem sucessão;;;1282
2022-08-01;voluntário;01260788000138;JM;Consumidor Especial;sem sucessão;;;1282
2022-08-01;voluntário;01272964000151;JANGADA;Consumidor Especial;com sucessão completa;01662221000198;Consumidor Especial;1282
2022-08-01;voluntário;04701676000163;JGK;Consumidor Especial;com sucessão completa;42159411000174;Consumidor Especial;1282
2022-08-01;voluntário;04705784000104;AUREN VAR S SSALTTEC;Consumidor Livre;com sucessão completa;07324846000126;Consumidor Livre;1282
2022-08-01;voluntário;04970016000269;BERRY;Consumidor Especial;com sucessão completa;04970016000188;Consumidor Livre;1282
2022-08-01;voluntário;07165156000171;MAXIPOSTO I5;Consumidor Especial;sem sucessão;;;1282
2022-08-01;voluntário;07296787000120;FERAL METAL;Consumidor Especial;com sucessão completa;08968756000130;Consumidor Livre;1282
2022-08-01;voluntário;07545610000110;TECNOSTEEL;Consumidor Especial;com sucessão completa;04744310000333;Consumidor Especial;1282
2022-08-01;voluntário;08627728000150;SINDI CL 514;Consumidor Livre;sem sucessão;;;1282
2022-08-01;voluntário;10456016000167;SHELL BRASIL;Consumidor Especial;com sucessão completa;41778008000160;Consumidor Livre;1282
2022-08-01;voluntário;11173911000137;UNISORVANE;Consumidor Livre;sem sucessão;;;1282
2022-08-01;voluntário;17943815000298;FW2;Consumidor Especial;com sucessão completa;24853044000122;Consumidor Especial;1282
2022-08-01;voluntário;32968013000145;RT 043;Consumidor Especial;com sucessão completa;61327904000110;Consumidor Livre;1282
2022-08-01;voluntário;33144437000743;SCHOTT BRASIL;Consumidor Especial;com sucessão completa;45768515000174;Consumidor Livre;1282
2022-08-01;voluntário;51422970000116;OMI-ZILLO;Consumidor Livre;com sucessão completa;31411858000172;Consumidor Especial;1282
2022-08-01;voluntário;57494239000182;LABORTEX;Consumidor Especial;sem sucessão;;;1282
2022-09-01;voluntário;03331986000170;BASE HOME SOLUTIONS;Consumidor Especial;com sucessão completa;40692476000155;Consumidor Especial;1286
2022-09-01;voluntário;03353785000506;ICL CAJATI;Consumidor Especial;com sucessão completa;45992535000124;Consumidor Livre;1286
2022-09-01;voluntário;04412044000180;CODAP;Consumidor Especial;com sucessão completa;01879814000100;Consumidor Especial;1286
2022-09-01;voluntário;11756712000151;EBERSPAECHER TEC;Consumidor Especial;sem sucessão;;;1286
2022-09-01;voluntário;13888396000105;SILAT;Consumidor Livre;com sucessão completa;07358761000169;Consumidor Livre;1286
2022-09-01;voluntário;19969232000180;TOPPLASTIC;Consumidor Especial;com sucessão completa;39636691000150;Consumidor Especial;1286
2022-09-01;voluntário;22626498000216;BRASIL PELLET;Consumidor Especial;com sucessão completa;22626498000135;Consumidor Especial;1286
2022-09-01;voluntário;34015970000182;UPI LONDRINA;Consumidor Especial;com sucessão completa;79114450000165;Consumidor Livre;1286
2022-09-01;voluntário;43237064000113;IND TEXTEIS NAJAR;Consumidor Livre;sem sucessão;;;1286
2022-09-01;voluntário;47621396000158;C CE PEDREIRA REMANSO;Consumidor Especial;com sucessão completa;11517262001116;Consumidor Especial;1286
2022-09-01;voluntário;53735536000111;PEDREIRA MOGIANA;Consumidor Especial;com sucessão completa;43249366000101;Consumidor Especial;1286
2022-10-01;voluntário;01613433000185;HOSP SAO FRANCISCO SAUDE;Consumidor Especial;com sucessão completa;37173123000134;Consumidor Especial;1293
2022-10-01;voluntário;01992190000133;NUVAK;Consumidor Especial;com sucessão completa;52408101000108;Consumidor Especial;1293
2022-10-01;voluntário;02884951000104;LITORAL PLAZA;Consumidor Especial;com sucessão completa;29423721000196;Consumidor Livre;1293
2022-10-01;voluntário;04823952000166;FUNDICAO FEITICO;Consumidor Especial;com sucessão completa;67051136000100;Consumidor Especial;1293
2022-10-01;voluntário;07232413000140;HELBAACO;Consumidor Especial;sem sucessão;;;1293
2022-10-01;voluntário;07280722000196;FATEX;Consumidor Especial;sem sucessão;;;1293
2022-10-01;voluntário;09644104000294;PEPSICO AMACOCO;Consumidor Especial;sem sucessão;;;1293
2022-10-01;voluntário;13555994000669;PRINTI;Consumidor Especial;com sucessão completa;13555994000154;Consumidor Especial;1293
2022-10-01;voluntário;15579674000160;FINI;Consumidor Especial;com sucessão completa;03594123000196;Consumidor Especial;1293
2022-10-01;voluntário;17263275000110;BARRA DO PIRAI;Consumidor Especial;com sucessão completa;01621399000190;Consumidor Especial;1293
2022-10-01;voluntário;20557161000198;VALLÉ;Consumidor Livre;com sucessão completa;07954091001387;Consumidor Livre;1293
2022-10-01;voluntário;24013907000153;INTERCONTINENTAL FOODS;Consumidor Especial;com sucessão completa;07164263000185;Consumidor Especial;1293
2022-10-01;voluntário;25117281000198;LAMITEXTIL;Consumidor Especial;com sucessão completa;33385067000140;Consumidor Especial;1293
2022-10-01;voluntário;53309845001525;PRODUTOS ALIMENTICIOS PELOTAS;Consumidor Especial;com sucessão completa;53309845000120;Consumidor Especial;1293
2022-11-01;voluntário;00757647000162;BISCOITOS PORTO ALEGRE;Consumidor Especial;com sucessão completa;22376681000120;Consumidor Especial;1300
2022-11-01;voluntário;07071658000133;MELLER;Consumidor Especial;com sucessão completa;43319117000145;Consumidor Especial;1300
2022-11-01;voluntário;11830358000168;CPAS ENERGIA;Comercializador;sem sucessão;;;1300
2022-11-01;voluntário;23541412000134;MIRANTE COMERCIALIZADORA;Comercializador;com sucessão completa;39372597000130;Produtor Independente;1300
2022-11-01;voluntário;25863739000158;C CE SUPERMERCADOS KALU;Consumidor Especial;com sucessão completa;71385637000191;Consumidor Especial;1300
2022-11-01;voluntário;28507748000102;OESTE;Produtor Independente;com sucessão completa;36641614000108;Produtor Independente;1300
2022-11-01;voluntário;33009911030631;SOUZA CRUZ TATUAPE;Consumidor Especial;sem sucessão;;;1300
2022-11-01;voluntário;74235979000113;MELHOR BOCADO;Consumidor Especial;sem sucessão;;;1300
2022-12-01;voluntário;08686911000207;AREVALE;Produtor Independente;sem sucessão;;;1305
2022-12-01;voluntário;29768219000117;CODEMGE;Consumidor Especial;com sucessão completa;46858011000108;Consumidor Especial;1305
2022-12-01;voluntário;39731186000194;COANORP;Consumidor Especial;com sucessão completa;79114450000165;Consumidor Livre;1305
2022-12-01;voluntário;42379609000163;SEWTECH;Consumidor Especial;com sucessão completa;05362278000122;Consumidor Especial;1305
2022-12-01;voluntário;43969163000190;KARPOWERSHIP;Produtor Independente;com sucessão completa;43854903000142;Produtor Independente;1305
2022-12-01;voluntário;60175221000122;CHAMA4;Consumidor Especial;com sucessão completa;03205493000194;Consumidor Especial;1305
2022-12-01;voluntário;93189694000138;WEATHERFORD;Consumidor Especial;sem sucessão;;;1305
2023-01-01;voluntário;01892202000158;GODIVA;Consumidor Especial;sem sucessão;;;1310
2023-01-01;voluntário;01905097000144;GERMANIA SUP;Consumidor Especial;com sucessão completa;77883320000161;Consumidor Especial;1310
2023-01-01;voluntário;03074988000121;CURTOLO CL 514;Consumidor Livre;sem sucessão;;;1310
2023-01-01;voluntário;03374223000107;NENE ALIMENTOS ESP;Consumidor Especial;sem sucessão;;;1310
2023-01-01;voluntário;04646330000100;ARMANI TEXTIL;Consumidor Especial;sem sucessão;;;1310
2023-01-01;voluntário;04830624000197;BIOAGRI AMBIENTAL;Consumidor Especial;com sucessão completa;62473004000144;Consumidor Especial;1310
2023-01-01;voluntário;04864659000147;ASTRIL;Consumidor Especial;com sucessão completa;14297179000103;Consumidor Especial;1310
2023-01-01;voluntário;05195759000190;PBEN;Comercializador;com sucessão completa;03538572000117;Comercializador;1310
2023-01-01;voluntário;07209957000191;FORTUCE MATRIZ;Consumidor Especial;sem sucessão;;;1310
2023-01-01;voluntário;07486185000135;SHOP M TUCURUV;Consumidor Livre;com sucessão completa;16740380000130;Consumidor Livre;1310
2023-01-01;voluntário;10307003000479;MOINHO PIAUI CL 514;Consumidor Livre;sem sucessão;;;1310
2023-01-01;voluntário;11938605000144;MFG AGRO;Consumidor Especial;sem sucessão;;;1310
2023-01-01;voluntário;13016504000141;NOVA GIULEN;Consumidor Especial;sem sucessão;;;1310
2023-01-01;voluntário;13307634000133;PEDREIRA EXTRACON CL;Consumidor Livre;com sucessão completa;03816593000157;Consumidor Livre;1310
2023-01-01;voluntário;15631418000174;UTE FORESPEL;Autoprodutor;com sucessão completa;33187992000167;Autoprodutor;1310
2023-01-01;voluntário;18675185000108;E PALETES CL 514;Consumidor Livre;sem sucessão;;;1310
2023-01-01;voluntário;20121850000155;MERCADO LIVRE;Consumidor Especial;com sucessão completa;03007331000141;Consumidor Especial;1310
2023-01-01;voluntário;23762865000190;JAGUARPACK;Consumidor Especial;com sucessão completa;48839872000174;Consumidor Especial;1310
2023-01-01;voluntário;29700699000184;BBFRIO;Consumidor Especial;com sucessão completa;08335927000194;Consumidor Livre;1310
2023-01-01;voluntário;31187745000135;NOVOPACK;Consumidor Especial;com sucessão completa;09236298000108;Consumidor Livre;1310
2023-01-01;voluntário;40353730000190;GRAFF EDITORA GRAFICA;Consumidor Livre;sem sucessão;;;1310
2023-01-01;voluntário;45201019001610;HOTEL RAINHA DO BRASIL;Consumidor Especial;com sucessão completa;02825033000104;Consumidor Livre;1310
2023-01-01;voluntário;60554219000164;ENGRECON CL 514;Consumidor Livre;sem sucessão;;;1310
2023-01-01;voluntário;61283636000182;FORONI;Consumidor Especial;com sucessão completa;44990901000143;Consumidor Especial;1310
2023-01-01;voluntário;82329103000164;TRÊS RIOS M;Consumidor Livre;sem sucessão;;;1310
2023-01-01;voluntário;97506455000115;COAGRISOL;Consumidor Especial;com sucessão completa;91495549000150;Consumidor Especial;1310
2023-02-01;compulsório;34551154000193;BARREIRAS V;Produtor Independente;sem sucessão;;;1315
2023-02-01;compulsório;34705208000128;JAIBA SE1 I5;Produtor Independente;sem sucessão;;;1315
2023-02-01;voluntário;01109184000195;UOL;Consumidor Especial;sem sucessão;;;1315
2023-02-01;voluntário;01352921000186;MINERADORA RIO FORMOSO;Consumidor Especial;sem sucessão;;;1315
2023-02-01;voluntário;01635544000192;VALSPAR;Consumidor Especial;com sucessão completa;60872306000160;Consumidor Especial;1315
2023-02-01;voluntário;02934071000197;GLOBENET;Consumidor Especial;com sucessão completa;02041460000193;Produtor Independente;1315
2023-02-01;voluntário;06054647000182;COTECE;Consumidor Livre;com sucessão completa;48640179000178;Consumidor Livre;1315
2023-02-01;voluntário;06957694000489;ECONOMICO PEDRO MIRANDA;Consumidor Especial;com sucessão completa;06957694000136;Consumidor Especial;1315
2023-02-01;voluntário;07374996000144;CMP;Consumidor Livre;sem sucessão;;;1315
2023-02-01;voluntário;07657468000100;AMG PLASTICOS;Consumidor Especial;com sucessão completa;44336946000107;Consumidor Livre;1315
2023-02-01;voluntário;07946019000174;CIACARNE ALIMENTOS;Consumidor Especial;sem sucessão;;;1315
2023-02-01;voluntário;08165091000127;ECOPESA;Consumidor Especial;com sucessão completa;03279285000130;Consumidor Livre;1315
2023-02-01;voluntário;08515480000216;PEMILL;Consumidor Especial;com sucessão completa;08515480000135;Consumidor Especial;1315
2023-02-01;voluntário;10653175000151;PRECO BAIXO;Consumidor Especial;com sucessão completa;07443925000156;Consumidor Especial;1315
2023-02-01;voluntário;13327920000160;CGH LIMEIRA;Produtor Independente;sem sucessão;;;1315
2023-02-01;voluntário;14697279000119;CGH PIRAPANEMA;Produtor Independente;sem sucessão;;;1315
2023-02-01;voluntário;26268886000142;VIBRA ENERGIA;Comercializador;com sucessão completa;58177643000195;Comercializador;1315
2023-02-01;voluntário;32187989000180;LAG ATACADO;Consumidor Especial;com sucessão completa;04601165000170;Consumidor Especial;1315
2023-02-01;voluntário;32217894000162;ECOCLEAN PAPEIS;Consumidor Livre;com sucessão completa;36443675000152;Consumidor Livre;1315
2023-02-01;voluntário;32914213000115;SAFRIO LOGISTICA;Consumidor Especial;com sucessão completa;83310441010260;Consumidor Livre;1315
2023-02-01;voluntário;36532249000195;NIMBUS;Consumidor Livre;com sucessão completa;34562112000158;Consumidor Livre;1315
2023-02-01;voluntário;48633713000119;IMERYS ITATEX;Consumidor Especial;sem sucessão;;;1315
2023-02-01;voluntário;51049401000177;IUB;Consumidor Especial;sem sucessão;;;1315
2023-02-01;voluntário;77961431000149;TROMBINI PE;Autoprodutor;com sucessão completa;11252642001680;Autoprodutor;1315
2023-02-01;voluntário;82641986000143;HEMMER CL 514;Consumidor Livre;com sucessão completa;50955707000120;Consumidor Especial;1315
2023-02-01;voluntário;83853655000130;BADOTTI ALIMENTOS;Consumidor Especial;com sucessão completa;01874166000108;Consumidor Especial;1315
2023-02-01;voluntário;87018768000170;MALU CALCADOS;Consumidor Especial;com sucessão completa;88148259000125;Consumidor Especial;1315
2023-02-01;voluntário;97340640000182;BARTZEN;Consumidor Especial;com sucessão completa;00912882000161;Consumidor Livre;1315
2023-03-01;voluntário;00185041000108;ITIQUIRA;Não Agente;com sucessão completa;02808298000196;Produtor Independente;1319
2023-03-01;voluntário;00477367000109;CW INDUSTRIAS;Consumidor Especial;com sucessão completa;05126928000130;Consumidor Livre;1319
2023-03-01;voluntário;01733454000134;FLEXOPRINT;Consumidor Especial;com sucessão completa;82637109000107;Consumidor Especial;1319
2023-03-01;voluntário;03498116000190;FOLEM;Consumidor Especial;com sucessão completa;03498116000433;Consumidor Livre;1319
2023-03-01;voluntário;04040239000146;CITRI;Consumidor Especial;com sucessão completa;85070068000108;Consumidor Livre;1319
2023-03-01;voluntário;04385881000167;KOHMATEX TINTURARIA;Consumidor Especial;com sucessão completa;82982307000108;Consumidor Especial;1319
2023-03-01;voluntário;07073027000153;TIVIT MATRIZ - LIVRE;Consumidor Livre;com sucessão completa;46076909000124;Consumidor Livre;1319
2023-03-01;voluntário;07179031000109;CAHE;Consumidor Especial;com sucessão completa;61216875000110;Consumidor Livre;1319
2023-03-01;voluntário;08779349000185;ZF SUMARE;Consumidor Livre;com sucessão completa;60857349000176;Consumidor Livre;1319
2023-03-01;voluntário;10565310000107;PRAVOCE;Consumidor Especial;com sucessão completa;17457404000101;Consumidor Especial;1319
2023-03-01;voluntário;11262497000132;CONQUISTA MOVEIS;Consumidor Especial;com sucessão completa;06236494000194;Consumidor Livre;1319
2023-03-01;voluntário;13021784000186;RESULTADOS DIGITAIS;Consumidor Especial;sem sucessão;;;1319
2023-03-01;voluntário;16455394000102;VIANORTE SHOP;Consumidor Livre;com sucessão completa;30545997000126;Consumidor Livre;1319
2023-03-01;voluntário;26375585000118;CGH ERNESTO LAVRATTI NETTO;Produtor Independente;com sucessão financeira;15027346000150;Comercializador;1319
2023-03-01;voluntário;59280685000110;ZF SBC;Consumidor Livre;com sucessão completa;60857349000176;Consumidor Livre;1319
2023-03-01;voluntário;59280685001515;ZF ARARAQUARA;Consumidor Especial;com sucessão completa;60857349000176;Consumidor Livre;1319
2023-03-01;voluntário;88301155000109;M CRUZEIRO RS;Consumidor Especial;com sucessão completa;95597647000159;Consumidor Especial;1319
2023-04-01;voluntário;01570343000154;PITLAK;Consumidor Especial;com sucessão completa;47445963000162;Consumidor Especial;1325
2023-04-01;voluntário;03238278000190;COOPERPLAST;Consumidor Especial;com sucessão completa;62934294000186;Consumidor Especial;1325
2023-04-01;voluntário;05870716000244;NATURELIFE;Consumidor Especial;com sucessão completa;02456955000183;Consumidor Especial;1325
2023-04-01;voluntário;08421998000100;BETANIN;Consumidor Especial;sem sucessão;;;1325
2023-04-01;voluntário;09174455000106;BLUE FOREST;Consumidor Especial;sem sucessão;;;1325
2023-04-01;voluntário;10785828000156;VENEZA FOODS;Consumidor Especial;com sucessão completa;14769946000121;Consumidor Livre;1325
2023-04-01;voluntário;12610315000130;ENGEPAC;Consumidor Especial;com sucessão completa;11517262000810;Consumidor Especial;1325
2023-04-01;voluntário;14339358000158;OETTERER;Consumidor Especial;com sucessão completa;47410238001988;Consumidor Livre;1325
2023-04-01;voluntário;26995304000120;MARQUESPAN TECNOLOGIA;Consumidor Especial;com sucessão completa;21362359000189;Consumidor Livre;1325
2023-04-01;voluntário;27026451000154;INPASA MUTUM;Produtor Independente;com sucessão completa;29316596000115;Autoprodutor;1325
2023-04-01;voluntário;27326725000120;VMC - CL LIVRE;Consumidor Livre;com sucessão completa;03794805000142;Consumidor Livre;1325
2023-04-01;voluntário;27614096000134;TRES RIOS ENERGIA;Comercializador;sem sucessão;;;1325
2023-04-01;voluntário;28883561000103;SALINAS PREMIUM ESP;Consumidor Especial;com sucessão completa;45288674000171;Consumidor Livre;1325
2023-04-01;voluntário;32181733000166;ASSET ENERGIA;Comercializador;com sucessão completa;21992946008721;Comercializador;1325
2023-04-01;voluntário;43836485000160;SOMIBRAS;Consumidor Especial;com sucessão completa;05302946000126;Consumidor Livre;1325
2023-04-01;voluntário;48011688000131;STREAM HOTEIS;Consumidor Especial;sem sucessão;;;1325
2023-04-01;voluntário;91469890000130;PLASTICOS CARAJAS;Consumidor Especial;com sucessão completa;46408132000158;Consumidor Livre;1325
2023-04-01;voluntário;95758017000119;BOA ESPERANCA;Consumidor Especial;sem sucessão;;;1325
2023-05-01;voluntário;01178298001088;FAURECIA DDA;Consumidor Especial;sem sucessão;;;1333
2023-05-01;voluntário;02865246000151;MMCOFAP;Consumidor Livre;com sucessão completa;02990605000950;Consumidor Livre;1333
2023-05-01;voluntário;08032703000375;MINERBON;Consumidor Especial;sem sucessão;;;1333
2023-05-01;voluntário;08826596000195;ENERGISA BO;Não Agente;com sucessão completa;09095183000140;Distribuidor;1333
2023-05-01;voluntário;14039955000167;GE RESEARCH;Consumidor Especial;com sucessão completa;05635291000370;Consumidor Especial;1333
2023-05-01;voluntário;15621463000148;NATURAL DA TERRA;Consumidor Especial;com sucessão completa;00776574000660;Consumidor Especial;1333
2023-05-01;voluntário;26036491000114;CONGEBRAS;Consumidor Especial;com sucessão completa;81611931000128;Consumidor Especial;
2023-05-01;voluntário;31487473000199;HORTIFRUTI;Consumidor Especial;com sucessão completa;00776574000660;Consumidor Especial;1333
2023-05-01;voluntário;33043282000163;CANONNE;Consumidor Especial;com sucessão completa;48432859000104;Consumidor Livre;1333
2023-05-01;voluntário;35632819000156;RITZ LAGOA DA ANTA;Consumidor Especial;sem sucessão;;;1333
2023-05-01;voluntário;36324791000233;LAMINADOS PARNAMIRIM;Consumidor Especial;com sucessão completa;60394723000144;Consumidor Livre;1333
2023-05-01;voluntário;41456690000175;NORTH SHOPPING;Consumidor Especial;com sucessão completa;18240042000165;Consumidor Especial;1333
2023-05-01;voluntário;43676791000187;ED NACOES UNIDAS;Consumidor Especial;com sucessão completa;31432464000109;Consumidor Livre;1333
2023-05-01;voluntário;44759004000123;SUPER ALTIPLANO;Consumidor Especial;com sucessão completa;03995515001309;Consumidor Especial;1333
2023-05-01;voluntário;44958185000117;IGUACU EMBALAGENS SJP CL;Consumidor Livre;com sucessão completa;11308600000138;Consumidor Livre;1333
2023-05-01;voluntário;50025469000153;ULTRAFINE;Consumidor Especial;com sucessão completa;47754052000117;Consumidor Livre;1333
2023-05-01;voluntário;52189420000161;RAIZEN PARAGUACU;Consumidor Especial;com sucessão completa;09538989000166;Produtor Independente;1333
2023-05-01;voluntário;61256335000160;C CE SUPERMERCADOS PALOMAX;Consumidor Especial;com sucessão completa;05149841000189;Consumidor Especial;1333
2023-05-01;voluntário;71321566000163;DESTILARIA SANTA INES;Consumidor Especial;com sucessão completa;53811006000105;Produtor Independente;1333
2023-05-01;voluntário;74442484000165;C CE SUPERMERCADOS BON NETTO;Consumidor Especial;com sucessão completa;28021619000525;Consumidor Especial;1333
2023-05-01;voluntário;77784189000185;GCENTER;Consumidor Especial;com sucessão completa;48907504000116;Consumidor Especial;1333
2023-05-01;voluntário;82726316000120;PLAST CREME EI;Consumidor Especial;com sucessão completa;82641325000118;Consumidor Livre;1333
2023-05-01;voluntário;91455527000166;FERRARI METALURGICA;Consumidor Especial;com sucessão completa;90852914000173;Consumidor Livre;1333
2023-06-01;compulsório;04922357000188;CCE;Produtor Independente;sem sucessão;;;1335
2023-06-01;voluntário;00835301000135;BALL EMBALAGENS;Consumidor Livre;com sucessão completa;00835301001026;Consumidor Livre;1337
2023-06-01;voluntário;00957744000107;RESICONTROL;Consumidor Especial;com sucessão completa;42805842000160;Consumidor Especial;1337
2023-06-01;voluntário;02267811000189;LOGISTICA;Consumidor Especial;sem sucessão;;;1337
2023-06-01;voluntário;06045659000140;BRIQUEPAR;Consumidor Especial;sem sucessão;;;1337
2023-06-01;voluntário;06945520000153;BRAZSERVICE;Consumidor Especial;com sucessão completa;02916265000160;Autoprodutor;1337
2023-06-01;voluntário;13669322000170;NYNE MOVEIS LIVRE;Consumidor Livre;com sucessão completa;08258975000126;Consumidor Livre;1337
2023-06-01;voluntário;21226730000185;GDPACK;Consumidor Especial;sem sucessão;;;1337
2023-06-01;voluntário;25226436000124;LAMIWIT;Consumidor Especial;com sucessão completa;02030874000117;Consumidor Livre;1337
2023-06-01;voluntário;33755270000161;GEAR ENERGY;Comercializador;sem sucessão;;;1337
2023-06-01;voluntário;33876802000119;QQM ENERGIA;Comercializador;sem sucessão;;;1337
2023-06-01;voluntário;38876124000108;GLOBO BRASIL;Consumidor Especial;sem sucessão;;;1337
2023-06-01;voluntário;84586833001733;BRAGAGNOLO VARGEAO;Consumidor Especial;com sucessão completa;84586833000257;Consumidor Livre;1337
2023-06-01;voluntário;95448486000131;FRIGORIFICO SAO MIGUEL;Consumidor Especial;com sucessão completa;95448486000212;Consumidor Livre;1337
2023-07-01;compulsório;19934240000191;VENTOS VERA;Produtor Independente;sem sucessão;;;1343
2023-07-01;compulsório;19934261000107;VENTOS CURUPIRA;Produtor Independente;sem sucessão;;;1338
2023-07-01;compulsório;19934269000173;VENTOS POVO;Produtor Independente;sem sucessão;;;1338
2023-07-01;voluntário;01002612000186;FLAMMA AUTOMOTIVA;Consumidor Livre;com sucessão completa;41757527000142;Consumidor Especial;1343
2023-07-01;voluntário;01640335000137;SIMOLDES;Consumidor Especial;com sucessão completa;01214052000204;Consumidor Especial;1343
2023-07-01;voluntário;01644193000186;EKCE;Comercializador;com sucessão financeira;04023261000188;Comercializador;1343
2023-07-01;voluntário;02425993000330;FRIZZO PAVERAMA;Consumidor Especial;sem sucessão;;;1343
2023-07-01;voluntário;03735194000161;DECKEL;Consumidor Especial;sem sucessão;;;1343
2023-07-01;voluntário;03945556000149;SOLENIS AMERICANA;Consumidor Especial;com sucessão completa;55720908000242;Consumidor Especial;1343
2023-07-01;voluntário;04064707000384;DENVER IMPERMEABILIZANTES;Consumidor Especial;com sucessão completa;04064707000112;Consumidor Livre;1343
2023-07-01;voluntário;04165520000105;NOVO MILENIO;Produtor Independente;com sucessão completa;04165520000296;Produtor Independente;1343
2023-07-01;voluntário;04807608000183;VALFILM PLASTICOS;Consumidor Livre;com sucessão completa;03071894000107;Consumidor Livre;1343
2023-07-01;voluntário;06005455000186;IRIEL;Consumidor Especial;sem sucessão;;;1343
2023-07-01;voluntário;07308402000105;EUROPACKNE CL;Consumidor Livre;sem sucessão;;;1343
2023-07-01;voluntário;07777342000161;SYKUE;Produtor Independente;sem sucessão;;;1343
2023-07-01;voluntário;08376978000164;GHISLANDI;Consumidor Especial;com sucessão completa;11096279000175;Consumidor Especial;1343
2023-07-01;voluntário;11010096000195;UNIGGEL LTDA;Consumidor Especial;com sucessão completa;00071815000161;Consumidor Livre;1343
2023-07-01;voluntário;24263197000110;CEMIG GERA TRES MARIAS CONV;Não Agente;com sucessão completa;06981176000158;Gerador;1343
2023-07-01;voluntário;31468574000112;BETSER;Consumidor Especial;com sucessão completa;29638322000142;Consumidor Especial;1343
2023-07-01;voluntário;32431519000110;HELIO VALGAS SOLAR;Produtor Independente;com sucessão completa;40224338000141;Produtor Independente;1343
2023-07-01;voluntário;32653700000171;C CL ESPACOGRAOS;Consumidor Livre;com sucessão completa;48952851000160;Consumidor Livre;1343
2023-07-01;voluntário;33931510000131;IMERYS PPSA;Consumidor Livre;com sucessão completa;33931510000301;Consumidor Livre;1343
2023-07-01;voluntário;42767500000101;CPP EMBALAGENS CL;Consumidor Livre;com sucessão completa;83571539000128;Consumidor Especial;1343
2023-07-01;voluntário;59272849000167;FERRO ENAMEL CL 514;Consumidor Livre;com sucessão completa;01525162000106;Consumidor Livre;1343
2023-07-01;voluntário;60831658002110;BOEHRINGER;Consumidor Especial;com sucessão completa;05161069000544;Consumidor Livre;1343
2023-07-01;voluntário;73077299000156;ADELBRAS;Consumidor Especial;com sucessão completa;07593518000125;Consumidor Especial;1343
2023-08-01;voluntário;00025160000357;AUTOCAM BOITUVA ESP;Consumidor Especial;sem sucessão;;;1349
2023-08-01;voluntário;00820737000150;HCNATAL;Consumidor Especial;com sucessão completa;26753292000208;Consumidor Livre;1349
2023-08-01;voluntário;03650831000105;HIPER;Consumidor Especial;com sucessão completa;04031026000158;Consumidor Especial;1349
2023-08-01;voluntário;04270778000333;SANTANDER VAREJISTA;Comercializador;sem sucessão;;;1349
2023-08-01;voluntário;07069487000370;FC OLIVEIRA;Consumidor Livre;com sucessão completa;07069487000108;Consumidor Livre;1349
2023-08-01;voluntário;07180819000127;HORIZON1;Consumidor Especial;com sucessão completa;28327394000106;Consumidor Livre;1349
2023-08-01;voluntário;07737397000148;CASA RODRIGUES;Consumidor Especial;com sucessão completa;07604556000136;Consumidor Especial;1349
2023-08-01;voluntário;08857635000111;GLP SBC II;Consumidor Especial;com sucessão completa;26614023000180;Consumidor Especial;1349
2023-08-01;voluntário;09021679000170;FRIGORIFICO NOSSO NESP;Consumidor Livre;com sucessão completa;14290696000142;Consumidor Especial;1349
2023-08-01;voluntário;11091524000151;C CL ADFERT;Consumidor Livre;com sucessão completa;42602384000910;Consumidor Livre;1349
2023-08-01;voluntário;13016092000140;HOSP ALIANCA;Consumidor Especial;com sucessão completa;02284062000106;Consumidor Especial;1349
2023-08-01;voluntário;14051096000121;GLP GRAVATAI;Consumidor Livre;com sucessão completa;21131870000170;Consumidor Livre;1349
2023-08-01;voluntário;14532494000160;UNITA;Consumidor Livre;com sucessão completa;76093731000190;Consumidor Livre;1349
2023-08-01;voluntário;15274359000124;GLP LOUVEIRA VIII;Consumidor Especial;com sucessão completa;27668658000122;Consumidor Especial;1349
2023-08-01;voluntário;15688967000185;CARIRI CENTER;Consumidor Especial;com sucessão completa;32267292000110;Consumidor Especial;1349
2023-08-01;voluntário;19835035000179;GLP DUQUE DE CAXIAS;Consumidor Especial;com sucessão completa;29474268000147;Consumidor Especial;1349
2023-08-01;voluntário;22397150000113;OURO SAFRA ENERGIA;Produtor Independente;com sucessão completa;07191228000155;Consumidor Especial;1349
2023-08-01;voluntário;24713849000170;GLP CAJAMAR II;Consumidor Especial;com sucessão completa;33395044000117;Consumidor Livre;1349
2023-08-01;voluntário;30314561000126;CIFERAL;Consumidor Livre;com sucessão completa;88611835000129;Consumidor Livre;1349
2023-08-01;voluntário;48295562001450;AAL;Produtor Independente;com sucessão completa;48295562000136;Produtor Independente;1349
2023-08-01;voluntário;48640179000178;NEW COTECE;Consumidor Livre;com sucessão completa;61149886000124;Consumidor Livre;1349
2023-09-01;compulsório;02217329000134;MANTIQUEIRA;Produtor Independente;sem sucessão;;;1351
2023-09-01;compulsório;06027579000162;ELEJA;Produtor Independente;sem sucessão;;;1351
2023-09-01;compulsório;15730872000182;JESA;Produtor Independente;sem sucessão;;;
2023-09-01;voluntário;00367117000108;C CE TRASUMET;Consumidor Especial;sem sucessão;;;1354
2023-09-01;voluntário;00618337000167;C CL GEPCO;Consumidor Livre;sem sucessão;;;1354
2023-09-01;voluntário;01595799000179;SOCIMED;Consumidor Especial;com sucessão completa;85241339001023;Consumidor Livre;1354
2023-09-01;voluntário;03758625000105;C CL REGERIT;Consumidor Livre;sem sucessão;;;1354
2023-09-01;voluntário;05081305000199;C CL CERAMICA SHANADU;Consumidor Livre;sem sucessão;;;1354
2023-09-01;voluntário;07757005000102;TROP;Consumidor Especial;com sucessão completa;07757005000617;Consumidor Especial;1354
2023-09-01;voluntário;08730884000141;GLP GUARULHOS;Consumidor Livre;com sucessão completa;29037941000181;Consumidor Livre;1354
2023-09-01;voluntário;08776680000141;ALIANZA;Consumidor Especial;com sucessão completa;20198806000143;Consumidor Livre;1354
2023-09-01;voluntário;09653566000197;SHOP DA ILHA;Consumidor Especial;com sucessão completa;17975106000103;Consumidor Livre;1354
2023-09-01;voluntário;18810176000174;AGROPEC BOM DESPACHO_VAREJISTA;Consumidor Especial;sem sucessão;;;1354
2023-09-01;voluntário;19367154000144;PV 1111;Consumidor Livre;com sucessão completa;28414094000164;Consumidor Livre;1354
2023-09-01;voluntário;27328524000162;LATASA EXTRUSAO;Consumidor Especial;com sucessão completa;44696747000100;Consumidor Livre;1354
2023-09-01;voluntário;29269828000121;BELGA;Consumidor Especial;com sucessão completa;31322913000158;Consumidor Especial;1354
2023-09-01;voluntário;33064262000179;TIGRE FERRAMENTAS;Consumidor Livre;com sucessão completa;50795357000181;Consumidor Livre;1354
2023-09-01;voluntário;37971053000160;NUNES COMERCIALIZADORA;Comercializador;sem sucessão;;;1354
2023-09-01;voluntário;44740959000139;C CL CLUBE EMPYREO;Consumidor Livre;sem sucessão;;;1354
2023-09-01;voluntário;58177643000195;COMERC;Comercializador;com sucessão completa;25369840000157;Comercializador;1354
2023-09-01;voluntário;61068276030780;UNILEVER CD LOUVEIRA;Consumidor Especial;com sucessão completa;28822738000153;Consumidor Especial;1354
2023-09-01;voluntário;61082962000121;MELHORAMENTOS NPR;Produtor Independente;com sucessão completa;41001834000107;Autoprodutor;1354
2023-10-01;voluntário;03126940000110;SERTEX;Consumidor Especial;sem sucessão;;;1360
2023-10-01;voluntário;03686720000140;MINERACAO DARDANELOS;Consumidor Livre;com sucessão completa;42416651000107;Autoprodutor;1360
2023-10-01;voluntário;04860470000186;ARTE ROCHAS;Consumidor Livre;com sucessão completa;31762040000102;Consumidor Livre;1360
2023-10-01;voluntário;06108817000164;BASE ATACADISTA;Consumidor Especial;com sucessão completa;27289076000135;Consumidor Especial;1360
2023-10-01;voluntário;07182629000149;C CE SUPER DAMASCENO CE;Consumidor Especial;sem sucessão;;;1360
2023-10-01;voluntário;09274776000174;C CL REDI FERTILIZANTES;Consumidor Livre;sem sucessão;;;1360
2023-10-01;voluntário;09304993000160;TKC;Consumidor Especial;sem sucessão;;;1360
2023-10-01;voluntário;10368549000197;IGRAEX;Consumidor Especial;com sucessão completa;01885369000191;Consumidor Especial;1360
2023-10-01;voluntário;23532312000575;CHAIN;Consumidor Especial;sem sucessão;;;1360
2023-10-01;voluntário;42879763000102;CONTOURGLOBAL BALSA;Consumidor Livre;sem sucessão;;;1360
2023-10-01;voluntário;44188104000147;CAZ ENERGIA;Comercializador;sem sucessão;;;1360
2023-10-01;voluntário;54178983000180;C CE HOSPIMETAL;Consumidor Especial;sem sucessão;;;1360
2023-10-01;voluntário;55901086000115;CAP;Consumidor Especial;sem sucessão;;;1360
2023-10-01;voluntário;57507626001773;RHODIA BRASIL ITATIBA;Consumidor Especial;com sucessão completa;43874289000423;Consumidor Especial;1360
2023-10-01;voluntário;60498706029481;CARGILL TLG;Consumidor Livre;com sucessão completa;60498706000157;Consumidor Especial;1360
2023-10-01;voluntário;76619113000131;LABORCLIN CL 514;Consumidor Livre;com sucessão financeira;41948081000133;Comercializador;1360
2023-11-01;voluntário;01829204000100;SCALA VIDROS;Consumidor Especial;com sucessão financeira;04023261000188;Comercializador;1369
2023-11-01;voluntário;02150562000147;CPFL PLANALTO;Comercializador;sem sucessão;;;1369
2023-11-01;voluntário;02190883000175;CPFL CONE SUL;Comercializador;sem sucessão;;;1369
2023-11-01;voluntário;05254957000188;HNK LOGISTICA;Consumidor Especial;com sucessão completa;50221019000136;Consumidor Livre;1369
2023-11-01;voluntário;12415018000133;GEO ELETRICA;Produtor Independente;com sucessão completa;12415018000214;Produtor Independente;1369
2023-11-01;voluntário;13204164000182;GNPW GROUP;Produtor Independente;sem sucessão;;;1369
2023-11-01;voluntário;17866875000173;C CE HYUNDAY ROTEM BRASIL;Consumidor Especial;sem sucessão;;;1369
2023-11-01;voluntário;18676762000178;CPM MEDICAMENTOS;Consumidor Especial;sem sucessão;;;1369
2023-11-01;voluntário;24947838000155;PROPACK;Consumidor Especial;sem sucessão;;;1369
2023-11-01;voluntário;30124679000191;DESTTRA ENERGIA;Comercializador;sem sucessão;;;1369
2023-11-01;voluntário;35367818000202;UTE FENIX;Produtor Independente;sem sucessão;;;1369
2023-11-01;voluntário;35658058000101;PANORAMA GERACÃO;Produtor Independente;sem sucessão;;;1369
2023-11-01;voluntário;38282487000115;CIME - ARCOS;Consumidor Livre;com sucessão completa;60869336000117;Consumidor Livre;1369
2023-11-01;voluntário;41651798000119;UTE TRES MARIAS;Autoprodutor;sem sucessão;;;1369
2023-11-01;voluntário;43110170000131;ASK;Consumidor Especial;com sucessão completa;44246528000110;Consumidor Especial;1369
2023-11-01;voluntário;43117399000106;OXICAP;Consumidor Livre;com sucessão completa;43117399000289;Consumidor Livre;1369
2023-11-01;voluntário;44062636000133;COBRASCAL;Consumidor Especial;com sucessão completa;17335274000215;Consumidor Especial;1369
2023-11-01;voluntário;51518967000109;C CE CLUBE MARIMBONDO;Consumidor Especial;sem sucessão;;;1369
2023-11-01;voluntário;60333853000177;C CL GRAFILAR;Consumidor Livre;sem sucessão;;;1369
2023-11-01;voluntário;60498706006600;CARGILL RVE;Consumidor Livre;com sucessão completa;60498706000157;Consumidor Especial;1369
2023-11-01;voluntário;60498706015189;CARGILL POF;Consumidor Especial;com sucessão completa;60498706000157;Consumidor Especial;1369
2023-11-01;voluntário;60498706042747;CARGILL CIS PGO;Consumidor Especial;com sucessão completa;60498706000157;Consumidor Especial;1369
2023-11-01;voluntário;72060668000135;MINERACAO MORRO AZUL;Consumidor Especial;sem sucessão;;;1369
2023-11-01;voluntário;92327410000160;KLL;Consumidor Especial;com sucessão completa;08294788000106;Consumidor Livre;1369
2023-12-01;compulsório;59809160000129;DSG;Produtor Independente;sem sucessão;;;1372
2023-12-01;voluntário;01986474000117;C CL KERO KERO PAES;Consumidor Livre;sem sucessão;;;1374
2023-12-01;voluntário;02248426000194;CLIPTECH;Consumidor Especial;com sucessão completa;02248426000275;Consumidor Especial;1374
2023-12-01;voluntário;02903943000150;TAMPAFLEX;Consumidor Especial;com sucessão completa;02077141000138;Consumidor Livre;1374
2023-12-01;voluntário;03498116000433;FOLEM MATRIZ CL;Consumidor Livre;com sucessão completa;35030372000145;Consumidor Especial;1374
2023-12-01;voluntário;03568170000165;UNOPAR ESP;Consumidor Especial;com sucessão completa;38733648000140;Consumidor Especial;1374
2023-12-01;voluntário;06067497000141;C CE MM ALIMENTOS;Consumidor Especial;sem sucessão;;;1374
2023-12-01;voluntário;06249465000167;SANEN;Consumidor Especial;com sucessão completa;15427623000112;Consumidor Livre;1374
2023-12-01;voluntário;06314429000130;C CL DYNAPAC;Consumidor Livre;sem sucessão;;;1374
2023-12-01;voluntário;07485305000180;PILAR GLASS;Consumidor Especial;com sucessão completa;49803201000116;Consumidor Livre;1374
2023-12-01;voluntário;07536317000277;MUNCH CL;Consumidor Livre;com sucessão completa;02831172000132;Consumidor Especial;1374
2023-12-01;voluntário;08271787000138;C CE NYLKIT INDUSTRIA;Consumidor Especial;sem sucessão;;;1374
2023-12-01;voluntário;11352989000119;CPFL BIOFORMOSA;Produtor Independente;com sucessão financeira;04785914000166;Comercializador;1374
2023-12-01;voluntário;11986467000179;TECNOPRADO;Consumidor Livre;sem sucessão;;;1374
2023-12-01;voluntário;12368097000179;BO ENERGY;Comercializador;sem sucessão;;;1374
2023-12-01;voluntário;12482552000162;C CL PENAPOLIS SHOPPING;Consumidor Livre;sem sucessão;;;1374
2023-12-01;voluntário;13225302000100;SULAMERICANA CONFECCOES;Consumidor Especial;com sucessão completa;07562743000102;Consumidor Especial;1374
2023-12-01;voluntário;13759045000196;C CE SITIO VERDE HORTIFRUTI;Consumidor Especial;sem sucessão;;;1374
2023-12-01;voluntário;15191561000192;OMD;Comercializador;sem sucessão;;;1374
2023-12-01;voluntário;18796335000123;C CL DOGCHONI;Consumidor Livre;sem sucessão;;;1374
2023-12-01;voluntário;22059188000186;C CL TEZOPET;Consumidor Livre;sem sucessão;;;1374
2023-12-01;voluntário;28491571000195;GNUTRA;Consumidor Especial;com sucessão completa;61188488000117;Consumidor Especial;1374
2023-12-01;voluntário;29821153000181;RETAIL PARK;Consumidor Especial;com sucessão completa;03356682000168;Consumidor Especial;1374
2023-12-01;voluntário;32279982000199;ROYAL ENERGIA;Comercializador;sem sucessão;;;1374
2023-12-01;voluntário;33239813000198;OMNI;Comercializador;sem sucessão;;;1374
2023-12-01;voluntário;43893072000118;C CL HURNER DO BRASIL;Consumidor Livre;sem sucessão;;;1374
2023-12-01;voluntário;60848496000180;MILFRA INDUSTRIA;Consumidor Especial;com sucessão completa;41108810000143;Consumidor Livre;1374
2024-01-01;compulsório;35586099000130;GAMELEIRA 1 - I5;Produtor Independente;sem sucessão;;;1379
2024-01-01;compulsório;35642994000124;GAMELEIRA 3 - I5;Produtor Independente;sem sucessão;;;1379
2024-01-01;compulsório;35642995000179;GAMELEIRA 4 - I5;Produtor Independente;sem sucessão;;;1379
2024-01-01;compulsório;35680142000121;GAMELEIRA 2 - I5;Produtor Independente;sem sucessão;;;1379
2024-01-01;compulsório;74333097000190;FBB;Consumidor Especial;sem sucessão;;;1379
2024-01-01;voluntário;00797490000107;CABLETECH CABOS;Consumidor Especial;sem sucessão;;;1380
2024-01-01;voluntário;01999033000150;C CL BMA BORRACHAS;Consumidor Livre;sem sucessão;;;1380
2024-01-01;voluntário;02697641000172;C CL DSANTIS;Consumidor Livre;sem sucessão;;;1380
2024-01-01;voluntário;02779315000104;ORTOBOM CIAPLAST;Consumidor Especial;sem sucessão;;;1380
2024-01-01;voluntário;03284033000107;ADVAL TECH CL 514;Consumidor Livre;sem sucessão;;;1380
2024-01-01;voluntário;03328588000103;POSTO METANO CL 514;Consumidor Livre;sem sucessão;;;1380
2024-01-01;voluntário;03815535000109;CONDOMINIO PLAZA JK;Consumidor Especial;sem sucessão;;;1380
2024-01-01;voluntário;04431781000120;FERREIRA INTERNATIONAL;Consumidor Especial;com sucessão completa;51747409000107;Consumidor Livre;1380
2024-01-01;voluntário;04796985000164;NOVAMETAIS;Consumidor Especial;com sucessão completa;32449687000133;Consumidor Especial;1380
2024-01-01;voluntário;05445394000105;POSTOS JOÃO DAGHER;Consumidor Especial;sem sucessão;;;1380
2024-01-01;voluntário;05478331000155;BARRA FIRST CLASS;Consumidor Especial;sem sucessão;;;1380
2024-01-01;voluntário;06171020000101;C CE SUPERMERCADOS GRICKI;Consumidor Especial;sem sucessão;;;1380
2024-01-01;voluntário;07719683000180;C CE SUPERMERCADOS PIRES E CIA;Consumidor Especial;sem sucessão;;;1380
2024-01-01;voluntário;07948018000169;ALUFINISH;Consumidor Livre;sem sucessão;;;1380
2024-01-01;voluntário;08484108000109;PHX EMBALAGENS;Consumidor Especial;sem sucessão;;;1380
2024-01-01;voluntário;08879127000304;KAPA ZERO I5;Autoprodutor;com sucessão completa;52552835000158;Autoprodutor;1380
2024-01-01;voluntário;08923660000156;MERCADO FAMILLE;Consumidor Especial;sem sucessão;;;1380
2024-01-01;voluntário;09167068000134;C CL FMA FUNDICAO;Consumidor Livre;sem sucessão;;;1380
2024-01-01;voluntário;10478007000177;PASQUALOTTO & PASQUALOTTO;Consumidor Especial;sem sucessão;;;1380
2024-01-01;voluntário;10513998000181;C CE SUPERMERCADOS BONANCA;Consumidor Especial;sem sucessão;;;1380
2024-01-01;voluntário;10760310000168;NOBRE ALIMENTOS;Consumidor Especial;com sucessão completa;84432111000167;Autoprodutor;1380
2024-01-01;voluntário;10918718000115;ALL GLASS;Consumidor Especial;com sucessão completa;33159454000169;Consumidor Livre;1380
2024-01-01;voluntário;11011612000104;ZL-LOG;Consumidor Especial;sem sucessão;;;1380
2024-01-01;voluntário;11418940000111;PAT IPORANGA CL 514;Consumidor Livre;sem sucessão;;;1380
2024-01-01;voluntário;12075667000132;C CE SUPERMERCADOS PIRES;Consumidor Especial;sem sucessão;;;1380
2024-01-01;voluntário;14055768000177;SOM DIAGNOSTICOS;Consumidor Especial;sem sucessão;;;1380
2024-01-01;voluntário;14410012000107;C CE GOTA DOCE;Consumidor Especial;sem sucessão;;;1380
2024-01-01;voluntário;14472736000177;AU ARAGUAIA;Consumidor Especial;sem sucessão;;;1380
2024-01-01;voluntário;15085403000158;CENTRO OESTE VIDROS;Consumidor Especial;sem sucessão;;;1380
2024-01-01;voluntário;15106685000122;CERAMICA BLOCOFORTE;Consumidor Especial;com sucessão financeira;04023261000188;Comercializador;1380
2024-01-01;voluntário;15392063000108;VISION CL 514;Consumidor Livre;sem sucessão;;;1380
2024-01-01;voluntário;15687525000114;MDX BARRA;Consumidor Especial;sem sucessão;;;1380
2024-01-01;voluntário;16621776000169;YOUTILITY CENTER;Consumidor Especial;sem sucessão;;;1380
2024-01-01;voluntário;16744763000187;HOSPITAL DAS AMERICAS SV;Consumidor Especial;sem sucessão;;;1380
2024-01-01;voluntário;16843082000176;PENINSULA WAY RESIDENCE;Consumidor Especial;sem sucessão;;;1380
2024-01-01;voluntário;17193367000171;C CL REBRACIL;Consumidor Livre;sem sucessão;;;1380
2024-01-01;voluntário;21727632000121;GRUPAMENTO 360 OTP CE;Consumidor Especial;sem sucessão;;;1380
2024-01-01;voluntário;23109428000253;TF EMBALAGENS;Consumidor Especial;com sucessão completa;01247578000100;Consumidor Livre;1380
2024-01-01;voluntário;23756179000107;C CE AMIDOS QUERENCIA;Consumidor Especial;sem sucessão;;;1380
2024-01-01;voluntário;23776082000166;ENERGETICA APARECIDA;Produtor Independente;sem sucessão;;;1380
2024-01-01;voluntário;26611091000195;BOOMERA;Consumidor Especial;com sucessão completa;05818423000137;Consumidor Especial;1380
2024-01-01;voluntário;26720570000140;MASTER EGGS;Consumidor Especial;sem sucessão;;;1380
2024-01-01;voluntário;27864378000190;INOVAT FARMA;Consumidor Livre;com sucessão completa;60665981000118;Consumidor Especial;1380
2024-01-01;voluntário;28718559000170;CONDBARAODORIOBRANCOCL514;Consumidor Livre;sem sucessão;;;1380
2024-01-01;voluntário;28986271000187;CASSINO ATLANTICO;Consumidor Especial;sem sucessão;;;1380
2024-01-01;voluntário;29055794000172;OMGC;Comercializador;sem sucessão;;;1380
2024-01-01;voluntário;29280252000101;EDIFICIO CIDADE DO LEBL CL 514;Consumidor Livre;sem sucessão;;;1380
2024-01-01;voluntário;29281078000103;QUARTIER CL 514;Consumidor Livre;sem sucessão;;;1380
2024-01-01;voluntário;31241490000141;CONDOMINIO RIACHUELO;Consumidor Especial;sem sucessão;;;1380
2024-01-01;voluntário;31341225000135;RODENSTOCK;Consumidor Especial;sem sucessão;;;1380
2024-01-01;voluntário;32039801000157;MANSÃO WILDBERGER;Consumidor Livre;sem sucessão;;;1380
2024-01-01;voluntário;33495771000156;DISTRIBUIDORA RECORD;Consumidor Especial;sem sucessão;;;1380
2024-01-01;voluntário;33645466000101;ITANHANGA GOLF CLUB;Consumidor Especial;sem sucessão;;;1380
2024-01-01;voluntário;34834286000122;A & S PASQUALOTTO;Consumidor Especial;sem sucessão;;;1380
2024-01-01;voluntário;34927964000100;AUREA COMERC;Comercializador;sem sucessão;;;1380
2024-01-01;voluntário;36157193000136;GAMBOA;Consumidor Especial;sem sucessão;;;1380
2024-01-01;voluntário;37218268000104;DICON ATACADAO;Consumidor Especial;sem sucessão;;;1380
2024-01-01;voluntário;39527133000156;AG ENERGY;Comercializador;sem sucessão;;;1380
2024-01-01;voluntário;42270181000116;FUNDACAO CESGRANRIO;Consumidor Especial;sem sucessão;;;1380
2024-01-01;voluntário;46345690000111;PEDREIRA ATIBAIA;Consumidor Especial;com sucessão completa;11517262000810;Consumidor Especial;1380
2024-01-01;voluntário;52274347000126;C CL PLURINOX SERAP;Consumidor Livre;sem sucessão;;;1380
2024-01-01;voluntário;56991441000408;AVON SIMÕES FILHO;Consumidor Especial;com sucessão completa;71673990000177;Consumidor Especial;1380
2024-01-01;voluntário;59285221000104;MOVEIS BONATTO CL;Consumidor Livre;sem sucessão;;;1380
2024-01-01;voluntário;59329854000169;ANTONIOLI;Consumidor Especial;sem sucessão;;;1380
2024-01-01;voluntário;61600839000155;CIEE;Consumidor Especial;sem sucessão;;;1380
2024-01-01;voluntário;62361159000199;C CL FABRIPLAS;Consumidor Livre;sem sucessão;;;1380
2024-01-01;voluntário;75797456000123;NOVOZYMES BIOAG;Consumidor Especial;sem sucessão;;;1380
2024-01-01;voluntário;76787977000162;SUPERMERCADO BRASAO CL 514;Consumidor Livre;sem sucessão;;;1380
2024-01-01;voluntário;80228885001191;IBEMA EMBU;Consumidor Especial;com sucessão completa;80228885000110;Consumidor Livre;1380
2024-01-01;voluntário;83678821000109;MOBRAS MOVEIS CL 514;Consumidor Livre;sem sucessão;;;1380
2024-01-01;voluntário;87891503000182;RAIO SOM;Consumidor Especial;sem sucessão;;;1380
2024-02-01;compulsório;30165851000155;QUATTRO;Comercializador;sem sucessão;;;1382
2024-02-01;voluntário;00310707000102;WESTROCK NORDESTE;Consumidor Especial;com sucessão completa;45989050000181;Consumidor Especial;1383
2024-02-01;voluntário;01548458000142;SPLACK;Consumidor Especial;sem sucessão;;;1383
2024-02-01;voluntário;02131267000143;HARSCO MINERAIS;Consumidor Livre;sem sucessão;;;1383
2024-02-01;voluntário;02221397000177;ALUDYNE;Consumidor Especial;com sucessão completa;17635277003028;Consumidor Especial;1383
2024-02-01;voluntário;02385898000199;GLOBALPACK NORDESTE;Consumidor Especial;com sucessão completa;02385898000431;Consumidor Livre;1383
2024-02-01;voluntário;02748342000110;INDUSTRIA BAIANA;Consumidor Livre;sem sucessão;;;1383
2024-02-01;voluntário;03902129000264;COPASUL MARACAJU;Consumidor Especial;com sucessão completa;03902129000183;Consumidor Especial;1383
2024-02-01;voluntário;03902129001821;SILOS ITAQUIRAI;Consumidor Especial;com sucessão completa;03902129000183;Consumidor Especial;1383
2024-02-01;voluntário;05439855000137;VIDA EMBALAGENS;Consumidor Especial;sem sucessão;;;1383
2024-02-01;voluntário;06212748000134;EPESA1;Produtor Independente;com sucessão financeira;18590377000103;Produtor Independente;1383
2024-02-01;voluntário;07143431000156;RESIBRAS MATRIZ;Consumidor Especial;sem sucessão;;;1383
2024-02-01;voluntário;07244546000137;ENERVIX;Produtor Independente;com sucessão completa;49870704000104;Produtor Independente;1383
2024-02-01;voluntário;07674341000191;UBERABA ENERGIA;Produtor Independente;com sucessão completa;48118385000112;Produtor Independente;1383
2024-02-01;voluntário;08046650000180;UTE LUCELIA;Produtor Independente;com sucessão completa;45968162000156;Produtor Independente;1383
2024-02-01;voluntário;09177724000180;AMAZON AQUIRAZ ESP;Consumidor Especial;sem sucessão;;;1384
2024-02-01;voluntário;12316126000159;COND WORK CENTER;Consumidor Especial;sem sucessão;;;1384
2024-02-01;voluntário;13295681000104;LAGUNA SUL;Consumidor Especial;com sucessão completa;50168201000170;Consumidor Livre;1383
2024-02-01;voluntário;13373017000136;FRIGORIFICO BIG BOI ESP;Consumidor Especial;sem sucessão;;;1383
2024-02-01;voluntário;13610200000108;C CL GRUPO RENOVA;Consumidor Livre;sem sucessão;;;1383
2024-02-01;voluntário;16047490000111;DELFIN;Consumidor Especial;sem sucessão;;;1383
2024-02-01;voluntário;22830113000157;HELPE;Consumidor Especial;sem sucessão;;;1383
2024-02-01;voluntário;23859108000130;UHE ITAOCARA;Produtor Independente;sem sucessão;;;1383
2024-02-01;voluntário;30317711000155;MAUA POLIMEROS;Consumidor Especial;sem sucessão;;;1383
2024-02-01;voluntário;33016338000190;SWEDISH MATCH;Consumidor Especial;com sucessão completa;33016338000271;Consumidor Especial;1383
2024-02-01;voluntário;35963676000165;GRAV4;Produtor Independente;sem sucessão;;;1383
2024-02-01;voluntário;35983615000160;GRAV3;Produtor Independente;sem sucessão;;;1383
2024-02-01;voluntário;35983653000112;GRAV2;Produtor Independente;sem sucessão;;;1383
2024-02-01;voluntário;35983680000195;GRAV1;Produtor Independente;sem sucessão;;;1383
2024-02-01;voluntário;46043881000129;LICEU SALESIANO ESP;Consumidor Especial;sem sucessão;;;1383
2024-02-01;voluntário;48432859000104;LABORATORIO LC001;Consumidor Livre;com sucessão completa;61190096002136;Consumidor Especial;1383
2024-02-01;voluntário;48606503000131;CORTTEX IND;Consumidor Livre;sem sucessão;;;1383
2024-02-01;voluntário;57149775000140;UNIMED ITAPETININGA CL;Consumidor Livre;com sucessão financeira;11322550000143;Comercializador;1383
2024-02-01;voluntário;59600510000142;PICCIN CL;Consumidor Livre;sem sucessão;;;1383
2024-02-01;voluntário;62863444000108;JUVENTUS;Consumidor Especial;sem sucessão;;;1384
2024-02-01;voluntário;63699839000180;WHIRLPOOL MANAUS;Consumidor Especial;com sucessão completa;59105999000186;Consumidor Livre;1383
2024-02-01;voluntário;74517426000153;POLYPETRO;Consumidor Especial;sem sucessão;;;1383
2024-02-01;voluntário;76684935000104;PLASTICOS TAMANDARE;Consumidor Especial;sem sucessão;;;1383
2024-02-01;voluntário;83933275000105;DASA SANTA LUZIA 2;Consumidor Especial;com sucessão completa;61486650000183;Consumidor Especial;1383
2024-03-01;voluntário;00384013000101;VITA IMAGEM CL 514;Consumidor Livre;sem sucessão;;;1387
2024-03-01;voluntário;00747901000303;F MOGUL DIAD;Consumidor Especial;sem sucessão;;;1387
2024-03-01;voluntário;01808103000145;TICONA POLYMERS;Consumidor Especial;sem sucessão;;;1387
2024-03-01;voluntário;02224977000118;PECVAL AUTOPRODUTOR;Autoprodutor;sem sucessão;;;1387
2024-03-01;voluntário;02727617000139;C CE SUPERMERCADOS PRATICO;Consumidor Especial;sem sucessão;;;1387
2024-03-01;voluntário;02927229000100;C CE PRECO CERTO SUPERM CL 514;Consumidor Livre;sem sucessão;;;1387
2024-03-01;voluntário;03358698000100;SUNITY;Comercializador;sem sucessão;;;1387
2024-03-01;voluntário;04871593000112;ILITALIA;Consumidor Livre;sem sucessão;;;1387
2024-03-01;voluntário;05526830000170;RADISSON BERRINI;Consumidor Especial;sem sucessão;;;1387
2024-03-01;voluntário;06308734000119;RIO SAPUCAIM I5;Não Agente;com sucessão completa;02998301000181;Produtor Independente;1387
2024-03-01;voluntário;07333953000110;PITAGORAS MARABA ESP;Consumidor Especial;com sucessão completa;38733648000140;Consumidor Especial;1387
2024-03-01;voluntário;08249309000121;C CL KUT KO;Consumidor Livre;sem sucessão;;;1387
2024-03-01;voluntário;08593896000171;MEGA ALUMINIO;Consumidor Especial;sem sucessão;;;1387
2024-03-01;voluntário;10666296000138;DC MATRIX INTERNET1;Consumidor Livre;com sucessão completa;12066867000129;Consumidor Livre;1387
2024-03-01;voluntário;12126845000107;TULIP CAMPOS;Consumidor Especial;sem sucessão;;;1387
2024-03-01;voluntário;13394073000157;NOVATRADE;Comercializador;sem sucessão;;;1387
2024-03-01;voluntário;13952064000134;CARDIO PULMONAR;Consumidor Livre;com sucessão completa;02284062000106;Consumidor Especial;1387
2024-03-01;voluntário;14793478000120;UNIC MT ESP;Consumidor Especial;com sucessão completa;38733648000140;Consumidor Especial;1387
2024-03-01;voluntário;18520941000111;C CE GARDEN HOTEL;Consumidor Especial;sem sucessão;;;1387
2024-03-01;voluntário;21581509000145;ELSTER;Consumidor Especial;com sucessão completa;09655998000137;Consumidor Especial;1387
2024-03-01;voluntário;22790896000192;C CE FN SUPERMERCADOS;Consumidor Especial;sem sucessão;;;1387
2024-03-01;voluntário;23240726000105;CRIALI;Consumidor Especial;sem sucessão;;;1387
2024-03-01;voluntário;23865997000148;SFE - GUARANI;Consumidor Livre;sem sucessão;;;1387
2024-03-01;voluntário;29222663000132;VS RECICLAGEM;Consumidor Especial;com sucessão completa;76843168000120;Consumidor Especial;1387
2024-03-01;voluntário;29572407000175;PORK FOODS MT;Consumidor Especial;sem sucessão;;;1387
2024-03-01;voluntário;30846647000108;CONDOMINIO AMERICA HOTE CL 514;Consumidor Livre;sem sucessão;;;1387
2024-03-01;voluntário;32656263000140;ATIVA COM;Comercializador;sem sucessão;;;1387
2024-03-01;voluntário;33443860000230;3R MACAU;Consumidor Livre;com sucessão completa;52127214000399;Consumidor Livre;1387
2024-03-01;voluntário;35943604000156;OSKLEN;Consumidor Especial;sem sucessão;;;1387
2024-03-01;voluntário;38442186000101;COMPAL AMAZONIA;Consumidor Especial;com sucessão completa;10142624000369;Consumidor Livre;1387
2024-03-01;voluntário;40294225000112;UNIMED DE CAMPOS;Consumidor Especial;sem sucessão;;;1387
2024-03-01;voluntário;41030835000171;BARCELOS VAREJO ESP;Consumidor Especial;com sucessão completa;17493338000125;Consumidor Especial;1387
2024-03-01;voluntário;60498706034485;CARGILL PDL;Consumidor Livre;com sucessão completa;60498706000157;Consumidor Especial;1387
2024-03-01;voluntário;60860087000107;BRINKS;Consumidor Especial;sem sucessão;;;1387
2024-03-01;voluntário;61252185000116;TECNOPLASTICO BELFANO;Consumidor Livre;sem sucessão;;;1387
2024-03-01;voluntário;75753079000120;C CL PEDREIRA BRASIL;Consumidor Livre;sem sucessão;;;1387
2024-03-01;voluntário;76216480000194;SOLOFILER CL 514;Consumidor Livre;sem sucessão;;;1387
2024-03-01;voluntário;83573212000195;COPERDIA CL 514 JOACABA;Consumidor Livre;sem sucessão;;;1387
2024-03-01;voluntário;92741990004043;UNILASALLE;Consumidor Especial;com sucessão completa;92741990000137;Consumidor Especial;1387
2024-04-01;compulsório;30185130000107;AZULÃO JAGUATIRICA;Produtor Independente;sem sucessão;;;1389
2024-04-01;voluntário;04451926000154;HORIZONTES;Produtor Independente;com sucessão completa;06981176000158;Gerador;1393
2024-04-01;voluntário;05392507000151;ITAPLASTICOS CL;Consumidor Livre;sem sucessão;;;1393
2024-04-01;voluntário;06559531000103;ITAP BEMIS;Consumidor Especial;com sucessão completa;60394723000144;Consumidor Livre;1393
2024-04-01;voluntário;08283097000107;ARBRA INCOPLAS CL;Consumidor Livre;sem sucessão;;;1393
2024-04-01;voluntário;13656261000106;CGH INGA;Produtor Independente;sem sucessão;;;1393
2024-04-01;voluntário;22726232000164;ASTECA BORRACHAS ESP;Consumidor Especial;com sucessão financeira;42311687000126;Comercializador;1393
2024-04-01;voluntário;23293484000100;LOTUS MINERAIS CL 514;Consumidor Livre;sem sucessão;;;1393
2024-04-01;voluntário;24895484000142;CSAL;Consumidor Especial;sem sucessão;;;1393
2024-04-01;voluntário;25485681000156;CACIQUE;Consumidor Especial;sem sucessão;;;1393
2024-04-01;voluntário;33427680000183;FC THREE;Comercializador;sem sucessão;;;1393
2024-04-01;voluntário;35672296000171;CARVAL;Consumidor Livre;sem sucessão;;;1393
2024-04-01;voluntário;42886604000127;CONTOURGLOBAL MOGI;Produtor Independente;sem sucessão;;;1393
2024-04-01;voluntário;48428100000140;EXL ENERGIA;Comercializador;sem sucessão;;;1393
2024-04-01;voluntário;51423812000180;C CE SANTA CATARINA SUPERMERCA;Consumidor Especial;com sucessão completa;44358067000178;Consumidor Especial;1393
2024-04-01;voluntário;52611571000166;PSI LUMAN;Consumidor Especial;com sucessão completa;52611571000247;Consumidor Especial;1393
2024-04-01;voluntário;57576274000140;KS PISTOES;Consumidor Livre;com sucessão completa;50475875000118;Consumidor Livre;1393
2024-04-01;voluntário;60498706025907;CARGILL BRS;Consumidor Especial;com sucessão completa;60498706000157;Consumidor Especial;1393
2024-05-01;voluntário;01238035000126;SORVETES ZECAS;Consumidor Especial;com sucessão completa;01621399000190;Consumidor Especial;1401
2024-05-01;voluntário;02375902000138;BRANDL DO BRASIL;Consumidor Livre;com sucessão completa;81312894000157;Consumidor Especial;1401
2024-05-01;voluntário;02639957000108;C CL UNIFSP;Consumidor Livre;sem sucessão;;;1401
2024-05-01;voluntário;04119970000161;AGROBOI NESP;Consumidor Livre;sem sucessão;;;1401
2024-05-01;voluntário;04304539000195;LIDIO CARRARO CL;Consumidor Livre;sem sucessão;;;1401
2024-05-01;voluntário;05918113000194;FLOX;Consumidor Especial;com sucessão completa;10474553000130;Consumidor Livre;1401
2024-05-01;voluntário;06960135000185;C CE VAREJAO RIBEIRAO;Consumidor Especial;sem sucessão;;;1401
2024-05-01;voluntário;07333485000184;MARCA AMBIENTAL;Consumidor Especial;com sucessão completa;35971738000180;Consumidor Livre;1401
2024-05-01;voluntário;08448951000130;AMERON POLYPLASTER;Consumidor Especial;com sucessão completa;02650425001143;Consumidor Livre;1401
2024-05-01;voluntário;09753781000160;GOVPE DETRAN;Consumidor Especial;com sucessão completa;10571982000125;Consumidor Especial;1401
2024-05-01;voluntário;10142624000105;COMPALEAD;Consumidor Especial;com sucessão completa;52362919000129;Consumidor Livre;1401
2024-05-01;voluntário;10545861000109;KITAMBAR CL 514;Consumidor Livre;sem sucessão;;;1401
2024-05-01;voluntário;10564953000136;GOVPE HEMOPE;Consumidor Especial;com sucessão completa;10571982000125;Consumidor Especial;1401
2024-05-01;voluntário;11022597000191;GOVPE UPE;Consumidor Especial;com sucessão completa;10571982000125;Consumidor Especial;1401
2024-05-01;voluntário;11024112000107;PATIO CIANE SHOPPING;Consumidor Livre;com sucessão completa;29224131000134;Consumidor Livre;1401
2024-05-01;voluntário;11565382000117;MEGA POLO;Consumidor Especial;com sucessão completa;34275221000194;Consumidor Especial;1401
2024-05-01;voluntário;12959267000190;EOLOS;Comercializador;sem sucessão;;;1401
2024-05-01;voluntário;15346705000132;CGH SANTA BARBARA;Produtor Independente;sem sucessão;;;1401
2024-05-01;voluntário;17838938000188;3G ENERGIA;Comercializador;sem sucessão;;;1401
2024-05-01;voluntário;20697193000199;FM COMPONENTES;Consumidor Especial;com sucessão completa;00747901000222;Consumidor Especial;1401
2024-05-01;voluntário;21005308000108;FC ONE;Comercializador;com sucessão completa;04423567000121;Comercializador;1401
2024-05-01;voluntário;23758522000152;CELSE;Não Agente;com sucessão completa;04423567000121;Comercializador;1401
2024-05-01;voluntário;24221089000184;CASAGRANDE;Consumidor Especial;com sucessão completa;10386811000126;Consumidor Especial;1401
2024-05-01;voluntário;25166523000133;FERRARI DIAMOND;Consumidor Especial;com sucessão completa;31023302000109;Consumidor Especial;1401
2024-05-01;voluntário;25278404000172;EPSA;Consumidor Especial;com sucessão completa;43514079000181;Consumidor Livre;1401
2024-05-01;voluntário;26226675000147;BOULEVARD CONVENTION;Consumidor Especial;com sucessão completa;53371018000166;Consumidor Especial;1401
2024-05-01;voluntário;29364855000183;D3;Comercializador;sem sucessão;;;1401
2024-05-01;voluntário;30735080000194;RIBEIRO E FREITAS;Consumidor Especial;com sucessão completa;52180561000113;Consumidor Livre;1401
2024-05-01;voluntário;30786393000171;DOM MIRO CL 514;Consumidor Livre;sem sucessão;;;1401
2024-05-01;voluntário;35497092000141;ASSURUA 5 III;Produtor Independente;com sucessão completa;01961898000127;Consumidor Especial;1401
2024-05-01;voluntário;36005437000165;TRES IRMAOS GRANITOS;Consumidor Especial;com sucessão completa;42334280000114;Consumidor Livre;1401
2024-05-01;voluntário;37380978000136;JANAUBA XV;Produtor Independente;com sucessão completa;02558157000162;Consumidor Especial;1401
2024-05-01;voluntário;37381026000137;JANAUBA XVI;Produtor Independente;com sucessão completa;23678947000151;Autoprodutor;1401
2024-05-01;voluntário;37381244000171;JANAUBA XVII;Produtor Independente;com sucessão completa;02558157000162;Consumidor Especial;1401
2024-05-01;voluntário;37404973000104;JANAUBA XVIII;Produtor Independente;com sucessão completa;02558157000162;Consumidor Especial;1401
2024-05-01;voluntário;38297095000120;ASSURUA 5 I;Produtor Independente;com sucessão completa;01961898000127;Consumidor Especial;1401
2024-05-01;voluntário;48047493000141;REDE LOPES CACHAMORRA CE SE;Consumidor Especial;sem sucessão;;;1401
2024-05-01;voluntário;49577968000174;C CL CERAMICA SANTA CRUZ;Consumidor Livre;sem sucessão;;;1401
2024-05-01;voluntário;58687609000160;ENGELETRICA2;Não Agente;sem sucessão;;;1401
2024-05-01;voluntário;61065199000201;OCRIM JAGUARE;Consumidor Livre;com sucessão completa;88618285000331;Consumidor Especial;1401
2024-05-01;voluntário;80705700000110;BOREAL;Consumidor Especial;com sucessão completa;50816571000177;Consumidor Livre;1401
2024-05-01;voluntário;92070457000190;AUREN VAR I5 S GRAFOTEC;Consumidor Livre;sem sucessão;;;1401
2024-05-01;voluntário;95088530000140;CASTTINI;Consumidor Especial;sem sucessão;;;1401
2024-06-01;voluntário;01469889000113;O CE CENTRAL PLAST;Consumidor Especial;sem sucessão;;;1408
2024-06-01;voluntário;01833069000169;C CE PROMARKET;Consumidor Especial;sem sucessão;;;1408
2024-06-01;voluntário;03066309000172;SEFAS CL 514;Consumidor Livre;sem sucessão;;;1408
2024-06-01;voluntário;03190773000176;SES PIAUIENSE MATRIZ;Consumidor Especial;com sucessão completa;04986320000113;Consumidor Livre;1408
2024-06-01;voluntário;05069445000141;COMERCIAL GAIVOTAS;Consumidor Especial;com sucessão completa;03845717000122;Consumidor Especial;1408
2024-06-01;voluntário;07375630000190;AGROCAT;Consumidor Especial;sem sucessão;;;1408
2024-06-01;voluntário;07760179000124;FOCUS;Comercializador;com sucessão completa;04423567000121;Comercializador;1408
2024-06-01;voluntário;09294267000103;CENTER PAO CL 514;Consumidor Livre;sem sucessão;;;1408
2024-06-01;voluntário;10943693000100;CGH SANTO ANTONIO;Produtor Independente;com sucessão completa;10943693000290;Produtor Independente;1408
2024-06-01;voluntário;13140459000132;LUISA DEMENEK;Consumidor Especial;com sucessão completa;02215239000104;Consumidor Especial;1408
2024-06-01;voluntário;15741848000149;FABIANI;Consumidor Especial;com sucessão completa;03749465000723;Consumidor Livre;1408
2024-06-01;voluntário;25405624000110;ITUTEX;Consumidor Livre;com sucessão completa;37037661000100;Consumidor Livre;1408
2024-06-01;voluntário;30197161000188;COMPRE BEM;Consumidor Especial;com sucessão completa;47508411000156;Consumidor Especial;1408
2024-06-01;voluntário;30757221000170;PV 1121;Consumidor Livre;com sucessão completa;51724980000106;Consumidor Livre;1408
2024-06-01;voluntário;32741935000115;VEKTOR;Comercializador;sem sucessão;;;1408
2024-06-01;voluntário;33325184002081;ALSCO CANOAS;Consumidor Especial;com sucessão completa;33325184000119;Consumidor Especial;1408
2024-06-01;voluntário;33325184002839;ALSCO ARAUCARIA;Consumidor Especial;com sucessão completa;33325184000119;Consumidor Especial;1408
2024-06-01;voluntário;33649710000104;CGH ITAUNA II;Produtor Independente;com sucessão completa;21254073000180;Produtor Independente;1408
2024-06-01;voluntário;37517317000100;FERGOITA;Consumidor Livre;com sucessão completa;53964150000181;Consumidor Livre;1408
2024-06-01;voluntário;39676456000101;CGH VJ ENERGETICA I5;Produtor Independente;com sucessão completa;01094363000104;Consumidor Especial;1409
2024-06-01;voluntário;42180455000186;SUPERMERCADO FAE;Consumidor Especial;com sucessão financeira;04023261000188;Comercializador;1408
2024-06-01;voluntário;42381138000128;LOG ITAITINGA I;Consumidor Especial;com sucessão completa;49272934000171;Consumidor Livre;1408
2024-06-01;voluntário;59951822000109;MARTINS E LOCOCO;Consumidor Especial;com sucessão completa;05945932000120;Consumidor Especial;1408
2024-06-01;voluntário;61216875000110;NIEDAX;Consumidor Livre;sem sucessão;;;1401
2024-06-01;voluntário;62488937000105;C CE SEMPRE VALE SUPERMERCADOS;Consumidor Especial;sem sucessão;;;1408
2024-06-01;voluntário;68796523000120;MAMBEL MOVEIS LTDA;Consumidor Livre;sem sucessão;;;1408
2024-07-01;voluntário;01454407000151;C CL HOSPITAL DO CORACAO AL;Consumidor Livre;sem sucessão;;;1414
2024-07-01;voluntário;02207392000190;VALE ENERGIA;Comercializador;sem sucessão;;;1414
2024-07-01;voluntário;02734023000821;FIAGRIL;Consumidor Especial;com sucessão completa;31090078000178;Consumidor Livre;1414
2024-07-01;voluntário;02932074004421;HYPERA;Consumidor Especial;com sucessão financeira;05161069000544;Consumidor Livre;1414
2024-07-01;voluntário;03430928000102;GUARATU;Consumidor Especial;sem sucessão;;;1414
2024-07-01;voluntário;03972433000105;YPF BR;Consumidor Especial;sem sucessão;;;1414
2024-07-01;voluntário;08023230000188;APMT SERVICOS;Consumidor Especial;com sucessão completa;03598524000114;Consumidor Livre;1408
2024-07-01;voluntário;09102495000134;ECOSERVICE;Consumidor Especial;sem sucessão;;;1414
2024-07-01;voluntário;09616801000150;SHOP MOXUARA;Consumidor Especial;com sucessão completa;21681056000129;Consumidor Livre;1414
2024-07-01;voluntário;12128514000106;OXFORD;Consumidor Especial;com sucessão completa;86046463000100;Consumidor Livre;1414
2024-07-01;voluntário;13400972000115;C CE BRUPLASS CL 514;Consumidor Livre;sem sucessão;;;1414
2024-07-01;voluntário;17692901000860;GE CAMACARI;Consumidor Especial;sem sucessão;;;1414
2024-07-01;voluntário;26480257000181;C CL VENEZA COMERCIAL;Consumidor Livre;com sucessão completa;47420358000137;Consumidor Livre;1414
2024-07-01;voluntário;27089709000161;FIRSTLAB CL S;Consumidor Livre;sem sucessão;;;1414
2024-07-01;voluntário;28640358000106;EKOA ENERGIA;Comercializador;sem sucessão;;;1414
2024-07-01;voluntário;29689346000120;LOS;Consumidor Especial;com sucessão completa;78269545000195;Consumidor Especial;1414
2024-07-01;voluntário;31150147000191;PATIO PETROPOLIS;Consumidor Especial;com sucessão completa;48337121000150;Consumidor Especial;1414
2024-07-01;voluntário;31738278000194;CASTILHO SOLAR;Produtor Independente;com sucessão completa;20300157000140;Consumidor Especial;1414
2024-07-01;voluntário;36948016000178;GBEE GLOBAL VAR;Produtor Independente;com sucessão financeira;10466806000123;Comercializador;1414
2024-07-01;voluntário;39300091000116;C CL IKATU PLAST;Consumidor Livre;sem sucessão;;;1414
2024-07-01;voluntário;42352739000102;LOG VIANA II SPE;Consumidor Livre;com sucessão completa;54453825000190;Consumidor Livre;1414
2024-07-01;voluntário;49417549000175;C CE GRILO ATACAREJO;Consumidor Especial;sem sucessão;;;1414
2024-07-01;voluntário;61082426001602;COSMED ANS;Consumidor Especial;com sucessão financeira;05161069000544;Consumidor Livre;1414
2024-07-01;voluntário;88320536000135;AGRO LATINA;Consumidor Especial;com sucessão completa;06125043000180;Consumidor Especial;1414
2024-08-01;voluntário;00608681000175;C CE SORVETES DUBOM;Consumidor Especial;sem sucessão;;;1419
2024-08-01;voluntário;01880344000103;HOSP SANTA CATARINA;Consumidor Especial;com sucessão completa;82624776001623;Consumidor Livre;1419
2024-08-01;voluntário;03540666000120;PSA SOFT;Consumidor Especial;com sucessão completa;52837276000122;Consumidor Especial;1419
2024-08-01;voluntário;05006462000130;FROMPET;Consumidor Livre;com sucessão completa;04285109000173;Consumidor Livre;1419
2024-08-01;voluntário;05339769000152;CROCOLI CL 514 - NOVA;Consumidor Livre;sem sucessão;;;1419
2024-08-01;voluntário;05644020000119;EMPLAL NE;Consumidor Especial;com sucessão completa;60394723000144;Consumidor Livre;1419
2024-08-01;voluntário;07183852000704;VALFILM MG 74;Consumidor Livre;com sucessão completa;07183852000100;Consumidor Livre;1419
2024-08-01;voluntário;10278073000365;MADEPLAST;Consumidor Livre;sem sucessão;;;1419
2024-08-01;voluntário;13942928000137;UNIFLORA;Consumidor Livre;com sucessão completa;55265825000120;Consumidor Especial;1419
2024-08-01;voluntário;17257993000184;RODOFORT;Consumidor Livre;com sucessão completa;31008318000142;Consumidor Especial;1419
2024-08-01;voluntário;21316324000103;ADATA BRAZIL;Consumidor Especial;com sucessão completa;21316271000120;Consumidor Especial;1419
2024-08-01;voluntário;28750044000158;AUREN VAR SE SUPERM GUIMARAES;Consumidor Especial;sem sucessão;;;1419
2024-08-01;voluntário;33751765000112;RI PELLETS CL;Consumidor Livre;com sucessão completa;03391986000166;Consumidor Especial;1419
2024-08-01;voluntário;42424267000156;CORNING RJ;Consumidor Especial;sem sucessão;;;1419
2024-08-01;voluntário;42929694000196;ASSURUA 5 IV;Produtor Independente;com sucessão completa;36641320000178;Consumidor Especial;1419
2024-08-01;voluntário;42929707000127;ASSURUA 5 V;Produtor Independente;com sucessão completa;21180700000185;Consumidor Especial;1419
2024-08-01;voluntário;42931551000119;ASSURUA 5 VI;Produtor Independente;com sucessão completa;21180700000185;Consumidor Especial;1419
2024-08-01;voluntário;43204350000182;C CE BRAKE INJET;Consumidor Especial;com sucessão completa;16625953000185;Consumidor Especial;1419
2024-08-01;voluntário;61082426001874;COSMED NEO;Consumidor Livre;com sucessão financeira;05161069000544;Consumidor Livre;1419
2024-09-01;compulsório;33000118000179;TELEMAR;Consumidor Especial;com sucessão completa;76535764000143;Consumidor Especial;1419
2024-09-01;voluntário;02318826000129;C CE MEGA ATACADISTA;Consumidor Especial;sem sucessão;;;1424
2024-09-01;voluntário;06018086000166;CENTRO SHOPPING CL 514;Consumidor Livre;sem sucessão;;;1424
2024-09-01;voluntário;07159026000126;C CE IRMAOS PATROCINIO;Consumidor Especial;sem sucessão;;;1424
2024-09-01;voluntário;07912676000109;DAMASIO LIBERDADE;Consumidor Especial;sem sucessão;;;1424
2024-09-01;voluntário;10285590000108;GRUPO SOMA CL;Consumidor Livre;com sucessão completa;09611669000194;Consumidor Especial;1424
2024-09-01;voluntário;11044621000193;CGH CACHOEIRINHA;Produtor Independente;sem sucessão;;;1424
2024-09-01;voluntário;13132317000123;MINAS BRITA;Consumidor Livre;sem sucessão;;;1424
2024-09-01;voluntário;14723899000185;SHOPPING MONTSERRAT;Consumidor Especial;com sucessão completa;21079010000134;Consumidor Livre;1424
2024-09-01;voluntário;19900000000176;HEINEKEN;Consumidor Livre;com sucessão completa;04176513000109;Consumidor Livre;1424
2024-09-01;voluntário;19902684000145;OMEGATAMP CL;Consumidor Livre;com sucessão completa;03968742000101;Consumidor Livre;1424
2024-09-01;voluntário;23422037000103;AMAZONIA CON;Comercializador;sem sucessão;;;1424
2024-09-01;voluntário;26064287000107;C CL CERAMICA ART-PLAN;Consumidor Livre;sem sucessão;;;1424
2024-09-01;voluntário;27025056000157;THE FIVE - EAST BATEL;Consumidor Livre;com sucessão completa;26039535000160;Consumidor Livre;1424
2024-09-01;voluntário;32357245000167;MAXCOM;Comercializador;sem sucessão;;;1424
2024-09-01;voluntário;33419482000178;PERINATAL;Consumidor Especial;com sucessão completa;06047087000139;Consumidor Livre;1424
2024-09-01;voluntário;62658182000140;FECOMERCIO SP;Consumidor Especial;sem sucessão;;;1424
2024-09-01;voluntário;64649064000109;C CE CEREALISTA SAFRASUL;Consumidor Especial;sem sucessão;;;1424
2024-09-01;voluntário;79657540000100;SUPERMERCADO RODRIGUES;Consumidor Especial;sem sucessão;;;1424
2024-09-01;voluntário;90964057000101;IDEOGRAF;Consumidor Especial;sem sucessão;;;1424
2024-10-01;compulsório;09334083000120;EDPR BR;Produtor Independente;com sucessão completa;47034077000146;Produtor Independente;1430
2024-10-01;voluntário;01310212000138;LABORPLAST;Consumidor Especial;com sucessão completa;10403238000111;Consumidor Especial;1430
2024-10-01;voluntário;02500041000172;SMURFIT CEARA;Consumidor Especial;com sucessão completa;23524952000100;Consumidor Livre;1430
2024-10-01;voluntário;04895751000174;YAMADA MATRIZ;Consumidor Especial;sem sucessão;;;1430
2024-10-01;voluntário;06235572000136;RECONCAVO;Consumidor Especial;com sucessão completa;03342704000130;Consumidor Especial;1430
2024-10-01;voluntário;10431297000101;MANETONI-TRE-CSRDP;Consumidor Especial;com sucessão completa;17469701000177;Comercializador;1430
2024-10-01;voluntário;14788243000140;ESTACAO OFFICE;Consumidor Especial;sem sucessão;;;1430
2024-10-01;voluntário;14957737000101;LOG MARACANAU I;Consumidor Livre;com sucessão completa;22391241000141;Consumidor Livre;1430
2024-10-01;voluntário;16881198000108;HELIOS ENERGIA;Comercializador;sem sucessão;;;1430
2024-10-01;voluntário;17152632000173;PROLOGIS DUTRA RJ;Consumidor Livre;com sucessão completa;51844456000179;Consumidor Livre;1430
2024-10-01;voluntário;17212069000181;FIEMG CL 514;Consumidor Livre;sem sucessão;;;1430
2024-10-01;voluntário;18181313000159;LASSANE CL 514;Consumidor Livre;sem sucessão;;;1430
2024-10-01;voluntário;18590377000103;CAMACARI MURICY II;Produtor Independente;com sucessão completa;06212748000134;Produtor Independente;1430
2024-10-01;voluntário;27361901000165;BVC GER;Produtor Independente;com sucessão completa;79379491000183;Consumidor Especial;1430
2024-10-01;voluntário;31824313000198;ANCORA-SUL-COM;Comercializador;sem sucessão;;;1430
2024-10-01;voluntário;37549597000138;JDI PELLETES;Consumidor Especial;sem sucessão;;;1430
2024-10-01;voluntário;39204391000100;ALDEIA DAS AGUAS;Consumidor Especial;com sucessão completa;15355872000140;Consumidor Especial;1430
2024-10-01;voluntário;57397150000106;MINER J LEITE;Consumidor Especial;com sucessão completa;23643315000152;Consumidor Especial;1430
2024-10-01;voluntário;94124492000170;SZ COUROS CL;Consumidor Livre;sem sucessão;;;1430
2024-11-01;voluntário;00254769000136;PLASTICOS PANDOLFO;Consumidor Livre;sem sucessão;;;1435
2024-11-01;voluntário;00771979000100;BALL;Consumidor Livre;com sucessão completa;29506474000191;Consumidor Livre;1435
2024-11-01;voluntário;02506609000162;MANETONI-CEN-CDRDP;Consumidor Especial;com sucessão completa;17469701000177;Comercializador;1435
2024-11-01;voluntário;03529311000130;MIRVI BRASIL;Consumidor Especial;com sucessão completa;04285109000173;Consumidor Livre;1435
2024-11-01;voluntário;04972092000122;OBA CL 514;Consumidor Livre;sem sucessão;;;1435
2024-11-01;voluntário;05345215000168;JHSF INCORPORAÇÕES;Não Agente;com sucessão completa;17781776000199;Consumidor Livre;1435
2024-11-01;voluntário;09442461000199;DOMNATO;Consumidor Especial;com sucessão financeira;09185485000100;Comercializador;1435
2024-11-01;voluntário;18788033000103;SHOPPING PARANGABA;Consumidor Especial;com sucessão completa;41738274000160;Consumidor Livre;1435
2024-11-01;voluntário;19395629000106;SANCA ITAPEVI;Consumidor Especial;sem sucessão;;;1435
2024-11-01;voluntário;22458798000152;ALIMENTA NUTRICAO;Consumidor Especial;sem sucessão;;;1435
2024-11-01;voluntário;34867956000107;PARATY COMERCIALIZADORA;Comercializador;sem sucessão;;;1435
2024-11-01;voluntário;36953858000118;PELLEBRAS;Consumidor Especial;com sucessão completa;36953858000207;Consumidor Livre;1435
2024-11-01;voluntário;39530404000122;TOP MOULDINGS;Consumidor Especial;sem sucessão;;;1435
2024-11-01;voluntário;43470384000119;PAMIRO;Consumidor Especial;com sucessão completa;29302990000102;Consumidor Livre;1435
2024-11-01;voluntário;47118757000148;PLASTICOS MARADEI;Consumidor Especial;com sucessão completa;19165221000148;Consumidor Livre;1435
2024-11-01;voluntário;49795800001530;MANETONI DISTRIB;Consumidor Especial;com sucessão completa;17469701000177;Comercializador;1435
2024-11-01;voluntário;59186981000156;REICHHOLD;Consumidor Especial;com sucessão completa;14764860000106;Consumidor Livre;1435
2024-11-01;voluntário;59963488000103;DIARIO DA REGIAO CL 514;Consumidor Livre;sem sucessão;;;1435
2024-12-01;compulsório;13999606000124;MONEX GERACAO;Produtor Independente;com sucessão completa;41370218000115;Produtor Independente;1438
2024-12-01;voluntário;03139910000148;FORZA JOAQUIM;Consumidor Especial;sem sucessão;;;1439
2024-12-01;voluntário;03842638000168;UNIPLEX;Consumidor Especial;com sucessão completa;94902509000173;Consumidor Especial;1439
2024-12-01;voluntário;03982513000133;DEERE HITACHI;Consumidor Especial;com sucessão completa;89674782001472;Consumidor Especial;1439
2024-12-01;voluntário;06315338021892;COFCO GRAINS ITANHANGA;Consumidor Especial;com sucessão completa;03938098000110;Consumidor Livre;1439
2024-12-01;voluntário;07479509000108;PORTO TRAPICHE;Consumidor Especial;sem sucessão;;;1439
2024-12-01;voluntário;09343543000186;HBR 73;Consumidor Especial;sem sucessão;;;1439
2024-12-01;voluntário;09364298000193;FLUIDRA CE;Consumidor Especial;sem sucessão;;;1439
2024-12-01;voluntário;11631679000133;CPFL BIOIPE;Produtor Independente;com sucessão financeira;08439659000150;Produtor Independente;1437
2024-12-01;voluntário;11631680000168;CPFL BIOPEDRA;Produtor Independente;com sucessão financeira;08439659000150;Produtor Independente;1437
2024-12-01;voluntário;11631681000102;CPFL ESTER;Produtor Independente;com sucessão financeira;08439659000150;Produtor Independente;1437
2024-12-01;voluntário;11782147000105;EUCA COM;Comercializador;sem sucessão;;;1439
2024-12-01;voluntário;14097230000125;SHOPPING METROPOLE ANANIDEUA;Consumidor Especial;com sucessão completa;30838194000160;Consumidor Livre;1439
2024-12-01;voluntário;15107246001700;MUCAMBO;Consumidor Especial;com sucessão completa;60594538001680;Consumidor Especial;1439
2024-12-01;voluntário;21164683000192;FECAMIL ESP;Consumidor Especial;com sucessão completa;05693158000370;Consumidor Especial;1439
2024-12-01;voluntário;22187489000195;INSTITUTO INTEGRACAO PESSOAL;Consumidor Livre;sem sucessão;;;1439
2024-12-01;voluntário;41468967000180;SOL DO SERTAO BJL II;Comercializador;sem sucessão;;;1439
2024-12-01;voluntário;49208203000167;CAPITALE TRADING;Comercializador;sem sucessão;;;1439
2024-12-01;voluntário;76531581000150;CONFEPAR;Consumidor Especial;com sucessão completa;14049467000130;Consumidor Especial;1439
2025-01-01;voluntário;02036483000886;CONTINENTAL MACAE;Consumidor Especial;sem sucessão;;;1443
2025-01-01;voluntário;02082396000199;VOLER;Consumidor Especial;sem sucessão;;;1443
2025-01-01;voluntário;02548987000109;AJ TEXTIL CL;Consumidor Livre;sem sucessão;;;1443
2025-01-01;voluntário;02724983000134;CONASA SANESALTO;Consumidor Especial;sem sucessão;;;1443
2025-01-01;voluntário;02924249000119;CAFÉ RANCHEIRO;Consumidor Especial;sem sucessão;;;1443
2025-01-01;voluntário;03349766000174;PLASNOG INDUSTRIA CL 514;Consumidor Livre;sem sucessão;;;1443
2025-01-01;voluntário;03477155000101;APASA;Consumidor Especial;com sucessão completa;45275714000140;Consumidor Livre;1443
2025-01-01;voluntário;03882782000128;UCEFF S CE;Consumidor Especial;sem sucessão;;;1443
2025-01-01;voluntário;04209387000141;OST PNEUS;Consumidor Especial;sem sucessão;;;1443
2025-01-01;voluntário;04333952000188;CURTUME IDEAL CL 514;Consumidor Livre;sem sucessão;;;1443
2025-01-01;voluntário;04365525000181;TECNOLASER CL;Consumidor Livre;sem sucessão;;;1443
2025-01-01;voluntário;04602792000125;HOSPITAL AEROPORTO;Consumidor Especial;com sucessão completa;02284062000106;Consumidor Especial;1443
2025-01-01;voluntário;04797661000302;GERRESHEIMER MATRIZ;Consumidor Livre;com sucessão completa;04797661000221;Consumidor Livre;1443
2025-01-01;voluntário;05128099000125;BP COMPONENTES CL;Consumidor Livre;sem sucessão;;;1443
2025-01-01;voluntário;06235812000100;CESLOG - CESARI LOG;Consumidor Especial;sem sucessão;;;1443
2025-01-01;voluntário;08297366000186;CHESIWOOD;Consumidor Especial;sem sucessão;;;1443
2025-01-01;voluntário;09141097000127;VILA GALE CABO;Consumidor Especial;com sucessão completa;04027102000151;Consumidor Especial;1443
2025-01-01;voluntário;10854623000185;LOUVRE MAGAZINE CL 514;Consumidor Livre;sem sucessão;;;1443
2025-01-01;voluntário;11516163000148;FRIGORIFICO REGIONAL CL 514;Consumidor Livre;sem sucessão;;;1443
2025-01-01;voluntário;11659770000167;MORANGUINHO;Consumidor Especial;sem sucessão;;;1443
2025-01-01;voluntário;12010714000160;NTN DO BRASIL;Consumidor Especial;sem sucessão;;;1443
2025-01-01;voluntário;12651010000176;POLICLINICA CL 514;Consumidor Livre;sem sucessão;;;1443
2025-01-01;voluntário;13030186000173;TERMOTECNICA NE CL;Consumidor Livre;sem sucessão;;;1443
2025-01-01;voluntário;13913490000169;MARRIOTT PORTO MARAVILHA;Consumidor Especial;sem sucessão;;;1443
2025-01-01;voluntário;14608135000149;FACTORSHOES CALCADOS CL;Consumidor Livre;sem sucessão;;;1443
2025-01-01;voluntário;18571385000102;TREVO EMPREENDIMENTOS CL 514;Consumidor Livre;sem sucessão;;;1443
2025-01-01;voluntário;21042390000132;BERACA INGREDIENTES NATURAIS;Consumidor Especial;com sucessão completa;31452113000151;Consumidor Especial;1443
2025-01-01;voluntário;22330577000285;NISSI;Consumidor Especial;com sucessão completa;31023302000109;Consumidor Especial;1443
2025-01-01;voluntário;23034826000177;SAVASSI MALL II CL 514;Consumidor Livre;sem sucessão;;;1443
2025-01-01;voluntário;25018972000134;P E G SUPERMERCADOS;Consumidor Especial;sem sucessão;;;1443
2025-01-01;voluntário;33187992000167;UTE FOREST I5;Autoprodutor;sem sucessão;;;1443
2025-01-01;voluntário;35836247000127;TOP MAIS SUPERMERCADOS;Consumidor Especial;com sucessão completa;04641376037307;Consumidor Especial;1443
2025-01-01;voluntário;35880201000105;CAPEMI;Consumidor Especial;com sucessão financeira;30457273000120;Comercializador;1443
2025-01-01;voluntário;38023481000123;WTZ CONV;Comercializador;sem sucessão;;;1443
2025-01-01;voluntário;40921251000123;ROMA CALCADOS;Consumidor Especial;sem sucessão;;;1443
2025-01-01;voluntário;47881602000169;THORNTON CL 514;Consumidor Livre;sem sucessão;;;1443
2025-01-01;voluntário;50839549000142;EM VIDROS IMPERATRIZ MA CL;Consumidor Livre;sem sucessão;;;1443
2025-01-01;voluntário;52180561000113;GHR CATAGUASES;Consumidor Livre;com sucessão completa;52485260000106;Consumidor Livre;1443
2025-01-01;voluntário;53135232000113;SUPERBOM ALIMENTOS CL 514;Consumidor Livre;sem sucessão;;;1443
2025-01-01;voluntário;53424594000124;COLCHOES CASTOR;Consumidor Especial;sem sucessão;;;1443
2025-01-01;voluntário;60671831000117;MARBON CL 514;Consumidor Livre;sem sucessão;;;1443
2025-01-01;voluntário;60992146000192;MADRID;Consumidor Especial;sem sucessão;;;1443
2025-01-01;voluntário;72078769000133;GRAMADO AVICULTURA CL 514;Consumidor Livre;sem sucessão;;;1443
2025-01-01;voluntário;77348738000179;LABMED CL 514;Consumidor Livre;sem sucessão;;;1443
2025-01-01;voluntário;79792883000170;PJ ZONTA ADM;Consumidor Especial;com sucessão completa;76492305000120;Consumidor Livre;1443
2025-01-01;voluntário;87829495000144;SIMETALL CL 514;Consumidor Livre;sem sucessão;;;1443
2025-01-01;voluntário;89890792000120;OUROVERDE;Consumidor Especial;com sucessão completa;03871187000197;Consumidor Especial;1443
2025-01-01;voluntário;91956755000110;INTERMACH;Consumidor Especial;sem sucessão;;;1443
2025-02-01;compulsório;14901621000150;GAVEA;Comercializador;sem sucessão;;;1444
2025-02-01;compulsório;15722207000147;ITACARNE;Consumidor Especial;sem sucessão;;;1437
2025-02-01;compulsório;33803960000149;MTC ENERGY;Comercializador;sem sucessão;;;1444
2025-02-01;compulsório;34583522000185;RDX ENERGY;Comercializador;sem sucessão;;;1444
2025-02-01;voluntário;00629633000163;RENAULT ENERGIA;Comercializador;sem sucessão;;;1447
2025-02-01;voluntário;01163538000180;ONDULINE MAT LIVRE;Consumidor Livre;sem sucessão;;;1447
2025-02-01;voluntário;03252545000183;HERCOSUL;Consumidor Especial;com sucessão completa;45710423000133;Consumidor Livre;1447
2025-02-01;voluntário;03574683000189;CTB INDUSTRIA CL 514;Consumidor Livre;sem sucessão;;;1447
2025-02-01;voluntário;04014647000123;DEL PASEO;Consumidor Especial;sem sucessão;;;1447
2025-02-01;voluntário;05758929000106;LIDERO 2W;Consumidor Especial;sem sucessão;;;1447
2025-02-01;voluntário;07357551000156;BOULEVARD TROPICAL MA CL;Consumidor Livre;sem sucessão;;;1447
2025-02-01;voluntário;07660940000156;COOPERBEM;Consumidor Especial;sem sucessão;;;1447
2025-02-01;voluntário;09322423000100;PCH RIO DO SAPO;Produtor Independente;com sucessão completa;79379491000183;Consumidor Especial;1447
2025-02-01;voluntário;10472905000118;LINHARES GERA NAG;Não Agente;com sucessão completa;04423567000121;Comercializador;1447
2025-02-01;voluntário;10645100000129;FALEIRO CL 514;Consumidor Livre;sem sucessão;;;1447
2025-02-01;voluntário;12194903000130;ORIGO COMERCIALIZADORA;Comercializador;sem sucessão;;;1447
2025-02-01;voluntário;15235149000127;IMEXDEN;Consumidor Livre;sem sucessão;;;1447
2025-02-01;voluntário;17222720000102;DECORALITA;Consumidor Especial;sem sucessão;;;1447
2025-02-01;voluntário;23965799000156;BILISKO CL 514;Consumidor Livre;sem sucessão;;;1447
2025-02-01;voluntário;24561984000148;BP PLASTICOS;Consumidor Especial;com sucessão completa;29752951000107;Consumidor Especial;1447
2025-02-01;voluntário;24982593000105;MJ COTTON;Consumidor Especial;sem sucessão;;;1447
2025-02-01;voluntário;29726259000104;NCSG;Consumidor Especial;com sucessão completa;02147467000194;Consumidor Especial;1447
2025-02-01;voluntário;32593049000191;SPPVIII;Produtor Independente;com sucessão completa;09769035000164;Consumidor Especial;1447
2025-02-01;voluntário;36073893000142;NRG MARMIFERA;Consumidor Especial;sem sucessão;;;1447
2025-02-01;voluntário;37742994000121;MERCADAO DA BAHIA CE;Consumidor Especial;sem sucessão;;;1447
2025-02-01;voluntário;43174526000109;UTE POVOACAO NAG;Não Agente;com sucessão completa;04423567000121;Comercializador;1447
2025-02-01;voluntário;46101424000143;ATRI CL;Consumidor Livre;sem sucessão;;;1447
2025-02-01;voluntário;47754052000117;KUBIX;Consumidor Livre;com sucessão completa;60744463000190;Consumidor Especial;1447
2025-02-01;voluntário;60760642000110;ALBEA;Consumidor Especial;com sucessão completa;01795995000430;Consumidor Especial;1447
2025-02-01;voluntário;62032180000140;HYDRA CORONA;Consumidor Especial;com sucessão completa;56971663000108;Consumidor Livre;1447
2025-02-01;voluntário;79135760000166;GRPCOM MARINGÁ;Consumidor Especial;com sucessão completa;80830334000121;Consumidor Especial;1447
2025-02-01;voluntário;80095466000661;CONSTRUTORA OLIVEIRA;Consumidor Especial;com sucessão completa;54119017000191;Consumidor Livre;1447
2025-02-01;voluntário;92660240000130;RENNER MCFIL;Consumidor Especial;com sucessão completa;04283165000179;Consumidor Especial;1447
2025-03-01;compulsório;10877169000188;ILUMINATTI;Comercializador;sem sucessão;;;1448
2025-03-01;compulsório;29286625000143;OTAK COMERCIALIZADORA;Comercializador;sem sucessão;;;1448
2025-03-01;voluntário;03327149000178;UNI UNIRON ESP;Consumidor Especial;com sucessão completa;10461983000117;Consumidor Especial;1452
2025-03-01;voluntário;03761820000194;EXTRATIVA METALURGIA;Consumidor Especial;com sucessão completa;25117469000136;Consumidor Especial;1452
2025-03-01;voluntário;04131635000189;EXTRATIVA FERTILIZANTES;Consumidor Especial;com sucessão completa;26369016000160;Consumidor Especial;1452
2025-03-01;voluntário;07228424000157;AMATOOLS LTDA;Consumidor Livre;com sucessão completa;03349915000529;Consumidor Livre;1452
2025-03-01;voluntário;07945652000148;PEMALEX;Consumidor Especial;sem sucessão;;;1452
2025-03-01;voluntário;08274591000105;GERACAO CIII;Não Agente;com sucessão completa;12227426000161;Produtor Independente;1452
2025-03-01;voluntário;08578991000104;EPM CL;Consumidor Livre;sem sucessão;;;1452
2025-03-01;voluntário;09485505000168;COMPENSADOS COLINA;Consumidor Livre;com sucessão completa;58453534000153;Consumidor Livre;1452
2025-03-01;voluntário;10335652000130;SAKA MINIPREÇO;Consumidor Especial;com sucessão completa;17342870000141;Consumidor Especial;1452
2025-03-01;voluntário;13335046000103;SHOPPING TRES LAGOAS LTDA ESPE;Consumidor Especial;com sucessão completa;50419327000170;Consumidor Especial;1452
2025-03-01;voluntário;17077702001229;BARBOSA E CIA;Consumidor Especial;com sucessão completa;17077702000508;Consumidor Livre;1452
2025-03-01;voluntário;20439581000170;LIBERDADE;Produtor Independente;com sucessão completa;79379491000183;Consumidor Especial;1452
2025-03-01;voluntário;28045128000190;DIEMER CL 514;Consumidor Livre;sem sucessão;;;1452
2025-03-01;voluntário;28355062000135;QUALITY ATACADISTA;Consumidor Especial;com sucessão completa;43941941000132;Consumidor Especial;1452
2025-03-01;voluntário;30721896000169;DATERRA;Consumidor Especial;com sucessão completa;16785684000114;Consumidor Especial;1452
2025-03-01;voluntário;31133035000122;INCUBATORIO BOM SUCESSO;Consumidor Especial;com sucessão completa;04656883000143;Consumidor Especial;1452
2025-03-01;voluntário;33070972000101;CONDOMINIO ITC CL;Consumidor Livre;sem sucessão;;;1452
2025-03-01;voluntário;33930529000163;TERMINAL MARIALVA;Consumidor Especial;com sucessão completa;05492968000104;Consumidor Especial;1447
2025-03-01;voluntário;45246402000532;EXPO CENTER NORTE;Consumidor Livre;com sucessão completa;56025154000192;Consumidor Livre;1452
2025-03-01;voluntário;46206421000174;PRAIAMAR;Consumidor Livre;com sucessão completa;07349085000167;Consumidor Livre;1452
2025-03-01;voluntário;60659166000146;CONAUT & KROHNE;Consumidor Especial;com sucessão completa;57277537000110;Consumidor Especial;1452
2025-03-01;voluntário;60924040000151;TB USINA I5;Produtor Independente;sem sucessão;;;1452
2025-03-01;voluntário;61892030000144;REMO POLIMEROS;Consumidor Especial;com sucessão completa;08286499000319;Consumidor Livre;1452
2025-03-01;voluntário;65741514000143;REPLABOR ESP;Consumidor Especial;com sucessão completa;56193246000181;Consumidor Especial;1452
2025-04-01;compulsório;08978651000162;TRDC;Comercializador;sem sucessão;;;1451
2025-04-01;compulsório;36449826000180;EVEC ENERGIA;Comercializador;sem sucessão;;;1450
2025-04-01;voluntário;01331288000140;C CL PLAZA AVENIDA;Consumidor Livre;sem sucessão;;;1458
2025-04-01;voluntário;01722424000122;ARTHUR RAMOS;Consumidor Especial;com sucessão completa;02284062000106;Consumidor Especial;1458
2025-04-01;voluntário;03708169000199;SANEJ;Consumidor Especial;sem sucessão;;;1458
2025-04-01;voluntário;04096957000134;GRANRIVA GRANITOS;Consumidor Especial;sem sucessão;;;1458
2025-04-01;voluntário;04652419000189;NUTRILI;Consumidor Livre;sem sucessão;;;1458
2025-04-01;voluntário;09010407000174;MASSASUL;Consumidor Especial;sem sucessão;;;1458
2025-04-01;voluntário;10467099000190;CATIVA BENEF;Consumidor Especial;com sucessão completa;80959513000163;Consumidor Especial;1458
2025-04-01;voluntário;10756910000233;CPE PLASTICOS;Consumidor Especial;com sucessão completa;52321961000100;Consumidor Livre;1458
2025-04-01;voluntário;11174306000180;SISA SAUIPE;Consumidor Especial;sem sucessão;;;1458
2025-04-01;voluntário;12031413000112;ALVARENGA ADM;Consumidor Especial;com sucessão completa;85782878000189;Consumidor Especial;1458
2025-04-01;voluntário;13042032000100;SW ALIMENTOS;Consumidor Especial;com sucessão completa;06353241000109;Consumidor Especial;1458
2025-04-01;voluntário;14363288000173;OBA SUPER ATACADO;Consumidor Especial;sem sucessão;;;1458
2025-04-01;voluntário;15229391000198;C CL ALCOOL SAFRA;Consumidor Livre;sem sucessão;;;1458
2025-04-01;voluntário;15616370000125;REDE SG MEGA VERAO CE SE;Consumidor Especial;sem sucessão;;;1458
2025-04-01;voluntário;15756574000161;FRIVAM;Consumidor Especial;com sucessão completa;04749233000304;Consumidor Livre;1458
2025-04-01;voluntário;21596517000165;FAZENDA SAO PAULO;Consumidor Livre;sem sucessão;;;1458
2025-04-01;voluntário;23520790000131;EQUATORIAL COMERCIALIZADORA;Comercializador;sem sucessão;;;1458
2025-04-01;voluntário;34956807000114;MEMORIAL STAR S/A;Consumidor Livre;com sucessão completa;06047087000139;Consumidor Livre;1458
2025-04-01;voluntário;36636489000130;TIGRE COMPOSTOS;Consumidor Livre;com sucessão completa;33064262000179;Consumidor Livre;1458
2025-04-01;voluntário;42297507000107;BALBINO;Consumidor Especial;com sucessão completa;31635857000101;Consumidor Especial;1458
2025-04-01;voluntário;51663763000153;C CE LOJAS TANGER;Consumidor Especial;sem sucessão;;;1458
2025-04-01;voluntário;55473763000141;PLASTICOS ZANOLI;Consumidor Livre;com sucessão completa;29083319000100;Consumidor Especial;1458
2025-04-01;voluntário;56712607000159;C CL PLASDURAN;Consumidor Livre;sem sucessão;;;1458
2025-04-01;voluntário;66047275000199;C CL ARAMEFICIO CHAVANTES;Consumidor Livre;sem sucessão;;;1458
2025-04-01;voluntário;75394189000143;SUPERMERCADO NARDELLI;Consumidor Especial;com sucessão completa;33118705000329;Consumidor Livre;1458
2025-04-01;voluntário;81181232000195;DAL SANTOS;Consumidor Especial;sem sucessão;;;1458
2025-05-01;voluntário;00971248000108;C CL INBRACEL;Consumidor Livre;sem sucessão;;;1463
2025-05-01;voluntário;01645009000384;TERMÉLETRICA CUIABÁ;Produtor Independente;com sucessão completa;00350763000162;Produtor Independente;1463
2025-05-01;voluntário;02833315000145;DXC;Consumidor Especial;com sucessão completa;35980592000130;Consumidor Livre;1463
2025-05-01;voluntário;04569045000132;ICEE;Comercializador;sem sucessão;;;1463
2025-05-01;voluntário;05331250000128;C CE LUBRARA;Consumidor Especial;sem sucessão;;;1463
2025-05-01;voluntário;12030223000180;CALBRAS LTDA;Consumidor Especial;sem sucessão;;;1463
2025-05-01;voluntário;16973435000152;SANVIDRO CE;Consumidor Especial;com sucessão completa;35353515000150;Consumidor Especial;1463
2025-05-01;voluntário;19749044000147;C CE CERAMICA IGUATU RN;Consumidor Especial;sem sucessão;;;1463
2025-05-01;voluntário;22104045000149;FAZENDA BRASILEIRO;Consumidor Livre;com sucessão completa;22103965000142;Consumidor Livre;1463
2025-05-01;voluntário;38297116000107;ASSURUA 5 II;Produtor Independente;com sucessão completa;21480265000104;Consumidor Especial;1463
2025-05-01;voluntário;40845692000193;TRUST ENERGIA;Comercializador;sem sucessão;;;1463
2025-05-01;voluntário;47390207000183;VISTA ONE COMERCIALIZADORA;Comercializador;sem sucessão;;;1463
2025-05-01;voluntário;47615091000214;MEGA STORE CL;Consumidor Livre;sem sucessão;;;1463
2025-05-01;voluntário;57119042000163;DIAMANFER CL 514;Consumidor Livre;sem sucessão;;;1463
2025-05-01;voluntário;61594024000100;CERAMICA ANHANGUERA CL 514;Consumidor Livre;sem sucessão;;;1463
2025-06-01;compulsório;05992709000134;SAO PEDRO;Produtor Independente;sem sucessão;;;1461
2025-06-01;compulsório;15274167000118;HTCOM;Comercializador;sem sucessão;;;1460
2025-06-01;voluntário;01129943000181;BRUNO NICOLETTI TECIDOS CL;Consumidor Livre;sem sucessão;;;1468
2025-06-01;voluntário;01682695000878;NOTARO MATRIZEIRO BJ;Consumidor Especial;com sucessão completa;01682695000100;Consumidor Especial;1468
2025-06-01;voluntário;01682695000959;NOTARO PAULISTA;Consumidor Especial;com sucessão completa;01682695000100;Consumidor Especial;1468
2025-06-01;voluntário;01832309000100;BPREX PLAST;Consumidor Especial;com sucessão completa;01353391001910;Consumidor Livre;1458
2025-06-01;voluntário;03383010000141;NORPACK;Consumidor Especial;com sucessão completa;04697913000240;Consumidor Livre;1468
2025-06-01;voluntário;06049410000103;MEGA METAL;Consumidor Especial;sem sucessão;;;1468
2025-06-01;voluntário;07303379000239;CEM MANAUARA;Não Agente;com sucessão completa;00350763000162;Produtor Independente;1468
2025-06-01;voluntário;07386098000106;RAESA;Não Agente;com sucessão completa;00350763000162;Produtor Independente;1468
2025-06-01;voluntário;07387573000169;UTE JARAQUI;Não Agente;com sucessão completa;00350763000162;Produtor Independente;1468
2025-06-01;voluntário;07469933000171;GERA AM;Não Agente;com sucessão completa;00350763000162;Produtor Independente;1468
2025-06-01;voluntário;07921085000190;BRENTECH;Produtor Independente;com sucessão financeira;30834939000112;Comercializador;1468
2025-06-01;voluntário;09608144000280;FRIGORIFICO BXB ESP;Consumidor Especial;sem sucessão;;;1468
2025-06-01;voluntário;11267987000121;GRAO MOGOL ENERGIA;Produtor Independente;com sucessão completa;42712990000130;Produtor Independente;1468
2025-06-01;voluntário;24511191000114;MINAS PLASTICOS;Consumidor Especial;com sucessão completa;36808117000143;Consumidor Livre;1468
2025-06-01;voluntário;27457498000172;SUPERMERCADOS CANGURU;Consumidor Especial;com sucessão completa;04641376037307;Consumidor Especial;1468
2025-06-01;voluntário;27883819000109;SUPER BIG COF;Consumidor Especial;com sucessão completa;30330091000194;Consumidor Especial;1468
2025-06-01;voluntário;30418521000124;UFV BELMONTE I;Produtor Independente;com sucessão completa;50799773000158;Produtor Independente;1468
2025-06-01;voluntário;32154700000127;RIO MAR;Consumidor Livre;com sucessão completa;31635857000101;Consumidor Especial;1468
2025-06-01;voluntário;33506527000141;ECOM GER;Comercializador;sem sucessão;;;1468
2025-06-01;voluntário;37588415000308;MINERACAO PIRINEUS;Consumidor Livre;sem sucessão;;;1468
2025-06-01;voluntário;43856808000188;LOG CONTAGEM IV SPE;Consumidor Livre;com sucessão completa;59469045000152;Consumidor Livre;1468
2025-06-01;voluntário;51948921000111;INK PLANEJADOS;Consumidor Livre;com sucessão completa;79460192000179;Consumidor Especial;1468
2025-06-01;voluntário;57216665000154;AMSTERDAN EMBALAGENS;Consumidor Livre;com sucessão completa;59221316000156;Consumidor Livre;1468
2025-06-01;voluntário;59104760000191;TOYOTA;Consumidor Livre;com sucessão completa;59104760000604;Consumidor Livre;1468
2025-06-01;voluntário;60820198000262;CAMBUI CL 514;Consumidor Livre;sem sucessão;;;1468
2025-06-01;voluntário;73161812000192;BIRK INDÚSTRIA;Consumidor Especial;sem sucessão;;;1468
2025-07-01;compulsório;04095571000299;SODECIA BAHIA;Consumidor Especial;sem sucessão;;;1464
2025-07-01;compulsório;08333323000109;CARGILL TRADE;Comercializador;sem sucessão;;;1464
2025-07-01;compulsório;23188648000139;VERTENERGIECOM;Comercializador;sem sucessão;;;1464
2025-07-01;compulsório;26474919000100;MERITO ENERGIA;Comercializador;sem sucessão;;;1464
2025-07-01;compulsório;31085234000102;GV ENERGIA COM;Comercializador;sem sucessão;;;1466
2025-07-01;compulsório;34639735000181;NEXUS BIOENERGIA;Comercializador;sem sucessão;;;1464
2025-07-01;voluntário;01682695000525;NOTARO GARAN;Consumidor Especial;com sucessão completa;01682695000100;Consumidor Especial;1474
2025-07-01;voluntário;03247760000196;MAIA E TAVARES;Consumidor Especial;com sucessão completa;44625782000120;Consumidor Especial;1474
2025-07-01;voluntário;03498281000142;LIMERSTAMP I0;Consumidor Livre;sem sucessão;;;1474
2025-07-01;voluntário;05635291000108;BAKER JANDIRA;Consumidor Especial;sem sucessão;;;1474
2025-07-01;voluntário;05775024000136;BRV MOVEIS VAR;Consumidor Especial;sem sucessão;;;1474
2025-07-01;voluntário;07222521000132;GLOBALPET;Consumidor Especial;com sucessão completa;42063007000283;Consumidor Especial;1468
2025-07-01;voluntário;08893112000120;DEMUTH ESTRUTURAS;Consumidor Especial;com sucessão completa;43443043001983;Consumidor Especial;1474
2025-07-01;voluntário;08972254000183;USIMECA;Consumidor Especial;sem sucessão;;;1474
2025-07-01;voluntário;24364643000263;CERVEJARIA SAO GABRIEL;Consumidor Livre;com sucessão completa;01731172000106;Consumidor Especial;1463
2025-07-01;voluntário;26754369000183;A&P CORP EMPREENDIMENTOS;Consumidor Livre;com sucessão completa;28255113000157;Consumidor Livre;1468
2025-07-01;voluntário;28453105000115;EBS BALTIMORE;Consumidor Especial;com sucessão completa;56304155000176;Consumidor Especial;1474
2025-07-01;voluntário;30060978000100;MEIO A MEIO;Consumidor Especial;sem sucessão;;;1474
2025-07-01;voluntário;35851074000205;OUTLET IMIGRANTES;Consumidor Livre;com sucessão completa;41131784000174;Consumidor Livre;1474
2025-07-01;voluntário;52956901000155;HOSPITAL NOVO ATIBAIA;Consumidor Especial;com sucessão completa;31635857000101;Consumidor Especial;1474
2025-07-01;voluntário;65865057000107;LUMEN QUIMICA CL 514;Consumidor Livre;sem sucessão;;;1474
2025-07-01;voluntário;87550505000108;DEMUTH MAQUINAS;Consumidor Especial;com sucessão completa;43443043001983;Consumidor Especial;1474
2025-07-01;voluntário;91807149000132;QUIMIPLAN;Consumidor Especial;sem sucessão;;;1474
2025-07-01;voluntário;97542603000157;CGH BOM JESUS;Produtor Independente;sem sucessão;;;1474
2025-08-01;compulsório;29229364000120;MFG ENERGIA SE;Comercializador;sem sucessão;;;1470
2025-08-01;compulsório;34998885000181;ANDESCO;Comercializador;sem sucessão;;;1470
2025-08-01;voluntário;00455985000140;LORENPET PLASTICOS RJ;Consumidor Livre;com sucessão completa;07183852000100;Consumidor Livre;1479
2025-08-01;voluntário;01091641000161;WLS CL 514;Consumidor Livre;sem sucessão;;;1479
2025-08-01;voluntário;01662221000198;GALEGAO;Consumidor Especial;com sucessão completa;18803654000380;Consumidor Livre;1479
2025-08-01;voluntário;03573324000298;FRANGO AMERICANO TO;Consumidor Especial;com sucessão completa;03779994000184;Consumidor Especial;1479
2025-08-01;voluntário;05022866000117;TERRITORIO DO COURO;Consumidor Livre;com sucessão completa;05399225000186;Consumidor Especial;1479
2025-08-01;voluntário;05918498000190;POLIONDA;Consumidor Especial;com sucessão completa;47865800000210;Consumidor Livre;1479
2025-08-01;voluntário;08988218000108;IBERSUL;Consumidor Especial;com sucessão completa;77124634000180;Consumidor Especial;1479
2025-08-01;voluntário;09443016000143;PANAMERICA GREEN PARK;Consumidor Livre;sem sucessão;;;1479
2025-08-01;voluntário;11232237000114;LOMBA GRANDE;Consumidor Especial;sem sucessão;;;1479
2025-08-01;voluntário;13273775000182;TRAPANI;Consumidor Livre;com sucessão completa;27429652000100;Consumidor Livre;1479
2025-08-01;voluntário;13687183000298;RAIZEN CS COM;Comercializador;sem sucessão;;;1479
2025-08-01;voluntário;16977573000100;DONA ALDA;Consumidor Especial;com sucessão completa;76098219000137;Consumidor Especial;1479
2025-08-01;voluntário;17246618000139;BP BUNGE BIOFUELS;Comercializador;sem sucessão;;;1479
2025-08-01;voluntário;17359233002474;TAMBASA N;Consumidor Especial;com sucessão completa;17359233003446;Consumidor Livre;1479
2025-08-01;voluntário;20550448000196;FUNDICÃO AMPLA;Consumidor Livre;com sucessão completa;01879991000197;Consumidor Livre;1479
2025-08-01;voluntário;24447148000137;INSTITUTO CORE;Consumidor Livre;sem sucessão;;;1479
2025-08-01;voluntário;33660887000101;PAISSANDU;Consumidor Especial;com sucessão financeira;11251784000147;Comercializador;1479
2025-08-01;voluntário;38616553000146;IRMAO SUPERMERCADOS;Consumidor Especial;sem sucessão;;;1479
2025-08-01;voluntário;42996470000105;PAO VALE DO SOL;Consumidor Especial;sem sucessão;;;1479
2025-08-01;voluntário;46323754000426;ROCKWELL;Consumidor Especial;sem sucessão;;;1479
2025-08-01;voluntário;55426985000103;C CL CRS MINERACAO;Consumidor Livre;sem sucessão;;;1479
2025-08-01;voluntário;72058241000100;ALLTECH;Consumidor Livre;com sucessão completa;72058241000950;Consumidor Livre;1479
2025-09-01;voluntário;00907845000165;TE CONNECTIVITY;Consumidor Especial;com sucessão completa;00907845001560;Consumidor Livre;1484
2025-09-01;voluntário;01519101000136;ITAIGARA;Consumidor Especial;sem sucessão;;;1484
2025-09-01;voluntário;01760330000148;BESTMOLD ESP;Consumidor Especial;com sucessão completa;02577923000136;Consumidor Especial;1484
2025-09-01;voluntário;03488542000143;ATACK;Consumidor Especial;com sucessão completa;04240370005620;Consumidor Especial;1484
2025-09-01;voluntário;05100408000159;IBT PLASTICOS;Consumidor Especial;sem sucessão;;;1484
2025-09-01;voluntário;09303087000140;ECOVASO;Consumidor Especial;com sucessão completa;61064181000104;Consumidor Livre;1484
2025-09-01;voluntário;10331731000173;DPA NE GARANHUS;Consumidor Especial;com sucessão completa;14049467000130;Consumidor Especial;1484
2025-09-01;voluntário;11323246000110;PARK LAGOS;Consumidor Especial;com sucessão completa;34147021000156;Consumidor Livre;1484
2025-09-01;voluntário;21548940000190;EDIFICIO BARROS LOUREIRO;Consumidor Especial;sem sucessão;;;1484
2025-09-01;voluntário;36182063000153;ATHON;Comercializador;sem sucessão;;;1484
2025-09-01;voluntário;57008948000100;MORGANITE;Consumidor Especial;sem sucessão;;;1484
2025-09-01;voluntário;77770931000101;APOLO PALACE;Consumidor Especial;com sucessão completa;02895354000177;Consumidor Especial;1484
2025-10-01;voluntário;00017734000183;DRAKA;Consumidor Especial;com sucessão completa;61150751000260;Consumidor Livre;1489
2025-10-01;voluntário;00581440000180;FUNDICÃO SCOTTON;Consumidor Especial;com sucessão completa;60446768000115;Consumidor Livre;1489
2025-10-01;voluntário;04199497000170;HOTEL MANHATTAN;Consumidor Especial;sem sucessão;;;1489
2025-10-01;voluntário;04554671000155;MARONI CL 514;Consumidor Livre;sem sucessão;;;1489
2025-10-01;voluntário;05302946000126;MINERACAO IRMAOS CONCEICAO;Consumidor Livre;com sucessão completa;53650775000179;Consumidor Livre;1489
2025-10-01;voluntário;10540931000136;ALUXA CL 514;Consumidor Livre;sem sucessão;;;1489
2025-10-01;voluntário;10630396000104;MOBLES-LIVRE;Consumidor Livre;sem sucessão;;;1489
2025-10-01;voluntário;34059607000169;ITIQUIRA AGRO;Consumidor Livre;com sucessão financeira;57918155000129;Comercializador;1489
2025-10-01;voluntário;36093991000222;BRAVA FAZENDA BELEM;Consumidor Livre;com sucessão completa;44186763000144;Consumidor Livre;1489
2025-10-01;voluntário;37088707000101;COFARJA AMBIENTAL;Consumidor Livre;sem sucessão;;;1489
2025-10-01;voluntário;45990181002718;BOSCH ARATU;Consumidor Especial;com sucessão completa;60827251000176;Consumidor Livre;1489
2025-10-01;voluntário;51716173000141;C CL ENPLAST;Consumidor Livre;sem sucessão;;;1489
2025-10-01;voluntário;53340212000184;STA ALICE AGRO;Consumidor Especial;com sucessão financeira;57918155000129;Comercializador;1489
2025-10-01;voluntário;57543001000108;LARA CENTRAL;Consumidor Especial;sem sucessão;;;1489
2025-10-01;voluntário;61649810000168;CUTRALE I;Consumidor Livre;com sucessão financeira;57918155000129;Comercializador;1489
2025-10-01;voluntário;71304687005832;UTE CEDRO;Produtor Independente;com sucessão completa;58839646000147;Produtor Independente;1489
2025-10-01;voluntário;83310441002756;AURORA FASGO CL;Consumidor Livre;com sucessão completa;83310441000117;Consumidor Livre;1489
2025-10-01;voluntário;83310441006662;AURORA XAXIM;Consumidor Livre;com sucessão completa;83310441000117;Consumidor Livre;1489
2025-11-01;voluntário;01003352000163;BURITI SHOPPING AP GO;Consumidor Especial;com sucessão completa;01045156000151;Produtor Independente;1493
2025-11-01;voluntário;01227770000134;DI CARLO;Consumidor Especial;com sucessão completa;83011247000130;Consumidor Livre;1493
2025-11-01;voluntário;01592818000103;KNAUF AM;Consumidor Especial;com sucessão completa;01685556000121;Consumidor Especial;1493
2025-11-01;voluntário;04176513000109;CKBR BEBIDAS;Consumidor Livre;com sucessão completa;50221019000136;Consumidor Livre;1493
2025-11-01;voluntário;08753155000100;HM INDUSTRIA;Consumidor Especial;sem sucessão;;;1493
2025-11-01;voluntário;08976022000101;CEE;Não Agente;com sucessão completa;02474103000119;Produtor Independente;1493
2025-11-01;voluntário;09099926000150;BRASIL PARK SHOPPING;Consumidor Especial;com sucessão completa;08580662000190;Produtor Independente;1493
2025-11-01;voluntário;09850173000173;HOTEIS PERNAMBUCO;Consumidor Especial;sem sucessão;;;1493
2025-11-01;voluntário;19924949000106;SANCA JUNDIAI;Consumidor Especial;sem sucessão;;;1493
2025-11-01;voluntário;23571153000194;VALOREN ESP I1;Consumidor Livre;sem sucessão;;;1493
2025-11-01;voluntário;23821176000100;PROLUMINAS;Consumidor Especial;sem sucessão;;;1493
2025-11-01;voluntário;24157369000170;TECNOCOAT;Consumidor Especial;com sucessão completa;89772065000169;Consumidor Especial;1493
2025-11-01;voluntário;25582727000155;CEDRO SANTO;Consumidor Livre;com sucessão completa;17245234000100;Consumidor Livre;1493
2025-11-01;voluntário;26193183000100;SANCA SUMARE;Consumidor Especial;sem sucessão;;;1493
2025-11-01;voluntário;39364696000170;UFV BRAFISH USINA;Autoprodutor;com sucessão completa;15452593000102;Consumidor Especial;1493
2025-11-01;voluntário;44269579000320;SEISA;Consumidor Especial;com sucessão completa;44269579000168;Consumidor Livre;1493
2025-11-01;voluntário;62647052000292;OWENS CORNING;Consumidor Livre;com sucessão completa;61068378000111;Consumidor Livre;1493
2025-12-01;voluntário;00680516000124;AVON;Consumidor Especial;com sucessão completa;71673990000177;Consumidor Especial;1497
2025-12-01;voluntário;00849898000509;ENDUTEX FILIAL;Consumidor Especial;com sucessão completa;00849898000177;Consumidor Especial;1497
2025-12-01;voluntário;00959825000138;CAMIL MIN;Consumidor Especial;com sucessão completa;44026037000164;Consumidor Especial;1497
2025-12-01;voluntário;01982131000184;AGRO LOCKS;Consumidor Especial;sem sucessão;;;1497
2025-12-01;voluntário;03113347000139;MINERACAO ITAIPU;Consumidor Especial;com sucessão completa;44026037000164;Consumidor Especial;1497
2025-12-01;voluntário;05210535000100;LAGES BIOENERG;Produtor Independente;com sucessão completa;00350763000162;Produtor Independente;1497
2025-12-01;voluntário;07650490000110;ASJA ITALIA;Produtor Independente;sem sucessão;;;1497
2025-12-01;voluntário;07695457000107;ASJA BRASIL;Produtor Independente;sem sucessão;;;1497
2025-12-01;voluntário;08779302000111;RED SEAS INVESTIMENTOS;Consumidor Livre;com sucessão completa;59985172000104;Consumidor Livre;1497
2025-12-01;voluntário;09301520000109;IGUATEMI BRASILIA;Consumidor Livre;com sucessão completa;34046469000183;Consumidor Livre;1497
2025-12-01;voluntário;09307345000167;PERCI REIS CL;Consumidor Livre;sem sucessão;;;1497
2025-12-01;voluntário;10303524000105;UNIPLAST;Consumidor Especial;com sucessão completa;19963329000186;Consumidor Livre;1497
2025-12-01;voluntário;11780083000103;MOINHO ANTONIAZZI;Consumidor Especial;com sucessão completa;95597647000159;Consumidor Especial;1497
2025-12-01;voluntário;12005956000165;KINEA;Consumidor Livre;com sucessão completa;61661581000105;Consumidor Livre;1497
2025-12-01;voluntário;12985985000130;MASTEROFFICE;Consumidor Especial;com sucessão completa;05110148000100;Consumidor Especial;1497
2025-12-01;voluntário;18645875000106;BIO COSTA PINTO;Produtor Independente;com sucessão completa;08070508012184;Produtor Independente;1497
2025-12-01;voluntário;18686104000167;BIO JATAI;Produtor Independente;com sucessão completa;08070508016767;Produtor Independente;1497
2025-12-01;voluntário;25318241000104;MELPLAS;Consumidor Especial;sem sucessão;;;1497
2025-12-01;voluntário;42180406000143;GUERBET;Consumidor Especial;com sucessão completa;30153811000517;Consumidor Livre;1497
2025-12-01;voluntário;51327443000122;C CE SUPERMERCADOS UNION;Consumidor Especial;sem sucessão;;;1497
2025-12-01;voluntário;61064929000179;DUPONT;Consumidor Especial;com sucessão completa;61064929003780;Consumidor Especial;1497
2025-12-01;voluntário;89943849000293;AGROBELLA ESPECIAL;Consumidor Especial;sem sucessão;;;1493
2025-12-01;voluntário;96288675000157;MADEPAR;Consumidor Livre;com sucessão completa;62406257000103;Consumidor Especial;1497
2026-01-01;compulsório;01098983000103;PAQUETA CALCADOS;Consumidor Especial;sem sucessão;;;1495
2026-01-01;voluntário;01086379000167;SHOP FIESTA;Consumidor Especial;sem sucessão;;;1503
2026-01-01;voluntário;02649005000175;CALTINS CL;Consumidor Livre;sem sucessão;;;1503
2026-01-01;voluntário;04205212000166;CICLOACO CL 514;Consumidor Livre;sem sucessão;;;1503
2026-01-01;voluntário;04238277000108;LAMERICA SHOPPING;Consumidor Especial;sem sucessão;;;1503
2026-01-01;voluntário;04341311000175;DRYWOOD - CATARINENSE CL 514;Consumidor Livre;sem sucessão;;;1503
2026-01-01;voluntário;05683638000198;NATICAL CL;Consumidor Livre;sem sucessão;;;1503
2026-01-01;voluntário;07324846000126;EMBALIFE CL 514;Consumidor Livre;sem sucessão;;;1503
2026-01-01;voluntário;07352077000170;TCI INDUSTRIA;Consumidor Livre;sem sucessão;;;1503
2026-01-01;voluntário;08133315000119;ARQUA CL;Consumidor Livre;sem sucessão;;;1503
2026-01-01;voluntário;08466520000104;CORUMBA III UC CL 514;Consumidor Livre;sem sucessão;;;1503
2026-01-01;voluntário;08720614000150;BEMISA HOLDING;Consumidor Livre;com sucessão completa;00514998000142;Consumidor Livre;1503
2026-01-01;voluntário;08733698000832;SONDA PROCWORK INFO CL 514;Consumidor Livre;sem sucessão;;;1503
2026-01-01;voluntário;08886407000170;MINERAX CL;Consumidor Livre;sem sucessão;;;1503
2026-01-01;voluntário;09000493000215;HORTUS CL 514;Consumidor Livre;sem sucessão;;;1503
2026-01-01;voluntário;09104182000115;MDF;Consumidor Livre;com sucessão completa;67620377000114;Consumidor Especial;1503
2026-01-01;voluntário;10274782000100;SANTINELLI CL;Consumidor Livre;sem sucessão;;;1503
2026-01-01;voluntário;10363353000290;AGRO FRANÇOLIN;Consumidor Especial;sem sucessão;;;1503
2026-01-01;voluntário;11317530000184;VIRTUS ALIMENTOS CL 514;Consumidor Livre;sem sucessão;;;1503
2026-01-01;voluntário;14483137000230;DONGWON SUL CL 514;Consumidor Livre;sem sucessão;;;1503
2026-01-01;voluntário;15431151000171;NBR PLASTICOS CL 514;Consumidor Livre;sem sucessão;;;1503
2026-01-01;voluntário;16896097000100;SUPERCAL JDMITO CL;Consumidor Livre;sem sucessão;;;1503
2026-01-01;voluntário;18044490000193;HOTEL SAO PAULO ADM CL 514;Consumidor Livre;sem sucessão;;;1503
2026-01-01;voluntário;18782166000172;IBR CL 514;Consumidor Livre;sem sucessão;;;1503
2026-01-01;voluntário;18794615000100;BIO RAFARD;Produtor Independente;com sucessão completa;08070508012265;Produtor Independente;1503
2026-01-01;voluntário;21153060000114;SHOPPING BURITI MOGI;Consumidor Especial;com sucessão completa;08406122000194;Produtor Independente;1503
2026-01-01;voluntário;22480639000154;GR LOUVEIRA CL 514;Consumidor Livre;sem sucessão;;;1503
2026-01-01;voluntário;24120893000177;CB ANHEMBI CL;Consumidor Livre;sem sucessão;;;1503
2026-01-01;voluntário;33016494000151;DULOREN CL 514;Consumidor Livre;sem sucessão;;;1503
2026-01-01;voluntário;33726828000180;FORMACAL CL;Consumidor Livre;sem sucessão;;;1503
2026-01-01;voluntário;41868686000114;DUOPLASTIC;Consumidor Especial;sem sucessão;;;1504
2026-01-01;voluntário;42200550000102;COGUMELO IND;Consumidor Especial;com sucessão completa;59023777000114;Consumidor Livre;1503
2026-01-01;voluntário;42667939000154;LOG MACEIO SPE;Consumidor Livre;com sucessão completa;60996545000121;Consumidor Livre;1503
2026-01-01;voluntário;44603447000120;AMPHENOL CL 514;Consumidor Livre;sem sucessão;;;1503
2026-01-01;voluntário;49324221002077;FRESENIUS ANÁPOLIS;Consumidor Especial;com sucessão completa;59088333000167;Consumidor Especial;1497
2026-01-01;voluntário;53831285000179;OLIVETTI CL 514;Consumidor Livre;sem sucessão;;;1503
2026-01-01;voluntário;56776776000152;FUMINAS;Consumidor Livre;sem sucessão;;;1503
2026-01-01;voluntário;59852434000162;GARDENSHOPPINGCATANDUVACL514;Consumidor Livre;sem sucessão;;;1503
2026-01-01;voluntário;60194990000844;HOSPITAL MADRE TERESA CL;Consumidor Livre;sem sucessão;;;1503
2026-01-01;voluntário;68618727000170;IBP;Consumidor Livre;sem sucessão;;;1503
2026-01-01;voluntário;72322811000110;JHOVINI MOVEIS 2 CL 514;Consumidor Livre;sem sucessão;;;1503
2026-01-01;voluntário;88671151000112;GREPAR CL 514;Consumidor Livre;sem sucessão;;;1503
2026-01-01;voluntário;91933358000122;RONDOSUL CL;Consumidor Livre;sem sucessão;;;1503
2026-02-01;voluntário;01906571000152;INJEPAR CL;Consumidor Livre;sem sucessão;;;1510
2026-02-01;voluntário;02957104000114;CORRECTA;Consumidor Especial;com sucessão completa;84046101000193;Consumidor Livre;1510
2026-02-01;voluntário;02957104001277;CORRECTA PP CL;Consumidor Livre;com sucessão completa;84046101000193;Consumidor Livre;1510
2026-02-01;voluntário;03278247000162;LATICINIOSMONTECELESTECL514;Consumidor Livre;sem sucessão;;;1510
2026-02-01;voluntário;03440865000167;C CL BERCAMP ALIMENTOS;Consumidor Livre;com sucessão completa;54678260000140;Consumidor Livre;1510
2026-02-01;voluntário;03647022000136;BREVIL;Consumidor Especial;sem sucessão;;;1510
2026-02-01;voluntário;03953509000147;CPFL GERACAO C 1;Não Agente;com sucessão completa;04973790000142;Comercializador;1510
2026-02-01;voluntário;04484640000175;ADEX CL 514;Consumidor Livre;sem sucessão;;;1503
2026-02-01;voluntário;04997059000157;C CL TRADECORP;Consumidor Livre;sem sucessão;;;1510
2026-02-01;voluntário;05373130000193;ANIMA CATALANA;Consumidor Especial;com sucessão completa;03099921000141;Consumidor Especial;1510
2026-02-01;voluntário;06034927000129;MOBLER CL 514;Consumidor Livre;sem sucessão;;;1510
2026-02-01;voluntário;07629404000198;NATULACT;Consumidor Livre;com sucessão completa;02089969005507;Consumidor Livre;1510
2026-02-01;voluntário;07799905000112;C CE DVILLE UBERLANDIA CL 514;Consumidor Livre;sem sucessão;;;1510
2026-02-01;voluntário;08175409000150;DEFENDI DO BRASIL;Consumidor Especial;sem sucessão;;;1510
2026-02-01;voluntário;10296767000163;PACTUAL;Consumidor Especial;sem sucessão;;;1510
2026-02-01;voluntário;11028144000172;CAVALCANTI INDUSTRIA CL 514;Consumidor Livre;sem sucessão;;;1510
2026-02-01;voluntário;13004510000189;BOMPRECO NE;Consumidor Especial;com sucessão completa;45543915000181;Consumidor Especial;1510
2026-02-01;voluntário;14800315000128;SS SHOES CL 514;Consumidor Livre;com sucessão completa;15918230000101;Consumidor Livre;1510
2026-02-01;voluntário;16440299000135;SANTA EMILIA;Consumidor Livre;com sucessão completa;02284062000106;Consumidor Especial;1510
2026-02-01;voluntário;17122802000177;GIGA-MULTI ESPECIAL;Consumidor Especial;com sucessão completa;59717553001699;Consumidor Especial;1510
2026-02-01;voluntário;19385509000128;ISEL USINAGEM;Consumidor Especial;sem sucessão;;;1510
2026-02-01;voluntário;21580469000117;AGRIMIG TESTE;Consumidor Livre;sem sucessão;;;1510
2026-02-01;voluntário;23083841000105;FAZENDA TREVISAN CL 514;Consumidor Livre;sem sucessão;;;1510
2026-02-01;voluntário;27461277000178;ALFLEX;Consumidor Especial;sem sucessão;;;1510
2026-02-01;voluntário;28573561000107;CB BH CL;Consumidor Livre;sem sucessão;;;1510
2026-02-01;voluntário;30997905000149;SPPV;Produtor Independente;com sucessão completa;09769035000164;Consumidor Especial;1510
2026-02-01;voluntário;33842174000150;UNIAO TOYS;Consumidor Livre;sem sucessão;;;1510
2026-02-01;voluntário;49425259000173;DENTSPLY;Consumidor Especial;com sucessão completa;31116239000155;Consumidor Livre;1510
2026-02-01;voluntário;61106043000140;CASP CL 514;Consumidor Livre;sem sucessão;;;1510
2026-02-01;voluntário;63554067041030;HAPVIDA ASSISTENCIA MEDICA;Consumidor Especial;com sucessão completa;63554067000198;Consumidor Especial;1510
2026-02-01;voluntário;76518836000144;ARAUCO;Consumidor Livre;com sucessão completa;00606549000124;Consumidor Livre;1510
2026-02-01;voluntário;76639798000188;SHOPSAOJOSE;Consumidor Especial;com sucessão completa;63228553000116;Consumidor Livre;1510
2026-02-01;voluntário;76814284000111;CHANTELLE TINTURARIA CL 514;Consumidor Livre;sem sucessão;;;1510
2026-02-01;voluntário;84933118000162;BATTISTELLA;Consumidor Especial;sem sucessão;;;1503
2026-03-01;compulsório;10851805000100;FLEX CONTACT CENTER;Consumidor Especial;sem sucessão;;;1506
2026-03-01;voluntário;00085740000330;TRIGO & CIA;Consumidor Especial;com sucessão completa;21362359000189;Consumidor Livre;1515
2026-03-01;voluntário;00713282000174;PERSONALGLASS;Consumidor Livre;com sucessão completa;62723996000110;Consumidor Livre;1515
2026-03-01;voluntário;00915958000102;NEGREIRA PLASTICOS CL 514;Consumidor Livre;sem sucessão;;;1503
2026-03-01;voluntário;02415328000102;CONSULTATUM;Consumidor Especial;sem sucessão;;;1515
2026-03-01;voluntário;03266173000144;INDUPLAST;Consumidor Especial;sem sucessão;;;1515
2026-03-01;voluntário;03891153000164;CCEB;Consumidor Especial;sem sucessão;;;1515
2026-03-01;voluntário;05089265000121;SCANCOM;Consumidor Especial;sem sucessão;;;1515
2026-03-01;voluntário;05575629000183;C CE CHIPI IMPLEMENTOS;Consumidor Especial;sem sucessão;;;1515
2026-03-01;voluntário;06697090000289;TRC AGROFLORESTAL CL 514;Consumidor Livre;sem sucessão;;;1515
2026-03-01;voluntário;06886411000102;SUCESSO I5;Consumidor Livre;sem sucessão;;;1510
2026-03-01;voluntário;07408983000149;SUPERMERCADO BANDEIRANTE LIVRE;Consumidor Livre;sem sucessão;;;1515
2026-03-01;voluntário;08420368000110;CEMTRA CL 514;Consumidor Livre;sem sucessão;;;1515
2026-03-01;voluntário;09437632000191;CAMPESTRINI;Consumidor Especial;sem sucessão;;;1515
2026-03-01;voluntário;10353009000130;CBG MÓVEIS;Consumidor Especial;sem sucessão;;;1515
2026-03-01;voluntário;13536632000116;NORDEX CL 514;Consumidor Livre;sem sucessão;;;1515
2026-03-01;voluntário;15527906003666;RAIZEN CS LEME;Produtor Independente;com sucessão completa;62232527000107;Produtor Independente;1515
2026-03-01;voluntário;19278207000150;SOLAR MOVEIS MATRIZ CL 514;Consumidor Livre;sem sucessão;;;1503
2026-03-01;voluntário;26683626000133;SUNTEX;Consumidor Especial;sem sucessão;;;1497
2026-03-01;voluntário;28461934000140;HBR 39 - CE;Consumidor Especial;com sucessão completa;57579700000108;Consumidor Especial;1515
2026-03-01;voluntário;29135795000208;UNIMED - NOVA FRIBURGO CL 514;Consumidor Livre;sem sucessão;;;1515
2026-03-01;voluntário;34886132000184;GRANDE SERTÃO II;Produtor Independente;com sucessão completa;35718613000143;Comercializador;1515
2026-03-01;voluntário;39508838000126;PARATY GERACAO;Comercializador;sem sucessão;;;1515
2026-03-01;voluntário;39952546000188;VALLOUREC - TAUBATE E PECAS;Consumidor Especial;sem sucessão;;;1515
2026-03-01;voluntário;44373108000103;UTE CANAA;Produtor Independente;com sucessão completa;52877188000154;Produtor Independente;1515
2026-03-01;voluntário;44509544000230;AQUIRAZ;Consumidor Livre;com sucessão completa;03282301000143;Consumidor Especial;1515
2026-03-01;voluntário;46096012000162;CMC;Consumidor Especial;sem sucessão;;;1515
2026-03-01;voluntário;52004535000134;RAIZEN POWER GESTAO;Não Agente;sem sucessão;;;1515
2026-03-01;voluntário;52017035000137;MHM;Consumidor Especial;sem sucessão;;;1515
2026-03-01;voluntário;56304155000176;BALTIMORE FUND ES;Consumidor Especial;sem sucessão;;;1515
2026-03-01;voluntário;79536553000113;PATIO BATEL;Consumidor Livre;com sucessão completa;63617093000118;Consumidor Livre;1515
2026-03-01;voluntário;80730054000141;CEREALISTA MARX;Consumidor Especial;com sucessão completa;03470626000150;Consumidor Livre;1510
2026-03-01;voluntário;81739633000118;FIASINI;Consumidor Especial;com sucessão completa;79460192000179;Consumidor Especial;1515
2026-04-01;voluntário;07884489000150;HOLANDA;Consumidor Especial;sem sucessão;;;1520
2026-04-01;voluntário;09041168000110;LOG COMMERCIAL;Consumidor Livre;com sucessão completa;30849161000115;Consumidor Livre;1520
2026-04-01;voluntário;12116917000135;TERRA WAY ESPECIAL;Consumidor Especial;sem sucessão;;;1520
2026-04-01;voluntário;12437849000106;EDRE - BR;Comercializador;sem sucessão;;;1520
2026-04-01;voluntário;13596646000125;SERRAINOX;Consumidor Livre;sem sucessão;;;1520
2026-04-01;voluntário;15419921000160;LOG RP SPE;Consumidor Livre;com sucessão completa;64954002000100;Consumidor Livre;1520
2026-04-01;voluntário;19641539000158;MODULO EMBALAGENS;Consumidor Especial;com sucessão completa;10601662000251;Consumidor Livre;1520
2026-04-01;voluntário;24450473000159;SEPEX;Consumidor Especial;com sucessão completa;57158205000460;Consumidor Especial;1520
2026-04-01;voluntário;25452301000500;SOCIEDADE EDUC UBERABENSE;Consumidor Livre;com sucessão completa;25452301000187;Consumidor Livre;1520
2026-04-01;voluntário;38652462000166;SFBC;Consumidor Especial;com sucessão completa;16404287000155;Autoprodutor;1520
2026-04-01;voluntário;45424650000100;ARAPUA II SPE;Produtor Independente;com sucessão completa;07040108000157;Consumidor Livre;1520
2026-04-01;voluntário;45424659000103;ARAPUA I SPE;Produtor Independente;com sucessão completa;07040108000157;Consumidor Livre;1520
2026-04-01;voluntário;51747409000107;LSI BRASIL;Consumidor Livre;sem sucessão;;;1520
2026-04-01;voluntário;71677710000107;CERAMICA GIATEX;Consumidor Livre;sem sucessão;;;1520
2026-04-01;voluntário;83367342000767;HOSP ADVENTISTA MANAUS;Consumidor Especial;com sucessão completa;52180905000275;Consumidor Livre;1520
2026-04-01;voluntário;91359711000102;TANAC;Consumidor Livre;sem sucessão;;;1510
2026-04-01;voluntário;97525711000111;APARECIDA SHOPPING ESP;Consumidor Especial;com sucessão completa;28229238000102;Consumidor Livre;1520
2026-05-01;compulsório;07298835000119;COENERGY;Comercializador;sem sucessão;;;1520
2026-05-01;compulsório;18634114000159;MIZHA;Comercializador;sem sucessão;;;1520
2026-05-01;compulsório;21642355000154;ARGON;Comercializador;sem sucessão;;;1520
2026-05-01;compulsório;30076920000154;RADIX ENERGIA;Comercializador;sem sucessão;;;1520
2026-05-01;compulsório;32783106000103;W7;Comercializador;sem sucessão;;;1520
2026-05-01;compulsório;35356318000194;TECNOGERA COM;Comercializador;sem sucessão;;;1521
2026-05-01;compulsório;41370218000115;BOMJESUSENERGIA;Produtor Independente;sem sucessão;;;1520
2026-05-01;voluntário;04239719000130;AGROARACA;Consumidor Especial;com sucessão completa;77752293000198;Consumidor Livre;1525
2026-05-01;voluntário;04712800000781;THOR - PEDREIRA URUOCA;Consumidor Livre;com sucessão completa;31023302000109;Consumidor Especial;1525
2026-05-01;voluntário;04835346000160;TEXA ESPECIAL;Consumidor Especial;sem sucessão;;;1515
2026-05-01;voluntário;17515951000104;OURO GRANDYS;Consumidor Livre;sem sucessão;;;1525
2026-05-01;voluntário;18096998000135;GSI BRASIL CL 514;Consumidor Livre;com sucessão completa;10461787000142;Consumidor Livre;1525
2026-05-01;voluntário;24878689000110;LEPAN CL;Consumidor Livre;sem sucessão;;;1525
2026-05-01;voluntário;24991149000148;HBR 35;Consumidor Especial;com sucessão completa;50561254000157;Consumidor Livre;1525
2026-05-01;voluntário;27851900000107;EOL TAIBA;Produtor Independente;sem sucessão;;;1525
2026-05-01;voluntário;44504092000112;TARUGOL;Consumidor Livre;com sucessão completa;65255086000149;Consumidor Livre;1525
2026-05-01;voluntário;46742300000147;COPERFIL I5;Consumidor Especial;sem sucessão;;;1525
2026-05-01;voluntário;49028814000123;VENTURINI;Consumidor Especial;sem sucessão;;;1525
2026-05-01;voluntário;52485260000106;RCM EMBALAGENS;Consumidor Livre;sem sucessão;;;1525
2026-05-01;voluntário;59403170000160;CERMACOL INDUSTRIA;Consumidor Especial;sem sucessão;;;1525
2026-05-01;voluntário;60209978000190;FDSS ENERGIA I5;Produtor Independente;com sucessão completa;65835937000122;Produtor Independente;1525
2026-05-01;voluntário;60552098000111;HOSP JAPONES STA CRUZ;Consumidor Especial;sem sucessão;;;1525
2026-05-01;voluntário;61129268000112;VENTISILVA;Consumidor Especial;sem sucessão;;;1525
2026-05-01;voluntário;61150751000260;PRYSMIAN CABOS JOINVILLE;Consumidor Livre;com sucessão completa;61150751003366;Consumidor Livre;1525
2026-05-01;voluntário;62406257000103;IRIS PAPEIS CE;Consumidor Especial;sem sucessão;;;1525
2026-05-01;voluntário;88301155002071;MOINHOS CRUZEI;Consumidor Especial;com sucessão completa;84046101000193;Consumidor Livre;1525
2026-05-01;voluntário;88301155002152;MOINHOS BELEM CL;Consumidor Livre;com sucessão completa;84046101000193;Consumidor Livre;1525
2026-05-01;voluntário;88301155002314;MOINHOS SAO LUIS;Consumidor Especial;com sucessão completa;84046101000193;Consumidor Livre;1525
2026-06-01;voluntário;01246955000196;PAM CL;Consumidor Livre;sem sucessão;;;1530
2026-06-01;voluntário;01498525000161;SANMINA;Consumidor Especial;sem sucessão;;;1530
2026-06-01;voluntário;01904720000144;LIFE INDUST CL 514;Consumidor Livre;sem sucessão;;;1530
2026-06-01;voluntário;02080184000172;BONNEVILLE CL 514;Consumidor Livre;sem sucessão;;;1530
2026-06-01;voluntário;03476643000102;VALE DO TIBAGI;Consumidor Especial;sem sucessão;;;1530
2026-06-01;voluntário;04302037000125;UNG MATRIZ CL 514;Consumidor Livre;sem sucessão;;;1530
2026-06-01;voluntário;05334452000123;GRIFO;Comercializador;sem sucessão;;;1530
2026-06-01;voluntário;05474470000100;CENESUPCL 514 23;Consumidor Livre;sem sucessão;;;1530
2026-06-01;voluntário;05933016000170;ICES;Consumidor Especial;sem sucessão;;;1530
2026-06-01;voluntário;06787789000159;SESPS MATRIZ CL 514;Consumidor Livre;sem sucessão;;;1530
2026-06-01;voluntário;07129057000134;HLMM;Consumidor Livre;com sucessão completa;29877151000104;Consumidor Especial;1530
2026-06-01;voluntário;09182217000134;CAUCAIA MIX CL 514;Consumidor Livre;sem sucessão;;;1530
2026-06-01;voluntário;14205729000109;CPFL BIOESTER;Produtor Independente;com sucessão completa;11631681000102;Produtor Independente;1530
2026-06-01;voluntário;26813109000131;C CE BBM FRIGOJALES;Consumidor Especial;sem sucessão;;;1530
2026-06-01;voluntário;27777903000130;USINA PAINEIRAS CL 514;Consumidor Livre;sem sucessão;;;1515
2026-06-01;voluntário;28602407000108;PRONTO BABY;Consumidor Especial;sem sucessão;;;1510
2026-06-01;voluntário;32697294000149;ABES MATRIZ;Consumidor Especial;sem sucessão;;;1530
2026-06-01;voluntário;35709450000132;DSI;Consumidor Especial;com sucessão completa;24073694000155;Consumidor Especial;1530
2026-06-01;voluntário;38349812000110;PEPCOL;Consumidor Livre;com sucessão completa;55407134000113;Consumidor Livre;1530
2026-06-01;voluntário;38441355000199;KRONA ULTRATERM;Consumidor Livre;sem sucessão;;;1530
2026-06-01;voluntário;48409322000115;LOG SAO BERNARDO DO CAMPO SPE;Consumidor Livre;com sucessão completa;64216333000135;Consumidor Livre;1530
2026-06-01;voluntário;53408860000125;SAO LUIZ I5;Autoprodutor;com sucessão completa;45728543000168;Produtor Independente;1530
2026-06-01;voluntário;55851536000102;TGR 11 COM;Comercializador;com sucessão completa;55851516000131;Comercializador;1530
2026-06-01;voluntário;62723996000110;VETRO;Consumidor Livre;com sucessão completa;00713282000174;Consumidor Livre;1530
2026-06-01;voluntário;67405936000173;PEUGEOT CPPR;Consumidor Livre;com sucessão completa;16701716000156;Consumidor Livre;1530
2026-06-01;voluntário;76694983000175;SHOPPING MUELLER;Consumidor Especial;com sucessão completa;65990090000150;Consumidor Livre;1530
2026-06-01;voluntário;85242717000100;SPILLERE;Consumidor Livre;sem sucessão;;;1530
2026-06-01;voluntário;88301155002233;M CRUZEIRO PE CL;Consumidor Livre;com sucessão completa;84046101000193;Consumidor Livre;1530
2026-07-01;voluntário;00788698000151;MOINHO HORTO;Consumidor Especial;com sucessão completa;34781808000175;Consumidor Livre;1537
2026-07-01;voluntário;04528732000100;POSTO NOVA BARRA;Consumidor Especial;sem sucessão;;;1537
2026-07-01;voluntário;05959604000264;ROHDEN VIDROS II;Consumidor Especial;sem sucessão;;;1537
2026-07-01;voluntário;07640211000138;MIRALHA CAMARGO;Consumidor Especial;sem sucessão;;;1537
2026-07-01;voluntário;08686470000162;AGROGLOBAL;Consumidor Livre;com sucessão completa;09203491000142;Consumidor Especial;1537
2026-07-01;voluntário;09248966000117;FRIG SAO FRANCISCO CL 514;Consumidor Livre;sem sucessão;;;1537
2026-07-01;voluntário;10647644000120;YACHIYO CL 514;Consumidor Livre;sem sucessão;;;1537
2026-07-01;voluntário;12809025000543;PRIME ENERGY - MOSSORO;Comercializador;sem sucessão;;;1537
2026-07-01;voluntário;17040615000144;PRIME ENERGY CON;Comercializador;sem sucessão;;;1537
2026-07-01;voluntário;17127916000100;BRR RECICLAGEM;Consumidor Especial;com sucessão completa;58344310000103;Consumidor Especial;1537
2026-07-01;voluntário;20276483000320;SHIBATASJC;Consumidor Especial;com sucessão completa;20276483000169;Consumidor Especial;1537
2026-07-01;voluntário;24692714000176;BELA SEMENTES;Consumidor Especial;sem sucessão;;;1537
2026-07-01;voluntário;26504616000193;NORDPLAST ALEXSANDRO;Consumidor Especial;com sucessão completa;43138014000189;Consumidor Livre;1537
2026-07-01;voluntário;29813116000121;FORTE COM;Comercializador;sem sucessão;;;1537
2026-07-01;voluntário;44203391000117;DB DIAGNOSTICOS MG;Consumidor Livre;com sucessão completa;12433420000140;Consumidor Especial;1537
2026-07-01;voluntário;49157120000196;DB DIAGNOSTICOS RJ;Consumidor Livre;com sucessão completa;12433420000140;Consumidor Especial;1537
2026-07-01;voluntário;81257156000154;HOTEL BELLA ITALIA;Consumidor Especial;sem sucessão;;;1537
2026-07-01;voluntário;83616185000190;ATACADO RWR;Consumidor Especial;com sucessão completa;76189406000126;Consumidor Especial;1537
2026-08-01;voluntário;05247215000125;N M TEXTIL;Consumidor Especial;sem sucessão;;;1542
2026-08-01;voluntário;08211330000138;PMI MANAUS;Consumidor Especial;sem sucessão;;;1542
2026-08-01;voluntário;09486019000164;THERESINA HALL;Consumidor Especial;com sucessão completa;05520243000174;Consumidor Especial;1542
2026-08-01;voluntário;43282374000150;CHLORUM GUAIBA CL;Consumidor Livre;com sucessão completa;20034081000158;Consumidor Livre;1542
2026-08-01;voluntário;43679858000137;CHLORUM PALMEIRA;Consumidor Livre;com sucessão completa;20034081000158;Consumidor Livre;1542
2026-08-01;voluntário;49926349000148;LISARB COMERCIALIZADORA;Comercializador;sem sucessão;;;1542
2026-08-01;voluntário;83310441011070;AURORA GM;Consumidor Livre;com sucessão completa;83310441000117;Consumidor Livre;1542
2026-09-01;compulsório;08915713000359;FRIG VALENCIO JATAI;Consumidor Especial;sem sucessão;;;1538
2026-09-01;compulsório;09541336000136;IBITIUVA;Produtor Independente;sem sucessão;;;1538
2026-09-01;compulsório;41545136000164;APT ATACADISTA;Comercializador;sem sucessão;;;1538
2026-09-01;voluntário;09110880000123;GERANORTE;Produtor Independente;com sucessão completa;04423567000121;Comercializador;1548
2026-09-01;voluntário;10403719000127;ABM MATRIZ;Comercializador;sem sucessão;;;1548
2026-09-01;voluntário;19926069000179;CHAMAPE CL;Consumidor Livre;sem sucessão;;;1548
2026-09-01;voluntário;38015759000110;PCH SALGADO;Produtor Independente;sem sucessão;;;1520
2026-09-01;voluntário;43919968000129;ACOTUBO - ARTEX;Consumidor Especial;com sucessão completa;33150053000148;Consumidor Livre;1548
2026-09-01;voluntário;45909945000169;LOG CUIABA SPE;Consumidor Livre;sem sucessão;;;1548
2026-09-01;voluntário;57247834000113;JULY MINERACAO JUAZEIRO ATAC;Consumidor Especial;com sucessão completa;01161729000102;Consumidor Especial;1548
