cnpj;sigla;mes;ins_pct;iab_pct;ico_pct;ins_cheio_pct;iab_cheio_pct;ico_cheio_pct;ins_cumpre;iab_cumpre;ico_cumpre;chamadas_oferecidas;chamadas_ocupadas;chamadas_atendidas;chamadas_abandonadas;chamadas_oferecidas_cheio;chamadas_ocupadas_cheio;chamadas_atendidas_cheio;chamadas_abandonadas_cheio
01543032000104;EQUATORIAL GO;2014-01;81.1534;7.8356;26.4708;71.9679;13.293;33.1114;0;0;0;677920.0;179451.0;435687.0;62782.0;981824.0;325096.0;531010.0;125718.0
01543032000104;EQUATORIAL GO;2014-02;91.5339;2.7571;1.807;89.6048;3.7245;8.0097;1;1;1;396244.0;7160.0;366489.0;22595.0;445271.0;35665.0;380271.0;29335.0
01543032000104;EQUATORIAL GO;2014-03;89.0872;3.7847;1.7551;85.7004;5.628;4.2846;1;1;1;466977.0;8196.0;425538.0;33243.0;531060.0;22754.0;459280.0;49026.0
01543032000104;EQUATORIAL GO;2014-04;96.8102;0.7784;0.6255;94.9264;1.7048;3.8157;1;1;1;390576.0;2443.0;377288.0;10845.0;429830.0;16401.0;396235.0;17194.0
01543032000104;EQUATORIAL GO;2014-05;99.0847;0.1996;0.0;98.5962;0.3552;0.0076;1;1;1;334859.0;0.0;329939.0;4920.0;343142.0;26.0;337160.0;5956.0
01543032000104;EQUATORIAL GO;2014-06;99.3066;0.1945;0.1939;98.9067;0.3464;0.9412;1;1;1;300119.0;582.0;295060.0;4477.0;304279.0;2864.0;296325.0;5090.0
01543032000104;EQUATORIAL GO;2014-07;93.3451;1.8834;3.3933;90.8501;3.1263;6.7997;1;1;0;379396.0;12874.0;351587.0;14935.0;423063.0;28767.0;371407.0;22889.0
01543032000104;EQUATORIAL GO;2014-08;97.3146;0.7179;0.0;97.0964;0.8343;0.0;1;1;1;332768.0;0.0;324978.0;7790.0;335095.0;0.0;326743.0;8352.0
01543032000104;EQUATORIAL GO;2014-09;87.1538;3.9949;26.0711;79.3598;8.367;39.0735;1;1;0;553897.0;144407.0;378356.0;31134.0;855190.0;334153.0;451714.0;69323.0
01543032000104;EQUATORIAL GO;2014-10;69.6937;13.7337;38.9294;63.5856;17.4751;42.9417;0;0;0;775831.0;302026.0;382251.0;91554.0;1092658.0;469206.0;476757.0;146695.0
01543032000104;EQUATORIAL GO;2014-11;51.6819;24.9496;50.3315;47.6272;28.5754;48.325;0;0;0;1034328.0;520593.0;357538.0;156197.0;1127072.0;544657.0;382883.0;199532.0
01543032000104;EQUATORIAL GO;2014-12;80.4661;10.6239;12.5627;69.8455;18.4862;11.3563;0;0;0;501978.0;63062.0;378077.0;60839.0;627381.0;71247.0;429509.0;126625.0
01543032000104;EQUATORIAL GO;2015-01;65.6656;18.027;4.3318;54.4196;26.1176;5.2964;0;0;0;498043.0;21574.0;368736.0;107733.0;800481.0;42397.0;520597.0;237487.0
01543032000104;EQUATORIAL GO;2015-02;38.0947;36.3159;25.3381;31.6215;44.0595;31.1763;0;0;0;857798.0;217350.0;262032.0;164300.0;1233147.0;384449.0;323559.0;278343.0
01543032000104;EQUATORIAL GO;2015-03;57.4458;19.5863;5.9013;56.326;20.519;5.9462;0;0;0;745294.0;43982.0;375660.0;102577.0;771901.0;45899.0;385017.0;111237.0
01543032000104;EQUATORIAL GO;2015-04;79.4138;5.4236;0.314;78.6526;5.9071;0.8521;0;0;1;690219.0;2167.0;386323.0;26205.0;703578.0;5995.0;389332.0;28719.0
01543032000104;EQUATORIAL GO;2015-05;75.8418;3.7375;0.0;75.4113;3.9803;0.0;0;1;1;321610.0;0.0;306851.0;14759.0;325926.0;0.0;310134.0;15792.0
01543032000104;EQUATORIAL GO;2015-06;90.6643;0.4753;0.0059;90.6111;0.5179;0.0058;1;1;1;460422.0;27.0;311972.0;2539.0;462009.0;27.0;312511.0;2694.0
01543032000104;EQUATORIAL GO;2015-07;85.9701;1.9684;0.0305;85.7177;2.0248;0.0303;1;1;1;484789.0;148.0;315408.0;7989.0;488050.0;148.0;316982.0;8261.0
01543032000104;EQUATORIAL GO;2015-08;87.1916;2.8015;0.0002;86.9204;2.9426;0.0002;1;1;1;426327.0;1.0;288802.0;10189.0;428566.0;1.0;289564.0;10682.0
01543032000104;EQUATORIAL GO;2015-09;72.8642;7.7852;8.7794;70.5432;8.5158;10.2566;0;0;0;800308.0;70262.0;338892.0;33625.0;892755.0;91566.0;357749.0;38976.0
01543032000104;EQUATORIAL GO;2015-10;67.7686;10.5161;27.7078;62.9831;13.5307;33.3802;0;0;0;1037721.0;287530.0;384242.0;52963.0;1288192.0;430001.0;415445.0;75461.0
01543032000104;EQUATORIAL GO;2015-11;40.9345;18.0444;45.1921;36.8948;20.0453;48.2775;0;0;0;2850743.0;1288310.0;403597.0;104585.0;3770868.0;1820480.0;526059.0;154455.0
01543032000104;EQUATORIAL GO;2015-12;46.1114;19.7502;24.0545;37.9058;22.9007;23.9643;0;0;0;587965.0;141432.0;345770.0;100763.0;885260.0;212146.0;497463.0;175651.0
01543032000104;EQUATORIAL GO;2016-01;79.0391;4.87;0.0;78.954;4.9219;0.0;0;0;1;557976.0;0.0;455705.0;29458.0;560190.0;0.0;457050.0;29839.0
01543032000104;EQUATORIAL GO;2016-02;66.6336;11.6172;0.0;64.4415;12.9432;0.0;0;0;1;657765.0;0.0;420413.0;64095.0;695435.0;0.0;438377.0;75933.0
01543032000104;EQUATORIAL GO;2016-03;88.5749;2.9395;0.0;88.4065;2.9637;0.0;1;1;1;524029.0;0.0;442786.0;16139.0;527691.0;0.0;445445.0;16399.0
01543032000104;EQUATORIAL GO;2016-04;95.6437;0.4306;0.0;95.6364;0.4337;0.0;1;1;1;421961.0;0.0;365795.0;2481.0;422446.0;0.0;366152.0;2502.0
01543032000104;EQUATORIAL GO;2016-05;91.5265;0.8981;0.0;91.5279;0.8979;0.0;1;1;1;453961.0;0.0;329288.0;4099.0;454167.0;0.0;329447.0;4100.0
01543032000104;EQUATORIAL GO;2016-06;91.744;0.6991;0.0;91.744;0.6991;0.0;1;1;1;440245.0;0.0;309943.0;3247.0;440245.0;0.0;309943.0;3247.0
01543032000104;EQUATORIAL GO;2016-07;91.1142;0.8635;0.0;91.1149;0.8634;0.0;1;1;1;413925.0;0.0;287477.0;3728.0;413964.0;0.0;287499.0;3729.0
01543032000104;EQUATORIAL GO;2016-08;88.5675;2.1604;0.0018;88.4738;2.1931;0.0019;1;1;1;562840.0;10.0;348396.0;9676.0;573795.0;11.0;352103.0;9915.0
01543032000104;EQUATORIAL GO;2016-09;92.4197;0.8092;0.0;92.1917;0.9096;0.0002;1;1;1;501304.0;0.0;337473.0;3840.0;510414.0;1.0;341297.0;4283.0
01543032000104;EQUATORIAL GO;2016-10;86.3116;1.7975;0.0;86.0122;2.0141;0.0;1;1;1;772754.0;0.0;488861.0;12484.0;796466.0;0.0;501629.0;14081.0
01543032000104;EQUATORIAL GO;2016-11;93.4873;0.7535;0.0003;93.4525;0.7655;0.0003;1;1;1;652824.0;2.0;436364.0;4882.0;678167.0;2.0;455034.0;5164.0
01543032000104;EQUATORIAL GO;2016-12;84.2124;2.7113;0.0009;84.7739;2.7755;0.0008;0;1;1;918611.0;8.0;510860.0;18286.0;1044131.0;8.0;588207.0;21330.0
01543032000104;EQUATORIAL GO;2017-01;82.2922;2.5896;0.0;78.0423;4.2814;0.0;0;1;1;779507.0;0.0;424565.0;14756.0;874964.0;0.0;460996.0;25541.0
01543032000104;EQUATORIAL GO;2017-02;89.8408;1.3769;0.0;88.2452;2.0689;0.0;1;1;1;628029.0;0.0;359645.0;6766.0;658844.0;0.0;372004.0;10069.0
01543032000104;EQUATORIAL GO;2017-03;89.1783;1.0762;0.0002;81.636;5.0079;0.0003;1;1;1;594506.0;1.0;348283.0;5374.0;654501.0;2.0;369902.0;23869.0
01543032000104;EQUATORIAL GO;2017-04;90.5243;0.867;0.0;90.1471;1.0434;0.0;1;1;1;483923.0;0.0;282658.0;3618.0;485591.0;0.0;283465.0;4250.0
01543032000104;EQUATORIAL GO;2017-05;93.0159;0.7828;0.0;92.9964;0.7872;0.0;1;1;1;438291.0;0.0;263366.0;2909.0;439616.0;0.0;263925.0;2932.0
01543032000104;EQUATORIAL GO;2017-06;90.5711;0.8147;0.0;90.5711;0.8147;0.0;1;1;1;395048.0;0.0;240314.0;2808.0;395048.0;0.0;240314.0;2808.0
01543032000104;EQUATORIAL GO;2017-07;88.6189;0.9839;0.0002;88.6196;0.9839;0.0002;1;1;1;458737.0;1.0;273626.0;3887.0;458775.0;1.0;273641.0;3887.0
01543032000104;EQUATORIAL GO;2017-08;92.5224;1.0988;0.0002;92.5227;1.0987;0.0002;1;1;1;484809.0;1.0;299548.0;4343.0;484836.0;1.0;299563.0;4343.0
01543032000104;EQUATORIAL GO;2017-09;92.185;1.9474;0.0013;73.6236;15.6664;0.0009;1;1;1;399647.0;5.0;254422.0;6303.0;581492.0;5.0;292759.0;59531.0
01543032000104;EQUATORIAL GO;2017-10;87.5377;3.7208;0.0;58.5061;23.6057;0.0;1;1;1;466762.0;0.0;298867.0;14755.0;925251.0;0.0;421309.0;153972.0
01543032000104;EQUATORIAL GO;2017-11;86.8774;3.9251;0.8565;36.525;45.284;8.4547;1;1;1;432246.0;3702.0;203818.0;10747.0;1510077.0;127673.0;442661.0;424968.0
01543032000104;EQUATORIAL GO;2017-12;87.4839;3.9133;0.2971;49.3853;28.7527;3.7022;1;1;1;640163.0;1902.0;314167.0;16116.0;1323778.0;49009.0;503381.0;231152.0
01543032000104;EQUATORIAL GO;2018-01;86.6143;3.8453;0.0143;59.8612;21.4199;7.6775;1;1;1;600032.0;86.0;351282.0;18017.0;994170.0;76327.0;452235.0;141467.0
01543032000104;EQUATORIAL GO;2018-02;88.0629;3.0534;0.0343;74.6685;11.9314;3.7738;1;1;1;582253.0;200.0;333923.0;12905.0;742444.0;28018.0;372877.0;57686.0
01543032000104;EQUATORIAL GO;2018-03;90.5968;2.4601;0.0266;78.1416;9.4602;0.2163;1;1;1;668129.0;178.0;398707.0;12913.0;816312.0;1766.0;454919.0;55683.0
01543032000104;EQUATORIAL GO;2018-04;93.6246;1.519;0.0006;88.3481;4.279;0.0133;1;1;1;533641.0;3.0;351652.0;7312.0;578151.0;77.0;368748.0;20015.0
01543032000104;EQUATORIAL GO;2018-05;93.6165;1.0643;0.0263;88.5407;3.1443;0.0282;1;1;1;502002.0;132.0;324617.0;5008.0;535832.0;151.0;340046.0;13837.0
01543032000104;EQUATORIAL GO;2018-06;94.8628;1.0614;0.0031;94.1678;1.3902;0.0038;1;1;1;413249.0;13.0;283457.0;3946.0;418122.0;16.0;285066.0;5116.0
01543032000104;EQUATORIAL GO;2018-07;87.538;2.7535;0.0062;87.2024;2.9521;0.0065;1;1;1;501768.0;31.0;289640.0;10239.0;504140.0;33.0;290380.0;10955.0
01543032000104;EQUATORIAL GO;2018-08;88.8891;1.8043;0.0;88.5495;2.0916;0.0;1;1;1;637468.0;0.0;257806.0;5826.0;640810.0;0.0;258252.0;6640.0
01543032000104;EQUATORIAL GO;2018-09;86.5665;3.2594;0.0;72.8286;12.7914;0.0;1;1;1;674296.0;0.0;257481.0;9707.0;788164.0;0.0;278922.0;45000.0
01543032000104;EQUATORIAL GO;2018-10;85.9252;2.7347;0.0;61.1566;18.1339;0.0;1;1;1;811383.0;0.0;345709.0;11766.0;1072141.0;0.0;431039.0;107076.0
01543032000104;EQUATORIAL GO;2018-11;97.3006;1.0205;0.0;93.5265;3.5778;0.0;1;1;1;686785.0;0.0;343723.0;3886.0;711069.0;0.0;349165.0;14119.0
01543032000104;EQUATORIAL GO;2018-12;92.2424;3.2644;0.0;87.4385;6.592;0.0;1;1;1;729124.0;0.0;355664.0;13218.0;786963.0;0.0;370078.0;28226.0
01543032000104;EQUATORIAL GO;2019-01;91.5807;2.3478;0.0;75.2905;12.4453;0.0;1;1;1;757129.0;0.0;384867.0;10570.0;1006532.0;0.0;449369.0;68901.0
01543032000104;EQUATORIAL GO;2019-02;84.4782;3.9311;0.0;53.9925;24.1385;0.0;0;1;1;665004.0;0.0;271140.0;12950.0;1041430.0;0.0;366066.0;128023.0
01543032000104;EQUATORIAL GO;2019-03;92.5652;1.9776;0.0;85.2192;6.4523;0.0;1;1;1;767077.0;0.0;322922.0;7859.0;837017.0;0.0;341596.0;26591.0
01543032000104;EQUATORIAL GO;2019-04;93.981;1.3559;0.0;92.0339;2.2732;0.0;1;1;1;585936.0;0.0;277841.0;4880.0;603395.0;0.0;283606.0;8047.0
01543032000104;EQUATORIAL GO;2019-05;92.2244;1.4527;0.0;92.2244;1.4527;0.0;1;1;1;550644.0;0.0;267000.0;5147.0;550644.0;0.0;267000.0;5147.0
01543032000104;EQUATORIAL GO;2019-06;92.344;0.9617;0.0;92.2725;1.0016;0.0;1;1;1;456213.0;0.0;216162.0;3015.0;456537.0;0.0;216253.0;3109.0
01543032000104;EQUATORIAL GO;2019-07;89.0851;1.7569;0.0;85.6333;3.7143;0.0;1;1;1;512305.0;0.0;252581.0;6590.0;529581.0;0.0;258812.0;12980.0
01543032000104;EQUATORIAL GO;2019-08;84.1384;3.3838;0.0;83.5172;3.8214;0.0;0;1;1;480091.0;0.0;274391.0;11829.0;487092.0;0.0;276449.0;13359.0
01543032000104;EQUATORIAL GO;2019-09;86.3351;1.7156;0.0;70.2682;12.3685;0.0;1;1;1;499702.0;0.0;270523.0;7191.0;650031.0;0.0;314888.0;52964.0
01543032000104;EQUATORIAL GO;2019-10;92.8776;1.0282;0.0;75.976;10.07;0.0;1;1;1;723277.0;0.0;388572.0;6601.0;964066.0;0.0;483176.0;66607.0
01543032000104;EQUATORIAL GO;2019-11;95.8638;0.9378;0.0;65.6585;15.4493;0.0;1;1;1;542645.0;0.0;290373.0;3911.0;1236398.0;0.0;566876.0;123511.0
01543032000104;EQUATORIAL GO;2019-12;92.7685;2.1137;0.0;68.9943;15.6312;0.0;1;1;1;659127.0;0.0;351128.0;9308.0;993407.0;0.0;454028.0;99301.0
01543032000104;EQUATORIAL GO;2020-01;91.7398;1.9972;0.0;90.0826;2.9418;0.0;1;1;1;774109.0;0.0;405573.0;10308.0;794804.0;0.0;412643.0;15565.0
01543032000104;EQUATORIAL GO;2020-02;90.2575;2.1692;0.0;86.7052;4.5145;0.0;1;1;1;679854.0;0.0;351187.0;9838.0;707839.0;0.0;358700.0;21512.0
01543032000104;EQUATORIAL GO;2020-03;92.0943;1.6541;0.0;91.7049;1.8554;0.0;1;1;1;611244.0;0.0;325751.0;7068.0;613392.0;0.0;326578.0;7952.0
01543032000104;EQUATORIAL GO;2020-04;85.5042;2.7324;0.0;79.5967;6.1185;0.0;1;1;1;546792.0;0.0;299417.0;9968.0;622725.0;0.0;325674.0;23884.0
01543032000104;EQUATORIAL GO;2020-05;87.6645;1.9559;0.0;83.3235;3.7829;0.0;1;1;1;510478.0;0.0;306734.0;7270.0;537701.0;0.0;319609.0;14745.0
01543032000104;EQUATORIAL GO;2020-06;91.5639;1.24;0.0;91.569;1.2392;0.0;1;1;1;448062.0;0.0;263463.0;3818.0;448770.0;0.0;263798.0;3822.0
01543032000104;EQUATORIAL GO;2020-07;86.5219;1.8635;0.0;84.3926;2.7031;0.0;1;1;1;487773.0;0.0;289689.0;6630.0;499163.0;0.0;295767.0;9794.0
01543032000104;EQUATORIAL GO;2020-08;87.4386;2.4057;0.0;79.7584;6.6263;0.0;1;1;1;470566.0;0.0;285843.0;8651.0;537581.0;0.0;315914.0;26632.0
01543032000104;EQUATORIAL GO;2020-09;85.6942;2.4148;0.0;55.1985;19.3071;0.0;1;1;1;458518.0;0.0;256048.0;7848.0;768049.0;0.0;361049.0;100312.0
01543032000104;EQUATORIAL GO;2020-10;86.6313;4.6602;0.0;53.4864;21.793;0.0;1;0;1;452829.0;0.0;243043.0;14275.0;1358365.0;0.0;597548.0;195527.0
01543032000104;EQUATORIAL GO;2020-11;93.9529;2.2212;0.0;85.4295;5.79;0.0;1;1;1;830393.0;0.0;367566.0;10242.0;1059129.0;0.0;447214.0;34347.0
01543032000104;EQUATORIAL GO;2020-12;94.1986;1.7422;0.0;84.9925;5.9398;0.0;1;1;1;896932.0;0.0;411535.0;9527.0;1260667.0;0.0;546174.0;44626.0
01543032000104;EQUATORIAL GO;2021-01;92.616;1.7339;0.0;73.7033;11.0775;0.0;1;1;1;799323.0;0.0;384016.0;8445.0;1303764.0;0.0;564635.0;87552.0
01543032000104;EQUATORIAL GO;2021-02;92.5474;2.0104;0.0;72.0839;10.6592;0.0;1;1;1;655404.0;0.0;349381.0;9479.0;1036440.0;0.0;505147.0;77865.0
01543032000104;EQUATORIAL GO;2021-03;94.8094;1.2685;0.0;91.0284;3.1488;0.0;1;1;1;807550.0;0.0;457592.0;7205.0;885448.0;0.0;494413.0;20266.0
01543032000104;EQUATORIAL GO;2021-04;91.9822;1.8149;0.0;78.0664;8.2267;0.0;1;1;1;615243.0;0.0;349312.0;7779.0;737421.0;0.0;406419.0;46638.0
01543032000104;EQUATORIAL GO;2021-05;90.809;2.3528;0.0;90.0493;2.5787;0.0;1;1;1;741001.0;0.0;411339.0;12362.0;760900.0;0.0;421729.0;13809.0
01543032000104;EQUATORIAL GO;2021-06;85.4311;5.0491;0.0;78.5545;8.6695;0.0;1;0;1;665926.0;0.0;362775.0;24205.0;786418.0;0.0;415528.0;47766.0
01543032000104;EQUATORIAL GO;2021-07;93.8862;2.8614;0.0;93.0391;3.2046;0.0;1;1;1;657844.0;0.0;389758.0;17068.0;676997.0;0.0;401095.0;19470.0
01543032000104;EQUATORIAL GO;2021-08;91.7271;3.2761;0.0;90.7459;3.6755;0.0;1;1;1;663706.0;0.0;409358.0;19451.0;693362.0;0.0;425556.0;22340.0
01543032000104;EQUATORIAL GO;2021-09;92.3992;2.7202;0.0;77.193;12.4793;0.0;1;1;1;638350.0;0.0;388309.0;14282.0;923919.0;0.0;494034.0;79626.0
01543032000104;EQUATORIAL GO;2021-10;88.8537;3.1222;0.0;61.8387;20.9012;0.0;1;1;1;488763.0;0.0;299831.0;13152.0;1455477.0;0.0;718487.0;222135.0
01543032000104;EQUATORIAL GO;2021-11;90.8337;3.1456;0.0;72.6199;12.6688;0.0;1;1;1;655433.0;0.0;398953.0;17074.0;912411.0;0.0;506370.0;87024.0
01543032000104;EQUATORIAL GO;2021-12;90.6583;2.2748;0.0;66.9926;13.6781;0.0;1;1;1;647664.0;0.0;353128.0;12515.0;911742.0;0.0;475631.0;93589.0
01543032000104;EQUATORIAL GO;2022-01;89.9423;2.7182;0.0;81.8868;6.2619;0.0;1;1;1;774771.0;0.0;454340.0;20143.0;875205.0;0.0;500703.0;46892.0
01543032000104;EQUATORIAL GO;2022-02;88.9513;2.2689;0.0;87.8681;2.7066;0.0;1;1;1;739286.0;0.0;438275.0;15889.0;749565.0;0.0;443446.0;18795.0
01543032000104;EQUATORIAL GO;2022-03;87.0471;3.3215;0.0001;80.7777;6.0753;0.0001;1;1;1;827525.0;1.0;457444.0;27699.0;899538.0;1.0;489822.0;48515.0
01543032000104;EQUATORIAL GO;2022-04;90.6168;2.3366;0.0;87.1333;4.7882;0.0;1;1;1;625492.0;0.0;332952.0;12740.0;651588.0;0.0;339513.0;24304.0
01543032000104;EQUATORIAL GO;2022-05;87.2839;2.919;0.0;86.2223;3.7105;0.0;1;1;1;617205.0;0.0;350048.0;15894.0;624704.0;0.0;351731.0;19265.0
01543032000104;EQUATORIAL GO;2022-06;90.6958;1.9685;0.0;89.9915;2.4425;0.0;1;1;1;549422.0;0.0;293920.0;8737.0;552526.0;0.0;294890.0;10481.0
01543032000104;EQUATORIAL GO;2022-07;90.8263;2.3857;0.0;90.8263;2.3857;0.0;1;1;1;536192.0;0.0;273976.0;10095.0;536192.0;0.0;273976.0;10095.0
01543032000104;EQUATORIAL GO;2022-08;86.5393;2.2763;0.0;86.3546;2.4085;0.0;1;1;1;609798.0;0.0;337180.0;14571.0;610918.0;0.0;337531.0;15113.0
01543032000104;EQUATORIAL GO;2022-09;85.5252;3.4075;0.0;78.9434;7.6836;0.0;1;1;1;737640.0;0.0;377012.0;22455.0;830897.0;0.0;409607.0;45909.0
01543032000104;EQUATORIAL GO;2022-10;89.7453;3.557;0.0;71.0114;17.1225;0.0;1;1;1;829334.0;0.0;409764.0;20850.0;1071441.0;0.0;466592.0;109719.0
01543032000104;EQUATORIAL GO;2022-11;93.6021;1.6216;0.0;83.2266;7.2815;0.0;1;1;1;758580.0;0.0;400946.0;12297.0;898590.0;0.0;454301.0;44976.0
01543032000104;EQUATORIAL GO;2022-12;93.0528;1.6388;0.0;90.5847;3.0878;0.0;1;1;1;894154.0;0.0;460840.0;13468.0;922431.0;0.0;470092.0;21991.0
01543032000104;EQUATORIAL GO;2023-01;96.8618;0.8645;0.0;96.5696;1.0016;0.0;1;1;1;801379.0;0.0;428741.0;9570.0;805077.0;0.0;430057.0;10322.0
01543032000104;EQUATORIAL GO;2023-02;92.7074;1.9042;0.0;89.495;3.3682;0.0;1;1;1;725280.0;0.0;392082.0;14813.0;775743.0;0.0;413958.0;23236.0
01543032000104;EQUATORIAL GO;2023-03;95.9358;0.9156;0.0;95.8284;0.971;0.0;1;1;1;765710.0;0.0;398874.0;8406.0;767245.0;0.0;399382.0;8655.0
01543032000104;EQUATORIAL GO;2023-04;88.2242;1.8964;0.0;87.4014;2.3201;0.0;1;1;1;653108.0;0.0;367138.0;13286.0;664290.0;0.0;371551.0;15293.0
01543032000104;EQUATORIAL GO;2023-05;88.6489;1.9254;0.0;88.4036;2.0098;0.0;1;1;1;630432.0;0.0;362157.0;12593.0;633590.0;0.0;364162.0;13007.0
01543032000104;EQUATORIAL GO;2023-06;84.8557;3.4001;0.0;84.0331;3.6622;0.0;0;1;1;522637.0;0.0;312719.0;15088.0;526987.0;0.0;315280.0;16282.0
01543032000104;EQUATORIAL GO;2023-07;86.1687;1.1809;0.0;86.1387;1.2006;0.0;1;1;1;327797.0;0.0;321844.0;5915.0;328034.0;0.0;321994.0;6002.0
01543032000104;EQUATORIAL GO;2023-08;75.82;4.0178;0.0;68.7418;9.6352;0.0;0;0;1;374919.0;0.0;356261.0;18658.0;419051.0;0.0;373130.0;45921.0
01543032000104;EQUATORIAL GO;2023-09;67.1692;7.0196;0.0;48.9888;23.1694;0.0;0;0;1;336045.0;0.0;308295.0;27750.0;491699.0;0.0;369197.0;122502.0
01543032000104;EQUATORIAL GO;2023-10;84.3716;4.6195;0.0;65.1446;17.7928;0.0;0;0;1;421759.0;0.0;398911.0;22848.0;598704.0;0.0;483370.0;115334.0
01543032000104;EQUATORIAL GO;2023-11;94.4602;1.0067;0.0;81.7286;4.5265;0.0;1;1;1;428927.0;0.0;422758.0;6169.0;559443.0;0.0;529202.0;30241.0
01543032000104;EQUATORIAL GO;2023-12;95.5822;0.407;0.0;91.2547;1.8726;0.0;1;1;1;470681.0;0.0;467190.0;3491.0;517112.0;0.0;504781.0;12331.0
01543032000104;EQUATORIAL GO;2024-01;98.362;0.2163;0.0;97.9825;0.3124;0.0;1;1;1;653766.0;0.0;394020.0;1827.0;658355.0;0.0;396585.0;2278.0
01543032000104;EQUATORIAL GO;2024-02;98.5619;0.0931;0.0;97.8454;0.3122;0.0;1;1;1;583304.0;0.0;342423.0;1052.0;621340.0;0.0;344834.0;1922.0
01543032000104;EQUATORIAL GO;2024-03;93.2173;1.3064;0.0;90.2118;2.7315;0.0;1;1;1;607833.0;0.0;357177.0;6174.0;640609.0;0.0;371983.0;12404.0
01543032000104;EQUATORIAL GO;2024-04;96.2761;0.2619;0.0;96.2092;0.262;0.0;1;1;1;581670.0;0.0;350381.0;1793.0;584603.0;0.0;352138.0;1816.0
01543032000104;EQUATORIAL GO;2024-05;90.1347;1.4939;0.0;89.5675;1.5671;0.0;1;1;1;497612.0;0.0;291844.0;5837.0;510284.0;0.0;301935.0;6337.0
01543032000104;EQUATORIAL GO;2024-06;92.9727;0.7255;0.0;92.9727;0.7255;0.0;1;1;1;439380.0;0.0;257649.0;2943.0;439380.0;0.0;257649.0;2943.0
01543032000104;EQUATORIAL GO;2024-07;90.291;1.0883;0.0;90.291;1.0883;0.0;1;1;1;481855.0;0.0;272286.0;4330.0;481855.0;0.0;272286.0;4330.0
01543032000104;EQUATORIAL GO;2024-08;93.1956;0.8102;0.0;93.1956;0.8102;0.0;1;1;1;453865.0;0.0;258440.0;3129.0;453865.0;0.0;258440.0;3129.0
01543032000104;EQUATORIAL GO;2024-09;85.0459;2.6983;0.0;77.3146;9.4007;0.0;1;1;1;476420.0;0.0;284551.0;10158.0;725546.0;0.0;301606.0;35297.0
01543032000104;EQUATORIAL GO;2024-10;81.9138;3.3522;0.0;71.4113;9.1097;0.0;0;1;1;674552.0;0.0;401764.0;17433.0;857584.0;0.0;475541.0;54327.0
01543032000104;EQUATORIAL GO;2024-11;88.2382;1.3517;0.0;88.2273;1.3516;0.0;1;1;1;621451.0;0.0;377810.0;7133.0;621734.0;0.0;377997.0;7137.0
01543032000104;EQUATORIAL GO;2024-12;91.7165;1.0927;0.0;91.5125;1.1377;0.0;1;1;1;638219.0;0.0;415830.0;6102.0;645338.0;0.0;419795.0;6399.0
01543032000104;EQUATORIAL GO;2025-01;87.0553;1.0372;0.0;83.8699;1.9728;0.0;1;1;1;608785.0;0.0;401862.0;6242.0;645749.0;0.0;422815.0;11020.0
01543032000104;EQUATORIAL GO;2025-02;87.7258;1.2928;0.0;84.525;2.5709;0.0;1;1;1;484118.0;0.0;344263.0;6198.0;511189.0;0.0;361643.0;11649.0
01543032000104;EQUATORIAL GO;2025-03;92.7287;0.6318;0.0;91.9929;0.7261;0.0;1;1;1;569214.0;0.0;346813.0;3446.0;576052.0;0.0;351229.0;3930.0
01543032000104;EQUATORIAL GO;2025-04;91.3222;0.5556;0.0;91.3225;0.5556;0.0;1;1;1;491465.0;0.0;306797.0;2734.0;491489.0;0.0;306809.0;2735.0
01543032000104;EQUATORIAL GO;2025-05;92.127;0.7241;0.0;92.127;0.7241;0.0;1;1;1;438963.0;0.0;281902.0;3084.0;438963.0;0.0;281902.0;3084.0
01543032000104;EQUATORIAL GO;2025-06;87.1846;2.5142;0.0;87.1963;2.5119;0.0;1;1;1;376866.0;0.0;239702.0;7366.0;377153.0;0.0;239927.0;7366.0
01543032000104;EQUATORIAL GO;2025-07;89.7194;2.2941;0.0;89.7194;2.2941;0.0;1;1;1;435949.0;0.0;276021.0;7745.0;435949.0;0.0;276021.0;7745.0
01543032000104;EQUATORIAL GO;2025-08;92.3828;1.2159;0.0;92.3828;1.2159;0.0;1;1;1;385264.0;0.0;247544.0;3855.0;385264.0;0.0;247544.0;3855.0
01543032000104;EQUATORIAL GO;2025-09;90.9332;0.9734;0.0;89.6965;1.219;0.0;1;1;1;457119.0;0.0;298178.0;4034.0;496037.0;0.0;324552.0;5295.0
01543032000104;EQUATORIAL GO;2025-10;91.9993;0.9171;0.0;87.7704;3.219;0.0;1;1;1;466210.0;0.0;304331.0;3747.0;499586.0;0.0;316530.0;11986.0
01543032000104;EQUATORIAL GO;2025-11;89.0717;0.8633;0.0;87.5163;1.4717;0.0;1;1;1;565978.0;0.0;343131.0;4449.0;585892.0;0.0;353886.0;7015.0
01543032000104;EQUATORIAL GO;2025-12;87.5679;1.6818;0.0;85.6207;2.0764;0.0;1;1;1;561672.0;0.0;350581.0;8033.0;597464.0;0.0;369308.0;10279.0
01543032000104;EQUATORIAL GO;2026-01;88.3832;1.6113;0.0;87.2249;2.0708;0.0;1;1;1;539341.0;0.0;362343.0;8045.0;602687.0;0.0;406515.0;11140.0
01543032000104;EQUATORIAL GO;2026-02;89.2031;1.9918;0.0;88.3621;2.3685;0.0;1;1;1;489805.0;0.0;309660.0;7904.0;497731.0;0.0;313400.0;9330.0
01543032000104;EQUATORIAL GO;2026-03;90.3087;1.5997;0.0;90.1852;1.6359;0.0;1;1;1;486386.0;0.0;308981.0;6356.0;487533.0;0.0;309670.0;6494.0
01543032000104;EQUATORIAL GO;2026-04;86.5012;1.8859;0.0;86.4434;1.9144;0.0;1;1;1;443050.0;0.0;278537.0;7017.0;443311.0;0.0;278673.0;7111.0
01543032000104;EQUATORIAL GO;2026-05;88.4368;1.9725;0.0;88.4377;1.9723;0.0;1;1;1;397769.0;0.0;252512.0;6637.0;397804.0;0.0;252531.0;6637.0
01543032000104;EQUATORIAL GO;2026-06;90.2672;2.0898;0.0;88.1702;2.7652;0.0;1;1;1;402595.0;0.0;254774.0;6606.0;433848.0;0.0;273684.0;9203.0
01543032000104;EQUATORIAL GO;2026-07;87.7063;1.5304;0.0;87.7235;1.5272;0.0;1;1;1;404397.0;0.0;255111.0;7150.0;405728.0;0.0;255653.0;7512.0
02016440000162;RGE SUL;2014-01;88.8006;2.5758;0.0003;58.4287;17.7153;0.0075;1;1;1;373406.0;1.0;295089.0;10715.0;758019.0;57.0;522996.0;137308.0
02016440000162;RGE SUL;2014-02;86.5646;2.5971;0.0;39.2949;34.0105;0.0001;1;1;1;291638.0;0.0;224763.0;8273.0;946686.0;1.0;534777.0;301642.0
02016440000162;RGE SUL;2014-03;94.0315;0.9373;0.0;88.2242;3.65;0.0;1;1;1;395195.0;0.0;329130.0;4773.0;445137.0;0.0;364386.0;16862.0
02016440000162;RGE SUL;2014-04;94.8493;0.8615;0.0006;90.9508;2.5606;0.0005;1;1;1;358932.0;2.0;297585.0;4121.0;405185.0;2.0;329954.0;12075.0
02016440000162;RGE SUL;2014-05;92.9648;1.3425;0.0032;87.5528;3.9138;0.0029;1;1;1;371735.0;12.0;313577.0;6107.0;410851.0;12.0;339310.0;16852.0
02016440000162;RGE SUL;2014-06;90.2704;1.5957;0.0003;87.6026;2.7821;0.0002;1;1;1;379597.0;1.0;312974.0;6823.0;419764.0;1.0;343401.0;12195.0
02016440000162;RGE SUL;2014-07;92.8522;0.9395;0.0;91.4387;1.4023;0.0;1;1;1;388885.0;0.0;326445.0;5045.0;423792.0;0.0;354727.0;7815.0
02016440000162;RGE SUL;2014-08;92.009;1.3576;0.0;82.9519;7.0686;0.0;1;1;1;358899.0;0.0;301543.0;6215.0;416154.0;0.0;327717.0;29381.0
02016440000162;RGE SUL;2014-09;90.8538;1.6501;0.0;82.1191;5.563;0.0;1;1;1;372471.0;0.0;312130.0;7670.0;470925.0;0.0;378103.0;27638.0
02016440000162;RGE SUL;2014-10;88.4631;2.7716;0.0;58.5217;18.4339;0.0676;1;1;1;341937.0;0.0;285621.0;10126.0;687535.0;465.0;480076.0;122172.0
02016440000162;RGE SUL;2014-11;88.6477;2.5123;0.0018;79.8038;7.1725;0.0016;1;1;1;327131.0;6.0;298595.0;9945.0;433202.0;7.0;376436.0;33896.0
02016440000162;RGE SUL;2014-12;87.9746;2.7684;0.0013;55.6999;20.9317;0.0008;1;1;1;306868.0;4.0;273743.0;10306.0;657184.0;5.0;484782.0;143853.0
02016440000162;RGE SUL;2015-01;86.1807;3.6716;0.0003;58.9463;18.888;0.0002;1;1;1;354889.0;1.0;338602.0;16283.0;656243.0;1.0;518035.0;138204.0
02016440000162;RGE SUL;2015-02;89.1347;2.0369;0.0003;85.1684;3.6434;0.0003;1;1;1;314734.0;1.0;306261.0;8458.0;347096.0;1.0;331299.0;15782.0
02016440000162;RGE SUL;2015-03;92.1764;1.2352;0.0;91.861;1.2699;0.0;1;1;1;338361.0;0.0;332465.0;5886.0;340245.0;0.0;334158.0;6077.0
02016440000162;RGE SUL;2015-04;94.5916;0.754;0.0;93.9392;0.9694;0.0;1;1;1;305851.0;0.0;302340.0;3511.0;314485.0;0.0;310059.0;4426.0
02016440000162;RGE SUL;2015-05;91.5838;1.3511;0.0;82.5953;6.7435;0.0;1;1;1;320413.0;0.0;314259.0;6154.0;369396.0;0.0;340637.0;28759.0
02016440000162;RGE SUL;2015-06;94.8652;0.6182;0.0048;94.7495;0.6317;0.0048;1;1;1;313206.0;15.0;309807.0;3399.0;314480.0;15.0;311004.0;3476.0
02016440000162;RGE SUL;2015-07;90.0238;1.8776;0.0;80.4429;5.4957;0.0005;1;1;1;322710.0;0.0;314385.0;8325.0;401504.0;2.0;374923.0;26581.0
02016440000162;RGE SUL;2015-08;88.7246;2.6323;0.0018;82.7657;4.9906;0.0018;1;1;1;339906.0;6.0;328872.0;11034.0;398849.0;7.0;375383.0;23465.0
02016440000162;RGE SUL;2015-09;87.8727;1.942;0.0005;82.7687;3.9543;0.0004;1;1;1;380346.0;2.0;323364.0;8686.0;522324.0;2.0;427603.0;21707.0
02016440000162;RGE SUL;2015-10;88.0401;2.827;0.0;52.3259;19.1371;0.0006;1;1;1;335045.0;0.0;281171.0;11154.0;808414.0;5.0;577463.0;155743.0
02016440000162;RGE SUL;2015-11;88.9244;2.6278;0.0;73.1322;10.5307;0.0002;1;1;1;379885.0;0.0;326161.0;12287.0;523185.0;1.0;411743.0;57129.0
02016440000162;RGE SUL;2015-12;93.2443;1.6885;0.0;71.8124;11.6974;0.0003;1;1;1;397014.0;0.0;335187.0;7934.0;641696.0;2.0;491057.0;73931.0
02016440000162;RGE SUL;2016-01;97.5348;0.4638;0.0;77.9985;8.6491;0.0;1;1;1;382381.0;0.0;328550.0;2538.0;536345.0;0.0;429045.0;46704.0
02016440000162;RGE SUL;2016-02;95.611;0.6821;0.0;85.1905;5.5265;0.0;1;1;1;393659.0;0.0;334614.0;3367.0;495493.0;0.0;406817.0;28005.0
02016440000162;RGE SUL;2016-03;96.0677;0.5181;0.0035;92.1931;1.9558;0.0031;1;1;1;431164.0;15.0;367715.0;3032.0;476838.0;15.0;401737.0;10159.0
02016440000162;RGE SUL;2016-04;95.8766;0.779;0.0;84.5792;6.7061;0.0;1;1;1;412505.0;0.0;350792.0;4095.0;519029.0;0.0;415785.0;34672.0
02016440000162;RGE SUL;2016-05;96.987;0.5246;0.0;90.6741;4.0509;0.0;1;1;1;346742.0;0.0;294100.0;2346.0;381752.0;0.0;312678.0;15484.0
02016440000162;RGE SUL;2016-06;94.6467;0.8015;0.0035;94.6618;0.798;0.0035;1;1;1;342863.0;12.0;291114.0;3304.0;344978.0;12.0;292502.0;3313.0
02016440000162;RGE SUL;2016-07;94.549;0.7824;0.0003;94.1081;0.9056;0.0003;1;1;1;360839.0;1.0;306770.0;3536.0;366520.0;1.0;311195.0;4071.0
02016440000162;RGE SUL;2016-08;97.2119;0.4402;0.0;96.7855;0.67;0.0;1;1;1;354025.0;0.0;301025.0;2072.0;361281.0;0.0;305852.0;2856.0
02016440000162;RGE SUL;2016-09;97.3662;0.4615;0.0;93.9016;1.2567;0.0;1;1;1;314043.0;0.0;267464.0;1927.0;336431.0;0.0;284907.0;4921.0
02016440000162;RGE SUL;2016-10;92.0558;1.439;0.0003;83.537;4.9699;0.0006;1;1;1;364604.0;1.0;304783.0;6180.0;463027.0;3.0;372080.0;23832.0
02016440000162;RGE SUL;2016-11;95.9902;0.7865;0.0003;74.2295;12.4812;0.0004;1;1;1;345127.0;1.0;292655.0;3199.0;502208.0;2.0;376449.0;60904.0
02016440000162;RGE SUL;2016-12;98.1827;0.3759;0.0014;96.3798;1.088;0.0013;1;1;1;359100.0;5.0;306336.0;1701.0;378063.0;5.0;320462.0;4463.0
02016440000162;RGE SUL;2017-01;96.8804;0.4749;0.0003;88.0261;4.3244;0.0002;1;1;1;355096.0;1.0;300556.0;2070.0;461345.0;1.0;376648.0;20339.0
02016440000162;RGE SUL;2017-02;97.6657;0.4598;0.0078;92.2906;3.2893;0.0068;1;1;1;296340.0;23.0;267795.0;1737.0;337002.0;23.0;297015.0;11919.0
02016440000162;RGE SUL;2017-03;95.7695;0.6722;0.0626;93.3345;1.4192;0.0591;1;1;1;324336.0;203.0;302010.0;2983.0;367154.0;217.0;340015.0;6467.0
02016440000162;RGE SUL;2017-04;94.873;0.6531;0.0839;83.2091;6.105;0.0883;1;1;1;297956.0;250.0;245045.0;2446.0;371380.0;328.0;290590.0;22162.0
02016440000162;RGE SUL;2017-05;97.3349;0.5115;0.0576;92.8415;2.3137;0.0595;1;1;1;348873.0;201.0;283785.0;2062.0;423675.0;252.0;338986.0;9579.0
02016440000162;RGE SUL;2017-06;98.8761;0.2538;0.0251;96.1345;0.7632;0.0186;1;1;1;322223.0;81.0;260223.0;1004.0;435656.0;81.0;327167.0;3228.0
02016440000162;RGE SUL;2017-07;99.0481;0.1811;0.0259;97.9825;1.1006;0.0256;1;1;1;304602.0;79.0;247470.0;715.0;308875.0;79.0;248632.0;3442.0
02016440000162;RGE SUL;2017-08;97.3429;0.2267;0.0296;92.482;2.1743;0.0353;1;1;1;324012.0;96.0;264016.0;1024.0;354147.0;125.0;285333.0;7693.0
02016440000162;RGE SUL;2017-09;98.0444;0.3089;0.0243;97.8743;0.3869;0.0249;1;1;1;295957.0;72.0;240108.0;1152.0;301163.0;75.0;243821.0;1397.0
02016440000162;RGE SUL;2017-10;93.7566;0.8497;0.0199;57.891;18.4224;0.0301;1;1;1;296771.0;59.0;243310.0;3356.0;761969.0;229.0;487284.0;128553.0
02016440000162;RGE SUL;2017-11;97.498;0.2706;0.0252;87.874;4.3315;0.0282;1;1;1;324991.0;82.0;263471.0;1406.0;456840.0;129.0;336158.0;18067.0
02016440000162;RGE SUL;2017-12;97.5092;0.4489;0.0292;88.0779;5.9145;0.0342;1;1;1;318957.0;93.0;255477.0;2222.0;386297.0;132.0;287321.0;21194.0
02016440000162;RGE SUL;2018-01;97.265;0.2127;0.0196;95.4489;0.9303;0.0195;1;1;1;337546.0;66.0;279553.0;1271.0;369404.0;72.0;297527.0;3855.0
02016440000162;RGE SUL;2018-02;97.133;0.2258;0.0392;91.624;2.2618;0.0538;1;1;1;283239.0;111.0;231147.0;1092.0;310541.0;167.0;250587.0;7321.0
02016440000162;RGE SUL;2018-03;94.8283;0.3573;0.0261;91.8635;1.4831;0.0253;1;1;1;314650.0;82.0;257137.0;1794.0;360330.0;91.0;287688.0;5899.0
02016440000162;RGE SUL;2018-04;87.569;1.5603;0.0016;87.4849;1.6554;0.0015;1;1;1;383809.0;6.0;260192.0;6209.0;395630.0;6.0;269241.0;6701.0
02016440000162;RGE SUL;2018-05;90.6119;0.7128;0.0003;90.188;0.8411;0.0003;1;1;1;392057.0;1.0;240411.0;2800.0;397318.0;1.0;242976.0;3182.0
02016440000162;RGE SUL;2018-06;88.9819;1.3126;0.0746;72.9368;7.3449;0.0447;1;1;1;363240.0;271.0;219998.0;3861.0;675524.0;302.0;294849.0;26087.0
02016440000162;RGE SUL;2018-07;91.8522;0.6428;0.0;91.6808;0.7011;0.0;1;1;1;404534.0;0.0;263387.0;2589.0;406484.0;0.0;264563.0;2768.0
02016440000162;RGE SUL;2018-08;89.6261;0.8577;0.0;88.8433;1.1792;0.0;1;1;1;404214.0;0.0;267363.0;3339.0;425002.0;0.0;277648.0;4468.0
02016440000162;RGE SUL;2018-09;88.2617;1.2621;0.0;69.7837;10.1152;0.0;1;1;1;328902.0;0.0;214118.0;3696.0;543484.0;0.0;279602.0;34569.0
02016440000162;RGE SUL;2018-10;88.2395;1.4915;0.0;77.7501;5.3755;0.0;1;1;1;362178.0;0.0;240021.0;4676.0;484596.0;0.0;290080.0;18739.0
02016440000162;RGE SUL;2018-11;88.8661;2.0768;0.0;82.6883;4.4328;0.0;1;1;1;397562.0;0.0;255039.0;6595.0;499996.0;0.0;302472.0;16038.0
02016440000162;RGE SUL;2018-12;88.2719;1.9722;0.0;61.0356;15.6423;49.3213;1;1;1;302181.0;0.0;198219.0;4926.0;1334451.0;658168.0;327927.0;65878.0
02016440000162;RGE SUL;2019-01;87.9417;2.5083;0.0;46.4456;26.0883;14.561;1;1;1;224773.0;0.0;133937.0;4152.0;946447.0;137812.0;359310.0;135388.0
02016440000162;RGE SUL;2019-02;87.0761;1.7529;0.0;53.9937;22.0329;48.6085;1;1;1;281860.0;0.0;178007.0;4127.0;1102334.0;535828.0;280560.0;84215.0
02016440000162;RGE SUL;2019-03;90.4904;0.7691;0.0;86.576;2.4318;0.4876;1;1;1;366387.0;0.0;223711.0;3282.0;408944.0;1994.0;239930.0;7992.0
02016440000162;RGE SUL;2019-04;96.25;0.2198;0.0;95.8411;0.3592;0.0052;1;1;1;400491.0;0.0;237372.0;1205.0;426113.0;22.0;248571.0;1694.0
02016440000162;RGE SUL;2019-05;98.3545;0.0731;0.0;96.9725;0.454;1.039;1;1;1;410654.0;0.0;257123.0;766.0;450933.0;4685.0;270802.0;1990.0
02016440000162;RGE SUL;2019-06;98.0748;0.0746;0.0;98.0752;0.0746;0.0;1;1;1;118695.0;0.0;77649.0;432.0;118726.0;0.0;77664.0;432.0
02016440000162;RGE SUL;2019-07;97.3572;0.1739;0.0;97.3717;0.1729;0.0;1;1;1;409569.0;0.0;242278.0;1080.0;412823.0;0.0;243613.0;1084.0
02016440000162;RGE SUL;2019-08;97.7126;0.089;0.0;97.5912;0.1208;0.0;1;1;1;333753.0;0.0;220009.0;802.0;338079.0;0.0;222413.0;888.0
02016440000162;RGE SUL;2019-09;94.2379;0.3423;0.0;91.4269;1.6371;0.0;1;1;1;316318.0;0.0;198845.0;1704.0;334389.0;0.0;206867.0;4683.0
02016440000162;RGE SUL;2019-10;87.9711;1.4237;0.0;62.2287;14.9562;0.175;1;1;1;359207.0;0.0;198719.0;4353.0;593573.0;1039.0;281943.0;54720.0
02016440000162;RGE SUL;2019-11;86.1769;1.6723;0.0;73.4498;8.3125;0.0;1;1;1;362185.0;0.0;200388.0;5281.0;456326.0;0.0;238051.0;25156.0
02016440000162;RGE SUL;2019-12;88.0934;1.4879;0.0;68.9262;15.2097;9.5578;1;1;1;330403.0;0.0;183661.0;4009.0;528753.0;50537.0;226876.0;44516.0
02016440000162;RGE SUL;2020-01;87.0408;1.5468;0.0201;74.439;9.2752;6.8275;1;1;1;408445.0;82.0;212842.0;4999.0;532932.0;36386.0;238903.0;27894.0
02016440000162;RGE SUL;2020-02;86.273;1.7678;0.0791;75.3258;9.1159;4.137;1;1;1;332568.0;263.0;175204.0;4460.0;405702.0;16784.0;191281.0;21668.0
02016440000162;RGE SUL;2020-03;91.3296;0.7034;0.0039;91.3027;0.7112;0.0038;1;1;1;362121.0;14.0;208215.0;2506.0;364540.0;14.0;209006.0;2981.0
02016440000162;RGE SUL;2020-04;88.6286;1.8119;0.0899;85.5461;3.314;1.1739;1;1;1;380450.0;342.0;217032.0;5058.0;408116.0;4791.0;226920.0;9079.0
02016440000162;RGE SUL;2020-05;86.0821;2.2496;0.0109;71.5218;9.9421;0.0118;1;1;1;404137.0;44.0;207659.0;6264.0;532360.0;63.0;261782.0;32210.0
02016440000162;RGE SUL;2020-06;61.7744;9.8885;0.0205;55.9225;13.3943;0.7559;0;0;1;438274.0;90.0;202094.0;26125.0;578774.0;4375.0;248483.0;49209.0
02016440000162;RGE SUL;2020-07;69.6532;6.1507;0.0978;65.9866;7.8876;2.4085;0;0;1;474518.0;464.0;236414.0;17205.0;577416.0;13907.0;270639.0;25534.0
02016440000162;RGE SUL;2020-08;87.118;2.1938;0.0488;79.5344;7.224;0.0776;1;1;1;348676.0;170.0;220243.0;5869.0;409737.0;318.0;248931.0;20973.0
02016440000162;RGE SUL;2020-09;87.5194;1.6277;0.0049;84.8804;3.1214;0.0049;1;1;1;408577.0;20.0;253352.0;5774.0;450674.0;22.0;271010.0;10819.0
02016440000162;RGE SUL;2020-10;86.231;2.8519;0.1047;80.6631;5.5177;0.0971;1;1;1;392641.0;411.0;220706.0;7859.0;445876.0;433.0;247384.0;17258.0
02016440000162;RGE SUL;2020-11;85.5003;2.4681;0.0141;65.0483;16.6956;3.5381;1;1;1;361470.0;51.0;189249.0;5981.0;525816.0;18604.0;226148.0;48873.0
02016440000162;RGE SUL;2020-12;86.478;2.548;0.0009;62.0024;19.971;10.6957;1;1;1;349657.0;3.0;202248.0;6572.0;633210.0;67726.0;266050.0;71033.0
02016440000162;RGE SUL;2021-01;89.2532;1.28;0.0027;81.4306;6.0779;0.0245;1;1;1;450260.0;12.0;213795.0;3768.0;666399.0;163.0;268575.0;19351.0
02016440000162;RGE SUL;2021-02;89.3626;1.0643;0.0098;89.4217;1.0566;0.0097;1;1;1;407270.0;40.0;203677.0;2827.0;410949.0;40.0;205354.0;2829.0
02016440000162;RGE SUL;2021-03;89.402;0.7058;0.0161;89.3484;0.8213;0.0149;1;1;1;442309.0;71.0;244946.0;2347.0;476561.0;71.0;255405.0;2774.0
02016440000162;RGE SUL;2021-04;91.0396;0.4758;0.0058;91.0395;0.4756;0.0058;1;1;1;360793.0;21.0;217333.0;1480.0;360938.0;21.0;217419.0;1480.0
02016440000162;RGE SUL;2021-05;86.3785;1.8586;0.0909;84.5329;2.9384;0.0826;1;1;1;368471.0;335.0;214807.0;4656.0;405340.0;335.0;232314.0;7804.0
02016440000162;RGE SUL;2021-06;86.7751;1.4845;0.0011;81.838;4.7524;0.0009;1;1;1;377826.0;4.0;209704.0;3803.0;460340.0;4.0;242571.0;13246.0
02016440000162;RGE SUL;2021-07;93.3464;0.5204;0.0003;92.3421;0.9002;0.0003;1;1;1;377504.0;1.0;210273.0;1497.0;392942.0;1.0;216436.0;2410.0
02016440000162;RGE SUL;2021-08;85.9223;1.728;0.0034;85.7842;1.7762;0.0033;1;1;1;385750.0;13.0;208765.0;4297.0;389387.0;13.0;210642.0;4448.0
02016440000162;RGE SUL;2021-09;86.5174;1.8782;0.0039;84.6432;2.6671;0.0037;1;1;1;380040.0;15.0;203592.0;4546.0;400103.0;15.0;212687.0;6588.0
02016440000162;RGE SUL;2021-10;88.3733;2.7286;0.0021;86.2697;3.7833;0.002;1;1;1;384214.0;8.0;207473.0;6454.0;399087.0;8.0;213347.0;9144.0
02016440000162;RGE SUL;2021-11;88.9702;1.6985;0.0008;78.9532;8.4502;22.1123;1;1;1;362533.0;3.0;199957.0;3998.0;592014.0;130908.0;226495.0;22034.0
02016440000162;RGE SUL;2021-12;90.9413;1.9849;0.0029;88.9945;3.0713;0.0028;1;1;1;347705.0;10.0;197520.0;4531.0;362927.0;10.0;203527.0;7067.0
02016440000162;RGE SUL;2022-01;87.3439;2.153;0.003;65.1779;17.4362;2.6138;1;1;1;366569.0;11.0;181104.0;4589.0;688984.0;18009.0;263811.0;58135.0
02016440000162;RGE SUL;2022-02;88.2425;1.479;0.0;84.5311;4.0967;0.0;1;1;1;333468.0;0.0;180652.0;3254.0;381133.0;0.0;193625.0;9072.0
02016440000162;RGE SUL;2022-03;86.6738;2.4688;0.0;74.7605;11.12;16.5479;1;1;1;367429.0;0.0;193303.0;5585.0;577517.0;95567.0;221377.0;29093.0
02016440000162;RGE SUL;2022-04;87.4258;2.5401;0.0003;83.9223;4.4674;0.0003;1;1;1;326214.0;1.0;167363.0;4965.0;363482.0;1.0;180956.0;9248.0
02016440000162;RGE SUL;2022-05;87.2957;1.7462;0.0036;86.5543;2.1614;0.0034;1;1;1;337154.0;12.0;181909.0;3836.0;349793.0;12.0;187852.0;4802.0
02016440000162;RGE SUL;2022-06;87.0362;2.0578;0.0;86.9047;2.1323;0.0;1;1;1;291666.0;0.0;159449.0;4057.0;293677.0;0.0;160134.0;4208.0
02016440000162;RGE SUL;2022-07;89.172;1.3098;0.0034;87.7083;2.1671;0.0032;1;1;1;293065.0;10.0;167121.0;2954.0;311395.0;10.0;173807.0;4686.0
02016440000162;RGE SUL;2022-08;87.1809;1.8823;0.0;82.5658;4.6445;0.0;1;1;1;305317.0;0.0;173317.0;4184.0;359885.0;0.0;190156.0;10432.0
02016440000162;RGE SUL;2022-09;92.3543;1.0212;0.0019;91.1415;1.5409;0.0018;1;1;1;264000.0;5.0;146350.0;2024.0;271049.0;5.0;149137.0;2876.0
02016440000162;RGE SUL;2022-10;92.8438;1.4018;0.0033;92.1015;1.8999;0.0033;1;1;1;271991.0;9.0;141872.0;2360.0;276372.0;9.0;143079.0;3161.0
02016440000162;RGE SUL;2022-11;95.8714;0.6648;0.0076;95.649;0.7511;0.0076;1;1;1;248517.0;19.0;141353.0;1187.0;250048.0;19.0;142042.0;1322.0
02016440000162;RGE SUL;2022-12;93.6822;1.0505;0.0131;91.4285;2.1328;0.0122;1;1;1;281605.0;37.0;152408.0;1917.0;302655.0;37.0;159689.0;3911.0
02016440000162;RGE SUL;2023-01;92.8495;0.8751;0.0022;88.3553;2.72;0.0019;1;1;1;314959.0;7.0;161972.0;1862.0;363186.0;7.0;177681.0;5710.0
02016440000162;RGE SUL;2023-02;86.3979;1.8762;0.0135;82.8933;3.7997;0.0125;1;1;1;274059.0;37.0;131379.0;2998.0;295629.0;37.0;138210.0;6156.0
02016440000162;RGE SUL;2023-03;86.5597;1.6952;0.0144;85.2551;2.4033;0.0138;1;1;1;325609.0;47.0;158081.0;3380.0;341057.0;47.0;163735.0;4779.0
02016440000162;RGE SUL;2023-04;88.6026;1.575;0.0016;87.9666;1.6926;0.0016;1;1;1;251227.0;4.0;126108.0;2429.0;253775.0;4.0;127951.0;2718.0
02016440000162;RGE SUL;2023-05;94.5134;0.847;0.0022;94.3603;0.9179;0.0022;1;1;1;275388.0;6.0;157334.0;1692.0;276181.0;6.0;157591.0;1817.0
02016440000162;RGE SUL;2023-06;91.7802;1.138;0.0554;90.8256;1.3237;0.0531;1;1;1;249200.0;138.0;147947.0;2139.0;267293.0;142.0;156774.0;2604.0
02016440000162;RGE SUL;2023-07;87.1499;1.0742;0.0061;81.3516;4.7747;0.0053;1;1;1;247088.0;15.0;144954.0;2151.0;282858.0;15.0;157454.0;8712.0
02016440000162;RGE SUL;2023-08;86.6093;1.3665;0.0063;86.4204;1.5061;3.5707;1;1;1;302472.0;19.0;173090.0;3030.0;323076.0;11536.0;177164.0;3387.0
02016440000162;RGE SUL;2023-09;87.1093;2.0137;0.0037;82.63;4.319;0.0046;1;1;1;294563.0;11.0;156686.0;3848.0;346197.0;16.0;177315.0;8956.0
02016440000162;RGE SUL;2023-10;86.7131;3.0848;0.0018;75.9328;8.7195;0.0014;1;1;1;276309.0;5.0;151432.0;5492.0;359616.0;5.0;185199.0;19134.0
02016440000162;RGE SUL;2023-11;86.3008;2.9526;0.0;65.3265;18.3182;0.0;1;1;1;266887.0;0.0;151459.0;5275.0;419300.0;0.0;192252.0;45491.0
02016440000162;RGE SUL;2023-12;89.9044;1.4302;0.0028;65.0672;14.0145;0.0052;1;1;1;247076.0;7.0;135910.0;2330.0;479609.0;25.0;219153.0;38201.0
02016440000162;RGE SUL;2024-01;87.0979;1.9275;0.0017;58.0453;19.3267;5.4435;1;1;1;230838.0;4.0;136207.0;3145.0;591628.0;32205.0;240747.0;61058.0
02016440000162;RGE SUL;2024-02;88.8681;1.6322;0.0011;87.2539;1.7941;0.001;1;1;1;262001.0;3.0;160066.0;3141.0;290178.0;3.0;175769.0;3833.0
02016440000162;RGE SUL;2024-03;87.1787;1.6477;0.0004;71.1833;10.9728;5.5091;1;1;1;279583.0;1.0;159012.0;3201.0;399778.0;22024.0;193343.0;25408.0
02016440000162;RGE SUL;2024-04;86.409;1.2176;0.0003;84.9951;1.5453;0.0003;1;1;1;298904.0;1.0;158120.0;2554.0;320887.0;1.0;168519.0;3348.0
02016440000162;RGE SUL;2024-05;87.9424;1.065;0.0;83.8605;2.4892;0.0;1;1;1;273506.0;0.0;151887.0;2110.0;343775.0;0.0;185488.0;5569.0
02016440000162;RGE SUL;2024-06;88.4822;1.4312;0.0012;87.3654;2.0627;0.0012;1;1;1;247942.0;3.0;148489.0;2707.0;252350.0;3.0;150038.0;3792.0
02016440000162;RGE SUL;2024-07;94.8097;0.2398;0.006;94.8729;0.2352;0.0058;1;1;1;251392.0;15.0;152266.0;771.0;257729.0;15.0;156114.0;779.0
02016440000162;RGE SUL;2024-08;91.0853;0.9502;0.9589;91.0601;0.9515;0.9562;1;1;1;251331.0;2410.0;148640.0;1829.0;252039.0;2410.0;148963.0;1836.0
02016440000162;RGE SUL;2024-09;88.1177;1.1756;0.0262;86.2248;1.9041;0.0359;1;1;1;274861.0;72.0;155177.0;2301.0;309270.0;111.0;172945.0;3962.0
02016440000162;RGE SUL;2024-10;86.8219;1.1657;0.0337;73.8694;8.2698;3.5249;1;1;1;303095.0;102.0;158458.0;2471.0;423838.0;14940.0;193770.0;18907.0
02016440000162;RGE SUL;2024-11;86.7537;1.2419;0.0;86.6178;1.3064;0.0;1;1;1;280542.0;0.0;147589.0;2438.0;283014.0;0.0;148901.0;2564.0
02016440000162;RGE SUL;2024-12;87.9492;1.6639;0.0;69.6736;11.6311;0.0062;1;1;1;235049.0;0.0;128367.0;2626.0;320896.0;20.0;154467.0;21686.0
02016440000162;RGE SUL;2025-01;86.978;1.6317;0.0;85.6215;2.2776;0.0;1;1;1;278791.0;0.0;146253.0;3024.0;289762.0;0.0;150425.0;4191.0
02016440000162;RGE SUL;2025-02;86.4539;0.9321;0.0;77.9786;5.2772;0.0;1;1;1;252278.0;0.0;153376.0;2160.0;299449.0;0.0;174469.0;11098.0
02016440000162;RGE SUL;2025-03;86.8965;0.7908;0.0;85.1997;1.6021;0.0;1;1;1;250898.0;0.0;135623.0;1553.0;267636.0;0.0;141511.0;2869.0
02016440000162;RGE SUL;2025-04;87.7527;0.5601;0.0;87.7809;0.5577;0.0;1;1;1;241840.0;0.0;125346.0;1164.0;243162.0;0.0;126054.0;1168.0
02016440000162;RGE SUL;2025-05;88.8912;0.9018;0.0;88.9457;0.8962;0.0;1;1;1;269199.0;0.0;137798.0;1713.0;270814.0;0.0;138665.0;1717.0
02016440000162;RGE SUL;2025-06;89.6353;1.0997;0.0;89.2901;1.3597;0.0;1;1;1;258789.0;0.0;134991.0;1920.0;261201.0;0.0;136026.0;2306.0
02016440000162;RGE SUL;2025-07;89.8353;0.911;0.0;89.8822;0.9061;0.0;1;1;1;266058.0;0.0;146615.0;1959.0;267972.0;0.0;147537.0;1964.0
02016440000162;RGE SUL;2025-08;93.1842;0.9752;0.0;88.6;1.6135;0.0;1;1;1;244118.0;0.0;137994.0;1729.0;270171.0;0.0;151343.0;3032.0
02016440000162;RGE SUL;2025-09;87.9889;1.7123;0.0;84.8863;2.9467;0.0;1;1;1;252134.0;0.0;141035.0;3007.0;263883.0;0.0;144722.0;5081.0
02016440000162;RGE SUL;2025-10;90.0526;1.4003;0.0;89.6418;1.5768;0.0;1;1;1;271278.0;0.0;147869.0;4075.0;276795.0;0.0;150121.0;4407.0
02016440000162;RGE SUL;2025-11;87.3023;1.9186;0.0;84.0915;3.1513;0.0;1;1;1;224251.0;0.0;129645.0;3347.0;238926.0;0.0;134889.0;5394.0
02016440000162;RGE SUL;2025-12;88.2188;2.141;0.0;75.4171;8.7089;0.0057;1;1;1;223465.0;0.0;134655.0;3861.0;297619.0;17.0;163402.0;17464.0
02016440000162;RGE SUL;2026-01;86.4819;1.8727;0.0;80.5131;4.5374;0.0;1;1;1;218954.0;0.0;132991.0;3408.0;287793.0;0.0;167534.0;9359.0
02016440000162;RGE SUL;2026-02;86.9201;1.618;0.0;82.0155;3.6783;0.0;1;1;1;210292.0;0.0;123430.0;2719.0;255556.0;0.0;143579.0;6692.0
02016440000162;RGE SUL;2026-03;86.8286;1.0127;0.0;83.5278;2.4438;0.0;1;1;1;254803.0;0.0;149848.0;2204.0;293079.0;0.0;167144.0;5112.0
02016440000162;RGE SUL;2026-04;88.2857;0.9169;0.0;84.4033;2.1677;0.0;1;1;1;208677.0;0.0;130545.0;1807.0;238267.0;0.0;146315.0;4095.0
02016440000162;RGE SUL;2026-05;88.3087;0.5022;0.0018;77.4006;4.9633;0.0014;1;1;1;220654.0;4.0;133724.0;1940.0;293437.0;4.0;166874.0;10667.0
02016440000162;RGE SUL;2026-06;88.626;0.5118;0.0;88.5269;0.5263;0.0;1;1;1;235154.0;0.0;142296.0;1564.0;245244.0;0.0;147982.0;1654.0
02016440000162;RGE SUL;2026-07;87.7627;2.8404;0.0;48.1376;26.8542;0.0238;1;1;1;119454.0;0.0;71901.0;3028.0;415596.0;99.0;199149.0;78947.0
02302100000106;EDP SP;2014-01;99.0977;0.1252;0.0;86.5726;5.5285;0.0;1;1;1;163575.0;0.0;144339.0;661.0;302325.0;0.0;248495.0;17518.0
02302100000106;EDP SP;2014-02;98.185;0.2758;0.0;95.8432;1.0644;0.0;1;1;1;171407.0;0.0;123297.0;637.0;188932.0;0.0;133477.0;1926.0
02302100000106;EDP SP;2014-03;99.5347;0.0758;0.0;97.1367;0.7213;0.0;1;1;1;180318.0;0.0;117256.0;196.0;219218.0;0.0;136262.0;1313.0
02302100000106;EDP SP;2014-04;99.5842;0.0634;0.0;98.856;0.464;0.0;1;1;1;144642.0;0.0;102397.0;129.0;146643.0;0.0;103193.0;578.0
02302100000106;EDP SP;2014-05;99.8156;0.0161;0.0;97.0104;1.3523;0.0;1;1;1;173620.0;0.0;105749.0;81.0;190547.0;0.0;108328.0;1703.0
02302100000106;EDP SP;2014-06;98.1943;1.2307;0.0;98.1952;1.23;0.0;1;1;1;173656.0;0.0;104092.0;1426.0;173744.0;0.0;104146.0;1426.0
02302100000106;EDP SP;2014-07;98.8465;0.0773;0.0;98.7541;0.1048;0.0;1;1;1;213765.0;0.0;130629.0;192.0;215591.0;0.0;131489.0;233.0
02302100000106;EDP SP;2014-08;98.6278;0.173;0.0;90.5912;5.993;0.0;1;1;1;192978.0;0.0;120035.0;328.0;214524.0;0.0;125552.0;8583.0
02302100000106;EDP SP;2014-09;97.9177;0.1537;0.0;96.2196;0.7316;0.0;1;1;1;184702.0;0.0;131909.0;389.0;192249.0;0.0;136362.0;1278.0
02302100000106;EDP SP;2014-10;98.3462;0.1304;0.0;90.9325;6.4179;0.0;1;1;1;181520.0;0.0;116429.0;268.0;198848.0;0.0;119306.0;8801.0
02302100000106;EDP SP;2014-11;95.2576;0.4251;0.0;82.138;7.9277;0.0;1;1;1;159267.0;0.0;115250.0;698.0;185516.0;0.0;132052.0;12626.0
02302100000106;EDP SP;2014-12;94.1649;0.5249;0.0;89.2936;2.6868;0.0;1;1;1;181191.0;0.0;129069.0;976.0;211380.0;0.0;147482.0;4823.0
02302100000106;EDP SP;2015-01;96.2527;0.4485;0.0;74.4712;12.2201;0.0;1;1;1;165089.0;0.0;117636.0;726.0;316181.0;0.0;193582.0;29381.0
02302100000106;EDP SP;2015-02;97.4955;0.1593;0.0;88.3376;3.1349;0.0;1;1;1;146695.0;0.0;109070.0;311.0;221381.0;0.0;160426.0;6214.0
02302100000106;EDP SP;2015-03;99.1494;0.0662;0.0;97.2929;0.569;0.0;1;1;1;170058.0;0.0;125363.0;175.0;200141.0;0.0;145377.0;1047.0
02302100000106;EDP SP;2015-04;98.5425;0.2195;0.0;98.3763;0.2298;0.0;1;1;1;143422.0;0.0;105020.0;316.0;151796.0;0.0;111154.0;354.0
02302100000106;EDP SP;2015-05;99.8528;0.0164;0.0;99.7178;0.0591;0.0;1;1;1;160490.0;0.0;116134.0;71.0;163728.0;0.0;118296.0;129.0
02302100000106;EDP SP;2015-06;99.0984;0.1227;0.0;98.065;0.4129;0.0;1;1;1;174594.0;0.0;114765.0;216.0;185953.0;0.0;121304.0;648.0
02302100000106;EDP SP;2015-07;99.3631;0.1005;0.0;99.1874;0.1306;0.0;1;1;1;167321.0;0.0;118273.0;209.0;171499.0;0.0;120815.0;267.0
02302100000106;EDP SP;2015-08;96.2128;0.4986;0.0;95.0055;0.8722;0.0;1;1;1;154702.0;0.0;109164.0;760.0;167634.0;0.0;117517.0;1304.0
02302100000106;EDP SP;2015-09;94.7129;0.7386;0.0;58.8793;21.5536;0.0;1;1;1;140170.0;0.0;90980.0;843.0;285712.0;0.0;144925.0;42034.0
02302100000106;EDP SP;2015-10;96.3572;0.4734;0.0;94.3534;0.8362;0.0;1;1;1;176971.0;0.0;112045.0;709.0;193150.0;0.0;121193.0;1296.0
02302100000106;EDP SP;2015-11;87.9751;1.7746;0.0;75.6274;8.3382;0.0;1;1;1;179147.0;0.0;119056.0;2587.0;248104.0;0.0;154650.0;15436.0
02302100000106;EDP SP;2015-12;88.355;2.146;0.0;59.4822;21.0942;0.0;1;1;1;188225.0;0.0;112173.0;3101.0;401490.0;0.0;167869.0;49833.0
02302100000106;EDP SP;2016-01;87.2753;1.5673;0.0;79.706;5.788;0.0;1;1;1;223744.0;0.0;128434.0;2798.0;259910.0;0.0;140617.0;10143.0
02302100000106;EDP SP;2016-02;88.4385;1.6942;0.0;73.9211;8.2517;0.0;1;1;1;175708.0;0.0;112918.0;2627.0;279081.0;0.0;159743.0;16650.0
02302100000106;EDP SP;2016-03;89.803;1.3448;0.0;76.0136;8.0388;0.0;1;1;1;169838.0;0.0;118402.0;2180.0;261109.0;0.0;163358.0;16168.0
02302100000106;EDP SP;2016-04;87.6303;1.3347;0.0;83.3773;2.7539;0.0;1;1;1;165284.0;0.0;115913.0;2160.0;188467.0;0.0;129664.0;4567.0
02302100000106;EDP SP;2016-05;88.4654;1.3672;0.1175;77.4522;6.2639;0.0859;1;1;1;165073.0;194.0;115285.0;2184.0;225753.0;194.0;145544.0;11273.0
02302100000106;EDP SP;2016-06;90.0744;0.9985;0.0006;89.1869;1.284;0.0005;1;1;1;176266.0;1.0;122645.0;1753.0;182160.0;1.0;126395.0;2229.0
02302100000106;EDP SP;2016-07;89.6302;0.8863;0.0011;84.6006;3.6028;0.001;1;1;1;187945.0;2.0;128153.0;1698.0;206985.0;2.0;136351.0;6024.0
02302100000106;EDP SP;2016-08;88.2032;1.3613;0.0;71.4657;13.9322;0.0;1;1;1;179466.0;0.0;125790.0;2282.0;242469.0;0.0;147874.0;26791.0
02302100000106;EDP SP;2016-09;90.2766;0.9879;0.0;86.5344;3.3085;0.0;1;1;1;160509.0;0.0;114456.0;1546.0;173836.0;0.0;119708.0;4739.0
02302100000106;EDP SP;2016-10;91.9789;1.8846;0.0;65.9063;19.8091;0.0;1;1;1;161000.0;0.0;106934.0;2836.0;299627.0;0.0;150916.0;44463.0
02302100000106;EDP SP;2016-11;93.2765;1.0692;0.0;73.2345;12.9962;0.0;1;1;1;175620.0;0.0;119082.0;1773.0;270195.0;0.0;152931.0;24812.0
02302100000106;EDP SP;2016-12;88.5098;1.9928;0.0076;76.8827;8.4544;0.007;1;1;1;209503.0;16.0;130375.0;3354.0;287321.0;20.0;158719.0;16310.0
02302100000106;EDP SP;2017-01;90.718;1.7623;0.0;79.8137;7.1518;0.0;1;1;1;209411.0;0.0;133396.0;2943.0;285209.0;0.0;164241.0;14027.0
02302100000106;EDP SP;2017-02;92.3768;0.8629;0.0028;79.2451;9.4498;0.0023;1;1;1;175919.0;5.0;118564.0;1497.0;221358.0;5.0;136164.0;16121.0
02302100000106;EDP SP;2017-03;87.2277;1.4549;0.001;84.7225;2.3971;0.0017;1;1;1;204043.0;2.0;137360.0;2717.0;231631.0;4.0;153584.0;4683.0
02302100000106;EDP SP;2017-04;92.8493;0.8628;0.0013;92.2934;1.0753;0.0012;1;1;1;158446.0;2.0;102607.0;1199.0;163357.0;2.0;105797.0;1488.0
02302100000106;EDP SP;2017-05;86.8123;2.1036;0.0006;73.5766;10.259;0.0014;1;1;1;180230.0;1.0;118483.0;3324.0;221222.0;3.0;137573.0;17971.0
02302100000106;EDP SP;2017-06;88.6308;1.1964;0.0011;88.1243;1.4147;0.001;1;1;1;190312.0;2.0;129827.0;2181.0;196790.0;2.0;133869.0;2577.0
02302100000106;EDP SP;2017-07;92.7641;0.987;0.0021;91.8433;1.4533;0.002;1;1;1;189726.0;4.0;133319.0;1790.0;198764.0;4.0;138468.0;2578.0
02302100000106;EDP SP;2017-08;98.3523;0.2541;0.0011;96.3784;1.0934;0.001;1;1;1;184956.0;2.0;132692.0;540.0;204872.0;2.0;144908.0;2000.0
02302100000106;EDP SP;2017-09;99.314;0.2541;0.0;95.8854;2.0202;0.0;1;1;1;161470.0;0.0;113856.0;470.0;175112.0;0.0;119992.0;2835.0
02302100000106;EDP SP;2017-10;98.6301;0.3296;0.0011;92.2668;2.626;0.0009;1;1;1;181295.0;2.0;127621.0;627.0;226815.0;2.0;153254.0;4762.0
02302100000106;EDP SP;2017-11;97.0887;0.3913;0.0;90.7039;3.697;0.0004;1;1;1;179805.0;0.0;117869.0;712.0;225240.0;1.0;137305.0;5937.0
02302100000106;EDP SP;2017-12;95.3267;0.8704;0.0011;89.8195;3.2565;0.0009;1;1;1;177102.0;2.0;121524.0;1386.0;210663.0;2.0;137430.0;5310.0
02302100000106;EDP SP;2018-01;95.6156;0.3442;0.0005;86.2358;4.3529;0.0004;1;1;1;195249.0;1.0;128853.0;685.0;282121.0;1.0;174996.0;8833.0
02302100000106;EDP SP;2018-02;98.9345;0.2774;0.0;98.5485;0.3797;0.0;1;1;1;153894.0;0.0;106045.0;409.0;165088.0;0.0;112559.0;568.0
02302100000106;EDP SP;2018-03;97.7103;0.1901;0.0;81.241;8.3472;0.0;1;1;1;169359.0;0.0;113382.0;403.0;280624.0;0.0;161144.0;15778.0
02302100000106;EDP SP;2018-04;98.3129;0.2128;0.0;97.9949;0.3118;0.0;1;1;1;144205.0;0.0;104570.0;445.0;145878.0;0.0;105501.0;561.0
02302100000106;EDP SP;2018-05;97.5953;0.2361;0.0;79.1822;9.908;0.0005;1;1;1;151980.0;0.0;103968.0;717.0;211626.0;1.0;120607.0;14480.0
02302100000106;EDP SP;2018-06;97.6339;0.3053;0.0;97.639;0.3046;0.0;1;1;1;155007.0;0.0;108748.0;797.0;159161.0;0.0;111266.0;811.0
02302100000106;EDP SP;2018-07;88.9282;1.7219;0.0;81.3707;3.2781;0.0;1;1;1;181316.0;0.0;116778.0;2827.0;225676.0;0.0;143100.0;6058.0
02302100000106;EDP SP;2018-08;98.0374;0.1289;0.0;97.7694;0.1443;0.0;1;1;1;202601.0;0.0;140960.0;889.0;212427.0;0.0;147416.0;966.0
02302100000106;EDP SP;2018-09;97.7452;0.1841;0.0;95.2869;0.5761;0.0;1;1;1;163650.0;0.0;119832.0;909.0;196598.0;0.0;140662.0;1793.0
02302100000106;EDP SP;2018-10;86.4274;2.5271;0.0868;67.8099;13.1867;0.0474;1;1;1;152069.0;132.0;101713.0;3417.0;299680.0;142.0;174888.0;32197.0
02302100000106;EDP SP;2018-11;97.5745;0.2496;0.0016;81.2697;9.2134;0.001;1;1;1;126119.0;2.0;97511.0;428.0;299371.0;3.0;203775.0;22563.0
02302100000106;EDP SP;2018-12;97.562;0.3052;0.0;84.9892;6.4098;0.0;1;1;1;148594.0;0.0;110080.0;552.0;260965.0;0.0;176528.0;13371.0
02302100000106;EDP SP;2019-01;90.7699;1.0386;0.0062;67.3688;14.7507;0.0029;1;1;1;194229.0;12.0;130536.0;1939.0;411828.0;12.0;228555.0;43330.0
02302100000106;EDP SP;2019-02;89.5277;1.8001;0.0128;73.3506;12.5403;0.0092;1;1;1;219180.0;28.0;126778.0;3155.0;349152.0;32.0;164008.0;25833.0
02302100000106;EDP SP;2019-03;92.2636;1.1398;0.0107;91.1015;1.6489;0.0099;1;1;1;232851.0;25.0;143286.0;2291.0;252986.0;25.0;155079.0;3383.0
02302100000106;EDP SP;2019-04;88.6308;2.3173;0.0005;78.7801;9.5166;0.0004;1;1;1;188688.0;1.0;136491.0;3907.0;239610.0;1.0;150330.0;17101.0
02302100000106;EDP SP;2019-05;90.9297;1.6956;0.0;91.0095;1.6744;0.0;1;1;1;198141.0;0.0;143897.0;3090.0;201854.0;0.0;146397.0;3113.0
02302100000106;EDP SP;2019-06;98.9429;0.0947;0.0007;98.9258;0.097;0.0007;1;1;1;147717.0;1.0;111809.0;318.0;148425.0;1.0;112255.0;322.0
02302100000106;EDP SP;2019-07;98.63;0.1199;0.0;98.2141;0.1629;0.0;1;1;1;179257.0;0.0;131595.0;438.0;191127.0;0.0;138525.0;560.0
02302100000106;EDP SP;2019-08;95.5827;0.2924;0.0;95.5463;0.3004;0.0;1;1;1;172249.0;0.0;125816.0;681.0;176135.0;0.0;128113.0;709.0
02302100000106;EDP SP;2019-09;99.2775;0.0768;0.0006;99.0009;0.1526;0.0006;1;1;1;167337.0;1.0;122264.0;326.0;172772.0;1.0;125620.0;454.0
02302100000106;EDP SP;2019-10;99.9043;0.0101;0.0023;99.8737;0.0107;0.0022;1;1;1;176494.0;4.0;128460.0;210.0;181155.0;4.0;131422.0;221.0
02302100000106;EDP SP;2019-11;99.8248;0.0224;0.0012;98.2433;0.4096;0.0015;1;1;1;160752.0;2.0;115846.0;191.0;194582.0;3.0;136174.0;873.0
02302100000106;EDP SP;2019-12;99.8663;0.0509;0.0;99.8627;0.0526;0.0;1;1;1;162280.0;0.0;115879.0;228.0;171294.0;0.0;121562.0;257.0
02302100000106;EDP SP;2020-01;99.7723;0.0306;0.0;98.8121;0.1308;0.0;1;1;1;182594.0;0.0;130811.0;277.0;232357.0;0.0;161841.0;605.0
02302100000106;EDP SP;2020-02;99.8762;0.0242;0.0018;99.0607;0.2261;0.0016;1;1;1;163404.0;3.0;115473.0;225.0;190576.0;3.0;131931.0;593.0
02302100000106;EDP SP;2020-03;99.8712;0.0318;0.013;99.5532;0.0828;0.0115;1;1;1;169686.0;22.0;113327.0;203.0;190916.0;22.0;125466.0;338.0
02302100000106;EDP SP;2020-04;90.3789;1.5125;0.0025;76.4787;6.4941;0.0042;1;1;1;157147.0;4.0;100800.0;1932.0;213586.0;9.0;133648.0;10286.0
02302100000106;EDP SP;2020-05;83.599;3.2442;0.0016;46.29;19.5681;0.0018;0;1;1;124978.0;2.0;81777.0;3451.0;275171.0;5.0;151919.0;39937.0
02302100000106;EDP SP;2020-06;90.9387;1.484;0.0;72.5721;6.1051;0.0;1;1;1;146536.0;0.0;102231.0;1959.0;266284.0;0.0;177822.0;13279.0
02302100000106;EDP SP;2020-07;85.8182;1.5505;0.0015;67.574;3.6352;0.0014;1;1;1;137920.0;2.0;99055.0;2213.0;276637.0;4.0;192982.0;9770.0
02302100000106;EDP SP;2020-08;96.1532;0.6226;0.0;87.1839;2.1168;0.0004;1;1;1;177288.0;0.0;126897.0;1125.0;239479.0;1.0;167811.0;4407.0
02302100000106;EDP SP;2020-09;94.1354;0.609;0.0005;90.342;1.1164;0.0004;1;1;1;182565.0;1.0;130565.0;1272.0;225963.0;1.0;157837.0;2590.0
02302100000106;EDP SP;2020-10;98.5961;0.2698;0.022;91.2669;2.5889;3.3429;1;1;1;186067.0;41.0;133050.0;681.0;280419.0;9374.0;184256.0;6005.0
02302100000106;EDP SP;2020-11;93.8865;0.9746;0.0023;87.8418;1.8459;0.008;1;1;1;176434.0;4.0;120917.0;1626.0;263919.0;21.0;174250.0;4330.0
02302100000106;EDP SP;2020-12;89.0736;1.4637;0.0;72.8571;7.4436;0.0003;1;1;1;159746.0;0.0;108588.0;2191.0;358356.0;1.0;209594.0;19320.0
02302100000106;EDP SP;2021-01;90.5582;2.3944;0.0027;86.0431;3.9082;0.0022;1;1;1;260665.0;7.0;165132.0;4824.0;323131.0;7.0;196254.0;9301.0
02302100000106;EDP SP;2021-02;97.162;0.433;0.0004;92.5282;1.9296;0.0006;1;1;1;227137.0;1.0;147174.0;1060.0;320599.0;2.0;196029.0;4814.0
02302100000106;EDP SP;2021-03;97.1554;0.5111;0.0031;90.1032;4.2682;0.0023;1;1;1;256055.0;8.0;170922.0;1340.0;349202.0;8.0;207176.0;10472.0
02302100000106;EDP SP;2021-04;99.3218;0.2491;0.0;99.0708;0.3522;0.0;1;1;1;224629.0;0.0;151783.0;688.0;230615.0;0.0;154741.0;895.0
02302100000106;EDP SP;2021-05;97.714;0.3894;0.0005;97.1736;0.6578;0.0008;1;1;1;213599.0;1.0;147326.0;1052.0;236771.0;2.0;160696.0;1682.0
02302100000106;EDP SP;2021-06;91.8489;1.0398;0.0;91.0984;1.3781;0.0;1;1;1;230417.0;0.0;153034.0;2575.0;238034.0;0.0;156726.0;3260.0
02302100000106;EDP SP;2021-07;97.8541;0.3929;0.0;97.7896;0.4055;0.0;1;1;1;220988.0;0.0;151365.0;1115.0;224648.0;0.0;153508.0;1168.0
02302100000106;EDP SP;2021-08;98.6396;0.3703;0.0041;98.5989;0.3825;0.004;1;1;1;220917.0;9.0;150129.0;1083.0;223170.0;9.0;151586.0;1127.0
02302100000106;EDP SP;2021-09;95.896;0.5207;0.0005;95.4716;0.618;0.0005;1;1;1;204660.0;1.0;139475.0;1356.0;208319.0;1.0;141356.0;1561.0
02302100000106;EDP SP;2021-10;80.4365;4.1192;0.3366;79.5752;4.5734;0.3108;0;0;1;347914.0;1171.0;108631.0;5720.0;376712.0;1171.0;122731.0;7219.0
02302100000106;EDP SP;2021-11;64.5081;7.5428;0.0004;64.4687;7.6301;0.0004;0;0;1;227471.0;1.0;109252.0;10887.0;234096.0;1.0;112670.0;11373.0
02302100000106;EDP SP;2021-12;85.2915;2.4551;0.0005;81.2456;4.5814;0.0012;1;1;1;212356.0;1.0;139336.0;4630.0;253516.0;3.0;156892.0;9225.0
02302100000106;EDP SP;2022-01;82.7312;2.2444;0.0005;78.5417;4.7178;0.0007;0;1;1;221969.0;1.0;145172.0;4729.0;286060.0;2.0;171952.0;10693.0
02302100000106;EDP SP;2022-02;88.2563;1.6275;0.0;87.8537;1.7159;0.0;1;1;1;207270.0;0.0;137510.0;3388.0;215322.0;0.0;142106.0;3650.0
02302100000106;EDP SP;2022-03;85.8375;2.0117;0.0032;79.1499;5.4715;0.0025;1;1;1;250117.0;8.0;156650.0;4582.0;318685.0;8.0;183806.0;12840.0
02302100000106;EDP SP;2022-04;91.3521;0.9703;0.0018;78.2319;10.9665;0.0017;1;1;1;221590.0;4.0;119414.0;1968.0;293461.0;5.0;136638.0;18681.0
02302100000106;EDP SP;2022-05;88.1235;1.3575;0.0009;84.9851;2.1721;0.0008;1;1;1;222212.0;2.0;141329.0;3194.0;243051.0;2.0;151287.0;4917.0
02302100000106;EDP SP;2022-06;94.7277;0.5454;0.0;94.6755;0.5821;0.0;1;1;1;194051.0;0.0;130028.0;1542.0;195243.0;0.0;130646.0;1607.0
02302100000106;EDP SP;2022-07;97.2901;0.4734;0.0;96.9896;0.6313;0.0;1;1;1;196047.0;0.0;132437.0;1382.0;206982.0;0.0;138835.0;1713.0
02302100000106;EDP SP;2022-08;91.4737;1.1689;0.0005;82.2429;6.1435;0.0004;1;1;1;198140.0;1.0;135874.0;2651.0;236197.0;1.0;152452.0;11812.0
02302100000106;EDP SP;2022-09;93.32;1.0199;0.0049;92.895;1.2112;0.0048;1;1;1;205858.0;10.0;123932.0;2107.0;209031.0;10.0;125359.0;2424.0
02302100000106;EDP SP;2022-10;91.3515;1.0639;0.0018;85.5668;5.7327;0.0016;1;1;1;223934.0;4.0;132426.0;2533.0;250598.0;4.0;138836.0;10140.0
02302100000106;EDP SP;2022-11;88.8221;1.1761;0.0018;86.3481;2.0243;0.0017;1;1;1;219717.0;4.0;130918.0;2924.0;238444.0;4.0;139199.0;4575.0
02302100000106;EDP SP;2022-12;90.7298;1.3272;0.0013;84.141;3.2413;0.0011;1;1;1;236473.0;3.0;139768.0;3077.0;284071.0;3.0;161944.0;7346.0
02302100000106;EDP SP;2023-01;93.6633;0.6772;0.0008;88.0931;3.0748;0.001;1;1;1;250881.0;2.0;149610.0;2105.0;291698.0;3.0;168234.0;7189.0
02302100000106;EDP SP;2023-02;86.5425;1.6354;0.0017;81.3861;3.7308;0.0021;1;1;1;233670.0;4.0;135207.0;3890.0;289680.0;6.0;161172.0;8584.0
02302100000106;EDP SP;2023-03;87.7755;1.8196;0.0;80.2851;4.9405;0.0005;1;1;1;146146.0;0.0;142068.0;3919.0;194337.0;1.0;181807.0;11934.0
02302100000106;EDP SP;2023-04;93.6849;1.2;0.2688;91.0371;2.8511;0.3165;1;1;1;134651.0;362.0;131903.0;2664.0;160179.0;507.0;154119.0;5915.0
02302100000106;EDP SP;2023-05;96.2565;0.1956;0.1594;95.0324;0.2579;0.1815;1;1;1;204455.0;326.0;151008.0;1525.0;233574.0;424.0;171693.0;1935.0
02302100000106;EDP SP;2023-06;90.4202;0.9732;0.0566;84.8883;2.2944;0.0605;1;1;1;187418.0;106.0;135839.0;3190.0;213161.0;129.0;152025.0;6317.0
02302100000106;EDP SP;2023-07;88.4958;0.9632;0.0198;71.8244;10.9483;0.0153;1;1;1;191568.0;38.0;134804.0;2512.0;273619.0;42.0;165694.0;22846.0
02302100000106;EDP SP;2023-08;88.1155;0.7791;0.0072;86.646;1.6081;0.0069;1;1;1;237478.0;17.0;155888.0;2253.0;261332.0;18.0;164711.0;3931.0
02302100000106;EDP SP;2023-09;84.2749;1.899;0.0159;79.0678;4.7366;0.0131;0;1;1;208026.0;33.0;133591.0;3607.0;259286.0;34.0;153275.0;9117.0
02302100000106;EDP SP;2023-10;87.1029;2.892;0.0089;79.7037;5.656;0.0072;1;1;1;225220.0;20.0;140356.0;4901.0;335446.0;24.0;191423.0;13001.0
02302100000106;EDP SP;2023-11;88.2825;1.5113;0.0093;74.4038;9.7987;0.0109;1;1;1;215996.0;20.0;137569.0;2850.0;377175.0;41.0;197612.0;23560.0
02302100000106;EDP SP;2023-12;86.4991;2.1611;0.0;80.415;4.9921;0.0;1;1;1;211102.0;0.0;125812.0;3755.0;265768.0;0.0;147952.0;9292.0
02302100000106;EDP SP;2024-01;66.3618;5.6471;0.0118;62.0048;10.2778;0.0103;0;0;1;270370.0;32.0;162972.0;11668.0;377884.0;39.0;204014.0;26343.0
02302100000106;EDP SP;2024-02;80.3755;2.435;0.0147;79.8818;2.6293;0.0137;0;1;1;271328.0;40.0;173772.0;5641.0;291154.0;40.0;183274.0;6419.0
02302100000106;EDP SP;2024-03;98.4203;0.3455;0.0205;96.5159;0.9977;0.02;1;1;1;258450.0;53.0;174486.0;1039.0;279784.0;56.0;185664.0;2486.0
02302100000106;EDP SP;2024-04;98.7308;0.1458;0.0281;98.4706;0.1604;0.028;1;1;1;242348.0;68.0;173244.0;625.0;246508.0;69.0;176127.0;685.0
02302100000106;EDP SP;2024-05;98.5059;0.1692;0.0271;95.9516;0.5759;0.0238;1;1;1;232163.0;63.0;161093.0;739.0;264906.0;63.0;177831.0;1725.0
02302100000106;EDP SP;2024-06;98.3017;0.1407;0.0227;98.1525;0.1438;0.0226;1;1;1;215859.0;49.0;149061.0;648.0;217204.0;49.0;149988.0;669.0
02302100000106;EDP SP;2024-07;92.935;0.4518;0.0106;92.6908;0.5241;0.0105;1;1;1;246153.0;26.0;164379.0;1574.0;247348.0;26.0;165127.0;1738.0
02302100000106;EDP SP;2024-08;92.4355;0.4175;0.0054;90.9391;1.0991;0.0106;1;1;1;239893.0;13.0;161014.0;1493.0;263546.0;28.0;170255.0;2914.0
02302100000106;EDP SP;2024-09;91.9634;0.4891;0.0101;91.9638;0.4859;0.01;1;1;1;217322.0;22.0;143832.0;1431.0;220062.0;22.0;145205.0;1442.0
02302100000106;EDP SP;2024-10;97.1918;0.2655;0.0084;95.7322;0.7781;0.0082;1;1;1;251072.0;21.0;164543.0;950.0;267775.0;22.0;171136.0;1978.0
02302100000106;EDP SP;2024-11;99.0723;0.0539;0.0076;97.6751;0.3408;0.0081;1;1;1;209153.0;16.0;138983.0;369.0;220864.0;18.0;144458.0;900.0
02302100000106;EDP SP;2024-12;97.9873;0.2189;0.0049;91.6179;2.9606;0.005;1;1;1;222361.0;11.0;130828.0;660.0;297418.0;15.0;154414.0;5551.0
02302100000106;EDP SP;2025-01;98.4315;0.3013;0.0019;97.8903;0.4281;0.0017;1;1;1;266031.0;5.0;158145.0;941.0;296383.0;5.0;172361.0;1322.0
02302100000106;EDP SP;2025-02;97.1562;0.1972;0.0057;95.5094;0.5825;0.0075;1;1;1;247199.0;14.0;151857.0;887.0;295295.0;22.0;173569.0;1863.0
02302100000106;EDP SP;2025-03;95.5981;0.3168;0.0115;92.255;1.9868;0.0097;1;1;1;234791.0;27.0;151045.0;1172.0;278050.0;27.0;167236.0;4479.0
02302100000106;EDP SP;2025-04;92.2051;0.5094;0.0057;91.7471;0.5975;0.0054;1;1;1;226807.0;13.0;144151.0;1527.0;239508.0;13.0;150231.0;1778.0
02302100000106;EDP SP;2025-05;98.1722;0.1181;0.0083;98.1218;0.1316;0.0083;1;1;1;229573.0;19.0;145524.0;601.0;230143.0;19.0;145746.0;631.0
02302100000106;EDP SP;2025-06;96.337;0.2175;0.0177;96.1283;0.2189;0.0174;1;1;1;243366.0;43.0;139472.0;800.0;247757.0;43.0;141745.0;824.0
02302100000106;EDP SP;2025-07;96.1755;0.1893;0.0133;95.1331;0.3051;0.0126;1;1;1;284725.0;38.0;159196.0;845.0;301686.0;38.0;166313.0;1138.0
02302100000106;EDP SP;2025-08;94.0621;0.2629;0.0142;94.0678;0.2624;0.0141;1;1;1;275274.0;39.0;156292.0;1159.0;277556.0;39.0;157369.0;1164.0
02302100000106;EDP SP;2025-09;88.7908;0.8814;0.011;87.1643;1.4503;0.0106;1;1;1;272047.0;30.0;152040.0;2236.0;293226.0;31.0;159076.0;3379.0
02302100000106;EDP SP;2025-10;91.048;0.8944;0.0138;90.2247;1.2785;0.0148;1;1;1;296549.0;41.0;164667.0;2315.0;310135.0;46.0;170655.0;3178.0
02302100000106;EDP SP;2025-11;97.3308;0.1554;0.0153;94.8422;0.7788;0.0158;1;1;1;241860.0;37.0;138738.0;654.0;265282.0;42.0;147146.0;1803.0
02302100000106;EDP SP;2025-12;98.1239;0.1948;0.0049;85.7093;5.0153;0.0061;1;1;1;246255.0;12.0;131132.0;588.0;357824.0;22.0;166378.0;10040.0
02302100000106;EDP SP;2026-01;91.0737;0.6835;0.0095;90.6036;0.9883;0.0119;1;1;1;327764.0;31.0;162311.0;1996.0;353456.0;42.0;170807.0;2702.0
02302100000106;EDP SP;2026-02;92.8541;0.4621;0.0121;89.2341;1.6665;0.0132;1;1;1;272905.0;33.0;140881.0;1346.0;311693.0;41.0;153238.0;3580.0
02302100000106;EDP SP;2026-03;96.6309;0.133;0.0054;96.5846;0.1373;0.0054;1;1;1;275247.0;15.0;146460.0;730.0;276333.0;15.0;146926.0;742.0
02302100000106;EDP SP;2026-04;95.7994;0.2819;0.0036;95.4855;0.3333;0.0036;1;1;1;247865.0;9.0;135502.0;993.0;252387.0;9.0;137540.0;1095.0
02302100000106;EDP SP;2026-05;96.9187;0.1468;0.0095;96.9193;0.1468;0.0095;1;1;1;232375.0;22.0;132638.0;740.0;232438.0;22.0;132666.0;740.0
02302100000106;EDP SP;2026-06;98.6469;0.0744;0.0096;98.6485;0.0741;0.0095;1;1;1;218900.0;21.0;127610.0;426.0;219956.0;21.0;128059.0;429.0
02302100000106;EDP SP;2026-07;95.686;0.2135;0.0141;92.7414;0.9239;0.0151;1;1;1;247903.0;35.0;147227.0;908.0;284570.0;43.0;160000.0;2347.0
02328280000197;ELEKTRO;2014-01;92.0435;1.2013;1.1697;80.0671;5.3394;7.1888;1;1;1;418303.0;4893.0;222308.0;3352.0;553068.0;39759.0;254602.0;17687.0
02328280000197;ELEKTRO;2014-02;94.1426;0.7054;0.4818;92.3931;1.4003;0.468;1;1;1;373825.0;1801.0;196355.0;2042.0;384846.0;1801.0;200469.0;3903.0
02328280000197;ELEKTRO;2014-03;90.6672;1.5191;1.7271;83.9769;4.3234;1.8282;1;1;1;340348.0;5878.0;197725.0;3700.0;375070.0;6857.0;210943.0;11477.0
02328280000197;ELEKTRO;2014-04;94.9005;0.4369;0.459;90.6141;2.157;1.1994;1;1;1;294976.0;1354.0;183235.0;1125.0;312813.0;3752.0;189923.0;4991.0
02328280000197;ELEKTRO;2014-05;97.5772;0.2929;0.9352;97.4671;0.3068;1.1334;1;1;1;307523.0;2876.0;181778.0;695.0;311551.0;3531.0;183569.0;739.0
02328280000197;ELEKTRO;2014-06;98.639;0.1429;0.0961;98.3699;0.3312;0.0958;1;1;1;273639.0;263.0;164867.0;342.0;274404.0;263.0;165205.0;695.0
02328280000197;ELEKTRO;2014-07;98.1722;0.2464;0.0037;97.9723;0.2828;0.0037;1;1;1;298041.0;11.0;182994.0;595.0;301143.0;11.0;185496.0;688.0
02328280000197;ELEKTRO;2014-08;99.1332;0.0813;0.0025;94.1302;3.0523;25.3304;1;1;1;278813.0;7.0;177053.0;217.0;399310.0;101147.0;181615.0;6079.0
02328280000197;ELEKTRO;2014-09;95.619;0.4413;0.2457;81.1073;6.3339;8.8472;1;1;1;326394.0;802.0;204868.0;1350.0;443113.0;39203.0;236299.0;18079.0
02328280000197;ELEKTRO;2014-10;91.8793;1.626;0.2459;77.4656;10.1604;11.2303;1;1;1;333045.0;819.0;206191.0;4139.0;478591.0;53747.0;234255.0;30253.0
02328280000197;ELEKTRO;2014-11;91.4783;1.0986;0.604;82.6829;5.9682;1.5624;1;1;1;347674.0;2100.0;208324.0;3089.0;395727.0;6183.0;224281.0;17866.0
02328280000197;ELEKTRO;2014-12;90.5203;1.2765;0.7255;83.7771;3.921;1.3453;1;1;1;368150.0;2671.0;212523.0;3516.0;416340.0;5601.0;235061.0;11543.0
02328280000197;ELEKTRO;2015-01;87.7745;1.5175;0.3311;40.9901;20.4251;5.7129;1;1;1;175785.0;582.0;95659.0;2056.0;682205.0;38974.0;289140.0;88171.0
02328280000197;ELEKTRO;2015-02;92.5599;0.9119;0.0252;59.5386;14.2763;4.3022;1;1;1;230258.0;58.0;131583.0;1852.0;494393.0;21270.0;231995.0;48739.0
02328280000197;ELEKTRO;2015-03;91.6807;1.2526;0.016;75.772;8.1664;0.4073;1;1;1;294109.0;47.0;180847.0;3437.0;379303.0;1545.0;217845.0;29451.0
02328280000197;ELEKTRO;2015-04;92.8854;0.685;0.5415;70.6872;6.869;1.0336;1;1;1;235628.0;1276.0;134833.0;2089.0;348009.0;3597.0;183156.0;27601.0
02328280000197;ELEKTRO;2015-05;88.4281;1.0773;0.0098;71.8585;7.3048;1.2083;1;1;1;317915.0;31.0;153532.0;2795.0;439958.0;5316.0;186754.0;22918.0
02328280000197;ELEKTRO;2015-06;88.9729;0.9935;0.0048;79.1104;4.4507;0.0295;1;1;1;290424.0;14.0;166515.0;2714.0;345673.0;102.0;188129.0;14206.0
02328280000197;ELEKTRO;2015-07;91.6231;0.9821;0.0054;84.5736;3.6983;0.0048;1;1;1;297715.0;16.0;176028.0;2486.0;330301.0;16.0;191444.0;11429.0
02328280000197;ELEKTRO;2015-08;88.1495;1.2581;0.4316;83.0505;2.9141;0.3931;1;1;1;278992.0;1204.0;167096.0;3180.0;306282.0;1204.0;178609.0;8399.0
02328280000197;ELEKTRO;2015-09;85.8939;1.5982;0.0324;39.7623;24.5861;43.6416;1;1;1;231393.0;75.0;120982.0;3405.0;1102310.0;481066.0;229658.0;91593.0
02328280000197;ELEKTRO;2015-10;87.735;1.5671;0.0063;50.6109;19.282;8.6779;1;1;1;204904.0;13.0;122485.0;3833.0;520669.0;45183.0;216305.0;81329.0
02328280000197;ELEKTRO;2015-11;86.9985;1.9522;0.0371;23.5639;33.589;16.8913;1;1;1;102440.0;38.0;65692.0;1804.0;729364.0;123199.0;260262.0;151138.0
02328280000197;ELEKTRO;2015-12;89.6731;1.5304;0.0;40.8804;24.0251;9.1271;1;1;1;193465.0;0.0;114271.0;2905.0;586350.0;53517.0;245721.0;95184.0
02328280000197;ELEKTRO;2016-01;88.7768;2.8036;0.2263;85.7595;4.2287;0.2168;1;1;1;407475.0;922.0;231170.0;10639.0;425281.0;922.0;238888.0;15764.0
02328280000197;ELEKTRO;2016-02;88.5567;1.3823;0.0;84.4995;3.2313;0.1482;1;1;1;370992.0;0.0;219094.0;5111.0;398036.0;590.0;229066.0;11255.0
02328280000197;ELEKTRO;2016-03;87.0268;1.5475;0.0005;77.9397;6.3277;0.2524;1;1;1;373967.0;2.0;229740.0;5845.0;435049.0;1098.0;252428.0;23751.0
02328280000197;ELEKTRO;2016-04;92.4095;0.802;0.0019;89.8353;2.0452;0.0018;1;1;1;270021.0;5.0;175016.0;3062.0;277732.0;5.0;178357.0;5702.0
02328280000197;ELEKTRO;2016-05;89.8678;1.6882;0.0013;84.7828;4.5165;0.0013;1;1;1;297126.0;4.0;182570.0;4737.0;314857.0;4.0;188474.0;11550.0
02328280000197;ELEKTRO;2016-06;87.8443;1.49;0.0015;75.2697;6.7517;1.0926;1;1;1;329837.0;5.0;192519.0;4613.0;406478.0;4441.0;218175.0;21181.0
02328280000197;ELEKTRO;2016-07;91.4068;0.7547;0.001;90.3042;0.9398;0.001;1;1;1;305029.0;3.0;184096.0;1989.0;312321.0;3.0;187193.0;2667.0
02328280000197;ELEKTRO;2016-08;88.6692;1.2137;0.0031;76.5275;7.2937;4.1186;1;1;1;325522.0;10.0;191429.0;3587.0;415921.0;17130.0;212988.0;21755.0
02328280000197;ELEKTRO;2016-09;90.246;1.378;1.9812;86.181;3.4582;4.0274;1;1;1;320318.0;6346.0;212916.0;8147.0;359442.0;14476.0;221266.0;14710.0
02328280000197;ELEKTRO;2016-10;89.9138;1.029;0.8021;78.7775;5.7301;0.703;1;1;1;359442.0;2883.0;209379.0;3019.0;427611.0;3006.0;238996.0;18150.0
02328280000197;ELEKTRO;2016-11;90.1706;1.1222;1.296;72.6561;10.0568;1.6878;1;1;1;330011.0;4277.0;200363.0;3330.0;441278.0;7448.0;236441.0;32177.0
02328280000197;ELEKTRO;2016-12;87.2177;1.8979;1.8526;76.6237;7.5181;10.3822;1;1;1;396471.0;7345.0;246607.0;6614.0;507367.0;52676.0;269288.0;28493.0
02328280000197;ELEKTRO;2017-01;87.8336;1.4659;0.0093;72.845;8.1396;0.0076;1;1;1;386551.0;36.0;224777.0;4830.0;500656.0;38.0;269759.0;28695.0
02328280000197;ELEKTRO;2017-02;87.183;1.3641;0.074;66.8625;9.8302;0.0561;1;1;1;273039.0;202.0;167182.0;3322.0;361919.0;203.0;206927.0;27404.0
02328280000197;ELEKTRO;2017-03;88.5039;1.4918;0.001;64.5637;13.4982;0.0055;1;1;1;310561.0;3.0;189183.0;4016.0;451491.0;25.0;244820.0;45340.0
02328280000197;ELEKTRO;2017-04;86.6906;1.866;0.0054;69.4819;10.4316;1.0879;1;1;1;261039.0;14.0;151462.0;3864.0;320063.0;3482.0;175418.0;24176.0
02328280000197;ELEKTRO;2017-05;87.6881;1.2606;0.0055;68.6872;10.2055;0.0894;1;1;1;291449.0;16.0;179219.0;11789.0;388274.0;347.0;219006.0;38525.0
02328280000197;ELEKTRO;2017-06;86.7507;2.1493;0.0057;76.8405;6.9198;0.0051;1;1;1;263923.0;15.0;158430.0;4624.0;292762.0;15.0;171491.0;15715.0
02328280000197;ELEKTRO;2017-07;86.7735;1.2647;0.0034;85.4213;1.8766;0.0041;1;1;1;262880.0;9.0;163557.0;3053.0;267360.0;11.0;165647.0;4302.0
02328280000197;ELEKTRO;2017-08;88.9501;1.1429;0.0026;88.6621;1.2882;0.0026;1;1;1;305283.0;8.0;165035.0;2820.0;307505.0;8.0;166135.0;3126.0
02328280000197;ELEKTRO;2017-09;87.8881;1.2253;0.0194;84.8695;2.7684;0.0187;1;1;1;277753.0;54.0;150186.0;2617.0;289254.0;54.0;154569.0;5448.0
02328280000197;ELEKTRO;2017-10;85.5054;1.8825;0.0014;55.274;18.5434;0.2046;1;1;1;286916.0;4.0;146615.0;3777.0;443297.0;907.0;195100.0;51175.0
02328280000197;ELEKTRO;2017-11;87.0241;1.5063;0.0217;70.2401;12.5672;5.3907;1;1;1;349841.0;76.0;163203.0;3427.0;484004.0;26091.0;182537.0;30153.0
02328280000197;ELEKTRO;2017-12;87.5376;1.6007;0.2376;64.7252;15.829;0.5298;1;1;1;300873.0;715.0;155774.0;3506.0;401654.0;2128.0;183087.0;39922.0
02328280000197;ELEKTRO;2018-01;85.2758;2.4394;0.0006;65.591;12.4868;0.2104;1;1;1;354965.0;2.0;182768.0;16295.0;501006.0;1054.0;236374.0;54037.0
02328280000197;ELEKTRO;2018-02;88.5893;1.5336;0.0004;69.6767;11.6121;0.0019;1;1;1;257737.0;1.0;139907.0;2980.0;316705.0;6.0;163013.0;25965.0
02328280000197;ELEKTRO;2018-03;86.5696;1.5831;0.0104;60.4992;14.0646;1.7154;1;1;1;288020.0;30.0;156971.0;3531.0;420375.0;7211.0;205695.0;40243.0
02328280000197;ELEKTRO;2018-04;87.7543;1.5569;0.0019;82.2037;4.3068;0.0018;1;1;1;257801.0;5.0;149598.0;3244.0;270867.0;5.0;155754.0;8758.0
02328280000197;ELEKTRO;2018-05;90.5404;1.0231;1.0901;78.0994;9.3689;7.4611;1;1;1;245205.0;2673.0;140185.0;2029.0;320020.0;23877.0;149467.0;17143.0
02328280000197;ELEKTRO;2018-06;88.1827;0.9821;0.0013;88.1864;0.9816;0.0013;1;1;1;239188.0;3.0;137919.0;2002.0;239266.0;3.0;137997.0;2002.0
02328280000197;ELEKTRO;2018-07;85.3344;1.4843;0.3622;75.7135;6.7876;0.8925;1;1;1;278337.0;1008.0;159755.0;3442.0;308556.0;2754.0;172416.0;15606.0
02328280000197;ELEKTRO;2018-08;86.6849;1.3057;0.0302;83.5406;3.3416;0.0753;1;1;1;297760.0;90.0;169621.0;3312.0;308231.0;232.0;172629.0;7594.0
02328280000197;ELEKTRO;2018-09;85.8849;1.3013;0.3187;76.0364;6.7654;0.5344;1;1;1;296790.0;946.0;155330.0;3073.0;337188.0;1802.0;169178.0;14810.0
02328280000197;ELEKTRO;2018-10;85.4541;1.9502;0.028;47.0486;24.4015;11.6988;1;1;1;271134.0;76.0;133790.0;3758.0;575384.0;67313.0;202740.0;78408.0
02328280000197;ELEKTRO;2018-11;85.1595;2.2831;0.6373;42.6672;26.7211;9.511;1;1;1;260300.0;1659.0;125447.0;3977.0;602659.0;57319.0;207501.0;89553.0
02328280000197;ELEKTRO;2018-12;86.314;2.4282;0.0056;46.9006;26.4706;1.6854;1;1;1;266149.0;15.0;129953.0;4460.0;499893.0;8425.0;188189.0;78524.0
02328280000197;ELEKTRO;2019-01;85.6463;3.3813;0.0024;24.8889;41.2377;1.8872;1;1;1;166905.0;4.0;84094.0;3689.0;643321.0;12141.0;206879.0;166474.0
02328280000197;ELEKTRO;2019-02;86.2339;2.7328;1.5904;23.3925;42.1135;5.567;1;1;1;133802.0;2128.0;63888.0;2400.0;618142.0;34412.0;188446.0;154981.0
02328280000197;ELEKTRO;2019-03;88.4307;3.2329;0.0029;24.6685;44.0457;0.0253;1;1;1;139431.0;4.0;71388.0;3046.0;501565.0;127.0;173469.0;156135.0
02328280000197;ELEKTRO;2019-04;86.3601;3.619;0.0604;30.0495;40.1925;6.2681;1;1;1;158945.0;96.0;80801.0;3595.0;469346.0;29419.0;162747.0;125128.0
02328280000197;ELEKTRO;2019-05;86.0659;2.475;0.004;37.1063;33.8403;1.2009;1;1;1;174528.0;7.0;91022.0;2934.0;375212.0;4506.0;155939.0;91785.0
02328280000197;ELEKTRO;2019-06;85.42;1.6544;0.0034;80.6634;4.8387;0.003;1;1;1;268634.0;9.0;154790.0;3381.0;297104.0;9.0;168466.0;10003.0
02328280000197;ELEKTRO;2019-07;85.3549;1.2691;0.0007;77.5006;6.4986;0.0015;1;1;1;300705.0;2.0;168512.0;3020.0;330836.0;5.0;180267.0;14533.0
02328280000197;ELEKTRO;2019-08;85.5242;1.4247;0.0;75.934;6.7798;0.0064;1;1;1;281742.0;0.0;165570.0;3230.0;330584.0;21.0;189787.0;16440.0
02328280000197;ELEKTRO;2019-09;88.8179;1.5776;0.0;46.7575;22.5843;0.0032;1;1;1;195750.0;0.0;105437.0;2331.0;370391.0;12.0;174324.0;63094.0
02328280000197;ELEKTRO;2019-10;85.0568;2.3367;1.7011;68.599;10.0071;6.9395;1;1;1;301745.0;5133.0;171149.0;5660.0;468465.0;32509.0;230919.0;32747.0
02328280000197;ELEKTRO;2019-11;89.739;2.6479;0.0;28.0145;35.8952;2.4444;1;1;1;133893.0;0.0;64193.0;2593.0;519263.0;12693.0;186556.0;135146.0
02328280000197;ELEKTRO;2019-12;91.3188;1.7529;0.9089;31.3861;34.9864;1.4358;1;1;1;146778.0;1334.0;67315.0;1902.0;473476.0;6798.0;170270.0;122929.0
02328280000197;ELEKTRO;2020-01;85.4235;3.3607;0.0;69.8076;8.309;0.0;1;1;1;331558.0;0.0;216503.0;11524.0;458816.0;0.0;276837.0;42477.0
02328280000197;ELEKTRO;2020-02;86.0815;3.8983;0.001;85.273;4.2;0.001;1;1;1;385054.0;4.0;202816.0;23339.0;420770.0;4.0;217353.0;27123.0
02328280000197;ELEKTRO;2020-03;85.6323;3.8559;0.0;85.4352;4.0336;0.0;1;1;1;412358.0;0.0;196755.0;21456.0;419880.0;0.0;199802.0;22842.0
02328280000197;ELEKTRO;2020-04;39.7636;22.9651;0.0003;39.8738;22.8912;0.0003;0;0;1;587664.0;2.0;198442.0;62627.0;591200.0;2.0;199752.0;62781.0
02328280000197;ELEKTRO;2020-05;46.3652;14.0747;0.0009;46.6836;14.0621;0.0009;0;0;1;644311.0;6.0;254802.0;45462.0;661356.0;6.0;261290.0;46602.0
02328280000197;ELEKTRO;2020-06;85.6091;2.3635;0.0003;84.8843;2.5348;0.0003;1;1;1;572336.0;2.0;286480.0;7968.0;602520.0;2.0;298688.0;8974.0
02328280000197;ELEKTRO;2020-07;91.1838;0.7343;0.0;89.6719;0.9804;0.0;1;1;1;592465.0;0.0;289289.0;3042.0;605679.0;0.0;297142.0;4246.0
02328280000197;ELEKTRO;2020-08;90.9189;1.0137;0.0;90.923;1.0132;0.0;1;1;1;513866.0;0.0;239054.0;2927.0;514013.0;0.0;239162.0;2927.0
02328280000197;ELEKTRO;2020-09;87.6699;0.9654;0.0;87.5157;1.0588;0.0;1;1;1;504364.0;0.0;228766.0;2775.0;507578.0;0.0;230158.0;3047.0
02328280000197;ELEKTRO;2020-10;85.2998;2.1958;0.0005;84.0089;2.7882;0.0005;1;1;1;603056.0;3.0;274993.0;7466.0;650091.0;3.0;296704.0;10307.0
02328280000197;ELEKTRO;2020-11;86.8615;2.3296;0.2855;84.5557;3.6197;0.2645;1;1;1;545788.0;1558.0;224140.0;6088.0;588965.0;1558.0;236179.0;9832.0
02328280000197;ELEKTRO;2020-12;86.7921;2.0321;0.0;82.0092;4.96;0.0;1;1;1;591892.0;0.0;246931.0;6019.0;672150.0;0.0;273200.0;16267.0
02328280000197;ELEKTRO;2021-01;86.569;2.4393;0.0;84.8863;3.5059;0.0;1;1;1;586505.0;0.0;242809.0;6948.0;609265.0;0.0;248896.0;10150.0
02328280000197;ELEKTRO;2021-02;90.3675;2.0682;0.0;89.3277;2.6585;0.0;1;1;1;493918.0;0.0;213503.0;5947.0;505893.0;0.0;217425.0;7663.0
02328280000197;ELEKTRO;2021-03;86.1064;1.7548;0.0004;85.7312;1.9634;0.0004;1;1;1;557822.0;2.0;249424.0;6809.0;564944.0;2.0;251860.0;7549.0
02328280000197;ELEKTRO;2021-04;86.0094;1.6841;0.0;85.426;2.0284;0.0;1;1;1;418102.0;0.0;191191.0;5143.0;420495.0;0.0;192085.0;6097.0
02328280000197;ELEKTRO;2021-05;89.8422;1.0547;0.0;89.9144;1.0472;0.0;1;1;1;384275.0;0.0;161541.0;2823.0;388012.0;0.0;162711.0;2823.0
02328280000197;ELEKTRO;2021-06;95.5876;0.3039;0.0;95.5928;0.3035;0.0;1;1;1;331232.0;0.0;149598.0;1056.0;331630.0;0.0;149777.0;1056.0
02328280000197;ELEKTRO;2021-07;92.6451;0.7624;0.0;92.6782;0.7589;0.0;1;1;1;337956.0;0.0;152549.0;2165.0;339511.0;0.0;153514.0;2172.0
02328280000197;ELEKTRO;2021-08;88.0103;1.1296;0.0;87.9613;1.1325;0.0;1;1;1;352807.0;0.0;160431.0;3293.0;353766.0;0.0;160800.0;3320.0
02328280000197;ELEKTRO;2021-09;87.8532;1.327;0.0;87.7895;1.3509;0.0;1;1;1;362945.0;0.0;160242.0;3400.0;364764.0;0.0;161015.0;3476.0
02328280000197;ELEKTRO;2021-10;88.3254;1.1082;0.7224;76.7535;8.0322;0.4838;1;1;1;368613.0;2663.0;165272.0;3204.0;550385.0;2663.0;213599.0;24227.0
02328280000197;ELEKTRO;2021-11;90.7098;0.8903;0.0;90.2572;1.0065;0.0;1;1;1;352910.0;0.0;169657.0;2556.0;357705.0;0.0;171929.0;2861.0
02328280000197;ELEKTRO;2021-12;94.3697;0.6449;0.0;92.279;1.4192;0.0;1;1;1;403606.0;0.0;186737.0;1845.0;431337.0;0.0;195604.0;3847.0
02328280000197;ELEKTRO;2022-01;95.4054;0.8021;0.0;93.2844;1.7097;0.0;1;1;1;421399.0;0.0;195282.0;2290.0;466450.0;0.0;212881.0;4993.0
02328280000197;ELEKTRO;2022-02;94.3454;0.5949;0.0;94.274;0.6274;0.0;1;1;1;353739.0;0.0;175286.0;1694.0;357598.0;0.0;177554.0;1777.0
02328280000197;ELEKTRO;2022-03;93.2548;0.7578;0.0;93.1144;0.834;0.0;1;1;1;412172.0;0.0;195138.0;2316.0;416494.0;0.0;197379.0;2534.0
02328280000197;ELEKTRO;2022-04;92.6864;0.943;0.0;88.4785;2.8937;0.0;1;1;1;316395.0;0.0;167651.0;2376.0;371459.0;0.0;184504.0;7154.0
02328280000197;ELEKTRO;2022-05;96.9297;0.4653;0.0;96.5913;0.5035;0.0;1;1;1;295573.0;0.0;159371.0;1140.0;306946.0;0.0;165996.0;1315.0
02328280000197;ELEKTRO;2022-06;96.6451;0.2826;0.0;96.6365;0.2839;0.0;1;1;1;247377.0;0.0;139756.0;744.0;247421.0;0.0;139783.0;748.0
02328280000197;ELEKTRO;2022-07;95.0498;0.5867;0.0;94.8822;0.6013;0.0;1;1;1;288662.0;0.0;139614.0;1242.0;291915.0;0.0;141841.0;1300.0
02328280000197;ELEKTRO;2022-08;95.5371;0.4982;0.0;95.1993;0.5626;0.0;1;1;1;295953.0;0.0;151788.0;1199.0;313747.0;0.0;158351.0;1416.0
02328280000197;ELEKTRO;2022-09;96.3838;0.304;0.0;96.3584;0.3056;0.0;1;1;1;272936.0;0.0;149204.0;843.0;273203.0;0.0;149395.0;847.0
02328280000197;ELEKTRO;2022-10;95.2866;0.2604;0.0;93.2498;1.4478;0.0;1;1;1;293450.0;0.0;172715.0;1537.0;356306.0;0.0;201829.0;5085.0
02328280000197;ELEKTRO;2022-11;96.0552;0.3737;0.0;92.3647;1.4305;0.0;1;1;1;295190.0;0.0;150874.0;1261.0;322729.0;0.0;168200.0;4506.0
02328280000197;ELEKTRO;2022-12;93.4258;1.0815;0.0;92.2817;1.6893;0.0;1;1;1;354870.0;0.0;182198.0;2878.0;380174.0;0.0;194602.0;4497.0
02328280000197;ELEKTRO;2023-01;93.0441;0.7176;0.0;92.0471;0.9823;0.0;1;1;1;350202.0;0.0;167553.0;2230.0;359635.0;0.0;171667.0;2932.0
02328280000197;ELEKTRO;2023-02;91.6578;0.8721;0.0;89.1577;1.8088;0.0;1;1;1;333651.0;0.0;160606.0;2646.0;400136.0;0.0;190165.0;5910.0
02328280000197;ELEKTRO;2023-03;94.3191;0.3576;0.0;93.1852;0.9833;0.0;1;1;1;337919.0;0.0;168312.0;1386.0;386707.0;0.0;191530.0;3141.0
02328280000197;ELEKTRO;2023-04;97.3241;0.1518;0.0;97.1618;0.1942;0.0;1;1;1;259060.0;0.0;136122.0;511.0;267828.0;0.0;140835.0;612.0
02328280000197;ELEKTRO;2023-05;97.8594;0.1072;0.0;97.7997;0.1194;0.0;1;1;1;241312.0;0.0;113676.0;302.0;241597.0;0.0;113801.0;322.0
02328280000197;ELEKTRO;2023-06;98.6611;0.0553;0.0;98.6614;0.0553;0.0;1;1;1;261375.0;0.0;113912.0;177.0;261452.0;0.0;113936.0;177.0
02328280000197;ELEKTRO;2023-07;98.0085;0.0746;0.0;92.8651;1.5681;0.0;1;1;1;239674.0;0.0;119269.0;304.0;317490.0;0.0;154983.0;3580.0
02328280000197;ELEKTRO;2023-08;96.0159;0.171;0.0;93.1384;1.3983;0.0;1;1;1;287733.0;0.0;141873.0;680.0;318622.0;0.0;154708.0;3303.0
02328280000197;ELEKTRO;2023-09;94.1384;0.277;0.0;90.4553;1.9849;0.0;1;1;1;304410.0;0.0;151228.0;1059.0;358558.0;0.0;172386.0;5117.0
02328280000197;ELEKTRO;2023-10;91.9001;0.6191;0.0;75.3575;7.6267;0.0;1;1;1;291730.0;0.0;140141.0;1552.0;577448.0;0.0;242575.0;26191.0
02328280000197;ELEKTRO;2023-11;88.7145;1.5742;0.0;61.9887;18.557;0.0;1;1;1;322671.0;0.0;153680.0;3678.0;622969.0;0.0;239243.0;66466.0
02328280000197;ELEKTRO;2023-12;89.8432;1.6857;0.0;78.3734;8.3099;0.0005;1;1;1;346452.0;0.0;140268.0;3488.0;440142.0;2.0;170550.0;19582.0
02328280000197;ELEKTRO;2024-01;92.103;1.1924;0.0003;90.1141;2.1963;0.0003;1;1;1;320315.0;1.0;187768.0;3621.0;397673.0;1.0;228624.0;7529.0
02328280000197;ELEKTRO;2024-02;98.1117;0.2716;0.0017;96.2054;1.5008;0.0046;1;1;1;287826.0;5.0;174019.0;737.0;303582.0;14.0;180356.0;3550.0
02328280000197;ELEKTRO;2024-03;96.9738;0.337;0.0022;94.38;1.4026;0.0024;1;1;1;277473.0;6.0;173030.0;977.0;328579.0;8.0;199143.0;4044.0
02328280000197;ELEKTRO;2024-04;98.6043;0.1616;0.0013;98.5513;0.1624;0.0013;1;1;1;239100.0;3.0;154442.0;474.0;239730.0;3.0;154917.0;496.0
02328280000197;ELEKTRO;2024-05;99.2184;0.0636;0.0004;99.1681;0.0719;0.0004;1;1;1;222364.0;1.0;147681.0;249.0;228238.0;1.0;151470.0;290.0
02328280000197;ELEKTRO;2024-06;97.8802;0.1094;0.0029;97.8834;0.1091;0.0029;1;1;1;208996.0;6.0;136043.0;562.0;209440.0;6.0;136392.0;563.0
02328280000197;ELEKTRO;2024-07;97.2219;0.263;0.003;97.2239;0.2628;0.003;1;1;1;230774.0;7.0;142994.0;830.0;230933.0;7.0;143099.0;830.0
02328280000197;ELEKTRO;2024-08;97.4467;0.2036;0.0012;94.0281;1.6672;0.001;1;1;1;251485.0;3.0;153450.0;696.0;291441.0;3.0;170686.0;4277.0
02328280000197;ELEKTRO;2024-09;95.0224;0.8553;0.0015;93.7023;1.1186;0.0017;1;1;1;271769.0;4.0;149646.0;2106.0;298832.0;5.0;161407.0;3082.0
02328280000197;ELEKTRO;2024-10;93.1541;0.8662;0.0011;86.813;2.9394;0.0012;1;1;1;269192.0;3.0;182647.0;3085.0;340413.0;4.0;216717.0;10462.0
02328280000197;ELEKTRO;2024-11;90.6118;1.1817;0.001;87.3905;2.6312;0.001;1;1;1;289902.0;3.0;167003.0;3620.0;311507.0;3.0;176182.0;7395.0
02328280000197;ELEKTRO;2024-12;93.0504;0.8776;0.0034;69.7116;13.0227;0.0039;1;1;1;267445.0;9.0;150889.0;2403.0;405345.0;16.0;201276.0;39435.0
02328280000197;ELEKTRO;2025-01;92.8092;0.5616;0.0016;83.2265;5.1426;0.0018;1;1;1;308316.0;5.0;175125.0;2386.0;381735.0;7.0;205131.0;15148.0
02328280000197;ELEKTRO;2025-02;89.5677;1.0859;0.0028;65.9099;15.4968;0.0019;1;1;1;248522.0;7.0;133443.0;2791.0;361925.0;7.0;167945.0;38459.0
02328280000197;ELEKTRO;2025-03;88.2451;1.6266;0.0024;75.018;10.5082;0.003;1;1;1;248681.0;6.0;137649.0;3616.0;295624.0;9.0;152937.0;22629.0
02328280000197;ELEKTRO;2025-04;92.1237;0.7526;0.0045;78.746;9.0617;0.0051;1;1;1;242751.0;11.0;138458.0;1890.0;291475.0;15.0;152799.0;18848.0
02328280000197;ELEKTRO;2025-05;92.8362;0.3356;0.0021;92.8362;0.3356;0.0021;1;1;1;237799.0;5.0;135713.0;1167.0;237799.0;5.0;135713.0;1167.0
02328280000197;ELEKTRO;2025-06;96.9071;0.3106;0.0004;97.0531;0.2953;0.0008;1;1;1;228979.0;1.0;129667.0;784.0;239367.0;2.0;137062.0;809.0
02328280000197;ELEKTRO;2025-07;95.0693;0.3064;0.0017;83.395;5.9628;0.0022;1;1;1;229197.0;4.0;125923.0;947.0;275683.0;6.0;140453.0;11112.0
02328280000197;ELEKTRO;2025-08;93.3056;0.3031;0.0004;93.091;0.391;0.0004;1;1;1;231352.0;1.0;128612.0;1091.0;232944.0;1.0;129684.0;1253.0
02328280000197;ELEKTRO;2025-09;88.0158;0.5964;0.0022;63.771;20.5733;0.0039;1;1;1;232028.0;5.0;123340.0;1821.0;362442.0;14.0;149207.0;47738.0
02328280000197;ELEKTRO;2025-10;92.3709;0.749;0.0028;88.4658;2.6155;0.0033;1;1;1;282019.0;8.0;159535.0;2289.0;302609.0;10.0;166768.0;6474.0
02328280000197;ELEKTRO;2025-11;88.1297;1.7426;0.0018;63.9785;17.0828;0.0033;1;1;1;226177.0;4.0;119818.0;3278.0;329606.0;11.0;148994.0;37459.0
02328280000197;ELEKTRO;2025-12;91.2036;1.5502;0.0025;51.5499;31.1771;0.0051;1;1;1;237217.0;6.0;115200.0;2593.0;429215.0;22.0;160274.0;83941.0
02328280000197;ELEKTRO;2026-01;92.1833;0.9101;0.0035;89.4034;2.4465;0.0035;1;1;1;318001.0;11.0;150245.0;2315.0;338475.0;12.0;156431.0;5399.0
02328280000197;ELEKTRO;2026-02;88.9649;1.3094;0.0012;79.8984;7.1974;0.0017;1;1;1;259099.0;3.0;123007.0;2603.0;300150.0;5.0;130938.0;12550.0
02328280000197;ELEKTRO;2026-04;92.1196;0.756;0.0034;92.1218;0.7558;0.0034;1;1;1;237171.0;8.0;119591.0;1469.0;237254.0;8.0;119624.0;1469.0
02328280000197;ELEKTRO;2026-05;89.2617;1.0308;0.0028;87.5646;2.2049;0.0027;1;1;1;253680.0;7.0;123565.0;2090.0;259383.0;7.0;124546.0;3990.0
02328280000197;ELEKTRO;2026-06;88.1777;0.7218;0.0024;87.72;0.9441;0.0024;1;1;1;245419.0;6.0;124057.0;1640.0;246665.0;6.0;124538.0;2012.0
02328280000197;ELEKTRO;2026-07;87.149;0.5744;0.0024;73.3642;10.4989;0.002;1;1;1;247491.0;6.0;124632.0;1541.0;305143.0;6.0;136729.0;19230.0
02341467000120;Âmbar Amazonas;2014-01;44.9919;26.9433;0.0;41.5048;30.1759;0.0;0;0;1;81019.0;0.0;55309.0;25710.0;162164.0;0.0;105116.0;57048.0
02341467000120;Âmbar Amazonas;2014-02;67.7333;17.49;0.0;64.5203;19.2748;0.0;0;0;1;67766.0;0.0;53582.0;14184.0;86985.0;0.0;66922.0;20063.0
02341467000120;Âmbar Amazonas;2014-03;48.3554;26.6551;0.0;41.5438;31.3474;0.0;0;0;1;86077.0;0.0;59314.0;26763.0;105958.0;0.0;67202.0;38756.0
02341467000120;Âmbar Amazonas;2014-04;62.1964;18.4131;0.0;55.7954;24.2105;0.0;0;0;1;76404.0;0.0;59432.0;16972.0;86577.0;0.0;62158.0;24419.0
02341467000120;Âmbar Amazonas;2014-05;80.6867;9.2646;0.0;80.0696;9.7122;0.0;0;0;1;68671.0;0.0;60751.0;7920.0;69588.0;0.0;61198.0;8390.0
02341467000120;Âmbar Amazonas;2014-06;86.975;5.2177;0.0;79.1122;8.2706;0.0;1;0;1;66327.0;0.0;61745.0;4582.0;81391.0;0.0;72513.0;8878.0
02341467000120;Âmbar Amazonas;2014-07;92.5342;2.8776;0.0;90.3134;3.5318;0.0;1;1;1;74075.0;0.0;71250.0;2825.0;82921.0;0.0;78855.0;4066.0
02341467000120;Âmbar Amazonas;2014-08;94.3916;1.9201;0.0;91.5342;2.8632;0.0;1;1;1;83560.0;0.0;81320.0;2240.0;94048.0;0.0;90312.0;3736.0
02341467000120;Âmbar Amazonas;2014-09;84.6378;6.2762;0.0;78.1294;8.1897;0.0;0;0;1;93507.0;0.0;86389.0;7118.0;112444.0;0.0;101320.0;11124.0
02341467000120;Âmbar Amazonas;2014-10;87.8127;4.877;0.0;77.8579;9.3337;0.0;1;0;1;89264.0;0.0;84084.0;5180.0;130789.0;0.0;116557.0;14232.0
02341467000120;Âmbar Amazonas;2014-11;88.7262;4.2979;0.0;82.6434;7.7073;0.0;1;0;1;85492.0;0.0;81052.0;4440.0;99099.0;0.0;90253.0;8846.0
02341467000120;Âmbar Amazonas;2014-12;91.0488;2.7812;0.0;90.1685;3.129;0.0;1;1;1;87519.0;0.0;84488.0;3031.0;99772.0;0.0;95881.0;3891.0
02341467000120;Âmbar Amazonas;2015-01;95.0622;1.1552;0.0;94.3574;1.2934;0.0;1;1;1;68424.0;0.0;67340.0;1084.0;69834.0;0.0;68608.0;1226.0
02341467000120;Âmbar Amazonas;2015-02;90.3304;3.6916;0.0;89.3807;4.1337;0.0;1;1;1;62638.0;0.0;59899.0;2739.0;64010.0;0.0;60900.0;3110.0
02341467000120;Âmbar Amazonas;2015-03;94.8841;1.8618;0.0;94.7196;1.8825;0.0;1;1;1;65848.0;0.0;64359.0;1489.0;66467.0;0.0;64942.0;1525.0
02341467000120;Âmbar Amazonas;2015-04;95.7832;1.3176;0.0;94.7507;1.6239;0.0;1;1;1;57435.0;0.0;56470.0;965.0;58259.0;0.0;57066.0;1193.0
02341467000120;Âmbar Amazonas;2015-05;97.9602;0.3148;0.0;97.1988;0.4171;0.0;1;1;1;62356.0;0.0;62066.0;290.0;68470.0;0.0;68043.0;427.0
02341467000120;Âmbar Amazonas;2015-06;97.5074;0.4671;0.0;97.3486;0.496;0.0;1;1;1;66938.0;0.0;66485.0;453.0;68311.0;0.0;67814.0;497.0
02341467000120;Âmbar Amazonas;2015-07;98.0911;0.2498;0.0;97.0039;0.4119;0.0;1;1;1;71785.0;0.0;71485.0;300.0;77181.0;0.0;76650.0;531.0
02341467000120;Âmbar Amazonas;2015-08;91.4399;2.3522;0.0;77.5052;4.9124;0.0;1;1;1;81701.0;0.0;79292.0;2409.0;104327.0;0.0;97887.0;6440.0
02341467000120;Âmbar Amazonas;2015-09;91.726;3.3316;0.0;89.2975;4.3967;0.0;1;1;1;87058.0;0.0;83536.0;3522.0;92798.0;0.0;87890.0;4908.0
02341467000120;Âmbar Amazonas;2015-10;90.0526;3.1159;0.0;72.3768;11.7464;0.0;1;1;1;77584.0;0.0;74469.0;3115.0;125653.0;0.0;108349.0;17304.0
02341467000120;Âmbar Amazonas;2015-11;92.3015;1.943;0.0;84.9124;5.7869;0.0;1;1;1;76564.0;0.0;74538.0;2026.0;94985.0;0.0;88321.0;6664.0
02341467000120;Âmbar Amazonas;2015-12;87.4378;3.9818;0.0;78.626;9.062;0.0;1;1;1;65508.0;0.0;62118.0;3390.0;80015.0;0.0;71239.0;8776.0
02341467000120;Âmbar Amazonas;2016-01;92.0844;2.2094;0.0;89.2749;3.6038;0.0;1;1;1;61230.0;0.0;59399.0;1831.0;68034.0;0.0;64866.0;3168.0
02341467000120;Âmbar Amazonas;2016-02;93.5549;1.2767;0.0;80.1437;6.1859;0.0;1;1;1;56923.0;0.0;55909.0;1014.0;76884.0;0.0;71309.0;5575.0
02341467000120;Âmbar Amazonas;2016-03;91.6665;1.6108;0.0;86.0534;4.0652;0.0;1;1;1;64167.0;0.0;62669.0;1498.0;73112.0;0.0;69310.0;3802.0
02341467000120;Âmbar Amazonas;2016-04;95.2003;1.6167;0.0;87.8095;7.3123;0.0;1;1;1;61584.0;0.0;60366.0;1218.0;72212.0;0.0;66331.0;5881.0
02341467000120;Âmbar Amazonas;2016-05;95.0534;1.5777;0.0;89.6528;3.7224;0.0;1;1;1;62608.0;0.0;61323.0;1285.0;72842.0;0.0;69497.0;3345.0
02341467000120;Âmbar Amazonas;2016-06;94.3861;1.8604;0.0;89.4859;4.2165;0.0;1;1;1;61147.0;0.0;59769.0;1378.0;67110.0;0.0;63788.0;3322.0
02341467000120;Âmbar Amazonas;2016-07;94.9893;1.4022;0.0;91.642;3.984;0.0;1;1;1;60438.0;0.0;59347.0;1091.0;67689.0;0.0;64516.0;3173.0
02341467000120;Âmbar Amazonas;2016-08;90.1767;2.9177;0.0;84.1192;5.2989;0.0;1;1;1;66878.0;0.0;64219.0;2659.0;82712.0;0.0;77063.0;5649.0
02341467000120;Âmbar Amazonas;2016-09;91.6829;2.2553;0.0;86.4312;3.8948;0.0;1;1;1;58986.0;0.0;57210.0;1776.0;76936.0;0.0;73038.0;3898.0
02341467000120;Âmbar Amazonas;2016-10;86.4297;3.6537;0.0;67.0523;15.5617;0.0;1;1;1;61548.0;0.0;58566.0;2982.0;89504.0;0.0;73642.0;15862.0
02341467000120;Âmbar Amazonas;2016-11;88.7118;3.3917;0.0;71.2382;12.0071;0.0;1;1;1;57251.0;0.0;54859.0;2392.0;82881.0;0.0;71635.0;11246.0
02341467000120;Âmbar Amazonas;2016-12;91.2292;3.1617;0.0;88.1348;4.534;0.0;1;1;1;64088.0;0.0;61686.0;2402.0;70347.0;0.0;66620.0;3727.0
02341467000120;Âmbar Amazonas;2017-01;91.7282;2.1771;0.0;80.9397;9.1694;0.0;1;1;1;58949.0;0.0;57333.0;1616.0;79177.0;0.0;71124.0;8053.0
02341467000120;Âmbar Amazonas;2017-02;94.1239;1.5539;0.0;93.9517;1.5777;0.0;1;1;1;47916.0;0.0;46944.0;972.0;51657.0;0.0;50592.0;1065.0
02341467000120;Âmbar Amazonas;2017-03;91.0618;2.1463;0.0;78.1462;8.7;0.0;1;1;1;57591.0;0.0;56031.0;1560.0;77131.0;0.0;69451.0;7680.0
02341467000120;Âmbar Amazonas;2017-04;96.3816;0.8099;0.0;93.7969;1.4958;0.0;1;1;1;54238.0;0.0;53646.0;592.0;60786.0;0.0;59597.0;1189.0
02341467000120;Âmbar Amazonas;2017-05;96.004;0.9808;0.0;89.3323;3.8388;0.0;1;1;1;61958.0;0.0;61181.0;777.0;76224.0;0.0;72745.0;3479.0
02341467000120;Âmbar Amazonas;2017-06;94.9502;1.6494;0.0;91.8253;2.705;0.0;1;1;1;64208.0;0.0;62908.0;1300.0;72535.0;0.0;70174.0;2361.0
02341467000120;Âmbar Amazonas;2017-07;96.0411;1.1035;0.0;95.024;1.2996;0.0;1;1;1;59061.0;0.0;58255.0;806.0;61825.0;0.0;60835.0;990.0
02341467000120;Âmbar Amazonas;2017-08;90.803;3.2099;0.0;81.3417;5.8021;0.0;1;1;1;61882.0;0.0;59493.0;2389.0;91958.0;0.0;85624.0;6334.0
02341467000120;Âmbar Amazonas;2017-09;91.7267;2.9031;0.0;75.7207;11.9174;0.0;1;1;1;59705.0;0.0;57660.0;2045.0;95414.0;0.0;82839.0;12575.0
02341467000120;Âmbar Amazonas;2017-10;88.0384;3.7667;0.0;74.7836;10.8981;0.0;1;1;1;65024.0;0.0;62133.0;2891.0;92079.0;0.0;80917.0;11162.0
02341467000120;Âmbar Amazonas;2017-11;89.7682;2.875;0.0;87.1683;3.7909;0.0;1;1;1;64267.0;0.0;62024.0;2243.0;70499.0;0.0;67255.0;3244.0
02341467000120;Âmbar Amazonas;2017-12;89.1804;2.6621;0.0;86.3554;3.9919;0.0;1;1;1;62377.0;0.0;60222.0;2155.0;68264.0;0.0;64889.0;3375.0
02341467000120;Âmbar Amazonas;2018-01;93.8827;0.8624;0.0;91.0764;1.7656;0.0;1;1;1;63538.0;0.0;62539.0;999.0;70594.0;0.0;68659.0;1935.0
02341467000120;Âmbar Amazonas;2018-02;99.626;0.0577;0.0;99.4592;0.055;0.0;1;1;1;53787.0;0.0;53716.0;71.0;56443.0;0.0;56370.0;73.0
02341467000120;Âmbar Amazonas;2018-03;98.9781;0.0902;0.0;95.9849;1.2719;0.0;1;1;1;61029.0;0.0;60910.0;119.0;70023.0;0.0;68850.0;1173.0
02341467000120;Âmbar Amazonas;2018-04;99.7644;0.0306;0.0557;99.7461;0.0322;0.0554;1;1;1;55641.0;31.0;55581.0;29.0;55964.0;31.0;55902.0;31.0
02341467000120;Âmbar Amazonas;2018-05;93.9113;1.5966;0.0;85.982;6.5384;0.0;1;1;1;61403.0;0.0;59847.0;1556.0;72050.0;0.0;66039.0;6011.0
02341467000120;Âmbar Amazonas;2018-06;91.1574;2.2799;0.0;85.3286;5.4056;0.0;1;1;1;55261.0;0.0;55377.0;2065.0;62313.0;0.0;62438.0;4960.0
02341467000120;Âmbar Amazonas;2018-07;89.0287;2.6968;0.0;83.371;5.7422;0.0;1;1;1;59627.0;0.0;57009.0;2618.0;68394.0;0.0;62918.0;5476.0
02341467000120;Âmbar Amazonas;2018-08;85.9741;3.9287;0.0;76.2165;10.3112;0.0;1;1;1;60888.0;0.0;57050.0;3838.0;78646.0;0.0;67185.0;11461.0
02341467000120;Âmbar Amazonas;2018-09;88.9279;3.9343;0.0;74.9279;12.3833;0.0;1;1;1;60246.0;0.0;56917.0;3229.0;102649.0;0.0;87501.0;15048.0
02341467000120;Âmbar Amazonas;2018-10;88.3754;4.2957;0.0;74.9279;12.3833;0.0;1;0;1;60685.0;0.0;57079.0;3506.0;102649.0;0.0;87501.0;15048.0
02341467000120;Âmbar Amazonas;2018-11;95.2951;1.4286;0.0;93.258;2.5815;0.0;1;1;1;61124.0;0.0;59961.0;1163.0;68068.0;0.0;65890.0;2178.0
02341467000120;Âmbar Amazonas;2018-12;94.3292;1.5807;0.0;94.3923;1.5666;0.0;1;1;1;57353.0;0.0;56162.0;1191.0;58443.0;0.0;57241.0;1202.0
02341467000120;Âmbar Amazonas;2019-01;92.5654;1.8088;0.0;86.5479;5.7186;0.0;1;1;1;58026.0;0.0;56673.0;1376.0;66660.0;0.0;62188.0;4495.0
02341467000120;Âmbar Amazonas;2019-02;90.4319;3.5172;0.0;87.4924;5.1253;0.0;1;1;1;55409.0;0.0;52970.0;2439.0;65185.0;0.0;61161.0;4024.0
02341467000120;Âmbar Amazonas;2019-03;96.1236;0.8428;0.0;92.4595;2.4085;0.0;1;1;1;57639.0;0.0;56941.0;698.0;64498.0;0.0;62563.0;1935.0
02341467000120;Âmbar Amazonas;2019-04;96.1207;0.995;0.0;93.5244;2.285;0.0;1;1;1;61823.0;0.0;60996.0;827.0;66252.0;0.0;64403.0;1849.0
02341467000120;Âmbar Amazonas;2019-05;96.7664;0.7743;0.0;94.7936;1.5116;0.0;1;1;1;65426.0;0.0;64717.0;709.0;69723.0;0.0;68346.0;1377.0
02341467000120;Âmbar Amazonas;2019-06;97.6241;0.5523;0.0;95.7919;1.4138;0.0;1;1;1;61890.0;0.0;61403.0;487.0;66373.0;0.0;65199.0;1174.0
02341467000120;Âmbar Amazonas;2019-07;93.435;1.8866;0.0;80.2112;9.2051;0.0;1;1;1;66256.0;0.0;64592.0;1664.0;97807.0;0.0;87263.0;10544.0
02341467000120;Âmbar Amazonas;2019-08;94.8709;1.5501;0.0;82.7421;8.7772;0.0;1;1;1;63471.0;0.0;62113.0;1358.0;99984.0;0.0;89849.0;10135.0
02341467000120;Âmbar Amazonas;2019-09;91.2344;2.8518;0.0;76.9879;10.7056;0.0;1;1;1;60260.0;0.0;58185.0;2075.0;111577.0;0.0;98273.0;13304.0
02341467000120;Âmbar Amazonas;2019-10;91.6823;2.8364;0.0;63.0224;21.0994;0.0;1;1;1;50366.0;0.0;48677.0;1689.0;139288.0;0.0;107805.0;31483.0
02341467000120;Âmbar Amazonas;2019-11;93.3916;1.3196;0.0;75.3298;8.4241;0.0;1;1;1;49072.0;0.0;48232.0;840.0;106278.0;0.0;96130.0;10148.0
02341467000120;Âmbar Amazonas;2019-12;94.3779;1.4454;0.0;73.9641;9.9664;0.0;1;1;1;49008.0;0.0;48137.0;871.0;119597.0;0.0;106273.0;13324.0
02341467000120;Âmbar Amazonas;2020-01;76.5049;8.5069;0.0;69.4442;12.5283;0.0;0;0;1;93474.0;0.0;84600.0;8874.0;112594.0;0.0;97091.0;15503.0
02341467000120;Âmbar Amazonas;2020-02;80.6307;6.1827;0.0;74.2853;9.7314;0.0;0;0;1;77730.0;0.0;72199.0;5531.0;89058.0;0.0;79384.0;9674.0
02341467000120;Âmbar Amazonas;2020-03;87.8662;3.9687;0.0;65.1781;18.2269;0.0;1;1;1;0.0;0.0;68744.0;3370.0;0.0;0.0;97561.0;26157.0
02341467000120;Âmbar Amazonas;2020-04;88.8697;3.8614;0.0;85.1661;5.8342;0.0;1;1;1;0.0;0.0;76235.0;3561.0;0.0;0.0;91145.0;6786.0
02341467000120;Âmbar Amazonas;2020-05;91.4667;3.221;0.0;84.0951;7.3632;0.0;1;1;1;0.0;0.0;61504.0;2364.0;0.0;0.0;120414.0;10540.0
02341467000120;Âmbar Amazonas;2020-06;84.8162;6.0203;0.0;68.8396;16.1656;0.0;0;0;1;0.0;0.0;59648.0;5433.0;0.0;0.0;110482.0;29222.0
02341467000120;Âmbar Amazonas;2020-07;97.6169;0.9744;0.0;95.6769;1.2998;0.0;1;1;1;123250.0;0.0;68190.0;9178.0;204047.0;0.0;105546.0;27711.0
02341467000120;Âmbar Amazonas;2020-08;89.645;3.9172;0.0;80.4225;9.8893;0.0;1;1;1;114300.0;0.0;67968.0;6300.0;199988.0;0.0;101735.0;33520.0
02341467000120;Âmbar Amazonas;2020-09;95.3918;2.1603;0.0;81.8914;9.2246;0.0;1;1;1;96311.0;0.0;58514.0;4605.0;220573.0;0.0;114348.0;38927.0
02341467000120;Âmbar Amazonas;2020-10;94.0297;1.4393;0.0;85.9549;4.9851;0.0;1;1;1;109757.0;0.0;69369.0;5238.0;181582.0;0.0;105209.0;23352.0
02341467000120;Âmbar Amazonas;2020-11;97.8686;0.3682;0.0;95.9507;1.1267;0.0;1;1;1;111319.0;0.0;75775.0;1903.0;123892.0;0.0;83458.0;3888.0
02341467000120;Âmbar Amazonas;2020-12;97.0801;0.5756;0.0;96.8363;0.6529;0.0;1;1;1;111987.0;0.0;76001.0;2020.0;115654.0;0.0;78820.0;2285.0
02341467000120;Âmbar Amazonas;2021-01;95.8495;0.927;0.0;92.6864;2.5934;0.0;1;1;1;113672.0;0.0;78342.0;3039.0;124873.0;0.0;82855.0;5869.0
02341467000120;Âmbar Amazonas;2021-02;94.8879;1.1312;0.0;92.4927;2.5044;0.0;1;1;1;107210.0;0.0;75601.0;3476.0;118803.0;0.0;81440.0;5841.0
02341467000120;Âmbar Amazonas;2021-03;91.2348;2.4706;0.0;91.2375;2.4688;0.0;1;1;1;116191.0;0.0;78122.0;6175.0;116350.0;0.0;78259.0;6180.0
02341467000120;Âmbar Amazonas;2021-04;90.9288;2.6939;0.0;88.8173;4.0404;0.0;1;1;1;122488.0;0.0;75818.0;8974.0;132113.0;0.0;78946.0;11517.0
02341467000120;Âmbar Amazonas;2021-05;91.788;2.9131;0.0;90.4808;3.7147;0.0;1;1;1;128769.0;0.0;73820.0;16367.0;145739.0;0.0;79159.0;22928.0
02341467000120;Âmbar Amazonas;2021-06;92.9304;2.8108;0.0;92.7719;2.94;0.0;1;1;1;139435.0;0.0;89867.0;6978.0;141349.0;0.0;91150.0;7180.0
02341467000120;Âmbar Amazonas;2021-07;92.2094;3.0425;0.0;91.5109;3.5798;0.0;1;1;1;164167.0;0.0;102775.0;5142.0;173958.0;0.0;107414.0;6158.0
02341467000120;Âmbar Amazonas;2021-08;91.0187;3.8318;0.0;88.1135;5.9731;0.0;1;1;1;198641.0;0.0;97353.0;27932.0;255160.0;0.0;114946.0;45488.0
02341467000120;Âmbar Amazonas;2021-09;90.4601;3.1777;0.0;86.4069;5.7139;0.0;1;1;1;170021.0;0.0;84279.0;20572.0;226034.0;0.0;100625.0;38191.0
02341467000120;Âmbar Amazonas;2021-10;93.0452;2.7484;0.0006;89.9283;4.6635;0.0004;1;1;1;172458.0;1.0;80041.0;28756.0;235362.0;1.0;99230.0;51249.0
02341467000120;Âmbar Amazonas;2021-11;93.9447;2.5059;0.0;92.6329;3.3199;0.0;1;1;1;175971.0;0.0;82790.0;28882.0;207589.0;0.0;92781.0;40293.0
02341467000120;Âmbar Amazonas;2021-12;95.4202;1.701;0.0007;91.7008;4.3361;0.0005;1;1;1;142983.0;1.0;71946.0;18612.0;198094.0;1.0;83858.0;39438.0
02341467000120;Âmbar Amazonas;2022-01;91.0313;3.9962;0.0;88.4202;5.7899;0.0;1;1;1;152425.0;0.0;72961.0;25436.0;169952.0;0.0;78900.0;33927.0
02341467000120;Âmbar Amazonas;2022-02;92.087;1.0136;0.0;91.611;1.2769;0.0;1;1;1;136635.0;0.0;65336.0;20633.0;141649.0;0.0;66337.0;22282.0
02341467000120;Âmbar Amazonas;2022-03;88.2099;1.6897;0.0;87.7836;1.7724;0.0;1;1;1;149271.0;0.0;70751.0;24149.0;156822.0;0.0;72768.0;25906.0
02341467000120;Âmbar Amazonas;2022-04;92.0377;1.1069;0.0;91.6297;1.3026;0.0;1;1;1;129520.0;0.0;65218.0;15322.0;135228.0;0.0;67058.0;16518.0
02341467000120;Âmbar Amazonas;2022-05;92.9503;0.9819;0.0;92.9466;0.9782;0.0;1;1;1;134267.0;0.0;69175.0;15327.0;135173.0;0.0;69647.0;15438.0
02341467000120;Âmbar Amazonas;2022-06;94.8842;0.66;0.0007;94.0353;0.8275;0.0006;1;1;1;146279.0;1.0;64876.0;10753.0;154650.0;1.0;68069.0;12816.0
02341467000120;Âmbar Amazonas;2022-07;90.3033;1.394;0.0007;88.8909;2.1625;0.0007;1;1;1;143061.0;1.0;68753.0;20545.0;153519.0;1.0;70896.0;24361.0
02341467000120;Âmbar Amazonas;2022-08;92.7754;0.9623;0.0;90.9399;1.8895;0.0;1;1;1;142794.0;0.0;73587.0;16588.0;158375.0;0.0;77524.0;21383.0
02341467000120;Âmbar Amazonas;2022-09;90.2063;1.6531;0.0007;87.7609;2.8099;0.0006;1;1;1;147915.0;1.0;71508.0;20038.0;170093.0;1.0;76821.0;26709.0
02341467000120;Âmbar Amazonas;2022-10;93.5861;0.8042;0.0013;91.4628;1.6095;0.0012;1;1;1;150775.0;2.0;76973.0;14408.0;171103.0;2.0;82588.0;20099.0
02341467000120;Âmbar Amazonas;2022-11;96.462;0.3467;0.0;96.0938;0.4392;0.0;1;1;1;109391.0;0.0;61797.0;7112.0;114359.0;0.0;63694.0;8026.0
02341467000120;Âmbar Amazonas;2022-12;95.9035;0.6205;0.0;95.6282;0.6686;0.0;1;1;1;127313.0;0.0;65986.0;8723.0;130711.0;0.0;67595.0;9496.0
02341467000120;Âmbar Amazonas;2023-01;90.7005;1.3272;0.0;89.5775;1.6853;0.0;1;1;1;114956.0;0.0;63122.0;9670.0;121202.0;0.0;65219.0;11541.0
02341467000120;Âmbar Amazonas;2023-02;89.0663;1.7221;0.0018;86.3657;2.485;0.0015;1;1;1;111412.0;2.0;61005.0;8050.0;132213.0;2.0;69498.0;12264.0
02341467000120;Âmbar Amazonas;2023-03;89.7233;1.33;0.0022;86.7969;2.2601;0.0018;1;1;1;139222.0;3.0;72039.0;14083.0;162472.0;3.0;79876.0;20291.0
02341467000120;Âmbar Amazonas;2023-04;95.3973;0.6538;0.0;93.8848;1.143;0.0;1;1;1;105914.0;0.0;56378.0;5526.0;115100.0;0.0;59506.0;7592.0
02341467000120;Âmbar Amazonas;2023-05;87.9225;3.3842;0.0;87.4339;3.6079;0.0;1;1;1;132077.0;0.0;67805.0;10320.0;136054.0;0.0;69597.0;10971.0
02341467000120;Âmbar Amazonas;2023-06;92.0076;2.4572;0.0017;90.1435;3.8578;0.0038;1;1;1;118428.0;2.0;63158.0;11268.0;133207.0;5.0;66865.0;15689.0
02341467000120;Âmbar Amazonas;2023-07;89.745;3.3648;0.0007;88.5572;3.9883;0.0006;1;1;1;141964.0;1.0;65595.0;21705.0;161109.0;1.0;72100.0;27040.0
02341467000120;Âmbar Amazonas;2023-08;92.772;2.0408;0.0007;88.7999;4.5403;0.001;1;1;1;148861.0;1.0;69553.0;24507.0;208231.0;2.0;88052.0;46740.0
02341467000120;Âmbar Amazonas;2023-09;93.4179;2.028;0.0;85.8804;6.605;0.0009;1;1;1;120638.0;0.0;57633.0;18908.0;214284.0;2.0;82550.0;54513.0
02341467000120;Âmbar Amazonas;2023-10;92.6771;2.4341;0.0;83.5877;8.0105;0.0008;1;1;1;120510.0;0.0;56518.0;21020.0;237456.0;2.0;85783.0;67222.0
02341467000120;Âmbar Amazonas;2023-11;93.254;2.1423;0.0;87.192;5.9473;0.0016;1;1;1;116970.0;0.0;56138.0;18454.0;193395.0;3.0;77332.0;46490.0
02341467000120;Âmbar Amazonas;2023-12;97.6056;0.5176;0.0009;97.4806;0.5538;0.0008;1;1;1;111468.0;1.0;62655.0;7959.0;117674.0;1.0;65721.0;8860.0
02341467000120;Âmbar Amazonas;2024-01;97.9932;0.3796;0.0;97.9191;0.3912;0.0009;1;1;1;109233.0;0.0;63243.0;6728.0;112182.0;1.0;64671.0;7112.0
02341467000120;Âmbar Amazonas;2024-02;96.1195;1.126;0.0035;95.3587;1.6146;0.0033;1;1;1;113839.0;4.0;59622.0;11744.0;120989.0;4.0;62215.0;14281.0
02341467000120;Âmbar Amazonas;2024-03;96.0313;1.1513;0.0026;93.2184;3.0792;0.0021;1;1;1;115577.0;3.0;59329.0;12270.0;145096.0;3.0;66728.0;22494.0
02341467000120;Âmbar Amazonas;2024-04;98.0903;0.4195;0.0157;96.5785;1.5092;0.0552;1;1;1;102120.0;16.0;56734.0;5967.0;119668.0;66.0;59386.0;10321.0
02341467000120;Âmbar Amazonas;2024-05;96.8261;0.7313;0.0117;96.8261;0.7313;0.0117;1;1;1;102564.0;12.0;53483.0;9042.0;102564.0;12.0;53483.0;9042.0
02341467000120;Âmbar Amazonas;2024-06;91.0579;2.5985;0.0193;91.0579;2.5985;0.0193;1;1;1;103476.0;20.0;50454.0;5123.0;103476.0;20.0;50454.0;5123.0
02341467000120;Âmbar Amazonas;2024-07;96.4083;0.4487;0.0084;96.4083;0.4487;0.0084;1;1;1;118991.0;10.0;50806.0;8454.0;118991.0;10.0;50806.0;8454.0
02341467000120;Âmbar Amazonas;2024-08;93.532;1.0746;0.0186;93.532;1.0746;0.0186;1;1;1;134166.0;25.0;53210.0;15192.0;134166.0;25.0;53210.0;15192.0
02341467000120;Âmbar Amazonas;2024-09;91.0126;2.0659;0.0347;91.0126;2.0659;0.0347;1;1;1;221840.0;77.0;53569.0;21516.0;221840.0;77.0;53569.0;21516.0
02341467000120;Âmbar Amazonas;2024-10;89.9924;1.9795;0.0212;89.9924;1.9795;0.0212;1;1;1;160076.0;34.0;54321.0;24191.0;160076.0;34.0;54321.0;24191.0
02341467000120;Âmbar Amazonas;2024-11;92.3127;1.4029;0.0273;92.3127;1.4029;0.0273;1;1;1;33005.0;9.0;50393.0;16367.0;33005.0;9.0;50393.0;16367.0
02341467000120;Âmbar Amazonas;2024-12;94.0943;1.3949;0.0181;94.0943;1.3949;0.0181;1;1;1;116107.0;21.0;47502.0;12550.0;116107.0;21.0;47502.0;12550.0
02341467000120;Âmbar Amazonas;2025-01;92.5105;1.3952;0.0212;92.5105;1.3952;0.0212;1;1;1;179249.0;38.0;44737.0;15497.0;179249.0;38.0;44737.0;15497.0
02341467000120;Âmbar Amazonas;2025-02;90.6696;1.7734;0.0054;90.6696;1.7734;0.0054;1;1;1;185225.0;10.0;38994.0;15976.0;185225.0;10.0;38994.0;15976.0
02341467000120;Âmbar Amazonas;2025-03;88.8506;2.1585;0.0295;88.8506;2.1585;0.0295;1;1;1;206683.0;61.0;40297.0;18026.0;206683.0;61.0;40297.0;18026.0
02341467000120;Âmbar Amazonas;2025-04;91.0001;2.0645;0.0278;91.0001;2.0645;0.0278;1;1;1;165540.0;46.0;44213.0;13194.0;165540.0;46.0;44213.0;13194.0
02341467000120;Âmbar Amazonas;2025-05;91.5717;2.1152;0.0147;91.5717;2.1152;0.0147;1;1;1;170495.0;25.0;45073.0;16670.0;170495.0;25.0;45073.0;16670.0
02341467000120;Âmbar Amazonas;2025-06;92.4894;1.7739;0.0164;92.4894;1.7739;0.0164;1;1;1;164335.0;27.0;45460.0;14998.0;164335.0;27.0;45460.0;14998.0
02341467000120;Âmbar Amazonas;2025-07;90.9193;2.2237;0.0211;90.9193;2.2237;0.0211;1;1;1;170926.0;36.0;46828.0;18354.0;170926.0;36.0;46828.0;18354.0
02341467000120;Âmbar Amazonas;2025-08;88.1071;3.4308;0.0116;88.1071;3.4308;0.0116;1;1;1;197919.0;23.0;48273.0;19175.0;197919.0;23.0;48273.0;19175.0
02341467000120;Âmbar Amazonas;2025-09;93.3111;1.4807;0.0359;93.3111;1.4807;0.0359;1;1;1;192065.0;69.0;49636.0;13486.0;192065.0;69.0;49636.0;13486.0
02341467000120;Âmbar Amazonas;2025-10;91.4757;2.3796;0.0317;91.4757;2.3796;0.0317;1;1;1;179914.0;57.0;48614.0;16791.0;179914.0;57.0;48614.0;16791.0
02341467000120;Âmbar Amazonas;2025-11;93.2752;1.5735;0.0138;93.2752;1.5735;0.0138;1;1;1;166855.0;23.0;45914.0;12476.0;166855.0;23.0;45914.0;12476.0
02341467000120;Âmbar Amazonas;2025-12;93.9023;1.3686;0.0156;93.9023;1.3686;0.0156;1;1;1;199133.0;31.0;46843.0;11042.0;199133.0;31.0;46843.0;11042.0
02341467000120;Âmbar Amazonas;2026-01;91.9038;2.0293;0.012;91.9038;2.0293;0.012;1;1;1;149764.0;18.0;42244.0;13896.0;149764.0;18.0;42244.0;13896.0
02341467000120;Âmbar Amazonas;2026-02;97.1872;0.5977;0.0233;97.1872;0.5977;0.0233;1;1;1;124626.0;29.0;41912.0;4921.0;124626.0;29.0;41912.0;4921.0
02341467000120;Âmbar Amazonas;2026-03;96.6919;0.6156;0.0149;96.6919;0.6156;0.0149;1;1;1;167453.0;25.0;50051.0;6985.0;167453.0;25.0;50051.0;6985.0
02341467000120;Âmbar Amazonas;2026-04;94.841;1.4706;0.0212;94.841;1.4706;0.0212;1;1;1;132156.0;28.0;41272.0;8412.0;132156.0;28.0;41272.0;8412.0
02341467000120;Âmbar Amazonas;2026-05;93.3459;1.9243;0.0262;93.3459;1.9243;0.0262;1;1;1;137216.0;36.0;40061.0;11119.0;137216.0;36.0;40061.0;11119.0
02341467000120;Âmbar Amazonas;2026-06;90.2728;3.0705;0.0213;90.2728;3.0705;0.0213;1;1;1;145732.0;31.0;36461.0;13913.0;145732.0;31.0;36461.0;13913.0
02341467000120;Âmbar Amazonas;2026-07;87.067;3.211;0.0221;87.067;3.211;0.0221;1;1;1;162914.0;36.0;41296.0;18546.0;162914.0;36.0;41296.0;18546.0
02341467000120;Âmbar Amazonas;2026-08;89.5618;2.4491;0.0268;89.5618;2.4491;0.0268;1;1;1;212816.0;57.0;37999.0;18790.0;212816.0;57.0;37999.0;18790.0
02341470000144;ÂMBAR ENERGIA RR;2014-01;96.286;1.3512;0.0048;94.1981;2.4737;0.0047;1;1;1;20689.0;1.0;14237.0;284.0;21395.0;1.0;15179.0;522.0
02341470000144;ÂMBAR ENERGIA RR;2014-02;97.0896;1.3859;0.0875;87.1567;8.5109;0.0965;1;1;1;20570.0;18.0;14231.0;273.0;22788.0;22.0;15458.0;1718.0
02341470000144;ÂMBAR ENERGIA RR;2014-03;95.8902;2.1946;0.0064;86.7274;8.7917;0.0139;1;1;1;46922.0;3.0;12256.0;362.0;57684.0;8.0;13414.0;1526.0
02341470000144;ÂMBAR ENERGIA RR;2014-04;96.0997;1.8954;0.0;88.6289;6.1469;0.0;1;1;1;51239.0;0.0;11646.0;283.0;72629.0;0.0;12917.0;1089.0
02341470000144;ÂMBAR ENERGIA RR;2014-05;97.7859;1.0124;0.0026;91.6342;4.976;0.0024;1;1;1;78424.0;2.0;13591.0;191.0;84691.0;2.0;14857.0;947.0
02341470000144;ÂMBAR ENERGIA RR;2014-06;99.1585;0.289;0.0;95.6016;1.7292;0.0;1;1;1;13141.0;0.0;11731.0;55.0;15704.0;0.0;13696.0;364.0
02341470000144;ÂMBAR ENERGIA RR;2014-07;98.9956;0.3794;0.2034;95.9181;1.924;0.1876;1;1;1;16714.0;34.0;13390.0;77.0;18128.0;34.0;15089.0;435.0
02341470000144;ÂMBAR ENERGIA RR;2014-08;98.5226;0.6416;0.0;92.5285;2.9986;0.2312;1;1;1;13712.0;0.0;11769.0;117.0;20758.0;48.0;13619.0;589.0
02341470000144;ÂMBAR ENERGIA RR;2014-09;97.1615;1.1609;0.0;91.7187;4.0946;0.0487;1;1;1;12178.0;0.0;13197.0;210.0;14367.0;7.0;14592.0;762.0
02341470000144;ÂMBAR ENERGIA RR;2014-10;97.6816;0.8917;0.0592;93.0523;2.7938;0.0582;1;1;1;15191.0;9.0;13893.0;149.0;15453.0;9.0;15796.0;562.0
02341470000144;ÂMBAR ENERGIA RR;2014-11;98.3915;0.7358;0.174;85.8616;6.7811;0.2496;1;1;1;17820.0;31.0;11602.0;102.0;20830.0;52.0;14558.0;1212.0
02341470000144;ÂMBAR ENERGIA RR;2014-12;98.7438;0.5043;0.0183;96.1906;1.538;0.0157;1;1;1;10925.0;2.0;10851.0;72.0;12727.0;2.0;12484.0;241.0
02341470000144;ÂMBAR ENERGIA RR;2015-01;98.218;0.4477;0.807;96.5625;1.07;0.758;1;1;1;11276.0;91.0;11117.0;68.0;12006.0;91.0;11742.0;173.0
02341470000144;ÂMBAR ENERGIA RR;2015-02;98.7044;0.3023;0.0;95.8341;0.9322;0.0;1;1;1;11825.0;0.0;9234.0;39.0;12572.0;0.0;10202.0;124.0
02341470000144;ÂMBAR ENERGIA RR;2015-03;99.0366;0.2594;30.7603;94.2846;1.5767;31.0675;1;1;0;17204.0;5292.0;8075.0;30.0;19860.0;6170.0;9988.0;197.0
02341470000144;ÂMBAR ENERGIA RR;2015-04;98.4166;0.8391;6.5464;92.4177;2.1989;9.8467;1;1;0;13198.0;864.0;7327.0;78.0;15000.0;1477.0;9029.0;262.0
02341470000144;ÂMBAR ENERGIA RR;2015-05;98.9941;0.3527;19.6332;94.5836;2.4435;21.5567;1;1;0;14124.0;2773.0;7628.0;31.0;17498.0;3772.0;9582.0;280.0
02341470000144;ÂMBAR ENERGIA RR;2015-06;99.5413;0.1294;16.7661;93.4173;1.6007;24.5382;1;1;0;10223.0;1714.0;8492.0;17.0;14076.0;3454.0;10389.0;233.0
02341470000144;ÂMBAR ENERGIA RR;2015-07;99.5996;0.0652;19.662;94.7343;2.2815;17.1259;1;1;0;13371.0;2629.0;10732.0;10.0;15351.0;2629.0;12378.0;344.0
02341470000144;ÂMBAR ENERGIA RR;2015-08;98.9487;0.2268;16.6453;96.3031;0.9853;16.6934;1;1;0;17933.0;2985.0;9680.0;34.0;19918.0;3325.0;11356.0;179.0
02341470000144;ÂMBAR ENERGIA RR;2015-09;98.9568;0.1053;1.2748;90.4082;2.5246;1.0033;1;1;1;10590.0;135.0;10438.0;17.0;13456.0;135.0;12896.0;425.0
02341470000144;ÂMBAR ENERGIA RR;2015-10;95.7836;0.8537;14.8397;76.2405;13.8718;28.609;1;1;0;13538.0;2009.0;11381.0;148.0;27750.0;7939.0;16559.0;3252.0
02341470000144;ÂMBAR ENERGIA RR;2015-11;97.3369;0.5399;23.7625;84.5966;6.5676;52.0919;1;1;0;14384.0;3418.0;10868.0;98.0;30379.0;15825.0;13387.0;1167.0
02341470000144;ÂMBAR ENERGIA RR;2015-12;95.5699;0.7229;0.0;89.9036;4.1617;0.3359;1;1;1;11960.0;0.0;11810.0;150.0;13694.0;46.0;12919.0;729.0
02341470000144;ÂMBAR ENERGIA RR;2016-01;94.2108;0.8967;26.6193;86.4096;4.0231;43.3837;1;1;0;15748.0;4192.0;11384.0;172.0;30198.0;13101.0;16151.0;946.0
02341470000144;ÂMBAR ENERGIA RR;2016-02;97.1937;0.4133;1.4532;95.4644;0.9999;1.3276;1;1;1;10597.0;154.0;10362.0;81.0;12730.0;169.0;12376.0;185.0
02341470000144;ÂMBAR ENERGIA RR;2016-03;96.1646;0.7563;38.0607;77.8371;6.3026;73.3011;1;1;0;18037.0;6865.0;11023.0;149.0;81157.0;59489.0;19832.0;1836.0
02341470000144;ÂMBAR ENERGIA RR;2016-04;99.3304;0.1717;2.1905;98.2138;0.9899;1.9016;1;1;0;11915.0;261.0;11628.0;26.0;13725.0;261.0;13303.0;161.0
02341470000144;ÂMBAR ENERGIA RR;2016-05;98.9342;0.2853;15.936;93.1987;3.2757;14.3623;1;1;0;14188.0;2261.0;11882.0;45.0;16968.0;2437.0;13937.0;594.0
02341470000144;ÂMBAR ENERGIA RR;2016-06;99.0194;0.1376;0.0;95.761;1.1687;0.0;1;1;1;11629.0;0.0;11609.0;20.0;14503.0;0.0;14292.0;211.0
02341470000144;ÂMBAR ENERGIA RR;2016-07;99.301;0.1504;0.0;95.5557;1.6002;0.0;1;1;1;11308.0;0.0;11285.0;23.0;18344.0;0.0;17956.0;388.0
02341470000144;ÂMBAR ENERGIA RR;2016-08;98.3174;0.4229;0.0;79.5875;9.8419;0.0;1;1;1;11130.0;0.0;11067.0;63.0;26325.0;0.0;23387.0;2938.0
02341470000144;ÂMBAR ENERGIA RR;2016-09;98.1379;0.295;0.0;94.5034;1.477;0.0;1;1;1;10863.0;0.0;10816.0;47.0;18566.0;0.0;18211.0;355.0
02341470000144;ÂMBAR ENERGIA RR;2016-10;91.8737;1.2744;0.0;77.2836;7.9454;0.0;1;1;1;10910.0;0.0;10691.0;219.0;19133.0;0.0;17344.0;1789.0
02341470000144;ÂMBAR ENERGIA RR;2016-11;93.618;1.2238;0.0;89.385;2.7251;0.0;1;1;1;11069.0;0.0;10896.0;173.0;14814.0;0.0;14314.0;500.0
02341470000144;ÂMBAR ENERGIA RR;2016-12;97.1183;0.4103;0.0;95.5255;1.2973;0.0;1;1;1;10253.0;0.0;10195.0;58.0;11368.0;0.0;11184.0;184.0
02341470000144;ÂMBAR ENERGIA RR;2017-01;95.8234;0.4359;0.0;91.9419;2.1707;0.0;1;1;1;14253.0;0.0;14160.0;93.0;16252.0;0.0;15819.0;433.0
02341470000144;ÂMBAR ENERGIA RR;2017-02;97.2315;0.4204;0.0;94.7832;1.1052;0.0;1;1;1;12633.0;0.0;12553.0;80.0;15262.0;0.0;15033.0;229.0
02341470000144;ÂMBAR ENERGIA RR;2017-03;94.3139;0.9053;0.0;92.2271;1.5584;0.0;1;1;1;13432.0;0.0;13245.0;187.0;15955.0;0.0;15603.0;352.0
02341470000144;ÂMBAR ENERGIA RR;2017-04;99.1577;0.1259;0.0;97.149;0.8346;0.0;1;1;1;12718.0;0.0;12688.0;30.0;15019.0;0.0;14852.0;167.0
02341470000144;ÂMBAR ENERGIA RR;2017-05;99.0404;0.1732;0.0;94.8975;1.9254;0.0;1;1;1;14244.0;0.0;13836.0;408.0;17395.0;0.0;16453.0;942.0
02341470000144;ÂMBAR ENERGIA RR;2017-06;98.9277;0.18;0.0;97.7723;0.6676;0.0;1;1;1;12788.0;0.0;12753.0;35.0;14717.0;0.0;14581.0;136.0
02341470000144;ÂMBAR ENERGIA RR;2017-07;99.2521;0.1211;0.0;88.9737;6.8146;0.0;1;1;1;14047.0;0.0;14022.0;25.0;18368.0;0.0;16970.0;1398.0
02341470000144;ÂMBAR ENERGIA RR;2017-08;99.0396;0.1258;0.0;93.053;2.7979;0.0;1;1;1;15114.0;0.0;15079.0;35.0;19966.0;0.0;19281.0;685.0
02341470000144;ÂMBAR ENERGIA RR;2017-09;97.4159;0.4296;0.0;84.6386;8.6747;0.0;1;1;1;15163.0;0.0;15066.0;97.0;23506.0;0.0;21224.0;2282.0
02341470000144;ÂMBAR ENERGIA RR;2017-10;93.1644;1.2454;0.0;77.6176;9.8365;0.0;1;1;1;14199.0;0.0;13956.0;243.0;22206.0;0.0;19634.0;2572.0
02341470000144;ÂMBAR ENERGIA RR;2017-11;96.4612;0.5425;0.0;85.2366;8.1674;0.0;1;1;1;15887.0;0.0;15767.0;120.0;23103.0;0.0;20981.0;2122.0
02341470000144;ÂMBAR ENERGIA RR;2017-12;98.0767;0.3903;0.0;92.6717;2.8881;0.0;1;1;1;14110.0;0.0;14035.0;75.0;20056.0;0.0;19334.0;722.0
02341470000144;ÂMBAR ENERGIA RR;2018-01;98.4275;0.2273;0.0;97.2477;0.5837;0.0;1;1;1;16304.0;0.0;16243.0;61.0;18735.0;0.0;18566.0;169.0
02341470000144;ÂMBAR ENERGIA RR;2018-02;97.5482;0.4261;0.0;97.2296;0.4827;0.0;1;1;1;13401.0;0.0;13321.0;80.0;15168.0;0.0;15051.0;117.0
02341470000144;ÂMBAR ENERGIA RR;2018-03;98.2451;0.2559;0.0;91.0021;4.5372;0.0;1;1;1;13696.0;0.0;13641.0;55.0;17144.0;0.0;16243.0;901.0
02341470000144;ÂMBAR ENERGIA RR;2018-04;95.2175;1.5872;0.0;91.2474;3.5648;0.0;1;1;1;14370.0;0.0;14075.0;295.0;17448.0;0.0;16637.0;811.0
02341470000144;ÂMBAR ENERGIA RR;2018-05;98.5186;0.5111;0.0;96.3658;1.9619;0.0;1;1;1;13526.0;0.0;13432.0;94.0;15261.0;0.0;14891.0;370.0
02341470000144;ÂMBAR ENERGIA RR;2018-06;99.1642;0.6037;0.0;98.6058;1.0757;0.0;1;1;1;13089.0;0.0;12843.0;246.0;14365.0;0.0;13978.0;387.0
02341470000144;ÂMBAR ENERGIA RR;2018-07;98.1658;0.9244;0.0;97.3128;1.3216;0.0;1;1;1;13760.0;0.0;13504.0;256.0;16155.0;0.0;15680.0;475.0
02341470000144;ÂMBAR ENERGIA RR;2018-08;89.5075;3.7836;0.0;82.5259;7.6729;0.0;1;1;1;13543.0;0.0;12893.0;650.0;17405.0;0.0;15703.0;1702.0
02341470000144;ÂMBAR ENERGIA RR;2018-09;96.4292;0.6024;0.0;93.9368;1.1941;0.0;1;1;1;11490.0;0.0;11385.0;105.0;14062.0;0.0;13819.0;243.0
02341470000144;ÂMBAR ENERGIA RR;2018-10;93.952;0.5491;0.0;78.7957;8.9599;0.0;1;1;1;12839.0;0.0;12678.0;161.0;18267.0;0.0;16298.0;1969.0
02341470000144;ÂMBAR ENERGIA RR;2018-11;96.4824;0.5419;0.0;91.3186;3.0982;0.0;1;1;1;10934.0;0.0;10829.0;105.0;12341.0;0.0;11854.0;487.0
02341470000144;ÂMBAR ENERGIA RR;2018-12;98.3049;0.1824;0.0;97.37;0.4565;0.0;1;1;1;9344.0;0.0;9304.0;40.0;10116.0;0.0;10030.0;86.0
02341470000144;ÂMBAR ENERGIA RR;2019-01;93.4926;2.6194;0.0;85.0587;7.7431;0.0;1;1;1;12427.0;0.0;11822.0;605.0;16487.0;0.0;14393.0;2094.0
02341470000144;ÂMBAR ENERGIA RR;2019-02;95.5269;2.13;0.0;71.3592;16.1934;0.0;1;1;1;10982.0;0.0;10568.0;414.0;23704.0;0.0;18300.0;5404.0
02341470000144;ÂMBAR ENERGIA RR;2019-03;95.5665;2.3419;0.0;77.8196;18.0653;0.0;1;1;1;12631.0;0.0;12093.0;538.0;22747.0;0.0;17203.0;5544.0
02341470000144;ÂMBAR ENERGIA RR;2019-04;97.9643;1.0178;0.0;83.0605;14.2161;0.0;1;1;1;14124.0;0.0;13809.0;315.0;26929.0;0.0;21482.0;5447.0
02341470000144;ÂMBAR ENERGIA RR;2019-05;95.6511;2.2683;0.0;79.8397;14.9322;0.0;1;1;1;12552.0;0.0;11978.0;574.0;30805.0;0.0;24098.0;6707.0
02341470000144;ÂMBAR ENERGIA RR;2019-06;95.2547;2.6923;0.0;88.7408;8.133;0.0;1;1;1;14418.0;0.0;13698.0;720.0;20642.0;0.0;17926.0;2716.0
02341470000144;ÂMBAR ENERGIA RR;2019-07;94.066;3.3712;0.0084;77.734;16.6176;0.0067;1;1;1;11942.0;1.0;11236.0;705.0;29790.0;2.0;22660.0;7128.0
02341470000144;ÂMBAR ENERGIA RR;2019-08;94.6136;2.9107;0.0;67.9684;24.4024;0.0052;1;1;1;9174.0;0.0;8706.0;468.0;38646.0;2.0;25902.0;12742.0
02341470000144;ÂMBAR ENERGIA RR;2019-09;96.4116;2.0166;0.0441;66.3492;25.2629;0.0119;1;1;1;6802.0;3.0;6608.0;191.0;42052.0;5.0;28566.0;13481.0
02341470000144;ÂMBAR ENERGIA RR;2019-10;93.1566;1.6674;0.0115;61.7193;15.5547;0.0027;1;1;1;8675.0;1.0;8492.0;182.0;36862.0;1.0;30098.0;6763.0
02341470000144;ÂMBAR ENERGIA RR;2019-11;94.1636;1.0326;0.0089;71.6465;10.6858;6.0023;1;1;1;11180.0;1.0;11022.0;157.0;31671.0;1901.0;25994.0;3776.0
02341470000144;ÂMBAR ENERGIA RR;2019-12;94.7311;0.9451;0.0083;80.433;6.1005;0.0083;1;1;1;12006.0;1.0;11844.0;161.0;24171.0;2.0;22334.0;1835.0
02341470000144;ÂMBAR ENERGIA RR;2020-01;83.025;5.0431;0.0244;82.6981;5.193;0.0241;0;0;1;24588.0;6.0;23047.0;1535.0;24944.0;6.0;23332.0;1606.0
02341470000144;ÂMBAR ENERGIA RR;2020-02;75.4555;7.5394;0.0558;73.1614;8.9153;0.0516;0;0;1;21518.0;12.0;19487.0;2019.0;23234.0;12.0;20658.0;2564.0
02341470000144;ÂMBAR ENERGIA RR;2020-03;89.6578;2.6656;0.0424;76.1355;12.1555;0.036;1;1;1;23595.0;10.0;22785.0;800.0;30574.0;11.0;26168.0;4395.0
02341470000144;ÂMBAR ENERGIA RR;2020-04;86.2821;3.9627;0.0118;73.1914;14.5781;8.8333;1;1;1;25327.0;3.0;24090.0;1234.0;35819.0;3164.0;27253.0;5402.0
02341470000144;ÂMBAR ENERGIA RR;2020-05;91.2232;3.7195;0.0036;87.1797;6.7385;0.0028;1;1;1;27838.0;1.0;26196.0;1641.0;35458.0;1.0;31957.0;3500.0
02341470000144;ÂMBAR ENERGIA RR;2020-06;91.8873;2.8179;0.0112;89.3808;4.8063;0.0094;1;1;1;26880.0;3.0;25659.0;1218.0;31770.0;3.0;29412.0;2355.0
02341470000144;ÂMBAR ENERGIA RR;2020-07;91.5172;3.5145;0.007;85.882;8.4567;0.01;1;1;1;28627.0;2.0;24955.0;3670.0;40200.0;4.0;32291.0;7905.0
02341470000144;ÂMBAR ENERGIA RR;2020-08;90.3914;1.6104;0.0407;88.6977;2.2271;0.0313;1;1;1;27009.0;11.0;25538.0;1460.0;35089.0;11.0;30511.0;4567.0
02341470000144;ÂMBAR ENERGIA RR;2020-09;90.8579;3.2167;0.0032;88.8852;4.3452;0.0027;1;1;1;31506.0;1.0;29907.0;1598.0;37118.0;1.0;34562.0;2555.0
02341470000144;ÂMBAR ENERGIA RR;2020-10;92.5525;2.8437;0.0189;90.3418;4.4866;0.0166;1;1;1;26482.0;5.0;25282.0;1195.0;30197.0;5.0;28165.0;2027.0
02341470000144;ÂMBAR ENERGIA RR;2020-11;93.7096;3.094;0.0174;89.0061;6.5365;0.0137;1;1;1;22928.0;4.0;20828.0;2096.0;29118.0;4.0;24365.0;4749.0
02341470000144;ÂMBAR ENERGIA RR;2020-12;98.6699;0.1441;0.0174;97.962;0.3878;0.0158;1;1;1;22967.0;4.0;20795.0;2168.0;25346.0;4.0;22093.0;3249.0
02341470000144;ÂMBAR ENERGIA RR;2021-01;98.8084;0.1379;0.0181;98.1481;0.5606;0.0162;1;1;1;22135.0;4.0;20281.0;1850.0;24740.0;4.0;21639.0;3097.0
02341470000144;ÂMBAR ENERGIA RR;2021-02;97.6715;0.3825;0.0095;96.9579;0.5866;4.8652;1;1;1;21028.0;2.0;17968.0;3058.0;24439.0;1189.0;19150.0;4100.0
02341470000144;ÂMBAR ENERGIA RR;2021-03;98.0277;0.2756;0.1886;96.4282;1.4212;1.246;1;1;1;26512.0;50.0;23158.0;3304.0;32985.0;411.0;26081.0;6493.0
02341470000144;ÂMBAR ENERGIA RR;2021-04;98.936;0.1262;0.1166;98.3903;0.4038;9.9138;1;1;1;18014.0;21.0;16615.0;1378.0;22978.0;2278.0;18500.0;2200.0
02341470000144;ÂMBAR ENERGIA RR;2021-05;99.4069;0.225;0.0;99.0281;0.3811;0.0;1;1;1;15225.0;0.0;14636.0;589.0;16732.0;0.0;15683.0;1049.0
02341470000144;ÂMBAR ENERGIA RR;2021-06;99.6496;0.0202;0.0196;99.5025;0.051;0.0183;1;1;1;15277.0;3.0;14839.0;435.0;16360.0;3.0;15671.0;686.0
02341470000144;ÂMBAR ENERGIA RR;2021-07;98.9667;0.1235;0.0121;98.5982;0.2405;0.0106;1;1;1;16494.0;2.0;15369.0;1123.0;18815.0;2.0;17008.0;1805.0
02341470000144;ÂMBAR ENERGIA RR;2021-08;98.6521;0.1167;0.0048;94.4987;3.6629;24.1829;1;1;1;20827.0;1.0;18822.0;2004.0;38213.0;9241.0;20909.0;8063.0
02341470000144;ÂMBAR ENERGIA RR;2021-09;98.4666;0.176;0.313;98.1696;0.323;0.2858;1;1;1;22687.0;71.0;19855.0;2761.0;24842.0;71.0;21292.0;3479.0
02341470000144;ÂMBAR ENERGIA RR;2021-10;99.2786;0.0547;4.7277;98.288;0.4753;3.7563;1;1;0;21152.0;1000.0;18287.0;1865.0;26622.0;1000.0;21568.0;4054.0
02341470000144;ÂMBAR ENERGIA RR;2021-11;99.6375;0.0296;0.3516;99.4874;0.1353;0.3366;1;1;1;13936.0;49.0;13512.0;375.0;14559.0;49.0;14028.0;482.0
02341470000144;ÂMBAR ENERGIA RR;2021-12;99.7449;0.085;0.0153;99.3117;0.4084;0.0148;1;1;1;13074.0;2.0;12925.0;147.0;13481.0;2.0;13167.0;312.0
02341470000144;ÂMBAR ENERGIA RR;2022-01;99.3097;0.0758;0.0243;94.3932;4.1414;3.1634;1;1;1;12343.0;3.0;11870.0;470.0;17576.0;556.0;13934.0;3086.0
02341470000144;ÂMBAR ENERGIA RR;2022-02;99.6079;0.0392;1.5696;99.116;0.2245;1.3744;1;1;1;13252.0;208.0;12748.0;296.0;15134.0;208.0;14221.0;705.0
02341470000144;ÂMBAR ENERGIA RR;2022-03;99.6483;0.079;1.0009;95.8072;3.0778;0.7747;1;1;1;14387.0;144.0;13921.0;322.0;19491.0;151.0;16690.0;2650.0
02341470000144;ÂMBAR ENERGIA RR;2022-04;99.5915;0.0668;0.0;96.8525;2.1968;0.0;1;1;1;13701.0;0.0;13454.0;247.0;16966.0;0.0;15226.0;1740.0
02341470000144;ÂMBAR ENERGIA RR;2022-05;95.9754;1.1342;0.0;90.062;4.6204;0.0221;1;1;1;17621.0;0.0;15255.0;2366.0;27123.0;6.0;19838.0;7279.0
02341470000144;ÂMBAR ENERGIA RR;2022-06;93.5921;1.9122;0.0;91.1543;3.1427;0.0;1;1;1;19300.0;0.0;15491.0;3809.0;23480.0;0.0;17629.0;5851.0
02341470000144;ÂMBAR ENERGIA RR;2022-07;93.8557;1.7218;0.0;89.7517;4.3143;0.0;1;1;1;19849.0;0.0;16267.0;3582.0;25967.0;0.0;18963.0;7004.0
02341470000144;ÂMBAR ENERGIA RR;2022-08;94.2785;1.9278;0.0141;88.2624;5.7393;0.0085;1;1;1;21211.0;3.0;17398.0;3810.0;35403.0;3.0;24373.0;11027.0
02341470000144;ÂMBAR ENERGIA RR;2022-09;96.6677;0.5743;0.0055;79.4999;14.6601;38.2359;1;1;1;18125.0;1.0;15754.0;2370.0;62614.0;23941.0;21364.0;17309.0
02341470000144;ÂMBAR ENERGIA RR;2022-10;95.7648;0.8878;0.0052;93.5564;1.8497;0.0042;1;1;1;19255.0;1.0;16522.0;2732.0;23997.0;1.0;19421.0;4575.0
02341470000144;ÂMBAR ENERGIA RR;2022-11;95.695;1.2102;0.0576;89.5266;5.1298;0.0653;1;1;1;17367.0;10.0;14939.0;2418.0;24488.0;16.0;17754.0;6718.0
02341470000144;ÂMBAR ENERGIA RR;2022-12;97.1835;0.5036;0.028;94.6474;2.2005;0.0233;1;1;1;17830.0;5.0;16003.0;1822.0;21460.0;5.0;17778.0;3677.0
02341470000144;ÂMBAR ENERGIA RR;2023-01;94.1899;1.4009;0.0598;93.746;1.5968;0.0563;1;1;1;21738.0;13.0;17666.0;4059.0;23099.0;13.0;18488.0;4598.0
02341470000144;ÂMBAR ENERGIA RR;2023-02;92.5768;1.9218;0.0;90.7942;2.5695;0.0;1;1;1;18536.0;0.0;14494.0;4042.0;21772.0;0.0;16267.0;5505.0
02341470000144;ÂMBAR ENERGIA RR;2023-03;92.5752;1.4988;0.0;91.3915;1.951;0.0;1;1;1;22148.0;0.0;17021.0;5127.0;25043.0;0.0;18645.0;6398.0
02341470000144;ÂMBAR ENERGIA RR;2023-04;93.1234;1.5016;0.1395;78.4427;13.9063;9.1365;1;1;1;18636.0;26.0;14825.0;3785.0;42434.0;3877.0;20975.0;17582.0
02341470000144;ÂMBAR ENERGIA RR;2023-05;90.7863;2.2365;0.0;85.0097;5.3761;0.0;1;1;1;22065.0;0.0;16436.0;5629.0;31677.0;0.0;20452.0;11225.0
02341470000144;ÂMBAR ENERGIA RR;2023-06;93.5576;1.4283;0.0049;91.6967;2.3262;0.0041;1;1;1;20541.0;1.0;16494.0;4046.0;24674.0;1.0;18727.0;5946.0
02341470000144;ÂMBAR ENERGIA RR;2023-07;94.3284;1.2263;0.1026;91.5683;2.5526;4.0129;1;1;1;21445.0;22.0;17398.0;4025.0;26888.0;1079.0;19393.0;6416.0
02341470000144;ÂMBAR ENERGIA RR;2023-08;92.3957;1.9239;0.0;85.0878;6.5806;0.0;1;1;1;23789.0;0.0;18250.0;5539.0;35882.0;0.0;23154.0;12728.0
02341470000144;ÂMBAR ENERGIA RR;2023-09;92.0965;1.7007;0.0;88.3918;3.256;0.0;1;1;1;20601.0;0.0;15895.0;4706.0;29916.0;0.0;20977.0;8939.0
02341470000144;ÂMBAR ENERGIA RR;2023-10;92.7635;1.5383;0.0;77.3575;12.5706;0.0;1;1;1;18647.0;0.0;14722.0;3925.0;39973.0;0.0;21658.0;18315.0
02341470000144;ÂMBAR ENERGIA RR;2023-11;94.7897;1.0379;0.0;91.8356;2.4653;0.0;1;1;1;17290.0;0.0;14397.0;2893.0;21492.0;0.0;16498.0;4994.0
02341470000144;ÂMBAR ENERGIA RR;2023-12;93.4087;1.5484;0.0;91.4739;2.5017;0.0;1;1;1;17705.0;0.0;14115.0;3590.0;20444.0;0.0;15472.0;4972.0
02341470000144;ÂMBAR ENERGIA RR;2024-01;92.0711;2.0429;0.0;91.1086;2.7594;0.0;1;1;1;22804.0;0.0;17358.0;5446.0;24360.0;0.0;18078.0;6282.0
02341470000144;ÂMBAR ENERGIA RR;2024-02;93.8735;1.6482;0.0;92.7966;2.1682;0.0;1;1;1;18504.0;0.0;14978.0;3526.0;20929.0;0.0;16379.0;4550.0
02341470000144;ÂMBAR ENERGIA RR;2024-03;95.9525;0.7855;0.0;95.4311;1.094;0.0;1;1;1;19264.0;0.0;16546.0;2718.0;21950.0;0.0;18444.0;3506.0
02341470000144;ÂMBAR ENERGIA RR;2024-04;94.766;0.9736;0.0;94.6924;0.9686;0.0;1;1;1;22088.0;0.0;18409.0;3679.0;23848.0;0.0;19834.0;4014.0
02341470000144;ÂMBAR ENERGIA RR;2024-05;94.6506;1.0907;0.0;93.6717;1.5172;0.0;1;1;1;22102.0;0.0;18046.0;4056.0;24359.0;0.0;19344.0;5015.0
02341470000144;ÂMBAR ENERGIA RR;2024-06;93.0645;1.5279;0.2914;91.9616;2.257;0.2532;1;1;1;22996.0;67.0;18046.0;4950.0;26460.0;67.0;20051.0;6409.0
02341470000144;ÂMBAR ENERGIA RR;2024-07;91.478;1.7455;0.0;90.1804;2.7782;0.0;1;1;1;22720.0;0.0;17225.0;5495.0;25078.0;0.0;18267.0;6811.0
02341470000144;ÂMBAR ENERGIA RR;2024-08;89.6326;3.7087;1.8658;89.1685;3.7288;1.6918;1;1;1;24172.0;451.0;19161.0;4560.0;26835.0;454.0;20887.0;5494.0
02341470000144;ÂMBAR ENERGIA RR;2024-09;88.6882;3.8373;1.7977;83.9;7.3788;38.4758;1;1;1;21472.0;386.0;19221.0;1865.0;44246.0;17024.0;23046.0;4176.0
02341470000144;ÂMBAR ENERGIA RR;2024-10;87.0197;3.6059;0.3398;85.64;4.6519;9.5754;1;1;1;21484.0;73.0;20370.0;1041.0;25273.0;2420.0;21460.0;1393.0
02341470000144;ÂMBAR ENERGIA RR;2024-11;88.0552;3.8831;0.7915;85.5646;5.3717;3.3327;1;1;1;18951.0;150.0;17896.0;905.0;22714.0;757.0;20505.0;1452.0
02341470000144;ÂMBAR ENERGIA RR;2024-12;92.7839;2.2806;0.6951;92.4586;2.4318;0.6746;1;1;1;17551.0;122.0;16968.0;461.0;18084.0;122.0;17453.0;509.0
02341470000144;ÂMBAR ENERGIA RR;2025-01;91.9518;2.2424;0.0404;91.8951;2.3053;0.0394;1;1;1;14844.0;6.0;14430.0;414.0;15237.0;6.0;14790.0;447.0
02341470000144;ÂMBAR ENERGIA RR;2025-02;89.694;2.7759;0.0533;88.5848;3.448;1.9913;1;1;1;13123.0;7.0;12679.0;437.0;14011.0;279.0;13161.0;571.0
02341470000144;ÂMBAR ENERGIA RR;2025-03;91.0062;2.5949;1.6388;90.6047;2.8327;1.5534;1;1;1;14462.0;237.0;13776.0;449.0;15257.0;237.0;14510.0;510.0
02341470000144;ÂMBAR ENERGIA RR;2025-04;90.9424;2.0727;0.1372;88.5206;3.8118;1.9705;1;1;1;14572.0;20.0;14174.0;378.0;16341.0;322.0;15292.0;727.0
02341470000144;ÂMBAR ENERGIA RR;2025-05;87.2899;3.4307;0.0273;84.2246;6.1124;0.092;1;1;1;14659.0;4.0;14018.0;637.0;16311.0;15.0;15099.0;1197.0
02341470000144;ÂMBAR ENERGIA RR;2025-06;87.301;3.8577;0.0071;84.3876;5.6987;0.0059;1;1;1;14042.0;1.0;13408.0;633.0;17092.0;1.0;15952.0;1139.0
02341470000144;ÂMBAR ENERGIA RR;2025-07;94.7046;1.0766;0.0062;93.6592;1.6157;0.0058;1;1;1;16042.0;1.0;15804.0;237.0;17287.0;1.0;16928.0;358.0
02341470000144;ÂMBAR ENERGIA RR;2025-08;94.1419;1.025;0.0142;90.0086;3.3612;0.0122;1;1;1;14096.0;2.0;13905.0;189.0;16398.0;2.0;15727.0;669.0
02341470000144;ÂMBAR ENERGIA RR;2025-09;93.5349;1.4116;0.0385;88.7141;4.8593;0.0698;1;1;1;15585.0;6.0;15295.0;284.0;18613.0;13.0;17543.0;1057.0
02341470000144;ÂMBAR ENERGIA RR;2025-10;93.012;1.7168;0.0569;87.5285;5.1107;0.0615;1;1;1;15810.0;9.0;15457.0;344.0;19512.0;12.0;18344.0;1156.0
02341470000144;ÂMBAR ENERGIA RR;2025-11;92.2054;1.8;0.0078;90.5831;2.7551;0.0072;1;1;1;12837.0;1.0;12548.0;288.0;13803.0;1.0;13342.0;460.0
02341470000144;ÂMBAR ENERGIA RR;2025-12;88.9125;3.0632;0.0078;88.7863;3.1124;0.0076;1;1;1;12788.0;1.0;12310.0;477.0;13198.0;1.0;12701.0;496.0
02341470000144;ÂMBAR ENERGIA RR;2026-01;93.043;1.3521;0.0;93.0016;1.4071;0.0;1;1;1;12782.0;0.0;12549.0;233.0;13568.0;0.0;13313.0;255.0
02341470000144;ÂMBAR ENERGIA RR;2026-02;88.9954;3.4699;0.0082;86.3415;5.0629;0.0071;1;1;1;12179.0;1.0;11684.0;494.0;14113.0;1.0;13276.0;836.0
02341470000144;ÂMBAR ENERGIA RR;2026-03;87.5432;3.7018;0.0254;87.2992;3.7533;0.0531;1;1;1;15723.0;4.0;15036.0;683.0;20713.0;11.0;19771.0;931.0
02341470000144;ÂMBAR ENERGIA RR;2026-04;88.3003;2.5704;0.0339;87.7883;2.9123;0.0307;1;1;1;14771.0;5.0;14290.0;476.0;16297.0;5.0;15702.0;590.0
02341470000144;ÂMBAR ENERGIA RR;2026-05;90.9577;1.7001;0.0136;88.5042;2.8308;0.0177;1;1;1;14674.0;2.0;14339.0;333.0;16924.0;3.0;16305.0;616.0
02341470000144;ÂMBAR ENERGIA RR;2026-06;92.7403;1.5118;0.0073;91.5376;2.0632;0.0067;1;1;1;13731.0;1.0;13485.0;245.0;14845.0;1.0;14478.0;366.0
02341470000144;ÂMBAR ENERGIA RR;2026-07;85.9754;3.9132;0.0128;84.6091;4.7555;0.0116;1;1;1;15641.0;2.0;14929.0;710.0;17212.0;2.0;16263.0;947.0
03467321000199;EMT;2014-01;94.2882;1.1273;0.6005;91.4733;2.0981;0.6441;1;1;1;249977.0;1501.0;239712.0;4833.0;290965.0;1874.0;270926.0;9890.0
03467321000199;EMT;2014-02;92.1024;1.3041;0.6246;88.178;3.0076;0.6398;1;1;1;228311.0;1426.0;215836.0;4898.0;266026.0;1702.0;239256.0;10823.0
03467321000199;EMT;2014-03;92.5003;1.284;0.8895;91.4812;1.8239;1.0418;1;1;1;239584.0;2131.0;226570.0;5464.0;253029.0;2636.0;235876.0;7374.0
03467321000199;EMT;2014-04;93.8587;1.173;0.7383;93.2776;1.4407;0.747;1;1;1;227264.0;1678.0;216022.0;4650.0;234925.0;1755.0;221241.0;5698.0
03467321000199;EMT;2014-05;94.2802;0.8588;0.5199;93.5834;1.3785;0.522;1;1;1;213110.0;1108.0;202936.0;3170.0;219716.0;1147.0;207184.0;4592.0
03467321000199;EMT;2014-06;95.5804;1.0033;0.6699;94.9241;1.2354;0.6724;1;1;1;176148.0;1180.0;171983.0;2741.0;179064.0;1204.0;174202.0;3306.0
03467321000199;EMT;2014-07;96.4057;0.6427;0.6495;95.0567;1.0916;0.7525;1;1;1;201535.0;1309.0;195242.0;2152.0;216077.0;1626.0;204767.0;3548.0
03467321000199;EMT;2014-08;97.3519;0.6156;0.7384;95.7318;1.4167;1.888;1;1;1;184725.0;1364.0;180484.0;1699.0;193010.0;3644.0;183367.0;3529.0
03467321000199;EMT;2014-09;90.7425;1.9353;0.7918;78.0588;8.5081;5.3851;1;1;1;227204.0;1799.0;214741.0;6954.0;319009.0;17179.0;259720.0;33829.0
03467321000199;EMT;2014-10;80.7775;4.0251;4.5479;63.8431;13.0777;25.6759;0;0;0;245541.0;11167.0;213429.0;13034.0;474340.0;121791.0;275329.0;54560.0
03467321000199;EMT;2014-11;79.4616;5.808;34.1072;76.6162;7.9401;35.3441;0;0;0;331540.0;113079.0;200369.0;17451.0;364262.0;128745.0;210227.0;24323.0
03467321000199;EMT;2014-12;91.9912;1.8051;0.5199;89.0523;3.5184;2.7114;1;1;1;223882.0;1164.0;214933.0;7785.0;246076.0;6672.0;226122.0;13282.0
03467321000199;EMT;2015-01;85.4987;3.7674;0.0;68.2915;13.4163;0.0;1;1;1;201554.0;0.0;189455.0;12099.0;342303.0;0.0;284159.0;58144.0
03467321000199;EMT;2015-02;90.2739;2.2474;0.0;78.5969;9.2689;0.0;1;1;1;204654.0;0.0;195735.0;8919.0;262507.0;0.0;229194.0;33313.0
03467321000199;EMT;2015-03;92.7253;1.7417;0.0;92.067;2.0995;0.0;1;1;1;217232.0;0.0;205911.0;11321.0;234164.0;0.0;220235.0;13929.0
03467321000199;EMT;2015-04;60.2762;0.9814;0.0;61.0146;0.9598;0.0;0;1;1;294669.0;0.0;163851.0;2380.0;297248.0;0.0;167682.0;2393.0
03467321000199;EMT;2015-05;50.2374;22.4048;0.0;48.6585;23.2611;0.0;0;0;1;248252.0;0.0;143472.0;46844.0;255234.0;0.0;150505.0;51618.0
03467321000199;EMT;2015-06;86.6455;0.2237;0.0;86.7315;0.2207;0.0;1;1;1;167603.0;0.0;166350.0;1253.0;169903.0;0.0;168644.0;1259.0
03467321000199;EMT;2015-07;95.9989;0.8851;0.0;95.3427;1.1487;0.0;1;1;1;184930.0;0.0;163717.0;2743.0;187556.0;0.0;165663.0;3288.0
03467321000199;EMT;2015-08;90.9035;3.0921;0.0;86.3728;5.0941;0.0;1;1;1;185197.0;0.0;160748.0;6703.0;198920.0;0.0;168978.0;11192.0
03467321000199;EMT;2015-09;85.0158;6.0972;0.0;68.5103;16.2573;0.0;1;0;1;210955.0;0.0;177482.0;13736.0;299724.0;0.0;224201.0;49019.0
03467321000199;EMT;2015-10;84.7331;5.8578;0.0;59.5146;23.3787;0.0003;0;0;1;208222.0;0.0;173906.0;13267.0;395348.0;1.0;267482.0;92300.0
03467321000199;EMT;2015-11;86.9402;3.0613;0.0;69.2318;13.3818;0.0;1;1;1;236117.0;0.0;204309.0;8758.0;356996.0;0.0;274759.0;49732.0
03467321000199;EMT;2015-12;67.6208;11.8911;0.0;27.0721;36.4453;0.0;0;0;1;111973.0;0.0;96718.0;15255.0;436262.0;0.0;263634.0;172628.0
03467321000199;EMT;2016-01;95.1034;0.9644;1.4774;92.6202;1.8914;2.2259;1;1;1;290245.0;4288.0;241109.0;3610.0;304500.0;6778.0;249398.0;6769.0
03467321000199;EMT;2016-02;95.9951;0.9305;0.3543;93.3467;2.2947;3.7872;1;1;1;271812.0;963.0;232950.0;3585.0;291934.0;11056.0;237843.0;7521.0
03467321000199;EMT;2016-03;95.1974;1.5041;0.0;94.451;1.9499;0.0;1;1;1;272775.0;0.0;231093.0;5215.0;275332.0;0.0;232269.0;6488.0
03467321000199;EMT;2016-04;96.1832;1.0063;0.0;93.6096;2.6787;0.0;1;1;1;235964.0;0.0;208167.0;3554.0;245732.0;0.0;212572.0;7762.0
03467321000199;EMT;2016-05;94.9983;0.7451;0.0;94.5886;1.0179;0.0;1;1;1;200732.0;0.0;156254.0;2119.0;201659.0;0.0;156557.0;2624.0
03467321000199;EMT;2016-06;93.1664;1.6192;0.0;93.111;1.6311;0.0;1;1;1;201116.0;0.0;140107.0;3043.0;201403.0;0.0;140278.0;3066.0
03467321000199;EMT;2016-07;96.0925;0.4407;0.0;96.0925;0.4407;0.0;1;1;1;199499.0;0.0;130580.0;1093.0;199499.0;0.0;130580.0;1093.0
03467321000199;EMT;2016-08;93.7723;2.1274;0.0;82.5535;9.2445;0.0;1;1;1;258135.0;0.0;165346.0;4706.0;303828.0;0.0;179144.0;20903.0
03467321000199;EMT;2016-09;91.9769;1.2821;0.0;89.9371;1.9409;0.0;1;1;1;263507.0;0.0;170080.0;2964.0;271718.0;0.0;173902.0;4362.0
03467321000199;EMT;2016-10;86.4831;2.2509;0.0009;80.9736;3.972;0.0008;1;1;1;333286.0;3.0;235678.0;7346.0;383479.0;3.0;265331.0;13817.0
03467321000199;EMT;2016-11;88.1833;1.7136;0.0;86.1874;2.4774;0.0;1;1;1;366695.0;0.0;255176.0;6305.0;388775.0;0.0;266976.0;9045.0
03467321000199;EMT;2016-12;91.5815;1.667;0.0006;91.1788;1.8152;0.0006;1;1;1;344775.0;2.0;250350.0;5944.0;350989.0;2.0;254556.0;6480.0
03467321000199;EMT;2017-01;92.2597;1.3266;0.0;86.2373;3.8224;0.0;1;1;1;334796.0;0.0;223510.0;4587.0;370537.0;0.0;241655.0;12245.0
03467321000199;EMT;2017-02;91.7308;1.3159;0.0;89.6358;2.2013;0.0;1;1;1;264111.0;0.0;198282.0;3774.0;279228.0;0.0;208059.0;6095.0
03467321000199;EMT;2017-03;88.1025;1.4402;0.0;86.6956;2.2432;0.0;1;1;1;280477.0;0.0;232881.0;5653.0;286640.0;0.0;236464.0;7877.0
03467321000199;EMT;2017-04;89.335;0.7531;0.0;88.5978;1.0655;0.0;1;1;1;252924.0;0.0;204394.0;3342.0;257434.0;0.0;206967.0;4119.0
03467321000199;EMT;2017-05;89.3409;0.7148;0.0;88.9292;0.9327;0.0;1;1;1;250017.0;0.0;209318.0;3308.0;252398.0;0.0;210300.0;3861.0
03467321000199;EMT;2017-06;89.906;0.5847;0.0;89.8758;0.5858;0.0;1;1;1;214974.0;0.0;186519.0;2513.0;215157.0;0.0;186678.0;2518.0
03467321000199;EMT;2017-07;88.8088;0.7498;0.0;88.6089;0.7795;0.0;1;1;1;228698.0;0.0;192856.0;3082.0;229327.0;0.0;193343.0;3168.0
03467321000199;EMT;2017-08;88.0468;0.7492;0.0;85.0368;2.1102;0.0;1;1;1;259311.0;0.0;214200.0;3425.0;285050.0;0.0;227309.0;7317.0
03467321000199;EMT;2017-09;87.8261;0.987;0.0;81.8188;2.872;0.0;1;1;1;240351.0;0.0;200533.0;3767.0;274484.0;0.0;218369.0;9276.0
03467321000199;EMT;2017-10;73.7733;5.8292;0.0;38.1483;22.5636;0.0;0;0;1;189392.0;0.0;145863.0;11720.0;522720.0;0.0;322016.0;109767.0
03467321000199;EMT;2017-11;68.1834;6.8553;0.0;52.5187;14.6697;0.0;0;0;1;263672.0;0.0;203848.0;18964.0;385553.0;0.0;270084.0;55500.0
03467321000199;EMT;2017-12;87.4654;1.29;0.0;85.9284;2.1784;0.0;1;1;1;306733.0;0.0;245558.0;5428.0;327958.0;0.0;260001.0;8487.0
03467321000199;EMT;2018-01;88.0123;1.0703;0.0;87.2851;1.2874;0.0;1;1;1;295622.0;0.0;246324.0;4996.0;313258.0;0.0;259931.0;6047.0
03467321000199;EMT;2018-02;90.9688;1.109;0.0;89.6954;1.5056;0.0;1;1;1;273310.0;0.0;221594.0;4266.0;283208.0;0.0;228768.0;5531.0
03467321000199;EMT;2018-03;90.0968;0.9506;0.0;89.4353;1.3341;0.0;1;1;1;296568.0;0.0;229441.0;3938.0;304846.0;0.0;234881.0;5066.0
03467321000199;EMT;2018-04;96.0965;0.1917;0.0;95.9138;0.2531;0.0;1;1;1;256653.0;0.0;202585.0;1431.0;257217.0;0.0;202928.0;1576.0
03467321000199;EMT;2018-05;92.5238;0.9445;0.0;90.7307;1.2542;0.0;1;1;1;240322.0;0.0;191190.0;3100.0;252009.0;0.0;199275.0;3992.0
03467321000199;EMT;2018-06;93.2224;0.7284;0.0;93.2294;0.7267;0.0;1;1;1;211097.0;0.0;170770.0;2566.0;211867.0;0.0;171433.0;2580.0
03467321000199;EMT;2018-07;94.6149;0.4154;0.0;94.2982;0.4672;0.0;1;1;1;225501.0;0.0;178602.0;2692.0;229994.0;0.0;181721.0;2839.0
03467321000199;EMT;2018-08;87.7413;1.5594;0.0004;86.9833;2.087;0.0004;1;1;1;238757.0;1.0;186599.0;4939.0;250448.0;1.0;194936.0;6358.0
03467321000199;EMT;2018-09;88.0363;1.2561;0.0;82.1976;3.5824;0.0;1;1;1;239689.0;0.0;198813.0;4727.0;277758.0;0.0;224303.0;11862.0
03467321000199;EMT;2018-10;86.2973;2.0079;0.0003;76.1642;6.7807;0.0003;1;1;1;308511.0;1.0;255144.0;8357.0;376230.0;1.0;292977.0;26871.0
03467321000199;EMT;2018-11;87.882;1.677;0.0;85.1205;2.641;0.0;1;1;1;312431.0;0.0;222675.0;5796.0;333856.0;0.0;235822.0;8834.0
03467321000199;EMT;2018-12;83.7899;4.178;0.0004;63.9229;16.7511;0.0003;0;0;1;269667.0;1.0;178869.0;9790.0;371618.0;1.0;215096.0;49130.0
03467321000199;EMT;2019-01;88.007;2.0264;0.0003;75.2388;8.7128;0.0003;1;1;1;291443.0;1.0;212489.0;6638.0;354697.0;1.0;241335.0;27782.0
03467321000199;EMT;2019-02;92.5342;0.9206;0.0;79.7876;9.0806;0.0;1;1;1;248796.0;0.0;183181.0;3011.0;294768.0;0.0;199158.0;23466.0
03467321000199;EMT;2019-03;91.0288;1.1701;0.0004;89.9829;1.7826;0.0004;1;1;1;255066.0;1.0;182607.0;3501.0;263971.0;1.0;186667.0;4885.0
03467321000199;EMT;2019-04;92.7336;0.854;0.002;92.2409;0.9818;0.0019;1;1;1;252115.0;5.0;180067.0;2761.0;257991.0;5.0;183651.0;3110.0
03467321000199;EMT;2019-05;91.5128;0.5206;0.0;91.4171;0.5713;0.0;1;1;1;225074.0;0.0;171598.0;1993.0;225905.0;0.0;171960.0;2107.0
03467321000199;EMT;2019-06;90.1892;0.678;0.0;90.1955;0.6775;0.0;1;1;1;184711.0;0.0;141814.0;1925.0;184850.0;0.0;141905.0;1926.0
03467321000199;EMT;2019-07;88.2422;1.2993;0.0;88.2422;1.2993;0.0;1;1;1;213353.0;0.0;165673.0;3495.0;213353.0;0.0;165673.0;3495.0
03467321000199;EMT;2019-08;90.0587;2.0107;0.0;88.0907;3.1828;0.0;1;1;1;233903.0;0.0;187141.0;5519.0;241895.0;0.0;190362.0;8244.0
03467321000199;EMT;2019-09;86.8067;2.8045;0.0;63.055;17.164;0.0;1;1;1;241078.0;0.0;177479.0;7195.0;380123.0;0.0;229194.0;54743.0
03467321000199;EMT;2019-10;85.7397;2.3977;0.0;69.4832;12.6205;0.0;1;1;1;316215.0;0.0;228156.0;8289.0;432862.0;0.0;274272.0;47471.0
03467321000199;EMT;2019-11;86.9735;1.8091;0.0;79.5398;6.2528;0.0;1;1;1;314804.0;0.0;226601.0;6662.0;365463.0;0.0;249871.0;21243.0
03467321000199;EMT;2019-12;88.1125;1.7695;0.0;81.9548;4.5098;0.0;1;1;1;290444.0;0.0;219334.0;6185.0;323188.0;0.0;236492.0;15419.0
03467321000199;EMT;2020-01;91.8583;1.3963;0.0;90.5086;2.0245;0.0;1;1;1;287285.0;0.0;215030.0;4759.0;294904.0;0.0;218548.0;6462.0
03467321000199;EMT;2020-02;90.8801;1.5702;0.0;89.4276;2.3369;0.0;1;1;1;253318.0;0.0;189004.0;4687.0;259673.0;0.0;191661.0;6514.0
03467321000199;EMT;2020-03;88.3397;1.5484;0.0;87.4706;1.9476;0.0;1;1;1;266277.0;0.0;205249.0;5050.0;272750.0;0.0;209089.0;6196.0
03467321000199;EMT;2020-04;80.6221;6.4501;0.0;75.6327;7.8777;0.0;0;0;1;237775.0;0.0;169446.0;13792.0;291863.0;0.0;207886.0;20779.0
03467321000199;EMT;2020-05;28.1876;19.1122;0.0004;31.2302;18.3061;0.0003;0;0;1;225828.0;1.0;147625.0;39953.0;286382.0;1.0;190283.0;48952.0
03467321000199;EMT;2020-06;91.7851;1.5597;0.0;86.5188;1.9918;0.0;1;1;1;264954.0;0.0;188902.0;4399.0;311713.0;0.0;225014.0;6574.0
03467321000199;EMT;2020-07;90.0578;1.7776;0.0;85.328;3.1458;0.0;1;1;1;290331.0;0.0;210024.0;5635.0;330686.0;0.0;239779.0;10811.0
03467321000199;EMT;2020-08;91.0585;2.3052;0.0;77.5995;8.2142;0.0;1;1;1;218474.0;0.0;174138.0;5636.0;262965.0;0.0;196126.0;20399.0
03467321000199;EMT;2020-09;89.8255;2.6251;0.0;83.9205;5.5871;0.0;1;1;1;249063.0;0.0;191964.0;7001.0;275689.0;0.0;202154.0;14742.0
03467321000199;EMT;2020-10;90.1228;2.8217;0.0;57.3486;21.7798;0.0;1;1;1;230629.0;0.0;166204.0;6618.0;522132.0;0.0;295010.0;93274.0
03467321000199;EMT;2020-11;92.2056;1.3967;0.0007;91.0317;1.7628;0.0006;1;1;1;300958.0;2.0;220474.0;6181.0;315246.0;2.0;229264.0;7510.0
03467321000199;EMT;2020-12;92.7529;1.6304;0.0;91.3123;2.1624;0.0;1;1;1;309829.0;0.0;219921.0;6485.0;320828.0;0.0;225952.0;8233.0
03467321000199;EMT;2021-01;90.6975;2.0359;0.0;89.1547;2.9013;0.0;1;1;1;288508.0;0.0;205806.0;7084.0;301473.0;0.0;212214.0;9552.0
03467321000199;EMT;2021-02;90.318;1.8866;0.0;89.7019;2.0617;0.0;1;1;1;225404.0;0.0;177855.0;4786.0;228896.0;0.0;179802.0;5314.0
03467321000199;EMT;2021-03;89.5526;1.738;0.0;88.5291;2.4058;0.0;1;1;1;245538.0;0.0;192228.0;4909.0;250678.0;0.0;193991.0;6442.0
03467321000199;EMT;2021-04;89.2566;1.7946;0.0;88.8428;2.1466;0.0;1;1;1;214515.0;0.0;168213.0;7035.0;220616.0;0.0;171445.0;7822.0
03467321000199;EMT;2021-05;91.1685;1.2277;0.0;90.6279;1.5318;0.0;1;1;1;174938.0;0.0;146500.0;3101.0;177159.0;0.0;147658.0;3659.0
03467321000199;EMT;2021-06;88.2215;2.1116;0.0;88.0358;2.1821;0.0;1;1;1;170608.0;0.0;136804.0;4239.0;171103.0;0.0;137085.0;4364.0
03467321000199;EMT;2021-07;91.0878;1.2882;0.0;90.9175;1.3396;0.0;1;1;1;165035.0;0.0;128426.0;2682.0;165537.0;0.0;128734.0;2767.0
03467321000199;EMT;2021-08;89.9106;1.8046;0.0;87.8639;3.1653;0.0;1;1;1;200445.0;0.0;142076.0;4212.0;206704.0;0.0;144245.0;6534.0
03467321000199;EMT;2021-09;87.2423;2.6705;0.0;67.2247;17.1369;0.0;1;1;1;246272.0;0.0;175743.0;7597.0;350826.0;0.0;208520.0;52261.0
03467321000199;EMT;2021-10;87.5118;3.1812;0.0;63.8257;20.6371;0.0;1;1;1;249356.0;0.0;174299.0;7711.0;382601.0;0.0;216714.0;67804.0
03467321000199;EMT;2021-11;86.8949;2.4554;0.0;85.3717;3.3853;0.0;1;1;1;255697.0;0.0;176464.0;6236.0;264410.0;0.0;179970.0;8681.0
03467321000199;EMT;2021-12;86.6284;2.5659;0.0;81.5676;5.9427;0.0;1;1;1;253536.0;0.0;168752.0;6225.0;276567.0;0.0;176838.0;14605.0
03467321000199;EMT;2022-01;86.6151;2.8898;0.0;70.5503;16.489;0.0;1;1;1;240764.0;0.0;159926.0;6565.0;298622.0;0.0;174655.0;41121.0
03467321000199;EMT;2022-02;90.138;2.9287;0.0;82.3914;8.333;0.0;1;1;1;228660.0;0.0;152762.0;5955.0;252474.0;0.0;161630.0;18685.0
03467321000199;EMT;2022-03;90.4071;2.2411;0.0;86.5987;4.9209;0.0;1;1;1;220596.0;0.0;152413.0;8024.0;232229.0;0.0;156021.0;14601.0
03467321000199;EMT;2022-04;89.2601;3.3951;0.0;88.8113;3.7113;0.0;1;1;1;191879.0;0.0;129240.0;7624.0;193509.0;0.0;129958.0;8236.0
03467321000199;EMT;2022-05;92.5514;2.2119;0.0;92.4576;2.2269;0.0;1;1;1;181527.0;0.0;127989.0;3986.0;181760.0;0.0;128205.0;4015.0
03467321000199;EMT;2022-06;92.9243;2.5299;0.0;92.1312;2.9919;0.0;1;1;1;172882.0;0.0;118510.0;4041.0;174687.0;0.0;119090.0;4701.0
03467321000199;EMT;2022-07;94.7215;1.4933;0.0;94.4004;1.8051;0.0;1;1;1;155505.0;0.0;111281.0;2400.0;156376.0;0.0;111406.0;2793.0
03467321000199;EMT;2022-08;93.4176;2.0721;0.0;89.1358;5.4603;0.0;1;1;1;189888.0;0.0;130533.0;3839.0;214007.0;0.0;137456.0;9679.0
03467321000199;EMT;2022-09;94.5411;1.5453;0.0;92.6159;2.7896;0.0;1;1;1;201961.0;0.0;130289.0;3008.0;213686.0;0.0;133742.0;5050.0
03467321000199;EMT;2022-10;93.682;1.9627;0.0;92.0868;2.9983;0.0;1;1;1;254552.0;0.0;150548.0;3458.0;266292.0;0.0;154515.0;5356.0
03467321000199;EMT;2022-11;94.1011;1.5441;0.0;93.978;1.6013;0.0;1;1;1;201360.0;0.0;126764.0;2145.0;202158.0;0.0;127075.0;2225.0
03467321000199;EMT;2022-12;90.4513;3.2165;0.0;90.3623;3.2658;0.0;1;1;1;200719.0;0.0;123971.0;4290.0;201061.0;0.0;124108.0;4360.0
03467321000199;EMT;2023-01;91.1673;2.094;0.0;91.0998;2.1062;0.0;1;1;1;217879.0;0.0;132271.0;3012.0;218464.0;0.0;132605.0;3036.0
03467321000199;EMT;2023-02;87.094;3.2711;0.0;77.8099;10.2001;0.0;1;1;1;187168.0;0.0;114911.0;4090.0;217597.0;0.0;123271.0;14505.0
03467321000199;EMT;2023-03;90.0597;3.9678;0.0;88.1665;5.3331;0.0;1;1;1;223723.0;0.0;129871.0;5627.0;229625.0;0.0;132031.0;7863.0
03467321000199;EMT;2023-04;88.8095;3.7476;0.0;88.6703;3.8366;0.0;1;1;1;196288.0;0.0;95491.0;3838.0;196905.0;0.0;95648.0;3994.0
03467321000199;EMT;2023-05;90.8597;3.1368;0.0;90.8292;3.136;0.0;1;1;1;183431.0;0.0;97888.0;3303.0;183747.0;0.0;98007.0;3307.0
03467321000199;EMT;2023-06;95.7564;1.0892;0.0;95.5655;1.1684;0.0;1;1;1;154479.0;0.0;86636.0;1025.0;154951.0;0.0;86786.0;1098.0
03467321000199;EMT;2023-07;87.1479;3.917;0.0;87.1507;3.9161;0.0;1;1;1;153896.0;0.0;85780.0;3592.0;153923.0;0.0;85800.0;3592.0
03467321000199;EMT;2023-08;87.5167;3.6919;0.0;84.9234;5.5235;0.0;1;1;1;191441.0;0.0;105494.0;4173.0;201270.0;0.0;107244.0;6414.0
03467321000199;EMT;2023-09;78.3584;8.2912;0.0;68.9845;15.3477;0.0;0;0;1;237599.0;0.0;115653.0;10606.0;282827.0;0.0;124543.0;22761.0
03467321000199;EMT;2023-10;88.2489;3.7775;0.0005;61.8187;23.5601;0.0003;1;1;1;216674.0;1.0;118830.0;4787.0;338613.0;1.0;148214.0;45883.0
03467321000199;EMT;2023-11;86.1575;3.7475;0.0;56.8928;28.7106;0.0;1;1;1;195576.0;0.0;104433.0;4180.0;295092.0;0.0;126029.0;50970.0
03467321000199;EMT;2023-12;85.9801;3.4303;0.0;66.7992;17.5668;0.0004;1;1;1;193986.0;0.0;114211.0;4163.0;262294.0;1.0;134559.0;28881.0
03467321000199;EMT;2024-01;88.3548;3.1223;0.0004;84.933;5.0007;0.0004;1;1;1;242455.0;1.0;121318.0;4004.0;250267.0;1.0;124602.0;6665.0
03467321000199;EMT;2024-02;91.1904;2.1923;0.0;89.4034;3.4094;0.0;1;1;1;194612.0;0.0;111579.0;2594.0;199844.0;0.0;112783.0;4079.0
03467321000199;EMT;2024-03;91.4538;1.9903;0.0;90.9441;2.3288;0.0;1;1;1;192075.0;0.0;114739.0;2433.0;193941.0;0.0;115209.0;2851.0
03467321000199;EMT;2024-04;92.6263;1.4203;0.0;92.1586;1.5685;0.0;1;1;1;182568.0;0.0;110148.0;1679.0;183839.0;0.0;110703.0;1857.0
03467321000199;EMT;2024-05;93.4503;1.0696;0.0;93.4272;1.0781;0.0;1;1;1;156376.0;0.0;88332.0;1020.0;156434.0;0.0;88360.0;1028.0
03467321000199;EMT;2024-06;95.1325;0.8863;0.0;95.1325;0.8863;0.0;1;1;1;146328.0;0.0;75931.0;718.0;146328.0;0.0;75931.0;718.0
03467321000199;EMT;2024-07;94.7104;0.7107;0.0;94.7104;0.7107;0.0;1;1;1;151394.0;0.0;80188.0;647.0;151394.0;0.0;80188.0;647.0
03467321000199;EMT;2024-08;95.4871;0.6662;0.0;95.4906;0.6657;0.0;1;1;1;163318.0;0.0;82608.0;603.0;163492.0;0.0;82672.0;603.0
03467321000199;EMT;2024-09;92.2991;1.4616;0.0;88.0312;4.1485;0.0;1;1;1;209505.0;0.0;103888.0;1626.0;227740.0;0.0;107738.0;4756.0
03467321000199;EMT;2024-10;93.3983;1.3667;0.0;84.0396;7.1242;0.0;1;1;1;262876.0;0.0;135243.0;1946.0;318767.0;0.0;148958.0;11515.0
03467321000199;EMT;2024-11;93.0494;0.6816;0.0005;92.9725;0.7108;0.0005;1;1;1;189529.0;1.0;107969.0;805.0;190906.0;1.0;109370.0;848.0
03467321000199;EMT;2024-12;93.6231;0.8118;0.0011;93.4717;0.8729;0.001;1;1;1;189859.0;2.0;102270.0;903.0;190880.0;2.0;102660.0;970.0
03467321000199;EMT;2025-01;94.1348;0.5628;0.0;93.8381;0.7366;0.0;1;1;1;194514.0;0.0;101417.0;635.0;196068.0;0.0;101746.0;817.0
03467321000199;EMT;2025-02;90.9204;1.0837;0.0;90.9659;1.0799;0.0;1;1;1;174379.0;0.0;90913.0;1079.0;175609.0;0.0;91419.0;1081.0
03467321000199;EMT;2025-03;91.4175;0.7497;0.001;90.7165;1.0133;0.001;1;1;1;201107.0;2.0;85657.0;728.0;205321.0;2.0;86847.0;972.0
03467321000199;EMT;2025-04;91.1473;0.6048;0.0005;91.1051;0.6111;0.0005;1;1;1;201220.0;1.0;77246.0;522.0;201922.0;1.0;77411.0;529.0
03467321000199;EMT;2025-05;91.4574;0.5065;0.0006;91.4591;0.5064;0.0006;1;1;1;172329.0;1.0;70125.0;411.0;172358.0;1.0;70139.0;411.0
03467321000199;EMT;2025-06;91.5778;0.4677;0.0;91.5789;0.4676;0.0;1;1;1;142381.0;0.0;56395.0;302.0;142408.0;0.0;56402.0;302.0
03467321000199;EMT;2025-07;90.6305;0.5904;0.0;90.6305;0.5904;0.0;1;1;1;138751.0;0.0;56402.0;367.0;138751.0;0.0;56402.0;367.0
03467321000199;EMT;2025-08;91.049;0.9683;0.0;91.051;0.9681;0.0;1;1;1;147744.0;0.0;56967.0;598.0;147744.0;0.0;56980.0;598.0
03467321000199;EMT;2025-09;90.3301;1.0521;0.0;88.9299;1.7761;0.0;1;1;1;221275.0;0.0;79374.0;918.0;232998.0;0.0;82234.0;1565.0
03467321000199;EMT;2025-10;91.3976;0.8821;0.0;90.8545;1.2224;0.0;1;1;1;228273.0;0.0;73039.0;704.0;233856.0;0.0;74017.0;971.0
03467321000199;EMT;2025-11;90.5382;1.0274;0.0;90.1824;1.0844;0.0;1;1;1;209363.0;0.0;70031.0;781.0;213820.0;0.0;71152.0;834.0
03467321000199;EMT;2025-12;90.3907;0.9807;0.0;90.3957;0.9802;0.0;1;1;1;183597.0;0.0;62095.0;669.0;183719.0;0.0;62128.0;669.0
03467321000199;EMT;2026-01;91.0141;0.8701;0.0039;90.8179;0.8994;0.0038;1;1;1;181302.0;7.0;65506.0;622.0;182748.0;7.0;65890.0;645.0
03467321000199;EMT;2026-02;87.3288;1.7366;0.0;87.1973;1.7633;0.0;1;1;1;156008.0;0.0;60488.0;1102.0;156613.0;0.0;60725.0;1123.0
03467321000199;EMT;2026-03;90.2169;0.7684;0.0;90.2171;0.7707;0.0;1;1;1;173182.0;0.0;63922.0;526.0;173499.0;0.0;63993.0;529.0
03467321000199;EMT;2026-04;90.4125;1.0901;0.0;90.4103;1.0925;0.0;1;1;1;160743.0;0.0;55802.0;655.0;160847.0;0.0;55860.0;657.0
03467321000199;EMT;2026-05;90.4135;0.6527;0.0012;90.406;0.6593;0.0012;1;1;1;168316.0;2.0;57837.0;425.0;168354.0;2.0;57861.0;429.0
03467321000199;EMT;2026-06;89.8669;0.9049;0.0;89.3934;1.2958;0.0;1;1;1;147479.0;0.0;57493.0;565.0;148151.0;0.0;57585.0;796.0
03467321000199;EMT;2026-07;90.4768;0.8183;0.0018;90.4799;0.8179;0.0018;1;1;1;167179.0;3.0;56604.0;517.0;167236.0;3.0;56633.0;517.0
04065033000170;EAC;2014-01;67.087;16.7289;1.0814;53.0935;21.7975;0.7628;0;0;1;41797.0;452.0;32554.0;8791.0;62400.0;476.0;44821.0;17103.0
04065033000170;EAC;2014-02;82.1197;9.4651;0.1665;73.5166;13.0942;0.1239;0;0;1;43236.0;72.0;37859.0;5305.0;59749.0;74.0;49505.0;10170.0
04065033000170;EAC;2014-03;85.639;7.0247;11.6084;84.548;7.4759;11.4935;1;0;0;46966.0;5452.0;37602.0;3912.0;50185.0;5768.0;39951.0;4466.0
04065033000170;EAC;2014-04;80.0121;9.4857;4.1111;76.1627;11.1086;5.501;0;0;0;40962.0;1684.0;34457.0;4821.0;49282.0;2711.0;39890.0;6681.0
04065033000170;EAC;2014-05;91.2534;3.9322;3.1763;86.929;5.4434;2.7754;1;1;0;37717.0;1198.0;34521.0;1998.0;43165.0;1198.0;38789.0;3178.0
04065033000170;EAC;2014-06;96.6734;0.8976;0.4063;95.8566;1.2398;0.3913;1;1;1;27568.0;112.0;27050.0;406.0;28623.0;112.0;27959.0;552.0
04065033000170;EAC;2014-07;99.0541;0.3242;2.2977;98.6084;0.5103;2.1507;1;1;0;26896.0;618.0;26134.0;144.0;28735.0;618.0;27882.0;235.0
04065033000170;EAC;2014-08;97.3244;1.0267;2.3662;94.4819;1.9585;2.1031;1;1;0;29245.0;692.0;28150.0;403.0;33094.0;696.0;31537.0;861.0
04065033000170;EAC;2014-09;88.8943;4.0049;0.9394;76.9577;7.4807;0.773;1;0;1;38004.0;357.0;35595.0;2052.0;54722.0;423.0;48865.0;5434.0
04065033000170;EAC;2014-10;93.8484;1.9485;0.0;76.9002;5.2256;0.0;1;1;1;36880.0;0.0;35879.0;1001.0;58974.0;0.0;54863.0;4111.0
04065033000170;EAC;2014-11;93.0615;3.4618;0.0;92.8243;3.3954;0.0;1;1;1;34085.0;0.0;32627.0;1458.0;36423.0;0.0;34882.0;1541.0
04065033000170;EAC;2014-12;96.1792;1.4983;1.8588;95.2312;1.9139;1.7566;1;1;1;33408.0;621.0;32148.0;639.0;35352.0;621.0;33876.0;855.0
04065033000170;EAC;2015-01;97.4098;0.7391;0.0;96.8365;0.994;0.0;1;1;1;31504.0;0.0;31156.0;348.0;32635.0;0.0;32173.0;462.0
04065033000170;EAC;2015-02;93.9515;2.2461;0.0;92.6442;2.6652;0.0;1;1;1;32575.0;0.0;31596.0;979.0;34214.0;0.0;33015.0;1199.0
04065033000170;EAC;2015-03;96.025;1.3181;0.0;92.3851;2.4224;0.0;1;1;1;1256.0;0.0;42675.0;799.0;1256.0;0.0;46848.0;1580.0
04065033000170;EAC;2015-04;97.9593;0.7581;0.0;95.177;1.4691;0.0;1;1;1;36509.0;0.0;36133.0;376.0;42072.0;0.0;41247.0;825.0
04065033000170;EAC;2015-05;99.2606;0.1326;0.0;97.8073;0.2968;0.0;1;1;1;33983.0;0.0;33902.0;81.0;37484.0;0.0;37285.0;199.0
04065033000170;EAC;2015-06;99.0849;0.1882;0.0;98.4797;0.2744;0.0;1;1;1;30841.0;0.0;30758.0;83.0;31749.0;0.0;31617.0;132.0
04065033000170;EAC;2015-07;98.9478;0.1517;0.0;96.1478;0.5324;0.0;1;1;1;30359.0;0.0;30272.0;87.0;36043.0;0.0;35685.0;358.0
04065033000170;EAC;2015-08;97.2585;0.8579;0.0;87.9699;3.7986;0.0;1;1;1;33430.0;0.0;33053.0;377.0;43482.0;0.0;41407.0;2075.0
04065033000170;EAC;2015-09;96.452;0.8433;0.0;90.9933;1.8652;0.0;1;1;1;36944.0;0.0;37980.0;473.0;51858.0;0.0;55928.0;1499.0
04065033000170;EAC;2015-10;93.4643;2.3086;0.3655;84.6859;6.2146;0.2777;1;1;1;41863.0;153.0;40328.0;1382.0;57248.0;159.0;52502.0;4587.0
04065033000170;EAC;2015-11;94.6215;1.9176;0.0;90.2997;3.3898;0.0;1;1;1;39847.0;0.0;38770.0;1077.0;45346.0;0.0;43264.0;2082.0
04065033000170;EAC;2015-12;92.5418;2.4078;0.0;90.1578;3.5236;0.0;1;1;1;37866.0;0.0;36560.0;1306.0;41694.0;0.0;39729.0;1965.0
04065033000170;EAC;2016-01;94.6672;1.1004;0.0;85.3666;3.6193;0.0;1;1;1;41166.0;0.0;40355.0;811.0;53379.0;0.0;50570.0;2809.0
04065033000170;EAC;2016-02;94.8594;1.166;0.0;91.7754;1.9183;0.0;1;1;1;36287.0;0.0;35684.0;603.0;40342.0;0.0;39318.0;1024.0
04065033000170;EAC;2016-03;93.801;1.1213;0.0;90.2933;2.3928;0.0;1;1;1;36222.0;0.0;35538.0;684.0;39515.0;0.0;38141.0;1374.0
04065033000170;EAC;2016-04;94.3999;1.7934;0.0;84.4133;3.9572;0.0;1;1;1;33412.0;0.0;32583.0;829.0;42791.0;0.0;40434.0;2357.0
04065033000170;EAC;2016-05;96.8604;0.7084;0.0;95.9338;1.0524;0.0;1;1;1;28209.0;0.0;27894.0;315.0;29417.0;0.0;28958.0;459.0
04065033000170;EAC;2016-06;97.2937;0.4057;0.0;96.8046;0.5014;0.0;1;1;1;23212.0;0.0;23074.0;138.0;23591.0;0.0;23416.0;175.0
04065033000170;EAC;2016-07;95.6295;0.7384;0.0;94.2972;0.9985;0.0;1;1;1;26765.0;0.0;26482.0;283.0;27848.0;0.0;27464.0;384.0
04065033000170;EAC;2016-08;92.1739;2.6439;0.0;84.7361;5.8589;0.0;1;1;1;33487.0;0.0;32294.0;1193.0;40278.0;0.0;37246.0;3032.0
04065033000170;EAC;2016-09;94.1209;1.1914;0.0;90.502;1.9302;0.0;1;1;1;31049.0;0.0;30521.0;528.0;36231.0;0.0;35261.0;970.0
04065033000170;EAC;2016-10;89.5172;2.9523;0.0;79.0325;5.3704;0.0;1;1;1;34676.0;0.0;33365.0;1311.0;49032.0;0.0;45637.0;3395.0
04065033000170;EAC;2016-11;90.6094;2.4095;0.0;81.1312;4.6389;0.0;1;1;1;35418.0;0.0;34305.0;1113.0;50775.0;0.0;47815.0;2960.0
04065033000170;EAC;2016-12;95.1249;1.7109;0.0;90.0229;4.0246;0.0;1;1;1;36985.0;0.0;36250.0;735.0;41732.0;0.0;39825.0;1907.0
04065033000170;EAC;2017-01;93.9781;1.3771;0.0;91.8785;1.9078;0.0;1;1;1;39896.0;0.0;39175.0;721.0;45974.0;0.0;44834.0;1140.0
04065033000170;EAC;2017-02;94.0737;1.3755;0.0;91.3302;2.3536;0.0;1;1;1;36519.0;0.0;35780.0;739.0;42969.0;0.0;41571.0;1398.0
04065033000170;EAC;2017-03;91.0546;2.166;0.0;88.7014;2.9525;0.0;1;1;1;40871.0;0.0;39613.0;1258.0;48487.0;0.0;46477.0;2010.0
04065033000170;EAC;2017-04;95.241;0.9;0.0;94.2046;1.1545;0.0;1;1;1;36076.0;0.0;35567.0;509.0;39207.0;0.0;38529.0;678.0
04065033000170;EAC;2017-05;92.5449;1.7108;0.0;90.4605;2.4757;0.0;1;1;1;37881.0;0.0;36942.0;939.0;41985.0;0.0;40535.0;1450.0
04065033000170;EAC;2017-06;93.6536;1.0749;0.0;92.4409;1.2948;0.0;1;1;1;32279.0;0.0;31752.0;527.0;34550.0;0.0;33846.0;704.0
04065033000170;EAC;2017-07;90.8989;1.7845;0.0;90.2643;1.917;0.0;1;1;1;30428.0;0.0;29666.0;762.0;32078.0;0.0;31211.0;867.0
04065033000170;EAC;2017-08;93.497;1.3045;0.0;83.3806;4.7916;0.0;1;1;1;35767.0;0.0;35104.0;663.0;49192.0;0.0;46317.0;2875.0
04065033000170;EAC;2017-09;92.5822;2.0287;0.0;86.448;4.7573;0.0;1;1;1;35232.0;0.0;34287.0;945.0;42698.0;0.0;40221.0;2477.0
04065033000170;EAC;2017-10;90.2731;2.9038;0.0;81.1096;6.7278;0.0;1;1;1;37409.0;0.0;36046.0;1363.0;53648.0;0.0;49410.0;4238.0
04065033000170;EAC;2017-11;93.0594;2.3555;0.0;90.2307;4.1425;0.0;1;1;1;37579.0;0.0;36480.0;1099.0;41921.0;0.0;39847.0;2074.0
04065033000170;EAC;2017-12;95.5165;1.4499;0.0;82.0439;5.5518;0.0;1;1;1;36027.0;0.0;35345.0;682.0;52224.0;0.0;48723.0;3501.0
04065033000170;EAC;2018-01;96.7841;0.4707;0.0;93.9535;1.0573;0.0;1;1;1;41979.0;0.0;41657.0;322.0;49992.0;0.0;49222.0;770.0
04065033000170;EAC;2018-02;98.39;0.2942;0.0;81.907;6.3256;0.0;1;1;1;25187.0;0.0;25081.0;106.0;86375.0;0.0;79716.0;6659.0
04065033000170;EAC;2018-03;96.3324;0.5555;0.0;95.238;0.7956;0.0;1;1;1;39917.0;0.0;39560.0;357.0;43304.0;0.0;42769.0;535.0
04065033000170;EAC;2018-04;98.4905;0.2412;0.0;97.5522;0.4347;0.0;1;1;1;36963.0;0.0;36811.0;152.0;38033.0;0.0;37788.0;245.0
04065033000170;EAC;2018-05;99.9861;0.0;0.0;99.9863;0.0;0.0;1;1;1;28692.0;0.0;28692.0;0.0;29130.0;0.0;29130.0;0.0
04065033000170;EAC;2018-06;98.0366;0.2805;0.0;96.657;0.8034;0.0;1;1;1;22502.0;0.0;22398.0;104.0;23218.0;0.0;22967.0;251.0
04065033000170;EAC;2018-07;91.0395;1.668;0.0;88.6582;2.0013;0.0;1;1;1;25600.0;0.0;24878.0;722.0;26970.0;0.0;26051.0;919.0
04065033000170;EAC;2018-08;94.9601;0.7298;0.0;87.9128;3.2993;0.0;1;1;1;29199.0;0.0;28836.0;363.0;33763.0;0.0;32065.0;1698.0
04065033000170;EAC;2018-09;95.0738;0.943;0.0;85.6598;3.3429;0.0;1;1;1;31540.0;0.0;30987.0;553.0;38591.0;0.0;36519.0;2072.0
04065033000170;EAC;2018-10;95.6619;0.5949;0.0;92.129;1.3897;0.0;1;1;1;34149.0;0.0;33753.0;396.0;36823.0;0.0;35906.0;917.0
04065033000170;EAC;2018-11;94.5413;0.8456;0.0;94.0926;1.0049;0.0;1;1;1;35082.0;0.0;34476.0;606.0;35574.0;0.0;34873.0;701.0
04065033000170;EAC;2018-12;95.9318;0.4654;0.0;95.6166;0.5746;0.0;1;1;1;33503.0;0.0;33152.0;351.0;33980.0;0.0;33570.0;410.0
04065033000170;EAC;2019-01;92.4118;1.0568;0.0028;88.7171;2.3854;0.0026;1;1;1;36058.0;1.0;35297.0;760.0;38967.0;1.0;37444.0;1522.0
04065033000170;EAC;2019-02;89.9294;1.8417;0.0;84.6078;3.9918;0.0;1;1;1;36423.0;0.0;35177.0;1246.0;41347.0;0.0;38747.0;2600.0
04065033000170;EAC;2019-03;90.2163;2.8677;0.0;84.9578;5.7539;0.0;1;1;1;36464.0;0.0;34887.0;1570.0;41737.0;0.0;38426.0;3303.0
04065033000170;EAC;2019-04;94.3697;0.9066;0.0;87.9029;6.2462;0.0;1;1;1;32910.0;0.0;33229.0;489.0;36421.0;0.0;43393.0;3384.0
04065033000170;EAC;2019-05;95.5274;0.6525;0.0;93.1636;2.1946;0.0;1;1;1;45184.0;0.0;31364.0;401.0;50086.0;0.0;34450.0;1047.0
04065033000170;EAC;2019-06;94.676;0.5397;0.0;93.6318;0.7302;0.0;1;1;1;39140.0;0.0;28564.0;299.0;41378.0;0.0;30179.0;394.0
04065033000170;EAC;2019-07;90.0059;1.013;0.0;88.0064;1.7382;0.0;1;1;1;47030.0;0.0;33517.0;633.0;48684.0;0.0;34541.0;973.0
04065033000170;EAC;2019-08;90.1422;1.1655;0.0;84.9135;4.0064;0.0;1;1;1;43064.0;0.0;33497.0;666.0;48316.0;0.0;36491.0;2033.0
04065033000170;EAC;2019-09;88.8842;2.1896;0.0;59.7805;20.5369;0.0;1;1;1;43445.0;0.0;35021.0;1179.0;82821.0;0.0;53578.0;15881.0
04065033000170;EAC;2019-10;88.2934;2.0068;0.0;82.1199;5.1938;0.0;1;1;1;45608.0;0.0;38966.0;1147.0;52435.0;0.0;43426.0;3014.0
04065033000170;EAC;2019-11;93.5618;0.8598;0.0;91.383;1.5439;0.0;1;1;1;44422.0;0.0;38281.0;615.0;48035.0;0.0;41133.0;1007.0
04065033000170;EAC;2019-12;92.8063;0.8878;0.0;86.0887;4.1547;0.0;1;1;1;40413.0;0.0;35946.0;570.0;46752.0;0.0;40002.0;2241.0
04065033000170;EAC;2020-01;96.9556;0.5262;0.0;94.743;1.5922;0.0;1;1;1;39197.0;0.0;35354.0;330.0;41580.0;0.0;37083.0;816.0
04065033000170;EAC;2020-02;96.2039;0.7957;0.0;95.0551;1.2883;0.0;1;1;1;33816.0;0.0;30419.0;407.0;34914.0;0.0;31261.0;612.0
04065033000170;EAC;2020-03;94.6284;0.8352;0.0;86.6065;5.2636;0.0;1;1;1;41586.0;0.0;37402.0;534.0;49979.0;0.0;42440.0;2807.0
04065033000170;EAC;2020-04;86.3653;3.868;0.0;74.7567;13.5259;0.0;1;1;1;34865.0;0.0;29302.0;1534.0;43790.0;0.0;32516.0;5956.0
04065033000170;EAC;2020-05;71.8161;7.1551;0.0027;54.653;15.2473;0.0019;0;0;1;36542.0;1.0;28716.0;2892.0;51945.0;1.0;36903.0;8067.0
04065033000170;EAC;2020-06;96.1068;0.795;0.0;91.8978;1.2994;0.0;1;1;1;39071.0;0.0;30323.0;388.0;45773.0;0.0;35474.0;717.0
04065033000170;EAC;2020-07;93.5806;1.1961;0.0;92.2923;1.8168;0.0;1;1;1;41312.0;0.0;34446.0;642.0;43221.0;0.0;35884.0;946.0
04065033000170;EAC;2020-08;89.7711;2.5639;0.0;74.1135;9.1127;0.0;1;1;1;38234.0;0.0;33025.0;1172.0;55737.0;0.0;44393.0;5335.0
04065033000170;EAC;2020-09;92.0442;1.5205;0.0;82.2138;5.8341;0.0;1;1;1;43623.0;0.0;38472.0;844.0;64649.0;0.0;53748.0;4109.0
04065033000170;EAC;2020-10;88.4539;2.7078;0.0;61.8625;17.1895;0.0;1;1;1;33803.0;0.0;28852.0;1146.0;87739.0;0.0;61669.0;15591.0
04065033000170;EAC;2020-11;91.3018;1.4706;0.0;71.1443;13.8172;0.0;1;1;1;40318.0;0.0;35376.0;789.0;71235.0;0.0;53841.0;9933.0
04065033000170;EAC;2020-12;95.9248;0.9729;0.0;92.4285;2.1412;0.0;1;1;1;47856.0;0.0;42646.0;653.0;58011.0;0.0;50729.0;1509.0
04065033000170;EAC;2021-01;96.485;1.1786;0.0;95.6353;1.4826;0.0;1;1;1;47548.0;0.0;42762.0;728.0;50287.0;0.0;45053.0;984.0
04065033000170;EAC;2021-02;94.9748;1.3134;0.0;91.1935;2.7717;0.0;1;1;1;56004.0;0.0;43656.0;861.0;64015.0;0.0;48479.0;1820.0
04065033000170;EAC;2021-03;93.4049;1.5588;0.0;91.8253;2.3743;0.0;1;1;1;62887.0;0.0;48690.0;1100.0;67278.0;0.0;51233.0;1660.0
04065033000170;EAC;2021-04;93.0309;1.0085;0.0;91.9578;1.202;0.0;1;1;1;62172.0;0.0;44857.0;950.0;67112.0;0.0;48329.0;1135.0
04065033000170;EAC;2021-05;92.6326;0.8411;0.0;92.3434;0.9954;0.0;1;1;1;60990.0;0.0;39610.0;642.0;61893.0;0.0;40085.0;714.0
04065033000170;EAC;2021-06;89.759;1.1424;0.0;82.957;5.3483;0.0;1;1;1;50002.0;0.0;33921.0;686.0;59676.0;0.0;37554.0;2612.0
04065033000170;EAC;2021-07;92.8847;0.9867;0.0;92.8381;0.9926;0.0;1;1;1;49830.0;0.0;31811.0;606.0;50033.0;0.0;31920.0;612.0
04065033000170;EAC;2021-08;89.5219;1.6218;0.0;87.1972;2.5589;0.0;1;1;1;56706.0;0.0;34758.0;1000.0;60325.0;0.0;36327.0;1464.0
04065033000170;EAC;2021-09;87.4172;1.9672;0.0;75.0499;9.0463;0.0;1;1;1;69863.0;0.0;41612.0;1408.0;105901.0;0.0;53730.0;6696.0
04065033000170;EAC;2021-10;87.4076;1.8955;0.0014;82.896;4.7219;0.0012;1;1;1;72210.0;1.0;42078.0;1408.0;81867.0;1.0;45138.0;3204.0
04065033000170;EAC;2021-11;86.3446;1.752;0.0;86.1234;1.8661;0.0;1;1;1;64476.0;0.0;38413.0;1128.0;66189.0;0.0;39440.0;1244.0
04065033000170;EAC;2021-12;86.8299;1.5589;0.0;86.5028;1.7152;0.0;1;1;1;65657.0;0.0;40161.0;1018.0;66719.0;0.0;40742.0;1132.0
04065033000170;EAC;2022-01;86.4992;2.7022;0.0;78.5904;8.826;0.0;1;1;1;64753.0;0.0;38816.0;1528.0;72739.0;0.0;41589.0;4828.0
04065033000170;EAC;2022-02;90.6843;2.0039;0.0;81.627;9.9427;0.0;1;1;1;63118.0;0.0;37607.0;1116.0;70742.0;0.0;39953.0;5156.0
04065033000170;EAC;2022-03;95.1332;1.2954;0.0;93.5149;2.5627;0.0;1;1;1;66962.0;0.0;40461.0;1897.0;69921.0;0.0;41634.0;2670.0
04065033000170;EAC;2022-04;93.1257;2.9285;0.0018;90.9057;4.3342;0.0017;1;1;1;55251.0;1.0;32252.0;1713.0;57829.0;1.0;33241.0;2469.0
04065033000170;EAC;2022-05;95.158;2.0914;0.0018;95.0036;2.1573;0.0017;1;1;1;56530.0;1.0;33566.0;1130.0;57373.0;1.0;34015.0;1176.0
04065033000170;EAC;2022-06;93.2984;2.9478;0.0;93.3414;2.9294;0.0;1;1;1;46412.0;0.0;27820.0;1168.0;46797.0;0.0;28034.0;1169.0
04065033000170;EAC;2022-07;96.36;1.6499;0.0;96.397;1.6331;0.0;1;1;1;43756.0;0.0;26884.0;691.0;44181.0;0.0;27165.0;694.0
04065033000170;EAC;2022-08;94.1018;1.2804;0.0;82.2827;10.5801;0.0;1;1;1;51909.0;0.0;30378.0;672.0;69096.0;0.0;35193.0;4905.0
04065033000170;EAC;2022-09;94.8893;1.0057;0.0019;91.1308;3.0648;0.0016;1;1;1;52395.0;1.0;27757.0;548.0;60960.0;1.0;30996.0;1361.0
04065033000170;EAC;2022-10;93.4279;2.051;0.0;92.8804;2.2533;0.0;1;1;1;73393.0;0.0;32952.0;839.0;76346.0;0.0;34227.0;949.0
04065033000170;EAC;2022-11;93.5013;1.628;0.0015;93.022;1.8889;0.0014;1;1;1;64950.0;1.0;29124.0;533.0;69314.0;1.0;30904.0;651.0
04065033000170;EAC;2022-12;90.0622;3.0131;0.0014;89.6517;3.5307;0.0013;1;1;1;71261.0;1.0;31191.0;1030.0;79388.0;1.0;34427.0;1329.0
04065033000170;EAC;2023-01;91.966;1.514;0.0034;91.9607;1.5253;0.0034;1;1;1;57982.0;2.0;25694.0;471.0;58155.0;2.0;25760.0;475.0
04065033000170;EAC;2023-02;88.1475;3.1189;0.0;87.904;3.2889;0.0;1;1;1;54935.0;0.0;23639.0;879.0;55624.0;0.0;23818.0;928.0
04065033000170;EAC;2023-03;89.7827;3.1938;0.0027;89.0833;3.756;0.0027;1;1;1;73262.0;2.0;25885.0;934.0;74906.0;2.0;26290.0;1107.0
04065033000170;EAC;2023-04;89.4741;2.9773;0.0016;87.2271;4.6405;0.0015;1;1;1;64169.0;1.0;26233.0;845.0;66995.0;1.0;26735.0;1342.0
04065033000170;EAC;2023-05;92.6134;2.3298;0.0017;92.6085;2.331;0.0017;1;1;1;58081.0;1.0;26075.0;660.0;58430.0;1.0;26229.0;665.0
04065033000170;EAC;2023-06;94.0666;1.8625;0.002;94.0776;1.859;0.002;1;1;1;49909.0;1.0;20708.0;423.0;49976.0;1.0;20747.0;423.0
04065033000170;EAC;2023-07;89.3578;1.9004;0.0;89.3384;1.9063;0.0;1;1;1;48732.0;0.0;20132.0;424.0;48979.0;0.0;20223.0;427.0
04065033000170;EAC;2023-08;86.4004;3.6226;0.0;81.4115;6.5469;0.0014;1;1;1;65618.0;0.0;25966.0;1019.0;72866.0;1.0;27264.0;1953.0
04065033000170;EAC;2023-09;84.0548;3.9666;0.0;80.3591;6.7472;0.0;0;1;1;66465.0;0.0;26801.0;1158.0;71873.0;0.0;28098.0;2090.0
04065033000170;EAC;2023-10;88.2571;3.0188;0.0;85.8701;4.5484;0.0;1;1;1;67340.0;0.0;29781.0;964.0;70738.0;0.0;30723.0;1501.0
04065033000170;EAC;2023-11;87.501;3.6923;0.0019;87.2233;3.7773;0.0018;1;1;1;53905.0;1.0;24649.0;980.0;54925.0;1.0;25041.0;1018.0
04065033000170;EAC;2023-12;86.3144;3.5923;0.002;85.5249;4.084;0.002;1;1;1;49681.0;1.0;23134.0;890.0;50076.0;1.0;23298.0;1022.0
04065033000170;EAC;2024-01;92.3963;1.0298;0.0097;91.5829;1.2401;0.0095;1;1;1;71947.0;7.0;23546.0;271.0;73684.0;7.0;23971.0;328.0
04065033000170;EAC;2024-02;92.6052;1.7844;0.0016;90.1679;3.1343;0.0012;1;1;1;62069.0;1.0;23668.0;457.0;81222.0;1.0;28216.0;945.0
04065033000170;EAC;2024-03;91.7361;2.7086;0.002;85.1957;6.9317;0.0015;1;1;1;49777.0;1.0;24641.0;721.0;65596.0;1.0;31458.0;2395.0
04065033000170;EAC;2024-04;95.2714;0.8908;0.0;94.5777;1.2458;0.0;1;1;1;48019.0;0.0;25256.0;242.0;49980.0;0.0;26317.0;350.0
04065033000170;EAC;2024-05;95.2948;0.6849;0.0046;95.155;0.742;0.0046;1;1;1;43432.0;2.0;20010.0;162.0;43721.0;2.0;20200.0;175.0
04065033000170;EAC;2024-06;95.6963;0.5972;0.0051;95.7016;0.5965;0.0051;1;1;1;39058.0;2.0;16145.0;116.0;39092.0;2.0;16165.0;116.0
04065033000170;EAC;2024-07;95.0638;0.4704;0.0048;95.0667;0.4701;0.0048;1;1;1;41728.0;2.0;15445.0;86.0;41784.0;2.0;15454.0;86.0
04065033000170;EAC;2024-08;95.4543;0.6476;0.0183;90.7103;3.3318;0.0156;1;1;1;38179.0;7.0;15649.0;110.0;44871.0;7.0;16712.0;585.0
04065033000170;EAC;2024-09;92.3628;1.1918;0.0066;88.0043;3.2175;0.0061;1;1;1;45411.0;3.0;18902.0;239.0;49474.0;3.0;20033.0;677.0
04065033000170;EAC;2024-10;94.7906;0.9524;0.0456;83.7043;8.4941;0.0416;1;1;1;54806.0;25.0;24128.0;246.0;72131.0;30.0;28408.0;2652.0
04065033000170;EAC;2024-11;94.1377;0.5658;0.0283;94.1364;0.5738;0.0282;1;1;1;42412.0;12.0;18980.0;123.0;42569.0;12.0;19059.0;125.0
04065033000170;EAC;2024-12;94.5352;0.5942;0.0491;94.4211;0.5931;0.0486;1;1;1;40753.0;20.0;18736.0;120.0;41173.0;20.0;18941.0;121.0
04065033000170;EAC;2025-01;94.4922;0.5818;0.0372;94.4899;0.5797;0.0371;1;1;1;40317.0;15.0;18285.0;115.0;40464.0;15.0;18350.0;115.0
04065033000170;EAC;2025-02;91.6041;0.8603;0.0333;90.5491;1.5308;0.0343;1;1;1;36044.0;12.0;16248.0;161.0;37941.0;13.0;16660.0;280.0
04065033000170;EAC;2025-03;91.2412;0.6678;0.0454;91.2836;0.6646;0.0452;1;1;1;39677.0;18.0;17998.0;130.0;39842.0;18.0;18086.0;131.0
04065033000170;EAC;2025-04;91.2417;0.5559;0.0823;90.9281;0.7275;0.0796;1;1;1;42504.0;35.0;17531.0;110.0;43986.0;35.0;18012.0;144.0
04065033000170;EAC;2025-05;92.0083;0.4074;0.0389;92.0567;0.404;0.0387;1;1;1;41083.0;16.0;15889.0;69.0;41376.0;16.0;16024.0;69.0
04065033000170;EAC;2025-06;91.7345;0.3421;0.0788;91.7345;0.3421;0.0788;1;1;1;34268.0;27.0;10779.0;44.0;34268.0;27.0;10779.0;44.0
04065033000170;EAC;2025-07;91.2735;0.52;0.0561;91.2698;0.5197;0.0561;1;1;1;33880.0;19.0;10522.0;60.0;33890.0;19.0;10529.0;60.0
04065033000170;EAC;2025-08;91.3051;1.2787;0.0402;88.9514;1.8642;0.0385;1;1;1;37286.0;15.0;11581.0;158.0;41585.0;16.0;12213.0;240.0
04065033000170;EAC;2025-09;91.1882;1.0391;0.0762;89.0365;1.8429;0.0725;1;1;1;45904.0;35.0;14667.0;161.0;49650.0;36.0;15659.0;302.0
04065033000170;EAC;2025-10;91.9277;0.7633;0.0663;89.3171;2.816;0.0624;1;1;1;48293.0;32.0;13781.0;111.0;51241.0;32.0;14046.0;412.0
04065033000170;EAC;2025-11;90.4029;0.9508;0.055;90.4177;0.9478;0.0549;1;1;1;45486.0;25.0;12292.0;123.0;45559.0;25.0;12332.0;123.0
04065033000170;EAC;2025-12;90.5499;1.3422;0.0733;90.082;1.5129;0.0727;1;1;1;50454.0;37.0;14407.0;207.0;50905.0;37.0;14647.0;237.0
04065033000170;EAC;2026-01;91.3871;1.1755;0.0674;90.2188;1.654;0.0677;1;1;1;41554.0;28.0;12610.0;155.0;42843.0;29.0;13081.0;225.0
04065033000170;EAC;2026-02;87.1297;1.5598;0.0777;86.3396;2.0222;0.0767;1;1;1;36019.0;28.0;11297.0;190.0;36519.0;28.0;11483.0;248.0
04065033000170;EAC;2026-03;91.1199;0.7623;0.0793;87.2725;3.1629;0.0807;1;1;1;41627.0;33.0;12237.0;99.0;44586.0;36.0;12767.0;423.0
04065033000170;EAC;2026-04;90.8471;0.9179;0.0659;90.4161;1.1255;0.0641;1;1;1;39429.0;26.0;11334.0;112.0;40566.0;26.0;11596.0;140.0
04065033000170;EAC;2026-05;90.1557;1.0666;0.0718;88.8411;1.464;0.0686;1;1;1;32034.0;23.0;9276.0;110.0;33516.0;23.0;9625.0;154.0
04065033000170;EAC;2026-06;90.3003;0.9263;0.0485;90.3013;0.9262;0.0485;1;1;1;28859.0;14.0;9305.0;98.0;28864.0;14.0;9306.0;98.0
04065033000170;EAC;2026-07;90.6754;0.7434;0.0361;90.7153;0.7386;0.0359;1;1;1;33239.0;12.0;9346.0;76.0;33392.0;12.0;9408.0;76.0
04172213000151;CPFL-PIRATINING;2014-01;87.8632;2.7295;0.0512;76.4887;7.8847;0.0908;1;1;1;203201.0;104.0;101207.0;3202.0;312922.0;284.0;143208.0;13259.0
04172213000151;CPFL-PIRATINING;2014-02;85.6608;2.3504;0.0062;77.1679;6.9041;0.0043;1;1;1;177579.0;11.0;94352.0;2643.0;256182.0;11.0;126563.0;10262.0
04172213000151;CPFL-PIRATINING;2014-03;86.5594;1.7038;0.0102;83.2477;3.1673;0.0083;1;1;1;195443.0;20.0;103272.0;2190.0;242156.0;20.0;123420.0;4679.0
04172213000151;CPFL-PIRATINING;2014-04;88.7379;1.0088;0.0007;86.283;2.4617;0.0007;1;1;1;134598.0;1.0;87827.0;1167.0;152357.0;1.0;96479.0;2828.0
04172213000151;CPFL-PIRATINING;2014-05;90.5673;1.6648;0.0093;90.464;1.9322;0.0286;1;1;1;118518.0;11.0;97994.0;1974.0;129581.0;37.0;108259.0;2504.0
04172213000151;CPFL-PIRATINING;2014-06;94.2238;0.2877;0.0;94.215;0.2916;0.0;1;1;1;76675.0;0.0;76249.0;410.0;77029.0;0.0;76596.0;417.0
04172213000151;CPFL-PIRATINING;2014-07;88.9994;0.9081;0.0024;87.2805;1.6651;0.0022;1;1;1;166144.0;4.0;88610.0;1119.0;182818.0;4.0;94960.0;2015.0
04172213000151;CPFL-PIRATINING;2014-08;87.2598;1.2325;0.0;82.9211;4.6258;0.0;1;1;1;165778.0;0.0;90153.0;1447.0;186832.0;0.0;96905.0;5180.0
04172213000151;CPFL-PIRATINING;2014-09;87.5452;2.1586;0.0713;82.8138;4.8054;0.0866;1;1;1;176767.0;126.0;94685.0;2531.0;204271.0;177.0;105269.0;5965.0
04172213000151;CPFL-PIRATINING;2014-10;88.6372;2.0341;0.0006;81.6477;6.8068;0.0025;1;1;1;166156.0;1.0;90398.0;2196.0;200529.0;5.0;102205.0;8061.0
04172213000151;CPFL-PIRATINING;2014-11;87.6346;2.4499;0.0;78.6823;7.6061;0.0;1;1;1;110687.0;0.0;85051.0;2518.0;126569.0;0.0;93947.0;8447.0
04172213000151;CPFL-PIRATINING;2014-12;88.3426;3.1658;0.0005;81.3193;7.0652;0.0004;1;1;1;185037.0;1.0;93658.0;3500.0;234045.0;1.0;112269.0;9338.0
04172213000151;CPFL-PIRATINING;2015-01;87.3879;2.4541;0.0253;78.4954;7.417;0.0419;1;1;1;205833.0;52.0;102789.0;3082.0;279383.0;117.0;131629.0;11583.0
04172213000151;CPFL-PIRATINING;2015-02;92.1764;0.6952;0.0;87.4487;2.8284;0.0;1;1;1;160089.0;0.0;87708.0;868.0;208685.0;0.0;111414.0;3783.0
04172213000151;CPFL-PIRATINING;2015-03;90.7384;1.0067;0.0;90.0811;1.3432;0.0;1;1;1;182856.0;0.0;105518.0;1391.0;201341.0;0.0;116193.0;1990.0
04172213000151;CPFL-PIRATINING;2015-04;90.7701;0.836;0.0;90.8282;0.8215;0.0;1;1;1;168028.0;0.0;92042.0;1026.0;174521.0;0.0;96099.0;1063.0
04172213000151;CPFL-PIRATINING;2015-05;90.4941;0.6639;0.3185;90.0218;0.7229;0.2922;1;1;1;169253.0;539.0;95460.0;910.0;187204.0;547.0;103822.0;1088.0
04172213000151;CPFL-PIRATINING;2015-06;92.0356;0.3996;0.0007;91.7682;0.4588;0.0006;1;1;1;140705.0;1.0;93468.0;606.0;157840.0;1.0;102397.0;752.0
04172213000151;CPFL-PIRATINING;2015-07;89.9949;0.8269;0.0;89.238;0.9265;0.0;1;1;1;110632.0;0.0;105903.0;1152.0;122574.0;0.0;117200.0;1421.0
04172213000151;CPFL-PIRATINING;2015-08;88.0997;1.6672;0.0;85.2011;2.8111;0.0;1;1;1;99526.0;0.0;97380.0;2145.0;121692.0;0.0;117515.0;4176.0
04172213000151;CPFL-PIRATINING;2015-09;86.3992;1.6371;0.0583;65.4517;14.5357;1.4785;1;1;1;118305.0;69.0;81412.0;1715.0;226857.0;3354.0;130674.0;23649.0
04172213000151;CPFL-PIRATINING;2015-10;86.6967;2.8399;0.0063;74.4103;9.3501;2.7869;1;1;1;143262.0;9.0;95281.0;3438.0;204239.0;5692.0;123408.0;14212.0
04172213000151;CPFL-PIRATINING;2015-11;86.8208;1.9376;0.2375;66.1665;15.8626;2.1095;1;1;1;132214.0;314.0;87860.0;2260.0;237787.0;5016.0;133129.0;27013.0
04172213000151;CPFL-PIRATINING;2015-12;90.6851;2.1285;0.5862;79.3817;9.5529;0.4432;1;1;1;152860.0;896.0;100331.0;2890.0;220457.0;977.0;133405.0;15400.0
04172213000151;CPFL-PIRATINING;2016-01;96.2055;0.4653;0.0011;95.2661;0.9058;0.001;1;1;1;176344.0;2.0;120874.0;783.0;204969.0;2.0;139706.0;1570.0
04172213000151;CPFL-PIRATINING;2016-02;91.7978;1.323;0.2421;88.6159;3.0456;0.1831;1;1;1;158633.0;384.0;108444.0;1764.0;209729.0;384.0;138830.0;4898.0
04172213000151;CPFL-PIRATINING;2016-03;93.5959;0.8819;0.0236;90.0715;2.1936;0.1535;1;1;1;156991.0;37.0;108789.0;1235.0;224822.0;345.0;150613.0;3863.0
04172213000151;CPFL-PIRATINING;2016-04;99.0236;0.1002;0.0;99.0205;0.0932;0.0;1;1;1;146540.0;0.0;103640.0;206.0;159410.0;0.0;112600.0;210.0
04172213000151;CPFL-PIRATINING;2016-05;99.47;0.0691;0.0883;94.3848;2.4479;0.0883;1;1;1;151764.0;134.0;107087.0;197.0;182284.0;161.0;122860.0;3435.0
04172213000151;CPFL-PIRATINING;2016-06;95.5395;0.6076;0.054;92.2671;1.3186;0.0442;1;1;1;142481.0;77.0;98802.0;769.0;192498.0;85.0;129322.0;2160.0
04172213000151;CPFL-PIRATINING;2016-07;93.8153;0.623;0.0;91.2771;1.5642;0.0;1;1;1;141285.0;0.0;97775.0;795.0;152217.0;0.0;103899.0;1902.0
04172213000151;CPFL-PIRATINING;2016-08;96.5378;0.3168;0.0;92.3016;2.5969;0.0;1;1;1;146867.0;0.0;103824.0;469.0;164911.0;0.0;112935.0;3294.0
04172213000151;CPFL-PIRATINING;2016-09;99.0836;0.046;0.0016;92.8885;2.6486;0.0021;1;1;1;127703.0;2.0;91297.0;98.0;144674.0;3.0;99426.0;2898.0
04172213000151;CPFL-PIRATINING;2016-10;97.0364;0.2615;0.0197;92.0298;2.054;0.0585;1;1;1;147375.0;29.0;103352.0;408.0;176117.0;103.0;120310.0;3079.0
04172213000151;CPFL-PIRATINING;2016-11;98.1967;0.1571;0.003;85.8149;4.7996;0.002;1;1;1;133517.0;4.0;94067.0;229.0;199480.0;4.0;129682.0;7636.0
04172213000151;CPFL-PIRATINING;2016-12;98.9414;0.1045;0.0;90.4734;3.7037;0.0011;1;1;1;146143.0;0.0;101349.0;178.0;183734.0;2.0;122875.0;5237.0
04172213000151;CPFL-PIRATINING;2017-01;98.4344;0.1045;0.0025;96.5905;0.9591;0.002;1;1;1;158672.0;4.0;107064.0;202.0;201882.0;4.0;132897.0;1523.0
04172213000151;CPFL-PIRATINING;2017-02;97.9166;0.2238;0.0;97.0262;0.6243;0.0;1;1;1;113967.0;0.0;91854.0;295.0;127005.0;0.0;102190.0;800.0
04172213000151;CPFL-PIRATINING;2017-03;98.7619;0.0635;0.0024;97.7983;0.1351;0.0022;1;1;1;125423.0;3.0;108567.0;133.0;133409.0;3.0;116069.0;339.0
04172213000151;CPFL-PIRATINING;2017-04;98.6796;0.1137;0.0045;98.6713;0.115;0.0044;1;1;1;133355.0;6.0;85181.0;176.0;134909.0;6.0;85999.0;184.0
04172213000151;CPFL-PIRATINING;2017-05;98.4024;0.142;0.0;98.2048;0.2282;0.0;1;1;1;150527.0;0.0;101257.0;222.0;160418.0;0.0;105374.0;341.0
04172213000151;CPFL-PIRATINING;2017-06;98.2537;0.1331;0.0015;98.2569;0.1329;0.0015;1;1;1;129845.0;2.0;89269.0;206.0;130144.0;2.0;89434.0;208.0
04172213000151;CPFL-PIRATINING;2017-07;98.131;0.1819;0.0015;96.1239;2.1777;0.0015;1;1;1;133780.0;2.0;90523.0;240.0;135939.0;2.0;90602.0;2299.0
04172213000151;CPFL-PIRATINING;2017-08;96.2743;0.1746;0.0013;96.025;0.2023;0.0013;1;1;1;156493.0;2.0;101200.0;268.0;157905.0;2.0;101631.0;309.0
04172213000151;CPFL-PIRATINING;2017-09;96.2924;0.3223;0.0014;95.2673;0.7099;0.0014;1;1;1;140612.0;2.0;94956.0;477.0;147043.0;2.0;96925.0;915.0
04172213000151;CPFL-PIRATINING;2017-10;92.6016;0.4639;0.0019;91.9519;0.5934;0.0018;1;1;1;157804.0;3.0;105356.0;1366.0;163436.0;3.0;108051.0;1607.0
04172213000151;CPFL-PIRATINING;2017-11;95.3069;0.2603;0.0105;91.8156;1.9036;0.0095;1;1;1;161531.0;17.0;109981.0;836.0;200369.0;19.0;117029.0;2970.0
04172213000151;CPFL-PIRATINING;2017-12;96.9935;0.3117;0.0019;95.214;1.0746;0.0018;1;1;1;160018.0;3.0;102357.0;1097.0;168984.0;3.0;105313.0;2088.0
04172213000151;CPFL-PIRATINING;2018-01;93.744;0.252;0.0;93.6512;0.3512;0.0;1;1;1;167798.0;0.0;108454.0;755.0;182530.0;0.0;115489.0;950.0
04172213000151;CPFL-PIRATINING;2018-02;95.3164;0.1526;0.0;95.2929;0.1861;0.0;1;1;1;136868.0;0.0;91606.0;455.0;143636.0;0.0;94956.0;511.0
04172213000151;CPFL-PIRATINING;2018-03;95.1418;0.1794;0.0;93.5757;0.5626;0.0;1;1;1;154451.0;0.0;99611.0;563.0;183510.0;0.0;112233.0;1131.0
04172213000151;CPFL-PIRATINING;2018-04;87.1268;1.5704;0.0008;86.5695;1.7116;0.0008;1;1;1;127502.0;1.0;88817.0;1950.0;132573.0;1.0;93374.0;2246.0
04172213000151;CPFL-PIRATINING;2018-05;93.1368;0.3639;0.0;90.2736;1.7129;0.0;1;1;1;127225.0;0.0;81036.0;645.0;145637.0;0.0;86531.0;1955.0
04172213000151;CPFL-PIRATINING;2018-06;88.541;0.7161;0.0085;88.357;0.7237;0.0085;1;1;1;140476.0;12.0;86513.0;891.0;141859.0;12.0;87245.0;906.0
04172213000151;CPFL-PIRATINING;2018-07;88.4709;1.02;0.0;87.5065;1.2505;0.0;1;1;1;145385.0;0.0;94807.0;1239.0;150285.0;0.0;97291.0;1530.0
04172213000151;CPFL-PIRATINING;2018-08;89.782;0.5024;0.0;89.3133;0.6946;0.0;1;1;1;146084.0;0.0;98426.0;754.0;148601.0;0.0;99503.0;971.0
04172213000151;CPFL-PIRATINING;2018-09;88.1711;0.8883;0.0;86.6105;2.1013;0.0;1;1;1;139693.0;0.0;88589.0;1108.0;159418.0;0.0;96345.0;2480.0
04172213000151;CPFL-PIRATINING;2018-10;89.287;0.7893;0.0;88.3868;1.3667;0.0;1;1;1;153359.0;0.0;99294.0;1117.0;165766.0;0.0;103490.0;1811.0
04172213000151;CPFL-PIRATINING;2018-11;90.226;1.2275;0.0;82.2373;5.1187;0.0;1;1;1;149989.0;0.0;92618.0;1432.0;196507.0;0.0;109845.0;6517.0
04172213000151;CPFL-PIRATINING;2018-12;88.3506;1.5127;0.0169;85.1173;3.0288;5.0592;1;1;1;141975.0;24.0;88939.0;1684.0;169848.0;8593.0;96465.0;3474.0
04172213000151;CPFL-PIRATINING;2019-01;87.9942;1.339;0.0013;83.6919;3.6221;3.9881;1;1;1;157800.0;2.0;99838.0;1762.0;229405.0;9149.0;126257.0;5530.0
04172213000151;CPFL-PIRATINING;2019-02;87.4599;2.2651;0.794;80.7613;5.0979;48.2782;1;1;1;137917.0;1095.0;85217.0;2346.0;413319.0;199543.0;113910.0;6909.0
04172213000151;CPFL-PIRATINING;2019-03;90.7008;0.6763;0.1588;87.8566;1.5566;15.2804;1;1;1;154909.0;246.0;94280.0;1261.0;218364.0;33367.0;107641.0;2481.0
04172213000151;CPFL-PIRATINING;2019-04;96.3954;0.141;0.172;93.4498;1.6041;47.5177;1;1;1;147092.0;253.0;95632.0;349.0;319847.0;151984.0;103725.0;1998.0
04172213000151;CPFL-PIRATINING;2019-05;98.3604;0.0502;0.0;98.3699;0.0498;0.0;1;1;1;143090.0;0.0;97655.0;195.0;144407.0;0.0;98349.0;197.0
04172213000151;CPFL-PIRATINING;2019-06;98.0605;0.0752;0.0;98.0752;0.0746;0.0;1;1;1;117287.0;0.0;77025.0;429.0;118726.0;0.0;77664.0;432.0
04172213000151;CPFL-PIRATINING;2019-07;97.2591;0.1545;0.0;96.8138;0.1804;0.901;1;1;1;147509.0;0.0;93729.0;357.0;156498.0;1410.0;96805.0;416.0
04172213000151;CPFL-PIRATINING;2019-08;97.8981;0.0385;0.0;96.3482;0.9298;3.6224;1;1;1;155759.0;0.0;103962.0;278.0;173035.0;6268.0;108789.0;1336.0
04172213000151;CPFL-PIRATINING;2019-09;93.6505;0.2277;0.003;91.434;1.1512;1.104;1;1;1;164354.0;5.0;102106.0;692.0;185779.0;2051.0;110169.0;1822.0
04172213000151;CPFL-PIRATINING;2019-10;89.065;0.8048;0.1138;87.0453;1.4548;0.1379;1;1;1;182697.0;208.0;102797.0;1433.0;192855.0;266.0;107972.0;2322.0
04172213000151;CPFL-PIRATINING;2019-11;86.23;1.2017;0.0438;74.5748;5.6988;48.0571;1;1;1;152831.0;67.0;85833.0;1672.0;441233.0;212044.0;115668.0;8313.0
04172213000151;CPFL-PIRATINING;2019-12;88.5844;1.2242;0.0006;86.299;2.3065;10.9772;1;1;1;171805.0;1.0;92627.0;1624.0;206345.0;22651.0;96866.0;2865.0
04172213000151;CPFL-PIRATINING;2020-01;86.761;1.2305;0.0366;85.6139;1.7867;0.0509;1;1;1;191303.0;70.0;99695.0;1783.0;206168.0;105.0;104992.0;2534.0
04172213000151;CPFL-PIRATINING;2020-02;86.2342;1.249;0.1024;85.7318;1.3782;0.1049;1;1;1;173798.0;178.0;91557.0;1691.0;179166.0;188.0;94100.0;1874.0
04172213000151;CPFL-PIRATINING;2020-03;91.1743;0.5819;0.0668;90.9507;0.5933;0.0648;1;1;1;167553.0;112.0;96538.0;921.0;172942.0;112.0;98854.0;1248.0
04172213000151;CPFL-PIRATINING;2020-04;88.4048;1.0655;0.0737;87.8394;1.1072;0.0724;1;1;1;143767.0;106.0;84778.0;1180.0;146316.0;106.0;86641.0;1256.0
04172213000151;CPFL-PIRATINING;2020-05;86.9217;0.7585;0.1476;86.799;0.8433;0.1563;1;1;1;164664.0;243.0;90414.0;1069.0;170142.0;266.0;93358.0;1187.0
04172213000151;CPFL-PIRATINING;2020-06;54.6638;10.5109;24.2109;54.2417;11.9064;24.0079;0;0;0;259263.0;62770.0;89694.0;12094.0;279791.0;67172.0;96481.0;17455.0
04172213000151;CPFL-PIRATINING;2020-07;64.0695;6.7947;7.9635;63.0883;7.3704;8.4623;0;0;0;189891.0;15122.0;89492.0;7093.0;221854.0;18774.0;106977.0;9196.0
04172213000151;CPFL-PIRATINING;2020-08;88.1078;1.4017;0.3785;80.1448;5.3244;5.4014;1;1;1;128404.0;486.0;78433.0;1366.0;201800.0;10900.0;119279.0;7275.0
04172213000151;CPFL-PIRATINING;2020-09;87.3857;1.484;0.0154;87.0645;1.4532;0.014;1;1;1;162177.0;25.0;97522.0;1986.0;192308.0;27.0;116301.0;2341.0
04172213000151;CPFL-PIRATINING;2020-10;86.7569;2.8281;0.183;81.6771;4.211;1.6012;1;1;1;183073.0;335.0;96276.0;3265.0;243936.0;3906.0;125656.0;6585.0
04172213000151;CPFL-PIRATINING;2020-11;86.1658;2.6507;0.8602;82.3109;4.3216;2.6709;1;1;1;213555.0;1837.0;90895.0;2967.0;262050.0;6999.0;108151.0;5668.0
04172213000151;CPFL-PIRATINING;2020-12;87.343;2.6481;0.1578;78.1325;6.6686;2.6317;1;1;1;143838.0;227.0;76946.0;2529.0;279474.0;7355.0;135617.0;10869.0
04172213000151;CPFL-PIRATINING;2021-01;88.4033;1.3024;0.6239;87.596;1.6583;5.0496;1;1;1;225347.0;1406.0;114581.0;1944.0;274141.0;13843.0;129991.0;2715.0
04172213000151;CPFL-PIRATINING;2021-02;89.5847;0.8792;0.0916;88.8642;0.8845;0.1738;1;1;1;211679.0;194.0;110034.0;1327.0;233616.0;406.0;120692.0;1477.0
04172213000151;CPFL-PIRATINING;2021-03;91.1128;0.609;1.7901;88.4545;1.0323;5.0675;1;1;1;236407.0;4232.0;125503.0;996.0;311160.0;15768.0;154347.0;2005.0
04172213000151;CPFL-PIRATINING;2021-04;91.3031;0.3815;0.1018;90.5426;0.3964;0.1852;1;1;1;189509.0;193.0;112277.0;676.0;214946.0;398.0;128635.0;807.0
04172213000151;CPFL-PIRATINING;2021-05;85.9662;1.1975;0.0995;84.083;1.9611;0.0854;1;1;1;206002.0;205.0;119805.0;1739.0;240100.0;205.0;134127.0;3082.0
04172213000151;CPFL-PIRATINING;2021-06;86.4369;0.9982;0.001;86.1905;1.0071;0.0009;1;1;1;208821.0;2.0;113563.0;1459.0;210940.0;2.0;114617.0;1487.0
04172213000151;CPFL-PIRATINING;2021-07;92.7943;0.5519;0.0;92.8075;0.5593;0.0;1;1;1;201655.0;0.0;107223.0;771.0;202889.0;0.0;107743.0;786.0
04172213000151;CPFL-PIRATINING;2021-08;85.8388;1.5203;0.0014;85.3923;1.8263;10.2755;1;1;1;209703.0;3.0;108569.0;1994.0;241973.0;24864.0;110360.0;2413.0
04172213000151;CPFL-PIRATINING;2021-09;86.5946;1.7127;0.0025;86.6054;1.7111;0.0025;1;1;1;196488.0;5.0;97441.0;1992.0;196818.0;5.0;97595.0;1993.0
04172213000151;CPFL-PIRATINING;2021-10;88.5639;2.3186;0.0016;86.7357;3.8802;0.0015;1;1;1;183726.0;3.0;96015.0;2543.0;200066.0;3.0;100226.0;4379.0
04172213000151;CPFL-PIRATINING;2021-11;89.1061;1.4317;0.0018;87.808;2.1422;0.0017;1;1;1;170613.0;3.0;91566.0;1553.0;177789.0;3.0;93556.0;2304.0
04172213000151;CPFL-PIRATINING;2021-12;91.4494;1.8309;0.0035;91.4487;1.8351;0.0035;1;1;1;171166.0;6.0;94798.0;2004.0;171974.0;6.0;95108.0;2015.0
04172213000151;CPFL-PIRATINING;2022-01;87.1222;1.5217;0.0021;85.6425;2.5002;0.0019;1;1;1;191166.0;4.0;102770.0;1918.0;206144.0;4.0;107241.0;3120.0
04172213000151;CPFL-PIRATINING;2022-02;88.195;1.1893;0.0006;88.102;1.2572;0.0006;1;1;1;164294.0;1.0;93052.0;1410.0;165899.0;1.0;93780.0;1491.0
04172213000151;CPFL-PIRATINING;2022-03;87.5668;1.5668;0.0005;86.5446;2.1026;0.0005;1;1;1;193825.0;1.0;105296.0;2029.0;201933.0;1.0;107600.0;2700.0
04172213000151;CPFL-PIRATINING;2022-04;88.0544;1.7206;0.1589;87.9797;1.7729;0.7541;1;1;1;154821.0;246.0;88994.0;1823.0;158860.0;1198.0;90200.0;1902.0
04172213000151;CPFL-PIRATINING;2022-05;87.4542;1.2077;0.0029;87.1402;1.365;0.0028;1;1;1;175171.0;5.0;99471.0;1494.0;177651.0;5.0;100155.0;1679.0
04172213000151;CPFL-PIRATINING;2022-06;88.3315;1.1651;0.0;88.3712;1.1684;0.0;1;1;1;153000.0;0.0;88311.0;1343.0;154423.0;0.0;88898.0;1357.0
04172213000151;CPFL-PIRATINING;2022-07;89.7489;0.7208;0.0067;89.5531;0.819;0.0066;1;1;1;150332.0;10.0;89942.0;964.0;151641.0;10.0;90467.0;1064.0
04172213000151;CPFL-PIRATINING;2022-08;87.7141;1.2592;0.0;87.4571;1.4148;0.0;1;1;1;159607.0;0.0;95197.0;1574.0;166142.0;0.0;97415.0;1785.0
04172213000151;CPFL-PIRATINING;2022-09;92.7358;0.8211;0.0007;92.6797;0.8575;0.0007;1;1;1;141550.0;1.0;80690.0;891.0;143893.0;1.0;81396.0;932.0
04172213000151;CPFL-PIRATINING;2022-10;94.2959;1.0133;0.1842;90.6343;3.8671;0.3563;1;1;1;149278.0;275.0;77952.0;962.0;163086.0;581.0;80195.0;3492.0
04172213000151;CPFL-PIRATINING;2022-11;96.2418;0.5588;0.0109;95.8982;0.7035;0.0107;1;1;1;147070.0;16.0;82395.0;580.0;149200.0;16.0;83275.0;716.0
04172213000151;CPFL-PIRATINING;2022-12;94.5884;0.9586;0.0202;93.7824;1.3385;0.0196;1;1;1;148550.0;30.0;82961.0;945.0;153378.0;30.0;84989.0;1319.0
04172213000151;CPFL-PIRATINING;2023-01;93.0063;0.7723;0.0012;92.0403;1.2705;0.1024;1;1;1;161049.0;2.0;88265.0;896.0;177756.0;182.0;93797.0;1477.0
04172213000151;CPFL-PIRATINING;2023-02;88.258;1.1429;0.0148;84.5158;2.9143;0.0154;1;1;1;148245.0;22.0;74905.0;1109.0;174870.0;27.0;84482.0;2924.0
04172213000151;CPFL-PIRATINING;2023-03;86.942;1.5435;0.0171;85.1415;2.1902;0.016;1;1;1;175171.0;30.0;91150.0;1714.0;188030.0;30.0;95838.0;2507.0
04172213000151;CPFL-PIRATINING;2023-04;89.1955;1.5401;0.0007;86.5007;2.12;0.0007;1;1;1;136430.0;1.0;75564.0;1396.0;149698.0;1.0;82042.0;2089.0
04172213000151;CPFL-PIRATINING;2023-05;94.6328;0.4432;0.0007;94.562;0.5064;0.0007;1;1;1;144044.0;1.0;88739.0;584.0;146716.0;1.0;90181.0;654.0
04172213000151;CPFL-PIRATINING;2023-06;92.1495;0.5441;0.0585;91.995;0.5852;0.0618;1;1;1;128260.0;75.0;81346.0;622.0;129360.0;80.0;81879.0;663.0
04172213000151;CPFL-PIRATINING;2023-07;87.6802;0.6697;0.008;86.2693;1.3476;0.0074;1;1;1;137298.0;11.0;83505.0;820.0;149093.0;11.0;89020.0;1516.0
04172213000151;CPFL-PIRATINING;2023-08;87.0982;1.0592;0.0038;86.5163;1.2834;5.4101;1;1;1;158897.0;6.0;94533.0;1296.0;179479.0;9710.0;99839.0;1618.0
04172213000151;CPFL-PIRATINING;2023-09;87.6559;1.1255;0.0044;86.1103;1.9501;0.0069;1;1;1;135248.0;6.0;80203.0;1158.0;145272.0;10.0;84470.0;1984.0
04172213000151;CPFL-PIRATINING;2023-10;89.2422;2.0532;0.0014;74.6898;10.8767;0.0437;1;1;1;144170.0;2.0;81669.0;2015.0;217333.0;95.0;101908.0;13313.0
04172213000151;CPFL-PIRATINING;2023-11;86.4099;1.941;0.0008;48.4535;30.5126;59.2757;1;1;1;117693.0;1.0;69009.0;1609.0;711136.0;421531.0;111701.0;51227.0
04172213000151;CPFL-PIRATINING;2023-12;89.4562;1.4185;0.0015;88.7291;1.7287;0.0014;1;1;1;134311.0;2.0;79641.0;1354.0;139475.0;2.0;81915.0;1691.0
04172213000151;CPFL-PIRATINING;2024-01;87.6096;2.2304;0.0007;80.4334;4.4056;0.0005;1;1;1;140602.0;1.0;82324.0;2139.0;209498.0;1.0;116888.0;5966.0
04172213000151;CPFL-PIRATINING;2024-02;88.9374;1.6455;0.0024;86.7163;1.9434;0.0017;1;1;1;122769.0;3.0;76807.0;1501.0;172791.0;3.0;108482.0;2525.0
04172213000151;CPFL-PIRATINING;2024-03;88.4905;1.5047;0.0;84.2057;3.8002;0.0;1;1;1;138005.0;0.0;82411.0;1493.0;182845.0;0.0;103586.0;4517.0
04172213000151;CPFL-PIRATINING;2024-04;87.0901;0.7916;0.0;86.403;0.9065;0.0;1;1;1;160766.0;0.0;94491.0;998.0;168183.0;0.0;98707.0;1177.0
04172213000151;CPFL-PIRATINING;2024-05;87.5371;0.683;0.0;87.1995;0.6746;0.0;1;1;1;145503.0;0.0;88990.0;853.0;150198.0;0.0;91725.0;881.0
04172213000151;CPFL-PIRATINING;2024-06;87.728;1.1052;0.0015;87.2376;1.3276;0.0014;1;1;1;133683.0;2.0;82504.0;1197.0;139809.0;2.0;85696.0;1472.0
04172213000151;CPFL-PIRATINING;2024-07;95.1833;0.1528;0.0078;94.8516;0.1786;0.0076;1;1;1;141702.0;11.0;87540.0;321.0;144173.0;11.0;88878.0;354.0
04172213000151;CPFL-PIRATINING;2024-08;90.6413;0.7142;0.9896;88.5673;2.3197;0.9424;1;1;1;139954.0;1385.0;83694.0;831.0;147602.0;1391.0;85525.0;2306.0
04172213000151;CPFL-PIRATINING;2024-09;88.2274;0.7784;0.0281;86.701;1.7037;0.0267;1;1;1;135412.0;38.0;78778.0;841.0;142469.0;38.0;81119.0;1680.0
04172213000151;CPFL-PIRATINING;2024-10;86.8654;0.9449;0.0455;81.7114;4.5581;0.0403;1;1;1;156085.0;71.0;85438.0;1156.0;176095.0;71.0;89808.0;4795.0
04172213000151;CPFL-PIRATINING;2024-11;87.1254;0.9951;0.0;86.8929;1.1485;0.0;1;1;1;140133.0;0.0;76215.0;1057.0;140723.0;0.0;76429.0;1184.0
04172213000151;CPFL-PIRATINING;2024-12;89.2081;1.471;0.0;86.2699;2.3469;0.0;1;1;1;137043.0;0.0;72473.0;1358.0;147696.0;0.0;76102.0;2178.0
04172213000151;CPFL-PIRATINING;2025-01;87.5348;0.9767;0.0;86.2325;1.7175;0.0;1;1;1;153251.0;0.0;82530.0;1148.0;161427.0;0.0;85208.0;1868.0
04172213000151;CPFL-PIRATINING;2025-02;86.7981;0.7123;0.0;85.6119;1.0365;0.0;1;1;1;146197.0;0.0;83074.0;943.0;158016.0;0.0;87552.0;1317.0
04172213000151;CPFL-PIRATINING;2025-03;86.696;0.7485;0.0007;86.8634;0.7446;0.0006;1;1;1;152142.0;1.0;83809.0;919.0;155121.0;1.0;85575.0;933.0
04172213000151;CPFL-PIRATINING;2025-04;87.6986;0.5601;0.0;87.4465;0.6592;0.0;1;1;1;142760.0;0.0;79721.0;737.0;145841.0;0.0;81223.0;833.0
04172213000151;CPFL-PIRATINING;2025-05;88.7535;0.7022;0.0;88.6442;0.8154;0.0;1;1;1;141701.0;0.0;80461.0;843.0;143852.0;0.0;81377.0;947.0
04172213000151;CPFL-PIRATINING;2025-06;89.814;0.7903;0.0;89.3923;0.8678;0.0;1;1;1;132799.0;0.0;75191.0;819.0;134728.0;0.0;76080.0;901.0
04172213000151;CPFL-PIRATINING;2025-07;90.2131;0.6398;0.0;89.8328;0.769;0.0;1;1;1;141113.0;0.0;82935.0;826.0;145252.0;0.0;85038.0;964.0
04172213000151;CPFL-PIRATINING;2025-08;93.6123;0.7967;0.0;92.7492;1.379;0.0;1;1;1;123425.0;0.0;71968.0;752.0;124788.0;0.0;72373.0;1213.0
04172213000151;CPFL-PIRATINING;2025-09;88.0694;0.9516;0.0;65.4441;15.5848;11.7588;1;1;1;127698.0;0.0;71713.0;960.0;215813.0;25377.0;85202.0;16566.0
04172213000151;CPFL-PIRATINING;2025-10;89.6943;1.3705;0.0;87.7163;2.3737;0.0;1;1;1;139488.0;0.0;78372.0;1400.0;144561.0;0.0;79667.0;2304.0
04172213000151;CPFL-PIRATINING;2025-11;87.3145;1.6563;0.0;83.8143;3.0556;0.0;1;1;1;121767.0;0.0;71904.0;1646.0;132298.0;0.0;75827.0;2949.0
04172213000151;CPFL-PIRATINING;2025-12;87.8706;1.6062;0.0;72.9894;9.1292;0.0471;1;1;1;120691.0;0.0;71426.0;1609.0;169986.0;80.0;89217.0;10126.0
04172213000151;CPFL-PIRATINING;2026-01;86.3717;1.4567;0.0;85.4677;1.9097;0.0;1;1;1;141331.0;0.0;82937.0;1793.0;160641.0;0.0;93532.0;2518.0
04172213000151;CPFL-PIRATINING;2026-02;87.4535;1.2753;0.0;83.9981;3.6076;0.0;1;1;1;131730.0;0.0;76405.0;1472.0;147597.0;0.0;81948.0;3704.0
04172213000151;CPFL-PIRATINING;2026-03;86.8102;0.7386;0.0;85.7466;1.315;0.0;1;1;1;149374.0;0.0;88027.0;1062.0;162923.0;0.0;95082.0;1752.0
04172213000151;CPFL-PIRATINING;2026-04;88.3197;0.7364;0.0;84.2685;1.9592;0.0;1;1;1;117089.0;0.0;74811.0;885.0;148386.0;0.0;92778.0;2364.0
04172213000151;CPFL-PIRATINING;2026-05;88.8574;0.478;0.0008;87.4796;0.5216;0.0007;1;1;1;126099.0;1.0;79117.0;969.0;152742.0;1.0;96893.0;1362.0
04172213000151;CPFL-PIRATINING;2026-06;87.8193;0.4765;0.0;87.6625;0.5049;0.0;1;1;1;130215.0;0.0;82286.0;862.0;138470.0;0.0;87693.0;938.0
04172213000151;CPFL-PIRATINING;2026-07;87.866;3.0145;0.0;44.7988;26.0689;0.0;1;1;1;67294.0;0.0;36903.0;1603.0;230127.0;0.0;106117.0;40176.0
04368898000106;COPEL-DIS;2014-01;88.5;1.877;0.3628;83.0515;4.1232;1.7754;1;1;1;446553.0;1620.0;433849.0;10863.0;503381.0;8937.0;469798.0;24385.0
04368898000106;COPEL-DIS;2014-02;86.9488;1.5479;0.0105;81.6636;4.1454;6.3727;1;1;1;401185.0;42.0;393071.0;8072.0;472560.0;30115.0;421231.0;21214.0
04368898000106;COPEL-DIS;2014-03;94.6551;0.6887;0.317;94.5909;0.6953;0.3177;1;1;1;400576.0;1270.0;395115.0;4191.0;403462.0;1282.0;397928.0;4252.0
04368898000106;COPEL-DIS;2014-04;94.615;0.8733;3.5479;91.1677;1.2967;6.1082;1;1;0;377402.0;13390.0;359141.0;4871.0;425625.0;25998.0;391872.0;7755.0
04368898000106;COPEL-DIS;2014-05;89.2902;1.7206;6.7958;88.2005;2.0619;7.4182;1;1;0;429516.0;29189.0;390970.0;9357.0;442382.0;32817.0;398419.0;11146.0
04368898000106;COPEL-DIS;2014-06;93.2484;1.3961;0.0098;79.2958;8.4393;7.9985;1;1;1;356640.0;35.0;350116.0;6489.0;472978.0;37831.0;394295.0;40852.0
04368898000106;COPEL-DIS;2014-07;95.5946;1.5881;0.6901;92.8714;2.6975;0.8039;1;1;1;369820.0;2552.0;358675.0;8593.0;390243.0;3137.0;373128.0;13978.0
04368898000106;COPEL-DIS;2014-08;92.074;0.64;0.0031;88.3044;2.1449;0.6919;1;1;1;384917.0;12.0;381468.0;3437.0;412195.0;2852.0;399057.0;10286.0
04368898000106;COPEL-DIS;2014-09;88.6233;0.976;0.106;81.87;3.3825;0.5635;1;1;1;401098.0;425.0;395575.0;5110.0;470445.0;2651.0;449449.0;18357.0
04368898000106;COPEL-DIS;2014-10;90.0404;2.6891;10.4057;82.8532;5.1104;23.1061;1;1;0;451101.0;46940.0;384024.0;13247.0;610401.0;141040.0;434858.0;27508.0
04368898000106;COPEL-DIS;2014-11;85.0968;2.5401;0.268;76.3184;6.1422;2.7926;1;1;1;371685.0;996.0;358778.0;11911.0;450793.0;12589.0;407359.0;30845.0
04368898000106;COPEL-DIS;2014-12;93.1586;0.9221;0.2923;83.0577;5.7295;5.3078;1;1;1;396851.0;1160.0;390450.0;5241.0;496381.0;26347.0;439618.0;30416.0
04368898000106;COPEL-DIS;2015-01;84.9052;2.0133;0.8488;71.8774;7.3495;7.2645;0;1;1;394566.0;3349.0;381708.0;9521.0;610736.0;44367.0;519863.0;46518.0
04368898000106;COPEL-DIS;2015-02;86.6163;1.4465;0.3538;80.8553;3.4784;1.2219;1;1;1;366005.0;1295.0;357964.0;6746.0;447757.0;5471.0;424062.0;18224.0
04368898000106;COPEL-DIS;2015-03;87.625;1.4372;1.006;85.5403;2.5054;1.6714;1;1;1;423346.0;4259.0;411272.0;7815.0;448489.0;7496.0;426768.0;14225.0
04368898000106;COPEL-DIS;2015-04;87.128;1.1688;0.0114;83.7189;2.1186;0.0626;1;1;1;368685.0;42.0;363092.0;5551.0;402559.0;252.0;392064.0;10243.0
04368898000106;COPEL-DIS;2015-05;85.8362;1.3388;0.0028;76.1542;5.9743;0.0086;1;1;1;363257.0;10.0;356895.0;6352.0;451006.0;39.0;419788.0;31179.0
04368898000106;COPEL-DIS;2015-06;88.2821;1.3896;0.2241;83.2212;4.6696;0.2009;1;1;1;397180.0;890.0;388589.0;7701.0;443108.0;890.0;417712.0;24506.0
04368898000106;COPEL-DIS;2015-07;88.1773;1.1362;2.4049;67.1747;9.7397;4.6152;1;1;0;345543.0;8310.0;332046.0;5186.0;582028.0;26862.0;493332.0;61833.0
04368898000106;COPEL-DIS;2015-08;87.1175;1.2818;0.0438;76.8618;4.9208;12.4195;1;1;1;374256.0;164.0;367916.0;6176.0;574033.0;71292.0;474082.0;28659.0
04368898000106;COPEL-DIS;2015-09;94.5133;0.7436;0.0747;71.0377;11.8059;12.11;1;1;1;332186.0;248.0;328628.0;3310.0;673840.0;81602.0;513894.0;78344.0
04368898000106;COPEL-DIS;2015-10;93.271;0.9667;0.224;70.7881;10.2887;5.2159;1;1;1;353119.0;791.0;347902.0;4426.0;618127.0;32241.0;517616.0;68270.0
04368898000106;COPEL-DIS;2015-11;89.4143;1.4792;0.0152;50.4279;20.1701;12.5075;1;1;1;275790.0;42.0;270405.0;5343.0;778883.0;97419.0;529984.0;151480.0
04368898000106;COPEL-DIS;2015-12;90.9749;1.3807;0.0046;67.2628;13.019;5.5847;1;1;1;368132.0;17.0;361430.0;6685.0;646842.0;36124.0;521739.0;88979.0
04368898000106;COPEL-DIS;2016-01;85.3009;2.4991;0.0956;82.9651;3.3465;0.0901;1;1;1;464286.0;444.0;449753.0;14089.0;508322.0;458.0;487533.0;20331.0
04368898000106;COPEL-DIS;2016-02;87.7086;1.4779;0.0075;82.732;3.6653;0.0723;1;1;1;455574.0;34.0;446776.0;8764.0;506301.0;366.0;483893.0;22042.0
04368898000106;COPEL-DIS;2016-03;93.8172;0.8245;0.1661;91.9496;1.3352;0.159;1;1;1;450921.0;749.0;444675.0;5497.0;473460.0;753.0;464226.0;8481.0
04368898000106;COPEL-DIS;2016-04;93.1679;0.501;0.0078;87.8714;1.7516;0.5404;1;1;1;399764.0;31.0;396634.0;3099.0;454298.0;2455.0;441600.0;10243.0
04368898000106;COPEL-DIS;2016-05;93.4392;1.0451;0.0025;86.7286;4.3944;0.0234;1;1;1;432999.0;11.0;427036.0;5953.0;474715.0;111.0;450287.0;24318.0
04368898000106;COPEL-DIS;2016-06;95.9117;0.241;0.0039;95.9077;0.2412;0.0039;1;1;1;432319.0;17.0;430431.0;1871.0;432392.0;17.0;430503.0;1872.0
04368898000106;COPEL-DIS;2016-07;89.9808;0.8804;0.0051;80.1706;4.7973;0.7653;1;1;1;413579.0;21.0;408440.0;5118.0;482941.0;3696.0;452406.0;26839.0
04368898000106;COPEL-DIS;2016-08;90.6236;0.7178;0.0029;74.7841;8.4865;3.6865;1;1;1;413281.0;12.0;408832.0;4437.0;551115.0;20317.0;479548.0;51250.0
04368898000106;COPEL-DIS;2016-09;95.579;0.5935;0.0049;88.896;2.585;0.7578;1;1;1;388412.0;19.0;385241.0;3152.0;432058.0;3274.0;415584.0;13200.0
04368898000106;COPEL-DIS;2016-10;89.5877;1.5901;1.2973;70.8139;8.2589;5.4786;1;1;1;368682.0;4783.0;356616.0;7283.0;560397.0;30702.0;479292.0;50403.0
04368898000106;COPEL-DIS;2016-11;88.4462;2.571;0.8058;71.1236;9.7938;6.7708;1;1;1;393047.0;3167.0;376382.0;13498.0;565801.0;38309.0;466470.0;61022.0
04368898000106;COPEL-DIS;2016-12;91.2915;1.5174;0.0311;82.3759;6.517;0.1713;1;1;1;465860.0;145.0;456638.0;9077.0;535896.0;918.0;495041.0;39937.0
04368898000106;COPEL-DIS;2017-01;94.851;0.7153;0.007;84.0851;5.0534;0.5435;1;1;1;444972.0;31.0;440390.0;4551.0;533214.0;2898.0;498803.0;31513.0
04368898000106;COPEL-DIS;2017-02;88.0275;1.2325;0.3508;73.7618;8.3942;1.2553;1;1;1;387419.0;1359.0;379289.0;6771.0;521466.0;6546.0;465350.0;49570.0
04368898000106;COPEL-DIS;2017-03;89.7435;0.9581;0.0951;74.9566;7.3816;0.617;1;1;1;427945.0;407.0;421351.0;6187.0;548323.0;3383.0;497885.0;47055.0
04368898000106;COPEL-DIS;2017-04;88.7777;0.7089;0.0295;77.9337;4.7396;8.7835;1;1;1;376106.0;111.0;371435.0;4560.0;482220.0;42356.0;415140.0;24724.0
04368898000106;COPEL-DIS;2017-05;89.4812;0.8052;0.0178;76.0371;7.2946;2.3405;1;1;1;427056.0;76.0;421703.0;5277.0;553379.0;12952.0;495643.0;44784.0
04368898000106;COPEL-DIS;2017-06;89.1258;1.1587;0.0687;65.3344;9.6646;1.0937;1;1;1;314276.0;216.0;309043.0;5017.0;546476.0;5977.0;481885.0;58614.0
04368898000106;COPEL-DIS;2017-07;90.3042;1.0104;0.1665;71.1075;8.5491;1.987;1;1;1;368201.0;613.0;362409.0;5179.0;550119.0;10931.0;487339.0;51849.0
04368898000106;COPEL-DIS;2017-08;88.764;1.6452;0.7197;66.5825;12.4075;8.1135;1;1;1;356963.0;2569.0;347096.0;7298.0;678314.0;55035.0;538136.0;85071.0
04368898000106;COPEL-DIS;2017-09;94.471;0.3169;0.1214;91.1298;1.1111;0.1411;1;1;1;426648.0;518.0;423973.0;2157.0;507283.0;716.0;499405.0;7162.0
04368898000106;COPEL-DIS;2017-10;87.1564;1.7073;0.389;39.645;22.1293;27.2532;1;1;1;176357.0;686.0;171795.0;3876.0;1142563.0;311385.0;632404.0;199068.0
04368898000106;COPEL-DIS;2017-11;93.6507;0.6363;0.0762;59.7537;14.5162;21.4314;1;1;1;336090.0;256.0;332787.0;3047.0;821047.0;175962.0;541792.0;103293.0
04368898000106;COPEL-DIS;2017-12;90.6472;0.849;0.295;82.9957;3.2785;3.7169;1;1;1;414908.0;1224.0;408634.0;5050.0;579490.0;21539.0;536282.0;21669.0
04368898000106;COPEL-DIS;2018-01;86.6948;1.9715;1.6185;84.0844;3.203;1.8543;1;1;1;569179.0;9212.0;546462.0;13505.0;601938.0;11162.0;568638.0;22138.0
04368898000106;COPEL-DIS;2018-02;86.3336;1.5351;0.1957;83.8248;2.7656;0.2828;1;1;1;489044.0;957.0;478756.0;9331.0;510537.0;1444.0;492562.0;16531.0
04368898000106;COPEL-DIS;2018-03;79.1053;5.4335;0.016;72.9038;8.9594;0.0218;0;0;1;607717.0;97.0;499487.0;32375.0;741999.0;162.0;546629.0;59642.0
04368898000106;COPEL-DIS;2018-04;89.9225;2.882;0.0002;88.6711;3.4928;0.0002;1;1;1;558619.0;1.0;435645.0;14758.0;572830.0;1.0;443353.0;18720.0
04368898000106;COPEL-DIS;2018-05;94.9248;1.033;0.0725;86.4576;6.555;0.3628;1;1;1;492261.0;357.0;355528.0;4684.0;555705.0;2016.0;376177.0;28957.0
04368898000106;COPEL-DIS;2018-06;92.4381;0.9182;0.0;92.4355;0.9187;0.0;1;1;1;560612.0;0.0;339809.0;3954.0;560680.0;0.0;339845.0;3956.0
04368898000106;COPEL-DIS;2018-07;95.2782;0.5947;0.0018;95.2782;0.5945;0.0018;1;1;1;597895.0;11.0;338502.0;2799.0;598100.0;11.0;338586.0;2799.0
04368898000106;COPEL-DIS;2018-08;89.2408;2.7211;0.0;89.0243;2.8422;0.0;1;1;1;765941.0;0.0;361251.0;11872.0;768448.0;0.0;361768.0;12397.0
04368898000106;COPEL-DIS;2018-09;94.6394;1.4469;0.0232;91.3879;2.8648;0.0239;1;1;1;775117.0;180.0;318090.0;5760.0;860661.0;206.0;334893.0;12768.0
04368898000106;COPEL-DIS;2018-10;92.1977;2.3649;0.2902;85.542;5.2345;0.462;1;1;1;1013162.0;2940.0;362230.0;10277.0;1206801.0;5576.0;409330.0;25653.0
04368898000106;COPEL-DIS;2018-11;94.5635;1.6278;0.3353;92.0428;3.0681;0.4929;1;1;1;884082.0;2964.0;336181.0;6738.0;932257.0;4595.0;343110.0;12539.0
04368898000106;COPEL-DIS;2018-12;92.3112;1.9631;0.009;89.016;4.1609;0.0281;1;1;1;931214.0;84.0;315120.0;7559.0;991651.0;279.0;321591.0;15690.0
04368898000106;COPEL-DIS;2019-01;93.0825;1.4981;0.063;92.3262;1.7909;0.0618;1;1;1;1066701.0;672.0;339614.0;6805.0;1088165.0;672.0;343677.0;8130.0
04368898000106;COPEL-DIS;2019-02;91.3556;1.6686;0.0225;88.9085;3.0269;0.0466;1;1;1;867014.0;195.0;304730.0;6306.0;918816.0;428.0;313576.0;11405.0
04368898000106;COPEL-DIS;2019-03;92.149;1.1976;0.0;88.614;3.987;0.0;1;1;1;747345.0;0.0;271023.0;4253.0;780291.0;0.0;279007.0;13453.0
04368898000106;COPEL-DIS;2019-04;92.4201;0.5593;0.0;92.3933;0.5745;0.0;1;1;1;677509.0;0.0;289629.0;2409.0;677831.0;0.0;289687.0;2457.0
04368898000106;COPEL-DIS;2019-05;92.3211;0.4423;0.0259;91.8472;0.6193;0.0254;1;1;1;763969.0;198.0;335833.0;2402.0;778360.0;198.0;341032.0;3158.0
04368898000106;COPEL-DIS;2019-06;90.4722;1.1632;0.0;90.473;1.1632;0.0;1;1;1;701195.0;0.0;273528.0;4339.0;701332.0;0.0;273604.0;4340.0
04368898000106;COPEL-DIS;2019-07;92.1752;0.4618;0.0128;92.1226;0.4916;0.0128;1;1;1;744518.0;95.0;294833.0;2241.0;745021.0;95.0;294949.0;2334.0
04368898000106;COPEL-DIS;2019-08;90.3124;1.1667;0.1137;88.7418;2.463;0.1426;1;1;1;679799.0;773.0;279117.0;4488.0;716599.0;1022.0;282201.0;8580.0
04368898000106;COPEL-DIS;2019-09;92.8779;0.6862;0.0385;92.3602;0.8004;0.0373;1;1;1;742432.0;286.0;297561.0;3499.0;767594.0;286.0;303409.0;4030.0
04368898000106;COPEL-DIS;2019-10;90.4003;1.0161;0.0263;85.3597;4.4008;0.2521;1;1;1;818899.0;215.0;326162.0;5086.0;918917.0;2317.0;343896.0;18732.0
04368898000106;COPEL-DIS;2019-11;88.4124;1.6374;0.0001;87.6147;2.1062;0.0001;1;1;1;790007.0;1.0;321692.0;7378.0;810637.0;1.0;326847.0;9213.0
04368898000106;COPEL-DIS;2019-12;90.436;1.1573;0.0;90.36;1.1798;0.0;1;1;1;707656.0;0.0;273553.0;4821.0;710549.0;0.0;274145.0;4907.0
04368898000106;COPEL-DIS;2020-01;90.0935;0.8056;0.1394;89.0369;1.2003;0.4239;1;1;1;832888.0;1161.0;301313.0;5005.0;885492.0;3754.0;317720.0;6892.0
04368898000106;COPEL-DIS;2020-02;92.3494;0.8343;0.0;91.4265;1.2141;0.0;1;1;1;705731.0;0.0;256386.0;4080.0;731368.0;0.0;262085.0;5347.0
04368898000106;COPEL-DIS;2020-03;89.0082;1.0631;0.1033;88.9489;1.0823;0.1287;1;1;1;739555.0;764.0;277600.0;4856.0;754621.0;971.0;281587.0;5026.0
04368898000106;COPEL-DIS;2020-04;91.9696;1.6934;0.4307;90.304;2.4618;0.3368;1;1;1;633435.0;2728.0;231285.0;6373.0;814016.0;2742.0;296518.0;11692.0
04368898000106;COPEL-DIS;2020-05;91.0348;1.9965;0.0381;89.2269;2.4163;0.0377;1;1;1;467272.0;178.0;171068.0;5755.0;898703.0;339.0;345258.0;14048.0
04368898000106;COPEL-DIS;2020-06;89.879;2.6586;0.0115;68.676;12.5795;1.4872;1;1;1;558683.0;64.0;173071.0;7032.0;994775.0;14794.0;322120.0;54625.0
04368898000106;COPEL-DIS;2020-07;92.6756;1.9515;0.0;72.3483;9.0277;0.0275;1;1;1;701207.0;0.0;194787.0;6569.0;1293384.0;356.0;375115.0;50089.0
04368898000106;COPEL-DIS;2020-08;93.0026;2.2053;1.7451;70.9519;15.4693;1.3733;1;1;1;780509.0;13621.0;202972.0;9120.0;1189191.0;16331.0;316416.0;70050.0
04368898000106;COPEL-DIS;2020-09;89.8704;3.3964;0.0;57.0911;23.1573;0.0;1;1;1;474001.0;0.0;141077.0;7740.0;1103930.0;0.0;309863.0;106835.0
04368898000106;COPEL-DIS;2020-10;95.3969;1.1974;0.0;82.8542;7.5283;0.6911;1;1;1;829186.0;0.0;241691.0;7202.0;1163872.0;8043.0;321993.0;34951.0
04368898000106;COPEL-DIS;2020-11;97.049;0.6434;0.0;95.6645;1.213;0.0;1;1;1;886967.0;0.0;269144.0;6071.0;957929.0;0.0;283249.0;8459.0
04368898000106;COPEL-DIS;2020-12;96.4406;1.024;0.0044;94.3605;1.8145;0.0039;1;1;1;913784.0;40.0;265610.0;6879.0;1020394.0;40.0;286243.0;10518.0
04368898000106;COPEL-DIS;2021-01;87.9765;3.3753;0.0;87.7732;3.4883;0.0;1;1;1;967222.0;0.0;274994.0;16037.0;987339.0;0.0;280321.0;16806.0
04368898000106;COPEL-DIS;2021-02;90.0154;2.8211;12.577;88.8041;3.4835;12.0151;1;1;0;828304.0;104176.0;222318.0;10291.0;867045.0;104176.0;232129.0;14882.0
04368898000106;COPEL-DIS;2021-03;91.0021;2.5774;0.0905;90.641;2.7916;0.1589;1;1;1;910461.0;824.0;257679.0;12143.0;951835.0;1512.0;272867.0;14372.0
04368898000106;COPEL-DIS;2021-04;91.4396;3.2502;0.0;91.4398;3.2501;0.0;1;1;1;806645.0;0.0;205516.0;11761.0;806652.0;0.0;205520.0;11761.0
04368898000106;COPEL-DIS;2021-05;90.6339;3.6896;0.0001;82.9212;9.3841;0.0001;1;1;1;922962.0;1.0;201019.0;13320.0;1070648.0;1.0;221409.0;31916.0
04368898000106;COPEL-DIS;2021-06;88.074;3.2639;0.0012;88.1266;3.2354;0.0011;1;1;1;865446.0;10.0;222227.0;12524.0;872614.0;10.0;224996.0;12646.0
04368898000106;COPEL-DIS;2021-07;94.9543;0.4941;0.0;94.9544;0.4941;0.0;1;1;1;696138.0;0.0;282145.0;3401.0;696243.0;0.0;282171.0;3401.0
04368898000106;COPEL-DIS;2021-08;92.4018;0.7583;0.0;92.328;0.7821;0.0;1;1;1;721818.0;0.0;291736.0;4679.0;726208.0;0.0;293697.0;4851.0
04368898000106;COPEL-DIS;2021-09;90.0854;0.8632;0.3953;83.7301;4.2436;0.3533;1;1;1;702567.0;2777.0;282655.0;5229.0;786072.0;2777.0;311714.0;23912.0
04368898000106;COPEL-DIS;2021-10;87.2562;1.7615;0.1393;76.818;7.6876;0.0826;1;1;1;774646.0;1079.0;261003.0;8075.0;1320190.0;1090.0;368596.0;40803.0
04368898000106;COPEL-DIS;2021-11;87.5962;3.1885;0.0013;85.3977;4.4078;0.0049;1;1;1;754512.0;10.0;255505.0;11871.0;862774.0;42.0;276513.0;17316.0
04368898000106;COPEL-DIS;2021-12;92.8402;1.1533;0.0003;92.8879;1.1429;0.0003;1;1;1;730896.0;2.0;262530.0;5721.0;747587.0;2.0;267976.0;5825.0
04368898000106;COPEL-DIS;2022-01;89.271;1.7986;0.0;87.9483;2.6339;0.0;1;1;1;816833.0;0.0;280041.0;8067.0;894920.0;0.0;300831.0;11978.0
04368898000106;COPEL-DIS;2022-02;87.8702;2.5643;0.0;87.4965;2.8912;0.0;1;1;1;740246.0;0.0;249675.0;9533.0;826895.0;0.0;275851.0;12003.0
04368898000106;COPEL-DIS;2022-03;87.6712;2.0006;0.0;85.805;2.6747;0.0;1;1;1;807294.0;0.0;295091.0;9846.0;996047.0;0.0;352270.0;15227.0
04368898000106;COPEL-DIS;2022-04;89.8921;1.4531;0.0039;82.5831;5.6789;1.514;1;1;1;694038.0;27.0;265313.0;7281.0;965050.0;14611.0;326170.0;26814.0
04368898000106;COPEL-DIS;2022-05;87.6129;1.7658;0.0;84.7917;3.2047;0.9174;1;1;1;774961.0;0.0;297523.0;9735.0;921449.0;8453.0;341373.0;31141.0
04368898000106;COPEL-DIS;2022-06;86.6376;2.234;0.0;85.8379;2.6596;0.0;1;1;1;722298.0;0.0;292338.0;11450.0;833577.0;0.0;336091.0;14893.0
04368898000106;COPEL-DIS;2022-07;90.3028;0.8991;0.0;90.24;0.8947;0.0;1;1;1;774938.0;0.0;307087.0;6249.0;804385.0;0.0;317684.0;6551.0
04368898000106;COPEL-DIS;2022-08;93.5888;0.704;0.0;93.3366;0.7736;0.0;1;1;1;770704.0;0.0;300281.0;5234.0;789082.0;0.0;306283.0;5640.0
04368898000106;COPEL-DIS;2022-09;96.0419;0.9006;0.0369;95.6433;1.1069;0.0358;1;1;1;670197.0;247.0;264317.0;5336.0;689624.0;247.0;270525.0;6183.0
04368898000106;COPEL-DIS;2022-10;95.5596;0.6883;0.0;84.5381;6.4053;0.0;1;1;1;653178.0;0.0;252485.0;5066.0;1005039.0;0.0;320357.0;30244.0
04368898000106;COPEL-DIS;2022-11;95.4485;0.4309;0.0;93.5837;1.0316;0.0;1;1;1;651828.0;0.0;252778.0;4771.0;707649.0;0.0;269003.0;7073.0
04368898000106;COPEL-DIS;2022-12;95.5362;0.7568;0.0;94.7701;1.0328;0.0;1;1;1;678671.0;0.0;255725.0;4597.0;780203.0;0.0;281525.0;6303.0
04368898000106;COPEL-DIS;2023-01;88.9405;2.0714;0.0001;88.3744;2.3432;0.0001;1;1;1;719734.0;1.0;331838.0;10602.0;756589.0;1.0;345909.0;12262.0
04368898000106;COPEL-DIS;2023-02;90.4948;1.7202;0.0;89.4242;2.148;0.0;1;1;1;624367.0;0.0;283719.0;9095.0;696231.0;0.0;308355.0;11618.0
04368898000106;COPEL-DIS;2023-03;93.821;1.2639;0.0;93.0134;1.5835;0.0;1;1;1;710160.0;0.0;324733.0;8667.0;746026.0;0.0;335358.0;10331.0
04368898000106;COPEL-DIS;2023-04;93.5523;0.4346;0.0;92.9045;0.5689;0.0;1;1;1;566596.0;0.0;268242.0;2728.0;585718.0;0.0;275626.0;3249.0
04368898000106;COPEL-DIS;2023-05;95.0268;0.2668;0.0;94.9556;0.2864;0.0;1;1;1;570374.0;0.0;276665.0;1851.0;577112.0;0.0;279526.0;1950.0
04368898000106;COPEL-DIS;2023-06;98.5964;0.0655;0.0;98.3608;0.0896;0.0;1;1;1;544132.0;0.0;248769.0;848.0;549322.0;0.0;251972.0;954.0
04368898000106;COPEL-DIS;2023-07;96.7015;0.2061;0.0;91.1268;1.865;0.0;1;1;1;563160.0;0.0;248871.0;1310.0;716129.0;0.0;287198.0;7207.0
04368898000106;COPEL-DIS;2023-08;97.6726;0.1207;0.0;96.9171;0.3127;0.0;1;1;1;661485.0;0.0;281386.0;1026.0;720874.0;0.0;297095.0;3069.0
04368898000106;COPEL-DIS;2023-09;96.8838;0.2408;0.0;93.7966;1.0314;0.0;1;1;1;629277.0;0.0;251080.0;1308.0;722153.0;0.0;276737.0;4211.0
04368898000106;COPEL-DIS;2023-10;92.7213;1.4098;0.012;84.0992;5.5508;0.0168;1;1;1;676992.0;81.0;266660.0;7904.0;1096595.0;184.0;367093.0;54754.0
04368898000106;COPEL-DIS;2023-11;93.7939;1.1053;0.0;86.4464;5.712;0.0;1;1;1;631874.0;0.0;268698.0;4465.0;850795.0;0.0;311291.0;22202.0
04368898000106;COPEL-DIS;2023-12;95.2763;0.6034;0.0;83.1944;10.0586;2.6657;1;1;1;618564.0;0.0;253010.0;2662.0;882179.0;23516.0;285404.0;48798.0
04368898000106;COPEL-DIS;2024-01;87.0286;3.0018;0.0;80.2199;7.1596;0.0;1;1;1;698137.0;0.0;270661.0;10508.0;855016.0;0.0;299829.0;26949.0
04368898000106;COPEL-DIS;2024-02;91.8957;2.4143;0.0;89.6309;3.995;0.0;1;1;1;656068.0;0.0;249350.0;8619.0;701928.0;0.0;256921.0;14062.0
04368898000106;COPEL-DIS;2024-03;92.6232;1.6885;0.0;86.8135;5.3963;0.0001;1;1;1;627967.0;0.0;233010.0;6020.0;773551.0;1.0;264738.0;19740.0
04368898000106;COPEL-DIS;2024-04;93.853;1.4377;0.0;93.8375;1.4483;0.0;1;1;1;596204.0;0.0;235416.0;5118.0;598363.0;0.0;236045.0;5169.0
04368898000106;COPEL-DIS;2024-05;90.205;2.72;0.0;88.712;3.8442;0.0;1;1;1;531575.0;0.0;229826.0;8709.0;547515.0;0.0;236598.0;12084.0
04368898000106;COPEL-DIS;2024-06;92.5927;1.395;0.0;92.5826;1.3999;0.0;1;1;1;497567.0;0.0;222522.0;4711.0;497650.0;0.0;222565.0;4726.0
04368898000106;COPEL-DIS;2024-07;92.9202;1.6353;0.1124;92.877;1.6429;0.112;1;1;1;514330.0;578.0;229955.0;5501.0;516088.0;578.0;230737.0;5541.0
04368898000106;COPEL-DIS;2024-08;93.6239;1.1302;0.0;93.629;1.1297;0.0;1;1;1;469732.0;0.0;222468.0;4200.0;470290.0;0.0;222727.0;4203.0
04368898000106;COPEL-DIS;2024-09;93.0722;1.3683;0.0;84.727;7.4192;0.3754;1;1;1;492589.0;0.0;214298.0;4910.0;652393.0;2449.0;239263.0;27192.0
04368898000106;COPEL-DIS;2024-10;95.8444;0.5761;0.0;93.7564;1.8065;0.0;1;1;1;542048.0;0.0;226429.0;2465.0;587764.0;0.0;236659.0;6703.0
04368898000106;COPEL-DIS;2024-11;95.3506;0.9696;0.0;94.5675;1.4095;0.0;1;1;1;467245.0;0.0;212636.0;3730.0;489569.0;0.0;218723.0;6952.0
04368898000106;COPEL-DIS;2024-12;97.2775;0.7379;0.0;90.3485;5.6105;2.3796;1;1;1;453639.0;0.0;202715.0;2642.0;592626.0;14102.0;222578.0;23380.0
04368898000106;COPEL-DIS;2025-01;95.9881;1.0272;0.0;93.2446;3.2073;0.0;1;1;1;531222.0;0.0;237126.0;3749.0;571848.0;0.0;247077.0;11449.0
04368898000106;COPEL-DIS;2025-02;97.6687;0.4368;0.0;97.0181;0.6185;0.0;1;1;1;516054.0;0.0;228828.0;2027.0;564947.0;0.0;246662.0;2912.0
04368898000106;COPEL-DIS;2025-03;92.6756;2.5275;0.0;91.3118;3.3273;0.0;1;1;1;484630.0;0.0;219780.0;7825.0;518231.0;0.0;230951.0;10777.0
04368898000106;COPEL-DIS;2025-04;98.6573;0.3842;0.0;98.6621;0.3823;0.0;1;1;1;422546.0;0.0;196537.0;1350.0;425748.0;0.0;197768.0;1355.0
04368898000106;COPEL-DIS;2025-05;99.5631;0.127;0.0;99.5623;0.1261;0.0;1;1;1;508561.0;0.0;187909.0;569.0;536412.0;0.0;194863.0;586.0
04368898000106;COPEL-DIS;2025-06;97.1051;0.8002;0.0;96.8685;0.8678;0.0;1;1;1;529417.0;0.0;194639.0;2246.0;536111.0;0.0;196364.0;2437.0
04368898000106;COPEL-DIS;2025-07;98.991;0.1817;0.0;96.3389;1.4056;0.0;1;1;1;488175.0;0.0;188948.0;666.0;562102.0;0.0;206502.0;3910.0
04368898000106;COPEL-DIS;2025-08;98.013;0.2845;0.0;97.9754;0.2988;0.0;1;1;1;503243.0;0.0;185082.0;1027.0;503773.0;0.0;185207.0;1057.0
04368898000106;COPEL-DIS;2025-09;92.9684;1.7843;0.0;75.4897;13.8334;0.387;1;1;1;466263.0;0.0;175099.0;4536.0;783387.0;3032.0;226027.0;61851.0
04368898000106;COPEL-DIS;2025-10;91.891;1.8039;0.0;89.176;2.8758;0.0;1;1;1;527075.0;0.0;196186.0;5142.0;628092.0;0.0;217938.0;8978.0
04368898000106;COPEL-DIS;2025-11;87.3228;3.4119;0.0;81.824;6.2854;0.0;1;1;1;561226.0;0.0;187352.0;8725.0;766607.0;0.0;224036.0;19876.0
04368898000106;COPEL-DIS;2025-12;92.112;1.3555;0.3951;86.4579;4.2071;0.3337;1;1;1;593719.0;2346.0;195689.0;3926.0;759746.0;2535.0;224915.0;18356.0
04368898000106;COPEL-DIS;2026-01;89.2786;1.8007;0.0;85.5626;4.3231;0.0;1;1;1;595531.0;0.0;202207.0;5297.0;681647.0;0.0;218042.0;13104.0
04368898000106;COPEL-DIS;2026-02;90.2447;1.74;0.0;88.9472;2.4241;0.0;1;1;1;553770.0;0.0;189463.0;4852.0;599644.0;0.0;199048.0;6838.0
04368898000106;COPEL-DIS;2026-03;91.2715;1.1605;0.0;91.2638;1.1613;0.0;1;1;1;504462.0;0.0;203137.0;3872.0;507221.0;0.0;203917.0;3901.0
04368898000106;COPEL-DIS;2026-04;87.7744;1.8656;0.0;86.4085;2.4117;0.0;1;1;1;456230.0;0.0;194413.0;5790.0;485819.0;0.0;203377.0;7558.0
04368898000106;COPEL-DIS;2026-05;87.447;2.3466;0.0002;85.3492;3.4353;0.0002;1;1;1;516458.0;1.0;197088.0;6795.0;569073.0;1.0;211580.0;10253.0
04368898000106;COPEL-DIS;2026-06;85.9713;2.4905;0.0;83.6503;3.7924;0.0;1;1;1;510772.0;0.0;191103.0;6967.0;558286.0;0.0;205259.0;10967.0
04368898000106;COPEL-DIS;2026-07;85.8711;2.8983;0.0;84.0066;3.9419;0.0;1;1;1;529206.0;0.0;201991.0;7931.0;593173.0;0.0;220923.0;11623.0
04895728000180;EQUATORIAL PA;2014-01;77.4483;3.1109;0.0171;75.3123;4.0762;0.0153;0;1;1;379955.0;65.0;356616.0;23339.0;425201.0;65.0;393204.0;31997.0
04895728000180;EQUATORIAL PA;2014-02;60.0397;8.6564;1.6141;52.966;12.8081;2.1084;0;0;1;332259.0;5363.0;290078.0;42181.0;408506.0;8613.0;337452.0;71054.0
04895728000180;EQUATORIAL PA;2014-03;79.3815;3.5372;5.892;72.7969;7.2268;6.8626;0;1;0;341462.0;20119.0;319020.0;22442.0;400561.0;27489.0;355837.0;44724.0
04895728000180;EQUATORIAL PA;2014-04;88.2212;1.9066;0.0;82.6247;3.9533;0.0003;1;1;1;335225.0;0.0;322426.0;12799.0;398485.0;1.0;370504.0;27981.0
04895728000180;EQUATORIAL PA;2014-05;85.1527;2.0548;0.2416;84.3424;2.197;0.2376;1;1;1;344822.0;833.0;332475.0;12347.0;350601.0;833.0;337210.0;13391.0
04895728000180;EQUATORIAL PA;2014-06;65.1191;7.6724;0.6462;60.1042;10.3739;10.1748;0;0;1;338442.0;2187.0;300928.0;37514.0;379507.0;38614.0;323692.0;55815.0
04895728000180;EQUATORIAL PA;2014-07;86.8626;2.1675;1.5189;87.0836;2.3439;1.7378;1;1;1;389437.0;5915.0;374048.0;14950.0;430995.0;7490.0;413099.0;17457.0
04895728000180;EQUATORIAL PA;2014-08;93.7285;0.7509;9.0243;94.7808;0.6017;6.9761;1;1;0;365980.0;33027.0;335593.0;8588.0;474221.0;33082.0;442216.0;10182.0
04895728000180;EQUATORIAL PA;2014-09;88.2927;1.175;5.5431;90.0599;1.0596;7.7518;1;1;0;342589.0;18990.0;328858.0;13731.0;437526.0;33916.0;421955.0;15571.0
04895728000180;EQUATORIAL PA;2014-10;83.1427;1.6716;6.1519;87.3793;1.2814;6.1719;0;1;0;328662.0;20219.0;310711.0;17951.0;481117.0;29694.0;459447.0;21670.0
04895728000180;EQUATORIAL PA;2014-11;88.1203;1.8042;3.4715;88.1292;1.9536;3.6351;1;1;0;342331.0;11884.0;327428.0;14851.0;388241.0;14113.0;370626.0;17563.0
04895728000180;EQUATORIAL PA;2014-12;88.0649;1.9917;6.2012;83.5556;3.4897;27.0337;1;1;0;355558.0;22049.0;337463.0;14828.0;441604.0;119382.0;406432.0;28570.0
04895728000180;EQUATORIAL PA;2015-01;69.3023;6.2896;5.0955;64.1215;9.8608;7.3252;0;0;0;435717.0;22202.0;389141.0;46576.0;510019.0;37360.0;434616.0;75403.0
04895728000180;EQUATORIAL PA;2015-02;79.2573;3.883;1.4755;71.4955;8.1519;3.8404;0;1;1;357712.0;5278.0;334916.0;22796.0;418240.0;16062.0;370234.0;48006.0
04895728000180;EQUATORIAL PA;2015-03;86.6706;2.1862;0.1383;83.7014;3.9917;0.9394;1;1;1;405751.0;561.0;388894.0;16857.0;440795.0;4141.0;412542.0;28253.0
04895728000180;EQUATORIAL PA;2015-04;85.8676;2.2301;0.0;79.4297;5.7389;0.0;1;1;1;367787.0;0.0;350154.0;17668.0;412835.0;0.0;373373.0;39497.0
04895728000180;EQUATORIAL PA;2015-05;70.0109;6.0084;0.1859;64.2018;10.7099;29.2939;0;0;1;385254.0;716.0;341166.0;44050.0;441880.0;129444.0;367809.0;74022.0
04895728000180;EQUATORIAL PA;2015-06;83.5156;2.5908;6.3228;78.0774;5.3028;8.0591;0;1;0;406195.0;25683.0;377223.0;28972.0;464595.0;37442.0;416143.0;48452.0
04895728000180;EQUATORIAL PA;2015-07;81.45;2.8677;3.0974;71.9293;7.5772;17.8394;0;1;0;438914.0;13595.0;405882.0;33032.0;539569.0;96256.0;468967.0;70602.0
04895728000180;EQUATORIAL PA;2015-08;84.5998;2.9388;1.0793;81.2662;4.7622;1.2886;0;1;1;374416.0;4041.0;347519.0;26897.0;403697.0;5202.0;365033.0;38664.0
04895728000180;EQUATORIAL PA;2015-09;92.7669;1.2413;2.9558;90.3842;2.607;4.4043;1;1;0;331418.0;9796.0;306320.0;15302.0;354608.0;15618.0;317618.0;21372.0
04895728000180;EQUATORIAL PA;2015-10;85.9351;3.3455;13.3469;81.5301;6.317;17.4847;1;1;0;374566.0;49993.0;298446.0;26127.0;422421.0;73859.0;307076.0;41486.0
04895728000180;EQUATORIAL PA;2015-11;85.8082;2.5874;0.9434;84.478;3.3055;1.03;1;1;1;315572.0;2977.0;290877.0;21718.0;327753.0;3376.0;299110.0;25267.0
04895728000180;EQUATORIAL PA;2015-12;85.9353;2.8188;0.9183;80.3263;6.2347;2.4465;1;1;1;349251.0;3207.0;320453.0;25591.0;388310.0;9500.0;337001.0;42459.0
04895728000180;EQUATORIAL PA;2016-01;86.4076;2.336;3.2072;85.3351;2.8235;3.1482;1;1;0;352489.0;11305.0;318074.0;23110.0;360840.0;11360.0;322318.0;27162.0
04895728000180;EQUATORIAL PA;2016-02;85.8825;2.3367;0.7262;75.6208;8.0941;2.6786;1;1;1;375361.0;2726.0;346613.0;26022.0;464575.0;12444.0;390703.0;61428.0
04895728000180;EQUATORIAL PA;2016-03;85.3321;3.8156;6.5481;78.0612;7.4157;15.8659;1;1;0;435651.0;28527.0;372398.0;34726.0;554480.0;87973.0;406773.0;59734.0
04895728000180;EQUATORIAL PA;2016-04;87.4958;3.5873;1.5851;69.5498;12.7174;5.8939;1;1;1;386291.0;6123.0;350385.0;30039.0;601168.0;35432.0;462910.0;103561.0
04895728000180;EQUATORIAL PA;2016-05;86.8885;1.7506;0.8192;79.0869;4.9745;2.3726;1;1;1;411729.0;3373.0;382881.0;25475.0;527770.0;12522.0;456508.0;58740.0
04895728000180;EQUATORIAL PA;2016-06;85.4783;2.668;0.15;75.9475;7.3148;3.3502;1;1;1;419314.0;629.0;388304.0;30381.0;530382.0;17769.0;448978.0;63635.0
04895728000180;EQUATORIAL PA;2016-07;85.9269;2.9446;1.994;73.1484;8.3498;6.721;1;1;1;410423.0;8184.0;372096.0;30143.0;556998.0;37436.0;448878.0;70684.0
04895728000180;EQUATORIAL PA;2016-08;87.5515;1.8684;0.0403;76.9278;6.561;2.7335;1;1;1;379229.0;153.0;355998.0;23078.0;488276.0;13347.0;419969.0;54960.0
04895728000180;EQUATORIAL PA;2016-09;86.1048;2.6442;0.2135;69.3901;10.8112;4.9546;1;1;1;330608.0;706.0;306475.0;23427.0;491968.0;24375.0;392074.0;75709.0
04895728000180;EQUATORIAL PA;2016-10;86.6737;2.1919;0.3374;79.7849;5.7405;0.4355;1;1;1;364830.0;1231.0;333514.0;30085.0;415157.0;1808.0;362422.0;50927.0
04895728000180;EQUATORIAL PA;2016-11;85.7746;3.3109;0.2872;80.3526;5.7516;0.2618;1;1;1;367006.0;1054.0;333001.0;32951.0;402578.0;1054.0;352818.0;48706.0
04895728000180;EQUATORIAL PA;2016-12;87.4609;2.4481;0.0082;83.7804;4.1534;0.0077;1;1;1;403582.0;33.0;371425.0;28851.0;427629.0;33.0;384826.0;38573.0
04895728000180;EQUATORIAL PA;2017-01;86.0775;2.2908;0.0758;82.4996;3.9822;0.0707;1;1;1;436503.0;331.0;404993.0;31179.0;468261.0;331.0;425496.0;42434.0
04895728000180;EQUATORIAL PA;2017-02;86.2093;2.5289;0.0003;84.2689;3.9181;0.0022;1;1;1;393650.0;1.0;364584.0;29065.0;409478.0;9.0;372323.0;37146.0
04895728000180;EQUATORIAL PA;2017-03;87.5178;1.369;0.0;85.3459;2.765;0.6022;1;1;1;442310.0;0.0;415124.0;27186.0;457647.0;2756.0;422491.0;35156.0
04895728000180;EQUATORIAL PA;2017-04;86.5689;2.845;0.3727;80.265;6.2345;1.9383;1;1;1;404077.0;1506.0;371987.0;32090.0;455097.0;8821.0;401996.0;53101.0
04895728000180;EQUATORIAL PA;2017-05;85.9661;2.9981;0.6551;82.6793;4.6923;1.2865;1;1;1;436396.0;2859.0;398510.0;35027.0;459232.0;5908.0;408237.0;45087.0
04895728000180;EQUATORIAL PA;2017-06;87.7213;2.3989;0.2427;77.6479;6.7647;3.4491;1;1;1;417025.0;1012.0;384555.0;31458.0;499349.0;17223.0;422394.0;59732.0
04895728000180;EQUATORIAL PA;2017-07;86.7353;2.5782;0.7716;83.9209;4.1843;1.6791;1;1;1;428331.0;3305.0;391430.0;33596.0;452745.0;7602.0;402245.0;42898.0
04895728000180;EQUATORIAL PA;2017-08;85.3815;2.4214;0.0053;77.3649;6.6845;2.7463;1;1;1;414046.0;22.0;382310.0;31714.0;478747.0;13148.0;408093.0;57506.0
04895728000180;EQUATORIAL PA;2017-09;86.0028;2.7761;2.5768;80.5086;5.7043;6.7945;1;1;0;404184.0;10415.0;365203.0;28566.0;464598.0;31567.0;387877.0;45154.0
04895728000180;EQUATORIAL PA;2017-10;88.3242;3.0835;0.1705;53.9127;28.3467;0.2984;1;1;1;312586.0;533.0;269488.0;42565.0;547537.0;1634.0;334942.0;210961.0
04895728000180;EQUATORIAL PA;2017-11;86.8324;1.4238;0.0022;85.8154;1.8966;0.0022;1;1;1;311740.0;7.0;294660.0;17073.0;318770.0;7.0;299547.0;19216.0
04895728000180;EQUATORIAL PA;2017-12;86.7028;2.4221;0.4379;83.6706;4.3553;1.8463;1;1;1;332698.0;1457.0;306217.0;25024.0;353076.0;6519.0;312524.0;34033.0
04895728000180;EQUATORIAL PA;2018-01;86.0047;2.7871;0.768;81.486;5.3954;1.2254;1;1;1;357304.0;2744.0;328321.0;26239.0;385426.0;4723.0;341606.0;39097.0
04895728000180;EQUATORIAL PA;2018-02;87.8793;2.6213;1.1012;79.5981;8.2499;1.0166;1;1;1;305391.0;3363.0;281547.0;20481.0;344089.0;3498.0;296083.0;44508.0
04895728000180;EQUATORIAL PA;2018-03;86.0912;3.3486;1.1467;71.7738;12.4555;7.3523;1;1;1;344291.0;3948.0;310798.0;29545.0;472464.0;34737.0;348175.0;89552.0
04895728000180;EQUATORIAL PA;2018-04;85.8726;1.5401;0.087;85.2712;1.7938;0.097;1;1;1;314868.0;274.0;297978.0;16616.0;319480.0;310.0;301331.0;17839.0
04895728000180;EQUATORIAL PA;2018-05;86.7441;1.9248;0.6331;86.6261;1.9883;0.6284;1;1;1;325371.0;2060.0;306332.0;16979.0;327810.0;2060.0;308386.0;17364.0
04895728000180;EQUATORIAL PA;2018-06;86.6596;2.2735;1.8466;81.825;5.0797;11.9817;1;1;1;324004.0;5983.0;293325.0;24696.0;429262.0;51433.0;318149.0;59680.0
04895728000180;EQUATORIAL PA;2018-07;85.515;2.3378;0.0;82.6267;4.0374;0.0;1;1;1;340964.0;0.0;306175.0;34789.0;381026.0;0.0;319611.0;61415.0
04895728000180;EQUATORIAL PA;2018-08;85.4881;3.9618;0.0;85.361;4.0358;0.0;1;1;1;451199.0;0.0;417410.0;33789.0;458154.0;0.0;423347.0;34807.0
04895728000180;EQUATORIAL PA;2018-09;86.6123;2.7216;0.0;78.6085;6.7963;0.0;1;1;1;344502.0;0.0;313111.0;31391.0;442646.0;0.0;361730.0;80916.0
04895728000180;EQUATORIAL PA;2018-10;87.8971;1.3026;0.0016;84.8738;2.7801;0.0015;1;1;1;316994.0;5.0;305359.0;11630.0;343653.0;5.0;318471.0;25177.0
04895728000180;EQUATORIAL PA;2018-11;86.9714;2.048;0.0531;86.2723;2.4396;0.0522;1;1;1;314759.0;167.0;298399.0;16193.0;320199.0;167.0;301565.0;18467.0
04895728000180;EQUATORIAL PA;2018-12;89.0161;1.5751;0.0;87.7543;2.1759;0.0;1;1;1;308170.0;0.0;289202.0;18968.0;315976.0;0.0;293528.0;22448.0
04895728000180;EQUATORIAL PA;2019-01;86.0218;2.1861;0.0;85.1791;2.5783;0.0;1;1;1;313064.0;0.0;291904.0;21160.0;317447.0;0.0;294424.0;23023.0
04895728000180;EQUATORIAL PA;2019-02;88.8475;1.3665;0.0;88.3483;1.5449;0.0;1;1;1;273048.0;0.0;251905.0;21143.0;280660.0;0.0;257214.0;23446.0
04895728000180;EQUATORIAL PA;2019-03;87.975;1.5107;0.0;87.573;1.7507;0.0;1;1;1;241010.0;0.0;225448.0;15562.0;257501.0;0.0;232787.0;24714.0
04895728000180;EQUATORIAL PA;2019-04;86.5551;2.0147;0.0;85.733;2.6169;0.3004;1;1;1;275675.0;0.0;245172.0;30503.0;282618.0;849.0;248287.0;34331.0
04895728000180;EQUATORIAL PA;2019-05;85.7229;1.9841;0.0;83.4293;3.1595;0.0;1;1;1;295457.0;0.0;272303.0;23154.0;310757.0;0.0;278949.0;31808.0
04895728000180;EQUATORIAL PA;2019-06;87.1993;1.9501;0.0;85.4757;3.0024;0.0;1;1;1;251120.0;0.0;235261.0;15859.0;259468.0;0.0;238775.0;20693.0
04895728000180;EQUATORIAL PA;2019-07;87.3844;1.7922;0.0;85.1891;2.6618;0.0;1;1;1;301026.0;0.0;281336.0;19690.0;315128.0;0.0;288928.0;26200.0
04895728000180;EQUATORIAL PA;2019-08;87.2224;2.1362;0.0;81.8803;5.1859;0.0013;1;1;1;270858.0;0.0;253750.0;17108.0;306538.0;4.0;271318.0;35220.0
04895728000180;EQUATORIAL PA;2019-09;87.1242;2.4712;0.0;86.6312;2.8505;0.0;1;1;1;268603.0;0.0;239955.0;28648.0;272693.0;0.0;242424.0;30269.0
04895728000180;EQUATORIAL PA;2019-10;87.6148;2.3903;0.0;83.5434;4.5913;0.0;1;1;1;272839.0;0.0;242031.0;30808.0;291016.0;0.0;248867.0;42149.0
04895728000180;EQUATORIAL PA;2019-11;85.3269;2.5237;0.0;84.7635;2.7043;0.0;1;1;1;248868.0;0.0;219119.0;29749.0;254387.0;0.0;221808.0;32579.0
04895728000180;EQUATORIAL PA;2019-12;88.2598;2.3013;0.0;86.0138;3.5446;0.0;1;1;1;270450.0;0.0;247629.0;22821.0;280985.0;0.0;253452.0;27533.0
04895728000180;EQUATORIAL PA;2020-01;86.5306;1.9401;0.0;84.5792;2.9759;0.0;1;1;1;248783.0;0.0;234822.0;13961.0;264260.0;0.0;245473.0;18787.0
04895728000180;EQUATORIAL PA;2020-02;88.1764;2.6159;0.0;87.3727;2.788;0.0;1;1;1;225390.0;0.0;210375.0;15015.0;238025.0;0.0;220925.0;17100.0
04895728000180;EQUATORIAL PA;2020-03;82.099;2.5811;0.0;81.6528;2.8246;0.0;0;1;1;215568.0;0.0;199736.0;15832.0;217721.0;0.0;201123.0;16598.0
04895728000180;EQUATORIAL PA;2020-04;52.179;7.0786;0.0;51.625;7.8077;0.0;0;0;1;208319.0;0.0;180367.0;27952.0;213011.0;0.0;182797.0;30214.0
04895728000180;EQUATORIAL PA;2020-05;34.3401;10.1231;0.0;34.2216;10.7002;0.0;0;0;1;223394.0;0.0;184263.0;39131.0;229964.0;0.0;187526.0;42438.0
04895728000180;EQUATORIAL PA;2020-06;92.4696;0.5131;0.0;92.3736;0.5139;0.0;1;1;1;244006.0;0.0;230526.0;13480.0;247059.0;0.0;233256.0;13803.0
04895728000180;EQUATORIAL PA;2020-07;85.591;0.59;0.0;84.9938;0.7321;0.0;1;1;1;237770.0;0.0;225768.0;12002.0;242915.0;0.0;229981.0;12934.0
04895728000180;EQUATORIAL PA;2020-08;81.5696;1.6494;0.0;80.316;2.4968;0.062;0;1;1;230674.0;0.0;219371.0;11303.0;249888.0;155.0;233569.0;16319.0
04895728000180;EQUATORIAL PA;2020-09;87.935;1.5217;0.0;86.0407;2.3239;0.0;1;1;1;242183.0;0.0;232912.0;9271.0;254110.0;0.0;242013.0;12097.0
04895728000180;EQUATORIAL PA;2020-10;92.2359;1.372;0.0;91.69;1.5551;0.0;1;1;1;214630.0;0.0;207529.0;7101.0;216884.0;0.0;209221.0;7663.0
04895728000180;EQUATORIAL PA;2020-11;92.9656;1.1707;0.0;92.371;1.4027;0.0;1;1;1;206475.0;0.0;199657.0;6818.0;210676.0;0.0;202997.0;7679.0
04895728000180;EQUATORIAL PA;2020-12;95.6311;0.5599;0.0;95.2986;0.6732;0.0;1;1;1;163980.0;0.0;158598.0;5382.0;165084.0;0.0;159342.0;5742.0
04895728000180;EQUATORIAL PA;2021-01;92.6267;1.1819;0.0;92.6019;1.2155;0.0;1;1;1;172522.0;0.0;164967.0;7555.0;177416.0;0.0;169605.0;7811.0
04895728000180;EQUATORIAL PA;2021-02;89.292;1.2477;0.0;87.9871;1.6844;0.0;1;1;1;150910.0;0.0;143176.0;7734.0;168720.0;0.0;159403.0;9317.0
04895728000180;EQUATORIAL PA;2021-03;90.6496;0.9865;0.0263;90.4082;1.0774;0.0262;1;1;1;170925.0;45.0;162491.0;8434.0;171607.0;45.0;162970.0;8637.0
04895728000180;EQUATORIAL PA;2021-04;92.9695;0.9887;0.0;86.0694;4.0116;0.0;1;1;1;138495.0;0.0;134296.0;4199.0;157141.0;0.0;146891.0;10250.0
04895728000180;EQUATORIAL PA;2021-05;93.3244;0.7723;0.0;92.6083;0.9167;0.0;1;1;1;160122.0;0.0;154187.0;5935.0;162488.0;0.0;156083.0;6405.0
04895728000180;EQUATORIAL PA;2021-06;91.1301;1.0249;0.0;90.3134;1.4727;0.0;1;1;1;156293.0;0.0;149401.0;6892.0;158374.0;0.0;150600.0;7774.0
04895728000180;EQUATORIAL PA;2021-07;91.2215;1.0924;0.0;89.2674;1.9977;0.1199;1;1;1;150830.0;0.0;144589.0;6241.0;159250.0;191.0;150949.0;8301.0
04895728000180;EQUATORIAL PA;2021-08;87.9104;2.84;0.0;86.775;3.8206;0.0;1;1;1;158728.0;0.0;151145.0;7583.0;162255.0;0.0;152854.0;9401.0
04895728000180;EQUATORIAL PA;2021-09;87.0416;1.9947;0.0;81.9351;4.5359;0.0;1;1;1;155086.0;0.0;148138.0;6948.0;168452.0;0.0;155576.0;12876.0
04895728000180;EQUATORIAL PA;2021-10;87.2659;1.4371;0.0;87.1922;1.4676;0.0;1;1;1;170535.0;0.0;161721.0;8814.0;173350.0;0.0;163756.0;9594.0
04895728000180;EQUATORIAL PA;2021-11;87.9295;2.6001;0.0;82.998;4.8266;0.0;1;1;1;165960.0;0.0;155083.0;11160.0;181244.0;0.0;164491.0;17085.0
04895728000180;EQUATORIAL PA;2021-12;89.7838;1.5909;0.0;89.1354;1.6984;0.0;1;1;1;106769.0;0.0;148083.0;7845.0;110356.0;0.0;150892.0;9436.0
04895728000180;EQUATORIAL PA;2022-01;94.2196;0.4524;0.0;93.8055;0.5612;0.0;1;1;1;153722.0;0.0;147640.0;6082.0;160456.0;0.0;152195.0;8261.0
04895728000180;EQUATORIAL PA;2022-02;94.2585;0.6926;0.0;92.9825;1.0869;0.0;1;1;1;117971.0;0.0;114277.0;3694.0;150833.0;0.0;145067.0;5766.0
04895728000180;EQUATORIAL PA;2022-03;91.0179;0.9773;0.0;86.2437;1.8066;0.0;1;1;1;151901.0;0.0;146824.0;5077.0;183158.0;0.0;174361.0;8797.0
04895728000180;EQUATORIAL PA;2022-04;90.4821;1.1614;0.0;83.7435;4.7046;0.0;1;1;1;138252.0;0.0;133700.0;4552.0;168745.0;0.0;156152.0;12593.0
04895728000180;EQUATORIAL PA;2022-05;90.754;0.9701;0.0;87.0172;1.9376;0.0;1;1;1;151114.0;0.0;146382.0;4732.0;175746.0;0.0;168536.0;7210.0
04895728000180;EQUATORIAL PA;2022-06;94.2204;0.4326;0.0;92.645;0.7636;0.0;1;1;1;132522.0;0.0;127740.0;4782.0;143302.0;0.0;137501.0;5801.0
04895728000180;EQUATORIAL PA;2022-07;93.9201;0.6502;0.0;93.8386;0.6789;0.0;1;1;1;108351.0;0.0;105578.0;2773.0;111417.0;0.0;108262.0;3155.0
04895728000180;EQUATORIAL PA;2022-08;91.9586;0.76;0.0;89.1386;1.8408;0.0;1;1;1;140691.0;0.0;136975.0;3716.0;151365.0;0.0;145521.0;5844.0
04895728000180;EQUATORIAL PA;2022-09;91.9972;0.8742;0.0;86.3886;2.5966;0.0;1;1;1;136200.0;0.0;131766.0;4434.0;167320.0;0.0;158563.0;8757.0
04895728000180;EQUATORIAL PA;2022-10;89.9595;1.6429;0.0;83.2856;3.6888;0.0;1;1;1;149934.0;0.0;145060.0;4874.0;196213.0;0.0;185138.0;11075.0
04895728000180;EQUATORIAL PA;2022-11;92.0677;1.039;0.0;84.0658;3.2479;0.0;1;1;1;118822.0;0.0;115538.0;3284.0;231785.0;0.0;219757.0;12028.0
04895728000180;EQUATORIAL PA;2022-12;91.3317;0.8036;0.0;87.2371;2.2377;0.0;1;1;1;164252.0;0.0;158368.0;5884.0;192672.0;0.0;182841.0;9831.0
04895728000180;EQUATORIAL PA;2023-01;91.6836;0.7007;0.0;89.4682;1.5729;0.0;1;1;1;181128.0;0.0;176858.0;4270.0;193315.0;0.0;186727.0;6588.0
04895728000180;EQUATORIAL PA;2023-02;94.311;0.2874;0.0;92.9308;0.6479;0.0;1;1;1;156476.0;0.0;153679.0;2797.0;178174.0;0.0;174047.0;4127.0
04895728000180;EQUATORIAL PA;2023-03;92.1534;0.3658;0.0;91.9219;0.4043;0.0;1;1;1;174910.0;0.0;171597.0;3313.0;185887.0;0.0;182038.0;3849.0
04895728000180;EQUATORIAL PA;2023-04;91.6542;0.5563;0.0;91.2589;0.5476;0.0;1;1;1;157624.0;0.0;154281.0;3343.0;170124.0;0.0;165624.0;4500.0
04895728000180;EQUATORIAL PA;2023-05;91.8581;0.3453;0.0;88.066;1.2748;0.0;1;1;1;166059.0;0.0;163045.0;3014.0;189636.0;0.0;183767.0;5869.0
04895728000180;EQUATORIAL PA;2023-06;91.4036;0.5635;0.0;88.5274;1.6771;0.0;1;1;1;183856.0;0.0;179824.0;4032.0;207116.0;0.0;199626.0;7490.0
04895728000180;EQUATORIAL PA;2023-07;90.7387;0.5956;0.0;86.6739;1.8607;0.0;1;1;1;192651.0;0.0;187414.0;5237.0;228289.0;0.0;218510.0;9779.0
04895728000180;EQUATORIAL PA;2023-08;90.193;0.4469;0.0;88.1375;1.0571;0.0;1;1;1;190788.0;0.0;185545.0;5243.0;215127.0;0.0;207044.0;8083.0
04895728000180;EQUATORIAL PA;2023-09;89.1621;1.0836;0.0;81.6648;4.5063;0.0;1;1;1;155276.0;0.0;148339.0;6937.0;229544.0;0.0;209198.0;20346.0
04895728000180;EQUATORIAL PA;2023-10;91.9571;1.6875;0.0;77.8443;6.7626;0.0;1;1;1;151712.0;0.0;135107.0;16605.0;266738.0;0.0;225833.0;40905.0
04895728000180;EQUATORIAL PA;2023-11;89.7138;2.5802;0.0;80.1926;5.5457;0.0;1;1;1;127960.0;0.0;115195.0;12765.0;297711.0;0.0;252723.0;44988.0
04895728000180;EQUATORIAL PA;2023-12;88.3403;3.6273;0.0;85.3896;4.5731;0.0;1;1;1;156953.0;0.0;146050.0;10903.0;191233.0;0.0;174304.0;16929.0
04895728000180;EQUATORIAL PA;2024-01;89.5827;2.1466;0.0;88.9456;2.2746;0.0;1;1;1;405636.0;0.0;150839.0;5007.0;415202.0;0.0;153982.0;5430.0
04895728000180;EQUATORIAL PA;2024-02;89.9958;1.7563;0.0;88.1732;2.2222;0.0;1;1;1;391263.0;0.0;128213.0;3711.0;415433.0;0.0;135256.0;4696.0
04895728000180;EQUATORIAL PA;2024-03;89.7125;1.9089;0.0;89.7352;1.8971;0.0;1;1;1;397554.0;0.0;141156.0;4461.0;402157.0;0.0;142727.0;4502.0
04895728000180;EQUATORIAL PA;2024-04;92.6719;1.556;0.0;92.7061;1.5479;0.0;1;1;1;399608.0;0.0;162467.0;3839.0;402061.0;0.0;163526.0;3850.0
04895728000180;EQUATORIAL PA;2024-05;92.0693;0.9294;0.0;92.2028;0.9142;0.0;1;1;1;462918.0;0.0;194864.0;3462.0;475218.0;0.0;199653.0;3504.0
04895728000180;EQUATORIAL PA;2024-06;91.188;0.9278;0.0;91.1321;1.0334;0.0;1;1;1;474246.0;0.0;200101.0;3348.0;503241.0;0.0;210692.0;3789.0
04895728000180;EQUATORIAL PA;2024-07;89.8361;1.0488;0.0;89.0536;1.3375;0.0;1;1;1;422726.0;0.0;218981.0;4094.0;445053.0;0.0;227567.0;5049.0
04895728000180;EQUATORIAL PA;2024-08;92.4693;0.834;0.0;91.5945;0.9887;0.0;1;1;1;376555.0;0.0;212350.0;3158.0;420601.0;0.0;235539.0;3988.0
04895728000180;EQUATORIAL PA;2024-09;87.3095;1.9327;0.0;85.3735;2.7901;0.0;1;1;1;345331.0;0.0;208090.0;6357.0;364295.0;0.0;218067.0;9013.0
04895728000180;EQUATORIAL PA;2024-10;90.0406;1.214;0.0;88.3949;2.2059;0.0;1;1;1;394295.0;0.0;221984.0;4574.0;418678.0;0.0;231375.0;7497.0
04895728000180;EQUATORIAL PA;2024-11;92.3369;0.7086;0.0;91.921;0.8463;0.0;1;1;1;339864.0;0.0;198697.0;2707.0;349478.0;0.0;203512.0;3123.0
04895728000180;EQUATORIAL PA;2024-12;93.3036;0.6915;0.0;92.3154;0.8662;0.0;1;1;1;364688.0;0.0;210099.0;2681.0;385756.0;0.0;220994.0;3331.0
04895728000180;EQUATORIAL PA;2025-01;88.3157;1.2732;0.0;87.0562;1.7646;0.0;1;1;1;356023.0;0.0;204487.0;4401.0;398780.0;0.0;225905.0;6213.0
04895728000180;EQUATORIAL PA;2025-02;89.4281;1.8338;0.0;87.7143;2.4262;0.0;1;1;1;291507.0;0.0;188962.0;5285.0;304764.0;0.0;197464.0;6971.0
04895728000180;EQUATORIAL PA;2025-03;90.6927;1.4746;0.0;89.7751;2.2552;0.0;1;1;1;319271.0;0.0;166366.0;3683.0;323805.0;0.0;167730.0;5251.0
04895728000180;EQUATORIAL PA;2025-04;89.6455;1.7776;0.0;88.4199;2.3049;0.0;1;1;1;361131.0;0.0;195876.0;4731.0;370234.0;0.0;199809.0;6031.0
04895728000180;EQUATORIAL PA;2025-05;91.1245;0.7948;0.0;89.3943;1.2898;0.0;1;1;1;377259.0;0.0;215813.0;3110.0;403645.0;0.0;228829.0;4614.0
04895728000180;EQUATORIAL PA;2025-06;90.9144;2.6419;0.0;89.8369;2.9168;0.0;1;1;1;358238.0;0.0;200801.0;6597.0;373565.0;0.0;207892.0;7592.0
04895728000180;EQUATORIAL PA;2025-07;90.2303;1.54;0.0;90.3026;1.4788;0.0;1;1;1;371103.0;0.0;209956.0;4637.0;405801.0;0.0;228174.0;4914.0
04895728000180;EQUATORIAL PA;2025-08;95.9481;0.4976;0.0;95.9477;0.4939;0.0;1;1;1;338034.0;0.0;182360.0;1552.0;340745.0;0.0;183724.0;1557.0
04895728000180;EQUATORIAL PA;2025-09;90.8068;1.2195;0.0;90.7226;1.2357;0.0;1;1;1;311257.0;0.0;166944.0;3110.0;316567.0;0.0;168957.0;3188.0
04895728000180;EQUATORIAL PA;2025-10;91.9529;0.7995;0.0;91.7471;0.975;0.0;1;1;1;341739.0;0.0;170860.0;2270.0;345410.0;0.0;171030.0;2602.0
04895728000180;EQUATORIAL PA;2025-11;88.8103;1.7752;0.0;88.8175;1.7741;0.0;1;1;1;306059.0;0.0;156699.0;3823.0;306280.0;0.0;156801.0;3824.0
04895728000180;EQUATORIAL PA;2025-12;88.6192;1.8744;0.0;88.2091;2.073;0.0;1;1;1;362758.0;0.0;182916.0;4695.0;366051.0;0.0;184236.0;5126.0
04895728000180;EQUATORIAL PA;2026-01;88.2272;1.43;0.0;86.5193;2.075;0.0;1;1;1;368906.0;0.0;174738.0;4269.0;400368.0;0.0;191699.0;6080.0
04895728000180;EQUATORIAL PA;2026-02;89.489;1.651;0.0;87.7143;2.4262;0.0;1;1;1;216961.0;0.0;140164.0;3697.0;304764.0;0.0;197464.0;6971.0
04895728000180;EQUATORIAL PA;2026-03;90.4154;2.514;0.0;90.1282;2.6383;0.0;1;1;1;357165.0;0.0;174923.0;5438.0;359881.0;0.0;176215.0;5718.0
04895728000180;EQUATORIAL PA;2026-04;86.551;2.6713;0.0;81.0156;5.6537;0.0;1;1;1;329866.0;0.0;160499.0;5470.0;368891.0;0.0;174336.0;11858.0
04895728000180;EQUATORIAL PA;2026-05;88.4413;2.5798;0.0;87.1086;3.2086;0.0;1;1;1;366151.0;0.0;173294.0;5653.0;378497.0;0.0;176774.0;7021.0
04895728000180;EQUATORIAL PA;2026-06;89.9117;2.4245;0.0;89.765;2.3899;0.0;1;1;1;422612.0;0.0;168344.0;5111.0;435003.0;0.0;171741.0;5168.0
04895728000180;EQUATORIAL PA;2026-07;88.3228;1.7861;0.0;88.1272;1.9294;0.0;1;1;1;410693.0;0.0;168316.0;4863.0;414330.0;0.0;169208.0;5154.0
05914650000166;ERO;2014-01;71.9798;15.1777;0.0;70.403;16.0789;0.0;0;0;1;60250.0;0.0;49107.0;11143.0;64253.0;0.0;51682.0;12571.0
05914650000166;ERO;2014-02;79.3787;12.6652;0.0;81.154;11.6837;0.0;0;0;1;44600.0;0.0;37926.0;6674.0;59414.0;0.0;50864.0;8550.0
05914650000166;ERO;2014-03;73.2629;14.2465;0.0;66.9542;17.9241;0.0;0;0;1;56342.0;0.0;46589.0;9753.0;63868.0;0.0;50054.0;13814.0
05914650000166;ERO;2014-04;65.8976;17.3976;0.0;63.7745;17.9749;0.0;0;0;1;55114.0;0.0;43643.0;11471.0;59206.0;0.0;46427.0;12779.0
05914650000166;ERO;2014-05;79.3584;10.0831;0.0;76.4001;11.1271;0.0;0;0;1;48512.0;0.0;42546.0;5966.0;54389.0;0.0;46892.0;7497.0
05914650000166;ERO;2014-06;92.0022;3.2251;0.0358;89.1498;4.5712;0.0315;1;1;1;33537.0;12.0;32017.0;1508.0;38152.0;12.0;35761.0;2379.0
05914650000166;ERO;2014-07;96.1219;1.334;0.1515;95.3413;1.5308;0.1448;1;1;1;34983.0;53.0;34245.0;685.0;36609.0;53.0;35700.0;856.0
05914650000166;ERO;2014-08;95.4641;1.3107;0.4441;92.6965;2.4935;0.4026;1;1;1;45262.0;201.0;44124.0;937.0;49931.0;201.0;47902.0;1828.0
05914650000166;ERO;2014-09;85.6001;6.6802;29.6573;82.9797;7.311;31.7888;1;0;0;83069.0;24636.0;53601.0;4832.0;116516.0;37039.0;71999.0;7478.0
05914650000166;ERO;2014-10;84.4507;5.6892;75.8061;83.4996;4.7691;75.4574;0;0;0;209301.0;158663.0;47212.0;3426.0;461480.0;348221.0;106431.0;6828.0
05914650000166;ERO;2014-11;91.4263;3.4191;22.178;91.4271;3.0519;34.2173;1;1;0;72396.0;16056.0;53981.0;2359.0;108410.0;37095.0;68553.0;2762.0
05914650000166;ERO;2014-12;92.5831;3.2344;14.6101;91.4622;3.5847;16.9895;1;1;0;65968.0;9638.0;54091.0;2239.0;75941.0;12902.0;60247.0;2792.0
05914650000166;ERO;2015-01;93.7557;1.6632;22.8935;93.2625;1.7785;22.2501;1;1;0;70924.0;16237.0;53450.0;1237.0;77411.0;17224.0;58707.0;1480.0
05914650000166;ERO;2015-02;92.8383;2.0344;13.2988;92.7429;2.0193;21.1165;1;1;0;50621.0;6732.0;42761.0;1128.0;59849.0;12638.0;45999.0;1212.0
05914650000166;ERO;2015-03;97.3491;0.7756;0.0;96.4884;0.9981;0.0;1;1;1;43322.0;0.0;42858.0;464.0;46855.0;0.0;46123.0;732.0
05914650000166;ERO;2015-04;96.5872;1.0359;0.0;96.4401;1.0067;0.0;1;1;1;47365.0;0.0;46716.0;649.0;49843.0;0.0;49165.0;678.0
05914650000166;ERO;2015-05;97.5166;0.5015;0.0;97.2173;0.709;0.0;1;1;1;37413.0;0.0;37101.0;312.0;37664.0;0.0;37251.0;413.0
05914650000166;ERO;2015-06;97.9118;0.3003;0.0;97.5049;0.3785;0.0;1;1;1;29035.0;0.0;28886.0;149.0;29940.0;0.0;29745.0;195.0
05914650000166;ERO;2015-07;98.4344;0.2267;0.0;97.449;0.4207;0.0;1;1;1;33145.0;0.0;33012.0;133.0;34119.0;0.0;33844.0;275.0
05914650000166;ERO;2015-08;96.5608;0.8591;0.0;74.859;12.2294;0.0;1;1;1;36228.0;0.0;35774.0;454.0;57534.0;0.0;48251.0;9283.0
05914650000166;ERO;2015-09;93.1045;2.0732;0.0;88.8242;3.6855;0.0;1;1;1;53346.0;0.0;51864.0;1482.0;68887.0;0.0;65386.0;3501.0
05914650000166;ERO;2015-10;91.447;2.56;0.0;72.4117;16.1463;0.0;1;1;1;51420.0;0.0;49671.0;1749.0;86969.0;0.0;70479.0;16490.0
05914650000166;ERO;2015-11;93.795;1.694;0.0;87.9794;3.6934;0.0;1;1;1;58541.0;0.0;57162.0;1379.0;77560.0;0.0;73532.0;4028.0
05914650000166;ERO;2015-12;88.9313;2.8245;0.0;78.1804;9.8632;0.0;1;1;1;62189.0;0.0;59761.0;2428.0;81936.0;0.0;71739.0;10197.0
05914650000166;ERO;2016-01;93.9329;1.1395;0.0;92.773;1.7437;0.0;1;1;1;51517.0;0.0;50578.0;939.0;53133.0;0.0;51786.0;1347.0
05914650000166;ERO;2016-02;94.8888;0.9036;0.0;94.0719;1.201;0.0;1;1;1;40478.0;0.0;39920.0;558.0;41779.0;0.0;41049.0;730.0
05914650000166;ERO;2016-03;92.0315;1.6769;0.0;88.6328;3.2125;0.0;1;1;1;47755.0;0.0;46555.0;1200.0;52856.0;0.0;50526.0;2330.0
05914650000166;ERO;2016-04;93.6081;2.087;0.0;86.9692;6.2197;0.0;1;1;1;44613.0;0.0;43443.0;1170.0;55389.0;0.0;50903.0;4486.0
05914650000166;ERO;2016-05;97.6108;0.4086;0.0;95.0926;1.2641;0.0;1;1;1;33607.0;0.0;33389.0;218.0;35716.0;0.0;35069.0;647.0
05914650000166;ERO;2016-06;96.9627;0.5157;0.0;96.9027;0.518;0.0;1;1;1;28158.0;0.0;27972.0;186.0;28614.0;0.0;28425.0;189.0
05914650000166;ERO;2016-07;95.6087;1.2298;0.0;93.3185;2.235;0.0;1;1;1;28890.0;0.0;28430.0;460.0;29836.0;0.0;29001.0;835.0
05914650000166;ERO;2016-08;92.8975;1.8551;0.0;80.4054;10.8853;0.0;1;1;1;39947.0;0.0;38885.0;1062.0;55536.0;0.0;47876.0;7660.0
05914650000166;ERO;2016-09;96.0368;0.7629;0.0;71.0902;15.57;0.0;1;1;1;40547.0;0.0;40063.0;484.0;85137.0;0.0;67121.0;18016.0
05914650000166;ERO;2016-10;87.3585;3.6622;0.0;74.5374;10.7431;0.0;1;1;1;46213.0;0.0;44010.0;2203.0;65236.0;0.0;56048.0;9188.0
05914650000166;ERO;2016-11;88.9376;3.525;0.0;70.507;12.3668;0.0;1;1;1;49624.0;0.0;47320.0;2304.0;87330.0;0.0;72931.0;14399.0
05914650000166;ERO;2016-12;91.8802;3.3612;0.0;85.0968;7.5832;0.0;1;1;1;53382.0;0.0;51177.0;2205.0;64712.0;0.0;58973.0;5739.0
05914650000166;ERO;2017-01;93.9004;1.4749;0.0;89.9318;4.5164;0.0;1;1;1;50317.0;0.0;49298.0;1019.0;55680.0;0.0;52663.0;3017.0
05914650000166;ERO;2017-02;92.8527;1.7514;0.0;91.1093;2.2982;0.0;1;1;1;41939.0;0.0;40950.0;989.0;45408.0;0.0;44001.0;1407.0
05914650000166;ERO;2017-03;89.0796;3.9685;0.0;84.2797;5.358;0.0;1;1;1;53315.0;0.0;50793.0;2522.0;66644.0;0.0;62335.0;4309.0
05914650000166;ERO;2017-04;93.8204;1.5158;0.0;91.444;2.186;0.0;1;1;1;44814.0;0.0;43922.0;892.0;53589.0;0.0;52085.0;1504.0
05914650000166;ERO;2017-05;92.811;1.598;0.0;91.3964;2.4549;0.0;1;1;1;45270.0;0.0;44335.0;935.0;47970.0;0.0;46530.0;1440.0
05914650000166;ERO;2017-06;95.1941;0.9087;0.0;94.8059;1.0719;0.0;1;1;1;32908.0;0.0;32495.0;413.0;33335.0;0.0;32855.0;480.0
05914650000166;ERO;2017-07;91.3387;2.5024;0.0;88.0954;3.5971;0.0;1;1;1;33139.0;0.0;32104.0;1035.0;36054.0;0.0;34465.0;1589.0
05914650000166;ERO;2017-08;94.2872;1.1616;0.0;82.1156;9.4587;0.0;1;1;1;45289.0;0.0;44585.0;704.0;63339.0;0.0;56620.0;6719.0
05914650000166;ERO;2017-09;92.9398;2.4312;0.0;70.265;16.4676;0.0;1;1;1;40065.0;0.0;38888.0;1177.0;79573.0;0.0;65101.0;14472.0
05914650000166;ERO;2017-10;89.7722;3.8219;0.0;69.0674;14.7569;0.0;1;1;1;47388.0;0.0;45297.0;2091.0;94146.0;0.0;78410.0;15736.0
05914650000166;ERO;2017-11;91.0981;3.2699;0.0;86.7318;4.9897;0.0;1;1;1;53955.0;0.0;51886.0;2069.0;71750.0;0.0;67540.0;4210.0
05914650000166;ERO;2017-12;95.6144;0.8503;0.0;83.8716;7.7208;0.0;1;1;1;50968.0;0.0;50371.0;597.0;63879.0;0.0;58314.0;5565.0
05914650000166;ERO;2018-01;89.887;2.2736;0.0;80.5357;7.8101;0.0;1;1;1;49850.0;0.0;48269.0;1581.0;59162.0;0.0;53625.0;5537.0
05914650000166;ERO;2018-02;96.9364;0.3663;0.0;95.5144;0.8279;0.0;1;1;1;38321.0;0.0;38083.0;238.0;39745.0;0.0;39288.0;457.0
05914650000166;ERO;2018-03;96.1479;0.533;0.0;91.4584;2.4095;0.0;1;1;1;46371.0;0.0;45911.0;460.0;53307.0;0.0;51437.0;1870.0
05914650000166;ERO;2018-04;98.8779;0.1187;0.0;98.079;0.3206;0.0;1;1;1;38809.0;0.0;38721.0;88.0;40014.0;0.0;39799.0;215.0
05914650000166;ERO;2018-05;99.4838;0.0768;0.0;98.9676;0.1858;0.0;1;1;1;37790.0;0.0;37747.0;43.0;38782.0;0.0;38672.0;110.0
05914650000166;ERO;2018-06;99.7549;0.0037;0.0;99.7244;0.0036;0.0;1;1;1;27344.0;0.0;27337.0;7.0;27584.0;0.0;27577.0;7.0
05914650000166;ERO;2018-07;98.6726;0.1447;0.0;95.9972;1.9196;0.0;1;1;1;31838.0;0.0;31745.0;93.0;33150.0;0.0;32393.0;757.0
05914650000166;ERO;2018-08;96.8841;0.4511;0.0;90.8139;2.497;0.0;1;1;1;42908.0;0.0;42587.0;321.0;49734.0;0.0;48029.0;1705.0
05914650000166;ERO;2018-09;91.6441;1.6591;0.0;69.2221;10.6198;0.0;1;1;1;44979.0;0.0;43922.0;1057.0;76810.0;0.0;66607.0;10203.0
05914650000166;ERO;2018-10;89.5305;1.6817;0.0;75.5794;10.6887;0.0;1;1;1;59089.0;0.0;57529.0;1560.0;84034.0;0.0;73338.0;10696.0
05914650000166;ERO;2018-11;93.5677;2.0845;0.0;91.0085;3.878;0.0;1;1;1;55766.0;0.0;54253.0;1513.0;63440.0;0.0;60454.0;2986.0
05914650000166;ERO;2018-12;93.2516;2.1051;0.0;93.2516;2.1051;0.0;1;1;1;55983.0;0.0;54457.0;1526.0;55983.0;0.0;54457.0;1526.0
05914650000166;ERO;2019-01;92.4253;2.2222;0.0;87.2576;6.21;0.0;1;1;1;51907.0;0.0;54913.0;1608.0;58720.0;0.0;63116.0;4942.0
05914650000166;ERO;2019-02;91.5944;2.7443;0.0;85.8646;7.1034;0.0;1;1;1;46159.0;0.0;49012.0;1695.0;51639.0;0.0;55868.0;4966.0
05914650000166;ERO;2019-03;96.3237;1.3218;0.0;93.1861;3.8713;0.0;1;1;1;56265.0;0.0;55321.0;944.0;63009.0;0.0;60141.0;2868.0
05914650000166;ERO;2019-04;93.2432;1.7742;0.0;82.2706;8.3012;0.0;1;1;1;42435.0;0.0;47668.0;1166.0;56647.0;0.0;60369.0;6294.0
05914650000166;ERO;2019-05;95.2626;0.8966;0.0;86.8556;4.671;0.0;1;1;1;62578.0;0.0;50625.0;801.0;72205.0;0.0;56083.0;3436.0
05914650000166;ERO;2019-06;94.7244;0.5429;0.0;90.1165;2.601;0.0;1;1;1;53974.0;0.0;42870.0;452.0;62840.0;0.0;48830.0;1754.0
05914650000166;ERO;2019-07;89.2817;1.4366;0.0;52.273;26.4288;0.0;1;1;1;57192.0;0.0;41372.0;919.0;116749.0;0.0;65819.0;25687.0
05914650000166;ERO;2019-08;86.8634;3.2349;0.0;55.1897;22.5653;0.0;1;1;1;44717.0;0.0;34849.0;1519.0;131798.0;0.0;83408.0;27397.0
05914650000166;ERO;2019-09;87.919;2.7983;0.0;24.4795;46.6157;0.0;1;1;1;20990.0;0.0;17194.0;688.0;223089.0;0.0;103068.0;99282.0
05914650000166;ERO;2019-10;86.1647;3.4076;0.0;23.2701;48.2202;0.0;1;1;1;24554.0;0.0;21231.0;1098.0;197023.0;0.0;88617.0;91741.0
05914650000166;ERO;2019-11;91.2023;2.2837;0.0;56.1821;22.4916;0.0;1;1;1;43363.0;0.0;36542.0;1280.0;128796.0;0.0;86935.0;29161.0
05914650000166;ERO;2019-12;91.667;1.3934;0.0;69.4976;12.5098;0.0;1;1;1;53790.0;0.0;47203.0;1095.0;113378.0;0.0;88275.0;15116.0
05914650000166;ERO;2020-01;94.8744;1.0464;0.0012;89.8943;3.5911;0.0011;1;1;1;86803.0;1.0;76315.0;1209.0;95131.0;1.0;80890.0;3761.0
05914650000166;ERO;2020-02;94.5329;1.4767;0.0;90.9349;4.0521;0.0;1;1;1;68386.0;0.0;61848.0;1293.0;72666.0;0.0;63506.0;3290.0
05914650000166;ERO;2020-03;92.5329;1.5831;0.0;89.2967;3.4054;0.0;1;1;1;72242.0;0.0;64965.0;1435.0;80905.0;0.0;71196.0;3117.0
05914650000166;ERO;2020-04;80.501;7.5938;0.0;73.2986;12.4396;0.0;0;0;1;94793.0;0.0;79023.0;7384.0;116040.0;0.0;90822.0;14301.0
05914650000166;ERO;2020-05;71.4684;7.1116;0.0011;69.2985;8.4767;0.001;0;0;1;88342.0;1.0;72923.0;7093.0;95337.0;1.0;77490.0;8885.0
05914650000166;ERO;2020-06;92.5344;1.6482;0.0012;88.2404;3.1674;0.0011;1;1;1;84487.0;1.0;68860.0;1598.0;89775.0;1.0;71935.0;2947.0
05914650000166;ERO;2020-07;90.9027;1.8604;0.0;86.254;5.4817;0.0;1;1;1;82186.0;0.0;70951.0;1921.0;85619.0;0.0;72453.0;4884.0
05914650000166;ERO;2020-08;87.2223;3.8053;0.0;73.4556;11.0565;0.0009;1;1;1;85711.0;0.0;75080.0;3903.0;113137.0;1.0;88272.0;13286.0
05914650000166;ERO;2020-09;88.3829;2.5468;0.0029;66.5802;15.2211;0.0024;1;1;1;101973.0;3.0;89617.0;3467.0;166878.0;4.0;121974.0;26297.0
05914650000166;ERO;2020-10;87.981;2.8285;0.0;52.3587;22.5523;0.0;1;1;1;102810.0;0.0;88739.0;4022.0;240265.0;0.0;148592.0;53523.0
05914650000166;ERO;2020-11;89.763;1.9756;0.0;82.8351;5.4438;0.0;1;1;1;105260.0;0.0;91992.0;2758.0;126779.0;0.0;105486.0;7895.0
05914650000166;ERO;2020-12;92.3202;1.5058;0.0;88.5034;2.7792;0.0;1;1;1;123045.0;0.0;100074.0;2349.0;154990.0;0.0;122577.0;4934.0
05914650000166;ERO;2021-01;90.4592;1.9648;0.0008;89.755;2.207;0.0008;1;1;1;124820.0;1.0;98695.0;2987.0;128253.0;1.0;100494.0;3364.0
05914650000166;ERO;2021-02;90.5939;2.1328;0.0;90.586;2.1648;0.0;1;1;1;95164.0;0.0;79200.0;2467.0;99166.0;0.0;82163.0;2616.0
05914650000166;ERO;2021-03;89.2174;2.7473;0.0;88.8219;2.9094;0.0;1;1;1;98110.0;0.0;81454.0;3309.0;98942.0;0.0;81959.0;3512.0
05914650000166;ERO;2021-04;89.6509;2.3453;0.0;89.3625;2.394;0.0;1;1;1;104290.0;0.0;69912.0;3181.0;106291.0;0.0;70900.0;3265.0
05914650000166;ERO;2021-05;90.2291;1.4025;0.0;90.1146;1.4551;0.0;1;1;1;92337.0;0.0;59476.0;1567.0;92704.0;0.0;59663.0;1607.0
05914650000166;ERO;2021-06;88.3179;1.8069;0.0;88.3135;1.7996;0.0;1;1;1;81559.0;0.0;54669.0;1607.0;81926.0;0.0;54896.0;1609.0
05914650000166;ERO;2021-07;92.4462;1.0925;0.0;92.3319;1.1018;0.0;1;1;1;79050.0;0.0;50699.0;1060.0;79589.0;0.0;50983.0;1076.0
05914650000166;ERO;2021-08;88.8407;2.3085;0.0;85.6412;3.6727;0.0;1;1;1;88999.0;0.0;54548.0;1995.0;96017.0;0.0;56862.0;3072.0
05914650000166;ERO;2021-09;86.7075;2.653;0.0;85.9438;3.2622;0.0;1;1;1;143494.0;0.0;84359.0;3653.0;158300.0;0.0;91719.0;4736.0
05914650000166;ERO;2021-10;87.7485;2.3084;0.0;83.0339;4.4849;0.0007;1;1;1;120956.0;0.0;69277.0;2734.0;138072.0;1.0;74476.0;5106.0
05914650000166;ERO;2021-11;86.4709;2.3535;0.0;85.5892;3.1183;0.0;1;1;1;117633.0;0.0;67960.0;2537.0;119655.0;0.0;68694.0;3219.0
05914650000166;ERO;2021-12;86.7836;1.98;0.0009;84.5351;4.2248;0.0009;1;1;1;108551.0;1.0;64702.0;2084.0;112310.0;1.0;65176.0;3800.0
05914650000166;ERO;2022-01;86.1282;3.2377;0.0;80.9776;6.9567;0.0;1;1;1;108840.0;0.0;63658.0;2895.0;120978.0;0.0;68277.0;6273.0
05914650000166;ERO;2022-02;90.2072;2.2746;0.0;85.0782;6.6706;0.0;1;1;1;90439.0;0.0;53619.0;1762.0;96482.0;0.0;55503.0;5015.0
05914650000166;ERO;2022-03;91.1341;1.6354;0.001;90.4663;1.9569;0.001;1;1;1;96250.0;1.0;56960.0;2883.0;98194.0;1.0;57867.0;3198.0
05914650000166;ERO;2022-04;90.181;3.2877;0.0;88.7637;4.3987;0.0;1;1;1;90791.0;0.0;50449.0;3052.0;92843.0;0.0;51075.0;3899.0
05914650000166;ERO;2022-05;92.1545;2.7682;0.0;91.0048;3.7179;0.0;1;1;1;82213.0;0.0;47454.0;2087.0;83623.0;0.0;47728.0;2646.0
05914650000166;ERO;2022-06;90.7351;2.9278;0.0;90.6736;2.9237;0.0;1;1;1;68260.0;0.0;40118.0;1808.0;68481.0;0.0;40209.0;1811.0
05914650000166;ERO;2022-07;94.2831;1.1952;0.0;94.0532;1.3254;0.0;1;1;1;68233.0;0.0;42326.0;918.0;68995.0;0.0;42660.0;984.0
05914650000166;ERO;2022-08;93.5086;1.4294;0.0;88.1689;5.4453;0.0;1;1;1;89695.0;0.0;52479.0;1323.0;102728.0;0.0;57007.0;4265.0
05914650000166;ERO;2022-09;94.5611;1.539;0.0;89.9236;4.3518;0.0;1;1;1;109769.0;0.0;55595.0;1418.0;126138.0;0.0;60618.0;3566.0
05914650000166;ERO;2022-10;93.3809;2.3317;0.0;92.5281;2.7082;0.0012;1;1;1;159876.0;0.0;65721.0;1905.0;169324.0;2.0;69155.0;2320.0
05914650000166;ERO;2022-11;94.3723;1.5125;0.0;91.8203;3.0683;0.0;1;1;1;127699.0;0.0;53657.0;933.0;135047.0;0.0;55696.0;1875.0
05914650000166;ERO;2022-12;91.0701;3.2032;0.0;90.3882;3.7628;0.0;1;1;1;128716.0;0.0;53819.0;1929.0;132159.0;0.0;54758.0;2291.0
05914650000166;ERO;2023-01;92.3462;1.753;0.0;92.359;1.7481;0.0;1;1;1;97313.0;0.0;41192.0;853.0;97944.0;0.0;41366.0;854.0
05914650000166;ERO;2023-02;87.5478;3.4457;0.0;86.5996;4.4061;0.0;1;1;1;91919.0;0.0;38390.0;1552.0;94510.0;0.0;38857.0;1987.0
05914650000166;ERO;2023-03;89.1049;3.8012;0.0027;88.6614;4.0754;0.0027;1;1;1;111643.0;3.0;38594.0;1638.0;112365.0;3.0;38696.0;1757.0
05914650000166;ERO;2023-04;89.7919;3.1003;0.0;89.7647;3.1;0.0;1;1;1;92584.0;0.0;35255.0;1175.0;93916.0;0.0;35540.0;1184.0
05914650000166;ERO;2023-05;92.2921;2.766;0.0;92.0774;2.934;0.0;1;1;1;84198.0;0.0;35435.0;1058.0;85257.0;0.0;35763.0;1132.0
05914650000166;ERO;2023-06;94.1582;1.8493;0.0013;94.0974;1.8602;0.0013;1;1;1;77154.0;1.0;31049.0;626.0;79232.0;1.0;31707.0;642.0
05914650000166;ERO;2023-07;89.5251;1.9816;0.0;89.3058;2.0413;0.0;1;1;1;78174.0;0.0;30421.0;658.0;78570.0;0.0;30521.0;679.0
05914650000166;ERO;2023-08;86.6834;3.5742;0.0;81.1497;7.2896;0.0;1;1;1;109379.0;0.0;42302.0;1632.0;125990.0;0.0;45302.0;3640.0
05914650000166;ERO;2023-09;84.946;4.0465;0.0;78.8681;9.06;0.0;0;0;1;144935.0;0.0;54421.0;2375.0;160622.0;0.0;56883.0;5750.0
05914650000166;ERO;2023-10;88.4349;3.629;0.0;85.044;6.0071;0.0008;1;1;1;118362.0;0.0;53164.0;2069.0;128358.0;1.0;55531.0;3623.0
05914650000166;ERO;2023-11;87.502;3.7629;0.0;81.7987;8.1072;0.0;1;1;1;107526.0;0.0;48542.0;1951.0;119426.0;0.0;51754.0;4642.0
05914650000166;ERO;2023-12;85.8117;3.8291;0.001;80.8397;7.7687;0.0009;1;1;1;102661.0;1.0;46966.0;1938.0;109638.0;1.0;49032.0;4239.0
05914650000166;ERO;2024-01;89.3551;2.7786;0.0;86.9842;4.5207;0.0;1;1;1;114463.0;0.0;43072.0;1280.0;117696.0;0.0;44036.0;2140.0
05914650000166;ERO;2024-02;91.3481;2.1908;0.0;90.2651;2.7827;0.0;1;1;1;112216.0;0.0;42145.0;982.0;114772.0;0.0;42832.0;1264.0
05914650000166;ERO;2024-03;91.3219;2.1868;0.0012;90.4429;2.9295;0.0012;1;1;1;80584.0;1.0;40971.0;956.0;82013.0;1.0;41420.0;1295.0
05914650000166;ERO;2024-04;93.4708;1.4776;0.0036;91.3931;2.9584;0.0035;1;1;1;83293.0;3.0;42341.0;690.0;86048.0;3.0;43397.0;1385.0
05914650000166;ERO;2024-05;94.759;1.0122;0.0;94.7332;1.0062;0.0;1;1;1;71254.0;0.0;32958.0;368.0;71758.0;0.0;33156.0;369.0
05914650000166;ERO;2024-06;95.7952;0.749;0.0;95.7952;0.749;0.0;1;1;1;59721.0;0.0;26106.0;246.0;59721.0;0.0;26106.0;246.0
05914650000166;ERO;2024-07;94.3632;0.8762;0.0;93.4395;1.368;0.0;1;1;1;65017.0;0.0;28734.0;276.0;66091.0;0.0;28911.0;423.0
05914650000166;ERO;2024-08;94.4127;1.0957;0.0;92.2211;2.3324;0.0013;1;1;1;71822.0;0.0;29969.0;362.0;79730.0;1.0;31489.0;786.0
05914650000166;ERO;2024-09;91.9339;1.3675;0.0023;86.1657;4.6662;0.0019;1;1;1;87043.0;2.0;36134.0;541.0;105513.0;2.0;41209.0;2063.0
05914650000166;ERO;2024-10;94.0893;1.3038;0.019;83.9486;7.6294;0.015;1;1;1;100020.0;19.0;42847.0;629.0;139741.0;21.0;53950.0;4525.0
05914650000166;ERO;2024-11;93.6853;0.6265;0.0223;93.7173;0.623;0.0222;1;1;1;89581.0;20.0;39657.0;283.0;90177.0;20.0;39876.0;283.0
05914650000166;ERO;2024-12;94.1274;0.8305;0.015;94.0598;0.8369;0.015;1;1;1;86596.0;13.0;38451.0;342.0;86908.0;13.0;38629.0;346.0
05914650000166;ERO;2025-01;94.2322;0.6509;0.023;94.0038;0.8203;0.0235;1;1;1;87114.0;20.0;36482.0;261.0;89365.0;21.0;37117.0;329.0
05914650000166;ERO;2025-02;91.4184;1.2237;0.0176;91.429;1.2222;0.0175;1;1;1;74028.0;13.0;31964.0;427.0;74091.0;13.0;32004.0;427.0
05914650000166;ERO;2025-03;91.4631;0.95;0.0276;91.5048;0.945;0.0304;1;1;1;68763.0;19.0;30132.0;320.0;69139.0;21.0;30293.0;320.0
05914650000166;ERO;2025-04;91.5715;0.6161;0.0301;91.2726;0.7201;0.0296;1;1;1;69746.0;21.0;28712.0;201.0;70854.0;21.0;28951.0;233.0
05914650000166;ERO;2025-05;91.8259;0.4358;0.0211;91.7526;0.492;0.0211;1;1;1;75725.0;16.0;29014.0;140.0;75991.0;16.0;29126.0;157.0
05914650000166;ERO;2025-06;91.51;0.4466;0.029;91.5097;0.4509;0.029;1;1;1;68850.0;20.0;22291.0;116.0;68946.0;20.0;22301.0;117.0
05914650000166;ERO;2025-07;91.0935;0.5974;0.0041;91.0935;0.5974;0.0041;1;1;1;73260.0;3.0;25625.0;171.0;73260.0;3.0;25625.0;171.0
05914650000166;ERO;2025-08;91.4081;0.9772;0.0157;91.3851;0.9781;0.0156;1;1;1;70210.0;11.0;21990.0;224.0;70347.0;11.0;22069.0;225.0
05914650000166;ERO;2025-09;90.725;1.2756;0.0293;88.8295;2.3015;0.0273;1;1;1;92130.0;27.0;28867.0;395.0;98783.0;27.0;30139.0;735.0
05914650000166;ERO;2025-10;91.6203;1.4319;0.0236;91.5423;1.5327;0.0234;1;1;1;84783.0;20.0;26572.0;400.0;85370.0;20.0;26661.0;429.0
05914650000166;ERO;2025-11;90.6681;0.9584;0.0141;90.6971;0.955;0.014;1;1;1;85327.0;12.0;24803.0;262.0;85545.0;12.0;24892.0;262.0
05914650000166;ERO;2025-12;90.3173;1.2046;0.0272;90.0773;1.2471;0.0271;1;1;1;80770.0;22.0;23539.0;307.0;81067.0;22.0;23756.0;321.0
05914650000166;ERO;2026-01;91.7648;1.2992;0.0146;91.1951;1.5545;0.0145;1;1;1;75201.0;11.0;23551.0;323.0;75690.0;11.0;23748.0;388.0
05914650000166;ERO;2026-02;87.1692;2.0689;0.0064;86.9458;2.1685;0.0064;1;1;1;62099.0;4.0;20165.0;434.0;62324.0;4.0;20257.0;457.0
05914650000166;ERO;2026-03;90.7691;0.8367;0.0086;90.6877;0.8362;0.0086;1;1;1;69508.0;6.0;21571.0;200.0;69776.0;6.0;21702.0;201.0
05914650000166;ERO;2026-04;90.8418;0.9297;0.0112;89.9696;1.0511;0.011;1;1;1;71403.0;8.0;21419.0;219.0;72420.0;8.0;21841.0;251.0
05914650000166;ERO;2026-05;90.2825;1.0595;0.0144;90.0787;1.1167;0.0143;1;1;1;62417.0;9.0;19050.0;216.0;62753.0;9.0;19216.0;229.0
05914650000166;ERO;2026-06;90.2782;0.7281;0.0096;90.2241;0.7376;0.0096;1;1;1;52134.0;5.0;17451.0;138.0;52240.0;5.0;17495.0;140.0
05914650000166;ERO;2026-07;90.7185;0.7914;0.0016;90.4611;0.8351;0.0016;1;1;1;62354.0;1.0;18930.0;160.0;62821.0;1.0;19118.0;170.0
05965546000109;CEA;2014-01;81.3949;4.9829;0.0;79.6171;5.2189;0.0;0;0;1;27964.0;0.0;25857.0;2107.0;31598.0;0.0;29058.0;2540.0
05965546000109;CEA;2014-02;86.3636;2.7013;0.0;84.5384;3.3551;0.0;1;1;1;13416.0;0.0;12715.0;701.0;15412.0;0.0;14489.0;923.0
05965546000109;CEA;2014-03;90.4203;2.2472;0.0;89.7799;2.3643;0.0;1;1;1;26298.0;0.0;25143.0;1155.0;28194.0;0.0;26883.0;1311.0
05965546000109;CEA;2014-04;91.8043;2.013;0.0;90.8588;2.26;0.0;1;1;1;26291.0;0.0;25215.0;1076.0;28282.0;0.0;27030.0;1252.0
05965546000109;CEA;2014-05;92.1734;1.8502;0.0;90.4315;2.5901;0.0;1;1;1;28519.0;0.0;27426.0;1093.0;31900.0;0.0;30388.0;1512.0
05965546000109;CEA;2014-06;81.1402;6.4916;0.0;81.1253;6.2828;0.0;0;0;1;35078.0;0.0;31935.0;3143.0;47168.0;0.0;42974.0;4194.0
05965546000109;CEA;2014-07;86.713;4.3137;0.0;85.4437;4.7892;0.0;1;0;1;34367.0;0.0;32097.0;2270.0;41365.0;0.0;38349.0;3016.0
05965546000109;CEA;2014-08;87.403;3.192;0.0;86.3593;3.3435;0.0;1;1;1;29960.0;0.0;28327.0;1633.0;36202.0;0.0;34083.0;2119.0
05965546000109;CEA;2014-09;93.2653;1.303;0.0;92.6029;1.3944;0.0;1;1;1;27965.0;0.0;26965.0;1000.0;32632.0;0.0;31326.0;1306.0
05965546000109;CEA;2014-10;91.3758;1.7797;0.0;90.1227;1.8658;0.0;1;1;1;28359.0;0.0;27208.0;1151.0;35388.0;0.0;33820.0;1568.0
05965546000109;CEA;2014-11;94.1078;1.5139;0.0;93.3867;1.5828;0.0;1;1;1;23073.0;0.0;22314.0;759.0;27210.0;0.0;26177.0;1033.0
05965546000109;CEA;2014-12;89.432;2.8076;0.0;86.8965;3.5658;0.0;1;1;1;25681.0;0.0;24059.0;1622.0;32601.0;0.0;30181.0;2420.0
05965546000109;CEA;2015-01;91.168;2.8007;0.0;89.3127;2.6182;0.0;1;1;1;26271.0;0.0;24641.0;1630.0;46829.0;0.0;43555.0;3274.0
05965546000109;CEA;2015-02;93.3663;0.9691;0.0;91.5225;1.3119;0.0;1;1;1;26050.0;0.0;25035.0;1015.0;33090.0;0.0;31594.0;1496.0
05965546000109;CEA;2015-03;92.5516;1.2121;0.0;90.8204;1.5219;0.0;1;1;1;30570.0;0.0;29258.0;1312.0;43275.0;0.0;41088.0;2187.0
05965546000109;CEA;2015-04;93.802;1.1317;0.0;92.816;1.3152;0.0;1;1;1;27582.0;0.0;26384.0;1198.0;32430.0;0.0;30839.0;1591.0
05965546000109;CEA;2015-05;88.6271;2.5849;0.0;86.2929;3.0472;0.0;1;1;1;29567.0;0.0;27624.0;1943.0;39316.0;0.0;36335.0;2981.0
05965546000109;CEA;2015-06;82.1015;4.0692;0.0;81.0101;3.9671;0.0;0;0;1;34473.0;0.0;31708.0;2765.0;53917.0;0.0;49286.0;4631.0
05965546000109;CEA;2015-07;83.4774;2.9368;0.0;82.4472;3.1191;0.0;0;1;1;35022.0;0.0;32786.0;2236.0;52118.0;0.0;48361.0;3757.0
05965546000109;CEA;2015-08;82.5458;3.8827;0.0;80.9318;3.8321;0.0;0;1;1;33078.0;0.0;29880.0;3198.0;59752.0;0.0;53253.0;6499.0
05965546000109;CEA;2015-09;86.4996;2.7946;0.0;86.214;2.9416;0.0;1;1;1;27029.0;0.0;25287.0;1742.0;34676.0;0.0;32104.0;2572.0
05965546000109;CEA;2015-10;90.2173;1.7514;0.0;89.5424;1.7647;0.0;1;1;1;28167.0;0.0;26815.0;1352.0;32505.0;0.0;30783.0;1722.0
05965546000109;CEA;2015-11;91.1033;1.3025;0.0;90.8226;1.2974;0.0;1;1;1;30022.0;0.0;28644.0;1378.0;39191.0;0.0;37126.0;2065.0
05965546000109;CEA;2015-12;93.4151;1.2269;0.0;91.0263;1.5295;0.0;1;1;1;31784.0;0.0;30030.0;1754.0;48648.0;0.0;45583.0;3065.0
05965546000109;CEA;2016-01;91.9755;2.5264;0.0;90.0383;3.3682;0.0;1;1;1;37541.0;0.0;35032.0;2509.0;54368.0;0.0;50005.0;4363.0
05965546000109;CEA;2016-02;93.2162;0.8673;0.0;88.1718;1.5435;0.0;1;1;1;40060.0;0.0;38520.0;1540.0;74915.0;0.0;70678.0;4237.0
05965546000109;CEA;2016-03;95.3713;0.5865;0.0;91.4962;1.7471;0.0;1;1;1;37792.0;0.0;36104.0;1688.0;70582.0;0.0;65292.0;5290.0
05965546000109;CEA;2016-04;95.1299;0.5781;0.0;91.7528;1.0037;0.0;1;1;1;36710.0;0.0;34909.0;1801.0;73717.0;0.0;69237.0;4480.0
05965546000109;CEA;2016-05;96.2162;0.4615;0.0;93.8024;0.9249;0.0;1;1;1;41112.0;0.0;39039.0;2073.0;52841.0;0.0;49381.0;3460.0
05965546000109;CEA;2016-06;94.2123;0.593;0.0;89.2532;1.3066;0.0;1;1;1;40424.0;0.0;38559.0;1865.0;86324.0;0.0;81127.0;5197.0
05965546000109;CEA;2016-07;96.4981;0.465;0.0;93.4568;0.8732;0.0;1;1;1;35248.0;0.0;33824.0;1424.0;48088.0;0.0;45297.0;2791.0
05965546000109;CEA;2016-08;94.6353;3.0156;0.0;90.5722;4.7899;0.0;1;1;1;32845.0;0.0;30263.0;2582.0;48697.0;0.0;43213.0;5484.0
05965546000109;CEA;2016-09;97.8442;0.9974;0.0;97.0397;1.0714;0.0;1;1;1;31385.0;0.0;28886.0;2499.0;39341.0;0.0;35825.0;3516.0
05965546000109;CEA;2016-10;91.5177;2.7365;0.0;88.655;3.5494;0.0;1;1;1;25315.0;0.0;23174.0;2141.0;29787.0;0.0;26576.0;3211.0
05965546000109;CEA;2016-11;91.9464;2.6713;0.0;88.655;3.5494;0.0;1;1;1;24007.0;0.0;22007.0;2000.0;29787.0;0.0;26576.0;3211.0
05965546000109;CEA;2016-12;93.2137;1.4501;0.0;87.531;4.042;0.0;1;1;1;31140.0;0.0;29494.0;1646.0;46774.0;0.0;42519.0;4255.0
05965546000109;CEA;2017-01;91.7397;1.7929;0.0;91.2825;1.6875;0.0;1;1;1;0.0;0.0;32481.0;2140.0;0.0;0.0;38626.0;2763.0
05965546000109;CEA;2017-02;86.9788;3.0431;0.0;83.4573;4.0664;0.0;1;1;1;0.0;0.0;31415.0;3006.0;0.0;0.0;39092.0;4811.0
05965546000109;CEA;2017-03;78.8471;8.911;0.0;74.4884;12.1847;0.0;0;0;1;0.0;0.0;33089.0;5839.0;0.0;0.0;36518.0;8592.0
05965546000109;CEA;2017-04;79.8567;7.7028;0.0;74.0185;12.2511;0.0;0;0;1;0.0;0.0;27176.0;3865.0;0.0;0.0;29660.0;6554.0
05965546000109;CEA;2017-05;69.0154;12.0962;0.0;66.7744;13.2997;0.0;0;0;1;0.0;0.0;33908.0;7405.0;0.0;0.0;38364.0;9399.0
05965546000109;CEA;2017-06;75.8963;8.8723;0.0;69.7712;13.9184;0.0;0;0;1;0.0;0.0;32559.0;5565.0;0.0;0.0;37894.0;9846.0
05965546000109;CEA;2017-07;62.1688;15.3109;0.0;57.2021;19.823;0.0;0;0;1;0.0;0.0;28475.0;8199.0;0.0;0.0;32891.0;12589.0
05965546000109;CEA;2017-08;74.0582;8.6142;0.0;69.8028;11.5619;0.0;0;0;1;0.0;0.0;29450.0;6582.0;0.0;0.0;33633.0;9515.0
05965546000109;CEA;2017-09;71.6683;9.8934;0.0;67.1733;12.5133;0.0;0;0;1;0.0;0.0;30338.0;6220.0;0.0;0.0;37013.0;9741.0
05965546000109;CEA;2017-10;85.5878;4.0298;0.0;83.546;4.8575;0.0;1;0;1;0.0;0.0;23839.0;2550.0;0.0;0.0;26246.0;3414.0
05965546000109;CEA;2017-11;76.9735;10.0427;0.0;75.0381;11.5058;0.0;0;0;1;0.0;0.0;21686.0;4148.0;0.0;0.0;22643.0;4979.0
05965546000109;CEA;2017-12;72.124;10.2365;0.0;70.5755;11.3316;0.0;0;0;1;0.0;0.0;25281.0;4850.0;0.0;0.0;26949.0;5677.0
05965546000109;CEA;2018-01;71.5975;10.7272;0.0;66.6892;14.6106;0.0;0;0;1;0.0;0.0;26506.0;5578.0;0.0;0.0;30297.0;8439.0
05965546000109;CEA;2018-02;72.7758;11.0119;0.0;68.4222;14.6176;0.0;0;0;1;0.0;0.0;23015.0;5680.0;0.0;0.0;26571.0;8560.0
05965546000109;CEA;2018-03;70.4776;10.709;0.0;68.8879;12.0505;0.0;0;0;1;0.0;0.0;24547.0;5204.0;0.0;0.0;28099.0;6987.0
05965546000109;CEA;2018-04;62.6125;16.6358;0.0;60.3502;18.8538;0.0;0;0;1;0.0;0.0;24730.0;7606.0;0.0;0.0;27993.0;10188.0
05965546000109;CEA;2018-05;90.8224;2.5429;0.0;71.3946;11.3694;0.0;1;1;1;0.0;0.0;16863.0;730.0;0.0;0.0;23870.0;4525.0
05965546000109;CEA;2018-06;92.6295;0.9512;0.0;84.8886;2.4088;0.0;1;1;1;0.0;0.0;24055.0;466.0;0.0;0.0;28603.0;1286.0
05965546000109;CEA;2018-07;85.2382;2.4517;0.0;67.9064;6.9599;0.0;1;1;1;0.0;0.0;24589.0;1039.0;0.0;0.0;32872.0;3903.0
05965546000109;CEA;2018-08;92.1429;0.9539;0.0;89.1266;1.6614;0.0;1;1;1;0.0;0.0;21493.0;392.0;0.0;0.0;25097.0;808.0
05965546000109;CEA;2018-09;87.3899;2.242;0.0;82.6388;2.9976;0.0;1;1;1;0.0;0.0;20319.0;761.0;0.0;0.0;25467.0;1420.0
05965546000109;CEA;2018-10;95.7997;0.1616;0.0;95.7997;0.1616;0.0;1;1;1;0.0;0.0;618.0;3.0;0.0;0.0;618.0;3.0
05965546000109;CEA;2018-11;0.0;0.0;0.0;0.0;0.0;0.0;0;1;1;0.0;0.0;0.0;0.0;0.0;0.0;0.0;0.0
05965546000109;CEA;2018-12;0.0;0.0;0.0;0.0;0.0;0.0;0;1;1;0.0;0.0;0.0;0.0;0.0;0.0;0.0;0.0
05965546000109;CEA;2019-01;93.3833;0.6612;0.0;91.9209;0.9484;0.0;1;1;1;0.0;0.0;20283.0;245.0;0.0;0.0;22142.0;384.0
05965546000109;CEA;2019-02;95.7577;0.9073;0.0;95.2193;1.2679;0.0;1;1;1;0.0;0.0;16164.0;214.0;0.0;0.0;16976.0;304.0
05965546000109;CEA;2019-03;90.6441;2.332;0.0;90.1609;2.667;0.0;1;1;1;0.0;0.0;17423.0;558.0;0.0;0.0;17846.0;650.0
05965546000109;CEA;2019-04;93.9517;0.7892;0.0;92.9782;1.3978;0.0;1;1;1;0.0;0.0;16846.0;196.0;0.0;0.0;17918.0;340.0
05965546000109;CEA;2019-05;89.8487;2.8973;0.0;83.7221;7.0186;0.0;1;1;1;0.0;0.0;18165.0;679.0;0.0;0.0;22283.0;2156.0
05965546000109;CEA;2019-06;93.6726;0.9765;0.0;91.5334;2.387;0.0;1;1;1;0.0;0.0;17747.0;257.0;0.0;0.0;19588.0;622.0
05965546000109;CEA;2019-07;93.159;1.1177;0.0;91.6372;1.9206;0.0;1;1;1;0.0;0.0;19817.0;313.0;0.0;0.0;21908.0;566.0
05965546000109;CEA;2019-08;89.7399;2.0511;0.0;85.9013;4.8167;0.0;1;1;1;0.0;0.0;20487.0;597.0;0.0;0.0;24642.0;1614.0
05965546000109;CEA;2019-09;92.1725;1.7022;0.0;87.6029;6.1048;0.0;1;1;1;0.0;0.0;15823.0;369.0;0.0;0.0;18026.0;1456.0
05965546000109;CEA;2019-10;94.3298;1.1848;0.0;86.709;8.0187;0.0;1;1;1;0.0;0.0;15179.0;256.0;0.0;0.0;17952.0;1937.0
05965546000109;CEA;2019-11;93.1663;1.4886;0.0;88.2296;6.0086;0.0;1;1;1;0.0;0.0;15684.0;304.0;0.0;0.0;17520.0;1380.0
05965546000109;CEA;2019-12;93.8129;1.3564;0.0;83.3442;10.8024;0.0;1;1;1;0.0;0.0;18909.0;374.0;0.0;0.0;24656.0;3719.0
05965546000109;CEA;2020-01;94.8368;0.9958;0.0;91.6521;2.6336;0.0;1;1;1;0.0;0.0;16107.0;227.0;0.0;0.0;20038.0;694.0
05965546000109;CEA;2020-02;95.4486;0.5915;0.0;89.9355;5.1672;0.0;1;1;1;0.0;0.0;12100.0;121.0;0.0;0.0;16169.0;1171.0
05965546000109;CEA;2020-03;95.5751;0.5257;0.0;89.3642;5.4867;0.0;1;1;1;0.0;0.0;12679.0;89.0;0.0;0.0;15400.0;1079.0
05965546000109;CEA;2020-04;94.1099;0.8922;0.0;67.4121;21.2899;0.0;1;1;1;0.0;0.0;11997.0;147.0;0.0;0.0;28264.0;10737.0
05965546000109;CEA;2020-05;92.9968;1.2544;0.0;70.5828;12.8016;0.0;1;1;1;0.0;0.0;12831.0;246.0;0.0;0.0;31299.0;6602.0
05965546000109;CEA;2020-06;93.1566;1.1178;0.0;83.7334;4.7054;0.0;1;1;1;0.0;0.0;15215.0;212.0;0.0;0.0;30135.0;1774.0
05965546000109;CEA;2020-07;93.6117;1.3067;0.0;78.8455;8.6199;0.0;1;1;1;0.0;0.0;14275.0;633.0;0.0;0.0;37676.0;9467.0
05965546000109;CEA;2020-08;92.8316;0.8334;0.0;71.9645;10.857;0.0;1;1;1;0.0;0.0;15826.0;276.0;0.0;0.0;32744.0;6558.0
05965546000109;CEA;2020-09;96.8296;0.4051;0.0;85.8164;4.9338;0.0;1;1;1;0.0;0.0;11309.0;579.0;0.0;0.0;23546.0;9463.0
05965546000109;CEA;2020-10;98.4516;0.0435;0.0;93.1908;1.1987;0.0;1;1;1;0.0;0.0;11491.0;833.0;0.0;0.0;21678.0;7082.0
05965546000109;CEA;2020-11;99.1292;0.1088;0.0;87.6625;5.5835;0.0;1;1;1;0.0;0.0;10095.0;533.0;0.0;0.0;46705.0;28963.0
05965546000109;CEA;2020-12;99.0559;0.0375;0.0;94.8189;1.7346;0.0;1;1;1;0.0;0.0;13341.0;747.0;0.0;0.0;25889.0;6929.0
05965546000109;CEA;2021-01;86.052;4.5568;0.0;82.6706;7.5883;0.0;1;0;1;0.0;0.0;23375.0;5268.0;0.0;0.0;31724.0;10363.0
05965546000109;CEA;2021-02;94.1406;1.4479;0.0;93.1374;1.9114;0.0;1;1;1;0.0;0.0;18922.0;3051.0;0.0;0.0;22426.0;5182.0
05965546000109;CEA;2021-03;96.5276;0.5708;0.0;95.2333;1.27;0.0;1;1;1;0.0;0.0;20903.0;3633.0;0.0;0.0;23633.0;5598.0
05965546000109;CEA;2021-04;92.2822;1.6748;0.0;90.7931;2.5604;0.0;1;1;1;0.0;0.0;18728.0;6414.0;0.0;0.0;21844.0;9543.0
05965546000109;CEA;2021-05;93.4492;1.4743;0.0;91.4816;3.12;0.0;1;1;1;0.0;0.0;19447.0;6028.0;0.0;0.0;25214.0;10404.0
05965546000109;CEA;2021-06;95.3065;0.7735;0.0;92.8753;2.7261;0.0;1;1;1;0.0;0.0;16934.0;3870.0;0.0;0.0;22159.0;8018.0
05965546000109;CEA;2021-07;94.4586;0.9984;0.0;93.219;2.2188;0.0;1;1;1;0.0;0.0;17848.0;4878.0;0.0;0.0;21947.0;7575.0
05965546000109;CEA;2021-08;94.8686;0.9152;0.0;92.0932;2.7732;0.0;1;1;1;0.0;0.0;19271.0;4912.0;0.0;0.0;25208.0;9966.0
05965546000109;CEA;2021-09;96.2171;0.569;0.0;93.414;2.0833;0.0;1;1;1;0.0;0.0;15902.0;3000.0;0.0;0.0;18941.0;6244.0
05965546000109;CEA;2021-10;96.8685;0.3492;0.0;91.0913;3.2822;0.0;1;1;1;0.0;0.0;17120.0;2549.0;0.0;0.0;27022.0;11979.0
05965546000109;CEA;2021-11;96.7326;0.4668;0.0;88.724;4.5272;0.0;1;1;1;0.0;0.0;15140.0;2575.0;0.0;0.0;21616.0;11408.0
05965546000109;CEA;2021-12;97.0663;0.3925;0.0;90.2232;3.8958;0.0;1;1;1;16731.0;0.0;14464.0;2267.0;30287.0;0.0;20623.0;9664.0
05965546000109;CEA;2022-01;95.6802;0.605;0.0;88.8592;4.414;0.0;1;1;1;14925.0;0.0;15278.0;459.0;17573.0;0.0;17151.0;1432.0
05965546000109;CEA;2022-02;95.9815;0.6452;0.0;93.8532;1.1876;0.0;1;1;1;14455.0;0.0;14167.0;288.0;15563.0;0.0;15143.0;420.0
05965546000109;CEA;2022-03;93.9241;0.4047;0.0;79.1783;9.1041;0.0;1;1;1;17698.0;0.0;16982.0;716.0;29377.0;0.0;25110.0;4267.0
05965546000109;CEA;2022-04;91.974;0.8195;0.0;76.352;12.2737;0.0;1;1;1;19260.0;0.0;18153.0;1107.0;27179.0;0.0;22143.0;5036.0
05965546000109;CEA;2022-05;98.0428;0.2228;0.0;80.0848;11.6976;0.0;1;1;1;23570.0;0.0;22839.0;731.0;36089.0;0.0;30399.0;5690.0
05965546000109;CEA;2022-06;99.3358;0.0359;0.0;89.7406;6.0961;0.0;1;1;1;22925.0;0.0;22275.0;650.0;33285.0;0.0;29976.0;3309.0
05965546000109;CEA;2022-07;95.5602;0.7109;0.0;80.9888;10.1264;0.0;1;1;1;22532.0;0.0;21648.0;884.0;37777.0;0.0;32066.0;5711.0
05965546000109;CEA;2022-08;96.0272;0.4462;0.0;88.4419;3.1557;0.0;1;1;1;23816.0;0.0;22979.0;837.0;40493.0;0.0;37747.0;2746.0
05965546000109;CEA;2022-09;94.1385;0.612;0.0;85.7926;6.4174;0.0;1;1;1;24804.0;0.0;23874.0;930.0;33639.0;0.0;30405.0;3234.0
05965546000109;CEA;2022-10;94.2349;0.5552;0.0;78.4176;9.9829;0.0;1;1;1;27107.0;0.0;26150.0;957.0;55277.0;0.0;47773.0;7504.0
05965546000109;CEA;2022-11;94.58;0.5383;0.0;80.7881;6.8461;0.0;1;1;1;24994.0;0.0;24205.0;789.0;61997.0;0.0;55271.0;6726.0
05965546000109;CEA;2022-12;93.2161;0.5456;0.0;91.6334;1.0676;0.0;1;1;1;29011.0;0.0;27708.0;1303.0;42221.0;0.0;39849.0;2372.0
05965546000109;CEA;2023-01;91.8829;0.9132;0.0;91.465;0.8804;0.0;1;1;1;33435.0;0.0;32117.0;1318.0;41486.0;0.0;39857.0;1629.0
05965546000109;CEA;2023-02;94.7219;0.623;0.0;91.4243;2.1606;0.0;1;1;1;30143.0;0.0;29033.0;1110.0;49650.0;0.0;47005.0;2645.0
05965546000109;CEA;2023-03;92.5913;0.4121;0.0;91.9904;0.7352;0.0;1;1;1;37485.0;0.0;36253.0;1232.0;42478.0;0.0;40910.0;1568.0
05965546000109;CEA;2023-04;93.7107;0.4568;0.0;91.4285;0.5682;0.0;1;1;1;26023.0;0.0;25498.0;525.0;59507.0;0.0;58094.0;1413.0
05965546000109;CEA;2023-05;92.0798;0.5756;0.0;91.7361;0.7827;0.0;1;1;1;36680.0;0.0;35413.0;1267.0;48555.0;0.0;46776.0;1779.0
05965546000109;CEA;2023-06;92.3211;0.5896;0.0;85.7886;3.5585;0.0;1;1;1;36384.0;0.0;35239.0;1145.0;50072.0;0.0;46913.0;3159.0
05965546000109;CEA;2023-07;91.666;0.7353;0.0;88.1745;2.2235;0.0;1;1;1;36850.0;0.0;35506.0;1344.0;48835.0;0.0;46261.0;2574.0
05965546000109;CEA;2023-08;90.4494;0.8179;0.0;82.5618;5.0656;0.0;1;1;1;36766.0;0.0;35288.0;1478.0;56912.0;0.0;51969.0;4943.0
05965546000109;CEA;2023-09;89.9771;1.4949;0.0;81.1019;5.8774;0.0;1;1;1;32711.0;0.0;31037.0;1674.0;44224.0;0.0;39924.0;4300.0
05965546000109;CEA;2023-10;92.1527;0.8102;0.0;85.8759;4.7119;0.0;1;1;1;35071.0;0.0;32687.0;2384.0;46879.0;0.0;41700.0;5179.0
05965546000109;CEA;2023-11;92.5808;0.9488;0.0;84.3864;7.7386;0.0;1;1;1;30337.0;0.0;28290.0;2047.0;52620.0;0.0;44625.0;7995.0
05965546000109;CEA;2023-12;94.2598;1.3699;0.0;93.9247;1.7069;0.0;1;1;1;25961.0;0.0;24983.0;978.0;34864.0;0.0;33054.0;1810.0
05965546000109;CEA;2024-01;98.8074;0.1437;0.0;98.812;0.1432;0.0;1;1;1;68221.0;0.0;18756.0;140.0;68520.0;0.0;18828.0;140.0
05965546000109;CEA;2024-02;99.5348;0.0105;0.0;99.5245;0.0103;0.0;1;1;1;65587.0;0.0;19131.0;97.0;66205.0;0.0;19346.0;101.0
05965546000109;CEA;2024-03;99.5831;0.0493;0.0;99.4168;0.0468;0.0;1;1;1;61326.0;0.0;22296.0;114.0;64638.0;0.0;23480.0;132.0
05965546000109;CEA;2024-04;99.841;0.0;0.0;99.5765;0.0219;0.0;1;1;1;65335.0;0.0;25792.0;71.0;70508.0;0.0;27388.0;88.0
05965546000109;CEA;2024-05;98.6152;0.2656;0.0;96.7561;0.7451;0.0;1;1;1;67445.0;0.0;28161.0;178.0;74220.0;0.0;30506.0;390.0
05965546000109;CEA;2024-06;98.9881;0.1251;0.0;98.5122;0.3482;0.0;1;1;1;60555.0;0.0;26354.0;114.0;66259.0;0.0;28332.0;198.0
05965546000109;CEA;2024-07;98.4582;0.4883;0.0;98.3429;0.5084;0.0;1;1;1;45695.0;0.0;25882.0;243.0;46652.0;0.0;26418.0;255.0
05965546000109;CEA;2024-08;98.5775;0.0618;0.0;96.5644;0.3175;0.0;1;1;1;44349.0;0.0;27469.0;169.0;48631.0;0.0;29508.0;312.0
05965546000109;CEA;2024-09;99.3251;0.0562;0.0;98.7532;0.3355;0.0;1;1;1;40904.0;0.0;23100.0;133.0;42936.0;0.0;24060.0;222.0
05965546000109;CEA;2024-10;99.1303;0.0286;0.0;97.8222;0.8221;0.0;1;1;1;59237.0;0.0;24484.0;115.0;68868.0;0.0;27507.0;379.0
05965546000109;CEA;2024-11;99.3095;0.0376;0.0;99.1954;0.0421;0.0;1;1;1;36075.0;0.0;21280.0;94.0;36249.0;0.0;21369.0;97.0
05965546000109;CEA;2024-12;99.5672;0.0144;0.0;99.0857;0.0466;0.0;1;1;1;33692.0;0.0;20792.0;75.0;35190.0;0.0;21428.0;91.0
05965546000109;CEA;2025-01;99.7471;0.005;0.0;99.7444;0.0093;0.0;1;1;1;33024.0;0.0;20167.0;61.0;35297.0;0.0;21519.0;66.0
05965546000109;CEA;2025-02;99.5758;0.0;0.0;99.3058;0.0383;0.0;1;1;1;23930.0;0.0;16975.0;50.0;25687.0;0.0;18287.0;69.0
05965546000109;CEA;2025-03;98.428;0.0496;0.0;97.9689;0.1043;0.0;1;1;1;31263.0;0.0;18121.0;111.0;34719.0;0.0;20116.0;146.0
05965546000109;CEA;2025-04;99.6626;0.0;0.0;99.6204;0.0;0.0;1;1;1;31221.0;0.0;17487.0;57.0;37694.0;0.0;20549.0;77.0
05965546000109;CEA;2025-05;99.4172;0.0229;0.0;99.2141;0.0414;0.0;1;1;1;38713.0;0.0;21785.0;101.0;43449.0;0.0;24167.0;118.0
05965546000109;CEA;2025-06;99.2369;0.0198;0.0;98.5892;0.1489;0.0;1;1;1;36706.0;0.0;20177.0;76.0;45214.0;0.0;24135.0;134.0
05965546000109;CEA;2025-07;99.2226;0.024;0.0;98.9519;0.0352;0.0;1;1;1;40091.0;0.0;20835.0;76.0;44815.0;0.0;22699.0;87.0
05965546000109;CEA;2025-08;99.2123;0.0243;0.0;98.9851;0.0267;0.0;1;1;1;44101.0;0.0;20561.0;58.0;48386.0;0.0;22460.0;62.0
05965546000109;CEA;2025-09;99.0445;0.1372;0.0;98.8313;0.1332;0.0;1;1;1;41816.0;0.0;21112.0;91.0;47115.0;0.0;23242.0;103.0
05965546000109;CEA;2025-10;99.7467;0.0;0.0;98.903;0.3354;0.0;1;1;1;40630.0;0.0;20924.0;66.0;45738.0;0.0;21986.0;168.0
05965546000109;CEA;2025-11;99.5598;0.0119;0.0;99.5654;0.0116;0.0;1;1;1;31694.0;0.0;16807.0;57.0;32731.0;0.0;17254.0;58.0
05965546000109;CEA;2025-12;99.5635;0.0055;0.0;99.5289;0.0054;0.0;1;1;1;34464.0;0.0;18325.0;57.0;35181.0;0.0;18678.0;58.0
05965546000109;CEA;2026-01;99.3605;0.0752;0.0;99.2374;0.0726;0.0;1;1;1;37082.0;0.0;18594.0;105.0;38757.0;0.0;19263.0;111.0
05965546000109;CEA;2026-02;99.1842;0.0405;0.0;99.1843;0.0381;0.0;1;1;1;30739.0;0.0;17276.0;87.0;33147.0;0.0;18382.0;99.0
05965546000109;CEA;2026-03;99.3728;0.0396;0.0;99.2372;0.0541;0.0;1;1;1;32736.0;0.0;17691.0;91.0;34828.0;0.0;18474.0;98.0
05965546000109;CEA;2026-04;98.945;0.0716;0.0;98.8395;0.0698;0.0;1;1;1;28841.0;0.0;15345.0;89.0;29960.0;0.0;15758.0;92.0
05965546000109;CEA;2026-05;99.5682;0.0196;0.0;99.5828;0.0187;0.0;1;1;1;28511.0;0.0;15283.0;60.0;30531.0;0.0;16056.0;62.0
05965546000109;CEA;2026-06;99.7329;0.0;0.0;99.7059;0.0054;0.0;1;1;1;33457.0;0.0;17599.0;56.0;35293.0;0.0;18357.0;70.0
05965546000109;CEA;2026-07;99.6123;0.0053;0.0;98.23;0.4827;0.0;1;1;1;34589.0;0.0;18826.0;158.0;38874.0;0.0;20410.0;336.0
06272793000184;EQUATORIAL MA;2014-01;87.0578;3.7285;0.8649;85.1682;4.8812;1.4451;1;1;1;326413.0;2823.0;271991.0;17493.0;368151.0;5320.0;298129.0;25134.0
06272793000184;EQUATORIAL MA;2014-02;85.9772;3.9868;0.6209;83.0483;5.7591;0.5738;1;1;1;339051.0;2105.0;284826.0;19804.0;369840.0;2122.0;302763.0;29427.0
06272793000184;EQUATORIAL MA;2014-03;86.6834;3.7209;0.117;84.821;4.9575;0.1572;1;1;1;345239.0;404.0;288867.0;19512.0;391773.0;616.0;321732.0;27848.0
06272793000184;EQUATORIAL MA;2014-04;83.7304;1.909;0.0027;81.4927;2.8357;0.0061;0;1;1;367341.0;10.0;312198.0;16913.0;393564.0;24.0;329425.0;23175.0
06272793000184;EQUATORIAL MA;2014-05;78.1874;2.9845;0.1325;72.0527;6.2549;0.4694;0;1;1;347067.0;460.0;290215.0;22352.0;394966.0;1854.0;314994.0;39888.0
06272793000184;EQUATORIAL MA;2014-06;87.4037;1.5767;0.0063;84.5377;3.195;7.8489;1;1;1;283560.0;18.0;245638.0;10798.0;298984.0;23467.0;253722.0;16695.0
06272793000184;EQUATORIAL MA;2014-07;86.6225;1.2854;0.0004;84.3183;2.828;1.3125;1;1;1;261011.0;1.0;250441.0;10569.0;274051.0;3597.0;254405.0;16049.0
06272793000184;EQUATORIAL MA;2014-08;87.0278;1.5962;0.0;82.6888;3.7374;0.7715;1;1;1;256795.0;0.0;245914.0;10881.0;277897.0;2144.0;256227.0;19566.0
06272793000184;EQUATORIAL MA;2014-09;86.2679;1.4107;0.0114;82.8605;2.9842;1.8264;1;1;1;263327.0;30.0;252157.0;11144.0;279621.0;5107.0;260178.0;17267.0
06272793000184;EQUATORIAL MA;2014-10;85.5874;2.0599;1.5247;79.6181;4.7886;4.2947;1;1;1;294879.0;4496.0;278103.0;14993.0;346448.0;14879.0;305498.0;29122.0
06272793000184;EQUATORIAL MA;2014-11;85.5967;2.0907;3.9218;81.1746;3.1711;6.6725;1;1;0;288468.0;11313.0;261875.0;15323.0;324466.0;21650.0;281135.0;21724.0
06272793000184;EQUATORIAL MA;2014-12;74.1486;4.2515;11.2636;64.4581;8.4679;21.4932;0;0;0;315530.0;35540.0;274444.0;31500.0;404766.0;86997.0;313915.0;56793.0
06272793000184;EQUATORIAL MA;2015-01;83.8489;2.9573;3.0936;71.3566;8.6348;7.9666;0;1;0;310482.0;9605.0;279320.0;21557.0;426139.0;33949.0;336203.0;55987.0
06272793000184;EQUATORIAL MA;2015-02;82.8944;2.8312;5.0605;62.5769;9.8843;11.7704;0;1;0;249816.0;12642.0;217116.0;20349.0;449075.0;52858.0;320354.0;69665.0
06272793000184;EQUATORIAL MA;2015-03;86.7089;1.9398;0.0;63.8161;12.0612;0.341;1;1;1;263617.0;0.0;247904.0;20433.0;476516.0;1625.0;368504.0;105100.0
06272793000184;EQUATORIAL MA;2015-04;87.9603;1.8483;0.3771;78.8167;6.0344;1.0674;1;1;1;296228.0;1117.0;280229.0;15315.0;354790.0;3787.0;311138.0;37532.0
06272793000184;EQUATORIAL MA;2015-05;87.236;1.6364;0.0341;83.3743;3.3973;0.684;1;1;1;281392.0;96.0;265923.0;15397.0;307144.0;2101.0;281992.0;24902.0
06272793000184;EQUATORIAL MA;2015-06;78.6149;4.0332;7.3489;72.248;7.4537;9.1392;0;0;0;281551.0;20691.0;248911.0;32640.0;325957.0;29790.0;271493.0;54464.0
06272793000184;EQUATORIAL MA;2015-07;88.5922;1.9634;9.3125;82.9985;4.3797;9.8334;1;1;0;310991.0;28961.0;256396.0;25634.0;355085.0;34917.0;274193.0;45975.0
06272793000184;EQUATORIAL MA;2015-08;80.0847;4.3531;4.1218;73.1078;7.9689;4.9475;0;0;0;273788.0;11285.0;234112.0;30177.0;313206.0;15496.0;253392.0;46125.0
06272793000184;EQUATORIAL MA;2015-09;86.6153;2.0024;0.8304;80.7286;5.6853;5.6448;1;1;1;292634.0;2430.0;265350.0;24854.0;342259.0;19320.0;282914.0;40025.0
06272793000184;EQUATORIAL MA;2015-10;85.7549;2.5719;8.7026;74.6842;9.0723;9.0332;1;1;0;332382.0;28926.0;275402.0;28054.0;410543.0;37085.0;309719.0;63739.0
06272793000184;EQUATORIAL MA;2015-11;86.8362;1.8359;1.1851;83.4081;3.4002;1.1876;1;1;1;314741.0;3730.0;285689.0;25322.0;347939.0;4132.0;309759.0;34048.0
06272793000184;EQUATORIAL MA;2015-12;86.3808;2.1884;0.1328;69.8675;9.5946;9.6063;1;1;1;292219.0;388.0;266966.0;24865.0;482788.0;46378.0;370767.0;74950.0
06272793000184;EQUATORIAL MA;2016-01;83.3282;3.7779;2.9553;63.516;14.9544;23.1121;0;1;0;307954.0;9101.0;266310.0;32543.0;566436.0;130915.0;335693.0;99828.0
06272793000184;EQUATORIAL MA;2016-02;86.0845;2.7783;1.3513;70.5453;11.967;10.7448;1;1;1;314147.0;4245.0;281482.0;28420.0;521191.0;56001.0;377710.0;87480.0
06272793000184;EQUATORIAL MA;2016-03;85.2073;3.3098;2.359;68.9998;11.4803;4.4263;1;1;0;340865.0;8041.0;299645.0;33179.0;517878.0;22923.0;402830.0;92125.0
06272793000184;EQUATORIAL MA;2016-04;88.137;3.4781;0.4912;54.2397;21.0449;15.2727;1;1;1;250592.0;1231.0;225117.0;24244.0;609291.0;93055.0;371456.0;144780.0
06272793000184;EQUATORIAL MA;2016-05;86.8982;2.7277;0.0006;80.8136;6.033;0.0365;1;1;1;352617.0;2.0;321808.0;30807.0;394368.0;144.0;345446.0;48778.0
06272793000184;EQUATORIAL MA;2016-06;85.4842;3.0799;0.015;71.0195;9.0213;28.4987;1;1;1;313673.0;47.0;285008.0;28618.0;550910.0;157002.0;333649.0;60259.0
06272793000184;EQUATORIAL MA;2016-07;85.9126;2.9487;1.4673;81.3274;5.8379;1.906;1;1;1;330952.0;4856.0;296911.0;29185.0;355147.0;6769.0;306572.0;41806.0
06272793000184;EQUATORIAL MA;2016-08;87.7587;2.7674;0.5019;83.9059;4.792;1.1039;1;1;1;331958.0;1666.0;302683.0;27609.0;370870.0;4094.0;328500.0;38276.0
06272793000184;EQUATORIAL MA;2016-09;86.6488;3.644;1.6288;79.6285;7.2664;3.4972;1;1;1;333918.0;5439.0;298056.0;30423.0;405208.0;14171.0;339597.0;51440.0
06272793000184;EQUATORIAL MA;2016-10;87.2094;2.7485;0.772;64.4459;15.3546;18.3509;1;1;1;288975.0;2231.0;259077.0;27667.0;550070.0;100943.0;344268.0;104859.0
06272793000184;EQUATORIAL MA;2016-11;85.8321;3.6297;1.1928;77.7684;7.7244;1.2068;1;1;1;341474.0;4073.0;301377.0;36024.0;408766.0;4933.0;336278.0;67555.0
06272793000184;EQUATORIAL MA;2016-12;88.0067;2.4535;1.096;65.2843;13.4648;37.2361;1;1;1;333216.0;3652.0;296243.0;27180.0;863975.0;321711.0;424070.0;105867.0
06272793000184;EQUATORIAL MA;2017-01;86.5666;2.4467;0.0;79.0057;5.8114;0.0;1;1;1;437116.0;0.0;397283.0;39833.0;508070.0;0.0;442322.0;65748.0
06272793000184;EQUATORIAL MA;2017-02;86.317;2.5277;0.0;83.4482;4.148;0.0;1;1;1;403497.0;0.0;365840.0;37657.0;433549.0;0.0;385207.0;48342.0
06272793000184;EQUATORIAL MA;2017-03;87.4529;1.6315;0.0;83.4297;3.6257;0.0;1;1;1;433542.0;0.0;397210.0;36332.0;464184.0;0.0;414739.0;49445.0
06272793000184;EQUATORIAL MA;2017-04;85.8418;2.8254;0.248;76.8119;7.8315;0.7117;1;1;1;369784.0;917.0;334443.0;35341.0;433163.0;3083.0;367405.0;65758.0
06272793000184;EQUATORIAL MA;2017-05;85.7323;3.3178;0.0003;83.3223;4.9859;0.0189;1;1;1;382852.0;1.0;344351.0;38500.0;397142.0;75.0;349818.0;47249.0
06272793000184;EQUATORIAL MA;2017-06;87.5321;3.3138;0.0;85.203;4.9987;0.0;1;1;1;346289.0;0.0;314326.0;31963.0;359188.0;0.0;319840.0;39348.0
06272793000184;EQUATORIAL MA;2017-07;87.2743;3.6263;0.5667;69.9487;17.6929;1.3668;1;1;1;303702.0;1721.0;271316.0;30665.0;394933.0;5398.0;293559.0;95976.0
06272793000184;EQUATORIAL MA;2017-08;85.4861;3.692;0.0;82.4705;5.4749;0.0;1;1;1;357756.0;0.0;309927.0;47829.0;374737.0;0.0;318148.0;56589.0
06272793000184;EQUATORIAL MA;2017-09;86.3831;3.8906;1.8564;75.8164;11.6956;1.9943;1;1;1;347064.0;6443.0;281321.0;59300.0;399948.0;7976.0;297017.0;94955.0
06272793000184;EQUATORIAL MA;2017-10;87.8995;3.5661;1.9264;76.6188;12.3376;2.7086;1;1;1;341200.0;6573.0;306846.0;27781.0;404039.0;10944.0;324315.0;68780.0
06272793000184;EQUATORIAL MA;2017-11;86.8081;2.0099;1.689;86.2067;2.3384;1.6702;1;1;1;290886.0;4913.0;272625.0;13348.0;294162.0;4913.0;274767.0;14482.0
06272793000184;EQUATORIAL MA;2017-12;87.0122;2.4843;0.5527;68.9389;16.1654;25.3514;1;1;1;312291.0;1726.0;291688.0;18877.0;543781.0;137856.0;322541.0;83384.0
06272793000184;EQUATORIAL MA;2018-01;85.8141;2.8922;0.2963;72.5008;11.0819;2.0646;1;1;1;346245.0;1026.0;324916.0;20303.0;443950.0;9166.0;371411.0;63373.0
06272793000184;EQUATORIAL MA;2018-02;87.518;3.5328;1.9785;72.6854;13.9261;3.2363;1;1;1;320488.0;6341.0;291712.0;22435.0;404662.0;13096.0;320412.0;71154.0
06272793000184;EQUATORIAL MA;2018-03;87.6007;3.4627;3.4906;53.9234;29.5695;30.8471;1;1;0;281869.0;9839.0;250747.0;21283.0;705402.0;217596.0;309139.0;178667.0
06272793000184;EQUATORIAL MA;2018-04;85.647;2.5445;8.0705;80.9393;5.4618;14.8066;1;1;0;351910.0;28401.0;304642.0;18867.0;405475.0;60037.0;313914.0;31524.0
06272793000184;EQUATORIAL MA;2018-05;88.5374;3.3111;1.5079;87.3673;4.1174;1.5066;1;1;1;302279.0;4558.0;278174.0;19547.0;307851.0;4638.0;280588.0;22625.0
06272793000184;EQUATORIAL MA;2018-06;89.9297;2.8909;0.0277;88.0299;4.3777;0.0268;1;1;1;238596.0;66.0;222505.0;16025.0;246136.0;66.0;224570.0;21500.0
06272793000184;EQUATORIAL MA;2018-07;86.1539;3.7389;0.0012;85.574;4.1627;0.0012;1;1;1;250068.0;3.0;232691.0;17374.0;254497.0;3.0;234099.0;20395.0
06272793000184;EQUATORIAL MA;2018-08;86.2697;5.2288;0.0;81.2405;9.5874;0.0;1;0;1;277116.0;0.0;251521.0;25595.0;296021.0;0.0;255167.0;40854.0
06272793000184;EQUATORIAL MA;2018-09;87.6249;3.1267;2.4767;86.7543;3.5076;2.4063;1;1;0;276896.0;6858.0;250553.0;19485.0;285006.0;6858.0;256579.0;21569.0
06272793000184;EQUATORIAL MA;2018-10;88.6491;2.7378;0.0387;80.3129;7.7635;0.0302;1;1;1;263633.0;102.0;239409.0;24122.0;341069.0;103.0;278938.0;62028.0
06272793000184;EQUATORIAL MA;2018-11;87.1772;2.3262;0.0;85.1599;3.1824;0.0;1;1;1;234107.0;0.0;217967.0;16140.0;254621.0;0.0;233678.0;20943.0
06272793000184;EQUATORIAL MA;2018-12;88.2543;2.0208;0.0;87.086;2.5202;0.0;1;1;1;279848.0;0.0;262255.0;17593.0;292875.0;0.0;271145.0;21730.0
06272793000184;EQUATORIAL MA;2019-01;86.3709;2.171;0.0;84.1856;2.9902;0.0;1;1;1;294501.0;0.0;275418.0;19083.0;306299.0;0.0;283384.0;22915.0
06272793000184;EQUATORIAL MA;2019-02;89.1936;1.4617;0.2488;77.9372;8.701;3.4036;1;1;1;263247.0;655.0;240128.0;22464.0;336499.0;11453.0;266877.0;58169.0
06272793000184;EQUATORIAL MA;2019-03;87.2985;1.4261;0.0;86.1218;1.9456;0.0;1;1;1;243771.0;0.0;226988.0;16783.0;272867.0;0.0;241663.0;31204.0
06272793000184;EQUATORIAL MA;2019-04;86.4302;2.3512;0.0;84.3106;3.5472;0.0;1;1;1;264787.0;0.0;232620.0;32167.0;283710.0;0.0;241652.0;42058.0
06272793000184;EQUATORIAL MA;2019-05;85.8953;2.581;0.0;80.213;6.383;0.0;1;1;1;261744.0;0.0;238701.0;23043.0;306288.0;0.0;254129.0;52159.0
06272793000184;EQUATORIAL MA;2019-06;87.3816;1.8949;0.0;86.4211;2.498;0.0;1;1;1;208981.0;0.0;196017.0;12964.0;212430.0;0.0;197073.0;15357.0
06272793000184;EQUATORIAL MA;2019-07;88.4298;1.9696;0.0;88.1422;2.0629;0.0;1;1;1;229699.0;0.0;211875.0;17824.0;233497.0;0.0;214924.0;18573.0
06272793000184;EQUATORIAL MA;2019-08;87.3055;2.1536;0.0;86.6963;2.5508;0.0;1;1;1;217189.0;0.0;192409.0;24780.0;219607.0;0.0;193233.0;26374.0
06272793000184;EQUATORIAL MA;2019-09;87.3945;2.158;0.0;86.7407;2.5841;0.0;1;1;1;184012.0;0.0;163403.0;20609.0;185639.0;0.0;163985.0;21654.0
06272793000184;EQUATORIAL MA;2019-10;87.5257;3.0056;0.0;87.2547;3.2028;0.0;1;1;1;201017.0;0.0;178947.0;22070.0;201879.0;0.0;179282.0;22597.0
06272793000184;EQUATORIAL MA;2019-11;85.4727;3.0347;0.0;84.2865;3.5503;0.0;1;1;1;207430.0;0.0;181104.0;26326.0;220160.0;0.0;189051.0;31109.0
06272793000184;EQUATORIAL MA;2019-12;88.4289;2.3643;0.0;86.0505;3.228;0.0;1;1;1;225055.0;0.0;198797.0;26258.0;243907.0;0.0;210575.0;33332.0
06272793000184;EQUATORIAL MA;2020-01;86.9249;1.7178;0.0;78.5342;4.8568;0.0003;1;1;1;234346.0;0.0;211521.0;22825.0;319914.0;1.0;269321.0;50593.0
06272793000184;EQUATORIAL MA;2020-02;87.4815;2.6476;0.0;84.7046;4.3092;0.0122;1;1;1;207406.0;0.0;184400.0;23006.0;230093.0;28.0;199166.0;30927.0
06272793000184;EQUATORIAL MA;2020-03;83.477;2.6222;0.0;82.0714;3.4004;0.0;0;1;1;207200.0;0.0;185344.0;21856.0;214546.0;0.0;189912.0;24634.0
06272793000184;EQUATORIAL MA;2020-04;53.4075;7.8997;0.0;53.1417;8.1654;0.0;0;0;1;206851.0;0.0;173807.0;33044.0;211362.0;0.0;176844.0;34518.0
06272793000184;EQUATORIAL MA;2020-05;36.3296;11.8203;0.0;34.73;12.9234;0.0;0;0;1;236895.0;0.0;189597.0;47298.0;254695.0;0.0;200096.0;54599.0
06272793000184;EQUATORIAL MA;2020-06;92.0785;0.6039;0.0;91.1506;0.8812;0.0;1;1;1;227418.0;0.0;213787.0;13631.0;231371.0;0.0;216632.0;14739.0
06272793000184;EQUATORIAL MA;2020-07;85.4727;0.7382;0.0;85.2781;0.8065;0.0;1;1;1;205063.0;0.0;192821.0;12242.0;206809.0;0.0;194211.0;12598.0
06272793000184;EQUATORIAL MA;2020-08;82.4201;1.7018;0.0;81.0021;2.6413;0.2192;0;1;1;187506.0;0.0;176692.0;10814.0;209398.0;459.0;192996.0;16402.0
06272793000184;EQUATORIAL MA;2020-09;88.697;1.5771;0.0;87.3915;2.069;0.0;1;1;1;183326.0;0.0;176052.0;7274.0;187080.0;0.0;178588.0;8492.0
06272793000184;EQUATORIAL MA;2020-10;92.1727;1.7728;0.0;90.8235;2.188;0.0;1;1;1;183803.0;0.0;176193.0;7610.0;188970.0;0.0;180157.0;8813.0
06272793000184;EQUATORIAL MA;2020-11;92.0376;1.5908;0.0;88.1804;3.1504;0.0;1;1;1;172346.0;0.0;164304.0;8042.0;183954.0;0.0;172033.0;11921.0
06272793000184;EQUATORIAL MA;2020-12;96.1811;0.5791;0.0488;93.9861;1.6643;0.0471;1;1;1;155592.0;76.0;149540.0;6052.0;161201.0;76.0;152672.0;8529.0
06272793000184;EQUATORIAL MA;2021-01;92.8615;1.331;0.0;89.8009;2.8337;0.0;1;1;1;182092.0;0.0;172943.0;9149.0;197945.0;0.0;184441.0;13504.0
06272793000184;EQUATORIAL MA;2021-02;89.7487;1.4103;0.0;88.5925;1.7394;0.0;1;1;1;170005.0;0.0;159531.0;10474.0;178938.0;0.0;166873.0;12065.0
06272793000184;EQUATORIAL MA;2021-03;90.0735;1.8296;0.0;88.1288;2.4813;0.0;1;1;1;202347.0;0.0;192415.0;9932.0;212532.0;0.0;200473.0;12059.0
06272793000184;EQUATORIAL MA;2021-04;93.9016;1.0263;0.0;92.9174;1.5118;0.0;1;1;1;155497.0;0.0;150154.0;5343.0;164955.0;0.0;158177.0;6778.0
06272793000184;EQUATORIAL MA;2021-05;93.1231;1.0395;0.0;91.6554;1.2864;0.0;1;1;1;152659.0;0.0;146032.0;6627.0;158893.0;0.0;151479.0;7414.0
06272793000184;EQUATORIAL MA;2021-06;91.2096;1.0523;0.0007;91.1887;1.0493;0.0007;1;1;1;147961.0;1.0;140952.0;7009.0;148570.0;1.0;141543.0;7027.0
06272793000184;EQUATORIAL MA;2021-07;91.364;1.0924;0.0;91.161;1.2352;0.0;1;1;1;145533.0;0.0;138982.0;6552.0;146593.0;0.0;139772.0;6822.0
06272793000184;EQUATORIAL MA;2021-08;88.0573;3.2701;0.0;87.3011;3.6426;0.0;1;1;1;130074.0;0.0;123201.0;6873.0;131655.0;0.0;124145.0;7510.0
06272793000184;EQUATORIAL MA;2021-09;86.9487;2.4902;0.0;78.1365;6.9009;0.0;1;1;1;137190.0;0.0;129574.0;7616.0;156372.0;0.0;138996.0;17376.0
06272793000184;EQUATORIAL MA;2021-10;86.9726;1.872;0.0;86.11;2.0992;0.0;1;1;1;161855.0;0.0;151906.0;9949.0;164980.0;0.0;154372.0;10608.0
06272793000184;EQUATORIAL MA;2021-11;87.762;2.6062;0.0;86.3786;3.4837;0.0;1;1;1;155115.0;0.0;144769.0;10618.0;159263.0;0.0;146892.0;12653.0
06272793000184;EQUATORIAL MA;2021-12;90.6819;1.5954;0.0;88.6599;2.8319;0.0;1;1;1;146942.0;0.0;138840.0;8102.0;151233.0;0.0;140781.0;10452.0
06272793000184;EQUATORIAL MA;2022-01;93.8411;0.5907;0.0;91.4767;1.5711;0.0;1;1;1;142983.0;0.0;136987.0;5996.0;160530.0;0.0;150796.0;9734.0
06272793000184;EQUATORIAL MA;2022-02;93.9418;0.6706;0.0;92.9825;1.0869;0.0;1;1;1;119160.0;0.0;115377.0;3783.0;150833.0;0.0;145067.0;5766.0
06272793000184;EQUATORIAL MA;2022-03;90.4901;1.0962;0.0;90.4571;1.1091;0.0;1;1;1;147616.0;0.0;141836.0;5780.0;151474.0;0.0;145431.0;6043.0
06272793000184;EQUATORIAL MA;2022-04;91.0337;0.9717;0.0;89.5813;1.5744;0.0;1;1;1;123039.0;0.0;119336.0;3703.0;126463.0;0.0;121782.0;4681.0
06272793000184;EQUATORIAL MA;2022-05;90.4199;0.7909;0.0;89.7188;0.9916;0.0;1;1;1;127459.0;0.0;124062.0;3397.0;129390.0;0.0;125605.0;3785.0
06272793000184;EQUATORIAL MA;2022-06;93.855;0.4144;0.0;93.7224;0.4366;0.0;1;1;1;93535.0;0.0;91564.0;1971.0;93921.0;0.0;91909.0;2012.0
06272793000184;EQUATORIAL MA;2022-07;93.8622;0.7557;0.0;93.818;0.7573;0.0;1;1;1;78608.0;0.0;76432.0;2176.0;78712.0;0.0;76527.0;2185.0
06272793000184;EQUATORIAL MA;2022-08;92.0349;0.5185;0.0;92.0461;0.5177;0.0;1;1;1;105284.0;0.0;102640.0;2644.0;105456.0;0.0;102810.0;2646.0
06272793000184;EQUATORIAL MA;2022-09;92.1696;1.0133;0.0;91.8325;1.1455;0.0;1;1;1;100607.0;0.0;96416.0;4191.0;101386.0;0.0;96997.0;4389.0
06272793000184;EQUATORIAL MA;2022-10;90.1936;1.216;0.0;88.0677;2.563;0.0;1;1;1;107245.0;0.0;103575.0;3670.0;111364.0;0.0;105837.0;5527.0
06272793000184;EQUATORIAL MA;2022-11;91.3213;0.7654;0.0;89.2613;1.0602;0.0;1;1;1;125988.0;0.0;122266.0;3722.0;144494.0;0.0;139703.0;4791.0
06272793000184;EQUATORIAL MA;2022-12;91.3151;0.6594;0.0;91.2123;0.6828;0.0;1;1;1;115467.0;0.0;111032.0;4435.0;117719.0;0.0;113165.0;4554.0
06272793000184;EQUATORIAL MA;2023-01;91.4626;0.6108;0.0;88.8335;1.5969;0.0;1;1;1;106285.0;0.0;103482.0;2803.0;114201.0;0.0;109872.0;4329.0
06272793000184;EQUATORIAL MA;2023-02;93.7905;0.2655;0.0;93.5335;0.3828;0.0;1;1;1;96237.0;0.0;93929.0;2308.0;99656.0;0.0;97067.0;2589.0
06272793000184;EQUATORIAL MA;2023-03;91.4954;0.3761;0.0;91.4815;0.4031;0.0;1;1;1;110694.0;0.0;107266.0;3428.0;112803.0;0.0;109214.0;3589.0
06272793000184;EQUATORIAL MA;2023-04;91.5714;0.4763;0.0;91.2798;0.5847;0.0;1;1;1;99612.0;0.0;96317.0;3295.0;103938.0;0.0;100314.0;3624.0
06272793000184;EQUATORIAL MA;2023-05;90.997;0.4284;0.0;89.7341;0.598;0.0;1;1;1;99027.0;0.0;96464.0;2563.0;103432.0;0.0;100391.0;3041.0
06272793000184;EQUATORIAL MA;2023-06;91.83;0.4576;0.0;89.699;0.9315;0.0;1;1;1;79665.0;0.0;77441.0;2224.0;84754.0;0.0;81786.0;2968.0
06272793000184;EQUATORIAL MA;2023-07;91.1114;0.5623;0.0;90.7613;0.7226;0.0;1;1;1;87358.0;0.0;84709.0;2649.0;88585.0;0.0;85590.0;2995.0
06272793000184;EQUATORIAL MA;2023-08;90.0757;0.5;0.0;87.7165;1.3624;0.0;1;1;1;103209.0;0.0;99888.0;3321.0;111228.0;0.0;106286.0;4942.0
06272793000184;EQUATORIAL MA;2023-09;89.4807;0.6727;0.0;85.4126;2.6621;0.0;1;1;1;99370.0;0.0;95972.0;3398.0;109122.0;0.0;102747.0;6375.0
06272793000184;EQUATORIAL MA;2023-10;91.8883;1.1962;0.0;87.8707;3.4691;0.0;1;1;1;109653.0;0.0;101511.0;8172.0;120386.0;0.0;107575.0;12841.0
06272793000184;EQUATORIAL MA;2023-11;89.709;1.2215;0.0;87.3907;2.5418;0.0;1;1;1;102697.0;0.0;94210.0;8487.0;116280.0;0.0;101568.0;14712.0
06272793000184;EQUATORIAL MA;2023-12;88.9481;2.117;0.0;77.9713;7.8505;0.0;1;1;1;107875.0;0.0;101214.0;6661.0;140456.0;0.0;122851.0;17605.0
06272793000184;EQUATORIAL MA;2024-01;92.9759;1.3948;0.0;85.5418;5.9277;0.0;1;1;1;220079.0;0.0;110143.0;2737.0;269802.0;0.0;127911.0;10595.0
06272793000184;EQUATORIAL MA;2024-02;93.679;0.7263;0.0;75.8697;7.4697;0.0;1;1;1;187090.0;0.0;92128.0;1521.0;335378.0;0.0;154013.0;15914.0
06272793000184;EQUATORIAL MA;2024-03;91.8685;0.9017;0.0;87.5088;2.6049;0.0;1;1;1;197453.0;0.0;99568.0;2027.0;300505.0;0.0;147240.0;6336.0
06272793000184;EQUATORIAL MA;2024-04;96.4757;0.3202;0.0;92.6416;1.4873;0.0;1;1;1;191570.0;0.0;107394.0;924.0;275466.0;0.0;152675.0;3631.0
06272793000184;EQUATORIAL MA;2024-05;91.8141;1.0218;0.0;89.7423;1.6793;0.0;1;1;1;194330.0;0.0;110043.0;2203.0;270620.0;0.0;151520.0;4319.0
06272793000184;EQUATORIAL MA;2024-06;93.7568;0.8999;0.0;90.3123;1.8114;0.0;1;1;1;183375.0;0.0;104621.0;1765.0;239269.0;0.0;135247.0;3906.0
06272793000184;EQUATORIAL MA;2024-07;90.7868;1.0915;0.0;88.8042;1.452;0.0;1;1;1;206793.0;0.0;118531.0;2386.0;244687.0;0.0;139674.0;3495.0
06272793000184;EQUATORIAL MA;2024-08;93.0204;0.9881;0.0;92.2732;1.2723;0.0;1;1;1;204923.0;0.0;116240.0;2089.0;220654.0;0.0;124540.0;2675.0
06272793000184;EQUATORIAL MA;2024-09;90.128;1.359;0.0;83.4911;5.8775;0.0;1;1;1;171173.0;0.0;104376.0;2535.0;222758.0;0.0;128656.0;10437.0
06272793000184;EQUATORIAL MA;2024-10;90.7775;0.8912;0.0;88.2199;2.353;0.0;1;1;1;204618.0;0.0;115771.0;2155.0;258527.0;0.0;143958.0;5214.0
06272793000184;EQUATORIAL MA;2024-11;92.951;1.0461;0.0;91.4394;1.5351;0.0;1;1;1;203342.0;0.0;110016.0;1930.0;246887.0;0.0;132262.0;3152.0
06272793000184;EQUATORIAL MA;2024-12;96.4438;0.3378;0.0;87.354;4.5076;0.0;1;1;1;182440.0;0.0;101505.0;838.0;284910.0;0.0;149310.0;8508.0
06272793000184;EQUATORIAL MA;2025-01;92.8338;0.802;0.0;84.3872;5.2349;0.0;1;1;1;222540.0;0.0;122699.0;1928.0;375957.0;0.0;194115.0;13203.0
06272793000184;EQUATORIAL MA;2025-02;91.3812;2.1052;0.0;77.7637;9.4862;0.0;1;1;1;159071.0;0.0;101793.0;3077.0;273066.0;0.0;169021.0;20691.0
06272793000184;EQUATORIAL MA;2025-03;91.9885;1.0102;0.0;88.982;2.3546;0.0;1;1;1;246600.0;0.0;133173.0;2311.0;299248.0;0.0;160984.0;5366.0
06272793000184;EQUATORIAL MA;2025-04;90.8073;1.0832;0.0;89.5457;1.4079;0.0;1;1;1;250980.0;0.0;137346.0;2405.0;265007.0;0.0;144262.0;3101.0
06272793000184;EQUATORIAL MA;2025-05;91.1634;1.7509;0.0;90.5095;2.0687;0.0;1;1;1;267783.0;0.0;128952.0;3311.0;276712.0;0.0;132505.0;3888.0
06272793000184;EQUATORIAL MA;2025-06;89.6328;2.0327;0.0;87.972;2.9556;0.0;1;1;1;228564.0;0.0;126125.0;3408.0;239285.0;0.0;130350.0;4884.0
06272793000184;EQUATORIAL MA;2025-07;89.8074;2.3967;0.0;89.2548;2.706;0.0;1;1;1;216889.0;0.0;123558.0;3897.0;222413.0;0.0;126023.0;4433.0
06272793000184;EQUATORIAL MA;2025-08;96.0146;0.4825;0.0;94.0765;1.7018;0.0;1;1;1;202676.0;0.0;111592.0;969.0;209782.0;0.0;113209.0;2546.0
06272793000184;EQUATORIAL MA;2025-09;90.9889;1.0377;0.0;91.0622;1.0297;0.0;1;1;1;253305.0;0.0;125022.0;2072.0;260507.0;0.0;128028.0;2107.0
06272793000184;EQUATORIAL MA;2025-10;91.6485;1.3071;0.0;89.1522;2.6923;0.0;1;1;1;304003.0;0.0;134174.0;2479.0;331988.0;0.0;141972.0;4919.0
06272793000184;EQUATORIAL MA;2025-11;89.3193;1.3748;0.0;89.3444;1.3633;0.0;1;1;1;216488.0;0.0;120235.0;2542.0;218358.0;0.0;121329.0;2547.0
06272793000184;EQUATORIAL MA;2025-12;87.8222;2.2957;0.0;76.3743;9.2266;0.0;1;1;1;205541.0;0.0;121085.0;3719.0;293606.0;0.0;159349.0;18189.0
06272793000184;EQUATORIAL MA;2026-01;89.9042;1.4265;0.0;86.2134;2.656;0.0;1;1;1;209311.0;0.0;121755.0;2829.0;297164.0;0.0;156792.0;7098.0
06272793000184;EQUATORIAL MA;2026-02;91.3003;1.4825;0.0;86.9961;3.8052;0.0;1;1;1;217342.0;0.0;130251.0;2798.0;241221.0;0.0;139796.0;6801.0
06272793000184;EQUATORIAL MA;2026-03;92.7336;2.4228;0.0;90.1653;3.834;0.0;1;1;1;263087.0;0.0;138704.0;4084.0;276284.0;0.0;143095.0;6502.0
06272793000184;EQUATORIAL MA;2026-04;87.597;3.8943;0.0;86.6328;4.4967;0.0;1;1;1;252845.0;0.0;131338.0;6212.0;270454.0;0.0;139791.0;7608.0
06272793000184;EQUATORIAL MA;2026-05;88.8863;2.5781;0.0;88.4642;2.7552;0.0;1;1;1;242387.0;0.0;124739.0;4223.0;244997.0;0.0;125579.0;4522.0
06272793000184;EQUATORIAL MA;2026-06;90.5483;2.1171;0.0;90.5303;2.1089;0.0;1;1;1;229481.0;0.0;111701.0;3089.0;230949.0;0.0;112284.0;3097.0
06272793000184;EQUATORIAL MA;2026-07;87.8982;2.5795;0.0;87.881;2.5924;0.0;1;1;1;210244.0;0.0;103935.0;3387.0;210724.0;0.0;104119.0;3407.0
06840748000189;EQUATORIAL PI;2014-01;56.4226;22.2231;62.1739;40.8585;30.2158;68.7282;0;0;0;361634.0;224842.0;98919.0;37873.0;665066.0;457088.0;132458.0;75520.0
06840748000189;EQUATORIAL PI;2014-02;72.9639;17.4628;29.5296;67.5103;20.9454;35.4729;0;0;0;197913.0;58443.0;110150.0;29320.0;238461.0;84589.0;115909.0;37963.0
06840748000189;EQUATORIAL PI;2014-03;73.8853;14.1766;0.813;64.0766;18.3985;8.3221;0;0;1;153757.0;1250.0;126520.0;25987.0;221266.0;18414.0;157411.0;45441.0
06840748000189;EQUATORIAL PI;2014-04;60.9364;19.962;0.014;47.3204;27.3157;0.0311;0;0;1;156898.0;22.0;118786.0;38090.0;225000.0;70.0;152241.0;72689.0
06840748000189;EQUATORIAL PI;2014-05;81.5873;10.0517;0.0358;81.0262;10.3409;0.08;0;0;1;125692.0;45.0;110130.0;15517.0;128797.0;103.0;112342.0;16352.0
06840748000189;EQUATORIAL PI;2014-06;97.6036;0.8682;0.8084;97.3526;0.9344;0.7918;1;1;1;83994.0;679.0;82321.0;994.0;85749.0;679.0;83972.0;1098.0
06840748000189;EQUATORIAL PI;2014-07;97.7607;0.6867;0.2992;96.0576;1.4824;1.6162;1;1;1;88240.0;264.0;87058.0;918.0;91882.0;1485.0;88587.0;1810.0
06840748000189;EQUATORIAL PI;2014-08;97.024;0.9971;0.0;95.1275;1.6728;0.1496;1;1;1;98013.0;0.0;96708.0;1305.0;102916.0;154.0;100456.0;2306.0
06840748000189;EQUATORIAL PI;2014-09;87.7276;4.5869;0.1031;81.746;6.685;4.0502;1;0;1;136755.0;141.0;128740.0;7874.0;169076.0;6848.0;148591.0;13637.0
06840748000189;EQUATORIAL PI;2014-10;87.5222;4.4591;8.1491;76.7212;7.6041;31.5135;1;0;0;161048.0;13124.0;139462.0;8462.0;279604.0;88113.0;173148.0;18343.0
06840748000189;EQUATORIAL PI;2014-11;88.8346;4.1815;3.8362;80.6569;6.9313;7.1422;1;0;0;146605.0;5624.0;133549.0;7432.0;199378.0;14240.0;169239.0;15899.0
06840748000189;EQUATORIAL PI;2014-12;91.6509;3.1772;19.7342;86.9012;4.3906;34.55;1;1;0;160052.0;31585.0;123482.0;4985.0;243236.0;84038.0;150537.0;8661.0
06840748000189;EQUATORIAL PI;2015-01;89.3673;4.3417;19.339;78.5327;7.3603;34.1674;1;0;0;161896.0;31309.0;123559.0;7028.0;291971.0;99759.0;174700.0;17512.0
06840748000189;EQUATORIAL PI;2015-02;92.0616;3.1955;6.9553;89.1922;3.7104;18.865;1;1;0;137564.0;9568.0;122872.0;5124.0;207241.0;39096.0;160171.0;7974.0
06840748000189;EQUATORIAL PI;2015-03;90.8757;3.507;14.9742;89.043;4.0068;18.5333;1;1;0;205740.0;30808.0;166764.0;8168.0;273783.0;50741.0;210901.0;12141.0
06840748000189;EQUATORIAL PI;2015-04;94.5161;1.1387;2.048;93.4558;1.3862;15.2662;1;1;0;135207.0;2769.0;130230.0;2208.0;207079.0;31613.0;171876.0;3590.0
06840748000189;EQUATORIAL PI;2015-05;96.7635;0.9997;1.5297;96.5661;1.005;1.5015;1;1;1;117145.0;1792.0;113880.0;1473.0;119347.0;1792.0;116036.0;1519.0
06840748000189;EQUATORIAL PI;2015-06;97.4237;0.5314;0.0638;96.2305;0.9833;0.658;1;1;1;108153.0;69.0;107257.0;827.0;114742.0;755.0;112479.0;1508.0
06840748000189;EQUATORIAL PI;2015-07;99.0857;0.1465;0.0129;96.7469;0.5818;1.2278;1;1;1;116197.0;15.0;115881.0;301.0;132273.0;1624.0;129518.0;1131.0
06840748000189;EQUATORIAL PI;2015-08;95.6165;1.1482;0.4477;93.4564;1.8862;1.2859;1;1;1;104973.0;470.0;102878.0;1625.0;109495.0;1408.0;105437.0;2650.0
06840748000189;EQUATORIAL PI;2015-09;93.4542;1.8112;8.1777;88.1635;4.3025;18.5863;1;1;0;135930.0;11116.0;121923.0;2891.0;168538.0;31325.0;130184.0;7029.0
06840748000189;EQUATORIAL PI;2015-10;88.5767;3.6927;0.5629;81.0498;7.0521;10.6893;1;1;1;147800.0;832.0;140052.0;6916.0;209798.0;22426.0;171317.0;16055.0
06840748000189;EQUATORIAL PI;2015-11;92.3767;2.2446;2.4309;90.099;2.8917;2.339;1;1;0;149823.0;3642.0;141889.0;4292.0;158232.0;3701.0;148698.0;5833.0
06840748000189;EQUATORIAL PI;2015-12;84.3376;4.8244;13.626;73.7021;8.3581;45.1089;0;0;0;189395.0;25807.0;153424.0;10164.0;432786.0;195225.0;212940.0;24621.0
06840748000189;EQUATORIAL PI;2016-01;89.4405;2.9984;9.4467;82.2949;5.5438;11.5478;1;1;0;179681.0;16974.0;156257.0;6450.0;243527.0;28122.0;200216.0;15189.0
06840748000189;EQUATORIAL PI;2016-02;92.3417;1.8978;2.6734;89.8498;2.5734;2.5575;1;1;0;150597.0;4026.0;142830.0;3741.0;162777.0;4163.0;153105.0;5509.0
06840748000189;EQUATORIAL PI;2016-03;90.5498;1.9789;0.0;83.9314;4.3285;3.0167;1;1;1;157745.0;0.0;153355.0;4390.0;186063.0;5613.0;170259.0;10191.0
06840748000189;EQUATORIAL PI;2016-04;91.6673;2.5567;0.8535;90.4379;3.235;4.6789;1;1;1;146805.0;1253.0;140867.0;4685.0;158882.0;7434.0;145430.0;6018.0
06840748000189;EQUATORIAL PI;2016-05;95.3726;1.2484;0.5377;91.8115;3.4936;2.9655;1;1;1;133148.0;716.0;130285.0;2147.0;145641.0;4319.0;135523.0;5799.0
06840748000189;EQUATORIAL PI;2016-06;95.4214;1.0165;0.0356;93.3512;1.5358;1.7513;1;1;1;115304.0;41.0;113737.0;1526.0;124025.0;2172.0;119378.0;2475.0
06840748000189;EQUATORIAL PI;2016-07;94.6493;0.9486;0.0;94.2353;1.1253;0.0;1;1;1;113887.0;0.0;112460.0;1427.0;114826.0;0.0;113167.0;1659.0
06840748000189;EQUATORIAL PI;2016-08;90.9899;2.4295;0.0;90.096;2.9521;0.0;1;1;1;116810.0;0.0;113293.0;3517.0;118648.0;0.0;114402.0;4246.0
06840748000189;EQUATORIAL PI;2016-09;91.8926;1.8678;0.0;87.8458;3.7256;0.0;1;1;1;126132.0;0.0;123256.0;2876.0;133707.0;0.0;127862.0;5845.0
06840748000189;EQUATORIAL PI;2016-10;85.7018;3.6216;0.0014;71.67;8.7676;0.0016;1;1;1;143531.0;2.0;137266.0;6263.0;182123.0;3.0;163275.0;18845.0
06840748000189;EQUATORIAL PI;2016-11;85.2151;3.1268;0.0;79.5599;5.4379;0.0005;1;1;1;163251.0;0.0;156892.0;6359.0;185233.0;1.0;172973.0;12259.0
06840748000189;EQUATORIAL PI;2016-12;91.5249;2.715;0.002;85.2979;5.8981;0.0016;1;1;1;151860.0;3.0;147090.0;4767.0;184998.0;3.0;172662.0;12333.0
06840748000189;EQUATORIAL PI;2017-01;92.7476;1.6269;0.0014;84.4666;5.0256;0.0019;1;1;1;146406.0;2.0;143428.0;2976.0;214905.0;4.0;202154.0;12747.0
06840748000189;EQUATORIAL PI;2017-02;88.7229;2.7968;0.0007;71.6553;10.5785;0.0004;1;1;1;133368.0;1.0;128870.0;4498.0;230232.0;1.0;202739.0;27493.0
06840748000189;EQUATORIAL PI;2017-03;82.5502;3.3693;0.0015;62.3465;11.9579;0.0017;0;1;1;131965.0;2.0;126419.0;5544.0;229966.0;4.0;198204.0;31758.0
06840748000189;EQUATORIAL PI;2017-04;92.878;1.4051;0.0007;82.6855;5.6483;0.001;1;1;1;145158.0;1.0;142230.0;2927.0;203324.0;2.0;187826.0;15496.0
06840748000189;EQUATORIAL PI;2017-05;87.1966;2.71;0.0;84.9107;3.9801;0.0;1;1;1;143827.0;0.0;138541.0;5286.0;152450.0;0.0;144507.0;7943.0
06840748000189;EQUATORIAL PI;2017-06;86.281;2.9652;0.0025;84.8435;3.7781;0.0024;1;1;1;119165.0;3.0;114371.0;4791.0;124251.0;3.0;118020.0;6228.0
06840748000189;EQUATORIAL PI;2017-07;85.0847;3.2162;0.0008;71.8869;12.9156;0.0006;1;1;1;124339.0;1.0;118896.0;5442.0;156977.0;1.0;131588.0;25388.0
06840748000189;EQUATORIAL PI;2017-08;90.7254;2.3475;0.0;85.067;6.3245;0.0;1;1;1;123718.0;0.0;119926.0;3792.0;135793.0;0.0;124639.0;11154.0
06840748000189;EQUATORIAL PI;2017-09;83.7496;6.5346;0.0;78.5085;11.1826;0.0;0;0;1;131549.0;0.0;121462.0;10191.0;143457.0;0.0;124728.0;18833.0
06840748000189;EQUATORIAL PI;2017-10;85.3842;9.3305;0.0007;74.816;20.0869;0.0017;1;0;1;135137.0;1.0;121012.0;14124.0;181429.0;3.0;141825.0;39601.0
06840748000189;EQUATORIAL PI;2017-11;91.3928;4.9838;0.004;73.7508;22.4018;0.0034;1;0;1;123981.0;5.0;116717.0;7259.0;207757.0;7.0;157356.0;50394.0
06840748000189;EQUATORIAL PI;2017-12;96.363;1.801;0.0;80.844;16.3707;0.0;1;1;1;132283.0;0.0;128898.0;3385.0;218497.0;0.0;178081.0;40416.0
06840748000189;EQUATORIAL PI;2018-01;90.9999;5.5718;0.0;63.147;33.3297;0.0006;1;0;1;119075.0;0.0;111141.0;7934.0;348585.0;2.0;224191.0;124394.0
06840748000189;EQUATORIAL PI;2018-02;93.9672;3.3619;0.0014;77.1353;19.6488;0.0013;1;1;1;138628.0;2.0;132603.0;6025.0;239149.0;3.0;186671.0;52478.0
06840748000189;EQUATORIAL PI;2018-03;97.7309;2.2232;0.0005;97.3399;2.5991;0.0005;1;1;1;187577.0;1.0;183003.0;4574.0;202277.0;1.0;196518.0;5759.0
06840748000189;EQUATORIAL PI;2018-04;99.238;0.7345;0.0;99.2208;0.7501;0.0;1;1;1;163863.0;0.0;162575.0;1288.0;168729.0;0.0;167372.0;1357.0
06840748000189;EQUATORIAL PI;2018-05;99.8239;0.1667;0.0009;99.705;0.2857;0.0008;1;1;1;116397.0;1.0;116192.0;204.0;118339.0;1.0;117987.0;351.0
06840748000189;EQUATORIAL PI;2018-06;99.8563;0.1242;0.0;99.8364;0.1405;0.0;1;1;1;102314.0;0.0;102162.0;152.0;103969.0;0.0;103796.0;173.0
06840748000189;EQUATORIAL PI;2018-07;97.4473;1.4848;0.0;96.13;2.7267;0.0;1;1;1;113105.0;0.0;111070.0;2035.0;116547.0;0.0;112908.0;3639.0
06840748000189;EQUATORIAL PI;2018-08;97.5022;1.0975;0.0;96.0861;2.4255;0.0;1;1;1;114955.0;0.0;113362.0;1593.0;118398.0;0.0;115052.0;3346.0
06840748000189;EQUATORIAL PI;2018-09;93.9546;2.4463;0.0008;90.8454;4.1941;0.0007;1;1;1;133033.0;1.0;129046.0;3986.0;139647.0;1.0;132627.0;7019.0
06840748000189;EQUATORIAL PI;2018-10;92.0528;3.2633;0.0;75.6658;12.0618;0.0;1;1;1;143824.0;0.0;138169.0;5655.0;194039.0;0.0;167036.0;27003.0
06840748000189;EQUATORIAL PI;2018-11;94.9136;2.0342;0.0;80.9564;9.2248;0.0;1;1;1;123897.0;0.0;120878.0;3019.0;149895.0;0.0;134507.0;15388.0
06840748000189;EQUATORIAL PI;2018-12;93.7823;3.0135;0.0007;82.1123;11.318;0.0005;1;1;1;140424.0;1.0;135270.0;5154.0;187158.0;1.0;161780.0;25378.0
06840748000189;EQUATORIAL PI;2019-01;89.0793;6.8531;0.0;72.6324;20.2489;0.0;1;0;1;156354.0;0.0;143788.0;12566.0;231264.0;0.0;178755.0;52509.0
06840748000189;EQUATORIAL PI;2019-02;87.5716;2.3092;0.0;54.5293;18.9434;0.0;1;1;1;103914.0;0.0;97766.0;6148.0;358956.0;0.0;267447.0;91509.0
06840748000189;EQUATORIAL PI;2019-03;91.1916;2.2641;0.3419;80.6914;6.3028;0.4845;1;1;1;156193.0;534.0;140639.0;15554.0;297420.0;1441.0;238642.0;58778.0
06840748000189;EQUATORIAL PI;2019-04;86.5219;3.7062;0.7552;70.4351;10.6479;1.2685;1;1;1;153210.0;1157.0;134795.0;18415.0;308642.0;3915.0;232428.0;76214.0
06840748000189;EQUATORIAL PI;2019-05;86.9116;3.5092;0.5187;68.3737;15.5311;1.8598;1;1;1;159825.0;829.0;141001.0;18824.0;268952.0;5002.0;195364.0;73588.0
06840748000189;EQUATORIAL PI;2019-06;86.753;3.0622;1.1345;81.7927;5.9316;1.9889;1;1;1;159370.0;1808.0;144130.0;15240.0;188951.0;3758.0;163474.0;25477.0
06840748000189;EQUATORIAL PI;2019-07;88.1291;3.2893;0.9849;68.9367;15.0505;4.2363;1;1;1;129858.0;1279.0;117665.0;12193.0;284774.0;12064.0;215573.0;69201.0
06840748000189;EQUATORIAL PI;2019-08;88.7637;2.8941;0.3845;77.294;9.1486;1.1032;1;1;1;154994.0;596.0;142233.0;12761.0;231244.0;2551.0;192534.0;38710.0
06840748000189;EQUATORIAL PI;2019-09;89.5685;3.5971;4.1345;71.1799;13.3339;6.5658;1;1;0;106253.0;4393.0;95890.0;10363.0;344177.0;22598.0;264511.0;79666.0
06840748000189;EQUATORIAL PI;2019-10;87.7208;3.7776;6.2609;49.544;27.0517;17.6895;1;1;0;102764.0;6434.0;95061.0;7703.0;443279.0;78414.0;274098.0;169181.0
06840748000189;EQUATORIAL PI;2019-11;85.2206;3.1245;0.0;70.5106;10.7523;0.1506;1;1;1;138854.0;0.0;128578.0;10276.0;203222.0;306.0;165077.0;38145.0
06840748000189;EQUATORIAL PI;2019-12;90.2606;2.0051;0.0;87.9306;3.045;0.0;1;1;1;161465.0;0.0;151307.0;10158.0;175036.0;0.0;161145.0;13891.0
06840748000189;EQUATORIAL PI;2020-01;86.7579;3.1429;0.0;86.3927;3.2736;0.0;1;1;1;208465.0;0.0;187678.0;20787.0;211989.0;0.0;190228.0;21761.0
06840748000189;EQUATORIAL PI;2020-02;88.4533;3.1167;0.0;83.1638;5.9382;0.0;1;1;1;178669.0;0.0;161082.0;17587.0;200612.0;0.0;172735.0;27877.0
06840748000189;EQUATORIAL PI;2020-03;83.7182;5.1641;0.0;82.7506;5.6985;0.0;0;0;1;163560.0;0.0;143205.0;20355.0;166832.0;0.0;144683.0;22149.0
06840748000189;EQUATORIAL PI;2020-04;56.7349;12.2954;0.0;55.0796;14.139;0.0754;0;0;1;119515.0;0.0;97453.0;22062.0;125991.0;95.0;99458.0;26533.0
06840748000189;EQUATORIAL PI;2020-05;34.6526;20.7673;0.064;33.569;22.1285;0.0621;0;0;1;125032.0;80.0;91967.0;33065.0;131974.0;82.0;94082.0;37892.0
06840748000189;EQUATORIAL PI;2020-06;90.1945;1.5807;0.0;89.8077;1.7184;0.0;1;1;1;111454.0;0.0;104417.0;7037.0;111980.0;0.0;104720.0;7260.0
06840748000189;EQUATORIAL PI;2020-07;85.6656;0.9953;0.0;85.4528;1.1581;0.0;1;1;1;111839.0;0.0;106938.0;4901.0;112147.0;0.0;107028.0;5119.0
06840748000189;EQUATORIAL PI;2020-08;82.9322;3.6582;0.0079;82.8246;3.6933;0.0079;0;1;1;126794.0;10.0;118538.0;8256.0;127067.0;10.0;118750.0;8317.0
06840748000189;EQUATORIAL PI;2020-09;87.7315;3.4439;0.0;87.0498;3.8874;0.0;1;1;1;109215.0;0.0;103289.0;5926.0;110295.0;0.0;103644.0;6651.0
06840748000189;EQUATORIAL PI;2020-10;92.0457;3.5505;0.0;91.7525;3.6179;0.0;1;1;1;132520.0;0.0;124686.0;7834.0;133281.0;0.0;125288.0;7993.0
06840748000189;EQUATORIAL PI;2020-11;93.4246;2.3152;0.0;92.6217;2.7772;0.0;1;1;1;140468.0;0.0;134047.0;6421.0;143876.0;0.0;136565.0;7311.0
06840748000189;EQUATORIAL PI;2020-12;95.923;1.2454;0.0;91.1288;4.8404;0.0;1;1;1;114505.0;0.0;110138.0;4367.0;121796.0;0.0;112235.0;9561.0
06840748000189;EQUATORIAL PI;2021-01;96.6591;0.9106;0.0;82.2769;7.4575;0.0;1;1;1;122661.0;0.0;117629.0;5032.0;179462.0;0.0;158156.0;21306.0
06840748000189;EQUATORIAL PI;2021-02;92.0947;1.8444;0.0;90.8563;2.4371;0.0;1;1;1;130173.0;0.0;123680.0;6493.0;144401.0;0.0;135711.0;8690.0
06840748000189;EQUATORIAL PI;2021-03;91.7081;1.9968;0.0;86.4728;4.9052;0.0;1;1;1;136320.0;0.0;130211.0;6109.0;171888.0;0.0;158369.0;13519.0
06840748000189;EQUATORIAL PI;2021-04;94.547;1.1944;0.0;91.6774;2.5654;0.0;1;1;1;115981.0;0.0;112340.0;3641.0;123107.0;0.0;116827.0;6280.0
06840748000189;EQUATORIAL PI;2021-05;93.5943;1.3938;0.0;93.246;1.4799;0.0;1;1;1;98508.0;0.0;94732.0;3776.0;101059.0;0.0;97061.0;3998.0
06840748000189;EQUATORIAL PI;2021-06;90.9569;1.3358;0.0;90.9504;1.3325;0.0;1;1;1;85006.0;0.0;81763.0;3243.0;85380.0;0.0;82121.0;3259.0
06840748000189;EQUATORIAL PI;2021-07;90.8334;1.8725;0.0;89.4358;2.8924;0.0;1;1;1;88751.0;0.0;85157.0;3594.0;94180.0;0.0;89338.0;4842.0
06840748000189;EQUATORIAL PI;2021-08;89.0087;2.3066;0.0;86.4419;3.7536;0.0;1;1;1;85926.0;0.0;82083.0;3843.0;91286.0;0.0;85796.0;5490.0
06840748000189;EQUATORIAL PI;2021-09;88.6625;3.4118;0.0;69.5611;17.4743;0.0;1;1;1;94151.0;0.0;87988.0;6163.0;133670.0;0.0;102166.0;31504.0
06840748000189;EQUATORIAL PI;2021-10;87.4924;3.4055;0.0;82.5483;6.2406;0.0569;1;1;1;118069.0;0.0;109201.0;8868.0;138799.0;79.0;124024.0;14775.0
06840748000189;EQUATORIAL PI;2021-11;91.2007;3.3797;0.0;86.7462;5.8881;0.0;1;1;1;115924.0;0.0;106236.0;9837.0;131998.0;0.0;117638.0;14590.0
06840748000189;EQUATORIAL PI;2021-12;92.364;2.1753;0.0;89.9178;3.6104;0.0;1;1;1;106965.0;0.0;100284.0;6681.0;114080.0;0.0;104734.0;9346.0
06840748000189;EQUATORIAL PI;2022-01;95.1612;1.0031;0.0;88.941;4.6011;0.0;1;1;1;126318.0;0.0;121689.0;4629.0;149475.0;0.0;136615.0;12860.0
06840748000189;EQUATORIAL PI;2022-02;93.7549;1.3398;0.0;84.4176;6.3469;0.0;1;1;1;116348.0;0.0;111929.0;4419.0;143567.0;0.0;129820.0;13747.0
06840748000189;EQUATORIAL PI;2022-03;91.9855;1.6857;0.0;90.3414;2.5503;0.0;1;1;1;138705.0;0.0;131809.0;6896.0;154592.0;0.0;145469.0;9123.0
06840748000189;EQUATORIAL PI;2022-04;91.5726;2.387;0.0;90.6783;3.0334;0.0;1;1;1;102602.0;0.0;97979.0;4623.0;103931.0;0.0;98457.0;5474.0
06840748000189;EQUATORIAL PI;2022-05;90.7247;1.9385;0.0;90.6914;1.9361;0.0;1;1;1;85171.0;0.0;82052.0;3119.0;85382.0;0.0;82255.0;3127.0
06840748000189;EQUATORIAL PI;2022-06;93.9894;0.9845;0.0;93.9517;0.9919;0.0;1;1;1;63708.0;0.0;62154.0;1554.0;63950.0;0.0;62384.0;1566.0
06840748000189;EQUATORIAL PI;2022-07;92.9371;1.536;0.0;92.9391;1.5356;0.0;1;1;1;57455.0;0.0;55513.0;1942.0;57473.0;0.0;55529.0;1944.0
06840748000189;EQUATORIAL PI;2022-08;92.1235;1.4179;0.0;91.3825;1.7424;0.0;1;1;1;69199.0;0.0;66748.0;2451.0;70217.0;0.0;67443.0;2774.0
06840748000189;EQUATORIAL PI;2022-09;90.9653;1.7839;0.0;86.4811;3.9367;0.0;1;1;1;82044.0;0.0;78456.0;3588.0;92704.0;0.0;86187.0;6517.0
06840748000189;EQUATORIAL PI;2022-10;90.0603;2.3095;0.0;86.2881;4.9098;0.0;1;1;1;87068.0;0.0;83246.0;3822.0;97638.0;0.0;90368.0;7270.0
06840748000189;EQUATORIAL PI;2022-11;93.0052;1.2787;0.0;87.4291;3.6242;0.0;1;1;1;98207.0;0.0;95041.0;3166.0;124970.0;0.0;117644.0;7326.0
06840748000189;EQUATORIAL PI;2022-12;91.5945;1.3661;0.0;91.3279;1.5123;0.0;1;1;1;89982.0;0.0;86283.0;3699.0;90949.0;0.0;87073.0;3876.0
06840748000189;EQUATORIAL PI;2023-01;91.5557;1.3325;0.0;89.7306;1.8929;0.0;1;1;1;96040.0;0.0;92635.0;3405.0;107713.0;0.0;103138.0;4575.0
06840748000189;EQUATORIAL PI;2023-02;93.2944;0.9782;0.0;88.5102;4.197;0.0;1;1;1;93424.0;0.0;90906.0;2518.0;106491.0;0.0;99340.0;7151.0
06840748000189;EQUATORIAL PI;2023-03;91.6897;0.9608;0.0;91.6677;0.9631;0.0;1;1;1;94984.0;0.0;92255.0;2729.0;95507.0;0.0;92758.0;2749.0
06840748000189;EQUATORIAL PI;2023-04;92.0918;1.0793;0.0;92.1107;1.0759;0.0;1;1;1;74830.0;0.0;72500.0;2330.0;75059.0;0.0;72726.0;2333.0
06840748000189;EQUATORIAL PI;2023-05;90.5677;1.1181;0.0;90.5789;1.119;0.0;1;1;1;65109.0;0.0;63057.0;2052.0;65250.0;0.0;63184.0;2066.0
06840748000189;EQUATORIAL PI;2023-06;91.4924;1.0474;0.0;91.381;1.079;0.0;1;1;1;54165.0;0.0;52433.0;1732.0;54584.0;0.0;52806.0;1778.0
06840748000189;EQUATORIAL PI;2023-07;90.905;1.5211;0.0;90.9831;1.5081;0.0;1;1;1;55006.0;0.0;52764.0;2242.0;55483.0;0.0;53228.0;2255.0
06840748000189;EQUATORIAL PI;2023-08;90.4661;1.1965;0.0;90.0909;1.4241;0.0;1;1;1;51841.0;0.0;49050.0;2791.0;52765.0;0.0;49770.0;2995.0
06840748000189;EQUATORIAL PI;2023-09;89.6382;1.5019;0.0;80.7496;8.2121;0.0;1;1;1;63637.0;0.0;60334.0;3303.0;75852.0;0.0;65733.0;10119.0
06840748000189;EQUATORIAL PI;2023-10;92.0709;1.6174;0.0;88.5015;3.9546;0.0;1;1;1;73418.0;0.0;67883.0;5535.0;79666.0;0.0;71258.0;8408.0
06840748000189;EQUATORIAL PI;2023-11;89.2367;2.3372;0.0;82.6344;6.0876;0.0;1;1;1;83794.0;0.0;75257.0;8537.0;99322.0;0.0;82796.0;16526.0
06840748000189;EQUATORIAL PI;2023-12;88.0004;3.7426;0.0;58.777;25.9342;0.0;1;1;1;81820.0;0.0;74947.0;6873.0;155291.0;0.0;105246.0;50045.0
06840748000189;EQUATORIAL PI;2024-01;93.3067;1.4409;0.0;80.0941;10.9608;0.0;1;1;1;166079.0;0.0;87143.0;2279.0;242392.0;0.0;114142.0;17704.0
06840748000189;EQUATORIAL PI;2024-02;93.4092;1.1246;0.0;85.7562;6.1481;0.0;1;1;1;159384.0;0.0;84671.0;1826.0;213250.0;0.0;106886.0;9032.0
06840748000189;EQUATORIAL PI;2024-03;93.7515;1.0044;0.0;83.8996;5.255;0.0;1;1;1;146592.0;0.0;81608.0;1615.0;249537.0;0.0;134411.0;9910.0
06840748000189;EQUATORIAL PI;2024-04;96.4585;0.3656;0.0;92.1704;2.3725;0.0;1;1;1;139810.0;0.0;84484.0;829.0;219919.0;0.0;130401.0;4472.0
06840748000189;EQUATORIAL PI;2024-05;92.2543;1.137;0.0;91.9862;1.2493;0.0;1;1;1;141748.0;0.0;85733.0;1768.0;149622.0;0.0;90189.0;1979.0
06840748000189;EQUATORIAL PI;2024-06;91.1914;1.4813;0.0;91.0138;1.6446;0.0;1;1;1;145125.0;0.0;79342.0;2136.0;146970.0;0.0;79900.0;2323.0
06840748000189;EQUATORIAL PI;2024-07;90.5756;1.4902;0.0;89.7025;1.7851;0.0;1;1;1;142772.0;0.0;84614.0;2020.0;155286.0;0.0;91715.0;2537.0
06840748000189;EQUATORIAL PI;2024-08;92.7331;1.066;0.0;92.2576;1.2859;0.0;1;1;1;141017.0;0.0;82503.0;1536.0;148782.0;0.0;86903.0;1860.0
06840748000189;EQUATORIAL PI;2024-09;90.3246;1.2067;0.0;82.8461;6.5857;0.0;1;1;1;128157.0;0.0;82605.0;1779.0;174900.0;0.0;108581.0;9295.0
06840748000189;EQUATORIAL PI;2024-10;91.0745;1.0514;0.0;88.1995;3.2517;0.0;1;1;1;160756.0;0.0;94110.0;1753.0;216031.0;0.0;122316.0;5458.0
06840748000189;EQUATORIAL PI;2024-11;93.2387;0.9439;0.0;91.6862;1.2;0.0;1;1;1;146231.0;0.0;89836.0;1418.0;176039.0;0.0;107525.0;2100.0
06840748000189;EQUATORIAL PI;2024-12;93.7421;0.6291;0.0;90.9772;1.8107;0.0;1;1;1;150668.0;0.0;84033.0;1102.0;229385.0;0.0;128738.0;3510.0
06840748000189;EQUATORIAL PI;2025-01;95.1984;0.5548;0.0;81.6925;6.5975;0.0;1;1;1;161330.0;0.0;86572.0;1115.0;363239.0;0.0;175861.0;16280.0
06840748000189;EQUATORIAL PI;2025-02;90.7862;1.5871;0.0;87.6438;3.8464;0.0;1;1;1;137584.0;0.0;93075.0;2197.0;159631.0;0.0;104494.0;5196.0
06840748000189;EQUATORIAL PI;2025-03;91.9617;1.0562;0.0;91.0872;1.2087;0.0;1;1;1;196588.0;0.0;107729.0;1890.0;207970.0;0.0;114345.0;2267.0
06840748000189;EQUATORIAL PI;2025-04;90.9131;0.9795;0.0;90.441;1.1213;0.0;1;1;1;150423.0;0.0;84921.0;1332.0;158302.0;0.0;88886.0;1544.0
06840748000189;EQUATORIAL PI;2025-05;91.0437;1.395;0.0;89.1516;1.9157;0.0;1;1;1;132393.0;0.0;80579.0;1558.0;138919.0;0.0;83813.0;2099.0
06840748000189;EQUATORIAL PI;2025-06;91.3986;2.9268;0.0;90.8361;3.3488;0.0;1;1;1;133803.0;0.0;69385.0;2432.0;134578.0;0.0;69557.0;2765.0
06840748000189;EQUATORIAL PI;2025-07;90.5301;2.5326;0.0;90.2204;2.6714;0.0;1;1;1;154723.0;0.0;76740.0;2416.0;160654.0;0.0;79827.0;2645.0
06840748000189;EQUATORIAL PI;2025-08;95.8174;0.5567;0.0;95.8645;0.5499;0.0;1;1;1;149249.0;0.0;73775.0;651.0;151171.0;0.0;74693.0;657.0
06840748000189;EQUATORIAL PI;2025-09;90.8874;1.3245;0.0;90.8655;1.3484;0.0;1;1;1;177614.0;0.0;83141.0;1507.0;180264.0;0.0;84282.0;1554.0
06840748000189;EQUATORIAL PI;2025-10;91.5255;1.0999;0.0;91.4293;1.1295;0.0;1;1;1;215355.0;0.0;96934.0;1544.0;221006.0;0.0;99093.0;1616.0
06840748000189;EQUATORIAL PI;2025-11;89.5713;1.465;0.0;89.5573;1.6016;0.0;1;1;1;173458.0;0.0;91744.0;1928.0;179361.0;0.0;94736.0;2127.0
06840748000189;EQUATORIAL PI;2025-12;90.5238;1.3258;0.0;85.7204;5.4668;0.0;1;1;1;177463.0;0.0;97423.0;1929.0;211414.0;0.0;110497.0;7370.0
06840748000189;EQUATORIAL PI;2026-01;89.9204;1.8506;0.0;86.5917;3.8069;0.0;1;1;1;151270.0;0.0;84063.0;2188.0;238061.0;0.0;117369.0;7164.0
06840748000189;EQUATORIAL PI;2026-02;89.1947;2.65;0.0;71.6243;12.5044;0.0;1;1;1;148876.0;0.0;81004.0;2728.0;238839.0;0.0;116447.0;18542.0
06840748000189;EQUATORIAL PI;2026-03;90.958;2.8939;0.0;90.2324;3.1878;0.0;1;1;1;193121.0;0.0;94593.0;3278.0;195214.0;0.0;95300.0;3623.0
06840748000189;EQUATORIAL PI;2026-04;90.0897;3.8315;0.0;89.3385;4.2769;0.0;1;1;1;179213.0;0.0;89907.0;4001.0;183601.0;0.0;91517.0;4571.0
06840748000189;EQUATORIAL PI;2026-05;91.2554;1.9161;0.0;91.2754;1.9117;0.0;1;1;1;122210.0;0.0;65370.0;1598.0;122523.0;0.0;65523.0;1598.0
06840748000189;EQUATORIAL PI;2026-06;91.4185;1.6767;0.0;91.2685;1.6905;0.0;1;1;1;116754.0;0.0;61103.0;1392.0;118148.0;0.0;61644.0;1415.0
06840748000189;EQUATORIAL PI;2026-07;94.122;0.6558;0.0;94.1246;0.6555;0.0;1;1;1;124733.0;0.0;66201.0;1067.0;124784.0;0.0;66231.0;1067.0
06981180000116;CEMIG-D;2014-01;85.8576;1.322;1.5695;68.8268;8.8118;7.7501;1;1;1;1266223.0;19874.0;738298.0;18960.0;1843082.0;142841.0;897122.0;111193.0
06981180000116;CEMIG-D;2014-02;85.3117;1.8588;0.5871;81.9793;3.0797;1.8611;1;1;1;1049151.0;6160.0;672061.0;20784.0;1114194.0;20736.0;695568.0;32332.0
06981180000116;CEMIG-D;2014-03;90.5476;0.7403;0.7933;84.2782;4.4512;1.9783;1;1;1;1139346.0;9038.0;702442.0;10553.0;1309794.0;25911.0;733032.0;44987.0
06981180000116;CEMIG-D;2014-04;95.1714;0.5035;0.6141;91.7035;2.1602;2.2241;1;1;1;919414.0;5646.0;683712.0;6112.0;1009891.0;22461.0;702147.0;20162.0
06981180000116;CEMIG-D;2014-05;98.7374;0.1434;3.0589;98.3536;0.3039;3.065;1;1;0;924628.0;28283.0;720236.0;2392.0;931971.0;28565.0;722951.0;4011.0
06981180000116;CEMIG-D;2014-06;98.8889;0.0989;0.5694;98.4644;0.2307;0.5655;1;1;1;840360.0;4785.0;666981.0;1620.0;846135.0;4785.0;669395.0;2752.0
06981180000116;CEMIG-D;2014-07;96.2126;0.5631;0.4634;90.5937;2.5977;1.8203;1;1;1;940007.0;4356.0;675926.0;6272.0;1044518.0;19013.0;715530.0;25817.0
06981180000116;CEMIG-D;2014-08;96.8784;0.4268;0.7534;95.0629;1.4751;2.0341;1;1;1;931804.0;7020.0;654367.0;5917.0;985816.0;20052.0;667934.0;15853.0
06981180000116;CEMIG-D;2014-09;92.6116;1.1556;0.4511;87.6818;3.5761;0.954;1;1;1;907424.0;4093.0;658172.0;13324.0;1015596.0;9689.0;695095.0;37680.0
06981180000116;CEMIG-D;2014-10;87.8199;1.749;0.8688;78.6233;5.1512;1.2532;1;1;1;1100933.0;9565.0;724436.0;20162.0;1258691.0;15774.0;791949.0;57844.0
06981180000116;CEMIG-D;2014-11;88.2051;1.4631;0.3541;78.4906;5.8585;0.5235;1;1;1;1121975.0;3973.0;707239.0;18160.0;1267021.0;6633.0;768817.0;64714.0
06981180000116;CEMIG-D;2014-12;91.4112;1.1251;0.6333;88.266;2.5887;0.6326;1;1;1;1057514.0;6697.0;718328.0;13822.0;1092548.0;6912.0;734160.0;27766.0
06981180000116;CEMIG-D;2015-01;86.7565;1.3326;0.3959;69.1021;9.9783;4.0001;1;1;1;1223486.0;4844.0;655546.0;17425.0;1942175.0;77688.0;853375.0;123519.0
06981180000116;CEMIG-D;2015-02;89.2174;1.4353;0.3363;50.4789;17.9262;1.5462;1;1;1;718991.0;2418.0;425848.0;10962.0;1589295.0;24573.0;743505.0;218246.0
06981180000116;CEMIG-D;2015-03;93.0821;0.6125;0.3607;80.4687;3.9982;0.5828;1;1;1;1095802.0;3953.0;687862.0;8339.0;1333762.0;7773.0;818685.0;48843.0
06981180000116;CEMIG-D;2015-04;90.6973;1.0465;0.5736;80.2418;3.5992;0.826;1;1;1;942101.0;5404.0;625766.0;11345.0;1110450.0;9172.0;718209.0;38225.0
06981180000116;CEMIG-D;2015-05;92.7262;0.5802;1.0244;77.9597;4.3094;1.3336;1;1;1;892388.0;9142.0;588281.0;7023.0;1121656.0;14958.0;711189.0;44052.0
06981180000116;CEMIG-D;2015-06;90.2244;0.8141;0.4776;88.6466;1.1712;0.4929;1;1;1;1081827.0;5167.0;689624.0;10847.0;1106510.0;5454.0;705120.0;14657.0
06981180000116;CEMIG-D;2015-07;93.3206;0.4957;0.1931;90.6145;1.5462;0.4652;1;1;1;1081749.0;2089.0;719413.0;7320.0;1148644.0;5344.0;742649.0;17208.0
06981180000116;CEMIG-D;2015-08;89.6177;1.0191;1.5969;85.7406;2.0474;1.6833;1;1;1;1069483.0;17079.0;658983.0;11964.0;1154093.0;19427.0;703858.0;22935.0
06981180000116;CEMIG-D;2015-09;90.3281;1.4635;0.5028;73.994;7.6265;0.458;1;1;1;1060336.0;5331.0;619831.0;14041.0;1524556.0;6982.0;740602.0;75855.0
06981180000116;CEMIG-D;2015-10;93.7864;0.5539;0.036;90.8195;1.0643;3.088;1;1;1;1121237.0;404.0;707864.0;7946.0;1642401.0;50718.0;778271.0;14563.0
06981180000116;CEMIG-D;2015-11;87.0325;1.5933;0.5735;71.9378;6.5006;2.0756;1;1;1;1402366.0;8043.0;636157.0;17810.0;2418953.0;50207.0;846769.0;77974.0
06981180000116;CEMIG-D;2015-12;89.658;1.2411;0.4351;80.0623;4.9492;0.4109;1;1;1;2212427.0;9627.0;700725.0;17273.0;2536065.0;10421.0;826132.0;59977.0
06981180000116;CEMIG-D;2016-01;93.2443;0.7014;0.1002;87.7617;2.784;0.1024;1;1;1;1474654.0;1478.0;751045.0;10348.0;1712743.0;1753.0;806569.0;32512.0
06981180000116;CEMIG-D;2016-02;89.1264;0.9957;0.0573;82.2059;2.6948;0.0895;1;1;1;1286818.0;737.0;680821.0;12699.0;1486372.0;1330.0;767226.0;33046.0
06981180000116;CEMIG-D;2016-03;94.6937;0.5274;0.052;91.6979;1.5785;0.263;1;1;1;1244369.0;647.0;722381.0;7286.0;1347740.0;3544.0;743964.0;17372.0
06981180000116;CEMIG-D;2016-04;96.2567;0.399;0.1838;95.8944;0.5573;0.1822;1;1;1;859467.0;1580.0;626765.0;4694.0;867219.0;1580.0;629121.0;5820.0
06981180000116;CEMIG-D;2016-05;97.4087;0.2525;0.0116;97.2397;0.3318;0.0115;1;1;1;795965.0;92.0;632947.0;3187.0;799312.0;92.0;633837.0;3761.0
06981180000116;CEMIG-D;2016-06;94.726;0.6566;0.3912;93.4472;1.0461;0.3939;1;1;1;835783.0;3270.0;634054.0;7240.0;857860.0;3379.0;649031.0;11218.0
06981180000116;CEMIG-D;2016-07;91.4464;1.122;0.0583;90.8996;1.4286;0.0593;1;1;1;889845.0;519.0;624817.0;11098.0;929197.0;551.0;649839.0;13874.0
06981180000116;CEMIG-D;2016-08;89.1585;1.6305;0.0425;86.9761;2.5476;0.055;1;1;1;952607.0;405.0;618881.0;15018.0;1009824.0;555.0;634732.0;22404.0
06981180000116;CEMIG-D;2016-09;88.26;1.5574;0.023;84.9264;2.9797;0.0217;1;1;1;1076934.0;248.0;660143.0;15711.0;1146802.0;249.0;678927.0;27681.0
06981180000116;CEMIG-D;2016-10;87.411;1.6873;0.8757;81.8371;4.0202;0.7766;1;1;1;1303044.0;11411.0;704535.0;18918.0;1475509.0;11459.0;768629.0;42619.0
06981180000116;CEMIG-D;2016-11;88.0765;1.4662;0.018;81.6412;4.6671;0.0217;1;1;1;1279842.0;230.0;716781.0;17317.0;1413807.0;307.0;759864.0;48153.0
06981180000116;CEMIG-D;2016-12;88.6241;1.1331;0.3735;74.4706;6.6478;2.9194;1;1;1;1488205.0;5558.0;701794.0;14980.0;2037680.0;59488.0;834753.0;75973.0
06981180000116;CEMIG-D;2017-01;89.7193;0.8219;0.1373;83.6826;2.089;0.2559;1;1;1;1365943.0;1876.0;741284.0;11524.0;1554770.0;3978.0;823749.0;28057.0
06981180000116;CEMIG-D;2017-02;88.1968;1.2026;0.4097;83.6126;2.465;0.4788;1;1;1;1098601.0;4501.0;683529.0;14330.0;1232517.0;5901.0;747472.0;28308.0
06981180000116;CEMIG-D;2017-03;89.6236;1.131;0.4828;76.9136;5.633;1.2535;1;1;1;1172854.0;5662.0;677599.0;12220.0;1565515.0;19623.0;823643.0;60978.0
06981180000116;CEMIG-D;2017-04;91.0079;0.8219;0.182;86.7919;2.2159;0.3496;1;1;1;1078103.0;1962.0;618326.0;9237.0;1152426.0;4029.0;659159.0;22424.0
06981180000116;CEMIG-D;2017-05;88.7561;1.0392;0.2702;81.0209;3.7578;0.4001;1;1;1;1107840.0;2993.0;694596.0;12678.0;1232150.0;4930.0;753787.0;39006.0
06981180000116;CEMIG-D;2017-06;87.7717;1.2329;0.2088;81.1757;2.719;0.3694;1;1;1;1035365.0;2162.0;663923.0;13447.0;1146614.0;4236.0;724660.0;28833.0
06981180000116;CEMIG-D;2017-07;90.5812;0.7965;0.5644;81.8457;3.413;0.805;1;1;1;973180.0;5493.0;641451.0;8921.0;1085900.0;8742.0;700720.0;32560.0
06981180000116;CEMIG-D;2017-08;89.9588;0.7357;0.1429;85.8963;1.9166;0.2653;1;1;1;1066473.0;1524.0;708787.0;9681.0;1123244.0;2980.0;739287.0;21239.0
06981180000116;CEMIG-D;2017-09;88.2833;1.1079;1.0294;75.088;8.111;7.9509;1;1;1;1010305.0;10400.0;628151.0;11387.0;1454284.0;115628.0;702565.0;72097.0
06981180000116;CEMIG-D;2017-10;86.6115;1.9101;0.0116;53.0185;17.6664;0.0259;1;1;1;884849.0;103.0;532442.0;14360.0;1824531.0;473.0;828916.0;202864.0
06981180000116;CEMIG-D;2017-11;87.1081;1.5022;0.1647;66.7759;10.8278;0.1277;1;1;1;1127323.0;1857.0;631945.0;14486.0;1520266.0;1942.0;788062.0;114011.0
06981180000116;CEMIG-D;2017-12;88.3331;1.7771;0.1587;68.2952;11.5218;0.1353;1;1;1;1154166.0;1832.0;653740.0;16297.0;1551086.0;2099.0;803179.0;124362.0
06981180000116;CEMIG-D;2018-01;87.5538;2.0398;0.3902;69.7886;8.749;0.2817;1;1;1;1248691.0;4873.0;694000.0;19766.0;1755108.0;4945.0;897087.0;102788.0
06981180000116;CEMIG-D;2018-02;88.3406;1.6403;0.0368;74.1311;8.1428;0.0316;1;1;1;1068513.0;393.0;650505.0;15470.0;1399848.0;443.0;788295.0;83498.0
06981180000116;CEMIG-D;2018-03;89.8489;1.8534;0.0509;54.5669;18.0653;0.0908;1;1;1;904196.0;460.0;525883.0;13127.0;1860952.0;1690.0;838991.0;209936.0
06981180000116;CEMIG-D;2018-04;89.5972;0.9965;0.0248;86.7888;2.0217;0.0242;1;1;1;1054800.0;262.0;690612.0;10904.0;1091416.0;264.0;707655.0;19855.0
06981180000116;CEMIG-D;2018-05;93.2518;1.1535;0.0019;86.1451;5.1756;0.0018;1;1;1;899763.0;17.0;658551.0;10587.0;1001862.0;18.0;686407.0;43941.0
06981180000116;CEMIG-D;2018-06;92.9934;0.5516;0.5274;91.927;1.0078;0.5175;1;1;1;939891.0;4957.0;668384.0;7447.0;957841.0;4957.0;676376.0;11228.0
06981180000116;CEMIG-D;2018-07;87.6467;0.9766;0.0025;86.744;1.1619;0.0028;1;1;1;1101585.0;27.0;700448.0;13633.0;1117678.0;31.0;710326.0;15487.0
06981180000116;CEMIG-D;2018-08;87.6032;1.2692;0.1361;71.2431;8.5437;0.1066;1;1;1;1229950.0;1674.0;621478.0;12975.0;1583926.0;1688.0;748107.0;84540.0
06981180000116;CEMIG-D;2018-09;86.5513;1.9959;0.0823;71.1905;8.7985;0.11;1;1;1;1156798.0;952.0;602089.0;17348.0;1430316.0;1574.0;698217.0;82799.0
06981180000116;CEMIG-D;2018-10;85.9583;1.8446;0.1989;56.8752;14.2881;0.2119;1;1;1;1101690.0;2191.0;593266.0;16073.0;2024121.0;4289.0;883341.0;169961.0
06981180000116;CEMIG-D;2018-11;88.2225;1.3409;0.0189;68.8934;6.0333;0.0653;1;1;1;889973.0;168.0;559109.0;11756.0;1525088.0;996.0;908693.0;74501.0
06981180000116;CEMIG-D;2018-12;86.9477;2.2216;0.0012;53.0803;15.913;0.537;1;1;1;1126714.0;13.0;535889.0;16644.0;2324887.0;12484.0;931574.0;203192.0
06981180000116;CEMIG-D;2019-01;90.5262;1.1834;0.0246;81.3269;3.5404;0.0207;1;1;1;1392558.0;342.0;862821.0;15944.0;1674476.0;347.0;991726.0;47423.0
06981180000116;CEMIG-D;2019-02;89.0715;1.6181;1.2931;70.0274;6.5179;1.1576;1;1;1;1050298.0;13581.0;653498.0;14911.0;1700837.0;19689.0;939145.0;80038.0
06981180000116;CEMIG-D;2019-03;90.4666;1.4086;0.0038;75.9686;6.0371;0.0141;1;1;1;1130912.0;43.0;735365.0;14452.0;1522528.0;215.0;936202.0;76378.0
06981180000116;CEMIG-D;2019-04;86.2826;1.7703;0.0091;85.0935;2.1523;0.0089;1;1;1;1356114.0;124.0;736703.0;19994.0;1393213.0;124.0;763259.0;24656.0
06981180000116;CEMIG-D;2019-05;88.0448;0.7856;0.002;86.009;1.4393;0.0019;1;1;1;1276086.0;25.0;747561.0;11748.0;1329690.0;25.0;781819.0;18548.0
06981180000116;CEMIG-D;2019-06;87.4133;0.824;0.0013;85.4783;1.849;0.0013;1;1;1;1155375.0;15.0;686763.0;10988.0;1186612.0;15.0;698258.0;19502.0
06981180000116;CEMIG-D;2019-07;87.8333;0.6428;0.0049;86.9182;1.1135;0.0049;1;1;1;1260304.0;62.0;738635.0;10882.0;1274644.0;62.0;743552.0;15024.0
06981180000116;CEMIG-D;2019-08;88.6915;0.9277;0.001;88.2918;1.1567;0.001;1;1;1;1152857.0;12.0;707701.0;11891.0;1157106.0;12.0;709368.0;13851.0
06981180000116;CEMIG-D;2019-09;86.7875;1.3253;0.0081;81.2675;3.9337;0.0217;1;1;1;1320962.0;107.0;673243.0;14723.0;1415003.0;307.0;709156.0;37410.0
06981180000116;CEMIG-D;2019-10;88.7483;1.5526;0.0202;78.9742;5.1665;0.0267;1;1;1;1486168.0;300.0;819113.0;22587.0;1724290.0;460.0;913976.0;69267.0
06981180000116;CEMIG-D;2019-11;88.0639;1.7018;0.0943;74.5698;6.7704;0.0746;1;1;1;1394378.0;1315.0;786763.0;21115.0;1764631.0;1316.0;929970.0;86865.0
06981180000116;CEMIG-D;2019-12;92.8197;1.1991;0.6398;88.6455;2.7304;0.5943;1;1;1;1207831.0;7728.0;834896.0;14387.0;1310165.0;7786.0;889199.0;32329.0
06981180000116;CEMIG-D;2020-01;90.2191;0.9687;0.0083;81.0874;4.0528;0.0078;1;1;1;1353599.0;112.0;901964.0;14708.0;1595546.0;125.0;1013436.0;55101.0
06981180000116;CEMIG-D;2020-02;89.3106;1.0096;0.0011;79.8262;4.3572;0.001;1;1;1;1160087.0;13.0;765584.0;12959.0;1336223.0;13.0;850859.0;49439.0
06981180000116;CEMIG-D;2020-03;92.9862;0.7738;0.0019;90.4047;1.629;0.0018;1;1;1;1342383.0;25.0;783897.0;9664.0;1398832.0;25.0;814626.0;18842.0
06981180000116;CEMIG-D;2020-04;43.5183;24.6021;0.0006;42.5428;25.1541;0.0006;0;0;1;1746825.0;11.0;454155.0;163927.0;1807342.0;11.0;469370.0;174698.0
06981180000116;CEMIG-D;2020-05;27.2008;30.7314;0.0103;26.9045;30.7294;0.0101;0;0;1;2013372.0;208.0;427062.0;209484.0;2066885.0;208.0;445938.0;219144.0
06981180000116;CEMIG-D;2020-06;45.6716;16.4376;0.0137;45.6762;16.436;0.0137;0;0;1;1783806.0;244.0;497275.0;110828.0;1783886.0;244.0;497331.0;110828.0
06981180000116;CEMIG-D;2020-07;63.742;9.295;0.252;63.3773;9.48;0.2508;0;0;1;1952195.0;4920.0;686124.0;81408.0;1961667.0;4920.0;690184.0;83641.0
06981180000116;CEMIG-D;2020-08;56.9878;8.7138;0.0847;56.847;9.2292;0.1705;0;0;1;2309292.0;1955.0;613034.0;70160.0;2429303.0;4142.0;670664.0;81299.0
06981180000116;CEMIG-D;2020-09;84.348;2.5546;0.2496;83.4335;3.3664;0.2587;0;1;1;1702246.0;4249.0;775614.0;27383.0;1735221.0;4489.0;790768.0;35219.0
06981180000116;CEMIG-D;2020-10;87.6237;1.4554;0.2518;69.4874;7.1368;1.2233;1;1;1;1442253.0;3631.0;762534.0;26442.0;1965243.0;24041.0;969873.0;102157.0
06981180000116;CEMIG-D;2020-11;93.8702;1.0768;0.0062;83.5128;3.6749;0.0074;1;1;1;1088059.0;67.0;655224.0;72750.0;1539638.0;114.0;903146.0;120955.0
06981180000116;CEMIG-D;2020-12;89.9836;2.1676;0.0156;72.3464;9.4922;0.0466;1;1;1;1302299.0;203.0;690052.0;114635.0;1846368.0;861.0;934937.0;227195.0
06981180000116;CEMIG-D;2021-01;88.3611;2.0356;0.0105;73.7382;6.8901;0.0124;1;1;1;1432749.0;151.0;780698.0;59983.0;1779695.0;220.0;934041.0;123782.0
06981180000116;CEMIG-D;2021-02;91.1076;0.9051;0.013;82.845;3.8111;0.0128;1;1;1;1503279.0;195.0;829787.0;24474.0;1690053.0;216.0;903573.0;57565.0
06981180000116;CEMIG-D;2021-03;87.2982;1.4084;0.0151;79.8292;6.1727;0.2016;1;1;1;1590790.0;241.0;984308.0;37632.0;1791526.0;3612.0;1050377.0;100402.0
06981180000116;CEMIG-D;2021-04;86.924;1.4258;0.0021;84.6938;2.4934;0.002;1;1;1;1445197.0;30.0;808835.0;33463.0;1480769.0;30.0;825432.0;44731.0
06981180000116;CEMIG-D;2021-05;87.6213;1.3889;0.0244;84.9975;2.7843;0.2264;1;1;1;1336595.0;326.0;859319.0;32677.0;1397243.0;3164.0;876940.0;47928.0
06981180000116;CEMIG-D;2021-06;90.2007;1.8715;0.0387;87.7859;2.7344;0.0376;1;1;1;1210255.0;468.0;827673.0;37015.0;1246090.0;468.0;848499.0;49265.0
06981180000116;CEMIG-D;2021-07;90.932;1.2062;0.0344;90.7556;1.301;0.0343;1;1;1;1161513.0;400.0;805768.0;36597.0;1166066.0;400.0;807855.0;37775.0
06981180000116;CEMIG-D;2021-08;88.3489;1.5747;0.0009;81.9621;5.084;0.0092;1;1;1;1159966.0;10.0;804432.0;27349.0;1271367.0;117.0;848680.0;65962.0
06981180000116;CEMIG-D;2021-09;86.079;2.3417;0.0354;79.6228;6.9298;0.0425;1;1;1;1273178.0;451.0;832524.0;54039.0;1410643.0;600.0;863380.0;104048.0
06981180000116;CEMIG-D;2021-10;96.0321;0.6867;0.1193;87.4409;6.1029;0.1095;1;1;1;1761646.0;2102.0;744719.0;8039.0;1922940.0;2105.0;784671.0;59678.0
06981180000116;CEMIG-D;2021-11;90.5971;1.0865;0.0006;90.5548;1.1136;0.0006;1;1;1;1731989.0;11.0;739686.0;12871.0;1732958.0;11.0;739896.0;13095.0
06981180000116;CEMIG-D;2021-12;89.6655;1.3629;0.0061;81.9798;4.762;0.045;1;1;1;1617227.0;98.0;795911.0;19780.0;1786401.0;804.0;856777.0;59555.0
06981180000116;CEMIG-D;2022-01;88.6658;1.0851;0.0046;75.855;8.3701;0.004;1;1;1;1658578.0;76.0;674945.0;12326.0;1931778.0;77.0;753695.0;84652.0
06981180000116;CEMIG-D;2022-02;86.1676;2.2875;0.0004;77.2321;7.044;0.0004;1;1;1;1566764.0;6.0;650570.0;20822.0;1751721.0;7.0;707871.0;66530.0
06981180000116;CEMIG-D;2022-03;89.8728;1.219;0.0046;89.7574;1.2447;0.0046;1;1;1;1399856.0;65.0;623246.0;12885.0;1401522.0;65.0;624505.0;13185.0
06981180000116;CEMIG-D;2022-04;91.7667;1.4904;0.005;91.4017;1.6833;0.0249;1;1;1;1255032.0;63.0;570891.0;14229.0;1265238.0;315.0;573275.0;15660.0
06981180000116;CEMIG-D;2022-05;89.7049;1.5199;0.0002;89.7055;1.5198;0.0002;1;1;1;1258912.0;2.0;520938.0;15640.0;1258945.0;2.0;520969.0;15640.0
06981180000116;CEMIG-D;2022-06;94.1098;1.1132;0.0005;94.1102;1.1131;0.0005;1;1;1;1030262.0;5.0;527325.0;7650.0;1030305.0;5.0;527357.0;7650.0
06981180000116;CEMIG-D;2022-07;92.979;1.3593;0.0001;92.9383;1.3848;0.0003;1;1;1;1081125.0;1.0;459628.0;8163.0;1081981.0;3.0;459736.0;8295.0
06981180000116;CEMIG-D;2022-08;91.4771;0.8438;0.0011;91.0712;1.1351;0.0011;1;1;1;1053883.0;12.0;473786.0;6569.0;1061106.0;12.0;475391.0;8230.0
06981180000116;CEMIG-D;2022-09;86.8124;1.823;0.0001;80.8454;6.2654;0.0002;1;1;1;1020845.0;1.0;426214.0;11427.0;1099154.0;2.0;439875.0;37323.0
06981180000116;CEMIG-D;2022-10;92.5273;1.407;0.0495;80.9958;9.6735;0.0569;1;1;1;1258359.0;623.0;544245.0;10292.0;1408561.0;802.0;572072.0;73998.0
06981180000116;CEMIG-D;2022-11;85.976;2.484;0.1176;72.8446;11.601;0.1708;1;1;1;1391307.0;1636.0;590082.0;19792.0;1759798.0;3006.0;640350.0;105951.0
06981180000116;CEMIG-D;2022-12;87.6579;2.173;0.2203;77.9031;8.6608;0.4148;1;1;1;1432686.0;3156.0;616093.0;18061.0;1586930.0;6582.0;652252.0;75353.0
06981180000116;CEMIG-D;2023-01;86.6565;1.9147;0.36;74.4037;9.1423;0.5733;1;1;1;1475382.0;5312.0;626097.0;16355.0;1756105.0;10068.0;702864.0;82010.0
06981180000116;CEMIG-D;2023-02;85.6788;2.3193;0.1915;59.0921;17.8051;0.3703;1;1;1;1124215.0;2153.0;437795.0;14975.0;1677455.0;6211.0;582730.0;149755.0
06981180000116;CEMIG-D;2023-03;89.6172;1.2943;0.0008;87.4733;2.5052;0.0008;1;1;1;1421842.0;12.0;566253.0;10459.0;1455261.0;12.0;575152.0;19121.0
06981180000116;CEMIG-D;2023-04;85.8094;2.2736;0.0006;84.8866;2.8996;0.0006;1;1;1;1242262.0;7.0;460439.0;13925.0;1257030.0;7.0;463370.0;17728.0
06981180000116;CEMIG-D;2023-05;88.7875;1.1909;0.0005;88.7551;1.195;0.0005;1;1;1;1110645.0;6.0;468362.0;8260.0;1115840.0;6.0;470551.0;9612.0
06981180000116;CEMIG-D;2023-06;88.6062;0.8842;0.0001;88.5925;0.8883;0.0001;1;1;1;977594.0;1.0;452186.0;6329.0;977887.0;1.0;452330.0;6354.0
06981180000116;CEMIG-D;2023-07;86.6997;1.873;0.0003;86.1307;2.2099;0.0003;1;1;1;1107026.0;3.0;450511.0;11443.0;1112894.0;3.0;452148.0;13678.0
06981180000116;CEMIG-D;2023-08;89.5128;1.3864;0.0008;85.5338;3.6731;0.0097;1;1;1;1210756.0;10.0;476152.0;9545.0;1327965.0;129.0;489285.0;25702.0
06981180000116;CEMIG-D;2023-09;88.7904;1.4775;0.0001;79.5978;6.9307;0.0001;1;1;1;1121001.0;1.0;429822.0;8740.0;1246292.0;1.0;456501.0;42949.0
06981180000116;CEMIG-D;2023-10;88.93;1.4917;0.0005;69.2758;13.774;0.0005;1;1;1;1333671.0;7.0;476408.0;9862.0;1689091.0;8.0;539900.0;105359.0
06981180000116;CEMIG-D;2023-11;90.8352;1.0452;0.0003;67.2662;13.8244;0.0003;1;1;1;1219741.0;4.0;452570.0;7075.0;1647427.0;5.0;537667.0;104622.0
06981180000116;CEMIG-D;2023-12;92.7711;0.7524;0.0005;90.7899;1.6283;0.0025;1;1;1;1513014.0;8.0;489919.0;5875.0;1558273.0;39.0;497630.0;14127.0
06981180000116;CEMIG-D;2024-01;92.3514;0.7641;0.0007;89.2772;1.7756;0.0009;1;1;1;1515801.0;11.0;486384.0;5784.0;1603517.0;15.0;499905.0;12562.0
06981180000116;CEMIG-D;2024-02;93.4988;0.8107;0.0006;93.4877;0.8152;0.0006;1;1;1;1089566.0;7.0;393585.0;4529.0;1089937.0;7.0;393706.0;4652.0
06981180000116;CEMIG-D;2024-03;94.0381;1.1495;0.0008;93.1912;1.2676;0.0008;1;1;1;1286178.0;10.0;382080.0;5624.0;1305037.0;10.0;390925.0;6673.0
06981180000116;CEMIG-D;2024-04;92.3606;0.5782;0.0179;92.3606;0.5782;0.0179;1;1;1;1062288.0;190.0;376909.0;3440.0;1062288.0;190.0;376909.0;3440.0
06981180000116;CEMIG-D;2024-05;92.5458;0.4217;0.4723;92.5458;0.4217;0.4723;1;1;1;985504.0;4655.0;348501.0;2618.0;985504.0;4655.0;348501.0;2618.0
06981180000116;CEMIG-D;2024-06;91.4832;0.7588;0.0006;91.4832;0.7588;0.0006;1;1;1;1003636.0;6.0;339645.0;3858.0;1003636.0;6.0;339645.0;3858.0
06981180000116;CEMIG-D;2024-07;89.1401;0.9712;0.0001;89.1401;0.9712;0.0001;1;1;1;1110752.0;1.0;379932.0;5679.0;1110752.0;1.0;379932.0;5679.0
06981180000116;CEMIG-D;2024-08;88.7135;1.2157;0.0006;86.8529;2.0534;0.0005;1;1;1;1269203.0;7.0;366640.0;6299.0;1291018.0;7.0;374053.0;10769.0
06981180000116;CEMIG-D;2024-09;91.144;0.524;0.0006;87.3154;3.2606;0.0005;1;1;1;1079408.0;6.0;354603.0;3023.0;1133946.0;6.0;360575.0;14936.0
06981180000116;CEMIG-D;2024-10;98.2521;0.1698;0.0028;87.0882;5.1518;0.007;1;1;1;1212454.0;34.0;435094.0;1256.0;1468363.0;103.0;480426.0;35359.0
06981180000116;CEMIG-D;2024-11;99.7026;0.0342;0.003;99.5155;0.071;0.0029;1;1;1;938784.0;28.0;456452.0;388.0;949747.0;28.0;459092.0;2001.0
06981180000116;CEMIG-D;2024-12;99.4275;0.1472;0.0045;96.9267;1.0998;0.0045;1;1;1;1249094.0;56.0;466056.0;1027.0;1300125.0;58.0;476683.0;11764.0
06981180000116;CEMIG-D;2025-01;96.697;0.338;0.0035;93.1511;1.8053;0.0034;1;1;1;1409466.0;49.0;437566.0;2694.0;1519483.0;51.0;456902.0;14958.0
06981180000116;CEMIG-D;2025-02;96.8613;0.2006;0.0019;92.4478;1.4819;0.0019;1;1;1;1134075.0;22.0;350743.0;1328.0;1206051.0;23.0;371167.0;11183.0
06981180000116;CEMIG-D;2025-03;92.9268;0.3963;0.0025;89.7718;1.4631;0.0028;1;1;1;1098676.0;28.0;353653.0;2613.0;1154216.0;32.0;370537.0;10283.0
06981180000116;CEMIG-D;2025-04;93.5774;0.2033;0.0023;90.9571;1.1184;0.0024;1;1;1;1045749.0;24.0;343102.0;1669.0;1078136.0;26.0;352427.0;7631.0
06981180000116;CEMIG-D;2025-05;96.0764;0.2313;0.0017;96.0044;0.2473;0.0017;1;1;1;1007226.0;17.0;292039.0;1337.0;1008324.0;17.0;292450.0;1882.0
06981180000116;CEMIG-D;2025-06;93.9004;0.4687;0.0021;82.2972;6.5506;0.0021;1;1;1;1344075.0;28.0;278610.0;2202.0;1464888.0;31.0;301008.0;43437.0
06981180000116;CEMIG-D;2025-07;94.8277;0.6539;0.002;94.209;0.9;0.0021;1;1;1;1148501.0;23.0;307952.0;3020.0;1169881.0;24.0;313486.0;4381.0
06981180000116;CEMIG-D;2025-08;93.8594;0.2694;0.0013;93.4143;0.4679;0.0013;1;1;1;854434.0;11.0;282826.0;1374.0;862050.0;11.0;284647.0;2397.0
06981180000116;CEMIG-D;2025-09;92.7622;0.6064;0.0021;89.2213;2.3428;0.1742;1;1;1;1049912.0;22.0;296858.0;2553.0;1121570.0;1954.0;307006.0;9550.0
06981180000116;CEMIG-D;2025-10;98.6262;0.3946;0.001;96.4419;2.4451;0.001;1;1;1;982335.0;10.0;345050.0;1779.0;1015440.0;10.0;346477.0;13019.0
06981180000116;CEMIG-D;2025-11;98.9623;0.1422;0.0019;98.5861;0.228;0.0018;1;1;1;1017052.0;19.0;311697.0;648.0;1042691.0;19.0;318112.0;1154.0
06981180000116;CEMIG-D;2025-12;95.4638;1.5175;0.0035;91.0636;3.9829;0.0032;1;1;1;1182947.0;41.0;363819.0;6825.0;1272715.0;41.0;378025.0;18492.0
06981180000116;CEMIG-D;2026-01;96.9548;0.6584;0.0052;92.1703;3.1085;0.0052;1;1;1;1187765.0;62.0;343580.0;2761.0;1252341.0;65.0;360295.0;13847.0
06981180000116;CEMIG-D;2026-02;97.2688;0.4653;0.0035;96.4669;0.7921;0.0036;1;1;1;996932.0;35.0;309955.0;1841.0;1015590.0;37.0;313757.0;3269.0
06981180000116;CEMIG-D;2026-03;96.0255;0.3065;0.0026;95.971;0.326;0.0026;1;1;1;969246.0;25.0;334012.0;1367.0;970888.0;25.0;334772.0;1491.0
06981180000116;CEMIG-D;2026-04;95.7902;0.3108;0.0038;93.8647;1.579;0.0038;1;1;1;791160.0;30.0;270402.0;1248.0;799849.0;30.0;272886.0;6250.0
06981180000116;CEMIG-D;2026-05;95.9326;0.3986;0.0014;95.1147;0.9505;0.0015;1;1;1;771108.0;11.0;259596.0;1627.0;783353.0;12.0;261241.0;3437.0
06981180000116;CEMIG-D;2026-06;95.5405;0.4604;0.0023;95.1919;0.6079;0.0023;1;1;1;766556.0;18.0;250171.0;1597.0;772340.0;18.0;251288.0;2137.0
06981180000116;CEMIG-D;2026-07;95.147;0.6832;0.0023;94.9028;0.8618;0.0023;1;1;1;766919.0;18.0;251924.0;2261.0;769925.0;18.0;252513.0;2750.0
07047251000170;ENEL CE;2014-01;95.8782;0.4038;1.1502;91.6872;1.1691;1.3216;1;1;1;341158.0;3924.0;248155.0;2140.0;407610.0;5387.0;291899.0;5421.0
07047251000170;ENEL CE;2014-02;90.8264;1.0178;0.0048;87.5739;1.9217;0.0207;1;1;1;334222.0;16.0;234865.0;3981.0;358257.0;74.0;248249.0;6951.0
07047251000170;ENEL CE;2014-03;88.1495;1.8014;0.4602;78.4468;4.6627;0.3747;1;1;1;343766.0;1582.0;215215.0;6015.0;435819.0;1633.0;265949.0;17470.0
07047251000170;ENEL CE;2014-04;89.1394;0.987;0.0431;80.5632;2.9803;0.0466;1;1;1;355155.0;153.0;241876.0;4176.0;437589.0;204.0;287803.0;12159.0
07047251000170;ENEL CE;2014-05;89.2371;1.0741;2.0193;87.4673;1.3917;2.027;1;1;0;368947.0;7450.0;260281.0;5155.0;386490.0;7834.0;269884.0;6517.0
07047251000170;ENEL CE;2014-06;85.8688;1.9493;1.4447;81.7563;2.6801;2.1;1;1;1;377167.0;5449.0;217449.0;6521.0;443331.0;9310.0;250585.0;9859.0
07047251000170;ENEL CE;2014-07;86.3681;2.528;0.2335;81.1279;3.7025;0.4449;1;1;1;438081.0;1023.0;226250.0;7757.0;571408.0;2542.0;297749.0;16509.0
07047251000170;ENEL CE;2014-08;88.5775;3.1531;0.6023;74.7815;11.248;8.1973;1;1;1;422534.0;2545.0;209999.0;8689.0;605577.0;49641.0;247975.0;39926.0
07047251000170;ENEL CE;2014-09;86.5761;3.4265;0.7924;67.217;16.0102;4.9064;1;1;1;395362.0;3133.0;194249.0;8947.0;630295.0;30925.0;256468.0;58210.0
07047251000170;ENEL CE;2014-10;35.0229;28.113;34.8758;25.1155;35.2655;29.3683;0;0;0;391644.0;136589.0;96128.0;43049.0;1004528.0;295013.0;245716.0;156212.0
07047251000170;ENEL CE;2014-11;55.5059;14.4661;8.713;55.7677;14.3858;15.7081;0;0;0;337922.0;29443.0;142059.0;28061.0;763362.0;119910.0;306997.0;60888.0
07047251000170;ENEL CE;2014-12;87.9959;3.7763;0.5323;81.1881;7.6505;1.7967;1;1;1;477769.0;2543.0;233584.0;11150.0;653310.0;11738.0;302092.0;29967.0
07047251000170;ENEL CE;2015-01;65.5617;9.1854;17.1403;59.2601;13.806;32.6332;0;0;0;689482.0;118179.0;288084.0;35023.0;1057394.0;345061.0;331484.0;61428.0
07047251000170;ENEL CE;2015-02;73.1351;9.2855;2.7037;51.7894;20.522;5.6235;0;0;0;403267.0;10903.0;195838.0;23534.0;696774.0;39183.0;269734.0;86319.0
07047251000170;ENEL CE;2015-03;55.1287;12.9648;8.3713;34.4989;26.7788;24.3201;0;0;0;620248.0;51923.0;207505.0;37235.0;1338905.0;325623.0;331350.0;147556.0
07047251000170;ENEL CE;2015-04;55.722;14.5432;12.9548;42.5022;21.4017;18.3938;0;0;0;404529.0;52406.0;211185.0;41473.0;645778.0;118783.0;303538.0;98463.0
07047251000170;ENEL CE;2015-05;87.176;1.5372;1.5804;85.1252;2.8227;1.6907;1;1;1;378774.0;5986.0;265375.0;5847.0;390903.0;6609.0;270317.0;10610.0
07047251000170;ENEL CE;2015-06;92.544;0.9542;7.9659;87.49;2.7263;27.4573;1;1;0;377546.0;30075.0;253990.0;3466.0;530285.0;145602.0;275664.0;10475.0
07047251000170;ENEL CE;2015-07;95.5566;0.2517;0.0495;93.5055;1.1919;0.0472;1;1;1;442121.0;219.0;284512.0;1453.0;463632.0;219.0;297025.0;4833.0
07047251000170;ENEL CE;2015-08;98.0621;0.1041;0.0003;97.1739;0.4267;1.5442;1;1;1;365596.0;1.0;232224.0;477.0;376186.0;5809.0;234515.0;1353.0
07047251000170;ENEL CE;2015-09;94.621;0.717;0.0;93.4799;1.15;0.0;1;1;1;343235.0;0.0;211873.0;2127.0;347595.0;0.0;213860.0;3265.0
07047251000170;ENEL CE;2015-10;93.6433;0.6292;0.0;91.9901;1.1136;0.0;1;1;1;354747.0;0.0;238301.0;2291.0;365186.0;0.0;244021.0;3889.0
07047251000170;ENEL CE;2015-11;95.3191;0.7487;0.0008;88.2762;5.4149;0.2798;1;1;1;375824.0;3.0;228953.0;2638.0;423894.0;1186.0;239218.0;16287.0
07047251000170;ENEL CE;2015-12;94.6705;1.2488;0.0059;89.7746;2.8068;0.0053;1;1;1;426504.0;25.0;254555.0;3901.0;474362.0;25.0;279030.0;9825.0
07047251000170;ENEL CE;2016-01;93.256;1.5858;0.0;90.9521;3.1552;0.0;1;1;1;447487.0;0.0;268597.0;5458.0;488204.0;0.0;288857.0;11597.0
07047251000170;ENEL CE;2016-02;94.5274;0.9957;0.0;81.5348;8.4772;0.0;1;1;1;375303.0;0.0;222628.0;2887.0;448229.0;0.0;243448.0;25218.0
07047251000170;ENEL CE;2016-03;98.2281;0.3169;0.0;97.4274;0.7621;0.0;1;1;1;431279.0;0.0;248496.0;1082.0;439508.0;0.0;251702.0;2314.0
07047251000170;ENEL CE;2016-04;93.0428;1.248;0.0;89.99;2.4183;0.0;1;1;1;458152.0;0.0;266353.0;4382.0;483706.0;0.0;277899.0;8652.0
07047251000170;ENEL CE;2016-05;93.3032;0.726;0.0;93.2924;0.7311;0.0;1;1;1;420045.0;0.0;233969.0;2487.0;420898.0;0.0;234484.0;2514.0
07047251000170;ENEL CE;2016-06;86.79;1.545;0.0;78.682;6.0767;0.0;1;1;1;455755.0;0.0;253502.0;5638.0;500041.0;0.0;269064.0;21954.0
07047251000170;ENEL CE;2016-07;88.1836;1.1874;0.0;87.9048;1.3175;0.0;1;1;1;451713.0;0.0;244582.0;4416.0;454634.0;0.0;245671.0;4835.0
07047251000170;ENEL CE;2016-08;91.36;1.0779;0.0;89.7528;1.5367;0.0;1;1;1;490000.0;0.0;264571.0;4163.0;501446.0;0.0;270008.0;6017.0
07047251000170;ENEL CE;2016-09;88.2683;1.3592;0.0;85.4374;2.8489;0.0;1;1;1;436614.0;0.0;238914.0;4760.0;451963.0;0.0;243895.0;9298.0
07047251000170;ENEL CE;2016-10;87.4679;1.9782;0.0;82.9544;4.43;0.0;1;1;1;477446.0;0.0;249793.0;6897.0;506952.0;0.0;261857.0;16303.0
07047251000170;ENEL CE;2016-11;86.6275;2.5304;0.0;75.0664;9.0567;0.0;1;1;1;461607.0;0.0;236085.0;7689.0;530697.0;0.0;257165.0;33171.0
07047251000170;ENEL CE;2016-12;88.1039;1.8885;7.1498;77.4848;7.7099;25.8676;1;1;0;554628.0;39655.0;255702.0;6533.0;805300.0;208312.0;283397.0;28491.0
07047251000170;ENEL CE;2017-01;88.1979;1.3016;0.0;69.6394;9.2066;2.5073;1;1;1;369876.0;0.0;203065.0;3972.0;623422.0;15631.0;314640.0;41177.0
07047251000170;ENEL CE;2017-02;89.651;0.9056;0.0;76.4789;6.2199;0.0;1;1;1;391349.0;0.0;198390.0;2782.0;560430.0;0.0;270052.0;22593.0
07047251000170;ENEL CE;2017-03;88.3658;1.2389;0.0;43.933;27.8466;0.3754;1;1;1;403288.0;0.0;175304.0;3121.0;819205.0;3075.0;299609.0;146840.0
07047251000170;ENEL CE;2017-04;90.2475;0.7396;0.0;86.2339;2.0701;0.4016;1;1;1;459601.0;0.0;233798.0;2759.0;516185.0;2073.0;258432.0;7560.0
07047251000170;ENEL CE;2017-05;87.401;1.0581;0.0;78.0424;5.5741;1.0451;1;1;1;379273.0;0.0;204221.0;3374.0;447690.0;4679.0;229046.0;17916.0
07047251000170;ENEL CE;2017-06;88.5387;0.8215;0.0;86.2511;2.1303;3.0875;1;1;1;377346.0;0.0;206442.0;2598.0;403529.0;12459.0;211052.0;6052.0
07047251000170;ENEL CE;2017-07;87.6478;1.0203;0.0;78.5102;5.7911;0.0;1;1;1;383201.0;0.0;212940.0;3177.0;439633.0;0.0;234713.0;18430.0
07047251000170;ENEL CE;2017-08;88.3051;1.1347;0.0;87.1593;1.7127;0.0;1;1;1;386626.0;0.0;216863.0;3461.0;393278.0;0.0;218762.0;5007.0
07047251000170;ENEL CE;2017-09;88.6537;1.1478;0.0;77.1994;7.4258;2.1736;1;1;1;369264.0;0.0;208329.0;3529.0;435446.0;9465.0;228774.0;22876.0
07047251000170;ENEL CE;2017-10;89.2041;1.4163;0.2103;74.3124;8.8472;0.5811;1;1;1;400914.0;843.0;233468.0;4570.0;495777.0;2881.0;273935.0;34785.0
07047251000170;ENEL CE;2017-11;87.3079;1.9612;1.7428;72.3427;9.9832;1.4519;1;1;1;376168.0;6556.0;214205.0;5286.0;451561.0;6556.0;242291.0;32992.0
07047251000170;ENEL CE;2017-12;88.4759;2.6512;0.0201;72.8415;12.4974;0.0146;1;1;1;387220.0;78.0;214547.0;6767.0;533045.0;78.0;253559.0;40962.0
07047251000170;ENEL CE;2018-01;87.2489;2.6674;0.0;69.2955;14.8916;0.0;1;1;1;491064.0;0.0;248272.0;8285.0;621634.0;0.0;278649.0;59118.0
07047251000170;ENEL CE;2018-02;87.3146;2.8693;0.0072;67.1155;15.4957;0.4795;1;1;1;416785.0;30.0;203513.0;7211.0;535122.0;2566.0;237551.0;52387.0
07047251000170;ENEL CE;2018-03;87.6626;1.9853;2.1758;70.6262;11.3555;4.7666;1;1;0;474171.0;10317.0;218665.0;5714.0;676033.0;32224.0;250028.0;38973.0
07047251000170;ENEL CE;2018-04;88.2751;1.1711;0.0481;76.335;8.2025;0.4936;1;1;1;461325.0;222.0;214181.0;3747.0;521061.0;2572.0;231908.0;27330.0
07047251000170;ENEL CE;2018-05;88.2579;1.1147;0.0;78.2446;7.4547;0.1168;1;1;1;452003.0;0.0;210949.0;3406.0;501866.0;586.0;223857.0;21936.0
07047251000170;ENEL CE;2018-06;87.4069;1.5233;0.1552;82.0735;4.2838;0.1486;1;1;1;464461.0;721.0;205577.0;4379.0;485109.0;721.0;213628.0;12493.0
07047251000170;ENEL CE;2018-07;87.0393;1.685;0.0004;68.9021;14.584;1.0764;1;1;1;471413.0;2.0;216698.0;4799.0;584009.0;6286.0;239873.0;48122.0
07047251000170;ENEL CE;2018-08;87.4498;1.3622;0.8986;71.0651;12.5588;1.2292;1;1;1;492553.0;4426.0;205360.0;3789.0;602035.0;7400.0;234903.0;41308.0
07047251000170;ENEL CE;2018-09;87.9108;1.1172;1.4804;66.4332;15.5936;1.8679;1;1;1;440415.0;6520.0;193566.0;3074.0;594878.0;11112.0;229956.0;52153.0
07047251000170;ENEL CE;2018-10;86.1435;1.6086;4.7888;60.4061;17.0312;3.6924;1;1;0;420690.0;20146.0;194198.0;4412.0;555521.0;20512.0;246858.0;62925.0
07047251000170;ENEL CE;2018-11;85.096;2.0834;0.0;80.0826;5.4479;0.0;1;1;1;412742.0;0.0;237295.0;7177.0;467097.0;0.0;259711.0;18974.0
07047251000170;ENEL CE;2018-12;89.6524;2.0674;0.0;81.486;7.0213;0.0;1;1;1;454230.0;0.0;247936.0;7148.0;553846.0;0.0;290803.0;26084.0
07047251000170;ENEL CE;2019-01;91.9037;2.2257;0.0013;84.0995;6.7218;0.015;1;1;1;523541.0;7.0;262915.0;8021.0;645951.0;97.0;310983.0;26439.0
07047251000170;ENEL CE;2019-02;85.9314;2.0925;0.0;55.9427;19.4303;0.0;1;1;1;372580.0;0.0;160725.0;5003.0;785710.0;0.0;310746.0;84733.0
07047251000170;ENEL CE;2019-03;89.504;2.0296;0.0;56.2435;22.1544;0.0;1;1;1;374689.0;0.0;187335.0;5405.0;707061.0;0.0;308036.0;100544.0
07047251000170;ENEL CE;2019-04;87.4389;2.183;0.0;84.9707;3.1799;0.0;1;1;1;491777.0;0.0;269301.0;8348.0;535350.0;0.0;291871.0;13085.0
07047251000170;ENEL CE;2019-05;94.2402;1.1134;0.0;93.3128;1.5387;0.0;1;1;1;426521.0;0.0;255794.0;4711.0;450615.0;0.0;269139.0;6390.0
07047251000170;ENEL CE;2019-06;90.9061;2.403;0.0;81.9617;7.316;0.4513;1;1;1;391400.0;0.0;228703.0;7355.0;491880.0;2220.0;267843.0;25463.0
07047251000170;ENEL CE;2019-07;88.3946;2.6738;0.1149;58.8675;16.1219;0.0829;1;1;1;311627.0;358.0;173554.0;6658.0;612722.0;508.0;300931.0;71117.0
07047251000170;ENEL CE;2019-08;87.7826;3.2973;0.0;50.147;26.6637;0.0;1;1;1;201534.0;0.0;121886.0;5555.0;720095.0;0.0;324574.0;129995.0
07047251000170;ENEL CE;2019-09;88.0353;2.4043;0.0;34.091;37.5657;0.0;1;1;1;150332.0;0.0;87353.0;2841.0;722661.0;0.0;275329.0;186131.0
07047251000170;ENEL CE;2019-10;93.3161;0.883;0.0;50.9887;24.6109;0.0;1;1;1;335716.0;0.0;143339.0;1708.0;812682.0;0.0;310401.0;123903.0
07047251000170;ENEL CE;2019-11;86.4727;2.1946;0.0;55.6045;16.5488;0.0;1;1;1;281458.0;0.0;165297.0;5061.0;579909.0;0.0;291056.0;69527.0
07047251000170;ENEL CE;2019-12;86.9651;1.7746;0.0;70.9198;8.9621;0.0;1;1;1;353758.0;0.0;201426.0;4830.0;602471.0;0.0;327224.0;38699.0
07047251000170;ENEL CE;2020-01;87.9544;4.3901;0.0;77.2198;10.5925;0.0;1;0;1;620827.0;0.0;421193.0;22271.0;914920.0;0.0;565590.0;77604.0
07047251000170;ENEL CE;2020-02;86.5496;3.1281;0.0;84.6415;4.2331;0.0;1;1;1;582746.0;0.0;370413.0;14538.0;700925.0;0.0;431516.0;24443.0
07047251000170;ENEL CE;2020-03;77.5226;4.778;0.0;72.8143;8.4246;0.0;0;0;1;693333.0;0.0;398784.0;23679.0;797591.0;0.0;444549.0;48756.0
07047251000170;ENEL CE;2020-04;71.8137;7.1513;0.0;69.875;8.7581;0.0;0;0;1;784042.0;0.0;375028.0;32366.0;1007042.0;0.0;480449.0;52738.0
07047251000170;ENEL CE;2020-05;91.7754;1.3981;0.0;89.4623;2.4489;0.0;1;1;1;787937.0;0.0;423992.0;8921.0;884123.0;0.0;470004.0;17170.0
07047251000170;ENEL CE;2020-06;86.9341;2.7528;0.0;84.748;4.071;0.0;1;1;1;764542.0;0.0;432510.0;14518.0;840986.0;0.0;474813.0;24741.0
07047251000170;ENEL CE;2020-07;86.6386;2.2723;0.0;83.0261;3.8428;0.0;1;1;1;731204.0;0.0;448448.0;12633.0;814992.0;0.0;496697.0;24946.0
07047251000170;ENEL CE;2020-08;88.7907;1.772;0.0;68.9256;10.0233;0.0;1;1;1;852727.0;0.0;350015.0;8477.0;1146911.0;0.0;488486.0;75970.0
07047251000170;ENEL CE;2020-09;86.6959;2.1187;0.0;81.325;4.2708;0.0;1;1;1;1157345.0;0.0;421342.0;11482.0;1296924.0;0.0;471809.0;30194.0
07047251000170;ENEL CE;2020-10;87.1208;2.2356;0.0;58.3963;13.5711;0.0;1;1;1;841914.0;0.0;244062.0;7329.0;1730002.0;0.0;583268.0;135953.0
07047251000170;ENEL CE;2020-11;87.1058;2.4664;0.0;65.2811;10.3589;0.0;1;1;1;819352.0;0.0;301287.0;9532.0;1379633.0;0.0;538096.0;90287.0
07047251000170;ENEL CE;2020-12;94.6656;0.9471;0.0;84.6136;3.5121;0.0;1;1;1;1219305.0;0.0;410718.0;5445.0;1482135.0;0.0;517594.0;29358.0
07047251000170;ENEL CE;2021-01;92.8416;1.3861;0.0;81.9424;4.8809;0.0;1;1;1;1211313.0;0.0;461079.0;8393.0;1466859.0;0.0;583023.0;43791.0
07047251000170;ENEL CE;2021-02;88.3696;2.2231;0.0;78.603;6.0482;0.0;1;1;1;900531.0;0.0;459435.0;12684.0;1057541.0;0.0;533865.0;47959.0
07047251000170;ENEL CE;2021-03;87.9052;2.2786;0.0;71.967;9.3458;0.0;1;1;1;1054803.0;0.0;470389.0;13339.0;1417912.0;0.0;636330.0;88898.0
07047251000170;ENEL CE;2021-04;86.714;2.6024;0.0;64.3813;13.4724;0.0;1;1;1;879010.0;0.0;417007.0;13950.0;1240917.0;0.0;570358.0;117399.0
07047251000170;ENEL CE;2021-05;89.4544;2.0294;0.0;79.0032;6.7101;0.0;1;1;1;811750.0;0.0;496020.0;13307.0;1083028.0;0.0;644897.0;63699.0
07047251000170;ENEL CE;2021-06;89.602;2.6761;0.0;83.5743;5.3677;0.0;1;1;1;798815.0;0.0;507360.0;18407.0;894040.0;0.0;555487.0;40042.0
07047251000170;ENEL CE;2021-07;96.6175;1.3261;0.0;96.3679;1.4154;0.0;1;1;1;821034.0;0.0;480085.0;11379.0;828882.0;0.0;484060.0;11956.0
07047251000170;ENEL CE;2021-08;89.8831;2.3244;0.0;88.9008;2.7461;0.0;1;1;1;825279.0;0.0;515696.0;19202.0;837268.0;0.0;521346.0;21974.0
07047251000170;ENEL CE;2021-09;90.7729;1.9215;0.0;90.0493;2.1233;0.0;1;1;1;914721.0;0.0;524659.0;15259.0;932435.0;0.0;535498.0;16994.0
07047251000170;ENEL CE;2021-10;86.5;3.1413;0.0;70.6932;9.0561;0.0;1;1;1;717663.0;0.0;446224.0;25647.0;977395.0;0.0;585291.0;80626.0
07047251000170;ENEL CE;2021-11;85.7758;2.9052;0.0;59.3238;13.8478;0.0;1;1;1;914072.0;0.0;335246.0;14564.0;1221348.0;0.0;486647.0;96884.0
07047251000170;ENEL CE;2021-12;88.0312;2.6586;0.0;58.2119;17.645;0.0;1;1;1;822906.0;0.0;329596.0;13060.0;1121745.0;0.0;459550.0;119483.0
07047251000170;ENEL CE;2022-01;88.2693;2.628;0.0;79.6667;7.3334;0.0;1;1;1;808187.0;0.0;514539.0;22272.0;939354.0;0.0;571281.0;60112.0
07047251000170;ENEL CE;2022-02;88.7628;2.4227;0.0004;86.7941;3.4814;0.0004;1;1;1;814368.0;3.0;492420.0;19789.0;837076.0;3.0;501605.0;26666.0
07047251000170;ENEL CE;2022-03;87.182;3.196;0.0;75.496;8.3113;0.0;1;1;1;907735.0;0.0;511002.0;36006.0;1081658.0;0.0;593810.0;82946.0
07047251000170;ENEL CE;2022-04;85.8533;3.0491;0.0;79.1445;6.7358;0.0;1;1;1;830932.0;0.0;502123.0;29125.0;940268.0;0.0;550476.0;57513.0
07047251000170;ENEL CE;2022-05;90.2842;1.7271;0.0;89.508;2.3213;0.0;1;1;1;816111.0;0.0;503288.0;16803.0;826518.0;0.0;506047.0;20346.0
07047251000170;ENEL CE;2022-06;88.3017;2.2035;0.0;87.8123;2.4915;0.0;1;1;1;724855.0;0.0;430550.0;15261.0;732325.0;0.0;433630.0;16867.0
07047251000170;ENEL CE;2022-07;90.9804;2.4217;0.0;90.6865;2.5366;0.0;1;1;1;673772.0;0.0;393586.0;14144.0;678526.0;0.0;395796.0;14752.0
07047251000170;ENEL CE;2022-08;91.1544;1.8567;0.0;91.122;1.8845;0.0;1;1;1;674412.0;0.0;385292.0;15832.0;674578.0;0.0;385324.0;15951.0
07047251000170;ENEL CE;2022-09;88.705;2.3278;0.0;87.7202;3.0452;0.0;1;1;1;627289.0;0.0;341804.0;14261.0;634860.0;0.0;343918.0;17212.0
07047251000170;ENEL CE;2022-10;90.2247;2.6387;0.0;87.7474;4.0267;0.0;1;1;1;717925.0;0.0;370927.0;15532.0;743909.0;0.0;379057.0;22694.0
07047251000170;ENEL CE;2022-11;89.515;2.5275;0.0;86.5506;4.3847;0.0;1;1;1;654465.0;0.0;350670.0;14884.0;681357.0;0.0;360852.0;23636.0
07047251000170;ENEL CE;2022-12;87.1275;2.4942;0.0;85.0118;3.9618;0.0;1;1;1;858577.0;0.0;441326.0;17138.0;881867.0;0.0;448877.0;25460.0
07047251000170;ENEL CE;2023-01;85.7972;2.8997;0.0;79.485;6.1961;0.0;1;1;1;891025.0;0.0;463780.0;21000.0;947275.0;0.0;487786.0;43031.0
07047251000170;ENEL CE;2023-02;88.0038;2.8471;0.0;79.6767;7.8196;0.0;1;1;1;842371.0;0.0;423260.0;19953.0;937019.0;0.0;458111.0;51184.0
07047251000170;ENEL CE;2023-03;89.2811;2.0166;0.0;80.7874;6.4995;0.0;1;1;1;981433.0;0.0;501978.0;17942.0;1093480.0;0.0;547584.0;50865.0
07047251000170;ENEL CE;2023-04;86.5383;3.0552;0.0;75.9029;10.1027;0.0;1;1;1;775223.0;0.0;427993.0;20705.0;876509.0;0.0;463187.0;64477.0
07047251000170;ENEL CE;2023-05;95.3945;1.3018;0.0;93.4661;2.2624;0.0;1;1;1;698597.0;0.0;412834.0;11206.0;714999.0;0.0;420080.0;16175.0
07047251000170;ENEL CE;2023-06;88.6097;2.0086;0.0;88.3437;2.1651;0.0;1;1;1;657441.0;0.0;364485.0;13163.0;659792.0;0.0;365378.0;13861.0
07047251000170;ENEL CE;2023-07;86.0416;2.5324;0.0;85.9056;2.6414;0.0;1;1;1;783316.0;0.0;413831.0;19356.0;787958.0;0.0;415658.0;19969.0
07047251000170;ENEL CE;2023-08;85.2711;2.5069;0.0;67.8816;20.3156;0.0;1;1;1;830373.0;0.0;421714.0;19811.0;1013814.0;0.0;437350.0;145108.0
07047251000170;ENEL CE;2023-09;85.8072;1.8831;0.0;83.5646;3.0508;0.0;1;1;1;847394.0;0.0;410522.0;16484.0;868459.0;0.0;419122.0;23067.0
07047251000170;ENEL CE;2023-10;87.3185;2.3169;0.0;86.2612;2.8034;0.0;1;1;1;770432.0;0.0;425535.0;18580.0;779437.0;0.0;429783.0;21323.0
07047251000170;ENEL CE;2023-11;85.0975;4.0027;7.4819;79.9891;7.1194;6.8586;1;0;0;854671.0;63946.0;455749.0;30984.0;944026.0;64747.0;490156.0;52458.0
07047251000170;ENEL CE;2023-12;85.57;3.0914;0.0002;76.2938;8.5879;0.0002;1;1;1;807108.0;2.0;431905.0;24202.0;958196.0;2.0;492404.0;62279.0
07047251000170;ENEL CE;2024-01;85.6328;3.0248;0.0;84.0149;3.6351;0.0;1;1;1;862680.0;0.0;451304.0;26113.0;961813.0;0.0;503813.0;32746.0
07047251000170;ENEL CE;2024-02;87.2239;2.5317;0.0;80.1051;5.4396;0.0;1;1;1;828386.0;0.0;428449.0;22134.0;1178411.0;0.0;566884.0;48536.0
07047251000170;ENEL CE;2024-03;87.4858;2.7394;0.0;85.7069;3.3041;0.0;1;1;1;836263.0;0.0;433267.0;22694.0;1162022.0;0.0;591894.0;34669.0
07047251000170;ENEL CE;2024-04;87.2023;2.241;0.0;87.2496;2.2787;0.0;1;1;1;886839.0;0.0;507079.0;22974.0;968659.0;0.0;554290.0;25295.0
07047251000170;ENEL CE;2024-05;88.392;2.3311;0.0;87.8591;2.6142;0.0;1;1;1;759234.0;0.0;427437.0;18919.0;777492.0;0.0;433615.0;20591.0
07047251000170;ENEL CE;2024-06;88.2632;2.6292;0.0;88.0302;2.746;0.0;1;1;1;654775.0;0.0;371080.0;17323.0;659563.0;0.0;372553.0;17897.0
07047251000170;ENEL CE;2024-07;89.0141;4.3051;0.0;88.7511;4.4809;0.0;1;0;1;693163.0;0.0;385056.0;25034.0;696703.0;0.0;386029.0;25993.0
07047251000170;ENEL CE;2024-08;92.0241;2.1341;0.227;91.8717;2.2314;0.2258;1;1;1;554562.0;1259.0;321381.0;12369.0;557629.0;1259.0;322211.0;12809.0
07047251000170;ENEL CE;2024-09;89.5829;2.9437;0.0;88.4023;3.5351;0.0;1;1;1;549125.0;0.0;326179.0;16279.0;565668.0;0.0;330648.0;18849.0
07047251000170;ENEL CE;2024-10;86.9923;3.7067;2.0937;86.8831;3.7982;2.1548;1;1;0;645262.0;13510.0;346701.0;19693.0;648589.0;13976.0;347933.0;20293.0
07047251000170;ENEL CE;2024-11;93.4953;1.2612;0.0;93.4055;1.3069;0.0;1;1;1;557318.0;0.0;338143.0;8192.0;560982.0;0.0;339670.0;8425.0
07047251000170;ENEL CE;2024-12;91.2404;1.4552;0.0002;90.0347;1.6909;0.0001;1;1;1;577543.0;1.0;335418.0;8772.0;706237.0;1.0;397379.0;11744.0
07047251000170;ENEL CE;2025-01;86.9745;2.806;0.0;86.6697;2.8752;0.0;1;1;1;872246.0;0.0;435986.0;19599.0;904525.0;0.0;450290.0;20598.0
07047251000170;ENEL CE;2025-02;93.1181;1.2403;0.0;93.1201;1.2402;0.0;1;1;1;691851.0;0.0;344459.0;8152.0;692740.0;0.0;344715.0;8155.0
07047251000170;ENEL CE;2025-03;94.9068;0.9086;0.0;94.8786;0.9116;0.0;1;1;1;715520.0;0.0;347010.0;6766.0;716194.0;0.0;347276.0;6785.0
07047251000170;ENEL CE;2025-04;91.7972;1.4986;0.0;91.7283;1.5176;0.0;1;1;1;706358.0;0.0;334755.0;10984.0;707715.0;0.0;335306.0;11073.0
07047251000170;ENEL CE;2025-05;92.8011;1.4603;0.0016;92.8011;1.4603;0.0016;1;1;1;684925.0;11.0;331991.0;10579.0;684925.0;11.0;331991.0;10579.0
07047251000170;ENEL CE;2025-06;95.898;0.9568;0.0;95.8239;0.989;0.0;1;1;1;614267.0;0.0;304542.0;7144.0;615271.0;0.0;304755.0;7258.0
07047251000170;ENEL CE;2025-07;95.0618;1.122;0.0;95.0618;1.122;0.0;1;1;1;597354.0;0.0;301127.0;8087.0;597354.0;0.0;301127.0;8087.0
07047251000170;ENEL CE;2025-08;96.9122;0.703;0.0;96.9122;0.703;0.0;1;1;1;534776.0;0.0;262313.0;5352.0;534776.0;0.0;262313.0;5352.0
07047251000170;ENEL CE;2025-09;87.354;2.7692;0.0;87.354;2.7692;0.0;1;1;1;616630.0;0.0;297183.0;15025.0;616630.0;0.0;297183.0;15025.0
07047251000170;ENEL CE;2025-10;96.2273;0.9909;0.0;95.7461;1.4487;0.0;1;1;1;688351.0;0.0;349301.0;9691.0;695046.0;0.0;349525.0;11466.0
07047251000170;ENEL CE;2025-11;97.4208;0.9752;0.0;97.2926;1.0398;0.0;1;1;1;583971.0;0.0;298237.0;7724.0;586017.0;0.0;298660.0;7973.0
07047251000170;ENEL CE;2025-12;96.3243;1.3094;0.0008;96.2652;1.3306;0.0008;1;1;1;613201.0;5.0;303825.0;8616.0;616164.0;5.0;304931.0;8727.0
07047251000170;ENEL CE;2026-01;97.0878;0.9154;0.0;96.0801;1.0939;0.0;1;1;1;581541.0;0.0;306216.0;6907.0;696331.0;0.0;357234.0;9354.0
07047251000170;ENEL CE;2026-02;95.7379;1.214;0.0;93.8234;1.6527;0.0;1;1;1;587148.0;0.0;282445.0;8114.0;724271.0;0.0;343417.0;12314.0
07047251000170;ENEL CE;2026-03;96.2705;0.996;0.0;95.7242;1.1533;0.0;1;1;1;651933.0;0.0;334272.0;8618.0;680552.0;0.0;346253.0;9674.0
07047251000170;ENEL CE;2026-04;93.1936;1.5414;0.0;92.1631;1.8634;0.0;1;1;1;610431.0;0.0;328646.0;11295.0;684258.0;0.0;358916.0;13976.0
07047251000170;ENEL CE;2026-05;94.3703;1.1117;0.001;94.2717;1.14;0.001;1;1;1;606653.0;6.0;305905.0;8558.0;618807.0;6.0;310973.0;8826.0
07047251000170;ENEL CE;2026-06;93.8195;1.5503;0.0;93.8119;1.5502;0.0;1;1;1;541593.0;0.0;286339.0;9780.0;543566.0;0.0;286994.0;9819.0
07047251000170;ENEL CE;2026-07;91.3292;2.1544;0.0;90.6633;2.4173;0.0;1;1;1;641178.0;0.0;305608.0;16197.0;663468.0;0.0;309345.0;17467.0
07282377000120;ESS;2014-01;92.0651;1.4077;0.706;81.1108;4.0585;0.7919;1;1;1;71251.0;503.0;64014.0;1805.0;110244.0;873.0;99191.0;6397.0
07282377000120;ESS;2014-02;94.9103;0.458;0.4406;91.0978;1.4495;0.4979;1;1;1;59464.0;262.0;58242.0;960.0;75510.0;376.0;72954.0;2180.0
07282377000120;ESS;2014-03;95.6267;0.4679;0.6412;91.3209;1.2827;0.6367;1;1;1;61605.0;395.0;60198.0;1012.0;73664.0;469.0;71191.0;2004.0
07282377000120;ESS;2014-04;95.5209;0.4841;0.6399;88.2088;2.0207;2.0161;1;1;1;59232.0;379.0;57966.0;887.0;74055.0;1493.0;70066.0;2496.0
07282377000120;ESS;2014-05;98.2468;0.2119;0.6193;96.3082;0.4147;0.7461;1;1;1;57969.0;359.0;56975.0;635.0;65001.0;485.0;63633.0;883.0
07282377000120;ESS;2014-06;99.4673;0.03;0.5599;99.4126;0.0359;0.5766;1;1;1;54114.0;303.0;53299.0;512.0;59488.0;343.0;58542.0;603.0
07282377000120;ESS;2014-07;95.6348;1.4025;0.7334;84.34;6.3733;0.5852;1;1;1;54952.0;403.0;53148.0;1401.0;82705.0;484.0;75583.0;6638.0
07282377000120;ESS;2014-08;93.2535;1.6542;0.4487;89.5929;2.8182;0.4725;1;1;1;57724.0;259.0;55408.0;1452.0;64551.0;305.0;61071.0;2484.0
07282377000120;ESS;2014-09;88.9692;2.5172;0.7441;67.766;13.491;1.9489;1;1;1;58060.0;432.0;54915.0;2226.0;103647.0;2020.0;84880.0;15936.0
07282377000120;ESS;2014-10;88.1542;2.2396;0.7189;78.2402;6.8637;1.1122;1;1;1;69970.0;503.0;66872.0;2595.0;100975.0;1123.0;90766.0;9086.0
07282377000120;ESS;2014-11;82.3871;3.4232;0.3628;69.3511;10.8407;6.869;0;1;1;66981.0;243.0;63195.0;3543.0;110293.0;7576.0;88767.0;13950.0
07282377000120;ESS;2014-12;79.7775;3.747;5.0804;68.8524;8.0976;5.3222;0;1;0;65644.0;3335.0;60315.0;3805.0;105652.0;5623.0;92066.0;11432.0
07282377000120;ESS;2015-01;53.9316;11.6886;1.4917;36.2327;26.168;1.0004;0;0;1;36602.0;546.0;30773.0;5283.0;71972.0;720.0;50081.0;21171.0
07282377000120;ESS;2015-02;58.6346;10.5577;0.4975;45.9106;19.5796;0.57;0;0;1;64721.0;322.0;55905.0;8494.0;106849.0;609.0;81798.0;24442.0
07282377000120;ESS;2015-03;72.5564;9.6724;0.2718;62.4807;16.691;0.3029;0;0;1;74316.0;202.0;65492.0;8622.0;104009.0;315.0;83768.0;19926.0
07282377000120;ESS;2015-04;91.7828;2.2955;0.3258;90.0771;2.9758;0.3324;1;1;1;66307.0;216.0;64100.0;1991.0;78226.0;260.0;74957.0;3009.0
07282377000120;ESS;2015-05;90.6029;1.1375;0.2321;84.2656;3.5554;0.234;1;1;1;77967.0;181.0;61882.0;1255.0;93587.0;219.0;72862.0;3594.0
07282377000120;ESS;2015-06;90.5892;1.0109;0.2115;86.7548;2.1222;0.1969;1;1;1;83222.0;176.0;70601.0;1288.0;95495.0;188.0;80296.0;2508.0
07282377000120;ESS;2015-07;91.7092;0.8387;0.3729;89.2555;1.6455;0.3589;1;1;1;96549.0;360.0;73066.0;1161.0;110624.0;397.0;84097.0;2156.0
07282377000120;ESS;2015-08;93.8153;0.521;0.7374;91.0686;1.372;0.7431;1;1;1;86926.0;641.0;69888.0;890.0;98510.0;732.0;78713.0;1835.0
07282377000120;ESS;2015-09;90.915;1.3378;0.7017;60.5602;12.2841;2.0275;1;1;1;76676.0;538.0;60989.0;1382.0;151022.0;3062.0;107130.0;17551.0
07282377000120;ESS;2015-10;91.1058;1.2561;0.8457;69.4567;9.33;2.3524;1;1;1;100149.0;847.0;65169.0;1464.0;186874.0;4396.0;116763.0;14491.0
07282377000120;ESS;2015-11;92.5534;1.996;0.9711;78.5751;8.7961;5.2922;1;1;1;100607.0;977.0;63093.0;1849.0;192284.0;10176.0;103324.0;12854.0
07282377000120;ESS;2015-12;92.0344;0.9797;0.2788;84.3106;3.3704;0.2942;1;1;1;100792.0;281.0;73281.0;1282.0;142777.0;420.0;102755.0;5026.0
07282377000120;ESS;2016-01;95.3904;0.697;0.435;92.4051;2.0605;0.399;1;1;1;123671.0;538.0;75227.0;880.0;148369.0;592.0;89172.0;2527.0
07282377000120;ESS;2016-02;91.0556;1.2435;0.281;85.9851;2.763;0.311;1;1;1;120632.0;339.0;77277.0;1843.0;147577.0;459.0;94386.0;4154.0
07282377000120;ESS;2016-03;94.1514;0.5919;0.0;88.7608;1.8314;0.0;1;1;1;168911.0;0.0;85155.0;993.0;200959.0;0.0;104150.0;2784.0
07282377000120;ESS;2016-04;98.5815;0.1654;0.0;94.6533;0.8866;0.0;1;1;1;135761.0;0.0;73056.0;424.0;153787.0;0.0;84622.0;1258.0
07282377000120;ESS;2016-05;99.0346;0.0941;0.0;97.1546;0.351;0.0;1;1;1;72758.0;0.0;73265.0;313.0;80428.0;0.0;83174.0;638.0
07282377000120;ESS;2016-06;97.4275;0.2819;0.0;96.1243;0.431;0.0;1;1;1;96994.0;0.0;76052.0;549.0;109705.0;0.0;85472.0;813.0
07282377000120;ESS;2016-07;96.2791;0.3864;0.0023;93.6641;1.0117;0.0021;1;1;1;88065.0;2.0;71158.0;624.0;96426.0;2.0;77101.0;1284.0
07282377000120;ESS;2016-08;97.3524;0.3638;0.002;87.7175;5.1254;0.0025;1;1;1;97658.0;2.0;74776.0;644.0;122063.0;3.0;88166.0;5595.0
07282377000120;ESS;2016-09;98.3368;0.1531;0.0;96.5139;1.0958;0.0;1;1;1;79928.0;0.0;73059.0;703.0;88870.0;0.0;79069.0;1579.0
07282377000120;ESS;2016-10;87.0382;2.1913;0.0;81.7192;4.0916;0.0;1;1;1;87864.0;0.0;75610.0;2500.0;105315.0;0.0;88019.0;4877.0
07282377000120;ESS;2016-11;89.1838;0.922;0.0;88.3699;1.0156;0.0;1;1;1;87392.0;0.0;76835.0;1349.0;101055.0;0.0;88787.0;1673.0
07282377000120;ESS;2016-12;94.8752;0.6386;0.0;93.3483;1.0722;0.0;1;1;1;88506.0;0.0;75149.0;1149.0;102407.0;0.0;85160.0;1751.0
07282377000120;ESS;2017-01;94.0347;0.8338;0.0;93.1059;1.1757;0.0;1;1;1;92021.0;0.0;74691.0;1329.0;106019.0;0.0;83972.0;1809.0
07282377000120;ESS;2017-02;96.6076;0.3897;0.0;95.0097;0.9237;0.0;1;1;1;75522.0;0.0;64158.0;576.0;88142.0;0.0;72188.0;1099.0
07282377000120;ESS;2017-03;89.4007;1.4316;0.0;88.553;1.8597;0.0;1;1;1;94686.0;0.0;75735.0;1785.0;103165.0;0.0;81165.0;2324.0
07282377000120;ESS;2017-04;89.4354;1.2138;0.0;87.1095;1.7349;0.0;1;1;1;76935.0;0.0;62098.0;1312.0;87737.0;0.0;67967.0;1922.0
07282377000120;ESS;2017-05;90.0179;0.9292;0.0;84.6389;2.9603;0.0;1;1;1;84713.0;0.0;71538.0;1425.0;101852.0;0.0;83394.0;3597.0
07282377000120;ESS;2017-06;90.0099;1.1194;0.0013;89.4835;1.2403;0.0012;1;1;1;78417.0;1.0;66603.0;1477.0;81647.0;1.0;69277.0;1632.0
07282377000120;ESS;2017-07;88.2635;0.8813;0.0;86.0423;1.4604;0.0;1;1;1;98791.0;0.0;76481.0;1178.0;105211.0;0.0;81238.0;1810.0
07282377000120;ESS;2017-08;89.9849;0.5574;0.0019;82.3934;4.6933;0.0017;1;1;1;104076.0;2.0;81529.0;950.0;119453.0;2.0;89858.0;5287.0
07282377000120;ESS;2017-09;88.6658;0.4718;0.0;83.4052;2.9654;0.0;1;1;1;82782.0;0.0;66667.0;733.0;92228.0;0.0;72448.0;2853.0
07282377000120;ESS;2017-10;86.8786;1.1514;0.0;64.9541;11.5338;0.0015;1;1;1;86429.0;0.0;66791.0;1265.0;129561.0;2.0;90178.0;13409.0
07282377000120;ESS;2017-11;93.6789;0.3656;0.0011;73.3182;8.9495;0.0015;1;1;1;89214.0;1.0;69228.0;613.0;133262.0;2.0;94972.0;10742.0
07282377000120;ESS;2017-12;93.3586;0.3323;0.0;88.3401;1.8276;0.0;1;1;1;95667.0;0.0;73490.0;602.0;108347.0;0.0;81595.0;2036.0
07282377000120;ESS;2018-01;91.9727;0.5495;0.0;90.1383;0.8648;0.0;1;1;1;103017.0;0.0;80541.0;937.0;117596.0;0.0;91941.0;1439.0
07282377000120;ESS;2018-02;94.5627;0.2937;0.0;92.2779;0.8922;0.0;1;1;1;88472.0;0.0;69261.0;548.0;95377.0;0.0;74426.0;1134.0
07282377000120;ESS;2018-03;93.3434;0.3579;0.0;91.3136;0.6872;0.0;1;1;1;95129.0;0.0;72943.0;642.0;103258.0;0.0;79049.0;1021.0
07282377000120;ESS;2018-04;94.9368;0.1406;0.0;94.6227;0.1687;0.0;1;1;1;90120.0;0.0;68891.0;412.0;92019.0;0.0;70418.0;451.0
07282377000120;ESS;2018-05;91.9974;0.7523;0.0012;88.4662;2.3645;0.001;1;1;1;86325.0;1.0;65569.0;844.0;98833.0;1.0;75069.0;2328.0
07282377000120;ESS;2018-06;94.0416;0.461;0.0;92.8575;0.9489;0.0;1;1;1;81302.0;0.0;66288.0;650.0;84989.0;0.0;69103.0;1067.0
07282377000120;ESS;2018-07;94.5342;0.2703;0.0;94.229;0.3055;0.0;1;1;1;86371.0;0.0;71215.0;620.0;89038.0;0.0;73436.0;683.0
07282377000120;ESS;2018-08;90.1074;0.5735;0.0;88.6384;0.8055;0.0;1;1;1;93174.0;0.0;73329.0;943.0;102514.0;0.0;80418.0;1291.0
07282377000120;ESS;2018-09;89.2751;0.4668;0.0;87.0163;0.8299;0.0;1;1;1;84359.0;0.0;67804.0;848.0;97831.0;0.0;77549.0;1332.0
07282377000120;ESS;2018-10;89.2699;0.5325;0.0023;73.4179;4.1683;0.0015;1;1;1;88413.0;2.0;72667.0;939.0;136301.0;2.0;106953.0;5928.0
07282377000120;ESS;2018-11;92.6392;0.3425;0.0;89.6302;0.8631;0.0;1;1;1;90469.0;0.0;72163.0;716.0;110250.0;0.0;89244.0;1473.0
07282377000120;ESS;2018-12;90.6494;0.5057;0.0;84.5827;2.5212;0.0;1;1;1;85058.0;0.0;69844.0;873.0;116412.0;0.0;93026.0;3398.0
07282377000120;ESS;2019-01;92.1883;0.3467;0.0;84.7384;2.3245;0.0;1;1;1;95697.0;0.0;79055.0;788.0;136507.0;0.0;109422.0;3542.0
07282377000120;ESS;2019-02;95.5832;0.197;0.0;91.1426;1.1397;0.0;1;1;1;84861.0;0.0;70433.0;503.0;106156.0;0.0;87259.0;1560.0
07282377000120;ESS;2019-03;92.6196;0.6631;0.0;89.1889;2.1244;0.0;1;1;1;90425.0;0.0;73853.0;924.0;103013.0;0.0;82747.0;2425.0
07282377000120;ESS;2019-04;94.0738;0.3612;0.0;92.6885;0.9994;0.0;1;1;1;86949.0;0.0;72280.0;625.0;94788.0;0.0;78358.0;1224.0
07282377000120;ESS;2019-05;93.4177;0.3641;0.0;91.9205;1.3627;0.0;1;1;1;89922.0;0.0;74428.0;652.0;95715.0;0.0;78463.0;1551.0
07282377000120;ESS;2019-06;91.8348;1.0584;0.0;90.0187;1.3535;0.0;1;1;1;78492.0;0.0;64598.0;1061.0;83794.0;0.0;68945.0;1383.0
07282377000120;ESS;2019-07;89.7035;0.9906;0.0011;87.0009;2.4335;0.001;1;1;1;91948.0;1.0;75061.0;1230.0;98239.0;1.0;78982.0;2572.0
07282377000120;ESS;2019-08;88.6017;1.4897;0.0;87.1695;2.2916;0.0;1;1;1;89836.0;0.0;72675.0;1584.0;93539.0;0.0;75171.0;2307.0
07282377000120;ESS;2019-09;89.0207;2.0808;0.0011;84.3743;5.231;0.001;1;1;1;88460.0;1.0;69270.0;2041.0;100700.0;1.0;75945.0;4973.0
07282377000120;ESS;2019-10;87.8347;2.1429;0.0;68.8014;12.2645;0.0;1;1;1;98903.0;0.0;68269.0;2138.0;154721.0;0.0;96581.0;15534.0
07282377000120;ESS;2019-11;88.6663;1.462;0.0;79.5342;7.0054;0.0;1;1;1;89368.0;0.0;71580.0;1676.0;110405.0;0.0;82940.0;7577.0
07282377000120;ESS;2019-12;90.02;0.9877;0.0;84.789;3.6063;0.0;1;1;1;93483.0;0.0;76085.0;1389.0;112506.0;0.0;88580.0;4599.0
07282377000120;ESS;2020-01;93.4903;0.6526;0.0;90.3996;1.7612;0.0;1;1;1;105345.0;0.0;85708.0;1185.0;117857.0;0.0;94101.0;2537.0
07282377000120;ESS;2020-02;92.8206;0.781;0.0011;89.2608;1.9631;0.001;1;1;1;88652.0;1.0;72541.0;1189.0;98586.0;1.0;79403.0;2580.0
07282377000120;ESS;2020-03;92.4301;0.7988;0.001;90.8538;1.0585;0.0009;1;1;1;97530.0;1.0;81472.0;1220.0;109971.0;1.0;91507.0;1745.0
07282377000120;ESS;2020-04;84.3116;5.3119;0.0;80.6226;5.9146;0.0;0;0;1;73016.0;0.0;57060.0;3684.0;110388.0;0.0;85868.0;6331.0
07282377000120;ESS;2020-05;27.9019;20.6423;0.0016;40.5522;15.5001;0.0008;0;0;1;63670.0;1.0;40501.0;11945.0;126785.0;1.0;89640.0;18877.0
07282377000120;ESS;2020-06;91.8379;1.7869;0.0;78.3005;5.6879;0.0006;1;1;1;44430.0;0.0;33692.0;836.0;177988.0;1.0;137873.0;9704.0
07282377000120;ESS;2020-07;91.9224;1.7538;0.0022;68.9444;7.4201;0.0006;1;1;1;46304.0;1.0;37364.0;904.0;172673.0;1.0;133953.0;12675.0
07282377000120;ESS;2020-08;93.8888;1.5691;0.0026;78.3109;7.7352;0.0031;1;1;1;77252.0;2.0;63798.0;1456.0;128894.0;4.0;99598.0;9843.0
07282377000120;ESS;2020-09;95.2802;1.4587;0.0056;90.3722;3.074;0.0061;1;1;1;89864.0;5.0;73701.0;1526.0;115153.0;7.0;93173.0;3763.0
07282377000120;ESS;2020-10;92.4914;1.004;0.0042;82.9622;5.4279;0.003;1;1;1;94577.0;4.0;74742.0;1387.0;132644.0;4.0;100829.0;7277.0
07282377000120;ESS;2020-11;95.2327;0.6642;0.0072;85.5673;3.9373;0.0049;1;1;1;83832.0;6.0;69241.0;853.0;123535.0;6.0;95299.0;5029.0
07282377000120;ESS;2020-12;95.545;0.7531;0.0065;86.9873;4.5132;0.005;1;1;1;91918.0;6.0;74720.0;1015.0;139070.0;7.0;106019.0;6529.0
07282377000120;ESS;2021-01;92.8266;0.9891;0.0018;88.8062;2.5348;0.0016;1;1;1;111088.0;2.0;87191.0;1549.0;124627.0;2.0;95821.0;3502.0
07282377000120;ESS;2021-02;92.1594;1.2109;0.001;91.9226;1.3247;0.001;1;1;1;97499.0;1.0;79542.0;1556.0;100495.0;1.0;81788.0;1713.0
07282377000120;ESS;2021-03;92.4398;1.0356;0.0053;92.1191;1.1629;0.0052;1;1;1;112207.0;6.0;89445.0;1812.0;115110.0;6.0;91452.0;2003.0
07282377000120;ESS;2021-04;89.3934;1.3296;0.0011;89.3466;1.3432;0.0011;1;1;1;91510.0;1.0;72431.0;2037.0;91798.0;1.0;72640.0;2058.0
07282377000120;ESS;2021-05;91.87;0.7747;0.0022;91.3482;0.8741;0.0021;1;1;1;91101.0;2.0;74925.0;1197.0;93716.0;2.0;76775.0;1323.0
07282377000120;ESS;2021-06;88.8117;1.5312;0.0;88.6486;1.6277;0.0;1;1;1;92147.0;0.0;74017.0;1756.0;93039.0;0.0;74641.0;1857.0
07282377000120;ESS;2021-07;90.6705;1.3006;0.0032;90.6998;1.3048;0.0032;1;1;1;94077.0;3.0;71029.0;1592.0;94846.0;3.0;71632.0;1612.0
07282377000120;ESS;2021-08;92.4518;1.1244;0.001;92.3688;1.1298;0.001;1;1;1;96585.0;1.0;68417.0;1575.0;97434.0;1.0;68784.0;1601.0
07282377000120;ESS;2021-09;87.5446;2.1005;0.0;78.2257;7.9386;0.0023;1;1;1;102532.0;0.0;71683.0;2295.0;131995.0;3.0;78962.0;8849.0
07282377000120;ESS;2021-10;88.6902;1.9418;0.0019;53.2045;23.6628;0.0044;1;1;1;103112.0;2.0;71607.0;2211.0;294346.0;13.0;117073.0;44765.0
07282377000120;ESS;2021-11;87.1034;1.6404;0.0;82.9974;4.4383;0.0;1;1;1;117585.0;0.0;81904.0;2217.0;126581.0;0.0;85565.0;5399.0
07282377000120;ESS;2021-12;86.7184;1.8761;0.0014;82.9812;4.5118;0.0013;1;1;1;138173.0;2.0;98851.0;2892.0;148977.0;2.0;103451.0;6702.0
07282377000120;ESS;2022-01;87.9523;2.0665;0.0008;71.4862;13.692;0.0006;1;1;1;118568.0;1.0;79760.0;2540.0;163286.0;1.0;99073.0;19865.0
07282377000120;ESS;2022-02;90.3813;2.0447;0.0019;80.1652;9.5635;0.0025;1;1;1;102955.0;2.0;68649.0;2076.0;120070.0;3.0;76531.0;10872.0
07282377000120;ESS;2022-03;91.1183;1.3152;0.0;85.2614;5.1561;0.0;1;1;1;114684.0;0.0;78333.0;4067.0;128823.0;0.0;84100.0;9689.0
07282377000120;ESS;2022-04;90.3989;2.8026;0.002;75.4575;12.3882;0.0014;1;1;1;101529.0;2.0;65236.0;3321.0;139401.0;2.0;80531.0;15580.0
07282377000120;ESS;2022-05;96.0828;0.5426;0.0009;95.3548;1.0551;0.0008;1;1;1;116026.0;1.0;76245.0;1822.0;119769.0;1.0;78301.0;2290.0
07282377000120;ESS;2022-06;94.253;1.2459;0.0;94.1411;1.3032;0.0;1;1;1;95612.0;0.0;62617.0;1570.0;96540.0;0.0;63239.0;1626.0
07282377000120;ESS;2022-07;96.4231;0.4629;0.0;96.4293;0.4639;0.0;1;1;1;90800.0;0.0;61500.0;704.0;91253.0;0.0;61800.0;710.0
07282377000120;ESS;2022-08;95.3752;0.6793;0.001;95.1426;0.8132;0.001;1;1;1;102527.0;1.0;67112.0;974.0;104118.0;1.0;67814.0;1099.0
07282377000120;ESS;2022-09;95.9479;0.9019;0.0;95.8654;0.9766;0.0;1;1;1;98339.0;0.0;62192.0;1069.0;99448.0;0.0;62965.0;1134.0
07282377000120;ESS;2022-10;95.0304;1.2664;0.0008;89.0248;5.1357;0.0042;1;1;1;120745.0;1.0;59722.0;977.0;141355.0;6.0;65371.0;3812.0
07282377000120;ESS;2022-11;95.8695;0.7883;0.0016;95.463;0.9639;0.0016;1;1;1;127195.0;2.0;60409.0;618.0;128946.0;2.0;61032.0;733.0
07282377000120;ESS;2022-12;91.9862;1.839;0.0;91.8796;1.894;0.0;1;1;1;137327.0;0.0;71951.0;1469.0;138473.0;0.0;72464.0;1520.0
07282377000120;ESS;2023-01;92.3142;1.493;0.0024;91.7936;1.7323;0.0022;1;1;1;127625.0;3.0;77195.0;1270.0;134890.0;3.0;80493.0;1527.0
07282377000120;ESS;2023-02;88.4254;2.9765;0.0017;84.5037;4.9517;0.0015;1;1;1;115528.0;2.0;69658.0;2287.0;130201.0;2.0;76204.0;4161.0
07282377000120;ESS;2023-03;90.3992;2.8505;0.0007;86.4688;5.5113;0.0013;1;1;1;137925.0;1.0;75558.0;2327.0;148727.0;2.0;78573.0;4745.0
07282377000120;ESS;2023-04;89.9743;3.6809;0.0018;89.3836;4.045;0.0018;1;1;1;110378.0;2.0;64580.0;2546.0;111882.0;2.0;65212.0;2900.0
07282377000120;ESS;2023-05;91.2566;2.9974;0.0;91.1552;3.0635;0.0;1;1;1;113133.0;0.0;65113.0;2120.0;113663.0;0.0;65309.0;2172.0
07282377000120;ESS;2023-06;96.8976;0.7182;0.0009;96.7877;0.761;0.0009;1;1;1;106968.0;1.0;58339.0;480.0;107225.0;1.0;58419.0;506.0
07282377000120;ESS;2023-07;87.8282;3.9268;0.0018;87.4168;4.2836;0.0018;1;1;1;111217.0;2.0;59135.0;2486.0;111998.0;2.0;59370.0;2726.0
07282377000120;ESS;2023-08;87.1962;3.5636;0.0;84.1383;5.7621;0.0;1;1;1;126212.0;0.0;63757.0;2432.0;134503.0;0.0;65615.0;4101.0
07282377000120;ESS;2023-09;84.6365;4.6264;0.0016;74.1056;11.9295;0.0025;0;0;1;128323.0;2.0;66051.0;3305.0;162699.0;4.0;74815.0;10255.0
07282377000120;ESS;2023-10;88.3294;3.7192;0.0043;76.8022;11.7103;0.0061;1;1;1;138208.0;6.0;73754.0;2936.0;195548.0;12.0;92344.0;12385.0
07282377000120;ESS;2023-11;88.1229;3.7479;0.0017;58.7578;25.5285;0.0014;1;1;1;116245.0;2.0;57733.0;2339.0;215627.0;3.0;87160.0;30156.0
07282377000120;ESS;2023-12;86.9651;3.7225;0.001;56.1246;29.6202;0.0011;1;1;1;103144.0;1.0;55891.0;2234.0;177826.0;2.0;75647.0;32091.0
07282377000120;ESS;2024-01;90.7533;2.4156;0.0041;77.3489;11.4538;0.0034;1;1;1;145047.0;6.0;70856.0;1823.0;176381.0;6.0;82170.0;10774.0
07282377000120;ESS;2024-02;92.9789;1.5194;0.0;92.5992;1.7195;0.0;1;1;1;133514.0;0.0;71619.0;1201.0;136573.0;0.0;72760.0;1372.0
07282377000120;ESS;2024-03;92.3755;1.7568;0.0023;91.81;2.0502;0.0023;1;1;1;128582.0;3.0;70907.0;1365.0;131275.0;3.0;72141.0;1609.0
07282377000120;ESS;2024-04;92.92;1.6675;0.0009;92.376;1.985;0.0009;1;1;1;116822.0;1.0;66402.0;1201.0;117441.0;1.0;66659.0;1426.0
07282377000120;ESS;2024-05;94.1938;0.9289;0.0017;94.1967;0.9284;0.0017;1;1;1;117724.0;2.0;60795.0;620.0;117776.0;2.0;60826.0;622.0
07282377000120;ESS;2024-06;95.9578;0.5432;0.0027;95.9462;0.5463;0.0026;1;1;1;113144.0;3.0;54745.0;343.0;113539.0;3.0;54979.0;346.0
07282377000120;ESS;2024-07;95.1969;0.8114;0.0027;95.1969;0.8114;0.0027;1;1;1;109263.0;3.0;53300.0;485.0;109263.0;3.0;53300.0;485.0
07282377000120;ESS;2024-08;96.0638;0.5917;0.0009;96.066;0.5909;0.0009;1;1;1;113600.0;1.0;52581.0;354.0;113725.0;1.0;52661.0;354.0
07282377000120;ESS;2024-09;93.5661;1.065;0.0051;92.4326;1.6583;0.0047;1;1;1;97655.0;5.0;45332.0;524.0;105877.0;5.0;47797.0;843.0
07282377000120;ESS;2024-10;94.8437;0.8965;0.0019;92.7775;2.1355;0.0017;1;1;1;107927.0;2.0;49414.0;481.0;114676.0;2.0;51097.0;1151.0
07282377000120;ESS;2024-11;93.6494;0.7621;0.0031;93.6562;0.7613;0.0031;1;1;1;97768.0;3.0;44536.0;379.0;97875.0;3.0;44584.0;379.0
07282377000120;ESS;2024-12;93.936;0.8104;0.0054;93.7639;0.839;0.0054;1;1;1;110293.0;6.0;46634.0;412.0;111581.0;6.0;46924.0;428.0
07282377000120;ESS;2025-01;94.7005;0.6207;0.0029;93.6466;1.1658;0.0028;1;1;1;102925.0;3.0;42906.0;296.0;106994.0;3.0;43744.0;544.0
07282377000120;ESS;2025-02;91.5958;1.2394;0.003;91.5534;1.229;0.003;1;1;1;98781.0;3.0;40319.0;551.0;101014.0;3.0;41068.0;557.0
07282377000120;ESS;2025-03;91.7604;1.0519;0.0079;91.538;1.1171;0.0077;1;1;1;88296.0;7.0;37816.0;440.0;90423.0;7.0;38504.0;474.0
07282377000120;ESS;2025-04;91.5829;0.6926;0.0059;91.6529;0.6939;0.0057;1;1;1;84639.0;5.0;33696.0;263.0;88155.0;5.0;34347.0;269.0
07282377000120;ESS;2025-05;91.5154;0.5176;0.0038;91.5161;0.5144;0.0038;1;1;1;78918.0;3.0;29981.0;169.0;79874.0;3.0;30172.0;169.0
07282377000120;ESS;2025-06;91.0798;0.6358;0.0022;91.0821;0.6357;0.0022;1;1;1;89239.0;2.0;27035.0;183.0;89263.0;2.0;27042.0;183.0
07282377000120;ESS;2025-07;91.4062;0.6817;0.0046;91.4083;0.6815;0.0046;1;1;1;87658.0;4.0;28118.0;238.0;87671.0;4.0;28125.0;238.0
07282377000120;ESS;2025-08;92.5958;0.9564;0.0012;92.2812;1.2934;0.0012;1;1;1;86758.0;1.0;26098.0;265.0;86886.0;1.0;26100.0;356.0
07282377000120;ESS;2025-09;90.4725;2.5088;0.0042;63.7607;22.1366;0.0065;1;1;1;95849.0;4.0;28989.0;759.0;199399.0;13.0;39620.0;11288.0
07282377000120;ESS;2025-10;91.7241;2.2602;0.0089;90.8163;3.0572;0.0087;1;1;1;123107.0;11.0;31179.0;747.0;126070.0;11.0;31615.0;1024.0
07282377000120;ESS;2025-11;90.6786;3.1678;0.0173;90.056;3.5287;0.0169;1;1;1;115407.0;20.0;31362.0;1042.0;124156.0;21.0;33053.0;1226.0
07282377000120;ESS;2025-12;90.3499;2.4677;0.0078;88.5786;3.4812;0.0074;1;1;1;140448.0;11.0;36678.0;948.0;148193.0;11.0;38400.0;1408.0
07282377000120;ESS;2026-01;91.5121;2.7318;0.0095;90.0583;3.5393;0.0092;1;1;1;95002.0;9.0;27274.0;778.0;98146.0;9.0;27963.0;1045.0
07282377000120;ESS;2026-02;88.3059;3.6346;0.0088;85.3866;6.0007;0.0092;1;1;1;79952.0;7.0;24392.0;934.0;86838.0;8.0;25408.0;1643.0
07282377000120;ESS;2026-03;90.3301;2.0362;0.0089;90.0381;2.1974;0.0088;1;1;1;90023.0;8.0;27039.0;581.0;90449.0;8.0;27195.0;630.0
07282377000120;ESS;2026-04;90.9029;2.4312;0.0046;90.5208;2.7005;0.0046;1;1;1;86103.0;4.0;24400.0;625.0;87027.0;4.0;24717.0;703.0
07282377000120;ESS;2026-05;90.1871;1.9784;0.0045;88.4194;2.8803;0.0042;1;1;1;87970.0;4.0;24723.0;519.0;94342.0;4.0;26132.0;801.0
07282377000120;ESS;2026-06;90.1489;2.6856;0.0036;86.0927;5.6836;0.0032;1;1;1;83037.0;3.0;24568.0;700.0;95220.0;3.0;26883.0;1650.0
07282377000120;ESS;2026-07;90.7563;2.5586;0.0066;90.3469;2.8326;0.0075;1;1;1;91445.0;6.0;24983.0;682.0;93707.0;7.0;25487.0;769.0
07522669000192;Neoenergia Brasília;2014-01;97.878;0.3251;0.1924;88.2193;2.7672;13.5502;1;1;1;105511.0;203.0;104231.0;1077.0;154323.0;20911.0;128145.0;5267.0
07522669000192;Neoenergia Brasília;2014-02;98.8838;0.1463;0.0;93.7545;1.6091;17.7171;1;1;1;79703.0;0.0;79172.0;531.0;106620.0;18890.0;85607.0;2123.0
07522669000192;Neoenergia Brasília;2014-03;96.5208;0.5172;3.5321;83.317;4.5892;32.6095;1;1;0;87992.0;3108.0;83866.0;1018.0;168957.0;55096.0;107175.0;6686.0
07522669000192;Neoenergia Brasília;2014-04;98.2699;0.2057;0.6973;87.0765;3.7368;14.0012;1;1;1;82743.0;577.0;81504.0;662.0;117140.0;16401.0;95649.0;5090.0
07522669000192;Neoenergia Brasília;2014-05;99.6681;0.044;0.0202;99.6689;0.0439;0.0202;1;1;1;59335.0;12.0;59024.0;299.0;59491.0;12.0;59179.0;300.0
07522669000192;Neoenergia Brasília;2014-06;97.3136;0.2957;0.1087;96.2182;0.3803;0.1067;1;1;1;51529.0;56.0;51255.0;218.0;52471.0;56.0;52130.0;285.0
07522669000192;Neoenergia Brasília;2014-07;93.8313;0.8316;0.9067;91.4074;1.5457;3.7271;1;1;1;73565.0;667.0;72149.0;749.0;78371.0;2921.0;74076.0;1374.0
07522669000192;Neoenergia Brasília;2014-08;91.7116;1.1911;0.0742;90.6585;1.7521;0.0733;1;1;1;64673.0;48.0;63708.0;917.0;65453.0;48.0;64093.0;1312.0
07522669000192;Neoenergia Brasília;2014-09;93.21;0.8083;3.4056;80.3162;3.5334;57.5292;1;1;0;67507.0;2299.0;64423.0;785.0;195339.0;112377.0;79447.0;3515.0
07522669000192;Neoenergia Brasília;2014-10;92.8445;0.9291;0.4735;84.2266;2.5015;0.5582;1;1;1;80038.0;379.0;78587.0;1072.0;95492.0;533.0;91865.0;3094.0
07522669000192;Neoenergia Brasília;2014-11;94.077;0.6784;0.0;89.6814;2.0432;0.0;1;1;1;76739.0;0.0;75979.0;760.0;82240.0;0.0;80113.0;2127.0
07522669000192;Neoenergia Brasília;2014-12;90.7091;1.2241;0.0;84.8001;3.1737;0.0;1;1;1;89043.0;0.0;87550.0;1493.0;98844.0;0.0;94973.0;3871.0
07522669000192;Neoenergia Brasília;2015-01;92.4078;0.7336;0.0;72.4082;5.6873;0.0;1;1;1;75195.0;0.0;74291.0;904.0;121502.0;0.0;112549.0;8953.0
07522669000192;Neoenergia Brasília;2015-02;92.1868;0.6793;0.0;83.3744;3.8567;0.0;1;1;1;71663.0;0.0;70767.0;896.0;87067.0;0.0;82689.0;4378.0
07522669000192;Neoenergia Brasília;2015-03;88.9449;2.1487;0.0;84.0971;2.9526;0.0;1;1;1;76354.0;0.0;74138.0;2216.0;88664.0;0.0;85130.0;3534.0
07522669000192;Neoenergia Brasília;2015-04;93.4638;0.6814;0.0;92.2492;0.8368;0.0;1;1;1;60515.0;0.0;59763.0;752.0;72753.0;0.0;71697.0;1056.0
07522669000192;Neoenergia Brasília;2015-05;97.4374;0.1786;0.0;97.1495;0.2751;0.0;1;1;1;60074.0;0.0;59792.0;282.0;60533.0;0.0;60175.0;358.0
07522669000192;Neoenergia Brasília;2015-06;92.796;0.8534;0.0827;92.089;1.1128;0.1588;1;1;1;61680.0;51.0;60762.0;918.0;62986.0;100.0;61850.0;1136.0
07522669000192;Neoenergia Brasília;2015-07;92.1832;0.8481;0.0;90.4771;1.3172;0.0;1;1;1;65586.0;0.0;64653.0;933.0;69584.0;0.0;68176.0;1408.0
07522669000192;Neoenergia Brasília;2015-08;91.4888;0.7724;0.0083;88.9476;1.4485;2.0607;1;1;1;60538.0;5.0;59738.0;795.0;65996.0;1360.0;63273.0;1363.0
07522669000192;Neoenergia Brasília;2015-09;91.5134;0.7673;0.022;74.5141;7.192;26.5625;1;1;1;63691.0;14.0;62849.0;828.0;121442.0;32258.0;81800.0;7384.0
07522669000192;Neoenergia Brasília;2015-10;94.1541;0.473;0.0;88.0359;2.0828;0.2068;1;1;1;70539.0;0.0;69854.0;685.0;87035.0;180.0;84339.0;2516.0
07522669000192;Neoenergia Brasília;2015-11;94.3795;0.6216;0.0;62.9753;16.4885;48.963;1;1;1;68882.0;0.0;68109.0;773.0;256837.0;125755.0;107288.0;23794.0
07522669000192;Neoenergia Brasília;2015-12;94.6239;0.7819;0.1165;78.3798;7.0966;9.6633;1;1;1;73802.0;86.0;72714.0;1002.0;119545.0;11552.0;98407.0;9586.0
07522669000192;Neoenergia Brasília;2016-01;91.632;0.8962;0.0;79.6089;5.0101;3.4494;1;1;1;76592.0;0.0;75086.0;1506.0;108279.0;3735.0;97016.0;7528.0
07522669000192;Neoenergia Brasília;2016-02;92.7342;1.0072;0.4032;82.0961;5.1503;14.9629;1;1;1;72414.0;292.0;70670.0;1452.0;107947.0;16152.0;85415.0;6380.0
07522669000192;Neoenergia Brasília;2016-03;95.1191;0.3541;0.0;90.6434;1.1981;0.0;1;1;1;70991.0;0.0;70352.0;639.0;82590.0;0.0;80654.0;1936.0
07522669000192;Neoenergia Brasília;2016-04;98.2707;0.2432;0.0;98.0652;0.2696;0.0;1;1;1;59436.0;0.0;59069.0;367.0;61076.0;0.0;60668.0;408.0
07522669000192;Neoenergia Brasília;2016-05;97.043;0.333;0.0;94.2962;1.5164;0.0;1;1;1;57243.0;0.0;56862.0;381.0;59927.0;0.0;58775.0;1152.0
07522669000192;Neoenergia Brasília;2016-06;93.197;0.7187;0.0;90.1326;2.3298;0.0;1;1;1;57864.0;0.0;57193.0;671.0;60518.0;0.0;58776.0;1742.0
07522669000192;Neoenergia Brasília;2016-07;91.2756;1.0278;0.0;88.6841;1.6944;0.0;1;1;1;61896.0;0.0;60760.0;1136.0;68678.0;0.0;66780.0;1898.0
07522669000192;Neoenergia Brasília;2016-08;91.6415;0.8726;0.0;71.5617;6.8873;0.0;1;1;1;58802.0;0.0;57708.0;1094.0;99013.0;0.0;87120.0;11893.0
07522669000192;Neoenergia Brasília;2016-09;90.8933;1.2894;0.0;66.6196;9.2809;0.0;1;1;1;50213.0;0.0;48918.0;1295.0;85608.0;0.0;72656.0;12952.0
07522669000192;Neoenergia Brasília;2016-10;91.4072;1.3538;0.0;47.8986;21.4607;0.0;1;1;1;42556.0;0.0;41535.0;1021.0;120158.0;0.0;87027.0;33131.0
07522669000192;Neoenergia Brasília;2016-11;91.5577;0.9273;0.0;77.8694;5.0557;0.0;1;1;1;65079.0;0.0;63781.0;1306.0;88539.0;0.0;81522.0;7025.0
07522669000192;Neoenergia Brasília;2016-12;94.0624;0.6207;0.202;77.1994;6.6664;0.1353;1;1;1;63354.0;128.0;62279.0;947.0;103473.0;140.0;90220.0;13113.0
07522669000192;Neoenergia Brasília;2017-01;96.6205;0.2833;0.0;93.3696;1.2802;0.0;1;1;1;75535.0;0.0;74622.0;913.0;85716.0;0.0;82127.0;3589.0
07522669000192;Neoenergia Brasília;2017-02;93.6875;0.6717;0.0;92.6866;0.9087;0.0;1;1;1;66625.0;0.0;65805.0;820.0;72260.0;0.0;70768.0;1492.0
07522669000192;Neoenergia Brasília;2017-03;94.1883;0.5306;0.035;92.2271;1.3193;0.0344;1;1;1;71363.0;25.0;70481.0;857.0;75685.0;26.0;73748.0;1911.0
07522669000192;Neoenergia Brasília;2017-04;91.9466;0.8415;0.0412;91.5394;0.9903;0.04;1;1;1;58215.0;24.0;57389.0;802.0;59943.0;24.0;58887.0;1032.0
07522669000192;Neoenergia Brasília;2017-05;91.8116;0.739;0.0;91.2697;0.9809;0.0;1;1;1;64713.0;0.0;63932.0;781.0;66946.0;0.0;65920.0;1026.0
07522669000192;Neoenergia Brasília;2017-06;92.0247;0.5608;0.2542;90.6471;1.3295;0.2511;1;1;1;55872.0;142.0;55148.0;582.0;58535.0;147.0;57148.0;1240.0
07522669000192;Neoenergia Brasília;2017-07;93.5492;0.7159;0.0369;93.6236;0.709;0.0362;1;1;1;64969.0;24.0;64073.0;872.0;66308.0;24.0;65401.0;883.0
07522669000192;Neoenergia Brasília;2017-08;92.4806;0.8049;0.6126;89.8243;1.3818;0.8008;1;1;1;68558.0;420.0;67041.0;1097.0;74424.0;596.0;70797.0;3031.0
07522669000192;Neoenergia Brasília;2017-09;91.53;0.9493;0.0;74.8553;8.5893;57.617;1;1;1;61665.0;0.0;60623.0;1042.0;202581.0;116721.0;76434.0;9426.0
07522669000192;Neoenergia Brasília;2017-10;92.5381;0.8233;0.6128;74.2119;8.0304;7.4768;1;1;1;69519.0;426.0;67824.0;1269.0;116386.0;8702.0;94530.0;13154.0
07522669000192;Neoenergia Brasília;2017-11;92.8287;0.7724;0.0;76.9342;6.6959;11.8701;1;1;1;74789.0;0.0;73736.0;1053.0;134852.0;16007.0;108090.0;10755.0
07522669000192;Neoenergia Brasília;2017-12;94.3075;0.3498;0.0;82.3652;5.7571;28.3067;1;1;1;84241.0;0.0;83466.0;775.0;161898.0;45828.0;107305.0;8765.0
07522669000192;Neoenergia Brasília;2018-01;94.2908;0.5424;0.0032;72.9244;7.4226;2.9163;1;1;1;63012.0;2.0;62157.0;853.0;138291.0;4033.0;119772.0;14486.0
07522669000192;Neoenergia Brasília;2018-02;91.1919;1.462;0.0051;73.0509;7.3612;2.8851;1;1;1;58482.0;3.0;57021.0;1458.0;103427.0;2984.0;90057.0;10386.0
07522669000192;Neoenergia Brasília;2018-03;92.375;1.0868;0.0;61.4427;12.9347;26.1765;1;1;1;53422.0;0.0;51967.0;1455.0;165030.0;43199.0;100954.0;20877.0
07522669000192;Neoenergia Brasília;2018-04;95.3309;0.5272;0.0;83.0106;3.0502;0.1625;1;1;1;67007.0;0.0;65661.0;1346.0;96603.0;157.0;89409.0;7037.0
07522669000192;Neoenergia Brasília;2018-05;93.4182;0.8004;0.0;73.6959;9.1741;0.0;1;1;1;59114.0;0.0;57876.0;1238.0;91025.0;0.0;77915.0;13110.0
07522669000192;Neoenergia Brasília;2018-06;92.7394;1.1188;0.0032;81.1773;5.2985;0.0024;1;1;1;62662.0;2.0;60985.0;1675.0;82431.0;2.0;73763.0;8666.0
07522669000192;Neoenergia Brasília;2018-07;91.6988;1.2816;0.0;66.4644;10.3187;0.0;1;1;1;54990.0;0.0;53455.0;1535.0;101697.0;0.0;83053.0;18644.0
07522669000192;Neoenergia Brasília;2018-08;92.2064;1.1208;0.0032;62.6307;11.968;3.2967;1;1;1;62181.0;2.0;60873.0;1306.0;127948.0;4218.0;102486.0;21244.0
07522669000192;Neoenergia Brasília;2018-09;90.6751;1.0973;0.0;69.4988;9.1526;12.9251;1;1;1;62003.0;0.0;60838.0;1165.0;116649.0;15077.0;88032.0;13540.0
07522669000192;Neoenergia Brasília;2018-10;91.5489;1.1028;0.0;62.7145;13.0946;10.1938;1;1;1;60098.0;0.0;58921.0;1177.0;145372.0;14819.0;107124.0;23429.0
07522669000192;Neoenergia Brasília;2018-11;92.7809;1.2187;0.003;68.6657;12.2929;14.6196;1;1;1;66081.0;2.0;64763.0;1316.0;122486.0;17907.0;87180.0;17399.0
07522669000192;Neoenergia Brasília;2018-12;94.0313;0.7648;0.0;77.9864;10.0773;33.0534;1;1;1;74434.0;0.0;73437.0;997.0;160885.0;53178.0;95676.0;12031.0
07522669000192;Neoenergia Brasília;2019-01;91.7936;1.4102;0.0022;81.8867;7.0657;10.6199;1;1;1;89589.0;2.0;87737.0;1850.0;122110.0;12968.0;100290.0;8852.0
07522669000192;Neoenergia Brasília;2019-02;91.1798;0.9076;0.0;76.4897;8.1856;23.4977;1;1;1;83469.0;0.0;82216.0;1253.0;150581.0;35383.0;104326.0;10872.0
07522669000192;Neoenergia Brasília;2019-03;92.8827;0.5817;0.0026;91.1538;1.1819;0.0024;1;1;1;77460.0;2.0;76562.0;896.0;82779.0;2.0;80932.0;1845.0
07522669000192;Neoenergia Brasília;2019-04;92.06;0.7825;0.0053;85.4902;4.8417;37.913;1;1;1;75468.0;4.0;74426.0;1038.0;136618.0;51796.0;80030.0;4792.0
07522669000192;Neoenergia Brasília;2019-05;92.609;0.6397;0.0;90.6611;1.2377;1.0886;1;1;1;79847.0;0.0;78899.0;948.0;83960.0;914.0;81473.0;1573.0
07522669000192;Neoenergia Brasília;2019-06;90.6797;1.193;0.0089;89.4644;1.44;0.4482;1;1;1;78568.0;7.0;77188.0;1373.0;82333.0;369.0;80219.0;1745.0
07522669000192;Neoenergia Brasília;2019-07;92.8913;0.6086;0.3287;90.9368;1.1009;2.1325;1;1;1;88520.0;291.0;87203.0;1026.0;94350.0;2012.0;90735.0;1603.0
07522669000192;Neoenergia Brasília;2019-08;90.2433;1.6523;0.0477;86.8954;3.0291;0.1523;1;1;1;81758.0;39.0;79582.0;2137.0;88614.0;135.0;84483.0;3996.0
07522669000192;Neoenergia Brasília;2019-09;91.7026;0.7355;0.0;79.9349;5.7712;0.0;1;1;1;79920.0;0.0;78814.0;1106.0;100899.0;0.0;92674.0;8225.0
07522669000192;Neoenergia Brasília;2019-10;92.926;0.7081;0.3488;80.5844;6.6329;19.254;1;1;1;86878.0;303.0;85536.0;1039.0;135250.0;26041.0;100717.0;8492.0
07522669000192;Neoenergia Brasília;2019-11;91.1114;1.0338;0.0246;68.49;12.2384;28.0658;1;1;1;81188.0;20.0;79842.0;1326.0;194899.0;54700.0;119627.0;20572.0
07522669000192;Neoenergia Brasília;2019-12;92.8876;0.8214;0.4338;65.8644;14.9671;59.1459;1;1;1;87594.0;380.0;85968.0;1246.0;385455.0;227981.0;130403.0;27071.0
07522669000192;Neoenergia Brasília;2020-01;91.0594;1.0028;0.1227;72.5791;6.6755;1.3962;1;1;1;81520.0;100.0;79868.0;1552.0;137876.0;1925.0;121614.0;14337.0
07522669000192;Neoenergia Brasília;2020-02;92.295;1.0151;0.0;65.9585;8.8174;10.5791;1;1;1;58018.0;0.0;56847.0;1171.0;118044.0;12488.0;89017.0;16539.0
07522669000192;Neoenergia Brasília;2020-03;91.8713;0.7813;0.0;80.5923;3.4771;3.282;1;1;1;74914.0;0.0;73651.0;1263.0;99117.0;3253.0;88582.0;7282.0
07522669000192;Neoenergia Brasília;2020-04;92.2874;0.8842;0.0046;74.8821;4.3575;0.0042;1;1;1;64907.0;3.0;63896.0;1008.0;96009.0;4.0;86017.0;9988.0
07522669000192;Neoenergia Brasília;2020-05;92.2627;0.9404;0.0;46.9573;16.3649;5.3197;1;1;1;42935.0;0.0;42134.0;801.0;136155.0;7243.0;102596.0;26316.0
07522669000192;Neoenergia Brasília;2020-06;91.2381;1.4448;0.0023;46.5301;15.965;2.8545;1;1;1;43638.0;1.0;42428.0;1209.0;133578.0;3813.0;99926.0;29839.0
07522669000192;Neoenergia Brasília;2020-07;92.9169;0.9924;0.0;44.0053;17.504;19.6834;1;1;1;45175.0;0.0;44296.0;879.0;177810.0;34999.0;109624.0;33187.0
07522669000192;Neoenergia Brasília;2020-08;93.087;1.3453;0.1301;38.756;19.1941;9.6675;1;1;1;38431.0;50.0;37547.0;834.0;153214.0;14812.0;105438.0;32964.0
07522669000192;Neoenergia Brasília;2020-09;90.5284;2.3518;1.7128;32.3563;25.3645;51.7573;1;1;1;34972.0;599.0;33341.0;1032.0;307124.0;158959.0;105669.0;42496.0
07522669000192;Neoenergia Brasília;2020-10;88.2092;6.1805;15.6167;55.3694;20.6952;35.6258;1;0;0;72512.0;11324.0;46071.0;3516.0;295376.0;105230.0;123039.0;36756.0
07522669000192;Neoenergia Brasília;2020-11;95.6345;0.9595;0.2029;85.9127;3.9346;1.108;1;1;1;86239.0;175.0;68334.0;881.0;142056.0;1574.0;110848.0;5644.0
07522669000192;Neoenergia Brasília;2020-12;97.4338;0.4679;0.2886;84.1801;4.958;11.3817;1;1;1;89382.0;258.0;66789.0;474.0;194971.0;22191.0;124715.0;8095.0
07522669000192;Neoenergia Brasília;2021-01;97.5466;0.4282;0.0;93.8221;2.2269;19.7334;1;1;1;152691.0;0.0;117656.0;778.0;234247.0;46225.0;135363.0;3775.0
07522669000192;Neoenergia Brasília;2021-02;96.4593;0.7208;0.4147;92.5137;2.8277;11.6087;1;1;1;134325.0;557.0;106886.0;1162.0;185628.0;21549.0;124466.0;4508.0
07522669000192;Neoenergia Brasília;2021-03;90.3675;2.8884;0.8738;88.7594;3.5126;2.9859;1;1;1;162388.0;1419.0;129711.0;4824.0;180784.0;5398.0;138088.0;6278.0
07522669000192;Neoenergia Brasília;2021-04;90.033;2.2902;0.5194;89.2513;2.6718;0.4973;1;1;1;164408.0;854.0;116944.0;3493.0;172345.0;857.0;121598.0;4233.0
07522669000192;Neoenergia Brasília;2021-05;86.2908;3.2978;0.3439;86.4193;3.286;0.4285;1;1;1;207298.0;713.0;131956.0;5659.0;217519.0;932.0;138391.0;5912.0
07522669000192;Neoenergia Brasília;2021-06;89.1725;2.738;0.3409;87.5302;3.1757;0.389;1;1;1;194175.0;662.0;129802.0;4597.0;238824.0;929.0;159611.0;6599.0
07522669000192;Neoenergia Brasília;2021-07;91.4046;2.0858;0.1838;90.942;2.1377;0.1746;1;1;1;202372.0;372.0;138155.0;3715.0;251380.0;439.0;171264.0;4727.0
07522669000192;Neoenergia Brasília;2021-08;94.346;0.7587;0.0538;93.6255;0.8897;0.0505;1;1;1;221231.0;119.0;141139.0;1710.0;235706.0;119.0;149711.0;2069.0
07522669000192;Neoenergia Brasília;2021-09;94.4906;0.9501;0.3233;90.1441;3.099;0.3169;1;1;1;214641.0;694.0;127286.0;1849.0;255569.0;810.0;147870.0;6002.0
07522669000192;Neoenergia Brasília;2021-10;92.7541;0.6188;0.205;92.5414;1.1343;0.1997;1;1;1;215653.0;442.0;131696.0;1534.0;269422.0;538.0;161675.0;2883.0
07522669000192;Neoenergia Brasília;2021-11;88.369;3.7738;0.0;72.373;13.728;0.0;1;1;1;178707.0;0.0;112169.0;5273.0;317704.0;0.0;167913.0;30750.0
07522669000192;Neoenergia Brasília;2021-12;98.5978;0.1389;0.0;97.9301;0.4004;0.0;1;1;1;192008.0;0.0;123637.0;280.0;206167.0;0.0;130591.0;712.0
07522669000192;Neoenergia Brasília;2022-01;99.3591;0.0208;0.0;99.3244;0.0271;0.0;1;1;1;199353.0;0.0;125102.0;84.0;200089.0;0.0;125345.0;93.0
07522669000192;Neoenergia Brasília;2022-02;98.8381;0.0187;0.0;98.8401;0.0187;0.0;1;1;1;204918.0;0.0;117455.0;70.0;205999.0;0.0;117745.0;70.0
07522669000192;Neoenergia Brasília;2022-03;99.8237;0.0062;0.0;99.8192;0.007;0.0;1;1;1;223095.0;0.0;128162.0;20.0;223430.0;0.0;128324.0;21.0
07522669000192;Neoenergia Brasília;2022-04;99.8555;0.013;0.0;99.8325;0.0205;0.0;1;1;1;183111.0;0.0;107288.0;25.0;183652.0;0.0;107432.0;35.0
07522669000192;Neoenergia Brasília;2022-05;99.9919;0.0;0.0;99.8938;0.0243;0.0;1;1;1;189845.0;0.0;110895.0;4.0;190862.0;0.0;111084.0;36.0
07522669000192;Neoenergia Brasília;2022-06;99.9593;0.0051;0.0;99.9507;0.005;0.0;1;1;1;161797.0;0.0;98265.0;11.0;163259.0;0.0;99381.0;11.0
07522669000192;Neoenergia Brasília;2022-07;99.9693;0.0011;0.0;99.7987;0.0722;0.0;1;1;1;158523.0;0.0;91069.0;2.0;160557.0;0.0;91356.0;71.0
07522669000192;Neoenergia Brasília;2022-08;99.9653;0.001;0.0;99.9605;0.001;0.0;1;1;1;180720.0;0.0;100966.0;3.0;181432.0;0.0;101211.0;3.0
07522669000192;Neoenergia Brasília;2022-09;99.9436;0.0;0.0;98.8914;0.2001;0.0;1;1;1;175776.0;0.0;101149.0;5.0;194492.0;0.0;107222.0;251.0
07522669000192;Neoenergia Brasília;2022-10;99.9036;0.004;0.0;99.6354;0.0739;0.0;1;1;1;181575.0;0.0;100604.0;7.0;185834.0;0.0;101407.0;88.0
07522669000192;Neoenergia Brasília;2022-11;99.4881;0.072;0.0;99.1926;0.1258;0.0;1;1;1;206796.0;0.0;113801.0;104.0;216008.0;0.0;117507.0;189.0
07522669000192;Neoenergia Brasília;2022-12;99.4923;0.0148;0.0;98.4352;0.4834;0.0;1;1;1;194096.0;0.0;107927.0;35.0;206257.0;0.0;111993.0;602.0
07522669000192;Neoenergia Brasília;2023-01;99.8614;0.003;0.0;99.1299;0.1723;0.0;1;1;1;181132.0;0.0;101023.0;15.0;196597.0;0.0;105433.0;229.0
07522669000192;Neoenergia Brasília;2023-02;99.4375;0.0243;0.0;99.3958;0.0288;0.0;1;1;1;160377.0;0.0;82284.0;46.0;162548.0;0.0;83230.0;51.0
07522669000192;Neoenergia Brasília;2023-03;98.7761;0.0382;0.0;98.4904;0.1663;0.0;1;1;1;171725.0;0.0;91473.0;82.0;174532.0;0.0;92453.0;213.0
07522669000192;Neoenergia Brasília;2023-04;98.4884;0.1473;0.0;98.4866;0.1457;0.0;1;1;1;152500.0;0.0;78609.0;153.0;159717.0;0.0;80893.0;157.0
07522669000192;Neoenergia Brasília;2023-05;98.9945;0.0356;0.0;98.9963;0.0355;0.0;1;1;1;152821.0;0.0;84210.0;57.0;153115.0;0.0;84361.0;57.0
07522669000192;Neoenergia Brasília;2023-06;99.3715;0.0089;0.0;99.3694;0.0089;0.0;1;1;1;135413.0;0.0;78438.0;45.0;135793.0;0.0;78649.0;45.0
07522669000192;Neoenergia Brasília;2023-07;98.2852;0.0494;0.0;98.1564;0.0744;0.0;1;1;1;168057.0;0.0;95009.0;96.0;174759.0;0.0;98105.0;134.0
07522669000192;Neoenergia Brasília;2023-08;98.0026;0.0682;0.0;97.0104;0.3897;0.0;1;1;1;166724.0;0.0;98213.0;138.0;182049.0;0.0;104022.0;504.0
07522669000192;Neoenergia Brasília;2023-09;96.1626;0.2774;0.0;95.748;0.4205;0.0;1;1;1;173325.0;0.0;98854.0;394.0;186801.0;0.0;103958.0;597.0
07522669000192;Neoenergia Brasília;2023-10;97.464;0.168;0.0;92.4778;2.7086;0.0;1;1;1;176370.0;0.0;95697.0;264.0;242762.0;0.0;113974.0;3499.0
07522669000192;Neoenergia Brasília;2023-11;98.4096;0.0489;0.0;98.4341;0.0495;0.0;1;1;1;176214.0;0.0;100116.0;114.0;187848.0;0.0;104938.0;124.0
07522669000192;Neoenergia Brasília;2023-12;94.1168;0.8245;0.0;92.2668;1.6151;0.0;1;1;1;161279.0;0.0;97790.0;1163.0;173061.0;0.0;103802.0;2282.0
07522669000192;Neoenergia Brasília;2024-01;96.2107;0.2731;0.0;93.7224;0.9982;0.0;1;1;1;146448.0;0.0;102246.0;544.0;176076.0;0.0;121797.0;1824.0
07522669000192;Neoenergia Brasília;2024-02;97.5929;0.2443;0.0008;96.8621;0.39;0.0007;1;1;1;133001.0;1.0;94739.0;368.0;149407.0;1.0;106246.0;639.0
07522669000192;Neoenergia Brasília;2024-03;95.4912;0.542;0.0008;94.1268;0.7083;0.0007;1;1;1;131999.0;1.0;93947.0;756.0;147450.0;1.0;104850.0;1118.0
07522669000192;Neoenergia Brasília;2024-04;94.6846;0.5962;0.0015;93.9535;0.7393;0.0014;1;1;1;137485.0;2.0;95375.0;800.0;139658.0;2.0;96806.0;980.0
07522669000192;Neoenergia Brasília;2024-05;97.5543;0.3132;0.0008;96.9987;0.3939;0.0007;1;1;1;129090.0;1.0;96437.0;470.0;134291.0;1.0;100393.0;614.0
07522669000192;Neoenergia Brasília;2024-06;98.6302;0.1431;0.0008;98.2643;0.1914;0.0008;1;1;1;122403.0;1.0;90684.0;262.0;125929.0;1.0;93330.0;341.0
07522669000192;Neoenergia Brasília;2024-07;98.6022;0.2292;0.0;98.6061;0.2268;0.0;1;1;1;141267.0;0.0;102711.0;419.0;145526.0;0.0;106005.0;434.0
07522669000192;Neoenergia Brasília;2024-08;98.1899;0.1789;0.0007;93.9843;2.7201;0.0006;1;1;1;136341.0;1.0;94303.0;352.0;156503.0;1.0;105144.0;3697.0
07522669000192;Neoenergia Brasília;2024-09;95.7874;0.4165;0.0;95.4016;0.495;0.0;1;1;1;141826.0;0.0;89664.0;684.0;147495.0;0.0;93265.0;814.0
07522669000192;Neoenergia Brasília;2024-10;94.6166;0.5609;0.0015;86.8776;3.2635;0.0055;1;1;1;131277.0;2.0;90954.0;935.0;183283.0;10.0;130246.0;6236.0
07522669000192;Neoenergia Brasília;2024-11;92.1155;0.8173;0.0059;90.1863;1.0243;0.0054;1;1;1;136114.0;8.0;88107.0;1191.0;147975.0;8.0;95852.0;1635.0
07522669000192;Neoenergia Brasília;2024-12;92.7183;0.53;0.0052;88.1074;1.7907;0.0042;1;1;1;135683.0;7.0;91209.0;906.0;165946.0;7.0;110071.0;3037.0
07522669000192;Neoenergia Brasília;2025-01;90.1569;0.7376;0.0028;82.2826;3.334;0.0024;1;1;1;140878.0;4.0;95419.0;1254.0;170041.0;4.0;110031.0;5140.0
07522669000192;Neoenergia Brasília;2025-02;88.9359;0.5906;0.0034;88.6242;0.6199;0.0032;1;1;1;144975.0;5.0;94934.0;1061.0;155766.0;5.0;102125.0;1195.0
07522669000192;Neoenergia Brasília;2025-03;86.3871;0.9278;0.0095;82.9938;1.6429;0.0106;1;1;1;136318.0;13.0;89910.0;1429.0;160513.0;17.0;105250.0;2741.0
07522669000192;Neoenergia Brasília;2025-04;89.3658;0.5669;0.0047;88.3071;0.7863;0.0045;1;1;1;147384.0;7.0;98216.0;1090.0;156142.0;7.0;103839.0;1463.0
07522669000192;Neoenergia Brasília;2025-05;90.7084;0.542;0.0;90.6213;0.563;0.0;1;1;1;140006.0;0.0;93222.0;940.0;141937.0;0.0;94489.0;982.0
07522669000192;Neoenergia Brasília;2025-06;92.9679;0.5756;0.0009;92.7242;0.6854;0.0008;1;1;1;116563.0;1.0;78597.0;761.0;117775.0;1.0;79265.0;869.0
07522669000192;Neoenergia Brasília;2025-07;94.0642;0.373;0.0;94.064;0.3759;0.0;1;1;1;127682.0;0.0;85196.0;588.0;128303.0;0.0;85611.0;595.0
07522669000192;Neoenergia Brasília;2025-08;93.1858;0.4851;0.0;91.3923;1.2045;0.0;1;1;1;123338.0;0.0;81651.0;761.0;127654.0;0.0;83580.0;1502.0
07522669000192;Neoenergia Brasília;2025-09;86.3885;1.0446;0.0008;76.5884;5.3537;0.0013;1;1;1;132435.0;1.0;87058.0;1511.0;159448.0;2.0;99584.0;7283.0
07522669000192;Neoenergia Brasília;2025-10;89.7369;1.0962;0.0043;84.4023;3.6622;0.0045;1;1;1;138883.0;6.0;90047.0;1523.0;156825.0;7.0;97674.0;4736.0
07522669000192;Neoenergia Brasília;2025-11;87.2237;0.8735;0.0037;83.2875;2.1672;0.0033;1;1;1;135763.0;5.0;87944.0;1407.0;150720.0;5.0;96425.0;3148.0
07522669000192;Neoenergia Brasília;2025-12;88.0948;1.1118;0.0071;80.9803;4.6186;0.0075;1;1;1;140849.0;10.0;90456.0;1626.0;159910.0;12.0;98467.0;6151.0
07522669000192;Neoenergia Brasília;2026-01;91.6787;0.7329;0.0034;87.9213;2.0871;0.0037;1;1;1;146790.0;5.0;93859.0;1174.0;160059.0;6.0;100534.0;2950.0
07522669000192;Neoenergia Brasília;2026-02;90.5337;0.6865;0.0055;87.9828;1.4478;0.0051;1;1;1;126898.0;7.0;81591.0;924.0;137334.0;7.0;87471.0;1823.0
07522669000192;Neoenergia Brasília;2026-03;92.4534;0.4991;0.0026;90.7483;0.8582;0.0025;1;1;1;155347.0;4.0;88523.0;797.0;162377.0;4.0;92072.0;1277.0
07522669000192;Neoenergia Brasília;2026-04;91.3759;0.556;0.0007;89.5866;1.002;0.0013;1;1;1;145731.0;1.0;79771.0;753.0;152388.0;2.0;82890.0;1207.0
07522669000192;Neoenergia Brasília;2026-05;86.6482;2.0203;0.0;46.4331;20.8529;0.0004;1;1;1;64463.0;0.0;40302.0;1106.0;273867.0;1.0;134490.0;38707.0
07522669000192;Neoenergia Brasília;2026-06;95.0349;0.5423;0.0;39.2152;26.8993;0.0007;1;1;1;67915.0;0.0;41445.0;377.0;270133.0;2.0;118532.0;47693.0
07522669000192;Neoenergia Brasília;2026-07;92.194;0.6802;0.0013;41.79;25.894;0.0009;1;1;1;74941.0;1.0;47306.0;533.0;225592.0;2.0;113028.0;44241.0
08324196000181;COSERN;2014-01;86.8692;3.0635;1.3273;83.2829;4.706;1.226;1;1;1;209450.0;2780.0;118849.0;8615.0;267138.0;3275.0;137049.0;13007.0
08324196000181;COSERN;2014-02;77.7112;5.5391;0.5657;71.8506;8.9658;0.4433;0;0;1;188454.0;1066.0;109295.0;10492.0;290537.0;1288.0;139164.0;20430.0
08324196000181;COSERN;2014-03;84.6808;3.359;0.0717;74.1305;9.4452;0.0562;0;1;1;646017.0;463.0;115199.0;8167.0;1051029.0;591.0;163331.0;25552.0
08324196000181;COSERN;2014-04;95.6441;0.6882;0.0186;88.722;4.5662;0.0169;1;1;1;667527.0;124.0;119924.0;4067.0;850631.0;144.0;154557.0;13049.0
08324196000181;COSERN;2014-05;92.4977;1.3518;1.0448;85.2871;5.1153;0.8293;1;1;1;177634.0;1856.0;124784.0;5041.0;229592.0;1904.0;150212.0;14054.0
08324196000181;COSERN;2014-06;92.4599;1.3517;0.6408;79.545;8.6738;0.4514;1;1;1;124066.0;795.0;106262.0;3869.0;198735.0;897.0;137371.0;19459.0
08324196000181;COSERN;2014-07;90.0146;1.9197;0.4382;85.8118;4.1951;0.3428;1;1;1;121178.0;531.0;121237.0;6692.0;160712.0;551.0;134421.0;11627.0
08324196000181;COSERN;2014-08;88.6144;2.3865;0.3618;82.0809;6.297;0.3233;1;1;1;148705.0;538.0;114609.0;7776.0;186811.0;604.0;132451.0;15853.0
08324196000181;COSERN;2014-09;87.0936;2.5319;0.2995;82.1759;5.2089;0.2582;1;1;1;153585.0;460.0;119184.0;7886.0;201780.0;521.0;140596.0;14736.0
08324196000181;COSERN;2014-10;90.1406;2.1654;0.2984;84.7044;4.8156;0.2693;1;1;1;147116.0;439.0;119909.0;7939.0;199394.0;537.0;149725.0;16216.0
08324196000181;COSERN;2014-11;88.103;2.369;0.5472;82.3766;5.1513;0.5048;1;1;1;144918.0;793.0;114856.0;10796.0;201470.0;1017.0;152805.0;20939.0
08324196000181;COSERN;2014-12;88.8923;2.1359;0.5209;82.6815;5.8301;0.4932;1;1;1;176807.0;921.0;123479.0;9464.0;235991.0;1164.0;162898.0;21295.0
08324196000181;COSERN;2015-01;89.7657;2.0041;0.3691;86.417;3.636;0.358;1;1;1;227825.0;841.0;143906.0;10691.0;267872.0;959.0;166329.0;16900.0
08324196000181;COSERN;2015-02;86.3865;2.7263;0.4004;81.2277;5.237;0.3955;1;1;1;197533.0;791.0;123844.0;11247.0;260421.0;1030.0;160684.0;21933.0
08324196000181;COSERN;2015-03;83.5525;3.192;0.6558;78.4099;6.069;0.5678;0;1;1;223850.0;1468.0;147212.0;11257.0;328082.0;1863.0;209593.0;25856.0
08324196000181;COSERN;2015-04;87.3088;2.5852;0.4899;84.3285;3.8296;0.4514;1;1;1;201885.0;989.0;132223.0;9610.0;274682.0;1240.0;176993.0;17281.0
08324196000181;COSERN;2015-05;77.8738;7.7704;0.3782;56.5762;21.6868;0.3142;0;0;1;173440.0;656.0;103204.0;15350.0;346575.0;1089.0;174568.0;69501.0
08324196000181;COSERN;2015-06;89.7941;2.1388;0.7903;81.7452;6.4708;0.6603;1;1;1;203715.0;1610.0;127932.0;6046.0;283055.0;1869.0;167422.0;18578.0
08324196000181;COSERN;2015-07;95.4957;1.142;0.4194;92.4104;3.0242;0.4008;1;1;1;231972.0;973.0;143866.0;4625.0;272213.0;1091.0;164918.0;9792.0
08324196000181;COSERN;2015-08;92.6601;1.6279;0.371;90.0713;3.1309;0.3503;1;1;1;233718.0;867.0;142495.0;5588.0;273161.0;957.0;163704.0;9642.0
08324196000181;COSERN;2015-09;91.6373;1.5645;0.4414;89.1114;3.2014;0.3992;1;1;1;234047.0;1033.0;142003.0;6551.0;268758.0;1073.0;159192.0;10913.0
08324196000181;COSERN;2015-10;88.7548;3.225;0.7917;83.6855;5.7663;0.7836;1;1;1;190719.0;1510.0;130233.0;6425.0;223965.0;1755.0;148272.0;12850.0
08324196000181;COSERN;2015-11;88.0232;1.7234;1.4283;83.9471;3.2705;1.36;1;1;1;211226.0;3017.0;134580.0;3260.0;230066.0;3129.0;145665.0;6329.0
08324196000181;COSERN;2015-12;86.735;2.126;0.8457;78.2683;6.1769;0.9387;1;1;1;192854.0;1631.0;132862.0;4214.0;244819.0;2298.0;158895.0;13590.0
08324196000181;COSERN;2016-01;85.4399;2.6064;1.1488;80.989;5.8113;2.2643;1;1;1;185582.0;2132.0;127273.0;4829.0;212779.0;4818.0;137134.0;10962.0
08324196000181;COSERN;2016-02;85.6713;2.3091;0.0817;83.3362;3.7012;2.6676;1;1;1;167615.0;137.0;126035.0;4273.0;190698.0;5087.0;135348.0;7016.0
08324196000181;COSERN;2016-03;86.9429;2.1452;0.0;80.5145;5.9358;0.7621;1;1;1;174154.0;0.0;123118.0;3438.0;203775.0;1553.0;134303.0;10275.0
08324196000181;COSERN;2016-04;86.6811;1.8249;0.057;83.7369;4.4904;16.6859;1;1;1;154299.0;88.0;117658.0;2671.0;201781.0;33669.0;123023.0;6465.0
08324196000181;COSERN;2016-05;87.1755;1.7022;0.268;81.6204;4.85;9.2351;1;1;1;152999.0;410.0;115149.0;2423.0;190620.0;17604.0;123734.0;7144.0
08324196000181;COSERN;2016-06;90.4502;1.1168;0.026;87.9202;2.7018;0.6346;1;1;1;153825.0;40.0;118383.0;2059.0;166564.0;1057.0;123558.0;4536.0
08324196000181;COSERN;2016-07;85.1746;2.8264;0.0271;82.4398;5.072;0.1893;1;1;1;158833.0;43.0;119024.0;4741.0;172176.0;326.0;124124.0;8420.0
08324196000181;COSERN;2016-08;86.1234;2.1378;0.8785;84.1181;3.5783;1.9158;1;1;1;153441.0;1348.0;116504.0;3668.0;164735.0;3156.0;121472.0;6216.0
08324196000181;COSERN;2016-09;85.4533;2.1444;0.0499;82.6893;4.1978;3.1472;1;1;1;144158.0;72.0;107148.0;3535.0;160650.0;5056.0;111715.0;6536.0
08324196000181;COSERN;2016-10;83.703;3.3405;0.0952;82.1021;4.2538;0.1104;0;1;1;176439.0;168.0;135882.0;6531.0;188372.0;208.0;142636.0;8569.0
08324196000181;COSERN;2016-11;86.9413;1.8717;6.9014;85.4434;2.9209;10.162;1;1;0;185657.0;12813.0;106216.0;2612.0;197904.0;20111.0;107919.0;3956.0
08324196000181;COSERN;2016-12;86.8036;1.6909;0.8316;78.2875;7.8499;30.7798;1;1;1;189883.0;1579.0;128433.0;3032.0;314265.0;96730.0;140140.0;13839.0
08324196000181;COSERN;2017-01;89.832;0.8944;0.0;86.6528;2.4708;2.4685;1;1;1;158336.0;0.0;102498.0;1438.0;178245.0;4400.0;110761.0;3579.0
08324196000181;COSERN;2017-02;88.4138;1.2656;0.0213;83.279;3.8205;0.0184;1;1;1;155238.0;33.0;98221.0;1792.0;179728.0;33.0;109357.0;5266.0
08324196000181;COSERN;2017-03;86.2628;1.0134;4.3912;79.2484;4.978;13.4626;1;1;0;179678.0;7890.0;113404.0;1907.0;239344.0;32222.0;130850.0;8689.0
08324196000181;COSERN;2017-04;87.8179;1.281;0.0801;78.1128;7.7036;9.7061;1;1;1;145999.0;117.0;95331.0;1761.0;190962.0;18535.0;106570.0;10503.0
08324196000181;COSERN;2017-05;89.3932;0.7905;0.1204;81.1637;6.1624;9.2383;1;1;1;142035.0;171.0;94376.0;1173.0;181873.0;16802.0;104034.0;8183.0
08324196000181;COSERN;2017-06;87.3486;0.9501;0.0;84.6577;2.1861;0.0;1;1;1;150055.0;0.0;98522.0;1429.0;162385.0;0.0;104653.0;3117.0
08324196000181;COSERN;2017-07;86.006;1.3104;0.0;80.4617;4.4974;1.8883;1;1;1;160056.0;0.0;105361.0;2180.0;185884.0;3510.0;115434.0;7305.0
08324196000181;COSERN;2017-08;86.8941;0.7852;0.0;85.8416;1.4795;0.0;1;1;1;142682.0;0.0;98678.0;1500.0;147474.0;0.0;100355.0;2852.0
08324196000181;COSERN;2017-09;85.8493;1.1175;0.0;83.5051;2.2815;0.0;1;1;1;142085.0;0.0;98752.0;1950.0;150725.0;0.0;102879.0;4034.0
08324196000181;COSERN;2017-10;85.8574;1.0567;0.0;82.5879;2.3034;0.0;1;1;1;144627.0;0.0;101598.0;1665.0;160930.0;0.0;110444.0;4382.0
08324196000181;COSERN;2017-11;86.4572;0.8315;0.0;79.6373;4.1828;0.0;1;1;1;143994.0;0.0;103168.0;1460.0;169174.0;0.0;116278.0;8837.0
08324196000181;COSERN;2017-12;86.6193;1.1659;0.0007;82.4697;2.8008;0.0006;1;1;1;146049.0;1.0;103416.0;1822.0;166155.0;1.0;115112.0;5107.0
08324196000181;COSERN;2018-01;86.4176;2.1251;0.0;66.0005;12.6527;0.0;1;1;1;131215.0;0.0;90133.0;2731.0;211215.0;0.0;133823.0;24165.0
08324196000181;COSERN;2018-02;86.1242;1.2307;0.0;61.7661;12.9308;0.0;1;1;1;98629.0;0.0;76961.0;1471.0;181455.0;0.0;121404.0;24293.0
08324196000181;COSERN;2018-03;87.1817;1.5111;0.0;70.9045;8.9168;0.0082;1;1;1;154806.0;0.0;95682.0;2224.0;218918.0;18.0;128012.0;18275.0
08324196000181;COSERN;2018-04;86.3337;1.7334;0.0;83.7848;2.7128;0.0;1;1;1;175559.0;0.0;109072.0;2713.0;194969.0;0.0;119635.0;4835.0
08324196000181;COSERN;2018-05;86.1132;1.4078;0.0;81.2788;2.799;0.0;1;1;1;150196.0;0.0;98814.0;2079.0;168415.0;0.0;108903.0;5903.0
08324196000181;COSERN;2018-06;87.6777;1.267;0.0;82.8671;3.0121;0.0;1;1;1;138571.0;0.0;96319.0;1689.0;156987.0;0.0;106612.0;5623.0
08324196000181;COSERN;2018-07;86.8883;1.3788;0.0;84.6413;2.2148;0.0;1;1;1;159265.0;0.0;90696.0;1778.0;166319.0;0.0;94572.0;3179.0
08324196000181;COSERN;2018-08;89.244;1.0827;0.0;88.0864;1.5464;0.0;1;1;1;163931.0;0.0;87155.0;1400.0;170935.0;0.0;90788.0;2011.0
08324196000181;COSERN;2018-09;86.8598;1.5778;0.0;85.7465;2.1672;0.0;1;1;1;143144.0;0.0;77785.0;1699.0;146539.0;0.0;78865.0;2264.0
08324196000181;COSERN;2018-10;85.5984;1.5977;0.0;83.8529;2.3441;0.0;1;1;1;147329.0;0.0;79697.0;1827.0;154003.0;0.0;82197.0;2621.0
08324196000181;COSERN;2018-11;87.4722;1.1645;0.0;86.4146;1.8686;0.0;1;1;1;157346.0;0.0;86064.0;1496.0;159642.0;0.0;86651.0;2179.0
08324196000181;COSERN;2018-12;85.5314;1.5912;0.1005;81.4427;3.3984;0.0893;1;1;1;187011.0;188.0;97779.0;2302.0;218312.0;195.0;107391.0;5115.0
08324196000181;COSERN;2019-01;86.5566;2.1483;0.151;82.1394;4.7552;0.1379;1;1;1;190076.0;287.0;89820.0;2589.0;212498.0;293.0;94319.0;5796.0
08324196000181;COSERN;2019-02;85.4039;2.3618;0.0805;79.7343;6.3552;0.085;1;1;1;187674.0;151.0;90413.0;2871.0;212947.0;181.0;95425.0;7753.0
08324196000181;COSERN;2019-03;85.3246;2.3822;0.0591;77.4499;5.9463;0.0499;1;1;1;214721.0;127.0;90890.0;2749.0;274703.0;137.0;103350.0;7759.0
08324196000181;COSERN;2019-04;85.3766;2.423;0.0;82.6473;3.5981;0.0;1;1;1;183622.0;0.0;84449.0;2530.0;201342.0;0.0;88148.0;3888.0
08324196000181;COSERN;2019-05;86.3228;2.1123;0.0;83.871;3.6546;0.0;1;1;1;179504.0;0.0;87401.0;2324.0;191190.0;0.0;89476.0;3922.0
08324196000181;COSERN;2019-06;91.8167;1.2717;0.0;90.4966;1.9373;0.0;1;1;1;155481.0;0.0;78336.0;1274.0;161288.0;0.0;79877.0;1945.0
08324196000181;COSERN;2019-07;91.5353;0.8025;1.0196;87.1345;2.6604;10.497;1;1;1;157222.0;1603.0;83310.0;943.0;185520.0;19474.0;87591.0;2883.0
08324196000181;COSERN;2019-08;86.7094;1.5578;0.004;86.1442;1.8128;0.0039;1;1;1;151360.0;6.0;77476.0;1529.0;154307.0;6.0;78212.0;1791.0
08324196000181;COSERN;2019-09;85.767;1.2887;0.0;85.7059;1.3308;0.0;1;1;1;145161.0;0.0;75374.0;1282.0;145895.0;0.0;75627.0;1328.0
08324196000181;COSERN;2019-10;86.4836;1.5202;0.0;85.7877;1.9516;0.0;1;1;1;187740.0;0.0;81945.0;1561.0;193318.0;0.0;83048.0;1991.0
08324196000181;COSERN;2019-11;86.3171;1.3275;0.0;85.5229;1.8128;0.0;1;1;1;161408.0;0.0;76859.0;1303.0;166550.0;0.0;77833.0;1775.0
08324196000181;COSERN;2019-12;85.6835;1.6855;0.0;84.5931;2.1618;0.0;1;1;1;169277.0;0.0;76995.0;1624.0;175861.0;0.0;78026.0;2098.0
08324196000181;COSERN;2020-01;87.7972;3.9177;0.0032;75.3888;9.8815;8.8375;1;1;1;188247.0;6.0;75880.0;3437.0;285433.0;25225.0;92494.0;11711.0
08324196000181;COSERN;2020-02;87.7592;3.8961;0.0;75.4946;8.8857;0.0;1;1;1;84967.0;0.0;53058.0;5445.0;161931.0;0.0;88287.0;21204.0
08324196000181;COSERN;2020-03;85.8205;3.8851;0.1955;81.0677;6.8811;1.6915;1;1;1;129947.0;254.0;54946.0;11879.0;228493.0;3865.0;88327.0;35354.0
08324196000181;COSERN;2020-04;62.5767;11.578;0.0;40.4265;26.5313;0.0381;0;0;1;148814.0;0.0;50466.0;7118.0;306789.0;117.0;91772.0;34838.0
08324196000181;COSERN;2020-05;58.4399;13.2879;0.0;44.2694;19.6747;0.024;0;0;1;128884.0;0.0;46110.0;7592.0;287093.0;69.0;100213.0;26115.0
08324196000181;COSERN;2020-06;88.7139;3.0311;0.0;84.3019;4.3525;0.0;1;1;1;178588.0;0.0;79690.0;2705.0;221093.0;0.0;95373.0;4738.0
08324196000181;COSERN;2020-07;92.7522;0.8567;0.0;90.5483;1.0762;0.0;1;1;1;176297.0;0.0;85522.0;928.0;216815.0;0.0;105154.0;1455.0
08324196000181;COSERN;2020-08;91.4568;1.5368;0.0;88.8345;2.0287;0.0;1;1;1;166398.0;0.0;79513.0;1388.0;188847.0;0.0;89728.0;2072.0
08324196000181;COSERN;2020-09;88.6214;2.0096;0.0;85.5739;2.3581;0.0;1;1;1;173927.0;0.0;78798.0;1787.0;213512.0;0.0;96809.0;2594.0
08324196000181;COSERN;2020-10;87.2265;3.0555;0.0;83.5293;4.1327;0.0;1;1;1;177398.0;0.0;77671.0;2758.0;228517.0;0.0;98890.0;4784.0
08324196000181;COSERN;2020-11;87.5761;2.1885;0.0;85.8794;2.6833;0.3231;1;1;1;171726.0;0.0;74863.0;1933.0;207383.0;670.0;88856.0;2838.0
08324196000181;COSERN;2020-12;86.6186;2.5654;0.0;85.2155;3.8388;2.9394;1;1;1;185659.0;0.0;82454.0;2446.0;203784.0;5990.0;86096.0;3765.0
08324196000181;COSERN;2021-01;86.3452;2.7089;0.0;85.8412;2.9435;0.0;1;1;1;193422.0;0.0;84831.0;2597.0;198939.0;0.0;85994.0;2880.0
08324196000181;COSERN;2021-02;88.9485;3.2588;0.4137;88.8185;3.3155;0.4072;1;1;1;169455.0;701.0;72078.0;3098.0;172165.0;701.0;72815.0;3206.0
08324196000181;COSERN;2021-03;87.5479;2.1934;0.0;87.4723;2.2788;0.0;1;1;1;251122.0;0.0;105103.0;3632.0;255732.0;0.0;106608.0;3793.0
08324196000181;COSERN;2021-04;85.0763;3.2385;0.0043;84.9273;3.5442;0.0041;1;1;1;207598.0;9.0;97224.0;4727.0;221152.0;9.0;101731.0;5348.0
08324196000181;COSERN;2021-05;90.344;1.4258;0.0843;90.0333;1.5879;0.0832;1;1;1;186293.0;157.0;84762.0;1961.0;188643.0;157.0;85342.0;2161.0
08324196000181;COSERN;2021-06;95.2028;0.2925;0.0;95.2011;0.2923;0.0;1;1;1;179284.0;0.0;87960.0;627.0;179371.0;0.0;88013.0;627.0
08324196000181;COSERN;2021-07;91.8132;0.8173;0.0;91.7862;0.8464;0.0;1;1;1;179549.0;0.0;90899.0;1474.0;180897.0;0.0;91491.0;1509.0
08324196000181;COSERN;2021-08;87.7192;1.6073;0.0;86.1775;3.0197;3.7048;1;1;1;194347.0;0.0;91945.0;2422.0;212268.0;7864.0;93553.0;4074.0
08324196000181;COSERN;2021-09;87.8979;1.6702;0.0;87.3261;1.9652;0.0;1;1;1;174892.0;0.0;94608.0;2560.0;177427.0;0.0;95429.0;2973.0
08324196000181;COSERN;2021-10;87.4559;1.4509;0.0;87.4083;1.4874;0.0;1;1;1;171726.0;0.0;82663.0;2026.0;173048.0;0.0;83251.0;2079.0
08324196000181;COSERN;2021-11;89.9213;1.1306;0.0;89.7412;1.2391;0.0;1;1;1;173439.0;0.0;88582.0;1700.0;174869.0;0.0;88953.0;1816.0
08324196000181;COSERN;2021-12;93.6373;0.8999;0.0;92.3483;1.5622;0.0;1;1;1;178123.0;0.0;93825.0;1382.0;185032.0;0.0;95714.0;2236.0
08324196000181;COSERN;2022-01;95.3652;0.693;0.0;91.165;3.1441;0.0;1;1;1;175705.0;0.0;92711.0;1006.0;217383.0;0.0;106679.0;4458.0
08324196000181;COSERN;2022-02;94.7551;0.474;0.1577;94.1016;0.8048;0.3186;1;1;1;166768.0;263.0;86720.0;699.0;174182.0;555.0;88862.0;1059.0
08324196000181;COSERN;2022-03;93.8021;0.7129;0.0893;91.9867;1.4057;0.1849;1;1;1;186946.0;167.0;94147.0;1094.0;220176.0;407.0;104435.0;2080.0
08324196000181;COSERN;2022-04;92.4038;1.1242;0.0006;91.2689;1.6246;0.0005;1;1;1;164181.0;1.0;86195.0;1449.0;184514.0;1.0;92887.0;2114.0
08324196000181;COSERN;2022-05;96.4625;0.6762;0.0006;96.0285;0.9446;0.0006;1;1;1;170226.0;1.0;90045.0;889.0;181479.0;1.0;93956.0;1257.0
08324196000181;COSERN;2022-06;95.2065;0.5318;0.0;93.7778;1.0355;0.0;1;1;1;145274.0;0.0;81177.0;754.0;161090.0;0.0;85346.0;1415.0
08324196000181;COSERN;2022-07;94.2486;0.9308;0.0;93.8197;1.0813;0.0;1;1;1;162796.0;0.0;83767.0;1191.0;177159.0;0.0;88734.0;1455.0
08324196000181;COSERN;2022-08;94.7498;0.7393;0.0;94.3832;0.872;0.8562;1;1;1;168341.0;0.0;86193.0;1063.0;176481.0;1511.0;88101.0;1254.0
08324196000181;COSERN;2022-09;95.6046;0.5529;0.0;95.6012;0.5642;0.0;1;1;1;144009.0;0.0;77696.0;739.0;146131.0;0.0;78598.0;755.0
08324196000181;COSERN;2022-10;93.9991;0.4634;0.0;94.0452;0.4555;0.0;1;1;1;140512.0;0.0;82918.0;1019.0;146018.0;0.0;86325.0;1072.0
08324196000181;COSERN;2022-11;95.2996;0.3906;0.0;94.1546;1.2967;0.0;1;1;1;130908.0;0.0;84660.0;697.0;150615.0;0.0;96367.0;2042.0
08324196000181;COSERN;2022-12;92.4727;1.1791;0.0;91.7435;1.5501;0.0;1;1;1;161250.0;0.0;84901.0;1431.0;176714.0;0.0;90061.0;1968.0
08324196000181;COSERN;2023-01;91.1818;0.6313;0.0;90.2025;1.2675;0.0;1;1;1;159801.0;0.0;85630.0;1221.0;174515.0;0.0;91059.0;1996.0
08324196000181;COSERN;2023-02;89.0981;1.1729;0.0;86.8128;2.1253;0.0;1;1;1;129055.0;0.0;74062.0;1549.0;156131.0;0.0;85657.0;2947.0
08324196000181;COSERN;2023-03;92.934;0.5254;0.0;91.9344;1.036;0.0;1;1;1;162806.0;0.0;84636.0;948.0;190579.0;0.0;96858.0;1780.0
08324196000181;COSERN;2023-04;94.0243;0.3494;0.0;93.1982;0.7347;0.0;1;1;1;142343.0;0.0;73591.0;578.0;159681.0;0.0;81332.0;1068.0
08324196000181;COSERN;2023-05;96.9519;0.2263;0.0;96.7273;0.292;0.0;1;1;1;143588.0;0.0;68347.0;305.0;145725.0;0.0;69311.0;373.0
08324196000181;COSERN;2023-06;98.0093;0.1035;0.0;96.6313;1.0919;0.0007;1;1;1;134538.0;0.0;64684.0;149.0;139698.0;1.0;65857.0;949.0
08324196000181;COSERN;2023-07;96.0583;0.4677;0.0;95.859;0.5753;0.0;1;1;1;145096.0;0.0;71511.0;540.0;147424.0;0.0;72414.0;649.0
08324196000181;COSERN;2023-08;95.248;0.3011;0.0;95.0458;0.3279;0.0;1;1;1;147854.0;0.0;72173.0;429.0;156262.0;0.0;74782.0;498.0
08324196000181;COSERN;2023-09;92.8139;0.5834;0.0;92.7542;0.617;0.0;1;1;1;140602.0;0.0;68675.0;740.0;143611.0;0.0;69910.0;788.0
08324196000181;COSERN;2023-10;86.9502;1.8646;0.0;86.797;1.893;0.0;1;1;1;171556.0;0.0;80472.0;2266.0;175200.0;0.0;81834.0;2342.0
08324196000181;COSERN;2023-11;85.0166;2.2022;0.0;80.6454;3.7847;0.0;1;1;1;167485.0;0.0;74252.0;2380.0;212557.0;0.0;90197.0;4921.0
08324196000181;COSERN;2023-12;86.7049;2.4502;0.0;84.9625;3.7227;0.0;1;1;1;180642.0;0.0;76880.0;2681.0;197424.0;0.0;82733.0;4235.0
08324196000181;COSERN;2024-01;90.2188;1.2579;0.0;86.1732;3.0867;0.0;1;1;1;153921.0;0.0;86737.0;1751.0;183392.0;0.0;95667.0;4280.0
08324196000181;COSERN;2024-02;95.0019;0.3935;0.0;90.2635;2.8954;0.0;1;1;1;142511.0;0.0;78719.0;637.0;186265.0;0.0;95314.0;3938.0
08324196000181;COSERN;2024-03;94.8852;0.5143;0.0;94.7617;0.5794;0.0;1;1;1;146996.0;0.0;83365.0;789.0;181803.0;0.0;102261.0;1123.0
08324196000181;COSERN;2024-04;98.0;0.1709;0.0007;97.787;0.2533;0.0006;1;1;1;151873.0;1.0;85304.0;315.0;166700.0;1.0;92534.0;447.0
08324196000181;COSERN;2024-05;98.8546;0.0882;0.0007;98.8693;0.0872;0.0007;1;1;1;134303.0;1.0;83830.0;193.0;140788.0;1.0;87042.0;198.0
08324196000181;COSERN;2024-06;98.1385;0.1234;0.0;97.8801;0.1923;0.0;1;1;1;136484.0;0.0;81715.0;369.0;148374.0;0.0;87711.0;480.0
08324196000181;COSERN;2024-07;97.3498;0.2865;0.0;97.3148;0.285;0.0;1;1;1;150605.0;0.0;86649.0;551.0;160317.0;0.0;90981.0;576.0
08324196000181;COSERN;2024-08;97.6501;0.1675;0.0;97.7071;0.1624;0.0;1;1;1;139804.0;0.0;82248.0;340.0;143709.0;0.0;84819.0;341.0
08324196000181;COSERN;2024-09;95.541;0.6395;0.0007;95.3471;0.7051;0.0007;1;1;1;146461.0;1.0;80174.0;888.0;151698.0;1.0;82524.0;984.0
08324196000181;COSERN;2024-10;91.4797;1.2146;0.0008;90.7988;1.563;0.0007;1;1;1;121458.0;1.0;83037.0;1909.0;137663.0;1.0;91888.0;2544.0
08324196000181;COSERN;2024-11;88.7127;1.6805;0.0;88.4681;1.7409;0.0;1;1;1;142385.0;0.0;79920.0;2481.0;147569.0;0.0;82463.0;2672.0
08324196000181;COSERN;2024-12;91.9721;1.1558;0.0;89.8655;2.0905;0.0;1;1;1;148445.0;0.0;80303.0;1563.0;167745.0;0.0;87442.0;2909.0
08324196000181;COSERN;2025-01;90.2299;0.8942;0.0;87.9197;1.7677;0.0;1;1;1;169769.0;0.0;89113.0;1762.0;192704.0;0.0;98417.0;3227.0
08324196000181;COSERN;2025-02;90.0061;0.838;0.0;68.9557;11.2322;0.0;1;1;1;116553.0;0.0;62004.0;1090.0;187372.0;0.0;90497.0;15447.0
08324196000181;COSERN;2025-03;87.7677;1.8446;0.0;66.1462;15.0015;0.0;1;1;1;120825.0;0.0;62525.0;2065.0;184589.0;0.0;83834.0;19461.0
08324196000181;COSERN;2025-04;89.56;0.8874;0.0;84.1397;4.0959;0.0;1;1;1;139466.0;0.0;76176.0;1361.0;157381.0;0.0;81015.0;4997.0
08324196000181;COSERN;2025-05;90.848;0.4537;0.0013;90.3457;0.7351;0.0013;1;1;1;148787.0;2.0;83372.0;1033.0;152387.0;2.0;84672.0;1329.0
08324196000181;COSERN;2025-06;96.3042;0.2722;0.0;96.1051;0.2941;0.0;1;1;1;142292.0;0.0;78766.0;559.0;144327.0;0.0;79664.0;594.0
08324196000181;COSERN;2025-07;93.9252;0.2845;0.0;93.9135;0.282;0.0;1;1;1;167441.0;0.0;91134.0;770.0;170438.0;0.0;92632.0;782.0
08324196000181;COSERN;2025-08;91.8453;0.3488;0.0;91.877;0.3515;0.0;1;1;1;156753.0;0.0;83708.0;859.0;160198.0;0.0;85050.0;886.0
08324196000181;COSERN;2025-09;87.3065;0.6784;0.0;87.2329;0.687;0.0;1;1;1;161829.0;0.0;83160.0;1300.0;163160.0;0.0;83700.0;1313.0
08324196000181;COSERN;2025-10;91.3027;0.525;0.0006;89.8397;1.9354;0.0006;1;1;1;160813.0;1.0;85461.0;1102.0;169880.0;1.0;86441.0;2622.0
08324196000181;COSERN;2025-11;87.6692;0.9795;0.0;87.3891;1.091;0.0;1;1;1;147653.0;0.0;71173.0;1335.0;150156.0;0.0;71804.0;1451.0
08324196000181;COSERN;2025-12;91.4087;0.9623;0.0;90.778;0.9626;0.0;1;1;1;182711.0;0.0;76567.0;1209.0;190196.0;0.0;80555.0;1315.0
08324196000181;COSERN;2026-01;91.342;0.5552;0.0;91.0433;0.7199;0.0;1;1;1;201302.0;0.0;83640.0;962.0;212397.0;0.0;87301.0;1187.0
08324196000181;COSERN;2026-02;87.9099;1.1123;0.0;86.5398;1.8005;0.0;1;1;1;190814.0;0.0;75388.0;1457.0;213093.0;0.0;82301.0;2277.0
08324196000181;COSERN;2026-04;91.6647;0.8541;0.0;90.8185;1.2639;0.0;1;1;1;206316.0;0.0;82073.0;1180.0;217769.0;0.0;85073.0;1675.0
08324196000181;COSERN;2026-05;89.6717;0.7376;0.0;89.4953;0.8106;0.0;1;1;1;198043.0;0.0;80749.0;1093.0;200956.0;0.0;81497.0;1173.0
08324196000181;COSERN;2026-06;88.8093;0.6242;0.0;88.8014;0.6262;0.0;1;1;1;177088.0;0.0;75624.0;951.0;178383.0;0.0;76013.0;962.0
08324196000181;COSERN;2026-07;87.5466;0.6222;0.0;87.012;0.8365;0.0;1;1;1;190977.0;0.0;83694.0;1091.0;194232.0;0.0;84527.0;1318.0
08336783000190;CELESC;2014-01;59.6221;13.9748;28.9445;41.3017;24.6685;44.3734;0;0;0;277189.0;80231.0;163582.0;33376.0;589198.0;261447.0;229597.0;98154.0
08336783000190;CELESC;2014-02;65.034;11.1705;18.3647;51.1834;19.2004;29.111;0;0;0;222862.0;40928.0;157310.0;24624.0;353506.0;102909.0;191761.0;58836.0
08336783000190;CELESC;2014-03;86.3367;3.4929;5.7994;77.9239;7.8814;8.5402;1;1;0;174691.0;10131.0;157432.0;7128.0;206423.0;17629.0;170600.0;18194.0
08336783000190;CELESC;2014-04;89.4381;2.1285;3.679;85.634;4.0138;3.7466;1;1;0;154037.0;5667.0;144334.0;4036.0;162172.0;6076.0;148529.0;7567.0
08336783000190;CELESC;2014-05;92.8919;1.2291;7.2398;91.4861;1.7179;7.2048;1;1;0;162850.0;11790.0;148669.0;2391.0;165917.0;11954.0;150519.0;3444.0
08336783000190;CELESC;2014-06;74.8071;7.8384;23.6476;67.7397;11.3212;30.2459;0;0;0;238658.0;56437.0;165524.0;16697.0;295442.0;89359.0;179008.0;27075.0
08336783000190;CELESC;2014-07;68.3411;10.9379;0.2988;63.5355;14.5743;0.2804;0;0;1;171368.0;512.0;148755.0;22101.0;185793.0;521.0;154237.0;31035.0
08336783000190;CELESC;2014-08;63.8728;11.867;3.6181;51.4895;21.0724;3.2959;0;0;0;157543.0;5700.0;130502.0;21341.0;200098.0;6595.0;147709.0;45794.0
08336783000190;CELESC;2014-09;82.9057;4.77;1.4468;70.0064;12.1689;12.6231;0;0;1;168928.0;2444.0;156681.0;9803.0;235212.0;29691.0;177193.0;28328.0
08336783000190;CELESC;2014-10;79.5317;5.66;0.0013;54.1616;22.4647;6.253;0;0;1;158713.0;2.0;147878.0;10833.0;268241.0;16773.0;189256.0;62212.0
08336783000190;CELESC;2014-11;74.3885;7.6098;0.0;65.1883;14.9295;0.6956;0;0;1;169122.0;0.0;153984.0;15138.0;198690.0;1382.0;164175.0;33133.0
08336783000190;CELESC;2014-12;71.2347;8.0764;6.1746;47.1;27.2067;29.5539;0;0;0;189876.0;11724.0;161108.0;17044.0;428018.0;126496.0;212456.0;89066.0
08336783000190;CELESC;2015-01;43.5135;25.7917;26.5169;25.418;41.5312;27.8537;0;0;0;206883.0;54859.0;109668.0;42356.0;588467.0;163910.0;238542.0;186015.0
08336783000190;CELESC;2015-02;65.659;11.1195;4.632;51.6072;20.434;5.2601;0;0;0;173272.0;8026.0;144102.0;21144.0;269919.0;14198.0;198093.0;57628.0
08336783000190;CELESC;2015-03;91.5181;1.414;0.0;89.8303;2.2301;0.1195;1;1;1;198692.0;0.0;194593.0;4099.0;206694.0;247.0;200265.0;6182.0
08336783000190;CELESC;2015-04;96.6627;0.4069;0.0;93.3818;2.0471;0.0634;1;1;1;158236.0;0.0;156881.0;1355.0;172033.0;109.0;167188.0;4736.0
08336783000190;CELESC;2015-05;93.04;1.515;0.0117;80.945;8.1956;0.5101;1;1;1;161949.0;19.0;158354.0;3576.0;205040.0;1046.0;184558.0;19436.0
08336783000190;CELESC;2015-06;96.3113;0.4787;0.0;94.5985;1.1299;0.0;1;1;1;183379.0;0.0;181710.0;1669.0;191837.0;0.0;188569.0;3268.0
08336783000190;CELESC;2015-07;94.14;1.1474;0.0;89.0207;3.7666;0.0022;1;1;1;195932.0;0.0;192459.0;3473.0;225629.0;5.0;214918.0;10706.0
08336783000190;CELESC;2015-08;96.9225;0.3976;0.0;92.3825;2.3599;0.0015;1;1;1;177590.0;0.0;176097.0;1493.0;195414.0;3.0;189333.0;6078.0
08336783000190;CELESC;2015-09;92.2721;2.1872;0.3152;78.7876;8.2098;1.9169;1;1;1;175744.0;554.0;170074.0;5116.0;275965.0;5290.0;244106.0;26569.0
08336783000190;CELESC;2015-10;95.3792;0.6404;0.0313;80.858;6.8236;1.6002;1;1;1;178843.0;56.0;176559.0;2228.0;272403.0;4359.0;245981.0;22063.0
08336783000190;CELESC;2015-11;97.7888;0.6705;0.0453;84.2877;6.7665;0.6316;1;1;1;181039.0;82.0;178964.0;1993.0;248091.0;1567.0;226920.0;19604.0
08336783000190;CELESC;2015-12;98.4612;0.4417;0.0142;71.8463;12.9919;3.4006;1;1;1;169220.0;24.0;167241.0;1955.0;370762.0;12608.0;302180.0;55974.0
08336783000190;CELESC;2016-01;98.7409;0.1596;0.0083;85.7946;6.6804;0.2366;1;1;1;229516.0;19.0;171994.0;1703.0;324220.0;767.0;214048.0;20999.0
08336783000190;CELESC;2016-02;99.5488;0.0308;0.0;92.3551;3.9367;0.7649;1;1;1;251221.0;0.0;188544.0;1587.0;298335.0;2282.0;206882.0;12191.0
08336783000190;CELESC;2016-03;97.9675;0.232;0.0;96.6384;0.5564;0.0;1;1;1;248011.0;0.0;187513.0;2234.0;267164.0;0.0;198731.0;3419.0
08336783000190;CELESC;2016-04;98.615;0.2089;0.0;96.0396;0.8788;0.0;1;1;1;226354.0;0.0;173430.0;1811.0;256332.0;0.0;192091.0;4004.0
08336783000190;CELESC;2016-05;99.6254;0.0741;0.0;98.4819;0.8307;0.0;1;1;1;204284.0;0.0;160580.0;1201.0;208573.0;0.0;162006.0;2718.0
08336783000190;CELESC;2016-06;99.1163;0.1591;0.0;97.6088;0.5739;0.0;1;1;1;225662.0;0.0;175689.0;1831.0;237500.0;0.0;182787.0;3190.0
08336783000190;CELESC;2016-07;99.3238;0.0914;0.0;98.1784;0.7862;0.0;1;1;1;219639.0;0.0;170514.0;1578.0;225402.0;0.0;173144.0;3065.0
08336783000190;CELESC;2016-08;96.793;0.4446;0.0;88.6256;5.1288;0.0;1;1;1;224606.0;0.0;173998.0;2355.0;271497.0;0.0;193355.0;16144.0
08336783000190;CELESC;2016-09;96.4749;0.5114;0.0;90.6711;3.4874;0.0;1;1;1;212936.0;0.0;161859.0;2208.0;264408.0;0.0;188300.0;9495.0
08336783000190;CELESC;2016-10;92.9228;1.5474;0.0;74.6376;12.4102;0.0;1;1;1;248166.0;0.0;178343.0;5466.0;393903.0;0.0;241471.0;45448.0
08336783000190;CELESC;2016-11;97.9635;0.2928;0.0;85.4722;7.3785;0.0;1;1;1;224391.0;0.0;170281.0;1844.0;306273.0;0.0;203684.0;21953.0
08336783000190;CELESC;2016-12;99.1932;0.1097;0.0;72.9384;16.7148;0.0;1;1;1;253005.0;0.0;183106.0;1604.0;489497.0;0.0;263770.0;80361.0
08336783000190;CELESC;2017-01;99.0405;0.0844;0.0;89.6171;4.8555;0.0;1;1;1;228345.0;0.0;169318.0;1388.0;413699.0;0.0;265928.0;24113.0
08336783000190;CELESC;2017-02;97.2174;0.2666;0.0;84.9913;6.6155;0.0;1;1;1;218669.0;0.0;164620.0;1724.0;304231.0;0.0;209128.0;23835.0
08336783000190;CELESC;2017-03;95.5896;0.4167;0.0;80.5493;9.9027;0.0;1;1;1;218955.0;0.0;172077.0;2084.0;366662.0;0.0;233161.0;40585.0
08336783000190;CELESC;2017-04;95.9663;0.4898;0.0;73.4626;14.2685;0.0;1;1;1;183751.0;0.0;140396.0;1845.0;320788.0;0.0;187410.0;47899.0
08336783000190;CELESC;2017-05;95.8718;0.5205;0.0;91.6802;2.2664;0.0;1;1;1;223761.0;0.0;172007.0;2636.0;284321.0;0.0;202850.0;10234.0
08336783000190;CELESC;2017-06;95.8559;0.8228;0.0;90.9325;3.348;0.0;1;1;1;222619.0;0.0;166951.0;4113.0;284784.0;0.0;199336.0;13102.0
08336783000190;CELESC;2017-07;98.075;0.2499;0.0;96.9574;0.788;0.0;1;1;1;209327.0;0.0;163641.0;1878.0;221129.0;0.0;169330.0;3496.0
08336783000190;CELESC;2017-08;97.8101;0.3234;0.0;92.6116;2.9251;0.0;1;1;1;214453.0;0.0;168001.0;2048.0;251017.0;0.0;184089.0;8595.0
08336783000190;CELESC;2017-09;99.3783;0.094;0.0;97.1067;1.2761;0.0;1;1;1;206738.0;0.0;161509.0;1238.0;226875.0;0.0;171595.0;4585.0
08336783000190;CELESC;2017-10;99.627;0.0442;0.0;93.2339;2.397;0.0;1;1;1;213268.0;0.0;158363.0;1091.0;353607.0;0.0;236618.0;12136.0
08336783000190;CELESC;2017-11;99.5747;0.1023;0.0;97.0698;0.9874;0.0;1;1;1;204278.0;0.0;160190.0;1183.0;293771.0;0.0;215887.0;5921.0
08336783000190;CELESC;2017-12;99.6178;0.0778;0.0;84.6481;8.1236;0.0;1;1;1;172583.0;0.0;132290.0;1034.0;432901.0;0.0;277295.0;46566.0
08336783000190;CELESC;2018-01;98.8374;0.1392;0.0;82.3913;8.7852;0.0;1;1;1;233616.0;0.0;182183.0;2440.0;513987.0;0.0;317151.0;59020.0
08336783000190;CELESC;2018-02;97.7796;0.2605;0.0;97.3215;0.4099;0.0;1;1;1;225148.0;0.0;178059.0;2861.0;237934.0;0.0;186094.0;4099.0
08336783000190;CELESC;2018-03;99.0467;0.1628;0.0;97.9929;0.4585;0.0;1;1;1;248201.0;0.0;189457.0;2400.0;296850.0;0.0;217766.0;5359.0
08336783000190;CELESC;2018-04;99.7607;0.0202;0.0;99.7442;0.0252;0.0;1;1;1;210947.0;0.0;172947.0;1140.0;212939.0;0.0;174343.0;1228.0
08336783000190;CELESC;2018-05;99.7331;0.0357;0.0;93.9909;2.232;0.0;1;1;1;209460.0;0.0;165156.0;1230.0;253918.0;0.0;181736.0;11479.0
08336783000190;CELESC;2018-06;99.4807;0.0505;0.0;98.9158;0.1047;0.0;1;1;1;226422.0;0.0;174197.0;1110.0;255450.0;0.0;192756.0;2269.0
08336783000190;CELESC;2018-07;98.4841;0.13;0.0;98.0016;0.2637;0.0;1;1;1;230943.0;0.0;185849.0;2136.0;236540.0;0.0;188753.0;3260.0
08336783000190;CELESC;2018-08;97.61;0.2344;0.0;97.2395;0.3113;0.0;1;1;1;250678.0;0.0;197905.0;3536.0;258917.0;0.0;203317.0;4219.0
08336783000190;CELESC;2018-09;96.0373;0.5306;0.0;95.0604;0.7357;0.0;1;1;1;224364.0;0.0;176790.0;4310.0;236877.0;0.0;185645.0;5518.0
08336783000190;CELESC;2018-10;97.0516;0.4819;0.0;92.7745;2.1981;0.0;1;1;1;251807.0;0.0;194315.0;3940.0;325785.0;0.0;235060.0;14819.0
08336783000190;CELESC;2018-11;96.6041;0.5575;0.0;90.6705;3.4186;0.0;1;1;1;245921.0;0.0;189959.0;4241.0;303923.0;0.0;212511.0;17133.0
08336783000190;CELESC;2018-12;98.0062;0.5001;0.0;53.439;31.8239;0.0;1;1;1;202492.0;0.0;151414.0;3456.0;740743.0;0.0;284768.0;218468.0
08336783000190;CELESC;2019-01;89.8656;2.2563;0.0;57.0857;22.2052;0.0;1;1;1;161103.0;0.0;114281.0;7269.0;627827.0;0.0;317850.0;143401.0
08336783000190;CELESC;2019-02;88.1795;2.69;0.0;57.0844;24.8515;0.0;1;1;1;182102.0;0.0;139562.0;8527.0;465379.0;0.0;235362.0;117925.0
08336783000190;CELESC;2019-03;95.1494;1.1174;0.0;92.3971;2.5926;0.0;1;1;1;214967.0;0.0;168223.0;5261.0;246358.0;0.0;184810.0;10286.0
08336783000190;CELESC;2019-04;96.1699;0.7415;0.0;95.064;1.1756;0.0;1;1;1;212826.0;0.0;168528.0;4471.0;226184.0;0.0;174686.0;6371.0
08336783000190;CELESC;2019-05;97.1901;0.5527;0.0;95.1953;1.5899;0.0;1;1;1;236724.0;0.0;181563.0;3785.0;263129.0;0.0;196279.0;7380.0
08336783000190;CELESC;2019-06;98.561;0.2878;0.0;98.3272;0.3988;0.0;1;1;1;197686.0;0.0;156597.0;2324.0;202218.0;0.0;159097.0;2820.0
08336783000190;CELESC;2019-07;93.948;1.3191;0.0;93.8954;1.3527;0.0;1;1;1;239334.0;0.0;186422.0;6743.0;246068.0;0.0;190635.0;7159.0
08336783000190;CELESC;2019-08;92.5645;1.6061;0.0;91.6429;2.3478;0.0;1;1;1;218860.0;0.0;171050.0;7084.0;223602.0;0.0;172610.0;8912.0
08336783000190;CELESC;2019-09;96.8157;0.7359;0.0;95.1285;1.517;0.0;1;1;1;217189.0;0.0;169019.0;3953.0;234488.0;0.0;179238.0;6453.0
08336783000190;CELESC;2019-10;97.5969;0.3789;0.0;90.4427;4.1754;0.0;1;1;1;222892.0;0.0;172494.0;3084.0;316822.0;0.0;217221.0;18794.0
08336783000190;CELESC;2019-11;99.3353;0.145;0.0;98.3317;0.5615;0.0;1;1;1;232435.0;0.0;179072.0;2325.0;255871.0;0.0;191804.0;4401.0
08336783000190;CELESC;2019-12;98.6428;0.3168;0.0;89.5735;5.3951;0.0;1;1;1;210681.0;0.0;157034.0;1798.0;287747.0;0.0;190453.0;17370.0
08336783000190;CELESC;2020-01;99.8503;0.0333;0.0;94.8548;2.655;0.0;1;1;1;238930.0;0.0;180295.0;931.0;294564.0;0.0;206167.0;9488.0
08336783000190;CELESC;2020-02;97.2606;0.5729;0.0;90.5626;4.5;0.0;1;1;1;202860.0;0.0;157921.0;2152.0;241485.0;0.0;172474.0;12330.0
08336783000190;CELESC;2020-03;97.3666;0.9583;0.0;95.4317;1.8338;0.0;1;1;1;169344.0;0.0;132389.0;2970.0;181762.0;0.0;136989.0;5307.0
08336783000190;CELESC;2020-04;71.9802;7.6838;0.0;52.4967;20.9818;0.0;0;0;1;168757.0;0.0;115050.0;13270.0;264734.0;0.0;162455.0;51816.0
08336783000190;CELESC;2020-05;64.4981;8.4291;0.0;53.7679;12.1087;0.0;0;0;1;204636.0;0.0;149028.0;16920.0;288801.0;0.0;206789.0;33643.0
08336783000190;CELESC;2020-06;61.7609;9.2989;0.0;54.5332;13.3575;0.0;0;0;1;237028.0;0.0;169338.0;21619.0;313476.0;0.0;215583.0;40054.0
08336783000190;CELESC;2020-07;45.6039;19.085;0.0;26.3614;34.6129;0.0014;0;0;1;175344.0;0.0;109783.0;30403.0;554823.0;8.0;243589.0;151250.0
08336783000190;CELESC;2020-08;69.0859;8.6508;0.0;59.5353;16.1394;0.0003;0;0;1;242008.0;0.0;180316.0;21252.0;319669.0;1.0;204438.0;47820.0
08336783000190;CELESC;2020-09;95.5797;0.3862;0.0004;94.169;0.8803;0.0004;1;1;1;230776.0;1.0;189569.0;2401.0;249875.0;1.0;201774.0;3886.0
08336783000190;CELESC;2020-10;97.6571;0.1766;0.0009;97.457;0.2312;0.0009;1;1;1;229121.0;2.0;183677.0;1782.0;232090.0;2.0;185533.0;1938.0
08336783000190;CELESC;2020-11;99.2586;0.0585;0.0;98.795;0.1347;0.0;1;1;1;227533.0;0.0;179288.0;1392.0;241746.0;0.0;186889.0;1820.0
08336783000190;CELESC;2020-12;99.1272;0.0778;0.0014;85.4049;6.0975;0.0009;1;1;1;218668.0;3.0;165654.0;1462.0;338697.0;3.0;221317.0;20084.0
08336783000190;CELESC;2021-01;96.3316;0.2467;0.0004;93.8674;0.9222;0.0003;1;1;1;267997.0;1.0;206255.0;2363.0;303517.0;1.0;225084.0;5159.0
08336783000190;CELESC;2021-02;86.4511;1.1906;0.0004;82.7833;3.0955;0.0004;1;1;1;232338.0;1.0;182918.0;4518.0;277443.0;1.0;204737.0;10340.0
08336783000190;CELESC;2021-03;93.3855;0.2965;0.0996;91.832;0.5717;0.122;1;1;1;255018.0;254.0;207141.0;3624.0;276161.0;337.0;218625.0;5116.0
08336783000190;CELESC;2021-04;96.0363;0.1905;0.0;95.9677;0.21;0.0;1;1;1;209750.0;0.0;176520.0;1905.0;210348.0;0.0;176774.0;1961.0
08336783000190;CELESC;2021-05;96.6481;0.3182;0.0;90.5736;2.7909;0.0;1;1;1;236588.0;0.0;186079.0;2847.0;276695.0;0.0;201423.0;9921.0
08336783000190;CELESC;2021-06;94.0519;0.676;0.0012;93.8381;0.719;0.0012;1;1;1;243444.0;3.0;183365.0;4008.0;248122.0;3.0;185870.0;4254.0
08336783000190;CELESC;2021-07;86.8252;3.1592;0.0;86.2419;3.3434;0.0;1;1;1;239418.0;0.0;188613.0;8937.0;249031.0;0.0;194359.0;10123.0
08336783000190;CELESC;2021-08;94.1897;1.0191;0.0;94.1557;1.0335;0.0;1;1;1;208825.0;0.0;171137.0;3394.0;209370.0;0.0;171405.0;3442.0
08336783000190;CELESC;2021-09;82.8811;2.8294;0.0;82.134;3.1865;0.0;0;1;1;218687.0;0.0;168351.0;7226.0;226170.0;0.0;171751.0;8210.0
08336783000190;CELESC;2021-10;77.9005;3.6632;0.0;74.9333;5.7184;0.0;0;1;1;217362.0;0.0;164286.0;9036.0;252673.0;0.0;180554.0;15286.0
08336783000190;CELESC;2021-11;81.0585;2.8971;0.0;78.3012;4.6642;0.0;0;1;1;216298.0;0.0;166646.0;7771.0;244954.0;0.0;178420.0;12800.0
08336783000190;CELESC;2021-12;89.8372;0.9852;0.0;86.8643;2.2635;0.0;1;1;1;217346.0;0.0;166125.0;4185.0;234074.0;0.0;172933.0;7429.0
08336783000190;CELESC;2022-01;78.3681;3.7078;0.0;74.3308;6.1074;0.0;0;1;1;245258.0;0.0;180415.0;10345.0;305519.0;0.0;209496.0;19826.0
08336783000190;CELESC;2022-02;79.4697;2.1954;0.0;75.8089;3.7008;0.0;0;1;1;209649.0;0.0;159620.0;11662.0;250109.0;0.0;181264.0;16770.0
08336783000190;CELESC;2022-03;93.9008;0.3019;0.0;89.6394;1.7868;0.0;1;1;1;226891.0;0.0;183599.0;2914.0;290444.0;0.0;223432.0;8622.0
08336783000190;CELESC;2022-04;97.261;0.2515;0.0;93.2954;1.5679;0.0;1;1;1;182639.0;0.0;149894.0;1546.0;202924.0;0.0;158704.0;4453.0
08336783000190;CELESC;2022-05;96.5187;0.4303;0.0;94.6192;0.8233;0.0;1;1;1;218289.0;0.0;173555.0;2272.0;242072.0;0.0;188407.0;3578.0
08336783000190;CELESC;2022-06;89.0194;1.648;0.0;88.8051;1.7619;0.0;1;1;1;228797.0;0.0;182138.0;5063.0;235371.0;0.0;186342.0;5484.0
08336783000190;CELESC;2022-07;88.5877;1.8893;0.0;88.2616;1.9344;0.0;1;1;1;202641.0;0.0;163789.0;4814.0;213434.0;0.0;170385.0;5200.0
08336783000190;CELESC;2022-08;96.8912;0.6002;0.0;86.8839;5.3341;0.0023;1;1;1;172356.0;0.0;170070.0;2286.0;219086.0;5.0;204697.0;14384.0
08336783000190;CELESC;2022-09;95.4898;0.9089;0.0;95.0843;1.2275;0.0;1;1;1;163348.0;0.0;160583.0;2765.0;165155.0;0.0;161731.0;3424.0
08336783000190;CELESC;2022-10;95.3971;0.3155;0.0;94.6671;0.6082;0.0;1;1;1;208519.0;0.0;165544.0;1894.0;231588.0;0.0;178287.0;2905.0
08336783000190;CELESC;2022-11;96.6145;0.2088;0.0;94.3986;1.3409;0.0;1;1;1;195352.0;0.0;159169.0;1462.0;224852.0;0.0;174302.0;4408.0
08336783000190;CELESC;2022-12;97.4121;0.1973;0.0;94.9151;0.8835;0.0;1;1;1;223005.0;0.0;172462.0;1831.0;259327.0;0.0;194650.0;4174.0
08336783000190;CELESC;2023-01;95.2214;0.3355;0.0;93.076;0.9425;0.0;1;1;1;217830.0;0.0;172606.0;2078.0;250891.0;0.0;190648.0;4320.0
08336783000190;CELESC;2023-02;80.3376;2.9563;0.0;77.416;3.7895;0.0;0;1;1;196668.0;0.0;157502.0;6594.0;229538.0;0.0;178307.0;9655.0
08336783000190;CELESC;2023-03;87.8172;1.7583;0.0;83.6463;3.2122;0.0;1;1;1;229573.0;0.0;191083.0;5333.0;290854.0;0.0;225562.0;10860.0
08336783000190;CELESC;2023-04;96.4417;0.5291;0.0;95.3742;0.5613;0.0;1;1;1;185740.0;0.0;154168.0;1978.0;235114.0;0.0;196993.0;2747.0
08336783000190;CELESC;2023-05;55.6752;16.8521;0.0;53.6191;19.1818;0.0;0;0;1;208399.0;0.0;148429.0;33145.0;260811.0;0.0;182970.0;47413.0
08336783000190;CELESC;2023-06;69.0643;9.1115;0.0;51.4705;13.403;0.0;0;0;1;172496.0;0.0;105647.0;12404.0;328222.0;0.0;220217.0;39684.0
08336783000190;CELESC;2023-07;77.8391;5.4575;0.0;42.7616;21.0222;0.0036;0;0;1;109276.0;0.0;80277.0;6064.0;390889.0;14.0;248104.0;76042.0
08336783000190;CELESC;2023-08;87.9406;1.7228;0.0;81.099;3.646;0.0;1;1;1;197592.0;0.0;158417.0;4441.0;267426.0;0.0;206528.0;10776.0
08336783000190;CELESC;2023-09;91.1256;1.3761;0.0;86.0914;3.5333;0.0;1;1;1;202604.0;0.0;158175.0;3653.0;236758.0;0.0;176702.0;9127.0
08336783000190;CELESC;2023-10;88.4205;1.9331;0.0;83.1635;4.127;0.0;1;1;1;220795.0;0.0;170761.0;5260.0;280157.0;0.0;203408.0;12027.0
08336783000190;CELESC;2023-11;79.2663;5.1929;0.0;65.9157;13.003;0.0;0;0;1;201847.0;0.0;150091.0;10531.0;323791.0;0.0;201880.0;36719.0
08336783000190;CELESC;2023-12;90.9376;1.5388;0.0;79.3775;6.8706;0.0;1;1;1;204302.0;0.0;155802.0;3992.0;283821.0;0.0;191719.0;18462.0
08336783000190;CELESC;2024-01;84.836;3.2849;0.0;77.3276;7.1246;0.0;0;1;1;239455.0;0.0;180808.0;8860.0;296864.0;0.0;204116.0;20942.0
08336783000190;CELESC;2024-02;69.2786;8.1523;0.0;67.0613;9.4443;0.0;0;0;1;266905.0;0.0;156774.0;16446.0;279718.0;0.0;164546.0;20444.0
08336783000190;CELESC;2024-03;80.3764;4.1416;0.0;78.2171;4.8896;0.0;0;0;1;185720.0;0.0;144264.0;8909.0;204175.0;0.0;154213.0;11443.0
08336783000190;CELESC;2024-04;90.9319;0.894;0.0;90.6673;1.0001;0.0;1;1;1;187771.0;0.0;150985.0;3154.0;191410.0;0.0;153039.0;3454.0
08336783000190;CELESC;2024-05;43.9234;20.8235;0.0038;38.9985;24.9706;0.0027;0;0;1;212163.0;8.0;143437.0;41636.0;336871.0;9.0;215387.0;79141.0
08336783000190;CELESC;2024-06;35.8887;28.8818;0.0004;35.922;28.8195;0.0003;0;0;1;250420.0;1.0;153963.0;69058.0;287593.0;1.0;175815.0;78841.0
08336783000190;CELESC;2024-07;46.0722;18.0914;0.0;44.889;18.9019;0.0;0;0;1;269083.0;0.0;181584.0;49985.0;297459.0;0.0;195946.0;57057.0
08336783000190;CELESC;2024-08;67.3169;7.6245;0.0;66.7356;8.0288;0.0;0;0;1;241132.0;0.0;186424.0;19633.0;252349.0;0.0;192630.0;21482.0
08336783000190;CELESC;2024-09;76.0322;3.9194;0.0;75.0923;4.3766;0.0;0;1;1;234736.0;0.0;178044.0;10085.0;264296.0;0.0;194324.0;12320.0
08336783000190;CELESC;2024-10;84.6343;2.4435;0.0;80.4949;4.7598;0.0;0;1;1;240900.0;0.0;187251.0;9804.0;304277.0;0.0;213297.0;25128.0
08336783000190;CELESC;2024-11;84.1541;2.3597;0.0;81.5592;4.973;0.0;0;1;1;239880.0;0.0;186655.0;9358.0;280754.0;0.0;202398.0;24221.0
08336783000190;CELESC;2024-12;96.9397;0.1158;0.028;94.2714;1.1019;0.0241;1;1;1;228755.0;64.0;186302.0;1447.0;265687.0;64.0;207686.0;4617.0
08336783000190;CELESC;2025-01;95.7514;0.2629;0.0064;92.7183;1.6111;0.0057;1;1;1;266101.0;17.0;216208.0;4080.0;297732.0;17.0;232484.0;9549.0
08336783000190;CELESC;2025-02;91.0688;0.7658;0.0004;82.7825;5.7186;0.0003;1;1;1;239206.0;1.0;188809.0;9952.0;304238.0;1.0;220444.0;29160.0
08336783000190;CELESC;2025-03;88.5544;1.0758;0.0013;85.3379;3.3998;0.0012;1;1;1;229976.0;3.0;185470.0;6064.0;252196.0;3.0;193838.0;14421.0
08336783000190;CELESC;2025-04;96.6467;0.1547;0.0005;96.0398;0.429;0.0005;1;1;1;195160.0;1.0;161979.0;1241.0;201576.0;1.0;165012.0;1851.0
08336783000190;CELESC;2025-05;96.4269;0.208;0.0;94.3776;0.8897;0.0;1;1;1;210168.0;0.0;179468.0;1645.0;217601.0;0.0;190944.0;3500.0
08336783000190;CELESC;2025-06;95.8655;0.3529;0.0;95.7679;0.361;0.0;1;1;1;248100.0;0.0;198212.0;2417.0;254214.0;0.0;202053.0;2543.0
08336783000190;CELESC;2025-07;93.2325;1.0476;0.0;86.6846;3.3416;0.0;1;1;1;254496.0;0.0;206487.0;4259.0;294689.0;0.0;225738.0;11375.0
08336783000190;CELESC;2025-08;82.4835;2.5307;0.0035;81.7714;3.0311;0.0035;0;1;1;254836.0;9.0;203246.0;8565.0;259650.0;9.0;204874.0;9834.0
08336783000190;CELESC;2025-09;88.2145;1.4924;0.0191;86.7438;2.1602;0.0192;1;1;1;276796.0;53.0;220326.0;6706.0;296658.0;57.0;229406.0;9141.0
08336783000190;CELESC;2025-10;95.7133;1.1303;0.0008;93.0575;2.6589;0.0007;1;1;1;261120.0;2.0;217289.0;4668.0;279388.0;2.0;224450.0;8946.0
08336783000190;CELESC;2025-11;94.5945;0.4618;0.038;87.769;3.4096;0.034;1;1;1;250152.0;95.0;206496.0;3561.0;308543.0;105.0;235043.0;13449.0
08336783000190;CELESC;2025-12;83.3034;3.5727;0.3651;67.5523;13.7376;1.0819;0;1;1;270625.0;988.0;197514.0;14274.0;391250.0;4233.0;236083.0;59351.0
08336783000190;CELESC;2026-01;47.2587;23.6045;0.8024;37.9932;32.2931;0.5608;0;0;1;240158.0;1927.0;144457.0;53403.0;395518.0;2218.0;203487.0;117995.0
08336783000190;CELESC;2026-02;48.7416;23.6338;0.0049;40.4677;30.2255;0.0074;0;0;1;222642.0;11.0;132264.0;50334.0;337006.0;25.0;175660.0;93036.0
08336783000190;CELESC;2026-03;78.52;4.9688;0.0051;77.7112;5.5032;0.0049;0;0;1;237606.0;12.0;183453.0;13977.0;242565.0;12.0;185671.0;15521.0
08336783000190;CELESC;2026-04;93.6505;0.7756;0.0039;90.444;2.1045;0.0035;1;1;1;207213.0;8.0;167975.0;3187.0;225895.0;8.0;176715.0;6347.0
08336783000190;CELESC;2026-05;96.0544;0.3504;0.0642;95.547;0.5191;0.0632;1;1;1;239743.0;154.0;192526.0;2656.0;246822.0;156.0;196639.0;3213.0
08336783000190;CELESC;2026-06;99.303;0.0737;0.2109;97.7256;0.592;0.1965;1;1;1;235610.0;497.0;188517.0;1259.0;253930.0;499.0;198296.0;2765.0
08336783000190;CELESC;2026-07;96.6432;0.247;0.1326;95.0935;0.5915;0.1235;1;1;1;276729.0;367.0;226117.0;3990.0;313405.0;387.0;250765.0;6567.0
08467115000100;CEEE-D;2014-01;73.1064;7.0048;0.0;52.9713;13.9176;0.0;0;0;1;179810.0;0.0;163147.0;16663.0;343665.0;0.0;284473.0;59192.0
08467115000100;CEEE-D;2014-02;53.3659;15.2389;0.0;42.5225;21.0455;0.0;0;0;1;167038.0;0.0;136200.0;30838.0;354492.0;0.0;265509.0;88983.0
08467115000100;CEEE-D;2014-03;76.7569;7.4885;0.0;72.2738;9.7312;0.0;0;0;1;185462.0;0.0;168580.0;16882.0;208849.0;0.0;184365.0;24484.0
08467115000100;CEEE-D;2014-04;16.2428;36.1866;0.0;14.6453;36.7136;0.0;0;0;1;189909.0;0.0;117543.0;72366.0;212613.0;0.0;130325.0;82288.0
08467115000100;CEEE-D;2014-05;93.2157;1.1651;0.0;89.3179;2.0984;0.0;1;1;1;196589.0;0.0;191966.0;4623.0;212788.0;0.0;205004.0;7784.0
08467115000100;CEEE-D;2014-06;94.0245;1.9271;0.0;82.4731;5.5541;0.0;1;1;1;171934.0;0.0;166520.0;5414.0;229266.0;0.0;210485.0;18781.0
08467115000100;CEEE-D;2014-07;95.7932;0.6816;0.0;90.4972;2.2887;0.0;1;1;1;194949.0;0.0;191752.0;3197.0;233011.0;0.0;224134.0;8877.0
08467115000100;CEEE-D;2014-08;95.5744;0.9684;0.0;92.0674;2.2051;0.0;1;1;1;181128.0;0.0;177630.0;3498.0;205101.0;0.0;197980.0;7121.0
08467115000100;CEEE-D;2014-09;96.1263;0.7467;0.0;93.008;1.7023;0.0;1;1;1;177477.0;0.0;174538.0;2939.0;204730.0;0.0;198635.0;6095.0
08467115000100;CEEE-D;2014-10;85.2091;3.4141;0.0;72.8892;8.1472;0.0;1;1;1;188987.0;0.0;179702.0;9285.0;269507.0;0.0;240196.0;29311.0
08467115000100;CEEE-D;2014-11;91.9761;2.1116;0.0;85.8361;4.5681;0.0;1;1;1;181648.0;0.0;175698.0;5950.0;215481.0;0.0;202266.0;13215.0
08467115000100;CEEE-D;2014-12;88.6898;2.8741;0.0;74.283;8.2341;0.0;1;1;1;189822.0;0.0;181608.0;8214.0;268616.0;0.0;238184.0;30432.0
08467115000100;CEEE-D;2015-01;78.6938;5.7363;0.0;68.3909;11.5365;0.0;0;0;1;218434.0;0.0;199511.0;18923.0;302061.0;0.0;251707.0;50354.0
08467115000100;CEEE-D;2015-02;88.3695;2.3418;0.0;87.2972;2.8486;0.0;1;1;1;173846.0;0.0;166474.0;7372.0;179152.0;0.0;170115.0;9037.0
08467115000100;CEEE-D;2015-03;93.2366;1.2553;0.0;93.0781;1.3456;0.0;1;1;1;168720.0;0.0;164483.0;4237.0;169889.0;0.0;165400.0;4489.0
08467115000100;CEEE-D;2015-04;94.1684;1.0828;0.0;93.418;1.3335;0.0;1;1;1;153529.0;0.0;149998.0;3531.0;156469.0;0.0;152196.0;4273.0
08467115000100;CEEE-D;2015-05;84.8537;4.7394;0.0;79.1581;7.0384;0.0;0;0;1;173637.0;0.0;161945.0;11701.0;202806.0;0.0;183074.0;19741.0
08467115000100;CEEE-D;2015-06;90.4037;2.4364;0.0;90.1097;2.5423;0.0;1;1;1;180107.0;0.0;172713.0;7394.0;181730.0;0.0;173999.0;7731.0
08467115000100;CEEE-D;2015-07;85.9676;3.4069;0.0;84.238;4.1;0.0;1;1;1;199839.0;0.0;188658.0;11181.0;209359.0;0.0;195518.0;13841.0
08467115000100;CEEE-D;2015-08;86.4631;3.2447;0.0;85.0441;3.918;0.0;1;1;1;187127.0;0.0;177337.0;9790.0;192457.0;0.0;180762.0;11695.0
08467115000100;CEEE-D;2015-09;82.8892;3.13;0.0;80.2112;4.1662;0.0;0;1;1;191004.0;0.0;179719.0;11285.0;208201.0;0.0;192808.0;15393.0
08467115000100;CEEE-D;2015-10;69.7342;6.654;0.0;63.6968;9.0563;0.0;0;0;1;213577.0;0.0;193565.0;20012.0;243232.0;0.0;214107.0;29125.0
08467115000100;CEEE-D;2015-11;86.5042;2.4707;0.0;85.0163;3.1993;0.0;1;1;1;178745.0;0.0;170253.0;8492.0;184055.0;0.0;173281.0;10774.0
08467115000100;CEEE-D;2015-12;73.5987;7.7154;0.0;70.0571;9.924;0.0;0;0;1;209227.0;0.0;186881.0;22346.0;230603.0;0.0;199150.0;31453.0
08467115000100;CEEE-D;2016-01;74.1957;5.4967;0.0;55.019;16.2443;0.0;0;0;1;167247.0;0.0;154253.0;13815.0;247903.0;0.0;199367.0;49358.0
08467115000100;CEEE-D;2016-02;61.5859;12.8942;0.0;47.5652;25.0743;0.0;0;0;1;163181.0;0.0;137554.0;25627.0;261142.0;0.0;185098.0;76044.0
08467115000100;CEEE-D;2016-03;64.771;9.987;0.0;56.3324;13.1908;0.0;0;0;1;185105.0;0.0;162271.0;22834.0;232310.0;0.0;195233.0;37077.0
08467115000100;CEEE-D;2016-04;66.1807;10.4465;0.0;56.3142;18.2328;0.0;0;0;1;163082.0;0.0;141705.0;21377.0;247771.0;0.0;192193.0;55578.0
08467115000100;CEEE-D;2016-05;52.7673;16.8549;0.0;53.5937;16.5944;0.0;0;0;1;171303.0;0.0;137922.0;33381.0;181714.0;0.0;146542.0;35172.0
08467115000100;CEEE-D;2016-06;47.1773;16.2148;0.0;45.1293;18.8352;0.0;0;0;1;174773.0;0.0;141690.0;33083.0;192186.0;0.0;150016.0;42170.0
08467115000100;CEEE-D;2016-07;42.9332;15.9141;0.0;40.7089;17.189;0.0;0;0;1;187636.0;0.0;152822.0;34814.0;211999.0;0.0;169640.0;42359.0
08467115000100;CEEE-D;2016-08;72.4488;6.0213;0.0;70.4523;6.7362;0.0;0;0;1;173593.0;0.0;160323.0;13270.0;182140.0;0.0;166695.0;15445.0
08467115000100;CEEE-D;2016-09;56.7101;11.8846;0.0;53.1319;13.3792;0.0;0;0;1;165068.0;0.0;142880.0;22188.0;188033.0;0.0;159500.0;28533.0
08467115000100;CEEE-D;2016-10;72.0947;5.6613;0.0;60.2687;8.6392;0.0;0;0;1;162303.0;0.0;151275.0;11028.0;204320.0;0.0;183626.0;20694.0
08467115000100;CEEE-D;2016-11;52.3377;11.3135;0.0;47.9541;13.2745;0.0;0;0;1;177200.0;0.0;154256.0;22944.0;200345.0;0.0;170047.0;30298.0
08467115000100;CEEE-D;2016-12;20.428;33.0907;0.0;19.5727;34.1175;0.0;0;0;1;185898.0;0.0;121251.0;64647.0;217313.0;0.0;139132.0;78181.0
08467115000100;CEEE-D;2017-01;17.6049;32.2314;0.0;16.9809;33.358;0.0;0;0;1;199121.0;0.0;131238.0;67883.0;215858.0;0.0;139615.0;76243.0
08467115000100;CEEE-D;2017-02;23.0678;28.6159;0.0;21.524;30.1685;0.0;0;0;1;179734.0;0.0;124431.0;55303.0;205719.0;0.0;138823.0;66896.0
08467115000100;CEEE-D;2017-03;26.2711;28.4752;0.0;25.0167;29.1338;0.0;0;0;1;207315.0;0.0;144141.0;63174.0;221775.0;0.0;152555.0;69220.0
08467115000100;CEEE-D;2017-04;47.3248;22.3105;0.0;47.327;22.4553;0.0;0;0;1;166420.0;0.0;125704.0;40716.0;171463.0;0.0;129167.0;42296.0
08467115000100;CEEE-D;2017-05;46.3927;22.6548;0.0;45.2073;23.941;0.0;0;0;1;190818.0;0.0;143173.0;47645.0;211457.0;0.0;155517.0;55940.0
08467115000100;CEEE-D;2017-06;58.2735;13.3583;0.0;58.1561;13.537;0.0;0;0;1;165453.0;0.0;140233.0;25220.0;168475.0;0.0;142440.0;26035.0
08467115000100;CEEE-D;2017-07;71.62;8.3441;0.0;71.3074;8.5573;0.0;0;0;1;145630.0;0.0;131341.0;14289.0;147311.0;0.0;132505.0;14806.0
08467115000100;CEEE-D;2017-08;58.861;13.2618;0.0;54.8484;15.9156;0.0;0;0;1;160737.0;0.0;136362.0;24375.0;181430.0;0.0;148367.0;33063.0
08467115000100;CEEE-D;2017-09;64.0328;11.6885;0.0;63.2212;12.0339;0.0;0;0;1;161797.0;0.0;139927.0;21870.0;166322.0;0.0;143171.0;23151.0
08467115000100;CEEE-D;2017-10;52.3589;16.757;0.0;48.9651;18.9486;0.0;0;0;1;188770.0;0.0;152184.0;36586.0;225997.0;0.0;176757.0;49240.0
08467115000100;CEEE-D;2017-11;48.1531;20.5304;0.0;47.5674;21.0614;0.0;0;0;1;180376.0;0.0;139303.0;41073.0;190341.0;0.0;145798.0;44543.0
08467115000100;CEEE-D;2017-12;39.1308;26.685;0.0;38.4658;27.5117;0.0;0;0;1;187134.0;0.0;132736.0;54398.0;203854.0;0.0;142567.0;61287.0
08467115000100;CEEE-D;2018-01;35.8067;26.2063;0.0;35.7422;26.3678;0.0;0;0;1;194918.0;0.0;139310.0;55608.0;198805.0;0.0;141697.0;57108.0
08467115000100;CEEE-D;2018-02;38.4095;24.5562;0.0;37.3343;25.6081;0.0;0;0;1;150706.0;0.0;110547.0;40159.0;158604.0;0.0;114542.0;44062.0
08467115000100;CEEE-D;2018-03;35.458;28.4012;0.0;35.4082;28.6407;0.0;0;0;1;182526.0;0.0;126349.0;56177.0;191665.0;0.0;132069.0;59596.0
08467115000100;CEEE-D;2018-04;38.3535;25.499;0.0;38.3802;25.5133;0.0;0;0;1;169223.0;0.0;122122.0;47101.0;170028.0;0.0;122652.0;47376.0
08467115000100;CEEE-D;2018-05;53.8402;15.8166;0.0;53.8469;15.8144;0.0;0;0;1;154101.0;0.0;126728.0;27373.0;154199.0;0.0;126808.0;27391.0
08467115000100;CEEE-D;2018-06;43.6257;23.8568;0.0;43.7987;23.783;0.0;0;0;1;170554.0;0.0;125880.0;44674.0;173373.0;0.0;128043.0;45330.0
08467115000100;CEEE-D;2018-07;50.722;18.3725;0.0;50.695;18.4327;0.0;0;0;1;177274.0;0.0;141098.0;36176.0;178814.0;0.0;142189.0;36625.0
08467115000100;CEEE-D;2018-08;51.1347;17.9513;0.0;50.4064;18.3396;0.0;0;0;1;179643.0;0.0;143783.0;35860.0;183213.0;0.0;145865.0;37348.0
08467115000100;CEEE-D;2018-09;47.1305;20.6973;0.0;45.508;22.1272;0.0;0;0;1;157624.0;0.0;121778.0;35846.0;179362.0;0.0;135670.0;43692.0
08467115000100;CEEE-D;2018-10;39.1342;25.1141;0.0;39.2026;25.1361;0.0;0;0;1;175129.0;0.0;127193.0;47936.0;180192.0;0.0;130776.0;49416.0
08467115000100;CEEE-D;2018-11;47.7968;19.3546;0.0;47.2103;19.8783;0.0;0;0;1;168744.0;0.0;132306.0;36438.0;173870.0;0.0;135247.0;38623.0
08467115000100;CEEE-D;2018-12;47.0074;20.1608;0.0;45.7663;21.4779;0.0;0;0;1;173070.0;0.0;134022.0;39048.0;183877.0;0.0;139723.0;44154.0
08467115000100;CEEE-D;2019-01;32.2247;26.5327;0.0;29.8442;29.2726;0.0;0;0;1;177447.0;0.0;126568.0;50879.0;210966.0;0.0;144146.0;66820.0
08467115000100;CEEE-D;2019-02;34.5824;28.4192;0.0;33.7326;29.6157;0.0;0;0;1;160358.0;0.0;111311.0;49047.0;171685.0;0.0;116871.0;54814.0
08467115000100;CEEE-D;2019-03;41.4341;25.5753;0.0;41.0794;25.9615;0.0;0;0;1;152346.0;0.0;110214.0;42132.0;156548.0;0.0;112557.0;43991.0
08467115000100;CEEE-D;2019-04;38.9299;26.0811;0.0;38.9401;26.1681;0.0;0;0;1;156200.0;0.0;111976.0;44224.0;159428.0;0.0;114060.0;45368.0
08467115000100;CEEE-D;2019-05;41.9808;24.1239;0.0;41.8863;24.1554;0.0;0;0;1;155294.0;0.0;114629.0;40665.0;156888.0;0.0;115729.0;41159.0
08467115000100;CEEE-D;2019-06;91.7729;0.6852;0.0;88.6747;1.3565;0.0;1;1;1;136424.0;0.0;135094.0;1330.0;146472.0;0.0;143837.0;2635.0
08467115000100;CEEE-D;2019-07;94.9814;0.5271;0.0;84.5942;2.1447;0.0;1;1;1;156618.0;0.0;155514.0;1104.0;187347.0;0.0;182412.0;4935.0
08467115000100;CEEE-D;2019-08;97.0821;0.4121;0.0;94.4666;1.123;0.0;1;1;1;150655.0;0.0;149832.0;823.0;159974.0;0.0;157785.0;2189.0
08467115000100;CEEE-D;2019-09;95.5266;0.6762;0.0;90.1005;1.3801;0.0;1;1;1;137319.0;0.0;136171.0;1148.0;154539.0;0.0;151852.0;2687.0
08467115000100;CEEE-D;2019-10;87.8136;1.5056;0.0;64.625;8.8496;0.0;1;1;1;145998.0;0.0;143073.0;2925.0;239804.0;0.0;215476.0;24328.0
08467115000100;CEEE-D;2019-11;89.22;1.5767;0.0;81.084;4.387;0.0;1;1;1;150012.0;0.0;147005.0;3007.0;173918.0;0.0;165028.0;8890.0
08467115000100;CEEE-D;2019-12;87.4913;3.3002;0.0;72.7364;8.8816;0.0;1;1;1;147806.0;0.0;142112.0;5694.0;195799.0;0.0;176080.0;19719.0
08467115000100;CEEE-D;2020-01;78.014;6.7711;0.0;60.9934;12.165;0.0;0;0;1;147485.0;0.0;136447.0;11038.0;224800.0;0.0;194760.0;30040.0
08467115000100;CEEE-D;2020-02;93.4879;0.6638;0.0;88.3461;2.8313;0.0;1;1;1;147292.0;0.0;145906.0;1386.0;162365.0;0.0;156977.0;5388.0
08467115000100;CEEE-D;2020-03;81.5227;2.5509;0.0;78.1503;3.6623;0.0;0;1;1;154405.0;0.0;149444.0;4961.0;175070.0;0.0;167224.0;7846.0
08467115000100;CEEE-D;2020-04;39.385;10.7979;0.0118;32.8546;13.332;0.0171;0;0;1;144047.0;17.0;126593.0;17454.0;204350.0;35.0;174032.0;30318.0
08467115000100;CEEE-D;2020-05;60.6925;2.5894;0.0279;58.2872;2.6916;0.0232;0;1;1;129008.0;36.0;124181.0;4827.0;215782.0;50.0;207441.0;8341.0
08467115000100;CEEE-D;2020-06;72.2334;3.5071;0.0;58.6829;4.1708;0.0;0;1;1;92349.0;0.0;88126.0;4223.0;241778.0;0.0;228754.0;13024.0
08467115000100;CEEE-D;2020-07;87.3711;3.191;0.0;65.6648;5.2306;0.0;1;1;1;70221.0;0.0;67412.0;2809.0;310370.0;0.0;290453.0;19917.0
08467115000100;CEEE-D;2020-08;96.6995;0.3277;0.0;73.6364;1.259;0.0;1;1;1;80475.0;0.0;79695.0;780.0;251786.0;0.0;245957.0;5829.0
08467115000100;CEEE-D;2020-09;90.4918;0.9699;0.0;60.6338;4.0428;0.0;1;1;1;50101.0;0.0;49212.0;889.0;325710.0;0.0;308414.0;17296.0
08467115000100;CEEE-D;2020-10;88.6382;1.1681;0.0;46.1335;3.7171;0.0;1;1;1;52712.0;0.0;51696.0;1016.0;307643.0;0.0;292337.0;15306.0
08467115000100;CEEE-D;2020-11;94.4044;0.5342;0.0;45.9249;4.1562;0.0;1;1;1;57408.0;0.0;56793.0;615.0;274013.0;0.0;259410.0;14603.0
08467115000100;CEEE-D;2020-12;92.7446;0.9291;0.0;50.7309;7.3968;0.0;1;1;1;57463.0;0.0;56517.0;946.0;332856.0;0.0;303559.0;29297.0
08467115000100;CEEE-D;2021-01;70.9207;1.1859;0.0;65.2492;5.0446;0.0;0;1;1;304226.0;0.0;297547.0;6679.0;385426.0;0.0;361063.0;24363.0
08467115000100;CEEE-D;2021-02;88.9291;0.5373;0.0;84.077;1.8292;0.0;1;1;1;280294.0;0.0;276729.0;3565.0;328768.0;0.0;319765.0;9003.0
08467115000100;CEEE-D;2021-03;94.1503;0.1787;0.0;92.8837;0.6864;0.0;1;1;1;331279.0;0.0;328403.0;2876.0;350514.0;0.0;345489.0;5025.0
08467115000100;CEEE-D;2021-04;91.2058;0.3188;0.0;88.8948;1.0908;0.0;1;1;1;306473.0;0.0;303615.0;2858.0;331692.0;0.0;325793.0;5899.0
08467115000100;CEEE-D;2021-05;84.8122;0.7475;0.0;79.5039;2.7933;0.0;0;1;1;317555.0;0.0;313105.0;4450.0;390602.0;0.0;376228.0;14374.0
08467115000100;CEEE-D;2021-06;77.9814;1.1995;0.0;76.0492;1.6273;0.0;0;1;1;330201.0;0.0;323953.0;6248.0;370680.0;0.0;361926.0;8754.0
08467115000100;CEEE-D;2021-07;92.4229;0.5493;0.0;86.3161;1.882;0.0;1;1;1;310581.0;0.0;304137.0;6444.0;385450.0;0.0;369787.0;15663.0
08467115000100;CEEE-D;2021-08;97.2388;0.1277;0.0;96.2348;0.1854;0.0;1;1;1;304544.0;0.0;301219.0;3325.0;366808.0;0.0;361752.0;5056.0
08467115000100;CEEE-D;2021-09;93.3549;0.4976;0.0;89.0344;1.4457;0.0;1;1;1;273569.0;0.0;268346.0;5223.0;378809.0;0.0;365319.0;13490.0
08467115000100;CEEE-D;2021-10;96.4987;0.2461;0.0;96.142;0.2725;0.0;1;1;1;298762.0;0.0;295534.0;3228.0;322524.0;0.0;318725.0;3799.0
08467115000100;CEEE-D;2021-11;90.6288;1.3486;0.0;82.9933;3.3507;0.0;1;1;1;265351.0;0.0;258081.0;7270.0;339580.0;0.0;320835.0;18745.0
08467115000100;CEEE-D;2021-12;89.7113;0.9907;0.0;88.0168;1.1858;0.0;1;1;1;292681.0;0.0;285113.0;7568.0;311503.0;0.0;302087.0;9416.0
08467115000100;CEEE-D;2022-01;50.6481;5.1008;0.0;43.2902;9.4225;0.0;0;0;1;330464.0;0.0;298626.0;31838.0;426826.0;0.0;363405.0;63421.0
08467115000100;CEEE-D;2022-02;85.5206;0.9093;0.0;82.9974;2.1562;0.0;1;1;1;290776.0;0.0;282132.0;8644.0;308848.0;0.0;294500.0;14348.0
08467115000100;CEEE-D;2022-03;86.019;1.3702;0.0;69.5256;7.7886;0.0;1;1;1;295638.0;0.0;285548.0;10090.0;409280.0;0.0;362919.0;46361.0
08467115000100;CEEE-D;2022-04;98.1471;0.0992;0.0;96.3546;0.5805;0.0;1;1;1;261959.0;0.0;259772.0;2187.0;277629.0;0.0;272833.0;4796.0
08467115000100;CEEE-D;2022-05;97.3195;0.167;0.0;90.1685;1.2552;0.0;1;1;1;262775.0;0.0;260602.0;2173.0;321253.0;0.0;311999.0;9254.0
08467115000100;CEEE-D;2022-06;93.1856;0.3635;0.0;92.3508;0.6388;0.0;1;1;1;277046.0;0.0;272749.0;4297.0;282342.0;0.0;276878.0;5464.0
08467115000100;CEEE-D;2022-07;88.9461;0.6161;0.0;85.4087;1.8508;0.0;1;1;1;286378.0;0.0;278886.0;7492.0;309038.0;0.0;295174.0;13864.0
08467115000100;CEEE-D;2022-08;79.7931;2.9198;0.0;77.793;4.0553;0.0;0;1;1;290840.0;0.0;274532.0;16308.0;311275.0;0.0;286249.0;25026.0
08467115000100;CEEE-D;2022-09;90.458;1.1781;0.0;90.1484;1.1043;0.0;1;1;1;270527.0;0.0;265230.0;5298.0;320193.0;0.0;311286.0;8908.0
08467115000100;CEEE-D;2022-10;82.1975;1.5984;0.0;80.8649;2.2783;0.0;0;1;1;322261.0;0.0;315560.0;6701.0;345029.0;0.0;335122.0;9907.0
08467115000100;CEEE-D;2022-11;91.4727;0.8205;0.0;90.227;1.0608;0.0;1;1;1;298925.0;0.0;295668.0;3257.0;314325.0;0.0;310038.0;4287.0
08467115000100;CEEE-D;2022-12;91.9292;0.4071;0.0;88.7382;1.3216;0.0;1;1;1;315767.0;0.0;313643.0;2124.0;349137.0;0.0;343252.0;5885.0
08467115000100;CEEE-D;2023-01;95.7449;0.2787;0.0;88.4571;3.0191;0.0;1;1;1;313498.0;0.0;312000.0;1498.0;376217.0;0.0;363630.0;12587.0
08467115000100;CEEE-D;2023-02;97.1459;0.1705;0.0;92.0013;2.1689;0.0;1;1;1;291542.0;0.0;290492.0;1050.0;334215.0;0.0;325890.0;8325.0
08467115000100;CEEE-D;2023-03;97.7472;0.2724;0.0;96.7836;0.7372;0.0;1;1;1;318192.0;0.0;316739.0;1453.0;325317.0;0.0;322194.0;3123.0
08467115000100;CEEE-D;2023-04;95.8221;0.3096;0.0;84.645;1.4626;0.0;1;1;1;235992.0;0.0;234080.0;1912.0;331404.0;0.0;307086.0;24318.0
08467115000100;CEEE-D;2023-05;91.0439;0.8024;0.0;86.311;2.2833;0.0;1;1;1;303074.0;0.0;298929.0;4145.0;330108.0;0.0;320075.0;10033.0
08467115000100;CEEE-D;2023-06;92.8379;1.1163;0.0;60.024;12.0598;0.0;1;1;1;224085.0;0.0;220932.0;3153.0;385033.0;0.0;335148.0;49885.0
08467115000100;CEEE-D;2023-07;89.0239;0.9833;0.0;63.4677;10.986;0.0;1;1;1;255075.0;0.0;251446.0;3629.0;406107.0;0.0;357686.0;48421.0
08467115000100;CEEE-D;2023-08;88.5702;0.9664;0.0;88.1375;1.0571;0.0;1;1;1;208685.0;0.0;201156.0;7529.0;215127.0;0.0;207044.0;8083.0
08467115000100;CEEE-D;2023-09;93.375;1.7319;0.0;84.381;4.4401;0.0;1;1;1;247247.0;0.0;241658.0;5589.0;321483.0;0.0;304342.0;17141.0
08467115000100;CEEE-D;2023-10;96.1823;0.1921;0.0;95.4191;0.3761;0.0;1;1;1;248805.0;0.0;247367.0;1438.0;252627.0;0.0;250576.0;2051.0
08467115000100;CEEE-D;2023-11;95.8243;0.5638;0.0;77.6989;10.005;0.0;1;1;1;253747.0;0.0;250108.0;3639.0;348260.0;0.0;301235.0;47025.0
08467115000100;CEEE-D;2023-12;92.4739;1.2572;0.0;75.0182;8.9877;0.0;1;1;1;275246.0;0.0;269091.0;6155.0;362628.0;0.0;324083.0;38545.0
08467115000100;CEEE-D;2024-01;95.492;0.7174;0.0;58.9587;21.5944;0.0;1;1;1;257244.0;0.0;252852.0;4392.0;451648.0;0.0;337674.0;113974.0
08467115000100;CEEE-D;2024-02;96.923;0.5569;0.0;91.9647;3.4647;0.0;1;1;1;337177.0;0.0;247687.0;2861.0;376496.0;0.0;262382.0;12151.0
08467115000100;CEEE-D;2024-03;95.9297;0.618;0.0;61.0273;20.4119;0.0;1;1;1;326642.0;0.0;231882.0;2397.0;719990.0;0.0;365537.0;106091.0
08467115000100;CEEE-D;2024-04;92.9295;1.8451;0.0;92.1704;2.3725;0.0;1;1;1;216516.0;0.0;129216.0;3652.0;219919.0;0.0;130401.0;4472.0
08467115000100;CEEE-D;2024-05;74.1924;11.8284;0.0;52.2903;25.2156;0.0;0;0;1;408469.0;0.0;250798.0;36848.0;681791.0;0.0;374290.0;137121.0
08467115000100;CEEE-D;2024-06;79.7472;10.936;0.0;62.8934;23.453;0.0;0;0;1;314766.0;0.0;204938.0;27141.0;395192.0;0.0;230219.0;74572.0
08467115000100;CEEE-D;2024-07;93.2429;0.5143;0.0;92.0241;0.9872;0.0;1;1;1;306285.0;0.0;217800.0;2010.0;315746.0;0.0;222359.0;3305.0
08467115000100;CEEE-D;2024-08;97.2227;0.4186;0.0;97.192;0.4253;0.0;1;1;1;316890.0;0.0;223377.0;1675.0;319061.0;0.0;224784.0;1704.0
08467115000100;CEEE-D;2024-09;86.315;2.6488;0.0;72.996;9.5766;0.0;1;1;1;350595.0;0.0;245324.0;8768.0;541417.0;0.0;340605.0;42150.0
08467115000100;CEEE-D;2024-10;86.1433;2.6086;0.0;76.7613;7.3478;0.0;1;1;1;382529.0;0.0;262092.0;8972.0;476449.0;0.0;299589.0;28017.0
08467115000100;CEEE-D;2024-11;89.2353;1.5666;0.0;86.6885;2.8131;0.0;1;1;1;350638.0;0.0;251765.0;5623.0;382129.0;0.0;266749.0;9906.0
08467115000100;CEEE-D;2024-12;89.7905;1.3509;0.0;57.184;23.017;0.0;1;1;1;300658.0;0.0;216015.0;4011.0;645709.0;0.0;326809.0;107310.0
08467115000100;CEEE-D;2025-01;88.1053;1.4402;0.0;82.4938;4.2504;0.0;1;1;1;340762.0;0.0;248348.0;5053.0;399915.0;0.0;275913.0;14594.0
08467115000100;CEEE-D;2025-02;81.6386;3.1344;0.0;73.508;7.3636;0.0;0;1;1;289982.0;0.0;230455.0;9365.0;361113.0;0.0;263534.0;24455.0
08467115000100;CEEE-D;2025-03;93.3537;1.2102;0.0;86.0185;4.7645;0.0;1;1;1;266712.0;0.0;195179.0;3102.0;319188.0;0.0;211778.0;12477.0
08467115000100;CEEE-D;2025-04;92.1415;1.6756;0.0;84.8161;5.8309;0.0;1;1;1;286181.0;0.0;197751.0;4126.0;319926.0;0.0;209916.0;14419.0
08467115000100;CEEE-D;2025-05;92.4116;0.7825;0.0;90.2409;1.2049;0.0;1;1;1;309333.0;0.0;216429.0;2615.0;330667.0;0.0;227775.0;4029.0
08467115000100;CEEE-D;2025-06;87.3113;2.1314;0.0;81.8358;5.4559;0.0;1;1;1;318506.0;0.0;220084.0;5928.0;359263.0;0.0;237284.0;15435.0
08467115000100;CEEE-D;2025-07;81.3326;5.0839;0.0;67.5653;11.5495;0.0;0;0;1;283060.0;0.0;195960.0;11860.0;459944.0;0.0;279469.0;41125.0
08467115000100;CEEE-D;2025-08;92.7384;1.1455;0.0;91.4615;1.5058;0.0;1;1;1;337903.0;0.0;235430.0;3566.0;379210.0;0.0;259279.0;5079.0
08467115000100;CEEE-D;2025-09;91.2284;1.2684;0.0;91.239;1.2666;0.0;1;1;1;303947.0;0.0;214918.0;3665.0;304458.0;0.0;215227.0;3668.0
08467115000100;CEEE-D;2025-10;89.1339;1.7851;0.0;89.0901;1.8016;0.0;1;1;1;305291.0;0.0;215563.0;4916.0;306617.0;0.0;216119.0;4980.0
08467115000100;CEEE-D;2025-11;88.7164;2.0986;0.0;76.7218;9.365;0.0;1;1;1;270288.0;0.0;191038.0;4945.0;369573.0;0.0;224561.0;25931.0
08467115000100;CEEE-D;2025-12;67.3711;10.9349;0.0;56.3981;19.8305;0.0;0;0;1;318864.0;0.0;198600.0;26704.0;452332.0;0.0;240029.0;64592.0
08467115000100;CEEE-D;2026-01;57.7101;17.6396;0.0;56.0798;18.6617;0.0;0;0;1;290978.0;0.0;184395.0;41973.0;366361.0;0.0;226572.0;55411.0
08467115000100;CEEE-D;2026-02;92.7021;1.2198;0.0;85.3812;4.6031;0.0;1;1;1;268958.0;0.0;192650.0;3301.0;322513.0;0.0;214459.0;12201.0
08467115000100;CEEE-D;2026-03;91.853;2.4945;0.0;89.117;3.6904;0.0;1;1;1;281031.0;0.0;204274.0;6037.0;310807.0;0.0;218097.0;9432.0
08467115000100;CEEE-D;2026-04;90.686;4.4187;0.0;85.961;6.4586;0.0;1;0;1;271535.0;0.0;182738.0;9082.0;318247.0;0.0;205472.0;15110.0
08467115000100;CEEE-D;2026-05;89.5824;4.3659;0.0;79.4872;9.2391;0.0;1;0;1;286804.0;0.0;184988.0;9488.0;371520.0;0.0;222947.0;24929.0
08467115000100;CEEE-D;2026-06;96.7048;0.4474;0.0;96.309;0.6314;0.0;1;1;1;293408.0;0.0;190937.0;1709.0;295019.0;0.0;191686.0;2106.0
08467115000100;CEEE-D;2026-07;98.1391;0.0799;0.0;98.1414;0.0793;0.0;1;1;1;339692.0;0.0;208822.0;1567.0;343517.0;0.0;210423.0;2031.0
09095183000140;EPB;2014-01;89.0244;1.7136;0.5684;75.0949;7.2706;16.0876;1;1;1;179630.0;1021.0;114427.0;2064.0;259100.0;41683.0;138075.0;11613.0
09095183000140;EPB;2014-02;85.2653;2.5498;0.4119;69.7228;10.877;9.4853;1;1;1;165586.0;682.0;103649.0;2908.0;212339.0;20141.0;129452.0;17043.0
09095183000140;EPB;2014-03;86.1322;2.9095;0.2686;60.8108;15.2912;3.2298;1;1;1;159365.0;428.0;102147.0;3306.0;247973.0;8009.0;145201.0;28430.0
09095183000140;EPB;2014-04;87.283;2.0496;0.0013;60.1971;14.6768;0.0008;1;1;1;153318.0;2.0;98112.0;2191.0;246610.0;2.0;148488.0;27534.0
09095183000140;EPB;2014-05;89.3011;1.4544;2.6359;80.0848;5.1568;15.9299;1;1;0;197467.0;5205.0;123185.0;1920.0;277152.0;44150.0;148128.0;9028.0
09095183000140;EPB;2014-06;88.5994;1.7873;3.0878;74.2352;8.0705;9.7965;1;1;0;187286.0;5783.0;108855.0;2043.0;260695.0;25539.0;141326.0;13467.0
09095183000140;EPB;2014-07;87.2143;2.5393;1.1351;69.4824;11.3691;4.5174;1;1;1;186414.0;2116.0;108348.0;2972.0;284364.0;12846.0;156859.0;21805.0
09095183000140;EPB;2014-08;87.2391;2.8602;0.0;80.2612;6.4184;0.0;1;1;1;185830.0;0.0;114999.0;3454.0;222131.0;0.0;136631.0;9824.0
09095183000140;EPB;2014-09;84.3949;4.2739;0.0;53.1862;21.4496;0.0;0;0;1;135967.0;0.0;86567.0;4118.0;262315.0;0.0;154504.0;44516.0
09095183000140;EPB;2014-10;89.1843;2.4378;0.0;76.9191;8.8506;0.0;1;1;1;170648.0;0.0;109896.0;2852.0;242984.0;0.0;154644.0;16204.0
09095183000140;EPB;2014-11;77.5979;6.6557;0.0;36.8881;29.5416;0.0;0;0;1;95433.0;0.0;59114.0;4316.0;265567.0;0.0;144704.0;63850.0
09095183000140;EPB;2014-12;80.2507;6.5299;0.0;51.2678;21.1193;0.0;0;0;1;130427.0;0.0;80160.0;5788.0;261062.0;0.0;152874.0;42699.0
09095183000140;EPB;2015-01;40.8038;17.7098;0.0;37.648;21.7885;0.0;0;0;1;238366.0;0.0;124055.0;38736.0;285837.0;0.0;143414.0;57265.0
09095183000140;EPB;2015-02;57.7006;9.6635;0.0;52.9871;14.0214;0.0;0;0;1;208877.0;0.0;126080.0;20573.0;238604.0;0.0;138821.0;32047.0
09095183000140;EPB;2015-03;85.6395;1.8304;0.0;75.5098;7.6212;0.0;1;1;1;237379.0;0.0;153709.0;5806.0;297291.0;0.0;183685.0;21228.0
09095183000140;EPB;2015-04;91.9066;0.5673;0.0;89.9797;1.6587;0.0;1;1;1;225908.0;0.0;145647.0;3434.0;249196.0;0.0;159608.0;5853.0
09095183000140;EPB;2015-05;95.5851;0.121;0.0;95.4074;0.1864;0.0;1;1;1;239148.0;0.0;155151.0;1432.0;251859.0;0.0;163892.0;1637.0
09095183000140;EPB;2015-06;93.8996;0.5543;0.0;93.2724;0.6427;0.0;1;1;1;209224.0;0.0;143878.0;1980.0;219155.0;0.0;151806.0;2301.0
09095183000140;EPB;2015-07;86.8024;1.2216;0.0;84.7114;2.2563;0.0;1;1;1;245877.0;0.0;164473.0;4408.0;274253.0;0.0;182942.0;7807.0
09095183000140;EPB;2015-08;95.2316;0.3562;0.2123;94.9352;0.3945;0.8158;1;1;1;212873.0;452.0;137648.0;1262.0;216957.0;1770.0;139631.0;1346.0
09095183000140;EPB;2015-09;95.1211;0.3521;0.0909;95.1714;0.348;0.0897;1;1;1;201231.0;183.0;129899.0;1260.0;203942.0;183.0;132020.0;1274.0
09095183000140;EPB;2015-10;94.0353;0.4136;0.665;93.0307;0.9421;0.6685;1;1;1;209780.0;1395.0;133886.0;1454.0;212105.0;1418.0;135852.0;2332.0
09095183000140;EPB;2015-11;87.2965;1.3685;0.388;86.6642;1.6739;0.4823;1;1;1;216996.0;842.0;138885.0;3340.0;221040.0;1066.0;141327.0;3911.0
09095183000140;EPB;2015-12;63.4559;10.3877;28.3361;49.207;16.7347;36.2658;0;0;0;342083.0;96933.0;144852.0;20822.0;567099.0;205663.0;208279.0;51949.0
09095183000140;EPB;2016-01;90.3002;1.4757;0.9737;66.5667;13.968;22.1973;1;1;1;208377.0;2029.0;131060.0;3267.0;404634.0;89818.0;180225.0;36772.0
09095183000140;EPB;2016-02;88.4967;2.0664;0.4849;68.9205;12.0711;14.114;1;1;1;194460.0;943.0;123174.0;4095.0;292419.0;41272.0;148446.0;25855.0
09095183000140;EPB;2016-03;91.4728;1.469;0.0;79.3286;6.7159;0.0;1;1;1;223552.0;0.0;144609.0;3416.0;268708.0;0.0;168180.0;15724.0
09095183000140;EPB;2016-04;92.4727;0.9012;0.0;80.5277;9.9625;0.0;1;1;1;220045.0;0.0;143725.0;2311.0;266667.0;0.0;161475.0;21712.0
09095183000140;EPB;2016-05;93.0524;0.9286;0.0;90.8322;1.7748;0.0;1;1;1;229564.0;0.0;153208.0;2526.0;241955.0;0.0;160112.0;4358.0
09095183000140;EPB;2016-06;92.5388;1.2003;0.0;91.0292;1.4982;0.0;1;1;1;229831.0;0.0;150797.0;3058.0;243149.0;0.0;158841.0;3824.0
09095183000140;EPB;2016-07;95.1771;0.4299;0.0;94.6461;0.7337;0.0;1;1;1;236253.0;0.0;154942.0;1616.0;244786.0;0.0;160063.0;2202.0
09095183000140;EPB;2016-08;96.4922;0.5136;0.0;95.324;0.7851;0.0;1;1;1;245890.0;0.0;155536.0;1631.0;256344.0;0.0;161764.0;2210.0
09095183000140;EPB;2016-09;95.8597;0.5269;0.0;93.7498;1.7243;0.0;1;1;1;289683.0;0.0;143674.0;1493.0;301649.0;0.0;148870.0;3621.0
09095183000140;EPB;2016-10;93.645;0.4603;0.0;90.5905;0.8406;0.0;1;1;1;235097.0;0.0;156554.0;1564.0;250665.0;0.0;166568.0;2592.0
09095183000140;EPB;2016-11;89.6133;1.2001;0.0;88.1702;1.7985;0.0;1;1;1;252999.0;0.0;160460.0;3367.0;268638.0;0.0;170689.0;4766.0
09095183000140;EPB;2016-12;90.2474;1.1119;0.0;85.6328;2.4472;0.0;1;1;1;218612.0;0.0;156171.0;3219.0;267643.0;0.0;191464.0;7203.0
09095183000140;EPB;2017-01;91.0863;0.8111;0.0;89.0038;1.2112;0.0;1;1;1;278336.0;0.0;160451.0;2869.0;302482.0;0.0;175609.0;4122.0
09095183000140;EPB;2017-02;91.6912;1.2084;0.0;88.7999;2.2441;0.0;1;1;1;213801.0;0.0;140694.0;3815.0;239879.0;0.0;159481.0;6430.0
09095183000140;EPB;2017-03;90.0734;1.5529;0.0;86.641;2.5916;0.0;1;1;1;216317.0;0.0;158233.0;4759.0;286316.0;0.0;177069.0;7930.0
09095183000140;EPB;2017-04;89.4414;1.7357;0.0005;87.7621;2.8672;0.0005;1;1;1;185534.0;1.0;136267.0;9001.0;215959.0;1.0;154415.0;12539.0
09095183000140;EPB;2017-05;94.6263;0.9207;0.0;94.1706;1.0388;0.0;1;1;1;198586.0;0.0;158952.0;3545.0;207831.0;0.0;165859.0;3928.0
09095183000140;EPB;2017-06;95.6681;0.8638;0.0;93.9303;1.8694;0.0;1;1;1;190352.0;0.0;155847.0;2697.0;204742.0;0.0;165619.0;4810.0
09095183000140;EPB;2017-07;89.7072;2.1496;0.0;79.6711;6.2807;0.0;1;1;1;201162.0;0.0;153543.0;5037.0;266472.0;0.0;193387.0;16444.0
09095183000140;EPB;2017-08;93.7745;1.0861;0.0;93.2471;1.31;0.0;1;1;1;213312.0;0.0;160379.0;2915.0;224182.0;0.0;168753.0;3549.0
09095183000140;EPB;2017-09;88.4158;2.1712;0.0;86.8882;2.8129;0.0;1;1;1;204355.0;0.0;157972.0;5175.0;222400.0;0.0;170473.0;6918.0
09095183000140;EPB;2017-10;86.8519;2.5642;0.0;84.0344;3.2963;0.0;1;1;1;202831.0;0.0;154008.0;5649.0;229792.0;0.0;172679.0;7946.0
09095183000140;EPB;2017-11;87.1227;2.4161;0.0;79.8384;3.8617;0.0;1;1;1;193251.0;0.0;148309.0;5174.0;238980.0;0.0;179320.0;9553.0
09095183000140;EPB;2017-12;88.3982;1.8418;0.0;84.8431;3.0721;0.0;1;1;1;200866.0;0.0;151039.0;4215.0;243230.0;0.0;181042.0;7900.0
09095183000140;EPB;2018-01;88.8902;1.2676;0.0;84.8461;2.0387;0.0;1;1;1;227895.0;0.0;177429.0;3889.0;260877.0;0.0;201761.0;6462.0
09095183000140;EPB;2018-02;91.3083;1.2993;0.0;88.1064;2.7703;0.0;1;1;1;199441.0;0.0;152156.0;3361.0;226044.0;0.0;169483.0;6740.0
09095183000140;EPB;2018-03;90.6228;1.3285;0.0;85.841;2.7038;0.0;1;1;1;210475.0;0.0;157458.0;3469.0;244716.0;0.0;178630.0;7112.0
09095183000140;EPB;2018-04;92.6942;0.6779;0.0;91.9998;0.9061;0.0;1;1;1;214098.0;0.0;165111.0;2248.0;231895.0;0.0;178587.0;2927.0
09095183000140;EPB;2018-05;92.0584;1.0543;0.0;91.3285;1.347;0.0;1;1;1;203566.0;0.0;157758.0;2857.0;208294.0;0.0;160980.0;3473.0
09095183000140;EPB;2018-06;92.8314;0.5428;0.0005;92.4644;0.5976;0.0005;1;1;1;197733.0;1.0;154099.0;1937.0;201753.0;1.0;157027.0;2091.0
09095183000140;EPB;2018-07;91.8453;1.0546;0.0;91.1423;1.3181;0.0;1;1;1;215818.0;0.0;171034.0;3451.0;224148.0;0.0;177206.0;4125.0
09095183000140;EPB;2018-08;87.2198;1.9775;0.0;85.9997;2.5078;0.0;1;1;1;232427.0;0.0;172503.0;5667.0;239240.0;0.0;176576.0;7024.0
09095183000140;EPB;2018-09;88.7576;0.8722;0.0;88.6098;0.9143;0.0;1;1;1;216765.0;0.0;169690.0;3133.0;221546.0;0.0;173515.0;3315.0
09095183000140;EPB;2018-10;86.7241;1.1574;0.0;84.7751;1.4288;0.0;1;1;1;238755.0;0.0;187032.0;4040.0;270545.0;0.0;210688.0;5430.0
09095183000140;EPB;2018-11;89.114;1.0017;0.0;88.5824;1.26;0.0;1;1;1;232937.0;0.0;176307.0;3375.0;251352.0;0.0;189729.0;4187.0
09095183000140;EPB;2018-12;88.9351;1.4091;0.0;77.8054;5.0642;0.0;1;1;1;208587.0;0.0;160571.0;3780.0;270942.0;0.0;197305.0;13647.0
09095183000140;EPB;2019-01;89.4462;0.9851;0.0004;80.5848;4.708;0.0003;1;1;1;236716.0;1.0;179420.0;3495.0;296100.0;1.0;213557.0;13772.0
09095183000140;EPB;2019-02;89.3158;1.8325;0.0;77.6879;8.114;0.0;1;1;1;189153.0;0.0;143298.0;3993.0;245422.0;0.0;172924.0;18436.0
09095183000140;EPB;2019-03;87.4818;1.2215;0.0;80.6742;4.4203;0.0;1;1;1;206724.0;0.0;154935.0;3527.0;247622.0;0.0;179623.0;10876.0
09095183000140;EPB;2019-04;89.3593;1.0517;0.0005;88.0051;1.9421;0.0005;1;1;1;200236.0;1.0;157024.0;2840.0;207757.0;1.0;161316.0;4525.0
09095183000140;EPB;2019-05;89.0775;0.8183;0.0005;88.3054;1.0708;0.0005;1;1;1;186841.0;1.0;149937.0;2406.0;192163.0;1.0;153546.0;2944.0
09095183000140;EPB;2019-06;91.4047;0.9571;0.0;89.0668;2.0682;0.0;1;1;1;176034.0;0.0;140534.0;2311.0;191173.0;0.0;150294.0;4384.0
09095183000140;EPB;2019-07;89.0637;1.1537;0.0;88.2303;1.6494;0.0;1;1;1;206067.0;0.0;164508.0;3112.0;212731.0;0.0;168571.0;4146.0
09095183000140;EPB;2019-08;89.1503;1.3269;0.0005;88.3228;1.7761;0.0005;1;1;1;193870.0;1.0;160628.0;3433.0;197169.0;1.0;162369.0;4309.0
09095183000140;EPB;2019-09;89.3698;1.6248;0.0;88.4981;2.0805;0.0;1;1;1;179956.0;0.0;144885.0;3538.0;182524.0;0.0;146046.0;4327.0
09095183000140;EPB;2019-10;85.7189;1.664;0.0;82.4105;4.1155;0.0;1;1;1;209773.0;0.0;170078.0;4559.0;221202.0;0.0;174227.0;9758.0
09095183000140;EPB;2019-11;89.4403;1.3519;0.0;88.1341;2.1327;0.0;1;1;1;194375.0;0.0;161335.0;3437.0;199049.0;0.0;163735.0;4961.0
09095183000140;EPB;2019-12;88.7072;1.2995;0.0;84.8593;3.9227;0.0;1;1;1;207779.0;0.0;169227.0;3681.0;225907.0;0.0;177449.0;9616.0
09095183000140;EPB;2020-01;92.8816;1.0722;0.0005;86.3915;3.7701;0.0004;1;1;1;198879.0;1.0;157777.0;2892.0;241370.0;1.0;185487.0;9587.0
09095183000140;EPB;2020-02;92.2359;1.6469;0.0006;77.3638;11.1591;0.0008;1;1;1;171731.0;1.0;133175.0;3435.0;241929.0;2.0;165906.0;25359.0
09095183000140;EPB;2020-03;89.6395;1.7975;0.0;68.5877;15.8444;0.0;1;1;1;175168.0;0.0;138169.0;4024.0;314042.0;0.0;207563.0;46738.0
09095183000140;EPB;2020-04;80.3826;8.8996;0.0;54.7633;19.9604;0.0;0;0;1;124282.0;0.0;85526.0;9629.0;329034.0;0.0;208881.0;58842.0
09095183000140;EPB;2020-05;33.9404;21.8144;0.0;21.0734;36.753;0.0003;0;0;1;95591.0;0.0;56192.0;17561.0;286750.0;1.0;143644.0;91613.0
09095183000140;EPB;2020-06;92.5604;2.1142;0.0;61.6772;13.0113;0.0003;1;1;1;119550.0;0.0;93338.0;2615.0;311746.0;1.0;221562.0;38269.0
09095183000140;EPB;2020-07;91.0585;1.5613;0.0;62.3103;13.7116;0.0;1;1;1;140564.0;0.0;115189.0;2837.0;299755.0;0.0;224386.0;42446.0
09095183000140;EPB;2020-08;93.0707;2.0921;0.0006;78.9034;7.9995;0.0005;1;1;1;166245.0;1.0;135389.0;3969.0;209780.0;1.0;159217.0;16941.0
09095183000140;EPB;2020-09;94.2457;1.5351;0.0006;92.6427;2.2165;0.0006;1;1;1;165917.0;1.0;133162.0;3017.0;170912.0;1.0;135790.0;4236.0
09095183000140;EPB;2020-10;89.9254;1.8092;0.0011;89.1586;2.1726;0.001;1;1;1;185021.0;2.0;142463.0;3868.0;192867.0;2.0;148049.0;4651.0
09095183000140;EPB;2020-11;93.719;1.1151;0.0018;87.6015;4.6062;0.0022;1;1;1;165894.0;3.0;133726.0;2456.0;185041.0;4.0;144639.0;9204.0
09095183000140;EPB;2020-12;94.938;1.1394;0.0;93.3081;2.3189;0.0;1;1;1;171389.0;0.0;132667.0;2348.0;178813.0;0.0;135342.0;4291.0
09095183000140;EPB;2021-01;92.5705;1.2812;0.0;92.5615;1.2783;0.0;1;1;1;180765.0;0.0;143158.0;2787.0;182657.0;0.0;144490.0;2818.0
09095183000140;EPB;2021-02;91.8186;1.4397;0.0;90.9705;1.8762;0.0;1;1;1;179549.0;0.0;143491.0;3122.0;186494.0;0.0;148063.0;4027.0
09095183000140;EPB;2021-03;90.81;1.8637;0.0;89.23;2.9054;0.0;1;1;1;215885.0;0.0;161022.0;4429.0;224547.0;0.0;164952.0;6647.0
09095183000140;EPB;2021-04;89.6515;2.0863;0.0;89.0223;2.5682;0.0;1;1;1;193935.0;0.0;142578.0;4943.0;200350.0;0.0;146249.0;5873.0
09095183000140;EPB;2021-05;91.6404;1.2232;0.0;90.6568;1.6417;0.0;1;1;1;183250.0;0.0;135423.0;2799.0;188199.0;0.0;138096.0;3532.0
09095183000140;EPB;2021-06;89.3909;1.6069;0.0;88.6512;1.9592;0.0;1;1;1;183261.0;0.0;127236.0;2977.0;185846.0;0.0;128503.0;3529.0
09095183000140;EPB;2021-07;92.2291;1.0123;0.0;92.13;1.0297;0.0;1;1;1;198640.0;0.0;135332.0;2279.0;199211.0;0.0;135717.0;2320.0
09095183000140;EPB;2021-08;91.9869;2.0723;0.0005;91.9622;2.077;0.0005;1;1;1;202197.0;1.0;129432.0;3619.0;202546.0;1.0;129650.0;3640.0
09095183000140;EPB;2021-09;87.1151;2.1954;0.0;86.1583;2.6154;0.0;1;1;1;195714.0;0.0;123894.0;3874.0;198931.0;0.0;125037.0;4573.0
09095183000140;EPB;2021-10;87.8214;1.5885;0.0005;87.6658;1.6777;0.0005;1;1;1;206684.0;1.0;132265.0;3261.0;207781.0;1.0;132686.0;3409.0
09095183000140;EPB;2021-11;87.4435;1.0673;0.0004;87.2264;1.0993;0.0004;1;1;1;223495.0;1.0;139876.0;2599.0;224753.0;1.0;140528.0;2668.0
09095183000140;EPB;2021-12;86.6794;2.3232;0.0005;82.5537;5.9079;0.0004;1;1;1;220646.0;1.0;142446.0;4805.0;237873.0;1.0;146507.0;11902.0
09095183000140;EPB;2022-01;87.4354;2.1552;0.0;69.1665;17.1278;0.0003;1;1;1;187418.0;0.0;115813.0;3870.0;292461.0;1.0;155499.0;36754.0
09095183000140;EPB;2022-02;89.7994;1.8867;0.0;78.9265;10.6529;0.0;1;1;1;190573.0;0.0;116171.0;3210.0;213142.0;0.0;123441.0;17692.0
09095183000140;EPB;2022-03;90.7261;1.7262;0.0005;76.2153;12.0177;0.0008;1;1;1;189730.0;1.0;118356.0;6023.0;255596.0;2.0;141750.0;29223.0
09095183000140;EPB;2022-04;90.4615;2.2815;0.0006;79.0018;10.3611;0.0005;1;1;1;176554.0;1.0;106606.0;4975.0;214742.0;1.0;119563.0;19006.0
09095183000140;EPB;2022-05;92.7541;1.7232;0.0;92.0841;2.0357;0.0;1;1;1;197687.0;0.0;119654.0;4121.0;202335.0;0.0;122568.0;4678.0
09095183000140;EPB;2022-06;91.9588;2.3635;0.0;91.7845;2.4632;0.0;1;1;1;176467.0;0.0;104640.0;3685.0;177957.0;0.0;105331.0;3842.0
09095183000140;EPB;2022-07;95.1165;1.3058;0.0011;94.4127;1.7607;0.0011;1;1;1;177863.0;2.0;112387.0;2457.0;183406.0;2.0;114938.0;3112.0
09095183000140;EPB;2022-08;93.8825;1.2119;0.0;93.8691;1.2127;0.0;1;1;1;162896.0;0.0;105320.0;2103.0;163595.0;0.0;105734.0;2116.0
09095183000140;EPB;2022-09;94.72;1.0658;0.0;94.5248;1.1891;0.0;1;1;1;145790.0;0.0;90689.0;1719.0;147108.0;0.0;91156.0;1854.0
09095183000140;EPB;2022-10;93.5157;1.9082;0.0;93.3578;2.0115;0.0;1;1;1;161302.0;0.0;90886.0;2111.0;163744.0;0.0;91435.0;2221.0
09095183000140;EPB;2022-11;93.8352;1.4307;0.0006;92.9546;1.9553;0.0006;1;1;1;165112.0;1.0;98588.0;1572.0;170389.0;1.0;100739.0;2159.0
09095183000140;EPB;2022-12;89.8777;3.0063;0.0;89.2514;3.4137;0.0;1;1;1;189301.0;0.0;102309.0;3362.0;193287.0;0.0;103554.0;3854.0
09095183000140;EPB;2023-01;90.9846;1.962;0.0011;90.1988;2.3729;0.001;1;1;1;190218.0;2.0;102634.0;2300.0;199467.0;2.0;106231.0;2846.0
09095183000140;EPB;2023-02;87.5071;2.759;0.0;85.2649;4.1864;0.0;1;1;1;178552.0;0.0;95903.0;2984.0;189144.0;0.0;99214.0;4617.0
09095183000140;EPB;2023-03;88.7779;3.3559;0.0009;87.8291;4.0145;0.0008;1;1;1;230210.0;2.0;103645.0;3794.0;237997.0;2.0;105584.0;4636.0
09095183000140;EPB;2023-04;89.5869;3.3537;0.0;86.66;5.5893;0.0;1;1;1;182106.0;0.0;87058.0;3153.0;191372.0;0.0;89322.0;5614.0
09095183000140;EPB;2023-05;91.5292;2.9956;0.0;91.1322;3.1638;0.0;1;1;1;176790.0;0.0;87788.0;2845.0;178517.0;0.0;88332.0;3020.0
09095183000140;EPB;2023-06;95.2256;1.378;0.0;95.1928;1.3868;0.0;1;1;1;172419.0;0.0;81159.0;1217.0;173360.0;0.0;81419.0;1228.0
09095183000140;EPB;2023-07;86.4325;3.9657;0.0006;86.433;3.9759;0.0006;1;1;1;178139.0;1.0;84684.0;3624.0;178479.0;1.0;84820.0;3639.0
09095183000140;EPB;2023-08;87.2997;3.6608;0.0006;86.911;4.021;0.0006;1;1;1;176625.0;1.0;80817.0;3159.0;178724.0;1.0;81013.0;3483.0
09095183000140;EPB;2023-09;84.3796;4.5457;0.0006;83.835;4.8709;0.0006;0;0;1;155833.0;1.0;74840.0;3666.0;157961.0;1.0;75191.0;3953.0
09095183000140;EPB;2023-10;86.9568;3.4148;0.002;86.682;3.667;0.0019;1;1;1;153200.0;3.0;78375.0;2871.0;153909.0;3.0;78496.0;3089.0
09095183000140;EPB;2023-11;86.1082;3.59;0.002;84.1158;5.0095;0.0019;1;1;1;150398.0;3.0;81747.0;3151.0;157019.0;3.0;83244.0;4500.0
09095183000140;EPB;2023-12;86.1036;2.8113;0.0034;84.1931;4.1337;0.0032;1;1;1;148958.0;5.0;82450.0;2487.0;155342.0;5.0;83883.0;3731.0
09095183000140;EPB;2024-01;90.0049;2.1239;0.0093;86.1142;4.2742;0.0082;1;1;1;183627.0;17.0;87006.0;2047.0;207548.0;17.0;95162.0;4438.0
09095183000140;EPB;2024-02;92.772;1.5105;0.0103;77.3737;10.4778;0.0105;1;1;1;145318.0;15.0;73486.0;1211.0;228653.0;24.0;103468.0;12233.0
09095183000140;EPB;2024-03;92.4232;1.7475;0.0129;79.9504;8.7408;0.0124;1;1;1;154657.0;20.0;79387.0;1517.0;209329.0;26.0;101921.0;9942.0
09095183000140;EPB;2024-04;93.3167;1.2112;0.0233;79.707;10.203;0.0232;1;1;1;154661.0;36.0;83441.0;1119.0;210925.0;49.0;104935.0;12147.0
09095183000140;EPB;2024-05;94.3943;0.6325;0.0204;92.4406;1.6076;0.0207;1;1;1;162086.0;33.0;77446.0;558.0;169168.0;35.0;79996.0;1378.0
09095183000140;EPB;2024-06;95.3591;0.6147;0.0236;95.0197;0.766;0.0232;1;1;1;148476.0;35.0;64674.0;454.0;150951.0;35.0;65554.0;562.0
09095183000140;EPB;2024-07;95.049;0.4966;0.0299;94.8454;0.6;0.0296;1;1;1;163983.0;49.0;74140.0;433.0;165623.0;49.0;74551.0;514.0
09095183000140;EPB;2024-08;96.1425;0.5504;0.0125;95.8586;0.6371;0.0125;1;1;1;143587.0;18.0;65586.0;412.0;144010.0;18.0;65811.0;471.0
09095183000140;EPB;2024-09;93.4454;0.9189;0.0095;93.0914;1.0764;0.0093;1;1;1;136763.0;13.0;62324.0;616.0;139525.0;13.0;63046.0;725.0
09095183000140;EPB;2024-10;94.5678;0.9461;0.0129;94.5755;0.9447;0.0128;1;1;1;139950.0;18.0;63657.0;662.0;140192.0;18.0;63748.0;662.0
09095183000140;EPB;2024-11;92.8765;0.6911;0.0095;92.8772;0.6908;0.0095;1;1;1;126382.0;12.0;58775.0;455.0;126414.0;12.0;58795.0;455.0
09095183000140;EPB;2024-12;93.9003;0.7165;0.0198;93.6766;0.8367;0.0198;1;1;1;162009.0;32.0;73441.0;581.0;166372.0;33.0;75023.0;688.0
09095183000140;EPB;2025-01;94.1387;0.5954;0.0126;93.8109;0.7804;0.0122;1;1;1;174026.0;22.0;72620.0;489.0;180962.0;22.0;74882.0;643.0
09095183000140;EPB;2025-02;91.4547;0.9193;0.0117;91.2681;1.0142;0.0116;1;1;1;145368.0;17.0;64455.0;654.0;146979.0;17.0;65001.0;722.0
09095183000140;EPB;2025-03;91.267;0.7279;0.0221;89.8882;1.6471;0.022;1;1;1;153917.0;34.0;67921.0;554.0;159238.0;35.0;69029.0;1218.0
09095183000140;EPB;2025-04;91.26;0.6485;0.012;91.0713;0.7335;0.0131;1;1;1;150020.0;18.0;62203.0;440.0;152857.0;20.0;62926.0;500.0
09095183000140;EPB;2025-05;91.1153;0.5325;0.0109;91.1286;0.531;0.0108;1;1;1;156426.0;17.0;61832.0;371.0;156814.0;17.0;62004.0;371.0
09095183000140;EPB;2025-06;91.3999;0.5729;0.0055;91.4013;0.5728;0.0055;1;1;1;145202.0;8.0;43736.0;281.0;145217.0;8.0;43743.0;281.0
09095183000140;EPB;2025-07;91.321;0.6519;0.0047;91.3371;0.6498;0.0047;1;1;1;170386.0;8.0;53343.0;384.0;170573.0;8.0;53512.0;384.0
09095183000140;EPB;2025-08;91.2151;1.2782;0.0056;91.217;1.278;0.0056;1;1;1;159362.0;9.0;49738.0;680.0;159373.0;9.0;49749.0;680.0
09095183000140;EPB;2025-09;91.0974;0.9938;0.0006;91.0984;0.9937;0.0006;1;1;1;157636.0;1.0;52202.0;551.0;157652.0;1.0;52208.0;551.0
09095183000140;EPB;2025-10;91.477;0.964;0.0;91.402;1.0308;0.0;1;1;1;168664.0;0.0;52394.0;568.0;168878.0;0.0;52420.0;604.0
09095183000140;EPB;2025-11;90.6075;1.1104;0.0;89.968;1.4127;0.0;1;1;1;151468.0;0.0;43283.0;533.0;151903.0;0.0;43476.0;671.0
09095183000140;EPB;2025-12;90.4033;1.1881;0.0006;90.0965;1.2406;0.0006;1;1;1;161357.0;1.0;46406.0;610.0;161745.0;1.0;46650.0;638.0
09095183000140;EPB;2026-01;91.3194;0.8592;0.0;91.0419;0.9573;0.0;1;1;1;162529.0;0.0;49384.0;471.0;166902.0;0.0;50383.0;533.0
09095183000140;EPB;2026-02;87.2219;2.0755;0.0021;70.5773;13.7877;0.0043;1;1;1;142507.0;3.0;44019.0;970.0;207589.0;9.0;56238.0;9041.0
09095183000140;EPB;2026-03;90.3598;0.9329;0.0032;88.6317;1.7685;0.003;1;1;1;187896.0;6.0;55647.0;557.0;199177.0;6.0;58654.0;1097.0
09095183000140;EPB;2026-04;90.457;1.3339;0.0;88.2997;2.0182;0.0;1;1;1;181794.0;0.0;52223.0;736.0;191812.0;0.0;55103.0;1175.0
09095183000140;EPB;2026-05;90.3879;1.0551;0.0006;89.4111;1.354;0.0006;1;1;1;174998.0;1.0;51953.0;578.0;180431.0;1.0;53623.0;774.0
09095183000140;EPB;2026-06;89.9357;0.8927;0.0;86.7787;2.4945;0.0;1;1;1;151266.0;0.0;49513.0;478.0;166999.0;0.0;54176.0;1427.0
09095183000140;EPB;2026-07;90.6872;0.8976;0.0;86.9767;2.7024;0.0;1;1;1;165730.0;0.0;50345.0;497.0;185839.0;0.0;54546.0;1561.0
09257558000121;CERTEL ENERGIA;2016-01;87.2141;4.5991;0.0;73.911;10.9539;0.0137;1;0;1;4642.0;0.0;3962.0;395.0;7277.0;1.0;5601.0;1342.0
09257558000121;CERTEL ENERGIA;2016-02;88.5678;3.8783;0.0;65.4964;17.9328;6.1597;1;1;1;4188.0;0.0;3792.0;322.0;7679.0;473.0;5423.0;2165.0
09257558000121;CERTEL ENERGIA;2016-03;94.1858;1.6678;0.0;83.9651;7.0162;0.0;1;1;1;4479.0;0.0;4245.0;199.0;7047.0;0.0;6083.0;928.0
09257558000121;CERTEL ENERGIA;2016-04;95.6781;1.2416;0.0;75.9026;14.8997;0.0;1;1;1;4308.0;0.0;4136.0;161.0;7734.0;0.0;5940.0;1777.0
09257558000121;CERTEL ENERGIA;2016-05;95.8563;1.2216;0.0;89.3082;4.384;0.0;1;1;1;4298.0;0.0;4124.0;156.0;5757.0;0.0;5169.0;569.0
09257558000121;CERTEL ENERGIA;2016-06;96.1757;0.9044;0.0;92.6269;2.2958;0.0;1;1;1;3947.0;0.0;3835.0;110.0;4674.0;0.0;4426.0;238.0
09257558000121;CERTEL ENERGIA;2016-07;96.0226;1.283;0.0;86.608;7.1743;0.0;1;1;1;4006.0;0.0;3847.0;154.0;5575.0;0.0;4852.0;707.0
09257558000121;CERTEL ENERGIA;2016-08;96.7614;1.2608;0.0;83.6872;10.1607;0.0;1;1;1;4141.0;0.0;3994.0;132.0;5445.0;0.0;4527.0;899.0
09257558000121;CERTEL ENERGIA;2016-09;94.4505;2.033;0.0;92.9901;2.6201;0.0;1;1;1;3724.0;0.0;3566.0;154.0;4479.0;0.0;4237.0;237.0
09257558000121;CERTEL ENERGIA;2016-10;94.6603;2.0354;0.0516;80.4428;9.3204;140.5324;1;1;1;3877.0;2.0;3706.0;169.0;7663.0;10769.0;6431.0;1223.0
09257558000121;CERTEL ENERGIA;2016-11;90.2225;3.2074;233.9486;60.7438;20.5706;100.8431;1;1;0;4009.0;9379.0;3742.0;258.0;11149.0;11243.0;7796.0;3333.0
09257558000121;CERTEL ENERGIA;2016-12;78.169;7.6338;5.2785;51.7241;21.7965;2.1344;0;0;0;3770.0;199.0;3279.0;488.0;16445.0;351.0;11022.0;5400.0
09257558000121;CERTEL ENERGIA;2017-01;80.7581;7.0457;0.0;57.7985;18.3879;0.9247;0;0;1;4861.0;0.0;4169.0;651.0;14816.0;137.0;10439.0;4268.0
09257558000121;CERTEL ENERGIA;2017-02;81.3492;6.2831;0.0;63.4192;18.7632;8.608;0;0;1;4797.0;0.0;4251.0;543.0;9224.0;794.0;6529.0;2684.0
09257558000121;CERTEL ENERGIA;2017-03;86.4291;4.2034;0.0;70.6608;13.4739;5.4176;1;0;1;5383.0;0.0;4786.0;540.0;8860.0;480.0;6730.0;2070.0
09257558000121;CERTEL ENERGIA;2017-04;90.0942;3.3583;0.0;84.6851;5.7599;0.0;1;1;1;4368.0;0.0;4000.0;346.0;6420.0;0.0;5612.0;765.0
09257558000121;CERTEL ENERGIA;2017-05;91.1058;2.6442;0.0;77.7531;9.6218;1.193;1;1;1;5295.0;0.0;4860.0;358.0;10059.0;120.0;8125.0;1830.0
09257558000121;CERTEL ENERGIA;2017-06;91.5479;2.457;17.3234;79.3079;8.3857;9.6703;1;1;0;4416.0;765.0;3970.0;301.0;8159.0;789.0;6566.0;1387.0
09257558000121;CERTEL ENERGIA;2017-07;92.3451;2.3589;0.0;88.6109;3.6247;0.0;1;1;1;4648.0;0.0;4222.0;265.0;5896.0;0.0;5238.0;489.0
09257558000121;CERTEL ENERGIA;2017-08;91.4325;2.5588;0.1918;82.6101;6.4692;18.1457;1;1;1;4693.0;9.0;4265.0;263.0;6795.0;1233.0;5841.0;765.0
09257558000121;CERTEL ENERGIA;2017-09;87.6864;3.7272;0.0;81.7499;6.2192;0.0;1;1;1;3884.0;0.0;3487.0;268.0;5058.0;0.0;4373.0;548.0
09257558000121;CERTEL ENERGIA;2017-10;88.606;4.0123;166.2967;50.7049;25.7657;77.3419;1;0;0;4145.0;6893.0;3732.0;296.0;18329.0;14176.0;11585.0;6546.0
09257558000121;CERTEL ENERGIA;2017-11;89.6175;3.0965;0.0;78.5466;9.8412;0.0327;1;1;1;4181.0;0.0;3724.0;264.0;6109.0;2.0;4938.0;969.0
09257558000121;CERTEL ENERGIA;2017-12;87.0569;3.84;0.1;51.094;27.2147;97.215;1;1;1;4001.0;4.0;3581.0;293.0;10054.0;9774.0;6154.0;3749.0
09257558000121;CERTEL ENERGIA;2018-01;87.0565;4.0393;58.6393;79.6544;8.2513;43.3595;1;0;0;4821.0;2827.0;4300.0;360.0;6882.0;2984.0;5682.0;1028.0
09257558000121;CERTEL ENERGIA;2018-02;87.1872;4.1518;9.4774;77.5299;9.2679;6.7342;1;0;0;3999.0;379.0;3486.0;320.0;5628.0;379.0;4474.0;950.0
09257558000121;CERTEL ENERGIA;2018-03;95.6084;1.2123;0.0;88.0857;4.3842;15.2842;1;1;1;4639.0;0.0;4319.0;164.0;6510.0;995.0;5714.0;578.0
09257558000121;CERTEL ENERGIA;2018-04;96.1938;0.8943;2.4774;94.6578;1.3617;2.0761;1;1;0;5086.0;126.0;4765.0;147.0;6069.0;126.0;5650.0;232.0
09257558000121;CERTEL ENERGIA;2018-05;94.821;1.351;0.0;93.2763;1.9821;0.0;1;1;1;4716.0;0.0;4381.0;181.0;5484.0;0.0;5044.0;271.0
09257558000121;CERTEL ENERGIA;2018-06;91.5088;2.5407;1.5189;80.2323;6.8957;0.8311;1;1;1;4806.0;73.0;4373.0;286.0;9145.0;76.0;7696.0;1237.0
09257558000121;CERTEL ENERGIA;2018-07;95.566;1.2151;0.0;91.5358;2.689;0.0;1;1;1;4989.0;0.0;4634.0;177.0;5937.0;0.0;5392.0;364.0
09257558000121;CERTEL ENERGIA;2018-08;95.4128;1.2232;3.9719;90.6017;3.1592;3.0466;1;1;0;5262.0;209.0;4845.0;198.0;6860.0;209.0;6100.0;503.0
09257558000121;CERTEL ENERGIA;2018-09;91.9179;2.694;0.0;87.4625;5.0113;0.0;1;1;1;4383.0;0.0;3937.0;233.0;5861.0;0.0;5061.0;521.0
09257558000121;CERTEL ENERGIA;2018-10;95.5633;1.1309;23.8115;72.3479;13.5348;18.3766;1;1;0;4859.0;1157.0;4546.0;154.0;8402.0;1544.0;6382.0;1859.0
09257558000121;CERTEL ENERGIA;2018-11;95.0428;1.6232;0.0;75.3361;12.5764;12.5194;1;1;1;4873.0;0.0;4485.0;190.0;8379.0;1049.0;6437.0;1685.0
09257558000121;CERTEL ENERGIA;2018-12;92.1769;1.9679;1.016;60.4237;20.4574;19.5351;1;1;1;4429.0;45.0;4035.0;210.0;13550.0;2647.0;8974.0;4138.0
09257558000121;CERTEL ENERGIA;2019-01;88.973;3.1135;0.0;75.969;9.8753;0.0299;1;1;1;5030.0;0.0;4481.0;363.0;10049.0;3.0;8022.0;1771.0
09257558000121;CERTEL ENERGIA;2019-02;87.7976;3.8938;0.0;57.7214;22.8462;83.2809;1;1;1;4382.0;0.0;3875.0;356.0;12405.0;10331.0;7639.0;3897.0
09257558000121;CERTEL ENERGIA;2019-03;91.215;2.4065;0.0;87.0465;4.0266;0.0;1;1;1;4611.0;0.0;4177.0;246.0;5728.0;0.0;5053.0;468.0
09257558000121;CERTEL ENERGIA;2019-04;95.2613;1.1212;0.0395;94.5318;1.4813;0.034;1;1;1;5065.0;2.0;4674.0;185.0;5882.0;2.0;5387.0;264.0
09257558000121;CERTEL ENERGIA;2019-05;96.1073;1.1436;0.0;77.1288;14.799;2.9133;1;1;1;4852.0;0.0;4495.0;155.0;7174.0;209.0;5383.0;1475.0
09257558000121;CERTEL ENERGIA;2019-06;96.0108;1.182;0.0;91.4991;2.9863;0.0;1;1;1;4382.0;0.0;4013.0;167.0;5452.0;0.0;4873.0;361.0
09257558000121;CERTEL ENERGIA;2019-07;96.124;1.0571;0.1305;82.0888;9.546;7.0294;1;1;1;4597.0;6.0;4212.0;124.0;6800.0;478.0;5439.0;960.0
09257558000121;CERTEL ENERGIA;2019-08;96.5768;1.1051;1.5307;93.1674;2.6018;1.5494;1;1;1;3985.0;61.0;3669.0;124.0;4776.0;74.0;4305.0;267.0
09257558000121;CERTEL ENERGIA;2019-09;96.6667;1.1782;0.0;93.093;2.3414;0.0217;1;1;1;3743.0;0.0;3439.0;100.0;4610.0;1.0;4171.0;234.0
09257558000121;CERTEL ENERGIA;2019-10;95.4658;1.115;0.0;78.7253;10.4169;1.2981;1;1;1;4326.0;0.0;3991.0;135.0;8859.0;115.0;7112.0;1428.0
09257558000121;CERTEL ENERGIA;2019-11;96.8903;0.771;0.0;90.3345;4.0646;0.0;1;1;1;4160.0;0.0;3861.0;99.0;5633.0;0.0;4933.0;466.0
09257558000121;CERTEL ENERGIA;2019-12;97.101;0.5166;0.0;43.4412;37.4251;108.5512;1;1;1;3752.0;0.0;3466.0;87.0;15109.0;16401.0;6688.0;6378.0
09257558000121;CERTEL ENERGIA;2020-01;93.744;1.8936;0.0218;76.2551;10.7545;31.1904;1;1;1;4588.0;1.0;4093.0;220.0;8493.0;2649.0;6506.0;1498.0
09257558000121;CERTEL ENERGIA;2020-02;93.4225;1.7914;0.0;89.9077;3.2102;0.0;1;1;1;4057.0;0.0;3673.0;168.0;4958.0;0.0;4402.0;309.0
09257558000121;CERTEL ENERGIA;2020-03;94.9257;2.1287;0.0;93.0859;3.1809;0.0;1;1;1;4500.0;0.0;3954.0;217.0;5118.0;0.0;4383.0;323.0
09257558000121;CERTEL ENERGIA;2020-04;92.9403;3.4413;0.0448;82.616;8.0723;0.1827;1;1;1;4460.0;2.0;3816.0;265.0;7115.0;13.0;5489.0;931.0
09257558000121;CERTEL ENERGIA;2020-05;95.9158;2.005;0.0;93.9932;2.8712;0.0;1;1;1;4479.0;0.0;3959.0;179.0;5873.0;0.0;5142.0;325.0
09257558000121;CERTEL ENERGIA;2020-06;96.3182;2.3381;0.0;93.861;3.2112;0.0;1;1;1;4136.0;0.0;3634.0;177.0;5971.0;0.0;5124.0;384.0
09257558000121;CERTEL ENERGIA;2020-07;95.4239;3.1008;0.0;92.5427;3.8667;0.0;1;1;1;4378.0;0.0;3875.0;222.0;6336.0;0.0;5569.0;431.0
09257558000121;CERTEL ENERGIA;2020-08;95.6072;2.5323;0.0;90.5049;5.1845;0.0;1;1;1;4306.0;0.0;3772.0;226.0;5773.0;0.0;4883.0;492.0
09257558000121;CERTEL ENERGIA;2020-09;95.214;2.8615;0.0;90.7942;4.9613;0.0;1;1;1;4295.0;0.0;3836.0;204.0;5848.0;0.0;5038.0;453.0
09257558000121;CERTEL ENERGIA;2020-10;92.6829;3.9538;0.0;85.5987;7.2094;0.047;1;1;1;4337.0;0.0;3741.0;269.0;6377.0;3.0;5277.0;683.0
09257558000121;CERTEL ENERGIA;2020-11;92.1454;3.2028;0.0;82.5368;7.0428;0.0;1;1;1;4363.0;0.0;3808.0;268.0;6364.0;0.0;5174.0;814.0
09257558000121;CERTEL ENERGIA;2020-12;87.4502;6.716;0.0;58.0589;24.1708;1.7641;1;0;1;3705.0;0.0;3278.0;407.0;10260.0;181.0;6516.0;3474.0
09257558000121;CERTEL ENERGIA;2021-01;76.728;11.4758;0.0;57.3052;27.5235;0.0;0;0;1;4500.0;0.0;3317.0;671.0;9246.0;0.0;4782.0;2675.0
09257558000121;CERTEL ENERGIA;2021-02;76.1253;12.0295;0.0;62.259;23.8751;0.0;0;0;1;4411.0;0.0;3342.0;755.0;7011.0;0.0;4145.0;1953.0
09257558000121;CERTEL ENERGIA;2021-03;94.1659;2.5065;0.0;90.2353;4.4473;0.0;1;1;1;5189.0;0.0;4512.0;301.0;7269.0;0.0;5930.0;607.0
09257558000121;CERTEL ENERGIA;2021-04;93.0038;3.4221;0.0;85.166;10.5433;0.0;1;1;1;4324.0;0.0;3810.0;261.0;5879.0;0.0;4149.0;755.0
09257558000121;CERTEL ENERGIA;2021-05;96.5666;1.4058;0.0;92.3541;3.6441;0.0;1;1;1;4136.0;0.0;3647.0;157.0;5327.0;0.0;4310.0;373.0
09257558000121;CERTEL ENERGIA;2021-06;98.7898;0.7379;0.0;58.1601;30.7288;0.0;1;1;1;3712.0;0.0;3363.0;88.0;11166.0;0.0;5399.0;3546.0
09257558000121;CERTEL ENERGIA;2021-07;98.9439;0.4828;0.0;96.3349;1.8459;0.0;1;1;1;3575.0;0.0;3298.0;62.0;4250.0;0.0;3669.0;169.0
09257558000121;CERTEL ENERGIA;2021-08;98.6713;0.8666;0.0;98.3619;0.8446;0.0;1;1;1;3822.0;0.0;3432.0;91.0;4403.0;0.0;3874.0;115.0
09257558000121;CERTEL ENERGIA;2021-09;96.4928;1.913;0.0;92.2244;3.8517;0.0;1;1;1;3901.0;0.0;3384.0;194.0;4976.0;0.0;3994.0;408.0
09257558000121;CERTEL ENERGIA;2021-10;97.4632;1.1819;0.0;96.0823;1.5671;0.0;1;1;1;3791.0;0.0;3428.0;110.0;4691.0;0.0;4020.0;171.0
09257558000121;CERTEL ENERGIA;2021-11;96.6051;1.6677;0.0;62.0487;17.7394;0.0;1;1;1;3697.0;0.0;3302.0;144.0;10258.0;0.0;6288.0;2357.0
09257558000121;CERTEL ENERGIA;2021-12;97.3419;1.2527;0.0;94.8872;2.3524;0.0;1;1;1;3556.0;0.0;3232.0;104.0;4784.0;0.0;4068.0;225.0
09257558000121;CERTEL ENERGIA;2022-01;96.3536;1.547;0.0;83.6014;7.3587;0.0;1;1;1;4011.0;0.0;3564.0;191.0;10340.0;0.0;7604.0;1285.0
09257558000121;CERTEL ENERGIA;2022-02;96.3339;2.1151;0.0;95.178;2.6954;0.0;1;1;1;3817.0;0.0;3471.0;184.0;4464.0;0.0;3935.0;261.0
09257558000121;CERTEL ENERGIA;2022-03;97.4085;0.8892;0.0;81.7295;10.9495;0.0;1;1;1;4225.0;0.0;3901.0;110.0;7741.0;0.0;5571.0;1271.0
09257558000121;CERTEL ENERGIA;2022-04;98.6343;0.5853;0.0;93.4626;2.5779;0.0;1;1;1;3874.0;0.0;3567.0;87.0;5492.0;0.0;4724.0;267.0
09257558000121;CERTEL ENERGIA;2022-05;99.095;0.6122;0.0;98.7989;0.6594;0.0;1;1;1;4029.0;0.0;3734.0;93.0;4640.0;0.0;4218.0;112.0
09257558000121;CERTEL ENERGIA;2022-06;99.1509;0.3963;0.0;99.0401;0.4184;0.0;1;1;1;3776.0;0.0;3519.0;65.0;4425.0;0.0;4046.0;79.0
09257558000121;CERTEL ENERGIA;2022-07;99.0082;0.4084;0.0;90.0296;4.8585;0.0;1;1;1;3723.0;0.0;3414.0;73.0;5569.0;0.0;4504.0;499.0
09257558000121;CERTEL ENERGIA;2022-08;99.2443;0.3079;0.0;95.6689;1.7922;0.0;1;1;1;3840.0;0.0;3562.0;61.0;5324.0;0.0;4603.0;206.0
09257558000121;CERTEL ENERGIA;2022-09;98.9597;0.3691;0.0;97.9945;0.7293;0.0;1;1;1;3160.0;0.0;2969.0;58.0;3541.0;0.0;3267.0;77.0
09257558000121;CERTEL ENERGIA;2022-10;97.45;1.1943;0.0;95.2305;2.1316;0.0;1;1;1;3349.0;0.0;3061.0;89.0;4203.0;0.0;3673.0;178.0
09257558000121;CERTEL ENERGIA;2022-11;98.439;0.9106;0.0;95.9452;1.9703;0.0;1;1;1;3330.0;0.0;3047.0;78.0;3898.0;0.0;3433.0;152.0
09257558000121;CERTEL ENERGIA;2022-12;98.9955;0.3889;0.0;83.3792;7.2299;0.0;1;1;1;3357.0;0.0;3074.0;75.0;6259.0;0.0;4722.0;725.0
09257558000121;CERTEL ENERGIA;2023-01;98.6955;0.504;0.0;95.2353;2.0031;0.0;1;1;1;3706.0;0.0;3356.0;83.0;6131.0;0.0;5039.0;269.0
09257558000121;CERTEL ENERGIA;2023-02;97.9308;0.9053;0.0;76.5529;14.2255;0.0;1;1;1;3404.0;0.0;3065.0;112.0;6659.0;0.0;4474.0;1216.0
09257558000121;CERTEL ENERGIA;2023-03;97.7253;0.9332;0.0;91.8596;5.193;0.0;1;1;1;3748.0;0.0;3397.0;113.0;4901.0;0.0;4053.0;416.0
09257558000121;CERTEL ENERGIA;2023-04;98.867;0.5482;0.0;93.502;3.5653;0.0;1;1;1;2930.0;0.0;2721.0;62.0;3886.0;0.0;3354.0;237.0
09257558000121;CERTEL ENERGIA;2023-05;99.5516;0.1794;0.0;98.1255;0.7998;0.0;1;1;1;3586.0;0.0;3339.0;51.0;4414.0;0.0;3969.0;111.0
09257558000121;CERTEL ENERGIA;2023-06;99.4775;0.196;0.0;96.9058;0.9858;0.0;1;1;1;3324.0;0.0;3056.0;50.0;4055.0;0.0;3616.0;101.0
09257558000121;CERTEL ENERGIA;2023-07;99.8051;0.0325;2.4036;98.0341;0.7339;3.0973;1;1;0;3370.0;81.0;3077.0;60.0;4294.0;133.0;3787.0;136.0
09257558000121;CERTEL ENERGIA;2023-08;99.6737;0.0653;3.4838;96.0145;1.9509;2.9026;1;1;0;3301.0;115.0;3063.0;51.0;3962.0;115.0;3518.0;166.0
09257558000121;CERTEL ENERGIA;2023-09;99.0971;0.3611;0.0323;96.5873;1.3651;0.1912;1;1;1;3092.0;1.0;2759.0;72.0;7324.0;14.0;5925.0;286.0
09257558000121;CERTEL ENERGIA;2023-10;99.4666;0.2196;1.6148;96.8799;1.4696;1.1076;1;1;1;3468.0;56.0;3180.0;57.0;5056.0;56.0;4358.0;183.0
09257558000121;CERTEL ENERGIA;2023-11;99.2836;0.3582;0.2717;60.8026;22.6388;30.244;1;1;1;3681.0;10.0;3338.0;63.0;13444.0;4066.0;7634.0;3542.0
09257558000121;CERTEL ENERGIA;2023-12;99.0945;0.332;1.5943;84.6538;7.4236;1.75;1;1;1;3638.0;58.0;3302.0;90.0;8057.0;141.0;5936.0;945.0
09257558000121;CERTEL ENERGIA;2024-01;97.8292;0.8683;0.0262;65.9417;16.5036;0.0081;1;1;1;3811.0;1.0;3425.0;123.0;12361.0;1.0;8024.0;2697.0
09257558000121;CERTEL ENERGIA;2024-02;98.2672;0.7561;0.0;91.1027;4.28;0.0;1;1;1;3428.0;0.0;3150.0;95.0;5515.0;0.0;4540.0;428.0
09257558000121;CERTEL ENERGIA;2024-03;99.6141;0.2251;0.0;88.1498;6.1342;0.0;1;1;1;3379.0;0.0;3103.0;79.0;6035.0;0.0;4713.0;592.0
09257558000121;CERTEL ENERGIA;2024-04;99.5609;0.2342;9.037;93.5173;2.4167;8.9894;1;1;0;3707.0;335.0;3408.0;59.0;7342.0;660.0;5976.0;395.0
09257558000121;CERTEL ENERGIA;2024-05;98.8523;0.7485;34.2346;85.487;9.007;65.8372;1;1;0;2293.0;785.0;1989.0;52.0;3858.0;2540.0;2859.0;453.0
09257558000121;CERTEL ENERGIA;2024-06;99.6733;0.1815;1.368;89.9888;3.5978;5.3266;1;1;1;2997.0;41.0;2750.0;64.0;5313.0;283.0;4314.0;371.0
09257558000121;CERTEL ENERGIA;2024-07;99.3965;0.213;42.45;97.6138;0.7535;37.3608;1;1;0;3053.0;1296.0;2811.0;61.0;3501.0;1308.0;3161.0;99.0
09257558000121;CERTEL ENERGIA;2024-08;99.4238;0.2561;18.6552;98.7547;0.4061;15.7403;1;1;0;3361.0;627.0;3116.0;66.0;4066.0;640.0;3679.0;102.0
09257558000121;CERTEL ENERGIA;2024-09;98.606;0.6306;0.0;97.7638;0.8999;0.0;1;1;1;3295.0;0.0;2994.0;92.0;4128.0;0.0;3634.0;137.0
09257558000121;CERTEL ENERGIA;2024-10;99.4946;0.2211;0.1453;97.631;1.0585;0.1118;1;1;1;3441.0;5.0;3159.0;66.0;4472.0;5.0;3926.0;134.0
09257558000121;CERTEL ENERGIA;2024-11;99.2422;0.2636;0.0;93.9617;3.5967;0.0;1;1;1;3289.0;0.0;3027.0;69.0;4332.0;0.0;3672.0;275.0
09257558000121;CERTEL ENERGIA;2024-12;99.1792;0.4788;4.1628;85.3933;7.7683;2.1413;1;1;0;3219.0;134.0;2910.0;80.0;6398.0;137.0;4761.0;700.0
09257558000121;CERTEL ENERGIA;2025-01;99.3713;0.3309;3.0792;85.7537;8.295;2.1027;1;1;0;3345.0;103.0;3012.0;96.0;5279.0;111.0;3991.0;682.0
09257558000121;CERTEL ENERGIA;2025-02;99.7764;0.1917;0.0;98.1051;0.7131;0.0;1;1;1;3575.0;0.0;3124.0;173.0;7238.0;0.0;4873.0;1268.0
09257558000121;CERTEL ENERGIA;2025-03;99.2771;0.4131;0.0;98.102;0.7711;0.0;1;1;1;3182.0;0.0;2893.0;77.0;3759.0;0.0;3346.0;113.0
09257558000121;CERTEL ENERGIA;2025-04;98.8737;0.4425;0.037;95.4545;1.4674;0.0321;1;1;1;2701.0;1.0;2475.0;50.0;3113.0;1.0;2753.0;120.0
09257558000121;CERTEL ENERGIA;2025-05;99.249;0.3557;0.0;96.5632;1.368;0.0;1;1;1;2749.0;0.0;2521.0;51.0;3424.0;0.0;2956.0;135.0
09257558000121;CERTEL ENERGIA;2025-06;98.5704;0.8368;0.0;97.2114;1.3943;0.0247;1;1;1;3133.0;0.0;2844.0;69.0;4045.0;1.0;3536.0;136.0
09257558000121;CERTEL ENERGIA;2025-07;99.0637;0.4681;0.0;98.543;0.5298;0.0;1;1;1;3027.0;0.0;2764.0;55.0;3349.0;0.0;3004.0;70.0
09257558000121;CERTEL ENERGIA;2025-08;98.8467;0.558;0.1688;97.15;0.9779;0.1225;1;1;1;2962.0;5.0;2673.0;69.0;4080.0;5.0;3544.0;112.0
09257558000121;CERTEL ENERGIA;2025-09;98.9653;0.5913;0.0335;95.3449;2.1873;0.024;1;1;1;2982.0;1.0;2690.0;67.0;4175.0;1.0;3488.0;207.0
09257558000121;CERTEL ENERGIA;2025-10;99.2444;0.3778;0.0;93.6793;3.1313;0.0;1;1;1;2894.0;0.0;2637.0;61.0;4006.0;0.0;3341.0;226.0
09257558000121;CERTEL ENERGIA;2025-11;99.3951;0.3025;0.0355;96.4159;1.3133;0.0245;1;1;1;2820.0;1.0;2637.0;66.0;4087.0;1.0;3607.0;174.0
09257558000121;CERTEL ENERGIA;2025-12;99.5369;0.2138;0.2305;93.1403;1.9082;0.1241;1;1;1;3037.0;7.0;2801.0;48.0;7255.0;9.0;5963.0;370.0
09257558000121;CERTEL ENERGIA;2026-01;99.399;0.3205;0.0372;95.4558;1.39;0.0235;1;1;1;2689.0;1.0;2488.0;49.0;4249.0;1.0;3689.0;162.0
09257558000121;CERTEL ENERGIA;2026-02;99.3247;0.3377;0.0;97.2163;1.5346;0.0;1;1;1;2220.0;0.0;2066.0;45.0;3109.0;0.0;2759.0;122.0
09257558000121;CERTEL ENERGIA;2026-03;99.7004;0.1124;0.1029;83.511;10.1806;0.0536;1;1;1;2915.0;3.0;2667.0;61.0;5600.0;3.0;4129.0;831.0
09257558000121;CERTEL ENERGIA;2026-04;99.613;0.2903;0.0;98.2083;0.9583;0.0;1;1;1;2201.0;0.0;2061.0;41.0;2601.0;0.0;2377.0;70.0
09257558000121;CERTEL ENERGIA;2026-05;99.4305;0.1424;0.087;96.5398;0.8939;0.0505;1;1;1;2299.0;2.0;2104.0;38.0;3962.0;2.0;3437.0;114.0
09257558000121;CERTEL ENERGIA;2026-06;99.7382;0.0873;0.2849;85.2011;12.4348;0.1875;1;1;1;2457.0;7.0;2290.0;47.0;3734.0;7.0;2852.0;554.0
09257558000121;CERTEL ENERGIA;2026-07;99.7023;0.2127;0.0;96.2861;1.3699;0.0;1;1;1;2559.0;0.0;2346.0;42.0;3722.0;0.0;3240.0;151.0
10835932000108;Neoenergia PE;2014-01;73.4504;6.7161;0.3797;57.3783;17.2044;0.5345;0;0;1;347943.0;1321.0;240177.0;26517.0;510743.0;2730.0;305712.0;83981.0
10835932000108;Neoenergia PE;2014-02;71.2914;8.6088;0.3636;63.513;13.684;0.409;0;0;1;372138.0;1353.0;249964.0;34600.0;447868.0;1832.0;282716.0;60417.0
10835932000108;Neoenergia PE;2014-03;86.0902;3.567;0.796;78.9322;6.0715;0.7369;1;1;1;371373.0;2956.0;264970.0;16602.0;430878.0;3175.0;298841.0;29059.0
10835932000108;Neoenergia PE;2014-04;86.1855;2.9474;0.0017;60.0668;12.746;0.0012;1;1;1;294487.0;5.0;210313.0;11906.0;579713.0;7.0;367779.0;73488.0
10835932000108;Neoenergia PE;2014-05;85.1533;2.9771;0.3907;74.995;6.8813;0.356;1;1;1;414369.0;1619.0;306210.0;17411.0;544876.0;1940.0;380187.0;42920.0
10835932000108;Neoenergia PE;2014-06;93.8026;0.8393;0.1978;92.7349;1.2768;0.1934;1;1;1;356868.0;706.0;269477.0;6939.0;370727.0;717.0;278132.0;8751.0
10835932000108;Neoenergia PE;2014-07;86.9603;1.9989;0.0222;81.2781;4.7488;0.0213;1;1;1;378819.0;84.0;279459.0;12626.0;441204.0;94.0;312684.0;25077.0
10835932000108;Neoenergia PE;2014-08;87.1403;2.1637;0.0096;86.1448;2.4775;0.0094;1;1;1;365040.0;35.0;270403.0;13335.0;372616.0;35.0;274677.0;14694.0
10835932000108;Neoenergia PE;2014-09;86.8575;2.9302;0.0195;72.6527;8.9155;0.0205;1;1;1;339317.0;66.0;247526.0;14144.0;424158.0;87.0;290434.0;39778.0
10835932000108;Neoenergia PE;2014-10;91.4333;1.4556;0.0333;87.4839;3.1618;0.0311;1;1;1;369738.0;123.0;274318.0;10403.0;398972.0;124.0;288237.0;17260.0
10835932000108;Neoenergia PE;2014-11;89.7432;1.9601;0.0095;77.5416;5.2191;0.0077;1;1;1;327959.0;31.0;242040.0;12146.0;426265.0;33.0;301370.0;28984.0
10835932000108;Neoenergia PE;2014-12;93.1548;1.3871;0.0009;80.1994;7.5351;0.0009;1;1;1;344621.0;3.0;256789.0;10413.0;426576.0;4.0;291517.0;35221.0
10835932000108;Neoenergia PE;2015-01;86.2452;3.2551;0.0626;84.4792;4.3391;0.0634;1;1;1;404033.0;253.0;287644.0;21508.0;422694.0;268.0;296743.0;26349.0
10835932000108;Neoenergia PE;2015-02;85.9094;2.3926;0.0634;78.365;6.1811;0.0589;1;1;1;378604.0;240.0;277370.0;14962.0;433157.0;255.0;302215.0;31164.0
10835932000108;Neoenergia PE;2015-03;83.64;4.2288;0.0852;63.8618;13.7755;0.1145;0;0;1;365987.0;312.0;265110.0;20809.0;553527.0;634.0;354881.0;77405.0
10835932000108;Neoenergia PE;2015-04;86.8024;1.801;0.3251;81.2266;3.7186;0.2888;1;1;1;363249.0;1181.0;273066.0;13044.0;428294.0;1237.0;310984.0;25803.0
10835932000108;Neoenergia PE;2015-05;65.9503;12.1174;1.003;61.3392;14.9076;0.9453;0;0;1;398912.0;4001.0;266933.0;47243.0;444287.0;4200.0;286986.0;62641.0
10835932000108;Neoenergia PE;2015-06;90.8497;1.3204;1.0246;88.1976;2.3577;1.0283;1;1;1;367563.0;3766.0;276735.0;10488.0;386573.0;3975.0;287209.0;14553.0
10835932000108;Neoenergia PE;2015-07;91.3742;1.7394;1.2735;81.263;5.1894;1.2932;1;1;1;384928.0;4902.0;288842.0;13433.0;474003.0;6130.0;340846.0;30841.0
10835932000108;Neoenergia PE;2015-08;91.291;1.7055;0.9919;89.188;2.7428;0.9721;1;1;1;361923.0;3590.0;273134.0;13322.0;390508.0;3796.0;290872.0;18225.0
10835932000108;Neoenergia PE;2015-09;89.8501;1.4008;0.3994;88.9677;1.5227;0.4022;1;1;1;338297.0;1351.0;259100.0;11570.0;348099.0;1400.0;265734.0;12346.0
10835932000108;Neoenergia PE;2015-10;86.0894;2.2837;0.0039;82.7412;3.9374;0.0045;1;1;1;330893.0;13.0;283351.0;12349.0;356444.0;16.0;298794.0;19211.0
10835932000108;Neoenergia PE;2015-11;85.8562;2.3434;0.0183;79.2273;5.9693;0.0174;1;1;1;387617.0;71.0;254834.0;8380.0;432158.0;75.0;277447.0;21631.0
10835932000108;Neoenergia PE;2015-12;85.3601;2.1958;0.0131;65.3335;15.5888;0.0227;1;1;1;304482.0;40.0;227343.0;7572.0;427848.0;97.0;272352.0;61568.0
10835932000108;Neoenergia PE;2016-01;83.8532;3.1111;0.0102;60.0965;17.3521;76.4039;0;1;1;334943.0;34.0;255555.0;11302.0;2274071.0;1737478.0;329919.0;81768.0
10835932000108;Neoenergia PE;2016-02;85.3438;2.4335;0.0;65.2131;12.4466;7.6879;1;1;1;249173.0;0.0;195130.0;6860.0;454403.0;34934.0;278263.0;49841.0
10835932000108;Neoenergia PE;2016-03;86.609;1.8456;0.5069;76.6165;6.8955;0.8653;1;1;1;370066.0;1876.0;236190.0;5782.0;461239.0;3991.0;275864.0;24157.0
10835932000108;Neoenergia PE;2016-04;87.4464;1.6922;0.0043;76.5191;8.0158;0.0968;1;1;1;278722.0;12.0;225408.0;4673.0;344872.0;334.0;249464.0;23969.0
10835932000108;Neoenergia PE;2016-05;87.4175;1.2405;0.0;84.0349;2.6101;0.0;1;1;1;298133.0;0.0;229370.0;3802.0;328613.0;0.0;247124.0;7973.0
10835932000108;Neoenergia PE;2016-06;88.6405;1.495;0.0125;86.3532;2.4303;3.9478;1;1;1;256246.0;32.0;194703.0;4575.0;279955.0;11052.0;201541.0;7062.0
10835932000108;Neoenergia PE;2016-07;85.4089;1.9511;0.0915;84.9418;2.1242;0.1068;1;1;1;275498.0;252.0;202575.0;6253.0;278011.0;297.0;203978.0;6733.0
10835932000108;Neoenergia PE;2016-08;85.6366;2.0272;0.5328;80.4079;5.5815;4.9176;1;1;1;267264.0;1424.0;204044.0;6385.0;299231.0;14715.0;211775.0;16145.0
10835932000108;Neoenergia PE;2016-09;85.3072;1.9087;0.0;83.8453;3.1097;0.2208;1;1;1;258141.0;0.0;194670.0;5868.0;264011.0;583.0;195853.0;8667.0
10835932000108;Neoenergia PE;2016-10;79.899;4.072;0.0;77.2602;5.471;0.0;0;0;1;328546.0;0.0;253906.0;15239.0;358681.0;0.0;271767.0;21389.0
10835932000108;Neoenergia PE;2016-11;86.8818;1.8786;0.0018;84.3507;3.1332;0.0017;1;1;1;281575.0;5.0;203540.0;5665.0;292858.0;5.0;209242.0;9095.0
10835932000108;Neoenergia PE;2016-12;89.4542;1.5607;0.0;88.5208;2.062;0.0;1;1;1;304455.0;0.0;201400.0;4412.0;308712.0;0.0;202954.0;5597.0
10835932000108;Neoenergia PE;2017-01;88.7641;1.3426;0.0;88.557;1.4674;0.0;1;1;1;278407.0;0.0;185770.0;3663.0;281679.0;0.0;187206.0;3980.0
10835932000108;Neoenergia PE;2017-02;88.2825;1.1218;0.004;87.0921;1.7752;0.0039;1;1;1;253015.0;10.0;177074.0;3028.0;258627.0;10.0;179162.0;4364.0
10835932000108;Neoenergia PE;2017-03;86.8415;1.4862;0.0007;81.9784;3.8789;0.0006;1;1;1;304555.0;2.0;225499.0;5023.0;334371.0;2.0;242281.0;12839.0
10835932000108;Neoenergia PE;2017-04;87.4198;1.7544;0.0;75.789;7.8738;3.3395;1;1;1;262348.0;0.0;196106.0;4744.0;315585.0;10539.0;216432.0;22101.0
10835932000108;Neoenergia PE;2017-05;87.8355;1.0305;0.0;85.8418;1.9175;0.2536;1;1;1;305695.0;0.0;233086.0;3712.0;330393.0;838.0;249054.0;6696.0
10835932000108;Neoenergia PE;2017-06;86.3363;0.9337;0.0;83.5741;1.9493;0.9585;1;1;1;311672.0;0.0;247004.0;3961.0;349727.0;3352.0;273035.0;8340.0
10835932000108;Neoenergia PE;2017-07;85.9613;1.6699;0.0;62.4848;9.9577;12.8141;1;1;1;238823.0;0.0;190249.0;4951.0;493767.0;63272.0;322149.0;49403.0
10835932000108;Neoenergia PE;2017-08;87.8997;0.9697;0.0;84.5482;2.2156;0.0114;1;1;1;286105.0;0.0;229769.0;4393.0;306285.0;35.0;242123.0;10714.0
10835932000108;Neoenergia PE;2017-09;85.5857;0.9756;0.0;83.4969;1.3433;0.0;1;1;1;273916.0;0.0;217926.0;3923.0;285252.0;0.0;226055.0;5967.0
10835932000108;Neoenergia PE;2017-10;86.3352;1.103;0.0;80.2962;2.9949;0.0;1;1;1;284466.0;0.0;226747.0;4270.0;318576.0;0.0;250377.0;12128.0
10835932000108;Neoenergia PE;2017-11;85.2509;0.9234;0.0;78.3596;3.0788;0.0;1;1;1;288354.0;0.0;224148.0;3681.0;332760.0;0.0;252752.0;14561.0
10835932000108;Neoenergia PE;2017-12;86.1253;1.5418;0.0;67.6003;11.9336;0.0005;1;1;1;295635.0;0.0;225171.0;5300.0;409873.0;2.0;280236.0;47379.0
10835932000108;Neoenergia PE;2018-01;85.3052;1.4518;0.0;70.9059;6.2529;0.0065;1;1;1;308380.0;0.0;242951.0;5675.0;413934.0;27.0;309850.0;29308.0
10835932000108;Neoenergia PE;2018-02;85.9671;1.3961;0.0;73.7196;7.0575;0.0;1;1;1;275880.0;0.0;207299.0;4616.0;360738.0;0.0;251309.0;30097.0
10835932000108;Neoenergia PE;2018-03;85.6332;1.6409;0.0;74.6425;5.9627;0.0035;1;1;1;325177.0;0.0;228926.0;5665.0;403892.0;14.0;271845.0;25694.0
10835932000108;Neoenergia PE;2018-04;85.5224;1.6338;0.0;81.6511;3.3215;0.0;1;1;1;349219.0;0.0;252629.0;5959.0;383778.0;0.0;271074.0;12729.0
10835932000108;Neoenergia PE;2018-05;86.6711;1.0202;0.0;86.2983;1.0605;0.0;1;1;1;281803.0;0.0;215575.0;3493.0;284751.0;0.0;217662.0;3854.0
10835932000108;Neoenergia PE;2018-06;87.2843;1.4948;0.0;86.7706;1.639;0.0;1;1;1;282844.0;0.0;199541.0;4206.0;285251.0;0.0;201044.0;4722.0
10835932000108;Neoenergia PE;2018-07;86.7115;1.7749;0.0;85.3848;2.614;0.0;1;1;1;300517.0;0.0;183123.0;4481.0;306442.0;0.0;185087.0;6396.0
10835932000108;Neoenergia PE;2018-08;92.2402;0.8721;0.0;91.2613;1.3848;0.0;1;1;1;271388.0;0.0;163796.0;2159.0;275412.0;0.0;165075.0;3168.0
10835932000108;Neoenergia PE;2018-09;90.0361;1.4816;0.0;89.7863;1.654;0.0;1;1;1;234217.0;0.0;136576.0;2710.0;235075.0;0.0;136758.0;2979.0
10835932000108;Neoenergia PE;2018-10;85.3511;2.1296;0.0;84.8439;2.4194;0.0;1;1;1;291996.0;0.0;166092.0;4943.0;295165.0;0.0;166979.0;5558.0
10835932000108;Neoenergia PE;2018-11;86.0271;1.4528;0.0;85.1016;1.7608;0.0;1;1;1;298820.0;0.0;179753.0;3978.0;304358.0;0.0;182270.0;4848.0
10835932000108;Neoenergia PE;2018-12;85.0797;1.9018;0.0003;83.5093;2.6819;0.0003;1;1;1;296428.0;1.0;191781.0;5466.0;303780.0;1.0;194604.0;7506.0
10835932000108;Neoenergia PE;2019-01;85.0543;2.2494;0.0022;76.5436;6.4588;11.7426;1;1;1;316810.0;7.0;179906.0;5746.0;400566.0;47037.0;193129.0;16937.0
10835932000108;Neoenergia PE;2019-02;85.2442;1.6472;0.0072;79.4348;4.9984;0.0075;1;1;1;332905.0;24.0;197695.0;5206.0;371764.0;28.0;208004.0;14725.0
10835932000108;Neoenergia PE;2019-03;85.8191;1.4496;0.0;82.362;2.6376;0.0;1;1;1;379847.0;0.0;209861.0;5166.0;405042.0;0.0;219560.0;9076.0
10835932000108;Neoenergia PE;2019-04;86.2262;1.3118;0.0;85.1976;1.7205;0.0;1;1;1;325239.0;0.0;184310.0;3731.0;332400.0;0.0;186508.0;4740.0
10835932000108;Neoenergia PE;2019-05;85.9944;1.2988;0.0;84.9055;2.0565;0.0;1;1;1;321830.0;0.0;188472.0;3688.0;331278.0;0.0;190936.0;5475.0
10835932000108;Neoenergia PE;2019-06;85.9578;1.6425;0.0;82.5102;2.9072;0.0;1;1;1;313415.0;0.0;181506.0;4626.0;337486.0;0.0;190729.0;8041.0
10835932000108;Neoenergia PE;2019-07;86.3399;1.8726;0.0;85.223;2.2781;0.0;1;1;1;354203.0;0.0;199859.0;5664.0;361123.0;0.0;202817.0;6823.0
10835932000108;Neoenergia PE;2019-08;86.5353;1.6886;0.0;85.1156;2.4178;0.0;1;1;1;331113.0;0.0;181820.0;4599.0;339591.0;0.0;184407.0;6626.0
10835932000108;Neoenergia PE;2019-09;86.5788;1.4388;0.0;86.5487;1.4437;0.0;1;1;1;298606.0;0.0;166665.0;3501.0;299184.0;0.0;166848.0;3517.0
10835932000108;Neoenergia PE;2019-10;85.3356;1.212;0.0;84.8363;1.5089;0.0;1;1;1;305195.0;0.0;162204.0;2940.0;310517.0;0.0;163185.0;3541.0
10835932000108;Neoenergia PE;2019-11;86.328;1.4558;0.0;85.0746;2.4778;0.0;1;1;1;286193.0;0.0;144991.0;3051.0;292838.0;0.0;146061.0;4935.0
10835932000108;Neoenergia PE;2019-12;85.3966;1.1461;0.0;82.4242;2.6781;0.0;1;1;1;329268.0;0.0;172419.0;3170.0;351217.0;0.0;177049.0;6678.0
10835932000108;Neoenergia PE;2020-01;86.0161;2.5728;0.0;84.0404;3.9683;0.0286;1;1;1;335891.0;0.0;166925.0;5784.0;349139.0;100.0;170220.0;8898.0
10835932000108;Neoenergia PE;2020-02;86.5766;3.8598;0.0022;72.7356;11.7619;0.0011;1;1;1;178967.0;4.0;115124.0;12940.0;367581.0;4.0;189778.0;66528.0
10835932000108;Neoenergia PE;2020-03;85.9811;3.6242;0.0;82.3105;5.822;0.0;1;1;1;268470.0;0.0;107115.0;24575.0;489014.0;0.0;187547.0;88062.0
10835932000108;Neoenergia PE;2020-04;56.9866;14.7206;0.0;44.6328;23.4937;0.0;0;0;1;290415.0;0.0;108507.0;19963.0;503389.0;0.0;176070.0;56674.0
10835932000108;Neoenergia PE;2020-05;53.0378;16.0049;0.0;44.492;19.7733;0.0;0;0;1;277529.0;0.0;104615.0;21157.0;544402.0;0.0;210551.0;55052.0
10835932000108;Neoenergia PE;2020-06;90.8442;2.2108;0.0;84.0078;3.9608;0.0;1;1;1;335289.0;0.0;161447.0;3986.0;474051.0;0.0;227514.0;10190.0
10835932000108;Neoenergia PE;2020-07;92.7175;0.8697;0.0;91.4319;0.9627;0.0;1;1;1;376529.0;0.0;190230.0;2059.0;467744.0;0.0;238459.0;2899.0
10835932000108;Neoenergia PE;2020-08;90.8815;1.5214;0.0;88.8528;2.4417;9.1293;1;1;1;386048.0;0.0;190045.0;3306.0;457109.0;41731.0;202815.0;5612.0
10835932000108;Neoenergia PE;2020-09;87.5105;1.8449;0.0;86.3451;2.166;0.0;1;1;1;376945.0;0.0;178015.0;3808.0;445390.0;0.0;209261.0;5212.0
10835932000108;Neoenergia PE;2020-10;85.6531;3.6047;0.0025;83.027;4.8963;0.0021;1;1;1;397169.0;10.0;183983.0;7584.0;468161.0;10.0;214105.0;12008.0
10835932000108;Neoenergia PE;2020-11;88.0739;2.9781;0.0;83.1502;4.6336;0.0;1;1;1;358769.0;0.0;163250.0;5636.0;484118.0;0.0;217280.0;11667.0
10835932000108;Neoenergia PE;2020-12;87.0712;2.6022;0.001;86.0646;3.0023;0.0009;1;1;1;408052.0;4.0;187032.0;5493.0;440306.0;4.0;200923.0;6813.0
10835932000108;Neoenergia PE;2021-01;87.2454;2.5765;0.0;87.1164;2.6344;0.0;1;1;1;427499.0;0.0;197718.0;5755.0;430090.0;0.0;198546.0;5913.0
10835932000108;Neoenergia PE;2021-02;89.6132;3.2021;0.0;88.4424;3.8438;0.0;1;1;1;401195.0;0.0;181438.0;7372.0;410971.0;0.0;183717.0;9030.0
10835932000108;Neoenergia PE;2021-03;87.885;1.9198;0.0;87.2057;2.5416;0.0;1;1;1;521232.0;0.0;241902.0;7113.0;537991.0;0.0;247098.0;9141.0
10835932000108;Neoenergia PE;2021-04;85.7183;3.0889;0.0;82.7061;4.5299;0.0;1;1;1;437010.0;0.0;205090.0;9234.0;502418.0;0.0;225234.0;14881.0
10835932000108;Neoenergia PE;2021-05;91.1736;1.3852;0.0;91.0214;1.4495;0.0;1;1;1;437346.0;0.0;206806.0;4470.0;444124.0;0.0;209206.0;4708.0
10835932000108;Neoenergia PE;2021-06;95.5085;0.3487;0.0;95.2916;0.4137;0.0;1;1;1;389312.0;0.0;194621.0;1363.0;393581.0;0.0;195960.0;1554.0
10835932000108;Neoenergia PE;2021-07;92.4727;0.9987;0.0003;92.3682;1.049;0.0003;1;1;1;385383.0;1.0;196376.0;3259.0;388858.0;1.0;197817.0;3435.0
10835932000108;Neoenergia PE;2021-08;88.1816;1.2725;0.0;86.6343;1.8046;0.0;1;1;1;395264.0;0.0;195519.0;4281.0;412275.0;0.0;201927.0;6154.0
10835932000108;Neoenergia PE;2021-09;88.0721;1.486;0.0;88.1146;1.4804;0.0;1;1;1;381575.0;0.0;194569.0;4661.0;385397.0;0.0;196055.0;4690.0
10835932000108;Neoenergia PE;2021-10;88.2885;1.3245;0.0;88.0276;1.4674;0.0;1;1;1;370884.0;0.0;185277.0;4430.0;374393.0;0.0;186533.0;4883.0
10835932000108;Neoenergia PE;2021-11;90.4791;1.2135;0.0;90.1312;1.3888;0.0;1;1;1;424650.0;0.0;216138.0;4335.0;431817.0;0.0;218550.0;4877.0
10835932000108;Neoenergia PE;2021-12;93.9272;0.8431;0.0;91.2811;2.3817;0.0;1;1;1;416888.0;0.0;217341.0;2953.0;442829.0;0.0;223420.0;7405.0
10835932000108;Neoenergia PE;2022-01;95.9709;0.6281;0.0;81.8796;9.6296;5.8857;1;1;1;393169.0;0.0;206953.0;2047.0;592862.0;34894.0;241785.0;30440.0
10835932000108;Neoenergia PE;2022-02;94.9043;0.4826;0.0;94.3716;0.6702;0.0;1;1;1;376369.0;0.0;193853.0;1600.0;407080.0;0.0;205580.0;2166.0
10835932000108;Neoenergia PE;2022-03;93.9827;0.7519;0.0;91.4871;1.7501;0.0;1;1;1;416983.0;0.0;207243.0;2394.0;463994.0;0.0;222644.0;5242.0
10835932000108;Neoenergia PE;2022-04;93.1308;0.9481;0.0026;93.0927;1.0687;0.0025;1;1;1;345534.0;9.0;189302.0;2775.0;358305.0;9.0;196994.0;3145.0
10835932000108;Neoenergia PE;2022-05;97.7367;0.1802;0.0;88.1184;4.9068;0.0015;1;1;1;353504.0;0.0;196040.0;930.0;545041.0;8.0;256165.0;17879.0
10835932000108;Neoenergia PE;2022-06;96.4736;0.4021;0.0;95.3053;0.9587;0.0;1;1;1;365123.0;0.0;202391.0;1802.0;404726.0;0.0;220561.0;3574.0
10835932000108;Neoenergia PE;2022-07;95.1767;0.7153;0.0;94.6478;0.912;0.0;1;1;1;401937.0;0.0;205021.0;2569.0;443079.0;0.0;222179.0;3444.0
10835932000108;Neoenergia PE;2022-08;95.4802;0.6289;0.0;95.4742;0.6335;0.0;1;1;1;378589.0;0.0;194969.0;2124.0;380258.0;0.0;195603.0;2138.0
10835932000108;Neoenergia PE;2022-09;95.6828;0.5166;0.0;95.6137;0.5202;0.0;1;1;1;307706.0;0.0;176605.0;1874.0;313584.0;0.0;179942.0;1946.0
10835932000108;Neoenergia PE;2022-10;94.2938;0.4607;0.0;94.0233;0.5685;0.0;1;1;1;279012.0;0.0;168317.0;2300.0;291240.0;0.0;175614.0;2710.0
10835932000108;Neoenergia PE;2022-11;95.1688;0.473;0.0;94.5002;0.6629;0.0;1;1;1;299232.0;0.0;166847.0;1507.0;314298.0;0.0;174730.0;2129.0
10835932000108;Neoenergia PE;2022-12;93.3891;1.0359;0.0;90.8485;2.2549;0.0;1;1;1;282709.0;0.0;168230.0;2589.0;313881.0;0.0;183495.0;5885.0
10835932000108;Neoenergia PE;2023-01;91.0693;0.6843;0.0;90.8422;0.7933;0.0;1;1;1;322827.0;0.0;182147.0;2624.0;326461.0;0.0;183717.0;2885.0
10835932000108;Neoenergia PE;2023-02;89.7035;1.1775;0.0;87.793;2.3152;0.0;1;1;1;296880.0;0.0;176415.0;3790.0;324479.0;0.0;189359.0;6767.0
10835932000108;Neoenergia PE;2023-03;92.9961;0.545;0.0;92.5812;0.6452;0.0;1;1;1;370447.0;0.0;202563.0;2168.0;394733.0;0.0;214036.0;2724.0
10835932000108;Neoenergia PE;2023-04;94.8483;0.3508;0.0;93.6323;0.6156;0.0;1;1;1;321772.0;0.0;172151.0;1254.0;349263.0;0.0;186947.0;2109.0
10835932000108;Neoenergia PE;2023-05;97.3748;0.1565;0.0;96.8684;0.3089;0.0;1;1;1;347840.0;0.0;172900.0;625.0;357026.0;0.0;176836.0;1017.0
10835932000108;Neoenergia PE;2023-06;98.2293;0.1167;0.0;98.0251;0.1434;0.0;1;1;1;335916.0;0.0;168606.0;454.0;346138.0;0.0;174088.0;597.0
10835932000108;Neoenergia PE;2023-07;96.0406;0.5283;0.0;95.9534;0.5709;0.0;1;1;1;335505.0;0.0;175683.0;1502.0;338407.0;0.0;176961.0;1605.0
10835932000108;Neoenergia PE;2023-08;95.5002;0.266;0.0;94.9224;0.3642;0.0;1;1;1;343262.0;0.0;177691.0;1042.0;352419.0;0.0;182492.0;1358.0
10835932000108;Neoenergia PE;2023-09;93.6059;0.5311;0.0;93.1621;0.7139;0.0;1;1;1;290524.0;0.0;146089.0;1426.0;295017.0;0.0;147698.0;1804.0
10835932000108;Neoenergia PE;2023-10;88.4403;1.6006;0.0;86.5346;2.5096;0.0;1;1;1;349192.0;0.0;167769.0;4125.0;365062.0;0.0;172328.0;6219.0
10835932000108;Neoenergia PE;2023-11;85.0536;2.3058;0.0;84.1056;2.7097;0.0;1;1;1;327065.0;0.0;157355.0;5338.0;340273.0;0.0;161749.0;6370.0
10835932000108;Neoenergia PE;2023-12;87.529;2.1613;0.0;77.1638;8.3367;0.0;1;1;1;401312.0;0.0;174009.0;5841.0;507498.0;0.0;208733.0;25545.0
10835932000108;Neoenergia PE;2024-01;91.5338;1.3988;0.0;82.2709;5.869;0.0002;1;1;1;273934.0;0.0;151275.0;3449.0;551636.0;1.0;283692.0;24992.0
10835932000108;Neoenergia PE;2024-02;94.7297;0.6422;0.0004;73.8783;13.1045;0.0009;1;1;1;277374.0;1.0;153629.0;1750.0;555302.0;5.0;244649.0;47488.0
10835932000108;Neoenergia PE;2024-03;93.9013;0.8851;0.0;86.4666;3.7612;0.0004;1;1;1;265846.0;0.0;149940.0;2088.0;486773.0;2.0;262858.0;15614.0
10835932000108;Neoenergia PE;2024-04;97.4072;0.3099;0.0007;96.5185;0.7155;0.0007;1;1;1;307623.0;2.0;179519.0;1069.0;442760.0;3.0;250614.0;2929.0
10835932000108;Neoenergia PE;2024-05;98.7954;0.1228;0.0006;98.619;0.1686;0.0006;1;1;1;319133.0;2.0;189462.0;555.0;337815.0;2.0;199516.0;715.0
10835932000108;Neoenergia PE;2024-06;97.9864;0.1714;0.0013;97.5502;0.2784;0.001;1;1;1;306747.0;4.0;173573.0;779.0;386428.0;4.0;211709.0;1346.0
10835932000108;Neoenergia PE;2024-07;96.7066;0.414;0.002;96.4937;0.5236;0.0019;1;1;1;344872.0;7.0;189318.0;1470.0;362993.0;7.0;197771.0;1839.0
10835932000108;Neoenergia PE;2024-08;96.6837;0.3957;0.0003;96.7877;0.3842;0.0003;1;1;1;316157.0;1.0;170419.0;1240.0;331757.0;1.0;178901.0;1264.0
10835932000108;Neoenergia PE;2024-09;95.333;0.6387;0.0004;95.1418;0.6772;0.0004;1;1;1;276459.0;1.0;142346.0;1756.0;283115.0;1.0;145195.0;1879.0
10835932000108;Neoenergia PE;2024-10;92.9204;0.9684;0.0004;92.1911;1.1429;0.0004;1;1;1;263862.0;1.0;173134.0;3557.0;278125.0;1.0;179563.0;4164.0
10835932000108;Neoenergia PE;2024-11;90.4615;1.3333;0.0003;88.2447;2.3574;0.0003;1;1;1;289525.0;1.0;156960.0;4287.0;309051.0;1.0;165967.0;7249.0
10835932000108;Neoenergia PE;2024-12;92.4974;1.0249;0.0006;90.201;1.8496;0.0006;1;1;1;312464.0;2.0;164453.0;3321.0;334927.0;2.0;173103.0;5755.0
10835932000108;Neoenergia PE;2025-01;90.3307;1.1052;0.0;80.8797;6.0176;0.0;1;1;1;373615.0;0.0;188619.0;4640.0;463258.0;0.0;215090.0;20531.0
10835932000108;Neoenergia PE;2025-02;88.1569;0.9937;0.0;82.5237;3.9899;0.0;1;1;1;339143.0;0.0;170382.0;3567.0;366432.0;0.0;179513.0;11287.0
10835932000108;Neoenergia PE;2025-03;87.1717;1.1299;0.0;86.173;1.6089;0.0;1;1;1;343079.0;0.0;172549.0;4029.0;352880.0;0.0;175755.0;5201.0
10835932000108;Neoenergia PE;2025-04;90.2698;0.637;0.0003;84.9525;4.517;0.0003;1;1;1;331315.0;1.0;169404.0;2637.0;357026.0;1.0;174519.0;11963.0
10835932000108;Neoenergia PE;2025-05;91.677;0.538;0.0012;77.0744;9.2421;0.001;1;1;1;327222.0;4.0;166562.0;2211.0;389631.0;4.0;183380.0;25778.0
10835932000108;Neoenergia PE;2025-06;95.635;0.3137;0.0003;95.6345;0.3141;0.0003;1;1;1;305765.0;1.0;156986.0;1313.0;306131.0;1.0;157104.0;1315.0
10835932000108;Neoenergia PE;2025-07;93.418;0.3348;0.0;93.418;0.3348;0.0;1;1;1;352136.0;0.0;176510.0;1743.0;352136.0;0.0;176510.0;1743.0
10835932000108;Neoenergia PE;2025-08;91.512;0.4053;0.0;91.512;0.4053;0.0;1;1;1;319635.0;0.0;157253.0;1957.0;319635.0;0.0;157253.0;1957.0
10835932000108;Neoenergia PE;2025-09;86.64;0.852;0.0;86.64;0.852;0.0;1;1;1;337545.0;0.0;153843.0;3041.0;337545.0;0.0;153843.0;3041.0
10835932000108;Neoenergia PE;2025-10;90.4738;0.9106;0.0;89.0971;2.3635;0.0;1;1;1;342872.0;0.0;165181.0;3142.0;352525.0;0.0;165285.0;6072.0
10835932000108;Neoenergia PE;2025-11;86.1019;1.6209;0.0;86.0362;1.6839;0.0;1;1;1;350278.0;0.0;150038.0;4494.0;351012.0;0.0;150109.0;4612.0
10835932000108;Neoenergia PE;2025-12;88.6136;2.0941;0.0;88.4894;2.1306;0.0;1;1;1;414137.0;0.0;153862.0;5049.0;416060.0;0.0;154296.0;5135.0
10835932000108;Neoenergia PE;2026-01;91.4451;1.0574;0.0;82.6919;5.0321;0.0;1;1;1;405514.0;0.0;153926.0;2786.0;450653.0;0.0;167192.0;12006.0
10835932000108;Neoenergia PE;2026-02;86.8128;1.943;0.0;62.9058;15.1344;0.0;1;1;1;359502.0;0.0;126267.0;3895.0;552272.0;0.0;166374.0;37740.0
10835932000108;Neoenergia PE;2026-03;90.139;1.3352;0.0;85.8659;3.1413;0.0;1;1;1;490374.0;0.0;177939.0;3952.0;531203.0;0.0;187994.0;8712.0
10835932000108;Neoenergia PE;2026-04;90.6804;1.3867;0.0;77.3068;8.7682;0.0;1;1;1;432786.0;0.0;161068.0;3517.0;537612.0;0.0;180983.0;21466.0
10835932000108;Neoenergia PE;2026-05;88.6125;1.6898;0.0;45.2118;32.7588;0.0006;1;1;1;273572.0;0.0;94654.0;2724.0;537329.0;3.0;143332.0;86626.0
10835932000108;Neoenergia PE;2026-06;86.8433;1.7761;0.0;41.1486;35.4952;0.0;1;1;1;238689.0;0.0;87931.0;2902.0;469735.0;0.0;130301.0;90530.0
10835932000108;Neoenergia PE;2026-07;87.2442;1.2948;0.0;39.8166;35.2851;0.0;1;1;1;231816.0;0.0;90257.0;2502.0;476739.0;0.0;139555.0;96336.0
12272084000100;EQUATORIAL AL;2014-01;70.2498;12.0158;0.0;58.7822;20.1258;0.0;0;0;1;81939.0;0.0;66897.0;15042.0;106045.0;0.0;76216.0;29829.0
12272084000100;EQUATORIAL AL;2014-02;82.4745;9.0796;0.0;76.7978;13.4146;0.0;0;0;1;75597.0;0.0;66431.0;9166.0;85612.0;0.0;70497.0;15115.0
12272084000100;EQUATORIAL AL;2014-03;82.9779;9.0684;0.0;79.9202;10.4141;0.0;0;0;1;78090.0;0.0;70733.0;9792.0;87537.0;0.0;77215.0;12887.0
12272084000100;EQUATORIAL AL;2014-04;61.8425;19.4291;0.0;39.3501;36.8236;0.0;0;0;1;82372.0;0.0;62664.0;19708.0;161136.0;0.0;90545.0;70591.0
12272084000100;EQUATORIAL AL;2014-05;85.4655;6.8094;0.0;66.2267;16.4676;0.0;1;0;1;77666.0;0.0;76844.0;8192.0;84348.0;0.0;99878.0;30385.0
12272084000100;EQUATORIAL AL;2014-06;96.7014;0.8504;0.0;94.4438;1.4763;0.0;1;1;1;74409.0;0.0;73101.0;1308.0;83110.0;0.0;80220.0;2890.0
12272084000100;EQUATORIAL AL;2014-07;97.1436;0.9049;0.0;91.2807;4.228;0.0;1;1;1;83327.0;0.0;81804.0;1523.0;97260.0;0.0;90562.0;6698.0
12272084000100;EQUATORIAL AL;2014-08;95.6228;1.3706;0.0;93.838;1.8498;0.0;1;1;1;70403.0;0.0;68725.0;1679.0;73174.0;0.0;70674.0;2501.0
12272084000100;EQUATORIAL AL;2014-09;91.4885;2.9397;0.0;76.9945;11.1394;0.0;1;1;1;74121.0;0.0;70986.0;3136.0;100783.0;0.0;85363.0;15421.0
12272084000100;EQUATORIAL AL;2014-10;89.2796;2.2168;0.0;78.7513;6.3098;0.0;1;1;1;79045.0;0.0;76664.0;2381.0;120565.0;0.0;109953.0;10612.0
12272084000100;EQUATORIAL AL;2014-11;89.7685;4.1906;0.0;87.2857;4.7908;0.0;1;0;1;80517.0;0.0;76065.0;4452.0;116475.0;0.0;109105.0;7370.0
12272084000100;EQUATORIAL AL;2014-12;95.3187;1.0502;0.0;94.3383;1.2228;0.0;1;1;1;75460.0;0.0;74340.0;1120.0;84297.0;0.0;82801.0;1496.0
12272084000100;EQUATORIAL AL;2015-01;93.8362;1.9495;0.0;85.0277;5.0454;0.0;1;1;1;71565.0;0.0;69659.0;1906.0;94900.0;0.0;88078.0;6822.0
12272084000100;EQUATORIAL AL;2015-02;95.1922;1.3597;0.0;85.1221;6.7296;0.0;1;1;1;72936.0;0.0;71604.0;1331.0;118349.0;0.0;107884.0;10464.0
12272084000100;EQUATORIAL AL;2015-03;97.5827;0.9625;0.0;95.1764;1.7251;0.0;1;1;1;72322.0;0.0;71410.0;912.0;82514.0;0.0;80497.0;2017.0
12272084000100;EQUATORIAL AL;2015-04;97.012;0.9166;0.0;96.1407;1.2824;0.0;1;1;1;63589.0;0.0;62806.0;783.0;83467.0;0.0;82057.0;1410.0
12272084000100;EQUATORIAL AL;2015-05;97.905;0.5039;0.0;96.9221;0.687;0.0;1;1;1;71784.0;0.0;71286.0;498.0;77554.0;0.0;76763.0;791.0
12272084000100;EQUATORIAL AL;2015-06;98.7095;0.2906;0.0;97.6963;0.7405;0.0;1;1;1;80646.0;0.0;80279.0;367.0;89288.0;0.0;88329.0;959.0
12272084000100;EQUATORIAL AL;2015-07;99.1413;0.1387;0.0;98.6762;0.2443;0.0;1;1;1;85924.0;0.0;85704.0;220.0;94770.0;0.0;94343.0;427.0
12272084000100;EQUATORIAL AL;2015-08;98.5611;0.2151;0.0;97.5809;0.3821;0.0;1;1;1;57278.0;0.0;57073.0;205.0;59313.0;0.0;58928.0;385.0
12272084000100;EQUATORIAL AL;2015-09;97.6663;0.4595;0.0;95.1619;1.2237;0.0;1;1;1;58027.0;0.0;57625.0;402.0;61922.0;0.0;60861.0;1061.0
12272084000100;EQUATORIAL AL;2015-10;94.1163;1.3396;0.0;91.3303;2.7916;0.0;1;1;1;63029.0;0.0;61792.0;1237.0;68261.0;0.0;65604.0;2657.0
12272084000100;EQUATORIAL AL;2015-11;94.8616;1.1851;0.0;91.1744;2.4986;0.0;1;1;1;71313.0;0.0;70038.0;1275.0;83707.0;0.0;80736.0;2971.0
12272084000100;EQUATORIAL AL;2015-12;90.6405;2.5322;0.0;73.0041;10.8191;0.0;1;1;1;78290.0;0.0;75635.0;2655.0;116294.0;0.0;100671.0;15623.0
12272084000100;EQUATORIAL AL;2016-01;94.2014;0.9053;0.0;71.7433;11.7006;0.0;1;1;1;71425.0;0.0;70272.0;1153.0;144737.0;0.0;123168.0;21569.0
12272084000100;EQUATORIAL AL;2016-02;96.4698;0.4835;0.0;88.5224;3.4914;0.0;1;1;1;56450.0;0.0;55985.0;465.0;93023.0;0.0;88591.0;4432.0
12272084000100;EQUATORIAL AL;2016-03;94.2368;1.064;0.0;82.1341;4.7382;0.0;1;1;1;61910.0;0.0;60908.0;1002.0;78506.0;0.0;73545.0;4961.0
12272084000100;EQUATORIAL AL;2016-04;96.2176;0.9448;0.0;91.5328;3.0353;0.0;1;1;1;66282.0;0.0;65419.0;863.0;72476.0;0.0;69673.0;2803.0
12272084000100;EQUATORIAL AL;2016-05;98.0478;0.3697;0.0;96.1452;1.1066;0.0;1;1;1;71557.0;0.0;71144.0;413.0;80570.0;0.0;79272.0;1298.0
12272084000100;EQUATORIAL AL;2016-06;96.1309;0.5813;0.0;93.7758;1.1283;0.0;1;1;1;74147.0;0.0;73540.0;607.0;88757.0;0.0;87368.0;1389.0
12272084000100;EQUATORIAL AL;2016-07;94.2708;0.7454;0.0;93.4513;0.9277;0.0;1;1;1;73015.0;0.0;72173.0;842.0;76908.0;0.0;75824.0;1084.0
12272084000100;EQUATORIAL AL;2016-08;95.7199;1.0747;0.0;92.492;3.0277;0.0;1;1;1;59377.0;0.0;58452.0;925.0;66116.0;0.0;63417.0;2699.0
12272084000100;EQUATORIAL AL;2016-09;97.5064;0.3739;0.0;96.7699;0.5172;0.0;1;1;1;50116.0;0.0;49822.0;294.0;51415.0;0.0;50972.0;443.0
12272084000100;EQUATORIAL AL;2016-10;91.4523;1.6536;0.0;83.0797;5.4252;0.0;1;1;1;59429.0;0.0;57988.0;1441.0;67456.0;0.0;62635.0;4821.0
12272084000100;EQUATORIAL AL;2016-11;90.7255;1.7666;0.0;87.8971;3.1758;0.0;1;1;1;68232.0;0.0;66559.0;1673.0;72830.0;0.0;69849.0;2981.0
12272084000100;EQUATORIAL AL;2016-12;91.8201;1.4251;0.0;88.3765;2.6053;0.0;1;1;1;73988.0;0.0;72558.0;1430.0;84748.0;0.0;81906.0;2842.0
12272084000100;EQUATORIAL AL;2017-01;94.3864;1.2237;0.0;92.7081;1.7424;0.0;1;1;1;67056.0;0.0;65950.0;1106.0;71197.0;0.0;69530.0;1667.0
12272084000100;EQUATORIAL AL;2017-02;92.5759;1.5555;0.0;83.9683;5.8423;0.0;1;1;1;54861.0;0.0;53730.0;1131.0;72388.0;0.0;66996.0;5392.0
12272084000100;EQUATORIAL AL;2017-03;90.3049;1.6839;0.0;78.153;9.0719;0.0;1;1;1;64434.0;0.0;62883.0;1551.0;79129.0;0.0;70322.0;8807.0
12272084000100;EQUATORIAL AL;2017-04;94.3792;0.8811;0.0;76.0649;10.4021;0.0;1;1;1;67046.0;0.0;66146.0;900.0;102147.0;0.0;88684.0;13463.0
12272084000100;EQUATORIAL AL;2017-05;91.2358;2.4776;0.0;53.9272;23.2821;0.0;1;1;1;59858.0;0.0;58018.0;1840.0;136621.0;0.0;99444.0;37177.0
12272084000100;EQUATORIAL AL;2017-06;87.6843;2.3735;0.0;78.2865;6.6366;0.0;1;1;1;78357.0;0.0;75806.0;2551.0;98439.0;0.0;90274.0;8165.0
12272084000100;EQUATORIAL AL;2017-07;84.3588;2.885;0.0;56.3243;18.2509;0.0;0;1;1;60802.0;0.0;58370.0;2432.0;130189.0;0.0;101328.0;28861.0
12272084000100;EQUATORIAL AL;2017-08;93.4557;1.3498;0.0;86.9187;5.5292;0.0;1;1;1;71690.0;0.0;70382.0;1308.0;81174.0;0.0;75656.0;5518.0
12272084000100;EQUATORIAL AL;2017-09;93.1843;1.9438;0.0;88.4054;4.9461;0.0;1;1;1;72579.0;0.0;70826.0;1753.0;79666.0;0.0;74816.0;4850.0
12272084000100;EQUATORIAL AL;2017-10;92.2434;1.8176;0.0;90.7139;2.6762;0.0;1;1;1;69755.0;0.0;68062.0;1693.0;74475.0;0.0;71897.0;2578.0
12272084000100;EQUATORIAL AL;2017-11;93.6421;2.1504;0.0;87.807;5.2696;0.0;1;1;1;69959.0;0.0;68071.0;1888.0;86992.0;0.0;81453.0;5539.0
12272084000100;EQUATORIAL AL;2017-12;94.297;1.4681;0.0;78.3354;9.3866;0.0;1;1;1;73543.0;0.0;72080.0;1463.0;109352.0;0.0;96429.0;12923.0
12272084000100;EQUATORIAL AL;2018-01;94.8313;1.0727;0.0;88.0796;4.35;0.0;1;1;1;78788.0;0.0;77649.0;1139.0;99524.0;0.0;93978.0;5546.0
12272084000100;EQUATORIAL AL;2018-02;89.5702;2.1468;0.0;81.907;6.3256;0.0;1;1;1;71528.0;0.0;69465.0;2063.0;86375.0;0.0;79716.0;6659.0
12272084000100;EQUATORIAL AL;2018-03;93.9201;0.8128;0.0;81.7387;7.0443;0.0;1;1;1;77693.0;0.0;76757.0;936.0;106501.0;0.0;97016.0;9485.0
12272084000100;EQUATORIAL AL;2018-04;95.9346;0.654;0.0;94.4679;0.9835;0.0;1;1;1;80964.0;0.0;80203.0;761.0;85963.0;0.0;84767.0;1196.0
12272084000100;EQUATORIAL AL;2018-05;89.5724;2.8353;0.0;85.6864;4.7988;0.0;1;1;1;70342.0;0.0;67649.0;2693.0;79741.0;0.0;74612.0;5129.0
12272084000100;EQUATORIAL AL;2018-06;90.1876;2.5753;0.0;89.5107;2.8566;0.0;1;1;1;65108.0;0.0;62799.0;2309.0;67502.0;0.0;64884.0;2618.0
12272084000100;EQUATORIAL AL;2018-07;95.8521;0.7805;0.0;93.0911;1.9159;0.0;1;1;1;65712.0;0.0;64704.0;1008.0;69200.0;0.0;67066.0;2134.0
12272084000100;EQUATORIAL AL;2018-08;99.9571;0.0017;0.0;99.9036;0.0098;0.0;1;1;1;60561.0;0.0;60551.0;10.0;61200.0;0.0;61184.0;16.0
12272084000100;EQUATORIAL AL;2018-09;99.7218;0.0329;0.0;99.6836;0.0322;0.0;1;1;1;54664.0;0.0;54623.0;41.0;55982.0;0.0;55931.0;51.0
12272084000100;EQUATORIAL AL;2018-10;99.2531;0.1072;0.0;97.1875;0.9195;0.0;1;1;1;62636.0;0.0;62455.0;181.0;66846.0;0.0;65947.0;899.0
12272084000100;EQUATORIAL AL;2018-11;96.9625;0.5877;0.0;92.8303;1.7461;0.0;1;1;1;64021.0;0.0;63263.0;758.0;74375.0;0.0;72028.0;2347.0
12272084000100;EQUATORIAL AL;2018-12;97.6255;0.38;0.0;92.7517;1.8379;0.0;1;1;1;66970.0;0.0;66330.0;640.0;83678.0;0.0;80864.0;2814.0
12272084000100;EQUATORIAL AL;2019-01;98.9074;0.2222;0.0;91.0531;2.505;0.0;1;1;1;66349.0;0.0;66024.0;325.0;81597.0;0.0;78306.0;3291.0
12272084000100;EQUATORIAL AL;2019-02;97.377;0.9038;0.0;95.4123;2.2959;0.0;1;1;1;64932.0;0.0;63924.0;1008.0;72655.0;0.0;70174.0;2481.0
12272084000100;EQUATORIAL AL;2019-03;95.8092;1.62;0.0105;71.1311;25.2635;0.0415;1;1;1;57166.0;6.0;55566.0;1594.0;142132.0;59.0;99996.0;42077.0
12272084000100;EQUATORIAL AL;2019-04;97.3965;0.9255;0.0151;96.2965;1.6939;0.0142;1;1;1;66290.0;10.0;65302.0;978.0;70543.0;10.0;68829.0;1704.0
12272084000100;EQUATORIAL AL;2019-05;93.8645;1.7563;0.0;87.4216;4.6217;0.0;1;1;1;71802.0;0.0;68805.0;2997.0;101973.0;0.0;92001.0;9972.0
12272084000100;EQUATORIAL AL;2019-06;86.2195;3.3091;0.132;54.1346;22.2147;4.4731;1;1;1;33336.0;44.0;30213.0;3123.0;201965.0;9034.0;135201.0;66764.0
12272084000100;EQUATORIAL AL;2019-07;89.1517;2.1254;0.1904;45.8286;33.2025;11.0973;1;1;1;23630.0;45.0;21644.0;1986.0;284737.0;31598.0;154544.0;130193.0
12272084000100;EQUATORIAL AL;2019-08;92.3332;1.703;0.3275;59.678;18.6425;1.015;1;1;1;32065.0;105.0;29899.0;2166.0;195077.0;1980.0;136596.0;58481.0
12272084000100;EQUATORIAL AL;2019-09;85.4184;3.7201;1.0718;77.3376;6.5845;0.4383;1;1;1;32936.0;353.0;29660.0;3276.0;167924.0;736.0;142495.0;25429.0
12272084000100;EQUATORIAL AL;2019-10;86.2562;3.1735;0.3268;79.8352;6.3266;1.109;1;1;1;27542.0;90.0;24531.0;3011.0;212535.0;2357.0;178964.0;33571.0
12272084000100;EQUATORIAL AL;2019-11;84.1831;3.1228;0.2369;73.4109;8.174;1.0399;0;1;1;58261.0;138.0;54475.0;3786.0;142902.0;1486.0;120483.0;22419.0
12272084000100;EQUATORIAL AL;2019-12;88.9517;1.6326;0.0726;82.7187;4.8806;0.0327;1;1;1;56461.0;41.0;53563.0;2898.0;125216.0;41.0;114052.0;11164.0
12272084000100;EQUATORIAL AL;2020-01;86.7155;1.6875;0.0017;85.9721;2.1502;0.0017;1;1;1;116125.0;2.0;107545.0;8580.0;120414.0;2.0;110811.0;9603.0
12272084000100;EQUATORIAL AL;2020-02;87.8032;2.0466;0.001;86.0832;2.7747;0.0009;1;1;1;102299.0;1.0;93474.0;8825.0;107608.0;1.0;96395.0;11213.0
12272084000100;EQUATORIAL AL;2020-03;82.7595;3.2463;0.0;81.0666;4.0179;0.0;0;1;1;119414.0;0.0;108188.0;11226.0;129076.0;0.0;115477.0;13599.0
12272084000100;EQUATORIAL AL;2020-04;54.2358;7.5294;0.1345;53.2294;9.0244;0.246;0;0;1;98127.0;132.0;83709.0;14418.0;105685.0;260.0;88078.0;17607.0
12272084000100;EQUATORIAL AL;2020-05;36.0132;11.8591;0.5211;34.3188;13.962;0.5255;0;0;1;113412.0;591.0;93231.0;20181.0;123681.0;650.0;97438.0;26243.0
12272084000100;EQUATORIAL AL;2020-06;90.3931;1.0019;0.0;89.0748;1.2421;0.0;1;1;1;92012.0;0.0;86561.0;5451.0;97096.0;0.0;91036.0;6060.0
12272084000100;EQUATORIAL AL;2020-07;86.063;0.4973;0.0;86.0676;0.4971;0.0;1;1;1;91401.0;0.0;87837.0;3564.0;91430.0;0.0;87866.0;3564.0
12272084000100;EQUATORIAL AL;2020-08;85.1278;1.7995;0.0;84.9525;1.8974;0.0;1;1;1;95627.0;0.0;90916.0;4711.0;97036.0;0.0;92134.0;4902.0
12272084000100;EQUATORIAL AL;2020-09;89.2844;1.8283;0.0;89.2121;1.9014;0.0;1;1;1;70166.0;0.0;67658.0;2508.0;70274.0;0.0;67691.0;2583.0
12272084000100;EQUATORIAL AL;2020-10;92.4918;2.5745;0.0;90.2665;3.4689;0.0;1;1;1;94638.0;0.0;90065.0;4573.0;99308.0;0.0;93501.0;5807.0
12272084000100;EQUATORIAL AL;2020-11;94.0312;1.4954;0.0;94.0165;1.4953;0.0;1;1;1;86653.0;0.0;83589.0;3064.0;86729.0;0.0;83663.0;3066.0
12272084000100;EQUATORIAL AL;2020-12;96.5592;0.6327;0.0;96.5398;0.6326;0.0;1;1;1;77223.0;0.0;74912.0;2311.0;77571.0;0.0;75240.0;2331.0
12272084000100;EQUATORIAL AL;2021-01;93.7387;1.045;0.0;91.2809;2.6875;0.0;1;1;1;73880.0;0.0;70929.0;2951.0;77606.0;0.0;73070.0;4536.0
12272084000100;EQUATORIAL AL;2021-02;91.6339;0.9283;0.0;90.5773;1.304;0.0;1;1;1;70427.0;0.0;67452.0;2975.0;73157.0;0.0;69706.0;3451.0
12272084000100;EQUATORIAL AL;2021-03;91.4835;1.258;0.0;90.1008;1.9828;0.0;1;1;1;79492.0;0.0;76452.0;3040.0;82585.0;0.0;78747.0;3838.0
12272084000100;EQUATORIAL AL;2021-04;95.1037;0.7492;0.0;90.8293;2.6518;0.2711;1;1;1;75627.0;0.0;73521.0;2106.0;85943.0;233.0;81312.0;4631.0
12272084000100;EQUATORIAL AL;2021-05;93.3794;0.8316;0.0;92.3729;1.1225;0.0;1;1;1;82617.0;0.0;80017.0;2600.0;91354.0;0.0;88000.0;3354.0
12272084000100;EQUATORIAL AL;2021-06;91.8614;1.0761;0.0;90.6797;1.4124;0.0;1;1;1;73734.0;0.0;70328.0;3406.0;76991.0;0.0;72944.0;4047.0
12272084000100;EQUATORIAL AL;2021-07;91.6618;1.1144;0.0;90.9473;1.3116;0.0;1;1;1;73799.0;0.0;70990.0;2809.0;77532.0;0.0;74338.0;3194.0
12272084000100;EQUATORIAL AL;2021-08;89.0656;1.8979;0.0;87.3106;3.1449;0.0;1;1;1;71617.0;0.0;68644.0;2973.0;76646.0;0.0;72435.0;4211.0
12272084000100;EQUATORIAL AL;2021-09;87.4449;2.3105;0.0;86.6373;2.5168;0.0;1;1;1;67285.0;0.0;63422.0;3863.0;69429.0;0.0;65226.0;4203.0
12272084000100;EQUATORIAL AL;2021-10;87.4991;1.8797;0.0;85.688;2.7936;0.0122;1;1;1;70559.0;0.0;65979.0;4580.0;73873.0;9.0;68096.0;5768.0
12272084000100;EQUATORIAL AL;2021-11;88.953;2.9941;0.0;76.5872;9.8622;0.0;1;1;1;76569.0;0.0;70759.0;5914.0;103725.0;0.0;88610.0;15271.0
12272084000100;EQUATORIAL AL;2021-12;93.3254;1.0168;0.0;77.9701;11.1066;0.0;1;1;1;82000.0;0.0;77783.0;4217.0;110356.0;0.0;92586.0;17770.0
12272084000100;EQUATORIAL AL;2022-01;95.2718;0.5886;0.0;93.6567;1.3362;0.0;1;1;1;73213.0;0.0;71107.0;2106.0;83390.0;0.0;80041.0;3349.0
12272084000100;EQUATORIAL AL;2022-02;94.2767;0.5447;0.0;94.2345;0.5393;0.0;1;1;1;67640.0;0.0;65547.0;2093.0;70075.0;0.0;67866.0;2209.0
12272084000100;EQUATORIAL AL;2022-03;91.421;0.9347;0.0;90.3764;1.5011;0.0;1;1;1;75327.0;0.0;72391.0;2936.0;87372.0;0.0;83468.0;3904.0
12272084000100;EQUATORIAL AL;2022-04;91.8902;1.3753;0.0;89.2706;2.4625;0.0;1;1;1;61024.0;0.0;59164.0;1860.0;65130.0;0.0;62344.0;2786.0
12272084000100;EQUATORIAL AL;2022-05;91.1863;1.3121;0.0;86.73;3.1888;0.0;1;1;1;65937.0;0.0;63779.0;2158.0;87687.0;0.0;82760.0;4927.0
12272084000100;EQUATORIAL AL;2022-06;94.4096;0.5152;0.0;93.1438;1.1959;0.0;1;1;1;69493.0;0.0;67784.0;1709.0;79176.0;0.0;76508.0;2668.0
12272084000100;EQUATORIAL AL;2022-07;93.3497;1.1694;0.0;85.4321;5.199;0.0;1;1;1;61371.0;0.0;59415.0;1956.0;83679.0;0.0;75637.0;8042.0
12272084000100;EQUATORIAL AL;2022-08;92.3806;0.7593;0.0;92.3501;0.7778;0.0;1;1;1;65606.0;0.0;63782.0;1824.0;67084.0;0.0;65189.0;1895.0
12272084000100;EQUATORIAL AL;2022-09;92.1115;0.8044;0.0;92.041;0.8036;0.0;1;1;1;56689.0;0.0;55002.0;1687.0;57076.0;0.0;55300.0;1776.0
12272084000100;EQUATORIAL AL;2022-10;90.962;1.0458;0.0;90.011;1.2456;0.0;1;1;1;61599.0;0.0;59703.0;1896.0;64040.0;0.0;61918.0;2122.0
12272084000100;EQUATORIAL AL;2022-11;92.1745;0.7071;0.0;88.2883;1.2643;0.0;1;1;1;55980.0;0.0;54484.0;1496.0;94513.0;0.0;91134.0;3379.0
12272084000100;EQUATORIAL AL;2022-12;91.5525;0.757;0.0;91.4688;0.8416;0.0;1;1;1;77574.0;0.0;74601.0;2973.0;82406.0;0.0;79176.0;3230.0
12272084000100;EQUATORIAL AL;2023-01;92.3424;0.7091;0.0;92.0515;0.7601;0.0;1;1;1;56574.0;0.0;55029.0;1545.0;58740.0;0.0;57058.0;1682.0
12272084000100;EQUATORIAL AL;2023-02;93.6536;0.3535;0.0;93.6791;0.3521;0.0;1;1;1;52909.0;0.0;51861.0;1048.0;53122.0;0.0;52071.0;1051.0
12272084000100;EQUATORIAL AL;2023-03;92.0639;0.3536;0.0;91.8839;0.3649;0.0;1;1;1;68923.0;0.0;67640.0;1283.0;70432.0;0.0;69078.0;1354.0
12272084000100;EQUATORIAL AL;2023-04;91.5565;0.4962;0.0;91.4285;0.5682;0.0;1;1;1;57664.0;0.0;56354.0;1310.0;59507.0;0.0;58094.0;1413.0
12272084000100;EQUATORIAL AL;2023-05;92.0075;0.4168;0.0;90.7533;0.7049;0.0;1;1;1;61910.0;0.0;60454.0;1456.0;71838.0;0.0;69725.0;2113.0
12272084000100;EQUATORIAL AL;2023-06;91.8966;0.5199;0.0;91.7922;0.5194;0.0;1;1;1;58679.0;0.0;57208.0;1471.0;59346.0;0.0;57838.0;1508.0
12272084000100;EQUATORIAL AL;2023-07;91.4677;0.7242;0.0;91.2098;0.8764;0.0;1;1;1;71320.0;0.0;69230.0;2090.0;76907.0;0.0;74426.0;2481.0
12272084000100;EQUATORIAL AL;2023-08;90.7934;0.5137;0.0;89.2747;0.939;0.0;1;1;1;63297.0;0.0;61389.0;1908.0;65622.0;0.0;63194.0;2428.0
12272084000100;EQUATORIAL AL;2023-09;89.7459;0.826;0.0;89.5395;0.9394;0.0;1;1;1;57071.0;0.0;54993.0;2078.0;57323.0;0.0;55153.0;2170.0
12272084000100;EQUATORIAL AL;2023-10;91.8236;0.8897;0.0;92.0005;0.9092;0.0;1;1;1;65406.0;0.0;60935.0;4471.0;69717.0;0.0;64958.0;4759.0
12272084000100;EQUATORIAL AL;2023-11;90.1011;0.8673;0.0;89.7706;0.9712;0.0;1;1;1;62397.0;0.0;57153.0;5244.0;64575.0;0.0;58017.0;6558.0
12272084000100;EQUATORIAL AL;2023-12;88.4925;3.9442;0.0;50.6862;34.1631;0.0;1;1;1;54238.0;0.0;50217.0;4021.0;121647.0;0.0;73973.0;47674.0
12272084000100;EQUATORIAL AL;2024-01;91.3669;1.8398;0.0;86.9148;4.1419;0.0;1;1;1;116500.0;0.0;59648.0;1779.0;163812.0;0.0;81557.0;4851.0
12272084000100;EQUATORIAL AL;2024-02;91.6031;1.2629;0.0;65.1436;22.6052;0.0;1;1;1;98596.0;0.0;48317.0;1124.0;253082.0;0.0;99580.0;33373.0
12272084000100;EQUATORIAL AL;2024-03;90.9818;1.2688;0.0;88.6332;2.4463;0.0;1;1;1;126075.0;0.0;66378.0;1570.0;163396.0;0.0;84502.0;3248.0
12272084000100;EQUATORIAL AL;2024-04;96.2051;0.3121;0.0;94.2869;1.2165;0.0;1;1;1;113049.0;0.0;62283.0;581.0;168959.0;0.0;94113.0;1826.0
12272084000100;EQUATORIAL AL;2024-05;97.6499;0.4162;0.0;96.0736;0.6951;0.0;1;1;1;92243.0;0.0;55511.0;507.0;172129.0;0.0;102153.0;1487.0
12272084000100;EQUATORIAL AL;2024-06;93.1087;1.0067;0.0;91.8509;1.2895;0.0;1;1;1;89370.0;0.0;52806.0;921.0;159803.0;0.0;94542.0;2069.0
12272084000100;EQUATORIAL AL;2024-07;91.1832;1.1383;0.0;90.0232;1.3883;0.0;1;1;1;112156.0;0.0;64530.0;1328.0;158406.0;0.0;92199.0;2202.0
12272084000100;EQUATORIAL AL;2024-08;94.0228;0.807;0.0;92.8804;1.1101;0.0;1;1;1;112812.0;0.0;66248.0;1002.0;133371.0;0.0;77950.0;1498.0
12272084000100;EQUATORIAL AL;2024-09;89.7655;2.0854;0.0;84.5603;4.3074;0.0;1;1;1;100814.0;0.0;61555.0;1807.0;142278.0;0.0;85598.0;4889.0
12272084000100;EQUATORIAL AL;2024-10;90.9957;0.875;0.0;90.0165;1.292;0.0;1;1;1;122180.0;0.0;71710.0;1167.0;158954.0;0.0;92978.0;1986.0
12272084000100;EQUATORIAL AL;2024-11;94.1996;0.702;0.0;91.8832;1.1255;0.0;1;1;1;95012.0;0.0;57144.0;693.0;169017.0;0.0;100059.0;1815.0
12272084000100;EQUATORIAL AL;2024-12;93.1353;0.7542;0.0;91.5798;0.9167;0.0;1;1;1;97343.0;0.0;59218.0;731.0;119337.0;0.0;71769.0;1070.0
12272084000100;EQUATORIAL AL;2025-01;88.6903;1.5556;0.0;86.6311;2.7222;0.0;1;1;1;115387.0;0.0;69296.0;1625.0;183559.0;0.0;104453.0;4001.0
12272084000100;EQUATORIAL AL;2025-02;90.9863;1.6212;0.0;89.3199;2.5931;0.0;1;1;1;106890.0;0.0;73792.0;1717.0;111563.0;0.0;75991.0;2596.0
12272084000100;EQUATORIAL AL;2025-03;91.2673;0.7274;0.0;91.1989;0.8032;0.0;1;1;1;122187.0;0.0;71925.0;956.0;123312.0;0.0;72495.0;1022.0
12272084000100;EQUATORIAL AL;2025-04;91.7602;0.4704;0.0;90.576;1.0951;0.0;1;1;1;111094.0;0.0;63693.0;608.0;113322.0;0.0;64303.0;1053.0
12272084000100;EQUATORIAL AL;2025-05;91.1304;1.8061;0.0;75.6535;9.9014;0.0;1;1;1;117406.0;0.0;67687.0;1570.0;174434.0;0.0;92206.0;11079.0
12272084000100;EQUATORIAL AL;2025-06;89.2934;3.0865;0.0;88.3821;3.1435;0.0;1;1;1;131905.0;0.0;71183.0;2669.0;142949.0;0.0;76999.0;2969.0
12272084000100;EQUATORIAL AL;2025-07;90.0576;2.0815;0.0;89.8539;2.2104;0.0;1;1;1;142441.0;0.0;81290.0;2118.0;143406.0;0.0;81712.0;2242.0
12272084000100;EQUATORIAL AL;2025-08;96.0165;0.528;0.0;95.8481;0.5481;0.0;1;1;1;133274.0;0.0;72915.0;621.0;135141.0;0.0;73489.0;653.0
12272084000100;EQUATORIAL AL;2025-09;91.354;1.141;0.0;91.3553;1.1408;0.0;1;1;1;126960.0;0.0;74081.0;1177.0;126979.0;0.0;74093.0;1177.0
12272084000100;EQUATORIAL AL;2025-10;91.8338;1.1136;0.0;91.7464;1.1997;0.0;1;1;1;122494.0;0.0;71481.0;1115.0;123560.0;0.0;71728.0;1187.0
12272084000100;EQUATORIAL AL;2025-11;89.7236;1.36;0.0;88.929;1.5867;0.0;1;1;1;129992.0;0.0;74630.0;1423.0;134221.0;0.0;76972.0;1678.0
12272084000100;EQUATORIAL AL;2025-12;89.3857;1.9048;0.0;89.4412;1.8676;0.0;1;1;1;139061.0;0.0;79156.0;1984.0;143106.0;0.0;81498.0;2012.0
12272084000100;EQUATORIAL AL;2026-01;88.4486;2.7677;0.0;86.5121;3.37;0.0;1;1;1;131120.0;0.0;69982.0;2556.0;140789.0;0.0;74952.0;3258.0
12272084000100;EQUATORIAL AL;2026-02;89.2225;2.2486;0.0;64.6929;20.6233;0.0;1;1;1;92325.0;0.0;54991.0;1576.0;171208.0;0.0;79264.0;22387.0
12272084000100;EQUATORIAL AL;2026-03;90.5828;2.4217;0.0;90.1228;2.863;0.0;1;1;1;143505.0;0.0;65517.0;1894.0;157184.0;0.0;71418.0;2411.0
12272084000100;EQUATORIAL AL;2026-04;87.1524;3.4104;0.0;85.4647;4.3759;0.0;1;1;1;150368.0;0.0;71031.0;2857.0;155527.0;0.0;72682.0;3708.0
12272084000100;EQUATORIAL AL;2026-05;91.6782;1.8423;0.0;90.3962;2.595;0.0;1;1;1;127640.0;0.0;61913.0;1630.0;135001.0;0.0;64749.0;2234.0
12272084000100;EQUATORIAL AL;2026-06;91.9924;1.5608;0.0;91.6563;1.5908;0.0;1;1;1;123852.0;0.0;59032.0;1347.0;126597.0;0.0;60128.0;1405.0
12272084000100;EQUATORIAL AL;2026-07;94.7743;0.3597;0.0;94.6597;0.3843;0.0;1;1;1;113235.0;0.0;55124.0;735.0;113990.0;0.0;55476.0;752.0
13017462000163;ESE;2014-01;89.4174;2.0118;0.0065;81.9722;5.6325;0.0045;1;1;1;77355.0;5.0;53871.0;1118.0;110912.0;5.0;61705.0;3761.0
13017462000163;ESE;2014-02;84.9435;3.1501;0.0;75.235;9.2054;0.0;0;1;1;79712.0;0.0;50083.0;1704.0;110534.0;0.0;59199.0;6275.0
13017462000163;ESE;2014-03;86.3382;2.7759;0.0;80.3904;6.5408;0.0;1;1;1;85912.0;0.0;51381.0;1528.0;116434.0;0.0;58698.0;4304.0
13017462000163;ESE;2014-04;87.7367;1.8855;0.0;70.68;11.0233;0.0;1;1;1;86023.0;0.0;46260.0;902.0;193533.0;0.0;62927.0;8109.0
13017462000163;ESE;2014-05;89.1229;1.94;2.4548;83.2827;6.1793;1.6684;1;1;0;94754.0;2326.0;56562.0;1154.0;139417.0;2326.0;67352.0;4677.0
13017462000163;ESE;2014-06;86.8293;2.9722;0.065;85.3469;4.2885;0.4825;1;1;1;73870.0;48.0;49425.0;1550.0;85590.0;413.0;57134.0;2663.0
13017462000163;ESE;2014-07;87.351;2.2321;0.0413;83.1305;4.9003;0.0344;1;1;1;87137.0;36.0;52343.0;1211.0;104711.0;36.0;62451.0;3326.0
13017462000163;ESE;2014-08;88.0415;3.3773;0.0;86.6943;5.0808;0.0;1;1;1;85593.0;0.0;49408.0;1738.0;105956.0;0.0;61464.0;3331.0
13017462000163;ESE;2014-09;86.3924;3.7117;0.0;80.4818;6.425;0.0;1;1;1;86229.0;0.0;51054.0;2013.0;110182.0;0.0;65408.0;4729.0
13017462000163;ESE;2014-10;88.922;2.7972;0.0;85.9396;5.1155;0.0;1;1;1;88626.0;0.0;50909.0;1485.0;125434.0;0.0;72302.0;3985.0
13017462000163;ESE;2014-11;83.4352;5.4521;0.0;74.5524;11.2245;0.0;0;0;1;74180.0;0.0;40371.0;2369.0;134952.0;0.0;70755.0;9229.0
13017462000163;ESE;2014-12;82.5353;7.4043;0.0;75.1476;13.5649;0.0;0;0;1;65057.0;0.0;37267.0;3085.0;131797.0;0.0;73781.0;11838.0
13017462000163;ESE;2015-01;68.4084;5.7531;0.0;60.8891;10.9472;0.0;0;0;1;125459.0;0.0;55355.0;6514.0;146481.0;0.0;64460.0;12959.0
13017462000163;ESE;2015-02;76.7672;4.4412;0.0;62.2627;12.5809;0.0;0;0;1;112441.0;0.0;49789.0;5640.0;150977.0;0.0;65122.0;15908.0
13017462000163;ESE;2015-03;90.3519;0.9081;0.0;89.4556;1.1474;0.0;1;1;1;113428.0;0.0;62959.0;5347.0;122182.0;0.0;68577.0;6353.0
13017462000163;ESE;2015-04;94.9569;0.4013;0.0;93.3467;1.4947;0.0;1;1;1;109049.0;0.0;58577.0;5256.0;126994.0;0.0;68342.0;6915.0
13017462000163;ESE;2015-05;95.6088;0.2052;0.0;96.0402;0.2185;0.0;1;1;1;105650.0;0.0;61292.0;3927.0;127291.0;0.0;74437.0;4806.0
13017462000163;ESE;2015-06;95.7155;0.6884;0.0;94.1809;1.5254;0.0;1;1;1;103120.0;0.0;63186.0;4008.0;114640.0;0.0;70043.0;5251.0
13017462000163;ESE;2015-07;88.9854;1.5645;0.0;88.4755;1.8794;0.0;1;1;1;119086.0;0.0;67008.0;4360.0;126353.0;0.0;71263.0;5010.0
13017462000163;ESE;2015-08;96.0965;0.2569;0.8787;95.8341;0.2998;0.9572;1;1;1;91728.0;806.0;57083.0;1428.0;93293.0;893.0;57869.0;1473.0
13017462000163;ESE;2015-09;95.7668;0.3323;0.0949;95.588;0.4179;0.0934;1;1;1;88557.0;84.0;57283.0;654.0;89958.0;84.0;58142.0;741.0
13017462000163;ESE;2015-10;94.7075;0.6844;0.5439;93.9859;0.9224;0.6726;1;1;1;90085.0;490.0;57610.0;1428.0;92632.0;623.0;58862.0;1626.0
13017462000163;ESE;2015-11;88.4108;1.6233;0.1025;86.6279;3.1197;0.2532;1;1;1;94631.0;97.0;56059.0;3609.0;101119.0;256.0;59003.0;4834.0
13017462000163;ESE;2015-12;79.8061;3.6313;2.8611;68.7421;8.906;9.8392;0;1;0;101710.0;2910.0;53687.0;4484.0;178693.0;17582.0;61360.0;9677.0
13017462000163;ESE;2016-01;90.5793;1.2278;0.2231;74.4045;10.0607;15.2249;1;1;1;86042.0;192.0;53576.0;2603.0;186753.0;28433.0;66493.0;11286.0
13017462000163;ESE;2016-02;90.839;1.0483;0.1254;90.3251;1.2087;0.1239;1;1;1;81371.0;102.0;52765.0;2224.0;83142.0;103.0;53782.0;2349.0
13017462000163;ESE;2016-03;92.6288;0.9965;0.0;89.7471;2.4836;0.0;1;1;1;86091.0;0.0;56330.0;1202.0;104985.0;0.0;58465.0;2258.0
13017462000163;ESE;2016-04;93.8084;0.6508;0.0;88.7302;3.318;0.0;1;1;1;80467.0;0.0;56176.0;803.0;92124.0;0.0;63552.0;2849.0
13017462000163;ESE;2016-05;92.7782;1.2597;0.0;82.9457;5.1889;0.0;1;1;1;89368.0;0.0;59339.0;1249.0;111271.0;0.0;71004.0;4864.0
13017462000163;ESE;2016-06;93.5745;0.9376;0.0;91.3198;1.4714;0.0;1;1;1;95095.0;0.0;60543.0;970.0;110242.0;0.0;69774.0;1628.0
13017462000163;ESE;2016-07;94.7839;0.5445;0.0;93.1747;0.804;0.0;1;1;1;93842.0;0.0;59909.0;746.0;106309.0;0.0;67857.0;1063.0
13017462000163;ESE;2016-08;96.9691;0.3296;0.0;96.7101;0.3905;0.0;1;1;1;97454.0;0.0;63501.0;583.0;100439.0;0.0;65550.0;654.0
13017462000163;ESE;2016-09;95.4493;0.6637;0.0;95.2545;0.6909;0.0;1;1;1;82128.0;0.0;55227.0;651.0;83075.0;0.0;55771.0;677.0
13017462000163;ESE;2016-10;91.0426;0.5635;0.0;89.4375;0.8249;0.0;1;1;1;88253.0;0.0;60179.0;726.0;94071.0;0.0;63838.0;979.0
13017462000163;ESE;2016-11;88.9784;1.1952;0.0;88.1676;1.3821;0.0;1;1;1;82422.0;0.0;61175.0;1245.0;89222.0;0.0;67143.0;1571.0
13017462000163;ESE;2016-12;89.5282;1.3761;0.0012;85.472;2.2555;0.0009;1;1;1;85742.0;1.0;63572.0;1401.0;107335.0;1.0;77399.0;2568.0
13017462000163;ESE;2017-01;92.2212;0.6506;0.0012;90.5402;0.9954;0.0011;1;1;1;85744.0;1.0;60781.0;827.0;93595.0;1.0;66542.0;1209.0
13017462000163;ESE;2017-02;91.2569;0.6604;0.0;88.839;1.8464;0.0;1;1;1;80063.0;0.0;52197.0;946.0;97455.0;0.0;64269.0;2030.0
13017462000163;ESE;2017-03;90.1451;1.2251;0.0;85.2709;3.0446;0.0;1;1;1;78145.0;0.0;60228.0;1509.0;98657.0;0.0;76746.0;3710.0
13017462000163;ESE;2017-04;90.0747;1.0551;0.0;86.7221;2.0417;0.0;1;1;1;92397.0;0.0;56175.0;2929.0;110513.0;0.0;66162.0;4551.0
13017462000163;ESE;2017-05;94.7235;0.6992;0.0;94.7099;0.6959;0.0;1;1;1;100646.0;0.0;64476.0;1140.0;110859.0;0.0;71351.0;1268.0
13017462000163;ESE;2017-06;95.1092;0.7707;0.0;93.9141;1.2561;0.0;1;1;1;94996.0;0.0;63606.0;1044.0;102330.0;0.0;67999.0;1492.0
13017462000163;ESE;2017-07;89.5518;1.1894;0.0;84.052;2.6654;0.0;1;1;1;92589.0;0.0;62058.0;1113.0;112650.0;0.0;74826.0;2684.0
13017462000163;ESE;2017-08;94.2035;0.7332;0.0;92.6576;1.2005;0.0;1;1;1;91514.0;0.0;62011.0;782.0;96333.0;0.0;65181.0;1182.0
13017462000163;ESE;2017-09;88.9976;1.4402;0.0;87.1451;2.1756;0.0;1;1;1;87437.0;0.0;62482.0;1378.0;95609.0;0.0;67987.0;2071.0
13017462000163;ESE;2017-10;86.974;1.375;0.0;85.5217;1.8473;0.0;1;1;1;89941.0;0.0;64198.0;1388.0;99326.0;0.0;70613.0;1935.0
13017462000163;ESE;2017-11;85.6328;1.3787;0.0;84.9846;1.9633;0.0;1;1;1;86237.0;0.0;65740.0;1507.0;99106.0;0.0;75202.0;2219.0
13017462000163;ESE;2017-12;89.7269;0.9568;0.0;86.9534;1.5825;0.0;1;1;1;81906.0;0.0;64383.0;1132.0;101758.0;0.0;78860.0;2003.0
13017462000163;ESE;2018-01;89.5572;0.7238;0.0;88.5884;1.1925;0.0;1;1;1;92122.0;0.0;71737.0;1176.0;99534.0;0.0;76974.0;1685.0
13017462000163;ESE;2018-02;92.6931;0.8593;0.0;90.677;1.6035;0.0;1;1;1;78703.0;0.0;61843.0;967.0;87342.0;0.0;67990.0;1684.0
13017462000163;ESE;2018-03;91.0296;0.8083;0.0;87.9069;1.3126;0.0;1;1;1;84745.0;0.0;63692.0;996.0;93890.0;0.0;69545.0;1576.0
13017462000163;ESE;2018-04;93.1899;0.4789;0.0;93.1576;0.4797;0.0;1;1;1;77978.0;0.0;60472.0;710.0;78950.0;0.0;61204.0;726.0
13017462000163;ESE;2018-05;92.6377;0.5879;0.0;92.1211;0.6138;0.0;1;1;1;79822.0;0.0;62059.0;760.0;82747.0;0.0;64282.0;829.0
13017462000163;ESE;2018-06;94.0813;0.3358;0.0;91.8768;0.4453;0.0;1;1;1;76024.0;0.0;57875.0;626.0;81763.0;0.0;62148.0;775.0
13017462000163;ESE;2018-07;91.8033;0.3459;0.0;90.9141;0.4791;0.0;1;1;1;79549.0;0.0;60218.0;661.0;83235.0;0.0;62938.0;800.0
13017462000163;ESE;2018-08;87.5354;0.601;0.0;87.1448;0.6114;0.0;1;1;1;83998.0;0.0;61356.0;916.0;86692.0;0.0;63235.0;964.0
13017462000163;ESE;2018-09;89.2681;0.5155;0.0;87.5942;0.684;0.0;1;1;1;73035.0;0.0;55388.0;754.0;75148.0;0.0;56776.0;915.0
13017462000163;ESE;2018-10;87.9275;0.7947;0.0;84.8076;1.5698;0.0;1;1;1;87855.0;0.0;65912.0;1134.0;96376.0;0.0;71294.0;1882.0
13017462000163;ESE;2018-11;90.1984;0.6028;0.0;86.9972;1.3666;0.0;1;1;1;88893.0;0.0;64476.0;1057.0;97101.0;0.0;69719.0;1781.0
13017462000163;ESE;2018-12;87.1562;0.8812;0.0;85.1963;1.1905;0.0;1;1;1;82812.0;0.0;62201.0;1150.0;94838.0;0.0;70798.0;1599.0
13017462000163;ESE;2019-01;90.3665;0.4782;0.0;89.3235;0.5611;0.0;1;1;1;85656.0;0.0;63679.0;896.0;90102.0;0.0;66817.0;1013.0
13017462000163;ESE;2019-02;91.3552;0.3468;0.0;87.2695;1.9096;0.0;1;1;1;78382.0;0.0;57753.0;678.0;87321.0;0.0;62720.0;1894.0
13017462000163;ESE;2019-03;89.7147;0.7169;0.0;80.1543;3.8199;0.0;1;1;1;81540.0;0.0;55948.0;910.0;120408.0;0.0;79539.0;4181.0
13017462000163;ESE;2019-04;90.138;0.4947;0.0;88.8664;1.0999;0.0;1;1;1;80343.0;0.0;60942.0;775.0;83819.0;0.0;63034.0;1223.0
13017462000163;ESE;2019-05;88.6878;0.5549;0.0;88.4777;0.5757;0.0;1;1;1;80036.0;0.0;60930.0;795.0;81769.0;0.0;62171.0;833.0
13017462000163;ESE;2019-06;91.5891;0.5389;0.0;91.4069;0.5866;0.0;1;1;1;70870.0;0.0;53521.0;675.0;81025.0;0.0;60841.0;816.0
13017462000163;ESE;2019-07;87.8992;1.1849;0.0;86.8576;1.2573;0.0;1;1;1;87425.0;0.0;65132.0;1574.0;95978.0;0.0;71151.0;1829.0
13017462000163;ESE;2019-08;89.4856;0.8138;0.0;88.1875;1.1405;0.0;1;1;1;77445.0;0.0;60817.0;1054.0;81745.0;0.0;63881.0;1352.0
13017462000163;ESE;2019-09;89.2279;1.9281;0.0;88.2449;2.3174;0.0;1;1;1;84325.0;0.0;58850.0;1739.0;87148.0;0.0;60487.0;2081.0
13017462000163;ESE;2019-10;85.5787;1.607;0.0;83.4158;2.4919;0.0;1;1;1;89229.0;0.0;66556.0;1880.0;96313.0;0.0;71372.0;2825.0
13017462000163;ESE;2019-11;90.4004;0.7449;0.0;88.3884;1.4836;0.0;1;1;1;125212.0;0.0;67558.0;2241.0;141592.0;0.0;75765.0;3357.0
13017462000163;ESE;2019-12;89.8106;1.1201;0.0;81.337;6.3937;0.0;1;1;1;81475.0;0.0;65678.0;1552.0;103227.0;0.0;78048.0;6942.0
13017462000163;ESE;2020-01;93.1438;0.6571;0.0;88.9681;2.3622;0.0;1;1;1;90022.0;0.0;71969.0;1188.0;102326.0;0.0;79566.0;3096.0
13017462000163;ESE;2020-02;92.756;1.1113;0.0;86.0966;3.8646;0.0;1;1;1;74105.0;0.0;58550.0;1270.0;86275.0;0.0;65847.0;3659.0
13017462000163;ESE;2020-03;90.1481;1.2768;0.0;76.6492;9.3162;0.0;1;1;1;81360.0;0.0;61547.0;1656.0;119694.0;0.0;82700.0;10541.0
13017462000163;ESE;2020-04;79.043;6.6298;0.0;65.6787;10.4661;0.0;0;0;1;51407.0;0.0;37701.0;3146.0;125266.0;0.0;90081.0;12588.0
13017462000163;ESE;2020-05;32.2807;18.1605;0.0;25.9867;25.3524;0.0;0;0;1;47347.0;0.0;29959.0;7546.0;118742.0;0.0;70966.0;26619.0
13017462000163;ESE;2020-06;94.9244;1.589;0.0;64.4477;15.0262;0.0;1;1;1;43582.0;0.0;34435.0;777.0;148457.0;0.0;101367.0;20179.0
13017462000163;ESE;2020-07;91.1027;2.007;0.0;70.2256;11.5171;0.0;1;1;1;72902.0;0.0;55223.0;1551.0;133389.0;0.0;96134.0;14730.0
13017462000163;ESE;2020-08;94.1152;1.438;0.0;78.4156;7.8969;0.0;1;1;1;84131.0;0.0;63812.0;1412.0;113424.0;0.0;80371.0;8222.0
13017462000163;ESE;2020-09;93.7202;1.6278;0.0;92.3099;2.0396;0.0;1;1;1;87627.0;0.0;65933.0;1536.0;98707.0;0.0;73629.0;2127.0
13017462000163;ESE;2020-10;90.4808;1.4311;0.0;86.1395;3.1208;0.0;1;1;1;87174.0;0.0;63433.0;1470.0;102407.0;0.0;73789.0;3326.0
13017462000163;ESE;2020-11;93.9874;0.7626;0.0;92.5842;1.572;0.0;1;1;1;77306.0;0.0;62075.0;1023.0;89239.0;0.0;71381.0;1848.0
13017462000163;ESE;2020-12;94.9085;1.1587;0.0;93.7574;1.5193;0.0;1;1;1;79660.0;0.0;64063.0;1150.0;83388.0;0.0;66699.0;1547.0
13017462000163;ESE;2021-01;93.108;0.8205;0.0;93.0093;0.8386;0.0;1;1;1;81327.0;0.0;65635.0;967.0;81695.0;0.0;65860.0;987.0
13017462000163;ESE;2021-02;91.4601;1.4745;0.0;91.3428;1.5157;0.0;1;1;1;67237.0;0.0;54259.0;1203.0;67613.0;0.0;54514.0;1239.0
13017462000163;ESE;2021-03;92.5767;1.0074;0.0;92.0646;1.2848;0.0;1;1;1;84296.0;0.0;68491.0;1155.0;85665.0;0.0;69228.0;1393.0
13017462000163;ESE;2021-04;90.2138;1.5954;0.0;88.7929;2.4954;0.0;1;1;1;79548.0;0.0;62545.0;1779.0;81935.0;0.0;63573.0;2479.0
13017462000163;ESE;2021-05;92.0672;0.9566;0.0;91.6772;1.0794;0.0;1;1;1;81532.0;0.0;65123.0;1091.0;84805.0;0.0;67450.0;1240.0
13017462000163;ESE;2021-06;89.3509;1.3281;0.0;89.4104;1.3189;0.0;1;1;1;74294.0;0.0;56762.0;1181.0;74824.0;0.0;57161.0;1183.0
13017462000163;ESE;2021-07;92.2502;0.8283;0.0;91.5177;1.2773;0.0;1;1;1;83934.0;0.0;62256.0;988.0;86079.0;0.0;63454.0;1317.0
13017462000163;ESE;2021-08;93.2431;1.2574;0.0;93.1441;1.3546;0.0;1;1;1;89756.0;0.0;64081.0;1293.0;92069.0;0.0;65611.0;1391.0
13017462000163;ESE;2021-09;87.2775;2.0856;0.0;85.7749;3.0077;0.0;1;1;1;89212.0;0.0;59014.0;1869.0;91777.0;0.0;59852.0;2555.0
13017462000163;ESE;2021-10;88.3819;1.4557;0.0;87.8329;1.6365;0.0;1;1;1;92939.0;0.0;61401.0;1569.0;93946.0;0.0;61910.0;1783.0
13017462000163;ESE;2021-11;87.5935;1.1695;0.0;82.8866;4.1095;0.0;1;1;1;104173.0;0.0;65409.0;1391.0;125879.0;0.0;74271.0;4364.0
13017462000163;ESE;2021-12;87.2798;1.4567;0.0;75.9993;10.2688;0.0;1;1;1;100244.0;0.0;66973.0;1557.0;122281.0;0.0;73454.0;9923.0
13017462000163;ESE;2022-01;88.1126;1.4569;0.0;85.7003;3.1162;0.0;1;1;1;84220.0;0.0;53908.0;1283.0;87946.0;0.0;55496.0;2417.0
13017462000163;ESE;2022-02;90.4423;1.499;0.0;88.5224;2.4662;0.0;1;1;1;76008.0;0.0;49283.0;1158.0;79070.0;0.0;51097.0;1866.0
13017462000163;ESE;2022-03;91.4565;0.9146;0.0;89.0938;2.2326;0.0;1;1;1;81609.0;0.0;56226.0;2225.0;86343.0;0.0;58636.0;3540.0
13017462000163;ESE;2022-04;89.4108;2.2709;0.0;89.3945;2.3975;0.0;1;1;1;80463.0;0.0;50308.0;2389.0;85157.0;0.0;52761.0;2586.0
13017462000163;ESE;2022-05;94.472;0.8715;0.0;93.6593;1.5358;0.0;1;1;1;88398.0;0.0;56988.0;1093.0;93133.0;0.0;59367.0;1590.0
13017462000163;ESE;2022-06;92.9201;1.8806;0.0;92.3174;2.2782;0.0;1;1;1;78123.0;0.0;49462.0;1581.0;80289.0;0.0;50358.0;1842.0
13017462000163;ESE;2022-07;95.9665;1.0622;0.0;95.2946;1.6284;0.0;1;1;1;79958.0;0.0;52345.0;1030.0;81639.0;0.0;53039.0;1387.0
13017462000163;ESE;2022-08;94.3635;0.9463;0.0;94.1364;1.1006;0.0;1;1;1;83725.0;0.0;54953.0;1149.0;84825.0;0.0;55441.0;1262.0
13017462000163;ESE;2022-09;95.4483;0.9836;0.0;95.2579;1.1;0.0;1;1;1;75720.0;0.0;45400.0;843.0;76494.0;0.0;45674.0;915.0
13017462000163;ESE;2022-10;94.0828;1.3034;0.0;94.0333;1.32;0.0;1;1;1;69009.0;0.0;39981.0;659.0;70058.0;0.0;40519.0;673.0
13017462000163;ESE;2022-11;95.0425;1.0299;0.0;93.2839;1.973;0.0;1;1;1;74034.0;0.0;43820.0;522.0;79224.0;0.0;46108.0;994.0
13017462000163;ESE;2022-12;90.4044;3.0;0.0;89.9878;3.1755;0.0;1;1;1;78498.0;0.0;45267.0;1476.0;80628.0;0.0;46042.0;1587.0
13017462000163;ESE;2023-01;91.0495;1.9614;0.0;90.5384;2.1529;0.0;1;1;1;71481.0;0.0;43036.0;949.0;73008.0;0.0;43631.0;1049.0
13017462000163;ESE;2023-02;87.6729;2.4669;0.0;86.9451;2.9;0.0;1;1;1;66427.0;0.0;38429.0;1053.0;68392.0;0.0;39242.0;1256.0
13017462000163;ESE;2023-03;90.6688;1.9686;0.0;90.5032;2.0874;0.0;1;1;1;84168.0;0.0;40983.0;896.0;84784.0;0.0;41230.0;962.0
13017462000163;ESE;2023-04;90.6022;2.9745;0.0;89.543;3.6293;0.0;1;1;1;76244.0;0.0;38654.0;1244.0;81419.0;0.0;40467.0;1695.0
13017462000163;ESE;2023-05;91.8007;2.3808;0.0;91.6298;2.5069;0.0;1;1;1;86533.0;0.0;45718.0;1190.0;88924.0;0.0;46940.0;1284.0
13017462000163;ESE;2023-06;96.8206;0.7943;0.0;96.7875;0.8366;0.0;1;1;1;83449.0;0.0;42467.0;409.0;84189.0;0.0;42906.0;431.0
13017462000163;ESE;2023-07;88.1505;3.6194;0.0;86.8371;4.4946;0.0;1;1;1;85608.0;0.0;42393.0;1640.0;89461.0;0.0;44049.0;2123.0
13017462000163;ESE;2023-08;87.9719;3.1709;0.0;86.2935;4.6437;0.0;1;1;1;90933.0;0.0;43882.0;1510.0;99016.0;0.0;46264.0;2332.0
13017462000163;ESE;2023-09;86.6453;3.4387;0.0;86.3031;3.719;0.0;1;1;1;79058.0;0.0;41503.0;1580.0;81926.0;0.0;43027.0;1772.0
13017462000163;ESE;2023-10;87.005;3.5036;0.0;87.1194;3.4935;0.0;1;1;1;80086.0;0.0;44398.0;1748.0;83016.0;0.0;46243.0;1818.0
13017462000163;ESE;2023-11;86.2718;3.4853;0.0;86.205;3.603;0.0;1;1;1;76387.0;0.0;43005.0;1651.0;80895.0;0.0;45938.0;1824.0
13017462000163;ESE;2023-12;86.682;2.5015;0.0;82.0353;6.4299;0.0;1;1;1;74931.0;0.0;42834.0;1209.0;87787.0;0.0;47950.0;3418.0
13017462000163;ESE;2024-01;91.3008;1.4408;0.0011;90.114;2.2116;0.0009;1;1;1;91490.0;1.0;43370.0;737.0;109625.0;1.0;51644.0;1296.0
13017462000163;ESE;2024-02;94.4325;0.9263;0.0;89.8929;3.4399;0.0;1;1;1;75498.0;0.0;40537.0;468.0;98421.0;0.0;49966.0;1888.0
13017462000163;ESE;2024-03;92.4416;1.7702;0.0;87.0287;4.8753;0.0;1;1;1;70388.0;0.0;39677.0;795.0;86071.0;0.0;47433.0;2550.0
13017462000163;ESE;2024-04;94.0785;0.8845;0.0012;92.497;1.6539;0.0011;1;1;1;82225.0;1.0;46951.0;500.0;89955.0;1.0;51198.0;952.0
13017462000163;ESE;2024-05;94.8309;0.5992;0.0012;94.614;0.7395;0.0011;1;1;1;85409.0;1.0;41806.0;317.0;91538.0;1.0;45502.0;414.0
13017462000163;ESE;2024-06;96.128;0.3973;0.0;96.2659;0.394;0.0;1;1;1;79227.0;0.0;35602.0;205.0;82368.0;0.0;37158.0;215.0
13017462000163;ESE;2024-07;96.4008;0.4391;0.0036;96.317;0.4714;0.0035;1;1;1;83001.0;3.0;39225.0;233.0;85706.0;3.0;40752.0;254.0
13017462000163;ESE;2024-08;96.9332;0.5213;0.0;96.9638;0.5161;0.0;1;1;1;77265.0;0.0;37400.0;269.0;77895.0;0.0;37779.0;270.0
13017462000163;ESE;2024-09;94.2777;0.7187;0.0;94.0418;0.7758;0.0;1;1;1;63851.0;0.0;28870.0;267.0;65376.0;0.0;29543.0;294.0
13017462000163;ESE;2024-10;95.9418;0.5561;0.0084;95.5845;0.7619;0.0095;1;1;1;71444.0;6.0;32370.0;231.0;73556.0;7.0;33083.0;307.0
13017462000163;ESE;2024-11;93.4109;0.6237;0.0359;93.3457;0.675;0.0353;1;1;1;72356.0;26.0;31868.0;244.0;76401.0;27.0;33256.0;271.0
13017462000163;ESE;2024-12;94.7784;0.6966;0.0354;94.4768;0.7621;0.0343;1;1;1;76265.0;27.0;33928.0;283.0;78699.0;27.0;34767.0;313.0
13017462000163;ESE;2025-01;94.6713;0.5384;0.045;88.429;4.1491;0.0556;1;1;1;75630.0;34.0;32328.0;240.0;102555.0;57.0;39596.0;1781.0
13017462000163;ESE;2025-02;92.032;0.7904;0.0359;91.8799;0.818;0.0355;1;1;1;64030.0;23.0;27990.0;259.0;64791.0;23.0;28252.0;269.0
13017462000163;ESE;2025-03;91.862;0.6577;0.0755;91.6347;0.7273;0.0748;1;1;1;60936.0;46.0;27039.0;197.0;62859.0;47.0;27710.0;222.0
13017462000163;ESE;2025-04;92.1228;0.4154;0.0598;91.107;0.9532;0.0609;1;1;1;63549.0;38.0;25891.0;122.0;69018.0;42.0;27432.0;281.0
13017462000163;ESE;2025-05;91.72;0.4012;0.0509;91.6046;0.4174;0.0496;1;1;1;76579.0;39.0;28304.0;135.0;78611.0;39.0;28871.0;142.0
13017462000163;ESE;2025-06;91.8154;0.5176;0.0724;91.649;0.5461;0.0755;1;1;1;78712.0;57.0;20566.0;118.0;80742.0;61.0;21127.0;128.0
13017462000163;ESE;2025-07;91.4624;0.4489;0.0653;90.5868;0.8022;0.0641;1;1;1;73525.0;48.0;22178.0;115.0;74904.0;48.0;22383.0;196.0
13017462000163;ESE;2025-08;91.9969;0.7476;0.066;91.7081;1.0604;0.0659;1;1;1;71223.0;47.0;20711.0;169.0;71341.0;47.0;20714.0;236.0
13017462000163;ESE;2025-09;91.5021;0.7767;0.0593;91.4182;0.7636;0.0595;1;1;1;70858.0;42.0;21461.0;177.0;72256.0;43.0;21832.0;177.0
13017462000163;ESE;2025-10;91.5181;1.0066;0.0494;91.0062;1.4073;0.0489;1;1;1;80968.0;40.0;21440.0;228.0;81860.0;40.0;21508.0;317.0
13017462000163;ESE;2025-11;90.7175;1.0314;0.0567;90.5563;1.0428;0.0572;1;1;1;81198.0;46.0;20151.0;243.0;82155.0;47.0;20402.0;248.0
13017462000163;ESE;2025-12;90.2813;1.1333;0.0665;90.2951;1.124;0.0663;1;1;1;75143.0;50.0;19542.0;236.0;75418.0;50.0;19704.0;236.0
13017462000163;ESE;2026-01;91.361;1.2;0.0787;89.5456;1.5485;0.0801;1;1;1;72432.0;57.0;20254.0;258.0;79950.0;64.0;22253.0;363.0
13017462000163;ESE;2026-02;87.5432;2.4276;0.0965;73.6271;12.2494;0.1244;1;1;1;65305.0;63.0;18368.0;469.0;91627.0;114.0;22802.0;3202.0
13017462000163;ESE;2026-03;91.2304;0.4332;0.0477;90.6289;0.5079;0.046;1;1;1;75479.0;36.0;21606.0;102.0;78268.0;36.0;22529.0;123.0
13017462000163;ESE;2026-04;90.8785;0.8594;0.0651;85.5635;4.0339;0.0784;1;1;1;78377.0;51.0;21803.0;205.0;88022.0;69.0;23552.0;1008.0
13017462000163;ESE;2026-05;90.7038;0.8096;0.0716;90.2939;0.9382;0.0701;1;1;1;74014.0;53.0;20337.0;175.0;75636.0;53.0;20800.0;206.0
13017462000163;ESE;2026-06;90.1822;0.7479;0.1054;89.8935;0.8295;0.1045;1;1;1;65439.0;69.0;19774.0;161.0;66995.0;70.0;20204.0;181.0
13017462000163;ESE;2026-07;90.9566;0.5598;0.0831;90.7612;0.6021;0.0829;1;1;1;75779.0;63.0;21673.0;143.0;77180.0;64.0;22120.0;156.0
13255658000196;SULGIPE;2014-01;99.3022;0.1836;0.0;97.2171;1.175;0.0;1;1;1;2756.0;0.0;2718.0;38.0;3273.0;0.0;3196.0;77.0
13255658000196;SULGIPE;2014-02;99.2355;0.182;0.0;97.7321;0.635;0.0;1;1;1;2776.0;0.0;2742.0;34.0;3352.0;0.0;3286.0;66.0
13255658000196;SULGIPE;2014-03;98.8261;0.1854;0.0;98.0946;0.2984;0.0;1;1;1;3280.0;0.0;3231.0;49.0;4418.0;0.0;4343.0;75.0
13255658000196;SULGIPE;2014-04;98.8607;0.3906;0.0;93.8949;1.1232;0.0;1;1;1;3118.0;0.0;3060.0;58.0;5630.0;0.0;5458.0;172.0
13255658000196;SULGIPE;2014-05;99.1266;0.1248;0.2774;98.3572;0.3975;0.2358;1;1;1;3244.0;9.0;3202.0;33.0;3816.0;9.0;3759.0;48.0
13255658000196;SULGIPE;2014-06;99.353;0.1438;0.0;95.0065;2.2484;0.0;1;1;1;2812.0;0.0;2778.0;34.0;3885.0;0.0;3739.0;146.0
13255658000196;SULGIPE;2014-07;99.2073;0.1524;0.0;92.9009;3.1604;0.0;1;1;1;3313.0;0.0;3275.0;38.0;4314.0;0.0;4106.0;208.0
13255658000196;SULGIPE;2014-08;99.2875;0.1781;0.0;97.6578;0.4409;0.0;1;1;1;2839.0;0.0;2802.0;37.0;3682.0;0.0;3613.0;69.0
13255658000196;SULGIPE;2014-09;98.9926;0.1343;0.0;93.0595;1.582;0.0;1;1;1;3010.0;0.0;2974.0;36.0;3995.0;0.0;3857.0;138.0
13255658000196;SULGIPE;2014-10;99.4602;0.1012;0.0;91.4841;3.4775;0.0;1;1;1;2990.0;0.0;2961.0;29.0;3744.0;0.0;3525.0;219.0
13255658000196;SULGIPE;2014-11;99.4486;0.1297;0.0;98.5162;0.307;0.0;1;1;1;3109.0;0.0;3079.0;30.0;3952.0;0.0;3897.0;55.0
13255658000196;SULGIPE;2014-12;99.0275;0.1006;0.0;96.0801;1.8071;0.0;1;1;1;3023.0;0.0;2979.0;44.0;3660.0;0.0;3532.0;128.0
13255658000196;SULGIPE;2015-01;99.4582;0.0677;0.0;98.8977;0.1979;0.0;1;1;1;2979.0;0.0;2951.0;28.0;3575.0;0.0;3531.0;44.0
13255658000196;SULGIPE;2015-02;99.4489;0.0;0.0;88.6853;4.1434;0.0;1;1;1;2751.0;0.0;2722.0;29.0;5131.0;0.0;4812.0;319.0
13255658000196;SULGIPE;2015-03;99.3865;0.3408;0.0;98.1564;0.5267;0.0;1;1;1;2968.0;0.0;2924.0;44.0;3846.0;0.0;3777.0;69.0
13255658000196;SULGIPE;2015-04;98.8285;0.5325;0.0;95.999;1.239;0.0;1;1;1;2856.0;0.0;2802.0;54.0;3944.0;0.0;3826.0;118.0
13255658000196;SULGIPE;2015-05;99.2756;0.1207;0.0;97.632;0.4736;0.0;1;1;1;3346.0;0.0;3309.0;37.0;4278.0;0.0;4203.0;75.0
13255658000196;SULGIPE;2015-06;99.0385;0.2321;0.0;98.5249;0.2783;0.0;1;1;1;3049.0;0.0;3009.0;40.0;3636.0;0.0;3583.0;53.0
13255658000196;SULGIPE;2015-07;99.0108;0.4467;0.0;98.927;0.4471;0.0;1;1;1;3170.0;0.0;3120.0;50.0;3397.0;0.0;3340.0;57.0
13255658000196;SULGIPE;2015-08;99.5154;0.1038;0.0;98.3125;0.1455;0.0;1;1;1;2928.0;0.0;2886.0;42.0;3484.0;0.0;3432.0;52.0
13255658000196;SULGIPE;2015-09;99.4054;0.1115;0.0;98.6002;0.5463;0.0;1;1;1;2729.0;0.0;2688.0;41.0;2976.0;0.0;2913.0;63.0
13255658000196;SULGIPE;2015-10;99.7123;0.036;0.0;99.4644;0.0945;0.0;1;1;1;2812.0;0.0;2780.0;32.0;3208.0;0.0;3171.0;37.0
13255658000196;SULGIPE;2015-11;99.4795;0.0347;0.0;98.9318;0.2967;0.0;1;1;1;2904.0;0.0;2881.0;23.0;3402.0;0.0;3360.0;42.0
13255658000196;SULGIPE;2015-12;99.2877;0.1781;0.0;96.7113;0.6342;0.0;1;1;1;2830.0;0.0;2803.0;27.0;4300.0;0.0;4230.0;70.0
13255658000196;SULGIPE;2016-01;98.8498;0.1917;0.0;74.5242;7.4727;0.0;1;1;1;3159.0;0.0;3124.0;35.0;6615.0;0.0;5931.0;684.0
13255658000196;SULGIPE;2016-02;98.9658;0.107;0.3159;97.9072;0.3278;0.2234;1;1;1;2849.0;9.0;2801.0;39.0;4029.0;9.0;3953.0;67.0
13255658000196;SULGIPE;2016-03;99.2101;0.2513;0.0;99.0271;0.2432;0.0;1;1;1;2824.0;0.0;2778.0;46.0;3343.0;0.0;3281.0;62.0
13255658000196;SULGIPE;2016-04;99.6135;0.1933;0.0;99.1833;0.196;0.0;1;1;1;2616.0;0.0;2582.0;34.0;3102.0;0.0;3055.0;47.0
13255658000196;SULGIPE;2016-05;99.1;0.1;0.0;97.9803;0.1554;0.0;1;1;1;3038.0;0.0;2997.0;41.0;3918.0;0.0;3856.0;62.0
13255658000196;SULGIPE;2016-06;98.4981;0.2794;0.0;96.0178;0.7173;0.0;1;1;1;2891.0;0.0;2855.0;36.0;4089.0;0.0;4014.0;75.0
13255658000196;SULGIPE;2016-07;98.3057;0.4066;0.0;96.0178;0.7173;0.0;1;1;1;2976.0;0.0;2939.0;37.0;4089.0;0.0;4014.0;75.0
13255658000196;SULGIPE;2016-08;98.9146;0.1447;0.0;88.8976;4.8736;0.0;1;1;1;2791.0;0.0;2760.0;31.0;3901.0;0.0;3650.0;251.0
13255658000196;SULGIPE;2016-09;99.2435;0.1441;0.0;97.5535;0.581;0.0;1;1;1;2805.0;0.0;2772.0;33.0;3305.0;0.0;3251.0;54.0
13255658000196;SULGIPE;2016-10;99.0037;0.2952;0.0;97.5531;0.3496;0.0;1;1;1;2735.0;0.0;2702.0;33.0;4056.0;0.0;3991.0;65.0
13255658000196;SULGIPE;2016-11;99.4962;0.108;0.0;98.7952;0.2108;0.0;1;1;1;2804.0;0.0;2776.0;28.0;3353.0;0.0;3313.0;40.0
13255658000196;SULGIPE;2016-12;99.1985;0.0364;0.0;97.1289;0.4358;0.0;1;1;1;2776.0;0.0;2744.0;32.0;3946.0;0.0;3884.0;62.0
13255658000196;SULGIPE;2017-01;99.5091;0.1133;0.0;99.2706;0.0995;0.0;1;1;1;2668.0;0.0;2645.0;23.0;3040.0;0.0;3013.0;27.0
13255658000196;SULGIPE;2017-02;99.179;0.2737;0.0;98.8095;0.3061;0.0;1;1;1;2574.0;0.0;2551.0;23.0;2965.0;0.0;2931.0;34.0
13255658000196;SULGIPE;2017-03;98.8456;0.5051;0.0;74.9172;7.7234;0.0;1;1;1;2796.0;0.0;2758.0;38.0;5596.0;0.0;5018.0;578.0
13255658000196;SULGIPE;2017-04;99.1849;0.2608;0.0;97.4771;0.841;0.0;1;1;1;3101.0;0.0;3059.0;42.0;3972.0;0.0;3891.0;81.0
13255658000196;SULGIPE;2017-05;99.1865;0.2603;0.0;96.4958;1.3598;0.0;1;1;1;3104.0;0.0;3065.0;39.0;3868.0;0.0;3772.0;96.0
13255658000196;SULGIPE;2017-06;98.9824;0.1696;0.0;97.3955;0.6869;0.0;1;1;1;2980.0;0.0;2943.0;37.0;3542.0;0.0;3470.0;72.0
13255658000196;SULGIPE;2017-07;99.3923;0.1215;0.0;98.7845;0.1169;0.0;1;1;1;3319.0;0.0;3287.0;32.0;4317.0;0.0;4273.0;44.0
13255658000196;SULGIPE;2017-08;99.3531;0.0588;0.0;98.5298;0.245;0.0;1;1;1;3420.0;0.0;3399.0;21.0;4112.0;0.0;4071.0;41.0
13255658000196;SULGIPE;2017-09;99.2026;0.319;0.0;96.5568;1.0084;0.0;1;1;1;3162.0;0.0;3125.0;37.0;4122.0;0.0;4025.0;97.0
13255658000196;SULGIPE;2017-10;99.1231;0.2273;0.0;98.9577;0.2085;0.0;1;1;1;3111.0;0.0;3072.0;39.0;3392.0;0.0;3351.0;41.0
13255658000196;SULGIPE;2017-11;98.8274;0.1629;0.0;98.0425;0.2757;0.0;1;1;1;3093.0;0.0;3065.0;28.0;3659.0;0.0;3617.0;42.0
13255658000196;SULGIPE;2017-12;98.1895;0.194;0.0;92.5056;1.8345;0.0;1;1;1;3117.0;0.0;3087.0;30.0;4533.0;0.0;4388.0;145.0
13255658000196;SULGIPE;2018-01;97.2894;0.9358;0.0;93.2898;1.7707;0.0;1;1;1;3124.0;0.0;3070.0;54.0;4362.0;0.0;4216.0;146.0
13255658000196;SULGIPE;2018-02;97.6392;0.3876;0.0;93.6489;1.2582;0.0;1;1;1;2874.0;0.0;2827.0;47.0;3388.0;0.0;3296.0;92.0
13255658000196;SULGIPE;2018-03;97.1901;0.562;0.0;92.1373;2.0691;0.0;1;1;1;3241.0;0.0;3185.0;56.0;4178.0;0.0;4023.0;155.0
13255658000196;SULGIPE;2018-04;98.1705;0.3594;0.0;96.3351;0.6981;0.0;1;1;1;3089.0;0.0;3050.0;39.0;3480.0;0.0;3414.0;66.0
13255658000196;SULGIPE;2018-05;98.3667;0.3667;0.0;97.8723;0.4199;0.0;1;1;1;3042.0;0.0;2989.0;53.0;3624.0;0.0;3557.0;67.0
13255658000196;SULGIPE;2018-06;98.5811;0.2838;0.0;97.046;0.4042;0.0;1;1;1;2844.0;0.0;2811.0;33.0;3256.0;0.0;3203.0;53.0
13255658000196;SULGIPE;2018-07;98.2857;0.1786;0.0;97.8923;0.227;0.0;1;1;1;2840.0;0.0;2795.0;45.0;3133.0;0.0;3077.0;56.0
13255658000196;SULGIPE;2018-08;98.6135;0.1386;0.0;98.1966;0.2104;0.0;1;1;1;2921.0;0.0;2881.0;40.0;3373.0;0.0;3320.0;53.0
13255658000196;SULGIPE;2018-09;98.5161;0.3298;0.0;97.7007;0.4952;0.0;1;1;1;2446.0;0.0;2418.0;28.0;2851.0;0.0;2813.0;38.0
13255658000196;SULGIPE;2018-10;98.298;0.0378;0.0;94.3131;0.868;0.0;1;1;1;2669.0;0.0;2643.0;26.0;3396.0;0.0;3312.0;84.0
13255658000196;SULGIPE;2018-11;98.7118;0.2576;0.0;93.2605;2.1251;0.0;1;1;1;2752.0;0.0;2710.0;42.0;3348.0;0.0;3224.0;124.0
13255658000196;SULGIPE;2018-12;98.0258;0.2872;0.0712;87.1004;3.6888;0.0438;1;1;1;2810.0;2.0;2778.0;30.0;4566.0;2.0;4308.0;256.0
13255658000196;SULGIPE;2019-01;97.3515;0.5727;0.0;90.313;4.6796;0.0;1;1;1;2837.0;0.0;2778.0;59.0;3425.0;0.0;3198.0;227.0
13255658000196;SULGIPE;2019-02;97.25;0.5357;0.0;95.8273;0.8403;0.0;1;1;1;2822.0;0.0;2785.0;37.0;3489.0;0.0;3422.0;67.0
13255658000196;SULGIPE;2019-03;94.4874;1.0316;0.0;71.9525;9.3057;0.0841;1;1;1;3145.0;0.0;3070.0;75.0;7132.0;6.0;6257.0;869.0
13255658000196;SULGIPE;2019-04;96.4412;0.2886;0.0;94.763;0.5499;0.0;1;1;1;3153.0;0.0;3110.0;43.0;3863.0;0.0;3798.0;65.0
13255658000196;SULGIPE;2019-05;98.4872;0.2206;0.0;98.1356;0.3513;0.0;1;1;1;3204.0;0.0;3166.0;38.0;3741.0;0.0;3688.0;53.0
13255658000196;SULGIPE;2019-06;98.9996;0.1429;0.0;97.5641;0.3369;0.0;1;1;1;2830.0;0.0;2795.0;35.0;3901.0;0.0;3846.0;55.0
13255658000196;SULGIPE;2019-07;98.3554;0.2902;0.0;97.3767;0.4332;0.0;1;1;1;3128.0;0.0;3092.0;36.0;4197.0;0.0;4137.0;60.0
13255658000196;SULGIPE;2019-08;98.5756;0.4856;0.0;98.3862;0.473;0.0;1;1;1;3126.0;0.0;3074.0;52.0;3635.0;0.0;3577.0;58.0
13255658000196;SULGIPE;2019-09;98.4415;0.145;0.0;97.8291;0.3023;0.0;1;1;1;2787.0;0.0;2755.0;32.0;3676.0;0.0;3628.0;48.0
13255658000196;SULGIPE;2019-10;98.2292;0.3341;0.0;94.2835;1.1485;0.0;1;1;1;3021.0;0.0;2983.0;38.0;3885.0;0.0;3787.0;98.0
13255658000196;SULGIPE;2019-11;98.6247;0.2895;0.0358;96.2121;0.3928;0.0277;1;1;1;2790.0;1.0;2755.0;34.0;3606.0;1.0;3550.0;55.0
13255658000196;SULGIPE;2019-12;97.363;0.4452;0.0;90.8464;2.895;0.0;1;1;1;2944.0;0.0;2907.0;37.0;3681.0;0.0;3522.0;159.0
13255658000196;SULGIPE;2020-01;97.7703;0.1833;0.0;83.6633;5.6053;0.0;1;1;1;3306.0;0.0;3268.0;38.0;4904.0;0.0;4530.0;374.0
13255658000196;SULGIPE;2020-02;97.399;0.3765;0.0;89.2044;4.154;0.0;1;1;1;2953.0;0.0;2911.0;42.0;4363.0;0.0;4084.0;279.0
13255658000196;SULGIPE;2020-03;96.784;0.4248;0.0;73.7902;10.5187;0.0281;1;1;1;3330.0;0.0;3282.0;48.0;7112.0;2.0;6176.0;934.0
13255658000196;SULGIPE;2020-04;87.0661;1.6167;0.0;44.7626;16.7778;0.0318;1;1;1;2129.0;0.0;2069.0;60.0;12565.0;4.0;10114.0;2447.0
13255658000196;SULGIPE;2020-05;89.7042;1.7634;0.0;58.6303;13.3194;0.0135;1;1;1;1817.0;0.0;1727.0;90.0;14809.0;2.0;12404.0;2403.0
13255658000196;SULGIPE;2020-06;94.2389;0.6871;0.0;86.6365;1.8807;0.0;1;1;1;1892.0;0.0;1879.0;13.0;11075.0;0.0;10852.0;223.0
13255658000196;SULGIPE;2020-07;96.3072;0.3447;2.7764;91.3098;0.7584;0.5942;1;1;0;2089.0;58.0;2024.0;7.0;11275.0;67.0;11123.0;85.0
13255658000196;SULGIPE;2020-08;97.9037;0.0983;0.2939;95.3158;0.3625;0.1947;1;1;1;3062.0;9.0;3050.0;3.0;7189.0;14.0;7147.0;28.0
13255658000196;SULGIPE;2020-09;95.8477;0.6083;0.0;93.8391;0.9153;0.0;1;1;1;3781.0;0.0;3758.0;23.0;5681.0;0.0;5629.0;52.0
13255658000196;SULGIPE;2020-10;97.496;0.2423;0.0;87.4492;2.4259;0.0;1;1;1;3714.0;0.0;3705.0;9.0;6884.0;0.0;6717.0;167.0
13255658000196;SULGIPE;2020-11;96.9134;0.3005;0.0;93.6846;1.3901;0.0;1;1;1;3661.0;0.0;3650.0;11.0;5827.0;0.0;5746.0;81.0
13255658000196;SULGIPE;2020-12;97.4968;0.3034;0.0;96.0815;0.5974;0.0;1;1;1;3955.0;0.0;3943.0;12.0;5691.0;0.0;5657.0;34.0
13255658000196;SULGIPE;2021-01;95.3493;0.7064;0.0;94.8498;0.8397;0.0;1;1;1;5096.0;0.0;5060.0;36.0;5359.0;0.0;5314.0;45.0
13255658000196;SULGIPE;2021-02;94.8571;0.7857;0.0;93.9813;0.9585;0.0;1;1;1;4200.0;0.0;4167.0;33.0;4486.0;0.0;4443.0;43.0
13255658000196;SULGIPE;2021-03;97.6695;0.3629;0.0;94.2049;1.5901;0.0;1;1;1;5236.0;0.0;5216.0;20.0;5661.0;0.0;5570.0;91.0
13255658000196;SULGIPE;2021-04;95.8292;0.3592;0.0;91.5402;0.9767;0.0;1;1;1;5012.0;0.0;4993.0;19.0;6657.0;0.0;6590.0;67.0
13255658000196;SULGIPE;2021-05;96.7445;0.5119;0.0;96.4471;0.5181;0.0;1;1;1;4885.0;0.0;4859.0;26.0;5405.0;0.0;5376.0;29.0
13255658000196;SULGIPE;2021-06;96.5389;0.511;0.3472;96.5333;0.5111;0.3322;1;1;1;4320.0;15.0;4283.0;22.0;4515.0;15.0;4477.0;23.0
13255658000196;SULGIPE;2021-07;97.2279;0.2233;0.0;94.736;0.9162;0.0;1;1;1;5375.0;0.0;5363.0;12.0;6003.0;0.0;5948.0;55.0
13255658000196;SULGIPE;2021-08;97.3655;0.5977;0.0;96.7068;0.6705;0.0;1;1;1;4517.0;0.0;4490.0;27.0;5071.0;0.0;5037.0;34.0
13255658000196;SULGIPE;2021-09;97.1625;0.266;0.1107;96.9716;0.2944;0.105;1;1;1;4516.0;5.0;4499.0;12.0;4760.0;5.0;4741.0;14.0
13255658000196;SULGIPE;2021-10;96.7638;0.3429;0.0;96.5893;0.3431;0.0;1;1;1;4666.0;0.0;4650.0;16.0;4955.0;0.0;4938.0;17.0
13255658000196;SULGIPE;2021-11;92.732;0.8013;0.0;75.594;10.3418;0.0;1;1;1;5368.0;0.0;5323.0;45.0;7873.0;0.0;7057.0;816.0
13255658000196;SULGIPE;2021-12;95.0318;0.6911;0.0;91.371;1.3168;0.0;1;1;1;5354.0;0.0;5317.0;37.0;6455.0;0.0;6370.0;85.0
13255658000196;SULGIPE;2022-01;95.4117;0.6704;5.1282;88.045;4.7351;3.8756;1;1;0;5031.0;258.0;4741.0;32.0;6657.0;258.0;6096.0;303.0
13255658000196;SULGIPE;2022-02;94.8618;0.3882;0.0;88.6859;4.3017;0.0;1;1;1;4379.0;0.0;4362.0;17.0;5091.0;0.0;4872.0;219.0
13255658000196;SULGIPE;2022-03;96.817;0.2463;0.0;95.6171;0.346;0.0;1;1;1;5278.0;0.0;5265.0;13.0;6069.0;0.0;6048.0;21.0
13255658000196;SULGIPE;2022-04;97.322;0.2455;0.0;93.5281;0.9512;0.0;1;1;1;4481.0;0.0;4470.0;11.0;5887.0;0.0;5831.0;56.0
13255658000196;SULGIPE;2022-05;96.2833;0.4179;0.0;90.5445;2.9732;0.0;1;1;1;4547.0;0.0;4528.0;19.0;5785.0;0.0;5613.0;172.0
13255658000196;SULGIPE;2022-06;96.3791;0.3645;0.0;87.3898;2.6271;0.0;1;1;1;4115.0;0.0;4100.0;15.0;5329.0;0.0;5189.0;140.0
13255658000196;SULGIPE;2022-07;96.136;0.4195;0.0;93.3511;1.505;0.0;1;1;1;4529.0;0.0;4510.0;19.0;5249.0;0.0;5170.0;79.0
13255658000196;SULGIPE;2022-08;96.9044;0.3202;0.0;96.0086;0.4089;0.0;1;1;1;4684.0;0.0;4669.0;15.0;5136.0;0.0;5115.0;21.0
13255658000196;SULGIPE;2022-09;96.6171;0.3844;0.0;95.9508;0.5061;0.0;1;1;1;3903.0;0.0;3887.0;16.0;4150.0;0.0;4128.0;22.0
13255658000196;SULGIPE;2022-10;95.2782;2.0896;0.0813;93.7895;2.2967;0.0703;1;1;1;3688.0;3.0;3608.0;77.0;4270.0;3.0;4169.0;98.0
13255658000196;SULGIPE;2022-11;95.071;0.4822;0.0;91.6118;1.2317;0.0212;1;1;1;3734.0;0.0;3715.0;19.0;4711.0;1.0;4651.0;59.0
13255658000196;SULGIPE;2022-12;94.8171;0.582;0.0;88.9165;3.325;0.0;1;1;1;3608.0;0.0;3587.0;21.0;4421.0;0.0;4274.0;147.0
13255658000196;SULGIPE;2023-01;95.016;0.7996;0.0;94.2967;0.9585;0.0;1;1;1;3753.0;0.0;3722.0;31.0;4174.0;0.0;4133.0;41.0
13255658000196;SULGIPE;2023-02;93.9327;0.4447;0.0;90.9067;1.037;0.0;1;1;1;3150.0;0.0;3134.0;16.0;3763.0;0.0;3722.0;41.0
13255658000196;SULGIPE;2023-03;94.2308;0.467;0.0;91.5383;1.114;0.0;1;1;1;3640.0;0.0;3623.0;17.0;4219.0;0.0;4172.0;47.0
13255658000196;SULGIPE;2023-04;93.6437;0.7759;0.0;91.5379;1.3361;0.0;1;1;1;3351.0;0.0;3325.0;26.0;3817.0;0.0;3766.0;51.0
13255658000196;SULGIPE;2023-05;95.3415;0.3441;0.0;93.74;0.7967;0.0;1;1;1;3778.0;0.0;3765.0;13.0;4393.0;0.0;4358.0;35.0
13255658000196;SULGIPE;2023-06;94.6465;0.8147;0.0;88.857;2.7499;0.0;1;1;1;3437.0;0.0;3409.0;28.0;4182.0;0.0;4067.0;115.0
13255658000196;SULGIPE;2023-07;96.719;0.428;0.0;91.4031;2.4596;0.0;1;1;1;3505.0;0.0;3490.0;15.0;4269.0;0.0;4164.0;105.0
13255658000196;SULGIPE;2023-08;96.6441;0.282;0.0;78.5318;8.2254;0.0;1;1;1;3546.0;0.0;3536.0;10.0;4863.0;0.0;4463.0;400.0
13255658000196;SULGIPE;2023-09;95.7057;0.3604;0.0;94.7175;0.7345;0.0;1;1;1;3330.0;0.0;3318.0;12.0;3540.0;0.0;3514.0;26.0
13255658000196;SULGIPE;2023-10;97.131;0.2585;0.0;94.157;1.3395;0.0;1;1;1;3869.0;0.0;3859.0;10.0;4330.0;0.0;4272.0;58.0
13255658000196;SULGIPE;2023-11;96.3235;0.5325;0.0;95.5138;0.7095;0.0;1;1;1;3945.0;0.0;3923.0;22.0;4370.0;0.0;4338.0;32.0
13255658000196;SULGIPE;2023-12;94.714;0.4086;0.0;75.6032;7.8226;0.0;1;1;1;3917.0;0.0;3900.0;17.0;6674.0;0.0;6151.0;523.0
13255658000196;SULGIPE;2024-01;94.5028;0.3665;0.0;88.8889;1.2381;0.0;1;1;1;4093.0;0.0;4078.0;15.0;6219.0;0.0;6142.0;77.0
13255658000196;SULGIPE;2024-02;93.863;0.5093;0.0;84.6499;4.2649;0.0;1;1;1;3928.0;0.0;3907.0;21.0;6027.0;0.0;5769.0;258.0
13255658000196;SULGIPE;2024-03;92.5926;0.9132;0.0507;87.1659;2.4265;0.0379;1;1;1;3944.0;2.0;3906.0;36.0;5277.0;2.0;5147.0;128.0
13255658000196;SULGIPE;2024-04;90.8362;1.3369;0.9868;83.6816;4.4026;0.6497;1;1;1;4155.0;41.0;4059.0;55.0;6311.0;41.0;5993.0;277.0
13255658000196;SULGIPE;2024-05;94.2754;0.9466;0.849;92.239;1.1793;1.9068;1;1;1;4476.0;38.0;4395.0;43.0;6398.0;122.0;6201.0;75.0
13255658000196;SULGIPE;2024-06;93.747;0.9489;0.6046;90.7436;1.6123;0.472;1;1;1;4135.0;25.0;4071.0;39.0;5297.0;25.0;5187.0;85.0
13255658000196;SULGIPE;2024-07;93.2728;1.0843;0.0;90.3898;2.2665;0.0;1;1;1;4519.0;0.0;4470.0;49.0;5515.0;0.0;5390.0;125.0
13255658000196;SULGIPE;2024-08;93.8625;0.7153;0.1152;92.7118;1.0079;0.0968;1;1;1;4339.0;5.0;4303.0;31.0;5164.0;5.0;5107.0;52.0
13255658000196;SULGIPE;2024-09;92.4641;1.1722;0.0478;89.2082;1.8891;0.0402;1;1;1;4183.0;2.0;4131.0;50.0;4979.0;2.0;4882.0;95.0
13255658000196;SULGIPE;2024-10;91.065;1.1958;0.3821;89.037;1.5556;0.3138;1;1;1;4449.0;17.0;4379.0;53.0;5417.0;17.0;5316.0;84.0
13255658000196;SULGIPE;2024-11;90.307;1.2569;0.0483;86.4033;2.7082;0.0371;1;1;1;4139.0;2.0;4085.0;52.0;5393.0;2.0;5245.0;146.0
13255658000196;SULGIPE;2024-12;88.6415;1.8214;0.1768;87.1222;2.1244;0.1531;1;1;1;3960.0;7.0;3881.0;72.0;4573.0;7.0;4469.0;97.0
13255658000196;SULGIPE;2025-01;88.7461;1.6013;0.0;67.3337;10.7099;0.2008;1;1;1;4434.0;0.0;4363.0;71.0;8963.0;18.0;7987.0;958.0
13255658000196;SULGIPE;2025-02;90.0273;1.6356;0.0908;86.6504;2.4714;0.0748;1;1;1;4406.0;4.0;4330.0;72.0;5345.0;4.0;5209.0;132.0
13255658000196;SULGIPE;2025-03;90.1643;1.6867;0.0656;85.0267;3.7433;0.0553;1;1;1;4570.0;3.0;4488.0;79.0;5428.0;3.0;5220.0;205.0
13255658000196;SULGIPE;2025-04;86.8221;2.3079;0.1153;81.4234;5.6438;0.0956;1;1;1;4338.0;5.0;4233.0;100.0;5232.0;5.0;4932.0;295.0
13255658000196;SULGIPE;2025-05;86.221;2.67;0.2527;82.1236;3.8842;0.1946;1;1;1;5144.0;13.0;4994.0;137.0;6682.0;13.0;6409.0;260.0
13255658000196;SULGIPE;2025-06;92.3664;1.2214;0.4343;91.4804;1.49;0.3806;1;1;1;4605.0;20.0;4529.0;56.0;5255.0;20.0;5157.0;78.0
13255658000196;SULGIPE;2025-07;93.7669;0.9649;0.0;90.9643;1.6952;0.0;1;1;1;5182.0;0.0;5132.0;50.0;6255.0;0.0;6147.0;108.0
13255658000196;SULGIPE;2025-08;92.3769;1.0151;0.0;88.8145;2.0873;0.0;1;1;1;5222.0;0.0;5168.0;54.0;6278.0;0.0;6145.0;133.0
13255658000196;SULGIPE;2025-09;92.0464;1.0171;0.0203;89.5569;1.5152;0.0163;1;1;1;4918.0;1.0;4866.0;51.0;6140.0;1.0;6045.0;94.0
13255658000196;SULGIPE;2025-10;95.5978;0.5596;0.0;92.9115;1.3479;0.0;1;1;1;5361.0;0.0;5331.0;30.0;6306.0;0.0;6221.0;85.0
13255658000196;SULGIPE;2025-11;93.6298;0.641;0.0;91.2657;0.9558;0.0;1;1;1;4992.0;0.0;4960.0;32.0;6068.0;0.0;6010.0;58.0
13255658000196;SULGIPE;2025-12;92.5309;1.0483;0.0187;90.8222;1.3939;0.1251;1;1;1;5343.0;1.0;5286.0;56.0;6393.0;8.0;6296.0;89.0
13255658000196;SULGIPE;2026-01;92.0355;1.0084;0.0;87.0006;2.5947;0.0513;1;1;1;5852.0;0.0;5792.0;60.0;7790.0;4.0;7583.0;203.0
13255658000196;SULGIPE;2026-02;92.2919;1.029;0.0561;78.7283;6.9563;0.0366;1;1;1;5348.0;3.0;5290.0;55.0;8197.0;3.0;7624.0;570.0
13255658000196;SULGIPE;2026-03;93.1447;0.5901;0.0;92.0048;0.7693;0.0;1;1;1;5762.0;0.0;5728.0;34.0;6629.0;0.0;6578.0;51.0
13255658000196;SULGIPE;2026-04;94.237;0.8531;0.0758;88.0453;4.4226;0.0603;1;1;1;5279.0;4.0;5230.0;45.0;6629.0;4.0;6332.0;293.0
13255658000196;SULGIPE;2026-05;89.8892;1.6613;0.0;88.1883;2.2346;0.0;1;1;1;5599.0;0.0;5505.0;94.0;6266.0;0.0;6125.0;141.0
13255658000196;SULGIPE;2026-06;93.5892;0.6846;0.0;92.9828;0.8256;0.0;1;1;1;4921.0;0.0;4787.0;129.0;5688.0;0.0;5526.0;157.0
13255658000196;SULGIPE;2026-07;95.0187;0.4922;0.0;94.1972;0.6764;0.0;1;1;1;5159.0;0.0;5054.0;102.0;5715.0;0.0;5580.0;132.0
15139629000194;COELBA;2014-01;81.8891;6.0628;1.1937;76.9139;8.7353;2.5514;0;0;1;438623.0;5236.0;307881.0;33868.0;517632.0;13207.0;345374.0;51935.0
15139629000194;COELBA;2014-02;89.2508;3.5375;1.0727;84.9211;5.8806;1.0398;1;1;1;417639.0;4480.0;306469.0;21167.0;471648.0;4904.0;337194.0;34119.0
15139629000194;COELBA;2014-03;87.2978;3.9761;0.8532;76.9985;10.7907;8.8318;1;1;1;456392.0;3894.0;334308.0;25589.0;580574.0;51275.0;357077.0;62236.0
15139629000194;COELBA;2014-04;89.5898;3.294;0.3057;77.2877;9.9533;0.225;1;1;1;366101.0;1119.0;279551.0;18250.0;533282.0;1200.0;374887.0;61583.0
15139629000194;COELBA;2014-05;81.4152;7.5793;1.2729;74.6111;11.6075;3.5576;0;0;1;471761.0;6005.0;343827.0;42504.0;567427.0;20187.0;382492.0;71009.0
15139629000194;COELBA;2014-06;92.192;2.1047;0.079;88.1279;4.1585;0.0705;1;1;1;420271.0;332.0;334093.0;16459.0;487907.0;344.0;376800.0;29746.0
15139629000194;COELBA;2014-07;85.0527;4.5257;0.1725;80.7159;6.5574;0.1844;1;0;1;466057.0;804.0;356673.0;31394.0;584049.0;1077.0;436760.0;50976.0
15139629000194;COELBA;2014-08;91.5497;2.1159;1.0778;90.0494;2.8124;1.0433;1;1;1;494532.0;5330.0;390343.0;18897.0;531294.0;5543.0;415439.0;24221.0
15139629000194;COELBA;2014-09;88.7008;3.5673;2.3041;78.6039;9.143;3.7207;1;1;0;463612.0;10682.0;352148.0;26776.0;609321.0;22671.0;422455.0;67585.0
15139629000194;COELBA;2014-10;80.3;7.7026;0.9453;61.5368;20.1008;0.8022;0;0;1;431202.0;4076.0;312616.0;43660.0;710139.0;5697.0;437704.0;147455.0
15139629000194;COELBA;2014-11;80.6422;6.718;1.1401;63.8161;17.2493;0.9039;0;0;1;380150.0;4334.0;268905.0;35911.0;714898.0;6462.0;435103.0;132802.0
15139629000194;COELBA;2014-12;81.6484;6.3386;1.9141;65.3948;14.457;1.5706;0;0;1;417055.0;7983.0;300298.0;33397.0;607711.0;9545.0;392437.0;92176.0
15139629000194;COELBA;2015-01;89.832;3.3158;1.1545;85.6316;5.4948;1.0743;1;1;1;439512.0;5074.0;334393.0;21622.0;484797.0;5208.0;358548.0;34140.0
15139629000194;COELBA;2015-02;78.2532;8.43;1.1383;58.3457;19.3942;1.1531;0;0;1;387855.0;4415.0;276013.0;39176.0;631927.0;7287.0;388902.0;124870.0
15139629000194;COELBA;2015-03;71.6376;11.5349;0.601;66.4243;14.955;0.5982;0;0;1;503151.0;3024.0;351579.0;67496.0;580576.0;3473.0;386533.0;96092.0
15139629000194;COELBA;2015-04;55.133;20.2219;0.7101;40.8508;28.8037;0.6552;0;0;1;443991.0;3153.0;263353.0;89761.0;709120.0;4646.0;361499.0;189801.0
15139629000194;COELBA;2015-05;60.7939;18.6788;0.6108;49.5774;25.9755;0.5676;0;0;1;476728.0;2912.0;296658.0;94709.0;704020.0;3996.0;398087.0;185002.0
15139629000194;COELBA;2015-06;95.2938;1.1948;0.7387;95.0003;1.3072;0.7276;1;1;1;491793.0;3633.0;384787.0;20368.0;506063.0;3682.0;395095.0;21967.0
15139629000194;COELBA;2015-07;96.0964;0.9523;0.7556;94.1011;1.8774;0.7375;1;1;1;523143.0;3953.0;421127.0;15242.0;562862.0;4151.0;448119.0;22218.0
15139629000194;COELBA;2015-08;89.3815;3.2857;0.565;88.1508;3.8729;0.5538;1;1;1;525682.0;2970.0;413378.0;27506.0;628603.0;3481.0;491450.0;36914.0
15139629000194;COELBA;2015-09;89.9872;2.5403;0.0229;88.5902;3.2351;0.0217;1;1;1;515436.0;118.0;410775.0;26123.0;572399.0;124.0;452438.0;33497.0
15139629000194;COELBA;2015-10;86.2652;3.1446;0.0112;84.7604;3.8124;0.0128;1;1;1;508914.0;57.0;413152.0;22895.0;561868.0;72.0;450742.0;30768.0
15139629000194;COELBA;2015-11;86.1428;1.9109;0.0128;70.5486;9.3355;0.0345;1;1;1;560912.0;72.0;376982.0;10203.0;769067.0;265.0;478965.0;61597.0
15139629000194;COELBA;2015-12;85.7832;2.7368;0.0099;71.4736;9.8935;0.0108;1;1;1;483436.0;48.0;361008.0;14293.0;610537.0;66.0;414551.0;57651.0
15139629000194;COELBA;2016-01;80.0028;4.6612;0.054;65.009;11.903;0.0806;0;0;1;633846.0;342.0;435541.0;28863.0;880470.0;710.0;530138.0;89547.0
15139629000194;COELBA;2016-02;91.0154;1.5635;0.0049;88.9861;2.3735;0.0046;1;1;1;450898.0;22.0;376485.0;13404.0;480487.0;22.0;393956.0;19179.0
15139629000194;COELBA;2016-03;86.8775;1.9451;0.0;86.1469;2.3645;0.0;1;1;1;486460.0;0.0;397292.0;10386.0;492992.0;0.0;400322.0;12531.0
15139629000194;COELBA;2016-04;89.3121;1.212;0.0101;87.7414;2.1055;0.1273;1;1;1;535441.0;54.0;379747.0;5895.0;552179.0;703.0;385489.0;9748.0
15139629000194;COELBA;2016-05;86.2588;1.1202;0.0069;85.784;1.2742;0.0068;1;1;1;566250.0;39.0;420332.0;6296.0;576012.0;39.0;425605.0;7152.0
15139629000194;COELBA;2016-06;86.8771;1.2415;0.0125;86.4789;1.3462;0.0123;1;1;1;488354.0;61.0;408478.0;8807.0;494041.0;61.0;412292.0;9440.0
15139629000194;COELBA;2016-07;85.6881;1.8035;0.447;84.9052;2.124;0.4531;1;1;1;469383.0;2098.0;386958.0;11308.0;474973.0;2152.0;389804.0;12914.0
15139629000194;COELBA;2016-08;85.7166;2.1721;0.007;84.9092;2.3432;0.0068;1;1;1;488681.0;34.0;412059.0;13402.0;500973.0;34.0;421721.0;15221.0
15139629000194;COELBA;2016-09;85.628;1.8094;0.0041;85.3082;1.9027;0.0041;1;1;1;488495.0;20.0;396158.0;11929.0;492039.0;20.0;398423.0;12497.0
15139629000194;COELBA;2016-10;82.244;3.543;0.0045;69.4286;12.7821;2.4129;0;1;1;535243.0;24.0;438071.0;23009.0;709899.0;17129.0;497039.0;89134.0
15139629000194;COELBA;2016-11;86.2538;2.4655;2.9595;83.5252;3.9456;4.2056;1;1;0;710800.0;21036.0;445641.0;16604.0;771275.0;32437.0;471584.0;26699.0
15139629000194;COELBA;2016-12;87.227;1.2455;0.0115;84.7929;2.4715;0.0128;1;1;1;650148.0;75.0;426028.0;8223.0;672247.0;86.0;438185.0;15086.0
15139629000194;COELBA;2017-01;89.0921;0.6034;0.0061;88.9673;0.7073;0.006;1;1;1;528126.0;32.0;353978.0;3667.0;529487.0;32.0;354344.0;4058.0
15139629000194;COELBA;2017-02;87.2649;0.7589;0.0148;86.7155;1.0271;0.0147;1;1;1;505270.0;75.0;333732.0;4411.0;510413.0;75.0;336192.0;5478.0
15139629000194;COELBA;2017-03;86.7579;1.1153;0.0169;81.0229;3.1955;0.0173;1;1;1;548927.0;93.0;382297.0;6689.0;594102.0;103.0;412507.0;19569.0
15139629000194;COELBA;2017-04;88.4534;0.9802;0.0348;84.8539;2.6573;0.4951;1;1;1;453470.0;158.0;338532.0;5208.0;475037.0;2352.0;348745.0;13069.0
15139629000194;COELBA;2017-05;87.4856;0.6428;0.0195;87.3195;0.7183;0.0193;1;1;1;477197.0;93.0;353637.0;4267.0;481459.0;93.0;356445.0;4612.0
15139629000194;COELBA;2017-06;87.3178;0.8266;0.1117;87.3205;0.8264;0.1117;1;1;1;436771.0;488.0;319255.0;4434.0;436890.0;488.0;319332.0;4434.0
15139629000194;COELBA;2017-07;85.7778;0.9052;0.1453;76.3632;6.0549;0.6248;1;1;1;453003.0;658.0;337629.0;5495.0;518090.0;3237.0;367052.0;36861.0
15139629000194;COELBA;2017-08;86.4999;0.7029;0.0086;86.0139;0.7892;0.0085;1;1;1;431521.0;37.0;350612.0;4576.0;435146.0;37.0;352875.0;5305.0
15139629000194;COELBA;2017-09;86.2665;0.9736;0.0002;84.0846;2.1171;0.0002;1;1;1;402881.0;1.0;318750.0;5459.0;418368.0;1.0;324430.0;12906.0
15139629000194;COELBA;2017-10;85.9555;0.9534;0.0037;85.6306;1.0766;0.0037;1;1;1;431532.0;16.0;341467.0;5642.0;433798.0;16.0;342556.0;6553.0
15139629000194;COELBA;2017-11;85.5447;1.7373;0.0086;79.2415;4.4256;0.0079;1;1;1;487347.0;42.0;375110.0;9723.0;534466.0;42.0;400018.0;29819.0
15139629000194;COELBA;2017-12;86.3649;1.0427;0.0032;58.5737;17.6392;2.171;1;1;1;377607.0;12.0;314229.0;5322.0;615279.0;13358.0;398029.0;98691.0
15139629000194;COELBA;2018-01;86.617;1.3121;0.0;72.7047;6.1267;0.0;1;1;1;356413.0;0.0;291152.0;5519.0;542389.0;0.0;422901.0;39069.0
15139629000194;COELBA;2018-02;86.7745;1.3072;0.0;72.02;7.5149;0.0;1;1;1;281889.0;0.0;260622.0;5336.0;436890.0;0.0;372799.0;41224.0
15139629000194;COELBA;2018-03;85.9637;1.4967;0.2256;68.2234;6.9777;2.4715;1;1;1;376851.0;850.0;262528.0;5906.0;590120.0;14585.0;374649.0;39336.0
15139629000194;COELBA;2018-04;85.6605;2.1408;0.0134;85.2391;2.4025;0.0133;1;1;1;419318.0;56.0;290858.0;8250.0;422493.0;56.0;292285.0;9373.0
15139629000194;COELBA;2018-05;86.2556;1.2906;0.5944;85.381;1.4912;0.5935;1;1;1;389990.0;2318.0;290934.0;5545.0;395989.0;2350.0;294301.0;7209.0
15139629000194;COELBA;2018-06;86.5847;1.1022;0.0026;86.1878;1.2593;0.0026;1;1;1;384040.0;10.0;288305.0;4744.0;386950.0;10.0;289655.0;5390.0
15139629000194;COELBA;2018-07;88.6576;1.3301;0.0023;88.6558;1.3299;0.0023;1;1;1;395770.0;9.0;249989.0;4622.0;395860.0;9.0;250038.0;4623.0
15139629000194;COELBA;2018-08;91.8013;0.7666;0.0527;91.7737;0.7838;0.0529;1;1;1;413572.0;218.0;246464.0;2835.0;413819.0;219.0;246573.0;2882.0
15139629000194;COELBA;2018-09;86.5703;1.9345;0.0294;86.3524;2.0573;0.0293;1;1;1;398312.0;117.0;226703.0;5852.0;399866.0;117.0;227130.0;6192.0
15139629000194;COELBA;2018-10;85.3439;2.2431;0.0748;82.7129;3.2005;0.0709;1;1;1;473402.0;354.0;274426.0;8381.0;499070.0;354.0;282821.0;12444.0
15139629000194;COELBA;2018-11;86.1458;1.9078;0.0122;85.6278;1.9804;0.0536;1;1;1;492716.0;60.0;302223.0;7969.0;503886.0;270.0;308200.0;8553.0
15139629000194;COELBA;2018-12;85.0847;2.0438;0.01;74.3925;7.3772;0.017;1;1;1;477793.0;48.0;309802.0;9788.0;634228.0;108.0;369475.0;36882.0
15139629000194;COELBA;2019-01;85.2511;2.196;0.1048;84.3363;2.5713;0.1025;1;1;1;501939.0;526.0;282631.0;9732.0;513086.0;526.0;286383.0;11296.0
15139629000194;COELBA;2019-02;85.4159;1.9151;0.0156;83.5452;2.9582;0.0151;1;1;1;532302.0;83.0;297769.0;9372.0;551273.0;83.0;303407.0;13873.0
15139629000194;COELBA;2019-03;85.0178;1.6907;0.005;79.7432;4.2389;0.0044;1;1;1;583540.0;29.0;302949.0;8295.0;656687.0;29.0;323100.0;19307.0
15139629000194;COELBA;2019-04;85.1766;1.752;0.1003;84.8377;1.7981;0.1069;1;1;1;501627.0;503.0;278140.0;7330.0;508772.0;544.0;280823.0;7631.0
15139629000194;COELBA;2019-05;86.1159;1.7171;0.0049;86.0886;1.733;0.0049;1;1;1;448485.0;22.0;277489.0;7012.0;449366.0;22.0;277846.0;7074.0
15139629000194;COELBA;2019-06;85.4682;2.3183;0.0024;85.3546;2.3699;0.0026;1;1;1;417658.0;10.0;243367.0;7967.0;420053.0;11.0;244379.0;8146.0
15139629000194;COELBA;2019-07;85.4243;1.4858;0.0023;85.4265;1.4851;0.0023;1;1;1;471944.0;11.0;287627.0;6718.0;472390.0;11.0;287828.0;6724.0
15139629000194;COELBA;2019-08;87.2111;0.89;0.0407;87.1988;0.8946;0.0407;1;1;1;425355.0;173.0;263473.0;4093.0;425542.0;173.0;263556.0;4109.0
15139629000194;COELBA;2019-09;86.9161;1.1554;0.0073;86.6708;1.2126;0.0073;1;1;1;395823.0;29.0;218587.0;3668.0;397445.0;29.0;219316.0;4020.0
15139629000194;COELBA;2019-10;86.0094;1.6226;0.0322;85.5246;1.7739;0.032;1;1;1;477685.0;154.0;245729.0;5272.0;484501.0;155.0;248133.0;5815.0
15139629000194;COELBA;2019-11;85.8693;1.869;0.3031;84.2295;2.8953;0.3192;1;1;1;491898.0;1491.0;248558.0;6075.0;510007.0;1628.0;252212.0;9231.0
15139629000194;COELBA;2019-12;86.0464;1.6106;0.1279;85.502;1.7521;0.1711;1;1;1;484565.0;620.0;253088.0;5568.0;494561.0;846.0;257269.0;6118.0
15139629000194;COELBA;2020-01;85.5604;2.9813;0.025;73.1962;8.923;0.025;1;1;1;504747.0;126.0;254614.0;9566.0;647392.0;162.0;300229.0;35821.0
15139629000194;COELBA;2020-02;85.2223;3.9564;0.0048;78.4934;8.0882;0.0044;1;1;1;435295.0;21.0;235305.0;12601.0;477592.0;21.0;254603.0;28251.0
15139629000194;COELBA;2020-03;85.9343;3.5232;0.0023;81.6112;5.7654;0.0019;1;1;1;303619.0;7.0;130945.0;31722.0;730078.0;14.0;274887.0;130100.0
15139629000194;COELBA;2020-04;55.5593;14.1021;0.0036;43.7263;22.9599;0.0045;0;0;1;393281.0;14.0;170436.0;29898.0;640233.0;29.0;254102.0;79447.0
15139629000194;COELBA;2020-05;51.4122;16.9102;0.0007;43.6512;20.3688;0.0019;0;0;1;417784.0;3.0;165190.0;35427.0;749999.0;14.0;296780.0;79764.0
15139629000194;COELBA;2020-06;87.0924;3.1655;0.0009;83.3484;4.2838;0.0008;1;1;1;544139.0;5.0;271885.0;9509.0;604881.0;5.0;302136.0;14384.0
15139629000194;COELBA;2020-07;91.6385;0.9091;0.0;90.9824;0.884;0.0;1;1;1;568914.0;0.0;305207.0;3388.0;629468.0;0.0;338501.0;3710.0
15139629000194;COELBA;2020-08;91.9246;1.2561;0.0;87.6536;1.9449;0.0;1;1;1;553371.0;0.0;274353.0;3875.0;640141.0;0.0;319029.0;7011.0
15139629000194;COELBA;2020-09;87.4279;1.533;0.0003;86.5826;1.6066;0.0011;1;1;1;610336.0;2.0;292454.0;5180.0;655462.0;7.0;315088.0;5849.0
15139629000194;COELBA;2020-10;87.9367;1.9687;0.0026;80.6992;4.6167;0.0028;1;1;1;491265.0;13.0;234886.0;5357.0;815280.0;23.0;370631.0;19673.0
15139629000194;COELBA;2020-11;86.4203;3.0499;0.0002;80.6449;5.2112;0.1426;1;1;1;504574.0;1.0;236440.0;8126.0;730585.0;1042.0;336012.0;19987.0
15139629000194;COELBA;2020-12;86.3797;2.3928;0.0054;84.3871;3.3398;0.0051;1;1;1;592225.0;32.0;288280.0;7796.0;631257.0;32.0;304847.0;11415.0
15139629000194;COELBA;2021-01;87.0466;2.2487;0.011;85.6421;2.8709;0.0105;1;1;1;680481.0;75.0;322511.0;8244.0;713125.0;75.0;334123.0;10913.0
15139629000194;COELBA;2021-02;89.503;2.4551;0.0156;88.3933;2.9852;0.0148;1;1;1;614767.0;96.0;286659.0;9197.0;648056.0;96.0;299284.0;11844.0
15139629000194;COELBA;2021-03;86.4041;2.2432;0.0851;85.8243;2.384;0.0824;1;1;1;758347.0;645.0;357876.0;12210.0;783158.0;645.0;369132.0;13298.0
15139629000194;COELBA;2021-04;85.9523;3.251;0.1381;81.2455;5.3909;0.1261;1;1;1;704008.0;972.0;329504.0;14811.0;782031.0;986.0;357492.0;25523.0
15139629000194;COELBA;2021-05;88.6204;1.6793;0.0155;88.6002;1.6882;0.0155;1;1;1;671906.0;104.0;334128.0;8687.0;672478.0;104.0;334378.0;8729.0
15139629000194;COELBA;2021-06;95.0466;0.4012;0.0575;95.0763;0.3991;0.0577;1;1;1;578979.0;333.0;325717.0;2836.0;583601.0;337.0;328436.0;2852.0
15139629000194;COELBA;2021-07;91.7821;1.1321;0.0185;91.7455;1.1484;0.0184;1;1;1;617560.0;114.0;349591.0;6911.0;618217.0;114.0;349816.0;6985.0
15139629000194;COELBA;2021-08;87.3843;1.3819;0.0053;87.3864;1.3818;0.0053;1;1;1;588911.0;31.0;326480.0;8491.0;589189.0;31.0;326597.0;8494.0
15139629000194;COELBA;2021-09;87.1751;1.6176;0.0031;86.9207;1.861;0.003;1;1;1;556004.0;17.0;315531.0;8826.0;560221.0;17.0;316454.0;9744.0
15139629000194;COELBA;2021-10;87.882;1.3245;0.0035;87.2894;1.6266;0.0036;1;1;1;603640.0;21.0;325114.0;7623.0;617332.0;22.0;330159.0;9115.0
15139629000194;COELBA;2021-11;90.0667;1.4615;0.0069;82.6563;4.3571;0.0062;1;1;1;569124.0;39.0;305636.0;6914.0;771069.0;48.0;383747.0;22860.0
15139629000194;COELBA;2021-12;94.6118;0.7066;0.0057;91.1096;2.0557;0.0051;1;1;1;666324.0;38.0;354001.0;3923.0;770674.0;39.0;393357.0;11463.0
15139629000194;COELBA;2022-01;95.6937;0.6308;0.0033;91.5267;3.0323;0.3267;1;1;1;632177.0;21.0;345622.0;3421.0;703172.0;2297.0;365644.0;14618.0
15139629000194;COELBA;2022-02;94.9221;0.4098;0.0087;94.787;0.4656;0.0085;1;1;1;607966.0;53.0;329509.0;2428.0;622479.0;53.0;334769.0;2676.0
15139629000194;COELBA;2022-03;93.285;0.7551;0.0079;92.1527;1.2276;0.0075;1;1;1;635300.0;50.0;348962.0;4398.0;665695.0;50.0;360298.0;6557.0
15139629000194;COELBA;2022-04;92.2874;0.9936;0.0952;92.2065;1.0241;0.4379;1;1;1;537966.0;512.0;306213.0;4679.0;603500.0;2643.0;337014.0;5235.0
15139629000194;COELBA;2022-05;96.0881;0.7365;0.0082;95.6774;0.9701;0.0081;1;1;1;598076.0;49.0;339770.0;3583.0;606189.0;49.0;342299.0;4533.0
15139629000194;COELBA;2022-06;94.8607;0.4569;0.0574;93.6611;0.9868;0.0553;1;1;1;493251.0;283.0;287554.0;2266.0;513980.0;284.0;294484.0;4248.0
15139629000194;COELBA;2022-07;94.0183;0.7928;0.0119;94.0105;0.7939;0.0119;1;1;1;555024.0;66.0;315982.0;3697.0;555372.0;66.0;316142.0;3703.0
15139629000194;COELBA;2022-08;94.5374;0.6754;0.0606;94.5205;0.6794;0.0604;1;1;1;576360.0;349.0;331778.0;3455.0;577465.0;349.0;332285.0;3473.0
15139629000194;COELBA;2022-09;95.2028;0.521;0.0054;95.1931;0.5235;0.0054;1;1;1;496912.0;27.0;297491.0;2496.0;499829.0;27.0;299447.0;2520.0
15139629000194;COELBA;2022-10;94.0113;0.391;0.0;93.7371;0.4428;0.0;1;1;1;486521.0;0.0;303663.0;3089.0;498666.0;0.0;310950.0;3448.0
15139629000194;COELBA;2022-11;94.8702;0.4423;0.0;92.9891;1.1748;0.0;1;1;1;514775.0;0.0;296200.0;2579.0;581047.0;0.0;325970.0;6048.0
15139629000194;COELBA;2022-12;92.9042;1.0023;0.0;91.8722;1.2901;0.0;1;1;1;593275.0;0.0;342834.0;5104.0;632966.0;0.0;361149.0;6922.0
15139629000194;COELBA;2023-01;91.3492;0.4853;0.0;90.2923;0.7205;0.0;1;1;1;568340.0;0.0;338779.0;4003.0;584566.0;0.0;347243.0;5263.0
15139629000194;COELBA;2023-02;89.7076;0.858;0.0;87.9877;1.39;0.0;1;1;1;493383.0;0.0;308502.0;5062.0;529214.0;0.0;332090.0;8189.0
15139629000194;COELBA;2023-03;92.2933;0.4805;0.0;91.4248;0.7601;0.0;1;1;1;629755.0;0.0;370512.0;3745.0;660171.0;0.0;388029.0;5202.0
15139629000194;COELBA;2023-04;94.5939;0.2689;0.0;93.6589;0.4265;0.0;1;1;1;537190.0;0.0;304166.0;1903.0;568815.0;0.0;322409.0;2729.0
15139629000194;COELBA;2023-05;96.8194;0.1809;0.0;96.6236;0.2107;0.0;1;1;1;577591.0;0.0;315034.0;1109.0;580164.0;0.0;316354.0;1226.0
15139629000194;COELBA;2023-06;97.8956;0.0927;0.0;97.8551;0.1049;0.0;1;1;1;519157.0;0.0;281289.0;704.0;522407.0;0.0;282846.0;753.0
15139629000194;COELBA;2023-07;95.5194;0.4145;0.0;95.4924;0.4223;0.0;1;1;1;514777.0;0.0;292848.0;2117.0;515228.0;0.0;293079.0;2147.0
15139629000194;COELBA;2023-08;95.2293;0.2511;0.0;95.1648;0.2504;0.0;1;1;1;549847.0;0.0;301501.0;1671.0;556650.0;0.0;305484.0;1715.0
15139629000194;COELBA;2023-09;92.7484;0.4086;0.0;92.4474;0.5094;0.0;1;1;1;493719.0;0.0;265925.0;2135.0;497215.0;0.0;267401.0;2477.0
15139629000194;COELBA;2023-10;87.7388;1.5775;0.0;87.5276;1.6473;0.0;1;1;1;592237.0;0.0;302656.0;7188.0;602683.0;0.0;307249.0;7607.0
15139629000194;COELBA;2023-11;85.1233;1.6217;0.0;83.7522;2.1705;0.0;1;1;1;603398.0;0.0;294095.0;7336.0;633337.0;0.0;305636.0;9796.0
15139629000194;COELBA;2023-12;86.8646;1.8878;0.0;71.1472;11.0687;0.0001;1;1;1;572040.0;0.0;241146.0;6788.0;809743.0;1.0;299806.0;45812.0
15139629000194;COELBA;2024-01;87.931;1.6425;0.0;75.6363;7.4557;0.0;1;1;1;456935.0;0.0;269467.0;7062.0;702286.0;0.0;361020.0;38499.0
15139629000194;COELBA;2024-02;93.3963;0.6054;0.0002;85.3525;4.8444;0.0002;1;1;1;488312.0;1.0;278601.0;3111.0;632950.0;1.0;329190.0;22580.0
15139629000194;COELBA;2024-03;91.7841;0.8901;0.0;90.5112;1.4687;0.0;1;1;1;497678.0;0.0;301180.0;4390.0;526099.0;0.0;316712.0;7302.0
15139629000194;COELBA;2024-04;96.5097;0.2927;0.0;96.2822;0.3547;0.0;1;1;1;486012.0;0.0;292265.0;1502.0;509067.0;0.0;303990.0;1803.0
15139629000194;COELBA;2024-05;98.4636;0.1447;0.0;98.4692;0.1442;0.0;1;1;1;455396.0;0.0;291174.0;845.0;462892.0;0.0;295750.0;858.0
15139629000194;COELBA;2024-06;97.6789;0.1528;0.0;97.699;0.1535;0.0;1;1;1;426805.0;0.0;259995.0;1026.0;432722.0;0.0;263355.0;1034.0
15139629000194;COELBA;2024-07;96.0217;0.4142;0.0;96.0217;0.4142;0.0;1;1;1;461088.0;0.0;275558.0;2035.0;461088.0;0.0;275558.0;2035.0
15139629000194;COELBA;2024-08;95.9583;0.4418;0.0;95.7895;0.476;0.0;1;1;1;476953.0;0.0;279653.0;2184.0;491716.0;0.0;287713.0;2409.0
15139629000194;COELBA;2024-09;93.962;0.7375;0.0;93.9447;0.748;0.0;1;1;1;443310.0;0.0;241745.0;3144.0;444413.0;0.0;242292.0;3180.0
15139629000194;COELBA;2024-10;91.2044;1.1958;0.0007;90.8851;1.308;0.0007;1;1;1;434095.0;3.0;292988.0;6636.0;444506.0;3.0;298257.0;7260.0
15139629000194;COELBA;2024-11;89.4017;1.3451;0.0055;82.2879;4.637;0.005;1;1;1;457526.0;25.0;255975.0;6404.0;539251.0;27.0;288106.0;21389.0
15139629000194;COELBA;2024-12;91.2251;1.082;0.0058;91.1011;1.1185;0.0058;1;1;1;482065.0;28.0;257911.0;4787.0;485963.0;28.0;259734.0;4950.0
15139629000194;COELBA;2025-01;89.9164;0.7265;0.0078;68.5403;13.4219;0.0091;1;1;1;458838.0;36.0;250467.0;4265.0;668282.0;61.0;306026.0;63900.0
15139629000194;COELBA;2025-02;87.3306;0.8348;0.007;84.2504;2.2844;0.0067;1;1;1;471864.0;33.0;260150.0;4690.0;489026.0;33.0;267263.0;9875.0
15139629000194;COELBA;2025-03;85.6708;1.0223;0.0047;83.7934;2.0507;0.005;1;1;1;463793.0;22.0;258399.0;5098.0;475758.0;24.0;263032.0;8706.0
15139629000194;COELBA;2025-04;88.5035;0.6547;0.0067;64.1244;14.5991;0.0066;1;1;1;358629.0;24.0;205924.0;3248.0;499291.0;33.0;252042.0;57245.0
15139629000194;COELBA;2025-05;89.8533;0.6491;0.0066;69.1321;11.293;0.009;1;1;1;392905.0;26.0;224401.0;3450.0;553350.0;50.0;281879.0;47992.0
15139629000194;COELBA;2025-06;96.0587;0.205;0.0056;94.453;1.1231;0.0062;1;1;1;411453.0;23.0;233173.0;1434.0;422212.0;26.0;237003.0;4216.0
15139629000194;COELBA;2025-07;93.3208;0.2596;0.0044;93.2969;0.2632;0.0044;1;1;1;473698.0;21.0;268555.0;2054.0;474151.0;21.0;268704.0;2067.0
15139629000194;COELBA;2025-08;91.5657;0.303;0.0038;91.5619;0.3042;0.0038;1;1;1;444019.0;17.0;247425.0;2284.0;444068.0;17.0;247440.0;2288.0
15139629000194;COELBA;2025-09;87.0919;0.6465;0.007;87.0939;0.6469;0.007;1;1;1;455676.0;32.0;240054.0;3578.0;456053.0;32.0;240220.0;3582.0
15139629000194;COELBA;2025-10;91.2319;0.6078;0.0061;80.6916;5.336;0.0074;1;1;1;461632.0;28.0;245949.0;3190.0;551426.0;41.0;273097.0;20654.0
15139629000194;COELBA;2025-11;86.6583;1.246;0.0054;84.3958;2.2524;0.0064;1;1;1;522274.0;28.0;244033.0;5542.0;547972.0;35.0;251833.0;9091.0
15139629000194;COELBA;2025-12;89.8112;1.2243;0.0073;89.7127;1.2722;0.0073;1;1;1;548479.0;40.0;226057.0;4573.0;550467.0;40.0;226605.0;4717.0
15139629000194;COELBA;2026-01;91.183;0.7366;0.0074;75.5541;9.6503;0.0092;1;1;1;515718.0;38.0;216415.0;2890.0;654468.0;60.0;246398.0;32229.0
15139629000194;COELBA;2026-02;86.4007;1.3203;0.0101;63.4486;14.132;0.0116;1;1;1;445005.0;45.0;177886.0;3970.0;622416.0;72.0;218686.0;44617.0
15139629000194;COELBA;2026-03;90.6934;0.8612;0.009;78.4008;7.3083;0.0095;1;1;1;545278.0;49.0;227230.0;3339.0;633987.0;60.0;249260.0;24515.0
15139629000194;COELBA;2026-04;90.7908;0.8281;0.0074;90.7652;0.8429;0.0074;1;1;1;470284.0;35.0;204069.0;2749.0;470857.0;35.0;204225.0;2782.0
15139629000194;COELBA;2026-05;88.5238;1.4256;0.0047;58.913;22.7229;0.0057;1;1;1;379801.0;18.0;165253.0;3885.0;530452.0;30.0;199137.0;71686.0
15139629000194;COELBA;2026-06;86.1513;0.9618;0.0135;79.2517;5.7645;0.0141;1;1;1;391955.0;53.0;175060.0;3098.0;418750.0;59.0;181474.0;14662.0
15139629000194;COELBA;2026-07;86.6396;0.556;0.0102;86.6405;0.556;0.0102;1;1;1;451785.0;46.0;209972.0;2438.0;451833.0;46.0;209994.0;2439.0
15413826000150;EMS;2014-01;97.3213;0.3671;1.8998;91.705;2.6235;1.7123;1;1;1;114961.0;2184.0;111285.0;1492.0;136370.0;2335.0;128016.0;6019.0
15413826000150;EMS;2014-02;97.4256;0.2001;0.7455;91.9434;1.7191;0.7109;1;1;1;95104.0;709.0;93273.0;1122.0;116326.0;827.0;110741.0;4758.0
15413826000150;EMS;2014-03;96.4985;0.312;1.8757;85.1596;5.4099;1.8106;1;1;1;107321.0;2013.0;103830.0;1478.0;130672.0;2366.0;118668.0;9638.0
15413826000150;EMS;2014-04;96.3346;0.2979;0.591;90.9175;1.4545;0.5434;1;1;1;95933.0;567.0;94033.0;1333.0;130651.0;710.0;126088.0;3853.0
15413826000150;EMS;2014-05;97.8196;0.2382;0.7591;90.7223;3.0428;0.7339;1;1;1;94064.0;714.0;92148.0;1202.0;107784.0;791.0;101903.0;5090.0
15413826000150;EMS;2014-06;96.3987;0.2235;0.6029;86.7431;5.5477;0.6636;1;1;1;81445.0;491.0;79904.0;1050.0;96448.0;640.0;88532.0;7276.0
15413826000150;EMS;2014-07;95.0281;0.533;0.5826;87.3365;3.0918;0.6302;1;1;1;93209.0;543.0;90887.0;1779.0;116632.0;735.0;109860.0;6037.0
15413826000150;EMS;2014-08;92.3751;1.0569;0.5588;91.0453;1.1937;0.5583;1;1;1;93417.0;522.0;90718.0;2177.0;98343.0;549.0;95191.0;2603.0
15413826000150;EMS;2014-09;90.154;1.1424;0.9958;72.4027;8.4672;0.957;1;1;1;104637.0;1042.0;92331.0;2601.0;155484.0;1488.0;122437.0;18929.0
15413826000150;EMS;2014-10;89.3546;1.1031;0.7554;65.8711;12.0306;0.7897;1;1;1;115698.0;874.0;94583.0;2805.0;192088.0;1517.0;132474.0;28530.0
15413826000150;EMS;2014-11;91.9329;0.8678;0.6764;77.5313;6.1057;0.6591;1;1;1;112361.0;760.0;94240.0;2179.0;172663.0;1138.0;132174.0;14513.0
15413826000150;EMS;2014-12;89.2577;1.2465;0.7305;72.636;6.829;0.6982;1;1;1;143593.0;1049.0;97528.0;3069.0;219126.0;1530.0;133951.0;16407.0
15413826000150;EMS;2015-01;86.6649;1.6767;0.6269;62.5743;11.0626;0.7083;1;1;1;126504.0;793.0;104671.0;4157.0;210088.0;1488.0;151206.0;29792.0
15413826000150;EMS;2015-02;85.1992;1.7453;0.7076;65.6317;9.1354;0.645;1;1;1;109387.0;774.0;89905.0;3990.0;168831.0;1089.0;124927.0;21225.0
15413826000150;EMS;2015-03;87.3239;1.4131;0.631;74.7481;5.8687;0.653;1;1;1;134713.0;850.0;98578.0;3190.0;165076.0;1078.0;115469.0;11731.0
15413826000150;EMS;2015-04;83.8947;1.8492;0.7765;69.448;8.6735;0.7706;0;1;1;109857.0;853.0;87472.0;3543.0;139373.0;1074.0;100587.0;14942.0
15413826000150;EMS;2015-05;88.8212;1.543;1.066;79.3574;4.4713;1.0154;1;1;1;107408.0;1145.0;85186.0;2567.0;129900.0;1319.0;99219.0;7907.0
15413826000150;EMS;2015-06;91.5348;0.8683;0.5747;86.6826;2.0607;0.5701;1;1;1;111356.0;640.0;87337.0;1782.0;121386.0;692.0;93627.0;3831.0
15413826000150;EMS;2015-07;94.7374;0.3838;0.57;82.9804;3.8972;0.6332;1;1;1;112807.0;643.0;92393.0;1276.0;139295.0;882.0;108748.0;7524.0
15413826000150;EMS;2015-08;96.5119;0.281;0.6613;90.4288;1.8701;0.6478;1;1;1;112348.0;743.0;80191.0;764.0;124107.0;804.0;87209.0;3094.0
15413826000150;EMS;2015-09;88.4045;1.4719;0.7882;66.6904;8.6624;0.8551;1;1;1;111779.0;881.0;89763.0;2991.0;168279.0;1439.0;124263.0;18313.0
15413826000150;EMS;2015-10;89.0105;1.3229;1.3226;77.8978;5.5754;1.6945;1;1;1;160520.0;2123.0;106664.0;4751.0;216055.0;3661.0;131626.0;18844.0
15413826000150;EMS;2015-11;85.7672;2.4992;1.833;70.4466;9.261;1.3481;1;1;1;144411.0;2647.0;79431.0;7271.0;326231.0;4398.0;158795.0;48258.0
15413826000150;EMS;2015-12;88.9235;1.196;0.4649;73.3731;8.593;0.5725;1;1;1;172281.0;801.0;82529.0;5264.0;381987.0;2187.0;155338.0;49747.0
15413826000150;EMS;2016-01;93.2868;0.4408;0.5743;93.0882;0.4643;0.5575;1;1;1;240276.0;1380.0;116330.0;5386.0;253290.0;1412.0;120910.0;6491.0
15413826000150;EMS;2016-02;95.8698;0.3565;1.1782;94.5343;0.8647;8.5518;1;1;1;172714.0;2035.0;123257.0;3064.0;210786.0;18026.0;132187.0;5125.0
15413826000150;EMS;2016-03;98.199;0.175;0.6922;96.5721;0.6687;0.8118;1;1;1;151112.0;1046.0;126654.0;1766.0;174678.0;1418.0;138890.0;3518.0
15413826000150;EMS;2016-04;98.4829;0.201;0.0024;96.8068;0.6231;0.0018;1;1;1;126341.0;3.0;108740.0;1248.0;169322.0;3.0;132545.0;3313.0
15413826000150;EMS;2016-05;97.7321;0.3417;0.0008;95.8065;0.9692;0.0015;1;1;1;122939.0;1.0;114341.0;1646.0;136466.0;2.0;121689.0;3597.0
15413826000150;EMS;2016-06;96.5166;0.3419;0.0;96.5304;0.3422;0.0;1;1;1;119379.0;0.0;98244.0;1259.0;119882.0;0.0;98721.0;1265.0
15413826000150;EMS;2016-07;91.8943;1.1059;0.0038;91.534;1.1691;0.0038;1;1;1;131346.0;5.0;95860.0;2662.0;133189.0;5.0;97045.0;2871.0
15413826000150;EMS;2016-08;96.1037;0.4107;0.0008;92.5123;1.9577;0.0031;1;1;1;133132.0;1.0;105001.0;1931.0;159018.0;5.0;119141.0;10567.0
15413826000150;EMS;2016-09;96.0842;0.3023;0.0;96.0667;0.3074;0.0;1;1;1;117717.0;0.0;96291.0;1586.0;118150.0;0.0;96643.0;1635.0
15413826000150;EMS;2016-10;88.8749;1.4628;0.0014;84.2638;3.0847;0.0183;1;1;1;139460.0;2.0;112495.0;5256.0;197168.0;36.0;148198.0;16267.0
15413826000150;EMS;2016-11;91.3713;1.3378;0.0;86.6436;2.3644;0.0;1;1;1;208686.0;0.0;113645.0;4838.0;286203.0;0.0;150726.0;12143.0
15413826000150;EMS;2016-12;93.578;0.6395;0.0008;92.2604;0.9725;0.0014;1;1;1;264723.0;2.0;143718.0;4418.0;294287.0;4.0;158235.0;6700.0
15413826000150;EMS;2017-01;95.6308;0.607;0.0;94.6345;0.8037;0.0017;1;1;1;258854.0;0.0;140974.0;3055.0;301498.0;5.0;162175.0;4728.0
15413826000150;EMS;2017-02;94.0171;0.7504;0.0;90.4327;2.003;0.0017;1;1;1;209220.0;0.0;115857.0;2648.0;240621.0;4.0;130628.0;5826.0
15413826000150;EMS;2017-03;94.4785;0.6667;0.0;92.3619;1.4423;0.0056;1;1;1;213810.0;0.0;121723.0;2998.0;250053.0;14.0;138854.0;7379.0
15413826000150;EMS;2017-04;92.1396;1.0661;0.0011;89.8879;1.8062;0.0108;1;1;1;189352.0;2.0;107462.0;3474.0;212448.0;23.0;118138.0;6744.0
15413826000150;EMS;2017-05;89.2442;0.7916;0.0;88.8751;0.9043;0.0;1;1;1;162319.0;0.0;115545.0;2005.0;163729.0;0.0;116814.0;2182.0
15413826000150;EMS;2017-06;88.6129;0.9825;0.0;87.5815;1.1913;0.0;1;1;1;135154.0;0.0;107834.0;2025.0;136928.0;0.0;109069.0;2324.0
15413826000150;EMS;2017-07;88.1239;0.934;0.0;87.8817;1.0134;0.0;1;1;1;136862.0;0.0;101401.0;1879.0;138024.0;0.0;102170.0;1990.0
15413826000150;EMS;2017-08;88.3653;0.8841;0.0;83.3618;2.7211;0.0;1;1;1;154282.0;0.0;110875.0;2008.0;171279.0;0.0;119478.0;4772.0
15413826000150;EMS;2017-09;87.6851;0.7249;0.0;85.0836;1.7185;0.0;1;1;1;146380.0;0.0;105725.0;1630.0;154228.0;0.0;109691.0;2943.0
15413826000150;EMS;2017-10;86.473;1.0663;0.0007;57.1569;9.5202;0.0003;1;1;1;151096.0;1.0;109758.0;2243.0;297696.0;1.0;188503.0;24195.0
15413826000150;EMS;2017-11;86.0697;1.1025;0.0;69.7833;6.0617;0.0;1;1;1;164496.0;0.0;117425.0;2322.0;235068.0;0.0;156520.0;12677.0
15413826000150;EMS;2017-12;90.6544;0.768;0.0;87.1583;1.6638;0.0;1;1;1;185936.0;0.0;133342.0;2144.0;201300.0;0.0;142140.0;3798.0
15413826000150;EMS;2018-01;91.4355;0.5514;0.0;89.0516;0.7705;0.0;1;1;1;177707.0;0.0;127334.0;1696.0;197508.0;0.0;140627.0;2355.0
15413826000150;EMS;2018-02;91.1963;0.5986;0.0;87.9323;1.445;0.0;1;1;1;151720.0;0.0;108776.0;1515.0;162973.0;0.0;114450.0;2777.0
15413826000150;EMS;2018-03;90.1588;0.8289;0.0011;88.5683;1.3598;0.001;1;1;1;186175.0;2.0;130297.0;2163.0;193503.0;2.0;134124.0;3060.0
15413826000150;EMS;2018-04;91.4153;0.4842;0.0007;87.7484;1.2865;0.0007;1;1;1;145062.0;1.0;103994.0;1288.0;151150.0;1.0;108192.0;2380.0
15413826000150;EMS;2018-05;89.9829;0.9467;0.0;85.1985;3.6975;0.0;1;1;1;160757.0;0.0;109860.0;1788.0;172605.0;0.0;116137.0;5508.0
15413826000150;EMS;2018-06;92.6807;0.4388;0.0007;90.6734;0.8354;0.0007;1;1;1;135272.0;1.0;99163.0;1190.0;138194.0;1.0;101253.0;1723.0
15413826000150;EMS;2018-07;88.1392;0.7208;0.0;86.3315;0.9905;0.0;1;1;1;164816.0;0.0;120249.0;1963.0;171328.0;0.0;124547.0;2577.0
15413826000150;EMS;2018-08;87.7104;0.4989;0.0006;80.3147;1.4227;0.0005;1;1;1;166463.0;1.0;132027.0;2523.0;196474.0;1.0;156249.0;4979.0
15413826000150;EMS;2018-09;89.7764;0.4102;0.0;86.7347;1.2098;0.0;1;1;1;154545.0;0.0;128428.0;2356.0;210207.0;0.0;172874.0;5161.0
15413826000150;EMS;2018-10;89.1304;1.1895;0.0;58.7835;9.5575;0.0;1;1;1;129789.0;0.0;103668.0;2153.0;272658.0;0.0;196263.0;25324.0
15413826000150;EMS;2018-11;90.4132;1.5799;0.0;55.439;14.5291;0.0;1;1;1;116788.0;0.0;90517.0;2086.0;283894.0;0.0;189965.0;36204.0
15413826000150;EMS;2018-12;85.1316;1.9956;0.0009;49.2872;16.6941;0.0004;1;1;1;114687.0;1.0;91984.0;2583.0;267271.0;1.0;181441.0;40323.0
15413826000150;EMS;2019-01;86.3118;1.9441;0.0;75.0171;7.1226;0.0004;1;1;1;210517.0;0.0;165485.0;4662.0;270702.0;1.0;197384.0;17948.0
15413826000150;EMS;2019-02;88.4156;2.3137;0.0;82.5399;5.1978;0.0;1;1;1;196235.0;0.0;152419.0;4708.0;219497.0;0.0;165517.0;10749.0
15413826000150;EMS;2019-03;88.1463;2.0585;0.0006;76.1384;7.4697;0.001;1;1;1;169753.0;1.0;132696.0;3644.0;204088.0;2.0;149764.0;13845.0
15413826000150;EMS;2019-04;93.1708;0.9143;0.0;91.2482;1.4394;0.0;1;1;1;175087.0;0.0;137314.0;1931.0;182258.0;0.0;141808.0;2884.0
15413826000150;EMS;2019-05;91.086;1.3741;0.0005;90.0026;1.7136;0.0005;1;1;1;186123.0;1.0;147142.0;2943.0;190358.0;1.0;150220.0;3581.0
15413826000150;EMS;2019-06;88.8357;2.1161;0.0;85.219;3.6234;0.0;1;1;1;147062.0;0.0;115224.0;3281.0;154679.0;0.0;119400.0;5480.0
15413826000150;EMS;2019-07;89.397;1.3028;0.0;89.1017;1.3906;0.0;1;1;1;180946.0;0.0;141591.0;2979.0;182185.0;0.0;142463.0;3148.0
15413826000150;EMS;2019-08;90.5004;1.5013;0.0;88.6053;2.5698;0.0;1;1;1;171159.0;0.0;135810.0;3049.0;175174.0;0.0;137286.0;4784.0
15413826000150;EMS;2019-09;87.2933;2.4057;0.0;82.1624;4.8405;0.0;1;1;1;176723.0;0.0;142797.0;4862.0;194901.0;0.0;151513.0;9544.0
15413826000150;EMS;2019-10;85.5782;1.9899;0.0;62.3776;15.2068;0.0;1;1;1;200206.0;0.0;151754.0;4624.0;310076.0;0.0;194397.0;40636.0
15413826000150;EMS;2019-11;86.9158;2.2178;0.0;74.1016;8.3889;0.0;1;1;1;203750.0;0.0;154002.0;5083.0;273784.0;0.0;190934.0;21357.0
15413826000150;EMS;2019-12;89.3579;2.1513;0.0;63.8823;18.4989;0.0;1;1;1;180011.0;0.0;135132.0;4538.0;328550.0;0.0;194640.0;52073.0
15413826000150;EMS;2020-01;93.2091;1.8395;0.0005;85.754;5.4325;0.0004;1;1;1;199397.0;1.0;150590.0;4031.0;227038.0;1.0;163405.0;11600.0
15413826000150;EMS;2020-02;89.3634;2.8768;0.0005;85.3165;4.8191;0.0005;1;1;1;190212.0;1.0;142472.0;5458.0;202452.0;1.0;148033.0;9176.0
15413826000150;EMS;2020-03;88.467;2.0742;0.0011;85.4659;4.5352;0.001;1;1;1;180384.0;2.0;146400.0;4453.0;191697.0;2.0;150612.0;8918.0
15413826000150;EMS;2020-04;81.5876;4.1819;0.0;68.5773;8.2064;0.0;0;0;1;157225.0;0.0;125104.0;6726.0;237894.0;0.0;176733.0;18553.0
15413826000150;EMS;2020-05;23.6225;21.6046;0.0;20.7373;23.4026;0.0;0;0;1;200726.0;0.0;97393.0;32619.0;281986.0;0.0;148435.0;53210.0
15413826000150;EMS;2020-06;91.2063;1.5584;0.001;81.3735;3.1081;0.0007;1;1;1;198327.0;2.0;134043.0;3003.0;298627.0;2.0;201165.0;8590.0
15413826000150;EMS;2020-07;89.7652;1.3145;0.001;72.5181;6.2417;0.0024;1;1;1;205074.0;2.0;123719.0;2744.0;332421.0;8.0;211303.0;17551.0
15413826000150;EMS;2020-08;92.8697;1.697;0.0022;76.6806;8.5223;0.002;1;1;1;185036.0;4.0;144995.0;3596.0;248343.0;5.0;176519.0;19575.0
15413826000150;EMS;2020-09;92.6397;1.2513;0.0015;91.6324;2.0178;0.0015;1;1;1;195820.0;3.0;153256.0;2889.0;200324.0;3.0;154955.0;4236.0
15413826000150;EMS;2020-10;88.1709;2.2508;0.0026;55.0923;21.88;0.0021;1;1;1;152227.0;4.0;116911.0;3815.0;328843.0;7.0;202037.0;64004.0
15413826000150;EMS;2020-11;90.6437;2.0239;0.0023;75.21;11.0184;0.0022;1;1;1;174242.0;4.0;138791.0;3962.0;225618.0;5.0;160174.0;23546.0
15413826000150;EMS;2020-12;94.1959;0.849;0.0043;87.7881;3.235;0.0034;1;1;1;185400.0;8.0;144931.0;2159.0;232804.0;8.0;172653.0;7712.0
15413826000150;EMS;2021-01;90.2979;1.6026;0.001;88.0952;2.9659;0.001;1;1;1;194353.0;2.0;147047.0;3472.0;206504.0;2.0;152331.0;6013.0
15413826000150;EMS;2021-02;91.5186;1.1997;0.0012;91.2012;1.3202;0.0012;1;1;1;167666.0;2.0;130446.0;2580.0;168878.0;2.0;131026.0;2789.0
15413826000150;EMS;2021-03;90.1929;1.2977;0.0017;88.4635;2.1211;0.0021;1;1;1;179642.0;3.0;140629.0;2790.0;186566.0;4.0;144021.0;4229.0
15413826000150;EMS;2021-04;89.1994;1.731;0.0006;89.0312;1.8252;0.0006;1;1;1;160312.0;1.0;127733.0;4199.0;161855.0;1.0;128715.0;4368.0
15413826000150;EMS;2021-05;90.7793;0.7352;0.0007;90.4191;1.0152;0.0006;1;1;1;153134.0;1.0;128399.0;1652.0;155376.0;1.0;129577.0;2072.0
15413826000150;EMS;2021-06;88.0616;1.8202;0.0;87.7626;1.9011;0.0;1;1;1;168675.0;0.0;132042.0;3373.0;170679.0;0.0;133392.0;3540.0
15413826000150;EMS;2021-07;90.5166;1.1551;0.0025;90.516;1.1536;0.0025;1;1;1;158291.0;4.0;122886.0;2202.0;158514.0;4.0;123047.0;2203.0
15413826000150;EMS;2021-08;89.8882;1.2543;0.007;88.6867;1.6395;0.0069;1;1;1;156251.0;11.0;120690.0;2320.0;159497.0;11.0;122511.0;2895.0
15413826000150;EMS;2021-09;86.8388;1.7373;0.0018;78.9137;7.6177;0.0016;1;1;1;167620.0;3.0;124378.0;3242.0;190045.0;3.0;131290.0;12779.0
15413826000150;EMS;2021-10;89.0349;3.886;0.0041;42.9741;37.6599;0.0029;1;1;1;147615.0;6.0;112364.0;5947.0;446612.0;13.0;200878.0;133709.0
15413826000150;EMS;2021-11;87.238;1.6336;0.0005;83.1858;3.4004;0.001;1;1;1;190448.0;1.0;143071.0;3496.0;206761.0;2.0;152240.0;7441.0
15413826000150;EMS;2021-12;86.7137;2.6536;0.0005;82.0374;5.9961;0.0005;1;1;1;194132.0;1.0;143950.0;5085.0;211375.0;1.0;150364.0;12330.0
15413826000150;EMS;2022-01;86.8584;2.6088;0.0012;66.0995;19.7711;0.0009;1;1;1;167106.0;2.0;118456.0;4257.0;225694.0;2.0;135566.0;39020.0
15413826000150;EMS;2022-02;89.9223;2.2807;0.0;73.0674;15.1448;0.0005;1;1;1;160595.0;0.0;112558.0;3638.0;192704.0;1.0;123685.0;27167.0
15413826000150;EMS;2022-03;90.179;1.8278;0.0017;79.668;8.1665;0.0015;1;1;1;173421.0;3.0;121763.0;5209.0;203209.0;3.0;133053.0;18685.0
15413826000150;EMS;2022-04;88.4338;2.6571;0.0007;77.085;10.2902;0.0005;1;1;1;151707.0;1.0;104335.0;5022.0;184467.0;1.0;116926.0;17904.0
15413826000150;EMS;2022-05;91.4167;2.2431;0.0012;85.2605;7.1236;0.0016;1;1;1;162525.0;2.0;116534.0;3542.0;186416.0;3.0;122438.0;10824.0
15413826000150;EMS;2022-06;91.04;2.2409;0.0007;90.1872;2.913;0.0007;1;1;1;147565.0;1.0;105528.0;3098.0;149835.0;1.0;106686.0;3938.0
15413826000150;EMS;2022-07;94.535;0.7341;0.0007;94.4755;0.7864;0.0007;1;1;1;143769.0;1.0;106550.0;1315.0;144304.0;1.0;106855.0;1385.0
15413826000150;EMS;2022-08;92.5737;1.0917;0.0;90.7838;2.3593;0.0;1;1;1;156014.0;0.0;110984.0;1950.0;162347.0;0.0;113477.0;3620.0
15413826000150;EMS;2022-09;95.1974;1.0108;0.0033;95.1695;1.0224;0.0033;1;1;1;151157.0;5.0;102047.0;1572.0;151523.0;5.0;102226.0;1587.0
15413826000150;EMS;2022-10;94.5259;1.6167;0.0035;90.5393;3.2443;0.0036;1;1;1;173055.0;6.0;104546.0;1978.0;220430.0;8.0;124750.0;4652.0
15413826000150;EMS;2022-11;94.8603;1.3988;0.0026;92.3216;2.9596;0.0023;1;1;1;154639.0;4.0;102348.0;1572.0;172471.0;4.0;110268.0;3495.0
15413826000150;EMS;2022-12;90.3423;3.141;0.0012;90.1831;3.1986;0.0012;1;1;1;167698.0;2.0;106049.0;3558.0;169322.0;2.0;106801.0;3651.0
15413826000150;EMS;2023-01;90.6874;2.0362;0.0017;90.6717;2.096;0.0017;1;1;1;175325.0;3.0;113348.0;2491.0;177071.0;3.0;114253.0;2582.0
15413826000150;EMS;2023-02;87.2927;3.0232;0.0036;83.1381;5.9557;0.0033;1;1;1;167121.0;6.0;107300.0;3548.0;183637.0;6.0;113772.0;7574.0
15413826000150;EMS;2023-03;90.9797;3.5673;0.004;74.9562;16.2661;0.0033;1;1;1;173604.0;7.0;102427.0;3909.0;212472.0;7.0;112345.0;22433.0
15413826000150;EMS;2023-04;88.0841;3.6752;0.0012;87.835;3.7861;0.0012;1;1;1;166106.0;2.0;95849.0;3761.0;166834.0;2.0;96238.0;3924.0
15413826000150;EMS;2023-05;90.9117;3.008;0.0013;90.651;3.0926;0.0013;1;1;1;156580.0;2.0;96573.0;3065.0;157117.0;2.0;96887.0;3165.0
15413826000150;EMS;2023-06;96.0108;1.002;0.0007;96.0112;1.0025;0.0007;1;1;1;140335.0;1.0;84078.0;899.0;140434.0;1.0;84137.0;900.0
15413826000150;EMS;2023-07;86.4112;4.1715;0.0007;86.4146;4.1704;0.0007;1;0;1;140678.0;1.0;85090.0;3789.0;140722.0;1.0;85112.0;3789.0
15413826000150;EMS;2023-08;86.9927;3.5975;0.0013;82.282;6.9933;0.0011;1;1;1;155891.0;2.0;87277.0;3328.0;182310.0;2.0;94639.0;7235.0
15413826000150;EMS;2023-09;82.1987;5.2889;0.003;72.0768;14.4069;0.0025;0;0;1;168293.0;5.0;88176.0;5012.0;201062.0;5.0;93507.0;15846.0
15413826000150;EMS;2023-10;87.2278;3.6962;0.003;69.6583;17.8895;0.0026;1;1;1;169224.0;5.0;97237.0;3818.0;229113.0;6.0;111809.0;24475.0
15413826000150;EMS;2023-11;86.3292;3.8071;0.0041;65.1939;20.6617;0.0036;1;1;1;169056.0;7.0;95962.0;3905.0;225002.0;8.0;111583.0;29254.0
15413826000150;EMS;2023-12;86.3218;3.4083;0.0037;63.887;22.5687;0.0036;1;1;1;164075.0;6.0;96357.0;3497.0;248342.0;9.0;118037.0;34634.0
15413826000150;EMS;2024-01;88.5484;3.2162;0.0058;71.6634;15.5425;0.005;1;1;1;173464.0;10.0;98765.0;3413.0;218063.0;11.0;112070.0;20816.0
15413826000150;EMS;2024-02;91.652;1.746;0.6755;91.0792;2.0877;0.6625;1;1;1;167439.0;1131.0;99043.0;1861.0;170869.0;1132.0;100318.0;2243.0
15413826000150;EMS;2024-03;91.577;2.0231;0.0039;80.9647;8.3904;0.0047;1;1;1;155215.0;6.0;94290.0;2023.0;190079.0;9.0;104838.0;9710.0
15413826000150;EMS;2024-04;92.5879;1.3471;0.0007;92.5886;1.347;0.0007;1;1;1;142937.0;1.0;92423.0;1331.0;142964.0;1.0;92431.0;1331.0
15413826000150;EMS;2024-05;93.4682;1.1398;0.0015;93.3139;1.1626;0.0015;1;1;1;137553.0;2.0;80232.0;964.0;137862.0;2.0;80505.0;986.0
15413826000150;EMS;2024-06;95.7707;0.3928;0.0024;95.7707;0.3928;0.0024;1;1;1;127108.0;3.0;68983.0;303.0;127108.0;3.0;68983.0;303.0
15413826000150;EMS;2024-07;95.0679;0.3972;0.0024;94.7081;0.5155;0.0024;1;1;1;126209.0;3.0;69955.0;307.0;127474.0;3.0;70253.0;392.0
15413826000150;EMS;2024-08;95.4285;0.6521;0.0022;95.4319;0.6512;0.0022;1;1;1;134052.0;3.0;72216.0;532.0;134235.0;3.0;72313.0;532.0
15413826000150;EMS;2024-09;93.5099;0.7448;0.0014;87.1367;3.5147;0.0024;1;1;1;138715.0;2.0;70900.0;558.0;164088.0;4.0;79006.0;2911.0
15413826000150;EMS;2024-10;94.225;1.1228;0.0115;91.7828;2.2814;0.0107;1;1;1;174606.0;20.0;92114.0;1083.0;186416.0;20.0;95944.0;2283.0
15413826000150;EMS;2024-11;92.8311;0.59;0.005;92.4065;0.7692;0.0049;1;1;1;159978.0;8.0;86945.0;558.0;163268.0;8.0;88234.0;726.0
15413826000150;EMS;2024-12;93.7908;0.6502;0.025;93.4177;0.8251;0.0252;1;1;1;188247.0;47.0;100546.0;696.0;190752.0;48.0;101687.0;887.0
15413826000150;EMS;2025-01;94.116;0.608;0.0318;92.108;1.7364;0.0304;1;1;1;172693.0;55.0;89915.0;589.0;184272.0;56.0;93320.0;1689.0
15413826000150;EMS;2025-02;90.8976;0.8391;0.0259;89.435;1.5848;0.0249;1;1;1;169829.0;44.0;90997.0;829.0;176412.0;44.0;93711.0;1574.0
15413826000150;EMS;2025-03;91.1779;0.6836;0.0303;90.3419;1.0609;0.0324;1;1;1;164966.0;50.0;88046.0;650.0;172774.0;56.0;90558.0;1015.0
15413826000150;EMS;2025-04;91.3081;0.6075;0.0249;91.2581;0.6145;0.0247;1;1;1;152316.0;38.0;78536.0;508.0;153592.0;38.0;78923.0;516.0
15413826000150;EMS;2025-05;91.0099;0.4043;0.0233;90.9462;0.4119;0.0237;1;1;1;150219.0;35.0;70215.0;298.0;151795.0;36.0;70837.0;306.0
15413826000150;EMS;2025-06;91.2774;0.4109;0.0183;91.1976;0.4169;0.0183;1;1;1;147295.0;27.0;57920.0;264.0;147863.0;27.0;58048.0;268.0
15413826000150;EMS;2025-07;90.93;0.461;0.0141;90.7294;0.4849;0.0139;1;1;1;141448.0;20.0;58736.0;302.0;144191.0;20.0;59308.0;320.0
15413826000150;EMS;2025-08;91.4255;1.2907;0.011;91.4181;1.2885;0.011;1;1;1;136454.0;15.0;53611.0;737.0;136935.0;15.0;53704.0;737.0
15413826000150;EMS;2025-09;90.2503;0.9322;0.0137;90.0273;0.9479;0.0141;1;1;1;205097.0;28.0;62064.0;629.0;213454.0;30.0;64262.0;662.0
15413826000150;EMS;2025-10;91.4965;0.9242;0.0059;90.7013;1.4633;0.0058;1;1;1;202470.0;12.0;61215.0;612.0;205604.0;12.0;61684.0;958.0
15413826000150;EMS;2025-11;90.57;1.0553;0.0102;84.4396;3.5258;0.0103;1;1;1;225033.0;23.0;68915.0;771.0;280403.0;29.0;78994.0;2934.0
15413826000150;EMS;2025-12;90.4485;0.8452;0.0139;89.2034;1.1988;0.0135;1;1;1;245135.0;34.0;77308.0;718.0;251595.0;34.0;79862.0;1034.0
15413826000150;EMS;2026-01;90.9258;1.0614;0.0093;90.271;1.2213;0.0097;1;1;1;193075.0;18.0;66183.0;754.0;195976.0;19.0;66969.0;874.0
15413826000150;EMS;2026-02;86.996;1.4078;0.0117;84.4694;2.4732;0.012;1;1;1;162180.0;19.0;60790.0;892.0;175253.0;21.0;63883.0;1651.0
15413826000150;EMS;2026-03;90.2545;0.8537;0.0078;89.9246;1.0142;0.0077;1;1;1;166442.0;13.0;60156.0;539.0;167831.0;13.0;60509.0;641.0
15413826000150;EMS;2026-04;90.4323;0.9531;0.0147;88.6523;1.7591;0.0147;1;1;1;162981.0;24.0;54556.0;559.0;169797.0;25.0;55736.0;1037.0
15413826000150;EMS;2026-05;90.2981;0.7116;0.0173;89.0782;1.1546;0.0168;1;1;1;161582.0;28.0;55529.0;430.0;166417.0;28.0;56501.0;693.0
15413826000150;EMS;2026-06;89.8504;0.8169;0.0104;89.8409;0.818;0.0104;1;1;1;143738.0;15.0;55242.0;490.0;143845.0;15.0;55287.0;491.0
15413826000150;EMS;2026-07;90.4174;0.8015;0.0101;90.3613;0.8091;0.0101;1;1;1;148681.0;15.0;50745.0;440.0;149214.0;15.0;50878.0;445.0
19527639000158;EMR;2014-01;89.0746;1.7817;0.1866;82.5392;4.369;2.2589;1;1;1;76625.0;143.0;53526.0;983.0;101908.0;2302.0;68423.0;3183.0
19527639000158;EMR;2014-02;84.9892;2.6467;0.7529;82.4282;3.6563;1.5567;0;1;1;78230.0;589.0;48259.0;1344.0;87044.0;1355.0;54993.0;2127.0
19527639000158;EMR;2014-03;86.0514;2.3911;0.1178;73.1044;9.123;13.4225;1;1;1;72169.0;85.0;47067.0;1166.0;109845.0;14744.0;59688.0;6316.0
19527639000158;EMR;2014-04;87.2184;1.917;0.0;78.9382;6.1326;0.0;1;1;1;78594.0;0.0;49680.0;1006.0;94285.0;0.0;58700.0;4018.0
19527639000158;EMR;2014-05;89.3033;1.4597;0.0;88.7168;1.6782;0.0;1;1;1;77793.0;0.0;53265.0;821.0;82775.0;0.0;57007.0;1010.0
19527639000158;EMR;2014-06;86.5855;1.9347;0.0533;84.6511;2.5858;0.3892;1;1;1;65634.0;35.0;48000.0;955.0;73230.0;285.0;53496.0;1447.0
19527639000158;EMR;2014-07;87.4281;2.0581;0.185;85.4948;2.8138;1.0078;1;1;1;82165.0;152.0;50062.0;1056.0;93070.0;938.0;57058.0;1660.0
19527639000158;EMR;2014-08;87.1253;2.0692;0.0;84.7234;2.936;0.0;1;1;1;78704.0;0.0;49457.0;1055.0;86891.0;0.0;54979.0;1686.0
19527639000158;EMR;2014-09;86.2156;2.1283;0.0;82.5811;4.4998;0.0;1;1;1;75318.0;0.0;49389.0;1086.0;87458.0;0.0;56920.0;2695.0
19527639000158;EMR;2014-10;90.0752;1.4236;0.0;84.3426;5.1955;0.0;1;1;1;76799.0;0.0;49165.0;720.0;89072.0;0.0;57552.0;3207.0
19527639000158;EMR;2014-11;86.9728;2.0471;0.0;78.5884;5.5411;0.0;1;1;1;71682.0;0.0;46844.0;984.0;91117.0;0.0;58727.0;3487.0
19527639000158;EMR;2014-12;88.9595;2.2676;0.0;82.3804;5.5052;0.0;1;1;1;76468.0;0.0;50900.0;1187.0;96642.0;0.0;63252.0;3707.0
19527639000158;EMR;2015-01;83.6707;1.6284;0.0;76.4605;4.2338;0.0;0;1;1;87668.0;0.0;54911.0;1743.0;125066.0;0.0;79552.0;5337.0
19527639000158;EMR;2015-02;89.245;0.6731;0.0;83.4996;2.1839;0.0;1;1;1;74026.0;0.0;47516.0;1021.0;109637.0;0.0;73230.0;3345.0
19527639000158;EMR;2015-03;89.8381;0.8647;0.0;87.1433;1.5021;0.0;1;1;1;98098.0;0.0;64894.0;1184.0;112613.0;0.0;74490.0;1958.0
19527639000158;EMR;2015-04;93.8508;0.2506;0.0;93.8608;0.2537;0.0;1;1;1;82118.0;0.0;55737.0;529.0;88559.0;0.0;60148.0;602.0
19527639000158;EMR;2015-05;95.9595;0.1415;0.0;96.1076;0.1433;0.0;1;1;1;83359.0;0.0;56473.0;297.0;91012.0;0.0;62032.0;318.0
19527639000158;EMR;2015-06;95.6746;0.3032;0.0;95.7638;0.3006;0.0;1;1;1;83841.0;0.0;57877.0;379.0;93981.0;0.0;65334.0;444.0
19527639000158;EMR;2015-07;88.5899;1.3384;0.0;87.0843;2.4203;0.0;1;1;1;86871.0;0.0;56836.0;1338.0;104928.0;0.0;68903.0;2583.0
19527639000158;EMR;2015-08;95.1451;0.3718;2.0057;94.8521;0.393;5.8047;1;1;0;87499.0;1755.0;58690.0;429.0;99333.0;5766.0;64374.0;504.0
19527639000158;EMR;2015-09;95.8626;0.2669;0.4368;95.7485;0.27;2.0351;1;1;1;84479.0;369.0;56792.0;440.0;96311.0;1960.0;63899.0;511.0
19527639000158;EMR;2015-10;94.8805;0.6192;12.6365;90.9909;1.5439;38.0005;1;1;0;92597.0;11701.0;54568.0;643.0;164440.0;62488.0;69254.0;1631.0
19527639000158;EMR;2015-11;90.7528;0.7695;0.7704;77.1123;8.9173;36.4329;1;1;1;83208.0;641.0;52742.0;827.0;213420.0;77755.0;77832.0;9079.0
19527639000158;EMR;2015-12;80.7364;3.1528;1.2484;61.5466;14.8987;21.2435;0;1;1;72253.0;902.0;45217.0;2266.0;220119.0;46761.0;89250.0;19285.0
19527639000158;EMR;2016-01;90.2373;1.0796;1.0753;82.7449;6.3716;19.038;1;1;1;104809.0;1127.0;68901.0;1305.0;158861.0;30244.0;79748.0;6701.0
19527639000158;EMR;2016-02;90.4527;1.3358;0.8038;82.7908;5.6629;4.0452;1;1;1;87334.0;702.0;59236.0;1250.0;107559.0;4351.0;67985.0;5179.0
19527639000158;EMR;2016-03;92.3016;0.9392;0.0;89.5468;2.3525;0.0;1;1;1;98966.0;0.0;67607.0;991.0;111800.0;0.0;75544.0;2449.0
19527639000158;EMR;2016-04;92.8799;0.6333;0.0;92.0749;0.8425;0.0;1;1;1;81176.0;0.0;58838.0;628.0;85134.0;0.0;61433.0;815.0
19527639000158;EMR;2016-05;92.6182;0.9822;0.0;92.5899;0.9663;0.0;1;1;1;84761.0;0.0;60188.0;882.0;86991.0;0.0;61905.0;901.0
19527639000158;EMR;2016-06;95.3814;0.7347;0.0;94.6412;1.058;0.0;1;1;1;89112.0;0.0;62285.0;650.0;92804.0;0.0;64714.0;926.0
19527639000158;EMR;2016-07;96.451;0.2068;0.0;96.4216;0.2049;0.0;1;1;1;80742.0;0.0;58402.0;258.0;81417.0;0.0;58928.0;261.0
19527639000158;EMR;2016-08;97.0699;0.3115;0.0;96.5008;0.3398;0.0;1;1;1;86509.0;0.0;59846.0;327.0;92839.0;0.0;64225.0;408.0
19527639000158;EMR;2016-09;95.8354;0.3708;0.0;95.0604;0.5125;0.0;1;1;1;85718.0;0.0;60190.0;385.0;91172.0;0.0;63866.0;524.0
19527639000158;EMR;2016-10;94.6409;0.413;0.0;94.0984;0.462;0.0;1;1;1;89285.0;0.0;63423.0;491.0;94933.0;0.0;67651.0;575.0
19527639000158;EMR;2016-11;90.8029;1.0326;0.0;88.2174;2.0018;0.0;1;1;1;92576.0;0.0;63639.0;1077.0;116625.0;0.0;82831.0;2372.0
19527639000158;EMR;2016-12;89.4;0.9524;0.0;86.6563;1.9278;0.0;1;1;1;96145.0;0.0;69576.0;1091.0;137950.0;0.0;99302.0;2749.0
19527639000158;EMR;2017-01;93.0627;0.6659;0.0;92.9003;0.6251;0.0;1;1;1;96086.0;0.0;68616.0;861.0;105598.0;0.0;75668.0;906.0
19527639000158;EMR;2017-02;90.5428;1.0945;0.0;88.9685;1.7313;0.0;1;1;1;88992.0;0.0;59549.0;1251.0;111927.0;0.0;77366.0;2164.0
19527639000158;EMR;2017-03;89.3273;1.5494;0.0;85.3097;2.6387;0.0;1;1;1;86584.0;0.0;67099.0;1853.0;99901.0;0.0;76489.0;3137.0
19527639000158;EMR;2017-04;89.2678;1.3341;0.0;89.6139;1.304;0.0;1;1;1;83422.0;0.0;56503.0;3342.0;88194.0;0.0;59867.0;3606.0
19527639000158;EMR;2017-05;95.0193;0.5636;0.0;94.7362;0.7268;0.0;1;1;1;84911.0;0.0;62987.0;964.0;87989.0;0.0;65292.0;1116.0
19527639000158;EMR;2017-06;95.7766;0.6088;0.0;95.6264;0.6502;0.0;1;1;1;75149.0;0.0;57139.0;649.0;77217.0;0.0;58675.0;699.0
19527639000158;EMR;2017-07;89.4472;1.366;0.0;89.4778;1.3572;0.0;1;1;1;71988.0;0.0;55454.0;1138.0;72823.0;0.0;56183.0;1148.0
19527639000158;EMR;2017-08;93.2924;0.9609;0.0;93.2249;0.9585;0.0;1;1;1;75528.0;0.0;58131.0;988.0;76881.0;0.0;59205.0;1012.0
19527639000158;EMR;2017-09;88.1015;1.9447;0.0;88.0036;2.0064;0.0;1;1;1;71144.0;0.0;56978.0;1676.0;75476.0;0.0;60268.0;1822.0
19527639000158;EMR;2017-10;87.7697;1.4945;0.0;86.6134;2.0431;0.0;1;1;1;82481.0;0.0;65054.0;1606.0;90617.0;0.0;70673.0;2201.0
19527639000158;EMR;2017-11;87.9849;1.1793;0.0;86.4354;2.4091;0.0;1;1;1;82536.0;0.0;64860.0;1399.0;92969.0;0.0;70852.0;2527.0
19527639000158;EMR;2017-12;90.5091;1.0596;0.0;87.438;1.6;0.0;1;1;1;81978.0;0.0;63216.0;1219.0;130351.0;0.0;88068.0;2342.0
19527639000158;EMR;2018-01;89.6937;0.8898;0.0;88.7057;1.2151;0.0;1;1;1;88888.0;0.0;72066.0;1251.0;106903.0;0.0;86336.0;1850.0
19527639000158;EMR;2018-02;92.9316;0.7022;0.0;91.8861;0.9889;0.0;1;1;1;75053.0;0.0;61938.0;844.0;81193.0;0.0;66883.0;1154.0
19527639000158;EMR;2018-03;90.1789;0.9611;0.0;84.6204;2.7169;0.0;1;1;1;84026.0;0.0;64610.0;1097.0;109816.0;0.0;82927.0;3264.0
19527639000158;EMR;2018-04;91.7783;0.5541;0.0;91.5164;0.6011;0.0;1;1;1;79440.0;0.0;64070.0;774.0;85765.0;0.0;69116.0;887.0
19527639000158;EMR;2018-05;92.3631;1.0688;0.0;85.9137;6.3104;0.0;1;1;1;77288.0;0.0;61922.0;1124.0;84974.0;0.0;66172.0;5260.0
19527639000158;EMR;2018-06;93.8886;1.4779;0.0;91.4008;2.9583;0.0;1;1;1;76709.0;0.0;61131.0;1467.0;82927.0;0.0;65114.0;2766.0
19527639000158;EMR;2018-07;91.7677;1.8924;0.0;89.4969;3.1618;0.0;1;1;1;78450.0;0.0;62626.0;1939.0;82781.0;0.0;65268.0;3024.0
19527639000158;EMR;2018-08;87.7077;1.9602;0.0;83.9382;3.9823;0.0;1;1;1;90598.0;0.0;69572.0;2186.0;98859.0;0.0;74456.0;4246.0
19527639000158;EMR;2018-09;88.875;0.5468;0.0;88.3802;0.6794;0.0;1;1;1;74033.0;0.0;61290.0;887.0;80188.0;0.0;66081.0;1090.0
19527639000158;EMR;2018-10;89.1244;0.6143;0.0;84.6279;3.2349;0.0;1;1;1;86375.0;0.0;71024.0;1076.0;100529.0;0.0;78969.0;3543.0
19527639000158;EMR;2018-11;92.4102;0.3486;0.0;91.6712;0.4234;0.0;1;1;1;90758.0;0.0;72331.0;847.0;102116.0;0.0;82793.0;1073.0
19527639000158;EMR;2018-12;90.2159;0.884;0.0;79.4693;4.5813;0.0;1;1;1;78948.0;0.0;63689.0;1148.0;136081.0;0.0;103930.0;6433.0
19527639000158;EMR;2019-01;92.5249;0.4212;0.0;89.8802;1.2734;0.0;1;1;1;89144.0;0.0;71869.0;869.0;100593.0;0.0;80319.0;1780.0
19527639000158;EMR;2019-02;91.7222;0.3481;0.0;90.592;0.4871;0.0;1;1;1;82620.0;0.0;66705.0;716.0;93533.0;0.0;75174.0;966.0
19527639000158;EMR;2019-03;87.7254;1.2389;0.0;85.6123;2.1509;0.0;1;1;1;79922.0;0.0;63137.0;1319.0;90583.0;0.0;70967.0;2242.0
19527639000158;EMR;2019-04;91.3356;0.415;0.0;91.2172;0.5147;0.0;1;1;1;72190.0;0.0;58307.0;624.0;73554.0;0.0;59344.0;706.0
19527639000158;EMR;2019-05;90.6963;0.5934;0.0;90.7684;0.6024;0.0;1;1;1;72710.0;0.0;60646.0;768.0;73681.0;0.0;61383.0;792.0
19527639000158;EMR;2019-06;92.7278;0.5956;0.0;91.8055;1.1426;0.0;1;1;1;64109.0;0.0;54745.0;647.0;67226.0;0.0;57014.0;1029.0
19527639000158;EMR;2019-07;91.6662;0.6519;0.0;91.5671;0.6528;0.0;1;1;1;66540.0;0.0;55016.0;792.0;67035.0;0.0;55394.0;806.0
19527639000158;EMR;2019-08;90.7731;0.9351;0.0;90.4613;1.072;0.0;1;1;1;71408.0;0.0;57419.0;942.0;71900.0;0.0;57768.0;1036.0
19527639000158;EMR;2019-09;90.331;2.3148;0.0;89.6727;2.5597;0.0;1;1;1;74838.0;0.0;57688.0;1924.0;75990.0;0.0;58470.0;2122.0
19527639000158;EMR;2019-10;88.2601;1.3767;0.0;81.2509;6.3049;0.0;1;1;1;82234.0;0.0;65332.0;1647.0;98117.0;0.0;72401.0;6236.0
19527639000158;EMR;2019-11;91.5186;0.8474;0.0;85.4677;4.5923;0.0;1;1;1;81589.0;0.0;66695.0;1096.0;93908.0;0.0;73130.0;4383.0
19527639000158;EMR;2019-12;91.2753;1.0725;0.0;80.104;8.0842;0.0;1;1;1;80706.0;0.0;66139.0;1411.0;109258.0;0.0;80953.0;8792.0
19527639000158;EMR;2020-01;94.7829;0.5294;0.0;92.1435;2.0118;0.0;1;1;1;81376.0;0.0;66331.0;816.0;100126.0;0.0;79685.0;2358.0
19527639000158;EMR;2020-02;93.8481;0.7091;0.0;86.0168;5.4056;0.0;1;1;1;69812.0;0.0;56990.0;901.0;90056.0;0.0;69245.0;5094.0
19527639000158;EMR;2020-03;92.6609;1.0419;0.0;88.6894;3.319;0.0;1;1;1;80100.0;0.0;65153.0;1209.0;96129.0;0.0;76349.0;3567.0
19527639000158;EMR;2020-04;83.4522;6.546;0.0;62.7907;13.8945;0.0;0;0;1;49196.0;0.0;36048.0;2822.0;139975.0;0.0;97939.0;17615.0
19527639000158;EMR;2020-05;30.5662;20.5006;0.0;27.8481;24.7798;0.0;0;0;1;52331.0;0.0;29697.0;8509.0;134656.0;0.0;78399.0;28617.0
19527639000158;EMR;2020-06;92.2928;2.8299;0.0;74.1345;7.8548;0.0;1;1;1;47438.0;0.0;32654.0;1157.0;148434.0;0.0;106999.0;10332.0
19527639000158;EMR;2020-07;95.6797;1.1303;0.0;70.9793;10.431;0.0;1;1;1;38600.0;0.0;31490.0;502.0;145729.0;0.0;111980.0;14862.0
19527639000158;EMR;2020-08;94.6185;1.3668;0.0;83.5009;5.4681;0.0;1;1;1;72175.0;0.0;58742.0;1127.0;95284.0;0.0;74667.0;5157.0
19527639000158;EMR;2020-09;94.4959;1.4698;0.0;94.0465;1.6345;0.0;1;1;1;73204.0;0.0;58859.0;1178.0;77611.0;0.0;62289.0;1390.0
19527639000158;EMR;2020-10;92.3475;1.09;0.0;81.814;6.4061;0.0;1;1;1;78124.0;0.0;60619.0;1062.0;112085.0;0.0;80429.0;6653.0
19527639000158;EMR;2020-11;95.6136;0.6261;0.0;92.3511;2.3499;0.0;1;1;1;69490.0;0.0;55867.0;639.0;83504.0;0.0;65824.0;2103.0
19527639000158;EMR;2020-12;95.662;0.8825;0.0;93.1972;2.5771;0.0;1;1;1;78053.0;0.0;62674.0;833.0;87562.0;0.0;68727.0;2271.0
19527639000158;EMR;2021-01;94.2302;0.8876;0.0;93.6679;1.1267;0.0;1;1;1;84955.0;0.0;67560.0;996.0;90472.0;0.0;71874.0;1256.0
19527639000158;EMR;2021-02;92.2556;1.3642;0.0;91.9374;1.537;0.0;1;1;1;80402.0;0.0;63988.0;1307.0;86528.0;0.0;68548.0;1543.0
19527639000158;EMR;2021-03;92.3637;1.0701;0.0;87.5669;4.0694;0.0;1;1;1;83406.0;0.0;66473.0;1133.0;96101.0;0.0;73361.0;3867.0
19527639000158;EMR;2021-04;89.9595;1.6383;0.0;89.5529;1.7151;0.0;1;1;1;79402.0;0.0;61238.0;1787.0;81870.0;0.0;62807.0;1908.0
19527639000158;EMR;2021-05;92.3131;1.0236;0.0;92.2922;1.0179;0.0;1;1;1;70811.0;0.0;56757.0;984.0;71280.0;0.0;57082.0;991.0
19527639000158;EMR;2021-06;89.8232;1.3876;0.0;89.8715;1.3753;0.0;1;1;1;70745.0;0.0;54225.0;1111.0;71383.0;0.0;54714.0;1113.0
19527639000158;EMR;2021-07;92.1051;0.8377;0.0;92.0254;0.8439;0.0;1;1;1;74773.0;0.0;55165.0;788.0;75012.0;0.0;55344.0;797.0
19527639000158;EMR;2021-08;93.176;1.0117;0.0;92.8335;1.2915;0.0;1;1;1;71925.0;0.0;53425.0;844.0;72639.0;0.0;53882.0;1013.0
19527639000158;EMR;2021-09;88.5075;2.075;0.0;87.1255;3.2239;0.0;1;1;1;76005.0;0.0;53894.0;1536.0;79476.0;0.0;55294.0;2318.0
19527639000158;EMR;2021-10;88.8683;1.3681;0.0;85.8501;3.2964;0.0;1;1;1;80237.0;0.0;56379.0;1256.0;84996.0;0.0;58378.0;2646.0
19527639000158;EMR;2021-11;86.9133;1.2278;0.0;86.8741;1.2727;0.0;1;1;1;82032.0;0.0;56395.0;1154.0;82530.0;0.0;56630.0;1229.0
19527639000158;EMR;2021-12;87.9614;1.3974;0.0;86.3068;2.2111;0.0;1;1;1;89379.0;0.0;61388.0;1324.0;94021.0;0.0;63773.0;2009.0
19527639000158;EMR;2022-01;88.4553;1.7386;0.0;80.6334;7.8317;0.0;1;1;1;83221.0;0.0;55954.0;1489.0;96415.0;0.0;62597.0;6144.0
19527639000158;EMR;2022-02;91.4362;1.16;0.0;89.9529;2.0115;0.0;1;1;1;81000.0;0.0;52572.0;958.0;86974.0;0.0;56411.0;1594.0
19527639000158;EMR;2022-03;92.9456;0.7648;0.0;77.5942;9.6924;0.0;1;1;1;67245.0;0.0;45282.0;1329.0;115119.0;0.0;72191.0;10858.0
19527639000158;EMR;2022-04;90.9103;1.7742;0.0;84.663;4.9827;0.0;1;1;1;80708.0;0.0;52983.0;1871.0;94112.0;0.0;60336.0;4838.0
19527639000158;EMR;2022-05;94.3077;1.2833;0.0;92.9362;1.9446;0.0;1;1;1;86509.0;0.0;57541.0;1172.0;91452.0;0.0;60662.0;1700.0
19527639000158;EMR;2022-06;92.4993;1.8361;0.0;91.8222;2.0976;0.0;1;1;1;87146.0;0.0;57152.0;1447.0;88722.0;0.0;58063.0;1654.0
19527639000158;EMR;2022-07;95.8829;0.7739;0.0;95.6021;0.9585;0.0;1;1;1;87569.0;0.0;59360.0;767.0;89822.0;0.0;60759.0;907.0
19527639000158;EMR;2022-08;94.9364;0.7741;0.0;94.1424;1.2004;0.0;1;1;1;94722.0;0.0;63452.0;832.0;101842.0;0.0;67738.0;1231.0
19527639000158;EMR;2022-09;96.0492;0.828;0.0;94.0528;1.6463;0.0;1;1;1;86382.0;0.0;58688.0;814.0;99660.0;0.0;67507.0;1580.0
19527639000158;EMR;2022-10;94.2787;1.5181;0.0;92.3575;2.3897;0.0;1;1;1;87064.0;0.0;52741.0;906.0;132488.0;0.0;78791.0;2213.0
19527639000158;EMR;2022-11;96.0474;0.7965;0.0;92.8847;1.9772;0.0;1;1;1;87325.0;0.0;56797.0;507.0;118912.0;0.0;75853.0;1597.0
19527639000158;EMR;2022-12;92.1319;2.4304;0.0;86.0897;5.1577;0.0;1;1;1;81692.0;0.0;44320.0;1155.0;127553.0;0.0;69729.0;3878.0
19527639000158;EMR;2023-01;91.2853;1.9484;0.0;90.922;2.1331;0.0;1;1;1;113532.0;0.0;71209.0;1533.0;114867.0;0.0;71939.0;1687.0
19527639000158;EMR;2023-02;87.4869;2.6941;0.0;83.5211;5.3638;0.0;1;1;1;95516.0;0.0;59559.0;1751.0;120660.0;0.0;72073.0;4246.0
19527639000158;EMR;2023-03;88.5223;3.4215;0.0;86.5712;4.586;0.0;1;1;1;109471.0;0.0;59389.0;2177.0;112617.0;0.0;60607.0;3096.0
19527639000158;EMR;2023-04;89.9302;3.5113;0.0;89.8898;3.5775;0.0;1;1;1;83923.0;0.0;46578.0;1758.0;90193.0;0.0;49269.0;1905.0
19527639000158;EMR;2023-05;91.1972;2.724;0.0;91.1972;2.724;0.0;1;1;1;81537.0;0.0;45639.0;1343.0;81537.0;0.0;45639.0;1343.0
19527639000158;EMR;2023-06;96.964;0.6921;0.0;96.948;0.6917;0.0;1;1;1;72100.0;0.0;39318.0;317.0;72141.0;0.0;39340.0;317.0
19527639000158;EMR;2023-07;87.4923;3.6449;0.0;87.5316;3.6334;0.0;1;1;1;85246.0;0.0;44042.0;1725.0;85442.0;0.0;44186.0;1726.0
19527639000158;EMR;2023-08;87.1955;3.5955;0.0;85.9521;4.5426;0.0;1;1;1;115533.0;0.0;55609.0;2147.0;119706.0;0.0;56780.0;2791.0
19527639000158;EMR;2023-09;83.1717;5.4045;0.0;79.7101;8.238;0.0;0;0;1;114213.0;0.0;54627.0;3195.0;122382.0;0.0;55962.0;5102.0
19527639000158;EMR;2023-10;87.1324;3.7196;0.0;83.6954;5.9523;0.0;1;1;1;113920.0;0.0;60570.0;2400.0;124858.0;0.0;64465.0;4145.0
19527639000158;EMR;2023-11;87.4033;3.7644;0.0;84.5203;5.5046;0.0;1;1;1;106234.0;0.0;58620.0;2350.0;116008.0;0.0;62693.0;3719.0
19527639000158;EMR;2023-12;86.1085;3.3328;0.0;80.0452;7.5872;0.0;1;1;1;108355.0;0.0;59546.0;2114.0;124909.0;0.0;64993.0;5418.0
19527639000158;EMR;2024-01;89.3899;2.3736;0.0;84.8517;5.2609;0.0;1;1;1;138429.0;0.0;59762.0;1515.0;151698.0;0.0;64361.0;3652.0
19527639000158;EMR;2024-02;92.6361;1.5781;0.0;89.1009;3.6905;0.0;1;1;1;137308.0;0.0;57752.0;965.0;146986.0;0.0;60309.0;2357.0
19527639000158;EMR;2024-03;91.9068;1.6856;0.0;87.5163;4.1808;0.0;1;1;1;102587.0;0.0;57860.0;1053.0;116030.0;0.0;63738.0;2851.0
19527639000158;EMR;2024-04;93.3306;1.2901;0.0;93.2354;1.3013;0.0;1;1;1;90384.0;0.0;53637.0;739.0;90856.0;0.0;53926.0;749.0
19527639000158;EMR;2024-05;94.6179;0.5399;0.0;94.2338;0.6984;0.0;1;1;1;87126.0;0.0;46236.0;293.0;87742.0;0.0;46635.0;371.0
19527639000158;EMR;2024-06;96.1569;0.4054;0.0;96.1569;0.4054;0.0;1;1;1;88706.0;0.0;40531.0;196.0;88706.0;0.0;40531.0;196.0
19527639000158;EMR;2024-07;95.6241;0.3761;0.0;95.611;0.3875;0.0;1;1;1;86704.0;0.0;43438.0;200.0;86734.0;0.0;43440.0;205.0
19527639000158;EMR;2024-08;96.2254;0.6365;0.0;96.2265;0.6363;0.0;1;1;1;87311.0;0.0;42461.0;309.0;87336.0;0.0;42473.0;309.0
19527639000158;EMR;2024-09;92.6504;1.0482;0.0;91.6036;1.4693;0.0;1;1;1;87404.0;0.0;41158.0;463.0;90668.0;0.0;42316.0;659.0
19527639000158;EMR;2024-10;93.882;1.0709;0.0;93.0928;1.4214;0.0;1;1;1;105673.0;0.0;50160.0;574.0;107441.0;0.0;50765.0;764.0
19527639000158;EMR;2024-11;93.534;0.5835;0.0;93.5349;0.5834;0.0;1;1;1;88682.0;0.0;43958.0;293.0;88698.0;0.0;43964.0;293.0
19527639000158;EMR;2024-12;93.9751;0.8679;0.0;93.7444;0.9187;0.0;1;1;1;106374.0;0.0;51056.0;489.0;116092.0;0.0;54897.0;552.0
19527639000158;EMR;2025-01;93.0895;0.6894;0.0;92.9883;0.7468;0.0;1;1;1;105471.0;0.0;49551.0;369.0;111220.0;0.0;51964.0;417.0
19527639000158;EMR;2025-02;90.9541;0.841;0.0;90.5772;0.9574;0.0;1;1;1;81595.0;0.0;39616.0;358.0;82429.0;0.0;39931.0;408.0
19527639000158;EMR;2025-03;90.8841;0.6617;0.0024;90.8534;0.6703;0.0024;1;1;1;82666.0;2.0;40832.0;292.0;83123.0;2.0;41050.0;297.0
19527639000158;EMR;2025-04;91.114;0.595;0.0;90.7512;0.6438;0.0;1;1;1;79183.0;0.0;36256.0;239.0;81609.0;0.0;37191.0;264.0
19527639000158;EMR;2025-05;90.3509;0.4527;0.0016;90.3509;0.4527;0.0016;1;1;1;63433.0;1.0;28144.0;135.0;63433.0;1.0;28144.0;135.0
19527639000158;EMR;2025-06;91.1725;0.3938;0.0;91.1771;0.3936;0.0;1;1;1;66700.0;0.0;24790.0;105.0;66751.0;0.0;24803.0;105.0
19527639000158;EMR;2025-07;91.0595;0.5731;0.0;90.9221;0.5845;0.0;1;1;1;66245.0;0.0;24811.0;158.0;67093.0;0.0;25002.0;162.0
19527639000158;EMR;2025-08;90.7128;1.06;0.0027;90.7128;1.06;0.0027;1;1;1;72894.0;2.0;27443.0;419.0;72894.0;2.0;27443.0;419.0
19527639000158;EMR;2025-09;90.474;1.1877;0.005;89.8854;1.3518;0.0049;1;1;1;80729.0;4.0;28370.0;521.0;82155.0;4.0;28752.0;576.0
19527639000158;EMR;2025-10;90.9339;1.0086;0.0065;90.5865;1.2272;0.0064;1;1;1;92635.0;6.0;27188.0;480.0;93522.0;6.0;27365.0;543.0
19527639000158;EMR;2025-11;90.6958;0.783;0.0035;89.0881;1.4672;0.0034;1;1;1;112760.0;4.0;30285.0;450.0;117465.0;4.0;31496.0;697.0
19527639000158;EMR;2025-12;90.5013;1.0239;0.0024;90.1119;1.1837;0.0024;1;1;1;125756.0;3.0;36251.0;643.0;126763.0;3.0;36816.0;718.0
19527639000158;EMR;2026-01;91.5647;1.3573;0.0029;89.2151;2.2302;0.0027;1;1;1;102228.0;3.0;31106.0;580.0;110398.0;3.0;33406.0;919.0
19527639000158;EMR;2026-02;87.1754;1.8395;0.0;85.301;2.861;0.0;1;1;1;89350.0;0.0;28389.0;586.0;95454.0;0.0;30082.0;949.0
19527639000158;EMR;2026-03;90.4722;0.8469;0.0032;89.0697;1.627;0.0031;1;1;1;93337.0;3.0;29503.0;474.0;97701.0;3.0;30654.0;740.0
19527639000158;EMR;2026-04;90.4092;1.1715;0.0;90.269;1.2421;0.0;1;1;1;75875.0;0.0;23453.0;473.0;76060.0;0.0;23535.0;493.0
19527639000158;EMR;2026-05;90.8132;0.9182;0.003;90.8183;0.9177;0.003;1;1;1;67097.0;2.0;19640.0;422.0;67116.0;2.0;19651.0;422.0
19527639000158;EMR;2026-06;90.5259;1.7026;0.0016;90.5274;1.7023;0.0016;1;1;1;61842.0;1.0;18821.0;481.0;61845.0;1.0;18824.0;481.0
19527639000158;EMR;2026-07;90.5879;0.935;0.0078;90.5893;0.9349;0.0078;1;1;1;64477.0;5.0;19177.0;286.0;64481.0;5.0;19180.0;286.0
23664303000104;DMED;2014-01;97.1941;0.4848;0.576;95.0072;0.6648;11.9843;1;1;1;6944.0;40.0;6774.0;130.0;8895.0;1066.0;7620.0;209.0
23664303000104;DMED;2014-02;98.0044;0.3186;3.9222;90.505;1.3027;46.9416;1;1;0;6323.0;248.0;5944.0;131.0;14354.0;6738.0;7349.0;268.0
23664303000104;DMED;2014-03;97.8336;0.3473;0.4617;94.116;1.1167;3.7568;1;1;1;6281.0;29.0;6026.0;226.0;7533.0;283.0;6907.0;343.0
23664303000104;DMED;2014-04;99.0856;0.1633;0.0;98.8652;0.2021;0.0;1;1;1;6310.0;0.0;6114.0;196.0;6628.0;0.0;6420.0;208.0
23664303000104;DMED;2014-05;98.3677;0.317;0.8738;95.8976;0.5229;4.6738;1;1;1;6523.0;57.0;6290.0;176.0;8002.0;374.0;7420.0;208.0
23664303000104;DMED;2014-06;99.0252;0.3025;17.9373;97.9617;0.3499;26.1665;1;1;0;7437.0;1334.0;5932.0;171.0;9130.0;2389.0;6551.0;190.0
23664303000104;DMED;2014-07;99.068;0.2621;0.0426;96.5883;0.3899;10.4218;1;1;1;7042.0;3.0;6849.0;190.0;9413.0;981.0;8175.0;257.0
23664303000104;DMED;2014-08;98.5396;0.4397;0.1966;98.1361;0.5473;0.1852;1;1;1;6613.0;13.0;6340.0;260.0;7018.0;13.0;6723.0;282.0
23664303000104;DMED;2014-09;98.2274;0.3512;2.6058;95.4641;0.6909;10.2073;1;1;0;6332.0;165.0;5959.0;208.0;7671.0;783.0;6612.0;276.0
23664303000104;DMED;2014-10;98.6304;0.2805;0.1611;94.8784;0.887;19.4826;1;1;1;6209.0;10.0;6043.0;156.0;8890.0;1732.0;6928.0;230.0
23664303000104;DMED;2014-11;98.1521;0.4126;0.0875;98.0042;0.4686;0.0845;1;1;1;5717.0;5.0;5551.0;161.0;5920.0;5.0;5735.0;180.0
23664303000104;DMED;2014-12;96.7374;0.783;0.0317;95.2763;0.8748;8.2121;1;1;1;6302.0;2.0;6082.0;218.0;7696.0;632.0;6799.0;265.0
23664303000104;DMED;2015-01;94.8489;0.8486;0.5586;90.3863;1.938;16.3196;1;1;1;6982.0;39.0;6660.0;283.0;9749.0;1591.0;7691.0;468.0
23664303000104;DMED;2015-02;96.0764;0.6824;1.0742;87.773;3.7476;6.6368;1;1;1;6144.0;66.0;5822.0;256.0;8272.0;549.0;7140.0;584.0
23664303000104;DMED;2015-03;98.1029;0.578;0.0;97.1757;0.7127;0.0;1;1;1;6952.0;0.0;6708.0;244.0;7818.0;0.0;7523.0;295.0
23664303000104;DMED;2015-04;97.5185;0.7395;0.0;96.4551;1.0941;0.0;1;1;1;6268.0;0.0;6040.0;228.0;7084.0;0.0;6780.0;304.0
23664303000104;DMED;2015-05;97.1667;0.5405;0.0;93.1255;1.7117;10.8383;1;1;1;6301.0;0.0;6073.0;228.0;8350.0;905.0;7063.0;382.0
23664303000104;DMED;2015-06;97.703;0.3804;2.3122;95.6756;0.6914;2.5601;1;1;0;7136.0;165.0;6809.0;162.0;8984.0;230.0;8474.0;280.0
23664303000104;DMED;2015-07;97.3203;0.335;0.0;93.8606;0.7618;1.6552;1;1;1;7183.0;0.0;7141.0;42.0;9123.0;151.0;8858.0;114.0
23664303000104;DMED;2015-08;98.0384;0.2522;0.2229;97.2625;0.3565;0.2024;1;1;1;7179.0;16.0;7119.0;44.0;7905.0;16.0;7826.0;63.0
23664303000104;DMED;2015-09;96.7055;0.4665;0.0;94.3535;0.968;0.1602;1;1;1;6885.0;0.0;6828.0;57.0;8740.0;14.0;8594.0;132.0
23664303000104;DMED;2015-10;96.9495;0.3181;0.0;89.6051;2.3787;0.0;1;1;1;6945.0;0.0;6895.0;50.0;8487.0;0.0;8208.0;279.0
23664303000104;DMED;2015-11;97.0246;0.3625;6.8255;93.811;1.2161;16.2086;1;1;0;7135.0;487.0;6597.0;51.0;9970.0;1616.0;8204.0;150.0
23664303000104;DMED;2015-12;96.7627;0.5049;0.2803;90.3004;2.067;40.2352;1;1;1;6778.0;19.0;6700.0;59.0;15730.0;6329.0;9097.0;304.0
23664303000104;DMED;2016-01;96.0997;0.7175;0.0;91.1601;2.0151;16.958;1;1;1;7696.0;0.0;7611.0;85.0;10927.0;1853.0;8801.0;273.0
23664303000104;DMED;2016-02;97.1276;0.3134;0.013;91.6979;1.1982;14.6458;1;1;1;7692.0;1.0;7635.0;56.0;11068.0;1621.0;9235.0;212.0
23664303000104;DMED;2016-03;97.3608;0.4776;0.025;87.6468;3.3617;32.4969;1;1;1;7988.0;2.0;7919.0;67.0;16737.0;5439.0;10780.0;518.0
23664303000104;DMED;2016-04;96.931;0.3789;1.5127;95.5628;0.5605;2.9889;1;1;1;8065.0;122.0;7888.0;55.0;8866.0;265.0;8516.0;85.0
23664303000104;DMED;2016-05;96.9099;0.5173;8.4306;95.1507;1.0283;8.9958;1;1;0;8054.0;679.0;7308.0;67.0;9460.0;851.0;8470.0;139.0
23664303000104;DMED;2016-06;97.637;0.3394;0.0;94.6551;0.998;0.7446;1;1;1;7979.0;0.0;7929.0;50.0;9132.0;68.0;8928.0;136.0
23664303000104;DMED;2016-07;97.2619;0.3175;0.0;95.158;0.7813;0.1763;1;1;1;7591.0;0.0;7536.0;55.0;8509.0;15.0;8381.0;113.0
23664303000104;DMED;2016-08;95.0744;0.602;6.3901;91.6505;1.1174;84.7855;1;1;0;9546.0;610.0;9081.0;97.0;13520.0;11463.0;12743.0;229.0
23664303000104;DMED;2016-09;94.0518;0.7348;0.5303;90.8287;1.7598;2.2889;1;1;1;8674.0;46.0;8511.0;117.0;11097.0;254.0;10551.0;292.0
23664303000104;DMED;2016-10;95.836;0.677;0.2411;90.3958;2.6543;45.432;1;1;1;7879.0;19.0;7776.0;84.0;19724.0;8961.0;10379.0;384.0
23664303000104;DMED;2016-11;91.5403;1.3936;0.0363;87.8891;2.5539;0.157;1;1;1;8269.0;3.0;8066.0;200.0;10192.0;16.0;9768.0;408.0
23664303000104;DMED;2016-12;93.3169;1.1702;0.768;88.7859;2.3287;22.3639;1;1;1;7813.0;60.0;7601.0;152.0;11532.0;2579.0;8640.0;313.0
23664303000104;DMED;2017-01;91.849;1.9401;0.0;89.2277;2.7487;2.1137;1;1;1;8523.0;0.0;8289.0;234.0;9273.0;196.0;8739.0;338.0
23664303000104;DMED;2017-02;93.4139;1.6643;2.2489;91.4161;2.6891;2.3947;1;1;0;7248.0;163.0;6913.0;172.0;7809.0;187.0;7346.0;276.0
23664303000104;DMED;2017-03;93.8874;1.3651;0.9506;92.2431;1.7573;0.9116;1;1;1;8416.0;80.0;8165.0;171.0;9105.0;83.0;8777.0;245.0
23664303000104;DMED;2017-04;92.9095;2.0259;1.8333;90.8743;2.9438;5.038;1;1;1;6600.0;121.0;6287.0;192.0;7245.0;365.0;6594.0;286.0
23664303000104;DMED;2017-05;95.0937;1.323;3.8715;89.3569;6.0136;12.4215;1;1;0;7594.0;294.0;7160.0;140.0;9717.0;1207.0;7877.0;633.0
23664303000104;DMED;2017-06;94.9666;1.493;1.368;91.3513;3.4595;5.538;1;1;1;7164.0;98.0;6928.0;138.0;8216.0;455.0;7423.0;338.0
23664303000104;DMED;2017-07;94.4703;1.3119;0.64;88.6598;3.0069;23.773;1;1;1;7188.0;46.0;6996.0;146.0;10819.0;2572.0;7903.0;344.0
23664303000104;DMED;2017-08;96.3236;1.1136;0.0;94.7927;1.7912;24.907;1;1;1;7493.0;0.0;7370.0;123.0;10479.0;2610.0;7676.0;193.0
23664303000104;DMED;2017-09;93.4473;3.1339;89.1983;93.4473;3.1339;89.3063;1;1;0;3268.0;2915.0;340.0;13.0;3301.0;2948.0;340.0;13.0
23664303000104;DMED;2017-10;96.4375;0.7834;0.2203;90.8514;1.879;9.076;1;1;1;6808.0;15.0;6712.0;81.0;8561.0;777.0;7572.0;212.0
23664303000104;DMED;2017-11;95.9371;1.1675;0.0;94.9858;1.6266;0.0;1;1;1;6459.0;0.0;6349.0;110.0;6746.0;0.0;6592.0;154.0
23664303000104;DMED;2017-12;96.0576;1.1875;0.0788;90.3766;3.9052;22.798;1;1;1;6346.0;5.0;6241.0;100.0;9378.0;2138.0;6890.0;350.0
23664303000104;DMED;2018-01;94.8958;1.2634;0.0251;90.4731;2.6307;3.1364;1;1;1;7957.0;2.0;7815.0;140.0;9629.0;302.0;8994.0;333.0
23664303000104;DMED;2018-02;95.0469;1.1986;0.1003;93.4857;1.6154;0.9281;1;1;1;6979.0;7.0;6842.0;130.0;7758.0;72.0;7491.0;195.0
23664303000104;DMED;2018-03;93.1831;1.5442;2.413;87.7341;4.3166;32.0238;1;1;0;7418.0;179.0;7077.0;162.0;13287.0;4255.0;8534.0;498.0
23664303000104;DMED;2018-04;93.9658;1.1185;3.6513;83.4265;5.4409;42.4573;1;1;0;7559.0;276.0;7161.0;122.0;15472.0;6569.0;8290.0;613.0
23664303000104;DMED;2018-05;95.0247;0.8242;1.9688;92.9142;1.4651;8.8154;1;1;1;6857.0;135.0;6618.0;104.0;8315.0;733.0;7398.0;184.0
23664303000104;DMED;2018-06;96.5389;0.6266;0.0;88.9772;1.9674;43.6645;1;1;1;6731.0;0.0;6661.0;70.0;13748.0;6003.0;7524.0;221.0
23664303000104;DMED;2018-07;94.2712;0.9754;0.0;89.2559;2.6449;13.99;1;1;1;7327.0;0.0;7208.0;119.0;10000.0;1399.0;8282.0;319.0
23664303000104;DMED;2018-08;95.5687;0.7632;0.0368;89.9465;2.591;23.3182;1;1;1;8163.0;3.0;8062.0;98.0;12308.0;2870.0;9098.0;340.0
23664303000104;DMED;2018-09;96.5319;0.7483;0.0716;94.8708;1.3353;0.5551;1;1;1;6985.0;5.0;6897.0;83.0;8107.0;45.0;7906.0;156.0
23664303000104;DMED;2018-10;96.8043;0.7585;0.1977;90.4243;2.8049;29.9066;1;1;1;8094.0;16.0;7981.0;97.0;14027.0;4195.0;9460.0;372.0
23664303000104;DMED;2018-11;96.1826;0.8022;0.0;88.3966;4.6747;85.9688;1;1;1;7262.0;0.0;7172.0;90.0;64827.0;55731.0;8585.0;511.0
23664303000104;DMED;2018-12;96.4396;0.6728;0.0139;92.4438;2.4953;44.9585;1;1;1;7169.0;1.0;7086.0;82.0;15650.0;7036.0;8323.0;291.0
23664303000104;DMED;2019-01;95.4615;0.7975;0.0466;87.6109;2.773;28.839;1;1;1;8586.0;4.0;8459.0;123.0;16710.0;4819.0;11395.0;496.0
23664303000104;DMED;2019-02;95.9191;0.5417;0.0359;94.457;0.8607;0.061;1;1;1;8349.0;3.0;8262.0;84.0;9837.0;6.0;9676.0;155.0
23664303000104;DMED;2019-03;95.8233;0.6581;0.8119;91.5269;1.957;14.594;1;1;1;8006.0;65.0;7849.0;92.0;10984.0;1603.0;9118.0;263.0
23664303000104;DMED;2019-04;94.5768;1.1673;0.2531;92.8383;2.1926;1.7058;1;1;1;8296.0;21.0;8128.0;147.0;9321.0;159.0;8877.0;285.0
23664303000104;DMED;2019-05;96.3934;0.5771;0.0598;94.5328;1.3134;1.5346;1;1;1;8364.0;5.0;8270.0;89.0;9579.0;147.0;9242.0;190.0
23664303000104;DMED;2019-06;94.986;0.8778;0.0;91.4555;1.8739;2.1928;1;1;1;7565.0;0.0;7453.0;112.0;8756.0;192.0;8326.0;238.0
23664303000104;DMED;2019-07;92.9856;1.9007;0.1459;89.7657;3.4346;11.0371;1;1;1;8910.0;13.0;8671.0;226.0;11416.0;1260.0;9728.0;428.0
23664303000104;DMED;2019-08;93.0453;2.1488;0.0115;88.7304;4.3283;22.3772;1;1;1;8710.0;1.0;8470.0;239.0;13049.0;2920.0;9593.0;536.0
23664303000104;DMED;2019-09;92.6611;2.4582;0.0119;85.5432;5.7689;8.2194;1;1;1;8429.0;1.0;8174.0;254.0;11193.0;920.0;9523.0;750.0
23664303000104;DMED;2019-10;93.4215;1.8286;0.0;91.7533;2.2936;4.4316;1;1;1;8759.0;0.0;8536.0;223.0;10380.0;460.0;9585.0;335.0
23664303000104;DMED;2019-11;92.32;2.5518;0.0367;89.0338;3.6759;0.4454;1;1;1;8174.0;3.0;7905.0;266.0;9878.0;44.0;9381.0;453.0
23664303000104;DMED;2019-12;92.7266;2.5618;0.1659;88.8379;4.3645;3.2153;1;1;1;7834.0;13.0;7569.0;252.0;9797.0;315.0;8962.0;520.0
23664303000104;DMED;2020-01;92.8903;2.4936;0.5698;87.732;5.3296;7.2266;1;1;1;9828.0;56.0;9463.0;309.0;11942.0;863.0;10356.0;723.0
23664303000104;DMED;2020-02;91.7293;2.3614;0.0233;84.1661;4.5459;25.5179;1;1;1;8578.0;2.0;8311.0;265.0;14241.0;3634.0;9953.0;654.0
23664303000104;DMED;2020-03;93.3454;2.1508;0.1372;88.2181;3.4912;23.0309;1;1;1;9475.0;13.0;9190.0;272.0;14867.0;3424.0;10919.0;524.0
23664303000104;DMED;2020-04;93.5153;1.7047;3.6466;91.6614;2.4552;12.1516;1;1;0;9022.0;329.0;8534.0;159.0;12558.0;1526.0;10727.0;305.0
23664303000104;DMED;2020-05;100.0;0.0;0.2711;100.0;0.0;10.2892;1;1;1;5165.0;14.0;5151.0;0.0;21955.0;2259.0;19696.0;0.0
23664303000104;DMED;2020-06;100.0;0.0;0.0307;100.0;0.0;1.924;1;1;1;6511.0;2.0;6509.0;0.0;19491.0;375.0;19116.0;0.0
23664303000104;DMED;2020-07;100.0;0.0;0.0;100.0;0.0;1.3487;1;1;1;8721.0;0.0;8721.0;0.0;17498.0;236.0;17262.0;0.0
23664303000104;DMED;2020-08;100.0;0.0;0.0;100.0;0.0;0.0;1;1;1;7896.0;0.0;7896.0;0.0;16067.0;0.0;16067.0;0.0
23664303000104;DMED;2020-09;100.0;0.0;0.0;100.0;0.0;7.2985;1;1;1;7728.0;0.0;7728.0;0.0;19141.0;1397.0;17744.0;0.0
23664303000104;DMED;2020-10;100.0;0.0;0.0;100.0;0.0;5.5481;1;1;1;7824.0;0.0;7824.0;0.0;18565.0;1030.0;17535.0;0.0
23664303000104;DMED;2020-11;100.0;0.0;0.0451;100.0;0.0;10.4417;1;1;1;6652.0;3.0;6649.0;0.0;19719.0;2059.0;17660.0;0.0
23664303000104;DMED;2020-12;100.0;0.0;0.0;100.0;0.0;0.0;1;1;1;8261.0;0.0;8261.0;0.0;15651.0;0.0;15651.0;0.0
23664303000104;DMED;2021-01;100.0;0.0;0.0;100.0;0.0;3.8703;1;1;1;14298.0;0.0;14298.0;0.0;18035.0;698.0;17337.0;0.0
23664303000104;DMED;2021-02;100.0;0.0;0.0159;100.0;0.0;1.4714;1;1;1;12563.0;2.0;12561.0;0.0;16787.0;247.0;16540.0;0.0
23664303000104;DMED;2021-03;100.0;0.0;0.0;100.0;0.0;0.0;1;1;1;15769.0;0.0;15769.0;0.0;18479.0;0.0;18479.0;0.0
23664303000104;DMED;2021-04;100.0;0.0;0.0522;100.0;0.0;0.0505;1;1;1;15330.0;8.0;15322.0;0.0;17820.0;9.0;17811.0;0.0
23664303000104;DMED;2021-05;100.0;0.0;0.057;100.0;0.0;0.051;1;1;1;15784.0;9.0;15775.0;0.0;17660.0;9.0;17651.0;0.0
23664303000104;DMED;2021-06;100.0;0.0;0.9911;100.0;0.0;0.9373;1;1;1;16245.0;161.0;16084.0;0.0;18031.0;169.0;17862.0;0.0
23664303000104;DMED;2021-07;100.0;0.0;0.043;100.0;0.0;0.0403;1;1;1;16274.0;7.0;16267.0;0.0;17384.0;7.0;17377.0;0.0
23664303000104;DMED;2021-08;100.0;0.0;0.0062;100.0;0.0;0.0055;1;1;1;16195.0;1.0;16194.0;0.0;18291.0;1.0;18290.0;0.0
23664303000104;DMED;2021-09;100.0;0.0;0.1978;100.0;0.0;0.2833;1;1;1;15167.0;30.0;15137.0;0.0;19770.0;56.0;19714.0;0.0
23664303000104;DMED;2021-10;100.0;0.0;0.0429;100.0;0.0;0.0379;1;1;1;13972.0;6.0;13966.0;0.0;15836.0;6.0;15830.0;0.0
23664303000104;DMED;2021-11;100.0;0.0;0.3266;100.0;0.0;0.3023;1;1;1;12858.0;42.0;12816.0;0.0;13893.0;42.0;13851.0;0.0
23664303000104;DMED;2021-12;100.0;0.0;0.0388;100.0;0.0;0.0565;1;1;1;12878.0;5.0;12873.0;0.0;15928.0;9.0;15919.0;0.0
23664303000104;DMED;2022-01;100.0;0.0;0.0212;100.0;0.0;0.0211;1;1;1;14164.0;3.0;14161.0;0.0;18992.0;4.0;18988.0;0.0
23664303000104;DMED;2022-02;100.0;0.0;0.0359;100.0;0.0;0.0365;1;1;1;13941.0;5.0;13936.0;0.0;16443.0;6.0;16437.0;0.0
23664303000104;DMED;2022-03;100.0;0.0;0.259;100.0;0.0;0.2659;1;1;1;14672.0;38.0;14634.0;0.0;16548.0;44.0;16504.0;0.0
23664303000104;DMED;2022-04;100.0;0.0;0.0384;100.0;0.0;0.0367;1;1;1;13015.0;5.0;13010.0;0.0;13614.0;5.0;13609.0;0.0
23664303000104;DMED;2022-05;100.0;0.0;0.2218;100.0;0.0;0.204;1;1;1;13977.0;31.0;13946.0;0.0;15194.0;31.0;15163.0;0.0
23664303000104;DMED;2022-06;100.0;0.0;0.5751;100.0;0.0;0.636;1;1;1;13388.0;77.0;13311.0;0.0;14622.0;93.0;14529.0;0.0
23664303000104;DMED;2022-07;100.0;0.0;0.8168;100.0;0.0;0.705;1;1;1;12978.0;106.0;12872.0;0.0;15035.0;106.0;14929.0;0.0
23664303000104;DMED;2022-08;100.0;0.0;0.2667;100.0;0.0;0.2539;1;1;1;13873.0;37.0;13836.0;0.0;14570.0;37.0;14533.0;0.0
23664303000104;DMED;2022-09;100.0;0.0;0.1593;100.0;0.0;0.2067;1;1;1;11924.0;19.0;11905.0;0.0;13062.0;27.0;13035.0;0.0
23664303000104;DMED;2022-10;100.0;0.0;0.4008;100.0;0.0;0.2992;1;1;1;11478.0;46.0;11432.0;0.0;16713.0;50.0;16663.0;0.0
23664303000104;DMED;2022-11;100.0;0.0;4.3428;100.0;0.0;4.3584;1;1;0;12020.0;522.0;11498.0;0.0;12734.0;555.0;12179.0;0.0
23664303000104;DMED;2022-12;100.0;0.0;0.0;100.0;0.0;0.0;1;1;1;11294.0;0.0;11294.0;0.0;12814.0;0.0;12814.0;0.0
23664303000104;DMED;2023-01;100.0;0.0;0.122;100.0;0.0;0.1145;1;1;1;12291.0;15.0;12276.0;0.0;13097.0;15.0;13082.0;0.0
23664303000104;DMED;2023-02;100.0;0.0;0.0511;100.0;0.0;0.0477;1;1;1;11752.0;6.0;11746.0;0.0;12580.0;6.0;12574.0;0.0
23664303000104;DMED;2023-03;100.0;0.0;0.3378;100.0;0.0;0.3191;1;1;1;13025.0;44.0;12981.0;0.0;13788.0;44.0;13744.0;0.0
23664303000104;DMED;2023-04;100.0;0.0;0.0179;100.0;0.0;0.016;1;1;1;11151.0;2.0;11149.0;0.0;12487.0;2.0;12485.0;0.0
23664303000104;DMED;2023-05;100.0;0.0;0.0301;100.0;0.0;0.0283;1;1;1;13303.0;4.0;13299.0;0.0;14142.0;4.0;14138.0;0.0
23664303000104;DMED;2023-06;100.0;0.0;0.0088;100.0;0.0;0.0085;1;1;1;11376.0;1.0;11375.0;0.0;11758.0;1.0;11757.0;0.0
23664303000104;DMED;2023-07;100.0;0.0;0.026;100.0;0.0;0.0242;1;1;1;11521.0;3.0;11518.0;0.0;12381.0;3.0;12378.0;0.0
23664303000104;DMED;2023-08;100.0;0.0;0.194;100.0;0.0;0.1737;1;1;1;12888.0;25.0;12863.0;0.0;14394.0;25.0;14369.0;0.0
23664303000104;DMED;2023-09;100.0;0.0;0.1404;100.0;0.0;0.1109;1;1;1;10684.0;15.0;10669.0;0.0;13522.0;15.0;13507.0;0.0
23664303000104;DMED;2023-10;100.0;0.0;0.1417;100.0;0.0;0.1873;1;1;1;11993.0;17.0;11976.0;0.0;16553.0;31.0;16522.0;0.0
23664303000104;DMED;2023-11;100.0;0.0;0.2943;100.0;0.0;0.2508;1;1;1;11552.0;34.0;11518.0;0.0;13559.0;34.0;13525.0;0.0
23664303000104;DMED;2023-12;100.0;0.0;0.0471;100.0;0.0;0.133;1;1;1;10612.0;5.0;10607.0;0.0;12028.0;16.0;12012.0;0.0
23664303000104;DMED;2024-01;100.0;0.0;0.2201;100.0;0.0;0.1963;1;1;1;13173.0;29.0;13144.0;0.0;15793.0;31.0;15762.0;0.0
23664303000104;DMED;2024-02;100.0;0.0;0.1462;100.0;0.0;0.1346;1;1;1;11625.0;17.0;11608.0;0.0;12634.0;17.0;12617.0;0.0
23664303000104;DMED;2024-03;100.0;0.0;0.0501;100.0;0.0;0.0444;1;1;1;11971.0;6.0;11965.0;0.0;13517.0;6.0;13511.0;0.0
23664303000104;DMED;2024-04;100.0;0.0;0.2468;100.0;0.0;0.2405;1;1;1;12964.0;32.0;12932.0;0.0;13719.0;33.0;13686.0;0.0
23664303000104;DMED;2024-05;100.0;0.0;0.6011;100.0;0.0;0.5708;1;1;1;11645.0;70.0;11575.0;0.0;12964.0;74.0;12890.0;0.0
23664303000104;DMED;2024-06;100.0;0.0;0.6459;100.0;0.0;0.7164;1;1;1;11302.0;73.0;11229.0;0.0;12981.0;93.0;12888.0;0.0
23664303000104;DMED;2024-07;100.0;0.0;0.0453;100.0;0.0;0.0391;1;1;1;13254.0;6.0;13248.0;0.0;15353.0;6.0;15347.0;0.0
23664303000104;DMED;2024-08;100.0;0.0;0.1925;100.0;0.0;0.1816;1;1;1;11945.0;23.0;11922.0;0.0;15972.0;29.0;15943.0;0.0
23664303000104;DMED;2024-09;100.0;0.0;0.6929;100.0;0.0;0.6297;1;1;1;11835.0;82.0;11753.0;0.0;13022.0;82.0;12940.0;0.0
23664303000104;DMED;2024-10;100.0;0.0;0.6723;100.0;0.0;0.6921;1;1;1;12197.0;82.0;12115.0;0.0;16328.0;113.0;16215.0;0.0
23664303000104;DMED;2024-11;100.0;0.0;0.3385;100.0;0.0;0.4118;1;1;1;9453.0;32.0;9421.0;0.0;11412.0;47.0;11365.0;0.0
23664303000104;DMED;2024-12;100.0;0.0;0.3806;100.0;0.0;0.5244;1;1;1;10248.0;39.0;10209.0;0.0;14111.0;74.0;14037.0;0.0
23664303000104;DMED;2025-01;100.0;0.0;0.1211;100.0;0.0;3.2675;1;1;1;10735.0;13.0;10722.0;0.0;14476.0;473.0;14003.0;0.0
23664303000104;DMED;2025-02;100.0;0.0;0.216;100.0;0.0;0.1799;1;1;1;9724.0;21.0;9703.0;0.0;11676.0;21.0;11655.0;0.0
23664303000104;DMED;2025-03;100.0;0.0;0.5225;100.0;0.0;0.4955;1;1;1;9953.0;52.0;9901.0;0.0;10495.0;52.0;10443.0;0.0
23664303000104;DMED;2025-04;100.0;0.0;0.2003;100.0;0.0;2.573;1;1;1;9487.0;19.0;9468.0;0.0;11776.0;303.0;11353.0;120.0
23664303000104;DMED;2025-05;99.9782;0.0218;0.2494;99.9773;0.0227;0.1734;1;1;1;9221.0;23.0;9169.0;29.0;13264.0;23.0;13201.0;40.0
23664303000104;DMED;2025-06;99.9899;0.0101;0.7685;99.9838;0.0162;0.6181;1;1;1;10020.0;77.0;9926.0;17.0;12457.0;77.0;12355.0;25.0
23664303000104;DMED;2025-07;99.9896;0.0104;1.0254;99.9907;0.0093;0.9238;1;1;1;9752.0;100.0;9627.0;25.0;10825.0;100.0;10697.0;28.0
23664303000104;DMED;2025-08;99.832;0.168;0.1673;99.705;0.295;0.1132;1;1;1;5379.0;9.0;5347.0;23.0;37118.0;42.0;36840.0;236.0
23664303000104;DMED;2025-09;99.9512;0.0488;0.1942;99.9559;0.0441;0.1864;1;1;1;8241.0;16.0;8191.0;34.0;9118.0;17.0;9067.0;34.0
23664303000104;DMED;2025-10;99.9367;0.0633;0.4023;99.9386;0.0614;0.39;1;1;1;7954.0;32.0;7896.0;26.0;8206.0;32.0;8142.0;32.0
23664303000104;DMED;2025-11;99.8702;0.1298;1.3716;99.8606;0.1394;1.3266;1;1;1;7072.0;97.0;6927.0;48.0;7312.0;97.0;7165.0;50.0
23664303000104;DMED;2025-12;99.9425;0.0575;0.0;99.9467;0.0533;0.0;1;1;1;8752.0;0.0;8685.0;67.0;9439.0;0.0;9371.0;68.0
23664303000104;DMED;2026-01;99.8104;0.1896;0.169;99.8276;0.1724;0.3156;1;1;1;10654.0;18.0;10531.0;105.0;11724.0;37.0;11579.0;108.0
23664303000104;DMED;2026-02;99.8517;0.1483;0.3381;99.7403;0.2597;0.3204;1;1;1;8873.0;30.0;8755.0;88.0;9363.0;30.0;9219.0;114.0
23664303000104;DMED;2026-03;99.8734;0.1266;0.4583;99.8802;0.1198;0.4342;1;1;1;9600.0;44.0;9469.0;87.0;10134.0;44.0;10003.0;87.0
23664303000104;DMED;2026-04;99.8645;0.1355;0.2009;99.7852;0.2148;0.1899;1;1;1;8958.0;18.0;8841.0;99.0;9478.0;18.0;9293.0;167.0
23664303000104;DMED;2026-05;99.8979;0.1021;0.2921;99.9062;0.0938;0.3201;1;1;1;8902.0;26.0;8810.0;66.0;9683.0;31.0;9585.0;67.0
23664303000104;DMED;2026-06;99.9327;0.0673;0.5557;99.8963;0.1037;0.5538;1;1;1;8998.0;50.0;8912.0;36.0;9751.0;54.0;9636.0;61.0
23664303000104;DMED;2026-07;99.8412;0.1588;0.2624;99.8484;0.1516;0.2605;1;1;1;9529.0;25.0;9428.0;76.0;9982.0;26.0;9880.0;76.0
25086034000171;ETO;2014-01;95.6057;0.7992;0.0478;91.4134;2.0104;0.0442;1;1;1;127574.0;61.0;125495.0;2018.0;172060.0;76.0;166158.0;5826.0
25086034000171;ETO;2014-02;94.5351;1.2347;0.0317;91.4652;2.3418;0.0303;1;1;1;113689.0;36.0;111110.0;2543.0;125369.0;38.0;120602.0;4729.0
25086034000171;ETO;2014-03;92.1386;1.7965;0.0505;89.8876;2.7316;0.0512;1;1;1;124813.0;63.0;120697.0;4053.0;138683.0;71.0;132181.0;6431.0
25086034000171;ETO;2014-04;95.7801;0.9051;0.0221;94.7529;1.3205;0.0235;1;1;1;122116.0;27.0;119996.0;2093.0;127417.0;30.0;124424.0;2963.0
25086034000171;ETO;2014-05;97.467;0.4545;0.1089;97.0703;0.5669;0.1076;1;1;1;92714.0;101.0;91765.0;848.0;93889.0;101.0;92790.0;998.0
25086034000171;ETO;2014-06;95.2628;0.7322;0.0398;93.85;0.9579;0.0398;1;1;1;80489.0;32.0;79314.0;1143.0;82883.0;33.0;81375.0;1475.0
25086034000171;ETO;2014-07;95.1225;0.7563;0.05;95.128;0.7551;0.0499;1;1;1;85975.0;43.0;84766.0;1166.0;86113.0;43.0;84904.0;1166.0
25086034000171;ETO;2014-08;89.3525;2.1278;0.0583;86.5732;3.5654;0.0589;1;1;1;94262.0;55.0;91075.0;3132.0;100233.0;59.0;94935.0;5239.0
25086034000171;ETO;2014-09;87.1061;2.6207;0.105;80.8213;5.3939;0.1036;1;1;1;108575.0;114.0;104117.0;4344.0;131311.0;136.0;121092.0;10083.0
25086034000171;ETO;2014-10;86.3718;2.9165;0.2543;82.6817;4.7972;0.2648;1;1;1;125827.0;320.0;119536.0;5971.0;146913.0;389.0;135804.0;10720.0
25086034000171;ETO;2014-11;83.0659;4.61;0.0749;69.6311;12.9715;0.1178;0;0;1;114815.0;86.0;106357.0;8372.0;156177.0;184.0;127596.0;28397.0
25086034000171;ETO;2014-12;91.4634;1.6875;0.0865;90.2924;2.2889;0.0841;1;1;1;128323.0;111.0;124264.0;3948.0;134347.0;113.0;129009.0;5225.0
25086034000171;ETO;2015-01;83.5897;3.3381;0.005;80.0283;5.1658;0.0047;0;1;1;140965.0;7.0;132768.0;8190.0;169184.0;8.0;155345.0;13831.0
25086034000171;ETO;2015-02;88.9072;2.2546;0.0033;85.9686;3.6729;0.0038;1;1;1;121314.0;4.0;116489.0;4821.0;131293.0;5.0;123709.0;7579.0
25086034000171;ETO;2015-03;86.2812;3.0889;0.0;82.7565;5.866;0.0;1;1;1;115734.0;0.0;109748.0;5987.0;145852.0;0.0;133098.0;12755.0
25086034000171;ETO;2015-04;64.3252;0.2893;0.0;64.5485;0.2917;0.0;0;1;1;101927.0;0.0;101338.0;573.0;103488.0;0.0;102888.0;584.0
25086034000171;ETO;2015-05;62.3152;0.8257;0.0;62.3697;0.8223;0.0;0;1;1;89802.0;0.0;89006.0;1168.0;90168.0;0.0;89370.0;1170.0
25086034000171;ETO;2015-06;87.1451;0.4055;0.0;87.2207;0.4051;0.0;1;1;1;97169.0;0.0;96535.0;926.0;97991.0;0.0;97348.0;936.0
25086034000171;ETO;2015-07;96.5525;0.6885;0.0;95.5642;1.2334;0.0;1;1;1;123711.0;0.0;101688.0;1507.0;127250.0;0.0;103937.0;2201.0
25086034000171;ETO;2015-08;93.4635;1.6473;0.0;92.78;1.8783;0.0;1;1;1;119884.0;0.0;97021.0;2553.0;121514.0;0.0;98054.0;2849.0
25086034000171;ETO;2015-09;89.667;2.8393;0.0;82.8246;7.1649;0.0;1;1;1;128344.0;0.0;103856.0;4069.0;144958.0;0.0;110989.0;10386.0
25086034000171;ETO;2015-10;87.186;3.4564;0.0;74.1705;11.7706;0.0;1;1;1;134681.0;0.0;105916.0;5158.0;197543.0;0.0;138963.0;22177.0
25086034000171;ETO;2015-11;89.2381;2.2136;0.0;73.4224;10.497;0.0;1;1;1;131786.0;0.0;105138.0;3684.0;243343.0;0.0;174240.0;25250.0
25086034000171;ETO;2015-12;89.5987;3.3188;0.0;69.8213;15.4288;0.0;1;1;1;126499.0;0.0;100183.0;4906.0;229814.0;0.0;164464.0;37476.0
25086034000171;ETO;2016-01;95.5892;1.2521;0.105;93.5451;2.1687;0.2099;1;1;1;149535.0;157.0;120984.0;2419.0;157246.0;330.0;126538.0;4657.0
25086034000171;ETO;2016-02;97.8486;0.5251;0.4901;96.2809;1.2033;0.5095;1;1;1;145080.0;711.0;123316.0;1824.0;155240.0;791.0;129396.0;3241.0
25086034000171;ETO;2016-03;97.3467;0.978;0.0;95.402;2.0643;0.0;1;1;1;157798.0;0.0;133756.0;2741.0;165817.0;0.0;137681.0;4718.0
25086034000171;ETO;2016-04;97.7113;0.6589;0.0;97.4355;0.8372;0.0;1;1;1;131057.0;0.0;109466.0;1843.0;132818.0;0.0;110629.0;2116.0
25086034000171;ETO;2016-05;94.7667;0.8145;0.0;94.4557;0.991;0.0;1;1;1;137189.0;0.0;111424.0;1630.0;138139.0;0.0;111897.0;1872.0
25086034000171;ETO;2016-06;92.8635;1.709;0.0;92.6655;1.7801;0.0;1;1;1;134258.0;0.0;111809.0;2806.0;135647.0;0.0;112891.0;2931.0
25086034000171;ETO;2016-07;95.5303;0.7188;0.0;95.3667;0.8474;0.0;1;1;1;118606.0;0.0;94334.0;1254.0;119774.0;0.0;95123.0;1402.0
25086034000171;ETO;2016-08;94.8493;2.0157;0.0;94.642;2.108;0.0;1;1;1;164931.0;0.0;109080.0;3011.0;167958.0;0.0;110060.0;3167.0
25086034000171;ETO;2016-09;91.9137;2.012;0.0;88.8491;2.874;0.0;1;1;1;152907.0;0.0;117518.0;3298.0;172886.0;0.0;130852.0;4996.0
25086034000171;ETO;2016-10;86.9553;2.5338;0.0;81.875;5.0738;0.0;1;1;1;165767.0;0.0;119824.0;4230.0;213578.0;0.0;149169.0;10128.0
25086034000171;ETO;2016-11;88.9826;2.1064;0.0;85.7843;3.9178;0.0;1;1;1;181985.0;0.0;130642.0;3897.0;196873.0;0.0;138246.0;7393.0
25086034000171;ETO;2016-12;92.3947;1.8404;0.0;88.0083;4.0436;0.0;1;1;1;178964.0;0.0;131261.0;3533.0;212757.0;0.0;153724.0;8553.0
25086034000171;ETO;2017-01;94.677;1.5893;0.0006;92.3182;2.2341;0.0004;1;1;1;170033.0;1.0;116160.0;2741.0;246740.0;1.0;171151.0;5578.0
25086034000171;ETO;2017-02;94.8629;0.8685;0.0;90.1723;3.6084;0.0;1;1;1;146840.0;0.0;114026.0;1694.0;174222.0;0.0;131724.0;6396.0
25086034000171;ETO;2017-03;90.1952;1.4617;0.0013;85.3393;2.8584;0.001;1;1;1;154056.0;2.0;127745.0;3466.0;193263.0;2.0;157652.0;7043.0
25086034000171;ETO;2017-04;89.4937;1.0096;0.0014;87.9163;1.7945;0.0014;1;1;1;142695.0;2.0;116974.0;2369.0;147817.0;2.0;120070.0;3548.0
25086034000171;ETO;2017-05;90.183;0.6215;0.0028;89.2097;0.8602;0.0027;1;1;1;145354.0;4.0;121680.0;1887.0;149227.0;4.0;124238.0;2303.0
25086034000171;ETO;2017-06;90.6196;0.4907;0.0;89.507;0.7314;0.0;1;1;1;128485.0;0.0;109509.0;1360.0;131549.0;0.0;111832.0;1724.0
25086034000171;ETO;2017-07;91.7278;0.4336;0.0;91.6464;0.4336;0.0;1;1;1;123021.0;0.0;102862.0;1207.0;124661.0;0.0;104243.0;1224.0
25086034000171;ETO;2017-08;90.0515;0.5417;0.0;86.6172;1.399;0.0;1;1;1;148107.0;0.0;121737.0;1622.0;158414.0;0.0;129260.0;3034.0
25086034000171;ETO;2017-09;87.254;1.3829;0.0015;83.8266;2.3766;0.0014;1;1;1;133587.0;2.0;113031.0;2680.0;142941.0;2.0;119864.0;4287.0
25086034000171;ETO;2017-10;86.7458;1.6804;0.0;80.094;4.0486;0.0;1;1;1;138287.0;0.0;118132.0;3290.0;179602.0;0.0;148834.0;8622.0
25086034000171;ETO;2017-11;86.1141;2.2665;0.0;65.2923;10.3627;0.0;1;1;1;106797.0;0.0;92582.0;3445.0;235810.0;0.0;183917.0;27129.0
25086034000171;ETO;2017-12;90.0093;1.0909;0.0;82.3378;3.5921;0.0;1;1;1;140985.0;0.0;120861.0;2543.0;215322.0;0.0;179309.0;9535.0
25086034000171;ETO;2018-01;88.6518;1.2944;0.0;86.1285;1.8403;0.0;1;1;1;179716.0;0.0;152587.0;3660.0;205425.0;0.0;172982.0;5458.0
25086034000171;ETO;2018-02;92.3679;1.0273;0.0;91.048;1.5189;0.0;1;1;1;162186.0;0.0;136708.0;2599.0;176377.0;0.0;147567.0;3745.0
25086034000171;ETO;2018-03;91.0181;0.9065;0.0;90.7635;0.9554;0.0;1;1;1;194131.0;0.0;154356.0;2630.0;201971.0;0.0;160686.0;2830.0
25086034000171;ETO;2018-04;95.9691;0.1911;0.0007;95.8217;0.2204;0.0006;1;1;1;153506.0;1.0;124820.0;906.0;154307.0;1.0;125420.0;962.0
25086034000171;ETO;2018-05;92.5582;0.8973;0.0;92.383;1.0392;0.0;1;1;1;139048.0;0.0;110664.0;1778.0;139463.0;0.0;110939.0;1952.0
25086034000171;ETO;2018-06;93.4693;0.7298;0.0;93.3329;0.7424;0.0;1;1;1;147723.0;0.0;106784.0;1525.0;148552.0;0.0;107355.0;1554.0
25086034000171;ETO;2018-07;95.815;0.3119;0.0;95.5123;0.35;0.0;1;1;1;175519.0;0.0;115052.0;1175.0;176456.0;0.0;115601.0;1232.0
25086034000171;ETO;2018-08;88.2627;1.0103;0.0;88.1344;1.031;0.0;1;1;1;164576.0;0.0;126886.0;2455.0;166959.0;0.0;128732.0;2534.0
25086034000171;ETO;2018-09;89.6441;0.5741;0.0;89.3693;0.716;0.0;1;1;1;137404.0;0.0;113617.0;1657.0;139457.0;0.0;115098.0;1880.0
25086034000171;ETO;2018-10;86.5784;1.3781;0.0;84.0413;2.3947;0.0;1;1;1;179936.0;0.0;150002.0;3683.0;204762.0;0.0;168089.0;6417.0
25086034000171;ETO;2018-11;91.7285;0.7384;0.0;88.3564;2.0702;0.0;1;1;1;170566.0;0.0;141293.0;2153.0;187956.0;0.0;153359.0;4815.0
25086034000171;ETO;2018-12;89.2506;1.676;0.0;85.1971;3.9125;0.0;1;1;1;161845.0;0.0;133874.0;3431.0;178051.0;0.0;143597.0;7573.0
25086034000171;ETO;2019-01;89.9701;1.2289;0.0;82.8589;4.2315;0.0;1;1;1;166308.0;0.0;138320.0;2915.0;191330.0;0.0;154354.0;8931.0
25086034000171;ETO;2019-02;92.6205;0.6749;0.0;90.1806;2.1163;0.0;1;1;1;156305.0;0.0;130248.0;1771.0;170842.0;0.0;140096.0;4340.0
25086034000171;ETO;2019-03;92.006;0.7824;0.0;87.9933;2.5326;0.0;1;1;1;159026.0;0.0;127578.0;1974.0;175267.0;0.0;138432.0;5023.0
25086034000171;ETO;2019-04;94.2663;0.3612;0.0013;93.9366;0.534;0.0012;1;1;1;159634.0;2.0;121662.0;1062.0;161790.0;2.0;123130.0;1305.0
25086034000171;ETO;2019-05;93.665;0.3179;0.0;93.5711;0.3395;0.0;1;1;1;131146.0;0.0;112254.0;1008.0;131718.0;0.0;112731.0;1046.0
25086034000171;ETO;2019-06;91.7991;0.7047;0.0;91.7548;0.71;0.0;1;1;1;113343.0;0.0;99333.0;1323.0;113449.0;0.0;99432.0;1332.0
25086034000171;ETO;2019-07;89.3292;1.4714;0.0;89.3163;1.4737;0.0;1;1;1;125246.0;0.0;107607.0;2408.0;125438.0;0.0;107770.0;2415.0
25086034000171;ETO;2019-08;90.1479;1.0306;0.0;89.5489;1.3382;0.0;1;1;1;127215.0;0.0;109185.0;1904.0;133142.0;0.0;113831.0;2383.0
25086034000171;ETO;2019-09;88.5684;2.0885;0.0007;85.307;4.0075;0.0007;1;1;1;139316.0;1.0;115422.0;3545.0;151800.0;1.0;123478.0;6609.0
25086034000171;ETO;2019-10;86.1231;3.437;0.0;46.0544;29.8894;0.0;1;1;1;124341.0;0.0;97406.0;4964.0;312097.0;0.0;175266.0;90216.0
25086034000171;ETO;2019-11;89.8545;1.8316;0.0;65.8421;14.5246;0.0;1;1;1;145850.0;0.0;121077.0;3604.0;245203.0;0.0;175045.0;36517.0
25086034000171;ETO;2019-12;89.6196;1.6071;0.0006;79.9198;7.0151;0.0005;1;1;1;163157.0;1.0;139043.0;3867.0;206124.0;1.0;164389.0;16289.0
25086034000171;ETO;2020-01;93.0175;1.136;0.0;91.4377;1.7735;0.0;1;1;1;166441.0;0.0;140285.0;2913.0;170278.0;0.0;142563.0;4286.0
25086034000171;ETO;2020-02;93.1091;1.3526;0.0;89.1734;2.9974;0.0006;1;1;1;147338.0;0.0;122814.0;2759.0;162110.0;1.0;132558.0;5768.0
25086034000171;ETO;2020-03;90.4963;1.5962;0.0;88.8731;2.1072;0.0;1;1;1;158671.0;0.0;131437.0;3402.0;171248.0;0.0;141179.0;4701.0
25086034000171;ETO;2020-04;84.0787;6.7249;0.0;79.6571;8.169;0.0;0;0;1;152697.0;0.0;117522.0;9816.0;175796.0;0.0;134874.0;13941.0
25086034000171;ETO;2020-05;35.2717;22.6076;0.0;35.4499;22.3973;0.0;0;0;1;156433.0;0.0;96691.0;32681.0;173311.0;0.0;108272.0;36158.0
25086034000171;ETO;2020-06;92.1967;1.7974;0.0;90.4915;2.0218;0.0;1;1;1;155648.0;0.0;119983.0;2993.0;164861.0;0.0;127402.0;3618.0
25086034000171;ETO;2020-07;90.9492;1.6566;0.0;89.6551;2.0688;0.0;1;1;1;171044.0;0.0;132442.0;3080.0;178114.0;0.0;137796.0;3858.0
25086034000171;ETO;2020-08;90.2097;2.0868;0.0;81.7196;5.6176;0.0;1;1;1;135364.0;0.0;115142.0;3269.0;151226.0;0.0;123908.0;8839.0
25086034000171;ETO;2020-09;92.7656;1.7181;0.0007;88.0317;4.3275;0.0006;1;1;1;144833.0;1.0;122988.0;3019.0;156009.0;1.0;128581.0;7230.0
25086034000171;ETO;2020-10;90.2381;1.7501;0.0;79.3529;8.9441;0.0;1;1;1;163206.0;0.0;136416.0;3750.0;200102.0;0.0;153339.0;18609.0
25086034000171;ETO;2020-11;93.5035;1.1088;0.0;91.567;2.6518;0.0;1;1;1;152192.0;0.0;130120.0;2423.0;155733.0;0.0;131680.0;4907.0
25086034000171;ETO;2020-12;93.1848;1.7883;0.0;90.6852;2.8799;0.0;1;1;1;187712.0;0.0;145043.0;3934.0;196915.0;0.0;149463.0;6316.0
25086034000171;ETO;2021-01;91.6584;1.9156;0.0;89.5323;3.3841;0.0;1;1;1;172759.0;0.0;129131.0;3502.0;191537.0;0.0;139750.0;6357.0
25086034000171;ETO;2021-02;91.4415;1.8192;0.0;91.4245;1.8199;0.0;1;1;1;136536.0;0.0;108098.0;2829.0;137103.0;0.0;108490.0;2843.0
25086034000171;ETO;2021-03;92.5358;1.3247;0.0;92.3262;1.3701;0.0;1;1;1;160514.0;0.0;125363.0;2642.0;161752.0;0.0;126266.0;2737.0
25086034000171;ETO;2021-04;89.8981;2.3488;0.0;89.812;2.3883;0.0;1;1;1;133995.0;0.0;104477.0;3877.0;134425.0;0.0;104711.0;3931.0
25086034000171;ETO;2021-05;92.1435;1.2333;0.0;90.7171;2.4509;0.0;1;1;1;115949.0;0.0;94737.0;1831.0;118330.0;0.0;95165.0;3134.0
25086034000171;ETO;2021-06;88.8848;1.8325;0.0;88.7107;1.8896;0.0;1;1;1;111400.0;0.0;87532.0;2378.0;111976.0;0.0;87905.0;2447.0
25086034000171;ETO;2021-07;91.8626;1.0396;0.0009;91.7817;1.0758;0.0009;1;1;1;110643.0;1.0;84435.0;1523.0;110899.0;1.0;84596.0;1563.0
25086034000171;ETO;2021-08;91.5421;1.234;0.0009;91.4994;1.2508;0.0009;1;1;1;115832.0;1.0;85478.0;1730.0;116105.0;1.0;85662.0;1752.0
25086034000171;ETO;2021-09;87.2369;2.8888;0.0;75.8173;10.14;0.0;1;1;1;133135.0;0.0;90765.0;3812.0;171491.0;0.0;105687.0;15618.0
25086034000171;ETO;2021-10;87.913;2.2383;0.0006;71.1547;12.9803;0.0009;1;1;1;161195.0;1.0;108972.0;3936.0;224856.0;2.0;131673.0;25653.0
25086034000171;ETO;2021-11;88.6499;2.317;0.0;76.0407;11.4526;0.0;1;1;1;170582.0;0.0;112399.0;3978.0;204055.0;0.0;122817.0;20886.0
25086034000171;ETO;2021-12;86.6412;2.6878;0.0;80.6748;7.6937;0.0;1;1;1;153933.0;0.0;108109.0;4401.0;167264.0;0.0;111674.0;12454.0
25086034000171;ETO;2022-01;87.1155;3.3979;0.0007;70.4987;17.2843;0.0006;1;1;1;142157.0;1.0;96748.0;4697.0;180088.0;1.0;107293.0;26894.0
25086034000171;ETO;2022-02;90.4922;2.1635;0.0;81.3623;9.8939;0.0;1;1;1;143869.0;0.0;97273.0;3222.0;158600.0;0.0;101527.0;14154.0
25086034000171;ETO;2022-03;91.003;2.206;0.0;79.0415;11.1547;0.0;1;1;1;135424.0;0.0;92653.0;4960.0;162285.0;0.0;100094.0;19884.0
25086034000171;ETO;2022-04;90.2082;3.1734;0.0;84.1216;7.8697;0.0;1;1;1;127041.0;0.0;83449.0;4641.0;137220.0;0.0;86233.0;10516.0
25086034000171;ETO;2022-05;92.9815;2.2103;0.0;92.7182;2.449;0.0;1;1;1;116961.0;0.0;78973.0;3814.0;117520.0;0.0;79187.0;4043.0
25086034000171;ETO;2022-06;92.8522;2.8953;0.0;92.5863;3.127;0.0;1;1;1;104760.0;0.0;70399.0;2977.0;105762.0;0.0;70665.0;3394.0
25086034000171;ETO;2022-07;95.5004;1.5997;0.0;95.4697;1.6132;0.0;1;1;1;95361.0;0.0;66372.0;1622.0;95565.0;0.0;66478.0;1635.0
25086034000171;ETO;2022-08;93.6907;1.7036;0.0;93.0205;2.141;0.0;1;1;1;110078.0;0.0;75530.0;1968.0;112249.0;0.0;76512.0;2370.0
25086034000171;ETO;2022-09;93.8578;1.8459;0.0;92.5387;2.6097;0.0;1;1;1;130000.0;0.0;79710.0;2211.0;139110.0;0.0;83929.0;3196.0
25086034000171;ETO;2022-10;94.0961;1.9052;0.0006;93.1319;2.6339;0.0006;1;1;1;154477.0;1.0;87479.0;2000.0;159268.0;1.0;89128.0;2746.0
25086034000171;ETO;2022-11;94.3999;1.51;0.0;93.9758;1.7014;0.0;1;1;1;159203.0;0.0;95164.0;1575.0;160807.0;0.0;95847.0;1775.0
25086034000171;ETO;2022-12;90.3807;3.1631;0.0006;89.4573;3.8061;0.0006;1;1;1;171063.0;1.0;99099.0;3387.0;173540.0;1.0;99855.0;4105.0
25086034000171;ETO;2023-01;92.3044;2.2931;0.5035;91.0513;3.0086;0.5842;1;1;1;159875.0;805.0;92634.0;2290.0;169627.0;991.0;97038.0;3139.0
25086034000171;ETO;2023-02;88.2596;3.3904;0.1041;84.8385;5.9093;0.1156;1;1;1;151749.0;158.0;86682.0;3227.0;171224.0;198.0;94404.0;6154.0
25086034000171;ETO;2023-03;89.5275;3.7052;0.0378;88.1982;4.5533;0.1323;1;1;1;171751.0;65.0;82516.0;3285.0;176164.0;233.0;83932.0;4146.0
25086034000171;ETO;2023-04;89.7859;3.7203;0.0072;88.3615;4.6695;0.007;1;1;1;139070.0;10.0;73420.0;2935.0;142357.0;10.0;74292.0;3828.0
25086034000171;ETO;2023-05;91.7239;2.9357;0.0;91.4229;3.1411;0.0;1;1;1;136827.0;0.0;75483.0;2360.0;137944.0;0.0;75887.0;2559.0
25086034000171;ETO;2023-06;96.5798;0.8434;0.0;96.2862;1.0756;0.0;1;1;1;121236.0;0.0;65839.0;624.0;122132.0;0.0;66033.0;782.0
25086034000171;ETO;2023-07;87.088;4.1018;0.0;86.8626;4.2568;0.0;1;0;1;110614.0;0.0;59758.0;2633.0;111426.0;0.0;60030.0;2746.0
25086034000171;ETO;2023-08;88.017;3.5775;0.0017;84.1585;6.5055;0.0122;1;1;1;115209.0;2.0;58676.0;2245.0;122582.0;15.0;59786.0;4234.0
25086034000171;ETO;2023-09;86.976;3.9792;0.0;81.8714;7.9905;0.0;1;1;1;117996.0;0.0;63729.0;2715.0;128933.0;0.0;65980.0;5811.0
25086034000171;ETO;2023-10;87.7992;3.7331;0.0013;85.6776;5.0751;0.0012;1;1;1;158364.0;2.0;82571.0;3282.0;168359.0;2.0;85683.0;4665.0
25086034000171;ETO;2023-11;87.5268;3.9236;0.0;75.0678;13.4765;0.0;1;1;1;152731.0;0.0;80585.0;3376.0;184444.0;0.0;89698.0;14093.0
25086034000171;ETO;2023-12;86.7275;3.6241;0.0007;75.3601;13.38;0.0012;1;1;1;138638.0;1.0;77573.0;2993.0;161462.0;2.0;83713.0;13074.0
25086034000171;ETO;2024-01;90.1251;2.7021;0.0007;87.7925;4.1267;0.0007;1;1;1;137055.0;1.0;72952.0;2089.0;141317.0;1.0;74437.0;3274.0
25086034000171;ETO;2024-02;93.8251;1.3476;0.0;93.8124;1.3484;0.0;1;1;1;104805.0;0.0;59224.0;862.0;104864.0;0.0;59262.0;863.0
25086034000171;ETO;2024-03;92.6412;1.8424;0.0;91.6743;2.5161;0.0;1;1;1;113106.0;0.0;64146.0;1286.0;115469.0;0.0;64820.0;1759.0
25086034000171;ETO;2024-04;93.0749;1.5944;0.0029;93.0567;1.5991;0.0028;1;1;1;105168.0;3.0;59867.0;1036.0;105269.0;3.0;59934.0;1040.0
25086034000171;ETO;2024-05;94.5743;0.8923;0.0011;94.4224;0.8955;0.0011;1;1;1;92438.0;1.0;48424.0;498.0;93884.0;1.0;48916.0;504.0
25086034000171;ETO;2024-06;96.2899;0.6528;0.0;96.2902;0.6527;0.0;1;1;1;86728.0;0.0;41853.0;318.0;86740.0;0.0;41857.0;318.0
25086034000171;ETO;2024-07;95.5413;0.4266;0.0;95.5471;0.426;0.0;1;1;1;87738.0;0.0;43883.0;229.0;87891.0;0.0;43941.0;229.0
25086034000171;ETO;2024-08;96.181;0.6479;0.0;95.6254;0.7912;0.0;1;1;1;96739.0;0.0;46619.0;339.0;98260.0;0.0;47148.0;412.0
25086034000171;ETO;2024-09;93.2704;0.8479;0.0;91.3585;1.7099;0.0;1;1;1;97088.0;0.0;46544.0;433.0;102520.0;0.0;47999.0;871.0
25086034000171;ETO;2024-10;94.7448;0.88;0.0149;92.078;2.5717;0.0138;1;1;1;154629.0;23.0;76030.0;733.0;166847.0;23.0;79104.0;2151.0
25086034000171;ETO;2024-11;92.7598;1.1677;0.0074;92.735;1.1686;0.0073;1;1;1;135675.0;10.0;61700.0;774.0;136397.0;10.0;61992.0;778.0
25086034000171;ETO;2024-12;94.2886;0.7839;0.0091;94.0305;0.9469;0.0091;1;1;1;153276.0;14.0;75688.0;648.0;153986.0;14.0;76046.0;777.0
25086034000171;ETO;2025-01;94.2785;0.6745;0.0086;94.1791;0.7267;0.0086;1;1;1;115681.0;10.0;56108.0;404.0;116569.0;10.0;56417.0;437.0
25086034000171;ETO;2025-02;91.258;1.0605;0.0113;91.2663;1.059;0.0113;1;1;1;97025.0;11.0;46459.0;535.0;97172.0;11.0;46527.0;535.0
25086034000171;ETO;2025-03;91.1105;0.943;0.0417;90.4242;1.0792;0.0403;1;1;1;98288.0;41.0;47481.0;478.0;101839.0;41.0;48945.0;562.0
25086034000171;ETO;2025-04;91.3791;0.8224;0.0223;91.3895;0.8215;0.0223;1;1;1;98532.0;22.0;43774.0;393.0;98676.0;22.0;43827.0;394.0
25086034000171;ETO;2025-05;90.7264;0.5163;0.0097;90.7276;0.5163;0.0097;1;1;1;92558.0;9.0;38920.0;223.0;92563.0;9.0;38925.0;223.0
25086034000171;ETO;2025-06;91.0812;0.8635;0.0098;91.0828;0.8633;0.0098;1;1;1;81646.0;8.0;26866.0;253.0;81657.0;8.0;26871.0;253.0
25086034000171;ETO;2025-07;91.1595;0.6416;0.0088;91.2302;0.6419;0.0087;1;1;1;79964.0;7.0;28030.0;200.0;80217.0;7.0;28324.0;210.0
25086034000171;ETO;2025-08;91.0391;1.4337;0.0068;91.0349;1.423;0.0067;1;1;1;88564.0;6.0;30249.0;460.0;89365.0;6.0;30480.0;460.0
25086034000171;ETO;2025-09;90.5388;1.4067;0.0056;90.0205;1.7529;0.0055;1;1;1;107424.0;6.0;38828.0;581.0;109765.0;6.0;39291.0;728.0
25086034000171;ETO;2025-10;91.2465;1.3353;0.0041;90.9591;1.4986;0.0041;1;1;1;120919.0;5.0;39236.0;555.0;122874.0;5.0;39767.0;630.0
25086034000171;ETO;2025-11;90.721;1.8097;0.0058;89.3136;2.6687;0.0057;1;1;1;137744.0;8.0;40910.0;776.0;140707.0;8.0;41505.0;1162.0
25086034000171;ETO;2025-12;90.483;1.5438;0.0073;88.6167;2.3604;0.0072;1;1;1;164886.0;12.0;48023.0;793.0;166933.0;12.0;48977.0;1226.0
25086034000171;ETO;2026-01;90.9461;1.9795;0.0099;89.288;2.8241;0.0095;1;1;1;121123.0;12.0;39267.0;820.0;126929.0;12.0;40741.0;1214.0
25086034000171;ETO;2026-02;87.124;2.868;0.0155;86.6873;3.2392;0.0152;1;1;1;97029.0;15.0;32581.0;990.0;98421.0;15.0;32889.0;1133.0
25086034000171;ETO;2026-03;90.2181;1.3286;0.0088;90.0573;1.4441;0.0088;1;1;1;101726.0;9.0;31936.0;449.0;101979.0;9.0;32007.0;488.0
25086034000171;ETO;2026-04;90.2693;1.3949;0.0033;90.193;1.4094;0.0033;1;1;1;90513.0;3.0;26509.0;397.0;91066.0;3.0;26721.0;404.0
25086034000171;ETO;2026-05;90.7414;1.1254;0.0098;90.3114;1.4556;0.0097;1;1;1;81356.0;8.0;23633.0;294.0;82602.0;8.0;23831.0;377.0
25086034000171;ETO;2026-06;90.0668;1.4662;0.0025;90.0041;1.4729;0.0025;1;1;1;79924.0;2.0;26545.0;416.0;80067.0;2.0;26623.0;419.0
25086034000171;ETO;2026-07;90.4324;1.2693;0.0068;90.402;1.2649;0.0068;1;1;1;88461.0;6.0;26603.0;372.0;88733.0;6.0;26695.0;372.0
27485069000109;ELFSM;2014-01;94.3776;0.4735;0.0;85.1184;2.3412;5.7271;1;1;1;5125.0;0.0;5045.0;80.0;7578.0;434.0;7258.0;320.0
27485069000109;ELFSM;2014-02;92.6845;0.7295;42.7119;85.4736;2.781;56.7667;1;1;0;8459.0;3613.0;4763.0;83.0;14394.0;8171.0;5943.0;280.0
27485069000109;ELFSM;2014-03;95.6887;0.3449;0.0;87.7735;2.6464;0.5335;1;1;1;4679.0;0.0;4623.0;56.0;5811.0;31.0;5518.0;262.0
27485069000109;ELFSM;2014-04;95.983;0.2599;0.0;95.6435;0.2445;0.0;1;1;1;4276.0;0.0;4221.0;55.0;4545.0;0.0;4488.0;57.0
27485069000109;ELFSM;2014-05;96.0486;0.2026;0.0;95.1544;0.38;0.0;1;1;1;3993.0;0.0;3940.0;53.0;4258.0;0.0;4194.0;64.0
27485069000109;ELFSM;2014-06;95.2214;0.405;0.0;88.2175;3.5557;1.9003;1;1;1;3733.0;0.0;3689.0;44.0;4473.0;85.0;4150.0;238.0
27485069000109;ELFSM;2014-07;95.4592;0.4059;0.0;89.6422;2.4293;0.0;1;1;1;3983.0;0.0;3926.0;57.0;4616.0;0.0;4418.0;198.0
27485069000109;ELFSM;2014-08;95.3239;0.4963;0.0;91.8086;0.9204;0.0;1;1;1;3864.0;0.0;3809.0;55.0;4392.0;0.0;4306.0;86.0
27485069000109;ELFSM;2014-09;94.6088;0.4532;0.0;89.5222;1.7634;0.0203;1;1;1;4224.0;0.0;4173.0;51.0;4930.0;1.0;4791.0;138.0
27485069000109;ELFSM;2014-10;93.2673;0.7431;0.0;88.3916;1.5261;0.3884;1;1;1;4479.0;0.0;4408.0;71.0;5921.0;23.0;5743.0;155.0
27485069000109;ELFSM;2014-11;94.3226;0.5329;0.0;84.781;2.7282;0.0;1;1;1;4927.0;0.0;4853.0;74.0;6904.0;0.0;6596.0;308.0
27485069000109;ELFSM;2014-12;93.4251;0.8082;0.0;87.4752;1.768;0.0;1;1;1;4608.0;0.0;4541.0;67.0;6109.0;0.0;5945.0;164.0
27485069000109;ELFSM;2015-01;89.8936;1.0047;0.0;82.3255;2.3364;0.0;1;1;1;5129.0;0.0;5025.0;104.0;7393.0;0.0;7106.0;287.0
27485069000109;ELFSM;2015-02;90.9539;0.8061;0.221;75.7659;7.9956;52.3691;1;1;1;4525.0;10.0;4430.0;85.0;15660.0;8201.0;6697.0;762.0
27485069000109;ELFSM;2015-03;93.2303;0.5224;0.0;72.7003;9.7575;20.5839;1;1;1;4611.0;0.0;4570.0;41.0;10892.0;2242.0;7593.0;1057.0
27485069000109;ELFSM;2015-04;91.4475;1.0904;0.0;86.2039;2.8419;10.3769;1;1;1;4708.0;0.0;4626.0;82.0;6553.0;680.0;5641.0;232.0
27485069000109;ELFSM;2015-05;93.1102;0.7655;0.0;88.979;1.446;0.2966;1;1;1;4598.0;0.0;4537.0;61.0;5731.0;17.0;5589.0;125.0
27485069000109;ELFSM;2015-06;94.2392;0.8021;0.0;86.8156;4.0917;0.0777;1;1;1;4150.0;0.0;4081.0;69.0;5145.0;4.0;4852.0;289.0
27485069000109;ELFSM;2015-07;95.7561;0.5584;0.0221;95.2961;0.567;0.0208;1;1;1;4519.0;1.0;4452.0;66.0;4807.0;1.0;4735.0;71.0
27485069000109;ELFSM;2015-08;94.4207;0.4274;0.0;91.8401;0.9159;0.0;1;1;1;4245.0;0.0;4194.0;51.0;4847.0;0.0;4760.0;87.0
27485069000109;ELFSM;2015-09;93.4996;0.7124;0.0441;90.132;1.0528;0.0354;1;1;1;4534.0;2.0;4460.0;72.0;5654.0;2.0;5545.0;107.0
27485069000109;ELFSM;2015-10;94.5597;0.4841;0.0;85.9267;2.9397;0.0;1;1;1;4368.0;0.0;4317.0;51.0;5990.0;0.0;5745.0;245.0
27485069000109;ELFSM;2015-11;92.7816;0.4598;1.0381;69.3191;11.5598;31.5586;1;1;1;4431.0;46.0;4330.0;55.0;11363.0;3586.0;6702.0;1075.0
27485069000109;ELFSM;2015-12;93.0205;0.7703;0.0232;61.0147;15.3753;10.1918;1;1;1;4308.0;1.0;4251.0;56.0;10430.0;1063.0;7656.0;1711.0
27485069000109;ELFSM;2016-01;89.8457;1.3083;0.0;78.351;4.6846;0.0;1;1;1;5163.0;0.0;5054.0;109.0;8149.0;0.0;7630.0;519.0
27485069000109;ELFSM;2016-02;90.7051;1.1222;0.0;86.3119;2.5957;1.4768;1;1;1;4755.0;0.0;4670.0;85.0;5485.0;81.0;5216.0;188.0
27485069000109;ELFSM;2016-03;91.5207;0.8759;0.0185;83.8098;4.2107;13.2501;1;1;1;5413.0;1.0;5319.0;93.0;7532.0;998.0;6165.0;369.0
27485069000109;ELFSM;2016-04;93.6703;0.7058;0.0;88.969;2.0821;0.0;1;1;1;4421.0;0.0;4361.0;60.0;5049.0;0.0;4891.0;158.0
27485069000109;ELFSM;2016-05;95.971;0.3619;0.0;85.4657;4.9335;5.4805;1;1;1;4169.0;0.0;4130.0;39.0;5255.0;288.0;4644.0;323.0
27485069000109;ELFSM;2016-06;95.3998;0.5658;0.0;95.0945;0.6461;0.0;1;1;1;4086.0;0.0;4042.0;44.0;4201.0;0.0;4152.0;49.0
27485069000109;ELFSM;2016-07;94.6515;0.5324;0.024;90.6645;1.2627;0.0205;1;1;1;4170.0;1.0;4110.0;59.0;4882.0;1.0;4770.0;111.0
27485069000109;ELFSM;2016-08;95.1547;0.6142;0.0902;92.3284;1.0989;0.0821;1;1;1;4435.0;4.0;4369.0;62.0;4873.0;4.0;4770.0;99.0
27485069000109;ELFSM;2016-09;94.3921;0.6526;0.0;92.5125;1.1834;0.2028;1;1;1;4167.0;0.0;4110.0;57.0;4437.0;9.0;4342.0;86.0
27485069000109;ELFSM;2016-10;93.5815;0.4772;40.2489;85.7383;2.9159;35.8007;1;1;0;7071.0;2846.0;4171.0;54.0;8430.0;3018.0;5194.0;218.0
27485069000109;ELFSM;2016-11;91.7039;0.8316;0.0;76.5116;7.6486;41.2966;1;1;1;4978.0;0.0;4889.0;89.0;13466.0;5561.0;7148.0;757.0
27485069000109;ELFSM;2016-12;92.2414;0.455;0.0476;54.8793;16.1278;34.7753;1;1;1;4202.0;2.0;4157.0;43.0;21314.0;7412.0;11259.0;2643.0
27485069000109;ELFSM;2017-01;92.4812;0.554;0.0;86.5448;2.7997;6.8537;1;1;1;5092.0;0.0;5026.0;66.0;6595.0;452.0;5902.0;241.0
27485069000109;ELFSM;2017-02;92.7802;0.8022;0.0;84.3761;2.8547;0.2189;1;1;1;4393.0;0.0;4328.0;65.0;5938.0;13.0;5683.0;242.0
27485069000109;ELFSM;2017-03;93.0871;0.8333;0.0;91.1199;1.0272;0.0;1;1;1;5315.0;0.0;5236.0;79.0;6079.0;0.0;5974.0;105.0
27485069000109;ELFSM;2017-04;94.6037;0.5598;0.0223;90.6103;1.9906;0.0372;1;1;1;4490.0;1.0;4441.0;48.0;5371.0;2.0;5219.0;150.0
27485069000109;ELFSM;2017-05;94.3195;0.4874;0.0;93.2887;0.6042;0.0;1;1;1;5365.0;0.0;5308.0;57.0;6161.0;0.0;6087.0;74.0
27485069000109;ELFSM;2017-06;94.3197;0.5164;0.3339;92.8724;0.6621;0.2891;1;1;1;4493.0;15.0;4431.0;47.0;5189.0;15.0;5101.0;73.0
27485069000109;ELFSM;2017-07;94.0054;0.6511;7.1325;92.6957;0.8162;6.6796;1;1;0;4823.0;344.0;4425.0;54.0;5150.0;344.0;4739.0;67.0
27485069000109;ELFSM;2017-08;93.5143;0.518;0.0206;92.2813;0.7242;0.0378;1;1;1;4857.0;1.0;4801.0;55.0;5285.0;2.0;5209.0;74.0
27485069000109;ELFSM;2017-09;93.5084;0.6921;0.0;90.6895;1.8167;0.0;1;1;1;4218.0;0.0;4161.0;57.0;4893.0;0.0;4756.0;137.0
27485069000109;ELFSM;2017-10;92.3217;0.5267;0.0;76.1957;6.3589;0.0;1;1;1;4970.0;0.0;4910.0;60.0;7360.0;0.0;6774.0;586.0
27485069000109;ELFSM;2017-11;90.1291;0.9371;0.0824;73.5297;6.2059;0.3063;1;1;1;4856.0;4.0;4757.0;95.0;9140.0;28.0;8373.0;739.0
27485069000109;ELFSM;2017-12;88.6057;0.9478;0.0;65.9002;9.375;0.2095;1;1;1;4788.0;0.0;4703.0;85.0;10501.0;22.0;9222.0;1257.0
27485069000109;ELFSM;2018-01;90.011;1.116;0.0;67.1674;8.8763;0.0095;1;1;1;5509.0;0.0;5405.0;104.0;10492.0;1.0;9342.0;1149.0
27485069000109;ELFSM;2018-02;88.1916;1.173;0.0;83.2421;2.1614;0.0;1;1;1;5144.0;0.0;5055.0;89.0;7010.0;0.0;6790.0;220.0
27485069000109;ELFSM;2018-03;86.5896;1.3392;0.0;72.6106;5.3931;0.0107;1;1;1;5502.0;0.0;5378.0;124.0;9361.0;1.0;8701.0;659.0
27485069000109;ELFSM;2018-04;89.4378;0.9032;0.0;88.5817;1.1287;0.0;1;1;1;5473.0;0.0;5376.0;97.0;6167.0;0.0;6044.0;123.0
27485069000109;ELFSM;2018-05;91.186;0.8186;0.0;85.3702;3.9024;0.0;1;1;1;5300.0;0.0;5210.0;90.0;6309.0;0.0;5984.0;325.0
27485069000109;ELFSM;2018-06;89.4493;0.9683;0.0;88.0493;1.2502;0.0;1;1;1;4993.0;0.0;4909.0;84.0;5487.0;0.0;5371.0;116.0
27485069000109;ELFSM;2018-07;91.7966;0.8184;0.0;89.4554;1.3224;0.0;1;1;1;5177.0;0.0;5090.0;87.0;5802.0;0.0;5671.0;131.0
27485069000109;ELFSM;2018-08;90.996;0.6983;0.0;88.9106;1.1073;0.0;1;1;1;5479.0;0.0;5404.0;75.0;6188.0;0.0;6073.0;115.0
27485069000109;ELFSM;2018-09;89.5807;1.1623;0.0;87.521;1.8067;0.0;1;1;1;4858.0;0.0;4762.0;96.0;5417.0;0.0;5272.0;145.0
27485069000109;ELFSM;2018-10;86.4229;1.7821;0.0;56.2194;15.8185;0.0;1;1;1;5482.0;0.0;5346.0;136.0;13366.0;0.0;10835.0;2531.0
27485069000109;ELFSM;2018-11;86.7017;1.5239;0.018;78.8098;3.1043;0.0121;1;1;1;5554.0;1.0;5428.0;125.0;8251.0;1.0;7897.0;353.0
27485069000109;ELFSM;2018-12;92.2476;0.6375;0.0;51.3384;19.1527;0.0;1;1;1;4883.0;0.0;4832.0;51.0;14986.0;0.0;11507.0;3479.0
27485069000109;ELFSM;2019-01;88.6451;0.7543;0.0;85.0175;1.5789;0.0;1;1;1;7351.0;0.0;7237.0;114.0;8634.0;0.0;8415.0;219.0
27485069000109;ELFSM;2019-02;87.3428;1.1803;0.0;64.9699;7.6885;0.0;1;1;1;6486.0;0.0;6363.0;123.0;12614.0;0.0;11334.0;1280.0
27485069000109;ELFSM;2019-03;90.6809;0.8629;0.0;75.5704;4.9666;0.0;1;1;1;6413.0;0.0;6319.0;94.0;9615.0;0.0;8955.0;660.0
27485069000109;ELFSM;2019-04;91.3418;0.9097;0.0;82.9883;2.6617;0.0;1;1;1;6191.0;0.0;6100.0;91.0;7889.0;0.0;7570.0;319.0
27485069000109;ELFSM;2019-05;93.5468;0.3796;0.0;91.1472;0.6022;0.0;1;1;1;6096.0;0.0;6036.0;60.0;6701.0;0.0;6602.0;99.0
27485069000109;ELFSM;2019-06;93.1034;0.3728;0.0;88.1069;2.3008;0.0;1;1;1;5391.0;0.0;5345.0;46.0;5966.0;0.0;5775.0;191.0
27485069000109;ELFSM;2019-07;94.1149;0.3581;0.0;93.1832;0.4446;0.0;1;1;1;6455.0;0.0;6400.0;55.0;6783.0;0.0;6718.0;65.0
27485069000109;ELFSM;2019-08;92.0416;0.5198;0.0;91.351;0.5699;0.0;1;1;1;5618.0;0.0;5550.0;68.0;6013.0;0.0;5932.0;81.0
27485069000109;ELFSM;2019-09;92.5317;0.536;0.0;85.8298;1.9211;0.0;1;1;1;5626.0;0.0;5567.0;59.0;6991.0;0.0;6790.0;201.0
27485069000109;ELFSM;2019-10;92.6265;0.592;0.0;84.8339;1.9239;0.0;1;1;1;5691.0;0.0;5541.0;150.0;6802.0;0.0;6525.0;277.0
27485069000109;ELFSM;2019-11;90.7805;0.5877;0.0;75.1984;4.9871;0.0;1;1;1;6075.0;0.0;5413.0;662.0;10821.0;0.0;9221.0;1600.0
27485069000109;ELFSM;2019-12;91.5888;0.723;0.0;82.0059;3.0482;0.0;1;1;1;5783.0;0.0;5630.0;153.0;8408.0;0.0;7888.0;520.0
27485069000109;ELFSM;2020-01;91.3515;0.6223;0.0;66.4505;9.0102;0.0;1;1;1;6860.0;0.0;6228.0;632.0;13096.0;0.0;10664.0;2432.0
27485069000109;ELFSM;2020-02;90.2527;0.7736;0.0;76.6426;6.0688;0.0;1;1;1;6017.0;0.0;5772.0;245.0;8511.0;0.0;7677.0;834.0
27485069000109;ELFSM;2020-03;85.3468;1.315;0.0;78.3941;2.4938;0.0;1;1;1;7558.0;0.0;6829.0;729.0;10365.0;0.0;9071.0;1294.0
27485069000109;ELFSM;2020-04;85.4156;1.476;0.0;67.9314;5.5833;0.0;1;1;1;5777.0;0.0;5607.0;170.0;12384.0;0.0;11347.0;1037.0
27485069000109;ELFSM;2020-05;83.8865;1.6774;0.0;59.8791;8.8256;0.0;0;1;1;5684.0;0.0;5510.0;174.0;13116.0;0.0;11467.0;1649.0
27485069000109;ELFSM;2020-06;86.3742;1.2175;0.0;76.1553;3.4222;0.0;1;1;1;6096.0;0.0;5923.0;173.0;11149.0;0.0;10470.0;679.0
27485069000109;ELFSM;2020-07;91.8417;0.5936;0.0;84.8272;1.255;0.0;1;1;1;6671.0;0.0;6531.0;140.0;10886.0;0.0;10543.0;343.0
27485069000109;ELFSM;2020-08;86.7055;1.1181;0.0;84.5069;1.4641;0.0;1;1;1;6611.0;0.0;6456.0;155.0;7631.0;0.0;7403.0;228.0
27485069000109;ELFSM;2020-09;86.9577;1.1195;0.0;77.7213;4.0832;0.0;1;1;1;7237.0;0.0;7066.0;171.0;11019.0;0.0;10195.0;824.0
27485069000109;ELFSM;2020-10;87.9789;1.1449;0.0;73.0102;4.9735;0.0;1;1;1;6880.0;0.0;6735.0;145.0;13070.0;0.0;11999.0;1071.0
27485069000109;ELFSM;2020-11;93.0873;0.4826;0.0;77.7395;8.973;0.0;1;1;1;7109.0;0.0;7011.0;98.0;11970.0;0.0;10317.0;1653.0
27485069000109;ELFSM;2020-12;87.9272;0.9828;0.0;60.1193;12.1544;0.0;1;1;1;6906.0;0.0;6750.0;156.0;13588.0;0.0;10899.0;2689.0
27485069000109;ELFSM;2021-01;87.0004;1.3697;0.0;75.9229;8.1481;0.0;1;1;1;8123.0;0.0;7921.0;202.0;10329.0;0.0;9007.0;1322.0
27485069000109;ELFSM;2021-02;85.6684;1.3961;0.0;67.2331;7.2264;0.0;1;1;1;8208.0;0.0;7981.0;227.0;12497.0;0.0;11028.0;1469.0
27485069000109;ELFSM;2021-03;85.9666;1.3584;0.0;71.636;9.2215;0.0;1;1;1;9705.0;0.0;9440.0;265.0;13973.0;0.0;11941.0;2032.0
27485069000109;ELFSM;2021-04;90.306;0.8564;0.0;89.237;1.0795;0.0;1;1;1;8871.0;0.0;8683.0;188.0;9586.0;0.0;9347.0;239.0
27485069000109;ELFSM;2021-05;91.8915;0.8235;0.0;91.71;0.829;0.0;1;1;1;8083.0;0.0;7828.0;255.0;8275.0;0.0;8015.0;260.0
27485069000109;ELFSM;2021-06;90.5541;0.9136;0.0;87.2582;1.8531;0.0;1;1;1;6871.0;0.0;6724.0;147.0;7506.0;0.0;7256.0;250.0
27485069000109;ELFSM;2021-07;92.5891;0.5293;0.0;92.2759;0.52;0.0;1;1;1;6526.0;0.0;6389.0;137.0;6645.0;0.0;6504.0;141.0
27485069000109;ELFSM;2021-08;91.2346;0.9589;0.0;90.1542;1.1965;0.0;1;1;1;6739.0;0.0;6610.0;129.0;7015.0;0.0;6854.0;161.0
27485069000109;ELFSM;2021-09;89.1593;1.2842;0.0;86.5545;1.9466;0.0;1;1;1;6800.0;0.0;6611.0;189.0;7328.0;0.0;7052.0;276.0
27485069000109;ELFSM;2021-10;89.1402;1.0747;0.0;84.4548;1.7718;0.0;1;1;1;8110.0;0.0;7916.0;194.0;9653.0;0.0;9314.0;339.0
27485069000109;ELFSM;2021-11;86.8436;1.3494;0.0;79.7333;2.9977;0.0;1;1;1;9013.0;0.0;8773.0;240.0;11122.0;0.0;10549.0;573.0
27485069000109;ELFSM;2021-12;89.223;0.8221;0.0;81.0325;3.1347;0.0;1;1;1;9008.0;0.0;8807.0;201.0;11645.0;0.0;10939.0;706.0
27485069000109;ELFSM;2022-01;85.5813;1.3267;0.0;79.1323;2.7896;0.0;1;1;1;8734.0;0.0;8479.0;255.0;11333.0;0.0;10733.0;600.0
27485069000109;ELFSM;2022-02;85.0933;1.3507;0.0;74.8202;4.9802;0.0;1;1;1;8257.0;0.0;8034.0;223.0;11493.0;0.0;10570.0;923.0
27485069000109;ELFSM;2022-03;90.5426;0.8249;0.0;87.9259;1.3176;0.0;1;1;1;8710.0;0.0;8536.0;174.0;9857.0;0.0;9587.0;270.0
27485069000109;ELFSM;2022-04;90.4458;0.8558;0.0;88.0166;1.6397;0.0;1;1;1;7924.0;0.0;7762.0;162.0;9054.0;0.0;8758.0;296.0
27485069000109;ELFSM;2022-05;93.7852;0.4456;0.0;91.9235;0.7014;0.0;1;1;1;8637.0;0.0;8490.0;147.0;9539.0;0.0;9344.0;195.0
27485069000109;ELFSM;2022-06;92.0546;0.8507;0.0;91.5556;0.8736;0.0;1;1;1;6305.0;0.0;6177.0;128.0;6605.0;0.0;6468.0;137.0
27485069000109;ELFSM;2022-07;91.7782;0.5099;0.0;89.2278;0.9671;0.0;1;1;1;6312.0;0.0;6244.0;68.0;6777.0;0.0;6656.0;121.0
27485069000109;ELFSM;2022-08;89.8523;0.9252;0.0;86.6253;1.6011;0.0;1;1;1;6768.0;0.0;6639.0;129.0;7343.0;0.0;7129.0;214.0
27485069000109;ELFSM;2022-09;89.0122;0.8682;0.0;88.3077;0.9732;0.0;1;1;1;7101.0;0.0;6965.0;136.0;7480.0;0.0;7326.0;154.0
27485069000109;ELFSM;2022-10;89.7446;1.0809;0.0;84.4267;2.4753;0.0;1;1;1;7485.0;0.0;7321.0;164.0;9211.0;0.0;8786.0;425.0
27485069000109;ELFSM;2022-11;90.135;0.7918;0.0;82.2382;2.8205;0.0;1;1;1;7779.0;0.0;7643.0;136.0;10107.0;0.0;9613.0;494.0
27485069000109;ELFSM;2022-12;88.1577;0.9417;0.0;71.3491;8.1639;0.0;1;1;1;8587.0;0.0;8415.0;172.0;13575.0;0.0;11879.0;1696.0
27485069000109;ELFSM;2023-01;88.4683;1.1066;0.0;74.3057;8.6216;0.0;1;1;1;8702.0;0.0;8490.0;212.0;12560.0;0.0;10726.0;1834.0
27485069000109;ELFSM;2023-02;88.732;1.3012;0.0;79.8274;5.1577;0.0;1;1;1;7333.0;0.0;7130.0;203.0;9736.0;0.0;8900.0;836.0
27485069000109;ELFSM;2023-03;88.817;1.1354;0.0;85.8513;1.9299;0.0;1;1;1;8315.0;0.0;8098.0;217.0;9246.0;0.0;8893.0;353.0
27485069000109;ELFSM;2023-04;88.0766;1.308;0.0;72.0241;10.3877;0.0;1;1;1;7338.0;0.0;7168.0;170.0;11303.0;0.0;9222.0;2081.0
27485069000109;ELFSM;2023-05;89.5693;1.0119;0.0;86.7958;1.6744;0.0;1;1;1;7785.0;0.0;7630.0;155.0;8458.0;0.0;8221.0;237.0
27485069000109;ELFSM;2023-06;95.0485;0.5518;0.0;94.6782;0.6074;0.0;1;1;1;6764.0;0.0;6668.0;96.0;6978.0;0.0;6873.0;105.0
27485069000109;ELFSM;2023-07;88.8234;1.0989;0.0;87.6146;1.2687;0.0;1;1;1;7533.0;0.0;7380.0;153.0;8042.0;0.0;7860.0;182.0
27485069000109;ELFSM;2023-08;92.1317;0.5686;0.0;88.5173;1.5786;0.0;1;1;1;7635.0;0.0;7519.0;116.0;8679.0;0.0;8417.0;262.0
27485069000109;ELFSM;2023-09;92.2722;0.6708;0.0;75.6009;6.4091;0.0;1;1;1;7214.0;0.0;7108.0;106.0;10430.0;0.0;9229.0;1201.0
27485069000109;ELFSM;2023-10;91.3811;0.8378;0.0;86.777;1.2617;0.0;1;1;1;7945.0;0.0;7812.0;133.0;10040.0;0.0;9782.0;258.0
27485069000109;ELFSM;2023-11;88.9774;0.9073;0.0;80.4843;2.7854;0.0;1;1;1;8231.0;0.0;8082.0;149.0;11227.0;0.0;10680.0;547.0
27485069000109;ELFSM;2023-12;91.2015;0.6247;0.0;51.0471;25.7507;0.0;1;1;1;7596.0;0.0;7477.0;119.0;21157.0;0.0;13402.0;7755.0
27485069000109;ELFSM;2024-01;91.2316;0.5355;0.0;47.018;27.9222;0.0;1;1;1;7562.0;0.0;7430.0;132.0;31056.0;0.0;18382.0;12674.0
27485069000109;ELFSM;2024-02;91.493;0.6905;0.0;83.8209;1.999;0.0;1;1;1;7756.0;0.0;7623.0;133.0;9744.0;0.0;9413.0;331.0
27485069000109;ELFSM;2024-03;91.1211;0.884;0.0;71.0566;4.6685;0.0;1;1;1;7901.0;0.0;7736.0;165.0;12848.0;0.0;11864.0;984.0
27485069000109;ELFSM;2024-04;90.5121;0.7408;0.0;87.6378;1.3749;0.0;1;1;1;7765.0;0.0;7637.0;128.0;8551.0;0.0;8321.0;230.0
27485069000109;ELFSM;2024-05;90.7541;0.8034;0.0;88.5265;1.3773;0.0;1;1;1;7155.0;0.0;7038.0;117.0;7788.0;0.0;7590.0;198.0
27485069000109;ELFSM;2024-06;91.5408;0.7624;0.0;90.4539;0.9216;0.0;1;1;1;6882.0;0.0;6769.0;113.0;7343.0;0.0;7203.0;140.0
27485069000109;ELFSM;2024-07;90.8631;0.848;0.0;87.9297;1.235;0.0;1;1;1;7381.0;0.0;7249.0;132.0;7944.0;0.0;7757.0;187.0
27485069000109;ELFSM;2024-08;90.6466;0.7526;0.0;86.8345;1.0455;0.0;1;1;1;6571.0;0.0;6462.0;109.0;7354.0;0.0;7193.0;161.0
27485069000109;ELFSM;2024-09;88.4383;1.2655;0.0;83.6209;2.9101;0.0;1;1;1;7030.0;0.0;6866.0;164.0;7913.0;0.0;7540.0;373.0
27485069000109;ELFSM;2024-10;87.6775;1.1516;0.0;74.51;3.7714;0.0;1;1;1;7892.0;0.0;7725.0;167.0;12359.0;0.0;11635.0;724.0
27485069000109;ELFSM;2024-11;88.2674;1.002;0.0;74.8945;3.539;0.0;1;1;1;7962.0;0.0;7805.0;157.0;12649.0;0.0;11884.0;765.0
27485069000109;ELFSM;2024-12;89.6255;0.9304;0.0;82.8432;2.8449;0.0;1;1;1;8690.0;0.0;8518.0;172.0;11669.0;0.0;11133.0;536.0
27485069000109;ELFSM;2025-01;88.3713;0.8283;0.0;80.2964;2.4671;0.0;1;1;1;9428.0;0.0;9219.0;209.0;12341.0;0.0;11781.0;560.0
27485069000109;ELFSM;2025-02;90.4661;0.7872;0.0;85.5922;1.5035;0.0;1;1;1;8101.0;0.0;7940.0;161.0;9403.0;0.0;9106.0;297.0
27485069000109;ELFSM;2025-03;92.3211;0.7319;0.0;88.0899;1.6479;0.0;1;1;1;8138.0;0.0;8002.0;136.0;9483.0;0.0;9191.0;292.0
27485069000109;ELFSM;2025-04;94.4498;0.606;0.0;83.5148;3.1817;0.0;1;1;1;7311.0;0.0;7217.0;94.0;9590.0;0.0;9068.0;522.0
27485069000109;ELFSM;2025-05;92.1691;0.6643;0.0;90.974;0.8469;0.0;1;1;1;7901.0;0.0;7776.0;125.0;8355.0;0.0;8195.0;160.0
27485069000109;ELFSM;2025-06;92.2847;0.5847;0.0;91.2568;0.7377;0.0;1;1;1;7079.0;0.0;6971.0;108.0;7393.0;0.0;7266.0;127.0
27485069000109;ELFSM;2025-07;91.5991;0.6561;0.0;90.1507;0.9244;0.0;1;1;1;7812.0;0.0;7722.0;90.0;8819.0;0.0;8681.0;138.0
27485069000109;ELFSM;2025-08;91.7619;0.8502;0.0;88.0224;1.7092;0.0;1;1;1;6859.0;0.0;6764.0;95.0;7546.0;0.0;7361.0;185.0
27485069000109;ELFSM;2025-09;94.4266;0.3072;0.0;93.8948;0.5004;0.0;1;1;1;6873.0;0.0;6815.0;58.0;7034.0;0.0;6959.0;75.0
27485069000109;ELFSM;2025-10;93.2845;0.6195;0.0;92.5;0.7143;0.0;1;1;1;7147.0;0.0;7059.0;88.0;7609.0;0.0;7506.0;103.0
27485069000109;ELFSM;2025-11;91.1594;0.5929;0.0;81.7469;3.2159;0.0;1;1;1;7646.0;0.0;7545.0;101.0;10289.0;0.0;9751.0;538.0
27485069000109;ELFSM;2025-12;90.8383;0.7418;0.0;76.5567;4.6112;0.0;1;1;1;8136.0;0.0;8028.0;108.0;10808.0;0.0;10095.0;713.0
27485069000109;ELFSM;2026-01;89.4009;0.8946;0.0;59.2848;9.0654;0.0;1;1;1;7425.0;0.0;7312.0;113.0;16997.0;0.0;14926.0;2071.0
27485069000109;ELFSM;2026-02;88.4443;1.1505;0.0;71.2961;5.5643;0.0;1;1;1;7863.0;0.0;7733.0;130.0;13678.0;0.0;12627.0;1051.0
27485069000109;ELFSM;2026-03;88.234;0.9349;0.0;73.0511;4.5643;0.0;1;1;1;8829.0;0.0;8689.0;140.0;13527.0;0.0;12671.0;856.0
27485069000109;ELFSM;2026-04;88.8597;1.1547;0.0;85.9366;1.5334;0.0;1;1;1;7683.0;0.0;7533.0;150.0;8830.0;0.0;8605.0;225.0
27485069000109;ELFSM;2026-05;92.2953;0.458;0.0;89.2497;0.9601;0.0;1;1;1;7469.0;0.0;7390.0;79.0;8505.0;0.0;8356.0;149.0
27485069000109;ELFSM;2026-06;93.566;0.5467;0.0;93.0121;0.7054;0.0;1;1;1;7158.0;0.0;7095.0;63.0;7540.0;0.0;7460.0;80.0
27485069000109;ELFSM;2026-07;93.9559;0.5156;0.0;92.8512;0.8264;0.0;1;1;1;7031.0;0.0;6946.0;85.0;7313.0;0.0;7200.0;113.0
28152650000171;EDP ES;2014-01;98.3691;0.5043;0.0;97.1762;1.182;0.0;1;1;1;126601.0;0.0;109687.0;1102.0;140542.0;0.0;120802.0;2206.0
28152650000171;EDP ES;2014-02;97.3185;0.5164;0.0;95.7548;1.3166;0.0;1;1;1;161472.0;0.0;94013.0;772.0;184325.0;0.0;99166.0;1735.0
28152650000171;EDP ES;2014-03;99.6981;0.0565;0.0;97.8463;0.6794;0.0;1;1;1;133906.0;0.0;86732.0;102.0;144140.0;0.0;92830.0;834.0
28152650000171;EDP ES;2014-04;99.4289;0.1333;0.0;99.0731;0.2282;0.0;1;1;1;120032.0;0.0;83937.0;172.0;122044.0;0.0;85254.0;263.0
28152650000171;EDP ES;2014-05;99.5883;0.0921;0.0;99.4205;0.1404;0.0;1;1;1;128605.0;0.0;83488.0;137.0;129270.0;0.0;83914.0;181.0
28152650000171;EDP ES;2014-06;96.7139;1.5717;0.0;96.7038;1.5692;0.0;1;1;1;132449.0;0.0;76589.0;1343.0;132720.0;0.0;76716.0;1343.0
28152650000171;EDP ES;2014-07;97.5817;0.1826;0.0;97.3894;0.211;0.0;1;1;1;165635.0;0.0;96749.0;295.0;167126.0;0.0;97435.0;331.0
28152650000171;EDP ES;2014-08;97.6877;0.4172;0.0;93.3152;1.4651;0.0;1;1;1;138602.0;0.0;83550.0;459.0;157716.0;0.0;93953.0;1733.0
28152650000171;EDP ES;2014-09;98.2976;0.0785;0.0037;95.5269;1.1699;2.4642;1;1;1;135041.0;5.0;91679.0;141.0;149093.0;3674.0;97658.0;1362.0
28152650000171;EDP ES;2014-10;98.9775;0.152;0.0;98.0206;0.2957;0.0;1;1;1;163172.0;0.0;97846.0;242.0;182390.0;0.0;105527.0;445.0
28152650000171;EDP ES;2014-11;98.9804;0.2382;0.0;97.8998;0.6128;0.0007;1;1;1;132211.0;0.0;93833.0;317.0;139250.0;1.0;98290.0;748.0
28152650000171;EDP ES;2014-12;99.1198;0.1147;0.0;97.3409;0.6844;0.0;1;1;1;146895.0;0.0;101905.0;189.0;158150.0;0.0;108987.0;925.0
28152650000171;EDP ES;2015-01;98.6203;0.2312;0.0;94.0059;2.0807;1.4089;1;1;1;112475.0;0.0;78965.0;247.0;206326.0;2907.0;142548.0;3418.0
28152650000171;EDP ES;2015-02;98.3002;0.1282;0.0;84.3427;7.6321;0.0;1;1;1;90874.0;0.0;65454.0;159.0;204757.0;0.0;134157.0;12160.0
28152650000171;EDP ES;2015-03;99.6807;0.031;0.0;91.5556;4.2531;0.0;1;1;1;96656.0;0.0;77339.0;60.0;181192.0;0.0;144033.0;7326.0
28152650000171;EDP ES;2015-04;98.6757;0.0964;0.0993;97.6025;0.3949;0.0879;1;1;1;111786.0;111.0;87058.0;146.0;133126.0;117.0;102410.0;506.0
28152650000171;EDP ES;2015-05;99.9321;0.0066;0.0;99.8402;0.0256;0.0;1;1;1;128467.0;0.0;91338.0;36.0;143066.0;0.0;101378.0;64.0
28152650000171;EDP ES;2015-06;99.7085;0.0583;0.0;98.8963;0.2759;0.0;1;1;1;148970.0;0.0;96008.0;98.0;172657.0;0.0;110956.0;418.0
28152650000171;EDP ES;2015-07;99.7192;0.0571;0.0;99.4905;0.1033;0.0;1;1;1;150888.0;0.0;101436.0;133.0;166729.0;0.0;112158.0;208.0
28152650000171;EDP ES;2015-08;96.9891;0.2037;0.0;95.774;0.3914;0.0;1;1;1;143838.0;0.0;95026.0;345.0;155357.0;0.0;102555.0;607.0
28152650000171;EDP ES;2015-09;95.5623;0.4725;0.0;81.8991;7.2937;18.8894;1;1;1;146786.0;0.0;89935.0;578.0;234936.0;44378.0;125567.0;10822.0
28152650000171;EDP ES;2015-10;98.2072;0.1821;0.0007;94.1528;1.4877;0.0005;1;1;1;143968.0;1.0;87135.0;252.0;206501.0;1.0;126610.0;2245.0
28152650000171;EDP ES;2015-11;94.8286;0.5259;0.0121;81.711;7.631;0.0086;1;1;1;148319.0;18.0;89464.0;635.0;209776.0;18.0;116844.0;10847.0
28152650000171;EDP ES;2015-12;90.6191;1.7587;0.0;67.7048;15.7233;0.0;1;1;1;153166.0;0.0;85466.0;1949.0;281548.0;0.0;130784.0;27107.0
28152650000171;EDP ES;2016-01;89.9322;1.2838;0.0;76.0704;10.3908;0.0;1;1;1;194802.0;0.0;110190.0;1879.0;251254.0;0.0;127013.0;16439.0
28152650000171;EDP ES;2016-02;93.8939;0.9518;0.0;91.2939;1.8197;0.0;1;1;1;155089.0;0.0;98657.0;1247.0;176461.0;0.0;110606.0;2537.0
28152650000171;EDP ES;2016-03;90.8527;0.8888;0.0;82.8466;4.5249;0.0;1;1;1;182757.0;0.0;117311.0;1503.0;215005.0;0.0;129848.0;7158.0
28152650000171;EDP ES;2016-04;91.2175;0.9888;0.0;90.2905;1.2589;0.0;1;1;1;160454.0;0.0;103538.0;1391.0;164837.0;0.0;105733.0;1743.0
28152650000171;EDP ES;2016-05;92.1924;0.7684;0.0;92.1591;0.809;0.0;1;1;1;150573.0;0.0;99961.0;1086.0;153055.0;0.0;101646.0;1154.0
28152650000171;EDP ES;2016-06;95.955;0.3657;0.0;89.3914;3.4999;0.0;1;1;1;132893.0;0.0;90176.0;526.0;150625.0;0.0;97468.0;4009.0
28152650000171;EDP ES;2016-07;94.2982;0.5433;0.0;93.6878;0.6615;0.0;1;1;1;140179.0;0.0;96844.0;772.0;143058.0;0.0;98517.0;925.0
28152650000171;EDP ES;2016-08;90.7965;1.4898;0.0;89.7195;1.8903;0.0;1;1;1;145972.0;0.0;100442.0;1862.0;150174.0;0.0;102714.0;2381.0
28152650000171;EDP ES;2016-09;88.9834;1.3855;0.0;88.3364;1.5116;0.0;1;1;1;140163.0;0.0;96944.0;1793.0;144373.0;0.0;99429.0;1996.0
28152650000171;EDP ES;2016-10;88.063;1.7531;0.0;84.8215;3.3687;0.0;1;1;1;155238.0;0.0;100708.0;2295.0;168722.0;0.0;107483.0;4412.0
28152650000171;EDP ES;2016-11;88.7059;1.4537;0.0;77.1188;7.0115;0.0;1;1;1;157376.0;0.0;106835.0;2018.0;204443.0;0.0;124532.0;10480.0
28152650000171;EDP ES;2016-12;89.1746;1.5959;0.0;64.4349;13.8844;0.0;1;1;1;159534.0;0.0;98164.0;2035.0;291447.0;0.0;155877.0;27512.0
28152650000171;EDP ES;2017-01;89.3233;1.7266;0.0006;83.6498;4.0811;0.0005;1;1;1;177139.0;1.0;114117.0;2507.0;202352.0;1.0;126893.0;6266.0
28152650000171;EDP ES;2017-02;92.2707;1.2938;0.0;88.8382;2.5541;0.0;1;1;1;136933.0;0.0;88805.0;1469.0;158097.0;0.0;101106.0;3143.0
28152650000171;EDP ES;2017-03;85.9039;2.0041;0.0;75.5037;4.6174;0.0;1;1;1;145127.0;0.0;98579.0;2537.0;219074.0;0.0;144953.0;8302.0
28152650000171;EDP ES;2017-04;88.0536;1.2703;0.0;85.5446;1.7234;0.0;1;1;1;154064.0;0.0;101115.0;1723.0;168904.0;0.0;110627.0;2500.0
28152650000171;EDP ES;2017-05;86.448;1.5379;0.0;75.772;7.396;0.0;1;1;1;154211.0;0.0;103141.0;2215.0;188802.0;0.0;121026.0;11256.0
28152650000171;EDP ES;2017-06;91.0044;1.0818;0.0;90.6496;1.2135;0.0;1;1;1;143150.0;0.0;97020.0;1436.0;145384.0;0.0;98254.0;1602.0
28152650000171;EDP ES;2017-07;89.6281;1.2662;0.0007;89.1148;1.6299;0.0007;1;1;1;145352.0;1.0;100277.0;1677.0;149528.0;1.0;102661.0;2138.0
28152650000171;EDP ES;2017-08;95.5873;0.4629;0.0;89.9421;2.2857;0.0;1;1;1;146265.0;0.0;101934.0;682.0;161382.0;0.0;110297.0;3051.0
28152650000171;EDP ES;2017-09;96.2779;0.5178;0.0;95.8457;0.6281;0.0;1;1;1;138862.0;0.0;96058.0;692.0;141321.0;0.0;97619.0;828.0
28152650000171;EDP ES;2017-10;96.0581;0.4602;0.0;91.9087;2.2665;0.0;1;1;1;150920.0;0.0;104695.0;685.0;174283.0;0.0;117418.0;3147.0
28152650000171;EDP ES;2017-11;96.4736;0.4181;0.0;94.1477;1.2069;0.0;1;1;1;163319.0;0.0;105275.0;665.0;173510.0;0.0;110013.0;1693.0
28152650000171;EDP ES;2017-12;96.2288;0.5446;0.0;89.7448;4.1833;0.0;1;1;1;156813.0;0.0;107204.0;817.0;194259.0;0.0;126891.0;6154.0
28152650000171;EDP ES;2018-01;95.6205;0.4457;0.0;90.0634;2.7282;0.0;1;1;1;179788.0;0.0;119728.0;794.0;225031.0;0.0;144470.0;4686.0
28152650000171;EDP ES;2018-02;98.9149;0.1267;0.0;97.4712;0.7772;0.0;1;1;1;147234.0;0.0;100873.0;219.0;171714.0;0.0;116299.0;1087.0
28152650000171;EDP ES;2018-03;98.0479;0.205;0.0;94.4259;1.367;0.0;1;1;1;155870.0;0.0;105616.0;326.0;221836.0;0.0;148779.0;2381.0
28152650000171;EDP ES;2018-04;96.7138;0.2644;0.0;95.781;0.4479;0.0;1;1;1;160964.0;0.0;109410.0;540.0;193642.0;0.0;130463.0;894.0
28152650000171;EDP ES;2018-05;96.8149;0.2763;0.0;95.1493;0.5385;0.0;1;1;1;153462.0;0.0;102506.0;688.0;163901.0;0.0;109166.0;1088.0
28152650000171;EDP ES;2018-06;97.305;0.2898;0.0;97.1865;0.3124;0.0;1;1;1;139463.0;0.0;95639.0;638.0;141812.0;0.0;97014.0;676.0
28152650000171;EDP ES;2018-07;89.5103;1.5324;0.0;89.0996;1.7044;0.0;1;1;1;162351.0;0.0;103389.0;2195.0;166165.0;0.0;105596.0;2446.0
28152650000171;EDP ES;2018-08;97.0219;0.1957;0.0;96.8768;0.2149;0.0;1;1;1;170310.0;0.0;114748.0;824.0;173846.0;0.0;117000.0;873.0
28152650000171;EDP ES;2018-09;96.9603;0.2863;0.0;96.7596;0.3194;0.0;1;1;1;146879.0;0.0;104481.0;837.0;150621.0;0.0;106744.0;912.0
28152650000171;EDP ES;2018-10;84.6579;3.0501;0.0026;67.088;13.6848;0.0013;0;1;1;151865.0;4.0;101493.0;4024.0;302190.0;4.0;166263.0;29425.0
28152650000171;EDP ES;2018-11;96.361;0.4716;0.0;94.0193;1.0374;0.0;1;1;1;138391.0;0.0;104259.0;698.0;193552.0;0.0;144803.0;1957.0
28152650000171;EDP ES;2018-12;98.6577;0.1888;0.0014;89.4441;3.7237;0.001;1;1;1;142600.0;2.0;106258.0;336.0;207572.0;2.0;147708.0;6464.0
28152650000171;EDP ES;2019-01;97.3997;0.397;0.0;96.7669;0.5699;0.0;1;1;1;190276.0;0.0;123954.0;862.0;199003.0;0.0;129291.0;1164.0
28152650000171;EDP ES;2019-02;90.95;1.2461;0.001;74.7971;11.5769;0.0006;1;1;1;206221.0;2.0;110790.0;2096.0;309850.0;2.0;151842.0;22184.0
28152650000171;EDP ES;2019-03;93.9738;0.8361;0.0025;90.7731;1.8884;0.0065;1;1;1;200624.0;5.0;114809.0;1433.0;232023.0;15.0;133106.0;3281.0
28152650000171;EDP ES;2019-04;91.1859;1.3997;0.01;87.0237;3.5398;0.0091;1;1;1;149723.0;15.0;103555.0;1948.0;165543.0;15.0;111808.0;4797.0
28152650000171;EDP ES;2019-05;92.6969;1.0315;0.0;92.5364;1.0299;0.0;1;1;1;143180.0;0.0;102761.0;1482.0;147929.0;0.0;105897.0;1536.0
28152650000171;EDP ES;2019-06;98.7336;0.1007;0.0;98.5935;0.1163;0.0;1;1;1;127272.0;0.0;92298.0;301.0;131890.0;0.0;95305.0;345.0
28152650000171;EDP ES;2019-07;98.5242;0.1361;0.0;98.0655;0.246;0.0;1;1;1;155788.0;0.0;110025.0;447.0;158780.0;0.0;111898.0;610.0
28152650000171;EDP ES;2019-08;95.5921;0.3482;0.0;95.3166;0.421;0.0;1;1;1;148767.0;0.0;103587.0;748.0;150044.0;0.0;104311.0;848.0
28152650000171;EDP ES;2019-09;99.417;0.0436;0.0;96.5198;1.4808;0.0;1;1;1;144727.0;0.0;100977.0;293.0;165567.0;0.0;112839.0;2101.0
28152650000171;EDP ES;2019-10;99.9539;0.0053;0.0012;99.9062;0.0114;0.0012;1;1;1;161039.0;2.0;112809.0;267.0;162878.0;2.0;114035.0;287.0
28152650000171;EDP ES;2019-11;99.847;0.0109;0.0;95.2175;1.8199;0.0;1;1;1;157405.0;0.0;110456.0;265.0;206085.0;0.0;139022.0;3154.0
28152650000171;EDP ES;2019-12;99.9638;0.0026;0.0;97.3454;1.2246;0.0;1;1;1;165733.0;0.0;116108.0;270.0;200968.0;0.0;138007.0;2165.0
28152650000171;EDP ES;2020-01;99.7481;0.017;0.0;97.177;0.6755;0.0008;1;1;1;154675.0;0.0;105600.0;273.0;261844.0;2.0;177469.0;1778.0
28152650000171;EDP ES;2020-02;99.8235;0.0415;0.0;99.0056;0.1077;0.0;1;1;1;145416.0;0.0;96302.0;283.0;194330.0;0.0;126169.0;499.0
28152650000171;EDP ES;2020-03;99.9367;0.0039;0.0054;97.4323;1.1725;0.0042;1;1;1;167152.0;9.0;102752.0;212.0;214364.0;9.0;126858.0;1898.0
28152650000171;EDP ES;2020-04;90.4829;1.4539;0.0;78.6279;5.4357;0.0;1;1;1;142375.0;0.0;86554.0;1596.0;221451.0;0.0;131138.0;8459.0
28152650000171;EDP ES;2020-05;76.0243;3.8571;0.0;60.0965;7.9264;0.0;0;1;1;137042.0;0.0;88537.0;4239.0;203853.0;0.0;128601.0;12679.0
28152650000171;EDP ES;2020-06;90.3778;1.4166;0.0006;84.7711;2.7936;0.0005;1;1;1;154178.0;1.0;105292.0;1958.0;187559.0;1.0;126416.0;4381.0
28152650000171;EDP ES;2020-07;80.0651;1.9053;0.0;79.2505;2.0513;0.0;0;1;1;165806.0;0.0;117178.0;3386.0;182177.0;0.0;128304.0;3973.0
28152650000171;EDP ES;2020-08;94.6571;0.6197;0.0;91.9189;1.0602;0.0;1;1;1;155957.0;0.0;107604.0;1042.0;166482.0;0.0;114132.0;1696.0
28152650000171;EDP ES;2020-09;95.8061;0.4025;0.0;91.7794;0.906;0.0;1;1;1;150393.0;0.0;103921.0;859.0;181989.0;0.0;124365.0;1844.0
28152650000171;EDP ES;2020-10;97.4511;0.3057;0.0306;95.4996;0.7467;0.0264;1;1;1;173199.0;53.0;116751.0;811.0;200862.0;53.0;132789.0;1667.0
28152650000171;EDP ES;2020-11;92.5734;1.0686;0.0006;89.5985;1.761;0.0005;1;1;1;168272.0;1.0;111193.0;1778.0;190816.0;1.0;124179.0;3033.0
28152650000171;EDP ES;2020-12;90.5174;1.3181;0.0;83.6361;2.958;0.0;1;1;1;166578.0;0.0;109228.0;2151.0;230807.0;0.0;149104.0;5973.0
28152650000171;EDP ES;2021-01;94.1576;1.0388;0.0;92.2153;1.5844;0.0;1;1;1;202465.0;0.0;125937.0;1834.0;221643.0;0.0;136775.0;2893.0
28152650000171;EDP ES;2021-02;98.4148;0.2148;0.0;93.4158;2.0815;0.0;1;1;1;178613.0;0.0;108710.0;501.0;252707.0;0.0;144701.0;3729.0
28152650000171;EDP ES;2021-03;98.9601;0.2264;0.0;93.241;3.486;0.0;1;1;1;202261.0;0.0;126459.0;563.0;277449.0;0.0;160357.0;6606.0
28152650000171;EDP ES;2021-04;99.4481;0.1646;0.0;93.6841;2.4193;0.0;1;1;1;182823.0;0.0;117042.0;394.0;233510.0;0.0;142017.0;4065.0
28152650000171;EDP ES;2021-05;98.3433;0.2302;0.0;98.145;0.3214;0.0;1;1;1;173345.0;0.0;116166.0;547.0;174727.0;0.0;116926.0;675.0
28152650000171;EDP ES;2021-06;94.3984;0.7314;0.0;94.4132;0.7377;0.0;1;1;1;161940.0;0.0;104379.0;1381.0;164674.0;0.0;106036.0;1416.0
28152650000171;EDP ES;2021-07;98.5127;0.2521;0.0;98.3738;0.2891;0.0;1;1;1;151275.0;0.0;95371.0;636.0;155308.0;0.0;97613.0;706.0
28152650000171;EDP ES;2021-08;99.1449;0.2239;0.0;98.8743;0.2551;0.0;1;1;1;151753.0;0.0;95799.0;578.0;160470.0;0.0;100477.0;660.0
28152650000171;EDP ES;2021-09;96.6462;0.5608;0.0;92.9747;1.4081;0.0;1;1;1;156169.0;0.0;99832.0;1007.0;177666.0;0.0;110840.0;2284.0
28152650000171;EDP ES;2021-10;81.8969;4.8219;0.0668;79.5573;5.8869;0.0633;0;0;1;279825.0;187.0;94331.0;5719.0;295575.0;187.0;102811.0;7557.0
28152650000171;EDP ES;2021-11;67.9473;7.4463;0.0;66.2158;9.1807;0.0;0;0;1;219983.0;0.0;96528.0;9539.0;239690.0;0.0;103663.0;12574.0
28152650000171;EDP ES;2021-12;89.978;1.8208;0.0;89.0979;2.0569;0.0;1;1;1;178361.0;0.0;110483.0;2913.0;185319.0;0.0;113853.0;3306.0
28152650000171;EDP ES;2022-01;85.3024;1.9553;0.0;84.0557;2.4309;0.0;1;1;1;183683.0;0.0;112970.0;3478.0;207238.0;0.0;124505.0;4543.0
28152650000171;EDP ES;2022-02;88.898;1.1988;0.0;86.113;1.9794;0.0009;1;1;1;190661.0;0.0;115051.0;2252.0;222195.0;2.0;130786.0;3797.0
28152650000171;EDP ES;2022-03;86.4395;1.4842;0.0;84.9089;2.2548;0.0;1;1;1;197476.0;0.0;120074.0;3020.0;208153.0;0.0;124631.0;4244.0
28152650000171;EDP ES;2022-04;89.4901;1.4189;0.0;89.0436;1.6653;0.0;1;1;1;168797.0;0.0;102128.0;2393.0;171260.0;0.0;103160.0;2724.0
28152650000171;EDP ES;2022-05;88.4238;1.3122;0.0;87.9823;1.5213;0.0;1;1;1;189311.0;0.0;114466.0;2720.0;192237.0;0.0;115804.0;3029.0
28152650000171;EDP ES;2022-06;94.25;0.5431;0.0;93.9556;0.7326;0.0;1;1;1;163599.0;0.0;100720.0;1243.0;164447.0;0.0;100952.0;1471.0
28152650000171;EDP ES;2022-07;97.2672;0.4126;0.0;97.0598;0.4671;0.0;1;1;1;151089.0;0.0;92451.0;880.0;156165.0;0.0;95666.0;995.0
28152650000171;EDP ES;2022-08;91.4602;1.369;0.0;87.684;2.1866;0.0;1;1;1;163275.0;0.0;105112.0;2373.0;184947.0;0.0;117740.0;3891.0
28152650000171;EDP ES;2022-09;93.5141;1.0568;0.0013;93.0225;1.3077;0.0013;1;1;1;154155.0;2.0;94093.0;1706.0;159701.0;2.0;97130.0;2065.0
28152650000171;EDP ES;2022-10;91.8895;1.3485;0.0;90.08;1.7539;0.0;1;1;1;168461.0;0.0;101686.0;2351.0;180449.0;0.0;107774.0;3073.0
28152650000171;EDP ES;2022-11;88.174;1.4564;0.0;85.6908;2.4446;0.0;1;1;1;186942.0;0.0;112993.0;2998.0;211379.0;0.0;125029.0;4790.0
28152650000171;EDP ES;2022-12;90.8557;1.3987;0.0006;70.7611;13.6495;0.0003;1;1;1;174172.0;1.0;107860.0;2618.0;289386.0;1.0;148724.0;26783.0
28152650000171;EDP ES;2023-01;90.5193;0.9309;0.0;87.5513;1.8536;0.0;1;1;1;201286.0;0.0;123346.0;2553.0;238455.0;0.0;142859.0;4547.0
28152650000171;EDP ES;2023-02;85.4581;1.8811;0.0;74.8076;5.9015;0.0004;1;1;1;159442.0;0.0;96446.0;3266.0;222566.0;1.0;126283.0;10607.0
28152650000171;EDP ES;2023-03;86.5491;2.3549;0.0;83.6689;3.1449;0.0;1;1;1;129621.0;0.0;124890.0;4546.0;150200.0;0.0;143209.0;6662.0
28152650000171;EDP ES;2023-04;93.9642;1.7055;0.0139;87.9852;4.3844;0.0224;1;1;1;101071.0;14.0;98266.0;2796.0;161025.0;36.0;151850.0;9166.0
28152650000171;EDP ES;2023-05;97.6117;0.1325;0.003;95.1995;0.3712;0.0024;1;1;1;167350.0;5.0;121349.0;1211.0;212754.0;5.0;153536.0;2203.0
28152650000171;EDP ES;2023-06;90.7375;0.8164;0.0;85.1541;2.9624;0.0;1;1;1;156568.0;0.0;111643.0;2763.0;184920.0;0.0;127916.0;6816.0
28152650000171;EDP ES;2023-07;89.286;0.9167;0.0179;86.2879;1.5804;0.0161;1;1;1;167494.0;30.0;114685.0;2179.0;198749.0;32.0;134386.0;3603.0
28152650000171;EDP ES;2023-08;88.4706;0.7758;0.0093;87.2332;1.3835;0.009;1;1;1;193080.0;18.0;124824.0;1805.0;200345.0;18.0;128164.0;2755.0
28152650000171;EDP ES;2023-09;86.0541;1.6229;0.0023;83.61;2.5013;0.0022;1;1;1;172540.0;4.0;109234.0;2705.0;185735.0;4.0;116273.0;4082.0
28152650000171;EDP ES;2023-10;89.6351;1.3751;0.0011;87.0214;1.9479;0.001;1;1;1;184791.0;2.0;114611.0;2340.0;202582.0;2.0;124384.0;3438.0
28152650000171;EDP ES;2023-11;88.9982;1.4209;0.0;86.1585;2.6828;0.0;1;1;1;182128.0;0.0;112738.0;2391.0;204450.0;0.0;122210.0;4347.0
28152650000171;EDP ES;2023-12;89.7511;1.475;0.0;80.415;4.9921;0.0;1;1;1;186429.0;0.0;112753.0;2421.0;265768.0;0.0;147952.0;9292.0
28152650000171;EDP ES;2024-01;79.413;3.3705;0.0;70.8217;9.5193;0.0;0;1;1;223146.0;0.0;135606.0;6305.0;298578.0;0.0;160825.0;19446.0
28152650000171;EDP ES;2024-02;85.5002;1.9244;0.0019;84.7169;2.298;0.0017;1;1;1;211452.0;4.0;130165.0;3671.0;238447.0;4.0;144426.0;4682.0
28152650000171;EDP ES;2024-03;98.66;0.2418;0.0;90.0091;5.0471;0.0;1;1;1;196612.0;0.0;128717.0;613.0;265523.0;0.0;157262.0;9317.0
28152650000171;EDP ES;2024-04;99.1162;0.1581;0.0;99.0741;0.1593;0.0;1;1;1;190990.0;0.0;125053.0;504.0;192716.0;0.0;125945.0;514.0
28152650000171;EDP ES;2024-05;98.7741;0.1388;0.0;98.5132;0.1686;0.0;1;1;1;193456.0;0.0;115839.0;573.0;197062.0;0.0;117841.0;640.0
28152650000171;EDP ES;2024-06;98.1746;0.2217;0.0;98.1794;0.2211;0.0;1;1;1;164281.0;0.0;95876.0;552.0;164671.0;0.0;96127.0;552.0
28152650000171;EDP ES;2024-07;93.6316;0.4549;0.001;93.5974;0.4562;0.001;1;1;1;190621.0;2.0;110278.0;1232.0;192367.0;2.0;110837.0;1240.0
28152650000171;EDP ES;2024-08;93.9298;0.4212;0.0;94.0185;0.4135;0.0;1;1;1;176645.0;0.0;101905.0;1110.0;183325.0;0.0;105721.0;1123.0
28152650000171;EDP ES;2024-09;92.3172;0.5868;0.0023;91.5669;0.9359;0.0023;1;1;1;171775.0;4.0;103168.0;1325.0;177059.0;4.0;105219.0;1761.0
28152650000171;EDP ES;2024-10;97.1252;0.2325;0.0005;97.0584;0.2355;0.0015;1;1;1;195294.0;1.0;119280.0;734.0;200506.0;3.0;121991.0;757.0
28152650000171;EDP ES;2024-11;98.767;0.1118;0.0032;97.8673;0.2404;0.003;1;1;1;186844.0;6.0;115284.0;462.0;197750.0;6.0;121570.0;710.0
28152650000171;EDP ES;2024-12;97.351;0.4826;0.0005;96.131;0.7757;0.0004;1;1;1;215235.0;1.0;119393.0;1051.0;231122.0;1.0;126510.0;1599.0
28152650000171;EDP ES;2025-01;98.3056;0.3113;0.0009;95.8137;1.2289;0.0008;1;1;1;217830.0;2.0;124902.0;773.0;265488.0;2.0;143710.0;2508.0
28152650000171;EDP ES;2025-02;95.9368;0.3608;0.0;95.1505;0.4678;0.0;1;1;1;185420.0;0.0;112387.0;996.0;192308.0;0.0;116167.0;1200.0
28152650000171;EDP ES;2025-03;95.4293;0.5588;0.0026;94.8796;0.761;0.0025;1;1;1;192102.0;5.0;111762.0;1223.0;197362.0;5.0;113845.0;1525.0
28152650000171;EDP ES;2025-04;92.0174;0.8193;0.0;90.5834;1.3207;0.0;1;1;1;180253.0;0.0;106404.0;1627.0;194393.0;0.0;111929.0;2385.0
28152650000171;EDP ES;2025-05;98.3318;0.1026;0.0426;97.6834;0.1397;0.044;1;1;1;185384.0;79.0;103239.0;484.0;188796.0;83.0;105050.0;572.0
28152650000171;EDP ES;2025-06;97.1918;0.1887;0.0397;97.1849;0.1913;0.0396;1;1;1;158547.0;63.0;90458.0;566.0;159122.0;63.0;90801.0;572.0
28152650000171;EDP ES;2025-07;97.1206;0.1248;0.0526;96.1524;0.2613;0.0518;1;1;1;178579.0;94.0;104856.0;575.0;187100.0;97.0;108770.0;810.0
28152650000171;EDP ES;2025-08;93.096;0.6074;0.0386;92.3291;0.6933;0.0393;1;1;1;178664.0;69.0;104403.0;1290.0;183006.0;72.0;106570.0;1444.0
28152650000171;EDP ES;2025-09;90.539;1.0213;0.0541;90.1146;1.1188;0.0544;1;1;1;194168.0;105.0;107086.0;1954.0;196686.0;107.0;108270.0;2118.0
28152650000171;EDP ES;2025-10;93.0827;0.4261;0.0634;92.3005;0.8123;0.0644;1;1;1;209875.0;133.0;115448.0;1229.0;215833.0;139.0;116984.0;1785.0
28152650000171;EDP ES;2025-11;97.1439;0.1752;0.0838;96.4461;0.2394;0.0938;1;1;1;184899.0;155.0;100869.0;637.0;192951.0;181.0;104171.0;762.0
28152650000171;EDP ES;2025-12;95.7941;1.5093;0.0984;95.6361;1.54;0.1011;1;1;1;182926.0;180.0;98213.0;1978.0;188951.0;191.0;100697.0;2083.0
28152650000171;EDP ES;2026-01;92.1204;0.7575;0.0992;85.0138;3.7917;0.1221;1;1;1;202691.0;201.0;109916.0;1597.0;280210.0;342.0;134174.0;6833.0
28152650000171;EDP ES;2026-02;92.0869;1.216;0.0909;87.7281;2.7894;0.0976;1;1;1;179375.0;163.0;95287.0;1805.0;223396.0;218.0;111834.0;4201.0
28152650000171;EDP ES;2026-03;94.692;0.5441;0.1035;93.4227;0.7974;0.1036;1;1;1;205789.0;213.0;113339.0;1198.0;226828.0;235.0;122788.0;1692.0
28152650000171;EDP ES;2026-04;95.7963;0.4414;0.0802;93.806;0.9033;0.0801;1;1;1;168340.0;135.0;94735.0;930.0;177242.0;142.0;98520.0;1492.0
28152650000171;EDP ES;2026-05;95.9762;0.3572;0.0949;95.5228;0.3965;0.0935;1;1;1;162260.0;154.0;91772.0;698.0;165778.0;155.0;93460.0;767.0
28152650000171;EDP ES;2026-06;96.8799;0.2608;0.0615;96.0843;0.3758;0.0603;1;1;1;159318.0;98.0;89889.0;638.0;162557.0;98.0;91465.0;779.0
28152650000171;EDP ES;2026-07;96.2534;0.2089;0.0564;95.8731;0.2304;0.058;1;1;1;170195.0;96.0;99350.0;693.0;172560.0;100.0;100883.0;747.0
33050071000158;ENEL RJ;2014-01;84.327;3.253;2.5058;54.8537;21.6919;11.8394;0;1;0;475534.0;11916.0;371018.0;16231.0;998576.0;118225.0;583471.0;194970.0
33050071000158;ENEL RJ;2014-02;69.7708;7.74;1.0739;43.845;24.1785;6.7484;0;0;1;357311.0;3837.0;278722.0;27878.0;815945.0;55063.0;500849.0;192243.0
33050071000158;ENEL RJ;2014-03;81.1207;4.182;0.0132;65.9356;12.1295;0.2121;0;0;1;454780.0;60.0;370030.0;20374.0;613835.0;1302.0;440720.0;75206.0
33050071000158;ENEL RJ;2014-04;87.4468;1.6111;0.0207;78.5152;5.2336;0.5614;1;1;1;434757.0;90.0;372514.0;8678.0;493803.0;2772.0;407454.0;29177.0
33050071000158;ENEL RJ;2014-05;86.8882;1.2597;0.0065;85.4068;1.8692;0.0063;1;1;1;506199.0;33.0;421867.0;8101.0;520672.0;33.0;430391.0;11196.0
33050071000158;ENEL RJ;2014-06;80.5485;2.9975;5.0147;78.9018;3.6888;5.9838;0;1;0;639178.0;32053.0;361858.0;13549.0;675541.0;40423.0;374642.0;17004.0
33050071000158;ENEL RJ;2014-07;86.8049;1.566;0.0;85.4241;1.904;0.0;1;1;1;565126.0;0.0;391674.0;8820.0;577422.0;0.0;398766.0;10674.0
33050071000158;ENEL RJ;2014-08;86.6034;3.2312;0.0028;78.7862;7.3148;0.9263;1;1;1;508864.0;14.0;363871.0;14699.0;595605.0;5517.0;389628.0;37508.0
33050071000158;ENEL RJ;2014-09;85.1184;2.5718;0.366;67.3012;12.0133;24.64;1;1;1;518270.0;1897.0;369330.0;12439.0;931661.0;229561.0;428290.0;67336.0
33050071000158;ENEL RJ;2014-10;83.9427;1.9474;0.0008;59.0181;14.7538;33.1957;0;1;1;520431.0;4.0;396100.0;11211.0;1239156.0;411346.0;501903.0;100121.0
33050071000158;ENEL RJ;2014-11;70.0104;5.4697;0.0863;59.5015;11.906;1.2393;0;0;1;558440.0;482.0;403718.0;28416.0;732252.0;9075.0;472095.0;74117.0
33050071000158;ENEL RJ;2014-12;88.1165;2.6571;0.7165;74.3038;10.2189;7.4455;1;1;1;669690.0;4798.0;434350.0;14448.0;978374.0;72845.0;531147.0;68748.0
33050071000158;ENEL RJ;2015-01;77.4132;7.0448;13.488;56.0694;19.5172;47.3319;0;0;0;709957.0;95759.0;384513.0;34124.0;2386443.0;1129549.0;661300.0;178236.0
33050071000158;ENEL RJ;2015-02;81.3364;5.6997;1.0715;48.449;29.1654;15.4329;0;0;1;646469.0;6927.0;364447.0;25422.0;1448504.0;223546.0;483975.0;233434.0
33050071000158;ENEL RJ;2015-03;86.6589;2.7925;0.4967;75.5215;10.2666;5.5826;1;1;1;840893.0;4177.0;387895.0;14376.0;1008810.0;56318.0;416722.0;56564.0
33050071000158;ENEL RJ;2015-04;82.0725;2.7471;0.6934;78.8929;4.1907;2.2036;0;1;1;449507.0;3117.0;326763.0;11517.0;479903.0;10575.0;338224.0;18207.0
33050071000158;ENEL RJ;2015-05;93.1364;0.6866;0.0;91.752;1.2146;0.0;1;1;1;406145.0;0.0;320517.0;3136.0;415635.0;0.0;326861.0;5448.0
33050071000158;ENEL RJ;2015-06;93.7324;0.4679;0.001;93.5851;0.5032;0.001;1;1;1;410419.0;4.0;317559.0;2209.0;412268.0;4.0;318924.0;2340.0
33050071000158;ENEL RJ;2015-07;97.2615;0.3617;0.0;95.3893;1.5055;0.0;1;1;1;444685.0;0.0;359519.0;1885.0;454589.0;0.0;363304.0;7369.0
33050071000158;ENEL RJ;2015-08;97.6283;0.109;0.0022;97.2399;0.3327;0.0022;1;1;1;450668.0;10.0;350091.0;818.0;452643.0;10.0;351101.0;1692.0
33050071000158;ENEL RJ;2015-09;94.4068;0.8304;0.0;86.7316;4.9544;0.0;1;1;1;512689.0;0.0;356719.0;4005.0;562238.0;0.0;373780.0;23175.0
33050071000158;ENEL RJ;2015-10;94.9918;0.6606;0.0004;87.2856;5.5518;0.0003;1;1;1;530065.0;2.0;365249.0;3284.0;577377.0;2.0;378807.0;27938.0
33050071000158;ENEL RJ;2015-11;95.0986;0.9055;0.0004;69.096;17.4638;10.2314;1;1;1;527068.0;2.0;343537.0;3985.0;738921.0;75602.0;396977.0;97424.0
33050071000158;ENEL RJ;2015-12;96.5463;0.5781;0.0;64.1159;20.8422;0.0241;1;1;1;555196.0;0.0;353934.0;2599.0;882111.0;213.0;437070.0;128672.0
33050071000158;ENEL RJ;2016-01;90.8057;2.2743;0.0;77.0992;8.6216;0.0;1;1;1;595622.0;0.0;370619.0;10932.0;779936.0;0.0;449462.0;50130.0
33050071000158;ENEL RJ;2016-02;90.3876;1.9469;0.0;59.165;17.4303;0.0;1;1;1;463206.0;0.0;291557.0;7113.0;867783.0;0.0;445745.0;107025.0
33050071000158;ENEL RJ;2016-03;92.2982;0.8669;0.0;79.207;7.0285;0.0;1;1;1;509157.0;0.0;321462.0;3777.0;633903.0;0.0;376513.0;37164.0
33050071000158;ENEL RJ;2016-04;92.1549;1.0509;0.0;82.794;5.0755;0.0;1;1;1;433733.0;0.0;277469.0;3921.0;500076.0;0.0;307244.0;19652.0
33050071000158;ENEL RJ;2016-05;87.95;1.2581;0.0;87.7456;1.3777;0.0;1;1;1;462588.0;0.0;328701.0;5865.0;464787.0;0.0;330005.0;6401.0
33050071000158;ENEL RJ;2016-06;88.8365;1.3712;0.0;84.2347;3.3891;0.0;1;1;1;467567.0;0.0;275421.0;5124.0;487912.0;0.0;284691.0;12566.0
33050071000158;ENEL RJ;2016-07;89.1323;0.9463;0.0002;88.9964;1.0291;0.0002;1;1;1;473103.0;1.0;284081.0;4091.0;473765.0;1.0;284278.0;4466.0
33050071000158;ENEL RJ;2016-08;88.2074;1.9248;0.0;60.8456;20.0597;0.0004;1;1;1;511795.0;0.0;299200.0;7484.0;764982.0;3.0;360928.0;107873.0
33050071000158;ENEL RJ;2016-09;87.7773;1.2829;0.0;82.6903;4.1339;0.0;1;1;1;449096.0;0.0;272849.0;5086.0;487857.0;0.0;289231.0;15887.0
33050071000158;ENEL RJ;2016-10;87.5011;1.5289;0.0;79.0806;6.7753;0.0;1;1;1;508609.0;0.0;297047.0;6431.0;575145.0;0.0;318671.0;28279.0
33050071000158;ENEL RJ;2016-11;87.5602;2.1925;0.0;69.3604;13.1766;0.0;1;1;1;547032.0;0.0;320703.0;9066.0;691929.0;0.0;360976.0;63398.0
33050071000158;ENEL RJ;2016-12;90.4091;1.3051;0.0;82.8306;5.9135;20.8886;1;1;1;653104.0;0.0;359663.0;6213.0;918670.0;191897.0;378097.0;27412.0
33050071000158;ENEL RJ;2017-01;90.4598;0.8852;0.0002;61.2868;15.3321;8.9644;1;1;1;517685.0;1.0;310699.0;4212.0;871239.0;78101.0;408345.0;87158.0
33050071000158;ENEL RJ;2017-02;91.4025;0.8635;0.0;83.9342;4.6931;0.0;1;1;1;472637.0;0.0;270134.0;3516.0;512730.0;0.0;285265.0;17904.0
33050071000158;ENEL RJ;2017-03;89.5624;1.1374;0.0002;54.8945;24.3004;12.8002;1;1;1;517514.0;1.0;235299.0;4257.0;892036.0;114182.0;296208.0;111838.0
33050071000158;ENEL RJ;2017-04;89.4767;0.6382;0.0009;87.5587;1.5561;0.089;1;1;1;462693.0;4.0;250206.0;2595.0;474244.0;422.0;254891.0;5610.0
33050071000158;ENEL RJ;2017-05;87.6323;1.0836;0.0;77.2191;7.4536;0.0;1;1;1;428810.0;0.0;246290.0;4201.0;482528.0;0.0;262256.0;25690.0
33050071000158;ENEL RJ;2017-06;87.6452;0.8748;0.0;86.4028;1.4861;0.0633;1;1;1;407974.0;0.0;242260.0;3285.0;416808.0;264.0;244684.0;5452.0
33050071000158;ENEL RJ;2017-07;89.0549;0.8142;0.0012;84.9134;2.8507;0.0011;1;1;1;420114.0;5.0;244858.0;3160.0;438514.0;5.0;251950.0;9609.0
33050071000158;ENEL RJ;2017-08;87.5555;1.1846;0.0002;74.8279;8.2144;0.0002;1;1;1;433962.0;1.0;251078.0;4032.0;503954.0;1.0;274951.0;28901.0
33050071000158;ENEL RJ;2017-09;88.192;1.2101;0.0;76.9816;9.5555;7.7824;1;1;1;466785.0;0.0;274307.0;4720.0;585400.0;45558.0;290845.0;35008.0
33050071000158;ENEL RJ;2017-10;87.038;1.4756;0.0;66.031;14.6654;0.0;1;1;1;455103.0;0.0;273477.0;5513.0;607891.0;0.0;320568.0;64723.0
33050071000158;ENEL RJ;2017-11;87.4399;1.5387;0.0;83.9552;4.0396;0.0;1;1;1;451916.0;0.0;268688.0;5356.0;471031.0;0.0;273561.0;15433.0
33050071000158;ENEL RJ;2017-12;89.2464;2.2384;0.0002;72.3077;15.0738;0.007;1;1;1;459595.0;1.0;268558.0;7226.0;571012.0;40.0;290700.0;57341.0
33050071000158;ENEL RJ;2018-01;89.1047;1.7025;0.1069;49.0733;27.4142;0.0628;1;1;1;378783.0;405.0;229845.0;4959.0;746262.0;469.0;344516.0;143914.0
33050071000158;ENEL RJ;2018-02;88.0177;1.8175;0.0135;71.6125;10.7667;0.0224;1;1;1;414384.0;56.0;233904.0;5461.0;513930.0;115.0;272656.0;37678.0
33050071000158;ENEL RJ;2018-03;87.2857;1.8111;0.0649;64.7687;13.7417;0.0862;1;1;1;479188.0;311.0;247273.0;5898.0;636619.0;549.0;307855.0;56864.0
33050071000158;ENEL RJ;2018-04;88.0687;0.9182;0.0017;78.7991;5.0958;0.0031;1;1;1;471578.0;8.0;238468.0;3302.0;517855.0;16.0;258984.0;17331.0
33050071000158;ENEL RJ;2018-05;87.5507;1.4548;0.0018;65.2691;16.214;0.0031;1;1;1;457136.0;8.0;224078.0;4602.0;582939.0;18.0;257942.0;56329.0
33050071000158;ENEL RJ;2018-06;87.7434;1.2478;0.0018;75.9476;7.7726;0.0026;1;1;1;448660.0;8.0;228877.0;3987.0;501155.0;13.0;248111.0;24705.0
33050071000158;ENEL RJ;2018-07;86.7372;1.876;0.0167;74.4193;9.7928;0.0151;1;1;1;497227.0;83.0;228050.0;5752.0;569022.0;86.0;254858.0;32547.0
33050071000158;ENEL RJ;2018-08;87.8377;1.1072;0.0008;68.2761;14.1432;0.0304;1;1;1;507311.0;4.0;232321.0;3741.0;612628.0;186.0;266965.0;51701.0
33050071000158;ENEL RJ;2018-09;87.9001;1.1822;0.0103;76.278;8.2322;0.0098;1;1;1;464027.0;48.0;216069.0;3582.0;519920.0;51.0;237450.0;25432.0
33050071000158;ENEL RJ;2018-10;87.2041;1.0902;0.0016;54.9147;23.6315;0.0063;1;1;1;513979.0;8.0;219835.0;3745.0;950671.0;60.0;284009.0;100467.0
33050071000158;ENEL RJ;2018-11;85.7924;1.9601;0.0024;69.4173;12.0614;0.005;1;1;1;543654.0;13.0;245037.0;7112.0;666135.0;33.0;288196.0;46776.0
33050071000158;ENEL RJ;2018-12;87.7253;1.1098;0.0002;80.575;5.0043;0.0002;1;1;1;510016.0;1.0;279445.0;5203.0;599360.0;1.0;320750.0;20647.0
33050071000158;ENEL RJ;2019-01;89.6885;1.6329;0.0;72.2467;13.2122;0.1008;1;1;1;631685.0;0.0;295898.0;7032.0;848321.0;855.0;359043.0;59814.0
33050071000158;ENEL RJ;2019-02;86.1093;2.0588;0.0223;47.692;29.9131;0.6858;1;1;1;462420.0;103.0;201894.0;5960.0;888176.0;6091.0;289255.0;133870.0
33050071000158;ENEL RJ;2019-03;88.3457;1.9689;0.0;62.6898;21.0564;0.0084;1;1;1;483277.0;0.0;223656.0;5968.0;691891.0;58.0;271134.0;79283.0
33050071000158;ENEL RJ;2019-04;88.8409;1.0958;0.0031;68.2521;12.1927;0.1175;1;1;1;489188.0;15.0;242511.0;4300.0;677159.0;796.0;302008.0;47241.0
33050071000158;ENEL RJ;2019-05;87.9323;0.8374;0.0005;86.9519;1.1408;0.0005;1;1;1;545497.0;3.0;256862.0;3990.0;554353.0;3.0;261004.0;4924.0
33050071000158;ENEL RJ;2019-06;87.5017;1.7657;0.0399;85.0855;2.5815;0.0375;1;1;1;421468.0;168.0;228987.0;5589.0;448421.0;168.0;243068.0;8250.0
33050071000158;ENEL RJ;2019-07;89.0555;1.222;0.0215;89.0108;1.2619;0.0215;1;1;1;507202.0;109.0;259145.0;5093.0;507867.0;109.0;259452.0;5263.0
33050071000158;ENEL RJ;2019-08;86.9926;1.8792;0.0278;83.5966;3.3555;0.0326;1;1;1;432071.0;120.0;267227.0;7659.0;465932.0;152.0;284995.0;13785.0
33050071000158;ENEL RJ;2019-09;86.8374;1.1743;0.0124;77.8681;5.9278;0.0385;1;1;1;404770.0;50.0;251542.0;4468.0;464779.0;179.0;276578.0;23943.0
33050071000158;ENEL RJ;2019-10;88.6909;0.7149;0.0027;84.2612;2.9482;0.0038;1;1;1;440772.0;12.0;278460.0;3596.0;472352.0;18.0;291659.0;13378.0
33050071000158;ENEL RJ;2019-11;87.5962;1.1658;0.0005;74.5674;7.9538;0.0016;1;1;1;404768.0;2.0;264164.0;4980.0;505092.0;8.0;309729.0;33523.0
33050071000158;ENEL RJ;2019-12;87.4701;1.7115;0.0;71.869;10.2288;0.0;1;1;1;386616.0;0.0;249818.0;6405.0;541657.0;0.0;319019.0;47202.0
33050071000158;ENEL RJ;2020-01;92.338;1.6812;0.0006;70.083;12.6639;0.0004;1;1;1;359044.0;2.0;251828.0;5790.0;671072.0;3.0;410410.0;69110.0
33050071000158;ENEL RJ;2020-02;89.4078;1.6913;0.0;64.3853;15.8472;0.0;1;1;1;281208.0;0.0;195481.0;4902.0;579554.0;0.0;343993.0;79577.0
33050071000158;ENEL RJ;2020-03;74.5041;5.4005;0.0;43.5693;26.4088;0.0;0;0;1;268693.0;0.0;170911.0;12159.0;611649.0;0.0;311772.0;134027.0
33050071000158;ENEL RJ;2020-04;81.1172;5.3681;0.0007;54.7603;19.709;0.0004;0;0;1;288466.0;2.0;181558.0;12356.0;549204.0;2.0;296053.0;84952.0
33050071000158;ENEL RJ;2020-05;93.5373;0.6594;0.0;77.3869;8.5182;0.0;1;1;1;399129.0;0.0;230648.0;2574.0;542795.0;0.0;296338.0;35496.0
33050071000158;ENEL RJ;2020-06;89.2149;2.0106;0.0;68.2292;12.1859;0.0;1;1;1;347366.0;0.0;207034.0;5475.0;574795.0;0.0;316648.0;54300.0
33050071000158;ENEL RJ;2020-07;88.5143;2.3233;0.0004;50.9555;20.3224;0.0015;1;1;1;231493.0;1.0;153118.0;4670.0;604358.0;9.0;333736.0;96908.0
33050071000158;ENEL RJ;2020-08;91.1708;1.2907;0.0004;65.1992;11.8322;0.0012;1;1;1;276120.0;1.0;194407.0;3592.0;504214.0;6.0;327255.0;53847.0
33050071000158;ENEL RJ;2020-09;89.1253;1.2649;0.0;62.4794;13.4872;0.0;1;1;1;248682.0;0.0;179925.0;3655.0;552765.0;0.0;355995.0;66783.0
33050071000158;ENEL RJ;2020-10;87.0447;3.1337;0.0;42.1507;27.2487;0.0;1;1;1;129773.0;0.0;88221.0;3794.0;815038.0;0.0;413118.0;177269.0
33050071000158;ENEL RJ;2020-11;88.8068;1.5767;0.0;45.4892;22.7567;0.0;1;1;1;147052.0;0.0;98756.0;2325.0;747485.0;0.0;404547.0;142143.0
33050071000158;ENEL RJ;2020-12;93.2953;1.5043;0.0;54.9667;18.5857;0.0;1;1;1;194772.0;0.0;123356.0;2656.0;747811.0;0.0;410634.0;121368.0
33050071000158;ENEL RJ;2021-01;90.5491;2.9826;0.0;64.2577;17.5738;0.0;1;1;1;511964.0;0.0;357833.0;15005.0;823238.0;0.0;497660.0;135843.0
33050071000158;ENEL RJ;2021-02;90.8194;1.7595;0.0;83.2496;5.303;0.0;1;1;1;581577.0;0.0;379614.0;9520.0;691929.0;0.0;435665.0;31621.0
33050071000158;ENEL RJ;2021-03;88.3541;1.8884;0.0;72.8156;10.3232;0.0;1;1;1;635763.0;0.0;410866.0;11378.0;834099.0;0.0;492703.0;69399.0
33050071000158;ENEL RJ;2021-04;86.9265;2.6185;0.0;54.2313;23.5338;0.0;1;1;1;476745.0;0.0;317637.0;11165.0;859489.0;0.0;462699.0;178158.0
33050071000158;ENEL RJ;2021-05;88.5413;2.3791;0.0;75.505;10.7698;0.0;1;1;1;732083.0;0.0;436506.0;15229.0;917687.0;0.0;501606.0;82069.0
33050071000158;ENEL RJ;2021-06;83.4664;5.5109;0.0;71.0092;12.8724;0.0;0;0;1;787908.0;0.0;418496.0;30954.0;1033527.0;0.0;517786.0;94779.0
33050071000158;ENEL RJ;2021-07;88.5361;3.7919;0.0;80.997;6.2222;0.0;1;1;1;754295.0;0.0;463268.0;25878.0;927107.0;0.0;564078.0;50553.0
33050071000158;ENEL RJ;2021-08;88.0678;3.7031;0.0;78.3671;6.151;0.0;1;1;1;755956.0;0.0;443708.0;25950.0;955576.0;0.0;557890.0;53358.0
33050071000158;ENEL RJ;2021-09;87.2484;2.9542;0.0;77.5352;7.3232;0.0;1;1;1;696822.0;0.0;425904.0;18162.0;898345.0;0.0;515753.0;50096.0
33050071000158;ENEL RJ;2021-10;88.3087;2.352;0.0;78.0241;5.8492;0.0;1;1;1;744693.0;0.0;423557.0;17570.0;865777.0;0.0;484290.0;44149.0
33050071000158;ENEL RJ;2021-11;87.9665;2.8279;0.0;79.1674;5.2935;0.0;1;1;1;755972.0;0.0;446053.0;17990.0;881212.0;0.0;514030.0;39519.0
33050071000158;ENEL RJ;2021-12;88.4522;2.1989;0.0;76.6142;6.6145;0.0;1;1;1;688918.0;0.0;402832.0;13973.0;822636.0;0.0;466696.0;46509.0
33050071000158;ENEL RJ;2022-01;88.3569;1.7797;0.0;73.9745;10.4638;0.0;1;1;1;687720.0;0.0;426547.0;17609.0;847604.0;0.0;493770.0;81374.0
33050071000158;ENEL RJ;2022-02;73.6956;5.4505;0.0;55.9163;14.3277;0.0;0;0;1;676477.0;0.0;406890.0;31576.0;1001396.0;0.0;563491.0;115966.0
33050071000158;ENEL RJ;2022-03;88.2304;2.6287;0.0;72.3124;7.8277;0.0;1;1;1;945758.0;0.0;478981.0;26611.0;1206152.0;0.0;612981.0;78210.0
33050071000158;ENEL RJ;2022-04;90.1265;1.5853;0.0;83.5812;3.9074;0.0;1;1;1;847927.0;0.0;492468.0;19480.0;974669.0;0.0;563015.0;38478.0
33050071000158;ENEL RJ;2022-05;87.3656;2.5162;0.0;83.0636;4.6369;0.0;1;1;1;947004.0;0.0;506708.0;21435.0;1030764.0;0.0;548646.0;37459.0
33050071000158;ENEL RJ;2022-06;88.2912;2.1866;0.0;86.5151;2.9302;0.0;1;1;1;837254.0;0.0;458792.0;18006.0;852391.0;0.0;466795.0;22811.0
33050071000158;ENEL RJ;2022-07;90.8196;2.6846;0.0;86.7981;4.4191;0.0;1;1;1;775153.0;0.0;390918.0;36387.0;820639.0;0.0;411604.0;46090.0
33050071000158;ENEL RJ;2022-08;90.2796;2.055;0.0;78.2988;7.605;0.0;1;1;1;679083.0;0.0;365849.0;15256.0;792699.0;0.0;415494.0;49351.0
33050071000158;ENEL RJ;2022-09;88.2575;2.0973;0.0;88.1927;2.1326;0.0;1;1;1;623153.0;0.0;330496.0;14215.0;623989.0;0.0;330778.0;14382.0
33050071000158;ENEL RJ;2022-10;90.1779;2.4229;0.0;89.0388;2.9539;0.0;1;1;1;727755.0;0.0;349045.0;14166.0;742573.0;0.0;355897.0;16719.0
33050071000158;ENEL RJ;2022-11;88.8225;2.8432;0.0;87.4312;3.5867;0.0;1;1;1;658898.0;0.0;351928.0;17890.0;688709.0;0.0;365900.0;21756.0
33050071000158;ENEL RJ;2022-12;85.9357;2.7864;0.0;80.6292;6.1087;0.0;1;1;1;769876.0;0.0;441577.0;20459.0;841272.0;0.0;469540.0;40515.0
33050071000158;ENEL RJ;2023-01;87.4576;2.3331;0.0;80.2574;7.4081;0.0;1;1;1;811503.0;0.0;434769.0;17256.0;888719.0;0.0;457303.0;46634.0
33050071000158;ENEL RJ;2023-02;86.5137;3.4313;0.0;51.1447;28.9314;0.0;1;1;1;704031.0;0.0;353457.0;22087.0;1254542.0;0.0;497454.0;230704.0
33050071000158;ENEL RJ;2023-03;88.9377;2.1858;0.0;86.0034;4.2514;0.0;1;1;1;827484.0;0.0;424803.0;15902.0;857513.0;0.0;433725.0;26735.0
33050071000158;ENEL RJ;2023-04;86.6887;3.1021;0.0;77.2272;9.5241;0.0;1;1;1;632204.0;0.0;340660.0;19283.0;703404.0;0.0;363543.0;50179.0
33050071000158;ENEL RJ;2023-05;95.3287;1.3906;0.0;95.327;1.391;0.0;1;1;1;612026.0;0.0;345631.0;10256.0;612085.0;0.0;345673.0;10258.0
33050071000158;ENEL RJ;2023-06;90.8862;1.4102;0.0;90.8862;1.4102;0.0;1;1;1;598357.0;0.0;323903.0;9008.0;598357.0;0.0;323903.0;9008.0
33050071000158;ENEL RJ;2023-07;85.7291;3.5051;0.0;83.4693;4.7198;0.0;1;1;1;760397.0;0.0;428756.0;41079.0;796664.0;0.0;445394.0;49781.0
33050071000158;ENEL RJ;2023-08;85.6405;2.438;0.0;78.9526;7.5605;0.0;1;1;1;780501.0;0.0;413825.0;18418.0;848709.0;0.0;431185.0;47800.0
33050071000158;ENEL RJ;2023-09;85.2058;2.0688;0.0;84.3231;2.4739;0.0;1;1;1;826431.0;0.0;418832.0;16934.0;835181.0;0.0;423035.0;19206.0
33050071000158;ENEL RJ;2023-10;85.6956;2.139;0.0;80.8878;5.2448;0.0;1;1;1;802417.0;0.0;452575.0;17690.0;875116.0;0.0;478675.0;36341.0
33050071000158;ENEL RJ;2023-11;85.2524;3.436;17.4749;64.9584;19.5814;12.681;1;1;0;776078.0;135619.0;454076.0;26320.0;1301574.0;165052.0;596039.0;166296.0
33050071000158;ENEL RJ;2023-12;85.3475;2.9958;0.0001;77.7722;6.5379;0.0001;1;1;1;862843.0;1.0;457816.0;22529.0;1042960.0;1.0;530293.0;48504.0
33050071000158;ENEL RJ;2024-01;85.8446;2.9052;0.0;80.8474;4.4847;0.0;1;1;1;854406.0;0.0;477216.0;23694.0;1094608.0;0.0;584659.0;39263.0
33050071000158;ENEL RJ;2024-02;85.7208;3.3802;0.0;83.9537;3.7934;0.0;1;1;1;804146.0;0.0;420352.0;23427.0;845802.0;0.0;442833.0;26824.0
33050071000158;ENEL RJ;2024-03;85.8519;3.1389;0.0;84.9133;3.7999;0.0;1;1;1;780837.0;0.0;423623.0;22788.0;852384.0;0.0;453546.0;27770.0
33050071000158;ENEL RJ;2024-04;86.1095;2.6775;0.0;86.1124;2.6781;0.0;1;1;1;629116.0;0.0;361551.0;16808.0;629353.0;0.0;361661.0;16815.0
33050071000158;ENEL RJ;2024-05;87.3761;2.7624;0.0;87.3761;2.7624;0.0;1;1;1;651173.0;0.0;366155.0;17180.0;651173.0;0.0;366155.0;17180.0
33050071000158;ENEL RJ;2024-06;87.1436;2.9792;0.0;87.1339;2.9823;0.0;1;1;1;552893.0;0.0;309413.0;14974.0;553061.0;0.0;309473.0;14991.0
33050071000158;ENEL RJ;2024-07;88.1468;4.4613;0.0;88.1468;4.4613;0.0;1;0;1;581127.0;0.0;328508.0;20708.0;581127.0;0.0;328508.0;20708.0
33050071000158;ENEL RJ;2024-08;90.1611;2.5184;0.2418;89.4599;2.6652;0.2372;1;1;1;564604.0;1365.0;325608.0;12913.0;575509.0;1365.0;330141.0;13637.0
33050071000158;ENEL RJ;2024-09;87.9642;3.115;0.0;87.8259;3.1871;0.0;1;1;1;557585.0;0.0;327601.0;15817.0;559033.0;0.0;328154.0;16125.0
33050071000158;ENEL RJ;2024-10;85.4242;3.9002;0.0817;82.864;5.3043;0.0929;1;1;1;657397.0;537.0;340395.0;19393.0;827019.0;768.0;398184.0;29312.0
33050071000158;ENEL RJ;2024-11;93.5216;1.3305;0.0;92.7573;1.5655;0.0;1;1;1;545029.0;0.0;314801.0;6933.0;573912.0;0.0;326276.0;8121.0
33050071000158;ENEL RJ;2024-12;89.6628;2.5787;0.0805;87.8408;3.0304;0.0703;1;1;1;622565.0;501.0;339296.0;11906.0;721630.0;507.0;374554.0;15143.0
33050071000158;ENEL RJ;2025-01;86.6813;2.9202;0.0;86.0158;3.1682;0.0;1;1;1;683351.0;0.0;361898.0;14985.0;716187.0;0.0;376147.0;16714.0
33050071000158;ENEL RJ;2025-02;92.4586;1.7942;0.0;92.3421;1.8328;0.0;1;1;1;568949.0;0.0;302296.0;8019.0;573128.0;0.0;304017.0;8189.0
33050071000158;ENEL RJ;2025-03;93.7324;1.7764;0.0;93.7251;1.7781;0.0;1;1;1;562899.0;0.0;291555.0;7600.0;566939.0;0.0;293041.0;7647.0
33050071000158;ENEL RJ;2025-04;92.8298;2.0534;0.0;92.7247;2.0586;0.0;1;1;1;587465.0;0.0;278848.0;9741.0;618851.0;0.0;289746.0;10117.0
33050071000158;ENEL RJ;2025-05;92.2624;2.1973;0.0002;92.2624;2.1973;0.0002;1;1;1;541266.0;1.0;260700.0;10234.0;541266.0;1.0;260700.0;10234.0
33050071000158;ENEL RJ;2025-06;94.8586;1.7412;0.0;94.8586;1.7412;0.0;1;1;1;478874.0;0.0;238032.0;7602.0;478874.0;0.0;238032.0;7602.0
33050071000158;ENEL RJ;2025-07;93.7863;1.944;0.0;93.7338;1.9418;0.0;1;1;1;540059.0;0.0;263049.0;8969.0;547370.0;0.0;265214.0;9042.0
33050071000158;ENEL RJ;2025-08;95.6047;1.6517;0.0;95.6047;1.6517;0.0;1;1;1;501215.0;0.0;239064.0;6977.0;501215.0;0.0;239064.0;6977.0
33050071000158;ENEL RJ;2025-09;86.5381;2.9961;0.0;85.5956;3.4311;0.0;1;1;1;550916.0;0.0;265714.0;12656.0;573388.0;0.0;271176.0;14306.0
33050071000158;ENEL RJ;2025-10;95.4152;1.7266;0.0;95.0694;2.0083;0.0;1;1;1;637434.0;0.0;330117.0;11117.0;646027.0;0.0;331306.0;12189.0
33050071000158;ENEL RJ;2025-11;96.0443;1.8334;0.0;95.6763;1.9156;0.0;1;1;1;568130.0;0.0;284966.0;9432.0;592408.0;0.0;293182.0;9999.0
33050071000158;ENEL RJ;2025-12;95.6368;1.7643;0.0;95.1864;1.9124;0.0;1;1;1;681445.0;0.0;318270.0;10079.0;708652.0;0.0;326055.0;10860.0
33050071000158;ENEL RJ;2026-01;95.4138;1.5931;0.0;94.9603;1.7762;0.0;1;1;1;598446.0;0.0;310096.0;8723.0;740750.0;0.0;369957.0;11244.0
33050071000158;ENEL RJ;2026-02;94.7157;1.7617;0.0;92.2103;2.3205;0.0;1;1;1;495724.0;0.0;250432.0;6815.0;692553.0;0.0;335031.0;11674.0
33050071000158;ENEL RJ;2026-03;95.436;1.3202;0.0;94.7881;1.4911;0.0;1;1;1;542838.0;0.0;287777.0;5847.0;578082.0;0.0;298671.0;6690.0
33050071000158;ENEL RJ;2026-04;91.5357;1.3171;0.0;90.8832;1.5066;0.0;1;1;1;479976.0;0.0;268385.0;6379.0;501011.0;0.0;277520.0;7256.0
33050071000158;ENEL RJ;2026-05;94.0525;0.8332;0.0;93.7773;0.8782;0.0;1;1;1;480272.0;0.0;257074.0;4483.0;483088.0;0.0;258591.0;4642.0
33050071000158;ENEL RJ;2026-06;93.4924;1.1244;0.0;93.4937;1.1242;0.0;1;1;1;432941.0;0.0;250883.0;5201.0;433130.0;0.0;251006.0;5204.0
33050071000158;ENEL RJ;2026-07;91.3477;1.4264;0.0;87.9126;2.8772;0.0;1;1;1;462173.0;0.0;250242.0;6425.0;610442.0;0.0;289462.0;12472.0
33050196000188;CPFL-PAULISTA;2014-01;88.673;1.8046;0.0827;78.6695;6.6286;0.2768;1;1;1;555042.0;459.0;324200.0;7175.0;740014.0;2048.0;399032.0;31033.0
33050196000188;CPFL-PAULISTA;2014-02;86.0339;1.3822;0.0218;80.8514;4.5567;0.025;1;1;1;526432.0;115.0;329132.0;5889.0;615623.0;154.0;369171.0;20091.0
33050196000188;CPFL-PAULISTA;2014-03;86.5634;1.9088;0.0527;85.2215;2.4151;0.0784;1;1;1;537463.0;283.0;331668.0;8047.0;584363.0;458.0;353797.0;10634.0
33050196000188;CPFL-PAULISTA;2014-04;87.9127;1.1222;0.0787;87.1464;1.5878;0.0801;1;1;1;416794.0;328.0;293853.0;4530.0;428099.0;343.0;298193.0;6137.0
33050196000188;CPFL-PAULISTA;2014-05;88.7087;1.2005;1.7231;87.9261;1.4978;1.7327;1;1;1;320640.0;5525.0;303111.0;4921.0;328910.0;5699.0;310022.0;6105.0
33050196000188;CPFL-PAULISTA;2014-06;94.0105;0.372;0.4271;93.7657;0.5131;0.4334;1;1;1;266923.0;1140.0;264062.0;1721.0;268323.0;1163.0;265031.0;2129.0
33050196000188;CPFL-PAULISTA;2014-07;88.4547;1.2678;0.0334;87.6803;1.4781;0.0406;1;1;1;494135.0;165.0;302851.0;5072.0;509828.0;207.0;309800.0;5961.0
33050196000188;CPFL-PAULISTA;2014-08;87.3058;1.3059;0.0115;84.3595;3.5188;0.023;1;1;1;450562.0;52.0;285450.0;4852.0;469407.0;108.0;288860.0;11935.0
33050196000188;CPFL-PAULISTA;2014-09;88.2328;2.0996;0.0416;72.9703;9.9492;0.6048;1;1;1;466665.0;194.0;297948.0;7566.0;681408.0;4121.0;377102.0;45163.0
33050196000188;CPFL-PAULISTA;2014-10;88.1989;1.9575;0.0336;82.0678;6.3952;0.3346;1;1;1;408308.0;137.0;337226.0;8109.0;455536.0;1524.0;355920.0;26619.0
33050196000188;CPFL-PAULISTA;2014-11;86.6485;2.2983;0.0852;75.4543;10.1734;0.2211;1;1;1;320253.0;273.0;288644.0;8045.0;377698.0;835.0;314748.0;38315.0
33050196000188;CPFL-PAULISTA;2014-12;87.0892;3.0943;0.0351;82.5651;6.0402;0.3569;1;1;1;526955.0;185.0;318282.0;11704.0;566556.0;2022.0;329145.0;23395.0
33050196000188;CPFL-PAULISTA;2015-01;87.4921;2.2357;0.6356;74.899;9.3653;1.3554;1;1;1;496370.0;3155.0;301909.0;8372.0;730762.0;9905.0;405905.0;45864.0
33050196000188;CPFL-PAULISTA;2015-02;92.1925;0.9885;0.2213;85.1856;4.3657;0.5085;1;1;1;454163.0;1005.0;291867.0;3798.0;573859.0;2918.0;346789.0;17732.0
33050196000188;CPFL-PAULISTA;2015-03;91.0018;1.454;0.0342;89.7268;1.9674;0.0608;1;1;1;485558.0;166.0;326076.0;5850.0;522869.0;318.0;349343.0;8307.0
33050196000188;CPFL-PAULISTA;2015-04;90.3241;1.0762;0.2212;90.0612;1.0949;0.2186;1;1;1;427676.0;946.0;285784.0;4101.0;432828.0;946.0;289060.0;4228.0
33050196000188;CPFL-PAULISTA;2015-05;89.5082;1.1238;0.0354;82.2113;4.9646;0.3331;1;1;1;423637.0;150.0;277588.0;4151.0;503188.0;1676.0;309900.0;17905.0
33050196000188;CPFL-PAULISTA;2015-06;91.941;0.5883;0.0098;91.7194;0.6444;0.0097;1;1;1;388658.0;38.0;294866.0;2493.0;390405.0;38.0;296030.0;2727.0
33050196000188;CPFL-PAULISTA;2015-07;89.0827;1.1065;0.0544;88.8336;1.1317;0.054;1;1;1;492374.0;268.0;308257.0;4484.0;496489.0;268.0;311088.0;4617.0
33050196000188;CPFL-PAULISTA;2015-08;87.1207;2.489;0.0255;80.4024;6.9363;0.0506;1;1;1;396541.0;101.0;272789.0;8624.0;472708.0;239.0;315163.0;26074.0
33050196000188;CPFL-PAULISTA;2015-09;85.2185;2.913;0.0782;58.9565;19.8571;2.4906;1;1;1;344004.0;269.0;208906.0;7368.0;800968.0;19949.0;391370.0;102587.0
33050196000188;CPFL-PAULISTA;2015-10;85.8819;3.3649;0.1154;60.3282;20.4665;1.5893;1;1;1;414094.0;478.0;244679.0;10599.0;772161.0;12272.0;375212.0;104343.0
33050196000188;CPFL-PAULISTA;2015-11;86.8262;3.5466;0.7149;54.6278;26.6287;1.3502;1;1;1;330655.0;2364.0;191079.0;9311.0;831535.0;11227.0;377604.0;148991.0
33050196000188;CPFL-PAULISTA;2015-12;90.8977;2.8974;1.2303;65.4777;21.0232;1.2026;1;1;1;432510.0;5321.0;242205.0;9401.0;721177.0;8673.0;352430.0;99984.0
33050196000188;CPFL-PAULISTA;2016-01;94.5266;1.1406;0.4978;91.2299;2.7824;0.5121;1;1;1;581525.0;2895.0;360458.0;4963.0;629368.0;3223.0;380708.0;12334.0
33050196000188;CPFL-PAULISTA;2016-02;89.9655;2.3799;0.313;87.8506;3.4966;0.4922;1;1;1;567106.0;1775.0;351896.0;9663.0;609106.0;2998.0;371680.0;14910.0
33050196000188;CPFL-PAULISTA;2016-03;93.1878;0.8374;1.1221;92.0929;1.2936;1.9663;1;1;1;600637.0;6740.0;367816.0;3987.0;638499.0;12555.0;384346.0;6118.0
33050196000188;CPFL-PAULISTA;2016-04;99.0403;0.1274;0.0356;98.9861;0.1352;0.0353;1;1;1;455675.0;162.0;287003.0;654.0;459061.0;162.0;288891.0;686.0
33050196000188;CPFL-PAULISTA;2016-05;99.0878;0.1305;0.0905;96.2448;1.5621;0.0894;1;1;1;470852.0;426.0;302941.0;808.0;496506.0;444.0;313940.0;5677.0
33050196000188;CPFL-PAULISTA;2016-06;95.0622;0.7937;0.0075;91.4303;2.1116;0.0781;1;1;1;478726.0;36.0;311995.0;3122.0;566995.0;443.0;354396.0;8804.0
33050196000188;CPFL-PAULISTA;2016-07;93.3261;0.9235;0.0032;91.6181;1.7798;0.0031;1;1;1;470256.0;15.0;298452.0;3453.0;489315.0;15.0;306826.0;6395.0
33050196000188;CPFL-PAULISTA;2016-08;96.591;0.3413;0.0006;90.0011;3.5531;0.0006;1;1;1;471830.0;3.0;304590.0;1466.0;544538.0;3.0;333800.0;13364.0
33050196000188;CPFL-PAULISTA;2016-09;98.9286;0.1934;0.0002;94.728;2.3542;0.0004;1;1;1;405603.0;1.0;265208.0;660.0;451927.0;2.0;284789.0;7326.0
33050196000188;CPFL-PAULISTA;2016-10;97.1805;0.3379;0.0136;95.4951;0.9973;0.0226;1;1;1;537474.0;73.0;338598.0;1684.0;602892.0;136.0;372769.0;4721.0
33050196000188;CPFL-PAULISTA;2016-11;98.276;0.2333;0.0004;95.0851;1.3729;0.0009;1;1;1;490257.0;2.0;316496.0;1040.0;556439.0;5.0;345470.0;5661.0
33050196000188;CPFL-PAULISTA;2016-12;99.1133;0.1418;0.0006;92.7246;3.3023;0.0018;1;1;1;519334.0;3.0;328054.0;678.0;605734.0;11.0;366170.0;13657.0
33050196000188;CPFL-PAULISTA;2017-01;98.9174;0.1041;0.0004;97.3187;0.5516;0.0005;1;1;1;531381.0;2.0;339762.0;567.0;596094.0;3.0;377346.0;2641.0
33050196000188;CPFL-PAULISTA;2017-02;98.5477;0.1635;0.0008;96.9918;0.8969;0.001;1;1;1;390627.0;3.0;303571.0;667.0;411574.0;4.0;320215.0;3381.0
33050196000188;CPFL-PAULISTA;2017-03;99.2831;0.0295;0.001;98.5398;0.174;0.0009;1;1;1;418557.0;4.0;349600.0;288.0;454907.0;4.0;382087.0;1057.0
33050196000188;CPFL-PAULISTA;2017-04;98.6142;0.1766;0.0003;98.4776;0.1952;0.0002;1;1;1;396581.0;1.0;269121.0;774.0;407310.0;1.0;275609.0;874.0
33050196000188;CPFL-PAULISTA;2017-05;98.8291;0.0914;0.0013;98.1681;0.1541;0.0012;1;1;1;447664.0;6.0;309216.0;514.0;489862.0;6.0;331814.0;879.0
33050196000188;CPFL-PAULISTA;2017-06;98.2543;0.1588;0.0013;97.9036;0.261;0.0012;1;1;1;395068.0;5.0;265944.0;692.0;401148.0;5.0;269422.0;1062.0
33050196000188;CPFL-PAULISTA;2017-07;98.085;0.2366;0.0018;95.6546;2.5706;0.0018;1;1;1;440319.0;8.0;277413.0;906.0;449296.0;8.0;278202.0;8427.0
33050196000188;CPFL-PAULISTA;2017-08;94.9435;0.3388;0.0011;92.9928;1.3487;0.001;1;1;1;464890.0;5.0;291189.0;1546.0;492696.0;5.0;299450.0;4836.0
33050196000188;CPFL-PAULISTA;2017-09;96.7645;0.332;0.0005;93.9775;1.3297;0.0006;1;1;1;417253.0;2.0;274715.0;1383.0;475642.0;3.0;301948.0;5268.0
33050196000188;CPFL-PAULISTA;2017-10;92.1434;0.6166;0.0006;87.4425;1.7912;0.0005;1;1;1;461876.0;3.0;314321.0;4075.0;604516.0;3.0;366574.0;10001.0
33050196000188;CPFL-PAULISTA;2017-11;93.9474;0.655;0.0035;88.0204;4.0532;0.0027;1;1;1;481518.0;17.0;317125.0;4962.0;699007.0;19.0;349866.0;18429.0
33050196000188;CPFL-PAULISTA;2017-12;96.8888;0.3696;0.0006;93.2219;2.1805;0.0006;1;1;1;470373.0;3.0;299514.0;7486.0;522122.0;3.0;320804.0;14613.0
33050196000188;CPFL-PAULISTA;2018-01;90.7085;1.17;0.0004;90.1102;1.3653;0.0005;1;1;1;542865.0;2.0;349189.0;5775.0;604214.0;3.0;377322.0;7153.0
33050196000188;CPFL-PAULISTA;2018-02;94.7101;0.3189;0.0016;94.7359;0.3195;0.0018;1;1;1;447636.0;7.0;295354.0;1974.0;455222.0;8.0;298295.0;1995.0
33050196000188;CPFL-PAULISTA;2018-03;90.5979;0.7555;0.0;88.5517;1.2761;0.0;1;1;1;489948.0;0.0;313954.0;3760.0;528718.0;0.0;332908.0;6046.0
33050196000188;CPFL-PAULISTA;2018-04;87.076;2.3108;0.0003;84.371;3.3931;0.0005;1;1;1;376576.0;1.0;268864.0;8268.0;411075.0;2.0;295112.0;12879.0
33050196000188;CPFL-PAULISTA;2018-05;90.3524;1.579;0.0005;86.6971;3.2244;0.0004;1;1;1;410361.0;2.0;266967.0;5483.0;448305.0;2.0;278137.0;10830.0
33050196000188;CPFL-PAULISTA;2018-06;87.436;1.6029;0.0109;87.4377;1.6026;0.0109;1;1;1;430511.0;47.0;269863.0;5314.0;430575.0;47.0;269901.0;5314.0
33050196000188;CPFL-PAULISTA;2018-07;87.6959;2.0892;0.0;86.7199;2.3491;0.0;1;1;1;469956.0;0.0;300128.0;7334.0;490464.0;0.0;312436.0;8559.0
33050196000188;CPFL-PAULISTA;2018-08;88.9795;1.4248;0.0;88.3776;1.7381;0.0;1;1;1;501332.0;0.0;323244.0;5707.0;513854.0;0.0;328688.0;6932.0
33050196000188;CPFL-PAULISTA;2018-09;87.4414;1.5125;0.0;86.7219;1.8466;0.0;1;1;1;447443.0;0.0;284548.0;5433.0;484999.0;0.0;303247.0;6907.0
33050196000188;CPFL-PAULISTA;2018-10;88.0677;0.9642;0.0;83.2896;3.415;0.0;1;1;1;490999.0;0.0;320157.0;4280.0;618518.0;0.0;380678.0;15427.0
33050196000188;CPFL-PAULISTA;2018-11;88.7887;2.1323;0.0;83.6478;4.7949;0.0;1;1;1;507143.0;0.0;318848.0;8139.0;567996.0;0.0;343141.0;19143.0
33050196000188;CPFL-PAULISTA;2018-12;86.5813;2.5196;0.7495;81.8425;5.4981;2.9433;1;1;1;485812.0;3641.0;300576.0;9026.0;558292.0;16432.0;318821.0;20472.0
33050196000188;CPFL-PAULISTA;2019-01;86.4245;2.3223;1.4745;76.7558;7.3909;19.9299;1;1;1;463741.0;6838.0;296655.0;8368.0;892585.0;177891.0;421013.0;36786.0
33050196000188;CPFL-PAULISTA;2019-02;86.1204;3.2785;1.7467;69.9156;10.0827;47.6401;1;1;1;422960.0;7388.0;254571.0;9804.0;1227285.0;584680.0;358200.0;43448.0
33050196000188;CPFL-PAULISTA;2019-03;91.2752;0.7744;0.4594;77.9664;5.1452;11.3214;1;1;1;458225.0;2105.0;276906.0;3838.0;626744.0;70956.0;331783.0;21930.0
33050196000188;CPFL-PAULISTA;2019-04;96.3557;0.1758;0.4967;94.1174;1.2533;9.2432;1;1;1;479178.0;2380.0;306707.0;1398.0;560692.0;51826.0;317846.0;5178.0
33050196000188;CPFL-PAULISTA;2019-05;98.4634;0.0493;0.0;98.4656;0.0492;0.0;1;1;1;475348.0;0.0;324577.0;685.0;476746.0;0.0;325116.0;688.0
33050196000188;CPFL-PAULISTA;2019-06;98.2408;0.1023;0.003;98.2565;0.1014;0.003;1;1;1;431586.0;13.0;287109.0;1624.0;435066.0;13.0;289749.0;1630.0
33050196000188;CPFL-PAULISTA;2019-07;97.1665;0.1926;0.1683;97.0493;0.2241;0.1644;1;1;1;518084.0;872.0;333290.0;1822.0;530277.0;872.0;340171.0;1974.0
33050196000188;CPFL-PAULISTA;2019-08;97.7737;0.1045;0.0;96.9686;0.6198;0.4343;1;1;1;495499.0;0.0;321317.0;1777.0;511383.0;2221.0;325968.0;3580.0
33050196000188;CPFL-PAULISTA;2019-09;91.6629;1.0116;0.0843;89.794;1.8168;0.0756;1;1;1;514927.0;434.0;315568.0;6100.0;574363.0;434.0;345210.0;9660.0
33050196000188;CPFL-PAULISTA;2019-10;86.8655;1.4211;1.8155;65.8608;9.7298;30.9688;1;1;1;466918.0;8477.0;255137.0;5462.0;1028013.0;318363.0;373305.0;44965.0
33050196000188;CPFL-PAULISTA;2019-11;86.2875;1.4432;1.5596;62.0237;12.3795;33.6831;1;1;1;428446.0;6682.0;241811.0;5373.0;1070680.0;360638.0;368545.0;57772.0
33050196000188;CPFL-PAULISTA;2019-12;88.7546;1.6407;0.2496;76.8729;7.4441;7.9617;1;1;1;510483.0;1274.0;278824.0;6361.0;663234.0;52805.0;322449.0;29235.0
33050196000188;CPFL-PAULISTA;2020-01;86.9038;1.6003;0.8699;78.8682;5.9082;2.614;1;1;1;649071.0;5646.0;344281.0;7635.0;767777.0;20070.0;383619.0;27590.0
33050196000188;CPFL-PAULISTA;2020-02;86.4447;1.5662;0.0754;73.8349;7.8622;2.495;1;1;1;510665.0;385.0;276350.0;6215.0;684571.0;17080.0;358687.0;34757.0
33050196000188;CPFL-PAULISTA;2020-03;91.355;0.6522;0.1079;91.0278;0.7149;0.1043;1;1;1;592470.0;639.0;335440.0;3520.0;612687.0;639.0;343848.0;4622.0
33050196000188;CPFL-PAULISTA;2020-04;87.3986;2.2041;0.2591;81.2591;4.5757;1.5148;1;1;1;513676.0;1331.0;292183.0;7823.0;592755.0;8979.0;329214.0;17504.0
33050196000188;CPFL-PAULISTA;2020-05;86.0804;1.3882;1.995;78.273;4.7737;4.375;1;1;1;569871.0;11369.0;292748.0;5462.0;681960.0;29836.0;337002.0;19062.0
33050196000188;CPFL-PAULISTA;2020-06;55.2801;11.5196;29.6748;50.4479;15.6012;29.1841;0;0;0;902102.0;267697.0;285773.0;42187.0;1114179.0;325163.0;345332.0;82313.0
33050196000188;CPFL-PAULISTA;2020-07;62.8365;8.0064;4.7127;57.5429;11.8002;8.3976;0;0;0;603158.0;28425.0;271519.0;25656.0;795807.0;66829.0;354504.0;50380.0
33050196000188;CPFL-PAULISTA;2020-08;86.5428;3.1086;0.2521;78.7752;7.1511;1.0099;1;1;1;491491.0;1239.0;299750.0;10810.0;618491.0;6246.0;374129.0;30829.0
33050196000188;CPFL-PAULISTA;2020-09;85.6495;3.5982;0.0013;54.5332;21.7125;0.8622;1;1;1;235381.0;3.0;143577.0;6287.0;827908.0;7138.0;409681.0;120551.0
33050196000188;CPFL-PAULISTA;2020-10;86.498;2.7395;0.1327;52.1991;21.4207;6.4457;1;1;1;264568.0;351.0;151776.0;5053.0;1030103.0;66397.0;464101.0;134970.0
33050196000188;CPFL-PAULISTA;2020-11;85.6004;2.8941;0.0223;58.0462;16.8656;11.2004;1;1;1;471669.0;105.0;242960.0;8636.0;965959.0;108191.0;380501.0;82357.0
33050196000188;CPFL-PAULISTA;2020-12;86.6216;3.1803;0.001;70.2573;11.7673;0.0385;1;1;1;521715.0;5.0;282120.0;10920.0;890578.0;343.0;432805.0;62217.0
33050196000188;CPFL-PAULISTA;2021-01;88.3255;1.5312;0.003;87.578;1.8634;1.1011;1;1;1;739153.0;22.0;415814.0;8287.0;788758.0;8685.0;431597.0;10226.0
33050196000188;CPFL-PAULISTA;2021-02;89.0445;1.0343;0.0094;88.4226;1.4025;0.0101;1;1;1;648948.0;61.0;389150.0;5289.0;671314.0;68.0;399315.0;7003.0
33050196000188;CPFL-PAULISTA;2021-03;89.6498;0.6918;0.0153;88.8673;1.1372;0.0146;1;1;1;803334.0;123.0;436124.0;4061.0;844321.0;123.0;446499.0;6297.0
33050196000188;CPFL-PAULISTA;2021-04;90.7;0.4944;0.0063;90.7158;0.4936;0.0063;1;1;1;694830.0;44.0;363860.0;2590.0;697746.0;44.0;364501.0;2590.0
33050196000188;CPFL-PAULISTA;2021-05;85.887;1.2926;0.0749;85.8086;1.34;0.0746;1;1;1;648497.0;486.0;386639.0;6051.0;651183.0;486.0;387488.0;6263.0
33050196000188;CPFL-PAULISTA;2021-06;86.2482;1.1371;0.0008;86.2515;1.1367;0.0008;1;1;1;640302.0;5.0;355154.0;5071.0;640645.0;5.0;355286.0;5072.0
33050196000188;CPFL-PAULISTA;2021-07;93.0857;0.5894;0.0;93.0833;0.5893;0.0;1;1;1;646171.0;0.0;358750.0;2753.0;647183.0;0.0;359141.0;2755.0
33050196000188;CPFL-PAULISTA;2021-08;85.8476;1.7338;0.0023;85.5391;1.8574;0.0023;1;1;1;723980.0;17.0;384944.0;7941.0;732540.0;17.0;387414.0;8516.0
33050196000188;CPFL-PAULISTA;2021-09;86.6655;1.5195;0.0032;82.1343;5.3876;5.0766;1;1;1;745956.0;24.0;374926.0;6904.0;859044.0;43610.0;386135.0;23576.0
33050196000188;CPFL-PAULISTA;2021-10;88.4558;2.2079;0.0012;72.9309;13.8105;5.5376;1;1;1;677713.0;8.0;369213.0;9337.0;1071969.0;59361.0;440768.0;73494.0
33050196000188;CPFL-PAULISTA;2021-11;88.7132;1.7507;0.0028;88.2738;2.0488;0.0028;1;1;1;640447.0;18.0;357934.0;7363.0;645075.0;18.0;359229.0;8531.0
33050196000188;CPFL-PAULISTA;2021-12;90.4269;2.1982;0.0045;89.2628;3.13;0.0044;1;1;1;621406.0;28.0;348141.0;8861.0;635021.0;28.0;350529.0;12483.0
33050196000188;CPFL-PAULISTA;2022-01;86.6262;1.954;0.0024;85.994;2.4585;0.0025;1;1;1;702472.0;17.0;364442.0;8543.0;721473.0;18.0;370012.0;10688.0
33050196000188;CPFL-PAULISTA;2022-02;88.2554;1.5502;0.0;87.045;2.3655;0.0;1;1;1;586624.0;0.0;332410.0;6245.0;608971.0;0.0;339268.0;9360.0
33050196000188;CPFL-PAULISTA;2022-03;87.2686;1.8564;0.0;87.064;1.9737;0.0;1;1;1;656682.0;0.0;361250.0;8063.0;662926.0;0.0;363310.0;8566.0
33050196000188;CPFL-PAULISTA;2022-04;87.6694;2.1135;0.0011;86.8995;2.5973;0.0011;1;1;1;529356.0;6.0;308832.0;7714.0;547502.0;6.0;313624.0;9493.0
33050196000188;CPFL-PAULISTA;2022-05;87.1087;1.3553;0.0028;87.0221;1.3776;0.0028;1;1;1;573630.0;16.0;334946.0;5666.0;575833.0;16.0;335758.0;5761.0
33050196000188;CPFL-PAULISTA;2022-06;86.9273;1.6447;0.0002;86.9317;1.644;0.0002;1;1;1;550832.0;1.0;318329.0;6898.0;551118.0;1.0;318454.0;6898.0
33050196000188;CPFL-PAULISTA;2022-07;89.1428;0.9751;0.0089;89.1456;0.9748;0.0088;1;1;1;553651.0;49.0;325379.0;4766.0;553896.0;49.0;325493.0;4766.0
33050196000188;CPFL-PAULISTA;2022-08;87.0049;1.6732;0.0002;85.7448;2.3694;0.0002;1;1;1;623074.0;1.0;352589.0;7861.0;637737.0;1.0;357279.0;10667.0
33050196000188;CPFL-PAULISTA;2022-09;92.6533;0.9382;0.0007;91.5336;1.5673;0.0007;1;1;1;534423.0;4.0;312340.0;4221.0;551718.0;4.0;318736.0;6482.0
33050196000188;CPFL-PAULISTA;2022-10;93.6028;1.1819;0.0053;88.0643;5.384;0.0046;1;1;1;560959.0;30.0;309187.0;4690.0;645552.0;30.0;328065.0;20296.0
33050196000188;CPFL-PAULISTA;2022-11;95.6797;0.7599;0.0066;94.5553;1.1776;0.0065;1;1;1;542577.0;36.0;316421.0;3142.0;554859.0;36.0;320481.0;4633.0
33050196000188;CPFL-PAULISTA;2022-12;93.6419;1.2052;0.0156;93.2938;1.4151;0.0155;1;1;1;517862.0;81.0;302642.0;4296.0;521520.0;81.0;303815.0;4998.0
33050196000188;CPFL-PAULISTA;2023-01;92.4739;0.9267;0.0014;86.18;3.2451;0.0012;1;1;1;553637.0;8.0;322122.0;3891.0;685579.0;8.0;364050.0;13900.0
33050196000188;CPFL-PAULISTA;2023-02;88.2666;1.4069;0.0154;82.9717;3.2343;0.0153;1;1;1;513255.0;79.0;283114.0;5020.0;602734.0;92.0;317142.0;12172.0
33050196000188;CPFL-PAULISTA;2023-03;86.4977;1.7374;0.0175;82.8979;3.1736;0.0158;1;1;1;606952.0;106.0;337259.0;7395.0;682456.0;108.0;371004.0;14109.0
33050196000188;CPFL-PAULISTA;2023-04;87.9483;1.6791;0.0039;84.1485;3.4249;0.0036;1;1;1;490105.0;19.0;282071.0;5906.0;531927.0;19.0;301798.0;12416.0
33050196000188;CPFL-PAULISTA;2023-05;94.962;0.474;0.0019;94.7183;0.4992;0.0024;1;1;1;525203.0;10.0;326511.0;2224.0;531710.0;13.0;331073.0;2388.0
33050196000188;CPFL-PAULISTA;2023-06;92.0869;0.5937;0.0649;92.0382;0.6206;0.0647;1;1;1;468616.0;304.0;297373.0;2609.0;470012.0;304.0;298194.0;2704.0
33050196000188;CPFL-PAULISTA;2023-07;87.3776;0.9051;0.0057;86.4533;1.0859;0.0056;1;1;1;510581.0;29.0;312686.0;4000.0;521682.0;29.0;319091.0;4831.0
33050196000188;CPFL-PAULISTA;2023-08;87.6575;1.2707;0.003;83.0397;3.4984;5.3418;1;1;1;506302.0;15.0;308134.0;5061.0;739468.0;39501.0;407093.0;16729.0
33050196000188;CPFL-PAULISTA;2023-09;86.6576;1.4865;0.0031;75.1914;7.1094;0.0036;1;1;1;484119.0;15.0;285107.0;5424.0;646747.0;23.0;349095.0;29246.0
33050196000188;CPFL-PAULISTA;2023-10;88.4534;1.6182;0.0;55.653;20.7977;0.0322;1;1;1;323092.0;0.0;192484.0;3845.0;1050042.0;338.0;453430.0;125758.0
33050196000188;CPFL-PAULISTA;2023-11;87.412;2.0594;0.0;59.7805;19.0536;13.1368;1;1;1;362451.0;0.0;214633.0;5303.0;1020652.0;134081.0;409797.0;101389.0
33050196000188;CPFL-PAULISTA;2023-12;92.1266;1.3957;0.006;84.2394;3.6228;0.0049;1;1;1;497248.0;30.0;297850.0;5041.0;609715.0;30.0;350657.0;14797.0
33050196000188;CPFL-PAULISTA;2024-01;86.866;1.897;0.0014;84.7192;2.7743;0.0013;1;1;1;635695.0;9.0;396594.0;9078.0;704918.0;9.0;433152.0;14243.0
33050196000188;CPFL-PAULISTA;2024-02;88.3349;1.5579;0.0024;87.6398;1.7845;0.0022;1;1;1;540246.0;13.0;351840.0;6695.0;589718.0;13.0;386148.0;8367.0
33050196000188;CPFL-PAULISTA;2024-03;87.2934;1.923;0.0002;86.947;2.0716;0.0002;1;1;1;609190.0;1.0;365081.0;8636.0;635304.0;1.0;377804.0;9569.0
33050196000188;CPFL-PAULISTA;2024-04;86.6354;1.1504;0.0;86.634;1.1498;0.0;1;1;1;579375.0;0.0;343008.0;5284.0;579677.0;0.0;343188.0;5286.0
33050196000188;CPFL-PAULISTA;2024-05;87.3256;0.8093;0.0;87.0075;0.8452;0.0;1;1;1;524664.0;0.0;326504.0;3842.0;532612.0;0.0;330026.0;4030.0
33050196000188;CPFL-PAULISTA;2024-06;87.6113;1.355;0.0026;87.187;1.6869;0.0025;1;1;1;507078.0;13.0;312322.0;5712.0;510095.0;13.0;312786.0;6891.0
33050196000188;CPFL-PAULISTA;2024-07;94.473;0.2691;0.005;94.2794;0.2775;0.005;1;1;1;520188.0;26.0;326456.0;1743.0;522782.0;26.0;328074.0;1790.0
33050196000188;CPFL-PAULISTA;2024-08;90.9016;0.6541;1.0092;83.355;5.8013;0.8913;1;1;1;516156.0;5209.0;318968.0;3129.0;598259.0;5332.0;333128.0;22362.0
33050196000188;CPFL-PAULISTA;2024-09;87.2039;1.0345;0.0386;85.5583;2.0777;0.0368;1;1;1;502517.0;194.0;311481.0;4494.0;526822.0;194.0;319357.0;8206.0
33050196000188;CPFL-PAULISTA;2024-10;86.7271;1.1332;0.0496;77.9652;7.396;0.1196;1;1;1;603343.0;299.0;365475.0;5924.0;723819.0;866.0;390949.0;34198.0
33050196000188;CPFL-PAULISTA;2024-11;86.6632;1.235;0.0;86.2885;1.4696;0.0;1;1;1;590275.0;0.0;328521.0;5634.0;596054.0;0.0;330605.0;6508.0
33050196000188;CPFL-PAULISTA;2024-12;87.573;2.0659;0.0;85.6869;2.7485;0.0;1;1;1;589612.0;0.0;314009.0;8074.0;613846.0;0.0;322409.0;10762.0
33050196000188;CPFL-PAULISTA;2025-01;87.1688;1.2794;0.0;86.0114;1.7192;0.0;1;1;1;656189.0;0.0;352014.0;6297.0;690335.0;0.0;364730.0;8295.0
33050196000188;CPFL-PAULISTA;2025-02;86.4884;0.9013;0.0;85.725;1.3048;0.0;1;1;1;627000.0;0.0;334042.0;4589.0;648098.0;0.0;343183.0;6222.0
33050196000188;CPFL-PAULISTA;2025-03;87.0492;0.8225;0.0014;86.2658;1.4799;0.0013;1;1;1;648086.0;9.0;319660.0;3914.0;689331.0;9.0;333798.0;6438.0
33050196000188;CPFL-PAULISTA;2025-04;87.9942;0.5868;0.0;87.746;0.7363;0.0;1;1;1;607132.0;0.0;301722.0;3138.0;614032.0;0.0;304021.0;3646.0
33050196000188;CPFL-PAULISTA;2025-05;88.7465;0.8343;0.0;88.6843;0.8441;0.0;1;1;1;591886.0;0.0;301316.0;3789.0;592820.0;0.0;301673.0;3830.0
33050196000188;CPFL-PAULISTA;2025-06;89.5601;0.8499;0.0;89.5731;0.8491;0.0;1;1;1;554943.0;0.0;300407.0;3720.0;556160.0;0.0;300811.0;3723.0
33050196000188;CPFL-PAULISTA;2025-07;90.0497;0.8162;0.0;89.8737;0.9059;0.0;1;1;1;568772.0;0.0;312075.0;4053.0;571674.0;0.0;313166.0;4357.0
33050196000188;CPFL-PAULISTA;2025-08;93.2628;0.9943;0.0;93.1957;1.034;0.0;1;1;1;517903.0;0.0;273729.0;3619.0;518943.0;0.0;274019.0;3739.0
33050196000188;CPFL-PAULISTA;2025-09;87.8941;1.1762;0.0;58.8266;19.6452;27.0509;1;1;1;505303.0;0.0;266334.0;4189.0;1092299.0;295477.0;328116.0;84229.0
33050196000188;CPFL-PAULISTA;2025-10;90.2366;1.1422;0.0;84.8955;3.6361;0.0;1;1;1;631633.0;0.0;327170.0;5004.0;694741.0;0.0;344345.0;14744.0
33050196000188;CPFL-PAULISTA;2025-11;87.2796;1.6786;0.0;80.0971;5.1135;0.0;1;1;1;555286.0;0.0;297499.0;6959.0;635296.0;0.0;322653.0;20225.0
33050196000188;CPFL-PAULISTA;2025-12;87.4349;1.8551;0.0;73.0871;8.4926;0.0;1;1;1;528221.0;0.0;282825.0;7289.0;668589.0;0.0;331448.0;34745.0
33050196000188;CPFL-PAULISTA;2026-01;86.4926;1.6926;0.0;83.0528;2.4736;0.0;1;1;1;621354.0;0.0;337620.0;8251.0;694731.0;0.0;374833.0;12678.0
33050196000188;CPFL-PAULISTA;2026-02;86.951;1.4902;0.0;83.5516;3.9467;0.0;1;1;1;568582.0;0.0;299728.0;6516.0;610054.0;0.0;310010.0;15246.0
33050196000188;CPFL-PAULISTA;2026-03;86.6793;0.9205;0.0;85.4979;1.483;0.0;1;1;1;640655.0;0.0;344111.0;4917.0;661568.0;0.0;352409.0;7189.0
33050196000188;CPFL-PAULISTA;2026-04;87.9565;0.8183;0.0;84.2524;2.0894;0.0;1;1;1;533944.0;0.0;305316.0;3925.0;589005.0;0.0;333643.0;9078.0
33050196000188;CPFL-PAULISTA;2026-05;88.054;0.6092;0.0012;86.9682;0.9588;0.0011;1;1;1;580819.0;7.0;324356.0;4479.0;634529.0;7.0;351217.0;7945.0
33050196000188;CPFL-PAULISTA;2026-06;87.727;0.5277;0.0;87.6814;0.5417;0.0;1;1;1;561875.0;0.0;313460.0;3541.0;564591.0;0.0;314701.0;3607.0
33050196000188;CPFL-PAULISTA;2026-07;86.7647;3.0175;0.0;43.0548;31.0043;0.0;1;1;1;277839.0;0.0;137333.0;6300.0;925147.0;0.0;369420.0;178178.0
53859112000169;CPFL JAGUARI;2014-01;99.6097;0.0209;0.0657;98.6578;0.0976;0.0807;1;1;1;56306.0;37.0;28693.0;64.0;85511.0;69.0;40936.0;162.0
53859112000169;CPFL JAGUARI;2014-02;97.4216;0.44;0.0053;96.6656;1.01;0.0045;1;1;1;56522.0;3.0;29192.0;193.0;67332.0;3.0;34794.0;454.0
53859112000169;CPFL JAGUARI;2014-03;99.6377;0.0067;0.0;99.5385;0.0089;0.0;1;1;1;55215.0;0.0;29807.0;55.0;64232.0;0.0;33802.0;67.0
53859112000169;CPFL JAGUARI;2014-04;99.7076;0.0038;0.0;99.6019;0.0035;0.0023;1;1;1;39768.0;0.0;25992.0;45.0;43931.0;1.0;28634.0;51.0
53859112000169;CPFL JAGUARI;2014-05;99.7591;0.066;0.0;99.6571;0.0927;0.0103;1;1;1;36134.0;0.0;30281.0;80.0;38894.0;4.0;32340.0;96.0
53859112000169;CPFL JAGUARI;2014-06;99.9548;0.0041;0.0;99.571;0.019;0.0;1;1;1;24404.0;0.0;24347.0;53.0;26405.0;0.0;26337.0;64.0
53859112000169;CPFL JAGUARI;2014-07;99.8972;0.0071;0.0;99.7224;0.0131;0.0;1;1;1;52782.0;0.0;28206.0;61.0;58279.0;0.0;30611.0;77.0
53859112000169;CPFL JAGUARI;2014-08;99.2053;0.0226;0.0;97.4394;0.2346;0.0;1;1;1;49773.0;0.0;26545.0;49.0;58049.0;0.0;30195.0;152.0
53859112000169;CPFL JAGUARI;2014-09;95.3555;0.1819;0.0943;91.4478;1.0348;0.1126;1;1;1;49864.0;47.0;27445.0;147.0;65716.0;74.0;33952.0;531.0
53859112000169;CPFL JAGUARI;2014-10;94.3395;0.3813;0.0019;87.9132;2.6778;0.0029;1;1;1;52402.0;1.0;29003.0;210.0;70174.0;2.0;35654.0;1176.0
53859112000169;CPFL JAGUARI;2014-11;95.1143;0.3003;0.0;93.3389;0.6768;0.0;1;1;1;32145.0;0.0;24896.0;162.0;39219.0;0.0;29792.0;337.0
53859112000169;CPFL JAGUARI;2014-12;94.4059;1.0836;0.0;89.8225;3.0144;0.0;1;1;1;51383.0;0.0;25834.0;369.0;63459.0;0.0;31466.0;1147.0
53859112000169;CPFL JAGUARI;2015-01;96.3821;0.7383;0.0178;89.5892;4.6591;0.062;1;1;1;56139.0;10.0;28232.0;301.0;82322.0;51.0;39269.0;2160.0
53859112000169;CPFL JAGUARI;2015-02;99.3631;0.0493;0.0;93.847;2.5703;0.0;1;1;1;48854.0;0.0;26363.0;54.0;65671.0;0.0;33395.0;1037.0
53859112000169;CPFL JAGUARI;2015-03;99.2476;0.0277;0.0;98.2919;0.5218;0.0;1;1;1;51833.0;0.0;28834.0;57.0;65242.0;0.0;34128.0;252.0
53859112000169;CPFL JAGUARI;2015-04;99.4588;0.0275;0.0;99.4042;0.0395;0.0;1;1;1;47688.0;0.0;25492.0;44.0;51712.0;0.0;27850.0;53.0
53859112000169;CPFL JAGUARI;2015-05;99.1685;0.0799;0.7378;96.9387;0.6773;0.6756;1;1;1;50151.0;370.0;27517.0;75.0;62464.0;422.0;32704.0;325.0
53859112000169;CPFL JAGUARI;2015-06;99.2828;0.0594;0.0;99.2041;0.0707;0.0;1;1;1;39942.0;0.0;25223.0;68.0;52245.0;0.0;32518.0;93.0
53859112000169;CPFL JAGUARI;2015-07;98.8775;0.0343;0.0;98.5261;0.0655;0.0;1;1;1;30308.0;0.0;29121.0;60.0;37998.0;0.0;36613.0;98.0
53859112000169;CPFL JAGUARI;2015-08;99.0796;0.0637;0.0;98.7619;0.2183;0.0;1;1;1;28352.0;0.0;28232.0;118.0;32201.0;0.0;31996.0;203.0
53859112000169;CPFL JAGUARI;2015-09;94.223;0.6208;1.2591;86.2117;3.9064;3.4084;1;1;1;43604.0;549.0;29296.0;361.0;89337.0;3045.0;51412.0;2558.0
53859112000169;CPFL JAGUARI;2015-10;92.9782;1.1839;0.3059;73.9202;10.4989;7.7651;1;1;1;44131.0;135.0;29046.0;502.0;88666.0;6885.0;47287.0;6259.0
53859112000169;CPFL JAGUARI;2015-11;95.7439;0.9525;0.6616;71.4524;15.6183;6.8901;1;1;1;40811.0;270.0;26204.0;368.0;105949.0;7300.0;53190.0;10581.0
53859112000169;CPFL JAGUARI;2015-12;96.1888;0.9446;0.6782;87.6693;4.7827;0.5005;1;1;1;49247.0;334.0;30097.0;483.0;78118.0;391.0;44795.0;2635.0
53859112000169;CPFL JAGUARI;2016-01;99.2499;0.1584;0.002;99.1843;0.1537;0.0016;1;1;1;51209.0;1.0;33411.0;109.0;62416.0;1.0;40273.0;140.0
53859112000169;CPFL JAGUARI;2016-02;99.2836;0.1906;0.0123;99.1266;0.2751;0.0215;1;1;1;48597.0;6.0;32463.0;118.0;55903.0;12.0;37336.0;177.0
53859112000169;CPFL JAGUARI;2016-03;99.2766;0.0925;0.0346;99.1044;0.1594;0.4439;1;1;1;51958.0;18.0;35630.0;98.0;63751.0;283.0;42585.0;153.0
53859112000169;CPFL JAGUARI;2016-04;99.7934;0.0604;0.0;99.7435;0.0554;0.0;1;1;1;44921.0;0.0;31443.0;49.0;49442.0;0.0;34284.0;55.0
53859112000169;CPFL JAGUARI;2016-05;99.7251;0.0753;0.0988;98.7551;0.2386;0.0843;1;1;1;44524.0;44.0;30531.0;49.0;52197.0;44.0;34700.0;139.0
53859112000169;CPFL JAGUARI;2016-06;98.7972;0.1917;0.055;98.383;0.2228;0.6524;1;1;1;47254.0;26.0;32280.0;100.0;55950.0;365.0;36715.0;141.0
53859112000169;CPFL JAGUARI;2016-07;98.5036;0.273;0.0;98.3974;0.2781;0.0;1;1;1;43109.0;0.0;29591.0;124.0;49442.0;0.0;33352.0;141.0
53859112000169;CPFL JAGUARI;2016-08;99.5998;0.0061;0.0;98.707;0.0708;0.0;1;1;1;47539.0;0.0;32731.0;33.0;59893.0;0.0;39493.0;107.0
53859112000169;CPFL JAGUARI;2016-09;99.5676;0.0343;0.0;98.0864;0.3005;0.0;1;1;1;41520.0;0.0;29131.0;28.0;47518.0;0.0;32511.0;143.0
53859112000169;CPFL JAGUARI;2016-10;98.804;0.137;0.0063;97.8483;0.4789;0.1548;1;1;1;47848.0;3.0;32062.0;91.0;64619.0;100.0;42599.0;289.0
53859112000169;CPFL JAGUARI;2016-11;98.9085;0.2116;0.0;98.146;0.245;0.0;1;1;1;47861.0;0.0;32547.0;95.0;60026.0;0.0;40301.0;145.0
53859112000169;CPFL JAGUARI;2016-12;99.4391;0.0378;0.0042;98.6354;0.0925;0.0035;1;1;1;47451.0;2.0;31723.0;30.0;57435.0;2.0;38877.0;85.0
53859112000169;CPFL JAGUARI;2017-01;99.1716;0.1017;0.0;99.1592;0.0969;0.0;1;1;1;48740.0;0.0;33405.0;51.0;55168.0;0.0;38142.0;57.0
53859112000169;CPFL JAGUARI;2017-02;98.6714;0.1769;0.0055;98.6126;0.1742;0.0049;1;1;1;36481.0;2.0;28777.0;66.0;41179.0;2.0;32666.0;77.0
53859112000169;CPFL JAGUARI;2017-03;99.2726;0.0371;0.0;97.7798;0.5814;0.0;1;1;1;37908.0;0.0;32297.0;24.0;47920.0;0.0;41555.0;274.0
53859112000169;CPFL JAGUARI;2017-04;98.5541;0.1172;0.0;98.4751;0.122;0.0;1;1;1;38251.0;0.0;25559.0;64.0;42182.0;0.0;27837.0;74.0
53859112000169;CPFL JAGUARI;2017-05;98.4451;0.1701;0.0;98.1953;0.1898;0.004;1;1;1;43050.0;0.0;28764.0;74.0;49995.0;2.0;32078.0;99.0
53859112000169;CPFL JAGUARI;2017-06;98.6184;0.1228;0.0053;98.6012;0.1226;0.0051;1;1;1;37385.0;2.0;26025.0;52.0;39592.0;2.0;27704.0;58.0
53859112000169;CPFL JAGUARI;2017-07;97.8562;0.48;0.0109;95.6005;2.61;0.01;1;1;1;36806.0;4.0;24464.0;158.0;40153.0;4.0;26232.0;815.0
53859112000169;CPFL JAGUARI;2017-08;97.2268;0.1541;0.0;96.9191;0.2131;0.0;1;1;1;37851.0;0.0;24627.0;63.0;41608.0;0.0;26688.0;89.0
53859112000169;CPFL JAGUARI;2017-09;98.4896;0.2843;0.0;98.4946;0.2684;0.0;1;1;1;34617.0;0.0;23503.0;118.0;38633.0;0.0;25638.0;131.0
53859112000169;CPFL JAGUARI;2017-10;99.1689;0.0802;0.0051;99.1234;0.0977;0.006;1;1;1;39049.0;2.0;27411.0;123.0;50229.0;3.0;34759.0;160.0
53859112000169;CPFL JAGUARI;2017-11;99.1329;0.0795;0.2029;96.634;0.4291;0.1529;1;1;1;39430.0;80.0;26390.0;120.0;58848.0;90.0;35971.0;326.0
53859112000169;CPFL JAGUARI;2017-12;99.0791;0.14;0.0027;98.5104;0.3423;0.0024;1;1;1;36801.0;1.0;23532.0;214.0;41685.0;1.0;26494.0;292.0
53859112000169;CPFL JAGUARI;2018-01;99.2709;0.107;0.0;99.2103;0.1133;0.0;1;1;1;44447.0;0.0;29867.0;112.0;48593.0;0.0;32632.0;130.0
53859112000169;CPFL JAGUARI;2018-02;97.7473;0.1139;0.0027;97.7334;0.1224;0.0026;1;1;1;36786.0;1.0;24565.0;109.0;38056.0;1.0;25293.0;117.0
53859112000169;CPFL JAGUARI;2018-03;96.3452;0.3161;0.0;95.2017;0.5125;0.0;1;1;1;43764.0;0.0;28693.0;206.0;52679.0;0.0;33195.0;320.0
53859112000169;CPFL JAGUARI;2018-04;90.4837;1.2823;0.0;90.5641;1.2743;0.0;1;1;1;38707.0;0.0;26328.0;534.0;40194.0;0.0;27580.0;562.0
53859112000169;CPFL JAGUARI;2018-05;94.8261;0.2841;0.0;93.6165;0.8301;0.0;1;1;1;37129.0;0.0;23166.0;184.0;40900.0;0.0;25447.0;353.0
53859112000169;CPFL JAGUARI;2018-06;93.8907;0.5341;0.0136;93.7216;0.5466;0.0133;1;1;1;44200.0;6.0;27564.0;246.0;45184.0;6.0;28022.0;256.0
53859112000169;CPFL JAGUARI;2018-07;92.9415;0.4304;0.0;92.1758;0.6042;0.0;1;1;1;43654.0;0.0;28227.0;228.0;45856.0;0.0;29612.0;293.0
53859112000169;CPFL JAGUARI;2018-08;93.8229;0.3393;0.0;93.7542;0.3475;0.0;1;1;1;45078.0;0.0;30251.0;191.0;46528.0;0.0;31256.0;198.0
53859112000169;CPFL JAGUARI;2018-09;93.0081;0.3991;0.0;92.2055;0.6086;0.0;1;1;1;38157.0;0.0;25456.0;175.0;49669.0;0.0;31356.0;309.0
53859112000169;CPFL JAGUARI;2018-10;91.4849;0.8003;0.0;87.9925;2.0907;0.0;1;1;1;41344.0;0.0;27517.0;342.0;62382.0;0.0;40134.0;1070.0
53859112000169;CPFL JAGUARI;2018-11;96.1391;0.2092;0.0;92.2539;1.086;0.0;1;1;1;41996.0;0.0;28147.0;136.0;54518.0;0.0;36342.0;541.0
53859112000169;CPFL JAGUARI;2018-12;96.2739;0.4345;0.0173;86.605;6.1275;11.6947;1;1;1;40355.0;7.0;27042.0;196.0;62772.0;7341.0;34914.0;2544.0
53859112000169;CPFL JAGUARI;2019-01;91.7812;1.1808;0.0;89.3184;1.9966;0.3191;1;1;1;45932.0;0.0;31634.0;507.0;61107.0;195.0;41526.0;1070.0
53859112000169;CPFL JAGUARI;2019-02;90.0456;1.8329;0.0;83.4676;4.271;13.057;1;1;1;38734.0;0.0;25601.0;574.0;69227.0;9039.0;38014.0;1948.0
53859112000169;CPFL JAGUARI;2019-03;96.4204;0.3158;0.0;94.501;0.8613;0.0188;1;1;1;44181.0;0.0;28405.0;249.0;47970.0;9.0;30847.0;465.0
53859112000169;CPFL JAGUARI;2019-04;99.2889;0.0711;0.0;99.2356;0.0751;0.0;1;1;1;41414.0;0.0;28104.0;72.0;43220.0;0.0;29283.0;77.0
53859112000169;CPFL JAGUARI;2019-05;99.7961;0.0408;0.0;99.7921;0.0396;0.0;1;1;1;41928.0;0.0;29419.0;51.0;43238.0;0.0;30287.0;54.0
53859112000169;CPFL JAGUARI;2019-06;99.463;0.0305;0.0;99.4726;0.0291;0.0;1;1;1;38926.0;0.0;26249.0;155.0;40784.0;0.0;27487.0;158.0
53859112000169;CPFL JAGUARI;2019-07;99.7735;0.0167;0.0;99.7541;0.016;0.0;1;1;1;45015.0;0.0;30018.0;66.0;46838.0;0.0;31313.0;68.0
53859112000169;CPFL JAGUARI;2019-08;99.9319;0.0072;0.0;99.4783;0.0396;0.5643;1;1;1;42250.0;0.0;27917.0;60.0;47314.0;267.0;30275.0;80.0
53859112000169;CPFL JAGUARI;2019-09;98.1687;0.0893;0.0;94.4633;0.8369;7.7485;1;1;1;46131.0;0.0;29079.0;161.0;59134.0;4582.0;33886.0;488.0
53859112000169;CPFL JAGUARI;2019-10;92.0635;0.3369;0.0;90.7624;0.568;0.1615;1;1;1;51428.0;0.0;30176.0;297.0;58190.0;94.0;33960.0;444.0
53859112000169;CPFL JAGUARI;2019-11;91.5749;0.6743;0.0;87.1279;1.7876;1.05;1;1;1;48186.0;0.0;27693.0;421.0;65622.0;689.0;37249.0;1039.0
53859112000169;CPFL JAGUARI;2019-12;92.0035;0.5738;0.0;92.0383;0.5791;0.0;1;1;1;48832.0;0.0;27553.0;352.0;51685.0;0.0;29358.0;369.0
53859112000169;CPFL JAGUARI;2020-01;90.0813;0.9849;0.009;89.9759;1.1736;0.2014;1;1;1;55555.0;5.0;29958.0;503.0;60585.0;122.0;32840.0;613.0
53859112000169;CPFL JAGUARI;2020-02;89.2836;0.9442;0.2092;89.3254;0.9417;0.2057;1;1;1;48767.0;102.0;26436.0;445.0;49597.0;102.0;26930.0;452.0
53859112000169;CPFL JAGUARI;2020-03;93.1879;0.5839;0.8885;93.3876;0.5686;1.4251;1;1;1;52333.0;465.0;29626.0;318.0;54944.0;783.0;31127.0;391.0
53859112000169;CPFL JAGUARI;2020-04;93.5755;0.3781;0.1569;92.9869;0.4095;0.3263;1;1;1;50975.0;80.0;28718.0;183.0;56995.0;186.0;32349.0;223.0
53859112000169;CPFL JAGUARI;2020-05;92.9779;0.6708;1.8653;92.9088;0.7769;2.808;1;1;1;54147.0;1010.0;28135.0;303.0;60435.0;1697.0;31161.0;369.0
53859112000169;CPFL JAGUARI;2020-06;87.1385;2.1209;7.3785;85.9274;3.7644;10.2421;1;1;0;60988.0;4500.0;28059.0;984.0;77269.0;7914.0;34384.0;2714.0
53859112000169;CPFL JAGUARI;2020-07;87.2419;1.4303;1.4357;87.4992;1.3987;1.9443;1;1;1;55932.0;803.0;29359.0;573.0;58016.0;1128.0;30383.0;581.0
53859112000169;CPFL JAGUARI;2020-08;92.9022;0.9034;0.0233;92.338;1.3311;21.9977;1;1;1;47206.0;11.0;28300.0;353.0;80254.0;17654.0;37062.0;648.0
53859112000169;CPFL JAGUARI;2020-09;93.0141;1.0725;0.0;91.4617;1.5316;0.0;1;1;1;50683.0;0.0;29979.0;469.0;61892.0;0.0;37031.0;788.0
53859112000169;CPFL JAGUARI;2020-10;91.4171;1.5536;0.1895;89.9547;2.6965;0.7378;1;1;1;53831.0;102.0;29719.0;611.0;71970.0;531.0;40199.0;1365.0
53859112000169;CPFL JAGUARI;2020-11;87.9276;2.3187;0.0187;82.7326;5.5413;6.2189;1;1;1;53594.0;10.0;27130.0;792.0;71524.0;4448.0;33019.0;2209.0
53859112000169;CPFL JAGUARI;2020-12;90.0369;2.0633;0.0;86.285;4.2298;1.3367;1;1;1;56544.0;0.0;31043.0;864.0;74285.0;993.0;39600.0;2073.0
53859112000169;CPFL JAGUARI;2021-01;92.2856;1.4192;0.0068;91.3439;1.6173;2.9321;1;1;1;58581.0;4.0;31257.0;564.0;73667.0;2160.0;38689.0;803.0
53859112000169;CPFL JAGUARI;2021-02;93.2585;0.4998;0.0093;92.9807;0.4968;0.0991;1;1;1;54039.0;5.0;31452.0;237.0;58556.0;58.0;34447.0;259.0
53859112000169;CPFL JAGUARI;2021-03;93.9972;0.7638;0.0259;93.6292;0.9111;0.5235;1;1;1;69526.0;18.0;35857.0;366.0;81943.0;429.0;42741.0;510.0
53859112000169;CPFL JAGUARI;2021-04;95.7779;0.557;0.0145;95.5978;0.5733;0.0438;1;1;1;75873.0;11.0;28028.0;211.0;79858.0;35.0;29655.0;229.0
53859112000169;CPFL JAGUARI;2021-05;91.4174;1.4786;0.1067;89.4857;2.8476;0.4625;1;1;1;55298.0;59.0;31717.0;542.0;61184.0;283.0;34493.0;1101.0
53859112000169;CPFL JAGUARI;2021-06;89.9642;2.1008;0.0304;89.7818;2.2253;0.0298;1;1;1;59171.0;18.0;30943.0;759.0;60305.0;18.0;31548.0;816.0
53859112000169;CPFL JAGUARI;2021-07;94.7771;1.1919;0.0182;94.6259;1.265;0.054;1;1;1;60337.0;11.0;31669.0;434.0;61137.0;33.0;32078.0;463.0
53859112000169;CPFL JAGUARI;2021-08;89.0494;1.8408;0.0;88.7178;1.9051;2.796;1;1;1;59844.0;0.0;30235.0;649.0;65021.0;1818.0;31718.0;706.0
53859112000169;CPFL JAGUARI;2021-09;89.6391;2.0449;0.0017;88.5855;2.4585;0.0363;1;1;1;57857.0;1.0;28741.0;674.0;63348.0;23.0;31225.0;879.0
53859112000169;CPFL JAGUARI;2021-10;91.06;1.8991;0.0947;83.8977;6.3837;0.8328;1;1;1;54934.0;52.0;29496.0;663.0;70726.0;589.0;36325.0;2650.0
53859112000169;CPFL JAGUARI;2021-11;91.7648;1.4403;0.0794;90.679;1.7366;0.0774;1;1;1;52883.0;42.0;28125.0;491.0;55581.0;43.0;29423.0;612.0
53859112000169;CPFL JAGUARI;2021-12;94.3782;1.2872;0.0148;93.0682;1.9463;0.4654;1;1;1;54046.0;8.0;29218.0;448.0;56946.0;265.0;30328.0;679.0
53859112000169;CPFL JAGUARI;2022-01;92.6005;1.7586;0.0017;91.8257;1.95;0.0015;1;1;1;60162.0;1.0;32289.0;666.0;64539.0;1.0;34845.0;787.0
53859112000169;CPFL JAGUARI;2022-02;92.2562;1.1577;0.0;91.7636;1.3497;0.0;1;1;1;49800.0;0.0;27749.0;392.0;51213.0;0.0;28506.0;462.0
53859112000169;CPFL JAGUARI;2022-03;90.3797;2.2615;0.0;89.6016;2.6965;0.0206;1;1;1;56392.0;0.0;30296.0;784.0;58310.0;12.0;31142.0;955.0
53859112000169;CPFL JAGUARI;2022-04;90.554;2.3699;0.0;88.5935;3.576;0.1794;1;1;1;46662.0;0.0;26242.0;727.0;50730.0;91.0;27854.0;1157.0
53859112000169;CPFL JAGUARI;2022-05;88.647;1.8012;0.0181;88.3187;1.9741;0.0178;1;1;1;49691.0;9.0;29495.0;653.0;50551.0;9.0;29992.0;720.0
53859112000169;CPFL JAGUARI;2022-06;90.3937;1.9085;0.1344;90.4337;1.9028;0.1336;1;1;1;46888.0;63.0;26059.0;590.0;47143.0;63.0;26190.0;591.0
53859112000169;CPFL JAGUARI;2022-07;91.1986;1.337;0.0023;90.5743;1.8295;0.0069;1;1;1;43377.0;1.0;24942.0;406.0;43793.0;3.0;25059.0;541.0
53859112000169;CPFL JAGUARI;2022-08;89.9508;1.6082;0.0;89.9097;1.6153;0.0;1;1;1;45497.0;0.0;26798.0;528.0;45743.0;0.0;26921.0;534.0
53859112000169;CPFL JAGUARI;2022-09;93.2799;0.773;0.0074;93.2851;0.7778;0.0074;1;1;1;40450.0;3.0;23876.0;259.0;40584.0;3.0;23982.0;261.0
53859112000169;CPFL JAGUARI;2022-10;95.8246;0.4516;0.0045;88.5708;5.2104;0.4765;1;1;1;44562.0;2.0;24247.0;167.0;54985.0;262.0;28016.0;1697.0
53859112000169;CPFL JAGUARI;2022-11;96.7375;0.4267;0.0048;96.3021;0.4804;0.0046;1;1;1;41865.0;2.0;23104.0;127.0;43730.0;2.0;24033.0;152.0
53859112000169;CPFL JAGUARI;2022-12;94.6045;0.7115;0.1859;93.1321;1.2781;2.3846;1;1;1;45177.0;84.0;25119.0;220.0;48688.0;1161.0;26262.0;395.0
53859112000169;CPFL JAGUARI;2023-01;93.6183;0.6539;0.002;92.4346;1.2557;0.0242;1;1;1;49669.0;1.0;26589.0;226.0;53768.0;13.0;28545.0;427.0
53859112000169;CPFL JAGUARI;2023-02;88.5603;1.0746;0.0128;87.5054;1.7358;0.0121;1;1;1;46783.0;6.0;23383.0;338.0;49740.0;6.0;24852.0;540.0
53859112000169;CPFL JAGUARI;2023-03;87.8539;1.7352;0.0147;87.6151;2.0023;0.0139;1;1;1;54394.0;8.0;25994.0;545.0;57360.0;8.0;27457.0;656.0
53859112000169;CPFL JAGUARI;2023-04;91.5382;1.1634;0.0;90.8183;1.1972;0.0;1;1;1;42498.0;0.0;21153.0;307.0;43874.0;0.0;21952.0;350.0
53859112000169;CPFL JAGUARI;2023-05;96.0704;0.8802;0.0;95.9827;0.9325;0.0;1;1;1;40115.0;0.0;22298.0;240.0;40323.0;0.0;22416.0;254.0
53859112000169;CPFL JAGUARI;2023-06;92.791;1.1187;0.0247;92.7507;1.1201;0.0246;1;1;1;36481.0;9.0;20506.0;276.0;36568.0;9.0;20569.0;277.0
53859112000169;CPFL JAGUARI;2023-07;88.4462;0.5775;0.0161;88.0513;0.6256;0.0159;1;1;1;43413.0;7.0;22210.0;197.0;44036.0;7.0;22555.0;215.0
53859112000169;CPFL JAGUARI;2023-08;91.0348;0.6532;1.3965;88.3019;1.898;5.8203;1;1;1;59934.0;837.0;26008.0;244.0;67986.0;3957.0;28169.0;642.0
53859112000169;CPFL JAGUARI;2023-09;89.3655;0.9904;0.0067;87.1307;2.1084;0.0216;1;1;1;44585.0;3.0;23592.0;317.0;50926.0;11.0;26372.0;677.0
53859112000169;CPFL JAGUARI;2023-10;90.0863;1.2398;0.0073;69.1529;13.8033;19.8015;1;1;1;41059.0;3.0;21747.0;331.0;103957.0;20585.0;37905.0;6515.0
53859112000169;CPFL JAGUARI;2023-11;86.8791;1.8153;0.0;59.9281;20.5169;65.6141;1;1;1;41118.0;0.0;22771.0;524.0;253636.0;166421.0;39581.0;10748.0
53859112000169;CPFL JAGUARI;2023-12;90.0378;1.2962;0.0024;81.6146;5.1302;0.6357;1;1;1;42079.0;1.0;23759.0;382.0;52228.0;332.0;27498.0;1646.0
53859112000169;CPFL JAGUARI;2024-01;87.0461;1.8471;0.0045;84.6408;3.2396;0.0258;1;1;1;44196.0;2.0;28164.0;623.0;50348.0;13.0;31600.0;1185.0
53859112000169;CPFL JAGUARI;2024-02;90.3752;0.8715;0.0;89.8751;0.9676;0.0024;1;1;1;39767.0;0.0;25707.0;279.0;41944.0;1.0;27123.0;325.0
53859112000169;CPFL JAGUARI;2024-03;88.8268;1.3897;0.0;87.6973;1.6733;0.0;1;1;1;44393.0;0.0;24694.0;432.0;48320.0;0.0;27030.0;562.0
53859112000169;CPFL JAGUARI;2024-04;87.584;0.8195;0.0;87.2925;0.8219;0.0;1;1;1;43576.0;0.0;24204.0;288.0;43853.0;0.0;24374.0;290.0
53859112000169;CPFL JAGUARI;2024-05;88.9149;0.5761;0.0;88.7141;0.5829;0.0;1;1;1;39886.0;0.0;22952.0;201.0;40308.0;0.0;23194.0;205.0
53859112000169;CPFL JAGUARI;2024-06;88.3233;1.1996;0.0;88.2303;1.2868;0.0;1;1;1;38288.0;0.0;21991.0;341.0;38348.0;0.0;22016.0;362.0
53859112000169;CPFL JAGUARI;2024-07;95.1542;0.129;0.0;95.1622;0.1288;0.0;1;1;1;38198.0;0.0;22444.0;67.0;38272.0;0.0;22481.0;67.0
53859112000169;CPFL JAGUARI;2024-08;92.6757;0.4028;0.9052;87.1155;3.9418;1.3196;1;1;1;37010.0;335.0;21757.0;121.0;41074.0;542.0;22858.0;1010.0
53859112000169;CPFL JAGUARI;2024-09;88.7856;0.6246;0.0272;82.3447;4.0695;21.8477;1;1;1;36751.0;10.0;21480.0;199.0;58862.0;12860.0;24516.0;1173.0
53859112000169;CPFL JAGUARI;2024-10;87.4008;1.0472;0.1752;80.8904;4.9713;0.7542;1;1;1;41672.0;73.0;23813.0;355.0;48795.0;368.0;25978.0;1544.0
53859112000169;CPFL JAGUARI;2024-11;88.6149;0.9727;0.0;87.6979;1.2916;8.6407;1;1;1;37224.0;0.0;21684.0;270.0;43839.0;3788.0;23004.0;372.0
53859112000169;CPFL JAGUARI;2024-12;89.6541;1.4354;0.0;86.6859;2.3204;0.0;1;1;1;40596.0;0.0;22798.0;410.0;44876.0;0.0;25047.0;698.0
53859112000169;CPFL JAGUARI;2025-01;88.352;1.0938;0.0;88.1712;1.2242;0.0;1;1;1;42749.0;0.0;24234.0;369.0;43793.0;0.0;24851.0;410.0
53859112000169;CPFL JAGUARI;2025-02;87.7271;0.76;0.0;87.3951;0.8738;0.0;1;1;1;36763.0;0.0;22067.0;274.0;38226.0;0.0;22916.0;315.0
53859112000169;CPFL JAGUARI;2025-03;87.9546;0.4868;0.0053;88.0812;0.4729;0.0051;1;1;1;38036.0;2.0;20852.0;167.0;39181.0;2.0;21469.0;169.0
53859112000169;CPFL JAGUARI;2025-04;89.7719;0.3896;0.0;89.7124;0.4188;0.0;1;1;1;34965.0;0.0;19429.0;136.0;35469.0;0.0;19737.0;145.0
53859112000169;CPFL JAGUARI;2025-05;90.1224;0.7629;0.0;90.0939;0.7909;0.0;1;1;1;35209.0;0.0;20033.0;232.0;35272.0;0.0;20070.0;238.0
53859112000169;CPFL JAGUARI;2025-06;90.6554;0.5826;0.0;90.7148;0.5722;0.0;1;1;1;36163.0;0.0;21161.0;183.0;36866.0;0.0;21545.0;183.0
53859112000169;CPFL JAGUARI;2025-07;90.9233;0.6235;0.0;90.8724;0.6121;0.0;1;1;1;37258.0;0.0;21678.0;219.0;38506.0;0.0;22409.0;223.0
53859112000169;CPFL JAGUARI;2025-08;94.2066;0.8238;0.0;94.1812;0.8536;0.0;1;1;1;31408.0;0.0;18300.0;200.0;31478.0;0.0;18351.0;207.0
53859112000169;CPFL JAGUARI;2025-09;89.1458;0.8338;0.0058;68.5597;13.0145;27.5581;1;1;1;34380.0;2.0;19387.0;221.0;72291.0;19922.0;25318.0;3996.0
53859112000169;CPFL JAGUARI;2025-10;91.5707;0.9112;0.0;89.5122;1.7043;0.0513;1;1;1;42187.0;0.0;24686.0;304.0;44852.0;23.0;25896.0;539.0
53859112000169;CPFL JAGUARI;2025-11;89.4978;1.1613;0.0;84.1367;3.0622;0.0;1;1;1;35466.0;0.0;21533.0;394.0;41642.0;0.0;24755.0;979.0
53859112000169;CPFL JAGUARI;2025-12;89.9322;1.1876;0.0;76.3619;7.9957;11.5132;1;1;1;31930.0;0.0;20552.0;378.0;59132.0;6808.0;31379.0;3087.0
53859112000169;CPFL JAGUARI;2026-01;87.5894;1.537;0.0;86.9934;1.6235;0.0;1;1;1;40165.0;0.0;24087.0;542.0;43127.0;0.0;25996.0;615.0
53859112000169;CPFL JAGUARI;2026-02;88.3983;1.3145;0.0;84.9277;3.5272;0.0485;1;1;1;32321.0;0.0;19445.0;398.0;35043.0;17.0;20623.0;927.0
53859112000169;CPFL JAGUARI;2026-03;88.2808;0.9259;0.0;88.2174;0.9626;0.0;1;1;1;37383.0;0.0;21507.0;320.0;37827.0;0.0;21812.0;334.0
53859112000169;CPFL JAGUARI;2026-04;89.1991;0.6351;0.0;87.0609;1.7272;0.1611;1;1;1;34690.0;0.0;21748.0;245.0;37859.0;61.0;23499.0;546.0
53859112000169;CPFL JAGUARI;2026-05;89.8693;0.4171;0.0109;89.6094;0.4705;0.0103;1;1;1;36749.0;4.0;23159.0;330.0;38908.0;4.0;24541.0;437.0
53859112000169;CPFL JAGUARI;2026-06;88.7483;0.5309;0.0;88.9018;0.5122;0.0;1;1;1;35528.0;0.0;22481.0;257.0;37613.0;0.0;23890.0;275.0
53859112000169;CPFL JAGUARI;2026-07;89.3187;1.8875;0.0;81.1882;5.1883;0.1219;1;1;1;30380.0;0.0;17829.0;540.0;53317.0;65.0;31742.0;2348.0
60444437000146;LIGHT SESA;2014-01;93.385;0.7878;1.7342;67.4573;13.7085;1.5066;1;1;1;410689.0;7122.0;433981.0;5022.0;542893.0;8179.0;555015.0;99731.0
60444437000146;LIGHT SESA;2014-02;87.0134;2.1344;0.6236;72.8101;10.7905;2.0141;1;1;1;378634.0;2361.0;372038.0;10583.0;478475.0;9637.0;417803.0;58615.0
60444437000146;LIGHT SESA;2014-03;85.5917;2.0151;2.0302;71.9129;11.3123;1.801;1;1;0;551288.0;11192.0;331087.0;9172.0;622116.0;11204.0;358207.0;55616.0
60444437000146;LIGHT SESA;2014-04;79.1948;3.8758;0.6801;69.5439;10.4664;0.8188;0;1;1;521093.0;3544.0;320554.0;16606.0;579989.0;4749.0;340403.0;48703.0
60444437000146;LIGHT SESA;2014-05;88.9649;1.3415;0.8632;88.3716;1.6919;0.8574;1;1;1;522114.0;4507.0;304770.0;5929.0;525639.0;4507.0;305744.0;7241.0
60444437000146;LIGHT SESA;2014-06;91.3666;1.7811;0.2682;89.5596;3.2294;0.2643;1;1;1;438153.0;1175.0;269547.0;6228.0;444601.0;1175.0;270947.0;11005.0
60444437000146;LIGHT SESA;2014-07;89.9656;1.2097;0.2907;88.5514;2.2528;0.287;1;1;1;424482.0;1234.0;292363.0;5294.0;430028.0;1234.0;293960.0;8998.0
60444437000146;LIGHT SESA;2014-08;89.1895;1.4655;0.243;78.1808;9.8547;0.2704;1;1;1;467990.0;1137.0;297523.0;6205.0;517376.0;1399.0;311224.0;40153.0
60444437000146;LIGHT SESA;2014-09;86.7804;1.9307;0.3131;76.8936;9.2203;0.4487;1;1;1;505305.0;1582.0;324729.0;8752.0;556677.0;2498.0;340168.0;41903.0
60444437000146;LIGHT SESA;2014-10;94.3361;1.4243;0.3109;86.0326;7.5052;0.2872;1;1;1;499128.0;1552.0;317331.0;5564.0;544583.0;1564.0;327143.0;31409.0
60444437000146;LIGHT SESA;2014-11;90.8146;2.9611;0.2929;85.6328;6.2676;0.2739;1;1;1;523029.0;1532.0;338368.0;12793.0;559319.0;1532.0;347824.0;28254.0
60444437000146;LIGHT SESA;2014-12;87.8775;3.4335;0.2501;84.4301;5.832;0.2405;1;1;1;1111343.0;2779.0;401084.0;17034.0;1155496.0;2779.0;411099.0;29300.0
60444437000146;LIGHT SESA;2015-01;72.3156;3.6807;0.6129;70.0127;5.1842;0.6329;0;1;1;1187505.0;7278.0;353855.0;19457.0;1549914.0;9809.0;481432.0;35600.0
60444437000146;LIGHT SESA;2015-02;87.2081;1.1081;0.4237;75.7575;10.1518;0.3489;1;1;1;831655.0;3524.0;352324.0;6961.0;1010238.0;3525.0;376941.0;49470.0
60444437000146;LIGHT SESA;2015-03;93.6217;0.3777;0.2617;92.5231;0.8802;0.2502;1;1;1;637488.0;1668.0;400689.0;3432.0;666686.0;1668.0;413824.0;6029.0
60444437000146;LIGHT SESA;2015-04;88.7057;0.8498;0.0699;87.5672;1.0936;0.0676;1;1;1;570425.0;399.0;319329.0;5026.0;653869.0;442.0;344035.0;6467.0
60444437000146;LIGHT SESA;2015-05;93.5051;0.2544;0.0087;93.0995;0.4395;0.0084;1;1;1;494686.0;43.0;313276.0;2401.0;511721.0;43.0;319651.0;3145.0
60444437000146;LIGHT SESA;2015-06;97.2362;0.2039;0.0207;97.1108;0.2527;0.0207;1;1;1;453231.0;94.0;315194.0;1718.0;455082.0;94.0;315822.0;1897.0
60444437000146;LIGHT SESA;2015-07;96.4707;0.3818;0.2817;93.9649;1.9438;0.256;1;1;1;427832.0;1205.0;293805.0;2128.0;470794.0;1205.0;319984.0;8281.0
60444437000146;LIGHT SESA;2015-08;96.8978;0.372;0.0088;96.6854;0.4279;0.0087;1;1;1;386291.0;34.0;287878.0;1933.0;389404.0;34.0;288988.0;2156.0
60444437000146;LIGHT SESA;2015-09;90.4807;1.1476;0.0118;88.1489;1.8611;0.0111;1;1;1;491062.0;58.0;316207.0;5671.0;521621.0;58.0;325146.0;8712.0
60444437000146;LIGHT SESA;2015-10;93.7293;0.6237;0.1201;92.2765;1.2527;0.1169;1;1;1;437971.0;526.0;311521.0;3417.0;449838.0;526.0;317357.0;5797.0
60444437000146;LIGHT SESA;2015-11;97.273;0.4604;0.0824;96.2165;0.7714;0.0799;1;1;1;487871.0;402.0;322568.0;2553.0;514102.0;411.0;332267.0;4149.0
60444437000146;LIGHT SESA;2015-12;96.9306;0.4362;0.0142;91.7027;2.8272;0.0112;1;1;1;492613.0;70.0;374754.0;2564.0;635131.0;71.0;431625.0;15121.0
60444437000146;LIGHT SESA;2016-01;95.9523;0.1274;0.5942;94.5431;0.3642;0.5727;1;1;1;547806.0;3255.0;366234.0;2366.0;668021.0;3826.0;434134.0;4334.0
60444437000146;LIGHT SESA;2016-02;83.2091;1.3061;0.0823;40.4513;26.7745;0.0411;0;1;1;409577.0;337.0;218755.0;5346.0;1781745.0;733.0;429001.0;175722.0
60444437000146;LIGHT SESA;2016-03;89.6846;0.7415;0.0821;87.3287;1.912;0.0814;1;1;1;721147.0;592.0;362369.0;5527.0;744540.0;606.0;370800.0;10588.0
60444437000146;LIGHT SESA;2016-04;85.743;0.9834;0.1313;85.163;1.4392;0.1355;1;1;1;671489.0;882.0;306710.0;6156.0;680648.0;922.0;310915.0;7891.0
60444437000146;LIGHT SESA;2016-05;85.3439;1.313;0.1699;85.2689;1.3742;0.1702;1;1;1;606767.0;1031.0;276000.0;6462.0;608080.0;1035.0;276453.0;6688.0
60444437000146;LIGHT SESA;2016-06;80.1789;3.8745;0.8045;80.3601;3.9541;0.8101;0;1;1;571566.0;4598.0;287672.0;14897.0;579172.0;4692.0;294370.0;15496.0
60444437000146;LIGHT SESA;2016-07;98.5508;0.0464;0.735;98.49;0.0729;0.734;1;1;1;394941.0;2903.0;293195.0;622.0;395512.0;2903.0;293434.0;721.0
60444437000146;LIGHT SESA;2016-08;86.1651;1.8433;0.5049;76.5484;7.1362;0.596;1;1;1;479874.0;2423.0;290697.0;7282.0;663291.0;3953.0;316099.0;27881.0
60444437000146;LIGHT SESA;2016-09;90.8852;0.8011;0.4223;88.7919;2.0523;0.4003;1;1;1;379589.0;1603.0;279123.0;3380.0;400470.0;1603.0;282436.0;7469.0
60444437000146;LIGHT SESA;2016-10;89.0845;1.5032;0.4874;88.4303;1.9183;0.4794;1;1;1;427760.0;2085.0;296767.0;6165.0;434931.0;2085.0;298448.0;7618.0
60444437000146;LIGHT SESA;2016-11;89.3631;0.9878;0.6031;82.1179;4.3889;0.5817;1;1;1;500060.0;3016.0;328978.0;5031.0;591535.0;3441.0;355287.0;20247.0
60444437000146;LIGHT SESA;2016-12;93.0718;0.7245;0.2817;74.7712;10.6654;0.1831;1;1;1;482078.0;1358.0;342281.0;3739.0;745693.0;1365.0;409567.0;54862.0
60444437000146;LIGHT SESA;2017-01;96.321;0.5104;0.1132;80.7198;6.0928;0.1446;1;1;1;365657.0;414.0;260041.0;1855.0;925550.0;1338.0;519627.0;39673.0
60444437000146;LIGHT SESA;2017-02;98.802;0.1216;0.8629;97.0975;0.3469;0.7922;1;1;1;487422.0;4206.0;315306.0;657.0;547191.0;4335.0;350717.0;1878.0
60444437000146;LIGHT SESA;2017-03;89.1858;0.3292;0.8659;81.2217;2.5666;0.7065;1;1;1;559298.0;4843.0;349384.0;3016.0;689773.0;4873.0;404940.0;15334.0
60444437000146;LIGHT SESA;2017-04;89.4188;0.3447;0.1145;89.2856;0.3712;0.1136;1;1;1;490659.0;562.0;302105.0;3140.0;494893.0;562.0;304073.0;3276.0
60444437000146;LIGHT SESA;2017-05;88.3665;0.2934;0.1487;88.3665;0.2934;0.1487;1;1;1;463940.0;690.0;303777.0;2593.0;463940.0;690.0;303777.0;2593.0
60444437000146;LIGHT SESA;2017-06;94.8983;0.1976;0.0252;94.8983;0.1976;0.0252;1;1;1;451652.0;114.0;272683.0;1236.0;451652.0;114.0;272683.0;1236.0
60444437000146;LIGHT SESA;2017-07;96.891;0.1464;0.0357;96.8291;0.1801;0.0356;1;1;1;442932.0;158.0;268760.0;1048.0;443238.0;158.0;268842.0;1150.0
60444437000146;LIGHT SESA;2017-08;90.0417;0.4498;0.0131;87.8637;1.436;0.0127;1;1;1;572094.0;75.0;313166.0;2768.0;600441.0;76.0;320342.0;6413.0
60444437000146;LIGHT SESA;2017-09;90.7631;0.2653;0.0546;86.2587;2.31;0.0518;1;1;1;426946.0;233.0;271405.0;2177.0;450228.0;233.0;281142.0;9087.0
60444437000146;LIGHT SESA;2017-10;83.8063;1.6091;0.0455;71.2238;11.0809;0.047;0;1;1;856415.0;390.0;281453.0;6517.0;994390.0;467.0;321495.0;56784.0
60444437000146;LIGHT SESA;2017-11;78.76;1.5028;0.0738;64.8531;9.1063;0.0816;0;1;1;589270.0;435.0;312241.0;7354.0;702443.0;573.0;355947.0;40837.0
60444437000146;LIGHT SESA;2017-12;89.2086;0.5531;0.1486;82.5702;2.9002;0.09;1;1;1;617805.0;918.0;373831.0;4430.0;1053176.0;948.0;417628.0;16479.0
60444437000146;LIGHT SESA;2018-01;86.3919;0.5509;0.0519;81.2833;1.9468;0.0402;1;1;1;550881.0;286.0;299507.0;3985.0;1113249.0;447.0;566305.0;17682.0
60444437000146;LIGHT SESA;2018-02;89.5925;0.6926;0.0197;39.2856;24.458;0.1729;1;1;1;345197.0;68.0;207461.0;2403.0;1608372.0;2781.0;422394.0;155189.0
60444437000146;LIGHT SESA;2018-03;87.2798;0.4555;0.0738;66.7148;9.6268;0.127;1;1;1;566027.0;418.0;352930.0;3717.0;763919.0;970.0;437962.0;53737.0
60444437000146;LIGHT SESA;2018-04;86.3786;1.2017;0.0342;71.9132;8.6028;0.0365;1;1;1;658786.0;225.0;274844.0;5379.0;742495.0;271.0;308642.0;33330.0
60444437000146;LIGHT SESA;2018-05;89.2303;0.3765;0.0273;75.6863;5.9534;0.0326;1;1;1;494424.0;135.0;328405.0;3246.0;610587.0;199.0;370726.0;28175.0
60444437000146;LIGHT SESA;2018-06;88.5591;0.2801;0.0413;87.6748;0.45;0.0406;1;1;1;539858.0;223.0;338594.0;3155.0;549778.0;223.0;342421.0;3913.0
60444437000146;LIGHT SESA;2018-07;90.304;0.2016;0.101;90.3275;0.2018;0.1009;1;1;1;655421.0;662.0;353022.0;3072.0;657961.0;664.0;355014.0;3086.0
60444437000146;LIGHT SESA;2018-08;86.4396;0.4113;0.0388;86.3959;0.4261;0.0386;1;1;1;787687.0;306.0;373100.0;4497.0;792288.0;306.0;375324.0;4610.0
60444437000146;LIGHT SESA;2018-09;87.2862;0.3938;0.1922;86.9985;0.5902;0.1909;1;1;1;708069.0;1361.0;331579.0;4145.0;722991.0;1380.0;338543.0;4971.0
60444437000146;LIGHT SESA;2018-10;79.2648;1.2033;0.7132;58.7029;13.0768;1.2975;0;1;1;762248.0;5436.0;308557.0;7108.0;1017982.0;13208.0;374093.0;68878.0
60444437000146;LIGHT SESA;2018-11;86.2495;0.6338;0.3714;84.4134;1.6028;0.3619;1;1;1;720777.0;2677.0;370446.0;6139.0;758669.0;2746.0;382640.0;10451.0
60444437000146;LIGHT SESA;2018-12;90.6052;0.4901;0.3087;87.777;1.5545;0.291;1;1;1;611934.0;1889.0;354929.0;4334.0;730916.0;2127.0;413862.0;10253.0
60444437000146;LIGHT SESA;2019-01;87.7212;0.4807;0.4432;74.9819;6.5717;0.3339;1;1;1;947752.0;4200.0;425464.0;6097.0;1426253.0;4762.0;557400.0;48968.0
60444437000146;LIGHT SESA;2019-02;86.1593;0.3735;0.4663;71.0327;4.6968;0.3712;1;1;1;621271.0;2897.0;355860.0;4274.0;1112851.0;4131.0;547007.0;36530.0
60444437000146;LIGHT SESA;2019-03;89.158;0.1404;0.3186;85.9983;1.2395;0.3044;1;1;1;717761.0;2287.0;403943.0;3518.0;902377.0;2747.0;486986.0;10547.0
60444437000146;LIGHT SESA;2019-04;86.3972;0.4609;0.4465;74.8459;5.9259;0.348;1;1;1;688929.0;3076.0;383806.0;4795.0;1257296.0;4376.0;449867.0;34387.0
60444437000146;LIGHT SESA;2019-05;87.6406;0.2531;0.6174;87.5688;0.3044;0.6108;1;1;1;726219.0;4484.0;415058.0;4324.0;738927.0;4513.0;422147.0;4634.0
60444437000146;LIGHT SESA;2019-06;88.6462;0.5376;0.7911;87.1652;1.0676;0.7789;1;1;1;573002.0;4533.0;323570.0;4271.0;591623.0;4608.0;327689.0;6406.0
60444437000146;LIGHT SESA;2019-07;87.9904;0.1703;0.753;87.9904;0.1703;0.753;1;1;1;566298.0;4264.0;338793.0;2857.0;566298.0;4264.0;338793.0;2857.0
60444437000146;LIGHT SESA;2019-08;92.4387;0.4085;0.7435;87.6862;2.3726;0.7064;1;1;1;551462.0;4100.0;347695.0;3544.0;607757.0;4293.0;361070.0;11669.0
60444437000146;LIGHT SESA;2019-09;88.3153;0.5612;0.904;87.7331;1.0473;0.8876;1;1;1;551654.0;4987.0;334536.0;4688.0;562330.0;4991.0;335694.0;6696.0
60444437000146;LIGHT SESA;2019-10;88.7571;0.5965;0.6601;88.1813;0.7855;0.6486;1;1;1;560715.0;3701.0;346947.0;4782.0;571062.0;3704.0;351151.0;5703.0
60444437000146;LIGHT SESA;2019-11;89.6004;0.2207;0.9265;89.6446;0.2216;0.9248;1;1;1;545259.0;5052.0;326348.0;2370.0;548770.0;5075.0;330040.0;2669.0
60444437000146;LIGHT SESA;2019-12;91.5632;0.4505;0.5283;90.4812;0.9428;0.5142;1;1;1;565183.0;2986.0;335234.0;3145.0;584203.0;3004.0;342822.0;5143.0
60444437000146;LIGHT SESA;2020-01;97.0847;0.1272;0.6138;95.1463;0.3312;0.576;1;1;1;616486.0;3784.0;392500.0;1362.0;667766.0;3846.0;415558.0;2748.0
60444437000146;LIGHT SESA;2020-02;95.6179;0.4518;0.0003;90.7121;2.3129;0.0003;1;1;1;631734.0;2.0;350550.0;2724.0;695519.0;2.0;384001.0;12845.0
60444437000146;LIGHT SESA;2020-03;91.9836;0.427;0.0;91.8818;0.4512;0.0;1;1;1;654991.0;0.0;342577.0;2576.0;659380.0;0.0;344427.0;2705.0
60444437000146;LIGHT SESA;2020-04;88.5561;0.3464;0.0;88.5436;0.3471;0.0;1;1;1;591992.0;0.0;257774.0;2223.0;592149.0;0.0;257848.0;2228.0
60444437000146;LIGHT SESA;2020-05;85.5588;0.7029;0.0005;83.7766;1.7477;0.0008;1;1;1;611293.0;3.0;324614.0;4939.0;644044.0;5.0;332311.0;8971.0
60444437000146;LIGHT SESA;2020-06;84.9834;1.1316;0.0026;83.5925;2.2686;0.2299;0;1;1;619825.0;16.0;345650.0;7715.0;673230.0;1548.0;355676.0;12662.0
60444437000146;LIGHT SESA;2020-07;86.4596;0.967;0.0007;86.4618;0.9695;0.0007;1;1;1;748301.0;5.0;356098.0;5941.0;748897.0;5.0;356491.0;5957.0
60444437000146;LIGHT SESA;2020-08;89.0435;0.5469;0.0;89.0435;0.5469;0.0;1;1;1;0.0;0.0;380439.0;4760.0;0.0;0.0;380439.0;4760.0
60444437000146;LIGHT SESA;2020-09;85.0024;0.7637;0.0;82.7879;2.1503;0.0;1;1;1;0.0;8.0;414370.0;5783.0;0.0;8.0;457637.0;13305.0
60444437000146;LIGHT SESA;2020-10;85.688;0.4593;0.0;80.8959;3.6866;0.0;1;1;1;0.0;5.0;376213.0;3944.0;0.0;5.0;405645.0;18848.0
60444437000146;LIGHT SESA;2020-11;85.5823;0.5097;0.0;85.537;0.5173;0.0;1;1;1;0.0;4.0;370672.0;4209.0;0.0;4.0;373829.0;4292.0
60444437000146;LIGHT SESA;2020-12;88.5722;0.702;0.0;88.1339;0.7426;0.0;1;1;1;0.0;5.0;432390.0;5171.0;0.0;5.0;450144.0;5671.0
60444437000146;LIGHT SESA;2021-01;90.9265;0.7029;0.0;86.4797;1.0672;0.0;1;1;1;0.0;1.0;388793.0;4241.0;0.0;4.0;495859.0;7944.0
60444437000146;LIGHT SESA;2021-02;88.9698;0.6756;0.0002;77.0312;2.8726;0.0004;1;1;1;468972.0;1.0;305639.0;3528.0;808090.0;3.0;479375.0;18298.0
60444437000146;LIGHT SESA;2021-03;82.2405;0.6747;0.0;75.9259;3.627;0.0;0;1;1;0.0;5.0;437548.0;5554.0;0.0;5.0;485021.0;22369.0
60444437000146;LIGHT SESA;2021-04;85.6161;0.5397;0.0;85.8067;0.5333;0.0;1;1;1;0.0;0.0;350699.0;4044.0;0.0;0.0;356406.0;4070.0
60444437000146;LIGHT SESA;2021-05;85.5496;0.5453;0.0;83.9654;2.4504;0.0;1;1;1;0.0;2.0;340856.0;3675.0;0.0;2.0;361031.0;11407.0
60444437000146;LIGHT SESA;2021-06;85.1711;1.0315;0.0;85.212;1.0278;0.0;1;1;1;0.0;0.0;330045.0;5742.0;0.0;0.0;331545.0;5747.0
60444437000146;LIGHT SESA;2021-07;85.2983;1.1926;0.0;80.9801;3.5109;0.0;1;1;1;0.0;0.0;371506.0;6958.0;0.0;0.0;389921.0;20152.0
60444437000146;LIGHT SESA;2021-08;85.1616;0.6481;0.0;85.2075;0.6725;0.0;1;1;1;0.0;0.0;384489.0;5027.0;0.0;0.0;388131.0;5168.0
60444437000146;LIGHT SESA;2021-09;85.5232;0.4711;0.0;72.3823;10.4558;0.0;1;1;1;0.0;0.0;339696.0;3595.0;0.0;0.0;365573.0;48240.0
60444437000146;LIGHT SESA;2021-10;80.1555;1.8972;0.0;70.5734;6.8874;0.0;0;1;1;0.0;0.0;349665.0;9626.0;0.0;0.0;450071.0;41841.0
60444437000146;LIGHT SESA;2021-11;85.1707;2.8124;0.0;77.7119;5.7899;0.0;1;1;1;0.0;0.0;353411.0;12546.0;0.0;0.0;393688.0;28513.0
60444437000146;LIGHT SESA;2021-12;95.9141;0.9024;0.0;74.8022;9.7223;0.0;1;1;1;0.0;0.0;337782.0;4302.0;0.0;0.0;483863.0;68728.0
60444437000146;LIGHT SESA;2022-01;80.5606;3.4872;0.0;74.5029;8.0325;0.0;0;1;1;0.0;0.0;449658.0;19648.0;0.0;0.0;488732.0;48405.0
60444437000146;LIGHT SESA;2022-02;81.2748;3.9705;0.0;77.7742;6.0494;0.0;0;1;1;0.0;0.0;410017.0;21021.0;0.0;0.0;429765.0;33268.0
60444437000146;LIGHT SESA;2022-03;49.9965;10.8514;0.0;45.4395;16.7838;0.0;0;0;1;0.0;0.0;409611.0;56932.0;0.0;0.0;475440.0;107818.0
60444437000146;LIGHT SESA;2022-04;58.7636;8.8429;0.0;55.7871;11.9128;0.0;0;0;1;0.0;0.0;389797.0;41999.0;0.0;0.0;418067.0;62158.0
60444437000146;LIGHT SESA;2022-05;90.9709;0.7955;0.0;90.4322;0.9526;0.0;1;1;1;0.0;0.0;449346.0;4969.0;0.0;0.0;454811.0;5824.0
60444437000146;LIGHT SESA;2022-06;90.832;0.5212;0.0;90.4306;0.5889;0.0;1;1;1;0.0;0.0;404253.0;3522.0;0.0;0.0;408316.0;4186.0
60444437000146;LIGHT SESA;2022-07;88.8762;1.0081;0.0;88.3442;1.0688;0.0;1;1;1;0.0;0.0;375204.0;5517.0;0.0;0.0;388595.0;6249.0
60444437000146;LIGHT SESA;2022-08;87.8728;1.1152;0.0;87.289;1.1845;0.0;1;1;1;0.0;0.0;426078.0;7441.0;0.0;0.0;439645.0;8414.0
60444437000146;LIGHT SESA;2022-09;87.073;1.0617;0.0;86.6827;1.1547;0.0;1;1;1;0.0;0.0;410319.0;6028.0;0.0;0.0;415265.0;6556.0
60444437000146;LIGHT SESA;2022-10;95.3662;0.3456;0.0;91.8534;1.0896;0.0;1;1;1;0.0;0.0;328998.0;1645.0;0.0;0.0;353299.0;4806.0
60444437000146;LIGHT SESA;2022-11;93.8682;0.2991;0.0;93.2727;0.4504;0.0;1;1;1;0.0;0.0;350658.0;1963.0;0.0;0.0;361584.0;2700.0
60444437000146;LIGHT SESA;2022-12;93.1534;0.7164;0.0;91.9262;0.9662;0.0;1;1;1;0.0;0.0;332466.0;3304.0;0.0;0.0;344601.0;4491.0
60444437000146;LIGHT SESA;2023-01;86.1799;1.2572;0.0;77.9116;5.8581;0.0;1;1;1;0.0;0.0;376607.0;6912.0;0.0;0.0;458276.0;33047.0
60444437000146;LIGHT SESA;2023-02;85.1634;1.4288;0.0;73.7182;9.171;0.0;1;1;1;0.0;0.0;365090.0;7574.0;0.0;0.0;433803.0;50209.0
60444437000146;LIGHT SESA;2023-03;89.3719;1.223;0.0;85.025;3.5691;0.0;1;1;1;0.0;0.0;386804.0;6523.0;0.0;0.0;407954.0;17737.0
60444437000146;LIGHT SESA;2023-04;85.794;1.846;0.0;83.9189;2.4848;0.0;1;1;1;0.0;0.0;328974.0;7788.0;0.0;0.0;338873.0;10530.0
60444437000146;LIGHT SESA;2023-05;90.9256;0.4849;0.0;90.8828;0.499;0.0;1;1;1;0.0;0.0;318952.0;2894.0;0.0;0.0;319670.0;2974.0
60444437000146;LIGHT SESA;2023-06;88.8004;1.0865;0.0;87.1147;2.3352;0.0;1;1;1;0.0;0.0;272835.0;4397.0;0.0;0.0;275865.0;8373.0
60444437000146;LIGHT SESA;2023-07;87.6267;1.697;0.0;87.0605;1.9281;0.0;1;1;1;0.0;0.0;269136.0;6275.0;0.0;0.0;273241.0;7071.0
60444437000146;LIGHT SESA;2023-08;87.4213;1.6027;0.0;79.6438;8.4664;0.0;1;1;1;0.0;0.0;291318.0;6370.0;0.0;0.0;301996.0;31082.0
60444437000146;LIGHT SESA;2023-09;87.654;1.9771;0.0;86.7582;2.6495;0.0;1;1;1;0.0;0.0;280666.0;7222.0;0.0;0.0;282513.0;9343.0
60444437000146;LIGHT SESA;2023-10;85.5969;2.3778;0.0;83.0399;3.8626;0.0;1;1;1;0.0;0.0;348240.0;10295.0;0.0;0.0;357265.0;16500.0
60444437000146;LIGHT SESA;2023-11;82.0062;2.2391;0.0;69.2616;12.7194;0.0;0;1;1;0.0;0.0;361943.0;10043.0;0.0;0.0;396878.0;61702.0
60444437000146;LIGHT SESA;2023-12;94.2932;1.2271;0.0;91.9457;2.3825;0.0;1;1;1;0.0;0.0;355781.0;5266.0;0.0;0.0;365648.0;10013.0
60444437000146;LIGHT SESA;2024-01;90.5956;1.1908;0.0;74.4332;6.9385;0.0;1;1;1;0.0;0.0;336300.0;5080.0;0.0;0.0;499826.0;41100.0
60444437000146;LIGHT SESA;2024-02;92.5034;1.2838;0.0;88.2221;2.4812;0.0;1;1;1;0.0;0.0;355789.0;5590.0;0.0;0.0;398142.0;11872.0
60444437000146;LIGHT SESA;2024-03;86.47;2.0382;0.0;82.8902;3.3521;0.0;1;1;1;0.0;0.0;371479.0;9017.0;0.0;0.0;407022.0;16000.0
60444437000146;LIGHT SESA;2024-04;89.4763;0.6583;0.0;89.075;0.7536;0.0;1;1;1;0.0;0.0;330206.0;2931.0;0.0;0.0;338845.0;3374.0
60444437000146;LIGHT SESA;2024-05;86.1987;1.2639;0.0;84.5669;1.8269;0.0;1;1;1;0.0;0.0;356927.0;5853.0;0.0;0.0;369758.0;9080.0
60444437000146;LIGHT SESA;2024-06;91.7566;0.665;0.0;91.7566;0.665;0.0;1;1;1;266541.0;0.0;264262.0;2279.0;266541.0;0.0;264262.0;2279.0
60444437000146;LIGHT SESA;2024-07;94.8004;0.478;0.0;94.8004;0.478;0.0;1;1;1;365054.0;0.0;235041.0;1491.0;365054.0;0.0;235041.0;1491.0
60444437000146;LIGHT SESA;2024-08;92.4322;2.0603;0.0;92.317;2.1491;0.0;1;1;1;360038.0;0.0;215388.0;4939.0;360846.0;0.0;215494.0;5155.0
60444437000146;LIGHT SESA;2024-09;91.8718;1.1079;0.0;91.0977;1.5871;0.0;1;1;1;341382.0;0.0;202256.0;2682.0;350499.0;0.0;203762.0;3742.0
60444437000146;LIGHT SESA;2024-10;88.9988;2.6797;0.0;80.4487;9.5684;0.0;1;1;1;420844.0;0.0;227962.0;6940.0;514606.0;0.0;236013.0;26564.0
60444437000146;LIGHT SESA;2024-11;93.7998;1.1947;0.0;93.7998;1.1947;0.0;1;1;1;336473.0;0.0;191709.0;2619.0;336473.0;0.0;191709.0;2619.0
60444437000146;LIGHT SESA;2024-12;91.7328;1.8808;0.0;84.9669;6.8581;0.0;1;1;1;410095.0;0.0;203924.0;4440.0;464621.0;0.0;211760.0;16531.0
60444437000146;LIGHT SESA;2025-01;91.5733;1.325;0.0;83.3495;7.3705;0.0;1;1;1;501441.0;0.0;226174.0;3587.0;580609.0;0.0;238331.0;20110.0
60444437000146;LIGHT SESA;2025-02;87.1652;1.1871;0.0;80.0737;6.2345;0.0;1;1;1;460741.0;0.0;235823.0;3510.0;526386.0;0.0;248141.0;17703.0
60444437000146;LIGHT SESA;2025-03;88.7908;0.926;0.0;88.6738;0.961;0.0;1;1;1;425722.0;0.0;218695.0;2533.0;426828.0;0.0;218990.0;2621.0
60444437000146;LIGHT SESA;2025-04;90.5366;1.7288;0.0;86.8719;4.1416;0.0;1;1;1;416622.0;0.0;202816.0;3954.0;445650.0;0.0;208239.0;9579.0
60444437000146;LIGHT SESA;2025-05;94.9698;0.4862;0.0;94.9698;0.4862;0.0;1;1;1;363311.0;0.0;184814.0;1197.0;363311.0;0.0;184814.0;1197.0
60444437000146;LIGHT SESA;2025-06;98.9608;0.1586;0.0;98.9608;0.1586;0.0;1;1;1;312202.0;0.0;142861.0;293.0;312202.0;0.0;142861.0;293.0
60444437000146;LIGHT SESA;2025-07;96.1551;1.0653;0.0;93.5562;2.437;0.0;1;1;1;338093.0;0.0;139311.0;3014.0;356582.0;0.0;143321.0;5276.0
60444437000146;LIGHT SESA;2025-08;98.2008;0.2407;0.0;96.4412;1.1686;0.0;1;1;1;328921.0;0.0;125144.0;386.0;336499.0;0.0;126440.0;1676.0
60444437000146;LIGHT SESA;2025-09;92.3416;2.4348;0.0;91.6458;2.953;0.0;1;1;1;346929.0;0.0;132517.0;3615.0;350475.0;0.0;132870.0;4388.0
60444437000146;LIGHT SESA;2025-10;91.5789;1.7626;0.0;89.8481;3.4682;0.0;1;1;1;343806.0;0.0;136103.0;2807.0;350125.0;0.0;136327.0;5508.0
60444437000146;LIGHT SESA;2025-11;85.3084;3.8565;0.0;81.6036;6.3828;0.0;1;1;1;311272.0;0.0;128317.0;6413.0;325292.0;0.0;131344.0;10897.0
60444437000146;LIGHT SESA;2025-12;85.4911;2.8276;0.0;82.7259;4.4727;0.0;1;1;1;427870.0;0.0;182103.0;6667.0;446526.0;0.0;186004.0;10313.0
60444437000146;LIGHT SESA;2026-01;88.4889;1.2804;0.0;84.486;4.0499;0.0;1;1;1;464959.0;0.0;171324.0;2916.0;495569.0;0.0;176624.0;8671.0
60444437000146;LIGHT SESA;2026-02;85.4633;1.8504;0.0;79.6983;5.5041;0.0;1;1;1;418916.0;0.0;168938.0;3830.0;466157.0;0.0;179839.0;11754.0
60444437000146;LIGHT SESA;2026-03;91.6093;0.5943;0.0;88.0496;2.8193;0.0;1;1;1;374648.0;0.0;161902.0;1406.0;392577.0;0.0;166177.0;6096.0
60444437000146;LIGHT SESA;2026-04;86.7327;1.6581;0.0;83.8179;3.2891;0.0;1;1;1;341361.0;0.0;151953.0;3202.0;361616.0;0.0;157222.0;6301.0
60444437000146;LIGHT SESA;2026-05;86.257;0.7438;0.0;86.1709;0.7619;0.0;1;1;1;321423.0;0.0;148397.0;1605.0;322676.0;0.0;148745.0;1640.0
60444437000146;LIGHT SESA;2026-06;84.461;2.2332;0.0;85.0379;2.1441;0.0;0;1;1;354797.0;0.0;161502.0;6402.0;364808.0;0.0;168412.0;7287.0
60444437000146;LIGHT SESA;2026-07;87.7769;1.15;0.0;54.7482;29.5019;0.0;1;1;1;316507.0;0.0;137611.0;2389.0;523116.0;0.0;157640.0;69647.0
61695227000193;ELETROPAULO;2014-01;85.5808;2.1731;0.0;56.3803;18.588;0.0;1;1;1;826873.0;0.0;448740.0;13457.0;2356448.0;1.0;783837.0;210619.0
61695227000193;ELETROPAULO;2014-02;85.9765;1.619;0.0025;73.2768;7.8039;0.0017;1;1;1;893834.0;22.0;503014.0;12384.0;1327841.0;23.0;619901.0;66485.0
61695227000193;ELETROPAULO;2014-03;87.4492;1.7028;0.0;72.0442;9.1126;0.0;1;1;1;944396.0;0.0;505733.0;12262.0;1476309.0;0.0;631734.0;78725.0
61695227000193;ELETROPAULO;2014-04;92.2652;0.9106;0.0002;90.4282;1.9449;0.0002;1;1;1;874577.0;2.0;508389.0;6672.0;918233.0;2.0;514966.0;13332.0
61695227000193;ELETROPAULO;2014-05;87.433;2.0667;0.0011;80.1597;6.394;0.0009;1;1;1;962215.0;11.0;512015.0;14834.0;1182299.0;11.0;550801.0;47008.0
61695227000193;ELETROPAULO;2014-06;93.5819;0.6042;0.0001;93.5193;0.6163;0.0001;1;1;1;769340.0;1.0;430502.0;4379.0;771671.0;1.0;431672.0;4454.0
61695227000193;ELETROPAULO;2014-07;88.3851;1.3512;0.0004;86.7853;2.1532;0.0004;1;1;1;927537.0;4.0;507407.0;10485.0;986620.0;4.0;525044.0;16197.0
61695227000193;ELETROPAULO;2014-08;90.4944;1.8261;0.0001;83.7442;5.8394;0.0001;1;1;1;888469.0;1.0;516596.0;14422.0;1097086.0;1.0;555054.0;44162.0
61695227000193;ELETROPAULO;2014-09;88.9277;1.576;0.0001;74.453;6.2631;0.0001;1;1;1;863021.0;1.0;479832.0;11304.0;1127754.0;1.0;561617.0;47529.0
61695227000193;ELETROPAULO;2014-10;90.4018;1.1101;0.0007;86.6621;3.6373;0.0006;1;1;1;911943.0;6.0;519813.0;9442.0;1013206.0;6.0;533697.0;25633.0
61695227000193;ELETROPAULO;2014-11;93.5682;0.8176;0.0008;83.6203;4.383;0.0007;1;1;1;777468.0;6.0;443653.0;6150.0;1001355.0;7.0;505418.0;30659.0
61695227000193;ELETROPAULO;2014-12;90.2923;1.2868;0.0013;55.3194;17.0719;0.0007;1;1;1;835708.0;11.0;431982.0;9335.0;2257922.0;15.0;740635.0;183546.0
61695227000193;ELETROPAULO;2015-01;87.2825;3.2966;0.0002;42.6627;28.2795;0.0006;1;1;1;812440.0;2.0;395567.0;17273.0;3222999.0;18.0;844508.0;384297.0
61695227000193;ELETROPAULO;2015-02;88.693;1.2188;0.0005;60.8506;11.7782;0.0004;1;1;1;909975.0;5.0;454445.0;9213.0;1769754.0;7.0;708606.0;118090.0
61695227000193;ELETROPAULO;2015-03;88.393;1.2796;0.0012;81.689;2.8929;0.0012;1;1;1;1119521.0;13.0;609259.0;13114.0;1347108.0;16.0;684241.0;30046.0
61695227000193;ELETROPAULO;2015-04;87.7797;0.9826;0.0;83.5348;1.4425;0.0003;1;1;1;770227.0;0.0;446207.0;7487.0;1082909.0;3.0;629342.0;15590.0
61695227000193;ELETROPAULO;2015-05;90.6807;0.7564;0.0003;88.0888;1.341;0.0006;1;1;1;862042.0;3.0;517471.0;7111.0;1005952.0;6.0;591239.0;12694.0
61695227000193;ELETROPAULO;2015-06;91.3547;0.9894;0.0034;84.8892;3.1055;0.0034;1;1;1;994574.0;34.0;569697.0;9660.0;1180447.0;40.0;641246.0;27654.0
61695227000193;ELETROPAULO;2015-07;91.6376;1.0329;0.0108;87.9412;1.7582;0.0101;1;1;1;1082288.0;117.0;598283.0;10556.0;1243281.0;125.0;662919.0;18424.0
61695227000193;ELETROPAULO;2015-08;89.5119;1.0477;0.0138;81.041;4.2348;0.0119;1;1;1;920485.0;127.0;534960.0;9222.0;1151125.0;137.0;619208.0;34819.0
61695227000193;ELETROPAULO;2015-09;90.579;1.2247;0.0098;66.5866;12.6684;0.0071;1;1;1;864159.0;85.0;487703.0;9469.0;1725211.0;123.0;732982.0;135988.0
61695227000193;ELETROPAULO;2015-10;89.8081;0.7127;0.0029;81.2204;3.6837;0.0023;1;1;1;936399.0;27.0;539547.0;7161.0;1192450.0;27.0;613956.0;31627.0
61695227000193;ELETROPAULO;2015-11;88.3857;1.1772;0.0078;70.8367;9.7388;0.0065;1;1;1;906424.0;71.0;492508.0;9313.0;2030730.0;131.0;789871.0;104999.0
61695227000193;ELETROPAULO;2015-12;95.9869;0.4302;0.0019;82.6967;5.9074;0.0012;1;1;1;1120381.0;21.0;579064.0;4570.0;1864917.0;22.0;772809.0;61767.0
61695227000193;ELETROPAULO;2016-01;98.807;0.3018;0.0009;90.8401;3.4092;0.0008;1;1;1;1206424.0;11.0;650090.0;3697.0;1638329.0;13.0;777831.0;35933.0
61695227000193;ELETROPAULO;2016-02;90.7456;1.9049;0.0006;65.9998;12.007;0.0004;1;1;1;977895.0;6.0;514614.0;13324.0;2058678.0;9.0;796330.0;132336.0
61695227000193;ELETROPAULO;2016-03;90.8597;0.8393;0.0011;86.1;2.8144;0.0009;1;1;1;1188596.0;13.0;661635.0;9003.0;1386023.0;13.0;724446.0;27715.0
61695227000193;ELETROPAULO;2016-04;95.9646;0.2489;0.0034;94.2256;0.7184;0.0037;1;1;1;961816.0;33.0;568655.0;2827.0;1029421.0;38.0;596751.0;6343.0
61695227000193;ELETROPAULO;2016-05;85.5368;1.8953;0.0001;54.7899;13.5263;0.0001;1;1;1;713406.0;1.0;436978.0;11488.0;1593238.0;1.0;765381.0;145315.0
61695227000193;ELETROPAULO;2016-06;72.8812;3.7934;0.0217;59.4034;8.5806;0.04;0;1;1;899564.0;195.0;535326.0;28128.0;1359578.0;544.0;767167.0;88071.0
61695227000193;ELETROPAULO;2016-07;91.7509;0.8765;0.0009;85.2877;3.1715;0.0007;1;1;1;1025225.0;9.0;615582.0;11025.0;1324039.0;9.0;753438.0;34308.0
61695227000193;ELETROPAULO;2016-08;89.2805;1.2387;0.0039;86.0855;2.3877;0.0037;1;1;1;1139911.0;45.0;670613.0;16393.0;1301764.0;48.0;736025.0;28648.0
61695227000193;ELETROPAULO;2016-09;91.6898;0.5595;0.0004;89.1513;1.9518;0.0006;1;1;1;935708.0;4.0;576433.0;7838.0;1083577.0;6.0;618932.0;18534.0
61695227000193;ELETROPAULO;2016-10;87.645;2.0725;0.0002;77.8353;8.2683;0.0001;1;1;1;1027508.0;2.0;558700.0;17628.0;1523624.0;2.0;662182.0;72579.0
61695227000193;ELETROPAULO;2016-11;95.6319;0.8131;0.0002;91.9049;2.5228;0.0002;1;1;1;1088248.0;2.0;602720.0;18519.0;1324200.0;2.0;649901.0;33784.0
61695227000193;ELETROPAULO;2016-12;90.1848;1.6806;0.0003;77.2992;7.6177;0.0002;1;1;1;1168710.0;4.0;602508.0;26732.0;1855240.0;4.0;727407.0;87464.0
61695227000193;ELETROPAULO;2017-01;89.914;0.9409;0.0003;83.9222;2.5842;0.0002;1;1;1;1248892.0;4.0;681464.0;13060.0;1671705.0;4.0;814602.0;32930.0
61695227000193;ELETROPAULO;2017-02;87.5905;1.7973;0.0055;81.3488;3.8898;0.0042;1;1;1;1096509.0;60.0;608558.0;19307.0;1532573.0;64.0;681525.0;40054.0
61695227000193;ELETROPAULO;2017-03;89.2287;1.5408;0.0032;86.21;2.4664;0.0029;1;1;1;1229086.0;39.0;697529.0;17516.0;1367588.0;39.0;732845.0;27231.0
61695227000193;ELETROPAULO;2017-04;89.1689;1.482;0.0013;87.8993;1.911;0.0013;1;1;1;963044.0;13.0;548382.0;11162.0;1004001.0;13.0;560451.0;14385.0
61695227000193;ELETROPAULO;2017-05;87.2865;1.8867;0.0013;86.0686;2.178;0.0012;1;1;1;1106718.0;14.0;626826.0;16139.0;1153300.0;14.0;640968.0;19080.0
61695227000193;ELETROPAULO;2017-06;85.7909;2.8053;0.0029;85.7936;2.8047;0.0029;1;1;1;995823.0;29.0;593991.0;21050.0;996095.0;29.0;594110.0;21051.0
61695227000193;ELETROPAULO;2017-07;85.8666;1.1884;0.0011;85.842;1.2035;0.0011;1;1;1;1033778.0;11.0;618861.0;11478.0;1035105.0;11.0;619024.0;11591.0
61695227000193;ELETROPAULO;2017-08;86.9113;1.7105;0.0014;86.3858;1.8231;0.0014;1;1;1;1137429.0;16.0;678928.0;16250.0;1152566.0;16.0;684825.0;17300.0
61695227000193;ELETROPAULO;2017-09;87.8495;1.9157;0.0008;84.7961;3.8247;0.0007;1;1;1;1005318.0;8.0;586868.0;14689.0;1105528.0;8.0;606375.0;28283.0
61695227000193;ELETROPAULO;2017-10;95.1419;0.8107;0.0005;92.8315;1.5019;0.0004;1;1;1;1060142.0;5.0;620667.0;7730.0;1128470.0;5.0;641651.0;12997.0
61695227000193;ELETROPAULO;2017-11;98.3632;0.4237;0.0006;93.9901;2.4525;0.0006;1;1;1;942863.0;6.0;565467.0;4708.0;1083168.0;6.0;598812.0;18710.0
61695227000193;ELETROPAULO;2017-12;96.1481;0.9835;0.0004;95.4949;1.2708;0.0004;1;1;1;918558.0;4.0;532271.0;7831.0;934811.0;4.0;536459.0;9682.0
61695227000193;ELETROPAULO;2018-01;91.4656;0.7305;0.0003;88.2151;1.851;0.0003;1;1;1;983136.0;3.0;576847.0;7121.0;1119478.0;3.0;618521.0;15618.0
61695227000193;ELETROPAULO;2018-02;86.8473;0.8112;0.0011;86.3717;0.9154;0.001;1;1;1;847464.0;9.0;497027.0;6642.0;876440.0;9.0;508621.0;7506.0
61695227000193;ELETROPAULO;2018-03;85.3399;1.5021;0.0053;81.3942;2.9206;0.0047;1;1;1;1005290.0;53.0;552000.0;11979.0;1153598.0;54.0;601080.0;23028.0
61695227000193;ELETROPAULO;2018-04;86.4781;1.2441;0.0017;86.4046;1.256;0.0017;1;1;1;895865.0;15.0;538128.0;9739.0;898095.0;15.0;539398.0;9844.0
61695227000193;ELETROPAULO;2018-05;85.9515;1.6415;0.0011;81.7245;4.0361;0.0009;1;1;1;836529.0;9.0;507102.0;11067.0;1012060.0;9.0;536397.0;26415.0
61695227000193;ELETROPAULO;2018-06;89.6423;0.9056;0.0015;89.6045;0.9175;0.0015;1;1;1;848482.0;13.0;514727.0;7356.0;850439.0;13.0;515424.0;7442.0
61695227000193;ELETROPAULO;2018-07;90.5706;0.8785;0.0022;89.1838;1.7903;0.0021;1;1;1;871683.0;19.0;528071.0;7404.0;900568.0;19.0;537101.0;12982.0
61695227000193;ELETROPAULO;2018-08;90.7235;0.682;0.0126;90.6522;0.6903;0.0125;1;1;1;913801.0;115.0;564132.0;5902.0;918020.0;115.0;566528.0;5986.0
61695227000193;ELETROPAULO;2018-09;84.2358;2.3837;0.0;82.469;2.9193;0.0;0;1;1;895882.0;0.0;549193.0;16522.0;956610.0;0.0;567687.0;20931.0
61695227000193;ELETROPAULO;2018-10;87.9336;1.1897;0.0001;85.9403;2.5355;0.0002;1;1;1;978074.0;1.0;581279.0;8858.0;1032532.0;2.0;594049.0;18254.0
61695227000193;ELETROPAULO;2018-11;85.8393;2.0822;0.0002;66.582;16.4992;0.0002;1;1;1;903074.0;2.0;522508.0;13104.0;1500470.0;3.0;600157.0;129947.0
61695227000193;ELETROPAULO;2018-12;85.0956;2.2149;0.0001;77.8955;6.2055;0.0001;1;1;1;956209.0;1.0;520738.0;14203.0;1082143.0;1.0;560496.0;41931.0
61695227000193;ELETROPAULO;2019-01;75.6414;3.1064;0.0;50.3253;15.1742;0.0001;0;1;1;702519.0;0.0;377047.0;14250.0;1689221.0;1.0;711070.0;141993.0
61695227000193;ELETROPAULO;2019-02;85.2672;1.8135;0.0002;55.421;13.1351;0.0001;1;1;1;613732.0;1.0;284193.0;6362.0;2045697.0;3.0;709701.0;127276.0
61695227000193;ELETROPAULO;2019-03;90.6132;0.8153;0.0003;63.7202;7.994;0.0001;1;1;1;581218.0;2.0;337598.0;4135.0;1370140.0;2.0;670010.0;70737.0
61695227000193;ELETROPAULO;2019-04;87.3779;0.9405;0.0;76.6032;4.5817;0.0;1;1;1;777498.0;0.0;476803.0;7825.0;1169439.0;0.0;630418.0;43939.0
61695227000193;ELETROPAULO;2019-05;85.3479;1.6228;0.0001;85.1475;1.7073;0.0001;1;1;1;885786.0;1.0;531952.0;13389.0;891926.0;1.0;534165.0;14217.0
61695227000193;ELETROPAULO;2019-06;85.6016;1.9967;0.0001;85.3118;2.0302;0.0001;1;1;1;736453.0;1.0;478057.0;13385.0;749168.0;1.0;486522.0;13904.0
61695227000193;ELETROPAULO;2019-07;87.2312;1.7323;0.0002;82.4437;4.0002;0.0002;1;1;1;891615.0;2.0;537776.0;15678.0;951568.0;2.0;566637.0;34927.0
61695227000193;ELETROPAULO;2019-08;85.988;1.1648;0.0001;84.6984;1.3857;0.0001;1;1;1;911169.0;1.0;554430.0;15586.0;942749.0;1.0;571092.0;17696.0
61695227000193;ELETROPAULO;2019-09;86.2286;1.7989;0.0002;85.8497;1.9318;0.0002;1;1;1;1007751.0;2.0;535957.0;16436.0;1026773.0;2.0;544255.0;17647.0
61695227000193;ELETROPAULO;2019-10;86.9865;1.3979;0.0;83.4424;2.6614;0.0;1;1;1;902901.0;0.0;548212.0;13161.0;1063433.0;0.0;633544.0;25690.0
61695227000193;ELETROPAULO;2019-11;86.6527;1.4714;0.0;66.2795;8.1988;0.0001;1;1;1;808492.0;0.0;424062.0;11210.0;1313414.0;1.0;598003.0;69010.0
61695227000193;ELETROPAULO;2019-12;85.9061;1.7604;0.0;77.0746;5.5776;0.0;1;1;1;1023546.0;0.0;466798.0;15399.0;1173817.0;0.0;535745.0;44222.0
61695227000193;ELETROPAULO;2020-01;85.3941;2.2932;0.0002;78.7876;4.7889;0.0002;1;1;1;1528350.0;3.0;583508.0;21683.0;1773042.0;3.0;663553.0;49559.0
61695227000193;ELETROPAULO;2020-02;85.4866;2.1498;0.0;65.8866;9.3253;0.0001;1;1;1;1442849.0;0.0;466908.0;16906.0;1891753.0;1.0;636868.0;98718.0
61695227000193;ELETROPAULO;2020-03;85.2666;2.6211;0.0001;54.0676;13.5956;0.0001;1;1;1;1046957.0;1.0;410351.0;17504.0;1826401.0;1.0;669336.0;147167.0
61695227000193;ELETROPAULO;2020-04;86.8074;1.7422;0.0001;84.8448;2.4157;0.0001;1;1;1;1863239.0;2.0;507646.0;11863.0;1896697.0;2.0;520027.0;16044.0
61695227000193;ELETROPAULO;2020-05;86.2013;3.2822;0.0001;40.3036;17.4786;0.0004;1;1;1;962862.0;1.0;260077.0;10223.0;2415294.0;9.0;706093.0;168644.0
61695227000193;ELETROPAULO;2020-06;78.2956;4.8828;0.0005;29.8813;36.606;0.0006;0;0;1;1372526.0;7.0;249306.0;14179.0;3594982.0;23.0;803249.0;483563.0
61695227000193;ELETROPAULO;2020-07;76.0603;8.3223;0.0;27.3758;28.4189;0.0007;0;0;1;155863.0;0.0;74423.0;7373.0;2831667.0;19.0;1092489.0;452761.0
61695227000193;ELETROPAULO;2020-08;98.2529;0.6269;0.0006;55.5408;8.9834;0.0007;1;1;1;322425.0;2.0;185144.0;1521.0;2093933.0;14.0;1164320.0;125674.0
61695227000193;ELETROPAULO;2020-09;97.7051;0.7597;0.0008;85.2067;2.2063;0.0008;1;1;1;504984.0;4.0;280744.0;2650.0;1722099.0;13.0;1018498.0;27014.0
61695227000193;ELETROPAULO;2020-10;91.1015;1.5001;0.0006;50.4025;7.8378;0.0006;1;1;1;332781.0;2.0;181945.0;3385.0;2101074.0;13.0;1136435.0;111418.0
61695227000193;ELETROPAULO;2020-11;86.6325;2.4371;0.0;34.2899;13.3937;0.0003;1;1;1;363034.0;0.0;193878.0;5874.0;2007290.0;7.0;960423.0;167739.0
61695227000193;ELETROPAULO;2020-12;91.3979;2.1458;0.0009;48.48;12.5845;0.0006;1;1;1;457432.0;4.0;208492.0;7553.0;2323667.0;13.0;1058628.0;182326.0
61695227000193;ELETROPAULO;2021-01;87.5668;2.437;0.0006;84.1606;4.548;0.0005;1;1;1;3363875.0;19.0;827516.0;29968.0;3457530.0;19.0;853382.0;51916.0
61695227000193;ELETROPAULO;2021-02;85.6806;2.9367;0.0008;85.5121;3.0298;0.0009;1;1;1;2155026.0;17.0;1043285.0;41687.0;2193330.0;19.0;1057348.0;43408.0
61695227000193;ELETROPAULO;2021-03;87.9128;1.7026;0.0007;83.3082;3.7516;0.0007;1;1;1;2228260.0;15.0;1104011.0;28631.0;2381661.0;17.0;1165813.0;58176.0
61695227000193;ELETROPAULO;2021-04;85.6318;2.2781;0.0003;85.5298;2.3375;0.0003;1;1;1;2177596.0;7.0;1192333.0;42505.0;2186635.0;7.0;1194851.0;43498.0
61695227000193;ELETROPAULO;2021-05;86.4838;1.576;0.0002;85.7547;2.0156;0.0002;1;1;1;2619401.0;5.0;1079854.0;34232.0;2640418.0;5.0;1085509.0;40289.0
61695227000193;ELETROPAULO;2021-06;85.8916;1.7255;0.0002;85.8921;1.7254;0.0002;1;1;1;2564197.0;6.0;838873.0;23341.0;2564273.0;6.0;838908.0;23344.0
61695227000193;ELETROPAULO;2021-07;84.9958;2.3099;0.0002;82.6063;3.3236;0.0002;0;1;1;2402060.0;4.0;1199840.0;41686.0;2484113.0;4.0;1243867.0;58157.0
61695227000193;ELETROPAULO;2021-08;80.0432;2.8885;0.0005;79.5247;3.2196;0.0005;0;1;1;2011261.0;10.0;1303648.0;51229.0;2058684.0;10.0;1323840.0;57166.0
61695227000193;ELETROPAULO;2021-09;92.2515;0.7706;0.0002;92.2112;0.7895;0.0002;1;1;1;1718486.0;3.0;1101165.0;15450.0;1721220.0;3.0;1102242.0;15703.0
61695227000193;ELETROPAULO;2021-10;88.775;1.2144;0.0003;86.9386;2.2662;0.0004;1;1;1;1610678.0;5.0;1006236.0;21550.0;1700902.0;7.0;1039505.0;35595.0
61695227000193;ELETROPAULO;2021-11;87.9479;1.696;0.001;87.7822;1.7821;0.001;1;1;1;1553356.0;16.0;941186.0;23658.0;1563612.0;16.0;945385.0;24741.0
61695227000193;ELETROPAULO;2021-12;83.7089;2.4864;0.0006;83.3307;2.8624;0.0006;0;1;1;1445376.0;9.0;977686.0;36251.0;1456566.0;9.0;981567.0;40570.0
61695227000193;ELETROPAULO;2022-01;87.4395;2.0664;0.0004;70.8351;13.2459;0.0014;1;1;1;1593555.0;7.0;918021.0;28251.0;2213753.0;30.0;1066246.0;193308.0
61695227000193;ELETROPAULO;2022-02;85.7029;1.251;0.0009;84.5366;1.9409;0.0009;1;1;1;1560625.0;14.0;877081.0;20662.0;1579726.0;14.0;883590.0;28303.0
61695227000193;ELETROPAULO;2022-03;87.8084;2.0069;0.0005;71.0259;11.9401;0.0006;1;1;1;1860012.0;9.0;861148.0;26945.0;2352598.0;14.0;1010517.0;163387.0
61695227000193;ELETROPAULO;2022-04;85.3723;1.3873;0.001;78.6314;7.1688;0.0011;1;1;1;1569322.0;15.0;873989.0;23508.0;1740057.0;20.0;905897.0;86023.0
61695227000193;ELETROPAULO;2022-05;81.0565;3.2036;0.0007;75.7839;6.6561;0.0007;0;1;1;1988681.0;14.0;944605.0;45438.0;2111543.0;14.0;996739.0;91489.0
61695227000193;ELETROPAULO;2022-06;86.5464;1.8604;0.0008;85.4411;2.4697;0.0008;1;1;1;1423735.0;11.0;895600.0;28953.0;1441740.0;11.0;903689.0;36135.0
61695227000193;ELETROPAULO;2022-07;88.1638;1.7405;0.0013;87.1878;2.12;0.0013;1;1;1;1350563.0;18.0;770882.0;20709.0;1368864.0;18.0;778569.0;24310.0
61695227000193;ELETROPAULO;2022-08;88.5569;1.386;0.0741;77.815;10.484;0.0653;1;1;1;1513422.0;1121.0;879618.0;20273.0;1733137.0;1131.0;930091.0;130649.0
61695227000193;ELETROPAULO;2022-09;87.0099;1.0346;0.001;86.2967;1.5964;0.001;1;1;1;1466587.0;15.0;829992.0;15050.0;1481744.0;15.0;833307.0;20383.0
61695227000193;ELETROPAULO;2022-10;88.7506;1.0208;0.0006;86.2807;2.8474;0.0006;1;1;1;1517671.0;9.0;854740.0;15217.0;1574419.0;9.0;867504.0;33359.0
61695227000193;ELETROPAULO;2022-11;86.1445;1.314;0.0006;84.2149;2.5064;0.0007;1;1;1;1454931.0;9.0;789471.0;16201.0;1494066.0;10.0;803335.0;28004.0
61695227000193;ELETROPAULO;2022-12;87.7054;2.0117;0.0015;80.7202;5.9976;0.0014;1;1;1;1465134.0;22.0;809095.0;24866.0;1601902.0;23.0;860674.0;69484.0
61695227000193;ELETROPAULO;2023-01;85.4441;1.3777;0.001;76.3539;7.5596;0.0009;1;1;1;1568715.0;15.0;852377.0;19705.0;1786232.0;16.0;914202.0;90232.0
61695227000193;ELETROPAULO;2023-02;85.2476;1.7966;0.0009;60.7478;16.1083;0.0012;1;1;1;1496227.0;13.0;721540.0;21376.0;2067451.0;25.0;927456.0;209440.0
61695227000193;ELETROPAULO;2023-03;85.7744;1.8519;0.001;52.1739;17.0079;0.0012;1;1;1;1185777.0;12.0;671969.0;19955.0;1964375.0;23.0;1019285.0;251557.0
61695227000193;ELETROPAULO;2023-04;87.2326;1.3286;0.0009;74.6283;6.9584;0.0009;1;1;1;1274717.0;11.0;694328.0;15406.0;1469805.0;13.0;786773.0;74339.0
61695227000193;ELETROPAULO;2023-05;86.1098;1.134;0.0008;80.6872;4.0451;0.0008;1;1;1;1539596.0;12.0;777858.0;16758.0;1610554.0;13.0;807962.0;45513.0
61695227000193;ELETROPAULO;2023-06;84.9937;1.627;0.0;82.2104;3.115;0.0;0;1;1;1679769.0;0.0;859309.0;27010.0;1729684.0;0.0;881172.0;43683.0
61695227000193;ELETROPAULO;2023-07;86.1616;1.4676;0.0;72.9926;7.863;0.0;1;1;1;1499188.0;0.0;875295.0;24667.0;1835174.0;0.0;1008764.0;113486.0
61695227000193;ELETROPAULO;2023-08;85.7906;1.8366;0.0;67.0559;10.8119;0.0;1;1;1;1533176.0;0.0;842045.0;27443.0;2102405.0;0.0;1026631.0;185936.0
61695227000193;ELETROPAULO;2023-09;85.245;1.8676;0.0;56.7408;15.4865;0.0;1;1;1;1471258.0;0.0;677716.0;23799.0;2136715.0;0.0;934059.0;277418.0
61695227000193;ELETROPAULO;2023-10;85.1862;2.5356;0.0;53.4851;18.1007;0.0;1;1;1;1384913.0;0.0;646270.0;27586.0;2273638.0;0.0;1023743.0;275479.0
61695227000193;ELETROPAULO;2023-11;87.5643;2.6175;0.0016;50.5621;33.7875;46.5664;1;1;1;1588917.0;26.0;652799.0;27655.0;3862944.0;1798833.0;1018883.0;881401.0
61695227000193;ELETROPAULO;2023-12;86.3258;2.5521;0.0;70.8883;8.7827;0.0003;1;1;1;1333668.0;0.0;750789.0;31724.0;1880546.0;6.0;1009496.0;124343.0
61695227000193;ELETROPAULO;2024-01;86.9908;2.204;0.0001;84.8239;3.0575;0.0003;1;1;1;2256803.0;2.0;1078880.0;43276.0;2573250.0;7.0;1204045.0;58988.0
61695227000193;ELETROPAULO;2024-02;86.0343;2.5377;0.0;85.1337;2.9163;0.0;1;1;1;2126145.0;0.0;1062440.0;48490.0;2313426.0;0.0;1131262.0;56309.0
61695227000193;ELETROPAULO;2024-03;90.7734;1.9383;0.0;90.7417;1.9399;0.0;1;1;1;1992417.0;0.0;1043153.0;43572.0;2007570.0;0.0;1049840.0;43849.0
61695227000193;ELETROPAULO;2024-04;89.7221;1.8877;0.0;89.718;1.889;0.0;1;1;1;1784906.0;0.0;974535.0;38104.0;1785973.0;0.0;974986.0;38133.0
61695227000193;ELETROPAULO;2024-05;87.0257;2.2492;0.0;86.9595;2.2584;0.0;1;1;1;1811563.0;0.0;947553.0;37313.0;1817076.0;0.0;949863.0;37505.0
61695227000193;ELETROPAULO;2024-06;83.2486;3.6657;0.0;82.913;3.8774;0.0;0;1;1;1918447.0;0.0;894294.0;51730.0;1931315.0;0.0;900978.0;54428.0
61695227000193;ELETROPAULO;2024-07;89.591;3.8907;0.0;89.4537;3.9484;0.0;1;1;1;1880974.0;0.0;968167.0;57428.0;1889511.0;0.0;971726.0;58303.0
61695227000193;ELETROPAULO;2024-08;88.967;2.3824;0.0;87.5172;3.5681;3.7539;1;1;1;1745577.0;0.0;969486.0;36923.0;1815514.0;68153.0;976424.0;50426.0
61695227000193;ELETROPAULO;2024-09;90.9037;2.0578;0.0;90.7847;2.098;0.0;1;1;1;1627335.0;0.0;943750.0;35019.0;1640742.0;0.0;949256.0;35640.0
61695227000193;ELETROPAULO;2024-10;91.057;3.6395;0.0001;73.4796;17.6561;26.4236;1;1;1;1895777.0;1.0;971690.0;57757.0;3156135.0;833963.0;1199232.0;389754.0
61695227000193;ELETROPAULO;2024-11;93.6249;1.1296;0.0;93.7336;1.1129;0.0;1;1;1;1667667.0;0.0;906445.0;19694.0;1725352.0;0.0;952077.0;21417.0
61695227000193;ELETROPAULO;2024-12;95.2464;0.8098;0.0411;93.9477;1.1272;0.0341;1;1;1;1646987.0;677.0;894022.0;14811.0;1982447.0;677.0;969459.0;19626.0
61695227000193;ELETROPAULO;2025-01;95.5962;1.0629;0.0;94.6141;1.2152;0.0;1;1;1;1802705.0;0.0;913746.0;17766.0;2078154.0;0.0;980039.0;20986.0
61695227000193;ELETROPAULO;2025-02;94.137;0.9855;0.0;94.0846;0.9972;0.0;1;1;1;1944794.0;0.0;867081.0;16727.0;1991794.0;0.0;875516.0;17093.0
61695227000193;ELETROPAULO;2025-03;93.27;1.188;0.0;93.2911;1.1924;0.0;1;1;1;1869744.0;0.0;884815.0;19142.0;1876831.0;0.0;889234.0;19405.0
61695227000193;ELETROPAULO;2025-04;93.0508;1.0974;0.0;93.053;1.0971;0.0;1;1;1;1762044.0;0.0;827816.0;19765.0;1764060.0;0.0;828357.0;19774.0
61695227000193;ELETROPAULO;2025-05;89.9986;1.672;0.0;90.0069;1.671;0.0;1;1;1;1741991.0;0.0;804778.0;24953.0;1743104.0;0.0;805510.0;24984.0
61695227000193;ELETROPAULO;2025-06;93.5991;1.0484;0.0;93.5808;1.051;0.0;1;1;1;1575343.0;0.0;738074.0;15640.0;1579470.0;0.0;739725.0;15723.0
61695227000193;ELETROPAULO;2025-07;93.6342;1.1205;0.0;93.6342;1.1205;0.0;1;1;1;1626082.0;0.0;757536.0;17105.0;1626082.0;0.0;757536.0;17105.0
61695227000193;ELETROPAULO;2025-08;96.6797;0.6731;0.0;96.6451;0.6864;0.0;1;1;1;1533425.0;0.0;705973.0;11396.0;1542781.0;0.0;706812.0;11536.0
61695227000193;ELETROPAULO;2025-09;93.2772;1.2137;0.0;93.0184;1.3156;0.0;1;1;1;1748157.0;0.0;768430.0;18362.0;1787878.0;0.0;774703.0;19683.0
61695227000193;ELETROPAULO;2025-10;97.9065;0.9677;0.0;92.8207;5.8469;0.0;1;1;1;1572375.0;0.0;743967.0;14879.0;1655815.0;0.0;751529.0;54655.0
61695227000193;ELETROPAULO;2025-11;98.3761;0.839;0.0;98.2156;0.9404;0.0;1;1;1;1330728.0;0.0;631454.0;11538.0;1337040.0;0.0;632538.0;12279.0
61695227000193;ELETROPAULO;2025-12;97.4942;0.8336;0.0;90.4313;3.4041;0.0;1;1;1;1547337.0;0.0;583774.0;10766.0;3264542.0;0.0;817696.0;42906.0
61695227000193;ELETROPAULO;2026-01;97.6258;0.7381;0.0;97.5643;0.7507;0.0;1;1;1;1615179.0;0.0;728989.0;10767.0;1634811.0;0.0;734201.0;10973.0
61695227000193;ELETROPAULO;2026-02;95.0638;1.1915;0.0;95.0156;1.2023;0.0;1;1;1;1462059.0;0.0;662168.0;13492.0;1472852.0;0.0;664469.0;13651.0
61695227000193;ELETROPAULO;2026-03;93.4758;1.566;0.0;93.4253;1.5712;0.0;1;1;1;1551986.0;0.0;738952.0;18853.0;1565327.0;0.0;742029.0;19006.0
61695227000193;ELETROPAULO;2026-04;90.0577;1.5058;0.0;89.624;1.6562;0.0;1;1;1;1422169.0;0.0;709347.0;18792.0;1443582.0;0.0;723259.0;20552.0
61695227000193;ELETROPAULO;2026-05;92.6109;1.0411;0.0;92.6132;1.0409;0.0;1;1;1;1784644.0;0.0;660815.0;13498.0;1786478.0;0.0;661380.0;13520.0
61695227000193;ELETROPAULO;2026-06;91.4754;1.2913;0.0;91.4828;1.2902;0.0;1;1;1;1537893.0;0.0;652120.0;15579.0;1539637.0;0.0;652814.0;15594.0
61695227000193;ELETROPAULO;2026-07;89.531;1.4339;0.0;89.6471;1.4673;0.0;1;1;1;1872875.0;0.0;704460.0;18968.0;1902483.0;0.0;723411.0;19909.0
