data_hora;identidade;sm;residuo_mwmed
2022-09-14T00:00;balanco;S;-1385.821
2022-09-14T00:00;soma_sin;SIN;-1385.822
2022-09-14T01:00;balanco;S;-1345.511
2022-09-14T01:00;soma_sin;SIN;-1345.512
2022-09-14T02:00;balanco;S;-1344.023
2022-09-14T02:00;soma_sin;SIN;-1344.026
2022-09-14T03:00;balanco;S;-1344.028
2022-09-14T03:00;soma_sin;SIN;-1344.026
2022-09-14T04:00;balanco;S;-1343.924
2022-09-14T04:00;soma_sin;SIN;-1343.928
2022-09-14T05:00;balanco;S;-1343.988
2022-09-14T05:00;soma_sin;SIN;-1343.986
2022-09-14T06:00;balanco;S;-1358.582
2022-09-14T06:00;soma_sin;SIN;-1358.584
2022-09-14T07:00;balanco;S;-1360.179
2022-09-14T07:00;soma_sin;SIN;-1360.178
2022-09-14T08:00;balanco;S;-1360.012
2022-09-14T08:00;soma_sin;SIN;-1360.014
2022-09-14T09:00;balanco;S;-1447.408
2022-09-14T09:00;soma_sin;SIN;-1447.406
2022-09-14T10:00;balanco;S;-1449.837
2022-09-14T10:00;soma_sin;SIN;-1449.834
2022-09-14T11:00;balanco;S;-1441.62
2022-09-14T11:00;soma_sin;SIN;-1441.62
2022-09-14T12:00;balanco;S;-1551.32
2022-09-14T12:00;soma_sin;SIN;-1551.32
2022-09-14T13:00;balanco;S;-1430.366
2022-09-14T13:00;soma_sin;SIN;-1430.362
2022-09-14T14:00;balanco;S;-1418.773
2022-09-14T14:00;soma_sin;SIN;-1418.776
2022-09-14T15:00;balanco;S;-1312.74
2022-09-14T15:00;soma_sin;SIN;-1312.74
2022-09-14T16:00;balanco;S;-1308.708
2022-09-14T16:00;soma_sin;SIN;-1308.706
2022-09-14T17:00;balanco;S;-1204.521
2022-09-14T17:00;soma_sin;SIN;-1204.522
2022-09-14T18:00;balanco;S;-1075.883
2022-09-14T18:00;soma_sin;SIN;-1075.886
2022-09-14T19:00;balanco;S;-1069.401
2022-09-14T19:00;soma_sin;SIN;-1069.402
2022-09-14T20:00;balanco;S;-1093.692
2022-09-14T20:00;soma_sin;SIN;-1093.694
2022-09-14T21:00;balanco;S;-1099.91
2022-09-14T21:00;soma_sin;SIN;-1099.91
2022-09-14T22:00;balanco;S;-1262.702
2022-09-14T22:00;soma_sin;SIN;-1262.704
2022-09-14T23:00;balanco;S;-1269.992
2022-09-14T23:00;soma_sin;SIN;-1269.992
2024-04-03T18:00;perimetro;S;918.925
2024-04-03T18:00;perimetro;SIN;918.925
2024-04-03T19:00;perimetro;S;590.227
2024-04-03T19:00;perimetro;SIN;590.227
2024-04-03T20:00;perimetro;S;610.579
2024-04-03T20:00;perimetro;SIN;610.579
2024-04-03T21:00;perimetro;S;14.757
2024-04-03T21:00;perimetro;SIN;14.757
2024-04-04T15:00;perimetro;S;33.378
2024-04-04T15:00;perimetro;SIN;33.378
2024-04-04T16:00;perimetro;S;879.921
2024-04-04T16:00;perimetro;SIN;879.921
2024-04-04T17:00;perimetro;S;800.0
2024-04-04T17:00;perimetro;SIN;800.0
2024-04-04T18:00;perimetro;S;800.0
2024-04-04T18:00;perimetro;SIN;800.0
2024-04-04T19:00;perimetro;S;799.992
2024-04-04T19:00;perimetro;SIN;799.992
2024-04-04T20:00;perimetro;S;998.583
2024-04-04T20:00;perimetro;SIN;998.583
2024-04-04T21:00;perimetro;S;1167.778
2024-04-04T21:00;perimetro;SIN;1167.778
2024-04-04T22:00;perimetro;S;1200.886
2024-04-04T22:00;perimetro;SIN;1200.886
2024-04-04T23:00;perimetro;S;595.881
2024-04-04T23:00;perimetro;SIN;595.881
2024-04-05T15:00;perimetro;S;1120.619
2024-04-05T15:00;perimetro;SIN;1120.619
2024-04-05T16:00;perimetro;S;1704.485
2024-04-05T16:00;perimetro;SIN;1704.485
2024-04-05T17:00;perimetro;S;1641.826
2024-04-05T17:00;perimetro;SIN;1641.826
2024-04-05T18:00;perimetro;S;1700.253
2024-04-05T18:00;perimetro;SIN;1700.253
2024-04-05T19:00;perimetro;S;1702.138
2024-04-05T19:00;perimetro;SIN;1702.138
2024-04-05T20:00;perimetro;S;1845.09
2024-04-05T20:00;perimetro;SIN;1845.09
2024-04-05T21:00;perimetro;S;1947.199
2024-04-05T21:00;perimetro;SIN;1947.199
2024-04-05T22:00;perimetro;S;2095.153
2024-04-05T22:00;perimetro;SIN;2095.153
2024-04-05T23:00;perimetro;S;2079.677
2024-04-05T23:00;perimetro;SIN;2079.677
2024-05-09T16:00;perimetro;S;52.393
2024-05-09T16:00;perimetro;SIN;52.393
2024-05-09T17:00;perimetro;S;281.993
2024-05-09T17:00;perimetro;SIN;281.993
2024-05-09T18:00;perimetro;S;487.467
2024-05-09T18:00;perimetro;SIN;487.467
2024-05-09T19:00;perimetro;S;424.945
2024-05-09T19:00;perimetro;SIN;424.945
2024-05-09T20:00;perimetro;S;213.56
2024-05-09T20:00;perimetro;SIN;213.56
2024-05-09T21:00;perimetro;S;50.375
2024-05-09T21:00;perimetro;SIN;50.375
2024-08-19T00:00;perimetro;S;-1189.462
2024-08-19T00:00;perimetro;SIN;-1189.462
2024-08-19T01:00;perimetro;S;-1333.595
2024-08-19T01:00;perimetro;SIN;-1333.595
2024-08-19T02:00;perimetro;S;-966.074
2024-08-19T02:00;perimetro;SIN;-966.074
2024-08-19T03:00;perimetro;S;-967.886
2024-08-19T03:00;perimetro;SIN;-967.886
2024-08-19T04:00;perimetro;S;-1345.276
2024-08-19T04:00;perimetro;SIN;-1345.276
2024-08-19T05:00;perimetro;S;-1369.852
2024-08-19T05:00;perimetro;SIN;-1369.852
2024-08-19T06:00;perimetro;S;-1150.203
2024-08-19T06:00;perimetro;SIN;-1150.203
2024-08-19T07:00;perimetro;S;-214.603
2024-08-19T07:00;perimetro;SIN;-214.603
2024-08-19T08:00;perimetro;S;-199.046
2024-08-19T08:00;perimetro;SIN;-199.046
2024-08-19T09:00;perimetro;S;-199.06
2024-08-19T09:00;perimetro;SIN;-199.06
2024-08-19T10:00;perimetro;S;-198.965
2024-08-19T10:00;perimetro;SIN;-198.965
2024-08-19T11:00;perimetro;S;-991.498
2024-08-19T11:00;perimetro;SIN;-991.498
2024-08-19T12:00;perimetro;S;-1350.361
2024-08-19T12:00;perimetro;SIN;-1350.361
2024-08-19T13:00;perimetro;S;-1343.72
2024-08-19T13:00;perimetro;SIN;-1343.72
2024-08-19T14:00;perimetro;S;-1337.95
2024-08-19T14:00;perimetro;SIN;-1337.95
2024-08-19T15:00;perimetro;S;-1338.039
2024-08-19T15:00;perimetro;SIN;-1338.039
2024-08-19T16:00;perimetro;S;-1211.942
2024-08-19T16:00;perimetro;SIN;-1211.942
2024-08-19T17:00;perimetro;S;-30.975
2024-08-19T17:00;perimetro;SIN;-30.975
2024-08-19T18:00;perimetro;S;500.122
2024-08-19T18:00;perimetro;SIN;500.122
2024-08-19T19:00;perimetro;S;500.307
2024-08-19T19:00;perimetro;SIN;500.307
2024-08-19T20:00;perimetro;S;500.457
2024-08-19T20:00;perimetro;SIN;500.457
2024-08-19T21:00;perimetro;S;364.085
2024-08-19T21:00;perimetro;SIN;364.085
2024-08-19T22:00;perimetro;S;-127.958
2024-08-19T22:00;perimetro;SIN;-127.958
2024-08-19T23:00;perimetro;S;-922.441
2024-08-19T23:00;perimetro;SIN;-922.441
2024-09-02T00:00;perimetro;S;-109.066
2024-09-02T00:00;perimetro;SIN;-109.066
2024-09-02T01:00;perimetro;S;-106.547
2024-09-02T01:00;perimetro;SIN;-106.547
2024-09-02T06:00;perimetro;S;-107.249
2024-09-02T06:00;perimetro;SIN;-107.249
2024-09-02T07:00;perimetro;S;-109.038
2024-09-02T07:00;perimetro;SIN;-109.038
2024-09-02T08:00;perimetro;S;-109.066
2024-09-02T08:00;perimetro;SIN;-109.066
2024-09-02T09:00;perimetro;S;-109.015
2024-09-02T09:00;perimetro;SIN;-109.015
2024-09-02T10:00;perimetro;S;-108.976
2024-09-02T10:00;perimetro;SIN;-108.976
2024-09-02T11:00;perimetro;S;-109.053
2024-09-02T11:00;perimetro;SIN;-109.053
2024-09-02T12:00;perimetro;S;-109.003
2024-09-02T12:00;perimetro;SIN;-109.003
2024-09-02T13:00;perimetro;S;-109.05
2024-09-02T13:00;perimetro;SIN;-109.05
2024-09-02T14:00;perimetro;S;-109.059
2024-09-02T14:00;perimetro;SIN;-109.059
2024-09-02T15:00;perimetro;S;-109.0
2024-09-02T15:00;perimetro;SIN;-109.0
2024-09-02T16:00;perimetro;S;-52.01
2024-09-02T16:00;perimetro;SIN;-52.01
2024-09-02T22:00;perimetro;S;-52.979
2024-09-02T22:00;perimetro;SIN;-52.979
2024-09-02T23:00;perimetro;S;-108.96
2024-09-02T23:00;perimetro;SIN;-108.96
2024-09-10T00:00;perimetro;S;-337.138
2024-09-10T00:00;perimetro;SIN;-337.138
2024-09-10T06:00;perimetro;S;-340.447
2024-09-10T06:00;perimetro;SIN;-340.447
2024-09-10T07:00;perimetro;S;-372.022
2024-09-10T07:00;perimetro;SIN;-372.022
2024-09-10T08:00;perimetro;S;-372.013
2024-09-10T08:00;perimetro;SIN;-372.013
2024-09-10T09:00;perimetro;S;-372.067
2024-09-10T09:00;perimetro;SIN;-372.067
2024-09-10T10:00;perimetro;S;-372.049
2024-09-10T10:00;perimetro;SIN;-372.049
2024-09-10T11:00;perimetro;S;-372.046
2024-09-10T11:00;perimetro;SIN;-372.046
2024-09-10T12:00;perimetro;S;-372.003
2024-09-10T12:00;perimetro;SIN;-372.003
2024-09-10T13:00;perimetro;S;-372.054
2024-09-10T13:00;perimetro;SIN;-372.054
2024-09-10T14:00;perimetro;S;-372.009
2024-09-10T14:00;perimetro;SIN;-372.009
2024-09-10T15:00;perimetro;S;-350.384
2024-09-10T15:00;perimetro;SIN;-350.384
2024-09-10T16:00;perimetro;S;-52.15
2024-09-10T16:00;perimetro;SIN;-52.15
2024-09-10T17:00;perimetro;S;244.251
2024-09-10T17:00;perimetro;SIN;244.251
2024-09-10T18:00;perimetro;S;75.106
2024-09-10T18:00;perimetro;SIN;75.106
2024-09-10T23:00;perimetro;S;-140.076
2024-09-10T23:00;perimetro;SIN;-140.076
2024-09-12T16:00;perimetro;S;188.764
2024-09-12T16:00;perimetro;SIN;188.764
2024-09-12T17:00;perimetro;S;498.044
2024-09-12T17:00;perimetro;SIN;498.048
2024-09-12T18:00;perimetro;S;428.853
2024-09-12T18:00;perimetro;SIN;428.855
2024-09-12T19:00;perimetro;S;380.778
2024-09-12T19:00;perimetro;SIN;380.777
2024-09-12T20:00;perimetro;S;427.301
2024-09-12T20:00;perimetro;SIN;427.298
2024-09-12T21:00;perimetro;S;468.049
2024-09-12T21:00;perimetro;SIN;468.048
2024-09-12T22:00;perimetro;S;499.54
2024-09-12T22:00;perimetro;SIN;499.542
2024-09-12T23:00;perimetro;S;148.671
2024-09-12T23:00;perimetro;SIN;148.671
2024-09-13T16:00;perimetro;S;244.839
2024-09-13T16:00;perimetro;SIN;244.839
2024-09-13T17:00;perimetro;S;1181.366
2024-09-13T17:00;perimetro;SIN;1181.366
2024-09-13T18:00;perimetro;S;1037.49
2024-09-13T18:00;perimetro;SIN;1037.49
2024-09-13T19:00;perimetro;S;250.357
2024-09-13T19:00;perimetro;SIN;250.357
2024-09-13T20:00;perimetro;S;250.439
2024-09-13T20:00;perimetro;SIN;250.439
2024-09-13T21:00;perimetro;S;250.462
2024-09-13T21:00;perimetro;SIN;250.462
2024-09-13T22:00;perimetro;S;114.888
2024-09-13T22:00;perimetro;SIN;114.888
2024-09-14T16:00;perimetro;S;163.0
2024-09-14T16:00;perimetro;SIN;163.003
2024-09-14T17:00;perimetro;S;400.545
2024-09-14T17:00;perimetro;SIN;400.54
2024-09-14T18:00;perimetro;S;359.347
2024-09-14T18:00;perimetro;SIN;359.35
2024-09-16T16:00;perimetro;S;163.527
2024-09-16T16:00;perimetro;SIN;163.527
2024-09-16T17:00;perimetro;S;400.484
2024-09-16T17:00;perimetro;SIN;400.484
2024-09-16T18:00;perimetro;S;395.139
2024-09-16T18:00;perimetro;SIN;395.139
2024-09-16T19:00;perimetro;S;17.819
2024-09-16T19:00;perimetro;SIN;17.819
2024-09-17T17:00;perimetro;S;115.067
2024-09-17T17:00;perimetro;SIN;115.067
2024-09-17T18:00;perimetro;S;470.115
2024-09-17T18:00;perimetro;SIN;470.115
2024-09-17T19:00;perimetro;S;494.65
2024-09-17T19:00;perimetro;SIN;494.65
2024-09-17T20:00;perimetro;S;497.469
2024-09-17T20:00;perimetro;SIN;497.469
2024-09-17T21:00;perimetro;S;410.279
2024-09-17T21:00;perimetro;SIN;410.279
2024-09-20T17:00;perimetro;S;514.958
2024-09-20T17:00;perimetro;SIN;514.958
2024-09-20T18:00;perimetro;S;400.38
2024-09-20T18:00;perimetro;SIN;400.38
2024-09-20T19:00;perimetro;S;377.124
2024-09-20T19:00;perimetro;SIN;377.124
2024-09-20T20:00;perimetro;S;199.86
2024-09-20T20:00;perimetro;SIN;199.86
2024-09-20T21:00;perimetro;S;334.43
2024-09-20T21:00;perimetro;SIN;334.43
2024-09-20T22:00;perimetro;S;2.693
2024-09-20T22:00;perimetro;SIN;2.693
2024-09-21T17:00;perimetro;S;772.563
2024-09-21T17:00;perimetro;SIN;772.563
2024-09-21T18:00;perimetro;S;900.306
2024-09-21T18:00;perimetro;SIN;900.306
2024-09-21T19:00;perimetro;S;900.265
2024-09-21T19:00;perimetro;SIN;900.265
2024-09-21T20:00;perimetro;S;900.268
2024-09-21T20:00;perimetro;SIN;900.268
2024-09-21T21:00;perimetro;S;848.445
2024-09-21T21:00;perimetro;SIN;848.445
2024-09-21T22:00;perimetro;S;13.503
2024-09-21T22:00;perimetro;SIN;13.503
2024-09-23T16:00;perimetro;S;319.815
2024-09-23T16:00;perimetro;SIN;319.815
2024-09-23T17:00;perimetro;S;1510.618
2024-09-23T17:00;perimetro;SIN;1510.618
2024-09-23T18:00;perimetro;S;1649.353
2024-09-23T18:00;perimetro;SIN;1649.353
2024-09-23T19:00;perimetro;S;1649.074
2024-09-23T19:00;perimetro;SIN;1649.074
2024-09-23T20:00;perimetro;S;1649.426
2024-09-23T20:00;perimetro;SIN;1649.426
2024-09-23T21:00;perimetro;S;1413.507
2024-09-23T21:00;perimetro;SIN;1413.507
2024-09-23T22:00;perimetro;S;151.656
2024-09-23T22:00;perimetro;SIN;151.656
2024-09-25T16:00;perimetro;S;1003.698
2024-09-25T16:00;perimetro;SIN;1003.698
2024-09-25T17:00;perimetro;S;2488.774
2024-09-25T17:00;perimetro;SIN;2488.774
2024-09-25T18:00;perimetro;S;2699.703
2024-09-25T18:00;perimetro;SIN;2699.703
2024-09-25T19:00;perimetro;S;2699.972
2024-09-25T19:00;perimetro;SIN;2699.972
2024-09-25T20:00;perimetro;S;2700.022
2024-09-25T20:00;perimetro;SIN;2700.022
2024-09-25T21:00;perimetro;S;2700.0
2024-09-25T21:00;perimetro;SIN;2700.0
2024-09-25T22:00;perimetro;S;1793.141
2024-09-25T22:00;perimetro;SIN;1793.141
2024-09-25T23:00;perimetro;S;153.492
2024-09-25T23:00;perimetro;SIN;153.492
2024-09-26T13:00;perimetro;S;161.964
2024-09-26T13:00;perimetro;SIN;161.964
2024-09-26T14:00;perimetro;S;1352.232
2024-09-26T14:00;perimetro;SIN;1352.232
2024-09-26T15:00;perimetro;S;2200.009
2024-09-26T15:00;perimetro;SIN;2200.004
2024-09-26T16:00;perimetro;S;2199.928
2024-09-26T16:00;perimetro;SIN;2199.927
2024-09-26T17:00;perimetro;S;2199.836
2024-09-26T17:00;perimetro;SIN;2199.838
2024-09-26T18:00;perimetro;S;2200.026
2024-09-26T18:00;perimetro;SIN;2200.024
2024-09-26T19:00;perimetro;S;2199.988
2024-09-26T19:00;perimetro;SIN;2199.986
2024-09-26T20:00;perimetro;S;2200.034
2024-09-26T20:00;perimetro;SIN;2200.037
2024-09-26T21:00;perimetro;S;2199.923
2024-09-26T21:00;perimetro;SIN;2199.922
2024-09-26T22:00;perimetro;S;2172.349
2024-09-26T22:00;perimetro;SIN;2172.346
2024-09-26T23:00;perimetro;S;1199.693
2024-09-26T23:00;perimetro;SIN;1199.696
2024-09-28T00:00;perimetro;S;435.61
2024-09-28T00:00;perimetro;SIN;435.61
2024-10-03T14:00;perimetro;S;162.967
2024-10-03T14:00;perimetro;SIN;162.967
2024-10-03T15:00;perimetro;S;1466.057
2024-10-03T15:00;perimetro;SIN;1466.057
2024-10-03T16:00;perimetro;S;2700.343
2024-10-03T16:00;perimetro;SIN;2700.343
2024-10-03T17:00;perimetro;S;2698.965
2024-10-03T17:00;perimetro;SIN;2698.965
2024-10-03T18:00;perimetro;S;2591.078
2024-10-03T18:00;perimetro;SIN;2591.078
2024-10-03T19:00;perimetro;S;2375.119
2024-10-03T19:00;perimetro;SIN;2375.119
2024-10-03T20:00;perimetro;S;1276.337
2024-10-03T20:00;perimetro;SIN;1276.337
2024-10-03T21:00;perimetro;S;367.346
2024-10-03T21:00;perimetro;SIN;367.346
2024-10-15T00:00;perimetro;S;180.109
2024-10-15T00:00;perimetro;SIN;180.109
2024-10-15T01:00;perimetro;S;219.227
2024-10-15T01:00;perimetro;SIN;219.227
2024-10-15T02:00;perimetro;S;218.493
2024-10-15T02:00;perimetro;SIN;218.493
2024-10-15T03:00;perimetro;S;216.093
2024-10-15T03:00;perimetro;SIN;216.093
2024-10-15T04:00;perimetro;S;219.582
2024-10-15T04:00;perimetro;SIN;219.582
2024-10-15T05:00;perimetro;S;222.949
2024-10-15T05:00;perimetro;SIN;222.949
2024-10-15T06:00;perimetro;S;205.586
2024-10-15T06:00;perimetro;SIN;205.586
2024-10-16T00:00;perimetro;S;210.392
2024-10-16T00:00;perimetro;SIN;210.392
2024-10-16T01:00;perimetro;S;220.604
2024-10-16T01:00;perimetro;SIN;220.604
2024-10-16T02:00;perimetro;S;220.542
2024-10-16T02:00;perimetro;SIN;220.542
2024-10-16T03:00;perimetro;S;220.514
2024-10-16T03:00;perimetro;SIN;220.514
2024-10-16T04:00;perimetro;S;220.469
2024-10-16T04:00;perimetro;SIN;220.469
2024-10-16T05:00;perimetro;S;220.504
2024-10-16T05:00;perimetro;SIN;220.504
2024-10-16T06:00;perimetro;S;220.539
2024-10-16T06:00;perimetro;SIN;220.539
2024-10-16T07:00;perimetro;S;220.588
2024-10-16T07:00;perimetro;SIN;220.588
2024-10-16T08:00;perimetro;S;220.566
2024-10-16T08:00;perimetro;SIN;220.566
2024-10-16T09:00;perimetro;S;220.55
2024-10-16T09:00;perimetro;SIN;220.55
2024-10-16T10:00;perimetro;S;220.544
2024-10-16T10:00;perimetro;SIN;220.544
2024-10-16T11:00;perimetro;S;220.603
2024-10-16T11:00;perimetro;SIN;220.603
2024-10-16T12:00;perimetro;S;220.457
2024-10-16T12:00;perimetro;SIN;220.457
2024-10-16T13:00;perimetro;S;213.314
2024-10-16T13:00;perimetro;SIN;213.314
2024-10-16T14:00;perimetro;S;92.303
2024-10-16T14:00;perimetro;SIN;92.303
2024-10-16T15:00;perimetro;S;1189.664
2024-10-16T15:00;perimetro;SIN;1189.664
2024-10-16T16:00;perimetro;S;1439.06
2024-10-16T16:00;perimetro;SIN;1439.06
2024-10-16T17:00;perimetro;S;1438.035
2024-10-16T17:00;perimetro;SIN;1438.035
2024-10-16T18:00;perimetro;S;1379.439
2024-10-16T18:00;perimetro;SIN;1379.439
2024-10-16T19:00;perimetro;S;1379.36
2024-10-16T19:00;perimetro;SIN;1379.36
2024-10-16T20:00;perimetro;S;1491.915
2024-10-16T20:00;perimetro;SIN;1491.915
2024-10-16T21:00;perimetro;S;1557.09
2024-10-16T21:00;perimetro;SIN;1557.09
2024-10-16T22:00;perimetro;S;601.041
2024-10-16T22:00;perimetro;SIN;601.041
2024-10-16T23:00;perimetro;S;7.799
2024-10-16T23:00;perimetro;SIN;7.799
2024-10-17T00:00;perimetro;S;256.978
2024-10-17T00:00;perimetro;SIN;256.978
2024-10-17T01:00;perimetro;S;290.481
2024-10-17T01:00;perimetro;SIN;290.481
2024-10-17T02:00;perimetro;S;290.435
2024-10-17T02:00;perimetro;SIN;290.435
2024-10-17T03:00;perimetro;S;290.458
2024-10-17T03:00;perimetro;SIN;290.458
2024-10-17T04:00;perimetro;S;290.458
2024-10-17T04:00;perimetro;SIN;290.458
2024-10-17T05:00;perimetro;S;290.39
2024-10-17T05:00;perimetro;SIN;290.39
2024-10-17T06:00;perimetro;S;290.128
2024-10-17T06:00;perimetro;SIN;290.128
2024-10-17T07:00;perimetro;S;258.951
2024-10-17T07:00;perimetro;SIN;258.951
2024-10-17T08:00;perimetro;S;249.758
2024-10-17T08:00;perimetro;SIN;249.758
2024-10-17T09:00;perimetro;S;249.424
2024-10-17T09:00;perimetro;SIN;249.424
2024-10-17T10:00;perimetro;S;203.297
2024-10-17T10:00;perimetro;SIN;203.297
2024-10-17T11:00;perimetro;S;171.385
2024-10-17T11:00;perimetro;SIN;171.385
2024-10-17T12:00;perimetro;S;171.342
2024-10-17T12:00;perimetro;SIN;171.342
2024-10-17T13:00;perimetro;S;171.375
2024-10-17T13:00;perimetro;SIN;171.375
2024-10-17T14:00;perimetro;S;263.262
2024-10-17T14:00;perimetro;SIN;263.262
2024-10-17T15:00;perimetro;S;987.918
2024-10-17T15:00;perimetro;SIN;987.918
2024-10-17T16:00;perimetro;S;1271.467
2024-10-17T16:00;perimetro;SIN;1271.467
2024-10-17T17:00;perimetro;S;1267.069
2024-10-17T17:00;perimetro;SIN;1267.069
2024-10-17T18:00;perimetro;S;1099.968
2024-10-17T18:00;perimetro;SIN;1099.968
2024-10-17T19:00;perimetro;S;1099.938
2024-10-17T19:00;perimetro;SIN;1099.938
2024-10-17T20:00;perimetro;S;1099.87
2024-10-17T20:00;perimetro;SIN;1099.87
2024-10-17T21:00;perimetro;S;1100.023
2024-10-17T21:00;perimetro;SIN;1100.023
2024-10-17T22:00;perimetro;S;1100.051
2024-10-17T22:00;perimetro;SIN;1100.051
2024-10-17T23:00;perimetro;S;638.352
2024-10-17T23:00;perimetro;SIN;638.352
2024-12-04T18:00;perimetro;S;162.244
2024-12-04T18:00;perimetro;SIN;162.244
2024-12-04T19:00;perimetro;S;245.622
2024-12-04T19:00;perimetro;SIN;245.622
2026-01-01T00:00;balanco;N;-1.806
2026-01-01T00:00;balanco;NE;1.306
2026-01-01T00:00;balanco;S;-43.31
2026-01-01T00:00;balanco;SE;0.202
2026-01-01T00:00;balanco;SIN;-36.24
2026-01-01T01:00;balanco;N;-1.727
2026-01-01T01:00;balanco;NE;8.557
2026-01-01T01:00;balanco;SE;-2.048
2026-01-01T01:00;balanco;SIN;-38.974
2026-01-01T02:00;balanco;N;-1.693
2026-01-01T02:00;balanco;NE;1.317
2026-01-01T02:00;balanco;SE;0.357
2026-01-01T02:00;balanco;SIN;-24.827
2026-01-01T03:00;balanco;N;-1.705
2026-01-01T03:00;balanco;NE;1.293
2026-01-01T03:00;balanco;SE;-0.885
2026-01-01T03:00;balanco;SIN;-39.803
2026-01-01T04:00;balanco;N;-1.681
2026-01-01T04:00;balanco;SE;-0.738
2026-01-01T04:00;balanco;SIN;-38.894
2026-01-01T05:00;balanco;N;-1.699
2026-01-01T05:00;balanco;NE;-9.577
2026-01-01T05:00;balanco;S;-26.523
2026-01-01T05:00;balanco;SE;-3.774
2026-01-01T05:00;balanco;SIN;-27.448
2026-01-01T06:00;balanco;N;-1.62
2026-01-01T06:00;balanco;NE;-37.943
2026-01-01T06:00;balanco;S;-18.205
2026-01-01T06:00;balanco;SE;1.704
2026-01-01T06:00;balanco;SIN;12.827
2026-01-01T07:00;balanco;N;-1.732
2026-01-01T07:00;balanco;NE;-30.019
2026-01-01T07:00;balanco;SE;21.136
2026-01-01T07:00;balanco;SIN;21.573
2026-01-01T08:00;balanco;N;-1.522
2026-01-01T08:00;balanco;NE;-18.092
2026-01-01T08:00;balanco;SE;29.318
2026-01-01T08:00;balanco;SIN;10.141
2026-01-01T09:00;balanco;N;-1.686
2026-01-01T09:00;balanco;NE;-3.494
2026-01-01T09:00;balanco;SE;24.668
2026-01-01T09:00;balanco;SIN;40.616
2026-01-01T10:00;balanco;N;-1.571
2026-01-01T10:00;balanco;NE;-4.236
2026-01-01T10:00;balanco;SE;21.808
2026-01-01T10:00;balanco;SIN;57.048
2026-01-01T11:00;balanco;N;-1.592
2026-01-01T11:00;balanco;NE;-8.958
2026-01-01T11:00;balanco;S;-20.778
2026-01-01T11:00;balanco;SE;20.047
2026-01-01T11:00;balanco;SIN;36.262
2026-01-01T12:00;balanco;N;-1.817
2026-01-01T12:00;balanco;NE;-14.319
2026-01-01T12:00;balanco;S;-21.334
2026-01-01T12:00;balanco;SE;19.542
2026-01-01T12:00;balanco;SIN;23.239
2026-01-01T13:00;balanco;N;-1.736
2026-01-01T13:00;balanco;NE;-9.743
2026-01-01T13:00;balanco;SE;22.632
2026-01-01T13:00;balanco;SIN;25.755
2026-01-01T14:00;balanco;N;-1.699
2026-01-01T14:00;balanco;NE;-7.128
2026-01-01T14:00;balanco;SE;27.948
2026-01-01T14:00;balanco;SIN;-30.838
2026-01-01T15:00;balanco;N;-1.662
2026-01-01T15:00;balanco;NE;-15.193
2026-01-01T15:00;balanco;SE;-7.268
2026-01-01T15:00;balanco;SIN;-105.816
2026-01-01T16:00;balanco;N;-1.634
2026-01-01T16:00;balanco;NE;-83.173
2026-01-01T16:00;balanco;S;8.012
2026-01-01T16:00;balanco;SE;-370.18
2026-01-01T16:00;balanco;SIN;-532.522
2026-01-01T17:00;balanco;N;-1.768
2026-01-01T17:00;balanco;NE;-63.804
2026-01-01T17:00;balanco;SE;-672.413
2026-01-01T17:00;balanco;SIN;-742.354
2026-01-01T18:00;balanco;N;-1.887
2026-01-01T18:00;balanco;NE;-7.725
2026-01-01T18:00;balanco;SE;-439.396
2026-01-01T18:00;balanco;SIN;-452.439
2026-01-01T19:00;balanco;N;-1.737
2026-01-01T19:00;balanco;NE;-4.125
2026-01-01T19:00;balanco;SE;-2.432
2026-01-01T19:00;balanco;SIN;-28.159
2026-01-01T20:00;balanco;N;-1.808
2026-01-01T20:00;balanco;NE;-4.184
2026-01-01T20:00;balanco;S;-10.872
2026-01-01T20:00;balanco;SE;-10.05
2026-01-01T20:00;balanco;SIN;-25.775
2026-01-01T21:00;balanco;N;-1.806
2026-01-01T21:00;balanco;NE;-3.503
2026-01-01T21:00;balanco;SE;-7.492
2026-01-01T21:00;balanco;SIN;-18.965
2026-01-01T22:00;balanco;N;-1.773
2026-01-01T22:00;balanco;NE;-2.902
2026-01-01T22:00;balanco;SE;-13.011
2026-01-01T22:00;balanco;SIN;-12.118
2026-01-01T23:00;balanco;N;-1.745
2026-01-01T23:00;balanco;NE;-1.398
2026-01-01T23:00;balanco;SE;-18.782
2026-01-01T23:00;balanco;SIN;-22.096
2026-01-02T00:00;balanco;N;-1.862
2026-01-02T00:00;balanco;NE;-5.476
2026-01-02T00:00;balanco;S;-2.223
2026-01-02T00:00;balanco;SE;-0.684
2026-01-02T00:00;balanco;SIN;-10.19
2026-01-02T01:00;balanco;N;-2.057
2026-01-02T01:00;balanco;NE;-5.775
2026-01-02T01:00;balanco;SE;-2.012
2026-01-02T01:00;balanco;SIN;-11.417
2026-01-02T02:00;balanco;N;-2.031
2026-01-02T02:00;balanco;NE;-12.117
2026-01-02T02:00;balanco;S;-0.171
2026-01-02T02:00;balanco;SE;0.98
2026-01-02T02:00;balanco;SIN;-12.805
2026-01-02T03:00;balanco;N;-1.986
2026-01-02T03:00;balanco;NE;-13.695
2026-01-02T03:00;balanco;SE;0.902
2026-01-02T03:00;balanco;SIN;-16.863
2026-01-02T04:00;balanco;N;-1.88
2026-01-02T04:00;balanco;NE;-18.121
2026-01-02T04:00;balanco;SE;1.059
2026-01-02T04:00;balanco;SIN;-18.308
2026-01-02T05:00;balanco;N;-1.914
2026-01-02T05:00;balanco;NE;-24.76
2026-01-02T05:00;balanco;SE;4.79
2026-01-02T05:00;balanco;SIN;-21.767
2026-01-02T06:00;balanco;N;-1.938
2026-01-02T06:00;balanco;NE;16.237
2026-01-02T06:00;balanco;SE;-0.941
2026-01-02T06:00;balanco;SIN;13.903
2026-01-02T07:00;balanco;N;-2.037
2026-01-02T07:00;balanco;NE;-9.44
2026-01-02T07:00;balanco;S;-0.345
2026-01-02T07:00;balanco;SE;67.993
2026-01-02T07:00;balanco;SIN;56.507
2026-01-02T08:00;balanco;N;-2.036
2026-01-02T08:00;balanco;NE;-21.702
2026-01-02T08:00;balanco;S;0.254
2026-01-02T08:00;balanco;SE;85.507
2026-01-02T08:00;balanco;SIN;62.773
2026-01-02T09:00;balanco;N;-2.091
2026-01-02T09:00;balanco;NE;-11.439
2026-01-02T09:00;balanco;S;-0.813
2026-01-02T09:00;balanco;SE;48.442
2026-01-02T09:00;balanco;SIN;32.236
2026-01-02T10:00;balanco;N;-1.931
2026-01-02T10:00;balanco;NE;-11.709
2026-01-02T10:00;balanco;S;0.207
2026-01-02T10:00;balanco;SE;40.292
2026-01-02T10:00;balanco;SIN;28.398
2026-01-02T11:00;balanco;N;-2.0
2026-01-02T11:00;balanco;NE;-21.021
2026-01-02T11:00;balanco;S;-0.901
2026-01-02T11:00;balanco;SE;28.507
2026-01-02T11:00;balanco;SIN;4.097
2026-01-02T12:00;balanco;N;-2.055
2026-01-02T12:00;balanco;NE;-30.994
2026-01-02T12:00;balanco;S;-3.974
2026-01-02T12:00;balanco;SE;34.819
2026-01-02T12:00;balanco;SIN;-3.019
2026-01-02T13:00;balanco;N;-1.911
2026-01-02T13:00;balanco;NE;-32.452
2026-01-02T13:00;balanco;S;-3.342
2026-01-02T13:00;balanco;SE;40.084
2026-01-02T13:00;balanco;SIN;1.36
2026-01-02T14:00;balanco;N;-1.94
2026-01-02T14:00;balanco;NE;-22.751
2026-01-02T14:00;balanco;S;-2.89
2026-01-02T14:00;balanco;SE;26.55
2026-01-02T14:00;balanco;SIN;-0.342
2026-01-02T15:00;balanco;N;-1.926
2026-01-02T15:00;balanco;NE;-150.661
2026-01-02T15:00;balanco;S;-3.998
2026-01-02T15:00;balanco;SE;-143.788
2026-01-02T15:00;balanco;SIN;-300.519
2026-01-02T16:00;balanco;N;-2.051
2026-01-02T16:00;balanco;NE;-258.177
2026-01-02T16:00;balanco;S;-2.595
2026-01-02T16:00;balanco;SE;-308.395
2026-01-02T16:00;balanco;SIN;-571.599
2026-01-02T17:00;balanco;N;-2.053
2026-01-02T17:00;balanco;NE;-82.684
2026-01-02T17:00;balanco;S;1.47
2026-01-02T17:00;balanco;SE;8.485
2026-01-02T17:00;balanco;SIN;-75.307
2026-01-02T18:00;balanco;N;-2.005
2026-01-02T18:00;balanco;NE;-9.115
2026-01-02T18:00;balanco;S;3.849
2026-01-02T18:00;balanco;SE;12.62
2026-01-02T18:00;balanco;SIN;4.64
2026-01-02T19:00;balanco;N;-2.114
2026-01-02T19:00;balanco;NE;-12.112
2026-01-02T19:00;balanco;S;0.782
2026-01-02T19:00;balanco;SE;9.97
2026-01-02T19:00;balanco;SIN;-3.067
2026-01-02T20:00;balanco;N;-1.916
2026-01-02T20:00;balanco;NE;1.246
2026-01-02T20:00;balanco;S;1.155
2026-01-02T20:00;balanco;SE;13.519
2026-01-02T20:00;balanco;SIN;13.408
2026-01-02T21:00;balanco;N;-1.973
2026-01-02T21:00;balanco;NE;4.636
2026-01-02T21:00;balanco;S;0.333
2026-01-02T21:00;balanco;SE;10.423
2026-01-02T21:00;balanco;SIN;14.149
2026-01-02T22:00;balanco;N;-1.977
2026-01-02T22:00;balanco;NE;1.17
2026-01-02T22:00;balanco;S;-4.871
2026-01-02T22:00;balanco;SE;8.838
2026-01-02T22:00;balanco;SIN;3.694
2026-01-02T23:00;balanco;N;-1.88
2026-01-02T23:00;balanco;NE;-1.569
2026-01-02T23:00;balanco;S;-2.755
2026-01-02T23:00;balanco;SE;5.534
2026-01-02T23:00;balanco;SIN;-0.674
2026-01-03T00:00;balanco;N;-1.803
2026-01-03T00:00;balanco;NE;0.83
2026-01-03T00:00;balanco;S;-2.104
2026-01-03T00:00;balanco;SE;9.35
2026-01-03T00:00;balanco;SIN;6.277
2026-01-03T01:00;balanco;N;-1.808
2026-01-03T01:00;balanco;NE;-9.578
2026-01-03T01:00;balanco;S;-3.099
2026-01-03T01:00;balanco;SE;15.557
2026-01-03T01:00;balanco;SIN;1.072
2026-01-03T02:00;balanco;N;-1.518
2026-01-03T02:00;balanco;NE;-8.727
2026-01-03T02:00;balanco;S;-4.051
2026-01-03T02:00;balanco;SE;8.047
2026-01-03T02:00;balanco;SIN;-6.247
2026-01-03T03:00;balanco;N;-1.739
2026-01-03T03:00;balanco;NE;-0.98
2026-01-03T03:00;balanco;S;-5.144
2026-01-03T03:00;balanco;SE;8.131
2026-01-03T03:00;balanco;SIN;0.265
2026-01-03T04:00;balanco;N;-1.763
2026-01-03T04:00;balanco;NE;-2.56
2026-01-03T04:00;balanco;S;-3.315
2026-01-03T04:00;balanco;SE;14.563
2026-01-03T04:00;balanco;SIN;6.923
2026-01-03T05:00;balanco;N;-1.765
2026-01-03T05:00;balanco;NE;-13.071
2026-01-03T05:00;balanco;S;-3.963
2026-01-03T05:00;balanco;SE;17.217
2026-01-03T05:00;balanco;SIN;-1.586
2026-01-03T06:00;balanco;N;-1.729
2026-01-03T06:00;balanco;NE;20.983
2026-01-03T06:00;balanco;S;-4.541
2026-01-03T06:00;balanco;SE;6.734
2026-01-03T06:00;balanco;SIN;21.45
2026-01-03T07:00;balanco;N;-1.741
2026-01-03T07:00;balanco;NE;-12.429
2026-01-03T07:00;balanco;S;-4.174
2026-01-03T07:00;balanco;SE;3.783
2026-01-03T07:00;balanco;SIN;-14.558
2026-01-03T08:00;balanco;N;-1.735
2026-01-03T08:00;balanco;NE;1.238
2026-01-03T08:00;balanco;S;-3.398
2026-01-03T08:00;balanco;SE;28.096
2026-01-03T08:00;balanco;SIN;24.197
2026-01-03T09:00;balanco;N;-2.101
2026-01-03T09:00;balanco;NE;-13.125
2026-01-03T09:00;balanco;S;-4.234
2026-01-03T09:00;balanco;SE;33.499
2026-01-03T09:00;balanco;SIN;14.043
2026-01-03T10:00;balanco;N;-1.698
2026-01-03T10:00;balanco;NE;-14.065
2026-01-03T10:00;balanco;S;-3.991
2026-01-03T10:00;balanco;SE;62.409
2026-01-03T10:00;balanco;SIN;42.656
2026-01-03T11:00;balanco;N;-1.658
2026-01-03T11:00;balanco;NE;-17.013
2026-01-03T11:00;balanco;S;-4.222
2026-01-03T11:00;balanco;SE;63.39
2026-01-03T11:00;balanco;SIN;40.5
2026-01-03T12:00;balanco;N;-1.66
2026-01-03T12:00;balanco;NE;-27.663
2026-01-03T12:00;balanco;S;-3.645
2026-01-03T12:00;balanco;SE;79.246
2026-01-03T12:00;balanco;SIN;46.282
2026-01-03T13:00;balanco;N;-1.645
2026-01-03T13:00;balanco;NE;-36.188
2026-01-03T13:00;balanco;S;-4.372
2026-01-03T13:00;balanco;SE;69.851
2026-01-03T13:00;balanco;SIN;27.648
2026-01-03T14:00;balanco;N;-1.709
2026-01-03T14:00;balanco;NE;-71.743
2026-01-03T14:00;balanco;S;-3.829
2026-01-03T14:00;balanco;SE;94.709
2026-01-03T14:00;balanco;SIN;17.427
2026-01-03T15:00;balanco;N;-1.709
2026-01-03T15:00;balanco;NE;-121.554
2026-01-03T15:00;balanco;S;-3.779
2026-01-03T15:00;balanco;SE;128.075
2026-01-03T15:00;balanco;SIN;1.037
2026-01-03T16:00;balanco;N;-1.647
2026-01-03T16:00;balanco;NE;-205.245
2026-01-03T16:00;balanco;S;-4.551
2026-01-03T16:00;balanco;SE;98.527
2026-01-03T16:00;balanco;SIN;-112.915
2026-01-03T17:00;balanco;N;-1.63
2026-01-03T17:00;balanco;NE;-183.428
2026-01-03T17:00;balanco;S;-4.254
2026-01-03T17:00;balanco;SE;91.863
2026-01-03T17:00;balanco;SIN;-97.446
2026-01-03T18:00;balanco;N;-1.781
2026-01-03T18:00;balanco;NE;-19.316
2026-01-03T18:00;balanco;S;-3.239
2026-01-03T18:00;balanco;SE;13.554
2026-01-03T18:00;balanco;SIN;-10.783
2026-01-03T19:00;balanco;N;-1.736
2026-01-03T19:00;balanco;NE;-6.762
2026-01-03T19:00;balanco;S;-0.52
2026-01-03T19:00;balanco;SE;0.968
2026-01-03T19:00;balanco;SIN;-8.05
2026-01-03T20:00;balanco;N;-1.788
2026-01-03T20:00;balanco;NE;-8.015
2026-01-03T20:00;balanco;S;-1.233
2026-01-03T20:00;balanco;SE;-1.197
2026-01-03T20:00;balanco;SIN;-12.23
2026-01-03T21:00;balanco;N;-1.776
2026-01-03T21:00;balanco;NE;-4.405
2026-01-03T21:00;balanco;S;-0.388
2026-01-03T21:00;balanco;SE;-0.531
2026-01-03T21:00;balanco;SIN;-7.103
2026-01-03T22:00;balanco;N;-1.835
2026-01-03T22:00;balanco;NE;-5.313
2026-01-03T22:00;balanco;S;-0.616
2026-01-03T22:00;balanco;SE;-1.635
2026-01-03T22:00;balanco;SIN;-9.403
2026-01-03T23:00;balanco;N;-1.839
2026-01-03T23:00;balanco;NE;-6.115
2026-01-03T23:00;balanco;S;-3.691
2026-01-03T23:00;balanco;SE;-4.147
2026-01-03T23:00;balanco;SIN;-15.79
2026-01-04T00:00;balanco;N;-1.971
2026-01-04T00:00;balanco;NE;-10.484
2026-01-04T00:00;balanco;SE;-0.479
2026-01-04T00:00;balanco;SIN;-14.462
2026-01-04T01:00;balanco;N;-1.995
2026-01-04T01:00;balanco;NE;-2.543
2026-01-04T01:00;balanco;S;1.338
2026-01-04T01:00;balanco;SE;-0.254
2026-01-04T01:00;balanco;SIN;-3.982
2026-01-04T02:00;balanco;N;-1.926
2026-01-04T02:00;balanco;NE;-2.372
2026-01-04T02:00;balanco;S;1.117
2026-01-04T02:00;balanco;SE;-0.418
2026-01-04T02:00;balanco;SIN;-2.294
2026-01-04T03:00;balanco;N;-2.133
2026-01-04T03:00;balanco;NE;0.299
2026-01-04T03:00;balanco;S;-0.247
2026-01-04T03:00;balanco;SE;-0.283
2026-01-04T03:00;balanco;SIN;-0.979
2026-01-04T04:00;balanco;N;-1.916
2026-01-04T04:00;balanco;S;4.622
2026-01-04T04:00;balanco;SE;0.198
2026-01-04T04:00;balanco;SIN;4.574
2026-01-04T05:00;balanco;N;-1.999
2026-01-04T05:00;balanco;NE;-17.403
2026-01-04T05:00;balanco;S;2.71
2026-01-04T05:00;balanco;SE;4.1
2026-01-04T05:00;balanco;SIN;-9.552
2026-01-04T06:00;balanco;N;-1.835
2026-01-04T06:00;balanco;NE;62.202
2026-01-04T06:00;balanco;S;-1.888
2026-01-04T06:00;balanco;SE;-3.072
2026-01-04T06:00;balanco;SIN;56.638
2026-01-04T07:00;balanco;N;-2.016
2026-01-04T07:00;balanco;NE;-10.831
2026-01-04T07:00;balanco;S;-2.896
2026-01-04T07:00;balanco;SE;5.115
2026-01-04T07:00;balanco;SIN;-7.745
2026-01-04T08:00;balanco;N;-1.946
2026-01-04T08:00;balanco;NE;-17.453
2026-01-04T08:00;balanco;S;-0.79
2026-01-04T08:00;balanco;SE;20.467
2026-01-04T08:00;balanco;SIN;2.623
2026-01-04T09:00;balanco;N;-1.911
2026-01-04T09:00;balanco;NE;-14.715
2026-01-04T09:00;balanco;S;-0.965
2026-01-04T09:00;balanco;SE;21.105
2026-01-04T09:00;balanco;SIN;5.177
2026-01-04T10:00;balanco;N;-2.013
2026-01-04T10:00;balanco;NE;-3.225
2026-01-04T10:00;balanco;S;-1.499
2026-01-04T10:00;balanco;SE;21.438
2026-01-04T10:00;balanco;SIN;15.819
2026-01-04T11:00;balanco;N;-1.906
2026-01-04T11:00;balanco;NE;-21.157
2026-01-04T11:00;balanco;S;-0.576
2026-01-04T11:00;balanco;SE;19.768
2026-01-04T11:00;balanco;SIN;-1.321
2026-01-04T12:00;balanco;N;-1.905
2026-01-04T12:00;balanco;NE;-8.398
2026-01-04T12:00;balanco;S;-1.396
2026-01-04T12:00;balanco;SE;19.839
2026-01-04T12:00;balanco;SIN;13.393
2026-01-04T13:00;balanco;N;-2.098
2026-01-04T13:00;balanco;NE;-39.356
2026-01-04T13:00;balanco;S;-0.578
2026-01-04T13:00;balanco;SE;19.238
2026-01-04T13:00;balanco;SIN;-18.097
2026-01-04T14:00;balanco;N;-1.977
2026-01-04T14:00;balanco;NE;-11.204
2026-01-04T14:00;balanco;S;-2.284
2026-01-04T14:00;balanco;SE;21.568
2026-01-04T14:00;balanco;SIN;9.902
2026-01-04T15:00;balanco;N;-1.962
2026-01-04T15:00;balanco;NE;-21.091
2026-01-04T15:00;balanco;S;-5.268
2026-01-04T15:00;balanco;SE;29.483
2026-01-04T15:00;balanco;SIN;3.861
2026-01-04T16:00;balanco;N;-1.921
2026-01-04T16:00;balanco;NE;-43.347
2026-01-04T16:00;balanco;S;-4.83
2026-01-04T16:00;balanco;SE;27.899
2026-01-04T16:00;balanco;SIN;-19.641
2026-01-04T17:00;balanco;N;-1.876
2026-01-04T17:00;balanco;NE;-110.584
2026-01-04T17:00;balanco;S;-3.194
2026-01-04T17:00;balanco;SE;-0.281
2026-01-04T17:00;balanco;SIN;-113.353
2026-01-04T18:00;balanco;N;-2.069
2026-01-04T18:00;balanco;NE;-47.973
2026-01-04T18:00;balanco;S;-2.45
2026-01-04T18:00;balanco;SE;-0.2
2026-01-04T18:00;balanco;SIN;-46.091
2026-01-04T19:00;balanco;N;-2.06
2026-01-04T19:00;balanco;NE;-77.509
2026-01-04T19:00;balanco;S;-0.372
2026-01-04T19:00;balanco;SE;-1.238
2026-01-04T19:00;balanco;SIN;-73.42
2026-01-04T20:00;balanco;N;-1.997
2026-01-04T20:00;balanco;NE;-47.982
2026-01-04T20:00;balanco;S;4.385
2026-01-04T20:00;balanco;SE;-1.39
2026-01-04T20:00;balanco;SIN;-39.13
2026-01-04T21:00;balanco;N;-1.958
2026-01-04T21:00;balanco;NE;57.766
2026-01-04T21:00;balanco;S;3.138
2026-01-04T21:00;balanco;SE;-1.45
2026-01-04T21:00;balanco;SIN;64.137
2026-01-04T22:00;balanco;N;-1.947
2026-01-04T22:00;balanco;NE;116.772
2026-01-04T22:00;balanco;S;2.812
2026-01-04T22:00;balanco;SE;-1.445
2026-01-04T22:00;balanco;SIN;115.744
2026-01-04T23:00;balanco;N;-2.017
2026-01-04T23:00;balanco;NE;148.009
2026-01-04T23:00;balanco;S;2.027
2026-01-04T23:00;balanco;SE;-1.415
2026-01-04T23:00;balanco;SIN;146.387
2026-01-05T00:00;balanco;N;-2.09
2026-01-05T00:00;balanco;NE;74.218
2026-01-05T00:00;balanco;S;2.173
2026-01-05T00:00;balanco;SE;1.656
2026-01-05T00:00;balanco;SIN;75.957
2026-01-05T01:00;balanco;N;-2.01
2026-01-05T01:00;balanco;NE;67.071
2026-01-05T01:00;balanco;S;2.243
2026-01-05T01:00;balanco;SIN;67.385
2026-01-05T02:00;balanco;N;-1.961
2026-01-05T02:00;balanco;NE;66.41
2026-01-05T02:00;balanco;S;3.3
2026-01-05T02:00;balanco;SE;0.345
2026-01-05T02:00;balanco;SIN;68.092
2026-01-05T03:00;balanco;N;-1.858
2026-01-05T03:00;balanco;NE;-2.295
2026-01-05T03:00;balanco;S;3.616
2026-01-05T03:00;balanco;SE;1.534
2026-01-05T03:00;balanco;SIN;1.003
2026-01-05T04:00;balanco;N;-1.939
2026-01-05T04:00;balanco;NE;-1.036
2026-01-05T04:00;balanco;S;3.824
2026-01-05T04:00;balanco;SE;-0.319
2026-01-05T04:00;balanco;SIN;0.538
2026-01-05T05:00;balanco;N;-2.002
2026-01-05T05:00;balanco;NE;35.788
2026-01-05T05:00;balanco;S;4.366
2026-01-05T05:00;balanco;SE;-2.201
2026-01-05T05:00;balanco;SIN;35.956
2026-01-05T06:00;balanco;N;-1.936
2026-01-05T06:00;balanco;NE;18.96
2026-01-05T06:00;balanco;S;5.015
2026-01-05T06:00;balanco;SE;14.891
2026-01-05T06:00;balanco;SIN;36.924
2026-01-05T07:00;balanco;N;-2.285
2026-01-05T07:00;balanco;NE;206.417
2026-01-05T07:00;balanco;S;2.51
2026-01-05T07:00;balanco;SE;106.338
2026-01-05T07:00;balanco;SIN;312.979
2026-01-05T08:00;balanco;N;-2.1
2026-01-05T08:00;balanco;NE;288.837
2026-01-05T08:00;balanco;S;1.54
2026-01-05T08:00;balanco;SE;64.666
2026-01-05T08:00;balanco;SIN;352.938
2026-01-05T09:00;balanco;N;-1.95
2026-01-05T09:00;balanco;NE;177.817
2026-01-05T09:00;balanco;S;-0.319
2026-01-05T09:00;balanco;SE;104.902
2026-01-05T09:00;balanco;SIN;280.454
2026-01-05T10:00;balanco;N;-1.96
2026-01-05T10:00;balanco;NE;180.433
2026-01-05T10:00;balanco;S;-0.782
2026-01-05T10:00;balanco;SE;113.55
2026-01-05T10:00;balanco;SIN;291.245
2026-01-05T11:00;balanco;N;-1.965
2026-01-05T11:00;balanco;NE;179.304
2026-01-05T11:00;balanco;SE;144.934
2026-01-05T11:00;balanco;SIN;322.276
2026-01-05T12:00;balanco;N;-2.079
2026-01-05T12:00;balanco;NE;169.958
2026-01-05T12:00;balanco;SE;22.427
2026-01-05T12:00;balanco;SIN;190.302
2026-01-05T13:00;balanco;N;-1.889
2026-01-05T13:00;balanco;NE;176.91
2026-01-05T13:00;balanco;S;-2.366
2026-01-05T13:00;balanco;SE;-67.591
2026-01-05T13:00;balanco;SIN;105.067
2026-01-05T14:00;balanco;N;-2.0
2026-01-05T14:00;balanco;NE;96.602
2026-01-05T14:00;balanco;S;-2.022
2026-01-05T14:00;balanco;SE;-170.583
2026-01-05T14:00;balanco;SIN;-78.0
2026-01-05T15:00;balanco;N;-1.927
2026-01-05T15:00;balanco;NE;111.769
2026-01-05T15:00;balanco;S;-1.815
2026-01-05T15:00;balanco;SE;-363.746
2026-01-05T15:00;balanco;SIN;-255.72
2026-01-05T16:00;balanco;N;-2.025
2026-01-05T16:00;balanco;NE;70.489
2026-01-05T16:00;balanco;S;-2.888
2026-01-05T16:00;balanco;SE;-137.888
2026-01-05T16:00;balanco;SIN;-72.312
2026-01-05T17:00;balanco;N;-2.039
2026-01-05T17:00;balanco;NE;79.296
2026-01-05T17:00;balanco;S;-3.498
2026-01-05T17:00;balanco;SE;-202.192
2026-01-05T17:00;balanco;SIN;-128.44
2026-01-05T18:00;balanco;N;-2.095
2026-01-05T18:00;balanco;NE;14.377
2026-01-05T18:00;balanco;S;-4.168
2026-01-05T18:00;balanco;SE;-207.481
2026-01-05T18:00;balanco;SIN;-199.371
2026-01-05T19:00;balanco;N;-2.163
2026-01-05T19:00;balanco;NE;22.646
2026-01-05T19:00;balanco;S;-4.131
2026-01-05T19:00;balanco;SE;-1.84
2026-01-05T19:00;balanco;SIN;14.508
2026-01-05T20:00;balanco;N;-1.972
2026-01-05T20:00;balanco;NE;24.644
2026-01-05T20:00;balanco;S;-2.897
2026-01-05T20:00;balanco;SE;-1.785
2026-01-05T20:00;balanco;SIN;17.989
2026-01-05T21:00;balanco;N;-2.16
2026-01-05T21:00;balanco;NE;47.648
2026-01-05T21:00;balanco;S;-1.587
2026-01-05T21:00;balanco;SE;-2.801
2026-01-05T21:00;balanco;SIN;41.102
2026-01-05T22:00;balanco;N;-1.994
2026-01-05T22:00;balanco;NE;30.85
2026-01-05T22:00;balanco;S;-5.01
2026-01-05T22:00;balanco;SE;-3.462
2026-01-05T22:00;balanco;SIN;20.384
2026-01-05T23:00;balanco;N;-1.912
2026-01-05T23:00;balanco;NE;32.471
2026-01-05T23:00;balanco;S;-5.796
2026-01-05T23:00;balanco;SE;-3.858
2026-01-05T23:00;balanco;SIN;20.905
2026-01-06T00:00;balanco;N;-1.955
2026-01-06T00:00;balanco;NE;48.083
2026-01-06T00:00;balanco;S;-6.074
2026-01-06T00:00;balanco;SE;0.957
2026-01-06T00:00;balanco;SIN;41.012
2026-01-06T01:00;balanco;N;-2.06
2026-01-06T01:00;balanco;NE;218.779
2026-01-06T01:00;balanco;S;-5.674
2026-01-06T01:00;balanco;SE;0.913
2026-01-06T01:00;balanco;SIN;211.949
2026-01-06T02:00;balanco;N;-2.285
2026-01-06T02:00;balanco;NE;88.241
2026-01-06T02:00;balanco;S;-8.098
2026-01-06T02:00;balanco;SE;-0.943
2026-01-06T02:00;balanco;SIN;76.921
2026-01-06T03:00;balanco;N;-2.063
2026-01-06T03:00;balanco;NE;-17.768
2026-01-06T03:00;balanco;S;-9.695
2026-01-06T03:00;balanco;SE;-0.985
2026-01-06T03:00;balanco;SIN;-30.51
2026-01-06T04:00;balanco;N;-2.023
2026-01-06T04:00;balanco;NE;-135.772
2026-01-06T04:00;balanco;S;-7.63
2026-01-06T04:00;balanco;SE;-0.73
2026-01-06T04:00;balanco;SIN;-146.156
2026-01-06T05:00;balanco;N;-1.949
2026-01-06T05:00;balanco;NE;-136.579
2026-01-06T05:00;balanco;S;-5.625
2026-01-06T05:00;balanco;SE;-1.255
2026-01-06T05:00;balanco;SIN;-145.409
2026-01-06T06:00;balanco;N;-1.875
2026-01-06T06:00;balanco;NE;-40.172
2026-01-06T06:00;balanco;S;-5.508
2026-01-06T06:00;balanco;SE;-3.03
2026-01-06T06:00;balanco;SIN;-50.587
2026-01-06T07:00;balanco;N;-1.915
2026-01-06T07:00;balanco;NE;-72.589
2026-01-06T07:00;balanco;S;-6.061
2026-01-06T07:00;balanco;SE;-4.278
2026-01-06T07:00;balanco;SIN;-84.847
2026-01-06T08:00;balanco;N;-1.998
2026-01-06T08:00;balanco;NE;-33.804
2026-01-06T08:00;balanco;S;-4.546
2026-01-06T08:00;balanco;SE;1.651
2026-01-06T08:00;balanco;SIN;-38.694
2026-01-06T09:00;balanco;N;-1.952
2026-01-06T09:00;balanco;NE;-24.279
2026-01-06T09:00;balanco;S;-2.808
2026-01-06T09:00;balanco;SE;-27.408
2026-01-06T09:00;balanco;SIN;-56.45
2026-01-06T10:00;balanco;N;-1.922
2026-01-06T10:00;balanco;NE;-20.088
2026-01-06T10:00;balanco;S;-2.043
2026-01-06T10:00;balanco;SE;0.399
2026-01-06T10:00;balanco;SIN;-23.656
2026-01-06T11:00;balanco;N;-1.818
2026-01-06T11:00;balanco;NE;0.508
2026-01-06T11:00;balanco;S;-1.964
2026-01-06T11:00;balanco;SE;2.688
2026-01-06T11:00;balanco;SIN;-0.589
2026-01-06T12:00;balanco;N;-2.037
2026-01-06T12:00;balanco;NE;-31.583
2026-01-06T12:00;balanco;S;-3.48
2026-01-06T12:00;balanco;SE;6.863
2026-01-06T12:00;balanco;SIN;-30.234
2026-01-06T13:00;balanco;N;-1.86
2026-01-06T13:00;balanco;NE;-15.853
2026-01-06T13:00;balanco;S;-5.867
2026-01-06T13:00;balanco;SE;31.962
2026-01-06T13:00;balanco;SIN;8.385
2026-01-06T14:00;balanco;N;-2.164
2026-01-06T14:00;balanco;NE;97.744
2026-01-06T14:00;balanco;S;-5.717
2026-01-06T14:00;balanco;SE;24.418
2026-01-06T14:00;balanco;SIN;114.277
2026-01-06T15:00;balanco;N;-2.064
2026-01-06T15:00;balanco;NE;32.529
2026-01-06T15:00;balanco;S;-5.418
2026-01-06T15:00;balanco;SE;18.256
2026-01-06T15:00;balanco;SIN;43.303
2026-01-06T16:00;balanco;N;-2.054
2026-01-06T16:00;balanco;NE;-4.736
2026-01-06T16:00;balanco;S;-4.883
2026-01-06T16:00;balanco;SE;5.889
2026-01-06T16:00;balanco;SIN;-5.782
2026-01-06T17:00;balanco;N;-2.108
2026-01-06T17:00;balanco;NE;16.37
2026-01-06T17:00;balanco;S;-4.878
2026-01-06T17:00;balanco;SE;2.329
2026-01-06T17:00;balanco;SIN;11.707
2026-01-06T18:00;balanco;N;-2.051
2026-01-06T18:00;balanco;NE;41.645
2026-01-06T18:00;balanco;S;-5.0
2026-01-06T18:00;balanco;SE;0.661
2026-01-06T18:00;balanco;SIN;35.257
2026-01-06T19:00;balanco;N;-1.94
2026-01-06T19:00;balanco;NE;-3.643
2026-01-06T19:00;balanco;S;-5.13
2026-01-06T19:00;balanco;SE;-0.858
2026-01-06T19:00;balanco;SIN;-11.573
2026-01-06T20:00;balanco;N;-2.048
2026-01-06T20:00;balanco;NE;-98.313
2026-01-06T20:00;balanco;S;-5.385
2026-01-06T20:00;balanco;SE;-1.027
2026-01-06T20:00;balanco;SIN;-106.764
2026-01-06T21:00;balanco;N;-2.169
2026-01-06T21:00;balanco;NE;-67.105
2026-01-06T21:00;balanco;S;-5.9
2026-01-06T21:00;balanco;SE;-1.025
2026-01-06T21:00;balanco;SIN;-76.199
2026-01-06T22:00;balanco;N;-1.891
2026-01-06T22:00;balanco;NE;-18.64
2026-01-06T22:00;balanco;S;-5.95
2026-01-06T22:00;balanco;SE;-1.073
2026-01-06T22:00;balanco;SIN;-27.558
2026-01-06T23:00;balanco;N;-1.933
2026-01-06T23:00;balanco;NE;4.918
2026-01-06T23:00;balanco;S;-6.037
2026-01-06T23:00;balanco;SE;-1.048
2026-01-06T23:00;balanco;SIN;-4.098
2026-01-07T00:00;balanco;N;-1.933
2026-01-07T00:00;balanco;NE;-23.269
2026-01-07T00:00;balanco;S;-5.32
2026-01-07T00:00;balanco;SE;-1.003
2026-01-07T00:00;balanco;SIN;-31.527
2026-01-07T01:00;balanco;N;-1.871
2026-01-07T01:00;balanco;NE;-40.678
2026-01-07T01:00;balanco;S;-4.547
2026-01-07T01:00;balanco;SE;-1.124
2026-01-07T01:00;balanco;SIN;-48.218
2026-01-07T02:00;balanco;N;-1.917
2026-01-07T02:00;balanco;NE;-36.689
2026-01-07T02:00;balanco;S;-3.12
2026-01-07T02:00;balanco;SE;-1.087
2026-01-07T02:00;balanco;SIN;-42.814
2026-01-07T03:00;balanco;N;-1.916
2026-01-07T03:00;balanco;NE;-35.439
2026-01-07T03:00;balanco;S;0.44
2026-01-07T03:00;balanco;SE;-1.059
2026-01-07T03:00;balanco;SIN;-37.978
2026-01-07T04:00;balanco;N;-1.884
2026-01-07T04:00;balanco;NE;-32.339
2026-01-07T04:00;balanco;S;4.172
2026-01-07T04:00;balanco;SE;-0.79
2026-01-07T04:00;balanco;SIN;-30.842
2026-01-07T05:00;balanco;N;-1.908
2026-01-07T05:00;balanco;NE;-41.253
2026-01-07T05:00;balanco;S;16.238
2026-01-07T05:00;balanco;SE;-4.425
2026-01-07T05:00;balanco;SIN;-31.349
2026-01-07T06:00;balanco;N;-1.846
2026-01-07T06:00;balanco;NE;-39.97
2026-01-07T06:00;balanco;S;0.27
2026-01-07T06:00;balanco;SE;-12.855
2026-01-07T06:00;balanco;SIN;-54.403
2026-01-07T07:00;balanco;N;-1.876
2026-01-07T07:00;balanco;NE;-33.735
2026-01-07T07:00;balanco;S;-1.568
2026-01-07T07:00;balanco;SE;-43.093
2026-01-07T07:00;balanco;SIN;-80.268
2026-01-07T08:00;balanco;N;-1.806
2026-01-07T08:00;balanco;NE;-21.339
2026-01-07T08:00;balanco;S;-1.786
2026-01-07T08:00;balanco;SE;-21.301
2026-01-07T08:00;balanco;SIN;-46.231
2026-01-07T09:00;balanco;N;-1.987
2026-01-07T09:00;balanco;NE;-20.97
2026-01-07T09:00;balanco;S;-6.953
2026-01-07T09:00;balanco;SE;-122.053
2026-01-07T09:00;balanco;SIN;-151.962
2026-01-07T10:00;balanco;N;-1.891
2026-01-07T10:00;balanco;NE;-12.071
2026-01-07T10:00;balanco;S;-11.158
2026-01-07T10:00;balanco;SE;-88.273
2026-01-07T10:00;balanco;SIN;-113.396
2026-01-07T11:00;balanco;N;-1.865
2026-01-07T11:00;balanco;NE;-14.186
2026-01-07T11:00;balanco;S;-12.526
2026-01-07T11:00;balanco;SE;-189.48
2026-01-07T11:00;balanco;SIN;-218.057
2026-01-07T12:00;balanco;N;-1.839
2026-01-07T12:00;balanco;NE;-17.532
2026-01-07T12:00;balanco;S;-10.199
2026-01-07T12:00;balanco;SE;-202.033
2026-01-07T12:00;balanco;SIN;-231.6
2026-01-07T13:00;balanco;N;-1.793
2026-01-07T13:00;balanco;NE;-27.101
2026-01-07T13:00;balanco;S;-3.681
2026-01-07T13:00;balanco;SE;7.272
2026-01-07T13:00;balanco;SIN;-25.307
2026-01-07T14:00;balanco;N;-1.896
2026-01-07T14:00;balanco;NE;-41.719
2026-01-07T14:00;balanco;S;-2.749
2026-01-07T14:00;balanco;SE;16.925
2026-01-07T14:00;balanco;SIN;-29.44
2026-01-07T15:00;balanco;N;-2.598
2026-01-07T15:00;balanco;NE;-64.408
2026-01-07T15:00;balanco;S;-5.483
2026-01-07T15:00;balanco;SE;1.451
2026-01-07T15:00;balanco;SIN;-71.036
2026-01-07T16:00;balanco;N;-1.921
2026-01-07T16:00;balanco;NE;-59.266
2026-01-07T16:00;balanco;S;-11.687
2026-01-07T16:00;balanco;SE;9.485
2026-01-07T16:00;balanco;SIN;-63.394
2026-01-07T17:00;balanco;N;-2.047
2026-01-07T17:00;balanco;NE;-88.504
2026-01-07T17:00;balanco;S;-4.113
2026-01-07T17:00;balanco;SE;-16.583
2026-01-07T17:00;balanco;SIN;-111.243
2026-01-07T18:00;balanco;N;-1.987
2026-01-07T18:00;balanco;NE;-23.364
2026-01-07T18:00;balanco;S;-6.378
2026-01-07T18:00;balanco;SE;-4.998
2026-01-07T18:00;balanco;SIN;-36.731
2026-01-07T19:00;balanco;N;-1.95
2026-01-07T19:00;balanco;NE;-14.816
2026-01-07T19:00;balanco;S;-3.156
2026-01-07T19:00;balanco;SE;-0.666
2026-01-07T19:00;balanco;SIN;-20.585
2026-01-07T20:00;balanco;N;-1.941
2026-01-07T20:00;balanco;NE;-19.794
2026-01-07T20:00;balanco;S;1.029
2026-01-07T20:00;balanco;SE;-1.093
2026-01-07T20:00;balanco;SIN;-21.8
2026-01-07T21:00;balanco;N;-2.114
2026-01-07T21:00;balanco;NE;-17.867
2026-01-07T21:00;balanco;S;-2.049
2026-01-07T21:00;balanco;SE;-1.073
2026-01-07T21:00;balanco;SIN;-23.103
2026-01-07T22:00;balanco;N;-1.954
2026-01-07T22:00;balanco;NE;-21.85
2026-01-07T22:00;balanco;S;-2.535
2026-01-07T22:00;balanco;SE;-1.131
2026-01-07T22:00;balanco;SIN;-27.473
2026-01-07T23:00;balanco;N;-2.015
2026-01-07T23:00;balanco;NE;-30.697
2026-01-07T23:00;balanco;S;-0.303
2026-01-07T23:00;balanco;SE;-1.044
2026-01-07T23:00;balanco;SIN;-34.06
2026-01-08T00:00;balanco;N;-2.065
2026-01-08T00:00;balanco;NE;-5.865
2026-01-08T00:00;balanco;SE;-0.982
2026-01-08T00:00;balanco;SIN;-162.466
2026-01-08T01:00;balanco;N;-1.924
2026-01-08T01:00;balanco;NE;-5.925
2026-01-08T01:00;balanco;SE;-0.962
2026-01-08T01:00;balanco;SIN;-93.405
2026-01-08T02:00;balanco;N;-1.997
2026-01-08T02:00;balanco;NE;-5.921
2026-01-08T02:00;balanco;SE;-0.926
2026-01-08T02:00;balanco;SIN;-41.362
2026-01-08T03:00;balanco;N;-1.996
2026-01-08T03:00;balanco;NE;-5.949
2026-01-08T03:00;balanco;SE;-1.042
2026-01-08T03:00;balanco;SIN;-45.215
2026-01-08T04:00;balanco;N;-1.985
2026-01-08T04:00;balanco;NE;-4.393
2026-01-08T04:00;balanco;SE;-0.73
2026-01-08T04:00;balanco;SIN;-15.239
2026-01-08T05:00;balanco;N;-2.005
2026-01-08T05:00;balanco;NE;-12.923
2026-01-08T05:00;balanco;SE;-3.717
2026-01-08T05:00;balanco;SIN;-111.037
2026-01-08T06:00;balanco;N;-1.97
2026-01-08T06:00;balanco;NE;-25.184
2026-01-08T06:00;balanco;SE;-3.14
2026-01-08T06:00;balanco;SIN;-173.018
2026-01-08T07:00;balanco;N;-2.303
2026-01-08T07:00;balanco;NE;-12.311
2026-01-08T07:00;balanco;SE;9.258
2026-01-08T07:00;balanco;SIN;-200.53
2026-01-08T08:00;balanco;N;-2.342
2026-01-08T08:00;balanco;NE;-13.066
2026-01-08T08:00;balanco;SE;6.682
2026-01-08T08:00;balanco;SIN;-169.737
2026-01-08T09:00;balanco;N;-2.282
2026-01-08T09:00;balanco;NE;-18.546
2026-01-08T09:00;balanco;SE;18.537
2026-01-08T09:00;balanco;SIN;-109.531
2026-01-08T10:00;balanco;N;-2.266
2026-01-08T10:00;balanco;NE;-15.727
2026-01-08T10:00;balanco;SE;12.514
2026-01-08T10:00;balanco;SIN;-102.45
2026-01-08T11:00;balanco;N;-2.065
2026-01-08T11:00;balanco;NE;-15.001
2026-01-08T11:00;balanco;SE;-0.708
2026-01-08T11:00;balanco;SIN;-15.337
2026-01-08T12:00;balanco;N;-2.234
2026-01-08T12:00;balanco;NE;-14.57
2026-01-08T12:00;balanco;SE;11.23
2026-01-08T12:00;balanco;SIN;19.202
2026-01-08T13:00;balanco;N;-2.071
2026-01-08T13:00;balanco;NE;-19.51
2026-01-08T13:00;balanco;SE;22.652
2026-01-08T13:00;balanco;SIN;-22.651
2026-01-08T14:00;balanco;N;-2.267
2026-01-08T14:00;balanco;NE;-28.851
2026-01-08T14:00;balanco;SE;15.177
2026-01-08T14:00;balanco;SIN;-100.177
2026-01-08T15:00;balanco;N;-2.309
2026-01-08T15:00;balanco;NE;-27.639
2026-01-08T15:00;balanco;SE;10.332
2026-01-08T15:00;balanco;SIN;-172.954
2026-01-08T16:00;balanco;N;-0.319
2026-01-08T16:00;balanco;NE;-35.295
2026-01-08T16:00;balanco;SE;5.181
2026-01-08T16:00;balanco;SIN;-140.278
2026-01-08T17:00;balanco;N;-2.203
2026-01-08T17:00;balanco;NE;-48.032
2026-01-08T17:00;balanco;SE;-18.318
2026-01-08T17:00;balanco;SIN;-27.59
2026-01-08T18:00;balanco;N;-1.888
2026-01-08T18:00;balanco;NE;-5.78
2026-01-08T18:00;balanco;SE;-12.559
2026-01-08T18:00;balanco;SIN;30.455
2026-01-08T19:00;balanco;N;-2.048
2026-01-08T19:00;balanco;NE;-6.146
2026-01-08T19:00;balanco;SE;1.264
2026-01-08T19:00;balanco;SIN;-2.316
2026-01-08T20:00;balanco;N;-1.837
2026-01-08T20:00;balanco;NE;-6.251
2026-01-08T20:00;balanco;SE;0.971
2026-01-08T20:00;balanco;SIN;-81.927
2026-01-08T21:00;balanco;N;-1.848
2026-01-08T21:00;balanco;NE;-6.537
2026-01-08T21:00;balanco;SE;0.993
2026-01-08T21:00;balanco;SIN;-107.042
2026-01-08T22:00;balanco;N;-1.851
2026-01-08T22:00;balanco;NE;-6.411
2026-01-08T22:00;balanco;SE;-1.049
2026-01-08T22:00;balanco;SIN;-126.924
2026-01-08T23:00;balanco;N;-1.862
2026-01-08T23:00;balanco;NE;-1.176
2026-01-08T23:00;balanco;SE;-1.008
2026-01-08T23:00;balanco;SIN;-103.057
2026-01-09T00:00;balanco;N;-1.651
2026-01-09T00:00;balanco;NE;0.729
2026-01-09T00:00;balanco;S;1.294
2026-01-09T00:00;balanco;SE;0.753
2026-01-09T00:00;balanco;SIN;-10.261
2026-01-09T01:00;balanco;N;-1.549
2026-01-09T01:00;balanco;NE;1.314
2026-01-09T01:00;balanco;S;0.145
2026-01-09T01:00;balanco;SE;0.286
2026-01-09T01:00;balanco;SIN;-6.912
2026-01-09T02:00;balanco;N;-1.701
2026-01-09T02:00;balanco;NE;1.38
2026-01-09T02:00;balanco;S;-1.11
2026-01-09T02:00;balanco;SE;0.106
2026-01-09T02:00;balanco;SIN;-9.155
2026-01-09T03:00;balanco;N;-1.67
2026-01-09T03:00;balanco;NE;1.635
2026-01-09T03:00;balanco;S;-0.242
2026-01-09T03:00;balanco;SE;1.395
2026-01-09T03:00;balanco;SIN;-10.603
2026-01-09T04:00;balanco;N;-1.627
2026-01-09T04:00;balanco;NE;1.491
2026-01-09T04:00;balanco;S;0.177
2026-01-09T04:00;balanco;SE;0.936
2026-01-09T04:00;balanco;SIN;-12.719
2026-01-09T05:00;balanco;N;-1.637
2026-01-09T05:00;balanco;NE;-8.162
2026-01-09T05:00;balanco;SE;-2.984
2026-01-09T05:00;balanco;SIN;-22.51
2026-01-09T06:00;balanco;N;-1.609
2026-01-09T06:00;balanco;NE;-15.417
2026-01-09T06:00;balanco;SE;-6.328
2026-01-09T06:00;balanco;SIN;-22.433
2026-01-09T07:00;balanco;N;-1.695
2026-01-09T07:00;balanco;NE;-9.773
2026-01-09T07:00;balanco;SE;-8.793
2026-01-09T07:00;balanco;SIN;-23.105
2026-01-09T08:00;balanco;N;-1.612
2026-01-09T08:00;balanco;NE;-14.786
2026-01-09T08:00;balanco;SE;-32.651
2026-01-09T08:00;balanco;SIN;3.343
2026-01-09T09:00;balanco;N;-1.634
2026-01-09T09:00;balanco;NE;-21.959
2026-01-09T09:00;balanco;S;1.255
2026-01-09T09:00;balanco;SE;-40.587
2026-01-09T09:00;balanco;SIN;-20.529
2026-01-09T10:00;balanco;N;-1.702
2026-01-09T10:00;balanco;NE;-27.613
2026-01-09T10:00;balanco;SE;-16.68
2026-01-09T10:00;balanco;SIN;26.399
2026-01-09T11:00;balanco;N;-1.483
2026-01-09T11:00;balanco;NE;-20.806
2026-01-09T11:00;balanco;SE;-25.735
2026-01-09T11:00;balanco;SIN;-2.428
2026-01-09T12:00;balanco;N;-1.363
2026-01-09T12:00;balanco;NE;-13.173
2026-01-09T12:00;balanco;SE;-26.292
2026-01-09T12:00;balanco;SIN;-42.471
2026-01-09T13:00;balanco;N;-1.706
2026-01-09T13:00;balanco;NE;-20.067
2026-01-09T13:00;balanco;S;-0.498
2026-01-09T13:00;balanco;SE;-18.895
2026-01-09T13:00;balanco;SIN;-41.166
2026-01-09T14:00;balanco;N;-1.988
2026-01-09T14:00;balanco;NE;8.569
2026-01-09T14:00;balanco;SE;-10.084
2026-01-09T14:00;balanco;SIN;-5.992
2026-01-09T15:00;balanco;N;-1.603
2026-01-09T15:00;balanco;NE;-10.023
2026-01-09T15:00;balanco;SE;-10.858
2026-01-09T15:00;balanco;SIN;-21.216
2026-01-09T16:00;balanco;N;-1.724
2026-01-09T16:00;balanco;NE;4.011
2026-01-09T16:00;balanco;SE;-25.15
2026-01-09T16:00;balanco;SIN;-74.871
2026-01-09T17:00;balanco;N;-1.989
2026-01-09T17:00;balanco;NE;-2.865
2026-01-09T17:00;balanco;SE;-32.983
2026-01-09T17:00;balanco;SIN;-102.836
2026-01-09T18:00;balanco;N;-2.051
2026-01-09T18:00;balanco;NE;2.342
2026-01-09T18:00;balanco;SE;-11.468
2026-01-09T18:00;balanco;SIN;-61.88
2026-01-09T19:00;balanco;N;-1.853
2026-01-09T19:00;balanco;NE;1.923
2026-01-09T19:00;balanco;SE;1.857
2026-01-09T19:00;balanco;SIN;-14.623
2026-01-09T20:00;balanco;N;-1.785
2026-01-09T20:00;balanco;NE;10.612
2026-01-09T20:00;balanco;SE;-14.018
2026-01-09T20:00;balanco;SIN;-9.741
2026-01-09T21:00;balanco;N;-1.819
2026-01-09T21:00;balanco;NE;5.082
2026-01-09T21:00;balanco;SE;-22.256
2026-01-09T21:00;balanco;SIN;-28.417
2026-01-09T22:00;balanco;N;-1.688
2026-01-09T22:00;balanco;NE;7.524
2026-01-09T22:00;balanco;S;-0.511
2026-01-09T22:00;balanco;SE;-3.266
2026-01-09T22:00;balanco;SIN;-4.335
2026-01-09T23:00;balanco;N;-1.64
2026-01-09T23:00;balanco;NE;7.519
2026-01-09T23:00;balanco;SE;28.951
2026-01-09T23:00;balanco;SIN;21.189
2026-01-10T00:00;balanco;N;-1.703
2026-01-10T00:00;balanco;NE;-116.19
2026-01-10T00:00;balanco;S;1.604
2026-01-10T00:00;balanco;SE;8.74
2026-01-10T00:00;balanco;SIN;-107.545
2026-01-10T01:00;balanco;N;-1.685
2026-01-10T01:00;balanco;NE;-11.185
2026-01-10T01:00;balanco;S;2.814
2026-01-10T01:00;balanco;SE;9.411
2026-01-10T01:00;balanco;SIN;-0.649
2026-01-10T02:00;balanco;N;-1.696
2026-01-10T02:00;balanco;NE;5.471
2026-01-10T02:00;balanco;S;1.617
2026-01-10T02:00;balanco;SE;15.029
2026-01-10T02:00;balanco;SIN;20.42
2026-01-10T03:00;balanco;N;-1.708
2026-01-10T03:00;balanco;NE;23.864
2026-01-10T03:00;balanco;S;0.717
2026-01-10T03:00;balanco;SE;6.026
2026-01-10T03:00;balanco;SIN;28.895
2026-01-10T04:00;balanco;N;-1.763
2026-01-10T04:00;balanco;NE;75.436
2026-01-10T04:00;balanco;S;2.417
2026-01-10T04:00;balanco;SE;4.374
2026-01-10T04:00;balanco;SIN;80.459
2026-01-10T05:00;balanco;N;-1.8
2026-01-10T05:00;balanco;NE;46.198
2026-01-10T05:00;balanco;S;1.901
2026-01-10T05:00;balanco;SE;-1.009
2026-01-10T05:00;balanco;SIN;45.288
2026-01-10T06:00;balanco;N;-1.702
2026-01-10T06:00;balanco;NE;76.922
2026-01-10T06:00;balanco;S;-2.336
2026-01-10T06:00;balanco;SE;-26.966
2026-01-10T06:00;balanco;SIN;45.913
2026-01-10T07:00;balanco;N;-1.65
2026-01-10T07:00;balanco;NE;124.785
2026-01-10T07:00;balanco;S;-5.737
2026-01-10T07:00;balanco;SE;-51.875
2026-01-10T07:00;balanco;SIN;65.52
2026-01-10T08:00;balanco;N;-1.572
2026-01-10T08:00;balanco;NE;50.439
2026-01-10T08:00;balanco;S;0.259
2026-01-10T08:00;balanco;SE;-65.189
2026-01-10T08:00;balanco;SIN;-16.068
2026-01-10T09:00;balanco;N;-2.418
2026-01-10T09:00;balanco;NE;42.803
2026-01-10T09:00;balanco;S;3.518
2026-01-10T09:00;balanco;SE;-36.061
2026-01-10T09:00;balanco;SIN;7.845
2026-01-10T10:00;balanco;N;-1.621
2026-01-10T10:00;balanco;NE;33.695
2026-01-10T10:00;balanco;S;0.56
2026-01-10T10:00;balanco;SE;-34.201
2026-01-10T10:00;balanco;SIN;-1.564
2026-01-10T11:00;balanco;N;-1.688
2026-01-10T11:00;balanco;NE;30.641
2026-01-10T11:00;balanco;S;-0.49
2026-01-10T11:00;balanco;SE;-38.471
2026-01-10T11:00;balanco;SIN;-10.012
2026-01-10T12:00;balanco;N;-1.623
2026-01-10T12:00;balanco;NE;22.924
2026-01-10T12:00;balanco;S;-0.858
2026-01-10T12:00;balanco;SE;-30.416
2026-01-10T12:00;balanco;SIN;-9.969
2026-01-10T13:00;balanco;N;-2.438
2026-01-10T13:00;balanco;NE;21.136
2026-01-10T13:00;balanco;S;1.141
2026-01-10T13:00;balanco;SE;-28.871
2026-01-10T13:00;balanco;SIN;-9.034
2026-01-10T14:00;balanco;N;-2.483
2026-01-10T14:00;balanco;NE;29.644
2026-01-10T14:00;balanco;S;0.992
2026-01-10T14:00;balanco;SE;-28.729
2026-01-10T14:00;balanco;SIN;-0.581
2026-01-10T15:00;balanco;N;-1.662
2026-01-10T15:00;balanco;NE;-44.484
2026-01-10T15:00;balanco;S;0.987
2026-01-10T15:00;balanco;SE;-38.466
2026-01-10T15:00;balanco;SIN;-83.627
2026-01-10T16:00;balanco;N;-1.727
2026-01-10T16:00;balanco;NE;-76.201
2026-01-10T16:00;balanco;S;1.299
2026-01-10T16:00;balanco;SE;-47.634
2026-01-10T16:00;balanco;SIN;-124.263
2026-01-10T17:00;balanco;N;-1.728
2026-01-10T17:00;balanco;NE;-89.814
2026-01-10T17:00;balanco;S;1.057
2026-01-10T17:00;balanco;SE;-47.077
2026-01-10T17:00;balanco;SIN;-137.559
2026-01-10T18:00;balanco;N;-1.797
2026-01-10T18:00;balanco;NE;-33.501
2026-01-10T18:00;balanco;S;-1.799
2026-01-10T18:00;balanco;SE;-11.805
2026-01-10T18:00;balanco;SIN;-48.898
2026-01-10T19:00;balanco;N;-1.715
2026-01-10T19:00;balanco;NE;-27.343
2026-01-10T19:00;balanco;S;2.086
2026-01-10T19:00;balanco;SE;-0.716
2026-01-10T19:00;balanco;SIN;-27.691
2026-01-10T20:00;balanco;N;-1.949
2026-01-10T20:00;balanco;NE;-24.541
2026-01-10T20:00;balanco;S;1.006
2026-01-10T20:00;balanco;SIN;-25.492
2026-01-10T21:00;balanco;N;-1.788
2026-01-10T21:00;balanco;NE;-97.762
2026-01-10T21:00;balanco;S;-0.608
2026-01-10T21:00;balanco;SE;-3.048
2026-01-10T21:00;balanco;SIN;-103.204
2026-01-10T22:00;balanco;N;-1.786
2026-01-10T22:00;balanco;NE;-96.188
2026-01-10T22:00;balanco;S;-2.019
2026-01-10T22:00;balanco;SE;-7.059
2026-01-10T22:00;balanco;SIN;-107.056
2026-01-10T23:00;balanco;N;-1.709
2026-01-10T23:00;balanco;NE;-35.563
2026-01-10T23:00;balanco;S;-3.355
2026-01-10T23:00;balanco;SE;1.754
2026-01-10T23:00;balanco;SIN;-38.877
2026-01-11T00:00;balanco;N;-2.024
2026-01-11T00:00;balanco;NE;-3.636
2026-01-11T00:00;balanco;S;-3.317
2026-01-11T00:00;balanco;SE;-1.421
2026-01-11T00:00;balanco;SIN;-10.394
2026-01-11T01:00;balanco;N;-1.941
2026-01-11T01:00;balanco;NE;-6.271
2026-01-11T01:00;balanco;S;0.884
2026-01-11T01:00;balanco;SE;-1.396
2026-01-11T01:00;balanco;SIN;-8.721
2026-01-11T02:00;balanco;N;-1.838
2026-01-11T02:00;balanco;NE;-6.78
2026-01-11T02:00;balanco;S;-1.328
2026-01-11T02:00;balanco;SE;-1.332
2026-01-11T02:00;balanco;SIN;-11.278
2026-01-11T03:00;balanco;N;-1.756
2026-01-11T03:00;balanco;NE;-4.993
2026-01-11T03:00;balanco;S;-1.587
2026-01-11T03:00;balanco;SE;-1.368
2026-01-11T03:00;balanco;SIN;-9.702
2026-01-11T04:00;balanco;N;-1.86
2026-01-11T04:00;balanco;NE;-3.395
2026-01-11T04:00;balanco;S;-4.007
2026-01-11T04:00;balanco;SE;-1.475
2026-01-11T04:00;balanco;SIN;-10.74
2026-01-11T05:00;balanco;N;-2.119
2026-01-11T05:00;balanco;NE;-7.811
2026-01-11T05:00;balanco;S;-3.056
2026-01-11T05:00;balanco;SE;-3.267
2026-01-11T05:00;balanco;SIN;-16.251
2026-01-11T06:00;balanco;N;-2.057
2026-01-11T06:00;balanco;NE;-28.97
2026-01-11T06:00;balanco;S;1.139
2026-01-11T06:00;balanco;SE;-13.117
2026-01-11T06:00;balanco;SIN;-43.003
2026-01-11T07:00;balanco;N;-2.16
2026-01-11T07:00;balanco;NE;-14.002
2026-01-11T07:00;balanco;S;4.211
2026-01-11T07:00;balanco;SE;-27.296
2026-01-11T07:00;balanco;SIN;-39.245
2026-01-11T08:00;balanco;N;-3.025
2026-01-11T08:00;balanco;NE;-6.051
2026-01-11T08:00;balanco;S;-0.479
2026-01-11T08:00;balanco;SE;-25.434
2026-01-11T08:00;balanco;SIN;-34.99
2026-01-11T09:00;balanco;N;-3.083
2026-01-11T09:00;balanco;NE;-3.462
2026-01-11T09:00;balanco;S;-1.055
2026-01-11T09:00;balanco;SE;-26.236
2026-01-11T09:00;balanco;SIN;-33.837
2026-01-11T10:00;balanco;N;-2.938
2026-01-11T10:00;balanco;NE;-4.762
2026-01-11T10:00;balanco;S;-1.565
2026-01-11T10:00;balanco;SE;-26.323
2026-01-11T10:00;balanco;SIN;-35.587
2026-01-11T11:00;balanco;N;-3.413
2026-01-11T11:00;balanco;NE;-4.668
2026-01-11T11:00;balanco;S;-1.158
2026-01-11T11:00;balanco;SE;-25.877
2026-01-11T11:00;balanco;SIN;-35.119
2026-01-11T12:00;balanco;N;-2.118
2026-01-11T12:00;balanco;NE;-10.29
2026-01-11T12:00;balanco;S;-1.25
2026-01-11T12:00;balanco;SE;-20.097
2026-01-11T12:00;balanco;SIN;-33.753
2026-01-11T13:00;balanco;N;-2.422
2026-01-11T13:00;balanco;NE;-19.965
2026-01-11T13:00;balanco;S;-0.297
2026-01-11T13:00;balanco;SE;-16.502
2026-01-11T13:00;balanco;SIN;-39.191
2026-01-11T14:00;balanco;N;-2.253
2026-01-11T14:00;balanco;NE;-26.672
2026-01-11T14:00;balanco;S;1.597
2026-01-11T14:00;balanco;SE;-25.588
2026-01-11T14:00;balanco;SIN;-52.914
2026-01-11T15:00;balanco;N;-2.748
2026-01-11T15:00;balanco;NE;-33.525
2026-01-11T15:00;balanco;S;1.796
2026-01-11T15:00;balanco;SE;-28.371
2026-01-11T15:00;balanco;SIN;-62.844
2026-01-11T16:00;balanco;N;-3.502
2026-01-11T16:00;balanco;NE;-23.177
2026-01-11T16:00;balanco;S;-3.026
2026-01-11T16:00;balanco;SE;-72.977
2026-01-11T16:00;balanco;SIN;-102.681
2026-01-11T17:00;balanco;N;-4.047
2026-01-11T17:00;balanco;NE;-44.627
2026-01-11T17:00;balanco;S;0.454
2026-01-11T17:00;balanco;SE;-52.423
2026-01-11T17:00;balanco;SIN;-100.643
2026-01-11T18:00;balanco;N;-2.742
2026-01-11T18:00;balanco;NE;-81.726
2026-01-11T18:00;balanco;S;1.788
2026-01-11T18:00;balanco;SE;-23.078
2026-01-11T18:00;balanco;SIN;-105.754
2026-01-11T19:00;balanco;N;-2.622
2026-01-11T19:00;balanco;NE;-59.894
2026-01-11T19:00;balanco;S;0.119
2026-01-11T19:00;balanco;SE;-1.452
2026-01-11T19:00;balanco;SIN;-63.845
2026-01-11T20:00;balanco;N;-2.815
2026-01-11T20:00;balanco;NE;-63.344
2026-01-11T20:00;balanco;S;-2.905
2026-01-11T20:00;balanco;SE;-1.41
2026-01-11T20:00;balanco;SIN;-70.472
2026-01-11T21:00;balanco;N;-2.629
2026-01-11T21:00;balanco;NE;-49.546
2026-01-11T21:00;balanco;S;-3.879
2026-01-11T21:00;balanco;SE;-1.484
2026-01-11T21:00;balanco;SIN;-57.541
2026-01-11T22:00;balanco;N;-2.452
2026-01-11T22:00;balanco;NE;-25.974
2026-01-11T22:00;balanco;S;-3.924
2026-01-11T22:00;balanco;SE;-1.516
2026-01-11T22:00;balanco;SIN;-33.866
2026-01-11T23:00;balanco;N;-2.469
2026-01-11T23:00;balanco;NE;12.333
2026-01-11T23:00;balanco;S;-3.855
2026-01-11T23:00;balanco;SE;-1.335
2026-01-11T23:00;balanco;SIN;4.674
2026-01-12T00:00;balanco;N;-2.472
2026-01-12T00:00;balanco;NE;-41.068
2026-01-12T00:00;balanco;S;-4.25
2026-01-12T00:00;balanco;SE;-1.003
2026-01-12T00:00;balanco;SIN;-49.213
2026-01-12T01:00;balanco;NE;55.154
2026-01-12T01:00;balanco;S;-5.279
2026-01-12T01:00;balanco;SE;-1.37
2026-01-12T01:00;balanco;SIN;46.103
2026-01-12T02:00;balanco;NE;95.236
2026-01-12T02:00;balanco;S;-1.656
2026-01-12T02:00;balanco;SE;-1.041
2026-01-12T02:00;balanco;SIN;89.721
2026-01-12T03:00;balanco;N;-2.55
2026-01-12T03:00;balanco;NE;167.775
2026-01-12T03:00;balanco;S;-11.236
2026-01-12T03:00;balanco;SE;-1.02
2026-01-12T03:00;balanco;SIN;152.585
2026-01-12T04:00;balanco;N;-2.395
2026-01-12T04:00;balanco;NE;120.667
2026-01-12T04:00;balanco;S;-4.779
2026-01-12T04:00;balanco;SE;-1.45
2026-01-12T04:00;balanco;SIN;112.047
2026-01-12T05:00;balanco;NE;97.909
2026-01-12T05:00;balanco;S;-12.674
2026-01-12T05:00;balanco;SE;-5.011
2026-01-12T05:00;balanco;SIN;75.386
2026-01-12T06:00;balanco;NE;-36.707
2026-01-12T06:00;balanco;S;-11.102
2026-01-12T06:00;balanco;SE;-23.611
2026-01-12T06:00;balanco;SIN;-76.464
2026-01-12T07:00;balanco;NE;-6.341
2026-01-12T07:00;balanco;S;-1.53
2026-01-12T07:00;balanco;SE;-28.622
2026-01-12T07:00;balanco;SIN;-41.459
2026-01-12T08:00;balanco;NE;-1.35
2026-01-12T08:00;balanco;S;-1.369
2026-01-12T08:00;balanco;SE;-30.222
2026-01-12T08:00;balanco;SIN;-38.278
2026-01-12T09:00;balanco;N;-2.295
2026-01-12T09:00;balanco;NE;-9.762
2026-01-12T09:00;balanco;S;1.275
2026-01-12T09:00;balanco;SE;-33.002
2026-01-12T09:00;balanco;SIN;-43.785
2026-01-12T10:00;balanco;N;-2.698
2026-01-12T10:00;balanco;NE;-9.486
2026-01-12T10:00;balanco;S;-0.12
2026-01-12T10:00;balanco;SE;-35.812
2026-01-12T10:00;balanco;SIN;-48.114
2026-01-12T11:00;balanco;N;-2.73
2026-01-12T11:00;balanco;NE;-7.805
2026-01-12T11:00;balanco;S;0.3
2026-01-12T11:00;balanco;SE;-41.682
2026-01-12T11:00;balanco;SIN;-55.351
2026-01-12T12:00;balanco;N;-2.662
2026-01-12T12:00;balanco;NE;-16.251
2026-01-12T12:00;balanco;S;0.832
2026-01-12T12:00;balanco;SE;-38.922
2026-01-12T12:00;balanco;SIN;-57.006
2026-01-12T13:00;balanco;NE;-46.96
2026-01-12T13:00;balanco;S;0.802
2026-01-12T13:00;balanco;SE;-45.633
2026-01-12T13:00;balanco;SIN;-96.688
2026-01-12T14:00;balanco;N;-2.811
2026-01-12T14:00;balanco;NE;-55.13
2026-01-12T14:00;balanco;S;0.331
2026-01-12T14:00;balanco;SE;-47.043
2026-01-12T14:00;balanco;SIN;-104.658
2026-01-12T15:00;balanco;NE;-57.843
2026-01-12T15:00;balanco;S;0.7
2026-01-12T15:00;balanco;SE;-38.581
2026-01-12T15:00;balanco;SIN;-98.629
2026-01-12T16:00;balanco;N;-2.845
2026-01-12T16:00;balanco;NE;-20.894
2026-01-12T16:00;balanco;S;-0.954
2026-01-12T16:00;balanco;SE;-50.508
2026-01-12T16:00;balanco;SIN;-75.199
2026-01-12T17:00;balanco;N;-3.003
2026-01-12T17:00;balanco;NE;-15.402
2026-01-12T17:00;balanco;S;-1.142
2026-01-12T17:00;balanco;SE;-14.199
2026-01-12T17:00;balanco;SIN;-33.751
2026-01-12T18:00;balanco;N;-3.061
2026-01-12T18:00;balanco;NE;-11.859
2026-01-12T18:00;balanco;S;0.409
2026-01-12T18:00;balanco;SE;-5.152
2026-01-12T18:00;balanco;SIN;-19.665
2026-01-12T19:00;balanco;N;-2.871
2026-01-12T19:00;balanco;NE;-1.314
2026-01-12T19:00;balanco;S;1.077
2026-01-12T19:00;balanco;SE;-1.04
2026-01-12T19:00;balanco;SIN;-4.458
2026-01-12T20:00;balanco;N;-2.819
2026-01-12T20:00;balanco;NE;0.298
2026-01-12T20:00;balanco;S;1.237
2026-01-12T20:00;balanco;SE;-1.362
2026-01-12T20:00;balanco;SIN;-4.922
2026-01-12T21:00;balanco;N;-2.5
2026-01-12T21:00;balanco;NE;0.374
2026-01-12T21:00;balanco;S;1.304
2026-01-12T21:00;balanco;SE;-1.371
2026-01-12T21:00;balanco;SIN;-2.192
2026-01-12T22:00;balanco;NE;3.202
2026-01-12T22:00;balanco;S;0.918
2026-01-12T22:00;balanco;SE;-1.395
2026-01-12T22:00;balanco;SIN;0.626
2026-01-12T23:00;balanco;NE;-3.559
2026-01-12T23:00;balanco;S;0.224
2026-01-12T23:00;balanco;SE;-1.347
2026-01-12T23:00;balanco;SIN;-8.39
2026-01-13T00:00;balanco;N;-2.551
2026-01-13T00:00;balanco;NE;456.621
2026-01-13T00:00;balanco;S;1.208
2026-01-13T00:00;balanco;SE;-1.388
2026-01-13T00:00;balanco;SIN;453.892
2026-01-13T01:00;balanco;N;-2.564
2026-01-13T01:00;balanco;NE;518.461
2026-01-13T01:00;balanco;SE;-1.425
2026-01-13T01:00;balanco;SIN;515.764
2026-01-13T02:00;balanco;N;-2.704
2026-01-13T02:00;balanco;NE;494.378
2026-01-13T02:00;balanco;SE;-1.311
2026-01-13T02:00;balanco;SIN;491.538
2026-01-13T03:00;balanco;N;-2.592
2026-01-13T03:00;balanco;NE;398.082
2026-01-13T03:00;balanco;SE;-1.398
2026-01-13T03:00;balanco;SIN;395.265
2026-01-13T04:00;balanco;N;-2.506
2026-01-13T04:00;balanco;NE;399.575
2026-01-13T04:00;balanco;SE;-1.395
2026-01-13T04:00;balanco;SIN;396.836
2026-01-13T05:00;balanco;N;-1.926
2026-01-13T05:00;balanco;NE;-19.932
2026-01-13T05:00;balanco;S;1.17
2026-01-13T05:00;balanco;SE;-5.331
2026-01-13T05:00;balanco;SIN;293.182
2026-01-13T06:00;balanco;N;-5.686
2026-01-13T06:00;balanco;NE;91.866
2026-01-13T06:00;balanco;SE;-10.822
2026-01-13T06:00;balanco;SIN;76.592
2026-01-13T07:00;balanco;N;-4.01
2026-01-13T07:00;balanco;NE;-32.962
2026-01-13T07:00;balanco;SE;-13.182
2026-01-13T07:00;balanco;SIN;-49.157
2026-01-13T08:00;balanco;N;-5.475
2026-01-13T08:00;balanco;NE;-19.873
2026-01-13T08:00;balanco;S;1.311
2026-01-13T08:00;balanco;SE;-19.921
2026-01-13T08:00;balanco;SIN;-43.963
2026-01-13T09:00;balanco;N;-2.357
2026-01-13T09:00;balanco;NE;-16.12
2026-01-13T09:00;balanco;SE;-24.261
2026-01-13T09:00;balanco;SIN;-41.426
2026-01-13T10:00;balanco;N;-2.756
2026-01-13T10:00;balanco;NE;-13.739
2026-01-13T10:00;balanco;S;1.299
2026-01-13T10:00;balanco;SE;-32.852
2026-01-13T10:00;balanco;SIN;-48.045
2026-01-13T11:00;balanco;N;-3.029
2026-01-13T11:00;balanco;NE;-15.582
2026-01-13T11:00;balanco;SE;-26.407
2026-01-13T11:00;balanco;SIN;-45.0
2026-01-13T12:00;balanco;N;-2.792
2026-01-13T12:00;balanco;NE;-28.161
2026-01-13T12:00;balanco;SE;-29.41
2026-01-13T12:00;balanco;SIN;-60.385
2026-01-13T13:00;balanco;N;-2.506
2026-01-13T13:00;balanco;NE;-19.711
2026-01-13T13:00;balanco;S;-1.308
2026-01-13T13:00;balanco;SE;-29.464
2026-01-13T13:00;balanco;SIN;-64.712
2026-01-13T14:00;balanco;N;-2.833
2026-01-13T14:00;balanco;NE;67.899
2026-01-13T14:00;balanco;S;-1.563
2026-01-13T14:00;balanco;SE;-23.819
2026-01-13T14:00;balanco;SIN;39.688
2026-01-13T15:00;balanco;N;-2.962
2026-01-13T15:00;balanco;NE;234.462
2026-01-13T15:00;balanco;S;-0.905
2026-01-13T15:00;balanco;SE;-18.205
2026-01-13T15:00;balanco;SIN;212.389
2026-01-13T16:00;balanco;N;-2.798
2026-01-13T16:00;balanco;NE;213.855
2026-01-13T16:00;balanco;SE;-25.697
2026-01-13T16:00;balanco;SIN;183.379
2026-01-13T17:00;balanco;N;-2.943
2026-01-13T17:00;balanco;NE;-0.755
2026-01-13T17:00;balanco;SE;-41.386
2026-01-13T17:00;balanco;SIN;305.755
2026-01-13T18:00;balanco;N;-2.732
2026-01-13T18:00;balanco;NE;1.185
2026-01-13T18:00;balanco;S;-5.587
2026-01-13T18:00;balanco;SE;-12.149
2026-01-13T18:00;balanco;SIN;386.61
2026-01-13T19:00;balanco;N;-2.545
2026-01-13T19:00;balanco;NE;0.738
2026-01-13T19:00;balanco;S;-2.578
2026-01-13T19:00;balanco;SE;0.206
2026-01-13T19:00;balanco;SIN;-46.29
2026-01-13T20:00;balanco;N;-2.695
2026-01-13T20:00;balanco;NE;0.738
2026-01-13T20:00;balanco;SE;1.043
2026-01-13T20:00;balanco;SIN;-26.8
2026-01-13T21:00;balanco;N;-2.973
2026-01-13T21:00;balanco;NE;-11.913
2026-01-13T21:00;balanco;SE;-1.492
2026-01-13T21:00;balanco;SIN;-16.051
2026-01-13T22:00;balanco;N;-2.727
2026-01-13T22:00;balanco;NE;-33.741
2026-01-13T22:00;balanco;SE;-1.458
2026-01-13T22:00;balanco;SIN;-39.507
2026-01-13T23:00;balanco;N;-3.348
2026-01-13T23:00;balanco;NE;-31.084
2026-01-13T23:00;balanco;S;-3.542
2026-01-13T23:00;balanco;SE;-1.504
2026-01-13T23:00;balanco;SIN;-39.478
2026-01-14T00:00;balanco;N;-3.505
2026-01-14T00:00;balanco;NE;-34.565
2026-01-14T00:00;balanco;S;-4.179
2026-01-14T00:00;balanco;SE;-1.142
2026-01-14T00:00;balanco;SIN;-43.388
2026-01-14T01:00;balanco;N;-3.591
2026-01-14T01:00;balanco;NE;-13.748
2026-01-14T01:00;balanco;S;-3.68
2026-01-14T01:00;balanco;SE;-0.988
2026-01-14T01:00;balanco;SIN;-22.007
2026-01-14T02:00;balanco;N;-3.526
2026-01-14T02:00;balanco;NE;-19.34
2026-01-14T02:00;balanco;S;-1.919
2026-01-14T02:00;balanco;SE;-0.761
2026-01-14T02:00;balanco;SIN;-25.543
2026-01-14T03:00;balanco;N;-3.473
2026-01-14T03:00;balanco;NE;-19.875
2026-01-14T03:00;balanco;S;-1.087
2026-01-14T03:00;balanco;SE;-1.301
2026-01-14T03:00;balanco;SIN;-25.737
2026-01-14T04:00;balanco;N;-3.383
2026-01-14T04:00;balanco;NE;-101.983
2026-01-14T04:00;balanco;S;1.224
2026-01-14T04:00;balanco;SE;-1.091
2026-01-14T04:00;balanco;SIN;-105.229
2026-01-14T05:00;balanco;N;-3.48
2026-01-14T05:00;balanco;NE;-33.94
2026-01-14T05:00;balanco;S;1.304
2026-01-14T05:00;balanco;SE;-3.483
2026-01-14T05:00;balanco;SIN;-39.601
2026-01-14T06:00;balanco;N;-3.572
2026-01-14T06:00;balanco;NE;-34.401
2026-01-14T06:00;balanco;S;1.304
2026-01-14T06:00;balanco;SE;4.821
2026-01-14T06:00;balanco;SIN;-31.844
2026-01-14T07:00;balanco;N;-3.45
2026-01-14T07:00;balanco;NE;-11.229
2026-01-14T07:00;balanco;S;1.038
2026-01-14T07:00;balanco;SE;12.094
2026-01-14T07:00;balanco;SIN;-1.546
2026-01-14T08:00;balanco;N;-3.316
2026-01-14T08:00;balanco;NE;6.597
2026-01-14T08:00;balanco;S;1.291
2026-01-14T08:00;balanco;SE;17.699
2026-01-14T08:00;balanco;SIN;22.267
2026-01-14T09:00;balanco;N;-3.345
2026-01-14T09:00;balanco;NE;95.321
2026-01-14T09:00;balanco;S;1.502
2026-01-14T09:00;balanco;SE;19.692
2026-01-14T09:00;balanco;SIN;113.168
2026-01-14T10:00;balanco;N;-3.723
2026-01-14T10:00;balanco;NE;35.559
2026-01-14T10:00;balanco;S;1.306
2026-01-14T10:00;balanco;SE;13.098
2026-01-14T10:00;balanco;SIN;46.241
2026-01-14T11:00;balanco;N;-3.991
2026-01-14T11:00;balanco;NE;-3.768
2026-01-14T11:00;balanco;S;-1.32
2026-01-14T11:00;balanco;SE;7.926
2026-01-14T11:00;balanco;SIN;-1.15
2026-01-14T12:00;balanco;N;-3.918
2026-01-14T12:00;balanco;NE;-2.765
2026-01-14T12:00;balanco;S;0.764
2026-01-14T12:00;balanco;SE;13.626
2026-01-14T12:00;balanco;SIN;7.708
2026-01-14T13:00;balanco;N;-3.018
2026-01-14T13:00;balanco;NE;-17.838
2026-01-14T13:00;balanco;S;1.427
2026-01-14T13:00;balanco;SE;12.747
2026-01-14T13:00;balanco;SIN;-6.687
2026-01-14T14:00;balanco;N;-2.693
2026-01-14T14:00;balanco;NE;-47.29
2026-01-14T14:00;balanco;S;0.205
2026-01-14T14:00;balanco;SE;17.169
2026-01-14T14:00;balanco;SIN;-32.612
2026-01-14T15:00;balanco;N;-2.692
2026-01-14T15:00;balanco;NE;-18.266
2026-01-14T15:00;balanco;S;-1.701
2026-01-14T15:00;balanco;SE;12.605
2026-01-14T15:00;balanco;SIN;-10.051
2026-01-14T16:00;balanco;N;-2.83
2026-01-14T16:00;balanco;NE;-7.112
2026-01-14T16:00;balanco;S;-1.245
2026-01-14T16:00;balanco;SE;-17.479
2026-01-14T16:00;balanco;SIN;-28.667
2026-01-14T17:00;balanco;N;-2.719
2026-01-14T17:00;balanco;NE;-30.616
2026-01-14T17:00;balanco;S;-8.736
2026-01-14T17:00;balanco;SE;-66.579
2026-01-14T17:00;balanco;SIN;-108.648
2026-01-14T18:00;balanco;N;-2.853
2026-01-14T18:00;balanco;NE;-21.376
2026-01-14T18:00;balanco;S;-22.138
2026-01-14T18:00;balanco;SE;-7.895
2026-01-14T18:00;balanco;SIN;-54.264
2026-01-14T19:00;balanco;N;-2.68
2026-01-14T19:00;balanco;NE;-14.178
2026-01-14T19:00;balanco;S;-20.787
2026-01-14T19:00;balanco;SE;0.769
2026-01-14T19:00;balanco;SIN;-36.878
2026-01-14T20:00;balanco;N;-2.71
2026-01-14T20:00;balanco;NE;-18.635
2026-01-14T20:00;balanco;S;-24.674
2026-01-14T20:00;balanco;SE;0.48
2026-01-14T20:00;balanco;SIN;-45.54
2026-01-14T21:00;balanco;N;-2.797
2026-01-14T21:00;balanco;NE;-23.897
2026-01-14T21:00;balanco;S;-31.295
2026-01-14T21:00;balanco;SIN;-58.002
2026-01-14T22:00;balanco;N;-2.674
2026-01-14T22:00;balanco;NE;-27.374
2026-01-14T22:00;balanco;S;-35.617
2026-01-14T22:00;balanco;SE;1.231
2026-01-14T22:00;balanco;SIN;-64.434
2026-01-14T23:00;balanco;N;-2.708
2026-01-14T23:00;balanco;NE;-15.751
2026-01-14T23:00;balanco;S;-30.615
2026-01-14T23:00;balanco;SE;-0.896
2026-01-14T23:00;balanco;SIN;-49.974
2026-01-15T00:00;balanco;N;-2.58
2026-01-15T00:00;balanco;NE;-217.205
2026-01-15T00:00;balanco;S;-0.663
2026-01-15T00:00;balanco;SIN;-220.448
2026-01-15T01:00;balanco;N;-2.536
2026-01-15T01:00;balanco;NE;-306.462
2026-01-15T01:00;balanco;S;-0.54
2026-01-15T01:00;balanco;SE;-2.186
2026-01-15T01:00;balanco;SIN;-311.726
2026-01-15T02:00;balanco;N;-2.481
2026-01-15T02:00;balanco;NE;-358.489
2026-01-15T02:00;balanco;S;-1.017
2026-01-15T02:00;balanco;SE;-1.38
2026-01-15T02:00;balanco;SIN;-363.365
2026-01-15T03:00;balanco;N;-2.451
2026-01-15T03:00;balanco;NE;-276.921
2026-01-15T03:00;balanco;S;-2.854
2026-01-15T03:00;balanco;SE;-1.49
2026-01-15T03:00;balanco;SIN;-283.712
2026-01-15T04:00;balanco;N;-2.445
2026-01-15T04:00;balanco;NE;-163.891
2026-01-15T04:00;balanco;S;-2.115
2026-01-15T04:00;balanco;SE;-1.388
2026-01-15T04:00;balanco;SIN;-169.842
2026-01-15T05:00;balanco;N;-2.399
2026-01-15T05:00;balanco;NE;-93.13
2026-01-15T05:00;balanco;S;-1.898
2026-01-15T05:00;balanco;SE;-5.291
2026-01-15T05:00;balanco;SIN;-102.722
2026-01-15T06:00;balanco;N;-2.427
2026-01-15T06:00;balanco;NE;-56.452
2026-01-15T06:00;balanco;S;-1.09
2026-01-15T06:00;balanco;SE;-5.057
2026-01-15T06:00;balanco;SIN;-80.856
2026-01-15T07:00;balanco;N;-2.227
2026-01-15T07:00;balanco;NE;-155.135
2026-01-15T07:00;balanco;S;-0.327
2026-01-15T07:00;balanco;SE;14.985
2026-01-15T07:00;balanco;SIN;-169.06
2026-01-15T08:00;balanco;N;-2.256
2026-01-15T08:00;balanco;NE;-130.42
2026-01-15T08:00;balanco;S;-1.525
2026-01-15T08:00;balanco;SE;25.24
2026-01-15T08:00;balanco;SIN;-108.965
2026-01-15T09:00;balanco;N;-2.423
2026-01-15T09:00;balanco;NE;-86.893
2026-01-15T09:00;balanco;S;-0.278
2026-01-15T09:00;balanco;SE;22.562
2026-01-15T09:00;balanco;SIN;-67.028
2026-01-15T10:00;balanco;N;-2.821
2026-01-15T10:00;balanco;NE;-71.776
2026-01-15T10:00;balanco;S;-0.741
2026-01-15T10:00;balanco;SE;11.216
2026-01-15T10:00;balanco;SIN;-64.119
2026-01-15T11:00;balanco;N;-2.306
2026-01-15T11:00;balanco;NE;-46.058
2026-01-15T11:00;balanco;S;-2.061
2026-01-15T11:00;balanco;SE;12.648
2026-01-15T11:00;balanco;SIN;-37.782
2026-01-15T12:00;balanco;N;-2.636
2026-01-15T12:00;balanco;NE;-50.996
2026-01-15T12:00;balanco;S;-1.102
2026-01-15T12:00;balanco;SE;-22.581
2026-01-15T12:00;balanco;SIN;-95.241
2026-01-15T13:00;balanco;N;-2.452
2026-01-15T13:00;balanco;NE;-33.499
2026-01-15T13:00;balanco;S;-0.59
2026-01-15T13:00;balanco;SE;-8.177
2026-01-15T13:00;balanco;SIN;-44.719
2026-01-15T14:00;balanco;N;-2.627
2026-01-15T14:00;balanco;NE;3.152
2026-01-15T14:00;balanco;S;0.373
2026-01-15T14:00;balanco;SE;-9.337
2026-01-15T14:00;balanco;SIN;-8.437
2026-01-15T15:00;balanco;N;-2.717
2026-01-15T15:00;balanco;NE;-4.987
2026-01-15T15:00;balanco;S;0.331
2026-01-15T15:00;balanco;SE;-26.794
2026-01-15T15:00;balanco;SIN;-34.169
2026-01-15T16:00;balanco;N;-2.765
2026-01-15T16:00;balanco;NE;72.195
2026-01-15T16:00;balanco;S;9.405
2026-01-15T16:00;balanco;SE;21.716
2026-01-15T16:00;balanco;SIN;100.555
2026-01-15T17:00;balanco;N;-2.892
2026-01-15T17:00;balanco;NE;61.02
2026-01-15T17:00;balanco;S;0.396
2026-01-15T17:00;balanco;SE;-8.324
2026-01-15T17:00;balanco;SIN;50.202
2026-01-15T18:00;balanco;N;-2.896
2026-01-15T18:00;balanco;NE;157.375
2026-01-15T18:00;balanco;S;0.423
2026-01-15T18:00;balanco;SE;-12.397
2026-01-15T18:00;balanco;SIN;142.505
2026-01-15T19:00;balanco;N;-2.83
2026-01-15T19:00;balanco;NE;140.71
2026-01-15T19:00;balanco;S;0.285
2026-01-15T19:00;balanco;SE;-1.93
2026-01-15T19:00;balanco;SIN;136.23
2026-01-15T20:00;balanco;N;-2.75
2026-01-15T20:00;balanco;NE;-59.453
2026-01-15T20:00;balanco;S;0.199
2026-01-15T20:00;balanco;SE;-1.676
2026-01-15T20:00;balanco;SIN;-63.676
2026-01-15T21:00;balanco;N;-2.899
2026-01-15T21:00;balanco;NE;-118.616
2026-01-15T21:00;balanco;S;0.211
2026-01-15T21:00;balanco;SE;-0.906
2026-01-15T21:00;balanco;SIN;-122.214
2026-01-15T22:00;balanco;N;-2.79
2026-01-15T22:00;balanco;NE;-115.875
2026-01-15T22:00;balanco;S;0.203
2026-01-15T22:00;balanco;SE;-1.01
2026-01-15T22:00;balanco;SIN;-119.476
2026-01-15T23:00;balanco;N;-2.634
2026-01-15T23:00;balanco;NE;-206.22
2026-01-15T23:00;balanco;SE;-1.503
2026-01-15T23:00;balanco;SIN;-210.339
2026-01-16T00:00;balanco;N;-2.697
2026-01-16T00:00;balanco;NE;-17492.497
2026-01-16T00:00;balanco;S;-265.492
2026-01-16T00:00;balanco;SE;-233.342
2026-01-16T00:00;balanco;SIN;-18166.894
2026-01-16T01:00;balanco;N;-2.482
2026-01-16T01:00;balanco;NE;-17540.435
2026-01-16T01:00;balanco;S;-194.973
2026-01-16T01:00;balanco;SE;-229.662
2026-01-16T01:00;balanco;SIN;-18171.159
2026-01-16T02:00;balanco;N;-2.532
2026-01-16T02:00;balanco;NE;-17414.488
2026-01-16T02:00;balanco;S;-167.182
2026-01-16T02:00;balanco;SE;-214.376
2026-01-16T02:00;balanco;SIN;-18038.259
2026-01-16T03:00;balanco;N;-2.765
2026-01-16T03:00;balanco;NE;-17098.436
2026-01-16T03:00;balanco;S;-292.345
2026-01-16T03:00;balanco;SE;-174.972
2026-01-16T03:00;balanco;SIN;-17816.605
2026-01-16T04:00;balanco;N;-2.781
2026-01-16T04:00;balanco;NE;-16900.874
2026-01-16T04:00;balanco;S;-352.735
2026-01-16T04:00;balanco;SE;-196.574
2026-01-16T04:00;balanco;SIN;-17686.475
2026-01-16T05:00;balanco;N;-2.6
2026-01-16T05:00;balanco;NE;-17399.718
2026-01-16T05:00;balanco;S;-540.637
2026-01-16T05:00;balanco;SE;-233.354
2026-01-16T05:00;balanco;SIN;-18411.23
2026-01-16T06:00;balanco;N;-2.494
2026-01-16T06:00;balanco;NE;-16502.235
2026-01-16T06:00;balanco;S;-598.857
2026-01-16T06:00;balanco;SE;-2451.589
2026-01-16T06:00;balanco;SIN;-19735.729
2026-01-16T07:00;balanco;N;-2.477
2026-01-16T07:00;balanco;NE;-15193.498
2026-01-16T07:00;balanco;S;-642.762
2026-01-16T07:00;balanco;SE;-5642.33
2026-01-16T07:00;balanco;SIN;-21672.264
2026-01-16T08:00;balanco;N;-2.546
2026-01-16T08:00;balanco;NE;-15814.129
2026-01-16T08:00;balanco;S;-704.464
2026-01-16T08:00;balanco;SE;-6254.858
2026-01-16T08:00;balanco;SIN;-23140.318
2026-01-16T09:00;balanco;N;-2.354
2026-01-16T09:00;balanco;NE;-15932.877
2026-01-16T09:00;balanco;S;-693.572
2026-01-16T09:00;balanco;SE;-5998.012
2026-01-16T09:00;balanco;SIN;-23016.971
2026-01-16T10:00;balanco;N;-2.335
2026-01-16T10:00;balanco;NE;-15290.756
2026-01-16T10:00;balanco;S;-710.809
2026-01-16T10:00;balanco;SE;-5895.122
2026-01-16T10:00;balanco;SIN;-22291.8
2026-01-16T11:00;balanco;N;-2.577
2026-01-16T11:00;balanco;NE;-14613.588
2026-01-16T11:00;balanco;S;-676.078
2026-01-16T11:00;balanco;SE;-5792.946
2026-01-16T11:00;balanco;SIN;-21479.032
2026-01-16T12:00;balanco;N;-2.549
2026-01-16T12:00;balanco;NE;-13919.574
2026-01-16T12:00;balanco;S;-561.566
2026-01-16T12:00;balanco;SE;-5609.425
2026-01-16T12:00;balanco;SIN;-20492.558
2026-01-16T13:00;balanco;N;-2.823
2026-01-16T13:00;balanco;NE;-12883.312
2026-01-16T13:00;balanco;S;-531.021
2026-01-16T13:00;balanco;SE;-5518.713
2026-01-16T13:00;balanco;SIN;-19334.928
2026-01-16T14:00;balanco;N;-2.666
2026-01-16T14:00;balanco;NE;-13292.194
2026-01-16T14:00;balanco;S;-468.722
2026-01-16T14:00;balanco;SE;-6029.23
2026-01-16T14:00;balanco;SIN;-20186.93
2026-01-16T15:00;balanco;N;-2.83
2026-01-16T15:00;balanco;NE;-14569.582
2026-01-16T15:00;balanco;S;-584.385
2026-01-16T15:00;balanco;SE;-5442.847
2026-01-16T15:00;balanco;SIN;-20992.412
2026-01-16T16:00;balanco;N;-2.905
2026-01-16T16:00;balanco;NE;-15153.357
2026-01-16T16:00;balanco;S;-611.362
2026-01-16T16:00;balanco;SE;-4939.957
2026-01-16T16:00;balanco;SIN;-21067.434
2026-01-16T17:00;balanco;N;-3.062
2026-01-16T17:00;balanco;NE;-13830.13
2026-01-16T17:00;balanco;S;-709.589
2026-01-16T17:00;balanco;SE;-3359.556
2026-01-16T17:00;balanco;SIN;-18228.196
2026-01-16T18:00;balanco;N;-2.965
2026-01-16T18:00;balanco;NE;-14213.266
2026-01-16T18:00;balanco;S;-703.827
2026-01-16T18:00;balanco;SE;-478.589
2026-01-16T18:00;balanco;SIN;-15708.118
2026-01-16T19:00;balanco;N;-2.847
2026-01-16T19:00;balanco;NE;-15101.3
2026-01-16T19:00;balanco;S;-465.508
2026-01-16T19:00;balanco;SE;-127.573
2026-01-16T19:00;balanco;SIN;-16035.64
2026-01-16T20:00;balanco;N;-2.786
2026-01-16T20:00;balanco;NE;-15285.972
2026-01-16T20:00;balanco;S;-374.274
2026-01-16T20:00;balanco;SE;-103.004
2026-01-16T20:00;balanco;SIN;-16148.317
2026-01-16T21:00;balanco;N;-2.853
2026-01-16T21:00;balanco;NE;-16224.125
2026-01-16T21:00;balanco;S;-385.519
2026-01-16T21:00;balanco;SE;-99.405
2026-01-16T21:00;balanco;SIN;-17081.0
2026-01-16T22:00;balanco;N;-2.666
2026-01-16T22:00;balanco;NE;-16188.552
2026-01-16T22:00;balanco;S;-401.191
2026-01-16T22:00;balanco;SE;-104.114
2026-01-16T22:00;balanco;SIN;-17042.008
2026-01-16T23:00;balanco;N;-2.539
2026-01-16T23:00;balanco;NE;-15729.316
2026-01-16T23:00;balanco;S;-415.491
2026-01-16T23:00;balanco;SE;-102.386
2026-01-16T23:00;balanco;SIN;-16625.813
2026-01-17T00:00;balanco;N;-2.529
2026-01-17T00:00;balanco;NE;-4.167
2026-01-17T00:00;balanco;SE;0.922
2026-01-17T00:00;balanco;SIN;32.801
2026-01-17T01:00;balanco;N;-2.411
2026-01-17T01:00;balanco;NE;-3.977
2026-01-17T01:00;balanco;SE;4.544
2026-01-17T01:00;balanco;SIN;39.586
2026-01-17T02:00;balanco;N;-2.475
2026-01-17T02:00;balanco;NE;-4.342
2026-01-17T02:00;balanco;SE;27.413
2026-01-17T02:00;balanco;SIN;70.594
2026-01-17T03:00;balanco;N;-2.577
2026-01-17T03:00;balanco;NE;-4.534
2026-01-17T03:00;balanco;SE;27.03
2026-01-17T03:00;balanco;SIN;49.758
2026-01-17T04:00;balanco;N;-2.532
2026-01-17T04:00;balanco;NE;-4.532
2026-01-17T04:00;balanco;SE;2.971
2026-01-17T04:00;balanco;SIN;12.732
2026-01-17T05:00;balanco;N;-2.561
2026-01-17T05:00;balanco;NE;-7.806
2026-01-17T05:00;balanco;SE;-0.915
2026-01-17T05:00;balanco;SIN;9.32
2026-01-17T06:00;balanco;N;-2.431
2026-01-17T06:00;balanco;NE;-3.811
2026-01-17T06:00;balanco;SE;-53.384
2026-01-17T06:00;balanco;SIN;-62.191
2026-01-17T07:00;balanco;N;-2.218
2026-01-17T07:00;balanco;NE;-26.578
2026-01-17T07:00;balanco;SE;-107.606
2026-01-17T07:00;balanco;SIN;-114.779
2026-01-17T08:00;balanco;N;-2.364
2026-01-17T08:00;balanco;NE;-12.638
2026-01-17T08:00;balanco;SE;-72.515
2026-01-17T08:00;balanco;SIN;-60.994
2026-01-17T09:00;balanco;N;-2.42
2026-01-17T09:00;balanco;NE;-15.201
2026-01-17T09:00;balanco;SE;-22.797
2026-01-17T09:00;balanco;SIN;13.648
2026-01-17T10:00;balanco;N;-2.349
2026-01-17T10:00;balanco;NE;-14.844
2026-01-17T10:00;balanco;SE;9.322
2026-01-17T10:00;balanco;SIN;68.417
2026-01-17T11:00;balanco;N;-2.526
2026-01-17T11:00;balanco;NE;-20.142
2026-01-17T11:00;balanco;SE;17.428
2026-01-17T11:00;balanco;SIN;71.206
2026-01-17T12:00;balanco;N;-2.572
2026-01-17T12:00;balanco;NE;-13.663
2026-01-17T12:00;balanco;SE;18.864
2026-01-17T12:00;balanco;SIN;70.976
2026-01-17T13:00;balanco;N;-2.487
2026-01-17T13:00;balanco;NE;-5.955
2026-01-17T13:00;balanco;SE;4.136
2026-01-17T13:00;balanco;SIN;38.193
2026-01-17T14:00;balanco;N;-4.3
2026-01-17T14:00;balanco;NE;-35.254
2026-01-17T14:00;balanco;SE;13.007
2026-01-17T14:00;balanco;SIN;-53.616
2026-01-17T15:00;balanco;N;-3.204
2026-01-17T15:00;balanco;NE;-13.729
2026-01-17T15:00;balanco;SE;-30.923
2026-01-17T15:00;balanco;SIN;-175.203
2026-01-17T16:00;balanco;N;-3.386
2026-01-17T16:00;balanco;NE;-10.334
2026-01-17T16:00;balanco;SE;-66.671
2026-01-17T16:00;balanco;SIN;-259.434
2026-01-17T17:00;balanco;N;-3.331
2026-01-17T17:00;balanco;NE;-19.295
2026-01-17T17:00;balanco;SE;-57.288
2026-01-17T17:00;balanco;SIN;-174.549
2026-01-17T18:00;balanco;N;-4.14
2026-01-17T18:00;balanco;NE;-3.277
2026-01-17T18:00;balanco;SE;-25.545
2026-01-17T18:00;balanco;SIN;-55.275
2026-01-17T19:00;balanco;N;-3.356
2026-01-17T19:00;balanco;NE;-3.909
2026-01-17T19:00;balanco;SE;1.89
2026-01-17T19:00;balanco;SIN;-8.997
2026-01-17T20:00;balanco;N;-3.003
2026-01-17T20:00;balanco;NE;-4.009
2026-01-17T20:00;balanco;SE;2.387
2026-01-17T20:00;balanco;SIN;-10.56
2026-01-17T21:00;balanco;N;-2.884
2026-01-17T21:00;balanco;NE;-3.999
2026-01-17T21:00;balanco;SE;7.878
2026-01-17T21:00;balanco;SIN;-5.998
2026-01-17T22:00;balanco;N;-2.902
2026-01-17T22:00;balanco;NE;-4.098
2026-01-17T22:00;balanco;SE;-22.129
2026-01-17T22:00;balanco;SIN;29.238
2026-01-17T23:00;balanco;N;-2.942
2026-01-17T23:00;balanco;NE;-4.21
2026-01-17T23:00;balanco;SE;8.941
2026-01-17T23:00;balanco;SIN;27.838
2026-01-18T00:00;balanco;NE;-5.59
2026-01-18T00:00;balanco;SE;-0.335
2026-01-18T00:00;balanco;SIN;-73.072
2026-01-18T01:00;balanco;N;-3.014
2026-01-18T01:00;balanco;SE;-0.36
2026-01-18T01:00;balanco;SIN;-78.369
2026-01-18T02:00;balanco;N;-2.928
2026-01-18T02:00;balanco;NE;-5.738
2026-01-18T02:00;balanco;SE;-0.36
2026-01-18T02:00;balanco;SIN;-60.043
2026-01-18T03:00;balanco;N;-2.823
2026-01-18T03:00;balanco;NE;-151.485
2026-01-18T03:00;balanco;S;1.409
2026-01-18T03:00;balanco;SE;-0.366
2026-01-18T03:00;balanco;SIN;-153.261
2026-01-18T04:00;balanco;NE;0.223
2026-01-18T04:00;balanco;S;1.403
2026-01-18T04:00;balanco;SIN;-168.186
2026-01-18T05:00;balanco;N;-3.119
2026-01-18T05:00;balanco;NE;-13.122
2026-01-18T05:00;balanco;S;1.19
2026-01-18T05:00;balanco;SE;-0.981
2026-01-18T05:00;balanco;SIN;-130.558
2026-01-18T06:00;balanco;N;-3.145
2026-01-18T06:00;balanco;NE;-26.897
2026-01-18T06:00;balanco;S;1.347
2026-01-18T06:00;balanco;SE;-4.055
2026-01-18T06:00;balanco;SIN;-103.623
2026-01-18T07:00;balanco;NE;-17.057
2026-01-18T07:00;balanco;SE;15.474
2026-01-18T07:00;balanco;SIN;-37.813
2026-01-18T08:00;balanco;NE;-17.753
2026-01-18T08:00;balanco;SE;7.309
2026-01-18T08:00;balanco;SIN;-90.556
2026-01-18T09:00;balanco;N;-3.087
2026-01-18T09:00;balanco;NE;-104.795
2026-01-18T09:00;balanco;SE;11.17
2026-01-18T09:00;balanco;SIN;-95.213
2026-01-18T10:00;balanco;N;-3.262
2026-01-18T10:00;balanco;NE;1.404
2026-01-18T10:00;balanco;S;1.542
2026-01-18T10:00;balanco;SE;7.098
2026-01-18T10:00;balanco;SIN;6.778
2026-01-18T11:00;balanco;NE;-17.239
2026-01-18T11:00;balanco;SE;10.014
2026-01-18T11:00;balanco;SIN;47.978
2026-01-18T12:00;balanco;N;-3.208
2026-01-18T12:00;balanco;NE;-14.699
2026-01-18T12:00;balanco;SE;11.549
2026-01-18T12:00;balanco;SIN;73.871
2026-01-18T13:00;balanco;N;-3.313
2026-01-18T13:00;balanco;NE;-23.342
2026-01-18T13:00;balanco;S;1.784
2026-01-18T13:00;balanco;SE;19.93
2026-01-18T13:00;balanco;SIN;-13.252
2026-01-18T14:00;balanco;NE;-16.422
2026-01-18T14:00;balanco;SE;20.675
2026-01-18T14:00;balanco;SIN;-12.263
2026-01-18T15:00;balanco;N;-3.561
2026-01-18T15:00;balanco;NE;-16.719
2026-01-18T15:00;balanco;SE;3.957
2026-01-18T15:00;balanco;SIN;1.967
2026-01-18T16:00;balanco;N;-3.66
2026-01-18T16:00;balanco;NE;21.028
2026-01-18T16:00;balanco;S;-0.517
2026-01-18T16:00;balanco;SE;-16.033
2026-01-18T16:00;balanco;SIN;0.821
2026-01-18T17:00;balanco;N;-3.086
2026-01-18T17:00;balanco;NE;-7.294
2026-01-18T17:00;balanco;SE;-16.591
2026-01-18T17:00;balanco;SIN;-37.014
2026-01-18T18:00;balanco;N;-3.287
2026-01-18T18:00;balanco;SE;-0.779
2026-01-18T18:00;balanco;SIN;-62.158
2026-01-18T19:00;balanco;NE;0.753
2026-01-18T19:00;balanco;SE;-0.147
2026-01-18T19:00;balanco;SIN;-100.364
2026-01-18T20:00;balanco;N;-3.366
2026-01-18T20:00;balanco;NE;3.243
2026-01-18T20:00;balanco;SE;-0.231
2026-01-18T20:00;balanco;SIN;-101.47
2026-01-18T21:00;balanco;N;-3.135
2026-01-18T21:00;balanco;NE;2.924
2026-01-18T21:00;balanco;SE;-0.361
2026-01-18T21:00;balanco;SIN;-101.023
2026-01-18T22:00;balanco;N;-3.164
2026-01-18T22:00;balanco;NE;3.088
2026-01-18T22:00;balanco;SE;1.515
2026-01-18T22:00;balanco;SIN;-112.34
2026-01-18T23:00;balanco;N;-3.171
2026-01-18T23:00;balanco;NE;-69.277
2026-01-18T23:00;balanco;S;1.687
2026-01-18T23:00;balanco;SIN;-70.765
2026-01-19T00:00;balanco;N;-3.286
2026-01-19T00:00;balanco;NE;156.901
2026-01-19T00:00;balanco;S;-36.175
2026-01-19T00:00;balanco;SIN;117.44
2026-01-19T01:00;balanco;N;-3.032
2026-01-19T01:00;balanco;NE;146.179
2026-01-19T01:00;balanco;S;-37.23
2026-01-19T01:00;balanco;SIN;105.914
2026-01-19T02:00;balanco;N;-3.013
2026-01-19T02:00;balanco;NE;99.352
2026-01-19T02:00;balanco;S;-45.505
2026-01-19T02:00;balanco;SE;-0.126
2026-01-19T02:00;balanco;SIN;50.706
2026-01-19T03:00;balanco;N;-3.14
2026-01-19T03:00;balanco;NE;-46.449
2026-01-19T03:00;balanco;S;-46.617
2026-01-19T03:00;balanco;SE;-0.68
2026-01-19T03:00;balanco;SIN;-96.888
2026-01-19T04:00;balanco;N;-2.979
2026-01-19T04:00;balanco;NE;-50.269
2026-01-19T04:00;balanco;S;-41.337
2026-01-19T04:00;balanco;SE;0.373
2026-01-19T04:00;balanco;SIN;-94.213
2026-01-19T05:00;balanco;N;-2.983
2026-01-19T05:00;balanco;NE;62.144
2026-01-19T05:00;balanco;S;-36.834
2026-01-19T05:00;balanco;SE;0.853
2026-01-19T05:00;balanco;SIN;22.128
2026-01-19T06:00;balanco;N;-2.914
2026-01-19T06:00;balanco;NE;74.451
2026-01-19T06:00;balanco;S;-35.398
2026-01-19T06:00;balanco;SE;0.795
2026-01-19T06:00;balanco;SIN;28.489
2026-01-19T07:00;balanco;N;-3.008
2026-01-19T07:00;balanco;NE;76.002
2026-01-19T07:00;balanco;S;-40.264
2026-01-19T07:00;balanco;SE;0.899
2026-01-19T07:00;balanco;SIN;8.798
2026-01-19T08:00;balanco;N;-2.842
2026-01-19T08:00;balanco;NE;67.912
2026-01-19T08:00;balanco;S;-39.391
2026-01-19T08:00;balanco;SE;0.948
2026-01-19T08:00;balanco;SIN;-14.369
2026-01-19T09:00;balanco;N;-3.241
2026-01-19T09:00;balanco;NE;59.875
2026-01-19T09:00;balanco;S;-34.199
2026-01-19T09:00;balanco;SE;-46.176
2026-01-19T09:00;balanco;SIN;-23.74
2026-01-19T10:00;balanco;N;-3.082
2026-01-19T10:00;balanco;NE;31.193
2026-01-19T10:00;balanco;S;-44.888
2026-01-19T10:00;balanco;SE;-22.729
2026-01-19T10:00;balanco;SIN;-39.508
2026-01-19T11:00;balanco;N;-8.306
2026-01-19T11:00;balanco;NE;18.328
2026-01-19T11:00;balanco;S;-36.302
2026-01-19T11:00;balanco;SE;0.714
2026-01-19T11:00;balanco;SIN;-64.25
2026-01-19T12:00;balanco;N;-7.102
2026-01-19T12:00;balanco;NE;20.23
2026-01-19T12:00;balanco;S;-37.679
2026-01-19T12:00;balanco;SE;1.024
2026-01-19T12:00;balanco;SIN;-71.113
2026-01-19T13:00;balanco;N;-3.549
2026-01-19T13:00;balanco;NE;33.499
2026-01-19T13:00;balanco;S;-39.54
2026-01-19T13:00;balanco;SE;-28.185
2026-01-19T13:00;balanco;SIN;-37.772
2026-01-19T14:00;balanco;N;-3.282
2026-01-19T14:00;balanco;NE;3.631
2026-01-19T14:00;balanco;S;-21.373
2026-01-19T14:00;balanco;SE;-0.121
2026-01-19T14:00;balanco;SIN;-82.37
2026-01-19T15:00;balanco;N;-3.096
2026-01-19T15:00;balanco;NE;-227.226
2026-01-19T15:00;balanco;S;-29.18
2026-01-19T15:00;balanco;SE;-34.11
2026-01-19T15:00;balanco;SIN;-293.609
2026-01-19T16:00;balanco;N;-3.16
2026-01-19T16:00;balanco;NE;-140.301
2026-01-19T16:00;balanco;S;-26.76
2026-01-19T16:00;balanco;SE;-55.616
2026-01-19T16:00;balanco;SIN;-225.836
2026-01-19T17:00;balanco;N;-3.28
2026-01-19T17:00;balanco;NE;-17.665
2026-01-19T17:00;balanco;S;-34.117
2026-01-19T17:00;balanco;SE;-24.201
2026-01-19T17:00;balanco;SIN;-79.265
2026-01-19T18:00;balanco;N;-2.914
2026-01-19T18:00;balanco;NE;25.467
2026-01-19T18:00;balanco;S;-42.502
2026-01-19T18:00;balanco;SE;-6.203
2026-01-19T18:00;balanco;SIN;-26.151
2026-01-19T19:00;balanco;N;-3.502
2026-01-19T19:00;balanco;NE;2.915
2026-01-19T19:00;balanco;S;-40.668
2026-01-19T19:00;balanco;SE;0.123
2026-01-19T19:00;balanco;SIN;-41.13
2026-01-19T20:00;balanco;N;-3.145
2026-01-19T20:00;balanco;NE;-32.991
2026-01-19T20:00;balanco;S;-39.255
2026-01-19T20:00;balanco;SE;0.156
2026-01-19T20:00;balanco;SIN;-75.232
2026-01-19T21:00;balanco;N;-2.753
2026-01-19T21:00;balanco;NE;-48.887
2026-01-19T21:00;balanco;S;-40.019
2026-01-19T21:00;balanco;SE;1.829
2026-01-19T21:00;balanco;SIN;-89.83
2026-01-19T22:00;balanco;N;-2.574
2026-01-19T22:00;balanco;NE;-104.027
2026-01-19T22:00;balanco;S;-37.437
2026-01-19T22:00;balanco;SE;1.783
2026-01-19T22:00;balanco;SIN;-142.257
2026-01-19T23:00;balanco;N;-2.422
2026-01-19T23:00;balanco;NE;-73.673
2026-01-19T23:00;balanco;S;-32.114
2026-01-19T23:00;balanco;SE;0.601
2026-01-19T23:00;balanco;SIN;-107.61
2026-01-20T00:00;balanco;N;-2.226
2026-01-20T00:00;balanco;NE;-149.078
2026-01-20T00:00;balanco;S;-33.62
2026-01-20T00:00;balanco;SE;-2.046
2026-01-20T00:00;balanco;SIN;-186.967
2026-01-20T01:00;balanco;N;-2.212
2026-01-20T01:00;balanco;NE;-136.988
2026-01-20T01:00;balanco;S;-24.603
2026-01-20T01:00;balanco;SE;-1.473
2026-01-20T01:00;balanco;SIN;-165.281
2026-01-20T02:00;balanco;N;-2.149
2026-01-20T02:00;balanco;NE;-95.958
2026-01-20T02:00;balanco;S;-22.25
2026-01-20T02:00;balanco;SE;3.17
2026-01-20T02:00;balanco;SIN;-117.189
2026-01-20T03:00;balanco;N;-2.143
2026-01-20T03:00;balanco;NE;36.683
2026-01-20T03:00;balanco;S;-20.108
2026-01-20T03:00;balanco;SE;2.569
2026-01-20T03:00;balanco;SIN;17.003
2026-01-20T04:00;balanco;N;-2.19
2026-01-20T04:00;balanco;NE;43.418
2026-01-20T04:00;balanco;S;-17.115
2026-01-20T04:00;balanco;SE;-4.338
2026-01-20T04:00;balanco;SIN;19.778
2026-01-20T05:00;balanco;N;-2.152
2026-01-20T05:00;balanco;NE;-8.176
2026-01-20T05:00;balanco;S;-22.217
2026-01-20T05:00;balanco;SE;-3.99
2026-01-20T05:00;balanco;SIN;-36.533
2026-01-20T06:00;balanco;N;-3.749
2026-01-20T06:00;balanco;NE;-34.779
2026-01-20T06:00;balanco;S;-23.399
2026-01-20T06:00;balanco;SE;-15.782
2026-01-20T06:00;balanco;SIN;-77.712
2026-01-20T07:00;balanco;N;-3.243
2026-01-20T07:00;balanco;NE;-67.342
2026-01-20T07:00;balanco;S;-21.812
2026-01-20T07:00;balanco;SE;-29.317
2026-01-20T07:00;balanco;SIN;-121.717
2026-01-20T08:00;balanco;N;-2.559
2026-01-20T08:00;balanco;NE;-105.145
2026-01-20T08:00;balanco;S;-18.446
2026-01-20T08:00;balanco;SE;-31.699
2026-01-20T08:00;balanco;SIN;-157.849
2026-01-20T09:00;balanco;N;-2.822
2026-01-20T09:00;balanco;NE;-95.71
2026-01-20T09:00;balanco;S;-11.512
2026-01-20T09:00;balanco;SE;-25.364
2026-01-20T09:00;balanco;SIN;-135.405
2026-01-20T10:00;balanco;N;-2.9
2026-01-20T10:00;balanco;NE;-97.21
2026-01-20T10:00;balanco;S;-6.306
2026-01-20T10:00;balanco;SE;-28.79
2026-01-20T10:00;balanco;SIN;-135.21
2026-01-20T11:00;balanco;N;-6.967
2026-01-20T11:00;balanco;NE;-104.299
2026-01-20T11:00;balanco;S;-4.206
2026-01-20T11:00;balanco;SE;-27.876
2026-01-20T11:00;balanco;SIN;-143.351
2026-01-20T12:00;balanco;N;-5.028
2026-01-20T12:00;balanco;NE;-89.297
2026-01-20T12:00;balanco;S;-6.256
2026-01-20T12:00;balanco;SE;-38.174
2026-01-20T12:00;balanco;SIN;-138.751
2026-01-20T13:00;balanco;N;-3.253
2026-01-20T13:00;balanco;NE;-50.889
2026-01-20T13:00;balanco;S;-7.143
2026-01-20T13:00;balanco;SE;-21.064
2026-01-20T13:00;balanco;SIN;-82.345
2026-01-20T14:00;balanco;N;-3.261
2026-01-20T14:00;balanco;NE;12.873
2026-01-20T14:00;balanco;S;-4.388
2026-01-20T14:00;balanco;SE;-26.725
2026-01-20T14:00;balanco;SIN;-21.503
2026-01-20T15:00;balanco;N;-3.154
2026-01-20T15:00;balanco;NE;178.012
2026-01-20T15:00;balanco;S;-6.087
2026-01-20T15:00;balanco;SE;-19.732
2026-01-20T15:00;balanco;SIN;149.041
2026-01-20T16:00;balanco;N;-3.533
2026-01-20T16:00;balanco;NE;106.588
2026-01-20T16:00;balanco;S;-5.161
2026-01-20T16:00;balanco;SE;-32.93
2026-01-20T16:00;balanco;SIN;64.967
2026-01-20T17:00;balanco;N;-3.358
2026-01-20T17:00;balanco;NE;-1.266
2026-01-20T17:00;balanco;S;-8.344
2026-01-20T17:00;balanco;SE;-16.818
2026-01-20T17:00;balanco;SIN;-29.784
2026-01-20T18:00;balanco;N;-3.478
2026-01-20T18:00;balanco;NE;-41.739
2026-01-20T18:00;balanco;S;-5.89
2026-01-20T18:00;balanco;SE;-11.244
2026-01-20T18:00;balanco;SIN;-62.355
2026-01-20T19:00;balanco;N;-3.434
2026-01-20T19:00;balanco;NE;-19.697
2026-01-20T19:00;balanco;S;-6.837
2026-01-20T19:00;balanco;SE;-7.608
2026-01-20T19:00;balanco;SIN;-37.578
2026-01-20T20:00;balanco;N;-3.535
2026-01-20T20:00;balanco;NE;9.519
2026-01-20T20:00;balanco;S;-16.489
2026-01-20T20:00;balanco;SE;-7.59
2026-01-20T20:00;balanco;SIN;-18.091
2026-01-20T21:00;balanco;N;-3.705
2026-01-20T21:00;balanco;NE;21.465
2026-01-20T21:00;balanco;S;-29.223
2026-01-20T21:00;balanco;SE;-7.648
2026-01-20T21:00;balanco;SIN;-19.112
2026-01-20T22:00;balanco;N;-3.993
2026-01-20T22:00;balanco;NE;71.396
2026-01-20T22:00;balanco;S;-24.202
2026-01-20T22:00;balanco;SE;-7.121
2026-01-20T22:00;balanco;SIN;36.081
2026-01-20T23:00;balanco;N;-2.972
2026-01-20T23:00;balanco;NE;66.792
2026-01-20T23:00;balanco;S;-27.797
2026-01-20T23:00;balanco;SE;-5.976
2026-01-20T23:00;balanco;SIN;30.049
2026-01-21T00:00;balanco;N;-2.912
2026-01-21T00:00;balanco;NE;55.663
2026-01-21T00:00;balanco;S;-8.273
2026-01-21T00:00;balanco;SE;-38.92
2026-01-21T00:00;balanco;SIN;5.56
2026-01-21T01:00;balanco;N;-2.793
2026-01-21T01:00;balanco;NE;52.915
2026-01-21T01:00;balanco;S;-5.755
2026-01-21T01:00;balanco;SE;-40.25
2026-01-21T01:00;balanco;SIN;4.114
2026-01-21T02:00;balanco;N;-2.975
2026-01-21T02:00;balanco;NE;62.187
2026-01-21T02:00;balanco;S;-7.052
2026-01-21T02:00;balanco;SE;-39.381
2026-01-21T02:00;balanco;SIN;12.778
2026-01-21T03:00;balanco;N;-3.076
2026-01-21T03:00;balanco;NE;57.578
2026-01-21T03:00;balanco;S;-6.494
2026-01-21T03:00;balanco;SE;-6.722
2026-01-21T03:00;balanco;SIN;41.288
2026-01-21T04:00;balanco;N;-3.067
2026-01-21T04:00;balanco;NE;39.898
2026-01-21T04:00;balanco;S;-4.689
2026-01-21T04:00;balanco;SE;-7.448
2026-01-21T04:00;balanco;SIN;24.697
2026-01-21T05:00;balanco;N;-2.954
2026-01-21T05:00;balanco;NE;32.4
2026-01-21T05:00;balanco;S;-4.126
2026-01-21T05:00;balanco;SE;-8.05
2026-01-21T05:00;balanco;SIN;17.267
2026-01-21T06:00;balanco;N;-3.045
2026-01-21T06:00;balanco;NE;22.025
2026-01-21T06:00;balanco;S;-5.887
2026-01-21T06:00;balanco;SE;-32.911
2026-01-21T06:00;balanco;SIN;-19.823
2026-01-21T07:00;balanco;N;-2.931
2026-01-21T07:00;balanco;NE;30.995
2026-01-21T07:00;balanco;S;-3.313
2026-01-21T07:00;balanco;SE;-30.744
2026-01-21T07:00;balanco;SIN;-5.993
2026-01-21T08:00;balanco;N;-2.962
2026-01-21T08:00;balanco;NE;50.148
2026-01-21T08:00;balanco;S;-7.001
2026-01-21T08:00;balanco;SE;7.031
2026-01-21T08:00;balanco;SIN;47.214
2026-01-21T09:00;balanco;N;-3.079
2026-01-21T09:00;balanco;NE;28.515
2026-01-21T09:00;balanco;S;-9.912
2026-01-21T09:00;balanco;SE;51.87
2026-01-21T09:00;balanco;SIN;67.391
2026-01-21T10:00;balanco;N;-3.167
2026-01-21T10:00;balanco;NE;14.099
2026-01-21T10:00;balanco;S;-10.578
2026-01-21T10:00;balanco;SE;51.322
2026-01-21T10:00;balanco;SIN;51.68
2026-01-21T11:00;balanco;N;-5.169
2026-01-21T11:00;balanco;NE;-3.387
2026-01-21T11:00;balanco;S;-2.93
2026-01-21T11:00;balanco;SE;75.64
2026-01-21T11:00;balanco;SIN;64.156
2026-01-21T12:00;balanco;N;-14.445
2026-01-21T12:00;balanco;NE;-21.8
2026-01-21T12:00;balanco;S;-2.444
2026-01-21T12:00;balanco;SE;95.44
2026-01-21T12:00;balanco;SIN;56.746
2026-01-21T13:00;balanco;N;-11.883
2026-01-21T13:00;balanco;NE;-16.741
2026-01-21T13:00;balanco;S;-3.371
2026-01-21T13:00;balanco;SE;-3.838
2026-01-21T13:00;balanco;SIN;-35.829
2026-01-21T14:00;balanco;N;-4.184
2026-01-21T14:00;balanco;NE;-7.247
2026-01-21T14:00;balanco;S;-2.415
2026-01-21T14:00;balanco;SE;-0.149
2026-01-21T14:00;balanco;SIN;-13.994
2026-01-21T15:00;balanco;N;-4.134
2026-01-21T15:00;balanco;NE;20.886
2026-01-21T15:00;balanco;S;-1.232
2026-01-21T15:00;balanco;SE;39.98
2026-01-21T15:00;balanco;SIN;55.504
2026-01-21T16:00;balanco;N;-3.38
2026-01-21T16:00;balanco;NE;-13.31
2026-01-21T16:00;balanco;S;-3.145
2026-01-21T16:00;balanco;SE;34.118
2026-01-21T16:00;balanco;SIN;14.282
2026-01-21T17:00;balanco;N;-3.385
2026-01-21T17:00;balanco;NE;-29.474
2026-01-21T17:00;balanco;S;-4.78
2026-01-21T17:00;balanco;SE;30.724
2026-01-21T17:00;balanco;SIN;-6.915
2026-01-21T18:00;balanco;N;-3.343
2026-01-21T18:00;balanco;NE;31.606
2026-01-21T18:00;balanco;S;-5.953
2026-01-21T18:00;balanco;SE;-3.722
2026-01-21T18:00;balanco;SIN;18.583
2026-01-21T19:00;balanco;N;-3.851
2026-01-21T19:00;balanco;NE;13.132
2026-01-21T19:00;balanco;S;-5.435
2026-01-21T19:00;balanco;SE;-2.927
2026-01-21T19:00;balanco;SIN;0.922
2026-01-21T20:00;balanco;N;-3.393
2026-01-21T20:00;balanco;NE;40.89
2026-01-21T20:00;balanco;S;-8.221
2026-01-21T20:00;balanco;SE;-4.509
2026-01-21T20:00;balanco;SIN;24.763
2026-01-21T21:00;balanco;N;-2.972
2026-01-21T21:00;balanco;NE;47.944
2026-01-21T21:00;balanco;S;-9.214
2026-01-21T21:00;balanco;SE;-3.946
2026-01-21T21:00;balanco;SIN;31.809
2026-01-21T22:00;balanco;N;-3.02
2026-01-21T22:00;balanco;NE;38.195
2026-01-21T22:00;balanco;S;-12.107
2026-01-21T22:00;balanco;SE;-4.594
2026-01-21T22:00;balanco;SIN;18.474
2026-01-21T23:00;balanco;N;-3.052
2026-01-21T23:00;balanco;NE;37.267
2026-01-21T23:00;balanco;S;-14.474
2026-01-21T23:00;balanco;SE;-4.587
2026-01-21T23:00;balanco;SIN;15.155
2026-01-22T00:00;balanco;N;-3.037
2026-01-22T00:00;balanco;NE;-18.126
2026-01-22T00:00;balanco;S;-11.369
2026-01-22T00:00;balanco;SE;0.822
2026-01-22T00:00;balanco;SIN;-31.71
2026-01-22T01:00;balanco;N;-2.967
2026-01-22T01:00;balanco;NE;9.157
2026-01-22T01:00;balanco;S;-9.839
2026-01-22T01:00;balanco;SE;12.855
2026-01-22T01:00;balanco;SIN;9.208
2026-01-22T02:00;balanco;N;-2.645
2026-01-22T02:00;balanco;NE;-3.017
2026-01-22T02:00;balanco;S;-5.142
2026-01-22T02:00;balanco;SE;39.089
2026-01-22T02:00;balanco;SIN;28.283
2026-01-22T03:00;balanco;N;-2.508
2026-01-22T03:00;balanco;NE;1.795
2026-01-22T03:00;balanco;S;-3.482
2026-01-22T03:00;balanco;SE;25.319
2026-01-22T03:00;balanco;SIN;21.12
2026-01-22T04:00;balanco;N;-2.781
2026-01-22T04:00;balanco;NE;119.952
2026-01-22T04:00;balanco;S;-3.331
2026-01-22T04:00;balanco;SE;-74.333
2026-01-22T04:00;balanco;SIN;39.507
2026-01-22T05:00;balanco;N;-2.756
2026-01-22T05:00;balanco;NE;245.304
2026-01-22T05:00;balanco;S;-2.524
2026-01-22T05:00;balanco;SE;-54.018
2026-01-22T05:00;balanco;SIN;186.002
2026-01-22T06:00;balanco;N;-2.788
2026-01-22T06:00;balanco;NE;227.235
2026-01-22T06:00;balanco;S;-1.53
2026-01-22T06:00;balanco;SE;-42.178
2026-01-22T06:00;balanco;SIN;180.736
2026-01-22T07:00;balanco;N;-2.738
2026-01-22T07:00;balanco;NE;191.648
2026-01-22T07:00;balanco;S;-0.707
2026-01-22T07:00;balanco;SE;-17.777
2026-01-22T07:00;balanco;SIN;170.422
2026-01-22T08:00;balanco;N;-2.731
2026-01-22T08:00;balanco;NE;176.299
2026-01-22T08:00;balanco;S;-3.065
2026-01-22T08:00;balanco;SE;-27.073
2026-01-22T08:00;balanco;SIN;143.426
2026-01-22T09:00;balanco;N;-2.67
2026-01-22T09:00;balanco;NE;169.981
2026-01-22T09:00;balanco;S;0.811
2026-01-22T09:00;balanco;SE;-3.272
2026-01-22T09:00;balanco;SIN;164.845
2026-01-22T10:00;balanco;N;-2.679
2026-01-22T10:00;balanco;NE;117.178
2026-01-22T10:00;balanco;S;-4.912
2026-01-22T10:00;balanco;SE;-7.776
2026-01-22T10:00;balanco;SIN;101.808
2026-01-22T11:00;balanco;N;-7.699
2026-01-22T11:00;balanco;NE;83.348
2026-01-22T11:00;balanco;S;-17.974
2026-01-22T11:00;balanco;SE;303.212
2026-01-22T11:00;balanco;SIN;360.885
2026-01-22T12:00;balanco;N;-8.21
2026-01-22T12:00;balanco;NE;94.429
2026-01-22T12:00;balanco;S;-28.94
2026-01-22T12:00;balanco;SE;-9.191
2026-01-22T12:00;balanco;SIN;48.086
2026-01-22T13:00;balanco;N;-2.425
2026-01-22T13:00;balanco;NE;83.095
2026-01-22T13:00;balanco;S;-28.323
2026-01-22T13:00;balanco;SE;-11.099
2026-01-22T13:00;balanco;SIN;41.249
2026-01-22T14:00;balanco;N;-2.797
2026-01-22T14:00;balanco;NE;76.437
2026-01-22T14:00;balanco;S;-26.88
2026-01-22T14:00;balanco;SE;-5.5
2026-01-22T14:00;balanco;SIN;41.263
2026-01-22T15:00;balanco;N;-2.421
2026-01-22T15:00;balanco;NE;69.939
2026-01-22T15:00;balanco;S;-28.906
2026-01-22T15:00;balanco;SE;-107.932
2026-01-22T15:00;balanco;SIN;-69.324
2026-01-22T16:00;balanco;N;-4.208
2026-01-22T16:00;balanco;NE;67.635
2026-01-22T16:00;balanco;S;-6.919
2026-01-22T16:00;balanco;SE;-17.021
2026-01-22T16:00;balanco;SIN;39.484
2026-01-22T17:00;balanco;N;-5.992
2026-01-22T17:00;balanco;NE;102.77
2026-01-22T17:00;balanco;S;-2.938
2026-01-22T17:00;balanco;SE;-20.697
2026-01-22T17:00;balanco;SIN;73.145
2026-01-22T18:00;balanco;N;-6.795
2026-01-22T18:00;balanco;NE;109.626
2026-01-22T18:00;balanco;S;-3.481
2026-01-22T18:00;balanco;SE;-1.622
2026-01-22T18:00;balanco;SIN;97.724
2026-01-22T19:00;balanco;N;-9.467
2026-01-22T19:00;balanco;NE;123.192
2026-01-22T19:00;balanco;S;-2.317
2026-01-22T19:00;balanco;SE;-0.593
2026-01-22T19:00;balanco;SIN;110.816
2026-01-22T20:00;balanco;N;-5.27
2026-01-22T20:00;balanco;NE;164.78
2026-01-22T20:00;balanco;S;-4.721
2026-01-22T20:00;balanco;SE;-0.852
2026-01-22T20:00;balanco;SIN;153.935
2026-01-22T21:00;balanco;N;-4.243
2026-01-22T21:00;balanco;NE;167.456
2026-01-22T21:00;balanco;S;-2.624
2026-01-22T21:00;balanco;SE;-0.936
2026-01-22T21:00;balanco;SIN;159.656
2026-01-22T22:00;balanco;N;-4.253
2026-01-22T22:00;balanco;NE;261.474
2026-01-22T22:00;balanco;S;-3.807
2026-01-22T22:00;balanco;SE;-0.866
2026-01-22T22:00;balanco;SIN;252.552
2026-01-22T23:00;balanco;N;-3.022
2026-01-22T23:00;balanco;NE;113.04
2026-01-22T23:00;balanco;S;-3.204
2026-01-22T23:00;balanco;SE;-0.735
2026-01-22T23:00;balanco;SIN;106.076
2026-01-23T00:00;balanco;N;-2.698
2026-01-23T00:00;balanco;NE;31.809
2026-01-23T00:00;balanco;S;-1.035
2026-01-23T00:00;balanco;SE;1.162
2026-01-23T00:00;balanco;SIN;29.238
2026-01-23T01:00;balanco;N;-2.964
2026-01-23T01:00;balanco;NE;109.351
2026-01-23T01:00;balanco;S;3.875
2026-01-23T01:00;balanco;SE;1.656
2026-01-23T01:00;balanco;SIN;111.922
2026-01-23T02:00;balanco;N;-2.826
2026-01-23T02:00;balanco;NE;23.581
2026-01-23T02:00;balanco;S;9.769
2026-01-23T02:00;balanco;SE;2.113
2026-01-23T02:00;balanco;SIN;32.632
2026-01-23T03:00;balanco;N;-2.75
2026-01-23T03:00;balanco;NE;84.216
2026-01-23T03:00;balanco;S;12.032
2026-01-23T03:00;balanco;SE;2.142
2026-01-23T03:00;balanco;SIN;95.641
2026-01-23T04:00;balanco;N;-2.789
2026-01-23T04:00;balanco;NE;170.356
2026-01-23T04:00;balanco;S;0.106
2026-01-23T04:00;balanco;SE;1.402
2026-01-23T04:00;balanco;SIN;169.411
2026-01-23T05:00;balanco;N;-2.791
2026-01-23T05:00;balanco;NE;133.531
2026-01-23T05:00;balanco;S;-5.859
2026-01-23T05:00;balanco;SE;12.589
2026-01-23T05:00;balanco;SIN;127.744
2026-01-23T06:00;balanco;N;-2.819
2026-01-23T06:00;balanco;NE;-38.087
2026-01-23T06:00;balanco;S;3.056
2026-01-23T06:00;balanco;SE;22.533
2026-01-23T06:00;balanco;SIN;-37.028
2026-01-23T07:00;balanco;N;-2.766
2026-01-23T07:00;balanco;NE;-41.644
2026-01-23T07:00;balanco;S;0.568
2026-01-23T07:00;balanco;SE;18.53
2026-01-23T07:00;balanco;SIN;-30.761
2026-01-23T08:00;balanco;N;-2.609
2026-01-23T08:00;balanco;NE;-35.407
2026-01-23T08:00;balanco;S;-0.354
2026-01-23T08:00;balanco;SE;23.452
2026-01-23T08:00;balanco;SIN;7.932
2026-01-23T09:00;balanco;N;-2.697
2026-01-23T09:00;balanco;NE;-38.64
2026-01-23T09:00;balanco;S;-0.883
2026-01-23T09:00;balanco;SE;25.414
2026-01-23T09:00;balanco;SIN;-11.281
2026-01-23T10:00;balanco;N;-2.821
2026-01-23T10:00;balanco;NE;-36.777
2026-01-23T10:00;balanco;S;-1.528
2026-01-23T10:00;balanco;SE;29.675
2026-01-23T10:00;balanco;SIN;-16.063
2026-01-23T11:00;balanco;N;-7.443
2026-01-23T11:00;balanco;NE;-37.53
2026-01-23T11:00;balanco;S;-8.006
2026-01-23T11:00;balanco;SE;10.373
2026-01-23T11:00;balanco;SIN;-36.621
2026-01-23T12:00;balanco;N;-8.126
2026-01-23T12:00;balanco;NE;-51.949
2026-01-23T12:00;balanco;S;0.231
2026-01-23T12:00;balanco;SE;3.1
2026-01-23T12:00;balanco;SIN;-67.581
2026-01-23T13:00;balanco;N;-3.071
2026-01-23T13:00;balanco;NE;-30.466
2026-01-23T13:00;balanco;S;21.003
2026-01-23T13:00;balanco;SE;3.877
2026-01-23T13:00;balanco;SIN;-19.705
2026-01-23T14:00;balanco;N;-3.307
2026-01-23T14:00;balanco;NE;-86.619
2026-01-23T14:00;balanco;S;37.795
2026-01-23T14:00;balanco;SE;3.627
2026-01-23T14:00;balanco;SIN;-75.688
2026-01-23T15:00;balanco;N;-3.79
2026-01-23T15:00;balanco;NE;-114.269
2026-01-23T15:00;balanco;S;34.67
2026-01-23T15:00;balanco;SE;-30.83
2026-01-23T15:00;balanco;SIN;-133.66
2026-01-23T16:00;balanco;N;-3.48
2026-01-23T16:00;balanco;NE;-194.895
2026-01-23T16:00;balanco;S;31.345
2026-01-23T16:00;balanco;SE;-32.988
2026-01-23T16:00;balanco;SIN;-219.758
2026-01-23T17:00;balanco;N;-3.094
2026-01-23T17:00;balanco;NE;-48.356
2026-01-23T17:00;balanco;S;27.663
2026-01-23T17:00;balanco;SE;-5.879
2026-01-23T17:00;balanco;SIN;-38.364
2026-01-23T18:00;balanco;N;-3.127
2026-01-23T18:00;balanco;NE;131.91
2026-01-23T18:00;balanco;S;23.948
2026-01-23T18:00;balanco;SE;12.227
2026-01-23T18:00;balanco;SIN;162.215
2026-01-23T19:00;balanco;N;-2.63
2026-01-23T19:00;balanco;NE;243.447
2026-01-23T19:00;balanco;S;8.29
2026-01-23T19:00;balanco;SE;5.005
2026-01-23T19:00;balanco;SIN;254.561
2026-01-23T20:00;balanco;N;-5.502
2026-01-23T20:00;balanco;NE;273.339
2026-01-23T20:00;balanco;S;9.017
2026-01-23T20:00;balanco;SE;7.245
2026-01-23T20:00;balanco;SIN;284.1
2026-01-23T21:00;balanco;N;-4.709
2026-01-23T21:00;balanco;NE;265.933
2026-01-23T21:00;balanco;S;-0.481
2026-01-23T21:00;balanco;SE;2.136
2026-01-23T21:00;balanco;SIN;262.878
2026-01-23T22:00;balanco;N;-3.825
2026-01-23T22:00;balanco;NE;241.735
2026-01-23T22:00;balanco;S;-0.135
2026-01-23T22:00;balanco;SE;-1.023
2026-01-23T22:00;balanco;SIN;236.753
2026-01-23T23:00;balanco;N;-3.665
2026-01-23T23:00;balanco;NE;282.928
2026-01-23T23:00;balanco;S;1.701
2026-01-23T23:00;balanco;SE;-13.224
2026-01-23T23:00;balanco;SIN;267.744
2026-01-24T00:00;balanco;N;-4.361
2026-01-24T00:00;balanco;NE;340.669
2026-01-24T00:00;balanco;S;2.931
2026-01-24T00:00;balanco;SE;-4.094
2026-01-24T00:00;balanco;SIN;335.141
2026-01-24T01:00;balanco;N;-3.131
2026-01-24T01:00;balanco;NE;387.917
2026-01-24T01:00;balanco;S;2.861
2026-01-24T01:00;balanco;SE;-2.909
2026-01-24T01:00;balanco;SIN;384.738
2026-01-24T02:00;balanco;N;-3.173
2026-01-24T02:00;balanco;NE;378.745
2026-01-24T02:00;balanco;S;3.312
2026-01-24T02:00;balanco;SE;-2.355
2026-01-24T02:00;balanco;SIN;376.534
2026-01-24T03:00;balanco;N;-3.079
2026-01-24T03:00;balanco;NE;402.926
2026-01-24T03:00;balanco;S;0.622
2026-01-24T03:00;balanco;SE;1.217
2026-01-24T03:00;balanco;SIN;401.676
2026-01-24T04:00;balanco;N;-2.258
2026-01-24T04:00;balanco;NE;401.506
2026-01-24T04:00;balanco;S;-2.991
2026-01-24T04:00;balanco;SE;3.465
2026-01-24T04:00;balanco;SIN;399.723
2026-01-24T05:00;balanco;N;-3.152
2026-01-24T05:00;balanco;NE;392.54
2026-01-24T05:00;balanco;S;-3.982
2026-01-24T05:00;balanco;SIN;385.411
2026-01-24T06:00;balanco;N;-2.772
2026-01-24T06:00;balanco;NE;360.148
2026-01-24T06:00;balanco;S;-0.522
2026-01-24T06:00;balanco;SIN;356.823
2026-01-24T07:00;balanco;N;15.124
2026-01-24T07:00;balanco;NE;215.559
2026-01-24T07:00;balanco;S;-2.637
2026-01-24T07:00;balanco;SE;17.371
2026-01-24T07:00;balanco;SIN;245.41
2026-01-24T08:00;balanco;N;-0.941
2026-01-24T08:00;balanco;NE;143.32
2026-01-24T08:00;balanco;S;-2.575
2026-01-24T08:00;balanco;SE;28.493
2026-01-24T08:00;balanco;SIN;168.293
2026-01-24T09:00;balanco;N;-0.78
2026-01-24T09:00;balanco;NE;123.496
2026-01-24T09:00;balanco;S;-3.483
2026-01-24T09:00;balanco;SE;2.034
2026-01-24T09:00;balanco;SIN;121.268
2026-01-24T10:00;balanco;N;-0.98
2026-01-24T10:00;balanco;NE;90.163
2026-01-24T10:00;balanco;S;-0.146
2026-01-24T10:00;balanco;SE;11.769
2026-01-24T10:00;balanco;SIN;100.808
2026-01-24T11:00;balanco;N;-2.312
2026-01-24T11:00;balanco;NE;5.651
2026-01-24T11:00;balanco;S;-1.795
2026-01-24T11:00;balanco;SE;13.497
2026-01-24T11:00;balanco;SIN;15.035
2026-01-24T12:00;balanco;N;-1.683
2026-01-24T12:00;balanco;NE;-22.685
2026-01-24T12:00;balanco;S;-1.138
2026-01-24T12:00;balanco;SE;24.231
2026-01-24T12:00;balanco;SIN;-1.278
2026-01-24T13:00;balanco;N;-1.794
2026-01-24T13:00;balanco;NE;-81.27
2026-01-24T13:00;balanco;S;-0.883
2026-01-24T13:00;balanco;SE;24.335
2026-01-24T13:00;balanco;SIN;-59.609
2026-01-24T14:00;balanco;N;-1.865
2026-01-24T14:00;balanco;NE;-58.252
2026-01-24T14:00;balanco;S;-12.361
2026-01-24T14:00;balanco;SE;15.038
2026-01-24T14:00;balanco;SIN;-57.444
2026-01-24T15:00;balanco;N;-2.065
2026-01-24T15:00;balanco;NE;-84.828
2026-01-24T15:00;balanco;S;-30.731
2026-01-24T15:00;balanco;SE;-5.699
2026-01-24T15:00;balanco;SIN;-123.329
2026-01-24T16:00;balanco;N;-1.9
2026-01-24T16:00;balanco;NE;-41.548
2026-01-24T16:00;balanco;S;-28.591
2026-01-24T16:00;balanco;SE;5.014
2026-01-24T16:00;balanco;SIN;-67.026
2026-01-24T17:00;balanco;N;-2.165
2026-01-24T17:00;balanco;NE;-5.335
2026-01-24T17:00;balanco;S;-24.67
2026-01-24T17:00;balanco;SE;-21.66
2026-01-24T17:00;balanco;SIN;-53.833
2026-01-24T18:00;balanco;N;-2.192
2026-01-24T18:00;balanco;NE;4.782
2026-01-24T18:00;balanco;S;-25.023
2026-01-24T18:00;balanco;SE;-8.595
2026-01-24T18:00;balanco;SIN;-31.034
2026-01-24T19:00;balanco;N;-2.082
2026-01-24T19:00;balanco;NE;6.269
2026-01-24T19:00;balanco;S;-27.207
2026-01-24T19:00;balanco;SE;-2.08
2026-01-24T19:00;balanco;SIN;-25.098
2026-01-24T20:00;balanco;N;-2.12
2026-01-24T20:00;balanco;NE;8.654
2026-01-24T20:00;balanco;S;-27.069
2026-01-24T20:00;balanco;SE;1.31
2026-01-24T20:00;balanco;SIN;-19.221
2026-01-24T21:00;balanco;N;-1.965
2026-01-24T21:00;balanco;NE;6.35
2026-01-24T21:00;balanco;S;-21.815
2026-01-24T21:00;balanco;SE;-1.018
2026-01-24T21:00;balanco;SIN;-18.454
2026-01-24T22:00;balanco;N;-2.029
2026-01-24T22:00;balanco;NE;4.397
2026-01-24T22:00;balanco;S;-23.935
2026-01-24T22:00;balanco;SE;1.499
2026-01-24T22:00;balanco;SIN;-20.065
2026-01-24T23:00;balanco;N;-2.049
2026-01-24T23:00;balanco;NE;8.12
2026-01-24T23:00;balanco;S;-21.351
2026-01-24T23:00;balanco;SE;-3.079
2026-01-24T23:00;balanco;SIN;-18.354
2026-01-25T00:00;balanco;N;-2.021
2026-01-25T00:00;balanco;NE;13.284
2026-01-25T00:00;balanco;S;-23.81
2026-01-25T00:00;balanco;SE;-4.2
2026-01-25T00:00;balanco;SIN;-16.75
2026-01-25T01:00;balanco;N;-2.164
2026-01-25T01:00;balanco;NE;17.998
2026-01-25T01:00;balanco;S;-20.541
2026-01-25T01:00;balanco;SE;-6.672
2026-01-25T01:00;balanco;SIN;-11.382
2026-01-25T02:00;balanco;N;-2.024
2026-01-25T02:00;balanco;NE;17.067
2026-01-25T02:00;balanco;S;-26.217
2026-01-25T02:00;balanco;SE;-3.353
2026-01-25T02:00;balanco;SIN;-14.527
2026-01-25T03:00;balanco;N;-2.055
2026-01-25T03:00;balanco;NE;5.293
2026-01-25T03:00;balanco;S;-12.216
2026-01-25T03:00;balanco;SE;-5.384
2026-01-25T03:00;balanco;SIN;-14.361
2026-01-25T04:00;balanco;N;-1.889
2026-01-25T04:00;balanco;NE;1.498
2026-01-25T04:00;balanco;S;-10.694
2026-01-25T04:00;balanco;SE;-8.157
2026-01-25T04:00;balanco;SIN;-19.246
2026-01-25T05:00;balanco;N;-1.797
2026-01-25T05:00;balanco;NE;6.711
2026-01-25T05:00;balanco;S;-0.748
2026-01-25T05:00;balanco;SE;-9.635
2026-01-25T05:00;balanco;SIN;-5.473
2026-01-25T06:00;balanco;N;-1.713
2026-01-25T06:00;balanco;NE;12.901
2026-01-25T06:00;balanco;S;2.499
2026-01-25T06:00;balanco;SE;25.761
2026-01-25T06:00;balanco;SIN;39.441
2026-01-25T07:00;balanco;N;1.731
2026-01-25T07:00;balanco;NE;-4.559
2026-01-25T07:00;balanco;S;-1.547
2026-01-25T07:00;balanco;SE;-19.054
2026-01-25T07:00;balanco;SIN;-23.432
2026-01-25T08:00;balanco;N;-1.485
2026-01-25T08:00;balanco;NE;-5.052
2026-01-25T08:00;balanco;S;0.257
2026-01-25T08:00;balanco;SE;-68.963
2026-01-25T08:00;balanco;SIN;-75.247
2026-01-25T09:00;balanco;N;-1.928
2026-01-25T09:00;balanco;NE;9.576
2026-01-25T09:00;balanco;S;0.455
2026-01-25T09:00;balanco;SE;-64.03
2026-01-25T09:00;balanco;SIN;-55.93
2026-01-25T10:00;balanco;N;-1.848
2026-01-25T10:00;balanco;NE;8.108
2026-01-25T10:00;balanco;S;1.381
2026-01-25T10:00;balanco;SE;-67.717
2026-01-25T10:00;balanco;SIN;-60.082
2026-01-25T11:00;balanco;N;-1.844
2026-01-25T11:00;balanco;NE;-5.32
2026-01-25T11:00;balanco;S;-4.661
2026-01-25T11:00;balanco;SE;-57.501
2026-01-25T11:00;balanco;SIN;-69.32
2026-01-25T12:00;balanco;N;-1.836
2026-01-25T12:00;balanco;NE;-5.165
2026-01-25T12:00;balanco;S;-12.698
2026-01-25T12:00;balanco;SE;-5.783
2026-01-25T12:00;balanco;SIN;-25.483
2026-01-25T13:00;balanco;N;-1.609
2026-01-25T13:00;balanco;NE;-15.273
2026-01-25T13:00;balanco;S;-16.249
2026-01-25T13:00;balanco;SE;-84.74
2026-01-25T13:00;balanco;SIN;-117.864
2026-01-25T14:00;balanco;N;-1.807
2026-01-25T14:00;balanco;NE;-10.716
2026-01-25T14:00;balanco;S;-28.705
2026-01-25T14:00;balanco;SE;-87.531
2026-01-25T14:00;balanco;SIN;-128.756
2026-01-25T15:00;balanco;N;-1.72
2026-01-25T15:00;balanco;NE;-11.801
2026-01-25T15:00;balanco;S;-38.758
2026-01-25T15:00;balanco;SE;-126.995
2026-01-25T15:00;balanco;SIN;-179.268
2026-01-25T16:00;balanco;N;-1.941
2026-01-25T16:00;balanco;NE;-32.479
2026-01-25T16:00;balanco;S;-38.351
2026-01-25T16:00;balanco;SE;-40.477
2026-01-25T16:00;balanco;SIN;-113.242
2026-01-25T17:00;balanco;N;-1.658
2026-01-25T17:00;balanco;NE;-72.577
2026-01-25T17:00;balanco;S;-38.603
2026-01-25T17:00;balanco;SE;32.744
2026-01-25T17:00;balanco;SIN;-80.1
2026-01-25T18:00;balanco;N;-1.931
2026-01-25T18:00;balanco;NE;44.938
2026-01-25T18:00;balanco;S;-38.439
2026-01-25T18:00;balanco;SE;-3.842
2026-01-25T18:00;balanco;SIN;0.721
2026-01-25T19:00;balanco;N;-1.902
2026-01-25T19:00;balanco;NE;50.182
2026-01-25T19:00;balanco;S;-38.355
2026-01-25T19:00;balanco;SE;-6.379
2026-01-25T19:00;balanco;SIN;3.551
2026-01-25T20:00;balanco;N;-1.784
2026-01-25T20:00;balanco;NE;18.14
2026-01-25T20:00;balanco;S;-38.427
2026-01-25T20:00;balanco;SE;-8.857
2026-01-25T20:00;balanco;SIN;-30.928
2026-01-25T21:00;balanco;N;-1.98
2026-01-25T21:00;balanco;NE;11.886
2026-01-25T21:00;balanco;S;-38.579
2026-01-25T21:00;balanco;SE;-8.819
2026-01-25T21:00;balanco;SIN;-37.492
2026-01-25T22:00;balanco;N;-1.873
2026-01-25T22:00;balanco;NE;17.062
2026-01-25T22:00;balanco;S;-38.647
2026-01-25T22:00;balanco;SE;-5.108
2026-01-25T22:00;balanco;SIN;-28.561
2026-01-25T23:00;balanco;N;-1.831
2026-01-25T23:00;balanco;NE;11.596
2026-01-25T23:00;balanco;S;-38.659
2026-01-25T23:00;balanco;SE;-4.568
2026-01-25T23:00;balanco;SIN;-33.459
2026-01-26T00:00;balanco;N;-1.704
2026-01-26T00:00;balanco;NE;12.386
2026-01-26T00:00;balanco;S;-33.518
2026-01-26T00:00;balanco;SE;-4.922
2026-01-26T00:00;balanco;SIN;-27.754
2026-01-26T01:00;balanco;N;-1.739
2026-01-26T01:00;balanco;NE;14.558
2026-01-26T01:00;balanco;S;-30.143
2026-01-26T01:00;balanco;SE;64.139
2026-01-26T01:00;balanco;SIN;46.812
2026-01-26T02:00;balanco;N;-2.034
2026-01-26T02:00;balanco;NE;11.739
2026-01-26T02:00;balanco;S;-32.259
2026-01-26T02:00;balanco;SE;4.879
2026-01-26T02:00;balanco;SIN;-17.672
2026-01-26T03:00;balanco;N;-1.975
2026-01-26T03:00;balanco;NE;12.458
2026-01-26T03:00;balanco;S;-26.095
2026-01-26T03:00;balanco;SE;-2.082
2026-01-26T03:00;balanco;SIN;-17.701
2026-01-26T04:00;balanco;N;-1.955
2026-01-26T04:00;balanco;NE;13.455
2026-01-26T04:00;balanco;S;-17.886
2026-01-26T04:00;balanco;SE;-1.339
2026-01-26T04:00;balanco;SIN;-7.728
2026-01-26T05:00;balanco;N;-2.554
2026-01-26T05:00;balanco;NE;6.726
2026-01-26T05:00;balanco;S;-19.421
2026-01-26T05:00;balanco;SE;-20.212
2026-01-26T05:00;balanco;SIN;-35.457
2026-01-26T06:00;balanco;N;-1.834
2026-01-26T06:00;balanco;NE;-9.524
2026-01-26T06:00;balanco;S;-30.521
2026-01-26T06:00;balanco;SE;-97.214
2026-01-26T06:00;balanco;SIN;-139.095
2026-01-26T07:00;balanco;N;-1.866
2026-01-26T07:00;balanco;NE;3.282
2026-01-26T07:00;balanco;S;-19.947
2026-01-26T07:00;balanco;SE;-7.151
2026-01-26T07:00;balanco;SIN;-25.685
2026-01-26T08:00;balanco;N;-2.488
2026-01-26T08:00;balanco;NE;-1.418
2026-01-26T08:00;balanco;S;-8.725
2026-01-26T08:00;balanco;SE;11.616
2026-01-26T08:00;balanco;SIN;-1.021
2026-01-26T09:00;balanco;N;-2.201
2026-01-26T09:00;balanco;NE;3.985
2026-01-26T09:00;balanco;S;-3.095
2026-01-26T09:00;balanco;SE;16.983
2026-01-26T09:00;balanco;SIN;15.67
2026-01-26T10:00;balanco;N;-7.036
2026-01-26T10:00;balanco;NE;9.424
2026-01-26T10:00;balanco;S;-2.199
2026-01-26T10:00;balanco;SE;15.986
2026-01-26T10:00;balanco;SIN;16.17
2026-01-26T11:00;balanco;N;-4.13
2026-01-26T11:00;balanco;NE;-12.631
2026-01-26T11:00;balanco;S;0.496
2026-01-26T11:00;balanco;SE;18.189
2026-01-26T11:00;balanco;SIN;1.916
2026-01-26T12:00;balanco;N;-2.32
2026-01-26T12:00;balanco;NE;-17.056
2026-01-26T12:00;balanco;S;0.9
2026-01-26T12:00;balanco;SE;12.356
2026-01-26T12:00;balanco;SIN;-6.123
2026-01-26T13:00;balanco;N;-3.945
2026-01-26T13:00;balanco;NE;-45.532
2026-01-26T13:00;balanco;S;1.066
2026-01-26T13:00;balanco;SE;14.056
2026-01-26T13:00;balanco;SIN;-34.351
2026-01-26T14:00;balanco;N;-4.332
2026-01-26T14:00;balanco;NE;-50.132
2026-01-26T14:00;balanco;S;1.307
2026-01-26T14:00;balanco;SE;4.221
2026-01-26T14:00;balanco;SIN;-48.939
2026-01-26T15:00;balanco;N;-3.113
2026-01-26T15:00;balanco;NE;-44.283
2026-01-26T15:00;balanco;S;1.295
2026-01-26T15:00;balanco;SE;18.126
2026-01-26T15:00;balanco;SIN;-27.974
2026-01-26T16:00;balanco;N;-3.243
2026-01-26T16:00;balanco;NE;-16.363
2026-01-26T16:00;balanco;S;1.2
2026-01-26T16:00;balanco;SE;-13.098
2026-01-26T16:00;balanco;SIN;-31.504
2026-01-26T17:00;balanco;N;-4.054
2026-01-26T17:00;balanco;NE;-16.538
2026-01-26T17:00;balanco;S;1.255
2026-01-26T17:00;balanco;SE;-17.449
2026-01-26T17:00;balanco;SIN;-36.789
2026-01-26T18:00;balanco;N;-3.419
2026-01-26T18:00;balanco;NE;-6.006
2026-01-26T18:00;balanco;S;1.202
2026-01-26T18:00;balanco;SE;-7.819
2026-01-26T18:00;balanco;SIN;-16.039
2026-01-26T19:00;balanco;N;-3.094
2026-01-26T19:00;balanco;NE;3.58
2026-01-26T19:00;balanco;S;0.865
2026-01-26T19:00;balanco;SE;-0.523
2026-01-26T19:00;balanco;SIN;0.819
2026-01-26T20:00;balanco;N;-3.048
2026-01-26T20:00;balanco;NE;4.139
2026-01-26T20:00;balanco;S;0.823
2026-01-26T20:00;balanco;SE;-5.676
2026-01-26T20:00;balanco;SIN;-3.762
2026-01-26T21:00;balanco;N;-3.269
2026-01-26T21:00;balanco;NE;-41.281
2026-01-26T21:00;balanco;S;0.784
2026-01-26T21:00;balanco;SE;-2.436
2026-01-26T21:00;balanco;SIN;-46.207
2026-01-26T22:00;balanco;N;-3.187
2026-01-26T22:00;balanco;NE;5.535
2026-01-26T22:00;balanco;S;0.667
2026-01-26T22:00;balanco;SE;-1.23
2026-01-26T22:00;balanco;SIN;1.787
2026-01-26T23:00;balanco;N;-2.796
2026-01-26T23:00;balanco;NE;2.459
2026-01-26T23:00;balanco;S;0.415
2026-01-26T23:00;balanco;SE;-0.664
2026-01-26T23:00;balanco;SIN;-0.592
2026-01-27T00:00;balanco;N;-2.451
2026-01-27T00:00;balanco;NE;78.614
2026-01-27T00:00;balanco;S;-1.524
2026-01-27T00:00;balanco;SE;-1.361
2026-01-27T00:00;balanco;SIN;73.281
2026-01-27T01:00;balanco;N;-2.413
2026-01-27T01:00;balanco;NE;79.345
2026-01-27T01:00;balanco;S;-1.527
2026-01-27T01:00;balanco;SE;-3.11
2026-01-27T01:00;balanco;SIN;72.289
2026-01-27T02:00;balanco;N;-2.876
2026-01-27T02:00;balanco;NE;69.607
2026-01-27T02:00;balanco;S;-1.622
2026-01-27T02:00;balanco;SE;-4.479
2026-01-27T02:00;balanco;SIN;60.63
2026-01-27T03:00;balanco;N;-2.881
2026-01-27T03:00;balanco;NE;72.381
2026-01-27T03:00;balanco;S;-1.503
2026-01-27T03:00;balanco;SE;-3.551
2026-01-27T03:00;balanco;SIN;64.442
2026-01-27T04:00;balanco;N;-2.934
2026-01-27T04:00;balanco;NE;47.666
2026-01-27T04:00;balanco;S;-0.777
2026-01-27T04:00;balanco;SE;-2.825
2026-01-27T04:00;balanco;SIN;41.125
2026-01-27T05:00;balanco;N;-2.926
2026-01-27T05:00;balanco;NE;37.226
2026-01-27T05:00;balanco;S;2.814
2026-01-27T05:00;balanco;SE;-3.174
2026-01-27T05:00;balanco;SIN;33.94
2026-01-27T06:00;balanco;N;-2.671
2026-01-27T06:00;balanco;NE;-4.986
2026-01-27T06:00;balanco;S;0.862
2026-01-27T06:00;balanco;SE;-3.722
2026-01-27T06:00;balanco;SIN;-10.524
2026-01-27T07:00;balanco;N;-2.785
2026-01-27T07:00;balanco;NE;218.801
2026-01-27T07:00;balanco;S;1.068
2026-01-27T07:00;balanco;SE;14.503
2026-01-27T07:00;balanco;SIN;231.587
2026-01-27T08:00;balanco;N;-2.724
2026-01-27T08:00;balanco;NE;414.687
2026-01-27T08:00;balanco;S;3.223
2026-01-27T08:00;balanco;SE;15.798
2026-01-27T08:00;balanco;SIN;430.982
2026-01-27T09:00;balanco;N;-2.871
2026-01-27T09:00;balanco;NE;553.588
2026-01-27T09:00;balanco;S;-2.812
2026-01-27T09:00;balanco;SE;41.124
2026-01-27T09:00;balanco;SIN;589.026
2026-01-27T10:00;balanco;N;-2.548
2026-01-27T10:00;balanco;NE;609.303
2026-01-27T10:00;balanco;S;-1.867
2026-01-27T10:00;balanco;SE;10.246
2026-01-27T10:00;balanco;SIN;615.138
2026-01-27T11:00;balanco;N;-2.785
2026-01-27T11:00;balanco;NE;358.811
2026-01-27T11:00;balanco;S;-0.873
2026-01-27T11:00;balanco;SE;10.783
2026-01-27T11:00;balanco;SIN;365.93
2026-01-27T12:00;balanco;N;-2.551
2026-01-27T12:00;balanco;NE;265.761
2026-01-27T12:00;balanco;S;-1.6
2026-01-27T12:00;balanco;SE;6.928
2026-01-27T12:00;balanco;SIN;268.536
2026-01-27T13:00;balanco;N;-2.78
2026-01-27T13:00;balanco;NE;63.315
2026-01-27T13:00;balanco;S;-1.332
2026-01-27T13:00;balanco;SE;-7.401
2026-01-27T13:00;balanco;SIN;51.807
2026-01-27T14:00;balanco;N;-3.394
2026-01-27T14:00;balanco;NE;-19.073
2026-01-27T14:00;balanco;S;-3.115
2026-01-27T14:00;balanco;SE;26.199
2026-01-27T14:00;balanco;SIN;0.615
2026-01-27T15:00;balanco;N;-3.259
2026-01-27T15:00;balanco;NE;149.675
2026-01-27T15:00;balanco;S;1.429
2026-01-27T15:00;balanco;SE;22.505
2026-01-27T15:00;balanco;SIN;170.344
2026-01-27T16:00;balanco;N;-2.628
2026-01-27T16:00;balanco;NE;-20.904
2026-01-27T16:00;balanco;S;1.327
2026-01-27T16:00;balanco;SE;8.464
2026-01-27T16:00;balanco;SIN;-13.744
2026-01-27T17:00;balanco;N;-3.436
2026-01-27T17:00;balanco;NE;90.639
2026-01-27T17:00;balanco;S;-1.408
2026-01-27T17:00;balanco;SE;-27.569
2026-01-27T17:00;balanco;SIN;58.221
2026-01-27T18:00;balanco;N;-2.762
2026-01-27T18:00;balanco;NE;156.303
2026-01-27T18:00;balanco;S;-2.066
2026-01-27T18:00;balanco;SE;-9.892
2026-01-27T18:00;balanco;SIN;141.586
2026-01-27T19:00;balanco;N;-2.629
2026-01-27T19:00;balanco;NE;223.166
2026-01-27T19:00;balanco;S;-1.426
2026-01-27T19:00;balanco;SE;-7.657
2026-01-27T19:00;balanco;SIN;211.45
2026-01-27T20:00;balanco;N;-2.666
2026-01-27T20:00;balanco;NE;232.936
2026-01-27T20:00;balanco;S;-1.969
2026-01-27T20:00;balanco;SE;-10.671
2026-01-27T20:00;balanco;SIN;217.63
2026-01-27T21:00;balanco;N;-2.611
2026-01-27T21:00;balanco;NE;225.212
2026-01-27T21:00;balanco;S;-2.639
2026-01-27T21:00;balanco;SE;-8.898
2026-01-27T21:00;balanco;SIN;211.063
2026-01-27T22:00;balanco;N;-2.722
2026-01-27T22:00;balanco;NE;226.574
2026-01-27T22:00;balanco;S;-2.993
2026-01-27T22:00;balanco;SE;-7.072
2026-01-27T22:00;balanco;SIN;213.791
2026-01-27T23:00;balanco;N;-2.67
2026-01-27T23:00;balanco;NE;185.031
2026-01-27T23:00;balanco;S;-1.269
2026-01-27T23:00;balanco;SE;54.114
2026-01-27T23:00;balanco;SIN;235.208
2026-01-28T00:00;balanco;N;-2.591
2026-01-28T00:00;balanco;NE;24.696
2026-01-28T00:00;balanco;SE;101.288
2026-01-28T00:00;balanco;SIN;123.305
2026-01-28T01:00;balanco;N;-2.706
2026-01-28T01:00;balanco;NE;23.473
2026-01-28T01:00;balanco;S;0.385
2026-01-28T01:00;balanco;SE;-3.029
2026-01-28T01:00;balanco;SIN;18.119
2026-01-28T02:00;balanco;N;-2.551
2026-01-28T02:00;balanco;NE;25.848
2026-01-28T02:00;balanco;SE;-4.418
2026-01-28T02:00;balanco;SIN;18.827
2026-01-28T03:00;balanco;N;-2.748
2026-01-28T03:00;balanco;NE;25.093
2026-01-28T03:00;balanco;S;3.566
2026-01-28T03:00;balanco;SE;-3.422
2026-01-28T03:00;balanco;SIN;22.48
2026-01-28T04:00;balanco;N;-2.644
2026-01-28T04:00;balanco;NE;17.554
2026-01-28T04:00;balanco;S;4.375
2026-01-28T04:00;balanco;SE;-3.128
2026-01-28T04:00;balanco;SIN;16.15
2026-01-28T05:00;balanco;N;-2.616
2026-01-28T05:00;balanco;NE;17.564
2026-01-28T05:00;balanco;S;-1.519
2026-01-28T05:00;balanco;SE;-3.657
2026-01-28T05:00;balanco;SIN;9.773
2026-01-28T06:00;balanco;N;-2.719
2026-01-28T06:00;balanco;NE;-0.718
2026-01-28T06:00;balanco;S;-0.601
2026-01-28T06:00;balanco;SE;1.722
2026-01-28T06:00;balanco;SIN;-2.321
2026-01-28T07:00;balanco;N;-2.546
2026-01-28T07:00;balanco;NE;11.575
2026-01-28T07:00;balanco;S;1.225
2026-01-28T07:00;balanco;SE;20.815
2026-01-28T07:00;balanco;SIN;31.065
2026-01-28T08:00;balanco;N;-2.421
2026-01-28T08:00;balanco;NE;-8.33
2026-01-28T08:00;balanco;S;1.656
2026-01-28T08:00;balanco;SE;-36.126
2026-01-28T08:00;balanco;SIN;-45.224
2026-01-28T09:00;balanco;N;-2.271
2026-01-28T09:00;balanco;NE;-25.778
2026-01-28T09:00;balanco;S;1.191
2026-01-28T09:00;balanco;SE;-2.491
2026-01-28T09:00;balanco;SIN;-29.353
2026-01-28T10:00;balanco;N;-2.698
2026-01-28T10:00;balanco;NE;3.05
2026-01-28T10:00;balanco;S;-0.64
2026-01-28T10:00;balanco;SE;21.401
2026-01-28T10:00;balanco;SIN;21.112
2026-01-28T11:00;balanco;N;-2.637
2026-01-28T11:00;balanco;NE;-18.65
2026-01-28T11:00;balanco;S;0.341
2026-01-28T11:00;balanco;SE;81.38
2026-01-28T11:00;balanco;SIN;60.429
2026-01-28T12:00;balanco;N;-2.75
2026-01-28T12:00;balanco;NE;-27.546
2026-01-28T12:00;balanco;S;0.901
2026-01-28T12:00;balanco;SE;91.978
2026-01-28T12:00;balanco;SIN;62.583
2026-01-28T13:00;balanco;N;-3.532
2026-01-28T13:00;balanco;NE;-18.096
2026-01-28T13:00;balanco;S;-0.5
2026-01-28T13:00;balanco;SE;97.666
2026-01-28T13:00;balanco;SIN;75.535
2026-01-28T14:00;balanco;N;-3.097
2026-01-28T14:00;balanco;NE;-53.893
2026-01-28T14:00;balanco;SE;67.233
2026-01-28T14:00;balanco;SIN;10.292
2026-01-28T15:00;balanco;N;-3.051
2026-01-28T15:00;balanco;NE;3.38
2026-01-28T15:00;balanco;S;-0.622
2026-01-28T15:00;balanco;SE;85.995
2026-01-28T15:00;balanco;SIN;85.708
2026-01-28T16:00;balanco;N;-2.962
2026-01-28T16:00;balanco;NE;-6.093
2026-01-28T16:00;balanco;S;-0.515
2026-01-28T16:00;balanco;SE;25.957
2026-01-28T16:00;balanco;SIN;16.391
2026-01-28T17:00;balanco;N;-3.212
2026-01-28T17:00;balanco;NE;-7.976
2026-01-28T17:00;balanco;S;-1.156
2026-01-28T17:00;balanco;SE;-10.357
2026-01-28T17:00;balanco;SIN;-22.703
2026-01-28T18:00;balanco;N;-3.389
2026-01-28T18:00;balanco;NE;10.888
2026-01-28T18:00;balanco;S;-0.966
2026-01-28T18:00;balanco;SE;-3.269
2026-01-28T18:00;balanco;SIN;3.264
2026-01-28T19:00;balanco;N;-2.875
2026-01-28T19:00;balanco;NE;12.914
2026-01-28T19:00;balanco;S;-0.353
2026-01-28T19:00;balanco;SE;-0.81
2026-01-28T19:00;balanco;SIN;8.876
2026-01-28T20:00;balanco;N;-2.897
2026-01-28T20:00;balanco;NE;25.917
2026-01-28T20:00;balanco;S;0.517
2026-01-28T20:00;balanco;SE;-1.25
2026-01-28T20:00;balanco;SIN;22.291
2026-01-28T21:00;balanco;N;-3.07
2026-01-28T21:00;balanco;NE;29.116
2026-01-28T21:00;balanco;S;-1.273
2026-01-28T21:00;balanco;SE;0.138
2026-01-28T21:00;balanco;SIN;24.918
2026-01-28T22:00;balanco;N;-2.913
2026-01-28T22:00;balanco;NE;37.825
2026-01-28T22:00;balanco;S;-2.618
2026-01-28T22:00;balanco;SE;0.554
2026-01-28T22:00;balanco;SIN;32.844
2026-01-28T23:00;balanco;N;-2.901
2026-01-28T23:00;balanco;NE;85.22
2026-01-28T23:00;balanco;S;-1.32
2026-01-28T23:00;balanco;SE;0.225
2026-01-28T23:00;balanco;SIN;81.218
2026-01-29T00:00;balanco;N;-2.733
2026-01-29T00:00;balanco;NE;-58.893
2026-01-29T00:00;balanco;S;-5.184
2026-01-29T00:00;balanco;SE;-1.737
2026-01-29T00:00;balanco;SIN;-68.548
2026-01-29T01:00;balanco;N;-2.776
2026-01-29T01:00;balanco;NE;-55.902
2026-01-29T01:00;balanco;S;-5.227
2026-01-29T01:00;balanco;SE;0.712
2026-01-29T01:00;balanco;SIN;-63.196
2026-01-29T02:00;balanco;N;-2.788
2026-01-29T02:00;balanco;NE;-69.254
2026-01-29T02:00;balanco;S;-3.581
2026-01-29T02:00;balanco;SE;76.396
2026-01-29T02:00;balanco;SIN;0.774
2026-01-29T03:00;balanco;N;-2.776
2026-01-29T03:00;balanco;NE;12.464
2026-01-29T03:00;balanco;S;-3.148
2026-01-29T03:00;balanco;SE;18.018
2026-01-29T03:00;balanco;SIN;24.563
2026-01-29T04:00;balanco;N;-2.926
2026-01-29T04:00;balanco;NE;30.78
2026-01-29T04:00;balanco;S;-1.465
2026-01-29T04:00;balanco;SE;-4.963
2026-01-29T04:00;balanco;SIN;21.421
2026-01-29T05:00;balanco;N;-2.872
2026-01-29T05:00;balanco;NE;29.307
2026-01-29T05:00;balanco;S;-1.199
2026-01-29T05:00;balanco;SE;-10.089
2026-01-29T05:00;balanco;SIN;15.151
2026-01-29T06:00;balanco;N;-2.777
2026-01-29T06:00;balanco;NE;122.08
2026-01-29T06:00;balanco;S;1.321
2026-01-29T06:00;balanco;SE;139.568
2026-01-29T06:00;balanco;SIN;260.198
2026-01-29T07:00;balanco;N;-2.308
2026-01-29T07:00;balanco;NE;30.572
2026-01-29T07:00;balanco;S;0.777
2026-01-29T07:00;balanco;SE;285.352
2026-01-29T07:00;balanco;SIN;314.39
2026-01-29T08:00;balanco;N;-2.355
2026-01-29T08:00;balanco;NE;-54.488
2026-01-29T08:00;balanco;SE;504.597
2026-01-29T08:00;balanco;SIN;447.802
2026-01-29T09:00;balanco;N;-2.147
2026-01-29T09:00;balanco;NE;-35.75
2026-01-29T09:00;balanco;S;0.416
2026-01-29T09:00;balanco;SE;465.152
2026-01-29T09:00;balanco;SIN;427.673
2026-01-29T10:00;balanco;N;-2.832
2026-01-29T10:00;balanco;NE;-19.931
2026-01-29T10:00;balanco;S;0.496
2026-01-29T10:00;balanco;SE;438.193
2026-01-29T10:00;balanco;SIN;415.922
2026-01-29T11:00;balanco;N;-2.656
2026-01-29T11:00;balanco;NE;-64.566
2026-01-29T11:00;balanco;S;1.883
2026-01-29T11:00;balanco;SE;419.121
2026-01-29T11:00;balanco;SIN;353.788
2026-01-29T12:00;balanco;N;-3.082
2026-01-29T12:00;balanco;NE;-75.926
2026-01-29T12:00;balanco;S;1.074
2026-01-29T12:00;balanco;SE;317.879
2026-01-29T12:00;balanco;SIN;239.941
2026-01-29T13:00;balanco;N;-2.858
2026-01-29T13:00;balanco;NE;-106.058
2026-01-29T13:00;balanco;S;0.219
2026-01-29T13:00;balanco;SE;284.741
2026-01-29T13:00;balanco;SIN;176.038
2026-01-29T14:00;balanco;N;-3.753
2026-01-29T14:00;balanco;NE;-45.729
2026-01-29T14:00;balanco;S;-0.124
2026-01-29T14:00;balanco;SE;326.635
2026-01-29T14:00;balanco;SIN;277.032
2026-01-29T15:00;balanco;N;-3.511
2026-01-29T15:00;balanco;NE;-42.848
2026-01-29T15:00;balanco;S;1.193
2026-01-29T15:00;balanco;SE;443.982
2026-01-29T15:00;balanco;SIN;398.82
2026-01-29T16:00;balanco;N;-3.16
2026-01-29T16:00;balanco;NE;-87.239
2026-01-29T16:00;balanco;S;2.326
2026-01-29T16:00;balanco;SE;202.571
2026-01-29T16:00;balanco;SIN;114.497
2026-01-29T17:00;balanco;N;-2.962
2026-01-29T17:00;balanco;NE;-195.177
2026-01-29T17:00;balanco;S;2.14
2026-01-29T17:00;balanco;SE;6.319
2026-01-29T17:00;balanco;SIN;-189.679
2026-01-29T18:00;balanco;N;-3.035
2026-01-29T18:00;balanco;NE;-224.481
2026-01-29T18:00;balanco;S;2.092
2026-01-29T18:00;balanco;SE;-42.318
2026-01-29T18:00;balanco;SIN;-267.742
2026-01-29T19:00;balanco;N;-2.943
2026-01-29T19:00;balanco;NE;-219.334
2026-01-29T19:00;balanco;S;2.187
2026-01-29T19:00;balanco;SE;-45.9
2026-01-29T19:00;balanco;SIN;-265.992
2026-01-29T20:00;balanco;N;-2.974
2026-01-29T20:00;balanco;NE;-221.138
2026-01-29T20:00;balanco;S;1.716
2026-01-29T20:00;balanco;SE;-24.264
2026-01-29T20:00;balanco;SIN;-246.657
2026-01-29T21:00;balanco;N;-3.155
2026-01-29T21:00;balanco;NE;-219.566
2026-01-29T21:00;balanco;S;2.17
2026-01-29T21:00;balanco;SE;-2.269
2026-01-29T21:00;balanco;SIN;-222.826
2026-01-29T22:00;balanco;N;-3.007
2026-01-29T22:00;balanco;NE;-179.766
2026-01-29T22:00;balanco;S;2.088
2026-01-29T22:00;balanco;SE;-3.724
2026-01-29T22:00;balanco;SIN;-184.41
2026-01-29T23:00;balanco;N;-2.576
2026-01-29T23:00;balanco;NE;-166.136
2026-01-29T23:00;balanco;S;2.13
2026-01-29T23:00;balanco;SE;-2.393
2026-01-29T23:00;balanco;SIN;-168.975
2026-01-30T00:00;balanco;N;-2.739
2026-01-30T00:00;balanco;NE;19.828
2026-01-30T00:00;balanco;S;0.825
2026-01-30T00:00;balanco;SE;-5.224
2026-01-30T00:00;balanco;SIN;12.694
2026-01-30T01:00;balanco;N;-2.846
2026-01-30T01:00;balanco;NE;8.232
2026-01-30T01:00;balanco;S;-0.792
2026-01-30T01:00;balanco;SE;-3.416
2026-01-30T01:00;balanco;SIN;1.177
2026-01-30T02:00;balanco;N;-2.724
2026-01-30T02:00;balanco;NE;6.211
2026-01-30T02:00;balanco;S;-1.949
2026-01-30T02:00;balanco;SE;-1.748
2026-01-30T02:00;balanco;SIN;-0.213
2026-01-30T03:00;balanco;N;-2.742
2026-01-30T03:00;balanco;NE;6.986
2026-01-30T03:00;balanco;S;-4.772
2026-01-30T03:00;balanco;SE;-1.939
2026-01-30T03:00;balanco;SIN;-2.475
2026-01-30T04:00;balanco;N;-2.587
2026-01-30T04:00;balanco;NE;-4.239
2026-01-30T04:00;balanco;S;-5.173
2026-01-30T04:00;balanco;SE;-1.06
2026-01-30T04:00;balanco;SIN;-34.16
2026-01-30T05:00;balanco;N;-2.605
2026-01-30T05:00;balanco;NE;5.756
2026-01-30T05:00;balanco;S;-2.674
2026-01-30T05:00;balanco;SE;-3.636
2026-01-30T05:00;balanco;SIN;-53.57
2026-01-30T06:00;balanco;N;-2.451
2026-01-30T06:00;balanco;NE;11.915
2026-01-30T06:00;balanco;S;-3.019
2026-01-30T06:00;balanco;SE;-3.004
2026-01-30T06:00;balanco;SIN;26.826
2026-01-30T07:00;balanco;NE;-353.632
2026-01-30T07:00;balanco;S;-2.312
2026-01-30T07:00;balanco;SE;-5.339
2026-01-30T07:00;balanco;SIN;-173.47
2026-01-30T08:00;balanco;N;13.498
2026-01-30T08:00;balanco;NE;-6.579
2026-01-30T08:00;balanco;S;-3.061
2026-01-30T08:00;balanco;SE;-18.168
2026-01-30T08:00;balanco;SIN;242.118
2026-01-30T09:00;balanco;N;28.69
2026-01-30T09:00;balanco;NE;-17.923
2026-01-30T09:00;balanco;S;-2.741
2026-01-30T09:00;balanco;SE;-32.498
2026-01-30T09:00;balanco;SIN;260.672
2026-01-30T10:00;balanco;N;48.446
2026-01-30T10:00;balanco;NE;-22.105
2026-01-30T10:00;balanco;S;-2.844
2026-01-30T10:00;balanco;SE;-55.63
2026-01-30T10:00;balanco;SIN;299.605
2026-01-30T11:00;balanco;N;70.216
2026-01-30T11:00;balanco;NE;-44.26
2026-01-30T11:00;balanco;S;-2.862
2026-01-30T11:00;balanco;SE;-77.003
2026-01-30T11:00;balanco;SIN;380.863
2026-01-30T12:00;balanco;N;85.699
2026-01-30T12:00;balanco;NE;-479.941
2026-01-30T12:00;balanco;S;-1.269
2026-01-30T12:00;balanco;SE;-89.912
2026-01-30T12:00;balanco;SIN;-97.69
2026-01-30T13:00;balanco;N;87.818
2026-01-30T13:00;balanco;NE;-117.656
2026-01-30T13:00;balanco;S;-0.3
2026-01-30T13:00;balanco;SE;-91.95
2026-01-30T13:00;balanco;SIN;287.997
2026-01-30T14:00;balanco;N;68.34
2026-01-30T14:00;balanco;NE;-72.202
2026-01-30T14:00;balanco;S;-1.125
2026-01-30T14:00;balanco;SE;-75.856
2026-01-30T14:00;balanco;SIN;246.99
2026-01-30T15:00;balanco;N;36.406
2026-01-30T15:00;balanco;NE;-122.303
2026-01-30T15:00;balanco;S;-0.52
2026-01-30T15:00;balanco;SE;-43.118
2026-01-30T15:00;balanco;SIN;30.907
2026-01-30T16:00;balanco;N;35.281
2026-01-30T16:00;balanco;NE;-278.337
2026-01-30T16:00;balanco;S;-4.797
2026-01-30T16:00;balanco;SE;-47.752
2026-01-30T16:00;balanco;SIN;20.03
2026-01-30T17:00;balanco;N;36.03
2026-01-30T17:00;balanco;NE;23.039
2026-01-30T17:00;balanco;S;-1.304
2026-01-30T17:00;balanco;SE;-39.065
2026-01-30T17:00;balanco;SIN;-95.052
2026-01-30T18:00;balanco;N;15.698
2026-01-30T18:00;balanco;NE;43.757
2026-01-30T18:00;balanco;S;-1.952
2026-01-30T18:00;balanco;SE;-21.782
2026-01-30T18:00;balanco;SIN;-175.674
2026-01-30T19:00;balanco;N;-0.148
2026-01-30T19:00;balanco;NE;33.878
2026-01-30T19:00;balanco;S;-1.829
2026-01-30T19:00;balanco;SE;-8.243
2026-01-30T19:00;balanco;SIN;-262.282
2026-01-30T20:00;balanco;N;-2.97
2026-01-30T20:00;balanco;NE;39.382
2026-01-30T20:00;balanco;SE;-2.538
2026-01-30T20:00;balanco;SIN;33.836
2026-01-30T21:00;balanco;N;-2.74
2026-01-30T21:00;balanco;NE;34.198
2026-01-30T21:00;balanco;S;-0.274
2026-01-30T21:00;balanco;SE;-4.206
2026-01-30T21:00;balanco;SIN;26.97
2026-01-30T22:00;balanco;N;-2.954
2026-01-30T22:00;balanco;NE;35.627
2026-01-30T22:00;balanco;S;0.633
2026-01-30T22:00;balanco;SE;-2.078
2026-01-30T22:00;balanco;SIN;31.223
2026-01-30T23:00;balanco;N;-2.758
2026-01-30T23:00;balanco;NE;32.117
2026-01-30T23:00;balanco;S;1.411
2026-01-30T23:00;balanco;SE;-5.109
2026-01-30T23:00;balanco;SIN;25.657
2026-01-31T00:00;balanco;N;-2.447
2026-01-31T00:00;balanco;NE;35.212
2026-01-31T00:00;balanco;S;20.442
2026-01-31T00:00;balanco;SE;3.971
2026-01-31T00:00;balanco;SIN;56.005
2026-01-31T01:00;balanco;N;-2.366
2026-01-31T01:00;balanco;NE;62.461
2026-01-31T01:00;balanco;S;18.639
2026-01-31T01:00;balanco;SE;-2.779
2026-01-31T01:00;balanco;SIN;81.433
2026-01-31T02:00;balanco;N;-2.151
2026-01-31T02:00;balanco;NE;52.454
2026-01-31T02:00;balanco;S;11.966
2026-01-31T02:00;balanco;SE;-2.574
2026-01-31T02:00;balanco;SIN;64.742
2026-01-31T03:00;balanco;N;-2.169
2026-01-31T03:00;balanco;NE;50.94
2026-01-31T03:00;balanco;S;13.804
2026-01-31T03:00;balanco;SE;-3.003
2026-01-31T03:00;balanco;SIN;65.089
2026-01-31T04:00;balanco;N;-2.301
2026-01-31T04:00;balanco;NE;58.184
2026-01-31T04:00;balanco;S;14.164
2026-01-31T04:00;balanco;SE;-109.007
2026-01-31T04:00;balanco;SIN;-32.084
2026-01-31T05:00;balanco;N;-2.105
2026-01-31T05:00;balanco;NE;58.68
2026-01-31T05:00;balanco;S;12.695
2026-01-31T05:00;balanco;SE;-140.077
2026-01-31T05:00;balanco;SIN;-66.432
2026-01-31T06:00;balanco;N;-2.017
2026-01-31T06:00;balanco;NE;52.475
2026-01-31T06:00;balanco;S;1.11
2026-01-31T06:00;balanco;SE;-53.474
2026-01-31T06:00;balanco;SIN;2.751
2026-01-31T07:00;balanco;N;1.374
2026-01-31T07:00;balanco;NE;17.274
2026-01-31T07:00;balanco;S;2.636
2026-01-31T07:00;balanco;SE;62.839
2026-01-31T07:00;balanco;SIN;88.899
2026-01-31T08:00;balanco;N;17.851
2026-01-31T08:00;balanco;NE;0.487
2026-01-31T08:00;balanco;S;15.723
2026-01-31T08:00;balanco;SE;-109.944
2026-01-31T08:00;balanco;SIN;-70.253
2026-01-31T09:00;balanco;N;41.229
2026-01-31T09:00;balanco;NE;-24.999
2026-01-31T09:00;balanco;S;12.361
2026-01-31T09:00;balanco;SE;-292.338
2026-01-31T09:00;balanco;SIN;-257.828
2026-01-31T10:00;balanco;N;61.519
2026-01-31T10:00;balanco;NE;-26.895
2026-01-31T10:00;balanco;S;4.736
2026-01-31T10:00;balanco;SE;-285.16
2026-01-31T10:00;balanco;SIN;-239.245
2026-01-31T11:00;balanco;N;77.256
2026-01-31T11:00;balanco;NE;-22.277
2026-01-31T11:00;balanco;S;2.839
2026-01-31T11:00;balanco;SE;-270.648
2026-01-31T11:00;balanco;SIN;-207.237
2026-01-31T12:00;balanco;N;72.799
2026-01-31T12:00;balanco;NE;-39.697
2026-01-31T12:00;balanco;S;2.118
2026-01-31T12:00;balanco;SE;-288.989
2026-01-31T12:00;balanco;SIN;-248.335
2026-01-31T13:00;balanco;N;56.317
2026-01-31T13:00;balanco;NE;-62.476
2026-01-31T13:00;balanco;S;5.756
2026-01-31T13:00;balanco;SE;-243.624
2026-01-31T13:00;balanco;SIN;-234.28
2026-01-31T14:00;balanco;N;63.939
2026-01-31T14:00;balanco;NE;-106.699
2026-01-31T14:00;balanco;S;0.284
2026-01-31T14:00;balanco;SE;-127.886
2026-01-31T14:00;balanco;SIN;-167.663
2026-01-31T15:00;balanco;N;58.327
2026-01-31T15:00;balanco;NE;-110.563
2026-01-31T15:00;balanco;S;0.838
2026-01-31T15:00;balanco;SE;109.971
2026-01-31T15:00;balanco;SIN;66.384
2026-01-31T16:00;balanco;N;54.603
2026-01-31T16:00;balanco;NE;-127.664
2026-01-31T16:00;balanco;S;-22.216
2026-01-31T16:00;balanco;SE;-195.506
2026-01-31T16:00;balanco;SIN;-285.593
2026-01-31T17:00;balanco;N;39.758
2026-01-31T17:00;balanco;NE;-121.264
2026-01-31T17:00;balanco;S;-9.222
2026-01-31T17:00;balanco;SE;-329.143
2026-01-31T17:00;balanco;SIN;-413.658
2026-01-31T18:00;balanco;N;18.805
2026-01-31T18:00;balanco;NE;5.485
2026-01-31T18:00;balanco;S;1.604
2026-01-31T18:00;balanco;SE;-337.056
2026-01-31T18:00;balanco;SIN;-305.784
2026-01-31T19:00;balanco;N;0.551
2026-01-31T19:00;balanco;NE;5.548
2026-01-31T19:00;balanco;S;9.895
2026-01-31T19:00;balanco;SE;-294.762
2026-01-31T19:00;balanco;SIN;-272.828
2026-01-31T20:00;balanco;N;-2.754
2026-01-31T20:00;balanco;NE;4.821
2026-01-31T20:00;balanco;S;4.224
2026-01-31T20:00;balanco;SE;-147.799
2026-01-31T20:00;balanco;SIN;-136.43
2026-01-31T21:00;balanco;N;-2.834
2026-01-31T21:00;balanco;NE;43.644
2026-01-31T21:00;balanco;S;-9.31
2026-01-31T21:00;balanco;SE;-3.749
2026-01-31T21:00;balanco;SIN;34.629
2026-01-31T22:00;balanco;N;-2.77
2026-01-31T22:00;balanco;NE;56.287
2026-01-31T22:00;balanco;S;-13.292
2026-01-31T22:00;balanco;SE;-2.666
2026-01-31T22:00;balanco;SIN;43.363
2026-01-31T23:00;balanco;N;-2.505
2026-01-31T23:00;balanco;NE;11.871
2026-01-31T23:00;balanco;S;-14.115
2026-01-31T23:00;balanco;SE;-3.639
2026-01-31T23:00;balanco;SIN;-1.868
2026-02-01T00:00;balanco;N;-2.784
2026-02-01T00:00;balanco;NE;4.453
2026-02-01T00:00;balanco;S;-0.971
2026-02-01T00:00;balanco;SE;-1.091
2026-02-01T00:00;balanco;SIN;-0.393
2026-02-01T01:00;balanco;N;-2.045
2026-02-01T01:00;balanco;NE;2.677
2026-02-01T01:00;balanco;S;-2.193
2026-02-01T01:00;balanco;SE;-0.907
2026-02-01T01:00;balanco;SIN;-2.472
2026-02-01T02:00;balanco;N;-1.954
2026-02-01T02:00;balanco;NE;0.66
2026-02-01T02:00;balanco;S;-2.878
2026-02-01T02:00;balanco;SE;-1.016
2026-02-01T02:00;balanco;SIN;-5.181
2026-02-01T03:00;balanco;N;-1.951
2026-02-01T03:00;balanco;NE;7.794
2026-02-01T03:00;balanco;S;-2.47
2026-02-01T03:00;balanco;SE;-0.97
2026-02-01T03:00;balanco;SIN;2.397
2026-02-01T04:00;balanco;N;-1.969
2026-02-01T04:00;balanco;NE;-1.355
2026-02-01T04:00;balanco;S;-2.308
2026-02-01T04:00;balanco;SE;-0.971
2026-02-01T04:00;balanco;SIN;-6.596
2026-02-01T05:00;balanco;N;-1.878
2026-02-01T05:00;balanco;NE;-5.628
2026-02-01T05:00;balanco;S;-1.451
2026-02-01T05:00;balanco;SE;-1.095
2026-02-01T05:00;balanco;SIN;-10.055
2026-02-01T06:00;balanco;N;-1.812
2026-02-01T06:00;balanco;NE;-18.894
2026-02-01T06:00;balanco;S;-2.381
2026-02-01T06:00;balanco;SE;-24.635
2026-02-01T06:00;balanco;SIN;-47.724
2026-02-01T07:00;balanco;N;-2.012
2026-02-01T07:00;balanco;NE;-13.672
2026-02-01T07:00;balanco;S;-3.204
2026-02-01T07:00;balanco;SE;-26.813
2026-02-01T07:00;balanco;SIN;-45.703
2026-02-01T08:00;balanco;N;-1.563
2026-02-01T08:00;balanco;NE;-12.784
2026-02-01T08:00;balanco;S;-1.946
2026-02-01T08:00;balanco;SE;-90.601
2026-02-01T08:00;balanco;SIN;-106.903
2026-02-01T09:00;balanco;N;-2.001
2026-02-01T09:00;balanco;NE;-5.357
2026-02-01T09:00;balanco;S;-0.359
2026-02-01T09:00;balanco;SE;-85.125
2026-02-01T09:00;balanco;SIN;-92.839
2026-02-01T10:00;balanco;N;-2.062
2026-02-01T10:00;balanco;NE;-7.689
2026-02-01T10:00;balanco;S;-1.326
2026-02-01T10:00;balanco;SE;-79.897
2026-02-01T10:00;balanco;SIN;-90.979
2026-02-01T11:00;balanco;N;-2.126
2026-02-01T11:00;balanco;NE;-10.013
2026-02-01T11:00;balanco;S;-0.116
2026-02-01T11:00;balanco;SE;-99.384
2026-02-01T11:00;balanco;SIN;-111.633
2026-02-01T12:00;balanco;N;-1.953
2026-02-01T12:00;balanco;NE;-9.066
2026-02-01T12:00;balanco;S;-0.441
2026-02-01T12:00;balanco;SE;-204.832
2026-02-01T12:00;balanco;SIN;-216.293
2026-02-01T13:00;balanco;N;-2.05
2026-02-01T13:00;balanco;NE;-20.606
2026-02-01T13:00;balanco;S;-2.202
2026-02-01T13:00;balanco;SE;-268.748
2026-02-01T13:00;balanco;SIN;-293.598
2026-02-01T14:00;balanco;N;-1.875
2026-02-01T14:00;balanco;NE;-24.643
2026-02-01T14:00;balanco;S;-0.673
2026-02-01T14:00;balanco;SE;-361.818
2026-02-01T14:00;balanco;SIN;-389.008
2026-02-01T15:00;balanco;N;-2.445
2026-02-01T15:00;balanco;NE;-39.89
2026-02-01T15:00;balanco;S;-0.886
2026-02-01T15:00;balanco;SE;-423.834
2026-02-01T15:00;balanco;SIN;-467.062
2026-02-01T16:00;balanco;N;-2.897
2026-02-01T16:00;balanco;NE;-25.266
2026-02-01T16:00;balanco;SE;-510.538
2026-02-01T16:00;balanco;SIN;-538.635
2026-02-01T17:00;balanco;N;-2.2
2026-02-01T17:00;balanco;NE;-7.629
2026-02-01T17:00;balanco;S;-0.872
2026-02-01T17:00;balanco;SE;-257.447
2026-02-01T17:00;balanco;SIN;-268.153
2026-02-01T18:00;balanco;N;-2.248
2026-02-01T18:00;balanco;NE;4.867
2026-02-01T18:00;balanco;S;0.649
2026-02-01T18:00;balanco;SE;-16.458
2026-02-01T18:00;balanco;SIN;-13.184
2026-02-01T19:00;balanco;N;-2.322
2026-02-01T19:00;balanco;NE;2.559
2026-02-01T19:00;balanco;S;5.279
2026-02-01T19:00;balanco;SE;-1.412
2026-02-01T19:00;balanco;SIN;4.098
2026-02-01T20:00;balanco;N;-2.18
2026-02-01T20:00;balanco;NE;2.694
2026-02-01T20:00;balanco;S;4.381
2026-02-01T20:00;balanco;SE;-1.444
2026-02-01T20:00;balanco;SIN;3.454
2026-02-01T21:00;balanco;N;-2.174
2026-02-01T21:00;balanco;NE;5.309
2026-02-01T21:00;balanco;S;4.092
2026-02-01T21:00;balanco;SE;-1.369
2026-02-01T21:00;balanco;SIN;5.853
2026-02-01T22:00;balanco;N;-2.308
2026-02-01T22:00;balanco;NE;16.723
2026-02-01T22:00;balanco;S;4.536
2026-02-01T22:00;balanco;SE;-1.412
2026-02-01T22:00;balanco;SIN;17.539
2026-02-01T23:00;balanco;N;-2.135
2026-02-01T23:00;balanco;NE;15.311
2026-02-01T23:00;balanco;S;-0.566
2026-02-01T23:00;balanco;SE;-1.697
2026-02-01T23:00;balanco;SIN;10.912
2026-02-02T00:00;balanco;N;-2.041
2026-02-02T00:00;balanco;NE;10.23
2026-02-02T00:00;balanco;SE;3.876
2026-02-02T00:00;balanco;SIN;12.001
2026-02-02T01:00;balanco;N;-2.067
2026-02-02T01:00;balanco;NE;-1.292
2026-02-02T01:00;balanco;S;0.102
2026-02-02T01:00;balanco;SE;4.057
2026-02-02T01:00;balanco;SIN;0.798
2026-02-02T02:00;balanco;N;-2.126
2026-02-02T02:00;balanco;NE;-7.927
2026-02-02T02:00;balanco;S;-0.628
2026-02-02T02:00;balanco;SE;4.15
2026-02-02T02:00;balanco;SIN;-6.526
2026-02-02T03:00;balanco;N;-2.008
2026-02-02T03:00;balanco;NE;1.918
2026-02-02T03:00;balanco;S;-2.614
2026-02-02T03:00;balanco;SE;4.075
2026-02-02T03:00;balanco;SIN;1.363
2026-02-02T04:00;balanco;N;-2.19
2026-02-02T04:00;balanco;NE;-43.954
2026-02-02T04:00;balanco;S;-0.121
2026-02-02T04:00;balanco;SE;4.08
2026-02-02T04:00;balanco;SIN;-42.187
2026-02-02T05:00;balanco;N;-2.025
2026-02-02T05:00;balanco;NE;-14.299
2026-02-02T05:00;balanco;S;-1.491
2026-02-02T05:00;balanco;SE;3.641
2026-02-02T05:00;balanco;SIN;-14.176
2026-02-02T06:00;balanco;N;-2.058
2026-02-02T06:00;balanco;NE;-28.861
2026-02-02T06:00;balanco;S;-2.768
2026-02-02T06:00;balanco;SE;-13.011
2026-02-02T06:00;balanco;SIN;-46.691
2026-02-02T07:00;balanco;N;-1.904
2026-02-02T07:00;balanco;NE;-20.423
2026-02-02T07:00;balanco;S;-1.128
2026-02-02T07:00;balanco;SE;5.778
2026-02-02T07:00;balanco;SIN;-17.677
2026-02-02T08:00;balanco;N;-2.148
2026-02-02T08:00;balanco;NE;-12.652
2026-02-02T08:00;balanco;S;-2.846
2026-02-02T08:00;balanco;SE;-8.33
2026-02-02T08:00;balanco;SIN;-25.977
2026-02-02T09:00;balanco;N;-1.99
2026-02-02T09:00;balanco;NE;-21.693
2026-02-02T09:00;balanco;S;-0.327
2026-02-02T09:00;balanco;SE;-16.036
2026-02-02T09:00;balanco;SIN;-40.047
2026-02-02T10:00;balanco;N;-2.127
2026-02-02T10:00;balanco;NE;-22.386
2026-02-02T10:00;balanco;S;0.298
2026-02-02T10:00;balanco;SE;-21.464
2026-02-02T10:00;balanco;SIN;-45.674
2026-02-02T11:00;balanco;N;-1.986
2026-02-02T11:00;balanco;NE;-21.208
2026-02-02T11:00;balanco;S;-1.834
2026-02-02T11:00;balanco;SE;-30.667
2026-02-02T11:00;balanco;SIN;-55.697
2026-02-02T12:00;balanco;N;-2.013
2026-02-02T12:00;balanco;NE;-22.364
2026-02-02T12:00;balanco;S;-2.466
2026-02-02T12:00;balanco;SE;-27.975
2026-02-02T12:00;balanco;SIN;-54.816
2026-02-02T13:00;balanco;N;-2.013
2026-02-02T13:00;balanco;NE;-23.174
2026-02-02T13:00;balanco;S;-1.976
2026-02-02T13:00;balanco;SE;-49.273
2026-02-02T13:00;balanco;SIN;-76.435
2026-02-02T14:00;balanco;N;-2.107
2026-02-02T14:00;balanco;NE;-25.853
2026-02-02T14:00;balanco;S;-1.79
2026-02-02T14:00;balanco;SE;-32.882
2026-02-02T14:00;balanco;SIN;-62.638
2026-02-02T15:00;balanco;N;-2.079
2026-02-02T15:00;balanco;NE;-39.408
2026-02-02T15:00;balanco;S;-3.385
2026-02-02T15:00;balanco;SE;-17.466
2026-02-02T15:00;balanco;SIN;-62.336
2026-02-02T16:00;balanco;N;-2.123
2026-02-02T16:00;balanco;NE;-54.783
2026-02-02T16:00;balanco;S;-0.669
2026-02-02T16:00;balanco;SE;-34.794
2026-02-02T16:00;balanco;SIN;-92.376
2026-02-02T17:00;balanco;N;-2.308
2026-02-02T17:00;balanco;NE;-23.837
2026-02-02T17:00;balanco;S;0.198
2026-02-02T17:00;balanco;SE;-19.759
2026-02-02T17:00;balanco;SIN;-45.71
2026-02-02T18:00;balanco;N;-2.326
2026-02-02T18:00;balanco;NE;-16.524
2026-02-02T18:00;balanco;S;0.186
2026-02-02T18:00;balanco;SE;-11.722
2026-02-02T18:00;balanco;SIN;-30.391
2026-02-02T19:00;balanco;N;-2.307
2026-02-02T19:00;balanco;NE;-32.204
2026-02-02T19:00;balanco;SE;-0.155
2026-02-02T19:00;balanco;SIN;-34.727
2026-02-02T20:00;balanco;N;-2.229
2026-02-02T20:00;balanco;NE;-37.989
2026-02-02T20:00;balanco;S;-1.264
2026-02-02T20:00;balanco;SE;-0.7
2026-02-02T20:00;balanco;SIN;-42.179
2026-02-02T21:00;balanco;N;-2.133
2026-02-02T21:00;balanco;NE;-57.744
2026-02-02T21:00;balanco;S;-3.669
2026-02-02T21:00;balanco;SE;-0.734
2026-02-02T21:00;balanco;SIN;-64.281
2026-02-02T22:00;balanco;N;-2.032
2026-02-02T22:00;balanco;NE;-39.465
2026-02-02T22:00;balanco;S;-4.752
2026-02-02T22:00;balanco;SE;-0.428
2026-02-02T22:00;balanco;SIN;-46.682
2026-02-02T23:00;balanco;N;-2.049
2026-02-02T23:00;balanco;NE;-43.319
2026-02-02T23:00;balanco;S;-4.809
2026-02-02T23:00;balanco;SE;-1.002
2026-02-02T23:00;balanco;SIN;-51.176
2026-02-03T00:00;balanco;N;-2.012
2026-02-03T00:00;balanco;NE;-53.748
2026-02-03T00:00;balanco;S;-5.025
2026-02-03T00:00;balanco;SE;-0.753
2026-02-03T00:00;balanco;SIN;-61.538
2026-02-03T01:00;balanco;N;-2.073
2026-02-03T01:00;balanco;NE;-0.26
2026-02-03T01:00;balanco;S;-6.836
2026-02-03T01:00;balanco;SE;-0.953
2026-02-03T01:00;balanco;SIN;-10.123
2026-02-03T02:00;balanco;N;-2.045
2026-02-03T02:00;balanco;NE;-92.047
2026-02-03T02:00;balanco;S;-7.077
2026-02-03T02:00;balanco;SE;-0.926
2026-02-03T02:00;balanco;SIN;-102.095
2026-02-03T03:00;balanco;N;-2.029
2026-02-03T03:00;balanco;NE;-39.856
2026-02-03T03:00;balanco;S;-0.33
2026-02-03T03:00;balanco;SE;-1.033
2026-02-03T03:00;balanco;SIN;-43.245
2026-02-03T04:00;balanco;N;-2.086
2026-02-03T04:00;balanco;NE;-1.473
2026-02-03T04:00;balanco;S;1.741
2026-02-03T04:00;balanco;SE;-0.898
2026-02-03T04:00;balanco;SIN;-2.72
2026-02-03T05:00;balanco;N;-1.931
2026-02-03T05:00;balanco;NE;-4.342
2026-02-03T05:00;balanco;S;0.148
2026-02-03T05:00;balanco;SE;-0.892
2026-02-03T05:00;balanco;SIN;-7.015
2026-02-03T06:00;balanco;N;-2.043
2026-02-03T06:00;balanco;NE;-46.037
2026-02-03T06:00;balanco;S;1.904
2026-02-03T06:00;balanco;SE;-11.903
2026-02-03T06:00;balanco;SIN;-58.073
2026-02-03T07:00;balanco;N;-1.832
2026-02-03T07:00;balanco;NE;-304.279
2026-02-03T07:00;balanco;S;5.289
2026-02-03T07:00;balanco;SE;-9.947
2026-02-03T07:00;balanco;SIN;-310.763
2026-02-03T08:00;balanco;N;-2.05
2026-02-03T08:00;balanco;NE;-440.951
2026-02-03T08:00;balanco;S;1.061
2026-02-03T08:00;balanco;SE;-20.25
2026-02-03T08:00;balanco;SIN;-462.191
2026-02-03T09:00;balanco;N;-1.902
2026-02-03T09:00;balanco;NE;-308.06
2026-02-03T09:00;balanco;S;1.174
2026-02-03T09:00;balanco;SE;-14.329
2026-02-03T09:00;balanco;SIN;-323.115
2026-02-03T10:00;balanco;N;-1.971
2026-02-03T10:00;balanco;NE;-33.491
2026-02-03T10:00;balanco;S;-0.94
2026-02-03T10:00;balanco;SE;-20.09
2026-02-03T10:00;balanco;SIN;-56.492
2026-02-03T11:00;balanco;N;-2.007
2026-02-03T11:00;balanco;NE;-33.554
2026-02-03T11:00;balanco;S;0.371
2026-02-03T11:00;balanco;SE;-22.747
2026-02-03T11:00;balanco;SIN;-57.943
2026-02-03T12:00;balanco;N;-2.021
2026-02-03T12:00;balanco;NE;-28.529
2026-02-03T12:00;balanco;S;1.056
2026-02-03T12:00;balanco;SE;-57.336
2026-02-03T12:00;balanco;SIN;-86.824
2026-02-03T13:00;balanco;N;-2.06
2026-02-03T13:00;balanco;NE;-70.031
2026-02-03T13:00;balanco;S;-1.608
2026-02-03T13:00;balanco;SE;-11.115
2026-02-03T13:00;balanco;SIN;-84.813
2026-02-03T14:00;balanco;N;-2.008
2026-02-03T14:00;balanco;NE;-34.18
2026-02-03T14:00;balanco;S;-0.331
2026-02-03T14:00;balanco;SE;-13.622
2026-02-03T14:00;balanco;SIN;-50.141
2026-02-03T15:00;balanco;N;-2.194
2026-02-03T15:00;balanco;NE;-52.079
2026-02-03T15:00;balanco;S;-0.748
2026-02-03T15:00;balanco;SE;-52.477
2026-02-03T15:00;balanco;SIN;-107.505
2026-02-03T16:00;balanco;N;-1.978
2026-02-03T16:00;balanco;NE;-50.37
2026-02-03T16:00;balanco;S;-2.54
2026-02-03T16:00;balanco;SE;-12.056
2026-02-03T16:00;balanco;SIN;-66.949
2026-02-03T17:00;balanco;N;-2.098
2026-02-03T17:00;balanco;NE;-28.796
2026-02-03T17:00;balanco;S;-2.568
2026-02-03T17:00;balanco;SE;-18.059
2026-02-03T17:00;balanco;SIN;-51.52
2026-02-03T18:00;balanco;N;-2.212
2026-02-03T18:00;balanco;NE;-75.812
2026-02-03T18:00;balanco;S;-3.276
2026-02-03T18:00;balanco;SE;-3.061
2026-02-03T18:00;balanco;SIN;-84.368
2026-02-03T19:00;balanco;N;-2.233
2026-02-03T19:00;balanco;NE;-148.155
2026-02-03T19:00;balanco;S;-1.514
2026-02-03T19:00;balanco;SE;-1.6
2026-02-03T19:00;balanco;SIN;-153.51
2026-02-03T20:00;balanco;N;-2.286
2026-02-03T20:00;balanco;NE;-37.391
2026-02-03T20:00;balanco;S;-0.124
2026-02-03T20:00;balanco;SE;-2.233
2026-02-03T20:00;balanco;SIN;-42.036
2026-02-03T21:00;balanco;N;-2.198
2026-02-03T21:00;balanco;NE;-52.799
2026-02-03T21:00;balanco;S;-1.478
2026-02-03T21:00;balanco;SE;-1.205
2026-02-03T21:00;balanco;SIN;-57.689
2026-02-03T22:00;balanco;N;-2.201
2026-02-03T22:00;balanco;NE;-23.579
2026-02-03T22:00;balanco;S;-1.022
2026-02-03T22:00;balanco;SIN;-26.852
2026-02-03T23:00;balanco;N;-1.977
2026-02-03T23:00;balanco;NE;-60.574
2026-02-03T23:00;balanco;SE;-0.843
2026-02-03T23:00;balanco;SIN;-63.451
2026-02-04T00:00;balanco;N;-1.886
2026-02-04T00:00;balanco;NE;-0.403
2026-02-04T00:00;balanco;SE;-0.175
2026-02-04T00:00;balanco;SIN;-14.14
2026-02-04T01:00;balanco;N;-2.122
2026-02-04T01:00;balanco;NE;-0.434
2026-02-04T01:00;balanco;SE;-1.011
2026-02-04T01:00;balanco;SIN;-16.234
2026-02-04T02:00;balanco;N;-2.072
2026-02-04T02:00;balanco;NE;-0.405
2026-02-04T02:00;balanco;SE;-1.109
2026-02-04T02:00;balanco;SIN;-16.572
2026-02-04T03:00;balanco;N;-2.07
2026-02-04T03:00;balanco;NE;-0.408
2026-02-04T03:00;balanco;SE;-1.181
2026-02-04T03:00;balanco;SIN;-21.135
2026-02-04T04:00;balanco;N;-2.081
2026-02-04T04:00;balanco;NE;-0.333
2026-02-04T04:00;balanco;SE;-0.92
2026-02-04T04:00;balanco;SIN;-22.064
2026-02-04T05:00;balanco;N;-2.11
2026-02-04T05:00;balanco;NE;-2.641
2026-02-04T05:00;balanco;SE;-1.506
2026-02-04T05:00;balanco;SIN;-18.416
2026-02-04T06:00;balanco;N;-2.022
2026-02-04T06:00;balanco;NE;-12.649
2026-02-04T06:00;balanco;SE;-13.059
2026-02-04T06:00;balanco;SIN;-32.498
2026-02-04T07:00;balanco;N;-2.036
2026-02-04T07:00;balanco;NE;-11.774
2026-02-04T07:00;balanco;SE;-23.639
2026-02-04T07:00;balanco;SIN;-51.467
2026-02-04T08:00;balanco;N;-1.989
2026-02-04T08:00;balanco;NE;-9.756
2026-02-04T08:00;balanco;SE;-8.52
2026-02-04T08:00;balanco;SIN;-25.72
2026-02-04T09:00;balanco;N;-2.054
2026-02-04T09:00;balanco;NE;-6.442
2026-02-04T09:00;balanco;SE;-26.056
2026-02-04T09:00;balanco;SIN;-31.147
2026-02-04T10:00;balanco;N;-2.11
2026-02-04T10:00;balanco;NE;-7.145
2026-02-04T10:00;balanco;SE;-28.665
2026-02-04T10:00;balanco;SIN;27.368
2026-02-04T11:00;balanco;N;-2.146
2026-02-04T11:00;balanco;NE;-9.108
2026-02-04T11:00;balanco;SE;-32.273
2026-02-04T11:00;balanco;SIN;8.556
2026-02-04T12:00;balanco;N;-2.011
2026-02-04T12:00;balanco;NE;-23.285
2026-02-04T12:00;balanco;SE;-30.172
2026-02-04T12:00;balanco;SIN;-53.684
2026-02-04T13:00;balanco;N;-1.929
2026-02-04T13:00;balanco;NE;-9.746
2026-02-04T13:00;balanco;SE;-39.169
2026-02-04T13:00;balanco;SIN;-49.681
2026-02-04T14:00;balanco;N;-1.951
2026-02-04T14:00;balanco;NE;-7.23
2026-02-04T14:00;balanco;SE;-41.982
2026-02-04T14:00;balanco;SIN;-57.293
2026-02-04T15:00;balanco;N;-2.048
2026-02-04T15:00;balanco;NE;-12.583
2026-02-04T15:00;balanco;SE;-48.085
2026-02-04T15:00;balanco;SIN;-69.281
2026-02-04T16:00;balanco;N;-2.12
2026-02-04T16:00;balanco;NE;-7.484
2026-02-04T16:00;balanco;SE;-34.624
2026-02-04T16:00;balanco;SIN;34.838
2026-02-04T17:00;balanco;N;-2.223
2026-02-04T17:00;balanco;NE;-2.441
2026-02-04T17:00;balanco;SE;-53.975
2026-02-04T17:00;balanco;SIN;19.745
2026-02-04T18:00;balanco;N;-2.283
2026-02-04T18:00;balanco;NE;-81.544
2026-02-04T18:00;balanco;SE;-26.853
2026-02-04T18:00;balanco;SIN;-80.041
2026-02-04T19:00;balanco;N;-2.203
2026-02-04T19:00;balanco;NE;1.619
2026-02-04T19:00;balanco;SE;-23.835
2026-02-04T19:00;balanco;SIN;-28.711
2026-02-04T20:00;balanco;N;-2.097
2026-02-04T20:00;balanco;NE;1.278
2026-02-04T20:00;balanco;SE;-41.584
2026-02-04T20:00;balanco;SIN;-50.959
2026-02-04T21:00;balanco;N;-2.131
2026-02-04T21:00;balanco;NE;1.136
2026-02-04T21:00;balanco;SE;-41.025
2026-02-04T21:00;balanco;SIN;-54.591
2026-02-04T22:00;balanco;N;-2.16
2026-02-04T22:00;balanco;NE;0.394
2026-02-04T22:00;balanco;SE;-6.759
2026-02-04T22:00;balanco;SIN;-20.95
2026-02-04T23:00;balanco;N;-2.212
2026-02-04T23:00;balanco;NE;7.417
2026-02-04T23:00;balanco;SE;2.872
2026-02-04T23:00;balanco;SIN;-11.096
2026-02-05T00:00;balanco;N;-2.146
2026-02-05T00:00;balanco;NE;40.538
2026-02-05T00:00;balanco;S;-3.609
2026-02-05T00:00;balanco;SE;-1.467
2026-02-05T00:00;balanco;SIN;33.32
2026-02-05T01:00;balanco;N;-2.11
2026-02-05T01:00;balanco;NE;89.386
2026-02-05T01:00;balanco;S;-4.12
2026-02-05T01:00;balanco;SE;-0.859
2026-02-05T01:00;balanco;SIN;82.297
2026-02-05T02:00;balanco;N;-2.204
2026-02-05T02:00;balanco;NE;-2.399
2026-02-05T02:00;balanco;S;-0.9
2026-02-05T02:00;balanco;SE;-1.142
2026-02-05T02:00;balanco;SIN;-6.646
2026-02-05T03:00;balanco;N;-2.121
2026-02-05T03:00;balanco;NE;-3.842
2026-02-05T03:00;balanco;S;-0.886
2026-02-05T03:00;balanco;SE;-6.184
2026-02-05T03:00;balanco;SIN;-13.035
2026-02-05T04:00;balanco;N;-1.982
2026-02-05T04:00;balanco;NE;44.386
2026-02-05T04:00;balanco;S;2.228
2026-02-05T04:00;balanco;SE;-26.233
2026-02-05T04:00;balanco;SIN;18.398
2026-02-05T05:00;balanco;N;-2.105
2026-02-05T05:00;balanco;NE;32.416
2026-02-05T05:00;balanco;S;3.337
2026-02-05T05:00;balanco;SE;-50.47
2026-02-05T05:00;balanco;SIN;-16.816
2026-02-05T06:00;balanco;N;-2.04
2026-02-05T06:00;balanco;NE;-12.952
2026-02-05T06:00;balanco;S;-1.604
2026-02-05T06:00;balanco;SE;-59.043
2026-02-05T06:00;balanco;SIN;-75.641
2026-02-05T07:00;balanco;N;-2.054
2026-02-05T07:00;balanco;NE;-29.013
2026-02-05T07:00;balanco;S;-1.493
2026-02-05T07:00;balanco;SE;-27.765
2026-02-05T07:00;balanco;SIN;-60.321
2026-02-05T08:00;balanco;N;-2.017
2026-02-05T08:00;balanco;NE;36.09
2026-02-05T08:00;balanco;S;-1.403
2026-02-05T08:00;balanco;SE;-45.865
2026-02-05T08:00;balanco;SIN;-13.194
2026-02-05T09:00;balanco;N;-2.086
2026-02-05T09:00;balanco;NE;62.145
2026-02-05T09:00;balanco;S;-1.259
2026-02-05T09:00;balanco;SE;-30.367
2026-02-05T09:00;balanco;SIN;28.432
2026-02-05T10:00;balanco;N;-2.156
2026-02-05T10:00;balanco;NE;-40.421
2026-02-05T10:00;balanco;S;-2.433
2026-02-05T10:00;balanco;SE;-52.421
2026-02-05T10:00;balanco;SIN;-97.439
2026-02-05T11:00;balanco;N;-2.068
2026-02-05T11:00;balanco;NE;-23.748
2026-02-05T11:00;balanco;S;-2.782
2026-02-05T11:00;balanco;SE;-45.904
2026-02-05T11:00;balanco;SIN;-74.502
2026-02-05T12:00;balanco;N;-0.918
2026-02-05T12:00;balanco;NE;-34.982
2026-02-05T12:00;balanco;S;-2.024
2026-02-05T12:00;balanco;SE;-44.005
2026-02-05T12:00;balanco;SIN;-81.931
2026-02-05T13:00;balanco;N;4.567
2026-02-05T13:00;balanco;NE;-46.6
2026-02-05T13:00;balanco;S;-2.898
2026-02-05T13:00;balanco;SE;-49.607
2026-02-05T13:00;balanco;SIN;-94.539
2026-02-05T14:00;balanco;N;7.737
2026-02-05T14:00;balanco;NE;-8.844
2026-02-05T14:00;balanco;S;-3.004
2026-02-05T14:00;balanco;SE;-67.72
2026-02-05T14:00;balanco;SIN;-71.835
2026-02-05T15:00;balanco;N;6.572
2026-02-05T15:00;balanco;NE;2.215
2026-02-05T15:00;balanco;S;-4.163
2026-02-05T15:00;balanco;SE;-53.685
2026-02-05T15:00;balanco;SIN;-49.063
2026-02-05T16:00;balanco;N;8.798
2026-02-05T16:00;balanco;NE;-23.624
2026-02-05T16:00;balanco;S;-1.119
2026-02-05T16:00;balanco;SE;152.435
2026-02-05T16:00;balanco;SIN;136.482
2026-02-05T17:00;balanco;N;5.924
2026-02-05T17:00;balanco;NE;-79.074
2026-02-05T17:00;balanco;S;0.277
2026-02-05T17:00;balanco;SE;-80.812
2026-02-05T17:00;balanco;SIN;-153.68
2026-02-05T18:00;balanco;N;-1.324
2026-02-05T18:00;balanco;NE;-5.347
2026-02-05T18:00;balanco;S;-0.628
2026-02-05T18:00;balanco;SE;-14.308
2026-02-05T18:00;balanco;SIN;-21.614
2026-02-05T19:00;balanco;N;-6.368
2026-02-05T19:00;balanco;NE;-12.936
2026-02-05T19:00;balanco;S;0.204
2026-02-05T19:00;balanco;SE;-5.213
2026-02-05T19:00;balanco;SIN;-24.311
2026-02-05T20:00;balanco;N;-14.359
2026-02-05T20:00;balanco;NE;-4.021
2026-02-05T20:00;balanco;S;0.944
2026-02-05T20:00;balanco;SE;-4.96
2026-02-05T20:00;balanco;SIN;-22.398
2026-02-05T21:00;balanco;N;-19.824
2026-02-05T21:00;balanco;NE;-4.75
2026-02-05T21:00;balanco;S;-0.493
2026-02-05T21:00;balanco;SE;-4.289
2026-02-05T21:00;balanco;SIN;-29.357
2026-02-05T22:00;balanco;N;-21.651
2026-02-05T22:00;balanco;NE;-5.487
2026-02-05T22:00;balanco;S;-1.272
2026-02-05T22:00;balanco;SE;-3.774
2026-02-05T22:00;balanco;SIN;-32.19
2026-02-05T23:00;balanco;N;-23.945
2026-02-05T23:00;balanco;NE;-7.599
2026-02-05T23:00;balanco;S;-2.153
2026-02-05T23:00;balanco;SE;-1.073
2026-02-05T23:00;balanco;SIN;-34.775
2026-02-06T00:00;balanco;N;-24.759
2026-02-06T00:00;balanco;NE;-13.483
2026-02-06T00:00;balanco;S;-1.889
2026-02-06T00:00;balanco;SE;5.44
2026-02-06T00:00;balanco;SIN;-34.688
2026-02-06T01:00;balanco;N;-26.736
2026-02-06T01:00;balanco;NE;-11.61
2026-02-06T01:00;balanco;S;-0.674
2026-02-06T01:00;balanco;SE;1.311
2026-02-06T01:00;balanco;SIN;-37.712
2026-02-06T02:00;balanco;N;-27.769
2026-02-06T02:00;balanco;NE;-18.561
2026-02-06T02:00;balanco;S;-2.521
2026-02-06T02:00;balanco;SE;3.249
2026-02-06T02:00;balanco;SIN;-45.6
2026-02-06T03:00;balanco;N;-28.819
2026-02-06T03:00;balanco;NE;-15.656
2026-02-06T03:00;balanco;S;-2.861
2026-02-06T03:00;balanco;SE;1.025
2026-02-06T03:00;balanco;SIN;-48.453
2026-02-06T04:00;balanco;N;-29.69
2026-02-06T04:00;balanco;NE;-14.697
2026-02-06T04:00;balanco;SE;-22.936
2026-02-06T04:00;balanco;SIN;-67.277
2026-02-06T05:00;balanco;N;-30.442
2026-02-06T05:00;balanco;NE;-19.527
2026-02-06T05:00;balanco;S;2.85
2026-02-06T05:00;balanco;SE;3.156
2026-02-06T05:00;balanco;SIN;-110.5
2026-02-06T06:00;balanco;N;-31.37
2026-02-06T06:00;balanco;NE;-17.672
2026-02-06T06:00;balanco;S;-1.3
2026-02-06T06:00;balanco;SE;93.697
2026-02-06T06:00;balanco;SIN;-76.626
2026-02-06T07:00;balanco;N;-26.443
2026-02-06T07:00;balanco;NE;-18.709
2026-02-06T07:00;balanco;S;-0.182
2026-02-06T07:00;balanco;SE;-15.236
2026-02-06T07:00;balanco;SIN;-63.078
2026-02-06T08:00;balanco;N;-6.226
2026-02-06T08:00;balanco;NE;-12.885
2026-02-06T08:00;balanco;S;0.596
2026-02-06T08:00;balanco;SE;43.497
2026-02-06T08:00;balanco;SIN;-70.105
2026-02-06T09:00;balanco;N;18.204
2026-02-06T09:00;balanco;NE;-6.862
2026-02-06T09:00;balanco;S;-0.717
2026-02-06T09:00;balanco;SE;-5.234
2026-02-06T09:00;balanco;SIN;-55.313
2026-02-06T10:00;balanco;N;46.261
2026-02-06T10:00;balanco;NE;-15.185
2026-02-06T10:00;balanco;S;-0.584
2026-02-06T10:00;balanco;SE;-76.656
2026-02-06T10:00;balanco;SIN;-64.017
2026-02-06T11:00;balanco;N;73.614
2026-02-06T11:00;balanco;NE;-21.003
2026-02-06T11:00;balanco;S;1.762
2026-02-06T11:00;balanco;SE;-76.568
2026-02-06T11:00;balanco;SIN;-116.339
2026-02-06T12:00;balanco;N;97.359
2026-02-06T12:00;balanco;NE;-70.499
2026-02-06T12:00;balanco;S;1.609
2026-02-06T12:00;balanco;SE;-116.448
2026-02-06T12:00;balanco;SIN;-87.829
2026-02-06T13:00;balanco;N;115.659
2026-02-06T13:00;balanco;NE;-24.89
2026-02-06T13:00;balanco;S;2.216
2026-02-06T13:00;balanco;SE;-145.227
2026-02-06T13:00;balanco;SIN;-148.072
2026-02-06T14:00;balanco;N;102.246
2026-02-06T14:00;balanco;NE;-14.443
2026-02-06T14:00;balanco;S;2.264
2026-02-06T14:00;balanco;SE;-175.165
2026-02-06T14:00;balanco;SIN;-87.365
2026-02-06T15:00;balanco;N;88.319
2026-02-06T15:00;balanco;NE;-32.557
2026-02-06T15:00;balanco;S;1.248
2026-02-06T15:00;balanco;SE;-173.966
2026-02-06T15:00;balanco;SIN;-57.211
2026-02-06T16:00;balanco;N;69.207
2026-02-06T16:00;balanco;NE;-14.035
2026-02-06T16:00;balanco;S;-0.246
2026-02-06T16:00;balanco;SE;-70.954
2026-02-06T16:00;balanco;SIN;-89.198
2026-02-06T17:00;balanco;N;41.983
2026-02-06T17:00;balanco;NE;-19.121
2026-02-06T17:00;balanco;S;-1.375
2026-02-06T17:00;balanco;SE;-94.963
2026-02-06T17:00;balanco;SIN;-80.763
2026-02-06T18:00;balanco;N;15.574
2026-02-06T18:00;balanco;NE;-14.354
2026-02-06T18:00;balanco;S;-0.996
2026-02-06T18:00;balanco;SE;-22.177
2026-02-06T18:00;balanco;SIN;-37.721
2026-02-06T19:00;balanco;N;0.716
2026-02-06T19:00;balanco;NE;-21.227
2026-02-06T19:00;balanco;S;-1.561
2026-02-06T19:00;balanco;SE;-2.917
2026-02-06T19:00;balanco;SIN;-24.734
2026-02-06T20:00;balanco;N;-2.211
2026-02-06T20:00;balanco;NE;-25.622
2026-02-06T20:00;balanco;S;0.228
2026-02-06T20:00;balanco;SE;0.855
2026-02-06T20:00;balanco;SIN;-26.753
2026-02-06T21:00;balanco;N;-2.322
2026-02-06T21:00;balanco;NE;-21.106
2026-02-06T21:00;balanco;S;0.491
2026-02-06T21:00;balanco;SIN;-22.957
2026-02-06T22:00;balanco;N;-2.096
2026-02-06T22:00;balanco;NE;-17.537
2026-02-06T22:00;balanco;S;-1.298
2026-02-06T22:00;balanco;SE;2.179
2026-02-06T22:00;balanco;SIN;-18.75
2026-02-06T23:00;balanco;N;-2.147
2026-02-06T23:00;balanco;NE;35.488
2026-02-06T23:00;balanco;S;-1.811
2026-02-06T23:00;balanco;SE;3.363
2026-02-06T23:00;balanco;SIN;34.894
2026-02-07T00:00;balanco;N;-1.734
2026-02-07T00:00;balanco;NE;-8.227
2026-02-07T00:00;balanco;S;-55.49
2026-02-07T00:00;balanco;SE;-2.667
2026-02-07T00:00;balanco;SIN;-63.616
2026-02-07T01:00;balanco;N;-1.713
2026-02-07T01:00;balanco;NE;-16.795
2026-02-07T01:00;balanco;S;-63.198
2026-02-07T01:00;balanco;SE;9.13
2026-02-07T01:00;balanco;SIN;-69.594
2026-02-07T02:00;balanco;N;-1.739
2026-02-07T02:00;balanco;NE;-16.549
2026-02-07T02:00;balanco;S;-68.779
2026-02-07T02:00;balanco;SE;3.253
2026-02-07T02:00;balanco;SIN;-83.816
2026-02-07T03:00;balanco;N;-1.522
2026-02-07T03:00;balanco;NE;-14.97
2026-02-07T03:00;balanco;S;-70.248
2026-02-07T03:00;balanco;SE;-0.774
2026-02-07T03:00;balanco;SIN;-87.515
2026-02-07T04:00;balanco;N;-1.59
2026-02-07T04:00;balanco;NE;-129.764
2026-02-07T04:00;balanco;S;-67.394
2026-02-07T04:00;balanco;SE;-25.719
2026-02-07T04:00;balanco;SIN;-224.468
2026-02-07T05:00;balanco;N;-1.68
2026-02-07T05:00;balanco;NE;-244.21
2026-02-07T05:00;balanco;S;-66.453
2026-02-07T05:00;balanco;SE;-58.643
2026-02-07T05:00;balanco;SIN;-370.991
2026-02-07T06:00;balanco;N;-1.536
2026-02-07T06:00;balanco;NE;-243.155
2026-02-07T06:00;balanco;S;-67.66
2026-02-07T06:00;balanco;SE;-4.364
2026-02-07T06:00;balanco;SIN;-316.715
2026-02-07T07:00;balanco;N;-1.509
2026-02-07T07:00;balanco;NE;-225.877
2026-02-07T07:00;balanco;S;-67.186
2026-02-07T07:00;balanco;SE;1.391
2026-02-07T07:00;balanco;SIN;-293.186
2026-02-07T08:00;balanco;N;-1.508
2026-02-07T08:00;balanco;NE;-176.965
2026-02-07T08:00;balanco;S;2.909
2026-02-07T08:00;balanco;SE;-6.703
2026-02-07T08:00;balanco;SIN;-182.267
2026-02-07T09:00;balanco;N;0.75
2026-02-07T09:00;balanco;NE;-169.606
2026-02-07T09:00;balanco;S;-0.377
2026-02-07T09:00;balanco;SE;-3.243
2026-02-07T09:00;balanco;SIN;-172.479
2026-02-07T10:00;balanco;N;3.598
2026-02-07T10:00;balanco;NE;-104.808
2026-02-07T10:00;balanco;S;-31.818
2026-02-07T10:00;balanco;SE;-13.239
2026-02-07T10:00;balanco;SIN;-146.266
2026-02-07T11:00;balanco;N;6.359
2026-02-07T11:00;balanco;NE;-116.513
2026-02-07T11:00;balanco;S;-65.3
2026-02-07T11:00;balanco;SE;-8.048
2026-02-07T11:00;balanco;SIN;-183.507
2026-02-07T12:00;balanco;N;10.866
2026-02-07T12:00;balanco;NE;-135.96
2026-02-07T12:00;balanco;S;-62.276
2026-02-07T12:00;balanco;SE;-13.211
2026-02-07T12:00;balanco;SIN;-200.582
2026-02-07T13:00;balanco;N;13.249
2026-02-07T13:00;balanco;NE;-114.798
2026-02-07T13:00;balanco;S;-62.858
2026-02-07T13:00;balanco;SE;-5.12
2026-02-07T13:00;balanco;SIN;-169.524
2026-02-07T14:00;balanco;N;16.297
2026-02-07T14:00;balanco;NE;-170.384
2026-02-07T14:00;balanco;S;-57.478
2026-02-07T14:00;balanco;SE;-28.88
2026-02-07T14:00;balanco;SIN;-240.447
2026-02-07T15:00;balanco;N;16.884
2026-02-07T15:00;balanco;NE;-221.822
2026-02-07T15:00;balanco;S;-57.454
2026-02-07T15:00;balanco;SE;-48.211
2026-02-07T15:00;balanco;SIN;-310.604
2026-02-07T16:00;balanco;N;19.698
2026-02-07T16:00;balanco;NE;-211.587
2026-02-07T16:00;balanco;S;-57.799
2026-02-07T16:00;balanco;SE;-22.654
2026-02-07T16:00;balanco;SIN;-272.34
2026-02-07T17:00;balanco;N;4.225
2026-02-07T17:00;balanco;NE;-237.977
2026-02-07T17:00;balanco;S;-60.156
2026-02-07T17:00;balanco;SE;-34.898
2026-02-07T17:00;balanco;SIN;-328.81
2026-02-07T18:00;balanco;N;-11.323
2026-02-07T18:00;balanco;NE;-216.292
2026-02-07T18:00;balanco;S;-61.33
2026-02-07T18:00;balanco;SE;-1.681
2026-02-07T18:00;balanco;SIN;-290.631
2026-02-07T19:00;balanco;N;-13.155
2026-02-07T19:00;balanco;NE;-224.218
2026-02-07T19:00;balanco;S;-58.337
2026-02-07T19:00;balanco;SE;1.544
2026-02-07T19:00;balanco;SIN;-294.169
2026-02-07T20:00;balanco;N;-13.397
2026-02-07T20:00;balanco;NE;-3.105
2026-02-07T20:00;balanco;S;-51.557
2026-02-07T20:00;balanco;SE;4.304
2026-02-07T20:00;balanco;SIN;-63.754
2026-02-07T21:00;balanco;N;-14.916
2026-02-07T21:00;balanco;NE;15.553
2026-02-07T21:00;balanco;S;-46.283
2026-02-07T21:00;balanco;SE;1.304
2026-02-07T21:00;balanco;SIN;-44.343
2026-02-07T22:00;balanco;N;-15.388
2026-02-07T22:00;balanco;NE;5.286
2026-02-07T22:00;balanco;S;-49.324
2026-02-07T22:00;balanco;SE;1.337
2026-02-07T22:00;balanco;SIN;-58.092
2026-02-07T23:00;balanco;N;-15.646
2026-02-07T23:00;balanco;NE;-6.867
2026-02-07T23:00;balanco;S;-52.298
2026-02-07T23:00;balanco;SE;2.76
2026-02-07T23:00;balanco;SIN;-72.052
2026-02-08T00:00;balanco;N;-15.796
2026-02-08T00:00;balanco;NE;-23.9
2026-02-08T00:00;balanco;S;-4.215
2026-02-08T00:00;balanco;SE;-1.42
2026-02-08T00:00;balanco;SIN;-45.329
2026-02-08T01:00;balanco;N;-17.661
2026-02-08T01:00;balanco;NE;-24.637
2026-02-08T01:00;balanco;S;-3.596
2026-02-08T01:00;balanco;SE;-1.373
2026-02-08T01:00;balanco;SIN;-47.265
2026-02-08T02:00;balanco;N;-18.65
2026-02-08T02:00;balanco;NE;-9.662
2026-02-08T02:00;balanco;S;-2.494
2026-02-08T02:00;balanco;SE;-1.311
2026-02-08T02:00;balanco;SIN;-32.115
2026-02-08T03:00;balanco;N;-19.431
2026-02-08T03:00;balanco;NE;-17.457
2026-02-08T03:00;balanco;S;-2.885
2026-02-08T03:00;balanco;SE;-1.444
2026-02-08T03:00;balanco;SIN;-41.213
2026-02-08T04:00;balanco;N;-19.839
2026-02-08T04:00;balanco;NE;-17.486
2026-02-08T04:00;balanco;S;-1.071
2026-02-08T04:00;balanco;SE;-1.224
2026-02-08T04:00;balanco;SIN;-39.623
2026-02-08T05:00;balanco;N;-19.839
2026-02-08T05:00;balanco;NE;-8.204
2026-02-08T05:00;balanco;S;-1.486
2026-02-08T05:00;balanco;SE;-1.437
2026-02-08T05:00;balanco;SIN;-30.971
2026-02-08T06:00;balanco;N;-28.415
2026-02-08T06:00;balanco;NE;-8.727
2026-02-08T06:00;balanco;S;-1.92
2026-02-08T06:00;balanco;SE;-9.586
2026-02-08T06:00;balanco;SIN;-48.653
2026-02-08T07:00;balanco;N;-1.596
2026-02-08T07:00;balanco;NE;-26.403
2026-02-08T07:00;balanco;S;-1.048
2026-02-08T07:00;balanco;SE;-16.816
2026-02-08T07:00;balanco;SIN;-45.86
2026-02-08T08:00;balanco;N;-0.529
2026-02-08T08:00;balanco;NE;-33.413
2026-02-08T08:00;balanco;S;-1.29
2026-02-08T08:00;balanco;SE;-16.41
2026-02-08T08:00;balanco;SIN;-51.644
2026-02-08T09:00;balanco;N;45.318
2026-02-08T09:00;balanco;NE;-48.929
2026-02-08T09:00;balanco;S;-0.87
2026-02-08T09:00;balanco;SE;-12.227
2026-02-08T09:00;balanco;SIN;-16.71
2026-02-08T10:00;balanco;N;7.462
2026-02-08T10:00;balanco;NE;-55.084
2026-02-08T10:00;balanco;S;-1.269
2026-02-08T10:00;balanco;SE;-13.105
2026-02-08T10:00;balanco;SIN;-61.994
2026-02-08T11:00;balanco;N;1.501
2026-02-08T11:00;balanco;NE;-57.438
2026-02-08T11:00;balanco;S;-2.974
2026-02-08T11:00;balanco;SE;-23.129
2026-02-08T11:00;balanco;SIN;-82.04
2026-02-08T12:00;balanco;N;-1.755
2026-02-08T12:00;balanco;NE;-53.238
2026-02-08T12:00;balanco;S;-2.23
2026-02-08T12:00;balanco;SE;-29.383
2026-02-08T12:00;balanco;SIN;-86.607
2026-02-08T13:00;balanco;N;-2.242
2026-02-08T13:00;balanco;NE;-4.757
2026-02-08T13:00;balanco;S;-1.23
2026-02-08T13:00;balanco;SE;-35.836
2026-02-08T13:00;balanco;SIN;-44.068
2026-02-08T14:00;balanco;N;-1.891
2026-02-08T14:00;balanco;NE;-20.259
2026-02-08T14:00;balanco;S;-1.931
2026-02-08T14:00;balanco;SE;-31.051
2026-02-08T14:00;balanco;SIN;-55.133
2026-02-08T15:00;balanco;N;-1.932
2026-02-08T15:00;balanco;NE;-16.586
2026-02-08T15:00;balanco;S;-3.46
2026-02-08T15:00;balanco;SE;-27.15
2026-02-08T15:00;balanco;SIN;-49.128
2026-02-08T16:00;balanco;N;-2.039
2026-02-08T16:00;balanco;NE;-38.181
2026-02-08T16:00;balanco;S;-9.063
2026-02-08T16:00;balanco;SE;-50.019
2026-02-08T16:00;balanco;SIN;-99.304
2026-02-08T17:00;balanco;N;-1.906
2026-02-08T17:00;balanco;NE;26.801
2026-02-08T17:00;balanco;S;-7.681
2026-02-08T17:00;balanco;SE;-22.595
2026-02-08T17:00;balanco;SIN;-5.379
2026-02-08T18:00;balanco;N;-1.903
2026-02-08T18:00;balanco;NE;-5.982
2026-02-08T18:00;balanco;S;1.181
2026-02-08T18:00;balanco;SE;-8.191
2026-02-08T18:00;balanco;SIN;-14.894
2026-02-08T19:00;balanco;N;-1.861
2026-02-08T19:00;balanco;NE;-15.495
2026-02-08T19:00;balanco;S;0.236
2026-02-08T19:00;balanco;SE;20.174
2026-02-08T19:00;balanco;SIN;3.058
2026-02-08T20:00;balanco;N;-1.941
2026-02-08T20:00;balanco;NE;-29.625
2026-02-08T20:00;balanco;S;-0.341
2026-02-08T20:00;balanco;SE;29.097
2026-02-08T20:00;balanco;SIN;-2.807
2026-02-08T21:00;balanco;N;-1.797
2026-02-08T21:00;balanco;NE;-20.334
2026-02-08T21:00;balanco;S;-0.617
2026-02-08T21:00;balanco;SE;-1.461
2026-02-08T21:00;balanco;SIN;-24.207
2026-02-08T22:00;balanco;N;-1.833
2026-02-08T22:00;balanco;NE;-24.181
2026-02-08T22:00;balanco;S;-0.924
2026-02-08T22:00;balanco;SE;-1.49
2026-02-08T22:00;balanco;SIN;-28.428
2026-02-08T23:00;balanco;N;-1.781
2026-02-08T23:00;balanco;NE;-6.353
2026-02-08T23:00;balanco;S;-0.307
2026-02-08T23:00;balanco;SE;-1.479
2026-02-08T23:00;balanco;SIN;-9.916
2026-02-09T00:00;balanco;N;-1.78
2026-02-09T00:00;balanco;NE;-17.051
2026-02-09T00:00;balanco;S;-0.145
2026-02-09T00:00;balanco;SE;-0.43
2026-02-09T00:00;balanco;SIN;-19.402
2026-02-09T01:00;balanco;N;-1.758
2026-02-09T01:00;balanco;NE;-16.319
2026-02-09T01:00;balanco;S;0.354
2026-02-09T01:00;balanco;SE;-0.425
2026-02-09T01:00;balanco;SIN;-18.144
2026-02-09T02:00;balanco;N;-1.748
2026-02-09T02:00;balanco;NE;-21.427
2026-02-09T02:00;balanco;S;0.121
2026-02-09T02:00;balanco;SE;-0.412
2026-02-09T02:00;balanco;SIN;-23.467
2026-02-09T03:00;balanco;N;-1.597
2026-02-09T03:00;balanco;NE;-18.314
2026-02-09T03:00;balanco;S;0.293
2026-02-09T03:00;balanco;SE;-0.372
2026-02-09T03:00;balanco;SIN;-19.994
2026-02-09T04:00;balanco;N;-1.645
2026-02-09T04:00;balanco;NE;-20.508
2026-02-09T04:00;balanco;S;0.315
2026-02-09T04:00;balanco;SE;-0.24
2026-02-09T04:00;balanco;SIN;-22.076
2026-02-09T05:00;balanco;N;-1.622
2026-02-09T05:00;balanco;NE;-18.659
2026-02-09T05:00;balanco;S;0.239
2026-02-09T05:00;balanco;SE;-4.92
2026-02-09T05:00;balanco;SIN;-24.963
2026-02-09T06:00;balanco;N;-1.741
2026-02-09T06:00;balanco;NE;-36.769
2026-02-09T06:00;balanco;S;-0.153
2026-02-09T06:00;balanco;SE;-113.537
2026-02-09T06:00;balanco;SIN;-152.199
2026-02-09T07:00;balanco;N;-1.644
2026-02-09T07:00;balanco;NE;-36.023
2026-02-09T07:00;balanco;S;-0.302
2026-02-09T07:00;balanco;SE;-294.198
2026-02-09T07:00;balanco;SIN;-332.171
2026-02-09T08:00;balanco;N;-1.778
2026-02-09T08:00;balanco;NE;-47.085
2026-02-09T08:00;balanco;S;0.378
2026-02-09T08:00;balanco;SE;-176.774
2026-02-09T08:00;balanco;SIN;-225.261
2026-02-09T09:00;balanco;N;-1.721
2026-02-09T09:00;balanco;NE;-44.793
2026-02-09T09:00;balanco;S;0.806
2026-02-09T09:00;balanco;SE;-40.362
2026-02-09T09:00;balanco;SIN;-86.075
2026-02-09T10:00;balanco;N;-1.752
2026-02-09T10:00;balanco;NE;-31.434
2026-02-09T10:00;balanco;S;1.085
2026-02-09T10:00;balanco;SE;-40.674
2026-02-09T10:00;balanco;SIN;-72.777
2026-02-09T11:00;balanco;N;-1.565
2026-02-09T11:00;balanco;NE;-62.455
2026-02-09T11:00;balanco;S;0.939
2026-02-09T11:00;balanco;SE;-122.733
2026-02-09T11:00;balanco;SIN;-185.818
2026-02-09T12:00;balanco;N;-1.516
2026-02-09T12:00;balanco;NE;-87.078
2026-02-09T12:00;balanco;S;1.219
2026-02-09T12:00;balanco;SE;-202.103
2026-02-09T12:00;balanco;SIN;-289.479
2026-02-09T13:00;balanco;N;-1.745
2026-02-09T13:00;balanco;NE;-85.178
2026-02-09T13:00;balanco;S;0.67
2026-02-09T13:00;balanco;SE;-187.952
2026-02-09T13:00;balanco;SIN;-274.208
2026-02-09T14:00;balanco;N;-1.799
2026-02-09T14:00;balanco;NE;-84.867
2026-02-09T14:00;balanco;S;0.538
2026-02-09T14:00;balanco;SE;-93.113
2026-02-09T14:00;balanco;SIN;-179.24
2026-02-09T15:00;balanco;N;-1.712
2026-02-09T15:00;balanco;NE;-67.212
2026-02-09T15:00;balanco;S;1.041
2026-02-09T15:00;balanco;SE;-25.707
2026-02-09T15:00;balanco;SIN;-93.591
2026-02-09T16:00;balanco;N;-1.925
2026-02-09T16:00;balanco;NE;-92.1
2026-02-09T16:00;balanco;S;0.98
2026-02-09T16:00;balanco;SE;-109.979
2026-02-09T16:00;balanco;SIN;-203.027
2026-02-09T17:00;balanco;N;-1.965
2026-02-09T17:00;balanco;NE;-98.745
2026-02-09T17:00;balanco;S;0.932
2026-02-09T17:00;balanco;SE;-19.22
2026-02-09T17:00;balanco;SIN;-118.997
2026-02-09T18:00;balanco;N;-1.908
2026-02-09T18:00;balanco;NE;-59.601
2026-02-09T18:00;balanco;S;1.076
2026-02-09T18:00;balanco;SE;-4.279
2026-02-09T18:00;balanco;SIN;-64.71
2026-02-09T19:00;balanco;N;-1.851
2026-02-09T19:00;balanco;NE;-62.434
2026-02-09T19:00;balanco;S;1.055
2026-02-09T19:00;balanco;SE;0.403
2026-02-09T19:00;balanco;SIN;-62.832
2026-02-09T20:00;balanco;N;-1.915
2026-02-09T20:00;balanco;NE;-60.124
2026-02-09T20:00;balanco;S;1.074
2026-02-09T20:00;balanco;SIN;-60.891
2026-02-09T21:00;balanco;N;-1.866
2026-02-09T21:00;balanco;NE;-65.858
2026-02-09T21:00;balanco;S;1.02
2026-02-09T21:00;balanco;SE;0.159
2026-02-09T21:00;balanco;SIN;-66.546
2026-02-09T22:00;balanco;N;-2.024
2026-02-09T22:00;balanco;NE;-41.72
2026-02-09T22:00;balanco;S;0.973
2026-02-09T22:00;balanco;SIN;-42.68
2026-02-09T23:00;balanco;N;-2.122
2026-02-09T23:00;balanco;NE;-13.204
2026-02-09T23:00;balanco;S;0.814
2026-02-09T23:00;balanco;SE;0.164
2026-02-09T23:00;balanco;SIN;-14.353
2026-02-10T00:00;balanco;N;-2.061
2026-02-10T00:00;balanco;NE;-12.059
2026-02-10T00:00;balanco;S;1.376
2026-02-10T00:00;balanco;SE;-1.395
2026-02-10T00:00;balanco;SIN;-14.141
2026-02-10T01:00;balanco;N;-1.987
2026-02-10T01:00;balanco;NE;-11.936
2026-02-10T01:00;balanco;S;1.212
2026-02-10T01:00;balanco;SE;-1.387
2026-02-10T01:00;balanco;SIN;-14.094
2026-02-10T02:00;balanco;N;-1.904
2026-02-10T02:00;balanco;NE;-15.656
2026-02-10T02:00;balanco;S;1.284
2026-02-10T02:00;balanco;SE;-1.46
2026-02-10T02:00;balanco;SIN;-17.737
2026-02-10T03:00;balanco;N;-2.037
2026-02-10T03:00;balanco;NE;-15.65
2026-02-10T03:00;balanco;S;1.104
2026-02-10T03:00;balanco;SE;-1.378
2026-02-10T03:00;balanco;SIN;-17.961
2026-02-10T04:00;balanco;N;-1.937
2026-02-10T04:00;balanco;NE;-12.831
2026-02-10T04:00;balanco;S;1.174
2026-02-10T04:00;balanco;SE;-1.429
2026-02-10T04:00;balanco;SIN;-15.021
2026-02-10T05:00;balanco;N;-1.995
2026-02-10T05:00;balanco;NE;-20.162
2026-02-10T05:00;balanco;S;0.986
2026-02-10T05:00;balanco;SE;-13.37
2026-02-10T05:00;balanco;SIN;-34.545
2026-02-10T06:00;balanco;N;-1.92
2026-02-10T06:00;balanco;NE;-31.071
2026-02-10T06:00;balanco;S;1.108
2026-02-10T06:00;balanco;SE;-120.956
2026-02-10T06:00;balanco;SIN;-152.842
2026-02-10T07:00;balanco;N;-1.797
2026-02-10T07:00;balanco;NE;-12.98
2026-02-10T07:00;balanco;S;1.869
2026-02-10T07:00;balanco;SE;-216.48
2026-02-10T07:00;balanco;SIN;-229.384
2026-02-10T08:00;balanco;N;-1.893
2026-02-10T08:00;balanco;NE;23.075
2026-02-10T08:00;balanco;S;1.402
2026-02-10T08:00;balanco;SE;-232.196
2026-02-10T08:00;balanco;SIN;-209.613
2026-02-10T09:00;balanco;N;-1.884
2026-02-10T09:00;balanco;NE;-4.438
2026-02-10T09:00;balanco;S;0.957
2026-02-10T09:00;balanco;SE;-153.259
2026-02-10T09:00;balanco;SIN;-158.618
2026-02-10T10:00;balanco;N;-0.207
2026-02-10T10:00;balanco;NE;3.1
2026-02-10T10:00;balanco;SE;-52.779
2026-02-10T10:00;balanco;SIN;-49.8
2026-02-10T11:00;balanco;N;-10.652
2026-02-10T11:00;balanco;NE;-0.922
2026-02-10T11:00;balanco;S;-4.514
2026-02-10T11:00;balanco;SE;-42.395
2026-02-10T11:00;balanco;SIN;-58.483
2026-02-10T12:00;balanco;N;-24.58
2026-02-10T12:00;balanco;NE;1.385
2026-02-10T12:00;balanco;S;-3.675
2026-02-10T12:00;balanco;SE;-85.616
2026-02-10T12:00;balanco;SIN;-112.484
2026-02-10T13:00;balanco;N;-7.928
2026-02-10T13:00;balanco;NE;-1.96
2026-02-10T13:00;balanco;S;-2.669
2026-02-10T13:00;balanco;SE;-67.291
2026-02-10T13:00;balanco;SIN;-79.846
2026-02-10T14:00;balanco;N;-1.697
2026-02-10T14:00;balanco;NE;-1.099
2026-02-10T14:00;balanco;S;-4.181
2026-02-10T14:00;balanco;SE;-89.608
2026-02-10T14:00;balanco;SIN;-96.582
2026-02-10T15:00;balanco;N;-1.805
2026-02-10T15:00;balanco;NE;-27.481
2026-02-10T15:00;balanco;S;-3.092
2026-02-10T15:00;balanco;SE;-26.731
2026-02-10T15:00;balanco;SIN;-59.112
2026-02-10T16:00;balanco;N;-1.874
2026-02-10T16:00;balanco;NE;-34.453
2026-02-10T16:00;balanco;S;-3.003
2026-02-10T16:00;balanco;SE;-23.902
2026-02-10T16:00;balanco;SIN;-63.231
2026-02-10T17:00;balanco;N;-1.981
2026-02-10T17:00;balanco;NE;-45.321
2026-02-10T17:00;balanco;S;-5.113
2026-02-10T17:00;balanco;SE;-25.779
2026-02-10T17:00;balanco;SIN;-78.195
2026-02-10T18:00;balanco;N;-2.763
2026-02-10T18:00;balanco;NE;-28.486
2026-02-10T18:00;balanco;S;-6.263
2026-02-10T18:00;balanco;SE;-9.29
2026-02-10T18:00;balanco;SIN;-46.799
2026-02-10T19:00;balanco;N;-2.023
2026-02-10T19:00;balanco;NE;-30.363
2026-02-10T19:00;balanco;S;-6.544
2026-02-10T19:00;balanco;SE;-3.625
2026-02-10T19:00;balanco;SIN;-42.56
2026-02-10T20:00;balanco;N;-2.068
2026-02-10T20:00;balanco;NE;-25.145
2026-02-10T20:00;balanco;S;-7.823
2026-02-10T20:00;balanco;SE;-3.462
2026-02-10T20:00;balanco;SIN;-38.496
2026-02-10T21:00;balanco;N;-2.467
2026-02-10T21:00;balanco;NE;-29.484
2026-02-10T21:00;balanco;S;-4.086
2026-02-10T21:00;balanco;SE;-3.465
2026-02-10T21:00;balanco;SIN;-39.501
2026-02-10T22:00;balanco;N;-2.183
2026-02-10T22:00;balanco;NE;-18.534
2026-02-10T22:00;balanco;S;-0.743
2026-02-10T22:00;balanco;SE;-3.388
2026-02-10T22:00;balanco;SIN;-24.847
2026-02-10T23:00;balanco;N;-1.984
2026-02-10T23:00;balanco;NE;-10.91
2026-02-10T23:00;balanco;S;-0.224
2026-02-10T23:00;balanco;SE;-3.476
2026-02-10T23:00;balanco;SIN;-16.595
2026-02-11T00:00;balanco;N;-1.866
2026-02-11T00:00;balanco;NE;-29.281
2026-02-11T00:00;balanco;S;-1.432
2026-02-11T00:00;balanco;SE;-3.631
2026-02-11T00:00;balanco;SIN;-36.207
2026-02-11T01:00;balanco;N;-3.346
2026-02-11T01:00;balanco;NE;-42.941
2026-02-11T01:00;balanco;S;-1.646
2026-02-11T01:00;balanco;SE;-4.707
2026-02-11T01:00;balanco;SIN;-52.641
2026-02-11T02:00;balanco;N;-6.233
2026-02-11T02:00;balanco;NE;-37.648
2026-02-11T02:00;balanco;S;0.318
2026-02-11T02:00;balanco;SE;-4.935
2026-02-11T02:00;balanco;SIN;-48.498
2026-02-11T03:00;balanco;N;-5.702
2026-02-11T03:00;balanco;NE;-30.476
2026-02-11T03:00;balanco;S;1.224
2026-02-11T03:00;balanco;SE;-4.802
2026-02-11T03:00;balanco;SIN;-39.756
2026-02-11T04:00;balanco;N;-7.499
2026-02-11T04:00;balanco;NE;-35.491
2026-02-11T04:00;balanco;S;2.524
2026-02-11T04:00;balanco;SE;-4.812
2026-02-11T04:00;balanco;SIN;-45.283
2026-02-11T05:00;balanco;N;-7.513
2026-02-11T05:00;balanco;NE;-36.048
2026-02-11T05:00;balanco;S;3.075
2026-02-11T05:00;balanco;SE;-5.227
2026-02-11T05:00;balanco;SIN;-45.71
2026-02-11T06:00;balanco;N;-9.36
2026-02-11T06:00;balanco;NE;-53.28
2026-02-11T06:00;balanco;S;0.251
2026-02-11T06:00;balanco;SE;-7.978
2026-02-11T06:00;balanco;SIN;-70.366
2026-02-11T07:00;balanco;N;-7.401
2026-02-11T07:00;balanco;NE;-39.007
2026-02-11T07:00;balanco;S;0.163
2026-02-11T07:00;balanco;SE;-18.186
2026-02-11T07:00;balanco;SIN;-64.43
2026-02-11T08:00;balanco;N;-2.395
2026-02-11T08:00;balanco;NE;-22.695
2026-02-11T08:00;balanco;S;0.362
2026-02-11T08:00;balanco;SE;-26.818
2026-02-11T08:00;balanco;SIN;-51.546
2026-02-11T09:00;balanco;N;0.439
2026-02-11T09:00;balanco;NE;-12.325
2026-02-11T09:00;balanco;S;1.051
2026-02-11T09:00;balanco;SE;-48.616
2026-02-11T09:00;balanco;SIN;-59.455
2026-02-11T10:00;balanco;N;3.832
2026-02-11T10:00;balanco;NE;-18.727
2026-02-11T10:00;balanco;S;0.471
2026-02-11T10:00;balanco;SE;-25.201
2026-02-11T10:00;balanco;SIN;-39.621
2026-02-11T11:00;balanco;N;4.819
2026-02-11T11:00;balanco;NE;-22.749
2026-02-11T11:00;balanco;SE;-52.196
2026-02-11T11:00;balanco;SIN;-70.054
2026-02-11T12:00;balanco;N;1.376
2026-02-11T12:00;balanco;NE;-25.552
2026-02-11T12:00;balanco;S;0.209
2026-02-11T12:00;balanco;SE;-118.172
2026-02-11T12:00;balanco;SIN;-142.14
2026-02-11T13:00;balanco;N;12.779
2026-02-11T13:00;balanco;NE;-25.428
2026-02-11T13:00;balanco;S;1.264
2026-02-11T13:00;balanco;SE;-97.828
2026-02-11T13:00;balanco;SIN;-109.21
2026-02-11T14:00;balanco;N;7.471
2026-02-11T14:00;balanco;NE;-30.672
2026-02-11T14:00;balanco;S;1.204
2026-02-11T14:00;balanco;SE;-41.305
2026-02-11T14:00;balanco;SIN;-63.303
2026-02-11T15:00;balanco;N;-5.781
2026-02-11T15:00;balanco;NE;-34.6
2026-02-11T15:00;balanco;S;-0.753
2026-02-11T15:00;balanco;SE;-16.575
2026-02-11T15:00;balanco;SIN;-57.714
2026-02-11T16:00;balanco;N;-12.255
2026-02-11T16:00;balanco;NE;-38.408
2026-02-11T16:00;balanco;S;-1.046
2026-02-11T16:00;balanco;SE;-31.609
2026-02-11T16:00;balanco;SIN;-83.32
2026-02-11T17:00;balanco;N;-13.326
2026-02-11T17:00;balanco;NE;-31.709
2026-02-11T17:00;balanco;S;-3.49
2026-02-11T17:00;balanco;SE;-14.621
2026-02-11T17:00;balanco;SIN;-63.145
2026-02-11T18:00;balanco;N;-8.345
2026-02-11T18:00;balanco;NE;-32.937
2026-02-11T18:00;balanco;S;-3.214
2026-02-11T18:00;balanco;SE;-7.566
2026-02-11T18:00;balanco;SIN;-52.061
2026-02-11T19:00;balanco;N;-4.074
2026-02-11T19:00;balanco;NE;-23.079
2026-02-11T19:00;balanco;S;-5.542
2026-02-11T19:00;balanco;SE;-5.067
2026-02-11T19:00;balanco;SIN;-37.76
2026-02-11T20:00;balanco;N;-4.096
2026-02-11T20:00;balanco;NE;-20.367
2026-02-11T20:00;balanco;S;-2.295
2026-02-11T20:00;balanco;SE;-4.3
2026-02-11T20:00;balanco;SIN;-31.058
2026-02-11T21:00;balanco;N;-4.482
2026-02-11T21:00;balanco;NE;-24.429
2026-02-11T21:00;balanco;S;-2.883
2026-02-11T21:00;balanco;SE;-4.333
2026-02-11T21:00;balanco;SIN;-36.128
2026-02-11T22:00;balanco;N;-5.832
2026-02-11T22:00;balanco;NE;-27.586
2026-02-11T22:00;balanco;S;-2.405
2026-02-11T22:00;balanco;SE;1.307
2026-02-11T22:00;balanco;SIN;-34.516
2026-02-11T23:00;balanco;N;-3.273
2026-02-11T23:00;balanco;NE;-28.117
2026-02-11T23:00;balanco;S;-3.341
2026-02-11T23:00;balanco;SE;-1.147
2026-02-11T23:00;balanco;SIN;-35.877
2026-02-12T00:00;balanco;N;-3.393
2026-02-12T00:00;balanco;NE;-23.094
2026-02-12T00:00;balanco;S;-2.745
2026-02-12T00:00;balanco;SIN;-29.334
2026-02-12T01:00;balanco;N;-3.291
2026-02-12T01:00;balanco;NE;-33.206
2026-02-12T01:00;balanco;S;-4.947
2026-02-12T01:00;balanco;SIN;-41.533
2026-02-12T02:00;balanco;N;-3.334
2026-02-12T02:00;balanco;NE;-43.179
2026-02-12T02:00;balanco;S;-1.556
2026-02-12T02:00;balanco;SE;-0.128
2026-02-12T02:00;balanco;SIN;-48.2
2026-02-12T03:00;balanco;N;-3.358
2026-02-12T03:00;balanco;NE;-48.512
2026-02-12T03:00;balanco;S;1.48
2026-02-12T03:00;balanco;SIN;-50.486
2026-02-12T04:00;balanco;N;-3.482
2026-02-12T04:00;balanco;NE;-26.344
2026-02-12T04:00;balanco;S;3.781
2026-02-12T04:00;balanco;SE;-0.144
2026-02-12T04:00;balanco;SIN;-26.19
2026-02-12T05:00;balanco;N;-3.515
2026-02-12T05:00;balanco;NE;-33.093
2026-02-12T05:00;balanco;S;2.757
2026-02-12T05:00;balanco;SE;-0.598
2026-02-12T05:00;balanco;SIN;-34.445
2026-02-12T06:00;balanco;N;-3.084
2026-02-12T06:00;balanco;NE;-58.184
2026-02-12T06:00;balanco;S;2.107
2026-02-12T06:00;balanco;SE;-8.633
2026-02-12T06:00;balanco;SIN;-67.792
2026-02-12T07:00;balanco;N;-3.139
2026-02-12T07:00;balanco;NE;-41.118
2026-02-12T07:00;balanco;S;1.929
2026-02-12T07:00;balanco;SE;-6.452
2026-02-12T07:00;balanco;SIN;-48.785
2026-02-12T08:00;balanco;N;-3.258
2026-02-12T08:00;balanco;NE;-82.687
2026-02-12T08:00;balanco;S;3.219
2026-02-12T08:00;balanco;SE;-20.64
2026-02-12T08:00;balanco;SIN;-103.364
2026-02-12T09:00;balanco;N;-3.082
2026-02-12T09:00;balanco;NE;-90.965
2026-02-12T09:00;balanco;S;0.539
2026-02-12T09:00;balanco;SE;-18.69
2026-02-12T09:00;balanco;SIN;-112.197
2026-02-12T10:00;balanco;N;-3.06
2026-02-12T10:00;balanco;NE;-96.655
2026-02-12T10:00;balanco;S;-1.224
2026-02-12T10:00;balanco;SE;-24.205
2026-02-12T10:00;balanco;SIN;-125.142
2026-02-12T11:00;balanco;N;-5.729
2026-02-12T11:00;balanco;NE;-78.869
2026-02-12T11:00;balanco;S;0.848
2026-02-12T11:00;balanco;SE;-23.256
2026-02-12T11:00;balanco;SIN;-107.007
2026-02-12T12:00;balanco;N;-5.17
2026-02-12T12:00;balanco;NE;-82.355
2026-02-12T12:00;balanco;S;-1.927
2026-02-12T12:00;balanco;SE;-25.907
2026-02-12T12:00;balanco;SIN;-115.357
2026-02-12T13:00;balanco;N;-3.682
2026-02-12T13:00;balanco;NE;-59.722
2026-02-12T13:00;balanco;S;-2.889
2026-02-12T13:00;balanco;SE;-29.175
2026-02-12T13:00;balanco;SIN;-95.469
2026-02-12T14:00;balanco;N;-3.161
2026-02-12T14:00;balanco;NE;-89.905
2026-02-12T14:00;balanco;S;-3.947
2026-02-12T14:00;balanco;SE;-20.156
2026-02-12T14:00;balanco;SIN;-117.171
2026-02-12T15:00;balanco;N;-2.132
2026-02-12T15:00;balanco;NE;-57.269
2026-02-12T15:00;balanco;S;-3.458
2026-02-12T15:00;balanco;SE;-12.449
2026-02-12T15:00;balanco;SIN;-75.311
2026-02-12T16:00;balanco;N;-1.779
2026-02-12T16:00;balanco;NE;-61.821
2026-02-12T16:00;balanco;S;-1.63
2026-02-12T16:00;balanco;SE;-27.896
2026-02-12T16:00;balanco;SIN;-93.128
2026-02-12T17:00;balanco;N;-3.597
2026-02-12T17:00;balanco;NE;-47.781
2026-02-12T17:00;balanco;S;-1.42
2026-02-12T17:00;balanco;SE;-7.809
2026-02-12T17:00;balanco;SIN;-60.607
2026-02-12T18:00;balanco;N;-2.169
2026-02-12T18:00;balanco;NE;-4.559
2026-02-12T18:00;balanco;S;0.123
2026-02-12T18:00;balanco;SE;2.428
2026-02-12T18:00;balanco;SIN;-4.177
2026-02-12T19:00;balanco;N;-4.64
2026-02-12T19:00;balanco;NE;-14.901
2026-02-12T19:00;balanco;S;-0.751
2026-02-12T19:00;balanco;SE;0.3
2026-02-12T19:00;balanco;SIN;-19.993
2026-02-12T20:00;balanco;N;-2.118
2026-02-12T20:00;balanco;NE;-16.004
2026-02-12T20:00;balanco;S;0.561
2026-02-12T20:00;balanco;SE;1.34
2026-02-12T20:00;balanco;SIN;-16.225
2026-02-12T21:00;balanco;N;-2.271
2026-02-12T21:00;balanco;NE;-23.6
2026-02-12T21:00;balanco;S;-0.272
2026-02-12T21:00;balanco;SE;0.906
2026-02-12T21:00;balanco;SIN;-25.237
2026-02-12T22:00;balanco;N;-1.827
2026-02-12T22:00;balanco;NE;-9.567
2026-02-12T22:00;balanco;S;0.75
2026-02-12T22:00;balanco;SE;2.666
2026-02-12T22:00;balanco;SIN;-7.978
2026-02-12T23:00;balanco;N;-2.723
2026-02-12T23:00;balanco;NE;-14.32
2026-02-12T23:00;balanco;S;-0.596
2026-02-12T23:00;balanco;SIN;-17.644
2026-02-13T00:00;balanco;N;-2.313
2026-02-13T00:00;balanco;NE;-1.791
2026-02-13T00:00;balanco;SE;-0.972
2026-02-13T00:00;balanco;SIN;-15291.478
2026-02-13T01:00;balanco;N;-1.666
2026-02-13T01:00;balanco;NE;-1.728
2026-02-13T01:00;balanco;SE;-1.276
2026-02-13T01:00;balanco;SIN;-15154.063
2026-02-13T02:00;balanco;N;-1.542
2026-02-13T02:00;balanco;NE;-1.234
2026-02-13T02:00;balanco;SE;-3.134
2026-02-13T02:00;balanco;SIN;-15421.381
2026-02-13T03:00;balanco;N;-1.577
2026-02-13T03:00;balanco;NE;-1.221
2026-02-13T03:00;balanco;SE;-2.482
2026-02-13T03:00;balanco;SIN;-15001.246
2026-02-13T04:00;balanco;N;-1.53
2026-02-13T04:00;balanco;NE;-7.449
2026-02-13T04:00;balanco;SE;-14.973
2026-02-13T04:00;balanco;SIN;-14623.409
2026-02-13T05:00;balanco;N;-1.599
2026-02-13T05:00;balanco;NE;-30.007
2026-02-13T05:00;balanco;SE;-16.385
2026-02-13T05:00;balanco;SIN;-14036.627
2026-02-13T06:00;balanco;N;-1.736
2026-02-13T06:00;balanco;NE;-1402.276
2026-02-13T06:00;balanco;SE;-963.964
2026-02-13T06:00;balanco;SIN;-15579.264
2026-02-13T07:00;balanco;N;0.355
2026-02-13T07:00;balanco;NE;-3052.46
2026-02-13T07:00;balanco;SE;-3089.995
2026-02-13T07:00;balanco;SIN;-17353.72
2026-02-13T08:00;balanco;N;17.502
2026-02-13T08:00;balanco;NE;-5435.171
2026-02-13T08:00;balanco;SE;-5143.109
2026-02-13T08:00;balanco;SIN;-21262.777
2026-02-13T09:00;balanco;N;34.658
2026-02-13T09:00;balanco;NE;-6451.298
2026-02-13T09:00;balanco;SE;-5343.754
2026-02-13T09:00;balanco;SIN;-22056.438
2026-02-13T10:00;balanco;N;47.101
2026-02-13T10:00;balanco;NE;-6946.426
2026-02-13T10:00;balanco;SE;-5368.932
2026-02-13T10:00;balanco;SIN;-21289.681
2026-02-13T11:00;balanco;N;64.568
2026-02-13T11:00;balanco;NE;-6656.872
2026-02-13T11:00;balanco;SE;-4999.959
2026-02-13T11:00;balanco;SIN;-19192.541
2026-02-13T12:00;balanco;N;77.585
2026-02-13T12:00;balanco;NE;-6915.024
2026-02-13T12:00;balanco;SE;-5683.468
2026-02-13T12:00;balanco;SIN;-19508.743
2026-02-13T13:00;balanco;N;91.842
2026-02-13T13:00;balanco;NE;-6458.423
2026-02-13T13:00;balanco;SE;-6586.983
2026-02-13T13:00;balanco;SIN;-20026.055
2026-02-13T14:00;balanco;N;78.332
2026-02-13T14:00;balanco;NE;-5925.839
2026-02-13T14:00;balanco;SE;-7153.091
2026-02-13T14:00;balanco;SIN;-21471.552
2026-02-13T15:00;balanco;N;48.854
2026-02-13T15:00;balanco;NE;-5317.471
2026-02-13T15:00;balanco;SE;-6853.558
2026-02-13T15:00;balanco;SIN;-22705.73
2026-02-13T16:00;balanco;N;39.751
2026-02-13T16:00;balanco;NE;-3456.848
2026-02-13T16:00;balanco;SE;-6394.305
2026-02-13T16:00;balanco;SIN;-21384.46
2026-02-13T17:00;balanco;N;30.073
2026-02-13T17:00;balanco;NE;-1189.617
2026-02-13T17:00;balanco;SE;-3708.917
2026-02-13T17:00;balanco;SIN;-17111.524
2026-02-13T18:00;balanco;N;15.096
2026-02-13T18:00;balanco;NE;-33.109
2026-02-13T18:00;balanco;SE;-291.793
2026-02-13T18:00;balanco;SIN;-12891.556
2026-02-13T19:00;balanco;N;0.117
2026-02-13T19:00;balanco;NE;-3.72
2026-02-13T19:00;balanco;SE;-22.281
2026-02-13T19:00;balanco;SIN;-13098.308
2026-02-13T20:00;balanco;N;-1.621
2026-02-13T20:00;balanco;NE;1.304
2026-02-13T20:00;balanco;SE;-1.735
2026-02-13T20:00;balanco;SIN;-14859.979
2026-02-13T21:00;balanco;N;-1.527
2026-02-13T21:00;balanco;NE;0.237
2026-02-13T21:00;balanco;SE;-2.932
2026-02-13T21:00;balanco;SIN;-15427.558
2026-02-13T22:00;balanco;N;-1.485
2026-02-13T22:00;balanco;NE;0.258
2026-02-13T22:00;balanco;SE;-2.56
2026-02-13T22:00;balanco;SIN;-12413.321
2026-02-13T23:00;balanco;N;-1.537
2026-02-13T23:00;balanco;NE;0.886
2026-02-13T23:00;balanco;SE;-2.855
2026-02-13T23:00;balanco;SIN;-12212.713
2026-02-14T00:00;balanco;N;-1.347
2026-02-14T00:00;balanco;NE;-31.208
2026-02-14T00:00;balanco;S;-8.762
2026-02-14T00:00;balanco;SE;-0.197
2026-02-14T00:00;balanco;SIN;-41.519
2026-02-14T01:00;balanco;N;-1.976
2026-02-14T01:00;balanco;NE;-39.895
2026-02-14T01:00;balanco;S;-23.674
2026-02-14T01:00;balanco;SE;-0.621
2026-02-14T01:00;balanco;SIN;-66.171
2026-02-14T02:00;balanco;N;-2.523
2026-02-14T02:00;balanco;NE;-33.807
2026-02-14T02:00;balanco;S;-37.574
2026-02-14T02:00;balanco;SE;0.484
2026-02-14T02:00;balanco;SIN;-73.423
2026-02-14T03:00;balanco;N;-1.573
2026-02-14T03:00;balanco;NE;-21.725
2026-02-14T03:00;balanco;S;-37.427
2026-02-14T03:00;balanco;SE;-0.97
2026-02-14T03:00;balanco;SIN;-61.699
2026-02-14T04:00;balanco;N;-1.393
2026-02-14T04:00;balanco;NE;-16.747
2026-02-14T04:00;balanco;S;-33.843
2026-02-14T04:00;balanco;SE;3.01
2026-02-14T04:00;balanco;SIN;-48.978
2026-02-14T05:00;balanco;N;-1.505
2026-02-14T05:00;balanco;NE;-24.11
2026-02-14T05:00;balanco;S;-32.383
2026-02-14T05:00;balanco;SE;2.232
2026-02-14T05:00;balanco;SIN;-55.77
2026-02-14T06:00;balanco;N;-3.547
2026-02-14T06:00;balanco;NE;-63.722
2026-02-14T06:00;balanco;S;-32.233
2026-02-14T06:00;balanco;SE;-6.693
2026-02-14T06:00;balanco;SIN;-106.199
2026-02-14T07:00;balanco;N;-0.598
2026-02-14T07:00;balanco;NE;-45.484
2026-02-14T07:00;balanco;S;-27.651
2026-02-14T07:00;balanco;SE;-7.129
2026-02-14T07:00;balanco;SIN;-80.867
2026-02-14T08:00;balanco;N;15.321
2026-02-14T08:00;balanco;NE;-43.373
2026-02-14T08:00;balanco;S;-34.959
2026-02-14T08:00;balanco;SE;-30.678
2026-02-14T08:00;balanco;SIN;-93.685
2026-02-14T09:00;balanco;N;35.416
2026-02-14T09:00;balanco;NE;-30.726
2026-02-14T09:00;balanco;S;-43.127
2026-02-14T09:00;balanco;SE;-53.569
2026-02-14T09:00;balanco;SIN;-92.005
2026-02-14T10:00;balanco;N;46.281
2026-02-14T10:00;balanco;NE;-48.058
2026-02-14T10:00;balanco;S;-38.988
2026-02-14T10:00;balanco;SE;-60.071
2026-02-14T10:00;balanco;SIN;-100.838
2026-02-14T11:00;balanco;N;38.601
2026-02-14T11:00;balanco;NE;-68.645
2026-02-14T11:00;balanco;S;-33.564
2026-02-14T11:00;balanco;SE;-67.061
2026-02-14T11:00;balanco;SIN;-130.67
2026-02-14T12:00;balanco;N;36.764
2026-02-14T12:00;balanco;NE;-56.674
2026-02-14T12:00;balanco;S;-36.915
2026-02-14T12:00;balanco;SE;-55.705
2026-02-14T12:00;balanco;SIN;-112.533
2026-02-14T13:00;balanco;N;46.603
2026-02-14T13:00;balanco;NE;-96.683
2026-02-14T13:00;balanco;S;-44.09
2026-02-14T13:00;balanco;SE;-68.662
2026-02-14T13:00;balanco;SIN;-162.83
2026-02-14T14:00;balanco;N;39.878
2026-02-14T14:00;balanco;NE;-133.292
2026-02-14T14:00;balanco;S;-41.724
2026-02-14T14:00;balanco;SE;-68.789
2026-02-14T14:00;balanco;SIN;-203.925
2026-02-14T15:00;balanco;N;34.416
2026-02-14T15:00;balanco;NE;-175.637
2026-02-14T15:00;balanco;S;-44.221
2026-02-14T15:00;balanco;SE;-65.667
2026-02-14T15:00;balanco;SIN;-251.109
2026-02-14T16:00;balanco;N;37.068
2026-02-14T16:00;balanco;NE;-24.206
2026-02-14T16:00;balanco;S;-44.057
2026-02-14T16:00;balanco;SE;-51.66
2026-02-14T16:00;balanco;SIN;-82.859
2026-02-14T17:00;balanco;N;28.349
2026-02-14T17:00;balanco;NE;-11.784
2026-02-14T17:00;balanco;S;-43.83
2026-02-14T17:00;balanco;SE;-37.83
2026-02-14T17:00;balanco;SIN;-65.094
2026-02-14T18:00;balanco;N;12.013
2026-02-14T18:00;balanco;NE;-3.964
2026-02-14T18:00;balanco;S;-41.401
2026-02-14T18:00;balanco;SE;-11.266
2026-02-14T18:00;balanco;SIN;-44.614
2026-02-14T19:00;balanco;N;1.288
2026-02-14T19:00;balanco;NE;-23.094
2026-02-14T19:00;balanco;S;-34.019
2026-02-14T19:00;balanco;SE;0.193
2026-02-14T19:00;balanco;SIN;-55.629
2026-02-14T20:00;balanco;N;-1.708
2026-02-14T20:00;balanco;NE;-23.172
2026-02-14T20:00;balanco;S;-25.15
2026-02-14T20:00;balanco;SIN;-50.127
2026-02-14T21:00;balanco;N;-1.39
2026-02-14T21:00;balanco;NE;-13.116
2026-02-14T21:00;balanco;S;-25.838
2026-02-14T21:00;balanco;SE;1.705
2026-02-14T21:00;balanco;SIN;-38.637
2026-02-14T22:00;balanco;N;-1.285
2026-02-14T22:00;balanco;NE;-17.686
2026-02-14T22:00;balanco;S;-26.983
2026-02-14T22:00;balanco;SE;1.446
2026-02-14T22:00;balanco;SIN;-44.506
2026-02-14T23:00;balanco;N;-1.281
2026-02-14T23:00;balanco;NE;-28.662
2026-02-14T23:00;balanco;S;-23.702
2026-02-14T23:00;balanco;SE;3.928
2026-02-14T23:00;balanco;SIN;-49.715
2026-02-15T00:00;balanco;N;-1.273
2026-02-15T00:00;balanco;NE;-36.031
2026-02-15T00:00;balanco;S;-27.015
2026-02-15T00:00;balanco;SE;0.96
2026-02-15T00:00;balanco;SIN;-63.36
2026-02-15T01:00;balanco;N;-1.114
2026-02-15T01:00;balanco;NE;-29.119
2026-02-15T01:00;balanco;S;-28.093
2026-02-15T01:00;balanco;SE;-0.265
2026-02-15T01:00;balanco;SIN;-58.593
2026-02-15T02:00;balanco;N;-1.744
2026-02-15T02:00;balanco;NE;-33.078
2026-02-15T02:00;balanco;S;-28.701
2026-02-15T02:00;balanco;SE;1.748
2026-02-15T02:00;balanco;SIN;-61.776
2026-02-15T03:00;balanco;N;-2.469
2026-02-15T03:00;balanco;NE;-41.01
2026-02-15T03:00;balanco;S;-27.815
2026-02-15T03:00;balanco;SE;-0.791
2026-02-15T03:00;balanco;SIN;-72.089
2026-02-15T04:00;balanco;N;-2.652
2026-02-15T04:00;balanco;NE;-35.756
2026-02-15T04:00;balanco;S;-26.64
2026-02-15T04:00;balanco;SE;1.595
2026-02-15T04:00;balanco;SIN;-63.455
2026-02-15T05:00;balanco;N;-1.852
2026-02-15T05:00;balanco;NE;-36.23
2026-02-15T05:00;balanco;S;-29.878
2026-02-15T05:00;balanco;SE;-0.641
2026-02-15T05:00;balanco;SIN;-68.606
2026-02-15T06:00;balanco;N;-1.894
2026-02-15T06:00;balanco;NE;-67.423
2026-02-15T06:00;balanco;S;-31.895
2026-02-15T06:00;balanco;SE;-0.872
2026-02-15T06:00;balanco;SIN;-102.088
2026-02-15T07:00;balanco;N;-1.148
2026-02-15T07:00;balanco;NE;-76.966
2026-02-15T07:00;balanco;S;-25.578
2026-02-15T07:00;balanco;SE;-11.591
2026-02-15T07:00;balanco;SIN;-115.28
2026-02-15T08:00;balanco;N;2.963
2026-02-15T08:00;balanco;NE;-45.783
2026-02-15T08:00;balanco;S;-36.9
2026-02-15T08:00;balanco;SE;-12.744
2026-02-15T08:00;balanco;SIN;-92.463
2026-02-15T09:00;balanco;N;8.212
2026-02-15T09:00;balanco;NE;-62.873
2026-02-15T09:00;balanco;S;-12.874
2026-02-15T09:00;balanco;SE;-8.619
2026-02-15T09:00;balanco;SIN;-76.159
2026-02-15T10:00;balanco;N;11.266
2026-02-15T10:00;balanco;NE;-77.381
2026-02-15T10:00;balanco;S;-1.831
2026-02-15T10:00;balanco;SE;-15.091
2026-02-15T10:00;balanco;SIN;-83.038
2026-02-15T11:00;balanco;N;14.218
2026-02-15T11:00;balanco;NE;-57.067
2026-02-15T11:00;balanco;S;-11.52
2026-02-15T11:00;balanco;SE;-20.127
2026-02-15T11:00;balanco;SIN;-74.496
2026-02-15T12:00;balanco;N;21.277
2026-02-15T12:00;balanco;NE;-63.628
2026-02-15T12:00;balanco;S;-34.285
2026-02-15T12:00;balanco;SE;-29.048
2026-02-15T12:00;balanco;SIN;-105.687
2026-02-15T13:00;balanco;N;36.764
2026-02-15T13:00;balanco;NE;-76.994
2026-02-15T13:00;balanco;S;-39.473
2026-02-15T13:00;balanco;SE;-50.729
2026-02-15T13:00;balanco;SIN;-130.435
2026-02-15T14:00;balanco;N;47.42
2026-02-15T14:00;balanco;NE;-62.485
2026-02-15T14:00;balanco;S;-45.214
2026-02-15T14:00;balanco;SE;-67.386
2026-02-15T14:00;balanco;SIN;-127.666
2026-02-15T15:00;balanco;N;55.927
2026-02-15T15:00;balanco;NE;-55.18
2026-02-15T15:00;balanco;S;-43.333
2026-02-15T15:00;balanco;SE;-78.429
2026-02-15T15:00;balanco;SIN;-121.016
2026-02-15T16:00;balanco;N;60.437
2026-02-15T16:00;balanco;NE;-33.218
2026-02-15T16:00;balanco;S;-43.036
2026-02-15T16:00;balanco;SE;-89.647
2026-02-15T16:00;balanco;SIN;-105.466
2026-02-15T17:00;balanco;N;37.284
2026-02-15T17:00;balanco;NE;-62.223
2026-02-15T17:00;balanco;S;-24.805
2026-02-15T17:00;balanco;SE;-52.053
2026-02-15T17:00;balanco;SIN;-101.799
2026-02-15T18:00;balanco;N;14.507
2026-02-15T18:00;balanco;NE;-4.05
2026-02-15T18:00;balanco;S;-4.306
2026-02-15T18:00;balanco;SE;-18.761
2026-02-15T18:00;balanco;SIN;-12.615
2026-02-15T19:00;balanco;N;-3.325
2026-02-15T19:00;balanco;NE;-1.566
2026-02-15T19:00;balanco;S;-17.21
2026-02-15T19:00;balanco;SE;-5.152
2026-02-15T19:00;balanco;SIN;-27.257
2026-02-15T20:00;balanco;N;-9.025
2026-02-15T20:00;balanco;NE;-9.4
2026-02-15T20:00;balanco;S;-24.988
2026-02-15T20:00;balanco;SE;-0.785
2026-02-15T20:00;balanco;SIN;-44.202
2026-02-15T21:00;balanco;N;-10.63
2026-02-15T21:00;balanco;NE;-2.255
2026-02-15T21:00;balanco;S;-29.097
2026-02-15T21:00;balanco;SE;-1.638
2026-02-15T21:00;balanco;SIN;-43.621
2026-02-15T22:00;balanco;N;-2.868
2026-02-15T22:00;balanco;NE;-9.041
2026-02-15T22:00;balanco;S;-27.977
2026-02-15T22:00;balanco;SE;-1.688
2026-02-15T22:00;balanco;SIN;-41.576
2026-02-15T23:00;balanco;N;-2.61
2026-02-15T23:00;balanco;NE;-13.048
2026-02-15T23:00;balanco;S;-18.854
2026-02-15T23:00;balanco;SE;-0.701
2026-02-15T23:00;balanco;SIN;-35.218
2026-02-16T00:00;balanco;N;-2.776
2026-02-16T00:00;balanco;NE;-17.648
2026-02-16T00:00;balanco;S;-16.724
2026-02-16T00:00;balanco;SE;7.034
2026-02-16T00:00;balanco;SIN;-30.112
2026-02-16T01:00;balanco;N;-2.802
2026-02-16T01:00;balanco;NE;-33.914
2026-02-16T01:00;balanco;S;-6.803
2026-02-16T01:00;balanco;SE;0.174
2026-02-16T01:00;balanco;SIN;-43.346
2026-02-16T02:00;balanco;N;-2.112
2026-02-16T02:00;balanco;NE;-36.285
2026-02-16T02:00;balanco;S;-15.395
2026-02-16T02:00;balanco;SE;-0.638
2026-02-16T02:00;balanco;SIN;-54.429
2026-02-16T03:00;balanco;N;-2.162
2026-02-16T03:00;balanco;NE;-31.149
2026-02-16T03:00;balanco;S;-4.545
2026-02-16T03:00;balanco;SE;1.33
2026-02-16T03:00;balanco;SIN;-36.526
2026-02-16T04:00;balanco;N;-1.991
2026-02-16T04:00;balanco;NE;-33.827
2026-02-16T04:00;balanco;S;-2.486
2026-02-16T04:00;balanco;SE;1.081
2026-02-16T04:00;balanco;SIN;-37.225
2026-02-16T05:00;balanco;N;2.916
2026-02-16T05:00;balanco;NE;-33.072
2026-02-16T05:00;balanco;S;-3.05
2026-02-16T05:00;balanco;SE;-1.771
2026-02-16T05:00;balanco;SIN;-34.973
2026-02-16T06:00;balanco;N;-0.879
2026-02-16T06:00;balanco;NE;-36.748
2026-02-16T06:00;balanco;S;-1.583
2026-02-16T06:00;balanco;SE;-11.872
2026-02-16T06:00;balanco;SIN;-51.082
2026-02-16T07:00;balanco;N;3.07
2026-02-16T07:00;balanco;NE;-34.237
2026-02-16T07:00;balanco;S;1.607
2026-02-16T07:00;balanco;SE;-9.894
2026-02-16T07:00;balanco;SIN;-39.456
2026-02-16T08:00;balanco;N;8.274
2026-02-16T08:00;balanco;NE;-11.817
2026-02-16T08:00;balanco;S;0.814
2026-02-16T08:00;balanco;SE;-32.315
2026-02-16T08:00;balanco;SIN;-35.042
2026-02-16T09:00;balanco;N;24.96
2026-02-16T09:00;balanco;NE;-4.375
2026-02-16T09:00;balanco;S;0.708
2026-02-16T09:00;balanco;SE;-44.969
2026-02-16T09:00;balanco;SIN;-23.678
2026-02-16T10:00;balanco;N;42.593
2026-02-16T10:00;balanco;NE;-8.186
2026-02-16T10:00;balanco;S;0.804
2026-02-16T10:00;balanco;SE;-61.348
2026-02-16T10:00;balanco;SIN;-26.14
2026-02-16T11:00;balanco;N;65.643
2026-02-16T11:00;balanco;NE;-13.166
2026-02-16T11:00;balanco;S;-5.557
2026-02-16T11:00;balanco;SE;-88.469
2026-02-16T11:00;balanco;SIN;-41.551
2026-02-16T12:00;balanco;N;81.265
2026-02-16T12:00;balanco;NE;-17.45
2026-02-16T12:00;balanco;S;-5.086
2026-02-16T12:00;balanco;SE;-109.536
2026-02-16T12:00;balanco;SIN;-50.812
2026-02-16T13:00;balanco;N;74.704
2026-02-16T13:00;balanco;NE;-24.853
2026-02-16T13:00;balanco;S;-8.434
2026-02-16T13:00;balanco;SE;-109.849
2026-02-16T13:00;balanco;SIN;-68.435
2026-02-16T14:00;balanco;N;62.285
2026-02-16T14:00;balanco;NE;-68.341
2026-02-16T14:00;balanco;S;-2.254
2026-02-16T14:00;balanco;SE;-91.872
2026-02-16T14:00;balanco;SIN;-100.18
2026-02-16T15:00;balanco;N;42.324
2026-02-16T15:00;balanco;NE;-34.483
2026-02-16T15:00;balanco;S;-2.33
2026-02-16T15:00;balanco;SE;-69.235
2026-02-16T15:00;balanco;SIN;-63.725
2026-02-16T16:00;balanco;N;39.209
2026-02-16T16:00;balanco;NE;-64.19
2026-02-16T16:00;balanco;S;-1.562
2026-02-16T16:00;balanco;SE;-123.646
2026-02-16T16:00;balanco;SIN;-150.186
2026-02-16T17:00;balanco;N;37.569
2026-02-16T17:00;balanco;NE;-57.444
2026-02-16T17:00;balanco;S;1.126
2026-02-16T17:00;balanco;SE;-57.34
2026-02-16T17:00;balanco;SIN;-76.089
2026-02-16T18:00;balanco;N;18.095
2026-02-16T18:00;balanco;NE;-25.052
2026-02-16T18:00;balanco;S;1.567
2026-02-16T18:00;balanco;SE;-19.858
2026-02-16T18:00;balanco;SIN;-25.252
2026-02-16T19:00;balanco;N;1.63
2026-02-16T19:00;balanco;NE;-17.438
2026-02-16T19:00;balanco;S;2.09
2026-02-16T19:00;balanco;SE;0.667
2026-02-16T19:00;balanco;SIN;-13.054
2026-02-16T20:00;balanco;N;-1.224
2026-02-16T20:00;balanco;NE;-9.475
2026-02-16T20:00;balanco;S;1.46
2026-02-16T20:00;balanco;SE;6.484
2026-02-16T20:00;balanco;SIN;-2.752
2026-02-16T21:00;balanco;N;-1.396
2026-02-16T21:00;balanco;NE;-8.35
2026-02-16T21:00;balanco;S;0.651
2026-02-16T21:00;balanco;SE;2.161
2026-02-16T21:00;balanco;SIN;-6.934
2026-02-16T22:00;balanco;N;-1.377
2026-02-16T22:00;balanco;NE;-18.777
2026-02-16T22:00;balanco;S;1.367
2026-02-16T22:00;balanco;SE;3.787
2026-02-16T22:00;balanco;SIN;-14.999
2026-02-16T23:00;balanco;N;-1.232
2026-02-16T23:00;balanco;NE;-20.402
2026-02-16T23:00;balanco;S;1.385
2026-02-16T23:00;balanco;SE;-0.311
2026-02-16T23:00;balanco;SIN;-20.563
2026-02-17T00:00;balanco;N;-1.498
2026-02-17T00:00;balanco;NE;-18.569
2026-02-17T00:00;balanco;S;1.032
2026-02-17T00:00;balanco;SE;6.654
2026-02-17T00:00;balanco;SIN;-12.386
2026-02-17T01:00;balanco;N;-1.157
2026-02-17T01:00;balanco;NE;-9.561
2026-02-17T01:00;balanco;S;0.353
2026-02-17T01:00;balanco;SE;4.141
2026-02-17T01:00;balanco;SIN;-6.221
2026-02-17T02:00;balanco;N;-1.157
2026-02-17T02:00;balanco;NE;-16.054
2026-02-17T02:00;balanco;S;0.503
2026-02-17T02:00;balanco;SE;4.635
2026-02-17T02:00;balanco;SIN;-12.076
2026-02-17T03:00;balanco;N;-1.251
2026-02-17T03:00;balanco;NE;-21.463
2026-02-17T03:00;balanco;S;0.875
2026-02-17T03:00;balanco;SE;2.532
2026-02-17T03:00;balanco;SIN;-19.306
2026-02-17T04:00;balanco;N;-1.168
2026-02-17T04:00;balanco;NE;-29.408
2026-02-17T04:00;balanco;SE;3.188
2026-02-17T04:00;balanco;SIN;-27.355
2026-02-17T05:00;balanco;N;-1.407
2026-02-17T05:00;balanco;NE;-32.556
2026-02-17T05:00;balanco;S;0.207
2026-02-17T05:00;balanco;SE;3.87
2026-02-17T05:00;balanco;SIN;-29.889
2026-02-17T06:00;balanco;N;-1.233
2026-02-17T06:00;balanco;NE;-46.321
2026-02-17T06:00;balanco;S;0.948
2026-02-17T06:00;balanco;SE;-5.108
2026-02-17T06:00;balanco;SIN;-51.715
2026-02-17T07:00;balanco;N;0.468
2026-02-17T07:00;balanco;NE;-15.065
2026-02-17T07:00;balanco;SE;-10.38
2026-02-17T07:00;balanco;SIN;-25.046
2026-02-17T08:00;balanco;N;17.764
2026-02-17T08:00;balanco;NE;-2.4
2026-02-17T08:00;balanco;S;0.26
2026-02-17T08:00;balanco;SE;-32.175
2026-02-17T08:00;balanco;SIN;-16.548
2026-02-17T09:00;balanco;N;40.526
2026-02-17T09:00;balanco;NE;2.465
2026-02-17T09:00;balanco;S;0.321
2026-02-17T09:00;balanco;SE;-52.762
2026-02-17T09:00;balanco;SIN;-9.447
2026-02-17T10:00;balanco;N;48.609
2026-02-17T10:00;balanco;NE;-2.4
2026-02-17T10:00;balanco;S;0.287
2026-02-17T10:00;balanco;SE;-64.325
2026-02-17T10:00;balanco;SIN;-17.826
2026-02-17T11:00;balanco;N;48.819
2026-02-17T11:00;balanco;NE;-20.398
2026-02-17T11:00;balanco;S;1.123
2026-02-17T11:00;balanco;SE;-69.594
2026-02-17T11:00;balanco;SIN;-40.05
2026-02-17T12:00;balanco;N;70.857
2026-02-17T12:00;balanco;NE;-30.316
2026-02-17T12:00;balanco;S;1.008
2026-02-17T12:00;balanco;SE;-91.32
2026-02-17T12:00;balanco;SIN;-49.769
2026-02-17T13:00;balanco;N;87.37
2026-02-17T13:00;balanco;NE;-34.332
2026-02-17T13:00;balanco;S;-0.192
2026-02-17T13:00;balanco;SE;-113.675
2026-02-17T13:00;balanco;SIN;-60.829
2026-02-17T14:00;balanco;N;86.834
2026-02-17T14:00;balanco;NE;-39.304
2026-02-17T14:00;balanco;S;-0.681
2026-02-17T14:00;balanco;SE;-120.025
2026-02-17T14:00;balanco;SIN;-73.181
2026-02-17T15:00;balanco;N;76.652
2026-02-17T15:00;balanco;NE;-59.351
2026-02-17T15:00;balanco;S;0.624
2026-02-17T15:00;balanco;SE;-143.639
2026-02-17T15:00;balanco;SIN;-125.711
2026-02-17T16:00;balanco;N;58.37
2026-02-17T16:00;balanco;NE;-45.945
2026-02-17T16:00;balanco;S;1.456
2026-02-17T16:00;balanco;SE;-96.446
2026-02-17T16:00;balanco;SIN;-82.563
2026-02-17T17:00;balanco;N;36.108
2026-02-17T17:00;balanco;NE;-29.843
2026-02-17T17:00;balanco;S;1.244
2026-02-17T17:00;balanco;SE;-35.31
2026-02-17T17:00;balanco;SIN;-27.806
2026-02-17T18:00;balanco;N;13.508
2026-02-17T18:00;balanco;NE;-12.267
2026-02-17T18:00;balanco;S;1.472
2026-02-17T18:00;balanco;SE;-5.882
2026-02-17T18:00;balanco;SIN;-3.166
2026-02-17T19:00;balanco;N;-0.56
2026-02-17T19:00;balanco;NE;-15.374
2026-02-17T19:00;balanco;S;0.157
2026-02-17T19:00;balanco;SE;1.773
2026-02-17T19:00;balanco;SIN;-14.007
2026-02-17T20:00;balanco;N;-3.72
2026-02-17T20:00;balanco;NE;-4.92
2026-02-17T20:00;balanco;S;-0.561
2026-02-17T20:00;balanco;SE;0.747
2026-02-17T20:00;balanco;SIN;-8.457
2026-02-17T21:00;balanco;N;-3.631
2026-02-17T21:00;balanco;NE;-10.607
2026-02-17T21:00;balanco;S;0.726
2026-02-17T21:00;balanco;SE;7.074
2026-02-17T21:00;balanco;SIN;-6.44
2026-02-17T22:00;balanco;N;-3.618
2026-02-17T22:00;balanco;NE;-13.012
2026-02-17T22:00;balanco;S;1.068
2026-02-17T22:00;balanco;SE;3.649
2026-02-17T22:00;balanco;SIN;-11.91
2026-02-17T23:00;balanco;N;-3.457
2026-02-17T23:00;balanco;NE;-2.659
2026-02-17T23:00;balanco;S;0.912
2026-02-17T23:00;balanco;SE;4.873
2026-02-17T23:00;balanco;SIN;-0.333
2026-02-18T00:00;balanco;N;-3.644
2026-02-18T00:00;balanco;NE;-12.594
2026-02-18T00:00;balanco;S;1.552
2026-02-18T00:00;balanco;SE;-0.547
2026-02-18T00:00;balanco;SIN;-15.235
2026-02-18T01:00;balanco;N;-3.716
2026-02-18T01:00;balanco;NE;-21.211
2026-02-18T01:00;balanco;S;-0.351
2026-02-18T01:00;balanco;SE;-0.565
2026-02-18T01:00;balanco;SIN;-25.847
2026-02-18T02:00;balanco;N;-3.694
2026-02-18T02:00;balanco;NE;-21.148
2026-02-18T02:00;balanco;S;-1.26
2026-02-18T02:00;balanco;SE;-0.436
2026-02-18T02:00;balanco;SIN;-26.542
2026-02-18T03:00;balanco;N;-3.665
2026-02-18T03:00;balanco;NE;-22.306
2026-02-18T03:00;balanco;SE;-0.447
2026-02-18T03:00;balanco;SIN;-26.428
2026-02-18T04:00;balanco;N;-3.675
2026-02-18T04:00;balanco;NE;-21.357
2026-02-18T04:00;balanco;S;-1.028
2026-02-18T04:00;balanco;SE;-0.457
2026-02-18T04:00;balanco;SIN;-26.518
2026-02-18T05:00;balanco;N;-3.748
2026-02-18T05:00;balanco;NE;-20.962
2026-02-18T05:00;balanco;S;-0.902
2026-02-18T05:00;balanco;SE;-0.672
2026-02-18T05:00;balanco;SIN;-26.284
2026-02-18T06:00;balanco;N;-3.585
2026-02-18T06:00;balanco;NE;-37.867
2026-02-18T06:00;balanco;S;-0.225
2026-02-18T06:00;balanco;SE;-18.652
2026-02-18T06:00;balanco;SIN;-60.327
2026-02-18T07:00;balanco;N;-1.98
2026-02-18T07:00;balanco;NE;-40.175
2026-02-18T07:00;balanco;S;0.14
2026-02-18T07:00;balanco;SE;-43.409
2026-02-18T07:00;balanco;SIN;-85.422
2026-02-18T08:00;balanco;N;11.711
2026-02-18T08:00;balanco;NE;-33.028
2026-02-18T08:00;balanco;S;0.285
2026-02-18T08:00;balanco;SE;-34.75
2026-02-18T08:00;balanco;SIN;-55.786
2026-02-18T09:00;balanco;N;24.647
2026-02-18T09:00;balanco;NE;-62.255
2026-02-18T09:00;balanco;SE;-56.351
2026-02-18T09:00;balanco;SIN;-93.879
2026-02-18T10:00;balanco;N;39.674
2026-02-18T10:00;balanco;NE;-73.243
2026-02-18T10:00;balanco;S;0.822
2026-02-18T10:00;balanco;SE;-85.882
2026-02-18T10:00;balanco;SIN;-118.631
2026-02-18T11:00;balanco;N;58.037
2026-02-18T11:00;balanco;NE;-32.663
2026-02-18T11:00;balanco;S;-0.339
2026-02-18T11:00;balanco;SE;-88.681
2026-02-18T11:00;balanco;SIN;-63.644
2026-02-18T12:00;balanco;N;53.626
2026-02-18T12:00;balanco;NE;-75.607
2026-02-18T12:00;balanco;S;-7.405
2026-02-18T12:00;balanco;SE;-141.773
2026-02-18T12:00;balanco;SIN;-171.157
2026-02-18T13:00;balanco;N;60.435
2026-02-18T13:00;balanco;NE;-85.377
2026-02-18T13:00;balanco;S;-8.521
2026-02-18T13:00;balanco;SE;-123.715
2026-02-18T13:00;balanco;SIN;-157.183
2026-02-18T14:00;balanco;N;52.233
2026-02-18T14:00;balanco;NE;-70.07
2026-02-18T14:00;balanco;S;-11.011
2026-02-18T14:00;balanco;SE;-90.767
2026-02-18T14:00;balanco;SIN;-119.611
2026-02-18T15:00;balanco;N;37.751
2026-02-18T15:00;balanco;NE;-80.779
2026-02-18T15:00;balanco;S;-8.732
2026-02-18T15:00;balanco;SE;-70.432
2026-02-18T15:00;balanco;SIN;-122.193
2026-02-18T16:00;balanco;N;32.753
2026-02-18T16:00;balanco;NE;-72.22
2026-02-18T16:00;balanco;S;-9.311
2026-02-18T16:00;balanco;SE;-51.975
2026-02-18T16:00;balanco;SIN;-100.749
2026-02-18T17:00;balanco;N;24.709
2026-02-18T17:00;balanco;NE;-61.349
2026-02-18T17:00;balanco;S;-18.267
2026-02-18T17:00;balanco;SE;-34.043
2026-02-18T17:00;balanco;SIN;-88.951
2026-02-18T18:00;balanco;N;15.034
2026-02-18T18:00;balanco;NE;-57.181
2026-02-18T18:00;balanco;S;-9.454
2026-02-18T18:00;balanco;SE;-23.495
2026-02-18T18:00;balanco;SIN;-75.098
2026-02-18T19:00;balanco;NE;-53.694
2026-02-18T19:00;balanco;S;-0.351
2026-02-18T19:00;balanco;SE;-2.781
2026-02-18T19:00;balanco;SIN;-56.847
2026-02-18T20:00;balanco;N;-3.019
2026-02-18T20:00;balanco;NE;-51.435
2026-02-18T20:00;balanco;S;-1.303
2026-02-18T20:00;balanco;SE;35.136
2026-02-18T20:00;balanco;SIN;-20.623
2026-02-18T21:00;balanco;N;-3.186
2026-02-18T21:00;balanco;NE;-44.214
2026-02-18T21:00;balanco;SE;-0.576
2026-02-18T21:00;balanco;SIN;-48.002
2026-02-18T22:00;balanco;N;-3.087
2026-02-18T22:00;balanco;NE;-23.064
2026-02-18T22:00;balanco;S;0.249
2026-02-18T22:00;balanco;SE;-0.209
2026-02-18T22:00;balanco;SIN;-26.112
2026-02-18T23:00;balanco;N;-2.812
2026-02-18T23:00;balanco;NE;-22.238
2026-02-18T23:00;balanco;S;-0.461
2026-02-18T23:00;balanco;SE;-0.572
2026-02-18T23:00;balanco;SIN;-26.085
2026-02-19T00:00;balanco;N;-3.014
2026-02-19T00:00;balanco;NE;-29.865
2026-02-19T00:00;balanco;S;-1.647
2026-02-19T00:00;balanco;SE;0.402
2026-02-19T00:00;balanco;SIN;-34.126
2026-02-19T01:00;balanco;N;-2.941
2026-02-19T01:00;balanco;NE;-31.582
2026-02-19T01:00;balanco;S;0.43
2026-02-19T01:00;balanco;SE;-1.312
2026-02-19T01:00;balanco;SIN;-35.401
2026-02-19T02:00;balanco;N;-2.914
2026-02-19T02:00;balanco;NE;-28.092
2026-02-19T02:00;balanco;S;0.656
2026-02-19T02:00;balanco;SE;0.369
2026-02-19T02:00;balanco;SIN;-29.986
2026-02-19T03:00;balanco;N;-2.946
2026-02-19T03:00;balanco;NE;-23.521
2026-02-19T03:00;balanco;S;-0.193
2026-02-19T03:00;balanco;SE;0.589
2026-02-19T03:00;balanco;SIN;-26.07
2026-02-19T04:00;balanco;N;-2.98
2026-02-19T04:00;balanco;NE;-21.302
2026-02-19T04:00;balanco;S;0.57
2026-02-19T04:00;balanco;SE;0.564
2026-02-19T04:00;balanco;SIN;-23.148
2026-02-19T05:00;balanco;N;-2.975
2026-02-19T05:00;balanco;NE;-19.212
2026-02-19T05:00;balanco;S;-1.049
2026-02-19T05:00;balanco;SE;0.751
2026-02-19T05:00;balanco;SIN;-22.482
2026-02-19T06:00;balanco;N;-2.791
2026-02-19T06:00;balanco;NE;-30.725
2026-02-19T06:00;balanco;S;-2.175
2026-02-19T06:00;balanco;SE;-64.826
2026-02-19T06:00;balanco;SIN;-100.517
2026-02-19T07:00;balanco;N;-2.382
2026-02-19T07:00;balanco;NE;-31.608
2026-02-19T07:00;balanco;S;-1.401
2026-02-19T07:00;balanco;SE;-185.112
2026-02-19T07:00;balanco;SIN;-220.5
2026-02-19T08:00;balanco;N;6.46
2026-02-19T08:00;balanco;NE;-24.993
2026-02-19T08:00;balanco;SE;-33.076
2026-02-19T08:00;balanco;SIN;-51.558
2026-02-19T09:00;balanco;N;26.397
2026-02-19T09:00;balanco;NE;-25.807
2026-02-19T09:00;balanco;S;0.352
2026-02-19T09:00;balanco;SE;-62.49
2026-02-19T09:00;balanco;SIN;-61.546
2026-02-19T10:00;balanco;N;46.302
2026-02-19T10:00;balanco;NE;-42.123
2026-02-19T10:00;balanco;S;-8.368
2026-02-19T10:00;balanco;SE;-86.129
2026-02-19T10:00;balanco;SIN;-90.32
2026-02-19T11:00;balanco;N;63.853
2026-02-19T11:00;balanco;NE;-24.923
2026-02-19T11:00;balanco;S;-2.097
2026-02-19T11:00;balanco;SE;-105.329
2026-02-19T11:00;balanco;SIN;-68.498
2026-02-19T12:00;balanco;N;81.117
2026-02-19T12:00;balanco;NE;2.739
2026-02-19T12:00;balanco;S;-0.683
2026-02-19T12:00;balanco;SE;-126.162
2026-02-19T12:00;balanco;SIN;-42.985
2026-02-19T13:00;balanco;N;76.263
2026-02-19T13:00;balanco;NE;-74.318
2026-02-19T13:00;balanco;S;-0.316
2026-02-19T13:00;balanco;SE;-102.441
2026-02-19T13:00;balanco;SIN;-100.808
2026-02-19T14:00;balanco;N;56.261
2026-02-19T14:00;balanco;NE;-4.265
2026-02-19T14:00;balanco;S;-1.101
2026-02-19T14:00;balanco;SE;-83.138
2026-02-19T14:00;balanco;SIN;-32.241
2026-02-19T15:00;balanco;N;61.506
2026-02-19T15:00;balanco;NE;-95.338
2026-02-19T15:00;balanco;S;-2.375
2026-02-19T15:00;balanco;SE;-151.546
2026-02-19T15:00;balanco;SIN;-187.757
2026-02-19T16:00;balanco;N;56.988
2026-02-19T16:00;balanco;NE;-23.262
2026-02-19T16:00;balanco;S;-2.245
2026-02-19T16:00;balanco;SE;-351.139
2026-02-19T16:00;balanco;SIN;-319.66
2026-02-19T17:00;balanco;N;36.681
2026-02-19T17:00;balanco;NE;87.137
2026-02-19T17:00;balanco;S;-3.636
2026-02-19T17:00;balanco;SE;-234.672
2026-02-19T17:00;balanco;SIN;-114.489
2026-02-19T18:00;balanco;N;16.403
2026-02-19T18:00;balanco;NE;58.308
2026-02-19T18:00;balanco;S;-2.389
2026-02-19T18:00;balanco;SE;-43.98
2026-02-19T18:00;balanco;SIN;28.342
2026-02-19T19:00;balanco;N;-8.611
2026-02-19T19:00;balanco;NE;-72.714
2026-02-19T19:00;balanco;S;0.159
2026-02-19T19:00;balanco;SE;-8.148
2026-02-19T19:00;balanco;SIN;-89.312
2026-02-19T20:00;balanco;N;-6.403
2026-02-19T20:00;balanco;NE;-47.388
2026-02-19T20:00;balanco;S;-1.361
2026-02-19T20:00;balanco;SE;-4.278
2026-02-19T20:00;balanco;SIN;-59.435
2026-02-19T21:00;balanco;N;-2.274
2026-02-19T21:00;balanco;NE;-16.371
2026-02-19T21:00;balanco;S;-3.153
2026-02-19T21:00;balanco;SE;-3.68
2026-02-19T21:00;balanco;SIN;-25.48
2026-02-19T22:00;balanco;N;-2.119
2026-02-19T22:00;balanco;NE;8.737
2026-02-19T22:00;balanco;S;-4.312
2026-02-19T22:00;balanco;SE;-0.949
2026-02-19T22:00;balanco;SIN;1.354
2026-02-19T23:00;balanco;N;3.488
2026-02-19T23:00;balanco;NE;-25.164
2026-02-19T23:00;balanco;S;-4.692
2026-02-19T23:00;balanco;SE;3.544
2026-02-19T23:00;balanco;SIN;-22.829
2026-02-20T00:00;balanco;N;-3.364
2026-02-20T00:00;balanco;NE;-17.582
2026-02-20T00:00;balanco;S;-6.307
2026-02-20T00:00;balanco;SE;6.342
2026-02-20T00:00;balanco;SIN;-149.216
2026-02-20T01:00;balanco;N;-2.986
2026-02-20T01:00;balanco;NE;-25.58
2026-02-20T01:00;balanco;S;-4.815
2026-02-20T01:00;balanco;SE;5.36
2026-02-20T01:00;balanco;SIN;-156.317
2026-02-20T02:00;balanco;N;-3.256
2026-02-20T02:00;balanco;NE;-5.235
2026-02-20T02:00;balanco;S;-3.644
2026-02-20T02:00;balanco;SE;1.632
2026-02-20T02:00;balanco;SIN;-138.804
2026-02-20T03:00;balanco;N;-2.749
2026-02-20T03:00;balanco;NE;-15.526
2026-02-20T03:00;balanco;S;-3.528
2026-02-20T03:00;balanco;SE;1.33
2026-02-20T03:00;balanco;SIN;-148.771
2026-02-20T04:00;balanco;N;-2.832
2026-02-20T04:00;balanco;NE;-17.629
2026-02-20T04:00;balanco;S;-5.311
2026-02-20T04:00;balanco;SE;2.892
2026-02-20T04:00;balanco;SIN;-150.896
2026-02-20T05:00;balanco;N;-2.854
2026-02-20T05:00;balanco;NE;-21.595
2026-02-20T05:00;balanco;S;-5.164
2026-02-20T05:00;balanco;SE;6.759
2026-02-20T05:00;balanco;SIN;-155.164
2026-02-20T06:00;balanco;N;-2.849
2026-02-20T06:00;balanco;NE;-20.817
2026-02-20T06:00;balanco;S;-3.556
2026-02-20T06:00;balanco;SE;4.539
2026-02-20T06:00;balanco;SIN;-177.048
2026-02-20T07:00;balanco;N;-2.849
2026-02-20T07:00;balanco;NE;-19.18
2026-02-20T07:00;balanco;S;-1.917
2026-02-20T07:00;balanco;SE;2.409
2026-02-20T07:00;balanco;SIN;-159.617
2026-02-20T08:00;balanco;N;-2.999
2026-02-20T08:00;balanco;NE;-18.229
2026-02-20T08:00;balanco;S;0.43
2026-02-20T08:00;balanco;SE;3.916
2026-02-20T08:00;balanco;SIN;-141.99
2026-02-20T09:00;balanco;N;-2.936
2026-02-20T09:00;balanco;NE;-9.255
2026-02-20T09:00;balanco;S;1.211
2026-02-20T09:00;balanco;SE;1.844
2026-02-20T09:00;balanco;SIN;-117.725
2026-02-20T10:00;balanco;N;-2.028
2026-02-20T10:00;balanco;NE;-8.292
2026-02-20T10:00;balanco;S;0.616
2026-02-20T10:00;balanco;SE;3.64
2026-02-20T10:00;balanco;SIN;-121.776
2026-02-20T11:00;balanco;N;-5.436
2026-02-20T11:00;balanco;NE;-5.495
2026-02-20T11:00;balanco;S;-15.622
2026-02-20T11:00;balanco;SE;2.435
2026-02-20T11:00;balanco;SIN;-97.336
2026-02-20T12:00;balanco;N;-3.732
2026-02-20T12:00;balanco;NE;-5.196
2026-02-20T12:00;balanco;S;5.844
2026-02-20T12:00;balanco;SE;2.238
2026-02-20T12:00;balanco;SIN;-89.321
2026-02-20T13:00;balanco;N;-2.364
2026-02-20T13:00;balanco;NE;-1.273
2026-02-20T13:00;balanco;S;-32.234
2026-02-20T13:00;balanco;SE;3.617
2026-02-20T13:00;balanco;SIN;-132.597
2026-02-20T14:00;balanco;NE;-12.409
2026-02-20T14:00;balanco;S;-26.256
2026-02-20T14:00;balanco;SE;5.008
2026-02-20T14:00;balanco;SIN;-134.208
2026-02-20T15:00;balanco;N;-0.312
2026-02-20T15:00;balanco;NE;-3.622
2026-02-20T15:00;balanco;S;-14.06
2026-02-20T15:00;balanco;SE;-4.507
2026-02-20T15:00;balanco;SIN;-133.296
2026-02-20T16:00;balanco;N;-0.601
2026-02-20T16:00;balanco;NE;-2.096
2026-02-20T16:00;balanco;S;1.965
2026-02-20T16:00;balanco;SE;3.499
2026-02-20T16:00;balanco;SIN;-93.006
2026-02-20T17:00;balanco;N;-0.502
2026-02-20T17:00;balanco;NE;1.363
2026-02-20T17:00;balanco;S;-2.612
2026-02-20T17:00;balanco;SE;-5.232
2026-02-20T17:00;balanco;SIN;-121.568
2026-02-20T18:00;balanco;N;-0.947
2026-02-20T18:00;balanco;NE;-6.379
2026-02-20T18:00;balanco;S;-4.467
2026-02-20T18:00;balanco;SE;-2.289
2026-02-20T18:00;balanco;SIN;-140.073
2026-02-20T19:00;balanco;N;-1.18
2026-02-20T19:00;balanco;NE;-9.339
2026-02-20T19:00;balanco;S;-7.251
2026-02-20T19:00;balanco;SE;4.947
2026-02-20T19:00;balanco;SIN;-140.878
2026-02-20T20:00;balanco;N;-0.705
2026-02-20T20:00;balanco;NE;1.674
2026-02-20T20:00;balanco;S;-9.887
2026-02-20T20:00;balanco;SE;1.236
2026-02-20T20:00;balanco;SIN;-7.684
2026-02-20T21:00;balanco;N;-0.98
2026-02-20T21:00;balanco;NE;-1.266
2026-02-20T21:00;balanco;S;-15.533
2026-02-20T21:00;balanco;SE;2.705
2026-02-20T21:00;balanco;SIN;-15.07
2026-02-20T22:00;balanco;N;-0.662
2026-02-20T22:00;balanco;NE;1.849
2026-02-20T22:00;balanco;S;-22.255
2026-02-20T22:00;balanco;SE;0.909
2026-02-20T22:00;balanco;SIN;-20.162
2026-02-20T23:00;balanco;N;-0.541
2026-02-20T23:00;balanco;NE;-2.109
2026-02-20T23:00;balanco;S;-21.692
2026-02-20T23:00;balanco;SE;-0.2
2026-02-20T23:00;balanco;SIN;-24.541
2026-02-21T00:00;balanco;N;-1.895
2026-02-21T00:00;balanco;NE;-2.883
2026-02-21T00:00;balanco;S;-15.723
2026-02-21T00:00;balanco;SE;-124.514
2026-02-21T00:00;balanco;SIN;-145.015
2026-02-21T01:00;balanco;N;-0.822
2026-02-21T01:00;balanco;NE;-5.931
2026-02-21T01:00;balanco;S;-12.224
2026-02-21T01:00;balanco;SE;-124.038
2026-02-21T01:00;balanco;SIN;-143.014
2026-02-21T02:00;balanco;N;-2.392
2026-02-21T02:00;balanco;NE;-4.732
2026-02-21T02:00;balanco;S;-1.079
2026-02-21T02:00;balanco;SE;-123.126
2026-02-21T02:00;balanco;SIN;-131.333
2026-02-21T03:00;balanco;N;-1.801
2026-02-21T03:00;balanco;NE;-14.047
2026-02-21T03:00;balanco;S;2.164
2026-02-21T03:00;balanco;SE;-122.818
2026-02-21T03:00;balanco;SIN;-136.507
2026-02-21T04:00;balanco;N;-1.879
2026-02-21T04:00;balanco;NE;-12.995
2026-02-21T04:00;balanco;S;7.321
2026-02-21T04:00;balanco;SE;-120.43
2026-02-21T04:00;balanco;SIN;-127.982
2026-02-21T05:00;balanco;N;-1.632
2026-02-21T05:00;balanco;NE;-16.551
2026-02-21T05:00;balanco;S;9.392
2026-02-21T05:00;balanco;SE;-125.194
2026-02-21T05:00;balanco;SIN;-133.987
2026-02-21T06:00;balanco;N;-1.49
2026-02-21T06:00;balanco;NE;-42.132
2026-02-21T06:00;balanco;S;9.528
2026-02-21T06:00;balanco;SE;-121.031
2026-02-21T06:00;balanco;SIN;-155.127
2026-02-21T07:00;balanco;N;-0.506
2026-02-21T07:00;balanco;NE;-50.914
2026-02-21T07:00;balanco;S;9.152
2026-02-21T07:00;balanco;SE;-97.489
2026-02-21T07:00;balanco;SIN;-139.755
2026-02-21T08:00;balanco;N;10.529
2026-02-21T08:00;balanco;NE;-61.469
2026-02-21T08:00;balanco;S;9.599
2026-02-21T08:00;balanco;SE;-96.754
2026-02-21T08:00;balanco;SIN;-138.098
2026-02-21T09:00;balanco;N;26.593
2026-02-21T09:00;balanco;NE;-91.357
2026-02-21T09:00;balanco;S;8.93
2026-02-21T09:00;balanco;SE;-78.197
2026-02-21T09:00;balanco;SIN;-134.028
2026-02-21T10:00;balanco;N;42.737
2026-02-21T10:00;balanco;NE;-75.345
2026-02-21T10:00;balanco;S;4.821
2026-02-21T10:00;balanco;SE;-100.449
2026-02-21T10:00;balanco;SIN;-128.232
2026-02-21T11:00;balanco;N;65.496
2026-02-21T11:00;balanco;NE;-43.652
2026-02-21T11:00;balanco;S;-1.385
2026-02-21T11:00;balanco;SE;-138.363
2026-02-21T11:00;balanco;SIN;-117.905
2026-02-21T12:00;balanco;N;77.824
2026-02-21T12:00;balanco;NE;-43.692
2026-02-21T12:00;balanco;S;-0.841
2026-02-21T12:00;balanco;SE;-161.142
2026-02-21T12:00;balanco;SIN;-127.847
2026-02-21T13:00;balanco;N;81.62
2026-02-21T13:00;balanco;NE;-39.385
2026-02-21T13:00;balanco;S;-0.762
2026-02-21T13:00;balanco;SE;-157.321
2026-02-21T13:00;balanco;SIN;-115.844
2026-02-21T14:00;balanco;N;71.79
2026-02-21T14:00;balanco;NE;-65.537
2026-02-21T14:00;balanco;S;-0.917
2026-02-21T14:00;balanco;SE;-137.304
2026-02-21T14:00;balanco;SIN;-131.972
2026-02-21T15:00;balanco;N;42.684
2026-02-21T15:00;balanco;NE;-73.879
2026-02-21T15:00;balanco;S;-1.112
2026-02-21T15:00;balanco;SE;-108.858
2026-02-21T15:00;balanco;SIN;-141.168
2026-02-21T16:00;balanco;N;53.393
2026-02-21T16:00;balanco;NE;60.525
2026-02-21T16:00;balanco;S;-1.192
2026-02-21T16:00;balanco;SE;-109.542
2026-02-21T16:00;balanco;SIN;3.184
2026-02-21T17:00;balanco;N;40.818
2026-02-21T17:00;balanco;NE;119.773
2026-02-21T17:00;balanco;S;-1.229
2026-02-21T17:00;balanco;SE;-94.753
2026-02-21T17:00;balanco;SIN;64.604
2026-02-21T18:00;balanco;N;18.354
2026-02-21T18:00;balanco;NE;-26.885
2026-02-21T18:00;balanco;S;-1.591
2026-02-21T18:00;balanco;SE;-68.496
2026-02-21T18:00;balanco;SIN;-78.616
2026-02-21T19:00;balanco;N;0.928
2026-02-21T19:00;balanco;NE;-21.602
2026-02-21T19:00;balanco;S;-1.596
2026-02-21T19:00;balanco;SE;-53.271
2026-02-21T19:00;balanco;SIN;-75.546
2026-02-21T20:00;balanco;N;-2.028
2026-02-21T20:00;balanco;NE;-8.372
2026-02-21T20:00;balanco;S;-2.542
2026-02-21T20:00;balanco;SE;1.468
2026-02-21T20:00;balanco;SIN;-11.473
2026-02-21T21:00;balanco;N;-2.05
2026-02-21T21:00;balanco;NE;-5.544
2026-02-21T21:00;balanco;S;-3.123
2026-02-21T21:00;balanco;SE;2.28
2026-02-21T21:00;balanco;SIN;-8.439
2026-02-21T22:00;balanco;N;-1.934
2026-02-21T22:00;balanco;NE;-1.027
2026-02-21T22:00;balanco;S;-3.363
2026-02-21T22:00;balanco;SE;2.276
2026-02-21T22:00;balanco;SIN;-4.048
2026-02-21T23:00;balanco;N;-1.85
2026-02-21T23:00;balanco;NE;-8.026
2026-02-21T23:00;balanco;S;-4.345
2026-02-21T23:00;balanco;SE;3.336
2026-02-21T23:00;balanco;SIN;-10.885
2026-02-22T00:00;balanco;N;-1.9
2026-02-22T00:00;balanco;NE;-27.042
2026-02-22T00:00;balanco;S;-4.141
2026-02-22T00:00;balanco;SE;-1.459
2026-02-22T00:00;balanco;SIN;-34.541
2026-02-22T01:00;balanco;N;-2.084
2026-02-22T01:00;balanco;NE;-30.068
2026-02-22T01:00;balanco;S;-3.699
2026-02-22T01:00;balanco;SE;-1.531
2026-02-22T01:00;balanco;SIN;-37.384
2026-02-22T02:00;balanco;N;-2.065
2026-02-22T02:00;balanco;NE;-47.747
2026-02-22T02:00;balanco;S;-3.047
2026-02-22T02:00;balanco;SE;-1.566
2026-02-22T02:00;balanco;SIN;-54.421
2026-02-22T03:00;balanco;N;-1.765
2026-02-22T03:00;balanco;NE;-36.238
2026-02-22T03:00;balanco;S;-3.038
2026-02-22T03:00;balanco;SE;-1.6
2026-02-22T03:00;balanco;SIN;-42.641
2026-02-22T04:00;balanco;N;-1.857
2026-02-22T04:00;balanco;NE;-36.441
2026-02-22T04:00;balanco;S;-3.081
2026-02-22T04:00;balanco;SE;-1.527
2026-02-22T04:00;balanco;SIN;-42.907
2026-02-22T05:00;balanco;N;-1.813
2026-02-22T05:00;balanco;NE;-24.713
2026-02-22T05:00;balanco;S;-1.892
2026-02-22T05:00;balanco;SE;-1.583
2026-02-22T05:00;balanco;SIN;-29.998
2026-02-22T06:00;balanco;N;-1.806
2026-02-22T06:00;balanco;NE;-41.817
2026-02-22T06:00;balanco;S;-1.943
2026-02-22T06:00;balanco;SE;-6.159
2026-02-22T06:00;balanco;SIN;-51.721
2026-02-22T07:00;balanco;NE;-60.409
2026-02-22T07:00;balanco;S;-1.69
2026-02-22T07:00;balanco;SE;-4.074
2026-02-22T07:00;balanco;SIN;-66.175
2026-02-22T08:00;balanco;N;12.413
2026-02-22T08:00;balanco;NE;-67.622
2026-02-22T08:00;balanco;S;-1.185
2026-02-22T08:00;balanco;SE;-20.53
2026-02-22T08:00;balanco;SIN;-76.921
2026-02-22T09:00;balanco;N;32.842
2026-02-22T09:00;balanco;NE;-47.252
2026-02-22T09:00;balanco;S;-2.981
2026-02-22T09:00;balanco;SE;-38.137
2026-02-22T09:00;balanco;SIN;-55.532
2026-02-22T10:00;balanco;N;57.073
2026-02-22T10:00;balanco;NE;-48.92
2026-02-22T10:00;balanco;S;-2.959
2026-02-22T10:00;balanco;SE;-61.868
2026-02-22T10:00;balanco;SIN;-56.678
2026-02-22T11:00;balanco;N;76.252
2026-02-22T11:00;balanco;NE;-41.739
2026-02-22T11:00;balanco;S;-3.219
2026-02-22T11:00;balanco;SE;-79.497
2026-02-22T11:00;balanco;SIN;-48.2
2026-02-22T12:00;balanco;N;75.162
2026-02-22T12:00;balanco;NE;-54.605
2026-02-22T12:00;balanco;S;-3.512
2026-02-22T12:00;balanco;SE;-79.22
2026-02-22T12:00;balanco;SIN;-62.176
2026-02-22T13:00;balanco;N;62.83
2026-02-22T13:00;balanco;NE;-52.712
2026-02-22T13:00;balanco;S;-4.418
2026-02-22T13:00;balanco;SE;-76.702
2026-02-22T13:00;balanco;SIN;-71.007
2026-02-22T14:00;balanco;N;70.807
2026-02-22T14:00;balanco;NE;-56.751
2026-02-22T14:00;balanco;S;-4.654
2026-02-22T14:00;balanco;SE;-89.626
2026-02-22T14:00;balanco;SIN;-80.228
2026-02-22T15:00;balanco;N;57.933
2026-02-22T15:00;balanco;NE;-80.332
2026-02-22T15:00;balanco;S;-4.598
2026-02-22T15:00;balanco;SE;-80.477
2026-02-22T15:00;balanco;SIN;-107.473
2026-02-22T16:00;balanco;N;62.184
2026-02-22T16:00;balanco;NE;-54.423
2026-02-22T16:00;balanco;S;-4.792
2026-02-22T16:00;balanco;SE;-68.976
2026-02-22T16:00;balanco;SIN;-66.008
2026-02-22T17:00;balanco;N;45.74
2026-02-22T17:00;balanco;NE;-36.546
2026-02-22T17:00;balanco;S;-4.729
2026-02-22T17:00;balanco;SE;-50.56
2026-02-22T17:00;balanco;SIN;-46.092
2026-02-22T18:00;balanco;N;19.866
2026-02-22T18:00;balanco;NE;-21.798
2026-02-22T18:00;balanco;S;-4.889
2026-02-22T18:00;balanco;SE;-22.265
2026-02-22T18:00;balanco;SIN;-29.09
2026-02-22T19:00;balanco;N;1.31
2026-02-22T19:00;balanco;NE;-16.314
2026-02-22T19:00;balanco;S;-4.511
2026-02-22T19:00;balanco;SE;-5.026
2026-02-22T19:00;balanco;SIN;-24.541
2026-02-22T20:00;balanco;N;-1.966
2026-02-22T20:00;balanco;NE;-22.26
2026-02-22T20:00;balanco;S;-4.564
2026-02-22T20:00;balanco;SE;-1.695
2026-02-22T20:00;balanco;SIN;-30.482
2026-02-22T21:00;balanco;N;-1.958
2026-02-22T21:00;balanco;NE;-15.615
2026-02-22T21:00;balanco;S;-4.582
2026-02-22T21:00;balanco;SE;-1.756
2026-02-22T21:00;balanco;SIN;-23.909
2026-02-22T22:00;balanco;N;-2.005
2026-02-22T22:00;balanco;NE;-16.49
2026-02-22T22:00;balanco;S;-4.588
2026-02-22T22:00;balanco;SE;-1.619
2026-02-22T22:00;balanco;SIN;-24.706
2026-02-22T23:00;balanco;N;-1.982
2026-02-22T23:00;balanco;NE;-11.118
2026-02-22T23:00;balanco;S;-4.735
2026-02-22T23:00;balanco;SE;-1.683
2026-02-22T23:00;balanco;SIN;-19.522
2026-02-23T00:00;balanco;N;-1.906
2026-02-23T00:00;balanco;NE;-7.94
2026-02-23T00:00;balanco;S;-8.141
2026-02-23T00:00;balanco;SE;-8.959
2026-02-23T00:00;balanco;SIN;-26.943
2026-02-23T01:00;balanco;N;-1.939
2026-02-23T01:00;balanco;NE;-11.319
2026-02-23T01:00;balanco;S;-8.481
2026-02-23T01:00;balanco;SE;-5.587
2026-02-23T01:00;balanco;SIN;-27.33
2026-02-23T02:00;balanco;N;-1.944
2026-02-23T02:00;balanco;NE;-9.073
2026-02-23T02:00;balanco;S;-8.761
2026-02-23T02:00;balanco;SE;-3.274
2026-02-23T02:00;balanco;SIN;-23.056
2026-02-23T03:00;balanco;N;-2.023
2026-02-23T03:00;balanco;NE;-6.97
2026-02-23T03:00;balanco;S;-9.186
2026-02-23T03:00;balanco;SE;-3.173
2026-02-23T03:00;balanco;SIN;-21.349
2026-02-23T04:00;balanco;N;-2.103
2026-02-23T04:00;balanco;NE;-12.459
2026-02-23T04:00;balanco;S;-9.471
2026-02-23T04:00;balanco;SE;-3.429
2026-02-23T04:00;balanco;SIN;-27.459
2026-02-23T05:00;balanco;N;-2.01
2026-02-23T05:00;balanco;NE;-13.228
2026-02-23T05:00;balanco;S;-9.348
2026-02-23T05:00;balanco;SE;-3.242
2026-02-23T05:00;balanco;SIN;-27.829
2026-02-23T06:00;balanco;N;-1.97
2026-02-23T06:00;balanco;NE;-45.031
2026-02-23T06:00;balanco;S;-9.21
2026-02-23T06:00;balanco;SE;-7.376
2026-02-23T06:00;balanco;SIN;-63.587
2026-02-23T07:00;balanco;N;-0.209
2026-02-23T07:00;balanco;NE;-39.157
2026-02-23T07:00;balanco;S;-9.145
2026-02-23T07:00;balanco;SE;-6.019
2026-02-23T07:00;balanco;SIN;-54.529
2026-02-23T08:00;balanco;N;14.696
2026-02-23T08:00;balanco;NE;-59.047
2026-02-23T08:00;balanco;S;-7.613
2026-02-23T08:00;balanco;SE;-35.802
2026-02-23T08:00;balanco;SIN;-87.768
2026-02-23T09:00;balanco;N;32.52
2026-02-23T09:00;balanco;NE;-32.202
2026-02-23T09:00;balanco;S;-5.825
2026-02-23T09:00;balanco;SE;-47.013
2026-02-23T09:00;balanco;SIN;-52.519
2026-02-23T10:00;balanco;N;51.032
2026-02-23T10:00;balanco;NE;-46.358
2026-02-23T10:00;balanco;S;-4.131
2026-02-23T10:00;balanco;SE;-65.761
2026-02-23T10:00;balanco;SIN;-65.215
2026-02-23T11:00;balanco;N;76.299
2026-02-23T11:00;balanco;NE;-40.381
2026-02-23T11:00;balanco;S;4.56
2026-02-23T11:00;balanco;SE;-94.328
2026-02-23T11:00;balanco;SIN;-53.848
2026-02-23T12:00;balanco;N;84.512
2026-02-23T12:00;balanco;NE;-44.366
2026-02-23T12:00;balanco;S;22.087
2026-02-23T12:00;balanco;SE;-106.958
2026-02-23T12:00;balanco;SIN;-44.73
2026-02-23T13:00;balanco;N;89.16
2026-02-23T13:00;balanco;NE;-64.406
2026-02-23T13:00;balanco;S;30.675
2026-02-23T13:00;balanco;SE;-109.255
2026-02-23T13:00;balanco;SIN;-53.824
2026-02-23T14:00;balanco;N;79.817
2026-02-23T14:00;balanco;NE;-104.808
2026-02-23T14:00;balanco;S;29.495
2026-02-23T14:00;balanco;SE;-92.789
2026-02-23T14:00;balanco;SIN;-88.284
2026-02-23T15:00;balanco;N;53.606
2026-02-23T15:00;balanco;NE;-85.543
2026-02-23T15:00;balanco;S;30.301
2026-02-23T15:00;balanco;SE;-67.466
2026-02-23T15:00;balanco;SIN;-69.101
2026-02-23T16:00;balanco;N;54.99
2026-02-23T16:00;balanco;NE;-47.656
2026-02-23T16:00;balanco;S;30.113
2026-02-23T16:00;balanco;SE;-79.56
2026-02-23T16:00;balanco;SIN;-42.117
2026-02-23T17:00;balanco;N;35.798
2026-02-23T17:00;balanco;NE;24.051
2026-02-23T17:00;balanco;S;21.232
2026-02-23T17:00;balanco;SE;-56.677
2026-02-23T17:00;balanco;SIN;24.403
2026-02-23T18:00;balanco;N;14.542
2026-02-23T18:00;balanco;NE;44.094
2026-02-23T18:00;balanco;S;29.523
2026-02-23T18:00;balanco;SE;-20.843
2026-02-23T18:00;balanco;SIN;67.318
2026-02-23T19:00;balanco;N;0.747
2026-02-23T19:00;balanco;NE;21.381
2026-02-23T19:00;balanco;S;18.181
2026-02-23T19:00;balanco;SE;-6.548
2026-02-23T19:00;balanco;SIN;33.756
2026-02-23T20:00;balanco;N;-2.129
2026-02-23T20:00;balanco;NE;-0.655
2026-02-23T20:00;balanco;S;0.769
2026-02-23T20:00;balanco;SE;-3.899
2026-02-23T20:00;balanco;SIN;-5.915
2026-02-23T21:00;balanco;N;-2.07
2026-02-23T21:00;balanco;NE;-8.094
2026-02-23T21:00;balanco;S;-13.849
2026-02-23T21:00;balanco;SE;-3.563
2026-02-23T21:00;balanco;SIN;-27.578
2026-02-23T22:00;balanco;N;-2.116
2026-02-23T22:00;balanco;NE;4.987
2026-02-23T22:00;balanco;S;-35.77
2026-02-23T22:00;balanco;SE;-0.465
2026-02-23T22:00;balanco;SIN;-33.369
2026-02-23T23:00;balanco;N;-2.083
2026-02-23T23:00;balanco;NE;9.836
2026-02-23T23:00;balanco;S;-27.452
2026-02-23T23:00;balanco;SE;-3.217
2026-02-23T23:00;balanco;SIN;-22.913
2026-02-24T00:00;balanco;N;-2.021
2026-02-24T00:00;balanco;NE;-10.098
2026-02-24T00:00;balanco;S;-30.18
2026-02-24T00:00;balanco;SE;-6.385
2026-02-24T00:00;balanco;SIN;-48.683
2026-02-24T01:00;balanco;N;-1.98
2026-02-24T01:00;balanco;NE;-8.258
2026-02-24T01:00;balanco;S;-32.165
2026-02-24T01:00;balanco;SE;-6.345
2026-02-24T01:00;balanco;SIN;-48.749
2026-02-24T02:00;balanco;N;-1.861
2026-02-24T02:00;balanco;NE;-9.558
2026-02-24T02:00;balanco;S;-38.766
2026-02-24T02:00;balanco;SE;-5.277
2026-02-24T02:00;balanco;SIN;-55.463
2026-02-24T03:00;balanco;N;-1.976
2026-02-24T03:00;balanco;NE;-7.182
2026-02-24T03:00;balanco;S;-43.203
2026-02-24T03:00;balanco;SE;-5.218
2026-02-24T03:00;balanco;SIN;-57.576
2026-02-24T04:00;balanco;N;-1.996
2026-02-24T04:00;balanco;NE;-13.681
2026-02-24T04:00;balanco;S;-61.808
2026-02-24T04:00;balanco;SE;-5.192
2026-02-24T04:00;balanco;SIN;-82.68
2026-02-24T05:00;balanco;N;-1.964
2026-02-24T05:00;balanco;NE;-35.015
2026-02-24T05:00;balanco;S;-57.338
2026-02-24T05:00;balanco;SE;-5.029
2026-02-24T05:00;balanco;SIN;-99.346
2026-02-24T06:00;balanco;N;-1.972
2026-02-24T06:00;balanco;NE;-73.667
2026-02-24T06:00;balanco;S;-52.876
2026-02-24T06:00;balanco;SE;-12.997
2026-02-24T06:00;balanco;SIN;-141.515
2026-02-24T07:00;balanco;N;-0.231
2026-02-24T07:00;balanco;NE;-88.253
2026-02-24T07:00;balanco;S;-42.032
2026-02-24T07:00;balanco;SE;-7.241
2026-02-24T07:00;balanco;SIN;-137.753
2026-02-24T08:00;balanco;N;13.484
2026-02-24T08:00;balanco;NE;-97.469
2026-02-24T08:00;balanco;S;-20.024
2026-02-24T08:00;balanco;SE;-29.186
2026-02-24T08:00;balanco;SIN;-133.194
2026-02-24T09:00;balanco;N;29.804
2026-02-24T09:00;balanco;NE;-98.73
2026-02-24T09:00;balanco;S;17.211
2026-02-24T09:00;balanco;SE;-49.638
2026-02-24T09:00;balanco;SIN;-101.353
2026-02-24T10:00;balanco;N;48.366
2026-02-24T10:00;balanco;NE;-35.224
2026-02-24T10:00;balanco;S;37.995
2026-02-24T10:00;balanco;SE;-73.376
2026-02-24T10:00;balanco;SIN;-22.239
2026-02-24T11:00;balanco;N;66.235
2026-02-24T11:00;balanco;NE;-42.654
2026-02-24T11:00;balanco;S;56.378
2026-02-24T11:00;balanco;SE;-104.625
2026-02-24T11:00;balanco;SIN;-24.667
2026-02-24T12:00;balanco;N;76.313
2026-02-24T12:00;balanco;NE;-99.714
2026-02-24T12:00;balanco;S;57.074
2026-02-24T12:00;balanco;SE;-156.215
2026-02-24T12:00;balanco;SIN;-122.547
2026-02-24T13:00;balanco;N;83.184
2026-02-24T13:00;balanco;NE;-97.125
2026-02-24T13:00;balanco;S;57.059
2026-02-24T13:00;balanco;SE;-117.35
2026-02-24T13:00;balanco;SIN;-74.23
2026-02-24T14:00;balanco;N;55.324
2026-02-24T14:00;balanco;NE;-25.781
2026-02-24T14:00;balanco;S;57.8
2026-02-24T14:00;balanco;SE;-98.425
2026-02-24T14:00;balanco;SIN;-11.083
2026-02-24T15:00;balanco;N;45.043
2026-02-24T15:00;balanco;NE;4.268
2026-02-24T15:00;balanco;S;55.295
2026-02-24T15:00;balanco;SE;-105.394
2026-02-24T15:00;balanco;SIN;-0.785
2026-02-24T16:00;balanco;N;54.176
2026-02-24T16:00;balanco;NE;43.161
2026-02-24T16:00;balanco;S;54.871
2026-02-24T16:00;balanco;SE;-391.035
2026-02-24T16:00;balanco;SIN;-238.832
2026-02-24T17:00;balanco;N;36.927
2026-02-24T17:00;balanco;NE;71.889
2026-02-24T17:00;balanco;S;25.043
2026-02-24T17:00;balanco;SE;-123.592
2026-02-24T17:00;balanco;SIN;10.264
2026-02-24T18:00;balanco;N;16.172
2026-02-24T18:00;balanco;NE;71.127
2026-02-24T18:00;balanco;S;-18.769
2026-02-24T18:00;balanco;SE;-29.072
2026-02-24T18:00;balanco;SIN;39.461
2026-02-24T19:00;balanco;N;0.81
2026-02-24T19:00;balanco;NE;-24.103
2026-02-24T19:00;balanco;S;-12.737
2026-02-24T19:00;balanco;SE;-25.197
2026-02-24T19:00;balanco;SIN;-61.231
2026-02-24T20:00;balanco;N;-2.681
2026-02-24T20:00;balanco;NE;-26.449
2026-02-24T20:00;balanco;S;-8.028
2026-02-24T20:00;balanco;SE;-8.131
2026-02-24T20:00;balanco;SIN;-45.291
2026-02-24T21:00;balanco;N;-2.118
2026-02-24T21:00;balanco;NE;-18.378
2026-02-24T21:00;balanco;S;-2.824
2026-02-24T21:00;balanco;SE;-6.95
2026-02-24T21:00;balanco;SIN;-30.275
2026-02-24T22:00;balanco;N;-2.595
2026-02-24T22:00;balanco;NE;-6.692
2026-02-24T22:00;balanco;S;-2.958
2026-02-24T22:00;balanco;SE;-5.495
2026-02-24T22:00;balanco;SIN;-17.739
2026-02-24T23:00;balanco;N;-2.052
2026-02-24T23:00;balanco;NE;-2.667
2026-02-24T23:00;balanco;S;3.889
2026-02-24T23:00;balanco;SE;-4.925
2026-02-24T23:00;balanco;SIN;-5.756
2026-02-25T00:00;balanco;N;-1.987
2026-02-25T00:00;balanco;NE;-1.398
2026-02-25T00:00;balanco;S;2.29
2026-02-25T00:00;balanco;SE;2.285
2026-02-25T00:00;balanco;SIN;1.186
2026-02-25T01:00;balanco;N;-1.965
2026-02-25T01:00;balanco;NE;-5.85
2026-02-25T01:00;balanco;S;-4.139
2026-02-25T01:00;balanco;SE;-0.56
2026-02-25T01:00;balanco;SIN;-12.515
2026-02-25T02:00;balanco;N;-2.054
2026-02-25T02:00;balanco;NE;-16.024
2026-02-25T02:00;balanco;S;-25.413
2026-02-25T02:00;balanco;SE;-1.321
2026-02-25T02:00;balanco;SIN;-44.812
2026-02-25T03:00;balanco;N;-2.069
2026-02-25T03:00;balanco;NE;-28.385
2026-02-25T03:00;balanco;S;-25.123
2026-02-25T03:00;balanco;SE;-1.489
2026-02-25T03:00;balanco;SIN;-57.062
2026-02-25T04:00;balanco;N;-2.059
2026-02-25T04:00;balanco;NE;-21.971
2026-02-25T04:00;balanco;S;-11.516
2026-02-25T04:00;balanco;SE;-1.309
2026-02-25T04:00;balanco;SIN;-36.859
2026-02-25T05:00;balanco;N;-1.971
2026-02-25T05:00;balanco;NE;-17.11
2026-02-25T05:00;balanco;S;-3.469
2026-02-25T05:00;balanco;SE;-1.477
2026-02-25T05:00;balanco;SIN;-24.029
2026-02-25T06:00;balanco;N;-1.962
2026-02-25T06:00;balanco;NE;-40.146
2026-02-25T06:00;balanco;S;-0.599
2026-02-25T06:00;balanco;SE;-7.766
2026-02-25T06:00;balanco;SIN;-50.476
2026-02-25T07:00;balanco;N;-0.277
2026-02-25T07:00;balanco;NE;-75.136
2026-02-25T07:00;balanco;S;-0.926
2026-02-25T07:00;balanco;SE;-7.107
2026-02-25T07:00;balanco;SIN;-83.443
2026-02-25T08:00;balanco;N;10.572
2026-02-25T08:00;balanco;NE;-81.948
2026-02-25T08:00;balanco;S;3.78
2026-02-25T08:00;balanco;SE;-30.83
2026-02-25T08:00;balanco;SIN;-98.431
2026-02-25T09:00;balanco;N;25.164
2026-02-25T09:00;balanco;NE;-92.668
2026-02-25T09:00;balanco;S;1.589
2026-02-25T09:00;balanco;SE;-41.547
2026-02-25T09:00;balanco;SIN;-107.458
2026-02-25T10:00;balanco;N;37.616
2026-02-25T10:00;balanco;NE;-89.855
2026-02-25T10:00;balanco;S;-10.764
2026-02-25T10:00;balanco;SE;-62.735
2026-02-25T10:00;balanco;SIN;-125.743
2026-02-25T11:00;balanco;N;39.586
2026-02-25T11:00;balanco;NE;-195.308
2026-02-25T11:00;balanco;S;-8.662
2026-02-25T11:00;balanco;SE;-72.933
2026-02-25T11:00;balanco;SIN;-237.322
2026-02-25T12:00;balanco;N;61.464
2026-02-25T12:00;balanco;NE;-90.641
2026-02-25T12:00;balanco;S;-1.963
2026-02-25T12:00;balanco;SE;-82.545
2026-02-25T12:00;balanco;SIN;-113.684
2026-02-25T13:00;balanco;N;86.089
2026-02-25T13:00;balanco;NE;-100.852
2026-02-25T13:00;balanco;S;-1.105
2026-02-25T13:00;balanco;SE;-114.202
2026-02-25T13:00;balanco;SIN;-130.075
2026-02-25T14:00;balanco;N;74.659
2026-02-25T14:00;balanco;NE;-87.846
2026-02-25T14:00;balanco;S;-2.756
2026-02-25T14:00;balanco;SE;-95.451
2026-02-25T14:00;balanco;SIN;-111.393
2026-02-25T15:00;balanco;N;47.61
2026-02-25T15:00;balanco;NE;-55.85
2026-02-25T15:00;balanco;S;-2.623
2026-02-25T15:00;balanco;SE;-80.705
2026-02-25T15:00;balanco;SIN;-91.567
2026-02-25T16:00;balanco;N;53.293
2026-02-25T16:00;balanco;NE;-21.892
2026-02-25T16:00;balanco;S;-6.029
2026-02-25T16:00;balanco;SE;-102.62
2026-02-25T16:00;balanco;SIN;-77.245
2026-02-25T17:00;balanco;N;33.902
2026-02-25T17:00;balanco;NE;-18.236
2026-02-25T17:00;balanco;S;-21.291
2026-02-25T17:00;balanco;SE;-76.083
2026-02-25T17:00;balanco;SIN;-81.712
2026-02-25T18:00;balanco;N;12.329
2026-02-25T18:00;balanco;NE;-21.773
2026-02-25T18:00;balanco;S;-12.166
2026-02-25T18:00;balanco;SE;-23.216
2026-02-25T18:00;balanco;SIN;-44.828
2026-02-25T19:00;balanco;N;0.679
2026-02-25T19:00;balanco;NE;-21.791
2026-02-25T19:00;balanco;S;-7.859
2026-02-25T19:00;balanco;SE;-8.178
2026-02-25T19:00;balanco;SIN;-37.145
2026-02-25T20:00;balanco;N;-4.058
2026-02-25T20:00;balanco;NE;-17.718
2026-02-25T20:00;balanco;S;-6.817
2026-02-25T20:00;balanco;SE;-5.258
2026-02-25T20:00;balanco;SIN;-33.854
2026-02-25T21:00;balanco;N;-2.404
2026-02-25T21:00;balanco;NE;-11.596
2026-02-25T21:00;balanco;S;-5.921
2026-02-25T21:00;balanco;SE;-3.939
2026-02-25T21:00;balanco;SIN;-23.865
2026-02-25T22:00;balanco;N;-2.281
2026-02-25T22:00;balanco;NE;-18.849
2026-02-25T22:00;balanco;S;-4.516
2026-02-25T22:00;balanco;SE;-0.672
2026-02-25T22:00;balanco;SIN;-26.32
2026-02-25T23:00;balanco;N;-1.792
2026-02-25T23:00;balanco;NE;-17.099
2026-02-25T23:00;balanco;S;-3.591
2026-02-25T23:00;balanco;SE;1.256
2026-02-25T23:00;balanco;SIN;-21.224
2026-02-26T00:00;balanco;N;-1.91
2026-02-26T00:00;balanco;NE;-21.073
2026-02-26T00:00;balanco;S;-0.775
2026-02-26T00:00;balanco;SE;-5.668
2026-02-26T00:00;balanco;SIN;-29.425
2026-02-26T01:00;balanco;N;-2.042
2026-02-26T01:00;balanco;NE;-21.995
2026-02-26T01:00;balanco;S;-1.398
2026-02-26T01:00;balanco;SE;-6.617
2026-02-26T01:00;balanco;SIN;-32.057
2026-02-26T02:00;balanco;N;-1.793
2026-02-26T02:00;balanco;NE;-26.551
2026-02-26T02:00;balanco;S;-0.872
2026-02-26T02:00;balanco;SE;-6.154
2026-02-26T02:00;balanco;SIN;-35.371
2026-02-26T03:00;balanco;N;-1.809
2026-02-26T03:00;balanco;NE;-24.591
2026-02-26T03:00;balanco;S;-1.972
2026-02-26T03:00;balanco;SE;-5.759
2026-02-26T03:00;balanco;SIN;-34.136
2026-02-26T04:00;balanco;N;-1.761
2026-02-26T04:00;balanco;NE;-27.464
2026-02-26T04:00;balanco;S;-2.619
2026-02-26T04:00;balanco;SE;-5.824
2026-02-26T04:00;balanco;SIN;-37.667
2026-02-26T05:00;balanco;N;-2.066
2026-02-26T05:00;balanco;NE;-22.875
2026-02-26T05:00;balanco;S;-1.115
2026-02-26T05:00;balanco;SE;-5.885
2026-02-26T05:00;balanco;SIN;-31.942
2026-02-26T06:00;balanco;N;-1.769
2026-02-26T06:00;balanco;NE;-30.953
2026-02-26T06:00;balanco;S;-1.42
2026-02-26T06:00;balanco;SE;-14.135
2026-02-26T06:00;balanco;SIN;-48.277
2026-02-26T07:00;balanco;N;-0.189
2026-02-26T07:00;balanco;NE;-44.517
2026-02-26T07:00;balanco;S;-0.678
2026-02-26T07:00;balanco;SE;240.491
2026-02-26T07:00;balanco;SIN;195.109
2026-02-26T08:00;balanco;N;9.0
2026-02-26T08:00;balanco;NE;-41.751
2026-02-26T08:00;balanco;SE;636.431
2026-02-26T08:00;balanco;SIN;603.743
2026-02-26T09:00;balanco;N;25.682
2026-02-26T09:00;balanco;NE;-66.875
2026-02-26T09:00;balanco;S;1.144
2026-02-26T09:00;balanco;SE;623.65
2026-02-26T09:00;balanco;SIN;583.599
2026-02-26T10:00;balanco;N;46.009
2026-02-26T10:00;balanco;NE;-75.069
2026-02-26T10:00;balanco;S;1.722
2026-02-26T10:00;balanco;SE;347.184
2026-02-26T10:00;balanco;SIN;319.845
2026-02-26T11:00;balanco;N;56.326
2026-02-26T11:00;balanco;NE;-73.735
2026-02-26T11:00;balanco;S;0.852
2026-02-26T11:00;balanco;SE;-84.097
2026-02-26T11:00;balanco;SIN;-100.651
2026-02-26T12:00;balanco;N;65.257
2026-02-26T12:00;balanco;NE;-75.707
2026-02-26T12:00;balanco;S;0.713
2026-02-26T12:00;balanco;SE;-82.463
2026-02-26T12:00;balanco;SIN;-92.2
2026-02-26T13:00;balanco;N;73.958
2026-02-26T13:00;balanco;NE;-79.136
2026-02-26T13:00;balanco;S;1.119
2026-02-26T13:00;balanco;SE;-115.3
2026-02-26T13:00;balanco;SIN;-119.363
2026-02-26T14:00;balanco;N;77.231
2026-02-26T14:00;balanco;NE;-53.64
2026-02-26T14:00;balanco;SE;-107.842
2026-02-26T14:00;balanco;SIN;-84.243
2026-02-26T15:00;balanco;N;70.626
2026-02-26T15:00;balanco;NE;-23.319
2026-02-26T15:00;balanco;S;0.608
2026-02-26T15:00;balanco;SE;-112.136
2026-02-26T15:00;balanco;SIN;-64.221
2026-02-26T16:00;balanco;N;46.984
2026-02-26T16:00;balanco;NE;-14.948
2026-02-26T16:00;balanco;S;-0.21
2026-02-26T16:00;balanco;SE;-108.953
2026-02-26T16:00;balanco;SIN;-77.126
2026-02-26T17:00;balanco;N;23.291
2026-02-26T17:00;balanco;NE;-11.214
2026-02-26T17:00;balanco;S;-2.355
2026-02-26T17:00;balanco;SE;-74.514
2026-02-26T17:00;balanco;SIN;-64.797
2026-02-26T18:00;balanco;N;2.891
2026-02-26T18:00;balanco;NE;-4.489
2026-02-26T18:00;balanco;S;-0.231
2026-02-26T18:00;balanco;SE;-23.94
2026-02-26T18:00;balanco;SIN;-25.765
2026-02-26T19:00;balanco;N;-6.39
2026-02-26T19:00;balanco;NE;-55.13
2026-02-26T19:00;balanco;S;0.511
2026-02-26T19:00;balanco;SE;-12.957
2026-02-26T19:00;balanco;SIN;-73.967
2026-02-26T20:00;balanco;N;-9.336
2026-02-26T20:00;balanco;NE;-23.616
2026-02-26T20:00;balanco;S;-1.89
2026-02-26T20:00;balanco;SE;-13.651
2026-02-26T20:00;balanco;SIN;-48.496
2026-02-26T21:00;balanco;N;-8.952
2026-02-26T21:00;balanco;NE;-24.408
2026-02-26T21:00;balanco;S;-2.193
2026-02-26T21:00;balanco;SE;-14.515
2026-02-26T21:00;balanco;SIN;-50.066
2026-02-26T22:00;balanco;N;-9.171
2026-02-26T22:00;balanco;NE;-29.953
2026-02-26T22:00;balanco;S;-1.33
2026-02-26T22:00;balanco;SE;-11.243
2026-02-26T22:00;balanco;SIN;-51.696
2026-02-26T23:00;balanco;N;-5.549
2026-02-26T23:00;balanco;NE;-25.489
2026-02-26T23:00;balanco;SE;-6.518
2026-02-26T23:00;balanco;SIN;-37.541
2026-02-27T00:00;balanco;N;-2.985
2026-02-27T00:00;balanco;NE;-1.116
2026-02-27T00:00;balanco;SE;27.685
2026-02-27T00:00;balanco;SIN;23.529
2026-02-27T01:00;balanco;N;-3.136
2026-02-27T01:00;balanco;NE;0.278
2026-02-27T01:00;balanco;S;-0.607
2026-02-27T01:00;balanco;SE;33.759
2026-02-27T01:00;balanco;SIN;30.291
2026-02-27T02:00;balanco;N;-2.916
2026-02-27T02:00;balanco;NE;1.297
2026-02-27T02:00;balanco;S;-0.636
2026-02-27T02:00;balanco;SE;32.409
2026-02-27T02:00;balanco;SIN;30.152
2026-02-27T03:00;balanco;N;-2.605
2026-02-27T03:00;balanco;NE;0.526
2026-02-27T03:00;balanco;SE;7.223
2026-02-27T03:00;balanco;SIN;5.05
2026-02-27T04:00;balanco;N;-2.825
2026-02-27T04:00;balanco;NE;1.264
2026-02-27T04:00;balanco;S;0.689
2026-02-27T04:00;balanco;SE;27.032
2026-02-27T04:00;balanco;SIN;26.156
2026-02-27T05:00;balanco;N;-2.656
2026-02-27T05:00;balanco;NE;-2.175
2026-02-27T05:00;balanco;S;1.27
2026-02-27T05:00;balanco;SE;19.551
2026-02-27T05:00;balanco;SIN;15.994
2026-02-27T06:00;balanco;N;-2.548
2026-02-27T06:00;balanco;NE;-32.395
2026-02-27T06:00;balanco;S;0.841
2026-02-27T06:00;balanco;SE;-16.546
2026-02-27T06:00;balanco;SIN;-50.65
2026-02-27T07:00;balanco;N;-0.797
2026-02-27T07:00;balanco;NE;-65.45
2026-02-27T07:00;balanco;S;1.403
2026-02-27T07:00;balanco;SE;-64.511
2026-02-27T07:00;balanco;SIN;-129.355
2026-02-27T08:00;balanco;N;11.784
2026-02-27T08:00;balanco;NE;-102.152
2026-02-27T08:00;balanco;S;1.429
2026-02-27T08:00;balanco;SE;-127.017
2026-02-27T08:00;balanco;SIN;-215.952
2026-02-27T09:00;balanco;N;34.419
2026-02-27T09:00;balanco;NE;-105.704
2026-02-27T09:00;balanco;S;1.507
2026-02-27T09:00;balanco;SE;-184.799
2026-02-27T09:00;balanco;SIN;-254.577
2026-02-27T10:00;balanco;N;54.768
2026-02-27T10:00;balanco;NE;-72.144
2026-02-27T10:00;balanco;S;1.293
2026-02-27T10:00;balanco;SE;-184.481
2026-02-27T10:00;balanco;SIN;-200.56
2026-02-27T11:00;balanco;N;70.165
2026-02-27T11:00;balanco;NE;-56.737
2026-02-27T11:00;balanco;S;0.608
2026-02-27T11:00;balanco;SE;-25.356
2026-02-27T11:00;balanco;SIN;-11.318
2026-02-27T12:00;balanco;N;81.776
2026-02-27T12:00;balanco;NE;-69.674
2026-02-27T12:00;balanco;S;-0.721
2026-02-27T12:00;balanco;SE;-70.915
2026-02-27T12:00;balanco;SIN;-59.534
2026-02-27T13:00;balanco;N;79.639
2026-02-27T13:00;balanco;NE;-146.024
2026-02-27T13:00;balanco;SE;-88.661
2026-02-27T13:00;balanco;SIN;-155.139
2026-02-27T14:00;balanco;N;89.959
2026-02-27T14:00;balanco;NE;-91.848
2026-02-27T14:00;balanco;S;-0.362
2026-02-27T14:00;balanco;SE;-186.567
2026-02-27T14:00;balanco;SIN;-188.814
2026-02-27T15:00;balanco;N;83.431
2026-02-27T15:00;balanco;NE;-100.874
2026-02-27T15:00;balanco;S;-0.142
2026-02-27T15:00;balanco;SE;-97.17
2026-02-27T15:00;balanco;SIN;-114.758
2026-02-27T16:00;balanco;N;68.053
2026-02-27T16:00;balanco;NE;-46.616
2026-02-27T16:00;balanco;S;-0.96
2026-02-27T16:00;balanco;SE;-55.727
2026-02-27T16:00;balanco;SIN;-35.249
2026-02-27T17:00;balanco;N;29.576
2026-02-27T17:00;balanco;NE;-4.746
2026-02-27T17:00;balanco;S;-1.584
2026-02-27T17:00;balanco;SE;-72.632
2026-02-27T17:00;balanco;SIN;-49.384
2026-02-27T18:00;balanco;N;-3.861
2026-02-27T18:00;balanco;NE;3.711
2026-02-27T18:00;balanco;S;-1.381
2026-02-27T18:00;balanco;SE;-67.482
2026-02-27T18:00;balanco;SIN;-69.018
2026-02-27T19:00;balanco;N;-30.347
2026-02-27T19:00;balanco;NE;-1.966
2026-02-27T19:00;balanco;S;-1.175
2026-02-27T19:00;balanco;SE;-27.645
2026-02-27T19:00;balanco;SIN;-61.134
2026-02-27T20:00;balanco;N;-34.055
2026-02-27T20:00;balanco;S;-1.78
2026-02-27T20:00;balanco;SE;-5.576
2026-02-27T20:00;balanco;SIN;-41.38
2026-02-27T21:00;balanco;N;-1.65
2026-02-27T21:00;balanco;NE;3.397
2026-02-27T21:00;balanco;S;-1.889
2026-02-27T21:00;balanco;SE;3.631
2026-02-27T21:00;balanco;SIN;3.485
2026-02-27T22:00;balanco;N;-1.563
2026-02-27T22:00;balanco;S;-1.547
2026-02-27T22:00;balanco;SE;-1.223
2026-02-27T22:00;balanco;SIN;-4.363
2026-02-27T23:00;balanco;N;-1.593
2026-02-27T23:00;balanco;NE;-0.452
2026-02-27T23:00;balanco;S;-1.872
2026-02-27T23:00;balanco;SE;8.323
2026-02-27T23:00;balanco;SIN;4.41
2026-02-28T00:00;balanco;N;-1.653
2026-02-28T00:00;balanco;NE;1.481
2026-02-28T00:00;balanco;S;-1.199
2026-02-28T00:00;balanco;SE;0.427
2026-02-28T00:00;balanco;SIN;-0.947
2026-02-28T01:00;balanco;N;-1.6
2026-02-28T01:00;balanco;NE;0.566
2026-02-28T01:00;balanco;S;-0.851
2026-02-28T01:00;balanco;SE;5.238
2026-02-28T01:00;balanco;SIN;3.356
2026-02-28T02:00;balanco;N;-1.746
2026-02-28T02:00;balanco;NE;1.966
2026-02-28T02:00;balanco;S;-1.313
2026-02-28T02:00;balanco;SE;-0.626
2026-02-28T02:00;balanco;SIN;-1.724
2026-02-28T03:00;balanco;N;-1.551
2026-02-28T03:00;balanco;NE;0.563
2026-02-28T03:00;balanco;S;-1.99
2026-02-28T03:00;balanco;SE;5.557
2026-02-28T03:00;balanco;SIN;2.581
2026-02-28T04:00;balanco;N;-1.54
2026-02-28T04:00;balanco;NE;-3.743
2026-02-28T04:00;balanco;S;-0.62
2026-02-28T04:00;balanco;SE;3.941
2026-02-28T04:00;balanco;SIN;-1.966
2026-02-28T05:00;balanco;N;-1.67
2026-02-28T05:00;balanco;NE;-4.938
2026-02-28T05:00;balanco;S;-0.726
2026-02-28T05:00;balanco;SE;1.001
2026-02-28T05:00;balanco;SIN;-6.335
2026-02-28T06:00;balanco;N;-1.522
2026-02-28T06:00;balanco;NE;-20.716
2026-02-28T06:00;balanco;S;-0.706
2026-02-28T06:00;balanco;SE;125.77
2026-02-28T06:00;balanco;SIN;102.823
2026-02-28T07:00;balanco;N;1.0
2026-02-28T07:00;balanco;NE;-205.659
2026-02-28T07:00;balanco;SE;159.205
2026-02-28T07:00;balanco;SIN;-45.448
2026-02-28T08:00;balanco;N;20.331
2026-02-28T08:00;balanco;NE;-170.495
2026-02-28T08:00;balanco;S;1.04
2026-02-28T08:00;balanco;SE;139.859
2026-02-28T08:00;balanco;SIN;-9.265
2026-02-28T09:00;balanco;N;43.047
2026-02-28T09:00;balanco;NE;-81.936
2026-02-28T09:00;balanco;S;1.232
2026-02-28T09:00;balanco;SE;92.857
2026-02-28T09:00;balanco;SIN;55.198
2026-02-28T10:00;balanco;N;61.681
2026-02-28T10:00;balanco;NE;-34.13
2026-02-28T10:00;balanco;S;0.835
2026-02-28T10:00;balanco;SE;119.216
2026-02-28T10:00;balanco;SIN;147.598
2026-02-28T11:00;balanco;N;82.718
2026-02-28T11:00;balanco;NE;-72.254
2026-02-28T11:00;balanco;S;0.915
2026-02-28T11:00;balanco;SE;-79.271
2026-02-28T11:00;balanco;SIN;-67.895
2026-02-28T12:00;balanco;N;86.542
2026-02-28T12:00;balanco;NE;-105.33
2026-02-28T12:00;balanco;S;0.424
2026-02-28T12:00;balanco;SE;-81.529
2026-02-28T12:00;balanco;SIN;-99.898
2026-02-28T13:00;balanco;N;70.897
2026-02-28T13:00;balanco;NE;-272.951
2026-02-28T13:00;balanco;S;1.136
2026-02-28T13:00;balanco;SE;-155.114
2026-02-28T13:00;balanco;SIN;-356.031
2026-02-28T14:00;balanco;N;56.116
2026-02-28T14:00;balanco;NE;-485.993
2026-02-28T14:00;balanco;S;-0.807
2026-02-28T14:00;balanco;SE;-140.497
2026-02-28T14:00;balanco;SIN;-571.186
2026-02-28T15:00;balanco;N;50.348
2026-02-28T15:00;balanco;NE;-399.011
2026-02-28T15:00;balanco;S;-1.221
2026-02-28T15:00;balanco;SE;-124.49
2026-02-28T15:00;balanco;SIN;-474.372
2026-02-28T16:00;balanco;N;52.915
2026-02-28T16:00;balanco;NE;-507.798
2026-02-28T16:00;balanco;S;-1.471
2026-02-28T16:00;balanco;SE;-231.887
2026-02-28T16:00;balanco;SIN;-688.243
2026-02-28T17:00;balanco;N;37.54
2026-02-28T17:00;balanco;NE;-329.798
2026-02-28T17:00;balanco;S;-0.945
2026-02-28T17:00;balanco;SE;-119.821
2026-02-28T17:00;balanco;SIN;-413.023
2026-02-28T18:00;balanco;N;16.299
2026-02-28T18:00;balanco;NE;-5.838
2026-02-28T18:00;balanco;S;-0.751
2026-02-28T18:00;balanco;SE;-17.621
2026-02-28T18:00;balanco;SIN;-7.916
2026-02-28T19:00;balanco;N;1.006
2026-02-28T19:00;balanco;NE;-7.247
2026-02-28T19:00;balanco;S;-1.73
2026-02-28T19:00;balanco;SE;-1.338
2026-02-28T19:00;balanco;SIN;-9.307
2026-02-28T20:00;balanco;N;-3.099
2026-02-28T20:00;balanco;NE;-12.62
2026-02-28T20:00;balanco;S;-2.753
2026-02-28T20:00;balanco;SE;3.204
2026-02-28T20:00;balanco;SIN;-15.271
2026-02-28T21:00;balanco;N;-3.759
2026-02-28T21:00;balanco;NE;-9.121
2026-02-28T21:00;balanco;S;-3.43
2026-02-28T21:00;balanco;SE;0.538
2026-02-28T21:00;balanco;SIN;-15.776
2026-02-28T22:00;balanco;N;-1.591
2026-02-28T22:00;balanco;NE;-6.584
2026-02-28T22:00;balanco;S;-3.522
2026-02-28T22:00;balanco;SE;-10.364
2026-02-28T22:00;balanco;SIN;-22.058
2026-02-28T23:00;balanco;N;-1.929
2026-02-28T23:00;balanco;NE;-6.484
2026-02-28T23:00;balanco;S;-3.123
2026-02-28T23:00;balanco;SE;-31.557
2026-02-28T23:00;balanco;SIN;-43.094
2026-03-01T00:00;balanco;N;-1.824
2026-03-01T00:00;balanco;NE;-16.945
2026-03-01T00:00;balanco;S;-2.772
2026-03-01T00:00;balanco;SE;-94.655
2026-03-01T00:00;balanco;SIN;-116.201
2026-03-01T01:00;balanco;N;-1.76
2026-03-01T01:00;balanco;NE;-16.914
2026-03-01T01:00;balanco;S;-0.953
2026-03-01T01:00;balanco;SE;-94.011
2026-03-01T01:00;balanco;SIN;-113.643
2026-03-01T02:00;balanco;N;-1.59
2026-03-01T02:00;balanco;NE;-17.627
2026-03-01T02:00;balanco;S;-0.571
2026-03-01T02:00;balanco;SE;-20.831
2026-03-01T02:00;balanco;SIN;-40.622
2026-03-01T03:00;balanco;N;-1.52
2026-03-01T03:00;balanco;NE;-13.277
2026-03-01T03:00;balanco;S;-1.332
2026-03-01T03:00;balanco;SE;-15.443
2026-03-01T03:00;balanco;SIN;-31.57
2026-03-01T04:00;balanco;N;-1.504
2026-03-01T04:00;balanco;NE;-16.994
2026-03-01T04:00;balanco;S;-2.481
2026-03-01T04:00;balanco;SE;-11.28
2026-03-01T04:00;balanco;SIN;-32.263
2026-03-01T05:00;balanco;N;-1.523
2026-03-01T05:00;balanco;NE;-12.88
2026-03-01T05:00;balanco;S;-1.387
2026-03-01T05:00;balanco;SE;58.589
2026-03-01T05:00;balanco;SIN;42.802
2026-03-01T06:00;balanco;N;-1.133
2026-03-01T06:00;balanco;NE;-49.166
2026-03-01T06:00;balanco;S;-0.905
2026-03-01T06:00;balanco;SE;-4.811
2026-03-01T06:00;balanco;SIN;-56.02
2026-03-01T07:00;balanco;N;0.582
2026-03-01T07:00;balanco;NE;-47.24
2026-03-01T07:00;balanco;S;-0.786
2026-03-01T07:00;balanco;SE;-13.508
2026-03-01T07:00;balanco;SIN;-60.95
2026-03-01T08:00;balanco;N;17.362
2026-03-01T08:00;balanco;NE;-41.915
2026-03-01T08:00;balanco;S;-1.054
2026-03-01T08:00;balanco;SE;-34.347
2026-03-01T08:00;balanco;SIN;-59.959
2026-03-01T09:00;balanco;N;41.984
2026-03-01T09:00;balanco;NE;-8.832
2026-03-01T09:00;balanco;S;-1.245
2026-03-01T09:00;balanco;SE;-62.77
2026-03-01T09:00;balanco;SIN;-30.865
2026-03-01T10:00;balanco;N;65.173
2026-03-01T10:00;balanco;NE;-10.013
2026-03-01T10:00;balanco;S;-1.205
2026-03-01T10:00;balanco;SE;-81.597
2026-03-01T10:00;balanco;SIN;-27.64
2026-03-01T11:00;balanco;N;80.96
2026-03-01T11:00;balanco;NE;-13.122
2026-03-01T11:00;balanco;S;-2.429
2026-03-01T11:00;balanco;SE;-95.773
2026-03-01T11:00;balanco;SIN;-30.362
2026-03-01T12:00;balanco;N;89.78
2026-03-01T12:00;balanco;NE;-38.02
2026-03-01T12:00;balanco;S;-0.187
2026-03-01T12:00;balanco;SE;-105.676
2026-03-01T12:00;balanco;SIN;-54.108
2026-03-01T13:00;balanco;N;88.073
2026-03-01T13:00;balanco;NE;-30.98
2026-03-01T13:00;balanco;S;-1.719
2026-03-01T13:00;balanco;SE;-107.925
2026-03-01T13:00;balanco;SIN;-52.549
2026-03-01T14:00;balanco;N;72.229
2026-03-01T14:00;balanco;NE;-60.186
2026-03-01T14:00;balanco;S;-2.989
2026-03-01T14:00;balanco;SE;-174.72
2026-03-01T14:00;balanco;SIN;-165.663
2026-03-01T15:00;balanco;N;52.654
2026-03-01T15:00;balanco;NE;-91.202
2026-03-01T15:00;balanco;S;-0.563
2026-03-01T15:00;balanco;SE;-113.305
2026-03-01T15:00;balanco;SIN;-152.419
2026-03-01T16:00;balanco;N;42.64
2026-03-01T16:00;balanco;NE;-100.592
2026-03-01T16:00;balanco;S;-0.946
2026-03-01T16:00;balanco;SE;-85.169
2026-03-01T16:00;balanco;SIN;-144.067
2026-03-01T17:00;balanco;N;18.303
2026-03-01T17:00;balanco;NE;-46.483
2026-03-01T17:00;balanco;S;-0.806
2026-03-01T17:00;balanco;SE;-84.06
2026-03-01T17:00;balanco;SIN;-113.051
2026-03-01T18:00;balanco;N;8.491
2026-03-01T18:00;balanco;NE;-8.961
2026-03-01T18:00;balanco;S;-1.467
2026-03-01T18:00;balanco;SE;-41.519
2026-03-01T18:00;balanco;SIN;-43.455
2026-03-01T19:00;balanco;N;-1.191
2026-03-01T19:00;balanco;NE;-4.853
2026-03-01T19:00;balanco;S;-2.016
2026-03-01T19:00;balanco;SE;-23.898
2026-03-01T19:00;balanco;SIN;-31.962
2026-03-01T20:00;balanco;N;-2.268
2026-03-01T20:00;balanco;NE;-1.267
2026-03-01T20:00;balanco;S;-1.841
2026-03-01T20:00;balanco;SE;-26.198
2026-03-01T20:00;balanco;SIN;-31.575
2026-03-01T21:00;balanco;N;-2.213
2026-03-01T21:00;balanco;NE;-12.524
2026-03-01T21:00;balanco;S;-3.149
2026-03-01T21:00;balanco;SE;-28.099
2026-03-01T21:00;balanco;SIN;-45.982
2026-03-01T22:00;balanco;N;-2.039
2026-03-01T22:00;balanco;NE;-16.248
2026-03-01T22:00;balanco;S;-3.779
2026-03-01T22:00;balanco;SE;-30.55
2026-03-01T22:00;balanco;SIN;-52.615
2026-03-01T23:00;balanco;N;-2.127
2026-03-01T23:00;balanco;NE;-13.23
2026-03-01T23:00;balanco;S;-3.851
2026-03-01T23:00;balanco;SE;-33.277
2026-03-01T23:00;balanco;SIN;-52.489
2026-03-02T00:00;balanco;N;-1.611
2026-03-02T00:00;balanco;NE;-14.454
2026-03-02T00:00;balanco;S;-3.561
2026-03-02T00:00;balanco;SE;-33.069
2026-03-02T00:00;balanco;SIN;-52.697
2026-03-02T01:00;balanco;N;-1.787
2026-03-02T01:00;balanco;NE;-26.512
2026-03-02T01:00;balanco;S;-3.132
2026-03-02T01:00;balanco;SE;-33.84
2026-03-02T01:00;balanco;SIN;-65.273
2026-03-02T02:00;balanco;N;-3.527
2026-03-02T02:00;balanco;NE;-22.849
2026-03-02T02:00;balanco;S;-3.34
2026-03-02T02:00;balanco;SE;-31.682
2026-03-02T02:00;balanco;SIN;-61.401
2026-03-02T03:00;balanco;N;-3.415
2026-03-02T03:00;balanco;NE;-21.903
2026-03-02T03:00;balanco;S;-2.653
2026-03-02T03:00;balanco;SE;-29.055
2026-03-02T03:00;balanco;SIN;-57.03
2026-03-02T04:00;balanco;N;-1.705
2026-03-02T04:00;balanco;NE;-14.393
2026-03-02T04:00;balanco;S;-2.235
2026-03-02T04:00;balanco;SE;-28.844
2026-03-02T04:00;balanco;SIN;-47.176
2026-03-02T05:00;balanco;N;-1.779
2026-03-02T05:00;balanco;NE;-12.765
2026-03-02T05:00;balanco;S;-2.851
2026-03-02T05:00;balanco;SE;-28.245
2026-03-02T05:00;balanco;SIN;-45.644
2026-03-02T06:00;balanco;N;-1.727
2026-03-02T06:00;balanco;NE;-76.333
2026-03-02T06:00;balanco;S;-3.315
2026-03-02T06:00;balanco;SE;-1.188
2026-03-02T06:00;balanco;SIN;-82.565
2026-03-02T07:00;balanco;NE;-71.948
2026-03-02T07:00;balanco;S;-1.73
2026-03-02T07:00;balanco;SE;14.16
2026-03-02T07:00;balanco;SIN;-59.491
2026-03-02T08:00;balanco;N;11.309
2026-03-02T08:00;balanco;NE;-116.755
2026-03-02T08:00;balanco;S;-1.26
2026-03-02T08:00;balanco;SE;19.508
2026-03-02T08:00;balanco;SIN;-87.196
2026-03-02T09:00;balanco;N;26.612
2026-03-02T09:00;balanco;NE;-98.116
2026-03-02T09:00;balanco;S;-2.035
2026-03-02T09:00;balanco;SE;-29.726
2026-03-02T09:00;balanco;SIN;-103.265
2026-03-02T10:00;balanco;N;46.406
2026-03-02T10:00;balanco;NE;-98.924
2026-03-02T10:00;balanco;S;-3.115
2026-03-02T10:00;balanco;SE;-9.13
2026-03-02T10:00;balanco;SIN;-64.767
2026-03-02T11:00;balanco;N;70.433
2026-03-02T11:00;balanco;NE;-50.786
2026-03-02T11:00;balanco;S;-4.312
2026-03-02T11:00;balanco;SE;-47.842
2026-03-02T11:00;balanco;SIN;-32.504
2026-03-02T12:00;balanco;N;92.223
2026-03-02T12:00;balanco;NE;-38.614
2026-03-02T12:00;balanco;S;-3.97
2026-03-02T12:00;balanco;SE;-71.179
2026-03-02T12:00;balanco;SIN;-21.54
2026-03-02T13:00;balanco;N;97.336
2026-03-02T13:00;balanco;NE;-41.447
2026-03-02T13:00;balanco;S;-4.045
2026-03-02T13:00;balanco;SE;-78.805
2026-03-02T13:00;balanco;SIN;-26.96
2026-03-02T14:00;balanco;N;86.283
2026-03-02T14:00;balanco;NE;-38.665
2026-03-02T14:00;balanco;S;-4.307
2026-03-02T14:00;balanco;SE;-100.129
2026-03-02T14:00;balanco;SIN;-56.818
2026-03-02T15:00;balanco;N;50.307
2026-03-02T15:00;balanco;NE;-53.086
2026-03-02T15:00;balanco;S;-4.363
2026-03-02T15:00;balanco;SE;-75.237
2026-03-02T15:00;balanco;SIN;-82.377
2026-03-02T16:00;balanco;N;41.414
2026-03-02T16:00;balanco;NE;-65.518
2026-03-02T16:00;balanco;S;-4.233
2026-03-02T16:00;balanco;SE;-99.966
2026-03-02T16:00;balanco;SIN;-128.304
2026-03-02T17:00;balanco;N;32.608
2026-03-02T17:00;balanco;NE;-34.693
2026-03-02T17:00;balanco;S;-4.316
2026-03-02T17:00;balanco;SE;-111.236
2026-03-02T17:00;balanco;SIN;-117.639
2026-03-02T18:00;balanco;N;9.256
2026-03-02T18:00;balanco;NE;-14.321
2026-03-02T18:00;balanco;S;-4.236
2026-03-02T18:00;balanco;SE;-35.723
2026-03-02T18:00;balanco;SIN;-45.027
2026-03-02T19:00;balanco;N;0.515
2026-03-02T19:00;balanco;NE;-4.576
2026-03-02T19:00;balanco;S;-4.025
2026-03-02T19:00;balanco;SE;-28.317
2026-03-02T19:00;balanco;SIN;-36.403
2026-03-02T20:00;balanco;N;-1.565
2026-03-02T20:00;balanco;NE;-9.463
2026-03-02T20:00;balanco;S;-4.126
2026-03-02T20:00;balanco;SE;-12.415
2026-03-02T20:00;balanco;SIN;-27.57
2026-03-02T21:00;balanco;N;-1.573
2026-03-02T21:00;balanco;NE;-12.98
2026-03-02T21:00;balanco;S;-4.179
2026-03-02T21:00;balanco;SE;-11.093
2026-03-02T21:00;balanco;SIN;-29.824
2026-03-02T22:00;balanco;N;-1.496
2026-03-02T22:00;balanco;NE;-17.074
2026-03-02T22:00;balanco;S;-4.701
2026-03-02T22:00;balanco;SE;-9.354
2026-03-02T22:00;balanco;SIN;-32.626
2026-03-02T23:00;balanco;N;-1.78
2026-03-02T23:00;balanco;NE;-11.585
2026-03-02T23:00;balanco;S;-4.5
2026-03-02T23:00;balanco;SE;-9.361
2026-03-02T23:00;balanco;SIN;-27.229
2026-03-03T00:00;balanco;N;-1.6
2026-03-03T00:00;balanco;NE;-10.033
2026-03-03T00:00;balanco;S;-4.694
2026-03-03T00:00;balanco;SE;6.62
2026-03-03T00:00;balanco;SIN;-9.706
2026-03-03T01:00;balanco;N;-1.936
2026-03-03T01:00;balanco;NE;-16.142
2026-03-03T01:00;balanco;S;-5.044
2026-03-03T01:00;balanco;SE;2.716
2026-03-03T01:00;balanco;SIN;-20.404
2026-03-03T02:00;balanco;N;-1.694
2026-03-03T02:00;balanco;NE;-8.182
2026-03-03T02:00;balanco;S;-4.992
2026-03-03T02:00;balanco;SE;-2.811
2026-03-03T02:00;balanco;SIN;-17.675
2026-03-03T03:00;balanco;N;-1.786
2026-03-03T03:00;balanco;NE;-17.804
2026-03-03T03:00;balanco;S;-4.641
2026-03-03T03:00;balanco;SE;-2.161
2026-03-03T03:00;balanco;SIN;-26.395
2026-03-03T04:00;balanco;N;-1.674
2026-03-03T04:00;balanco;NE;-18.075
2026-03-03T04:00;balanco;S;-4.365
2026-03-03T04:00;balanco;SE;-1.396
2026-03-03T04:00;balanco;SIN;-25.512
2026-03-03T05:00;balanco;N;-1.749
2026-03-03T05:00;balanco;NE;-22.527
2026-03-03T05:00;balanco;S;-4.522
2026-03-03T05:00;balanco;SE;-3.15
2026-03-03T05:00;balanco;SIN;-31.952
2026-03-03T06:00;balanco;N;-1.71
2026-03-03T06:00;balanco;NE;-54.115
2026-03-03T06:00;balanco;S;-4.291
2026-03-03T06:00;balanco;SE;0.716
2026-03-03T06:00;balanco;SIN;-59.399
2026-03-03T07:00;balanco;N;0.409
2026-03-03T07:00;balanco;NE;-198.114
2026-03-03T07:00;balanco;S;-3.416
2026-03-03T07:00;balanco;SE;-89.358
2026-03-03T07:00;balanco;SIN;-290.484
2026-03-03T08:00;balanco;N;16.266
2026-03-03T08:00;balanco;NE;-176.497
2026-03-03T08:00;balanco;S;-3.227
2026-03-03T08:00;balanco;SE;-79.772
2026-03-03T08:00;balanco;SIN;-243.232
2026-03-03T09:00;balanco;N;36.896
2026-03-03T09:00;balanco;NE;-86.155
2026-03-03T09:00;balanco;S;-4.102
2026-03-03T09:00;balanco;SE;139.97
2026-03-03T09:00;balanco;SIN;86.612
2026-03-03T10:00;balanco;N;55.451
2026-03-03T10:00;balanco;NE;-124.535
2026-03-03T10:00;balanco;S;-4.495
2026-03-03T10:00;balanco;SE;-217.819
2026-03-03T10:00;balanco;SIN;-291.396
2026-03-03T11:00;balanco;N;73.84
2026-03-03T11:00;balanco;NE;-38.227
2026-03-03T11:00;balanco;S;-4.358
2026-03-03T11:00;balanco;SE;-278.425
2026-03-03T11:00;balanco;SIN;-247.175
2026-03-03T12:00;balanco;N;87.467
2026-03-03T12:00;balanco;NE;-28.518
2026-03-03T12:00;balanco;S;-4.269
2026-03-03T12:00;balanco;SE;-344.148
2026-03-03T12:00;balanco;SIN;-289.472
2026-03-03T13:00;balanco;N;77.002
2026-03-03T13:00;balanco;NE;-147.5
2026-03-03T13:00;balanco;S;-4.208
2026-03-03T13:00;balanco;SE;-359.609
2026-03-03T13:00;balanco;SIN;-434.311
2026-03-03T14:00;balanco;N;58.939
2026-03-03T14:00;balanco;NE;-238.995
2026-03-03T14:00;balanco;S;-4.557
2026-03-03T14:00;balanco;SE;-447.677
2026-03-03T14:00;balanco;SIN;-632.286
2026-03-03T15:00;balanco;N;50.881
2026-03-03T15:00;balanco;NE;-221.963
2026-03-03T15:00;balanco;S;-4.459
2026-03-03T15:00;balanco;SE;-330.399
2026-03-03T15:00;balanco;SIN;-505.942
2026-03-03T16:00;balanco;N;45.48
2026-03-03T16:00;balanco;NE;-82.448
2026-03-03T16:00;balanco;S;-4.115
2026-03-03T16:00;balanco;SE;-222.739
2026-03-03T16:00;balanco;SIN;-263.824
2026-03-03T17:00;balanco;N;30.869
2026-03-03T17:00;balanco;NE;8.327
2026-03-03T17:00;balanco;S;-5.204
2026-03-03T17:00;balanco;SE;-187.709
2026-03-03T17:00;balanco;SIN;-153.714
2026-03-03T18:00;balanco;N;13.893
2026-03-03T18:00;balanco;NE;20.47
2026-03-03T18:00;balanco;S;-4.315
2026-03-03T18:00;balanco;SE;-147.667
2026-03-03T18:00;balanco;SIN;-117.618
2026-03-03T19:00;balanco;N;0.953
2026-03-03T19:00;balanco;NE;13.569
2026-03-03T19:00;balanco;S;-4.198
2026-03-03T19:00;balanco;SE;-44.969
2026-03-03T19:00;balanco;SIN;-34.641
2026-03-03T20:00;balanco;N;-1.859
2026-03-03T20:00;balanco;NE;-20.032
2026-03-03T20:00;balanco;S;-4.461
2026-03-03T20:00;balanco;SE;-21.561
2026-03-03T20:00;balanco;SIN;-47.91
2026-03-03T21:00;balanco;N;-1.483
2026-03-03T21:00;balanco;NE;-26.598
2026-03-03T21:00;balanco;S;-4.631
2026-03-03T21:00;balanco;SE;-0.904
2026-03-03T21:00;balanco;SIN;-33.616
2026-03-03T22:00;balanco;N;-1.646
2026-03-03T22:00;balanco;NE;-14.842
2026-03-03T22:00;balanco;S;-4.971
2026-03-03T22:00;balanco;SE;-7.942
2026-03-03T22:00;balanco;SIN;-29.398
2026-03-03T23:00;balanco;N;-1.53
2026-03-03T23:00;balanco;NE;-24.928
2026-03-03T23:00;balanco;S;-4.977
2026-03-03T23:00;balanco;SE;-1.001
2026-03-03T23:00;balanco;SIN;-32.437
2026-03-04T00:00;balanco;N;-1.512
2026-03-04T00:00;balanco;NE;-20.723
2026-03-04T00:00;balanco;S;-5.05
2026-03-04T00:00;balanco;SE;-6.222
2026-03-04T00:00;balanco;SIN;-33.506
2026-03-04T01:00;balanco;N;-1.774
2026-03-04T01:00;balanco;NE;1.306
2026-03-04T01:00;balanco;S;-5.242
2026-03-04T01:00;balanco;SE;-6.447
2026-03-04T01:00;balanco;SIN;-12.153
2026-03-04T02:00;balanco;N;-1.633
2026-03-04T02:00;balanco;NE;-8.652
2026-03-04T02:00;balanco;S;-5.026
2026-03-04T02:00;balanco;SE;-6.302
2026-03-04T02:00;balanco;SIN;-21.609
2026-03-04T03:00;balanco;N;-1.588
2026-03-04T03:00;balanco;NE;-14.559
2026-03-04T03:00;balanco;S;-4.562
2026-03-04T03:00;balanco;SE;-5.089
2026-03-04T03:00;balanco;SIN;-25.803
2026-03-04T04:00;balanco;N;-1.473
2026-03-04T04:00;balanco;NE;-2.978
2026-03-04T04:00;balanco;S;-5.055
2026-03-04T04:00;balanco;SE;-5.66
2026-03-04T04:00;balanco;SIN;-15.162
2026-03-04T05:00;balanco;N;-1.506
2026-03-04T05:00;balanco;NE;-32.07
2026-03-04T05:00;balanco;S;-5.111
2026-03-04T05:00;balanco;SE;-6.387
2026-03-04T05:00;balanco;SIN;-45.078
2026-03-04T06:00;balanco;N;-1.505
2026-03-04T06:00;balanco;NE;-42.695
2026-03-04T06:00;balanco;S;-5.03
2026-03-04T06:00;balanco;SIN;-49.279
2026-03-04T07:00;balanco;N;0.506
2026-03-04T07:00;balanco;NE;-65.165
2026-03-04T07:00;balanco;S;-4.797
2026-03-04T07:00;balanco;SE;47.883
2026-03-04T07:00;balanco;SIN;-21.573
2026-03-04T08:00;balanco;N;14.708
2026-03-04T08:00;balanco;NE;-90.929
2026-03-04T08:00;balanco;S;-4.43
2026-03-04T08:00;balanco;SE;47.833
2026-03-04T08:00;balanco;SIN;-32.819
2026-03-04T09:00;balanco;N;35.863
2026-03-04T09:00;balanco;NE;-101.298
2026-03-04T09:00;balanco;S;-3.228
2026-03-04T09:00;balanco;SE;90.276
2026-03-04T09:00;balanco;SIN;21.611
2026-03-04T10:00;balanco;N;58.596
2026-03-04T10:00;balanco;NE;-118.551
2026-03-04T10:00;balanco;S;-4.273
2026-03-04T10:00;balanco;SE;39.752
2026-03-04T10:00;balanco;SIN;-24.476
2026-03-04T11:00;balanco;N;74.18
2026-03-04T11:00;balanco;NE;-92.826
2026-03-04T11:00;balanco;S;-4.133
2026-03-04T11:00;balanco;SE;73.723
2026-03-04T11:00;balanco;SIN;50.947
2026-03-04T12:00;balanco;N;81.16
2026-03-04T12:00;balanco;NE;-116.438
2026-03-04T12:00;balanco;S;-3.465
2026-03-04T12:00;balanco;SE;-17.919
2026-03-04T12:00;balanco;SIN;-56.664
2026-03-04T13:00;balanco;N;63.348
2026-03-04T13:00;balanco;NE;-81.396
2026-03-04T13:00;balanco;S;-3.368
2026-03-04T13:00;balanco;SE;97.93
2026-03-04T13:00;balanco;SIN;76.516
2026-03-04T14:00;balanco;N;38.348
2026-03-04T14:00;balanco;NE;-39.098
2026-03-04T14:00;balanco;S;-3.834
2026-03-04T14:00;balanco;SE;230.033
2026-03-04T14:00;balanco;SIN;225.453
2026-03-04T15:00;balanco;N;35.491
2026-03-04T15:00;balanco;NE;-99.351
2026-03-04T15:00;balanco;S;-5.048
2026-03-04T15:00;balanco;SE;-20.624
2026-03-04T15:00;balanco;SIN;-89.532
2026-03-04T16:00;balanco;N;21.254
2026-03-04T16:00;balanco;NE;-32.359
2026-03-04T16:00;balanco;S;-5.876
2026-03-04T16:00;balanco;SE;-8.434
2026-03-04T16:00;balanco;SIN;-25.419
2026-03-04T17:00;balanco;N;16.133
2026-03-04T17:00;balanco;NE;-63.105
2026-03-04T17:00;balanco;S;-4.541
2026-03-04T17:00;balanco;SE;-120.215
2026-03-04T17:00;balanco;SIN;-171.73
2026-03-04T18:00;balanco;N;6.367
2026-03-04T18:00;balanco;NE;-36.043
2026-03-04T18:00;balanco;S;-4.444
2026-03-04T18:00;balanco;SE;-139.466
2026-03-04T18:00;balanco;SIN;-173.588
2026-03-04T19:00;balanco;N;-5.762
2026-03-04T19:00;balanco;NE;-51.401
2026-03-04T19:00;balanco;S;-4.415
2026-03-04T19:00;balanco;SE;-118.727
2026-03-04T19:00;balanco;SIN;-180.307
2026-03-04T20:00;balanco;N;-8.115
2026-03-04T20:00;balanco;NE;-51.665
2026-03-04T20:00;balanco;S;-4.774
2026-03-04T20:00;balanco;SE;-97.882
2026-03-04T20:00;balanco;SIN;-162.436
2026-03-04T21:00;balanco;N;-5.217
2026-03-04T21:00;balanco;NE;-37.469
2026-03-04T21:00;balanco;S;-5.144
2026-03-04T21:00;balanco;SE;-59.838
2026-03-04T21:00;balanco;SIN;-107.667
2026-03-04T22:00;balanco;N;-8.378
2026-03-04T22:00;balanco;NE;-45.402
2026-03-04T22:00;balanco;S;-5.073
2026-03-04T22:00;balanco;SE;0.23
2026-03-04T22:00;balanco;SIN;-58.623
2026-03-04T23:00;balanco;N;-2.0
2026-03-04T23:00;balanco;NE;-61.447
2026-03-04T23:00;balanco;S;-5.196
2026-03-04T23:00;balanco;SE;8.128
2026-03-04T23:00;balanco;SIN;-60.516
2026-03-05T00:00;balanco;N;-1.926
2026-03-05T00:00;balanco;NE;-86.448
2026-03-05T00:00;balanco;S;-5.249
2026-03-05T00:00;balanco;SE;-5.336
2026-03-05T00:00;balanco;SIN;-98.956
2026-03-05T01:00;balanco;N;-1.618
2026-03-05T01:00;balanco;NE;-72.5
2026-03-05T01:00;balanco;S;-7.816
2026-03-05T01:00;balanco;SE;2.652
2026-03-05T01:00;balanco;SIN;-79.281
2026-03-05T02:00;balanco;N;-1.138
2026-03-05T02:00;balanco;NE;-67.63
2026-03-05T02:00;balanco;S;-8.224
2026-03-05T02:00;balanco;SE;10.057
2026-03-05T02:00;balanco;SIN;-66.931
2026-03-05T03:00;balanco;N;5.086
2026-03-05T03:00;balanco;NE;-87.907
2026-03-05T03:00;balanco;S;-7.379
2026-03-05T03:00;balanco;SE;-2.361
2026-03-05T03:00;balanco;SIN;-92.557
2026-03-05T04:00;balanco;N;-1.753
2026-03-05T04:00;balanco;NE;-67.62
2026-03-05T04:00;balanco;S;-6.98
2026-03-05T04:00;balanco;SE;-3.486
2026-03-05T04:00;balanco;SIN;-79.838
2026-03-05T05:00;balanco;N;-1.797
2026-03-05T05:00;balanco;NE;-87.856
2026-03-05T05:00;balanco;S;-5.014
2026-03-05T05:00;balanco;SE;-3.223
2026-03-05T05:00;balanco;SIN;-97.888
2026-03-05T06:00;balanco;N;-0.455
2026-03-05T06:00;balanco;NE;-117.823
2026-03-05T06:00;balanco;S;-3.821
2026-03-05T06:00;balanco;SE;-7.635
2026-03-05T06:00;balanco;SIN;-129.73
2026-03-05T07:00;balanco;N;-0.413
2026-03-05T07:00;balanco;NE;-40.309
2026-03-05T07:00;balanco;S;-3.36
2026-03-05T07:00;balanco;SE;37.594
2026-03-05T07:00;balanco;SIN;-6.488
2026-03-05T08:00;balanco;N;7.655
2026-03-05T08:00;balanco;NE;-32.798
2026-03-05T08:00;balanco;S;-5.355
2026-03-05T08:00;balanco;SE;-3.575
2026-03-05T08:00;balanco;SIN;-34.073
2026-03-05T09:00;balanco;N;26.045
2026-03-05T09:00;balanco;NE;-38.542
2026-03-05T09:00;balanco;S;-6.833
2026-03-05T09:00;balanco;SE;1.463
2026-03-05T09:00;balanco;SIN;-17.865
2026-03-05T10:00;balanco;N;30.44
2026-03-05T10:00;balanco;NE;-27.533
2026-03-05T10:00;balanco;S;-4.508
2026-03-05T10:00;balanco;SE;-12.269
2026-03-05T10:00;balanco;SIN;-13.867
2026-03-05T11:00;balanco;N;59.698
2026-03-05T11:00;balanco;NE;-45.74
2026-03-05T11:00;balanco;S;-3.821
2026-03-05T11:00;balanco;SE;-56.543
2026-03-05T11:00;balanco;SIN;-46.407
2026-03-05T12:00;balanco;N;90.118
2026-03-05T12:00;balanco;NE;-26.901
2026-03-05T12:00;balanco;S;-4.579
2026-03-05T12:00;balanco;SE;-68.765
2026-03-05T12:00;balanco;SIN;-10.129
2026-03-05T13:00;balanco;N;80.5
2026-03-05T13:00;balanco;NE;30.982
2026-03-05T13:00;balanco;S;-3.803
2026-03-05T13:00;balanco;SE;-77.964
2026-03-05T13:00;balanco;SIN;29.711
2026-03-05T14:00;balanco;N;52.457
2026-03-05T14:00;balanco;NE;-28.299
2026-03-05T14:00;balanco;S;-3.734
2026-03-05T14:00;balanco;SE;-135.916
2026-03-05T14:00;balanco;SIN;-115.495
2026-03-05T15:00;balanco;N;49.099
2026-03-05T15:00;balanco;NE;-6.668
2026-03-05T15:00;balanco;S;-3.781
2026-03-05T15:00;balanco;SE;-252.387
2026-03-05T15:00;balanco;SIN;-213.74
2026-03-05T16:00;balanco;N;29.842
2026-03-05T16:00;balanco;NE;-82.734
2026-03-05T16:00;balanco;S;-2.581
2026-03-05T16:00;balanco;SE;-274.624
2026-03-05T16:00;balanco;SIN;-330.097
2026-03-05T17:00;balanco;N;15.333
2026-03-05T17:00;balanco;NE;-152.675
2026-03-05T17:00;balanco;S;-2.975
2026-03-05T17:00;balanco;SE;-251.92
2026-03-05T17:00;balanco;SIN;-392.237
2026-03-05T18:00;balanco;N;5.472
2026-03-05T18:00;balanco;NE;10.119
2026-03-05T18:00;balanco;S;-4.251
2026-03-05T18:00;balanco;SE;-114.262
2026-03-05T18:00;balanco;SIN;-102.926
2026-03-05T19:00;balanco;N;-0.604
2026-03-05T19:00;balanco;NE;-21.317
2026-03-05T19:00;balanco;S;-4.62
2026-03-05T19:00;balanco;SE;-102.788
2026-03-05T19:00;balanco;SIN;-129.331
2026-03-05T20:00;balanco;N;-1.37
2026-03-05T20:00;balanco;NE;-15.976
2026-03-05T20:00;balanco;S;-4.654
2026-03-05T20:00;balanco;SE;-91.752
2026-03-05T20:00;balanco;SIN;-113.753
2026-03-05T21:00;balanco;N;-1.251
2026-03-05T21:00;balanco;NE;0.293
2026-03-05T21:00;balanco;S;-4.775
2026-03-05T21:00;balanco;SE;-90.706
2026-03-05T21:00;balanco;SIN;-96.438
2026-03-05T22:00;balanco;N;-1.145
2026-03-05T22:00;balanco;NE;4.061
2026-03-05T22:00;balanco;S;-4.932
2026-03-05T22:00;balanco;SE;54.897
2026-03-05T22:00;balanco;SIN;52.884
2026-03-05T23:00;balanco;N;-1.264
2026-03-05T23:00;balanco;NE;-18.366
2026-03-05T23:00;balanco;S;-5.307
2026-03-05T23:00;balanco;SE;6.123
2026-03-05T23:00;balanco;SIN;-18.817
2026-03-06T00:00;balanco;N;-1.521
2026-03-06T00:00;balanco;NE;99.421
2026-03-06T00:00;balanco;S;-5.451
2026-03-06T00:00;balanco;SE;0.572
2026-03-06T00:00;balanco;SIN;93.024
2026-03-06T01:00;balanco;N;-2.12
2026-03-06T01:00;balanco;NE;83.792
2026-03-06T01:00;balanco;S;-4.047
2026-03-06T01:00;balanco;SE;-3.242
2026-03-06T01:00;balanco;SIN;74.386
2026-03-06T02:00;balanco;N;-1.573
2026-03-06T02:00;balanco;NE;204.442
2026-03-06T02:00;balanco;S;-3.786
2026-03-06T02:00;balanco;SE;-3.238
2026-03-06T02:00;balanco;SIN;195.842
2026-03-06T03:00;balanco;N;-1.433
2026-03-06T03:00;balanco;NE;365.723
2026-03-06T03:00;balanco;S;-3.423
2026-03-06T03:00;balanco;SE;-3.27
2026-03-06T03:00;balanco;SIN;357.6
2026-03-06T04:00;balanco;N;-1.565
2026-03-06T04:00;balanco;NE;372.514
2026-03-06T04:00;balanco;S;-1.828
2026-03-06T04:00;balanco;SE;-3.443
2026-03-06T04:00;balanco;SIN;365.674
2026-03-06T05:00;balanco;N;-1.568
2026-03-06T05:00;balanco;NE;252.241
2026-03-06T05:00;balanco;S;-3.207
2026-03-06T05:00;balanco;SE;-5.617
2026-03-06T05:00;balanco;SIN;241.851
2026-03-06T06:00;balanco;N;-1.509
2026-03-06T06:00;balanco;NE;340.981
2026-03-06T06:00;balanco;S;-3.494
2026-03-06T06:00;balanco;SE;12.636
2026-03-06T06:00;balanco;SIN;348.618
2026-03-06T07:00;balanco;N;-0.563
2026-03-06T07:00;balanco;NE;245.173
2026-03-06T07:00;balanco;S;-2.272
2026-03-06T07:00;balanco;SE;66.159
2026-03-06T07:00;balanco;SIN;308.492
2026-03-06T08:00;balanco;N;7.928
2026-03-06T08:00;balanco;NE;92.422
2026-03-06T08:00;balanco;S;-3.201
2026-03-06T08:00;balanco;SE;99.772
2026-03-06T08:00;balanco;SIN;196.924
2026-03-06T09:00;balanco;N;22.164
2026-03-06T09:00;balanco;NE;5.154
2026-03-06T09:00;balanco;S;-3.811
2026-03-06T09:00;balanco;SE;-3.285
2026-03-06T09:00;balanco;SIN;20.222
2026-03-06T10:00;balanco;N;40.935
2026-03-06T10:00;balanco;NE;-22.648
2026-03-06T10:00;balanco;S;-3.481
2026-03-06T10:00;balanco;SE;-50.566
2026-03-06T10:00;balanco;SIN;-35.756
2026-03-06T11:00;balanco;N;67.915
2026-03-06T11:00;balanco;NE;-35.603
2026-03-06T11:00;balanco;S;-3.44
2026-03-06T11:00;balanco;SE;-69.102
2026-03-06T11:00;balanco;SIN;-40.227
2026-03-06T12:00;balanco;N;76.93
2026-03-06T12:00;balanco;NE;-38.003
2026-03-06T12:00;balanco;S;-3.815
2026-03-06T12:00;balanco;SE;-164.079
2026-03-06T12:00;balanco;SIN;-128.964
2026-03-06T13:00;balanco;N;75.71
2026-03-06T13:00;balanco;NE;45.845
2026-03-06T13:00;balanco;S;-3.128
2026-03-06T13:00;balanco;SE;-134.582
2026-03-06T13:00;balanco;SIN;-16.155
2026-03-06T14:00;balanco;N;45.079
2026-03-06T14:00;balanco;NE;6.789
2026-03-06T14:00;balanco;S;-3.793
2026-03-06T14:00;balanco;SE;12.484
2026-03-06T14:00;balanco;SIN;60.555
2026-03-06T15:00;balanco;N;36.762
2026-03-06T15:00;balanco;NE;47.964
2026-03-06T15:00;balanco;S;-3.791
2026-03-06T15:00;balanco;SE;-86.387
2026-03-06T15:00;balanco;SIN;-5.457
2026-03-06T16:00;balanco;N;43.693
2026-03-06T16:00;balanco;NE;40.728
2026-03-06T16:00;balanco;S;-3.549
2026-03-06T16:00;balanco;SE;-55.381
2026-03-06T16:00;balanco;SIN;25.486
2026-03-06T17:00;balanco;N;35.545
2026-03-06T17:00;balanco;NE;206.774
2026-03-06T17:00;balanco;S;-4.25
2026-03-06T17:00;balanco;SE;-103.387
2026-03-06T17:00;balanco;SIN;134.68
2026-03-06T18:00;balanco;N;9.791
2026-03-06T18:00;balanco;NE;102.747
2026-03-06T18:00;balanco;S;-4.483
2026-03-06T18:00;balanco;SE;-53.895
2026-03-06T18:00;balanco;SIN;54.164
2026-03-06T19:00;balanco;N;-0.551
2026-03-06T19:00;balanco;NE;41.427
2026-03-06T19:00;balanco;S;-4.68
2026-03-06T19:00;balanco;SE;-29.294
2026-03-06T19:00;balanco;SIN;6.906
2026-03-06T20:00;balanco;N;-1.446
2026-03-06T20:00;balanco;NE;58.669
2026-03-06T20:00;balanco;S;-4.581
2026-03-06T20:00;balanco;SE;-12.996
2026-03-06T20:00;balanco;SIN;39.648
2026-03-06T21:00;balanco;N;-1.484
2026-03-06T21:00;balanco;NE;88.458
2026-03-06T21:00;balanco;S;-4.364
2026-03-06T21:00;balanco;SE;-4.317
2026-03-06T21:00;balanco;SIN;78.291
2026-03-06T22:00;balanco;N;-1.405
2026-03-06T22:00;balanco;NE;137.916
2026-03-06T22:00;balanco;S;-4.689
2026-03-06T22:00;balanco;SE;-1.67
2026-03-06T22:00;balanco;SIN;130.154
2026-03-06T23:00;balanco;N;-0.208
2026-03-06T23:00;balanco;NE;39.753
2026-03-06T23:00;balanco;S;-4.799
2026-03-06T23:00;balanco;SE;2.644
2026-03-06T23:00;balanco;SIN;37.387
2026-03-07T00:00;balanco;NE;-14522.527
2026-03-07T00:00;balanco;S;-1259.616
2026-03-07T00:00;balanco;SE;-198.723
2026-03-07T00:00;balanco;SIN;-16095.27
2026-03-07T01:00;balanco;NE;-14421.612
2026-03-07T01:00;balanco;S;-1145.478
2026-03-07T01:00;balanco;SE;-211.63
2026-03-07T01:00;balanco;SIN;-15853.036
2026-03-07T02:00;balanco;N;-0.142
2026-03-07T02:00;balanco;NE;-14706.53
2026-03-07T02:00;balanco;S;-1018.272
2026-03-07T02:00;balanco;SE;-218.719
2026-03-07T02:00;balanco;SIN;-15979.476
2026-03-07T03:00;balanco;N;-0.163
2026-03-07T03:00;balanco;NE;-15118.428
2026-03-07T03:00;balanco;S;-850.698
2026-03-07T03:00;balanco;SE;-200.038
2026-03-07T03:00;balanco;SIN;-16177.764
2026-03-07T04:00;balanco;NE;-15481.564
2026-03-07T04:00;balanco;S;-654.585
2026-03-07T04:00;balanco;SE;-189.3
2026-03-07T04:00;balanco;SIN;-16348.507
2026-03-07T05:00;balanco;NE;-15137.951
2026-03-07T05:00;balanco;S;-602.811
2026-03-07T05:00;balanco;SE;-193.621
2026-03-07T05:00;balanco;SIN;-15962.368
2026-03-07T06:00;balanco;N;-0.114
2026-03-07T06:00;balanco;NE;-14489.869
2026-03-07T06:00;balanco;S;-538.64
2026-03-07T06:00;balanco;SE;-802.695
2026-03-07T06:00;balanco;SIN;-15860.768
2026-03-07T07:00;balanco;N;0.388
2026-03-07T07:00;balanco;NE;-12661.703
2026-03-07T07:00;balanco;S;-689.592
2026-03-07T07:00;balanco;SE;-1561.157
2026-03-07T07:00;balanco;SIN;-14941.98
2026-03-07T08:00;balanco;N;8.405
2026-03-07T08:00;balanco;NE;-12435.361
2026-03-07T08:00;balanco;S;-859.505
2026-03-07T08:00;balanco;SE;-1567.187
2026-03-07T08:00;balanco;SIN;-14884.271
2026-03-07T09:00;balanco;N;25.119
2026-03-07T09:00;balanco;NE;-11908.363
2026-03-07T09:00;balanco;S;-807.047
2026-03-07T09:00;balanco;SE;-1588.824
2026-03-07T09:00;balanco;SIN;-14317.106
2026-03-07T10:00;balanco;N;45.598
2026-03-07T10:00;balanco;NE;-10639.362
2026-03-07T10:00;balanco;S;-801.124
2026-03-07T10:00;balanco;SE;-2351.846
2026-03-07T10:00;balanco;SIN;-13919.691
2026-03-07T11:00;balanco;N;58.968
2026-03-07T11:00;balanco;NE;-8858.376
2026-03-07T11:00;balanco;S;-832.777
2026-03-07T11:00;balanco;SE;-3980.361
2026-03-07T11:00;balanco;SIN;-13812.456
2026-03-07T12:00;balanco;N;76.13
2026-03-07T12:00;balanco;NE;-8631.61
2026-03-07T12:00;balanco;S;-816.285
2026-03-07T12:00;balanco;SE;-4310.988
2026-03-07T12:00;balanco;SIN;-13856.649
2026-03-07T13:00;balanco;N;90.173
2026-03-07T13:00;balanco;NE;-8531.825
2026-03-07T13:00;balanco;S;-822.0
2026-03-07T13:00;balanco;SE;-5083.692
2026-03-07T13:00;balanco;SIN;-14564.038
2026-03-07T14:00;balanco;N;73.949
2026-03-07T14:00;balanco;NE;-10238.884
2026-03-07T14:00;balanco;S;-985.862
2026-03-07T14:00;balanco;SE;-6266.517
2026-03-07T14:00;balanco;SIN;-17672.667
2026-03-07T15:00;balanco;N;63.922
2026-03-07T15:00;balanco;NE;-12456.459
2026-03-07T15:00;balanco;S;-949.151
2026-03-07T15:00;balanco;SE;-6052.351
2026-03-07T15:00;balanco;SIN;-19649.544
2026-03-07T16:00;balanco;N;50.465
2026-03-07T16:00;balanco;NE;-12287.178
2026-03-07T16:00;balanco;S;-1015.654
2026-03-07T16:00;balanco;SE;-4673.834
2026-03-07T16:00;balanco;SIN;-18176.887
2026-03-07T17:00;balanco;N;40.39
2026-03-07T17:00;balanco;NE;-11710.244
2026-03-07T17:00;balanco;S;-1011.359
2026-03-07T17:00;balanco;SE;-1979.626
2026-03-07T17:00;balanco;SIN;-14941.071
2026-03-07T18:00;balanco;N;18.126
2026-03-07T18:00;balanco;NE;-11879.772
2026-03-07T18:00;balanco;S;-1001.047
2026-03-07T18:00;balanco;SE;-189.301
2026-03-07T18:00;balanco;SIN;-13379.033
2026-03-07T19:00;balanco;N;2.079
2026-03-07T19:00;balanco;NE;-13521.132
2026-03-07T19:00;balanco;S;-1004.477
2026-03-07T19:00;balanco;SE;-78.937
2026-03-07T19:00;balanco;SIN;-14926.216
2026-03-07T20:00;balanco;N;-0.723
2026-03-07T20:00;balanco;NE;-13998.306
2026-03-07T20:00;balanco;S;-1129.99
2026-03-07T20:00;balanco;SE;-94.49
2026-03-07T20:00;balanco;SIN;-15516.455
2026-03-07T21:00;balanco;NE;-15255.414
2026-03-07T21:00;balanco;S;-1143.792
2026-03-07T21:00;balanco;SE;-128.364
2026-03-07T21:00;balanco;SIN;-16794.13
2026-03-07T22:00;balanco;N;0.265
2026-03-07T22:00;balanco;NE;-16305.0
2026-03-07T22:00;balanco;S;-1122.972
2026-03-07T22:00;balanco;SE;-157.807
2026-03-07T22:00;balanco;SIN;-17859.18
2026-03-07T23:00;balanco;N;0.279
2026-03-07T23:00;balanco;NE;-16231.225
2026-03-07T23:00;balanco;S;-1145.977
2026-03-07T23:00;balanco;SE;-167.337
2026-03-07T23:00;balanco;SIN;-17805.707
2026-03-08T00:00;balanco;N;-0.156
2026-03-08T00:00;balanco;NE;-4.412
2026-03-08T00:00;balanco;SIN;-6.056
2026-03-08T01:00;balanco;N;-0.168
2026-03-08T01:00;balanco;NE;-4.478
2026-03-08T01:00;balanco;SIN;-8.273
2026-03-08T02:00;balanco;N;-0.181
2026-03-08T02:00;balanco;NE;-4.477
2026-03-08T02:00;balanco;SIN;-11.671
2026-03-08T03:00;balanco;N;-0.112
2026-03-08T03:00;balanco;NE;-4.473
2026-03-08T03:00;balanco;SE;-0.125
2026-03-08T03:00;balanco;SIN;-0.964
2026-03-08T04:00;balanco;N;-0.136
2026-03-08T04:00;balanco;NE;-4.523
2026-03-08T04:00;balanco;SE;-0.178
2026-03-08T04:00;balanco;SIN;-15.765
2026-03-08T05:00;balanco;N;-0.153
2026-03-08T05:00;balanco;NE;-5.444
2026-03-08T05:00;balanco;SE;0.579
2026-03-08T05:00;balanco;SIN;-3.069
2026-03-08T06:00;balanco;N;-0.169
2026-03-08T06:00;balanco;NE;-2.074
2026-03-08T06:00;balanco;SE;-3.081
2026-03-08T06:00;balanco;SIN;14.829
2026-03-08T07:00;balanco;N;1.692
2026-03-08T07:00;balanco;NE;-2.356
2026-03-08T07:00;balanco;SE;-0.634
2026-03-08T07:00;balanco;SIN;49.014
2026-03-08T08:00;balanco;N;16.31
2026-03-08T08:00;balanco;NE;1.297
2026-03-08T08:00;balanco;SE;-14.562
2026-03-08T08:00;balanco;SIN;169.203
2026-03-08T09:00;balanco;N;33.276
2026-03-08T09:00;balanco;NE;1.574
2026-03-08T09:00;balanco;SE;-31.743
2026-03-08T09:00;balanco;SIN;172.601
2026-03-08T10:00;balanco;N;49.204
2026-03-08T10:00;balanco;NE;1.637
2026-03-08T10:00;balanco;SE;-47.322
2026-03-08T10:00;balanco;SIN;24.734
2026-03-08T11:00;balanco;N;75.084
2026-03-08T11:00;balanco;NE;2.066
2026-03-08T11:00;balanco;SE;-75.777
2026-03-08T11:00;balanco;SIN;19.414
2026-03-08T12:00;balanco;N;86.672
2026-03-08T12:00;balanco;NE;2.493
2026-03-08T12:00;balanco;SE;-87.051
2026-03-08T12:00;balanco;SIN;31.199
2026-03-08T13:00;balanco;N;62.085
2026-03-08T13:00;balanco;NE;2.86
2026-03-08T13:00;balanco;SE;-62.516
2026-03-08T13:00;balanco;SIN;17.136
2026-03-08T14:00;balanco;N;50.972
2026-03-08T14:00;balanco;NE;1.433
2026-03-08T14:00;balanco;SE;-51.278
2026-03-08T14:00;balanco;SIN;7.027
2026-03-08T15:00;balanco;N;65.323
2026-03-08T15:00;balanco;NE;1.115
2026-03-08T15:00;balanco;SE;-66.334
2026-03-08T15:00;balanco;SIN;-55.16
2026-03-08T16:00;balanco;N;56.073
2026-03-08T16:00;balanco;NE;1.029
2026-03-08T16:00;balanco;SE;-58.759
2026-03-08T16:00;balanco;SIN;31.986
2026-03-08T17:00;balanco;N;3.491
2026-03-08T17:00;balanco;NE;1.152
2026-03-08T17:00;balanco;SE;-35.012
2026-03-08T17:00;balanco;SIN;-128.303
2026-03-08T18:00;balanco;N;-13.18
2026-03-08T18:00;balanco;NE;1.031
2026-03-08T18:00;balanco;SE;-18.001
2026-03-08T18:00;balanco;SIN;-69.382
2026-03-08T19:00;balanco;N;-29.049
2026-03-08T19:00;balanco;NE;1.042
2026-03-08T19:00;balanco;SE;-1.931
2026-03-08T19:00;balanco;SIN;-70.338
2026-03-08T20:00;balanco;N;-13.671
2026-03-08T20:00;balanco;NE;1.073
2026-03-08T20:00;balanco;SE;-0.254
2026-03-08T20:00;balanco;SIN;-36.437
2026-03-08T21:00;balanco;N;-0.647
2026-03-08T21:00;balanco;NE;1.034
2026-03-08T21:00;balanco;SE;-0.246
2026-03-08T21:00;balanco;SIN;-16.009
2026-03-08T22:00;balanco;N;-1.17
2026-03-08T22:00;balanco;NE;1.046
2026-03-08T22:00;balanco;SE;-0.14
2026-03-08T22:00;balanco;SIN;-11.767
2026-03-08T23:00;balanco;N;-0.643
2026-03-08T23:00;balanco;NE;0.642
2026-03-08T23:00;balanco;SE;-0.164
2026-03-08T23:00;balanco;SIN;-1.988
2026-03-09T00:00;balanco;N;-1.214
2026-03-09T00:00;balanco;NE;-22.447
2026-03-09T00:00;balanco;S;-2.368
2026-03-09T00:00;balanco;SE;-0.987
2026-03-09T00:00;balanco;SIN;-27.019
2026-03-09T01:00;balanco;N;-1.262
2026-03-09T01:00;balanco;NE;-19.334
2026-03-09T01:00;balanco;S;-2.208
2026-03-09T01:00;balanco;SE;-0.97
2026-03-09T01:00;balanco;SIN;-23.77
2026-03-09T02:00;balanco;N;-0.788
2026-03-09T02:00;balanco;NE;-17.342
2026-03-09T02:00;balanco;S;-1.704
2026-03-09T02:00;balanco;SE;-0.932
2026-03-09T02:00;balanco;SIN;-20.764
2026-03-09T03:00;balanco;N;-2.063
2026-03-09T03:00;balanco;NE;-15.7
2026-03-09T03:00;balanco;S;-1.879
2026-03-09T03:00;balanco;SE;-0.992
2026-03-09T03:00;balanco;SIN;-20.633
2026-03-09T04:00;balanco;N;-0.65
2026-03-09T04:00;balanco;NE;-20.414
2026-03-09T04:00;balanco;S;-1.931
2026-03-09T04:00;balanco;SE;6.575
2026-03-09T04:00;balanco;SIN;-16.418
2026-03-09T05:00;balanco;N;-2.01
2026-03-09T05:00;balanco;NE;-27.866
2026-03-09T05:00;balanco;S;-1.128
2026-03-09T05:00;balanco;SE;4.885
2026-03-09T05:00;balanco;SIN;-26.115
2026-03-09T06:00;balanco;N;-1.051
2026-03-09T06:00;balanco;NE;-45.531
2026-03-09T06:00;balanco;S;-0.693
2026-03-09T06:00;balanco;SE;5.205
2026-03-09T06:00;balanco;SIN;-42.068
2026-03-09T07:00;balanco;N;0.467
2026-03-09T07:00;balanco;NE;-65.918
2026-03-09T07:00;balanco;S;-0.153
2026-03-09T07:00;balanco;SE;74.018
2026-03-09T07:00;balanco;SIN;8.415
2026-03-09T08:00;balanco;N;14.07
2026-03-09T08:00;balanco;NE;-52.488
2026-03-09T08:00;balanco;S;0.454
2026-03-09T08:00;balanco;SE;67.938
2026-03-09T08:00;balanco;SIN;29.974
2026-03-09T09:00;balanco;N;30.791
2026-03-09T09:00;balanco;NE;-56.297
2026-03-09T09:00;balanco;S;-0.35
2026-03-09T09:00;balanco;SE;51.872
2026-03-09T09:00;balanco;SIN;26.019
2026-03-09T10:00;balanco;N;48.248
2026-03-09T10:00;balanco;NE;-65.93
2026-03-09T10:00;balanco;S;-0.637
2026-03-09T10:00;balanco;SE;-7.013
2026-03-09T10:00;balanco;SIN;-25.332
2026-03-09T11:00;balanco;N;73.983
2026-03-09T11:00;balanco;NE;-26.352
2026-03-09T11:00;balanco;S;-0.589
2026-03-09T11:00;balanco;SE;-35.507
2026-03-09T11:00;balanco;SIN;11.536
2026-03-09T12:00;balanco;N;88.351
2026-03-09T12:00;balanco;NE;-37.015
2026-03-09T12:00;balanco;S;-1.245
2026-03-09T12:00;balanco;SE;-43.653
2026-03-09T12:00;balanco;SIN;6.439
2026-03-09T13:00;balanco;N;72.709
2026-03-09T13:00;balanco;NE;-60.554
2026-03-09T13:00;balanco;S;-1.273
2026-03-09T13:00;balanco;SE;-36.161
2026-03-09T13:00;balanco;SIN;-25.276
2026-03-09T14:00;balanco;N;46.662
2026-03-09T14:00;balanco;NE;-87.166
2026-03-09T14:00;balanco;S;-0.792
2026-03-09T14:00;balanco;SE;15.061
2026-03-09T14:00;balanco;SIN;-26.24
2026-03-09T15:00;balanco;N;56.847
2026-03-09T15:00;balanco;NE;-115.88
2026-03-09T15:00;balanco;S;-4.469
2026-03-09T15:00;balanco;SE;10.426
2026-03-09T15:00;balanco;SIN;-53.072
2026-03-09T16:00;balanco;N;55.945
2026-03-09T16:00;balanco;NE;-161.198
2026-03-09T16:00;balanco;S;-3.696
2026-03-09T16:00;balanco;SE;-12.977
2026-03-09T16:00;balanco;SIN;-121.93
2026-03-09T17:00;balanco;N;30.416
2026-03-09T17:00;balanco;NE;-68.423
2026-03-09T17:00;balanco;S;-4.622
2026-03-09T17:00;balanco;SE;-68.62
2026-03-09T17:00;balanco;SIN;-111.246
2026-03-09T18:00;balanco;N;11.214
2026-03-09T18:00;balanco;NE;-17.823
2026-03-09T18:00;balanco;S;-3.741
2026-03-09T18:00;balanco;SE;-41.479
2026-03-09T18:00;balanco;SIN;-51.833
2026-03-09T19:00;balanco;N;0.146
2026-03-09T19:00;balanco;NE;-14.705
2026-03-09T19:00;balanco;S;-3.594
2026-03-09T19:00;balanco;SE;-25.363
2026-03-09T19:00;balanco;SIN;-43.52
2026-03-09T20:00;balanco;N;-2.309
2026-03-09T20:00;balanco;NE;-24.42
2026-03-09T20:00;balanco;S;-4.541
2026-03-09T20:00;balanco;SE;-10.298
2026-03-09T20:00;balanco;SIN;-41.568
2026-03-09T21:00;balanco;N;-2.07
2026-03-09T21:00;balanco;NE;-22.377
2026-03-09T21:00;balanco;S;-5.019
2026-03-09T21:00;balanco;SE;-1.401
2026-03-09T21:00;balanco;SIN;-30.872
2026-03-09T22:00;balanco;N;-2.094
2026-03-09T22:00;balanco;NE;-19.427
2026-03-09T22:00;balanco;S;-4.844
2026-03-09T22:00;balanco;SE;-0.346
2026-03-09T22:00;balanco;SIN;-26.712
2026-03-09T23:00;balanco;N;-2.097
2026-03-09T23:00;balanco;NE;-10.926
2026-03-09T23:00;balanco;S;-4.288
2026-03-09T23:00;balanco;SE;-1.263
2026-03-09T23:00;balanco;SIN;-18.571
2026-03-10T00:00;balanco;N;-2.213
2026-03-10T00:00;balanco;NE;-22.772
2026-03-10T00:00;balanco;S;-4.862
2026-03-10T00:00;balanco;SE;-1.432
2026-03-10T00:00;balanco;SIN;-31.282
2026-03-10T01:00;balanco;N;-2.01
2026-03-10T01:00;balanco;NE;-22.316
2026-03-10T01:00;balanco;S;-4.269
2026-03-10T01:00;balanco;SE;-1.193
2026-03-10T01:00;balanco;SIN;-29.784
2026-03-10T02:00;balanco;N;-2.004
2026-03-10T02:00;balanco;NE;-18.611
2026-03-10T02:00;balanco;S;-3.645
2026-03-10T02:00;balanco;SE;-1.298
2026-03-10T02:00;balanco;SIN;-25.56
2026-03-10T03:00;balanco;N;-1.975
2026-03-10T03:00;balanco;NE;-28.897
2026-03-10T03:00;balanco;S;-4.817
2026-03-10T03:00;balanco;SE;-1.44
2026-03-10T03:00;balanco;SIN;-37.13
2026-03-10T04:00;balanco;N;-2.059
2026-03-10T04:00;balanco;NE;-22.89
2026-03-10T04:00;balanco;S;-4.014
2026-03-10T04:00;balanco;SE;4.049
2026-03-10T04:00;balanco;SIN;-24.916
2026-03-10T05:00;balanco;N;-2.15
2026-03-10T05:00;balanco;NE;-11.687
2026-03-10T05:00;balanco;S;-3.958
2026-03-10T05:00;balanco;SE;3.747
2026-03-10T05:00;balanco;SIN;-14.049
2026-03-10T06:00;balanco;N;-1.63
2026-03-10T06:00;balanco;NE;-23.289
2026-03-10T06:00;balanco;S;-3.776
2026-03-10T06:00;balanco;SE;-3.083
2026-03-10T06:00;balanco;SIN;-31.777
2026-03-10T07:00;balanco;N;-0.131
2026-03-10T07:00;balanco;NE;-20.451
2026-03-10T07:00;balanco;S;-3.608
2026-03-10T07:00;balanco;SE;-31.408
2026-03-10T07:00;balanco;SIN;-55.6
2026-03-10T08:00;balanco;N;15.104
2026-03-10T08:00;balanco;NE;-28.223
2026-03-10T08:00;balanco;S;-3.588
2026-03-10T08:00;balanco;SE;57.808
2026-03-10T08:00;balanco;SIN;41.104
2026-03-10T09:00;balanco;N;27.301
2026-03-10T09:00;balanco;NE;-46.349
2026-03-10T09:00;balanco;S;-4.078
2026-03-10T09:00;balanco;SE;70.557
2026-03-10T09:00;balanco;SIN;47.433
2026-03-10T10:00;balanco;N;40.292
2026-03-10T10:00;balanco;NE;-63.117
2026-03-10T10:00;balanco;S;-2.037
2026-03-10T10:00;balanco;SE;20.083
2026-03-10T10:00;balanco;SIN;-4.78
2026-03-10T11:00;balanco;N;67.358
2026-03-10T11:00;balanco;NE;-69.428
2026-03-10T11:00;balanco;S;-0.425
2026-03-10T11:00;balanco;SE;-19.415
2026-03-10T11:00;balanco;SIN;-21.907
2026-03-10T12:00;balanco;N;68.499
2026-03-10T12:00;balanco;NE;-80.92
2026-03-10T12:00;balanco;S;-1.578
2026-03-10T12:00;balanco;SE;-18.33
2026-03-10T12:00;balanco;SIN;-32.334
2026-03-10T13:00;balanco;N;49.18
2026-03-10T13:00;balanco;NE;-162.898
2026-03-10T13:00;balanco;S;-1.197
2026-03-10T13:00;balanco;SE;-17.625
2026-03-10T13:00;balanco;SIN;-132.541
2026-03-10T14:00;balanco;N;41.64
2026-03-10T14:00;balanco;NE;-112.772
2026-03-10T14:00;balanco;S;-1.366
2026-03-10T14:00;balanco;SE;-42.836
2026-03-10T14:00;balanco;SIN;-115.336
2026-03-10T15:00;balanco;N;27.253
2026-03-10T15:00;balanco;NE;-127.118
2026-03-10T15:00;balanco;S;-1.398
2026-03-10T15:00;balanco;SE;10.582
2026-03-10T15:00;balanco;SIN;-90.682
2026-03-10T16:00;balanco;N;26.016
2026-03-10T16:00;balanco;NE;-104.47
2026-03-10T16:00;balanco;S;-1.944
2026-03-10T16:00;balanco;SE;-80.149
2026-03-10T16:00;balanco;SIN;-160.541
2026-03-10T17:00;balanco;N;29.856
2026-03-10T17:00;balanco;NE;-67.529
2026-03-10T17:00;balanco;S;-4.415
2026-03-10T17:00;balanco;SE;-103.191
2026-03-10T17:00;balanco;SIN;-145.278
2026-03-10T18:00;balanco;N;6.968
2026-03-10T18:00;balanco;NE;-20.284
2026-03-10T18:00;balanco;S;-4.281
2026-03-10T18:00;balanco;SE;-44.03
2026-03-10T18:00;balanco;SIN;-61.623
2026-03-10T19:00;balanco;N;-1.364
2026-03-10T19:00;balanco;NE;-17.098
2026-03-10T19:00;balanco;S;-4.511
2026-03-10T19:00;balanco;SE;-24.658
2026-03-10T19:00;balanco;SIN;-47.627
2026-03-10T20:00;balanco;N;-2.132
2026-03-10T20:00;balanco;NE;-20.014
2026-03-10T20:00;balanco;S;-4.831
2026-03-10T20:00;balanco;SE;-10.139
2026-03-10T20:00;balanco;SIN;-37.113
2026-03-10T21:00;balanco;N;-2.149
2026-03-10T21:00;balanco;NE;-16.037
2026-03-10T21:00;balanco;S;-4.571
2026-03-10T21:00;balanco;SE;-1.423
2026-03-10T21:00;balanco;SIN;-24.175
2026-03-10T22:00;balanco;N;-2.044
2026-03-10T22:00;balanco;NE;-17.018
2026-03-10T22:00;balanco;S;-4.774
2026-03-10T22:00;balanco;SE;-0.614
2026-03-10T22:00;balanco;SIN;-24.459
2026-03-10T23:00;balanco;N;-2.19
2026-03-10T23:00;balanco;NE;-15.455
2026-03-10T23:00;balanco;S;-5.021
2026-03-10T23:00;balanco;SE;-1.367
2026-03-10T23:00;balanco;SIN;-24.036
2026-03-11T00:00;balanco;N;-2.035
2026-03-11T00:00;balanco;NE;-23.396
2026-03-11T00:00;balanco;S;-4.834
2026-03-11T00:00;balanco;SE;-1.294
2026-03-11T00:00;balanco;SIN;-35.088
2026-03-11T01:00;balanco;N;-2.09
2026-03-11T01:00;balanco;NE;-21.906
2026-03-11T01:00;balanco;S;-4.974
2026-03-11T01:00;balanco;SE;-1.318
2026-03-11T01:00;balanco;SIN;-30.288
2026-03-11T02:00;balanco;N;-1.854
2026-03-11T02:00;balanco;NE;-20.683
2026-03-11T02:00;balanco;S;-5.012
2026-03-11T02:00;balanco;SE;-1.338
2026-03-11T02:00;balanco;SIN;-50.479
2026-03-11T03:00;balanco;N;-2.079
2026-03-11T03:00;balanco;NE;-22.177
2026-03-11T03:00;balanco;S;-4.873
2026-03-11T03:00;balanco;SE;-1.291
2026-03-11T03:00;balanco;SIN;-126.058
2026-03-11T04:00;balanco;N;-1.877
2026-03-11T04:00;balanco;NE;-37.711
2026-03-11T04:00;balanco;S;-5.012
2026-03-11T04:00;balanco;SE;-1.456
2026-03-11T04:00;balanco;SIN;-191.937
2026-03-11T05:00;balanco;N;-1.346
2026-03-11T05:00;balanco;NE;-23.119
2026-03-11T05:00;balanco;S;-5.405
2026-03-11T05:00;balanco;SE;-0.812
2026-03-11T05:00;balanco;SIN;-205.411
2026-03-11T06:00;balanco;N;-1.645
2026-03-11T06:00;balanco;NE;-13.438
2026-03-11T06:00;balanco;S;-5.296
2026-03-11T06:00;balanco;SE;-4.768
2026-03-11T06:00;balanco;SIN;-239.159
2026-03-11T07:00;balanco;N;-1.063
2026-03-11T07:00;balanco;NE;-18.445
2026-03-11T07:00;balanco;S;-4.833
2026-03-11T07:00;balanco;SE;-3.374
2026-03-11T07:00;balanco;SIN;-541.691
2026-03-11T08:00;balanco;N;8.205
2026-03-11T08:00;balanco;NE;-15.517
2026-03-11T08:00;balanco;S;-4.448
2026-03-11T08:00;balanco;SE;-10.896
2026-03-11T08:00;balanco;SIN;-615.183
2026-03-11T09:00;balanco;N;26.576
2026-03-11T09:00;balanco;NE;-47.927
2026-03-11T09:00;balanco;S;0.371
2026-03-11T09:00;balanco;SE;-26.844
2026-03-11T09:00;balanco;SIN;-545.608
2026-03-11T10:00;balanco;N;42.818
2026-03-11T10:00;balanco;NE;-13.69
2026-03-11T10:00;balanco;S;0.906
2026-03-11T10:00;balanco;SE;-43.878
2026-03-11T10:00;balanco;SIN;-255.916
2026-03-11T11:00;balanco;N;66.161
2026-03-11T11:00;balanco;NE;-26.233
2026-03-11T11:00;balanco;S;1.551
2026-03-11T11:00;balanco;SE;-68.046
2026-03-11T11:00;balanco;SIN;-366.843
2026-03-11T12:00;balanco;N;81.163
2026-03-11T12:00;balanco;NE;-14.359
2026-03-11T12:00;balanco;S;-4.444
2026-03-11T12:00;balanco;SE;-83.271
2026-03-11T12:00;balanco;SIN;-378.207
2026-03-11T13:00;balanco;N;60.853
2026-03-11T13:00;balanco;NE;-30.427
2026-03-11T13:00;balanco;S;-2.593
2026-03-11T13:00;balanco;SE;-65.033
2026-03-11T13:00;balanco;SIN;-412.586
2026-03-11T14:00;balanco;N;46.244
2026-03-11T14:00;balanco;NE;-27.953
2026-03-11T14:00;balanco;S;-1.538
2026-03-11T14:00;balanco;SE;-348.125
2026-03-11T14:00;balanco;SIN;-389.753
2026-03-11T15:00;balanco;N;39.379
2026-03-11T15:00;balanco;NE;-91.442
2026-03-11T15:00;balanco;S;-1.43
2026-03-11T15:00;balanco;SE;-298.553
2026-03-11T15:00;balanco;SIN;-352.053
2026-03-11T16:00;balanco;N;33.451
2026-03-11T16:00;balanco;NE;-119.278
2026-03-11T16:00;balanco;S;-1.869
2026-03-11T16:00;balanco;SE;-298.154
2026-03-11T16:00;balanco;SIN;-385.854
2026-03-11T17:00;balanco;N;20.359
2026-03-11T17:00;balanco;NE;-81.856
2026-03-11T17:00;balanco;S;-5.014
2026-03-11T17:00;balanco;SE;-82.27
2026-03-11T17:00;balanco;SIN;-148.78
2026-03-11T18:00;balanco;N;11.385
2026-03-11T18:00;balanco;NE;-17.791
2026-03-11T18:00;balanco;S;-4.324
2026-03-11T18:00;balanco;SE;-45.894
2026-03-11T18:00;balanco;SIN;-56.626
2026-03-11T19:00;balanco;N;0.649
2026-03-11T19:00;balanco;NE;-22.609
2026-03-11T19:00;balanco;S;-4.375
2026-03-11T19:00;balanco;SE;-26.307
2026-03-11T19:00;balanco;SIN;-52.641
2026-03-11T20:00;balanco;N;-2.244
2026-03-11T20:00;balanco;NE;-16.782
2026-03-11T20:00;balanco;S;-4.523
2026-03-11T20:00;balanco;SE;-12.976
2026-03-11T20:00;balanco;SIN;-36.523
2026-03-11T21:00;balanco;N;-2.173
2026-03-11T21:00;balanco;NE;-17.158
2026-03-11T21:00;balanco;S;-4.378
2026-03-11T21:00;balanco;SE;-4.008
2026-03-11T21:00;balanco;SIN;-27.713
2026-03-11T22:00;balanco;N;-2.235
2026-03-11T22:00;balanco;NE;-16.682
2026-03-11T22:00;balanco;S;-4.275
2026-03-11T22:00;balanco;SE;-3.641
2026-03-11T22:00;balanco;SIN;-26.834
2026-03-11T23:00;balanco;N;-2.126
2026-03-11T23:00;balanco;NE;-17.389
2026-03-11T23:00;balanco;S;-4.332
2026-03-11T23:00;balanco;SE;-3.741
2026-03-11T23:00;balanco;SIN;-27.596
2026-03-12T00:00;balanco;N;-2.121
2026-03-12T00:00;balanco;NE;-35.95
2026-03-12T00:00;balanco;S;-4.519
2026-03-12T00:00;balanco;SE;-2.623
2026-03-12T00:00;balanco;SIN;-45.215
2026-03-12T01:00;balanco;N;-1.376
2026-03-12T01:00;balanco;NE;-51.23
2026-03-12T01:00;balanco;S;-4.6
2026-03-12T01:00;balanco;SE;-2.554
2026-03-12T01:00;balanco;SIN;-59.761
2026-03-12T02:00;balanco;N;-1.815
2026-03-12T02:00;balanco;NE;-44.201
2026-03-12T02:00;balanco;S;-4.848
2026-03-12T02:00;balanco;SE;4.937
2026-03-12T02:00;balanco;SIN;-45.928
2026-03-12T03:00;balanco;N;-1.835
2026-03-12T03:00;balanco;NE;-43.304
2026-03-12T03:00;balanco;S;-3.797
2026-03-12T03:00;balanco;SE;-4.83
2026-03-12T03:00;balanco;SIN;-53.767
2026-03-12T04:00;balanco;N;-1.86
2026-03-12T04:00;balanco;NE;-56.445
2026-03-12T04:00;balanco;S;0.123
2026-03-12T04:00;balanco;SE;-1.089
2026-03-12T04:00;balanco;SIN;-59.27
2026-03-12T05:00;balanco;N;-1.833
2026-03-12T05:00;balanco;NE;-65.901
2026-03-12T05:00;balanco;S;-1.706
2026-03-12T05:00;balanco;SE;-2.122
2026-03-12T05:00;balanco;SIN;-71.561
2026-03-12T06:00;balanco;N;-1.815
2026-03-12T06:00;balanco;NE;-64.799
2026-03-12T06:00;balanco;S;-5.118
2026-03-12T06:00;balanco;SE;1.68
2026-03-12T06:00;balanco;SIN;-70.054
2026-03-12T07:00;balanco;N;-2.127
2026-03-12T07:00;balanco;NE;-43.912
2026-03-12T07:00;balanco;S;-5.109
2026-03-12T07:00;balanco;SE;79.503
2026-03-12T07:00;balanco;SIN;28.351
2026-03-12T08:00;balanco;N;-1.912
2026-03-12T08:00;balanco;NE;-65.783
2026-03-12T08:00;balanco;S;-2.885
2026-03-12T08:00;balanco;SE;96.831
2026-03-12T08:00;balanco;SIN;26.256
2026-03-12T09:00;balanco;N;-2.026
2026-03-12T09:00;balanco;NE;-71.202
2026-03-12T09:00;balanco;S;-0.956
2026-03-12T09:00;balanco;SE;98.75
2026-03-12T09:00;balanco;SIN;24.568
2026-03-12T10:00;balanco;N;-2.095
2026-03-12T10:00;balanco;NE;-50.858
2026-03-12T10:00;balanco;S;-0.899
2026-03-12T10:00;balanco;SE;80.258
2026-03-12T10:00;balanco;SIN;26.407
2026-03-12T11:00;balanco;N;-2.106
2026-03-12T11:00;balanco;NE;-61.411
2026-03-12T11:00;balanco;S;-0.443
2026-03-12T11:00;balanco;SE;85.546
2026-03-12T11:00;balanco;SIN;21.583
2026-03-12T12:00;balanco;N;-2.137
2026-03-12T12:00;balanco;NE;-112.894
2026-03-12T12:00;balanco;S;-0.122
2026-03-12T12:00;balanco;SE;62.742
2026-03-12T12:00;balanco;SIN;-52.415
2026-03-12T13:00;balanco;N;-1.892
2026-03-12T13:00;balanco;NE;-103.563
2026-03-12T13:00;balanco;S;-0.618
2026-03-12T13:00;balanco;SE;33.08
2026-03-12T13:00;balanco;SIN;-72.995
2026-03-12T14:00;balanco;N;-1.983
2026-03-12T14:00;balanco;NE;-102.465
2026-03-12T14:00;balanco;S;-0.738
2026-03-12T14:00;balanco;SE;51.526
2026-03-12T14:00;balanco;SIN;-53.66
2026-03-12T15:00;balanco;N;-2.085
2026-03-12T15:00;balanco;NE;-72.629
2026-03-12T15:00;balanco;SE;45.792
2026-03-12T15:00;balanco;SIN;-28.944
2026-03-12T16:00;balanco;N;-3.06
2026-03-12T16:00;balanco;NE;-115.038
2026-03-12T16:00;balanco;S;-0.131
2026-03-12T16:00;balanco;SE;38.18
2026-03-12T16:00;balanco;SIN;-80.046
2026-03-12T17:00;balanco;N;-2.037
2026-03-12T17:00;balanco;NE;-124.565
2026-03-12T17:00;balanco;S;0.52
2026-03-12T17:00;balanco;SE;-29.023
2026-03-12T17:00;balanco;SIN;-155.107
2026-03-12T18:00;balanco;N;-2.152
2026-03-12T18:00;balanco;NE;-46.5
2026-03-12T18:00;balanco;S;0.89
2026-03-12T18:00;balanco;SE;-46.367
2026-03-12T18:00;balanco;SIN;-94.124
2026-03-12T19:00;balanco;N;-2.167
2026-03-12T19:00;balanco;NE;-46.335
2026-03-12T19:00;balanco;S;1.754
2026-03-12T19:00;balanco;SE;-36.52
2026-03-12T19:00;balanco;SIN;-83.274
2026-03-12T20:00;balanco;N;-2.191
2026-03-12T20:00;balanco;NE;-43.907
2026-03-12T20:00;balanco;S;1.988
2026-03-12T20:00;balanco;SE;-27.707
2026-03-12T20:00;balanco;SIN;-71.82
2026-03-12T21:00;balanco;N;-2.0
2026-03-12T21:00;balanco;NE;-36.193
2026-03-12T21:00;balanco;S;2.404
2026-03-12T21:00;balanco;SE;-19.27
2026-03-12T21:00;balanco;SIN;-55.055
2026-03-12T22:00;balanco;N;-2.017
2026-03-12T22:00;balanco;NE;-36.74
2026-03-12T22:00;balanco;S;1.807
2026-03-12T22:00;balanco;SE;-17.574
2026-03-12T22:00;balanco;SIN;-54.52
2026-03-12T23:00;balanco;N;-2.044
2026-03-12T23:00;balanco;NE;-22.122
2026-03-12T23:00;balanco;S;1.206
2026-03-12T23:00;balanco;SE;-17.182
2026-03-12T23:00;balanco;SIN;-40.148
2026-03-13T00:00;balanco;N;-1.905
2026-03-13T00:00;balanco;NE;-17.314
2026-03-13T00:00;balanco;S;0.391
2026-03-13T00:00;balanco;SE;-0.441
2026-03-13T00:00;balanco;SIN;-11.241
2026-03-13T01:00;balanco;N;-1.882
2026-03-13T01:00;balanco;NE;-24.98
2026-03-13T01:00;balanco;S;-0.607
2026-03-13T01:00;balanco;SE;-0.513
2026-03-13T01:00;balanco;SIN;-25.019
2026-03-13T02:00;balanco;N;-1.824
2026-03-13T02:00;balanco;NE;-16.692
2026-03-13T02:00;balanco;S;1.459
2026-03-13T02:00;balanco;SE;-0.443
2026-03-13T02:00;balanco;SIN;-17.122
2026-03-13T03:00;balanco;N;-1.872
2026-03-13T03:00;balanco;NE;-23.149
2026-03-13T03:00;balanco;S;1.529
2026-03-13T03:00;balanco;SE;-0.969
2026-03-13T03:00;balanco;SIN;-23.295
2026-03-13T04:00;balanco;N;-2.062
2026-03-13T04:00;balanco;NE;-36.076
2026-03-13T04:00;balanco;S;1.313
2026-03-13T04:00;balanco;SE;-0.145
2026-03-13T04:00;balanco;SIN;-35.361
2026-03-13T05:00;balanco;N;-1.856
2026-03-13T05:00;balanco;NE;-36.896
2026-03-13T05:00;balanco;S;-1.89
2026-03-13T05:00;balanco;SE;-0.137
2026-03-13T05:00;balanco;SIN;-39.563
2026-03-13T06:00;balanco;N;-2.155
2026-03-13T06:00;balanco;NE;-55.149
2026-03-13T06:00;balanco;S;-2.55
2026-03-13T06:00;balanco;SE;4.918
2026-03-13T06:00;balanco;SIN;-49.03
2026-03-13T07:00;balanco;NE;-61.562
2026-03-13T07:00;balanco;S;-0.875
2026-03-13T07:00;balanco;SE;43.837
2026-03-13T07:00;balanco;SIN;-13.689
2026-03-13T08:00;balanco;N;12.283
2026-03-13T08:00;balanco;NE;-54.737
2026-03-13T08:00;balanco;S;0.539
2026-03-13T08:00;balanco;SE;30.421
2026-03-13T08:00;balanco;SIN;-4.262
2026-03-13T09:00;balanco;N;24.365
2026-03-13T09:00;balanco;NE;-88.774
2026-03-13T09:00;balanco;S;-1.046
2026-03-13T09:00;balanco;SE;65.159
2026-03-13T09:00;balanco;SIN;4.804
2026-03-13T10:00;balanco;N;33.378
2026-03-13T10:00;balanco;NE;-62.003
2026-03-13T10:00;balanco;S;-2.422
2026-03-13T10:00;balanco;SE;65.336
2026-03-13T10:00;balanco;SIN;39.149
2026-03-13T11:00;balanco;N;46.428
2026-03-13T11:00;balanco;NE;-55.859
2026-03-13T11:00;balanco;S;-0.888
2026-03-13T11:00;balanco;SE;14.785
2026-03-13T11:00;balanco;SIN;10.343
2026-03-13T12:00;balanco;N;60.406
2026-03-13T12:00;balanco;NE;-60.836
2026-03-13T12:00;balanco;S;-2.171
2026-03-13T12:00;balanco;SE;-34.215
2026-03-13T12:00;balanco;SIN;-33.516
2026-03-13T13:00;balanco;N;63.764
2026-03-13T13:00;balanco;NE;-66.088
2026-03-13T13:00;balanco;S;-2.254
2026-03-13T13:00;balanco;SE;-68.335
2026-03-13T13:00;balanco;SIN;-71.25
2026-03-13T14:00;balanco;N;55.603
2026-03-13T14:00;balanco;NE;-70.227
2026-03-13T14:00;balanco;S;-1.547
2026-03-13T14:00;balanco;SE;-102.723
2026-03-13T14:00;balanco;SIN;-113.231
2026-03-13T15:00;balanco;N;45.481
2026-03-13T15:00;balanco;NE;-76.94
2026-03-13T15:00;balanco;S;-2.763
2026-03-13T15:00;balanco;SE;-53.549
2026-03-13T15:00;balanco;SIN;-90.95
2026-03-13T16:00;balanco;N;29.601
2026-03-13T16:00;balanco;NE;-90.062
2026-03-13T16:00;balanco;S;-1.151
2026-03-13T16:00;balanco;SE;-13.452
2026-03-13T16:00;balanco;SIN;-74.793
2026-03-13T17:00;balanco;N;23.26
2026-03-13T17:00;balanco;NE;-101.038
2026-03-13T17:00;balanco;S;1.479
2026-03-13T17:00;balanco;SE;-73.769
2026-03-13T17:00;balanco;SIN;-151.478
2026-03-13T18:00;balanco;N;5.78
2026-03-13T18:00;balanco;NE;-1.574
2026-03-13T18:00;balanco;S;1.617
2026-03-13T18:00;balanco;SE;-30.5
2026-03-13T18:00;balanco;SIN;-26.468
2026-03-13T19:00;balanco;N;-8.435
2026-03-13T19:00;balanco;NE;0.267
2026-03-13T19:00;balanco;S;1.534
2026-03-13T19:00;balanco;SE;-17.516
2026-03-13T19:00;balanco;SIN;-23.573
2026-03-13T20:00;balanco;N;-2.205
2026-03-13T20:00;balanco;NE;-0.543
2026-03-13T20:00;balanco;S;-0.692
2026-03-13T20:00;balanco;SE;-5.265
2026-03-13T20:00;balanco;SIN;-7.873
2026-03-13T21:00;balanco;N;-3.382
2026-03-13T21:00;balanco;NE;-8.678
2026-03-13T21:00;balanco;S;-1.836
2026-03-13T21:00;balanco;SE;-0.329
2026-03-13T21:00;balanco;SIN;-13.878
2026-03-13T22:00;balanco;N;-3.677
2026-03-13T22:00;balanco;NE;-10.212
2026-03-13T22:00;balanco;S;-1.408
2026-03-13T22:00;balanco;SE;-0.339
2026-03-13T22:00;balanco;SIN;-15.613
2026-03-13T23:00;balanco;N;-3.507
2026-03-13T23:00;balanco;NE;-13.337
2026-03-13T23:00;balanco;S;-0.407
2026-03-13T23:00;balanco;SE;-0.402
2026-03-13T23:00;balanco;SIN;-17.21
2026-03-15T00:00;balanco;N;-3.725
2026-03-15T00:00;balanco;NE;-2.161
2026-03-15T00:00;balanco;S;1.448
2026-03-15T00:00;balanco;SE;-3.99
2026-03-15T00:00;balanco;SIN;-8.432
2026-03-15T01:00;balanco;N;-3.286
2026-03-15T01:00;balanco;NE;-1.448
2026-03-15T01:00;balanco;S;0.925
2026-03-15T01:00;balanco;SE;-1.705
2026-03-15T01:00;balanco;SIN;-5.517
2026-03-15T02:00;balanco;N;-3.595
2026-03-15T02:00;balanco;NE;1.993
2026-03-15T02:00;balanco;S;1.543
2026-03-15T02:00;balanco;SE;10.777
2026-03-15T02:00;balanco;SIN;10.718
2026-03-15T03:00;balanco;N;-3.538
2026-03-15T03:00;balanco;NE;-1.311
2026-03-15T03:00;balanco;S;1.356
2026-03-15T03:00;balanco;SE;3.069
2026-03-15T03:00;balanco;SIN;-0.426
2026-03-15T04:00;balanco;N;-4.701
2026-03-15T04:00;balanco;S;0.164
2026-03-15T04:00;balanco;SE;4.333
2026-03-15T04:00;balanco;SIN;-0.227
2026-03-15T05:00;balanco;N;-4.601
2026-03-15T05:00;balanco;NE;-14.846
2026-03-15T05:00;balanco;S;-0.339
2026-03-15T05:00;balanco;SE;3.062
2026-03-15T05:00;balanco;SIN;-16.726
2026-03-15T06:00;balanco;N;-3.474
2026-03-15T06:00;balanco;NE;-44.425
2026-03-15T06:00;balanco;S;0.205
2026-03-15T06:00;balanco;SE;-48.572
2026-03-15T06:00;balanco;SIN;-96.266
2026-03-15T07:00;balanco;N;-12.992
2026-03-15T07:00;balanco;NE;-54.777
2026-03-15T07:00;balanco;S;0.918
2026-03-15T07:00;balanco;SE;10.675
2026-03-15T07:00;balanco;SIN;-56.18
2026-03-15T08:00;balanco;N;-3.994
2026-03-15T08:00;balanco;NE;14.469
2026-03-15T08:00;balanco;S;1.368
2026-03-15T08:00;balanco;SE;36.051
2026-03-15T08:00;balanco;SIN;47.898
2026-03-15T09:00;balanco;N;-4.164
2026-03-15T09:00;balanco;NE;7.123
2026-03-15T09:00;balanco;S;0.685
2026-03-15T09:00;balanco;SE;27.256
2026-03-15T09:00;balanco;SIN;30.901
2026-03-15T10:00;balanco;N;-4.41
2026-03-15T10:00;balanco;NE;2.427
2026-03-15T10:00;balanco;S;0.253
2026-03-15T10:00;balanco;SE;16.791
2026-03-15T10:00;balanco;SIN;15.058
2026-03-15T11:00;balanco;N;-4.202
2026-03-15T11:00;balanco;NE;-13.232
2026-03-15T11:00;balanco;S;0.747
2026-03-15T11:00;balanco;SE;8.933
2026-03-15T11:00;balanco;SIN;-7.753
2026-03-15T12:00;balanco;N;-4.024
2026-03-15T12:00;balanco;NE;-31.249
2026-03-15T12:00;balanco;S;1.077
2026-03-15T12:00;balanco;SE;29.842
2026-03-15T12:00;balanco;SIN;-4.353
2026-03-15T13:00;balanco;N;-4.031
2026-03-15T13:00;balanco;NE;-37.558
2026-03-15T13:00;balanco;S;1.279
2026-03-15T13:00;balanco;SE;16.742
2026-03-15T13:00;balanco;SIN;-23.57
2026-03-15T14:00;balanco;N;-14.664
2026-03-15T14:00;balanco;NE;-52.488
2026-03-15T14:00;balanco;S;-0.378
2026-03-15T14:00;balanco;SE;-69.852
2026-03-15T14:00;balanco;SIN;-137.379
2026-03-15T15:00;balanco;N;-8.443
2026-03-15T15:00;balanco;NE;-99.852
2026-03-15T15:00;balanco;S;-2.46
2026-03-15T15:00;balanco;SE;7.334
2026-03-15T15:00;balanco;SIN;-103.418
2026-03-15T16:00;balanco;N;-5.119
2026-03-15T16:00;balanco;NE;-61.43
2026-03-15T16:00;balanco;S;-1.441
2026-03-15T16:00;balanco;SE;-5.376
2026-03-15T16:00;balanco;SIN;-73.362
2026-03-15T17:00;balanco;N;-4.437
2026-03-15T17:00;balanco;NE;-25.275
2026-03-15T17:00;balanco;S;-1.081
2026-03-15T17:00;balanco;SE;-90.111
2026-03-15T17:00;balanco;SIN;-120.909
2026-03-15T18:00;balanco;N;-4.851
2026-03-15T18:00;balanco;NE;-1.962
2026-03-15T18:00;balanco;S;-2.673
2026-03-15T18:00;balanco;SE;-20.999
2026-03-15T18:00;balanco;SIN;-30.481
2026-03-15T19:00;balanco;N;-4.196
2026-03-15T19:00;balanco;NE;1.107
2026-03-15T19:00;balanco;S;-4.328
2026-03-15T19:00;balanco;SE;-7.466
2026-03-15T19:00;balanco;SIN;-14.881
2026-03-15T20:00;balanco;N;-4.051
2026-03-15T20:00;balanco;NE;-4.847
2026-03-15T20:00;balanco;S;-5.234
2026-03-15T20:00;balanco;SE;-8.351
2026-03-15T20:00;balanco;SIN;-22.479
2026-03-15T21:00;balanco;N;-4.027
2026-03-15T21:00;balanco;NE;-3.692
2026-03-15T21:00;balanco;S;-4.838
2026-03-15T21:00;balanco;SE;-6.027
2026-03-15T21:00;balanco;SIN;-18.581
2026-03-15T22:00;balanco;N;-4.023
2026-03-15T22:00;balanco;S;-5.408
2026-03-15T22:00;balanco;SE;-8.371
2026-03-15T22:00;balanco;SIN;-17.843
2026-03-15T23:00;balanco;N;-3.477
2026-03-15T23:00;balanco;NE;-19.631
2026-03-15T23:00;balanco;S;-4.881
2026-03-15T23:00;balanco;SE;-4.331
2026-03-15T23:00;balanco;SIN;-32.321
2026-03-16T00:00;balanco;N;-3.366
2026-03-16T00:00;balanco;NE;-16.832
2026-03-16T00:00;balanco;S;-5.562
2026-03-16T00:00;balanco;SE;-2.431
2026-03-16T00:00;balanco;SIN;-28.195
2026-03-16T01:00;balanco;N;-4.184
2026-03-16T01:00;balanco;NE;-15.078
2026-03-16T01:00;balanco;S;-3.489
2026-03-16T01:00;balanco;SE;-2.014
2026-03-16T01:00;balanco;SIN;-24.763
2026-03-16T02:00;balanco;N;-4.083
2026-03-16T02:00;balanco;NE;-11.579
2026-03-16T02:00;balanco;S;-2.792
2026-03-16T02:00;balanco;SE;5.719
2026-03-16T02:00;balanco;SIN;-12.734
2026-03-16T03:00;balanco;N;-4.26
2026-03-16T03:00;balanco;NE;-9.477
2026-03-16T03:00;balanco;S;-3.806
2026-03-16T03:00;balanco;SE;1.708
2026-03-16T03:00;balanco;SIN;-15.838
2026-03-16T04:00;balanco;N;-4.202
2026-03-16T04:00;balanco;NE;-3.516
2026-03-16T04:00;balanco;S;-3.522
2026-03-16T04:00;balanco;SE;4.635
2026-03-16T04:00;balanco;SIN;-6.609
2026-03-16T05:00;balanco;N;-4.32
2026-03-16T05:00;balanco;NE;-15.406
2026-03-16T05:00;balanco;S;-3.318
2026-03-16T05:00;balanco;SE;4.028
2026-03-16T05:00;balanco;SIN;-19.018
2026-03-16T06:00;balanco;N;-3.831
2026-03-16T06:00;balanco;NE;-45.682
2026-03-16T06:00;balanco;S;-4.669
2026-03-16T06:00;balanco;SE;-6.788
2026-03-16T06:00;balanco;SIN;-60.966
2026-03-16T07:00;balanco;N;-3.764
2026-03-16T07:00;balanco;NE;-152.783
2026-03-16T07:00;balanco;S;-3.36
2026-03-16T07:00;balanco;SE;13.349
2026-03-16T07:00;balanco;SIN;-146.562
2026-03-16T08:00;balanco;N;-4.099
2026-03-16T08:00;balanco;NE;-34.126
2026-03-16T08:00;balanco;S;-3.214
2026-03-16T08:00;balanco;SE;67.697
2026-03-16T08:00;balanco;SIN;26.256
2026-03-16T09:00;balanco;N;-3.747
2026-03-16T09:00;balanco;NE;-11.335
2026-03-16T09:00;balanco;S;-0.129
2026-03-16T09:00;balanco;SE;68.511
2026-03-16T09:00;balanco;SIN;53.304
2026-03-16T10:00;balanco;N;-3.965
2026-03-16T10:00;balanco;NE;5.767
2026-03-16T10:00;balanco;S;0.63
2026-03-16T10:00;balanco;SE;46.659
2026-03-16T10:00;balanco;SIN;49.09
2026-03-16T11:00;balanco;N;-2.752
2026-03-16T11:00;balanco;NE;6.568
2026-03-16T11:00;balanco;S;-0.878
2026-03-16T11:00;balanco;SE;43.344
2026-03-16T11:00;balanco;SIN;46.282
2026-03-16T12:00;balanco;N;-2.72
2026-03-16T12:00;balanco;NE;8.421
2026-03-16T12:00;balanco;S;-1.882
2026-03-16T12:00;balanco;SE;43.733
2026-03-16T12:00;balanco;SIN;47.554
2026-03-16T13:00;balanco;N;-2.726
2026-03-16T13:00;balanco;NE;-8.683
2026-03-16T13:00;balanco;S;-1.357
2026-03-16T13:00;balanco;SE;37.563
2026-03-16T13:00;balanco;SIN;24.8
2026-03-16T14:00;balanco;N;-2.64
2026-03-16T14:00;balanco;NE;-23.806
2026-03-16T14:00;balanco;S;-2.055
2026-03-16T14:00;balanco;SE;7.247
2026-03-16T14:00;balanco;SIN;-21.255
2026-03-16T15:00;balanco;N;-4.301
2026-03-16T15:00;balanco;NE;-29.078
2026-03-16T15:00;balanco;S;-2.788
2026-03-16T15:00;balanco;SE;-173.331
2026-03-16T15:00;balanco;SIN;-209.494
2026-03-16T16:00;balanco;N;-3.048
2026-03-16T16:00;balanco;NE;-28.322
2026-03-16T16:00;balanco;S;-3.638
2026-03-16T16:00;balanco;SE;-45.58
2026-03-16T16:00;balanco;SIN;-80.591
2026-03-16T17:00;balanco;N;-2.913
2026-03-16T17:00;balanco;NE;-17.309
2026-03-16T17:00;balanco;S;-4.532
2026-03-16T17:00;balanco;SE;-107.541
2026-03-16T17:00;balanco;SIN;-132.296
2026-03-16T18:00;balanco;N;-2.938
2026-03-16T18:00;balanco;NE;16.237
2026-03-16T18:00;balanco;S;-5.093
2026-03-16T18:00;balanco;SE;-15.88
2026-03-16T18:00;balanco;SIN;-7.671
2026-03-16T19:00;balanco;N;-3.109
2026-03-16T19:00;balanco;NE;24.393
2026-03-16T19:00;balanco;S;-4.77
2026-03-16T19:00;balanco;SE;1.556
2026-03-16T19:00;balanco;SIN;18.068
2026-03-16T20:00;balanco;N;-3.083
2026-03-16T20:00;balanco;NE;48.455
2026-03-16T20:00;balanco;S;-4.681
2026-03-16T20:00;balanco;SE;-2.361
2026-03-16T20:00;balanco;SIN;38.333
2026-03-16T21:00;balanco;N;-2.913
2026-03-16T21:00;balanco;NE;39.346
2026-03-16T21:00;balanco;S;-4.734
2026-03-16T21:00;balanco;SE;-2.537
2026-03-16T21:00;balanco;SIN;29.158
2026-03-16T22:00;balanco;N;-2.853
2026-03-16T22:00;balanco;NE;42.301
2026-03-16T22:00;balanco;S;-5.216
2026-03-16T22:00;balanco;SE;-2.277
2026-03-16T22:00;balanco;SIN;31.953
2026-03-16T23:00;balanco;N;-2.768
2026-03-16T23:00;balanco;NE;39.201
2026-03-16T23:00;balanco;S;-5.099
2026-03-16T23:00;balanco;SE;-2.566
2026-03-16T23:00;balanco;SIN;28.765
2026-03-18T00:00;balanco;N;-3.417
2026-03-18T00:00;balanco;NE;10.703
2026-03-18T00:00;balanco;S;-6.319
2026-03-18T00:00;balanco;SE;-3.533
2026-03-18T00:00;balanco;SIN;-2.563
2026-03-18T01:00;balanco;N;-4.164
2026-03-18T01:00;balanco;NE;-6.474
2026-03-18T01:00;balanco;S;-3.81
2026-03-18T01:00;balanco;SE;-3.55
2026-03-18T01:00;balanco;SIN;-18.001
2026-03-18T02:00;balanco;N;-4.497
2026-03-18T02:00;balanco;NE;-15.734
2026-03-18T02:00;balanco;S;-5.723
2026-03-18T02:00;balanco;SE;-3.888
2026-03-18T02:00;balanco;SIN;-29.847
2026-03-18T03:00;balanco;N;-4.676
2026-03-18T03:00;balanco;NE;-16.928
2026-03-18T03:00;balanco;S;-5.67
2026-03-18T03:00;balanco;SE;-4.069
2026-03-18T03:00;balanco;SIN;-31.345
2026-03-18T04:00;balanco;N;-4.351
2026-03-18T04:00;balanco;NE;-21.372
2026-03-18T04:00;balanco;S;-5.487
2026-03-18T04:00;balanco;SE;-4.196
2026-03-18T04:00;balanco;SIN;-30.889
2026-03-18T05:00;balanco;N;-4.137
2026-03-18T05:00;balanco;NE;-30.508
2026-03-18T05:00;balanco;S;-6.194
2026-03-18T05:00;balanco;SE;-3.274
2026-03-18T05:00;balanco;SIN;-60.9
2026-03-18T06:00;balanco;N;-3.828
2026-03-18T06:00;balanco;NE;-13.785
2026-03-18T06:00;balanco;S;-6.805
2026-03-18T06:00;balanco;SE;-3.098
2026-03-18T06:00;balanco;SIN;-81.148
2026-03-18T07:00;balanco;N;-4.418
2026-03-18T07:00;balanco;NE;-13.239
2026-03-18T07:00;balanco;S;1.51
2026-03-18T07:00;balanco;SE;-2.228
2026-03-18T07:00;balanco;SIN;-48.397
2026-03-18T08:00;balanco;N;-4.409
2026-03-18T08:00;balanco;NE;-9.221
2026-03-18T08:00;balanco;S;1.005
2026-03-18T08:00;balanco;SE;-1.481
2026-03-18T08:00;balanco;SIN;-8.181
2026-03-18T09:00;balanco;N;-4.275
2026-03-18T09:00;balanco;NE;-16.899
2026-03-18T09:00;balanco;S;1.059
2026-03-18T09:00;balanco;SE;-2.647
2026-03-18T09:00;balanco;SIN;-158.549
2026-03-18T10:00;balanco;N;-3.003
2026-03-18T10:00;balanco;NE;9.317
2026-03-18T10:00;balanco;S;0.747
2026-03-18T10:00;balanco;SE;-0.72
2026-03-18T10:00;balanco;SIN;14.447
2026-03-18T11:00;balanco;N;-2.836
2026-03-18T11:00;balanco;NE;4.519
2026-03-18T11:00;balanco;S;1.037
2026-03-18T11:00;balanco;SE;0.185
2026-03-18T11:00;balanco;SIN;-2.531
2026-03-18T12:00;balanco;N;-2.752
2026-03-18T12:00;balanco;NE;-1.304
2026-03-18T12:00;balanco;S;1.47
2026-03-18T12:00;balanco;SE;-0.35
2026-03-18T12:00;balanco;SIN;-61.322
2026-03-18T13:00;balanco;N;-4.335
2026-03-18T13:00;balanco;NE;-15.221
2026-03-18T13:00;balanco;S;2.122
2026-03-18T13:00;balanco;SE;-1.869
2026-03-18T13:00;balanco;SIN;-33.27
2026-03-18T14:00;balanco;N;-4.341
2026-03-18T14:00;balanco;NE;-8.743
2026-03-18T14:00;balanco;S;1.46
2026-03-18T14:00;balanco;SE;-1.915
2026-03-18T14:00;balanco;SIN;-21.631
2026-03-18T15:00;balanco;N;-5.315
2026-03-18T15:00;balanco;NE;-2.594
2026-03-18T15:00;balanco;S;1.94
2026-03-18T15:00;balanco;SE;-4.32
2026-03-18T15:00;balanco;SIN;-56.832
2026-03-18T16:00;balanco;N;-5.861
2026-03-18T16:00;balanco;NE;15.92
2026-03-18T16:00;balanco;S;0.323
2026-03-18T16:00;balanco;SE;-4.918
2026-03-18T16:00;balanco;SIN;-84.632
2026-03-18T17:00;balanco;N;-4.581
2026-03-18T17:00;balanco;NE;-24.952
2026-03-18T17:00;balanco;S;-0.794
2026-03-18T17:00;balanco;SE;-1.912
2026-03-18T17:00;balanco;SIN;-67.132
2026-03-18T18:00;balanco;N;-5.122
2026-03-18T18:00;balanco;NE;-46.936
2026-03-18T18:00;balanco;S;0.127
2026-03-18T18:00;balanco;SE;-1.672
2026-03-18T18:00;balanco;SIN;-47.568
2026-03-18T19:00;balanco;N;-4.19
2026-03-18T19:00;balanco;NE;-77.665
2026-03-18T19:00;balanco;S;-1.329
2026-03-18T19:00;balanco;SE;-2.242
2026-03-18T19:00;balanco;SIN;-79.026
2026-03-18T20:00;balanco;N;-16.899
2026-03-18T20:00;balanco;NE;-112.293
2026-03-18T20:00;balanco;S;-1.105
2026-03-18T20:00;balanco;SE;-2.801
2026-03-18T20:00;balanco;SIN;-133.094
2026-03-18T21:00;balanco;N;-22.162
2026-03-18T21:00;balanco;NE;-112.492
2026-03-18T21:00;balanco;S;-0.592
2026-03-18T21:00;balanco;SE;-3.364
2026-03-18T21:00;balanco;SIN;-138.608
2026-03-18T22:00;balanco;N;-22.131
2026-03-18T22:00;balanco;NE;-68.542
2026-03-18T22:00;balanco;S;0.679
2026-03-18T22:00;balanco;SE;-2.325
2026-03-18T22:00;balanco;SIN;-92.32
2026-03-18T23:00;balanco;N;-21.496
2026-03-18T23:00;balanco;NE;-24.777
2026-03-18T23:00;balanco;S;0.775
2026-03-18T23:00;balanco;SE;-2.468
2026-03-18T23:00;balanco;SIN;-47.968
2026-03-19T00:00;balanco;N;-21.127
2026-03-19T00:00;balanco;NE;-55.484
2026-03-19T00:00;balanco;S;0.851
2026-03-19T00:00;balanco;SE;-2.887
2026-03-19T00:00;balanco;SIN;-78.648
2026-03-19T01:00;balanco;N;-23.165
2026-03-19T01:00;balanco;NE;-72.378
2026-03-19T01:00;balanco;S;0.578
2026-03-19T01:00;balanco;SE;8.708
2026-03-19T01:00;balanco;SIN;-86.254
2026-03-19T02:00;balanco;N;-23.896
2026-03-19T02:00;balanco;NE;-66.153
2026-03-19T02:00;balanco;S;-0.222
2026-03-19T02:00;balanco;SE;3.629
2026-03-19T02:00;balanco;SIN;-86.647
2026-03-19T03:00;balanco;N;-23.828
2026-03-19T03:00;balanco;NE;-43.304
2026-03-19T03:00;balanco;S;-1.048
2026-03-19T03:00;balanco;SE;-1.194
2026-03-19T03:00;balanco;SIN;-69.37
2026-03-19T04:00;balanco;N;-23.061
2026-03-19T04:00;balanco;NE;-32.003
2026-03-19T04:00;balanco;S;-1.26
2026-03-19T04:00;balanco;SE;4.415
2026-03-19T04:00;balanco;SIN;-51.905
2026-03-19T05:00;balanco;N;-23.312
2026-03-19T05:00;balanco;NE;-23.015
2026-03-19T05:00;balanco;S;1.049
2026-03-19T05:00;balanco;SE;4.355
2026-03-19T05:00;balanco;SIN;-40.928
2026-03-19T06:00;balanco;N;-20.283
2026-03-19T06:00;balanco;NE;123.315
2026-03-19T06:00;balanco;S;0.795
2026-03-19T06:00;balanco;SE;-5.592
2026-03-19T06:00;balanco;SIN;98.238
2026-03-19T07:00;balanco;N;76.807
2026-03-19T07:00;balanco;NE;245.024
2026-03-19T07:00;balanco;S;1.602
2026-03-19T07:00;balanco;SE;42.455
2026-03-19T07:00;balanco;SIN;365.883
2026-03-19T08:00;balanco;N;81.574
2026-03-19T08:00;balanco;NE;122.764
2026-03-19T08:00;balanco;S;1.636
2026-03-19T08:00;balanco;SE;71.391
2026-03-19T08:00;balanco;SIN;277.369
2026-03-19T09:00;balanco;N;49.128
2026-03-19T09:00;balanco;NE;43.65
2026-03-19T09:00;balanco;S;1.648
2026-03-19T09:00;balanco;SE;43.755
2026-03-19T09:00;balanco;SIN;138.185
2026-03-19T10:00;balanco;N;-5.21
2026-03-19T10:00;balanco;NE;-7.326
2026-03-19T10:00;balanco;S;1.326
2026-03-19T10:00;balanco;SE;52.563
2026-03-19T10:00;balanco;SIN;41.349
2026-03-19T11:00;balanco;N;-3.02
2026-03-19T11:00;balanco;NE;-83.472
2026-03-19T11:00;balanco;S;-0.365
2026-03-19T11:00;balanco;SE;39.064
2026-03-19T11:00;balanco;SIN;-47.798
2026-03-19T12:00;balanco;N;-2.767
2026-03-19T12:00;balanco;NE;-85.365
2026-03-19T12:00;balanco;S;-2.822
2026-03-19T12:00;balanco;SE;51.382
2026-03-19T12:00;balanco;SIN;-39.571
2026-03-19T13:00;balanco;N;-2.849
2026-03-19T13:00;balanco;NE;-111.89
2026-03-19T13:00;balanco;S;-2.545
2026-03-19T13:00;balanco;SE;37.057
2026-03-19T13:00;balanco;SIN;-80.228
2026-03-19T14:00;balanco;N;-3.114
2026-03-19T14:00;balanco;NE;-100.268
2026-03-19T14:00;balanco;S;-3.981
2026-03-19T14:00;balanco;SE;40.777
2026-03-19T14:00;balanco;SIN;-66.591
2026-03-19T15:00;balanco;N;-3.946
2026-03-19T15:00;balanco;NE;-81.029
2026-03-19T15:00;balanco;S;-3.898
2026-03-19T15:00;balanco;SE;44.531
2026-03-19T15:00;balanco;SIN;-44.34
2026-03-19T16:00;balanco;N;-3.904
2026-03-19T16:00;balanco;NE;2.94
2026-03-19T16:00;balanco;S;-4.408
2026-03-19T16:00;balanco;SE;10.171
2026-03-19T16:00;balanco;SIN;4.795
2026-03-19T17:00;balanco;N;-3.238
2026-03-19T17:00;balanco;NE;87.339
2026-03-19T17:00;balanco;S;-4.376
2026-03-19T17:00;balanco;SE;1.388
2026-03-19T17:00;balanco;SIN;81.112
2026-03-19T18:00;balanco;N;-3.266
2026-03-19T18:00;balanco;NE;239.711
2026-03-19T18:00;balanco;S;-1.63
2026-03-19T18:00;balanco;SE;-0.214
2026-03-19T18:00;balanco;SIN;234.596
2026-03-19T19:00;balanco;N;-3.339
2026-03-19T19:00;balanco;NE;240.831
2026-03-19T19:00;balanco;S;-3.037
2026-03-19T19:00;balanco;SE;-1.783
2026-03-19T19:00;balanco;SIN;232.671
2026-03-19T20:00;balanco;N;-3.461
2026-03-19T20:00;balanco;NE;241.125
2026-03-19T20:00;balanco;S;-3.242
2026-03-19T20:00;balanco;SE;-1.888
2026-03-19T20:00;balanco;SIN;232.533
2026-03-19T21:00;balanco;N;-3.4
2026-03-19T21:00;balanco;NE;234.554
2026-03-19T21:00;balanco;S;-2.043
2026-03-19T21:00;balanco;SE;-2.435
2026-03-19T21:00;balanco;SIN;226.679
2026-03-19T22:00;balanco;N;-3.399
2026-03-19T22:00;balanco;NE;263.018
2026-03-19T22:00;balanco;S;-1.937
2026-03-19T22:00;balanco;SE;-1.998
2026-03-19T22:00;balanco;SIN;255.68
2026-03-19T23:00;balanco;N;-3.45
2026-03-19T23:00;balanco;NE;279.116
2026-03-19T23:00;balanco;S;-3.668
2026-03-19T23:00;balanco;SE;-0.116
2026-03-19T23:00;balanco;SIN;271.884
2026-03-22T00:00;balanco;N;-2.148
2026-03-22T00:00;balanco;NE;-32.663
2026-03-22T00:00;balanco;S;-2.769
2026-03-22T00:00;balanco;SE;0.557
2026-03-22T00:00;balanco;SIN;-37.026
2026-03-22T01:00;balanco;N;-2.253
2026-03-22T01:00;balanco;NE;-44.926
2026-03-22T01:00;balanco;S;-2.278
2026-03-22T01:00;balanco;SE;5.511
2026-03-22T01:00;balanco;SIN;-43.948
2026-03-22T02:00;balanco;N;-2.301
2026-03-22T02:00;balanco;NE;-55.867
2026-03-22T02:00;balanco;S;1.039
2026-03-22T02:00;balanco;SE;4.527
2026-03-22T02:00;balanco;SIN;-52.598
2026-03-22T03:00;balanco;N;-2.171
2026-03-22T03:00;balanco;NE;-31.176
2026-03-22T03:00;balanco;S;1.452
2026-03-22T03:00;balanco;SE;0.598
2026-03-22T03:00;balanco;SIN;-31.293
2026-03-22T04:00;balanco;N;-2.232
2026-03-22T04:00;balanco;NE;-52.697
2026-03-22T04:00;balanco;SE;5.613
2026-03-22T04:00;balanco;SIN;-49.335
2026-03-22T05:00;balanco;N;-2.177
2026-03-22T05:00;balanco;NE;-56.628
2026-03-22T05:00;balanco;S;0.585
2026-03-22T05:00;balanco;SE;4.272
2026-03-22T05:00;balanco;SIN;-53.943
2026-03-22T06:00;balanco;N;-1.308
2026-03-22T06:00;balanco;NE;-50.874
2026-03-22T06:00;balanco;S;-0.706
2026-03-22T06:00;balanco;SE;-6.807
2026-03-22T06:00;balanco;SIN;-59.691
2026-03-22T07:00;balanco;N;-2.188
2026-03-22T07:00;balanco;NE;-191.152
2026-03-22T07:00;balanco;S;-0.179
2026-03-22T07:00;balanco;SE;26.768
2026-03-22T07:00;balanco;SIN;-166.744
2026-03-22T08:00;balanco;N;-2.157
2026-03-22T08:00;balanco;NE;2.818
2026-03-22T08:00;balanco;S;0.26
2026-03-22T08:00;balanco;SE;19.578
2026-03-22T08:00;balanco;SIN;20.498
2026-03-22T09:00;balanco;N;-2.112
2026-03-22T09:00;balanco;NE;-14.997
2026-03-22T09:00;balanco;S;-0.124
2026-03-22T09:00;balanco;SE;25.962
2026-03-22T09:00;balanco;SIN;8.729
2026-03-22T10:00;balanco;N;-2.14
2026-03-22T10:00;balanco;NE;-27.105
2026-03-22T10:00;balanco;S;1.577
2026-03-22T10:00;balanco;SE;19.229
2026-03-22T10:00;balanco;SIN;-8.438
2026-03-22T11:00;balanco;N;-2.337
2026-03-22T11:00;balanco;NE;-19.762
2026-03-22T11:00;balanco;S;-0.796
2026-03-22T11:00;balanco;SE;15.522
2026-03-22T11:00;balanco;SIN;-7.378
2026-03-22T12:00;balanco;N;-2.315
2026-03-22T12:00;balanco;NE;-49.618
2026-03-22T12:00;balanco;S;-1.663
2026-03-22T12:00;balanco;SE;46.825
2026-03-22T12:00;balanco;SIN;-6.776
2026-03-22T13:00;balanco;N;-2.286
2026-03-22T13:00;balanco;NE;-64.897
2026-03-22T13:00;balanco;S;-2.999
2026-03-22T13:00;balanco;SE;38.266
2026-03-22T13:00;balanco;SIN;-31.923
2026-03-22T14:00;balanco;N;-2.185
2026-03-22T14:00;balanco;NE;-108.225
2026-03-22T14:00;balanco;S;-3.506
2026-03-22T14:00;balanco;SE;47.349
2026-03-22T14:00;balanco;SIN;-66.572
2026-03-22T15:00;balanco;N;-2.011
2026-03-22T15:00;balanco;NE;-166.319
2026-03-22T15:00;balanco;S;-2.411
2026-03-22T15:00;balanco;SE;62.002
2026-03-22T15:00;balanco;SIN;-108.742
2026-03-22T16:00;balanco;N;-2.774
2026-03-22T16:00;balanco;NE;-204.318
2026-03-22T16:00;balanco;S;-2.812
2026-03-22T16:00;balanco;SE;46.566
2026-03-22T16:00;balanco;SIN;-163.337
2026-03-22T17:00;balanco;N;-2.862
2026-03-22T17:00;balanco;NE;-124.201
2026-03-22T17:00;balanco;S;-1.147
2026-03-22T17:00;balanco;SE;-23.625
2026-03-22T17:00;balanco;SIN;-151.84
2026-03-22T18:00;balanco;N;-2.531
2026-03-22T18:00;balanco;NE;-93.711
2026-03-22T18:00;balanco;S;0.233
2026-03-22T18:00;balanco;SE;5.868
2026-03-22T18:00;balanco;SIN;-90.141
2026-03-22T19:00;balanco;N;-2.342
2026-03-22T19:00;balanco;NE;-99.548
2026-03-22T19:00;balanco;S;0.49
2026-03-22T19:00;balanco;SE;3.426
2026-03-22T19:00;balanco;SIN;-97.978
2026-03-22T20:00;balanco;N;-2.384
2026-03-22T20:00;balanco;NE;-18.911
2026-03-22T20:00;balanco;S;-0.372
2026-03-22T20:00;balanco;SE;-0.873
2026-03-22T20:00;balanco;SIN;-22.544
2026-03-22T21:00;balanco;N;-2.271
2026-03-22T21:00;balanco;NE;-7.2
2026-03-22T21:00;balanco;S;0.499
2026-03-22T21:00;balanco;SE;-0.445
2026-03-22T21:00;balanco;SIN;-9.414
2026-03-22T22:00;balanco;N;-2.368
2026-03-22T22:00;balanco;NE;-20.692
2026-03-22T22:00;balanco;S;1.425
2026-03-22T22:00;balanco;SE;-1.361
2026-03-22T22:00;balanco;SIN;-23.001
2026-03-22T23:00;balanco;N;-2.168
2026-03-22T23:00;balanco;NE;6.736
2026-03-22T23:00;balanco;S;0.892
2026-03-22T23:00;balanco;SE;-0.891
2026-03-22T23:00;balanco;SIN;4.567
2026-03-26T00:00;balanco;N;-0.962
2026-03-26T00:00;balanco;NE;-36.725
2026-03-26T00:00;balanco;S;-2.156
2026-03-26T00:00;balanco;SE;-4.761
2026-03-26T00:00;balanco;SIN;-44.602
2026-03-26T01:00;balanco;N;-0.994
2026-03-26T01:00;balanco;NE;-62.061
2026-03-26T01:00;balanco;S;-0.942
2026-03-26T01:00;balanco;SE;-5.114
2026-03-26T01:00;balanco;SIN;-69.11
2026-03-26T02:00;balanco;N;-0.747
2026-03-26T02:00;balanco;NE;-53.118
2026-03-26T02:00;balanco;S;-0.428
2026-03-26T02:00;balanco;SE;-2.287
2026-03-26T02:00;balanco;SIN;-56.579
2026-03-26T03:00;balanco;N;-0.654
2026-03-26T03:00;balanco;NE;-74.104
2026-03-26T03:00;balanco;S;0.969
2026-03-26T03:00;balanco;SE;-3.45
2026-03-26T03:00;balanco;SIN;-77.23
2026-03-26T04:00;balanco;N;-0.723
2026-03-26T04:00;balanco;NE;-94.695
2026-03-26T04:00;balanco;S;1.005
2026-03-26T04:00;balanco;SE;3.215
2026-03-26T04:00;balanco;SIN;-91.194
2026-03-26T05:00;balanco;N;-0.549
2026-03-26T05:00;balanco;NE;-104.512
2026-03-26T05:00;balanco;S;0.354
2026-03-26T05:00;balanco;SE;-7.21
2026-03-26T05:00;balanco;SIN;-111.919
2026-03-26T06:00;balanco;N;-0.599
2026-03-26T06:00;balanco;NE;-90.26
2026-03-26T06:00;balanco;S;-2.101
2026-03-26T06:00;balanco;SE;20.113
2026-03-26T06:00;balanco;SIN;-72.845
2026-03-26T07:00;balanco;N;-0.565
2026-03-26T07:00;balanco;NE;-49.164
2026-03-26T07:00;balanco;S;-2.827
2026-03-26T07:00;balanco;SE;63.772
2026-03-26T07:00;balanco;SIN;11.212
2026-03-26T08:00;balanco;N;-0.595
2026-03-26T08:00;balanco;NE;-67.976
2026-03-26T08:00;balanco;SE;99.135
2026-03-26T08:00;balanco;SIN;30.555
2026-03-26T09:00;balanco;N;-0.79
2026-03-26T09:00;balanco;NE;-52.494
2026-03-26T09:00;balanco;S;-0.711
2026-03-26T09:00;balanco;SE;157.705
2026-03-26T09:00;balanco;SIN;103.711
2026-03-26T10:00;balanco;N;-0.682
2026-03-26T10:00;balanco;NE;-100.823
2026-03-26T10:00;balanco;S;-0.758
2026-03-26T10:00;balanco;SE;91.417
2026-03-26T10:00;balanco;SIN;-10.846
2026-03-26T11:00;balanco;N;-0.717
2026-03-26T11:00;balanco;NE;-79.487
2026-03-26T11:00;balanco;SE;91.849
2026-03-26T11:00;balanco;SIN;11.687
2026-03-26T12:00;balanco;N;-0.79
2026-03-26T12:00;balanco;NE;-65.629
2026-03-26T12:00;balanco;S;0.378
2026-03-26T12:00;balanco;SE;103.784
2026-03-26T12:00;balanco;SIN;37.746
2026-03-26T13:00;balanco;N;-0.814
2026-03-26T13:00;balanco;NE;-111.392
2026-03-26T13:00;balanco;S;1.003
2026-03-26T13:00;balanco;SE;81.372
2026-03-26T13:00;balanco;SIN;-29.827
2026-03-26T14:00;balanco;N;-2.081
2026-03-26T14:00;balanco;NE;-140.554
2026-03-26T14:00;balanco;S;-1.759
2026-03-26T14:00;balanco;SE;115.677
2026-03-26T14:00;balanco;SIN;-28.717
2026-03-26T15:00;balanco;N;0.695
2026-03-26T15:00;balanco;NE;-132.771
2026-03-26T15:00;balanco;S;-3.189
2026-03-26T15:00;balanco;SE;55.701
2026-03-26T15:00;balanco;SIN;-79.566
2026-03-26T16:00;balanco;N;-0.665
2026-03-26T16:00;balanco;NE;-121.374
2026-03-26T16:00;balanco;S;-2.539
2026-03-26T16:00;balanco;SE;73.738
2026-03-26T16:00;balanco;SIN;-50.844
2026-03-26T17:00;balanco;N;-1.269
2026-03-26T17:00;balanco;NE;-99.387
2026-03-26T17:00;balanco;S;-3.167
2026-03-26T17:00;balanco;SE;7.086
2026-03-26T17:00;balanco;SIN;-96.736
2026-03-26T18:00;balanco;N;-1.444
2026-03-26T18:00;balanco;NE;-55.268
2026-03-26T18:00;balanco;S;-2.764
2026-03-26T18:00;balanco;SE;1.149
2026-03-26T18:00;balanco;SIN;-58.325
2026-03-26T19:00;balanco;N;-8.207
2026-03-26T19:00;balanco;NE;-52.119
2026-03-26T19:00;balanco;S;0.318
2026-03-26T19:00;balanco;SE;-0.394
2026-03-26T19:00;balanco;SIN;-60.407
2026-03-26T20:00;balanco;N;-7.511
2026-03-26T20:00;balanco;NE;-19.965
2026-03-26T20:00;balanco;S;-2.964
2026-03-26T20:00;balanco;SE;-12.272
2026-03-26T20:00;balanco;SIN;-42.715
2026-03-26T21:00;balanco;N;-8.756
2026-03-26T21:00;balanco;NE;-55.994
2026-03-26T21:00;balanco;S;-3.935
2026-03-26T21:00;balanco;SE;-6.261
2026-03-26T21:00;balanco;SIN;-74.942
2026-03-26T22:00;balanco;N;-9.683
2026-03-26T22:00;balanco;NE;-107.206
2026-03-26T22:00;balanco;S;-4.581
2026-03-26T22:00;balanco;SE;-5.511
2026-03-26T22:00;balanco;SIN;-126.979
2026-03-26T23:00;balanco;N;-3.514
2026-03-26T23:00;balanco;NE;-69.867
2026-03-26T23:00;balanco;S;-4.066
2026-03-26T23:00;balanco;SE;-5.445
2026-03-26T23:00;balanco;SIN;-82.895
2026-03-28T00:00;balanco;N;-3.021
2026-03-28T00:00;balanco;NE;-41.174
2026-03-28T00:00;balanco;S;-8.718
2026-03-28T00:00;balanco;SE;-0.773
2026-03-28T00:00;balanco;SIN;-53.684
2026-03-28T01:00;balanco;N;-3.234
2026-03-28T01:00;balanco;NE;-41.596
2026-03-28T01:00;balanco;S;-7.035
2026-03-28T01:00;balanco;SE;-4.207
2026-03-28T01:00;balanco;SIN;-56.075
2026-03-28T02:00;balanco;N;-2.755
2026-03-28T02:00;balanco;NE;-51.399
2026-03-28T02:00;balanco;S;-6.252
2026-03-28T02:00;balanco;SE;-2.698
2026-03-28T02:00;balanco;SIN;-63.103
2026-03-28T03:00;balanco;N;-2.924
2026-03-28T03:00;balanco;NE;-41.406
2026-03-28T03:00;balanco;S;-3.547
2026-03-28T03:00;balanco;SE;-1.782
2026-03-28T03:00;balanco;SIN;-49.659
2026-03-28T04:00;balanco;N;-2.985
2026-03-28T04:00;balanco;NE;-30.951
2026-03-28T04:00;balanco;S;-3.341
2026-03-28T04:00;balanco;SE;2.651
2026-03-28T04:00;balanco;SIN;-34.622
2026-03-28T05:00;balanco;N;15.902
2026-03-28T05:00;balanco;NE;-27.879
2026-03-28T05:00;balanco;S;-3.35
2026-03-28T05:00;balanco;SE;10.526
2026-03-28T05:00;balanco;SIN;-4.802
2026-03-28T06:00;balanco;N;14.107
2026-03-28T06:00;balanco;NE;-48.035
2026-03-28T06:00;balanco;S;-2.898
2026-03-28T06:00;balanco;SE;19.219
2026-03-28T06:00;balanco;SIN;-17.605
2026-03-28T07:00;balanco;N;0.19
2026-03-28T07:00;balanco;NE;-30.89
2026-03-28T07:00;balanco;S;-1.347
2026-03-28T07:00;balanco;SE;83.653
2026-03-28T07:00;balanco;SIN;51.608
2026-03-28T08:00;balanco;N;0.328
2026-03-28T08:00;balanco;NE;-22.103
2026-03-28T08:00;balanco;S;2.615
2026-03-28T08:00;balanco;SE;44.997
2026-03-28T08:00;balanco;SIN;25.838
2026-03-28T09:00;balanco;N;0.277
2026-03-28T09:00;balanco;NE;-6.736
2026-03-28T09:00;balanco;S;1.073
2026-03-28T09:00;balanco;SE;40.263
2026-03-28T09:00;balanco;SIN;34.88
2026-03-28T10:00;balanco;N;0.194
2026-03-28T10:00;balanco;NE;3.495
2026-03-28T10:00;balanco;S;0.985
2026-03-28T10:00;balanco;SE;34.128
2026-03-28T10:00;balanco;SIN;38.801
2026-03-28T11:00;balanco;N;0.237
2026-03-28T11:00;balanco;NE;3.957
2026-03-28T11:00;balanco;S;0.997
2026-03-28T11:00;balanco;SE;35.226
2026-03-28T11:00;balanco;SIN;40.418
2026-03-28T12:00;balanco;N;0.107
2026-03-28T12:00;balanco;NE;0.306
2026-03-28T12:00;balanco;S;0.974
2026-03-28T12:00;balanco;SE;53.177
2026-03-28T12:00;balanco;SIN;54.562
2026-03-28T13:00;balanco;N;0.115
2026-03-28T13:00;balanco;NE;-9.184
2026-03-28T13:00;balanco;S;1.378
2026-03-28T13:00;balanco;SE;62.136
2026-03-28T13:00;balanco;SIN;54.447
2026-03-28T14:00;balanco;NE;0.421
2026-03-28T14:00;balanco;S;1.567
2026-03-28T14:00;balanco;SE;70.635
2026-03-28T14:00;balanco;SIN;72.655
2026-03-28T15:00;balanco;N;-0.103
2026-03-28T15:00;balanco;NE;-23.058
2026-03-28T15:00;balanco;S;1.247
2026-03-28T15:00;balanco;SE;93.261
2026-03-28T15:00;balanco;SIN;71.345
2026-03-28T16:00;balanco;N;-0.318
2026-03-28T16:00;balanco;NE;-50.831
2026-03-28T16:00;balanco;S;-0.679
2026-03-28T16:00;balanco;SE;62.736
2026-03-28T16:00;balanco;SIN;10.909
2026-03-28T17:00;balanco;N;-0.112
2026-03-28T17:00;balanco;NE;-145.461
2026-03-28T17:00;balanco;S;-0.749
2026-03-28T17:00;balanco;SE;-24.968
2026-03-28T17:00;balanco;SIN;-171.288
2026-03-28T18:00;balanco;NE;-62.081
2026-03-28T18:00;balanco;S;-1.55
2026-03-28T18:00;balanco;SE;-6.68
2026-03-28T18:00;balanco;SIN;-70.299
2026-03-28T19:00;balanco;NE;-58.614
2026-03-28T19:00;balanco;S;-3.443
2026-03-28T19:00;balanco;SE;-0.818
2026-03-28T19:00;balanco;SIN;-62.832
2026-03-28T20:00;balanco;NE;-41.368
2026-03-28T20:00;balanco;S;-5.223
2026-03-28T20:00;balanco;SE;-5.997
2026-03-28T20:00;balanco;SIN;-52.68
2026-03-28T21:00;balanco;N;0.176
2026-03-28T21:00;balanco;NE;-50.497
2026-03-28T21:00;balanco;S;-1.337
2026-03-28T21:00;balanco;SE;-6.124
2026-03-28T21:00;balanco;SIN;-57.784
2026-03-28T22:00;balanco;N;0.139
2026-03-28T22:00;balanco;NE;-51.075
2026-03-28T22:00;balanco;S;-2.247
2026-03-28T22:00;balanco;SE;-5.647
2026-03-28T22:00;balanco;SIN;-58.832
2026-03-28T23:00;balanco;NE;-30.541
2026-03-28T23:00;balanco;S;-5.28
2026-03-28T23:00;balanco;SE;-6.302
2026-03-28T23:00;balanco;SIN;-42.111
2026-03-29T00:00;balanco;NE;-63.908
2026-03-29T00:00;balanco;S;-2.286
2026-03-29T00:00;balanco;SE;-3.46
2026-03-29T00:00;balanco;SIN;-69.743
2026-03-29T01:00;balanco;N;-0.179
2026-03-29T01:00;balanco;NE;-57.956
2026-03-29T01:00;balanco;S;2.476
2026-03-29T01:00;balanco;SE;-2.454
2026-03-29T01:00;balanco;SIN;-58.114
2026-03-29T02:00;balanco;N;-0.181
2026-03-29T02:00;balanco;NE;-52.018
2026-03-29T02:00;balanco;S;1.376
2026-03-29T02:00;balanco;SE;11.74
2026-03-29T02:00;balanco;SIN;-39.084
2026-03-29T03:00;balanco;N;-0.219
2026-03-29T03:00;balanco;NE;-44.312
2026-03-29T03:00;balanco;S;1.376
2026-03-29T03:00;balanco;SE;0.636
2026-03-29T03:00;balanco;SIN;-42.522
2026-03-29T04:00;balanco;N;-0.127
2026-03-29T04:00;balanco;NE;-49.496
2026-03-29T04:00;balanco;S;1.376
2026-03-29T04:00;balanco;SE;2.575
2026-03-29T04:00;balanco;SIN;-45.676
2026-03-29T05:00;balanco;N;-0.223
2026-03-29T05:00;balanco;NE;-44.807
2026-03-29T05:00;balanco;S;1.376
2026-03-29T05:00;balanco;SE;2.878
2026-03-29T05:00;balanco;SIN;-40.772
2026-03-29T06:00;balanco;N;-0.208
2026-03-29T06:00;balanco;NE;-71.184
2026-03-29T06:00;balanco;S;0.469
2026-03-29T06:00;balanco;SE;8.369
2026-03-29T06:00;balanco;SIN;-62.554
2026-03-29T07:00;balanco;N;-0.195
2026-03-29T07:00;balanco;NE;-17.897
2026-03-29T07:00;balanco;S;1.893
2026-03-29T07:00;balanco;SE;48.681
2026-03-29T07:00;balanco;SIN;32.483
2026-03-29T08:00;balanco;N;-0.236
2026-03-29T08:00;balanco;NE;4.352
2026-03-29T08:00;balanco;S;1.376
2026-03-29T08:00;balanco;SE;-441.083
2026-03-29T08:00;balanco;SIN;-435.589
2026-03-29T09:00;balanco;N;-0.249
2026-03-29T09:00;balanco;NE;16.859
2026-03-29T09:00;balanco;S;1.004
2026-03-29T09:00;balanco;SE;-371.719
2026-03-29T09:00;balanco;SIN;-354.108
2026-03-29T10:00;balanco;N;-1.269
2026-03-29T10:00;balanco;NE;22.787
2026-03-29T10:00;balanco;S;1.388
2026-03-29T10:00;balanco;SE;-372.61
2026-03-29T10:00;balanco;SIN;-349.703
2026-03-29T11:00;balanco;N;-0.478
2026-03-29T11:00;balanco;NE;19.234
2026-03-29T11:00;balanco;S;0.999
2026-03-29T11:00;balanco;SE;-174.555
2026-03-29T11:00;balanco;SIN;-154.797
2026-03-29T12:00;balanco;N;-0.5
2026-03-29T12:00;balanco;NE;8.342
2026-03-29T12:00;balanco;S;0.992
2026-03-29T12:00;balanco;SE;-358.691
2026-03-29T12:00;balanco;SIN;-349.862
2026-03-29T13:00;balanco;N;-0.366
2026-03-29T13:00;balanco;NE;-3.767
2026-03-29T13:00;balanco;S;0.762
2026-03-29T13:00;balanco;SE;-60.291
2026-03-29T13:00;balanco;SIN;-63.667
2026-03-29T14:00;balanco;N;-0.718
2026-03-29T14:00;balanco;NE;2.98
2026-03-29T14:00;balanco;S;-3.324
2026-03-29T14:00;balanco;SE;36.4
2026-03-29T14:00;balanco;SIN;35.341
2026-03-29T15:00;balanco;N;-0.459
2026-03-29T15:00;balanco;NE;-8.169
2026-03-29T15:00;balanco;S;-4.053
2026-03-29T15:00;balanco;SE;280.605
2026-03-29T15:00;balanco;SIN;267.926
2026-03-29T16:00;balanco;N;-0.44
2026-03-29T16:00;balanco;NE;-22.178
2026-03-29T16:00;balanco;S;-2.736
2026-03-29T16:00;balanco;SE;-74.725
2026-03-29T16:00;balanco;SIN;-100.084
2026-03-29T17:00;balanco;N;-0.639
2026-03-29T17:00;balanco;NE;-3.92
2026-03-29T17:00;balanco;S;-3.104
2026-03-29T17:00;balanco;SE;-124.098
2026-03-29T17:00;balanco;SIN;-131.764
2026-03-29T18:00;balanco;N;-1.003
2026-03-29T18:00;balanco;NE;6.711
2026-03-29T18:00;balanco;S;-1.396
2026-03-29T18:00;balanco;SE;-0.122
2026-03-29T18:00;balanco;SIN;4.193
2026-03-29T19:00;balanco;N;-3.126
2026-03-29T19:00;balanco;NE;-0.238
2026-03-29T19:00;balanco;S;-0.406
2026-03-29T19:00;balanco;SE;-0.119
2026-03-29T19:00;balanco;SIN;-3.893
2026-03-29T20:00;balanco;N;-0.58
2026-03-29T20:00;balanco;NE;0.403
2026-03-29T20:00;balanco;S;-0.418
2026-03-29T20:00;balanco;SE;-5.835
2026-03-29T20:00;balanco;SIN;-6.426
2026-03-29T21:00;balanco;N;-0.616
2026-03-29T21:00;balanco;NE;-3.683
2026-03-29T21:00;balanco;SE;-5.75
2026-03-29T21:00;balanco;SIN;-10.12
2026-03-29T22:00;balanco;N;-0.764
2026-03-29T22:00;balanco;NE;-11.333
2026-03-29T22:00;balanco;S;-0.177
2026-03-29T22:00;balanco;SE;-5.859
2026-03-29T22:00;balanco;SIN;-18.13
2026-03-29T23:00;balanco;N;-0.67
2026-03-29T23:00;balanco;NE;-6.635
2026-03-29T23:00;balanco;S;-1.771
2026-03-29T23:00;balanco;SE;-6.484
2026-03-29T23:00;balanco;SIN;-15.562
2026-03-30T00:00;balanco;N;-0.683
2026-03-30T00:00;balanco;NE;-2.519
2026-03-30T00:00;balanco;S;-1.322
2026-03-30T00:00;balanco;SE;-5.875
2026-03-30T00:00;balanco;SIN;-10.398
2026-03-30T01:00;balanco;N;-0.8
2026-03-30T01:00;balanco;NE;-8.017
2026-03-30T01:00;balanco;S;-1.519
2026-03-30T01:00;balanco;SE;-6.206
2026-03-30T01:00;balanco;SIN;-16.55
2026-03-30T02:00;balanco;N;-0.679
2026-03-30T02:00;balanco;NE;-15.595
2026-03-30T02:00;balanco;S;0.132
2026-03-30T02:00;balanco;SE;-5.862
2026-03-30T02:00;balanco;SIN;-21.999
2026-03-30T03:00;balanco;N;-0.674
2026-03-30T03:00;balanco;NE;-12.596
2026-03-30T03:00;balanco;S;0.157
2026-03-30T03:00;balanco;SE;9.009
2026-03-30T03:00;balanco;SIN;-4.104
2026-03-30T04:00;balanco;N;-0.734
2026-03-30T04:00;balanco;NE;-14.023
2026-03-30T04:00;balanco;S;-2.498
2026-03-30T04:00;balanco;SE;4.899
2026-03-30T04:00;balanco;SIN;-12.357
2026-03-30T05:00;balanco;N;-0.739
2026-03-30T05:00;balanco;NE;-44.834
2026-03-30T05:00;balanco;S;4.964
2026-03-30T05:00;balanco;SE;1.444
2026-03-30T05:00;balanco;SIN;-39.158
2026-03-30T06:00;balanco;N;-10.442
2026-03-30T06:00;balanco;NE;-65.809
2026-03-30T06:00;balanco;S;-0.573
2026-03-30T06:00;balanco;SE;-8.046
2026-03-30T06:00;balanco;SIN;-84.871
2026-03-30T07:00;balanco;N;-18.049
2026-03-30T07:00;balanco;NE;-14.222
2026-03-30T07:00;balanco;S;2.55
2026-03-30T07:00;balanco;SE;38.409
2026-03-30T07:00;balanco;SIN;8.69
2026-03-30T08:00;balanco;N;-9.231
2026-03-30T08:00;balanco;NE;-27.277
2026-03-30T08:00;balanco;S;0.675
2026-03-30T08:00;balanco;SE;38.113
2026-03-30T08:00;balanco;SIN;2.283
2026-03-30T09:00;balanco;N;-0.712
2026-03-30T09:00;balanco;NE;-15.405
2026-03-30T09:00;balanco;S;0.732
2026-03-30T09:00;balanco;SE;58.138
2026-03-30T09:00;balanco;SIN;42.756
2026-03-30T10:00;balanco;N;-0.913
2026-03-30T10:00;balanco;NE;4.507
2026-03-30T10:00;balanco;S;1.248
2026-03-30T10:00;balanco;SE;60.485
2026-03-30T10:00;balanco;SIN;65.328
2026-03-30T11:00;balanco;N;-1.859
2026-03-30T11:00;balanco;NE;9.303
2026-03-30T11:00;balanco;S;1.101
2026-03-30T11:00;balanco;SE;67.633
2026-03-30T11:00;balanco;SIN;76.181
2026-03-30T12:00;balanco;N;-1.475
2026-03-30T12:00;balanco;NE;-9.227
2026-03-30T12:00;balanco;S;-7.565
2026-03-30T12:00;balanco;SE;63.947
2026-03-30T12:00;balanco;SIN;45.675
2026-03-30T13:00;balanco;N;-1.379
2026-03-30T13:00;balanco;NE;-77.235
2026-03-30T13:00;balanco;S;-0.331
2026-03-30T13:00;balanco;SE;74.141
2026-03-30T13:00;balanco;SIN;-4.806
2026-03-30T14:00;balanco;N;-1.209
2026-03-30T14:00;balanco;NE;-129.547
2026-03-30T14:00;balanco;S;-14.646
2026-03-30T14:00;balanco;SE;56.341
2026-03-30T14:00;balanco;SIN;-89.061
2026-03-30T15:00;balanco;N;-2.056
2026-03-30T15:00;balanco;NE;-142.899
2026-03-30T15:00;balanco;S;-7.642
2026-03-30T15:00;balanco;SE;53.802
2026-03-30T15:00;balanco;SIN;-98.794
2026-03-30T16:00;balanco;N;-1.221
2026-03-30T16:00;balanco;NE;-62.467
2026-03-30T16:00;balanco;S;-4.628
2026-03-30T16:00;balanco;SE;9.566
2026-03-30T16:00;balanco;SIN;-58.749
2026-03-30T17:00;balanco;N;-1.053
2026-03-30T17:00;balanco;NE;-75.937
2026-03-30T17:00;balanco;S;-3.264
2026-03-30T17:00;balanco;SE;-53.007
2026-03-30T17:00;balanco;SIN;-133.257
2026-03-30T18:00;balanco;N;-5.691
2026-03-30T18:00;balanco;NE;-56.209
2026-03-30T18:00;balanco;S;-2.639
2026-03-30T18:00;balanco;SE;-3.259
2026-03-30T18:00;balanco;SIN;-67.796
2026-03-30T19:00;balanco;N;-1.973
2026-03-30T19:00;balanco;NE;-28.875
2026-03-30T19:00;balanco;S;-2.59
2026-03-30T19:00;balanco;SE;0.991
2026-03-30T19:00;balanco;SIN;-32.445
2026-03-30T20:00;balanco;N;-1.626
2026-03-30T20:00;balanco;NE;-24.153
2026-03-30T20:00;balanco;S;-4.454
2026-03-30T20:00;balanco;SE;-5.142
2026-03-30T20:00;balanco;SIN;-35.375
2026-03-30T21:00;balanco;N;-1.728
2026-03-30T21:00;balanco;NE;0.73
2026-03-30T21:00;balanco;S;-3.435
2026-03-30T21:00;balanco;SE;-4.735
2026-03-30T21:00;balanco;SIN;-9.168
2026-03-30T22:00;balanco;N;-4.276
2026-03-30T22:00;balanco;NE;-30.392
2026-03-30T22:00;balanco;S;-6.652
2026-03-30T22:00;balanco;SE;-4.43
2026-03-30T22:00;balanco;SIN;-45.751
2026-03-30T23:00;balanco;N;-1.743
2026-03-30T23:00;balanco;NE;-32.105
2026-03-30T23:00;balanco;S;-6.981
2026-03-30T23:00;balanco;SE;-4.18
2026-03-30T23:00;balanco;SIN;-45.013
2026-04-01T00:00;balanco;N;-1.07
2026-04-01T00:00;balanco;NE;-21.31
2026-04-01T00:00;balanco;S;2.736
2026-04-01T00:00;balanco;SE;8.114
2026-04-01T00:00;balanco;SIN;-11.53
2026-04-01T01:00;balanco;N;-1.257
2026-04-01T01:00;balanco;NE;-16.808
2026-04-01T01:00;balanco;S;6.152
2026-04-01T01:00;balanco;SIN;-11.908
2026-04-01T02:00;balanco;N;-1.218
2026-04-01T02:00;balanco;NE;-18.379
2026-04-01T02:00;balanco;S;6.875
2026-04-01T02:00;balanco;SIN;-12.728
2026-04-01T03:00;balanco;N;-1.268
2026-04-01T03:00;balanco;NE;-20.204
2026-04-01T03:00;balanco;S;6.665
2026-04-01T03:00;balanco;SIN;-14.807
2026-04-01T04:00;balanco;N;-1.195
2026-04-01T04:00;balanco;NE;-23.982
2026-04-01T04:00;balanco;S;5.683
2026-04-01T04:00;balanco;SE;0.265
2026-04-01T04:00;balanco;SIN;-12.803
2026-04-01T05:00;balanco;N;-1.314
2026-04-01T05:00;balanco;NE;-28.771
2026-04-01T05:00;balanco;S;7.328
2026-04-01T05:00;balanco;SE;0.281
2026-04-01T05:00;balanco;SIN;-18.867
2026-04-01T06:00;balanco;N;-1.185
2026-04-01T06:00;balanco;NE;-30.76
2026-04-01T06:00;balanco;S;7.425
2026-04-01T06:00;balanco;SE;-2.019
2026-04-01T06:00;balanco;SIN;-47.799
2026-04-01T07:00;balanco;N;0.72
2026-04-01T07:00;balanco;NE;-27.033
2026-04-01T07:00;balanco;S;7.39
2026-04-01T07:00;balanco;SE;15.561
2026-04-01T07:00;balanco;SIN;8.824
2026-04-01T08:00;balanco;N;15.69
2026-04-01T08:00;balanco;NE;-25.599
2026-04-01T08:00;balanco;S;7.3
2026-04-01T08:00;balanco;SE;18.728
2026-04-01T08:00;balanco;SIN;37.884
2026-04-01T09:00;balanco;N;34.007
2026-04-01T09:00;balanco;NE;-7.363
2026-04-01T09:00;balanco;S;6.968
2026-04-01T09:00;balanco;SE;-26.31
2026-04-01T09:00;balanco;SIN;-9.505
2026-04-01T10:00;balanco;N;48.074
2026-04-01T10:00;balanco;NE;-7.693
2026-04-01T10:00;balanco;S;5.717
2026-04-01T10:00;balanco;SE;-31.442
2026-04-01T10:00;balanco;SIN;37.548
2026-04-01T11:00;balanco;N;71.389
2026-04-01T11:00;balanco;NE;-24.594
2026-04-01T11:00;balanco;S;6.191
2026-04-01T11:00;balanco;SE;-73.366
2026-04-01T11:00;balanco;SIN;45.163
2026-04-01T12:00;balanco;N;84.481
2026-04-01T12:00;balanco;NE;-43.023
2026-04-01T12:00;balanco;S;4.466
2026-04-01T12:00;balanco;SE;-60.269
2026-04-01T12:00;balanco;SIN;31.905
2026-04-01T13:00;balanco;N;64.471
2026-04-01T13:00;balanco;NE;-51.536
2026-04-01T13:00;balanco;S;4.204
2026-04-01T13:00;balanco;SE;-57.986
2026-04-01T13:00;balanco;SIN;1.198
2026-04-01T14:00;balanco;N;48.391
2026-04-01T14:00;balanco;NE;-67.827
2026-04-01T14:00;balanco;S;2.07
2026-04-01T14:00;balanco;SE;-93.334
2026-04-01T14:00;balanco;SIN;-78.933
2026-04-01T15:00;balanco;N;56.64
2026-04-01T15:00;balanco;NE;-41.385
2026-04-01T15:00;balanco;S;1.278
2026-04-01T15:00;balanco;SE;-60.558
2026-04-01T15:00;balanco;SIN;-41.39
2026-04-01T16:00;balanco;N;47.05
2026-04-01T16:00;balanco;NE;8.354
2026-04-01T16:00;balanco;S;-1.043
2026-04-01T16:00;balanco;SE;-59.511
2026-04-01T16:00;balanco;SIN;-24.668
2026-04-01T17:00;balanco;N;27.916
2026-04-01T17:00;balanco;NE;-56.543
2026-04-01T17:00;balanco;S;1.08
2026-04-01T17:00;balanco;SE;-44.979
2026-04-01T17:00;balanco;SIN;-59.058
2026-04-01T18:00;balanco;N;8.993
2026-04-01T18:00;balanco;NE;-58.171
2026-04-01T18:00;balanco;S;-0.501
2026-04-01T18:00;balanco;SE;-11.905
2026-04-01T18:00;balanco;SIN;-55.275
2026-04-01T19:00;balanco;N;-0.923
2026-04-01T19:00;balanco;NE;-48.344
2026-04-01T19:00;balanco;S;-0.974
2026-04-01T19:00;balanco;SE;-2.193
2026-04-01T19:00;balanco;SIN;-47.853
2026-04-01T20:00;balanco;N;-1.326
2026-04-01T20:00;balanco;NE;-10.848
2026-04-01T20:00;balanco;S;-3.148
2026-04-01T20:00;balanco;SE;-2.56
2026-04-01T20:00;balanco;SIN;-17.882
2026-04-01T21:00;balanco;N;-1.267
2026-04-01T21:00;balanco;NE;-16.467
2026-04-01T21:00;balanco;S;-5.625
2026-04-01T21:00;balanco;SE;-0.773
2026-04-01T21:00;balanco;SIN;-24.136
2026-04-01T22:00;balanco;N;-1.064
2026-04-01T22:00;balanco;NE;39.553
2026-04-01T22:00;balanco;S;-6.036
2026-04-01T22:00;balanco;SE;-202.911
2026-04-01T22:00;balanco;SIN;-170.46
2026-04-01T23:00;balanco;N;-1.036
2026-04-01T23:00;balanco;NE;-23.469
2026-04-01T23:00;balanco;S;-3.863
2026-04-01T23:00;balanco;SE;-229.386
2026-04-01T23:00;balanco;SIN;-257.747
2026-04-02T00:00;balanco;N;-1.106
2026-04-02T00:00;balanco;NE;-29.582
2026-04-02T00:00;balanco;S;-1.203
2026-04-02T00:00;balanco;SE;-4.834
2026-04-02T00:00;balanco;SIN;-36.727
2026-04-02T01:00;balanco;N;-0.892
2026-04-02T01:00;balanco;NE;-28.021
2026-04-02T01:00;balanco;S;0.898
2026-04-02T01:00;balanco;SE;-0.657
2026-04-02T01:00;balanco;SIN;-28.675
2026-04-02T02:00;balanco;N;-0.865
2026-04-02T02:00;balanco;NE;-23.972
2026-04-02T02:00;balanco;S;3.307
2026-04-02T02:00;balanco;SE;-1.575
2026-04-02T02:00;balanco;SIN;-23.107
2026-04-02T03:00;balanco;N;-1.11
2026-04-02T03:00;balanco;NE;-18.278
2026-04-02T03:00;balanco;S;4.835
2026-04-02T03:00;balanco;SE;-3.937
2026-04-02T03:00;balanco;SIN;-18.492
2026-04-02T04:00;balanco;N;-1.143
2026-04-02T04:00;balanco;NE;-18.332
2026-04-02T04:00;balanco;S;6.668
2026-04-02T04:00;balanco;SE;3.648
2026-04-02T04:00;balanco;SIN;-9.162
2026-04-02T05:00;balanco;N;-1.091
2026-04-02T05:00;balanco;NE;-25.609
2026-04-02T05:00;balanco;S;7.3
2026-04-02T05:00;balanco;SE;17.036
2026-04-02T05:00;balanco;SIN;-2.361
2026-04-02T06:00;balanco;N;-1.124
2026-04-02T06:00;balanco;NE;-47.772
2026-04-02T06:00;balanco;S;6.69
2026-04-02T06:00;balanco;SE;87.565
2026-04-02T06:00;balanco;SIN;45.359
2026-04-02T07:00;balanco;N;0.567
2026-04-02T07:00;balanco;NE;-26.25
2026-04-02T07:00;balanco;S;7.371
2026-04-02T07:00;balanco;SE;32.852
2026-04-02T07:00;balanco;SIN;14.54
2026-04-02T08:00;balanco;N;11.761
2026-04-02T08:00;balanco;NE;-41.087
2026-04-02T08:00;balanco;S;6.855
2026-04-02T08:00;balanco;SE;65.134
2026-04-02T08:00;balanco;SIN;42.662
2026-04-02T09:00;balanco;N;28.54
2026-04-02T09:00;balanco;NE;-21.25
2026-04-02T09:00;balanco;S;6.684
2026-04-02T09:00;balanco;SE;21.747
2026-04-02T09:00;balanco;SIN;35.715
2026-04-02T10:00;balanco;N;50.308
2026-04-02T10:00;balanco;NE;-25.961
2026-04-02T10:00;balanco;S;6.335
2026-04-02T10:00;balanco;SE;5.153
2026-04-02T10:00;balanco;SIN;35.838
2026-04-02T11:00;balanco;N;70.832
2026-04-02T11:00;balanco;NE;-34.603
2026-04-02T11:00;balanco;S;5.336
2026-04-02T11:00;balanco;SE;-14.615
2026-04-02T11:00;balanco;SIN;26.942
2026-04-02T12:00;balanco;N;50.995
2026-04-02T12:00;balanco;NE;-60.819
2026-04-02T12:00;balanco;S;5.714
2026-04-02T12:00;balanco;SE;-2.489
2026-04-02T12:00;balanco;SIN;-6.593
2026-04-02T13:00;balanco;N;51.263
2026-04-02T13:00;balanco;NE;-124.731
2026-04-02T13:00;balanco;S;5.712
2026-04-02T13:00;balanco;SE;22.963
2026-04-02T13:00;balanco;SIN;-44.795
2026-04-02T14:00;balanco;N;76.302
2026-04-02T14:00;balanco;NE;-177.223
2026-04-02T14:00;balanco;S;4.764
2026-04-02T14:00;balanco;SE;-51.796
2026-04-02T14:00;balanco;SIN;-147.956
2026-04-02T15:00;balanco;N;70.025
2026-04-02T15:00;balanco;NE;-165.864
2026-04-02T15:00;balanco;S;5.585
2026-04-02T15:00;balanco;SE;-234.733
2026-04-02T15:00;balanco;SIN;-324.984
2026-04-02T16:00;balanco;N;55.144
2026-04-02T16:00;balanco;NE;-136.676
2026-04-02T16:00;balanco;S;4.643
2026-04-02T16:00;balanco;SE;-381.203
2026-04-02T16:00;balanco;SIN;-458.09
2026-04-02T17:00;balanco;N;30.805
2026-04-02T17:00;balanco;NE;-29.927
2026-04-02T17:00;balanco;S;5.817
2026-04-02T17:00;balanco;SE;-384.707
2026-04-02T17:00;balanco;SIN;-378.015
2026-04-02T18:00;balanco;N;9.068
2026-04-02T18:00;balanco;NE;-23.197
2026-04-02T18:00;balanco;S;4.647
2026-04-02T18:00;balanco;SE;-173.455
2026-04-02T18:00;balanco;SIN;-182.939
2026-04-02T19:00;balanco;N;-0.525
2026-04-02T19:00;balanco;NE;-23.295
2026-04-02T19:00;balanco;S;4.28
2026-04-02T19:00;balanco;SE;0.714
2026-04-02T19:00;balanco;SIN;-18.832
2026-04-02T20:00;balanco;N;-1.111
2026-04-02T20:00;balanco;NE;-40.603
2026-04-02T20:00;balanco;S;4.414
2026-04-02T20:00;balanco;SE;-5.688
2026-04-02T20:00;balanco;SIN;-42.988
2026-04-02T21:00;balanco;N;-1.037
2026-04-02T21:00;balanco;NE;-35.876
2026-04-02T21:00;balanco;S;5.03
2026-04-02T21:00;balanco;SE;-18.132
2026-04-02T21:00;balanco;SIN;-50.019
2026-04-02T22:00;balanco;N;-1.074
2026-04-02T22:00;balanco;NE;-24.919
2026-04-02T22:00;balanco;S;6.347
2026-04-02T22:00;balanco;SE;-20.017
2026-04-02T22:00;balanco;SIN;-39.667
2026-04-02T23:00;balanco;N;-0.991
2026-04-02T23:00;balanco;NE;-33.659
2026-04-02T23:00;balanco;S;5.753
2026-04-02T23:00;balanco;SE;-13.257
2026-04-02T23:00;balanco;SIN;-42.162
2026-04-04T00:00;balanco;N;-1.171
2026-04-04T00:00;balanco;NE;-14.553
2026-04-04T00:00;balanco;S;4.888
2026-04-04T00:00;balanco;SE;-29.759
2026-04-04T00:00;balanco;SIN;-40.599
2026-04-04T01:00;balanco;N;-0.833
2026-04-04T01:00;balanco;NE;-23.514
2026-04-04T01:00;balanco;S;4.686
2026-04-04T01:00;balanco;SE;-28.022
2026-04-04T01:00;balanco;SIN;-47.692
2026-04-04T02:00;balanco;N;-0.68
2026-04-04T02:00;balanco;NE;-20.4
2026-04-04T02:00;balanco;S;4.935
2026-04-04T02:00;balanco;SE;-25.866
2026-04-04T02:00;balanco;SIN;-42.007
2026-04-04T03:00;balanco;N;-0.559
2026-04-04T03:00;balanco;NE;-29.455
2026-04-04T03:00;balanco;S;5.41
2026-04-04T03:00;balanco;SE;-27.377
2026-04-04T03:00;balanco;SIN;-51.983
2026-04-04T04:00;balanco;N;-0.698
2026-04-04T04:00;balanco;NE;-35.179
2026-04-04T04:00;balanco;S;5.763
2026-04-04T04:00;balanco;SE;-33.755
2026-04-04T04:00;balanco;SIN;-63.865
2026-04-04T05:00;balanco;N;-0.676
2026-04-04T05:00;balanco;NE;-42.504
2026-04-04T05:00;balanco;S;4.964
2026-04-04T05:00;balanco;SE;-5.322
2026-04-04T05:00;balanco;SIN;-43.54
2026-04-04T06:00;balanco;N;-0.599
2026-04-04T06:00;balanco;NE;-55.043
2026-04-04T06:00;balanco;S;5.683
2026-04-04T06:00;balanco;SE;18.877
2026-04-04T06:00;balanco;SIN;-31.076
2026-04-04T07:00;balanco;N;1.185
2026-04-04T07:00;balanco;NE;-19.088
2026-04-04T07:00;balanco;S;6.312
2026-04-04T07:00;balanco;SE;28.919
2026-04-04T07:00;balanco;SIN;17.325
2026-04-04T08:00;balanco;N;17.727
2026-04-04T08:00;balanco;NE;-28.505
2026-04-04T08:00;balanco;S;7.467
2026-04-04T08:00;balanco;SE;2.788
2026-04-04T08:00;balanco;SIN;-0.519
2026-04-04T09:00;balanco;N;37.759
2026-04-04T09:00;balanco;NE;-30.373
2026-04-04T09:00;balanco;S;7.272
2026-04-04T09:00;balanco;SE;-3.678
2026-04-04T09:00;balanco;SIN;10.982
2026-04-04T10:00;balanco;N;52.579
2026-04-04T10:00;balanco;NE;-23.688
2026-04-04T10:00;balanco;S;7.272
2026-04-04T10:00;balanco;SE;-8.328
2026-04-04T10:00;balanco;SIN;27.838
2026-04-04T11:00;balanco;N;75.088
2026-04-04T11:00;balanco;NE;-32.74
2026-04-04T11:00;balanco;S;7.304
2026-04-04T11:00;balanco;SE;-16.057
2026-04-04T11:00;balanco;SIN;33.592
2026-04-04T12:00;balanco;N;72.392
2026-04-04T12:00;balanco;NE;-61.927
2026-04-04T12:00;balanco;S;7.343
2026-04-04T12:00;balanco;SE;0.316
2026-04-04T12:00;balanco;SIN;18.119
2026-04-04T13:00;balanco;N;58.5
2026-04-04T13:00;balanco;NE;-88.534
2026-04-04T13:00;balanco;S;7.408
2026-04-04T13:00;balanco;SE;11.142
2026-04-04T13:00;balanco;SIN;-11.48
2026-04-04T14:00;balanco;N;47.643
2026-04-04T14:00;balanco;NE;-101.696
2026-04-04T14:00;balanco;S;7.316
2026-04-04T14:00;balanco;SE;32.407
2026-04-04T14:00;balanco;SIN;-14.326
2026-04-04T15:00;balanco;N;55.637
2026-04-04T15:00;balanco;NE;-228.131
2026-04-04T15:00;balanco;S;6.773
2026-04-04T15:00;balanco;SE;-17.844
2026-04-04T15:00;balanco;SIN;-183.562
2026-04-04T16:00;balanco;N;39.852
2026-04-04T16:00;balanco;NE;-233.595
2026-04-04T16:00;balanco;S;7.425
2026-04-04T16:00;balanco;SE;-39.299
2026-04-04T16:00;balanco;SIN;-225.619
2026-04-04T17:00;balanco;N;28.843
2026-04-04T17:00;balanco;NE;-105.448
2026-04-04T17:00;balanco;S;5.893
2026-04-04T17:00;balanco;SE;-68.845
2026-04-04T17:00;balanco;SIN;-139.557
2026-04-04T18:00;balanco;N;10.373
2026-04-04T18:00;balanco;NE;-56.377
2026-04-04T18:00;balanco;S;4.197
2026-04-04T18:00;balanco;SE;-14.857
2026-04-04T18:00;balanco;SIN;-56.665
2026-04-04T19:00;balanco;N;0.36
2026-04-04T19:00;balanco;NE;-49.487
2026-04-04T19:00;balanco;S;5.914
2026-04-04T19:00;balanco;SE;-3.204
2026-04-04T19:00;balanco;SIN;-46.422
2026-04-04T20:00;balanco;N;-0.12
2026-04-04T20:00;balanco;NE;-64.613
2026-04-04T20:00;balanco;S;6.691
2026-04-04T20:00;balanco;SE;-4.079
2026-04-04T20:00;balanco;SIN;-62.124
2026-04-04T21:00;balanco;NE;-60.809
2026-04-04T21:00;balanco;S;6.242
2026-04-04T21:00;balanco;SE;-2.132
2026-04-04T21:00;balanco;SIN;-56.79
2026-04-04T22:00;balanco;NE;-44.592
2026-04-04T22:00;balanco;S;5.047
2026-04-04T22:00;balanco;SE;-0.236
2026-04-04T22:00;balanco;SIN;-39.834
2026-04-04T23:00;balanco;NE;61.647
2026-04-04T23:00;balanco;S;-1.382
2026-04-04T23:00;balanco;SE;1.193
2026-04-04T23:00;balanco;SIN;61.496
2026-04-05T00:00;balanco;N;-0.204
2026-04-05T00:00;balanco;NE;-27.662
2026-04-05T00:00;balanco;S;-3.2
2026-04-05T00:00;balanco;SE;-3.319
2026-04-05T00:00;balanco;SIN;-34.387
2026-04-05T01:00;balanco;N;-0.187
2026-04-05T01:00;balanco;NE;-24.853
2026-04-05T01:00;balanco;S;-5.189
2026-04-05T01:00;balanco;SE;9.812
2026-04-05T01:00;balanco;SIN;-20.417
2026-04-05T02:00;balanco;N;-0.21
2026-04-05T02:00;balanco;NE;-26.663
2026-04-05T02:00;balanco;S;-5.87
2026-04-05T02:00;balanco;SE;15.606
2026-04-05T02:00;balanco;SIN;-17.14
2026-04-05T03:00;balanco;N;-0.27
2026-04-05T03:00;balanco;NE;-21.477
2026-04-05T03:00;balanco;S;-5.699
2026-04-05T03:00;balanco;SE;-0.444
2026-04-05T03:00;balanco;SIN;-27.892
2026-04-05T04:00;balanco;N;-0.329
2026-04-05T04:00;balanco;NE;-26.886
2026-04-05T04:00;balanco;S;-4.384
2026-04-05T04:00;balanco;SE;4.027
2026-04-05T04:00;balanco;SIN;-27.571
2026-04-05T05:00;balanco;N;-0.141
2026-04-05T05:00;balanco;NE;-28.871
2026-04-05T05:00;balanco;S;-1.729
2026-04-05T05:00;balanco;SE;4.001
2026-04-05T05:00;balanco;SIN;-26.736
2026-04-05T06:00;balanco;N;-0.202
2026-04-05T06:00;balanco;NE;-41.0
2026-04-05T06:00;balanco;S;-2.244
2026-04-05T06:00;balanco;SE;0.344
2026-04-05T06:00;balanco;SIN;-43.106
2026-04-05T07:00;balanco;N;1.63
2026-04-05T07:00;balanco;NE;-38.722
2026-04-05T07:00;balanco;S;-4.449
2026-04-05T07:00;balanco;SE;31.846
2026-04-05T07:00;balanco;SIN;-9.692
2026-04-05T08:00;balanco;N;15.131
2026-04-05T08:00;balanco;NE;-33.084
2026-04-05T08:00;balanco;S;-5.241
2026-04-05T08:00;balanco;SE;18.798
2026-04-05T08:00;balanco;SIN;-4.394
2026-04-05T09:00;balanco;N;36.368
2026-04-05T09:00;balanco;NE;-31.89
2026-04-05T09:00;balanco;S;-5.501
2026-04-05T09:00;balanco;SE;4.917
2026-04-05T09:00;balanco;SIN;3.893
2026-04-05T10:00;balanco;N;56.94
2026-04-05T10:00;balanco;NE;-33.31
2026-04-05T10:00;balanco;S;1.312
2026-04-05T10:00;balanco;SE;-18.254
2026-04-05T10:00;balanco;SIN;6.684
2026-04-05T11:00;balanco;N;75.434
2026-04-05T11:00;balanco;NE;-38.826
2026-04-05T11:00;balanco;S;0.871
2026-04-05T11:00;balanco;SE;-42.572
2026-04-05T11:00;balanco;SIN;-5.093
2026-04-05T12:00;balanco;N;77.316
2026-04-05T12:00;balanco;NE;-52.885
2026-04-05T12:00;balanco;S;-5.107
2026-04-05T12:00;balanco;SE;-20.359
2026-04-05T12:00;balanco;SIN;-1.034
2026-04-05T13:00;balanco;N;58.623
2026-04-05T13:00;balanco;NE;-79.57
2026-04-05T13:00;balanco;S;-5.534
2026-04-05T13:00;balanco;SE;7.126
2026-04-05T13:00;balanco;SIN;-19.355
2026-04-05T14:00;balanco;N;49.52
2026-04-05T14:00;balanco;NE;-151.187
2026-04-05T14:00;balanco;S;-6.08
2026-04-05T14:00;balanco;SE;4.556
2026-04-05T14:00;balanco;SIN;-103.196
2026-04-05T15:00;balanco;N;59.403
2026-04-05T15:00;balanco;NE;-203.623
2026-04-05T15:00;balanco;S;-4.434
2026-04-05T15:00;balanco;SE;8.734
2026-04-05T15:00;balanco;SIN;-139.923
2026-04-05T16:00;balanco;N;29.278
2026-04-05T16:00;balanco;NE;-192.009
2026-04-05T16:00;balanco;S;-4.856
2026-04-05T16:00;balanco;SE;21.554
2026-04-05T16:00;balanco;SIN;-146.033
2026-04-05T17:00;balanco;N;17.199
2026-04-05T17:00;balanco;NE;-52.827
2026-04-05T17:00;balanco;S;-3.846
2026-04-05T17:00;balanco;SE;-16.45
2026-04-05T17:00;balanco;SIN;-55.928
2026-04-05T18:00;balanco;N;9.402
2026-04-05T18:00;balanco;NE;-84.531
2026-04-05T18:00;balanco;S;-4.479
2026-04-05T18:00;balanco;SE;-7.221
2026-04-05T18:00;balanco;SIN;-86.825
2026-04-05T19:00;balanco;N;0.336
2026-04-05T19:00;balanco;NE;-89.631
2026-04-05T19:00;balanco;S;-5.776
2026-04-05T19:00;balanco;SE;2.072
2026-04-05T19:00;balanco;SIN;-93.0
2026-04-05T20:00;balanco;N;-0.374
2026-04-05T20:00;balanco;NE;-90.048
2026-04-05T20:00;balanco;S;-6.067
2026-04-05T20:00;balanco;SE;-3.996
2026-04-05T20:00;balanco;SIN;-100.485
2026-04-05T21:00;balanco;N;-0.244
2026-04-05T21:00;balanco;NE;-76.608
2026-04-05T21:00;balanco;S;-6.847
2026-04-05T21:00;balanco;SE;-3.562
2026-04-05T21:00;balanco;SIN;-87.266
2026-04-05T22:00;balanco;N;-0.232
2026-04-05T22:00;balanco;NE;-32.275
2026-04-05T22:00;balanco;S;-6.643
2026-04-05T22:00;balanco;SE;-3.352
2026-04-05T22:00;balanco;SIN;-42.498
2026-04-05T23:00;balanco;N;-0.248
2026-04-05T23:00;balanco;NE;-33.044
2026-04-05T23:00;balanco;S;-8.429
2026-04-05T23:00;balanco;SE;-3.89
2026-04-05T23:00;balanco;SIN;-45.609
2026-04-06T00:00;balanco;N;-0.13
2026-04-06T00:00;balanco;NE;-29.695
2026-04-06T00:00;balanco;S;-8.051
2026-04-06T00:00;balanco;SE;-6.007
2026-04-06T00:00;balanco;SIN;-43.881
2026-04-06T01:00;balanco;NE;-16.408
2026-04-06T01:00;balanco;S;-7.171
2026-04-06T01:00;balanco;SE;-4.868
2026-04-06T01:00;balanco;SIN;-28.503
2026-04-06T02:00;balanco;N;-0.117
2026-04-06T02:00;balanco;NE;-10.852
2026-04-06T02:00;balanco;S;-7.266
2026-04-06T02:00;balanco;SE;-4.975
2026-04-06T02:00;balanco;SIN;-23.209
2026-04-06T03:00;balanco;N;-0.109
2026-04-06T03:00;balanco;NE;-15.173
2026-04-06T03:00;balanco;S;-6.483
2026-04-06T03:00;balanco;SE;-5.318
2026-04-06T03:00;balanco;SIN;-27.081
2026-04-06T04:00;balanco;N;-0.196
2026-04-06T04:00;balanco;NE;-9.869
2026-04-06T04:00;balanco;S;-7.128
2026-04-06T04:00;balanco;SE;-4.673
2026-04-06T04:00;balanco;SIN;-21.867
2026-04-06T05:00;balanco;N;-0.191
2026-04-06T05:00;balanco;NE;-55.56
2026-04-06T05:00;balanco;S;-9.14
2026-04-06T05:00;balanco;SE;37.57
2026-04-06T05:00;balanco;SIN;-27.32
2026-04-06T06:00;balanco;N;-0.105
2026-04-06T06:00;balanco;NE;-57.299
2026-04-06T06:00;balanco;S;-9.37
2026-04-06T06:00;balanco;SE;-14.319
2026-04-06T06:00;balanco;SIN;-81.091
2026-04-06T07:00;balanco;N;1.081
2026-04-06T07:00;balanco;NE;-62.055
2026-04-06T07:00;balanco;S;-7.347
2026-04-06T07:00;balanco;SE;-51.36
2026-04-06T07:00;balanco;SIN;-119.684
2026-04-06T08:00;balanco;N;10.9
2026-04-06T08:00;balanco;NE;-67.189
2026-04-06T08:00;balanco;S;-7.633
2026-04-06T08:00;balanco;SE;36.375
2026-04-06T08:00;balanco;SIN;-27.543
2026-04-06T09:00;balanco;N;30.292
2026-04-06T09:00;balanco;NE;-47.575
2026-04-06T09:00;balanco;S;-7.759
2026-04-06T09:00;balanco;SE;31.104
2026-04-06T09:00;balanco;SIN;6.06
2026-04-06T10:00;balanco;N;49.685
2026-04-06T10:00;balanco;NE;-62.281
2026-04-06T10:00;balanco;S;-7.758
2026-04-06T10:00;balanco;SE;15.679
2026-04-06T10:00;balanco;SIN;-4.674
2026-04-06T11:00;balanco;N;66.055
2026-04-06T11:00;balanco;NE;-116.694
2026-04-06T11:00;balanco;S;-10.268
2026-04-06T11:00;balanco;SE;-127.388
2026-04-06T11:00;balanco;SIN;-188.296
2026-04-06T12:00;balanco;N;70.332
2026-04-06T12:00;balanco;NE;-106.314
2026-04-06T12:00;balanco;S;-10.501
2026-04-06T12:00;balanco;SE;-114.0
2026-04-06T12:00;balanco;SIN;-160.485
2026-04-06T13:00;balanco;N;48.942
2026-04-06T13:00;balanco;NE;-122.785
2026-04-06T13:00;balanco;S;-10.184
2026-04-06T13:00;balanco;SE;-49.93
2026-04-06T13:00;balanco;SIN;-133.959
2026-04-06T14:00;balanco;N;42.188
2026-04-06T14:00;balanco;NE;-144.882
2026-04-06T14:00;balanco;S;-10.362
2026-04-06T14:00;balanco;SE;-97.712
2026-04-06T14:00;balanco;SIN;-210.775
2026-04-06T15:00;balanco;N;47.395
2026-04-06T15:00;balanco;NE;-159.544
2026-04-06T15:00;balanco;S;-11.804
2026-04-06T15:00;balanco;SE;-84.865
2026-04-06T15:00;balanco;SIN;-208.815
2026-04-06T16:00;balanco;N;37.616
2026-04-06T16:00;balanco;NE;-41.945
2026-04-06T16:00;balanco;S;-10.05
2026-04-06T16:00;balanco;SE;-156.524
2026-04-06T16:00;balanco;SIN;-170.905
2026-04-06T17:00;balanco;N;26.254
2026-04-06T17:00;balanco;NE;-63.265
2026-04-06T17:00;balanco;S;-9.087
2026-04-06T17:00;balanco;SE;-102.33
2026-04-06T17:00;balanco;SIN;-148.429
2026-04-06T18:00;balanco;N;8.782
2026-04-06T18:00;balanco;NE;-93.045
2026-04-06T18:00;balanco;S;-8.988
2026-04-06T18:00;balanco;SE;-16.616
2026-04-06T18:00;balanco;SIN;-109.868
2026-04-06T19:00;balanco;N;0.37
2026-04-06T19:00;balanco;NE;-137.259
2026-04-06T19:00;balanco;S;-10.79
2026-04-06T19:00;balanco;SE;-4.34
2026-04-06T19:00;balanco;SIN;-152.027
2026-04-06T20:00;balanco;N;-0.116
2026-04-06T20:00;balanco;NE;-153.965
2026-04-06T20:00;balanco;S;-10.178
2026-04-06T20:00;balanco;SE;-4.501
2026-04-06T20:00;balanco;SIN;-168.761
2026-04-06T21:00;balanco;NE;-108.034
2026-04-06T21:00;balanco;S;-9.143
2026-04-06T21:00;balanco;SE;-3.947
2026-04-06T21:00;balanco;SIN;-121.155
2026-04-06T22:00;balanco;N;-0.228
2026-04-06T22:00;balanco;NE;-120.468
2026-04-06T22:00;balanco;S;-8.465
2026-04-06T22:00;balanco;SE;-4.684
2026-04-06T22:00;balanco;SIN;-133.838
2026-04-06T23:00;balanco;NE;-175.735
2026-04-06T23:00;balanco;S;-9.844
2026-04-06T23:00;balanco;SE;1.99
2026-04-06T23:00;balanco;SIN;-183.671
2026-04-07T00:00;balanco;N;-0.183
2026-04-07T00:00;balanco;NE;-275.53
2026-04-07T00:00;balanco;S;-9.141
2026-04-07T00:00;balanco;SE;0.91
2026-04-07T00:00;balanco;SIN;-283.941
2026-04-07T01:00;balanco;N;-0.205
2026-04-07T01:00;balanco;NE;-340.482
2026-04-07T01:00;balanco;S;-9.135
2026-04-07T01:00;balanco;SE;0.386
2026-04-07T01:00;balanco;SIN;-349.435
2026-04-07T02:00;balanco;N;-0.215
2026-04-07T02:00;balanco;NE;-467.911
2026-04-07T02:00;balanco;S;-10.244
2026-04-07T02:00;balanco;SE;-1.14
2026-04-07T02:00;balanco;SIN;-479.511
2026-04-07T03:00;balanco;N;-0.253
2026-04-07T03:00;balanco;NE;-599.622
2026-04-07T03:00;balanco;S;-6.152
2026-04-07T03:00;balanco;SE;-1.129
2026-04-07T03:00;balanco;SIN;-607.155
2026-04-07T04:00;balanco;N;-0.237
2026-04-07T04:00;balanco;NE;-683.001
2026-04-07T04:00;balanco;S;-6.181
2026-04-07T04:00;balanco;SE;1.51
2026-04-07T04:00;balanco;SIN;-687.91
2026-04-07T05:00;balanco;N;-0.315
2026-04-07T05:00;balanco;NE;-768.786
2026-04-07T05:00;balanco;S;-8.186
2026-04-07T05:00;balanco;SE;1.467
2026-04-07T05:00;balanco;SIN;-775.816
2026-04-07T06:00;balanco;N;-0.251
2026-04-07T06:00;balanco;NE;-791.214
2026-04-07T06:00;balanco;S;-7.355
2026-04-07T06:00;balanco;SE;-17.433
2026-04-07T06:00;balanco;SIN;-816.256
2026-04-07T07:00;balanco;N;1.314
2026-04-07T07:00;balanco;NE;-146.894
2026-04-07T07:00;balanco;S;-6.371
2026-04-07T07:00;balanco;SE;15.012
2026-04-07T07:00;balanco;SIN;-136.939
2026-04-07T08:00;balanco;N;15.086
2026-04-07T08:00;balanco;NE;-103.514
2026-04-07T08:00;balanco;S;-8.477
2026-04-07T08:00;balanco;SE;6.004
2026-04-07T08:00;balanco;SIN;-90.902
2026-04-07T09:00;balanco;N;34.93
2026-04-07T09:00;balanco;NE;-78.35
2026-04-07T09:00;balanco;S;-7.738
2026-04-07T09:00;balanco;SE;-9.935
2026-04-07T09:00;balanco;SIN;-61.093
2026-04-07T10:00;balanco;N;48.656
2026-04-07T10:00;balanco;NE;-110.559
2026-04-07T10:00;balanco;S;-3.657
2026-04-07T10:00;balanco;SE;-23.848
2026-04-07T10:00;balanco;SIN;-89.41
2026-04-07T11:00;balanco;N;74.03
2026-04-07T11:00;balanco;NE;-105.606
2026-04-07T11:00;balanco;S;0.607
2026-04-07T11:00;balanco;SE;-56.45
2026-04-07T11:00;balanco;SIN;-87.422
2026-04-07T12:00;balanco;N;89.193
2026-04-07T12:00;balanco;NE;-95.126
2026-04-07T12:00;balanco;S;0.425
2026-04-07T12:00;balanco;SE;-64.672
2026-04-07T12:00;balanco;SIN;-70.183
2026-04-07T13:00;balanco;N;71.187
2026-04-07T13:00;balanco;NE;-104.265
2026-04-07T13:00;balanco;S;1.667
2026-04-07T13:00;balanco;SE;-22.607
2026-04-07T13:00;balanco;SIN;-54.016
2026-04-07T14:00;balanco;N;45.815
2026-04-07T14:00;balanco;NE;-126.641
2026-04-07T14:00;balanco;S;1.399
2026-04-07T14:00;balanco;SE;-0.175
2026-04-07T14:00;balanco;SIN;-79.599
2026-04-07T15:00;balanco;N;61.194
2026-04-07T15:00;balanco;NE;-91.699
2026-04-07T15:00;balanco;S;1.471
2026-04-07T15:00;balanco;SE;-124.853
2026-04-07T15:00;balanco;SIN;-153.889
2026-04-07T16:00;balanco;N;44.237
2026-04-07T16:00;balanco;NE;-54.818
2026-04-07T16:00;balanco;S;-2.225
2026-04-07T16:00;balanco;SE;-67.869
2026-04-07T16:00;balanco;SIN;-80.68
2026-04-07T17:00;balanco;N;22.035
2026-04-07T17:00;balanco;NE;-45.381
2026-04-07T17:00;balanco;S;-3.866
2026-04-07T17:00;balanco;SE;-53.859
2026-04-07T17:00;balanco;SIN;-81.076
2026-04-07T18:00;balanco;N;8.053
2026-04-07T18:00;balanco;NE;-36.413
2026-04-07T18:00;balanco;S;-5.783
2026-04-07T18:00;balanco;SE;-10.335
2026-04-07T18:00;balanco;SIN;-44.475
2026-04-07T19:00;balanco;N;-0.611
2026-04-07T19:00;balanco;NE;-30.551
2026-04-07T19:00;balanco;S;-5.308
2026-04-07T19:00;balanco;SE;3.639
2026-04-07T19:00;balanco;SIN;-32.835
2026-04-07T20:00;balanco;N;-1.472
2026-04-07T20:00;balanco;NE;-22.054
2026-04-07T20:00;balanco;SE;-1.433
2026-04-07T20:00;balanco;SIN;-24.895
2026-04-07T21:00;balanco;N;-1.399
2026-04-07T21:00;balanco;NE;-38.583
2026-04-07T21:00;balanco;S;-6.332
2026-04-07T21:00;balanco;SE;-1.323
2026-04-07T21:00;balanco;SIN;-47.639
2026-04-07T22:00;balanco;N;-1.361
2026-04-07T22:00;balanco;NE;-31.772
2026-04-07T22:00;balanco;S;-7.756
2026-04-07T22:00;balanco;SE;-1.298
2026-04-07T22:00;balanco;SIN;-42.185
2026-04-07T23:00;balanco;N;-1.36
2026-04-07T23:00;balanco;NE;-14.847
2026-04-07T23:00;balanco;S;-6.937
2026-04-07T23:00;balanco;SE;-1.361
2026-04-07T23:00;balanco;SIN;-24.509
2026-04-08T00:00;balanco;N;-1.233
2026-04-08T00:00;balanco;NE;-20.47
2026-04-08T00:00;balanco;S;-6.33
2026-04-08T00:00;balanco;SE;-2.945
2026-04-08T00:00;balanco;SIN;-30.974
2026-04-08T01:00;balanco;N;-1.367
2026-04-08T01:00;balanco;NE;-22.673
2026-04-08T01:00;balanco;S;-4.552
2026-04-08T01:00;balanco;SE;-2.074
2026-04-08T01:00;balanco;SIN;-30.671
2026-04-08T02:00;balanco;N;-1.324
2026-04-08T02:00;balanco;NE;-36.463
2026-04-08T02:00;balanco;S;-4.074
2026-04-08T02:00;balanco;SE;-3.417
2026-04-08T02:00;balanco;SIN;-45.276
2026-04-08T03:00;balanco;N;-1.131
2026-04-08T03:00;balanco;NE;-27.507
2026-04-08T03:00;balanco;S;-8.02
2026-04-08T03:00;balanco;SE;-1.616
2026-04-08T03:00;balanco;SIN;-38.273
2026-04-08T04:00;balanco;N;-1.289
2026-04-08T04:00;balanco;NE;-25.66
2026-04-08T04:00;balanco;S;-7.649
2026-04-08T04:00;balanco;SE;-3.411
2026-04-08T04:00;balanco;SIN;-38.011
2026-04-08T05:00;balanco;N;-1.184
2026-04-08T05:00;balanco;NE;-33.687
2026-04-08T05:00;balanco;S;-9.129
2026-04-08T05:00;balanco;SE;-1.47
2026-04-08T05:00;balanco;SIN;-45.474
2026-04-08T06:00;balanco;N;-0.975
2026-04-08T06:00;balanco;NE;-37.628
2026-04-08T06:00;balanco;S;-10.261
2026-04-08T06:00;balanco;SE;-20.64
2026-04-08T06:00;balanco;SIN;-69.504
2026-04-08T07:00;balanco;N;0.572
2026-04-08T07:00;balanco;NE;-20.922
2026-04-08T07:00;balanco;S;-7.716
2026-04-08T07:00;balanco;SE;-1.079
2026-04-08T07:00;balanco;SIN;-29.145
2026-04-08T08:00;balanco;N;15.391
2026-04-08T08:00;balanco;NE;-38.92
2026-04-08T08:00;balanco;S;-6.299
2026-04-08T08:00;balanco;SE;22.975
2026-04-08T08:00;balanco;SIN;-6.853
2026-04-08T09:00;balanco;N;35.551
2026-04-08T09:00;balanco;NE;-38.347
2026-04-08T09:00;balanco;S;-4.692
2026-04-08T09:00;balanco;SE;1.645
2026-04-08T09:00;balanco;SIN;-5.842
2026-04-08T10:00;balanco;N;54.307
2026-04-08T10:00;balanco;NE;-54.412
2026-04-08T10:00;balanco;S;-3.75
2026-04-08T10:00;balanco;SE;-20.223
2026-04-08T10:00;balanco;SIN;-24.076
2026-04-08T11:00;balanco;N;65.596
2026-04-08T11:00;balanco;NE;-58.339
2026-04-08T11:00;balanco;S;-7.452
2026-04-08T11:00;balanco;SE;-33.388
2026-04-08T11:00;balanco;SIN;-33.58
2026-04-08T12:00;balanco;N;69.438
2026-04-08T12:00;balanco;NE;-47.956
2026-04-08T12:00;balanco;S;-6.494
2026-04-08T12:00;balanco;SE;-52.403
2026-04-08T12:00;balanco;SIN;-37.42
2026-04-08T13:00;balanco;N;58.942
2026-04-08T13:00;balanco;NE;-67.28
2026-04-08T13:00;balanco;S;-4.15
2026-04-08T13:00;balanco;SE;-16.761
2026-04-08T13:00;balanco;SIN;-29.247
2026-04-08T14:00;balanco;N;32.668
2026-04-08T14:00;balanco;NE;-77.175
2026-04-08T14:00;balanco;S;-7.274
2026-04-08T14:00;balanco;SE;13.206
2026-04-08T14:00;balanco;SIN;-38.578
2026-04-08T15:00;balanco;N;38.328
2026-04-08T15:00;balanco;NE;-70.44
2026-04-08T15:00;balanco;S;-8.547
2026-04-08T15:00;balanco;SE;-25.349
2026-04-08T15:00;balanco;SIN;-66.005
2026-04-08T16:00;balanco;N;33.494
2026-04-08T16:00;balanco;NE;-45.505
2026-04-08T16:00;balanco;S;-8.711
2026-04-08T16:00;balanco;SE;-54.117
2026-04-08T16:00;balanco;SIN;-74.842
2026-04-08T17:00;balanco;N;17.888
2026-04-08T17:00;balanco;NE;-52.709
2026-04-08T17:00;balanco;S;-10.518
2026-04-08T17:00;balanco;SE;-50.86
2026-04-08T17:00;balanco;SIN;-96.195
2026-04-08T18:00;balanco;N;8.344
2026-04-08T18:00;balanco;NE;-37.928
2026-04-08T18:00;balanco;S;-10.449
2026-04-08T18:00;balanco;SE;-12.309
2026-04-08T18:00;balanco;SIN;-52.343
2026-04-08T19:00;balanco;N;-0.698
2026-04-08T19:00;balanco;NE;-41.265
2026-04-08T19:00;balanco;S;-9.947
2026-04-08T19:00;balanco;SE;-2.743
2026-04-08T19:00;balanco;SIN;-54.655
2026-04-08T20:00;balanco;N;-1.279
2026-04-08T20:00;balanco;NE;-45.734
2026-04-08T20:00;balanco;S;-10.241
2026-04-08T20:00;balanco;SE;-3.438
2026-04-08T20:00;balanco;SIN;-60.695
2026-04-08T21:00;balanco;N;-1.432
2026-04-08T21:00;balanco;NE;-35.41
2026-04-08T21:00;balanco;S;-9.594
2026-04-08T21:00;balanco;SE;-3.094
2026-04-08T21:00;balanco;SIN;-49.533
2026-04-08T22:00;balanco;N;-1.325
2026-04-08T22:00;balanco;NE;-25.912
2026-04-08T22:00;balanco;S;-9.134
2026-04-08T22:00;balanco;SE;-2.4
2026-04-08T22:00;balanco;SIN;-38.771
2026-04-08T23:00;balanco;N;1.89
2026-04-08T23:00;balanco;NE;-16.896
2026-04-08T23:00;balanco;S;-8.626
2026-04-08T23:00;balanco;SE;-2.861
2026-04-08T23:00;balanco;SIN;-26.497
2026-04-09T00:00;balanco;N;-0.903
2026-04-09T00:00;balanco;NE;-16.499
2026-04-09T00:00;balanco;S;-7.775
2026-04-09T00:00;balanco;SE;-7.733
2026-04-09T00:00;balanco;SIN;-32.911
2026-04-09T01:00;balanco;N;-1.28
2026-04-09T01:00;balanco;NE;-21.487
2026-04-09T01:00;balanco;S;-8.203
2026-04-09T01:00;balanco;SE;-4.799
2026-04-09T01:00;balanco;SIN;-35.766
2026-04-09T02:00;balanco;N;-0.744
2026-04-09T02:00;balanco;NE;-19.13
2026-04-09T02:00;balanco;S;-6.122
2026-04-09T02:00;balanco;SE;-11.506
2026-04-09T02:00;balanco;SIN;-37.502
2026-04-09T03:00;balanco;N;-0.794
2026-04-09T03:00;balanco;NE;-22.782
2026-04-09T03:00;balanco;S;-7.425
2026-04-09T03:00;balanco;SE;-9.971
2026-04-09T03:00;balanco;SIN;-40.972
2026-04-09T04:00;balanco;N;-1.574
2026-04-09T04:00;balanco;NE;-26.194
2026-04-09T04:00;balanco;S;-6.584
2026-04-09T04:00;balanco;SE;-3.062
2026-04-09T04:00;balanco;SIN;-37.415
2026-04-09T05:00;balanco;N;-1.991
2026-04-09T05:00;balanco;NE;-30.719
2026-04-09T05:00;balanco;S;-6.698
2026-04-09T05:00;balanco;SE;-4.05
2026-04-09T05:00;balanco;SIN;-43.46
2026-04-09T06:00;balanco;N;-2.019
2026-04-09T06:00;balanco;NE;-63.856
2026-04-09T06:00;balanco;S;-7.859
2026-04-09T06:00;balanco;SE;-23.966
2026-04-09T06:00;balanco;SIN;-97.696
2026-04-09T07:00;balanco;N;1.243
2026-04-09T07:00;balanco;NE;-46.318
2026-04-09T07:00;balanco;S;-7.672
2026-04-09T07:00;balanco;SE;-1.742
2026-04-09T07:00;balanco;SIN;-54.485
2026-04-09T08:00;balanco;N;14.334
2026-04-09T08:00;balanco;NE;-79.957
2026-04-09T08:00;balanco;S;-7.299
2026-04-09T08:00;balanco;SE;5.021
2026-04-09T08:00;balanco;SIN;-67.897
2026-04-09T09:00;balanco;N;34.139
2026-04-09T09:00;balanco;NE;-65.308
2026-04-09T09:00;balanco;S;-8.578
2026-04-09T09:00;balanco;SE;-4.514
2026-04-09T09:00;balanco;SIN;-44.266
2026-04-09T10:00;balanco;N;42.144
2026-04-09T10:00;balanco;NE;-55.717
2026-04-09T10:00;balanco;S;-8.741
2026-04-09T10:00;balanco;SE;-34.195
2026-04-09T10:00;balanco;SIN;-56.505
2026-04-09T11:00;balanco;N;59.597
2026-04-09T11:00;balanco;NE;-65.69
2026-04-09T11:00;balanco;S;-8.628
2026-04-09T11:00;balanco;SE;-22.078
2026-04-09T11:00;balanco;SIN;-36.8
2026-04-09T12:00;balanco;N;91.524
2026-04-09T12:00;balanco;NE;-38.017
2026-04-09T12:00;balanco;S;-9.462
2026-04-09T12:00;balanco;SE;-31.309
2026-04-09T12:00;balanco;SIN;12.733
2026-04-09T13:00;balanco;N;97.664
2026-04-09T13:00;balanco;NE;-86.091
2026-04-09T13:00;balanco;S;-7.306
2026-04-09T13:00;balanco;SE;-46.162
2026-04-09T13:00;balanco;SIN;-41.899
2026-04-09T14:00;balanco;N;69.937
2026-04-09T14:00;balanco;NE;-48.138
2026-04-09T14:00;balanco;S;-6.541
2026-04-09T14:00;balanco;SE;-42.553
2026-04-09T14:00;balanco;SIN;-27.297
2026-04-09T15:00;balanco;N;55.933
2026-04-09T15:00;balanco;NE;-61.833
2026-04-09T15:00;balanco;S;-4.641
2026-04-09T15:00;balanco;SE;-61.446
2026-04-09T15:00;balanco;SIN;-71.992
2026-04-09T16:00;balanco;N;49.437
2026-04-09T16:00;balanco;NE;-42.66
2026-04-09T16:00;balanco;S;-3.063
2026-04-09T16:00;balanco;SE;-24.658
2026-04-09T16:00;balanco;SIN;-20.941
2026-04-09T17:00;balanco;N;34.188
2026-04-09T17:00;balanco;NE;-30.283
2026-04-09T17:00;balanco;S;0.681
2026-04-09T17:00;balanco;SE;-56.868
2026-04-09T17:00;balanco;SIN;-52.278
2026-04-09T18:00;balanco;N;19.712
2026-04-09T18:00;balanco;NE;-29.247
2026-04-09T18:00;balanco;S;-0.95
2026-04-09T18:00;balanco;SE;-40.794
2026-04-09T18:00;balanco;SIN;-51.276
2026-04-09T19:00;balanco;N;6.583
2026-04-09T19:00;balanco;NE;-23.079
2026-04-09T19:00;balanco;S;-2.286
2026-04-09T19:00;balanco;SE;-93.922
2026-04-09T19:00;balanco;SIN;-112.703
2026-04-09T20:00;balanco;N;3.047
2026-04-09T20:00;balanco;NE;-24.02
2026-04-09T20:00;balanco;S;-3.665
2026-04-09T20:00;balanco;SE;-95.53
2026-04-09T20:00;balanco;SIN;-120.163
2026-04-09T21:00;balanco;N;2.731
2026-04-09T21:00;balanco;NE;-29.927
2026-04-09T21:00;balanco;S;-2.917
2026-04-09T21:00;balanco;SE;-59.732
2026-04-09T21:00;balanco;SIN;-89.839
2026-04-09T22:00;balanco;N;1.709
2026-04-09T22:00;balanco;NE;-32.584
2026-04-09T22:00;balanco;S;-2.074
2026-04-09T22:00;balanco;SE;-8.41
2026-04-09T22:00;balanco;SIN;-41.357
2026-04-09T23:00;balanco;N;0.392
2026-04-09T23:00;balanco;NE;-30.783
2026-04-09T23:00;balanco;S;-2.807
2026-04-09T23:00;balanco;SE;-3.712
2026-04-09T23:00;balanco;SIN;-36.91
2026-04-10T00:00;balanco;N;-0.637
2026-04-10T00:00;balanco;NE;-56.282
2026-04-10T00:00;balanco;S;-0.3
2026-04-10T00:00;balanco;SE;-9.804
2026-04-10T00:00;balanco;SIN;-76.304
2026-04-10T01:00;balanco;N;-0.522
2026-04-10T01:00;balanco;NE;-93.37
2026-04-10T01:00;balanco;S;-0.523
2026-04-10T01:00;balanco;SE;-6.615
2026-04-10T01:00;balanco;SIN;-111.168
2026-04-10T02:00;balanco;N;-0.509
2026-04-10T02:00;balanco;NE;-38.787
2026-04-10T02:00;balanco;SE;-10.386
2026-04-10T02:00;balanco;SIN;-59.996
2026-04-10T03:00;balanco;N;-1.038
2026-04-10T03:00;balanco;NE;-37.474
2026-04-10T03:00;balanco;SE;-9.174
2026-04-10T03:00;balanco;SIN;-57.353
2026-04-10T04:00;balanco;N;-0.752
2026-04-10T04:00;balanco;NE;-29.844
2026-04-10T04:00;balanco;S;0.153
2026-04-10T04:00;balanco;SE;-5.598
2026-04-10T04:00;balanco;SIN;-45.684
2026-04-10T05:00;balanco;N;-1.214
2026-04-10T05:00;balanco;NE;-25.422
2026-04-10T05:00;balanco;SE;-4.463
2026-04-10T05:00;balanco;SIN;-43.75
2026-04-10T06:00;balanco;N;-1.84
2026-04-10T06:00;balanco;NE;-34.547
2026-04-10T06:00;balanco;S;-0.739
2026-04-10T06:00;balanco;SE;-14.849
2026-04-10T06:00;balanco;SIN;-62.751
2026-04-10T07:00;balanco;N;1.505
2026-04-10T07:00;balanco;NE;-30.841
2026-04-10T07:00;balanco;SE;8.335
2026-04-10T07:00;balanco;SIN;-29.338
2026-04-10T08:00;balanco;N;8.033
2026-04-10T08:00;balanco;NE;-39.946
2026-04-10T08:00;balanco;S;-2.231
2026-04-10T08:00;balanco;SE;50.496
2026-04-10T08:00;balanco;SIN;9.522
2026-04-10T09:00;balanco;N;21.178
2026-04-10T09:00;balanco;NE;-83.167
2026-04-10T09:00;balanco;S;-2.354
2026-04-10T09:00;balanco;SE;51.653
2026-04-10T09:00;balanco;SIN;-19.674
2026-04-10T10:00;balanco;N;50.895
2026-04-10T10:00;balanco;NE;-138.212
2026-04-10T10:00;balanco;S;-2.556
2026-04-10T10:00;balanco;SE;45.226
2026-04-10T10:00;balanco;SIN;-49.201
2026-04-10T11:00;balanco;N;57.59
2026-04-10T11:00;balanco;NE;-139.24
2026-04-10T11:00;balanco;S;-2.64
2026-04-10T11:00;balanco;SE;35.127
2026-04-10T11:00;balanco;SIN;-53.252
2026-04-10T12:00;balanco;N;75.792
2026-04-10T12:00;balanco;NE;-160.539
2026-04-10T12:00;balanco;S;-2.687
2026-04-10T12:00;balanco;SE;-26.368
2026-04-10T12:00;balanco;SIN;-116.096
2026-04-10T13:00;balanco;N;95.389
2026-04-10T13:00;balanco;NE;-160.164
2026-04-10T13:00;balanco;S;-2.926
2026-04-10T13:00;balanco;SE;-68.229
2026-04-10T13:00;balanco;SIN;-136.229
2026-04-10T14:00;balanco;N;82.497
2026-04-10T14:00;balanco;NE;-136.444
2026-04-10T14:00;balanco;S;-1.466
2026-04-10T14:00;balanco;SE;-71.464
2026-04-10T14:00;balanco;SIN;-133.368
2026-04-10T15:00;balanco;N;54.983
2026-04-10T15:00;balanco;NE;-185.573
2026-04-10T15:00;balanco;S;-1.377
2026-04-10T15:00;balanco;SE;-0.726
2026-04-10T15:00;balanco;SIN;-143.111
2026-04-10T16:00;balanco;N;39.415
2026-04-10T16:00;balanco;NE;-140.885
2026-04-10T16:00;balanco;S;-2.923
2026-04-10T16:00;balanco;SE;-34.503
2026-04-10T16:00;balanco;SIN;-152.979
2026-04-10T17:00;balanco;N;35.755
2026-04-10T17:00;balanco;NE;-143.909
2026-04-10T17:00;balanco;S;-2.597
2026-04-10T17:00;balanco;SE;-72.119
2026-04-10T17:00;balanco;SIN;-192.016
2026-04-10T18:00;balanco;N;11.357
2026-04-10T18:00;balanco;NE;-82.716
2026-04-10T18:00;balanco;S;-1.879
2026-04-10T18:00;balanco;SE;-11.089
2026-04-10T18:00;balanco;SIN;-101.856
2026-04-10T19:00;balanco;N;1.836
2026-04-10T19:00;balanco;NE;-52.766
2026-04-10T19:00;balanco;S;-0.201
2026-04-10T19:00;balanco;SE;-4.658
2026-04-10T19:00;balanco;SIN;-74.151
2026-04-10T20:00;balanco;NE;-58.572
2026-04-10T20:00;balanco;SE;-8.957
2026-04-10T20:00;balanco;SIN;-94.652
2026-04-10T21:00;balanco;N;0.238
2026-04-10T21:00;balanco;NE;-65.419
2026-04-10T21:00;balanco;S;-1.61
2026-04-10T21:00;balanco;SE;-11.358
2026-04-10T21:00;balanco;SIN;-111.658
2026-04-10T22:00;balanco;N;-0.111
2026-04-10T22:00;balanco;NE;-65.796
2026-04-10T22:00;balanco;S;4.437
2026-04-10T22:00;balanco;SE;-10.422
2026-04-10T22:00;balanco;SIN;-109.161
2026-04-10T23:00;balanco;N;-1.61
2026-04-10T23:00;balanco;NE;-74.034
2026-04-10T23:00;balanco;S;-9.35
2026-04-10T23:00;balanco;SE;-10.515
2026-04-10T23:00;balanco;SIN;-131.185
2026-04-11T00:00;balanco;N;-1.145
2026-04-11T00:00;balanco;NE;-102.092
2026-04-11T00:00;balanco;S;-10.813
2026-04-11T00:00;balanco;SE;-8.017
2026-04-11T00:00;balanco;SIN;-122.066
2026-04-11T01:00;balanco;N;-1.831
2026-04-11T01:00;balanco;NE;-103.512
2026-04-11T01:00;balanco;S;-11.146
2026-04-11T01:00;balanco;SE;-8.706
2026-04-11T01:00;balanco;SIN;-125.187
2026-04-11T02:00;balanco;N;-2.527
2026-04-11T02:00;balanco;NE;-106.421
2026-04-11T02:00;balanco;S;-7.883
2026-04-11T02:00;balanco;SE;12.187
2026-04-11T02:00;balanco;SIN;-104.643
2026-04-11T03:00;balanco;N;-2.36
2026-04-11T03:00;balanco;NE;-105.222
2026-04-11T03:00;balanco;S;-8.884
2026-04-11T03:00;balanco;SE;57.033
2026-04-11T03:00;balanco;SIN;-59.437
2026-04-11T04:00;balanco;N;-2.608
2026-04-11T04:00;balanco;NE;-97.631
2026-04-11T04:00;balanco;S;-18.53
2026-04-11T04:00;balanco;SE;17.651
2026-04-11T04:00;balanco;SIN;-101.123
2026-04-11T05:00;balanco;N;-3.041
2026-04-11T05:00;balanco;NE;-96.033
2026-04-11T05:00;balanco;S;-10.119
2026-04-11T05:00;balanco;SE;-1.089
2026-04-11T05:00;balanco;SIN;-110.278
2026-04-11T06:00;balanco;N;-3.283
2026-04-11T06:00;balanco;NE;-102.993
2026-04-11T06:00;balanco;S;-14.533
2026-04-11T06:00;balanco;SE;9.546
2026-04-11T06:00;balanco;SIN;-111.263
2026-04-11T07:00;balanco;N;-0.675
2026-04-11T07:00;balanco;NE;-49.374
2026-04-11T07:00;balanco;S;-12.805
2026-04-11T07:00;balanco;SE;63.188
2026-04-11T07:00;balanco;SIN;0.328
2026-04-11T08:00;balanco;N;10.312
2026-04-11T08:00;balanco;NE;-21.835
2026-04-11T08:00;balanco;S;-9.667
2026-04-11T08:00;balanco;SE;71.444
2026-04-11T08:00;balanco;SIN;50.245
2026-04-11T09:00;balanco;N;30.654
2026-04-11T09:00;balanco;NE;-11.206
2026-04-11T09:00;balanco;S;-24.366
2026-04-11T09:00;balanco;SE;5.619
2026-04-11T09:00;balanco;SIN;0.697
2026-04-11T10:00;balanco;N;60.368
2026-04-11T10:00;balanco;NE;-25.959
2026-04-11T10:00;balanco;S;-18.649
2026-04-11T10:00;balanco;SE;-5.174
2026-04-11T10:00;balanco;SIN;10.589
2026-04-11T11:00;balanco;N;68.538
2026-04-11T11:00;balanco;NE;-17.687
2026-04-11T11:00;balanco;S;-5.834
2026-04-11T11:00;balanco;SE;-5.262
2026-04-11T11:00;balanco;SIN;39.759
2026-04-11T12:00;balanco;N;68.458
2026-04-11T12:00;balanco;NE;-9.451
2026-04-11T12:00;balanco;S;-12.268
2026-04-11T12:00;balanco;SE;3.383
2026-04-11T12:00;balanco;SIN;50.121
2026-04-11T13:00;balanco;N;77.558
2026-04-11T13:00;balanco;NE;-26.706
2026-04-11T13:00;balanco;S;-6.638
2026-04-11T13:00;balanco;SE;-3.928
2026-04-11T13:00;balanco;SIN;40.283
2026-04-11T14:00;balanco;N;60.459
2026-04-11T14:00;balanco;NE;-31.398
2026-04-11T14:00;balanco;S;-4.154
2026-04-11T14:00;balanco;SE;35.262
2026-04-11T14:00;balanco;SIN;60.172
2026-04-11T15:00;balanco;N;38.891
2026-04-11T15:00;balanco;NE;-78.81
2026-04-11T15:00;balanco;S;-4.359
2026-04-11T15:00;balanco;SE;37.752
2026-04-11T15:00;balanco;SIN;-6.526
2026-04-11T16:00;balanco;N;38.946
2026-04-11T16:00;balanco;NE;-93.509
2026-04-11T16:00;balanco;S;-5.164
2026-04-11T16:00;balanco;SE;13.06
2026-04-11T16:00;balanco;SIN;-46.665
2026-04-11T17:00;balanco;N;26.944
2026-04-11T17:00;balanco;NE;-45.353
2026-04-11T17:00;balanco;S;-8.232
2026-04-11T17:00;balanco;SE;-62.888
2026-04-11T17:00;balanco;SIN;-89.525
2026-04-11T18:00;balanco;N;10.809
2026-04-11T18:00;balanco;NE;-53.742
2026-04-11T18:00;balanco;S;4.384
2026-04-11T18:00;balanco;SE;-3.557
2026-04-11T18:00;balanco;SIN;-42.104
2026-04-11T19:00;balanco;N;0.156
2026-04-11T19:00;balanco;NE;-57.639
2026-04-11T19:00;balanco;S;-8.291
2026-04-11T19:00;balanco;SE;4.296
2026-04-11T19:00;balanco;SIN;-61.476
2026-04-11T20:00;balanco;N;-1.383
2026-04-11T20:00;balanco;NE;-68.821
2026-04-11T20:00;balanco;S;0.19
2026-04-11T20:00;balanco;SE;-1.022
2026-04-11T20:00;balanco;SIN;-71.036
2026-04-11T21:00;balanco;N;-0.918
2026-04-11T21:00;balanco;NE;-85.003
2026-04-11T21:00;balanco;S;-12.38
2026-04-11T21:00;balanco;SE;-2.142
2026-04-11T21:00;balanco;SIN;-100.442
2026-04-11T22:00;balanco;N;-0.44
2026-04-11T22:00;balanco;NE;-95.999
2026-04-11T22:00;balanco;S;-15.325
2026-04-11T22:00;balanco;SE;-1.344
2026-04-11T22:00;balanco;SIN;-113.11
2026-04-11T23:00;balanco;N;-0.965
2026-04-11T23:00;balanco;NE;-85.09
2026-04-11T23:00;balanco;S;-16.826
2026-04-11T23:00;balanco;SE;-0.128
2026-04-11T23:00;balanco;SIN;-103.014
2026-04-12T00:00;balanco;N;-1.143
2026-04-12T00:00;balanco;NE;-216.134
2026-04-12T00:00;balanco;S;-17.524
2026-04-12T00:00;balanco;SE;-2.453
2026-04-12T00:00;balanco;SIN;-237.246
2026-04-12T01:00;balanco;N;-1.6
2026-04-12T01:00;balanco;NE;-213.305
2026-04-12T01:00;balanco;S;-16.561
2026-04-12T01:00;balanco;SE;-2.856
2026-04-12T01:00;balanco;SIN;-234.321
2026-04-12T02:00;balanco;N;-1.825
2026-04-12T02:00;balanco;NE;-286.835
2026-04-12T02:00;balanco;S;-16.719
2026-04-12T02:00;balanco;SE;-0.998
2026-04-12T02:00;balanco;SIN;-306.372
2026-04-12T03:00;balanco;N;-3.009
2026-04-12T03:00;balanco;NE;-296.973
2026-04-12T03:00;balanco;S;-17.098
2026-04-12T03:00;balanco;SE;-2.961
2026-04-12T03:00;balanco;SIN;-320.036
2026-04-12T04:00;balanco;N;-3.719
2026-04-12T04:00;balanco;NE;-276.268
2026-04-12T04:00;balanco;S;-16.064
2026-04-12T04:00;balanco;SE;4.294
2026-04-12T04:00;balanco;SIN;-291.76
2026-04-12T05:00;balanco;N;14.694
2026-04-12T05:00;balanco;NE;-258.734
2026-04-12T05:00;balanco;S;-19.969
2026-04-12T05:00;balanco;SE;5.838
2026-04-12T05:00;balanco;SIN;-258.175
2026-04-12T06:00;balanco;N;147.661
2026-04-12T06:00;balanco;NE;-291.785
2026-04-12T06:00;balanco;S;-4.199
2026-04-12T06:00;balanco;SE;5.518
2026-04-12T06:00;balanco;SIN;-142.808
2026-04-12T07:00;balanco;NE;-217.775
2026-04-12T07:00;balanco;S;-13.461
2026-04-12T07:00;balanco;SE;62.014
2026-04-12T07:00;balanco;SIN;-169.298
2026-04-12T08:00;balanco;N;9.364
2026-04-12T08:00;balanco;NE;-199.524
2026-04-12T08:00;balanco;S;-11.32
2026-04-12T08:00;balanco;SE;60.969
2026-04-12T08:00;balanco;SIN;-140.511
2026-04-12T09:00;balanco;N;24.951
2026-04-12T09:00;balanco;NE;-196.848
2026-04-12T09:00;balanco;S;-21.602
2026-04-12T09:00;balanco;SE;21.405
2026-04-12T09:00;balanco;SIN;-172.095
2026-04-12T10:00;balanco;N;46.637
2026-04-12T10:00;balanco;NE;-213.683
2026-04-12T10:00;balanco;S;-5.223
2026-04-12T10:00;balanco;SE;-0.614
2026-04-12T10:00;balanco;SIN;-172.887
2026-04-12T11:00;balanco;N;59.289
2026-04-12T11:00;balanco;NE;-226.163
2026-04-12T11:00;balanco;S;-1.334
2026-04-12T11:00;balanco;SE;-19.132
2026-04-12T11:00;balanco;SIN;-187.343
2026-04-12T12:00;balanco;N;48.659
2026-04-12T12:00;balanco;NE;-223.36
2026-04-12T12:00;balanco;S;-28.956
2026-04-12T12:00;balanco;SE;-8.781
2026-04-12T12:00;balanco;SIN;-212.43
2026-04-12T13:00;balanco;N;50.687
2026-04-12T13:00;balanco;NE;-224.331
2026-04-12T13:00;balanco;S;1.453
2026-04-12T13:00;balanco;SE;10.901
2026-04-12T13:00;balanco;SIN;-161.294
2026-04-12T14:00;balanco;N;55.609
2026-04-12T14:00;balanco;NE;-214.312
2026-04-12T14:00;balanco;S;1.176
2026-04-12T14:00;balanco;SE;-15.463
2026-04-12T14:00;balanco;SIN;-172.993
2026-04-12T15:00;balanco;N;42.554
2026-04-12T15:00;balanco;NE;-191.799
2026-04-12T15:00;balanco;S;-1.021
2026-04-12T15:00;balanco;SE;-4.908
2026-04-12T15:00;balanco;SIN;-155.171
2026-04-12T16:00;balanco;N;44.653
2026-04-12T16:00;balanco;NE;-214.356
2026-04-12T16:00;balanco;S;0.287
2026-04-12T16:00;balanco;SE;-27.475
2026-04-12T16:00;balanco;SIN;-196.887
2026-04-12T17:00;balanco;N;33.38
2026-04-12T17:00;balanco;NE;-137.973
2026-04-12T17:00;balanco;S;-1.226
2026-04-12T17:00;balanco;SE;-71.892
2026-04-12T17:00;balanco;SIN;-177.71
2026-04-12T18:00;balanco;N;10.88
2026-04-12T18:00;balanco;NE;-117.187
2026-04-12T18:00;balanco;S;-1.293
2026-04-12T18:00;balanco;SE;-6.99
2026-04-12T18:00;balanco;SIN;-114.587
2026-04-12T19:00;balanco;N;0.388
2026-04-12T19:00;balanco;NE;-173.953
2026-04-12T19:00;balanco;S;-0.392
2026-04-12T19:00;balanco;SE;2.903
2026-04-12T19:00;balanco;SIN;-171.051
2026-04-12T20:00;balanco;N;-0.312
2026-04-12T20:00;balanco;NE;-253.092
2026-04-12T20:00;balanco;S;-1.851
2026-04-12T20:00;balanco;SE;-3.69
2026-04-12T20:00;balanco;SIN;-258.941
2026-04-12T21:00;balanco;N;-0.217
2026-04-12T21:00;balanco;NE;-242.052
2026-04-12T21:00;balanco;S;-2.457
2026-04-12T21:00;balanco;SE;-3.582
2026-04-12T21:00;balanco;SIN;-248.311
2026-04-12T22:00;balanco;N;-0.324
2026-04-12T22:00;balanco;NE;-220.591
2026-04-12T22:00;balanco;S;-0.594
2026-04-12T22:00;balanco;SE;-4.277
2026-04-12T22:00;balanco;SIN;-225.789
2026-04-12T23:00;balanco;N;-0.278
2026-04-12T23:00;balanco;NE;-248.74
2026-04-12T23:00;balanco;S;-0.351
2026-04-12T23:00;balanco;SE;-3.101
2026-04-12T23:00;balanco;SIN;-252.473
2026-04-13T00:00;balanco;N;-0.293
2026-04-13T00:00;balanco;NE;-51.615
2026-04-13T00:00;balanco;S;0.889
2026-04-13T00:00;balanco;SE;1.423
2026-04-13T00:00;balanco;SIN;-49.598
2026-04-13T01:00;balanco;N;-0.255
2026-04-13T01:00;balanco;NE;-43.537
2026-04-13T01:00;balanco;S;0.493
2026-04-13T01:00;balanco;SE;0.563
2026-04-13T01:00;balanco;SIN;-42.741
2026-04-13T02:00;balanco;N;-0.163
2026-04-13T02:00;balanco;NE;-48.21
2026-04-13T02:00;balanco;S;1.376
2026-04-13T02:00;balanco;SE;-1.494
2026-04-13T02:00;balanco;SIN;-48.49
2026-04-13T03:00;balanco;N;-0.351
2026-04-13T03:00;balanco;NE;-51.166
2026-04-13T03:00;balanco;S;1.341
2026-04-13T03:00;balanco;SE;-1.531
2026-04-13T03:00;balanco;SIN;-51.71
2026-04-13T04:00;balanco;N;-0.419
2026-04-13T04:00;balanco;NE;-47.069
2026-04-13T04:00;balanco;S;1.003
2026-04-13T04:00;balanco;SE;4.387
2026-04-13T04:00;balanco;SIN;-42.098
2026-04-13T05:00;balanco;N;-0.387
2026-04-13T05:00;balanco;NE;-46.765
2026-04-13T05:00;balanco;S;1.447
2026-04-13T05:00;balanco;SE;5.838
2026-04-13T05:00;balanco;SIN;-39.869
2026-04-13T06:00;balanco;N;-0.3
2026-04-13T06:00;balanco;NE;-58.225
2026-04-13T06:00;balanco;S;1.409
2026-04-13T06:00;balanco;SE;9.078
2026-04-13T06:00;balanco;SIN;-48.036
2026-04-13T07:00;balanco;N;0.619
2026-04-13T07:00;balanco;NE;-35.182
2026-04-13T07:00;balanco;S;1.171
2026-04-13T07:00;balanco;SE;100.14
2026-04-13T07:00;balanco;SIN;66.746
2026-04-13T08:00;balanco;N;10.712
2026-04-13T08:00;balanco;NE;-25.372
2026-04-13T08:00;balanco;S;1.376
2026-04-13T08:00;balanco;SE;94.868
2026-04-13T08:00;balanco;SIN;81.585
2026-04-13T09:00;balanco;N;27.563
2026-04-13T09:00;balanco;NE;-12.55
2026-04-13T09:00;balanco;S;0.768
2026-04-13T09:00;balanco;SE;70.802
2026-04-13T09:00;balanco;SIN;86.585
2026-04-13T10:00;balanco;N;45.973
2026-04-13T10:00;balanco;NE;321.865
2026-04-13T10:00;balanco;S;0.368
2026-04-13T10:00;balanco;SE;37.855
2026-04-13T10:00;balanco;SIN;406.058
2026-04-13T11:00;balanco;N;64.584
2026-04-13T11:00;balanco;NE;129.262
2026-04-13T11:00;balanco;S;-0.151
2026-04-13T11:00;balanco;SE;24.55
2026-04-13T11:00;balanco;SIN;218.248
2026-04-13T12:00;balanco;N;59.466
2026-04-13T12:00;balanco;NE;18.936
2026-04-13T12:00;balanco;S;-1.556
2026-04-13T12:00;balanco;SE;51.266
2026-04-13T12:00;balanco;SIN;128.108
2026-04-13T13:00;balanco;N;52.708
2026-04-13T13:00;balanco;NE;2.952
2026-04-13T13:00;balanco;S;-2.083
2026-04-13T13:00;balanco;SE;59.532
2026-04-13T13:00;balanco;SIN;113.109
2026-04-13T14:00;balanco;N;52.402
2026-04-13T14:00;balanco;NE;-6.944
2026-04-13T14:00;balanco;S;-1.508
2026-04-13T14:00;balanco;SE;71.097
2026-04-13T14:00;balanco;SIN;115.042
2026-04-13T15:00;balanco;N;51.663
2026-04-13T15:00;balanco;NE;-101.495
2026-04-13T15:00;balanco;S;-2.486
2026-04-13T15:00;balanco;SE;8.243
2026-04-13T15:00;balanco;SIN;-44.072
2026-04-13T16:00;balanco;N;41.901
2026-04-13T16:00;balanco;NE;-146.007
2026-04-13T16:00;balanco;S;-0.79
2026-04-13T16:00;balanco;SE;-12.194
2026-04-13T16:00;balanco;SIN;-117.087
2026-04-13T17:00;balanco;N;23.793
2026-04-13T17:00;balanco;NE;-62.741
2026-04-13T17:00;balanco;S;-0.522
2026-04-13T17:00;balanco;SE;-71.211
2026-04-13T17:00;balanco;SIN;-110.683
2026-04-13T18:00;balanco;N;9.739
2026-04-13T18:00;balanco;NE;-47.991
2026-04-13T18:00;balanco;S;0.184
2026-04-13T18:00;balanco;SE;-4.384
2026-04-13T18:00;balanco;SIN;-42.451
2026-04-13T19:00;balanco;N;-1.589
2026-04-13T19:00;balanco;NE;-52.336
2026-04-13T19:00;balanco;S;-1.448
2026-04-13T19:00;balanco;SE;5.438
2026-04-13T19:00;balanco;SIN;-49.932
2026-04-13T20:00;balanco;N;-3.076
2026-04-13T20:00;balanco;NE;-51.244
2026-04-13T20:00;balanco;S;-0.48
2026-04-13T20:00;balanco;SE;-1.184
2026-04-13T20:00;balanco;SIN;-55.983
2026-04-13T21:00;balanco;N;-3.754
2026-04-13T21:00;balanco;NE;-55.651
2026-04-13T21:00;balanco;S;1.3
2026-04-13T21:00;balanco;SE;-1.15
2026-04-13T21:00;balanco;SIN;-59.258
2026-04-13T22:00;balanco;N;-2.793
2026-04-13T22:00;balanco;NE;-55.506
2026-04-13T22:00;balanco;S;1.28
2026-04-13T22:00;balanco;SE;-1.153
2026-04-13T22:00;balanco;SIN;-58.169
2026-04-13T23:00;balanco;N;-3.643
2026-04-13T23:00;balanco;NE;-49.688
2026-04-13T23:00;balanco;S;0.589
2026-04-13T23:00;balanco;SE;-1.065
2026-04-13T23:00;balanco;SIN;-53.812
2026-04-14T00:00;balanco;N;-3.654
2026-04-14T00:00;balanco;NE;-43.626
2026-04-14T00:00;balanco;S;0.991
2026-04-14T00:00;balanco;SE;-0.776
2026-04-14T00:00;balanco;SIN;-47.075
2026-04-14T01:00;balanco;N;-3.548
2026-04-14T01:00;balanco;NE;-47.509
2026-04-14T01:00;balanco;SE;-0.726
2026-04-14T01:00;balanco;SIN;-51.849
2026-04-14T02:00;balanco;N;-2.538
2026-04-14T02:00;balanco;NE;-47.259
2026-04-14T02:00;balanco;S;0.584
2026-04-14T02:00;balanco;SE;-1.317
2026-04-14T02:00;balanco;SIN;-50.532
2026-04-14T03:00;balanco;N;-2.77
2026-04-14T03:00;balanco;NE;-47.503
2026-04-14T03:00;balanco;S;0.2
2026-04-14T03:00;balanco;SE;-1.307
2026-04-14T03:00;balanco;SIN;-51.373
2026-04-14T04:00;balanco;N;-3.685
2026-04-14T04:00;balanco;NE;-52.912
2026-04-14T04:00;balanco;S;1.914
2026-04-14T04:00;balanco;SE;-268.312
2026-04-14T04:00;balanco;SIN;-322.994
2026-04-14T05:00;balanco;N;-9.738
2026-04-14T05:00;balanco;NE;-55.633
2026-04-14T05:00;balanco;S;1.452
2026-04-14T05:00;balanco;SE;-144.674
2026-04-14T05:00;balanco;SIN;-208.591
2026-04-14T06:00;balanco;N;-23.23
2026-04-14T06:00;balanco;NE;-66.918
2026-04-14T06:00;balanco;S;0.374
2026-04-14T06:00;balanco;SE;-144.432
2026-04-14T06:00;balanco;SIN;-234.208
2026-04-14T07:00;balanco;N;-7.201
2026-04-14T07:00;balanco;NE;-10.379
2026-04-14T07:00;balanco;S;-2.606
2026-04-14T07:00;balanco;SE;89.431
2026-04-14T07:00;balanco;SIN;69.241
2026-04-14T08:00;balanco;N;20.03
2026-04-14T08:00;balanco;NE;-30.645
2026-04-14T08:00;balanco;S;-8.217
2026-04-14T08:00;balanco;SE;-42.072
2026-04-14T08:00;balanco;SIN;-60.908
2026-04-14T09:00;balanco;N;19.068
2026-04-14T09:00;balanco;NE;-23.199
2026-04-14T09:00;balanco;S;-6.798
2026-04-14T09:00;balanco;SE;11.655
2026-04-14T09:00;balanco;SIN;0.723
2026-04-14T10:00;balanco;N;18.88
2026-04-14T10:00;balanco;NE;-14.941
2026-04-14T10:00;balanco;S;-0.85
2026-04-14T10:00;balanco;SE;70.685
2026-04-14T10:00;balanco;SIN;73.772
2026-04-14T11:00;balanco;N;-40.273
2026-04-14T11:00;balanco;NE;-22.799
2026-04-14T11:00;balanco;S;0.958
2026-04-14T11:00;balanco;SE;309.878
2026-04-14T11:00;balanco;SIN;247.764
2026-04-14T12:00;balanco;N;-48.412
2026-04-14T12:00;balanco;NE;-30.366
2026-04-14T12:00;balanco;S;1.869
2026-04-14T12:00;balanco;SE;62.307
2026-04-14T12:00;balanco;SIN;-14.598
2026-04-14T13:00;balanco;N;-43.043
2026-04-14T13:00;balanco;NE;-43.027
2026-04-14T13:00;balanco;S;2.367
2026-04-14T13:00;balanco;SE;69.762
2026-04-14T13:00;balanco;SIN;-13.942
2026-04-14T14:00;balanco;N;61.575
2026-04-14T14:00;balanco;NE;-48.553
2026-04-14T14:00;balanco;S;-0.582
2026-04-14T14:00;balanco;SE;55.419
2026-04-14T14:00;balanco;SIN;67.86
2026-04-14T15:00;balanco;N;63.5
2026-04-14T15:00;balanco;NE;-66.717
2026-04-14T15:00;balanco;S;-4.995
2026-04-14T15:00;balanco;SE;25.845
2026-04-14T15:00;balanco;SIN;17.637
2026-04-14T16:00;balanco;N;39.842
2026-04-14T16:00;balanco;NE;-69.038
2026-04-14T16:00;balanco;S;-6.004
2026-04-14T16:00;balanco;SE;-17.012
2026-04-14T16:00;balanco;SIN;-52.213
2026-04-14T17:00;balanco;N;18.614
2026-04-14T17:00;balanco;NE;-48.409
2026-04-14T17:00;balanco;S;-6.437
2026-04-14T17:00;balanco;SE;27.341
2026-04-14T17:00;balanco;SIN;-8.896
2026-04-14T18:00;balanco;N;8.5
2026-04-14T18:00;balanco;NE;-44.454
2026-04-14T18:00;balanco;S;-6.936
2026-04-14T18:00;balanco;SE;-5.986
2026-04-14T18:00;balanco;SIN;-48.877
2026-04-14T19:00;balanco;N;-0.53
2026-04-14T19:00;balanco;NE;-55.431
2026-04-14T19:00;balanco;S;-6.851
2026-04-14T19:00;balanco;SE;-54.088
2026-04-14T19:00;balanco;SIN;-116.904
2026-04-14T20:00;balanco;N;-1.064
2026-04-14T20:00;balanco;NE;-43.094
2026-04-14T20:00;balanco;S;-6.995
2026-04-14T20:00;balanco;SE;-1.574
2026-04-14T20:00;balanco;SIN;-52.727
2026-04-14T21:00;balanco;N;-1.229
2026-04-14T21:00;balanco;NE;-44.937
2026-04-14T21:00;balanco;S;-6.974
2026-04-14T21:00;balanco;SE;-1.639
2026-04-14T21:00;balanco;SIN;-54.777
2026-04-14T22:00;balanco;N;-1.315
2026-04-14T22:00;balanco;NE;-45.53
2026-04-14T22:00;balanco;S;-6.93
2026-04-14T22:00;balanco;SE;-1.528
2026-04-14T22:00;balanco;SIN;-55.308
2026-04-14T23:00;balanco;N;-2.013
2026-04-14T23:00;balanco;NE;-46.306
2026-04-14T23:00;balanco;S;-6.895
2026-04-14T23:00;balanco;SE;-2.862
2026-04-14T23:00;balanco;SIN;-58.08
2026-05-04T00:00;balanco;N;-0.272
2026-05-04T00:00;balanco;NE;67.589
2026-05-04T00:00;balanco;S;-6.379
2026-05-04T00:00;balanco;SE;4.791
2026-05-04T00:00;balanco;SIN;65.731
2026-05-04T01:00;balanco;N;-0.207
2026-05-04T01:00;balanco;NE;63.059
2026-05-04T01:00;balanco;S;-13.627
2026-05-04T01:00;balanco;SE;0.978
2026-05-04T01:00;balanco;SIN;50.21
2026-05-04T02:00;balanco;N;-0.231
2026-05-04T02:00;balanco;NE;46.276
2026-05-04T02:00;balanco;S;-15.059
2026-05-04T02:00;balanco;SE;0.744
2026-05-04T02:00;balanco;SIN;31.729
2026-05-04T03:00;balanco;N;-0.215
2026-05-04T03:00;balanco;NE;56.119
2026-05-04T03:00;balanco;S;-9.091
2026-05-04T03:00;balanco;SE;-0.575
2026-05-04T03:00;balanco;SIN;46.236
2026-05-04T04:00;balanco;N;-0.316
2026-05-04T04:00;balanco;NE;129.837
2026-05-04T04:00;balanco;S;-9.465
2026-05-04T04:00;balanco;SE;-0.274
2026-05-04T04:00;balanco;SIN;129.814
2026-05-04T05:00;balanco;N;-0.164
2026-05-04T05:00;balanco;NE;64.663
2026-05-04T05:00;balanco;S;-11.673
2026-05-04T05:00;balanco;SE;-0.138
2026-05-04T05:00;balanco;SIN;52.82
2026-05-04T06:00;balanco;N;-0.267
2026-05-04T06:00;balanco;NE;-39.153
2026-05-04T06:00;balanco;S;-11.13
2026-05-04T06:00;balanco;SE;-0.615
2026-05-04T06:00;balanco;SIN;-76.585
2026-05-04T07:00;balanco;N;-0.258
2026-05-04T07:00;balanco;NE;-17.697
2026-05-04T07:00;balanco;S;-9.904
2026-05-04T07:00;balanco;SE;-0.596
2026-05-04T07:00;balanco;SIN;-45.088
2026-05-04T08:00;balanco;N;-0.187
2026-05-04T08:00;balanco;NE;-11.584
2026-05-04T08:00;balanco;S;-12.208
2026-05-04T08:00;balanco;SE;-0.593
2026-05-04T08:00;balanco;SIN;-33.117
2026-05-04T09:00;balanco;N;-0.241
2026-05-04T09:00;balanco;NE;-10.105
2026-05-04T09:00;balanco;S;-12.239
2026-05-04T09:00;balanco;SE;-0.615
2026-05-04T09:00;balanco;SIN;-3.477
2026-05-04T10:00;balanco;N;-0.409
2026-05-04T10:00;balanco;NE;17.07
2026-05-04T10:00;balanco;S;-5.354
2026-05-04T10:00;balanco;SE;-0.623
2026-05-04T10:00;balanco;SIN;3.535
2026-05-04T11:00;balanco;N;-0.181
2026-05-04T11:00;balanco;NE;22.752
2026-05-04T11:00;balanco;S;-0.995
2026-05-04T11:00;balanco;SE;-0.56
2026-05-04T11:00;balanco;SIN;33.77
2026-05-04T12:00;balanco;N;-0.235
2026-05-04T12:00;balanco;NE;28.378
2026-05-04T12:00;balanco;S;-0.845
2026-05-04T12:00;balanco;SE;-0.531
2026-05-04T12:00;balanco;SIN;14.825
2026-05-04T13:00;balanco;N;-0.244
2026-05-04T13:00;balanco;NE;20.747
2026-05-04T13:00;balanco;S;-1.324
2026-05-04T13:00;balanco;SE;-0.952
2026-05-04T13:00;balanco;SIN;2.76
2026-05-04T14:00;balanco;N;-0.23
2026-05-04T14:00;balanco;NE;19.077
2026-05-04T14:00;balanco;S;-4.735
2026-05-04T14:00;balanco;SE;-1.475
2026-05-04T14:00;balanco;SIN;-13.617
2026-05-04T15:00;balanco;N;-0.244
2026-05-04T15:00;balanco;NE;6.082
2026-05-04T15:00;balanco;S;-3.006
2026-05-04T15:00;balanco;SE;-2.608
2026-05-04T15:00;balanco;SIN;-36.788
2026-05-04T16:00;balanco;N;-0.332
2026-05-04T16:00;balanco;NE;7.564
2026-05-04T16:00;balanco;S;-3.915
2026-05-04T16:00;balanco;SE;-6.745
2026-05-04T16:00;balanco;SIN;-40.815
2026-05-04T17:00;balanco;N;-0.92
2026-05-04T17:00;balanco;NE;1.085
2026-05-04T17:00;balanco;S;-4.867
2026-05-04T17:00;balanco;SE;-8.257
2026-05-04T17:00;balanco;SIN;18.356
2026-05-04T18:00;balanco;N;-0.213
2026-05-04T18:00;balanco;NE;-2.648
2026-05-04T18:00;balanco;S;-6.66
2026-05-04T18:00;balanco;SE;-4.422
2026-05-04T18:00;balanco;SIN;-0.667
2026-05-04T19:00;balanco;N;-0.176
2026-05-04T19:00;balanco;NE;-14.48
2026-05-04T19:00;balanco;S;-9.843
2026-05-04T19:00;balanco;SE;-5.044
2026-05-04T19:00;balanco;SIN;-16.22
2026-05-04T20:00;balanco;N;-0.172
2026-05-04T20:00;balanco;NE;-13.219
2026-05-04T20:00;balanco;S;-7.648
2026-05-04T20:00;balanco;SE;-6.128
2026-05-04T20:00;balanco;SIN;-27.176
2026-05-04T21:00;balanco;N;-0.15
2026-05-04T21:00;balanco;NE;-48.446
2026-05-04T21:00;balanco;S;-8.825
2026-05-04T21:00;balanco;SE;-5.024
2026-05-04T21:00;balanco;SIN;-62.453
2026-05-04T22:00;balanco;N;-0.255
2026-05-04T22:00;balanco;NE;-27.245
2026-05-04T22:00;balanco;S;-2.716
2026-05-04T22:00;balanco;SE;-4.455
2026-05-04T22:00;balanco;SIN;-34.668
2026-05-04T23:00;balanco;N;-0.272
2026-05-04T23:00;balanco;NE;-12.143
2026-05-04T23:00;balanco;S;-1.286
2026-05-04T23:00;balanco;SE;-4.592
2026-05-04T23:00;balanco;SIN;-18.298
2026-05-06T00:00;balanco;N;-0.209
2026-05-06T00:00;balanco;NE;-11.769
2026-05-06T00:00;balanco;S;-3.063
2026-05-06T00:00;balanco;SE;4.887
2026-05-06T00:00;balanco;SIN;-10.158
2026-05-06T01:00;balanco;N;-0.325
2026-05-06T01:00;balanco;NE;-13.02
2026-05-06T01:00;balanco;S;-6.847
2026-05-06T01:00;balanco;SIN;-20.266
2026-05-06T02:00;balanco;N;-0.277
2026-05-06T02:00;balanco;NE;-11.265
2026-05-06T02:00;balanco;S;-6.846
2026-05-06T02:00;balanco;SE;0.417
2026-05-06T02:00;balanco;SIN;-17.972
2026-05-06T03:00;balanco;N;-0.296
2026-05-06T03:00;balanco;NE;-8.387
2026-05-06T03:00;balanco;S;-7.055
2026-05-06T03:00;balanco;SIN;-15.671
2026-05-06T04:00;balanco;N;-0.362
2026-05-06T04:00;balanco;NE;6.424
2026-05-06T04:00;balanco;S;-6.981
2026-05-06T04:00;balanco;SE;7.094
2026-05-06T04:00;balanco;SIN;6.179
2026-05-06T05:00;balanco;N;-0.219
2026-05-06T05:00;balanco;NE;6.338
2026-05-06T05:00;balanco;S;-2.823
2026-05-06T05:00;balanco;SE;6.781
2026-05-06T05:00;balanco;SIN;10.074
2026-05-06T06:00;balanco;N;-0.226
2026-05-06T06:00;balanco;NE;-73.894
2026-05-06T06:00;balanco;S;4.74
2026-05-06T06:00;balanco;SE;-8.998
2026-05-06T06:00;balanco;SIN;-78.374
2026-05-06T07:00;balanco;N;-0.219
2026-05-06T07:00;balanco;NE;-62.604
2026-05-06T07:00;balanco;S;5.342
2026-05-06T07:00;balanco;SE;-26.628
2026-05-06T07:00;balanco;SIN;-84.11
2026-05-06T08:00;balanco;N;-0.35
2026-05-06T08:00;balanco;NE;-44.874
2026-05-06T08:00;balanco;S;4.594
2026-05-06T08:00;balanco;SE;2.188
2026-05-06T08:00;balanco;SIN;-38.44
2026-05-06T09:00;balanco;N;-0.239
2026-05-06T09:00;balanco;NE;-34.419
2026-05-06T09:00;balanco;S;4.263
2026-05-06T09:00;balanco;SE;6.38
2026-05-06T09:00;balanco;SIN;-24.018
2026-05-06T10:00;balanco;N;-0.339
2026-05-06T10:00;balanco;NE;76.814
2026-05-06T10:00;balanco;S;4.941
2026-05-06T10:00;balanco;SE;6.982
2026-05-06T10:00;balanco;SIN;88.396
2026-05-06T11:00;balanco;N;-0.328
2026-05-06T11:00;balanco;NE;88.361
2026-05-06T11:00;balanco;S;3.928
2026-05-06T11:00;balanco;SE;7.736
2026-05-06T11:00;balanco;SIN;99.696
2026-05-06T12:00;balanco;N;-6.351
2026-05-06T12:00;balanco;NE;125.604
2026-05-06T12:00;balanco;S;1.105
2026-05-06T12:00;balanco;SE;4.552
2026-05-06T12:00;balanco;SIN;124.91
2026-05-06T13:00;balanco;N;-2.799
2026-05-06T13:00;balanco;NE;85.315
2026-05-06T13:00;balanco;S;-2.533
2026-05-06T13:00;balanco;SE;-7.74
2026-05-06T13:00;balanco;SIN;72.241
2026-05-06T14:00;balanco;N;-0.981
2026-05-06T14:00;balanco;NE;57.149
2026-05-06T14:00;balanco;S;0.43
2026-05-06T14:00;balanco;SE;-12.581
2026-05-06T14:00;balanco;SIN;44.018
2026-05-06T15:00;balanco;N;-1.507
2026-05-06T15:00;balanco;NE;-20.473
2026-05-06T15:00;balanco;S;1.988
2026-05-06T15:00;balanco;SE;-66.206
2026-05-06T15:00;balanco;SIN;-86.202
2026-05-06T16:00;balanco;N;-0.234
2026-05-06T16:00;balanco;NE;357.357
2026-05-06T16:00;balanco;S;-3.46
2026-05-06T16:00;balanco;SE;-90.346
2026-05-06T16:00;balanco;SIN;263.319
2026-05-06T17:00;balanco;N;-0.408
2026-05-06T17:00;balanco;NE;122.428
2026-05-06T17:00;balanco;S;-1.928
2026-05-06T17:00;balanco;SE;-42.762
2026-05-06T17:00;balanco;SIN;77.322
2026-05-06T18:00;balanco;N;-0.417
2026-05-06T18:00;balanco;NE;-76.553
2026-05-06T18:00;balanco;S;-2.733
2026-05-06T18:00;balanco;SE;2.416
2026-05-06T18:00;balanco;SIN;-77.29
2026-05-06T19:00;balanco;N;-0.228
2026-05-06T19:00;balanco;NE;-77.885
2026-05-06T19:00;balanco;S;-6.034
2026-05-06T19:00;balanco;SE;2.964
2026-05-06T19:00;balanco;SIN;-81.191
2026-05-06T20:00;balanco;N;-0.171
2026-05-06T20:00;balanco;NE;-70.675
2026-05-06T20:00;balanco;S;-7.928
2026-05-06T20:00;balanco;SE;-4.323
2026-05-06T20:00;balanco;SIN;-83.101
2026-05-06T21:00;balanco;N;-0.369
2026-05-06T21:00;balanco;NE;33.348
2026-05-06T21:00;balanco;S;-1.864
2026-05-06T21:00;balanco;SE;-3.94
2026-05-06T21:00;balanco;SIN;27.167
2026-05-06T22:00;balanco;N;-0.132
2026-05-06T22:00;balanco;NE;-55.125
2026-05-06T22:00;balanco;S;0.659
2026-05-06T22:00;balanco;SE;-4.014
2026-05-06T22:00;balanco;SIN;-58.615
2026-05-06T23:00;balanco;N;-0.244
2026-05-06T23:00;balanco;NE;-79.332
2026-05-06T23:00;balanco;S;-2.364
2026-05-06T23:00;balanco;SE;0.837
2026-05-06T23:00;balanco;SIN;-81.095
2026-05-07T00:00;balanco;N;-0.203
2026-05-07T00:00;balanco;NE;-65.656
2026-05-07T00:00;balanco;S;-0.108
2026-05-07T00:00;balanco;SE;5.485
2026-05-07T00:00;balanco;SIN;-60.482
2026-05-07T01:00;balanco;N;-0.151
2026-05-07T01:00;balanco;NE;53.368
2026-05-07T01:00;balanco;S;0.246
2026-05-07T01:00;balanco;SE;-0.536
2026-05-07T01:00;balanco;SIN;52.93
2026-05-07T02:00;balanco;N;-0.158
2026-05-07T02:00;balanco;NE;-6.663
2026-05-07T02:00;balanco;S;-1.369
2026-05-07T02:00;balanco;SE;-0.55
2026-05-07T02:00;balanco;SIN;-8.745
2026-05-07T03:00;balanco;N;-0.133
2026-05-07T03:00;balanco;NE;6.171
2026-05-07T03:00;balanco;S;0.657
2026-05-07T03:00;balanco;SE;-0.54
2026-05-07T03:00;balanco;SIN;6.155
2026-05-07T04:00;balanco;N;-0.146
2026-05-07T04:00;balanco;NE;-55.556
2026-05-07T04:00;balanco;S;-1.145
2026-05-07T04:00;balanco;SE;5.507
2026-05-07T04:00;balanco;SIN;-51.338
2026-05-07T05:00;balanco;N;-0.16
2026-05-07T05:00;balanco;NE;-94.634
2026-05-07T05:00;balanco;S;-2.664
2026-05-07T05:00;balanco;SE;5.278
2026-05-07T05:00;balanco;SIN;-92.181
2026-05-07T06:00;balanco;N;-0.194
2026-05-07T06:00;balanco;NE;304.896
2026-05-07T06:00;balanco;S;-4.121
2026-05-07T06:00;balanco;SE;-15.653
2026-05-07T06:00;balanco;SIN;284.928
2026-05-07T07:00;balanco;N;-0.277
2026-05-07T07:00;balanco;NE;622.795
2026-05-07T07:00;balanco;S;-5.562
2026-05-07T07:00;balanco;SE;-14.197
2026-05-07T07:00;balanco;SIN;602.754
2026-05-07T08:00;balanco;N;-0.229
2026-05-07T08:00;balanco;NE;583.07
2026-05-07T08:00;balanco;S;-5.933
2026-05-07T08:00;balanco;SE;-1.167
2026-05-07T08:00;balanco;SIN;575.741
2026-05-07T09:00;balanco;N;-0.205
2026-05-07T09:00;balanco;NE;34.361
2026-05-07T09:00;balanco;S;-12.939
2026-05-07T09:00;balanco;SE;-1.578
2026-05-07T09:00;balanco;SIN;19.639
2026-05-07T10:00;balanco;N;-0.191
2026-05-07T10:00;balanco;NE;47.731
2026-05-07T10:00;balanco;S;-0.465
2026-05-07T10:00;balanco;SE;-2.203
2026-05-07T10:00;balanco;SIN;44.878
2026-05-07T11:00;balanco;N;-0.204
2026-05-07T11:00;balanco;NE;109.139
2026-05-07T11:00;balanco;S;-1.515
2026-05-07T11:00;balanco;SE;-3.192
2026-05-07T11:00;balanco;SIN;104.224
2026-05-07T12:00;balanco;N;-0.115
2026-05-07T12:00;balanco;NE;170.837
2026-05-07T12:00;balanco;S;-1.357
2026-05-07T12:00;balanco;SE;-1.641
2026-05-07T12:00;balanco;SIN;167.716
2026-05-07T13:00;balanco;N;-0.216
2026-05-07T13:00;balanco;NE;7.826
2026-05-07T13:00;balanco;S;-3.923
2026-05-07T13:00;balanco;SE;1.596
2026-05-07T13:00;balanco;SIN;5.285
2026-05-07T14:00;balanco;N;-0.252
2026-05-07T14:00;balanco;NE;-170.326
2026-05-07T14:00;balanco;S;-8.781
2026-05-07T14:00;balanco;SE;-14.271
2026-05-07T14:00;balanco;SIN;-193.63
2026-05-07T15:00;balanco;N;-0.157
2026-05-07T15:00;balanco;NE;-142.6
2026-05-07T15:00;balanco;S;-6.849
2026-05-07T15:00;balanco;SE;-15.181
2026-05-07T15:00;balanco;SIN;-164.784
2026-05-07T16:00;balanco;N;-0.177
2026-05-07T16:00;balanco;NE;-212.851
2026-05-07T16:00;balanco;S;-10.605
2026-05-07T16:00;balanco;SE;-85.902
2026-05-07T16:00;balanco;SIN;-309.537
2026-05-07T17:00;balanco;N;-0.277
2026-05-07T17:00;balanco;NE;20.737
2026-05-07T17:00;balanco;S;-6.262
2026-05-07T17:00;balanco;SE;-46.74
2026-05-07T17:00;balanco;SIN;-32.545
2026-05-07T18:00;balanco;N;-0.249
2026-05-07T18:00;balanco;NE;-256.261
2026-05-07T18:00;balanco;S;-4.795
2026-05-07T18:00;balanco;SE;2.91
2026-05-07T18:00;balanco;SIN;-258.397
2026-05-07T19:00;balanco;N;-0.221
2026-05-07T19:00;balanco;NE;250.178
2026-05-07T19:00;balanco;S;-7.071
2026-05-07T19:00;balanco;SE;2.847
2026-05-07T19:00;balanco;SIN;245.731
2026-05-07T20:00;balanco;N;-0.142
2026-05-07T20:00;balanco;NE;333.506
2026-05-07T20:00;balanco;S;-8.056
2026-05-07T20:00;balanco;SE;-2.055
2026-05-07T20:00;balanco;SIN;323.246
2026-05-07T21:00;balanco;N;-0.23
2026-05-07T21:00;balanco;NE;272.209
2026-05-07T21:00;balanco;S;-6.98
2026-05-07T21:00;balanco;SE;-1.81
2026-05-07T21:00;balanco;SIN;263.184
2026-05-07T22:00;balanco;N;-0.15
2026-05-07T22:00;balanco;NE;13.731
2026-05-07T22:00;balanco;S;-7.729
2026-05-07T22:00;balanco;SE;-1.56
2026-05-07T22:00;balanco;SIN;4.291
2026-05-07T23:00;balanco;N;-0.27
2026-05-07T23:00;balanco;NE;-125.554
2026-05-07T23:00;balanco;S;-6.453
2026-05-07T23:00;balanco;SE;-0.671
2026-05-07T23:00;balanco;SIN;-132.95
2026-05-09T00:00;balanco;N;0.338
2026-05-09T00:00;balanco;NE;-15572.369
2026-05-09T00:00;balanco;S;-1315.688
2026-05-09T00:00;balanco;SE;-260.172
2026-05-09T00:00;balanco;SIN;-17305.528
2026-05-09T01:00;balanco;N;-0.271
2026-05-09T01:00;balanco;NE;-14206.091
2026-05-09T01:00;balanco;S;-1380.993
2026-05-09T01:00;balanco;SE;-259.791
2026-05-09T01:00;balanco;SIN;-15921.286
2026-05-09T02:00;balanco;N;-0.356
2026-05-09T02:00;balanco;NE;-13847.78
2026-05-09T02:00;balanco;S;-1418.164
2026-05-09T02:00;balanco;SE;-262.62
2026-05-09T02:00;balanco;SIN;-15542.289
2026-05-09T03:00;balanco;N;-0.277
2026-05-09T03:00;balanco;NE;-14988.245
2026-05-09T03:00;balanco;S;-1388.925
2026-05-09T03:00;balanco;SE;-264.743
2026-05-09T03:00;balanco;SIN;-16645.131
2026-05-09T04:00;balanco;N;-0.308
2026-05-09T04:00;balanco;NE;-14988.224
2026-05-09T04:00;balanco;S;-1494.745
2026-05-09T04:00;balanco;SE;-266.081
2026-05-09T04:00;balanco;SIN;-16763.231
2026-05-09T05:00;balanco;N;-0.374
2026-05-09T05:00;balanco;NE;-14227.693
2026-05-09T05:00;balanco;S;-1550.909
2026-05-09T05:00;balanco;SE;-256.138
2026-05-09T05:00;balanco;SIN;-16042.617
2026-05-09T06:00;balanco;N;-0.423
2026-05-09T06:00;balanco;NE;-15197.036
2026-05-09T06:00;balanco;S;-1574.341
2026-05-09T06:00;balanco;SE;-766.491
2026-05-09T06:00;balanco;SIN;-17550.787
2026-05-09T07:00;balanco;N;0.121
2026-05-09T07:00;balanco;NE;-15762.656
2026-05-09T07:00;balanco;S;-1570.668
2026-05-09T07:00;balanco;SE;-4039.945
2026-05-09T07:00;balanco;SIN;-21411.49
2026-05-09T08:00;balanco;NE;-15655.189
2026-05-09T08:00;balanco;S;-1470.421
2026-05-09T08:00;balanco;SE;-4976.565
2026-05-09T08:00;balanco;SIN;-22141.214
2026-05-09T09:00;balanco;NE;-15038.266
2026-05-09T09:00;balanco;S;-1472.676
2026-05-09T09:00;balanco;SE;-5837.54
2026-05-09T09:00;balanco;SIN;-22371.324
2026-05-09T10:00;balanco;N;0.103
2026-05-09T10:00;balanco;NE;-14015.742
2026-05-09T10:00;balanco;S;-1525.815
2026-05-09T10:00;balanco;SE;-6090.875
2026-05-09T10:00;balanco;SIN;-21653.181
2026-05-09T11:00;balanco;NE;-13423.379
2026-05-09T11:00;balanco;S;-1497.679
2026-05-09T11:00;balanco;SE;-6121.981
2026-05-09T11:00;balanco;SIN;-21075.768
2026-05-09T12:00;balanco;NE;-13315.093
2026-05-09T12:00;balanco;S;-1410.514
2026-05-09T12:00;balanco;SE;-6117.897
2026-05-09T12:00;balanco;SIN;-20902.842
2026-05-09T13:00;balanco;NE;-13266.868
2026-05-09T13:00;balanco;S;-1509.105
2026-05-09T13:00;balanco;SE;-6078.388
2026-05-09T13:00;balanco;SIN;-20946.597
2026-05-09T14:00;balanco;NE;-13304.009
2026-05-09T14:00;balanco;S;-1545.717
2026-05-09T14:00;balanco;SE;-6339.13
2026-05-09T14:00;balanco;SIN;-21238.101
2026-05-09T15:00;balanco;N;0.152
2026-05-09T15:00;balanco;NE;-13415.926
2026-05-09T15:00;balanco;S;-1515.405
2026-05-09T15:00;balanco;SE;-6373.66
2026-05-09T15:00;balanco;SIN;-21378.559
2026-05-09T16:00;balanco;NE;-11385.929
2026-05-09T16:00;balanco;S;-1490.566
2026-05-09T16:00;balanco;SE;-3751.735
2026-05-09T16:00;balanco;SIN;-16728.019
2026-05-09T17:00;balanco;NE;-9575.194
2026-05-09T17:00;balanco;S;-1470.331
2026-05-09T17:00;balanco;SE;-549.028
2026-05-09T17:00;balanco;SIN;-11642.948
2026-05-09T18:00;balanco;NE;-11291.245
2026-05-09T18:00;balanco;S;-1438.329
2026-05-09T18:00;balanco;SE;-151.923
2026-05-09T18:00;balanco;SIN;-12906.018
2026-05-09T19:00;balanco;NE;-14542.341
2026-05-09T19:00;balanco;S;-1563.208
2026-05-09T19:00;balanco;SE;-208.171
2026-05-09T19:00;balanco;SIN;-16339.324
2026-05-09T20:00;balanco;NE;-14897.933
2026-05-09T20:00;balanco;S;-1605.682
2026-05-09T20:00;balanco;SE;-243.918
2026-05-09T20:00;balanco;SIN;-16810.625
2026-05-09T21:00;balanco;NE;-14581.978
2026-05-09T21:00;balanco;S;-1568.772
2026-05-09T21:00;balanco;SE;-252.935
2026-05-09T21:00;balanco;SIN;-16579.998
2026-05-09T22:00;balanco;N;0.155
2026-05-09T22:00;balanco;NE;-14872.241
2026-05-09T22:00;balanco;S;-1559.577
2026-05-09T22:00;balanco;SE;-252.871
2026-05-09T22:00;balanco;SIN;-16923.491
2026-05-09T23:00;balanco;NE;-14928.008
2026-05-09T23:00;balanco;S;-1617.876
2026-05-09T23:00;balanco;SE;-248.624
2026-05-09T23:00;balanco;SIN;-17044.257
2026-05-10T00:00;balanco;NE;8.171
2026-05-10T00:00;balanco;S;-5.063
2026-05-10T00:00;balanco;SE;-3.317
2026-05-10T00:00;balanco;SIN;-0.172
2026-05-10T01:00;balanco;N;-0.158
2026-05-10T01:00;balanco;NE;21.47
2026-05-10T01:00;balanco;S;-4.667
2026-05-10T01:00;balanco;SE;-3.213
2026-05-10T01:00;balanco;SIN;13.432
2026-05-10T02:00;balanco;N;-0.177
2026-05-10T02:00;balanco;NE;4.96
2026-05-10T02:00;balanco;S;-3.521
2026-05-10T02:00;balanco;SE;-9.566
2026-05-10T02:00;balanco;SIN;-8.308
2026-05-10T03:00;balanco;NE;39.906
2026-05-10T03:00;balanco;S;-5.096
2026-05-10T03:00;balanco;SE;-9.707
2026-05-10T03:00;balanco;SIN;25.033
2026-05-10T04:00;balanco;NE;65.35
2026-05-10T04:00;balanco;S;-4.9
2026-05-10T04:00;balanco;SE;1.56
2026-05-10T04:00;balanco;SIN;67.844
2026-05-10T05:00;balanco;NE;56.112
2026-05-10T05:00;balanco;S;-5.219
2026-05-10T05:00;balanco;SE;-0.801
2026-05-10T05:00;balanco;SIN;53.068
2026-05-10T06:00;balanco;NE;17.986
2026-05-10T06:00;balanco;S;-5.166
2026-05-10T06:00;balanco;SE;-14.962
2026-05-10T06:00;balanco;SIN;-22.49
2026-05-10T07:00;balanco;NE;2.993
2026-05-10T07:00;balanco;S;-5.007
2026-05-10T07:00;balanco;SE;-10.439
2026-05-10T07:00;balanco;SIN;-35.28
2026-05-10T08:00;balanco;NE;25.083
2026-05-10T08:00;balanco;S;-5.059
2026-05-10T08:00;balanco;SE;68.285
2026-05-10T08:00;balanco;SIN;62.007
2026-05-10T09:00;balanco;NE;22.927
2026-05-10T09:00;balanco;S;-4.556
2026-05-10T09:00;balanco;SE;0.204
2026-05-10T09:00;balanco;SIN;-3.457
2026-05-10T10:00;balanco;NE;-20.455
2026-05-10T10:00;balanco;S;-3.758
2026-05-10T10:00;balanco;SE;-1.874
2026-05-10T10:00;balanco;SIN;-62.564
2026-05-10T11:00;balanco;NE;47.07
2026-05-10T11:00;balanco;S;-5.787
2026-05-10T11:00;balanco;SIN;20.915
2026-05-10T12:00;balanco;NE;100.967
2026-05-10T12:00;balanco;S;-4.021
2026-05-10T12:00;balanco;SE;0.795
2026-05-10T12:00;balanco;SIN;97.951
2026-05-10T13:00;balanco;NE;98.181
2026-05-10T13:00;balanco;S;-2.569
2026-05-10T13:00;balanco;SE;-1.311
2026-05-10T13:00;balanco;SIN;99.277
2026-05-10T14:00;balanco;NE;55.887
2026-05-10T14:00;balanco;S;-3.339
2026-05-10T14:00;balanco;SE;-23.944
2026-05-10T14:00;balanco;SIN;4.377
2026-05-10T15:00;balanco;NE;-0.269
2026-05-10T15:00;balanco;S;-3.322
2026-05-10T15:00;balanco;SE;-4.613
2026-05-10T15:00;balanco;SIN;-49.029
2026-05-10T16:00;balanco;N;-69.982
2026-05-10T16:00;balanco;NE;19.578
2026-05-10T16:00;balanco;S;-4.566
2026-05-10T16:00;balanco;SE;-10.615
2026-05-10T16:00;balanco;SIN;-162.112
2026-05-10T17:00;balanco;N;-71.303
2026-05-10T17:00;balanco;NE;26.258
2026-05-10T17:00;balanco;S;-6.05
2026-05-10T17:00;balanco;SE;-18.447
2026-05-10T17:00;balanco;SIN;-107.043
2026-05-10T18:00;balanco;N;-0.791
2026-05-10T18:00;balanco;NE;-9.181
2026-05-10T18:00;balanco;S;-6.654
2026-05-10T18:00;balanco;SE;-7.068
2026-05-10T18:00;balanco;SIN;-17.205
2026-05-10T19:00;balanco;N;-1.012
2026-05-10T19:00;balanco;NE;17.212
2026-05-10T19:00;balanco;S;-5.464
2026-05-10T19:00;balanco;SE;-1.812
2026-05-10T19:00;balanco;SIN;16.654
2026-05-10T20:00;balanco;N;-0.969
2026-05-10T20:00;balanco;NE;28.911
2026-05-10T20:00;balanco;S;-5.513
2026-05-10T20:00;balanco;SE;-4.386
2026-05-10T20:00;balanco;SIN;18.041
2026-05-10T21:00;balanco;N;-1.131
2026-05-10T21:00;balanco;NE;29.063
2026-05-10T21:00;balanco;S;-6.323
2026-05-10T21:00;balanco;SE;-5.457
2026-05-10T21:00;balanco;SIN;16.15
2026-05-10T22:00;balanco;N;-1.041
2026-05-10T22:00;balanco;NE;25.851
2026-05-10T22:00;balanco;S;-5.363
2026-05-10T22:00;balanco;SE;-3.751
2026-05-10T22:00;balanco;SIN;15.694
2026-05-10T23:00;balanco;N;-1.272
2026-05-10T23:00;balanco;NE;12.665
2026-05-10T23:00;balanco;S;-4.459
2026-05-10T23:00;balanco;SE;-4.309
2026-05-10T23:00;balanco;SIN;2.625
2026-05-11T00:00;balanco;N;-39.718
2026-05-11T00:00;balanco;NE;29.643
2026-05-11T00:00;balanco;S;-4.605
2026-05-11T00:00;balanco;SE;-4.045
2026-05-11T00:00;balanco;SIN;-18.728
2026-05-11T01:00;balanco;N;-33.318
2026-05-11T01:00;balanco;NE;30.458
2026-05-11T01:00;balanco;S;-5.266
2026-05-11T01:00;balanco;SE;4.036
2026-05-11T01:00;balanco;SIN;-4.082
2026-05-11T02:00;balanco;N;-33.576
2026-05-11T02:00;balanco;NE;33.408
2026-05-11T02:00;balanco;S;-5.294
2026-05-11T02:00;balanco;SE;-0.782
2026-05-11T02:00;balanco;SIN;-6.245
2026-05-11T03:00;balanco;N;-27.401
2026-05-11T03:00;balanco;NE;35.149
2026-05-11T03:00;balanco;S;-5.296
2026-05-11T03:00;balanco;SE;-2.65
2026-05-11T03:00;balanco;SIN;-0.198
2026-05-11T04:00;balanco;N;-22.819
2026-05-11T04:00;balanco;NE;38.799
2026-05-11T04:00;balanco;S;-5.232
2026-05-11T04:00;balanco;SE;5.261
2026-05-11T04:00;balanco;SIN;16.014
2026-05-11T05:00;balanco;N;-21.866
2026-05-11T05:00;balanco;NE;23.514
2026-05-11T05:00;balanco;S;-5.268
2026-05-11T05:00;balanco;SE;5.423
2026-05-11T05:00;balanco;SIN;1.804
2026-05-11T06:00;balanco;N;-13.062
2026-05-11T06:00;balanco;NE;-88.442
2026-05-11T06:00;balanco;S;-5.158
2026-05-11T06:00;balanco;SE;-10.805
2026-05-11T06:00;balanco;SIN;-117.47
2026-05-11T07:00;balanco;N;-2.172
2026-05-11T07:00;balanco;NE;-203.919
2026-05-11T07:00;balanco;S;-5.068
2026-05-11T07:00;balanco;SE;-17.167
2026-05-11T07:00;balanco;SIN;-228.325
2026-05-11T08:00;balanco;N;-0.91
2026-05-11T08:00;balanco;NE;-124.535
2026-05-11T08:00;balanco;S;-5.138
2026-05-11T08:00;balanco;SE;-6.307
2026-05-11T08:00;balanco;SIN;-136.898
2026-05-11T09:00;balanco;N;-1.236
2026-05-11T09:00;balanco;NE;-45.237
2026-05-11T09:00;balanco;S;-4.743
2026-05-11T09:00;balanco;SE;5.194
2026-05-11T09:00;balanco;SIN;-46.013
2026-05-11T10:00;balanco;N;-1.24
2026-05-11T10:00;balanco;NE;0.596
2026-05-11T10:00;balanco;S;-3.151
2026-05-11T10:00;balanco;SE;-3.409
2026-05-11T10:00;balanco;SIN;-7.211
2026-05-11T11:00;balanco;N;-1.155
2026-05-11T11:00;balanco;NE;49.455
2026-05-11T11:00;balanco;S;-3.036
2026-05-11T11:00;balanco;SE;-1.106
2026-05-11T11:00;balanco;SIN;44.155
2026-05-11T12:00;balanco;N;1.202
2026-05-11T12:00;balanco;NE;-14.881
2026-05-11T12:00;balanco;S;-2.379
2026-05-11T12:00;balanco;SE;-1.792
2026-05-11T12:00;balanco;SIN;-17.854
2026-05-11T13:00;balanco;N;-1.462
2026-05-11T13:00;balanco;NE;-136.548
2026-05-11T13:00;balanco;S;3.009
2026-05-11T13:00;balanco;SE;-12.563
2026-05-11T13:00;balanco;SIN;-147.562
2026-05-11T14:00;balanco;N;-1.0
2026-05-11T14:00;balanco;NE;-184.091
2026-05-11T14:00;balanco;S;-4.065
2026-05-11T14:00;balanco;SE;-1.197
2026-05-11T14:00;balanco;SIN;-190.351
2026-05-11T15:00;balanco;N;-1.014
2026-05-11T15:00;balanco;NE;-138.498
2026-05-11T15:00;balanco;S;-4.176
2026-05-11T15:00;balanco;SE;-13.279
2026-05-11T15:00;balanco;SIN;-156.969
2026-05-11T16:00;balanco;N;-1.201
2026-05-11T16:00;balanco;NE;-186.229
2026-05-11T16:00;balanco;S;-3.253
2026-05-11T16:00;balanco;SE;-50.521
2026-05-11T16:00;balanco;SIN;-241.212
2026-05-11T17:00;balanco;N;-0.972
2026-05-11T17:00;balanco;NE;-28.977
2026-05-11T17:00;balanco;S;-0.986
2026-05-11T17:00;balanco;SE;-30.648
2026-05-11T17:00;balanco;SIN;-61.581
2026-05-11T18:00;balanco;N;-1.422
2026-05-11T18:00;balanco;NE;-14.033
2026-05-11T18:00;balanco;S;-4.191
2026-05-11T18:00;balanco;SE;5.003
2026-05-11T18:00;balanco;SIN;-14.647
2026-05-11T19:00;balanco;N;-1.558
2026-05-11T19:00;balanco;NE;-19.328
2026-05-11T19:00;balanco;S;-4.935
2026-05-11T19:00;balanco;SE;4.742
2026-05-11T19:00;balanco;SIN;-21.071
2026-05-11T20:00;balanco;N;-1.484
2026-05-11T20:00;balanco;NE;-21.433
2026-05-11T20:00;balanco;S;-5.731
2026-05-11T20:00;balanco;SE;-3.899
2026-05-11T20:00;balanco;SIN;-32.549
2026-05-11T21:00;balanco;N;-1.285
2026-05-11T21:00;balanco;NE;-45.895
2026-05-11T21:00;balanco;S;-2.447
2026-05-11T21:00;balanco;SE;-3.661
2026-05-11T21:00;balanco;SIN;-53.29
2026-05-11T22:00;balanco;N;-1.085
2026-05-11T22:00;balanco;NE;-64.319
2026-05-11T22:00;balanco;S;-3.774
2026-05-11T22:00;balanco;SE;-3.805
2026-05-11T22:00;balanco;SIN;-72.985
2026-05-11T23:00;balanco;N;-7.023
2026-05-11T23:00;balanco;NE;-60.173
2026-05-11T23:00;balanco;S;-3.37
2026-05-11T23:00;balanco;SE;-2.534
2026-05-11T23:00;balanco;SIN;-73.099
2026-05-12T00:00;balanco;N;-0.981
2026-05-12T00:00;balanco;NE;-57.346
2026-05-12T00:00;balanco;S;-3.337
2026-05-12T00:00;balanco;SE;4.352
2026-05-12T00:00;balanco;SIN;-57.316
2026-05-12T01:00;balanco;N;-1.27
2026-05-12T01:00;balanco;NE;-43.781
2026-05-12T01:00;balanco;S;-4.786
2026-05-12T01:00;balanco;SE;-1.107
2026-05-12T01:00;balanco;SIN;-50.951
2026-05-12T02:00;balanco;N;-1.578
2026-05-12T02:00;balanco;NE;-29.713
2026-05-12T02:00;balanco;S;-5.378
2026-05-12T02:00;balanco;SE;-1.12
2026-05-12T02:00;balanco;SIN;-37.789
2026-05-12T03:00;balanco;N;-1.602
2026-05-12T03:00;balanco;NE;-30.985
2026-05-12T03:00;balanco;S;-4.42
2026-05-12T03:00;balanco;SE;-1.178
2026-05-12T03:00;balanco;SIN;-38.182
2026-05-12T04:00;balanco;N;-1.901
2026-05-12T04:00;balanco;NE;-19.375
2026-05-12T04:00;balanco;S;-4.239
2026-05-12T04:00;balanco;SE;7.584
2026-05-12T04:00;balanco;SIN;-17.927
2026-05-12T05:00;balanco;N;-2.057
2026-05-12T05:00;balanco;NE;-36.77
2026-05-12T05:00;balanco;S;-4.812
2026-05-12T05:00;balanco;SE;7.245
2026-05-12T05:00;balanco;SIN;-36.393
2026-05-12T06:00;balanco;N;-1.795
2026-05-12T06:00;balanco;NE;-122.232
2026-05-12T06:00;balanco;S;-4.643
2026-05-12T06:00;balanco;SE;-8.082
2026-05-12T06:00;balanco;SIN;-136.759
2026-05-12T07:00;balanco;N;-1.041
2026-05-12T07:00;balanco;NE;-61.479
2026-05-12T07:00;balanco;S;-4.974
2026-05-12T07:00;balanco;SE;18.044
2026-05-12T07:00;balanco;SIN;-49.452
2026-05-12T08:00;balanco;N;0.305
2026-05-12T08:00;balanco;NE;-27.797
2026-05-12T08:00;balanco;S;-3.204
2026-05-12T08:00;balanco;SE;-251.403
2026-05-12T08:00;balanco;SIN;-282.101
2026-05-12T09:00;balanco;N;-1.459
2026-05-12T09:00;balanco;NE;-32.473
2026-05-12T09:00;balanco;S;-0.432
2026-05-12T09:00;balanco;SE;-263.799
2026-05-12T09:00;balanco;SIN;-298.16
2026-05-12T10:00;balanco;N;-3.828
2026-05-12T10:00;balanco;NE;-20.429
2026-05-12T10:00;balanco;S;-1.735
2026-05-12T10:00;balanco;SE;-95.992
2026-05-12T10:00;balanco;SIN;-121.985
2026-05-12T11:00;balanco;N;-3.424
2026-05-12T11:00;balanco;NE;6.843
2026-05-12T11:00;balanco;S;-0.795
2026-05-12T11:00;balanco;SE;-0.968
2026-05-12T11:00;balanco;SIN;1.656
2026-05-12T12:00;balanco;N;-1.529
2026-05-12T12:00;balanco;NE;53.322
2026-05-12T12:00;balanco;S;-3.154
2026-05-12T12:00;balanco;SE;6.471
2026-05-12T12:00;balanco;SIN;55.107
2026-05-12T13:00;balanco;N;-2.128
2026-05-12T13:00;balanco;NE;-55.331
2026-05-12T13:00;balanco;S;-4.484
2026-05-12T13:00;balanco;SE;15.155
2026-05-12T13:00;balanco;SIN;-46.786
2026-05-12T14:00;balanco;N;-1.551
2026-05-12T14:00;balanco;NE;-163.301
2026-05-12T14:00;balanco;S;-0.664
2026-05-12T14:00;balanco;SE;12.097
2026-05-12T14:00;balanco;SIN;-153.418
2026-05-12T15:00;balanco;N;-1.484
2026-05-12T15:00;balanco;NE;-136.204
2026-05-12T15:00;balanco;S;-1.037
2026-05-12T15:00;balanco;SE;-4.024
2026-05-12T15:00;balanco;SIN;-142.749
2026-05-12T16:00;balanco;N;-2.307
2026-05-12T16:00;balanco;NE;-223.757
2026-05-12T16:00;balanco;S;0.728
2026-05-12T16:00;balanco;SE;-80.455
2026-05-12T16:00;balanco;SIN;-305.791
2026-05-12T17:00;balanco;N;-1.511
2026-05-12T17:00;balanco;NE;-67.45
2026-05-12T17:00;balanco;S;-2.873
2026-05-12T17:00;balanco;SE;-11.917
2026-05-12T17:00;balanco;SIN;-83.745
2026-05-12T18:00;balanco;N;-1.316
2026-05-12T18:00;balanco;NE;-12.344
2026-05-12T18:00;balanco;S;-4.123
2026-05-12T18:00;balanco;SE;5.654
2026-05-12T18:00;balanco;SIN;-12.131
2026-05-12T19:00;balanco;N;-1.209
2026-05-12T19:00;balanco;NE;-8.802
2026-05-12T19:00;balanco;S;-3.411
2026-05-12T19:00;balanco;SE;5.807
2026-05-12T19:00;balanco;SIN;-7.616
2026-05-12T20:00;balanco;N;-1.514
2026-05-12T20:00;balanco;NE;-16.354
2026-05-12T20:00;balanco;S;1.471
2026-05-12T20:00;balanco;SE;-1.111
2026-05-12T20:00;balanco;SIN;-17.515
2026-05-12T21:00;balanco;N;-1.669
2026-05-12T21:00;balanco;NE;-20.29
2026-05-12T21:00;balanco;S;2.01
2026-05-12T21:00;balanco;SE;-1.035
2026-05-12T21:00;balanco;SIN;-20.982
2026-05-12T22:00;balanco;N;-1.256
2026-05-12T22:00;balanco;NE;-23.088
2026-05-12T22:00;balanco;S;-0.945
2026-05-12T22:00;balanco;SE;-1.101
2026-05-12T22:00;balanco;SIN;-26.386
2026-05-12T23:00;balanco;N;-1.481
2026-05-12T23:00;balanco;NE;-20.642
2026-05-12T23:00;balanco;S;-4.412
2026-05-12T23:00;balanco;SE;-1.018
2026-05-12T23:00;balanco;SIN;-27.559
2026-05-13T00:00;balanco;N;-1.559
2026-05-13T00:00;balanco;NE;-21.916
2026-05-13T00:00;balanco;S;-5.343
2026-05-13T00:00;balanco;SE;-8.933
2026-05-13T00:00;balanco;SIN;-37.75
2026-05-13T01:00;balanco;N;-1.335
2026-05-13T01:00;balanco;NE;-17.994
2026-05-13T01:00;balanco;S;-3.41
2026-05-13T01:00;balanco;SE;-1.606
2026-05-13T01:00;balanco;SIN;-24.344
2026-05-13T02:00;balanco;N;-1.173
2026-05-13T02:00;balanco;NE;-14.924
2026-05-13T02:00;balanco;S;-2.405
2026-05-13T02:00;balanco;SE;-3.832
2026-05-13T02:00;balanco;SIN;-22.334
2026-05-13T03:00;balanco;N;-2.356
2026-05-13T03:00;balanco;NE;-18.126
2026-05-13T03:00;balanco;S;-3.353
2026-05-13T03:00;balanco;SE;-5.091
2026-05-13T03:00;balanco;SIN;-28.927
2026-05-13T04:00;balanco;N;-1.573
2026-05-13T04:00;balanco;NE;-11.007
2026-05-13T04:00;balanco;S;-4.885
2026-05-13T04:00;balanco;SE;-1.077
2026-05-13T04:00;balanco;SIN;-18.542
2026-05-13T05:00;balanco;N;-1.843
2026-05-13T05:00;balanco;NE;-24.482
2026-05-13T05:00;balanco;S;-2.952
2026-05-13T05:00;balanco;SE;-2.865
2026-05-13T05:00;balanco;SIN;-32.147
2026-05-13T06:00;balanco;N;-1.011
2026-05-13T06:00;balanco;NE;-65.247
2026-05-13T06:00;balanco;S;-3.795
2026-05-13T06:00;balanco;SE;-12.739
2026-05-13T06:00;balanco;SIN;-82.792
2026-05-13T07:00;balanco;N;-1.552
2026-05-13T07:00;balanco;NE;-47.797
2026-05-13T07:00;balanco;S;-6.576
2026-05-13T07:00;balanco;SE;-11.227
2026-05-13T07:00;balanco;SIN;-67.158
2026-05-13T08:00;balanco;N;-1.226
2026-05-13T08:00;balanco;NE;-30.792
2026-05-13T08:00;balanco;S;-5.434
2026-05-13T08:00;balanco;SE;-16.92
2026-05-13T08:00;balanco;SIN;-54.372
2026-05-13T09:00;balanco;N;-2.742
2026-05-13T09:00;balanco;NE;-20.919
2026-05-13T09:00;balanco;S;-2.517
2026-05-13T09:00;balanco;SE;-18.497
2026-05-13T09:00;balanco;SIN;-44.681
2026-05-13T10:00;balanco;N;-1.287
2026-05-13T10:00;balanco;NE;-59.474
2026-05-13T10:00;balanco;S;3.112
2026-05-13T10:00;balanco;SE;-16.008
2026-05-13T10:00;balanco;SIN;-73.658
2026-05-13T11:00;balanco;N;-1.214
2026-05-13T11:00;balanco;NE;-70.732
2026-05-13T11:00;balanco;S;3.338
2026-05-13T11:00;balanco;SE;-15.963
2026-05-13T11:00;balanco;SIN;-84.573
2026-05-13T12:00;balanco;N;-1.527
2026-05-13T12:00;balanco;NE;-58.02
2026-05-13T12:00;balanco;S;2.751
2026-05-13T12:00;balanco;SE;-14.446
2026-05-13T12:00;balanco;SIN;-71.245
2026-05-13T13:00;balanco;N;-2.236
2026-05-13T13:00;balanco;NE;-81.995
2026-05-13T13:00;balanco;S;1.759
2026-05-13T13:00;balanco;SE;-16.959
2026-05-13T13:00;balanco;SIN;-99.425
2026-05-13T14:00;balanco;N;-1.208
2026-05-13T14:00;balanco;NE;-74.884
2026-05-13T14:00;balanco;S;2.001
2026-05-13T14:00;balanco;SE;0.325
2026-05-13T14:00;balanco;SIN;-73.762
2026-05-13T15:00;balanco;N;-0.92
2026-05-13T15:00;balanco;NE;-89.391
2026-05-13T15:00;balanco;S;3.412
2026-05-13T15:00;balanco;SE;-50.547
2026-05-13T15:00;balanco;SIN;-137.448
2026-05-13T16:00;balanco;N;-1.16
2026-05-13T16:00;balanco;NE;-46.155
2026-05-13T16:00;balanco;S;6.776
2026-05-13T16:00;balanco;SE;-38.579
2026-05-13T16:00;balanco;SIN;-79.116
2026-05-13T17:00;balanco;N;-1.047
2026-05-13T17:00;balanco;NE;5.605
2026-05-13T17:00;balanco;S;1.956
2026-05-13T17:00;balanco;SE;-19.525
2026-05-13T17:00;balanco;SIN;-13.01
2026-05-13T18:00;balanco;N;-1.164
2026-05-13T18:00;balanco;NE;-5.771
2026-05-13T18:00;balanco;SE;-0.349
2026-05-13T18:00;balanco;SIN;-7.321
2026-05-13T19:00;balanco;N;-1.34
2026-05-13T19:00;balanco;NE;-28.204
2026-05-13T19:00;balanco;S;-1.366
2026-05-13T19:00;balanco;SE;1.103
2026-05-13T19:00;balanco;SIN;-29.816
2026-05-13T20:00;balanco;N;-1.373
2026-05-13T20:00;balanco;NE;-55.452
2026-05-13T20:00;balanco;S;-1.765
2026-05-13T20:00;balanco;SE;-11.35
2026-05-13T20:00;balanco;SIN;-69.939
2026-05-13T21:00;balanco;N;-1.335
2026-05-13T21:00;balanco;NE;-72.548
2026-05-13T21:00;balanco;S;0.461
2026-05-13T21:00;balanco;SE;-7.19
2026-05-13T21:00;balanco;SIN;-80.616
2026-05-13T22:00;balanco;N;-1.75
2026-05-13T22:00;balanco;NE;-74.411
2026-05-13T22:00;balanco;S;-0.277
2026-05-13T22:00;balanco;SE;-7.876
2026-05-13T22:00;balanco;SIN;-84.313
2026-05-13T23:00;balanco;N;-1.293
2026-05-13T23:00;balanco;NE;-75.728
2026-05-13T23:00;balanco;S;0.687
2026-05-13T23:00;balanco;SE;-10.506
2026-05-13T23:00;balanco;SIN;-86.846
2026-05-14T00:00;balanco;N;-1.353
2026-05-14T00:00;balanco;NE;-84.231
2026-05-14T00:00;balanco;S;1.454
2026-05-14T00:00;balanco;SE;-10.609
2026-05-14T00:00;balanco;SIN;-94.748
2026-05-14T01:00;balanco;N;-1.317
2026-05-14T01:00;balanco;NE;-49.303
2026-05-14T01:00;balanco;S;-0.176
2026-05-14T01:00;balanco;SE;-2.276
2026-05-14T01:00;balanco;SIN;-53.073
2026-05-14T02:00;balanco;N;-1.354
2026-05-14T02:00;balanco;NE;-41.969
2026-05-14T02:00;balanco;SE;13.506
2026-05-14T02:00;balanco;SIN;-29.787
2026-05-14T03:00;balanco;N;-1.434
2026-05-14T03:00;balanco;NE;-36.458
2026-05-14T03:00;balanco;S;-1.186
2026-05-14T03:00;balanco;SE;6.041
2026-05-14T03:00;balanco;SIN;-33.036
2026-05-14T04:00;balanco;N;-1.325
2026-05-14T04:00;balanco;NE;-20.827
2026-05-14T04:00;balanco;S;-0.613
2026-05-14T04:00;balanco;SE;2.539
2026-05-14T04:00;balanco;SIN;-20.225
2026-05-14T05:00;balanco;N;-1.575
2026-05-14T05:00;balanco;NE;-16.478
2026-05-14T05:00;balanco;S;-0.722
2026-05-14T05:00;balanco;SE;-4.812
2026-05-14T05:00;balanco;SIN;-23.582
2026-05-14T06:00;balanco;N;-1.259
2026-05-14T06:00;balanco;NE;-83.44
2026-05-14T06:00;balanco;S;-0.856
2026-05-14T06:00;balanco;SE;-21.375
2026-05-14T06:00;balanco;SIN;-106.927
2026-05-14T07:00;balanco;N;-1.458
2026-05-14T07:00;balanco;NE;-28.386
2026-05-14T07:00;balanco;S;1.36
2026-05-14T07:00;balanco;SE;-22.315
2026-05-14T07:00;balanco;SIN;-50.799
2026-05-14T08:00;balanco;N;-1.772
2026-05-14T08:00;balanco;NE;-42.719
2026-05-14T08:00;balanco;S;-1.015
2026-05-14T08:00;balanco;SE;2.002
2026-05-14T08:00;balanco;SIN;-43.504
2026-05-14T09:00;balanco;N;-1.195
2026-05-14T09:00;balanco;NE;-45.327
2026-05-14T09:00;balanco;S;-0.927
2026-05-14T09:00;balanco;SE;17.738
2026-05-14T09:00;balanco;SIN;-29.708
2026-05-14T10:00;balanco;N;-1.344
2026-05-14T10:00;balanco;NE;-32.359
2026-05-14T10:00;balanco;S;-0.341
2026-05-14T10:00;balanco;SE;13.682
2026-05-14T10:00;balanco;SIN;-20.355
2026-05-14T11:00;balanco;N;-1.961
2026-05-14T11:00;balanco;NE;-7.752
2026-05-14T11:00;balanco;S;-1.043
2026-05-14T11:00;balanco;SE;12.473
2026-05-14T11:00;balanco;SIN;1.72
2026-05-14T12:00;balanco;N;-1.707
2026-05-14T12:00;balanco;NE;109.652
2026-05-14T12:00;balanco;S;-0.238
2026-05-14T12:00;balanco;SE;4.635
2026-05-14T12:00;balanco;SIN;112.347
2026-05-14T13:00;balanco;N;-2.77
2026-05-14T13:00;balanco;NE;79.722
2026-05-14T13:00;balanco;S;-0.773
2026-05-14T13:00;balanco;SE;105.259
2026-05-14T13:00;balanco;SIN;181.43
2026-05-14T14:00;balanco;N;-1.862
2026-05-14T14:00;balanco;NE;-77.865
2026-05-14T14:00;balanco;S;-2.51
2026-05-14T14:00;balanco;SE;47.095
2026-05-14T14:00;balanco;SIN;-35.14
2026-05-14T15:00;balanco;N;-1.663
2026-05-14T15:00;balanco;NE;-38.952
2026-05-14T15:00;balanco;S;-1.381
2026-05-14T15:00;balanco;SE;87.846
2026-05-14T15:00;balanco;SIN;45.856
2026-05-14T16:00;balanco;N;-1.428
2026-05-14T16:00;balanco;NE;-36.527
2026-05-14T16:00;balanco;S;-0.998
2026-05-14T16:00;balanco;SE;64.389
2026-05-14T16:00;balanco;SIN;25.431
2026-05-14T17:00;balanco;N;-1.258
2026-05-14T17:00;balanco;NE;-43.714
2026-05-14T17:00;balanco;S;-4.259
2026-05-14T17:00;balanco;SE;64.097
2026-05-14T17:00;balanco;SIN;14.863
2026-05-14T18:00;balanco;N;-1.512
2026-05-14T18:00;balanco;NE;1.059
2026-05-14T18:00;balanco;S;-5.156
2026-05-14T18:00;balanco;SE;91.857
2026-05-14T18:00;balanco;SIN;86.257
2026-05-14T19:00;balanco;N;-1.645
2026-05-14T19:00;balanco;NE;-16.997
2026-05-14T19:00;balanco;S;-2.342
2026-05-14T19:00;balanco;SE;95.007
2026-05-14T19:00;balanco;SIN;74.025
2026-05-14T20:00;balanco;N;-1.404
2026-05-14T20:00;balanco;NE;-6.694
2026-05-14T20:00;balanco;S;-1.424
2026-05-14T20:00;balanco;SE;85.319
2026-05-14T20:00;balanco;SIN;75.791
2026-05-14T21:00;balanco;N;-1.565
2026-05-14T21:00;balanco;NE;-32.524
2026-05-14T21:00;balanco;S;-3.12
2026-05-14T21:00;balanco;SE;77.833
2026-05-14T21:00;balanco;SIN;40.625
2026-05-14T22:00;balanco;N;-1.232
2026-05-14T22:00;balanco;NE;-41.337
2026-05-14T22:00;balanco;S;-2.078
2026-05-14T22:00;balanco;SE;83.609
2026-05-14T22:00;balanco;SIN;38.959
2026-05-14T23:00;balanco;N;-1.403
2026-05-14T23:00;balanco;NE;-32.056
2026-05-14T23:00;balanco;S;-1.05
2026-05-14T23:00;balanco;SE;86.306
2026-05-14T23:00;balanco;SIN;51.796
