data;submercado;mmgd_mwh;mmgd_mwmed;horas;carga_global_mwh;carga_global_mwmed;carga_sem_mmgd_mwh
2019-02-15;SE;2227.8;92.8;24.0;999937.9;41664.1;997710.1
2019-02-15;S;828.4;34.5;24.0;306485.5;12770.2;305657.1
2019-02-15;NE;540.0;22.5;24.0;288434.0;12018.1;287894.1
2019-02-15;N;109.5;4.6;24.0;137101.1;5712.5;136991.6
2019-02-17;SE;2082.0;86.7;24.0;841340.7;35055.9;839258.8
2019-02-17;S;1262.6;52.6;24.0;230433.6;9601.4;229171.0
2019-02-17;NE;549.1;22.9;24.0;249701.5;10404.2;249152.4
2019-02-17;N;68.7;2.9;24.0;125570.3;5232.1;125501.6
2019-02-18;SE;2407.9;100.3;24.0;996906.2;41537.8;994498.3
2019-02-18;S;1369.8;57.1;24.0;306496.5;12770.7;305126.7
2019-02-18;NE;572.2;23.8;24.0;282649.4;11777.1;282077.2
2019-02-18;N;71.0;3.0;24.0;137480.4;5728.4;137409.4
2019-02-19;SE;2602.3;108.4;24.0;1029918.6;42913.3;1027316.3
2019-02-19;S;1314.4;54.8;24.0;322782.4;13449.3;321468.1
2019-02-19;NE;630.7;26.3;24.0;286803.6;11950.1;286172.9
2019-02-19;N;78.4;3.3;24.0;134090.5;5587.1;134012.1
2019-02-20;SE;2708.1;112.8;24.0;1045340.6;43555.9;1042632.5
2019-02-20;S;1496.2;62.3;24.0;331543.5;13814.3;330047.3
2019-02-20;NE;661.1;27.5;24.0;287493.3;11978.9;286832.2
2019-02-20;N;107.7;4.5;24.0;138438.5;5768.3;138330.8
2019-02-21;SE;2433.8;101.4;24.0;1029614.6;42900.6;1027180.9
2019-02-21;S;1562.2;65.1;24.0;333515.3;13896.5;331953.1
2019-02-21;NE;647.0;27.0;24.0;289130.3;12047.1;288483.3
2019-02-21;N;96.5;4.0;24.0;140599.9;5858.3;140503.4
2019-02-22;SE;2797.0;116.5;24.0;1048074.9;43669.8;1045277.9
2019-02-22;S;1538.7;64.1;24.0;338832.3;14118.0;337293.7
2019-02-22;NE;571.3;23.8;24.0;285342.7;11889.3;284771.5
2019-02-22;N;97.1;4.0;24.0;139061.6;5794.2;138964.4
2019-02-23;SE;2998.0;124.9;24.0;987752.6;41156.4;984754.6
2019-02-23;S;1569.7;65.4;24.0;311005.2;12958.6;309435.5
2019-02-23;NE;562.8;23.4;24.0;268637.9;11193.2;268075.1
2019-02-23;N;110.7;4.6;24.0;131199.9;5466.7;131089.3
2019-02-24;SE;3031.3;126.3;24.0;930212.2;38758.8;927180.9
2019-02-24;S;1476.0;61.5;24.0;271535.8;11314.0;270059.8
2019-02-24;NE;526.2;21.9;24.0;249861.1;10410.9;249334.9
2019-02-24;N;98.2;4.1;24.0;126492.8;5270.5;126394.6
2019-02-25;SE;2914.3;121.4;24.0;1081177.0;45049.0;1078262.7
2019-02-25;S;917.5;38.2;24.0;312975.6;13040.6;312058.1
2019-02-25;NE;604.4;25.2;24.0;282565.8;11773.6;281961.4
2019-02-25;N;94.3;3.9;24.0;138281.4;5761.7;138187.1
2019-02-26;SE;2477.1;103.2;24.0;1038160.6;43256.7;1035683.5
2019-02-26;S;1020.8;42.5;24.0;299311.1;12471.3;298290.3
2019-02-26;NE;628.0;26.2;24.0;289393.6;12058.1;288765.6
2019-02-26;N;87.3;3.6;24.0;136497.7;5687.4;136410.4
2019-02-27;SE;2424.9;101.0;24.0;1037036.4;43209.8;1034611.5
2019-02-27;S;1243.6;51.8;24.0;295202.7;12300.1;293959.1
2019-02-27;NE;608.1;25.3;24.0;288818.4;12034.1;288210.3
2019-02-27;N;88.3;3.7;24.0;136433.6;5684.7;136345.3
2019-02-28;SE;2136.0;89.0;24.0;1022655.0;42610.6;1020519.0
2019-02-28;S;1553.1;64.7;24.0;300503.0;12521.0;298949.8
2019-02-28;NE;612.3;25.5;24.0;288371.6;12015.5;287759.3
2019-02-28;N;88.7;3.7;24.0;135593.8;5649.7;135505.2
2019-03-01;SE;2256.9;94.0;24.0;1003950.7;41831.3;1001693.8
2019-03-01;S;1601.4;66.7;24.0;307157.0;12798.2;305555.6
2019-03-01;NE;592.5;24.7;24.0;283512.0;11813.0;282919.4
2019-03-01;N;96.0;4.0;24.0;133547.0;5564.5;133451.0
2019-03-02;SE;2202.1;91.8;24.0;908419.6;37850.8;906217.5
2019-03-02;S;1687.5;70.3;24.0;274506.0;11437.7;272818.5
2019-03-02;NE;561.2;23.4;24.0;262761.1;10948.4;262199.9
2019-03-02;N;114.1;4.8;24.0;133276.1;5553.2;133162.0
2019-03-03;SE;2567.5;107.0;24.0;829806.9;34575.3;827239.4
2019-03-03;S;1616.4;67.4;24.0;244782.0;10199.2;243165.6
2019-03-03;NE;509.9;21.2;24.0;242470.2;10102.9;241960.2
2019-03-03;N;85.2;3.5;24.0;123373.7;5140.6;123288.5
2019-03-04;SE;2527.8;105.3;24.0;879163.8;36631.8;876636.0
2019-03-04;S;1521.2;63.4;24.0;297029.3;12376.2;295508.1
2019-03-04;NE;490.3;20.4;24.0;240516.0;10021.5;240025.7
2019-03-04;N;86.9;3.6;24.0;126546.1;5272.8;126459.2
2019-03-05;SE;2715.1;113.1;24.0;892602.4;37191.8;889887.3
2019-03-05;S;1456.8;60.7;24.0;307284.3;12803.5;305827.5
2019-03-05;NE;567.3;23.6;24.0;237582.6;9899.3;237015.3
2019-03-05;N;90.8;3.8;24.0;121564.6;5065.2;121473.8
2019-03-06;SE;2886.6;120.3;24.0;993340.6;41389.2;990454.0
2019-03-06;S;1264.8;52.7;24.0;329997.3;13749.9;328732.5
2019-03-06;NE;576.5;24.0;24.0;253035.4;10543.1;252459.0
2019-03-06;N;78.9;3.3;24.0;126675.4;5278.1;126596.5
2019-03-07;SE;2929.2;122.0;24.0;1048974.5;43707.3;1046045.4
2019-03-07;S;1215.2;50.6;24.0;330356.8;13764.9;329141.6
2019-03-07;NE;565.2;23.5;24.0;275592.1;11483.0;275026.9
2019-03-07;N;90.6;3.8;24.0;135362.1;5640.1;135271.5
2019-03-08;SE;3020.3;125.8;24.0;1066654.3;44443.9;1063634.0
2019-03-08;S;1043.2;43.5;24.0;327093.7;13628.9;326050.5
2019-03-08;NE;622.4;25.9;24.0;281475.7;11728.2;280853.4
2019-03-08;N;113.6;4.7;24.0;137078.4;5711.6;136964.9
2019-03-09;SE;3034.6;126.4;24.0;1002141.9;41755.9;999107.3
2019-03-09;S;904.9;37.7;24.0;269212.9;11217.2;268308.0
2019-03-09;NE;656.9;27.4;24.0;267716.8;11154.9;267059.8
2019-03-09;N;105.9;4.4;24.0;131290.1;5470.4;131184.2
2019-03-10;SE;2903.5;121.0;24.0;907654.3;37818.9;904750.8
2019-03-10;S;1026.9;42.8;24.0;228474.0;9519.8;227447.1
2019-03-10;NE;678.8;28.3;24.0;249808.7;10408.7;249129.9
2019-03-10;N;119.3;5.0;24.0;126104.2;5254.3;125985.0
2019-03-11;SE;2651.3;110.5;24.0;1010039.9;42085.0;1007388.6
2019-03-11;S;1065.8;44.4;24.0;291561.3;12148.4;290495.5
2019-03-11;NE;653.8;27.2;24.0;284468.0;11852.8;283814.2
2019-03-11;N;119.5;5.0;24.0;133400.1;5558.3;133280.6
2019-03-12;SE;2847.9;118.7;24.0;1036890.1;43203.8;1034042.2
2019-03-12;S;1076.7;44.9;24.0;302533.5;12605.6;301456.8
2019-03-12;NE;608.9;25.4;24.0;286097.2;11920.7;285488.3
2019-03-12;N;106.1;4.4;24.0;130173.0;5423.9;130066.9
2019-03-13;SE;2934.3;122.3;24.0;1059250.8;44135.5;1056316.5
2019-03-13;S;1138.4;47.4;24.0;310000.3;12916.7;308861.9
2019-03-13;NE;518.6;21.6;24.0;285913.9;11913.1;285395.4
2019-03-13;N;97.4;4.1;24.0;134196.2;5591.5;134098.8
2019-03-14;SE;2932.3;122.2;24.0;1063408.2;44308.7;1060475.9
2019-03-14;S;1287.2;53.6;24.0;311618.3;12984.1;310331.2
2019-03-14;NE;555.8;23.2;24.0;284985.3;11874.4;284429.4
2019-03-14;N;104.1;4.3;24.0;137798.5;5741.6;137694.4
2019-03-15;SE;2768.0;115.3;24.0;1057341.7;44055.9;1054573.7
2019-03-15;S;1250.3;52.1;24.0;310998.2;12958.3;309747.9
2019-03-15;NE;620.1;25.8;24.0;283118.7;11796.6;282498.5
2019-03-15;N;107.8;4.5;24.0;135825.0;5659.4;135717.2
2019-03-16;SE;2667.1;111.1;24.0;959908.9;39996.2;957241.8
2019-03-16;S;1153.6;48.1;24.0;270026.7;11251.1;268873.0
2019-03-16;NE;636.4;26.5;24.0;263512.3;10979.7;262876.0
2019-03-16;N;114.0;4.8;24.0;132499.9;5520.8;132385.9
2019-03-17;SE;2670.0;111.3;24.0;876936.8;36539.0;874266.7
2019-03-17;S;786.8;32.8;24.0;228123.4;9505.1;227336.6
2019-03-17;NE;664.9;27.7;24.0;249318.1;10388.3;248653.2
2019-03-17;N;121.3;5.1;24.0;127785.7;5324.4;127664.5
2019-03-18;SE;2888.1;120.3;24.0;1044928.4;43538.7;1042040.3
2019-03-18;S;971.4;40.5;24.0;298758.3;12448.3;297786.9
2019-03-18;NE;623.3;26.0;24.0;282553.8;11773.1;281930.5
2019-03-18;N;121.9;5.1;24.0;142130.2;5922.1;142008.3
2019-03-19;SE;2925.3;121.9;24.0;1080863.0;45036.0;1077937.7
2019-03-19;S;1287.9;53.7;24.0;309389.5;12891.2;308101.5
2019-03-19;NE;629.3;26.2;24.0;285228.7;11884.5;284599.5
2019-03-19;N;122.7;5.1;24.0;142321.7;5930.1;142199.0
2019-03-20;SE;2764.2;115.2;24.0;1052243.3;43843.5;1049479.1
2019-03-20;S;1006.1;41.9;24.0;301673.1;12569.7;300666.9
2019-03-20;NE;662.9;27.6;24.0;291617.2;12150.7;290954.3
2019-03-20;N;108.2;4.5;24.0;142341.7;5930.9;142233.5
2019-03-21;SE;1974.7;82.3;24.0;984706.5;41029.4;982731.8
2019-03-21;S;1208.6;50.4;24.0;289859.0;12077.5;288650.4
2019-03-21;NE;574.6;23.9;24.0;285589.4;11899.6;285014.8
2019-03-21;N;93.9;3.9;24.0;140203.8;5841.8;140109.9
2019-03-22;SE;2161.2;90.0;24.0;957126.9;39880.3;954965.8
2019-03-22;S;1241.7;51.7;24.0;287143.9;11964.3;285902.2
2019-03-22;NE;619.2;25.8;24.0;278559.3;11606.6;277940.2
2019-03-22;N;84.5;3.5;24.0;137355.2;5723.1;137270.8
2019-03-23;SE;2569.4;107.1;24.0;897382.2;37390.9;894812.7
2019-03-23;S;1518.1;63.3;24.0;253800.4;10575.0;252282.3
2019-03-23;NE;508.5;21.2;24.0;259945.9;10831.1;259437.4
2019-03-23;N;91.5;3.8;24.0;130899.1;5454.1;130807.6
2019-03-24;SE;2699.7;112.5;24.0;843536.5;35147.4;840836.8
2019-03-24;S;1561.4;65.1;24.0;226960.2;9456.7;225398.8
2019-03-24;NE;543.0;22.6;24.0;241900.2;10079.2;241357.1
2019-03-24;N;86.8;3.6;24.0;123068.4;5127.8;122981.5
2019-03-25;SE;2935.7;122.3;24.0;1003509.4;41812.9;1000573.7
2019-03-25;S;1633.7;68.1;24.0;297129.9;12380.4;295496.2
2019-03-25;NE;537.2;22.4;24.0;264192.7;11008.0;263655.5
2019-03-25;N;66.5;2.8;24.0;130814.9;5450.6;130748.4
2019-03-26;SE;2871.1;119.6;24.0;1036517.3;43188.2;1033646.2
2019-03-26;S;1496.4;62.3;24.0;297535.5;12397.3;296039.1
2019-03-26;NE;575.2;24.0;24.0;272019.6;11334.1;271444.3
2019-03-26;N;74.5;3.1;24.0;132574.3;5523.9;132499.7
2019-03-27;SE;2680.4;111.7;24.0;1029238.8;42884.9;1026558.4
2019-03-27;S;1304.0;54.3;24.0;296058.9;12335.8;294755.0
2019-03-27;NE;591.9;24.7;24.0;265773.3;11073.9;265181.4
2019-03-27;N;120.5;5.0;24.0;135335.7;5639.0;135215.3
2019-03-28;SE;2642.5;110.1;24.0;1010892.2;42120.5;1008249.7
2019-03-28;S;1405.3;58.6;24.0;298612.0;12442.2;297206.7
2019-03-28;NE;567.2;23.6;24.0;266205.6;11091.9;265638.3
2019-03-28;N;106.2;4.4;24.0;134372.8;5598.9;134266.6
2019-03-29;SE;2731.3;113.8;24.0;985207.0;41050.3;982475.7
2019-03-29;S;1511.1;63.0;24.0;300958.7;12539.9;299447.6
2019-03-29;NE;515.1;21.5;24.0;268423.7;11184.3;267908.7
2019-03-29;N;112.3;4.7;24.0;130171.8;5423.8;130059.5
2019-03-30;SE;2837.1;118.2;24.0;906913.3;37788.1;904076.2
2019-03-30;S;1568.5;65.4;24.0;262565.7;10940.2;260997.2
2019-03-30;NE;553.6;23.1;24.0;256301.5;10679.2;255748.0
2019-03-30;N;112.9;4.7;24.0;128356.3;5348.2;128243.3
2019-03-31;SE;2911.7;121.3;24.0;838953.7;34956.4;836042.0
2019-03-31;S;1213.1;50.5;24.0;231018.2;9625.8;229805.1
2019-03-31;NE;475.4;19.8;24.0;234938.8;9789.1;234463.4
2019-03-31;N;102.0;4.2;24.0;122226.6;5092.8;122124.6
2019-04-01;SE;2869.1;119.5;24.0;987729.2;41155.4;984860.1
2019-04-01;S;1457.0;60.7;24.0;303161.4;12631.7;301704.3
2019-04-01;NE;501.2;20.9;24.0;260762.0;10865.1;260260.8
2019-04-01;N;96.7;4.0;24.0;130889.1;5453.7;130792.5
2019-04-02;SE;2921.6;121.7;24.0;1010942.3;42122.6;1008020.7
2019-04-02;S;1316.8;54.9;24.0;315235.1;13134.8;313918.4
2019-04-02;NE;630.3;26.3;24.0;270208.3;11258.7;269578.0
2019-04-02;N;116.3;4.8;24.0;133575.6;5565.7;133459.3
2019-04-03;SE;2799.1;116.6;24.0;1023658.8;42652.5;1020859.8
2019-04-03;S;1304.6;54.4;24.0;322184.8;13424.4;320880.2
2019-04-03;NE;583.7;24.3;24.0;275923.1;11496.8;275339.4
2019-04-03;N;104.5;4.4;24.0;135821.9;5659.2;135717.5
2019-04-04;SE;2916.9;121.5;24.0;1047372.0;43640.5;1044455.0
2019-04-04;S;1223.7;51.0;24.0;328649.1;13693.7;327425.4
2019-04-04;NE;588.6;24.5;24.0;275042.5;11460.1;274453.8
2019-04-04;N;78.4;3.3;24.0;133190.1;5549.6;133111.7
2019-04-05;SE;2742.4;114.3;24.0;1074735.2;44780.6;1071992.8
2019-04-05;S;828.0;34.5;24.0;310764.4;12948.5;309936.4
2019-04-05;NE;599.4;25.0;24.0;275807.3;11492.0;275207.9
2019-04-05;N;76.2;3.2;24.0;129307.2;5387.8;129231.0
2019-04-06;SE;2594.1;108.1;24.0;977854.5;40743.9;975260.4
2019-04-06;S;741.4;30.9;24.0;253925.5;10580.2;253184.1
2019-04-06;NE;592.0;24.7;24.0;258988.2;10791.2;258396.2
2019-04-06;N;106.0;4.4;24.0;128326.4;5346.9;128220.4
2019-04-07;SE;2477.5;103.2;24.0;880921.7;36705.1;878444.2
2019-04-07;S;682.3;28.4;24.0;218492.6;9103.9;217810.3
2019-04-07;NE;590.0;24.6;24.0;241091.2;10045.5;240501.2
2019-04-07;N;113.4;4.7;24.0;119437.6;4976.6;119324.2
2019-04-08;SE;2314.2;96.4;24.0;1001441.7;41726.7;999127.5
2019-04-08;S;1194.8;49.8;24.0;283452.4;11810.5;282257.6
2019-04-08;NE;655.8;27.3;24.0;270089.0;11253.7;269433.2
2019-04-08;N;111.3;4.6;24.0;131591.4;5483.0;131480.1
2019-04-09;SE;2479.9;103.3;24.0;983613.6;40983.9;981133.7
2019-04-09;S;1481.3;61.7;24.0;290658.8;12110.8;289177.4
2019-04-09;NE;667.6;27.8;24.0;279248.4;11635.3;278580.7
2019-04-09;N;105.2;4.4;24.0;132012.6;5500.5;131907.4
2019-04-10;SE;2550.4;106.3;24.0;976537.1;40689.0;973986.7
2019-04-10;S;1514.8;63.1;24.0;294595.1;12274.8;293080.2
2019-04-10;NE;684.9;28.5;24.0;281796.9;11741.5;281112.1
2019-04-10;N;88.5;3.7;24.0;134108.7;5587.9;134020.2
2019-04-11;SE;2603.1;108.5;24.0;983721.3;40988.4;981118.2
2019-04-11;S;1495.4;62.3;24.0;301526.2;12563.6;300030.8
2019-04-11;NE;639.4;26.6;24.0;280914.2;11704.8;280274.8
2019-04-11;N;103.6;4.3;24.0;134979.6;5624.2;134876.0
2019-04-12;SE;2744.3;114.3;24.0;999422.7;41642.6;996678.5
2019-04-12;S;1340.0;55.8;24.0;303098.4;12629.1;301758.3
2019-04-12;NE;569.4;23.7;24.0;274112.0;11421.3;273542.6
2019-04-12;N;124.0;5.2;24.0;133988.3;5582.8;133864.4
2019-04-13;SE;2615.6;109.0;24.0;935014.5;38958.9;932398.9
2019-04-13;S;1437.2;59.9;24.0;263816.9;10992.4;262379.6
2019-04-13;NE;603.4;25.1;24.0;260225.0;10842.7;259621.6
2019-04-13;N;108.7;4.5;24.0;128192.6;5341.4;128083.9
2019-04-14;SE;2298.7;95.8;24.0;841460.5;35060.9;839161.8
2019-04-14;S;1376.9;57.4;24.0;235860.8;9827.5;234483.9
2019-04-14;NE;606.8;25.3;24.0;241870.7;10077.9;241264.0
2019-04-14;N;99.3;4.1;24.0;120097.7;5004.1;119998.4
2019-04-15;SE;2449.6;102.1;24.0;978928.0;40788.7;976478.4
2019-04-15;S;1465.3;61.1;24.0;308421.4;12850.9;306956.1
2019-04-15;NE;595.3;24.8;24.0;273217.3;11384.1;272622.0
2019-04-15;N;115.9;4.8;24.0;130963.6;5456.8;130847.8
2019-04-16;SE;2496.1;104.0;24.0;1004726.0;41863.6;1002230.0
2019-04-16;S;996.6;41.5;24.0;304228.4;12676.2;303231.9
2019-04-16;NE;651.0;27.1;24.0;279797.9;11658.2;279146.9
2019-04-16;N;129.1;5.4;24.0;133342.3;5555.9;133213.1
2019-04-17;SE;2599.4;108.3;24.0;1005107.5;41879.5;1002508.1
2019-04-17;S;1439.4;60.0;24.0;297408.7;12392.0;295969.3
2019-04-17;NE;655.2;27.3;24.0;280714.2;11696.4;280059.0
2019-04-17;N;122.4;5.1;24.0;136060.2;5669.2;135937.8
2019-04-18;SE;2939.1;122.5;24.0;990506.1;41271.1;987567.0
2019-04-18;S;1559.3;65.0;24.0;291539.9;12147.5;289980.7
2019-04-18;NE;658.7;27.4;24.0;273676.5;11403.2;273017.8
2019-04-18;N;133.8;5.6;24.0;136705.7;5696.1;136571.9
2019-04-19;SE;3047.3;127.0;24.0;843073.9;35128.1;840026.6
2019-04-19;S;1520.8;63.4;24.0;225564.2;9398.5;224043.4
2019-04-19;NE;624.9;26.0;24.0;242183.6;10091.0;241558.7
2019-04-19;N;117.4;4.9;24.0;122544.7;5106.0;122427.2
2019-04-20;SE;3010.9;125.5;24.0;865274.2;36053.1;862263.3
2019-04-20;S;1084.0;45.2;24.0;230397.5;9599.9;229313.5
2019-04-20;NE;571.9;23.8;24.0;251138.4;10464.1;250566.5
2019-04-20;N;103.6;4.3;24.0;124566.9;5190.3;124463.3
2019-04-21;SE;2955.2;123.1;24.0;829344.5;34556.0;826389.3
2019-04-21;S;899.3;37.5;24.0;209179.6;8715.8;208280.3
2019-04-21;NE;565.7;23.6;24.0;239158.6;9964.9;238592.9
2019-04-21;N;98.7;4.1;24.0;120600.4;5025.0;120501.8
2019-04-22;SE;2774.3;115.6;24.0;993814.7;41408.9;991040.4
2019-04-22;S;867.5;36.1;24.0;278622.4;11609.3;277754.9
2019-04-22;NE;685.7;28.6;24.0;274927.3;11455.3;274241.6
2019-04-22;N;113.5;4.7;24.0;132364.3;5515.2;132250.8
2019-04-23;SE;2722.0;113.4;24.0;1008917.1;42038.2;1006195.2
2019-04-23;S;1134.2;47.3;24.0;291806.8;12158.6;290672.5
2019-04-23;NE;632.0;26.3;24.0;275748.0;11489.5;275116.0
2019-04-23;N;124.2;5.2;24.0;131391.8;5474.7;131267.5
2019-04-24;SE;2804.1;116.8;24.0;1028537.4;42855.7;1025733.3
2019-04-24;S;1339.9;55.8;24.0;298848.6;12452.0;297508.7
2019-04-24;NE;667.2;27.8;24.0;276894.7;11537.3;276227.5
2019-04-24;N;126.2;5.3;24.0;133306.0;5554.4;133179.8
2019-04-25;SE;2817.9;117.4;24.0;1039418.8;43309.1;1036600.9
2019-04-25;S;1159.9;48.3;24.0;302966.0;12623.6;301806.2
2019-04-25;NE;498.1;20.8;24.0;273858.5;11410.8;273360.3
2019-04-25;N;128.7;5.4;24.0;137037.6;5709.9;136908.9
2019-04-26;SE;2832.1;118.0;24.0;1040818.7;43367.4;1037986.6
2019-04-26;S;1052.4;43.8;24.0;305282.2;12720.1;304229.9
2019-04-26;NE;554.9;23.1;24.0;272359.5;11348.3;271804.6
2019-04-26;N;123.8;5.2;24.0;137480.3;5728.3;137356.5
2019-04-27;SE;2804.5;116.9;24.0;965321.3;40221.7;962516.8
2019-04-27;S;875.2;36.5;24.0;261930.9;10913.8;261055.7
2019-04-27;NE;622.3;25.9;24.0;260711.1;10863.0;260088.8
2019-04-27;N;130.2;5.4;24.0;129916.9;5413.2;129786.7
2019-04-28;SE;2777.1;115.7;24.0;877332.9;36555.5;874555.8
2019-04-28;S;875.9;36.5;24.0;217064.0;9044.3;216188.1
2019-04-28;NE;657.2;27.4;24.0;246737.0;10280.7;246079.8
2019-04-28;N;122.2;5.1;24.0;124607.8;5192.0;124485.6
2019-04-29;SE;2573.8;107.2;24.0;987167.2;41132.0;984593.3
2019-04-29;S;1410.8;58.8;24.0;276498.4;11520.8;275087.5
2019-04-29;NE;641.7;26.7;24.0;278610.6;11608.8;277969.0
2019-04-29;N;122.4;5.1;24.0;136303.5;5679.3;136181.1
2019-04-30;SE;2781.2;115.9;24.0;997949.9;41581.2;995168.7
2019-04-30;S;1337.3;55.7;24.0;283336.7;11805.7;281999.4
2019-04-30;NE;584.0;24.3;24.0;280209.7;11675.4;279625.7
2019-04-30;N;118.5;4.9;24.0;136627.9;5692.8;136509.3
2019-05-01;SE;2510.6;104.6;24.0;880566.8;36690.3;878056.3
2019-05-01;S;917.8;38.2;24.0;232118.3;9671.6;231200.5
2019-05-01;NE;579.9;24.2;24.0;248119.6;10338.3;247539.6
2019-05-01;N;109.2;4.5;24.0;124799.1;5200.0;124689.9
2019-05-02;SE;2419.4;100.8;24.0;991362.4;41306.8;988943.1
2019-05-02;S;1268.0;52.8;24.0;282323.5;11763.5;281055.5
2019-05-02;NE;715.6;29.8;24.0;274241.8;11426.7;273526.2
2019-05-02;N;116.4;4.9;24.0;134782.7;5615.9;134666.2
2019-05-03;SE;2507.2;104.5;24.0;1013483.7;42228.5;1010976.5
2019-05-03;S;1148.7;47.9;24.0;294279.4;12261.6;293130.7
2019-05-03;NE;770.9;32.1;24.0;278040.6;11585.0;277269.7
2019-05-03;N;149.7;6.2;24.0;133698.7;5570.8;133549.0
2019-05-04;SE;2532.1;105.5;24.0;930932.1;38788.8;928399.9
2019-05-04;S;1262.3;52.6;24.0;258034.3;10751.4;256772.0
2019-05-04;NE;733.0;30.5;24.0;261867.1;10911.1;261134.1
2019-05-04;N;152.7;6.4;24.0;129893.6;5412.2;129740.9
2019-05-05;SE;2703.8;112.7;24.0;862263.8;35927.7;859560.0
2019-05-05;S;1239.7;51.7;24.0;230287.9;9595.3;229048.2
2019-05-05;NE;733.5;30.6;24.0;243813.2;10158.9;243079.6
2019-05-05;N;157.8;6.6;24.0;124957.0;5206.5;124799.3
2019-05-06;SE;2776.1;115.7;24.0;1013537.5;42230.7;1010761.4
2019-05-06;S;1075.6;44.8;24.0;295753.0;12323.0;294677.4
2019-05-06;NE;725.9;30.2;24.0;272419.4;11350.8;271693.5
2019-05-06;N;154.4;6.4;24.0;141292.1;5887.2;141137.7
2019-05-07;SE;2792.8;116.4;24.0;1024523.5;42688.5;1021730.7
2019-05-07;S;1127.6;47.0;24.0;290835.6;12118.1;289708.0
2019-05-07;NE;615.4;25.6;24.0;274337.7;11430.7;273722.3
2019-05-07;N;144.0;6.0;24.0;142243.1;5926.8;142099.0
2019-05-08;SE;2565.8;106.9;24.0;990628.4;41276.2;988062.5
2019-05-08;S;1122.8;46.8;24.0;289122.4;12046.8;287999.6
2019-05-08;NE;598.1;24.9;24.0;280711.6;11696.3;280113.5
2019-05-08;N;150.1;6.3;24.0;142142.2;5922.6;141992.1
2019-05-09;SE;2506.4;104.4;24.0;981515.2;40896.5;979008.8
2019-05-09;S;1054.1;43.9;24.0;289551.7;12064.7;288497.6
2019-05-09;NE;607.4;25.3;24.0;286973.7;11957.2;286366.2
2019-05-09;N;139.0;5.8;24.0;134564.3;5606.8;134425.3
2019-05-10;SE;2682.5;111.8;24.0;990083.3;41253.5;987400.8
2019-05-10;S;912.9;38.0;24.0;290446.0;12101.9;289533.0
2019-05-10;NE;672.3;28.0;24.0;275424.0;11476.0;274751.6
2019-05-10;N;130.5;5.4;24.0;139800.5;5825.0;139669.9
2019-05-11;SE;2625.6;109.4;24.0;929666.8;38736.1;927041.2
2019-05-11;S;743.1;31.0;24.0;249275.6;10386.5;248532.5
2019-05-11;NE;670.3;27.9;24.0;260138.8;10839.1;259468.4
2019-05-11;N;138.8;5.8;24.0;133621.1;5567.5;133482.3
2019-05-12;SE;2742.8;114.3;24.0;847341.3;35305.9;844598.5
2019-05-12;S;890.3;37.1;24.0;208135.2;8672.3;207244.9
2019-05-12;NE;670.3;27.9;24.0;241645.9;10068.6;240975.5
2019-05-12;N;115.7;4.8;24.0;125618.7;5234.1;125503.0
2019-05-13;SE;2628.2;109.5;24.0;991055.8;41294.0;988427.6
2019-05-13;S;653.7;27.2;24.0;272313.5;11346.4;271659.7
2019-05-13;NE;688.5;28.7;24.0;270691.9;11278.8;270003.5
2019-05-13;N;135.6;5.7;24.0;140546.2;5856.1;140410.6
2019-05-14;SE;2609.8;108.7;24.0;1003156.3;41798.2;1000546.5
2019-05-14;S;976.2;40.7;24.0;278380.6;11599.2;277404.4
2019-05-14;NE;670.4;27.9;24.0;274606.3;11441.9;273935.8
2019-05-14;N;133.1;5.5;24.0;142173.4;5923.9;142040.3
2019-05-15;SE;2541.0;105.9;24.0;964326.6;40180.3;961785.6
2019-05-15;S;1109.0;46.2;24.0;277866.0;11577.8;276757.0
2019-05-15;NE;655.3;27.3;24.0;274839.9;11451.7;274184.6
2019-05-15;N;119.2;5.0;24.0;138394.3;5766.4;138275.1
2019-05-16;SE;2269.3;94.6;24.0;947353.7;39473.1;945084.4
2019-05-16;S;1219.3;50.8;24.0;279622.3;11650.9;278403.0
2019-05-16;NE;653.1;27.2;24.0;276707.1;11529.5;276054.0
2019-05-16;N;90.2;3.8;24.0;136189.7;5674.6;136099.6
2019-05-17;SE;2146.2;89.4;24.0;925614.2;38567.3;923468.0
2019-05-17;S;1304.3;54.3;24.0;280189.1;11674.5;278884.8
2019-05-17;NE;637.9;26.6;24.0;272935.9;11372.3;272298.1
2019-05-17;N;106.6;4.4;24.0;134311.3;5596.3;134204.7
2019-05-18;SE;2384.1;99.3;24.0;846050.0;35252.1;843665.9
2019-05-18;S;1294.0;53.9;24.0;242494.2;10103.9;241200.2
2019-05-18;NE;688.5;28.7;24.0;255958.9;10665.0;255270.4
2019-05-18;N;136.7;5.7;24.0;124707.4;5196.1;124570.8
2019-05-19;SE;2730.7;113.8;24.0;779869.0;32494.5;777138.3
2019-05-19;S;1320.6;55.0;24.0;210548.1;8772.8;209227.5
2019-05-19;NE;657.7;27.4;24.0;239779.6;9990.8;239121.9
2019-05-19;N;119.8;5.0;24.0;119961.2;4998.4;119841.3
2019-05-20;SE;2915.4;121.5;24.0;914690.4;38112.1;911774.9
2019-05-20;S;1352.1;56.3;24.0;276343.4;11514.3;274991.3
2019-05-20;NE;649.5;27.1;24.0;267029.9;11126.2;266380.4
2019-05-20;N;125.5;5.2;24.0;130273.4;5428.1;130148.0
2019-05-21;SE;2900.9;120.9;24.0;950053.4;39585.6;947152.5
2019-05-21;S;1066.4;44.4;24.0;284960.2;11873.3;283893.8
2019-05-21;NE;595.4;24.8;24.0;271374.7;11307.3;270779.3
2019-05-21;N;138.3;5.8;24.0;129973.5;5415.6;129835.2
2019-05-22;SE;2880.1;120.0;24.0;960786.0;40032.8;957906.0
2019-05-22;S;964.7;40.2;24.0;286660.2;11944.2;285695.6
2019-05-22;NE;658.6;27.4;24.0;271538.5;11314.1;270879.9
2019-05-22;N;128.5;5.4;24.0;133013.1;5542.2;132884.6
2019-05-23;SE;2795.4;116.5;24.0;965854.7;40243.9;963059.3
2019-05-23;S;683.0;28.5;24.0;284579.6;11857.5;283896.6
2019-05-23;NE;720.5;30.0;24.0;273905.7;11412.7;273185.2
2019-05-23;N;153.5;6.4;24.0;135564.6;5648.5;135411.1
2019-05-24;SE;2471.8;103.0;24.0;956709.8;39862.9;954238.0
2019-05-24;S;738.4;30.8;24.0;279943.5;11664.3;279205.1
2019-05-24;NE;740.1;30.8;24.0;275825.1;11492.7;275085.0
2019-05-24;N;161.2;6.7;24.0;139134.4;5797.3;138973.1
2019-05-25;SE;2786.7;116.1;24.0;865170.1;36048.8;862383.4
2019-05-25;S;1187.5;49.5;24.0;238246.4;9926.9;237058.9
2019-05-25;NE;728.1;30.3;24.0;260847.6;10868.7;260119.5
2019-05-25;N;157.7;6.6;24.0;133419.6;5559.2;133262.0
2019-05-26;SE;2854.2;118.9;24.0;785672.2;32736.3;782818.0
2019-05-26;S;1458.8;60.8;24.0;206100.4;8587.5;204641.6
2019-05-26;NE;738.8;30.8;24.0;242886.8;10120.3;242148.0
2019-05-26;N;149.3;6.2;24.0;125730.1;5238.8;125580.8
2019-05-27;SE;2815.7;117.3;24.0;922057.6;38419.1;919241.9
2019-05-27;S;1071.4;44.6;24.0;271405.4;11308.6;270334.0
2019-05-27;NE;683.6;28.5;24.0;266194.3;11091.4;265510.8
2019-05-27;N;140.1;5.8;24.0;137687.5;5737.0;137547.4
2019-05-28;SE;2812.5;117.2;24.0;960855.1;40035.6;958042.6
2019-05-28;S;709.2;29.5;24.0;280840.7;11701.7;280131.6
2019-05-28;NE;714.0;29.8;24.0;269246.8;11218.6;268532.7
2019-05-28;N;158.4;6.6;24.0;139065.8;5794.4;138907.4
2019-05-29;SE;2805.0;116.9;24.0;969562.8;40398.4;966757.8
2019-05-29;S;1060.1;44.2;24.0;283848.1;11827.0;282788.0
2019-05-29;NE;712.9;29.7;24.0;270021.1;11250.9;269308.2
2019-05-29;N;155.1;6.5;24.0;142289.2;5928.7;142134.1
2019-05-30;SE;2851.3;118.8;24.0;981432.7;40893.0;978581.4
2019-05-30;S;721.8;30.1;24.0;286147.8;11922.8;285426.0
2019-05-30;NE;667.0;27.8;24.0;269376.3;11224.0;268709.3
2019-05-30;N;152.9;6.4;24.0;140794.9;5866.5;140642.0
2019-05-31;SE;2736.3;114.0;24.0;987010.6;41125.4;984274.3
2019-05-31;S;731.8;30.5;24.0;283321.9;11805.1;282590.1
2019-05-31;NE;737.0;30.7;24.0;267774.5;11157.3;267037.5
2019-05-31;N;142.6;5.9;24.0;140725.9;5863.6;140583.3
2019-06-01;SE;2679.7;111.7;24.0;908379.8;37849.2;905700.1
2019-06-01;S;808.4;33.7;24.0;242832.3;10118.0;242023.9
2019-06-01;NE;750.9;31.3;24.0;253966.1;10581.9;253215.2
2019-06-01;N;149.7;6.2;24.0;133037.9;5543.2;132888.2
2019-06-02;SE;2629.7;109.6;24.0;816186.4;34007.8;813556.7
2019-06-02;S;1015.7;42.3;24.0;211278.0;8803.2;210262.2
2019-06-02;NE;746.7;31.1;24.0;236202.5;9841.8;235455.8
2019-06-02;N;158.7;6.6;24.0;123490.6;5145.4;123331.9
2019-06-03;SE;2424.5;101.0;24.0;924700.1;38529.2;922275.5
2019-06-03;S;1117.1;46.5;24.0;271522.3;11313.4;270405.3
2019-06-03;NE;791.5;33.0;24.0;262692.3;10945.5;261900.8
2019-06-03;N;161.7;6.7;24.0;140101.2;5837.6;139939.5
2019-06-04;SE;2603.0;108.5;24.0;915980.4;38165.9;913377.4
2019-06-04;S;1446.5;60.3;24.0;275941.5;11497.6;274495.0
2019-06-04;NE;806.9;33.6;24.0;266353.1;11098.0;265546.2
2019-06-04;N;162.8;6.8;24.0;143598.8;5983.3;143435.9
2019-06-05;SE;2739.4;114.1;24.0;900449.0;37518.7;897709.7
2019-06-05;S;1474.7;61.4;24.0;277936.1;11580.7;276461.4
2019-06-05;NE;779.2;32.5;24.0;264940.5;11039.2;264161.3
2019-06-05;N;160.1;6.7;24.0;138779.0;5782.5;138618.9
2019-06-06;SE;2789.0;116.2;24.0;905772.5;37740.5;902983.5
2019-06-06;S;1434.0;59.8;24.0;279520.3;11646.7;278086.3
2019-06-06;NE;723.0;30.1;24.0;263343.8;10972.7;262620.7
2019-06-06;N;163.8;6.8;24.0;137760.3;5740.0;137596.5
2019-06-07;SE;2842.3;118.4;24.0;910991.9;37958.0;908149.5
2019-06-07;S;1488.7;62.0;24.0;278268.7;11594.5;276780.1
2019-06-07;NE;726.1;30.3;24.0;261093.5;10878.9;260367.3
2019-06-07;N;159.3;6.6;24.0;140003.6;5833.5;139844.2
2019-06-08;SE;2743.8;114.3;24.0;848846.6;35368.6;846102.8
2019-06-08;S;1116.0;46.5;24.0;241848.2;10077.0;240732.3
2019-06-08;NE;694.2;28.9;24.0;247071.5;10294.6;246377.3
2019-06-08;N;161.3;6.7;24.0;132771.7;5532.2;132610.4
2019-06-09;SE;2834.7;118.1;24.0;767230.2;31967.9;764395.5
2019-06-09;S;1331.0;55.5;24.0;211289.2;8803.7;209958.2
2019-06-09;NE;730.0;30.4;24.0;231882.4;9661.8;231152.4
2019-06-09;N;165.3;6.9;24.0;126219.9;5259.2;126054.6
2019-06-10;SE;2739.7;114.2;24.0;897346.6;37389.4;894606.9
2019-06-10;S;1393.0;58.0;24.0;268689.9;11195.4;267296.9
2019-06-10;NE;612.7;25.5;24.0;256454.1;10685.6;255841.4
2019-06-10;N;157.4;6.6;24.0;137579.8;5732.5;137422.3
2019-06-11;SE;2655.2;110.6;24.0;930492.0;38770.5;927836.8
2019-06-11;S;1473.7;61.4;24.0;278578.4;11607.4;277104.8
2019-06-11;NE;595.5;24.8;24.0;258954.7;10789.8;258359.3
2019-06-11;N;150.7;6.3;24.0;137197.7;5716.6;137047.0
2019-06-12;SE;2643.1;110.1;24.0;940239.4;39176.6;937596.3
2019-06-12;S;1445.7;60.2;24.0;281071.4;11711.3;279625.8
2019-06-12;NE;527.4;22.0;24.0;256986.4;10707.8;256459.0
2019-06-12;N;149.1;6.2;24.0;137277.5;5719.9;137128.4
2019-06-13;SE;2706.1;112.8;24.0;950103.8;39587.7;947397.7
2019-06-13;S;1426.6;59.4;24.0;282283.7;11761.8;280857.2
2019-06-13;NE;525.8;21.9;24.0;253690.6;10570.4;253164.8
2019-06-13;N;145.1;6.0;24.0;135693.7;5653.9;135548.6
2019-06-14;SE;2771.5;115.5;24.0;951708.8;39654.5;948937.3
2019-06-14;S;1356.1;56.5;24.0;290270.2;12094.6;288914.1
2019-06-14;NE;540.5;22.5;24.0;249479.5;10395.0;248939.0
2019-06-14;N;154.0;6.4;24.0;137386.3;5724.4;137232.3
2019-06-15;SE;2805.9;116.9;24.0;890068.7;37086.2;887262.9
2019-06-15;S;1268.9;52.9;24.0;253584.5;10566.0;252315.6
2019-06-15;NE;649.4;27.1;24.0;241380.6;10057.5;240731.2
2019-06-15;N;159.7;6.7;24.0;127223.2;5301.0;127063.5
2019-06-16;SE;2820.4;117.5;24.0;803131.1;33463.8;800310.7
2019-06-16;S;1388.4;57.9;24.0;213267.9;8886.2;211879.5
2019-06-16;NE;578.1;24.1;24.0;223920.4;9330.0;223342.2
2019-06-16;N;173.5;7.2;24.0;119054.7;4960.6;118881.2
2019-06-17;SE;2804.3;116.8;24.0;922143.8;38422.7;919339.5
2019-06-17;S;1456.5;60.7;24.0;275205.8;11466.9;273749.4
2019-06-17;NE;511.0;21.3;24.0;246843.0;10285.1;246332.0
2019-06-17;N;177.1;7.4;24.0;135021.4;5625.9;134844.3
2019-06-18;SE;2803.9;116.8;24.0;932845.4;38868.6;930041.5
2019-06-18;S;1411.4;58.8;24.0;282175.2;11757.3;280763.8
2019-06-18;NE;606.1;25.3;24.0;249410.1;10392.1;248804.0
2019-06-18;N;158.4;6.6;24.0;138356.4;5764.8;138198.0
2019-06-19;SE;2794.5;116.4;24.0;942624.5;39276.0;939830.0
2019-06-19;S;1225.0;51.0;24.0;277819.0;11575.8;276594.0
2019-06-19;NE;783.2;32.6;24.0;249674.2;10403.1;248891.0
2019-06-19;N;160.4;6.7;24.0;135537.8;5647.4;135377.4
2019-06-20;SE;2866.1;119.4;24.0;854618.4;35609.1;851752.3
2019-06-20;S;1475.6;61.5;24.0;231774.1;9657.3;230298.5
2019-06-20;NE;780.0;32.5;24.0;238679.7;9945.0;237899.6
2019-06-20;N;180.2;7.5;24.0;126709.4;5279.6;126529.2
2019-06-21;SE;2747.3;114.5;24.0;886058.0;36919.1;883310.7
2019-06-21;S;1464.0;61.0;24.0;247477.1;10311.5;246013.1
2019-06-21;NE;789.6;32.9;24.0;248419.8;10350.8;247630.1
2019-06-21;N;178.2;7.4;24.0;131225.7;5467.7;131047.5
2019-06-22;SE;2719.3;113.3;24.0;835518.6;34813.3;832799.3
2019-06-22;S;1505.1;62.7;24.0;225025.3;9376.1;223520.2
2019-06-22;NE;724.0;30.2;24.0;238587.4;9941.1;237863.5
2019-06-22;N;179.9;7.5;24.0;124493.4;5187.2;124313.5
2019-06-23;SE;2801.9;116.7;24.0;773078.8;32211.6;770276.9
2019-06-23;S;1541.0;64.2;24.0;201531.7;8397.2;199990.8
2019-06-23;NE;750.0;31.2;24.0;220460.2;9185.8;219710.2
2019-06-23;N;174.5;7.3;24.0;118791.3;4949.6;118616.8
2019-06-24;SE;2828.0;117.8;24.0;905960.9;37748.4;903132.9
2019-06-24;S;1544.3;64.3;24.0;270090.7;11253.8;268546.4
2019-06-24;NE;764.9;31.9;24.0;224486.8;9353.6;223721.9
2019-06-24;N;168.6;7.0;24.0;129793.5;5408.1;129624.9
2019-06-25;SE;2800.5;116.7;24.0;946613.0;39442.2;943812.5
2019-06-25;S;1438.7;59.9;24.0;277278.1;11553.3;275839.4
2019-06-25;NE;777.7;32.4;24.0;245704.8;10237.7;244927.1
2019-06-25;N;165.1;6.9;24.0;131333.5;5472.2;131168.4
2019-06-26;SE;2729.0;113.7;24.0;961446.7;40060.3;958717.7
2019-06-26;S;1003.1;41.8;24.0;277396.5;11558.2;276393.4
2019-06-26;NE;784.5;32.7;24.0;251003.5;10458.5;250219.0
2019-06-26;N;181.2;7.5;24.0;130640.8;5443.4;130459.6
2019-06-27;SE;2716.8;113.2;24.0;964700.0;40195.8;961983.3
2019-06-27;S;1151.5;48.0;24.0;275980.2;11499.2;274828.6
2019-06-27;NE;721.2;30.0;24.0;253205.3;10550.2;252484.2
2019-06-27;N;189.6;7.9;24.0;133740.4;5572.5;133550.8
2019-06-28;SE;2905.7;121.1;24.0;966813.3;40283.9;963907.6
2019-06-28;S;1320.9;55.0;24.0;279835.1;11659.8;278514.2
2019-06-28;NE;773.3;32.2;24.0;251515.7;10479.8;250742.4
2019-06-28;N;189.0;7.9;24.0;134196.6;5591.5;134007.6
2019-06-29;SE;2847.7;118.7;24.0;885880.7;36911.7;883033.1
2019-06-29;S;1461.7;60.9;24.0;245001.3;10208.4;243539.6
2019-06-29;NE;680.9;28.4;24.0;240102.2;10004.3;239421.3
2019-06-29;N;189.8;7.9;24.0;129275.9;5386.5;129086.0
2019-06-30;SE;2952.8;123.0;24.0;801029.1;33376.2;798076.2
2019-06-30;S;1153.4;48.1;24.0;212567.1;8857.0;211413.8
2019-06-30;NE;680.4;28.3;24.0;222238.2;9259.9;221557.8
2019-06-30;N;182.1;7.6;24.0;124428.6;5184.5;124246.5
2019-07-01;SE;3002.8;125.1;24.0;929368.9;38723.7;926366.1
2019-07-01;S;935.1;39.0;24.0;277042.3;11543.4;276107.2
2019-07-01;NE;726.4;30.3;24.0;244789.6;10199.6;244063.3
2019-07-01;N;187.3;7.8;24.0;135199.4;5633.3;135012.1
2019-07-02;SE;3046.1;126.9;24.0;953502.2;39729.3;950456.1
2019-07-02;S;1023.4;42.6;24.0;284906.4;11871.1;283883.0
2019-07-02;NE;791.9;33.0;24.0;247600.5;10316.7;246808.6
2019-07-02;N;180.2;7.5;24.0;133232.4;5551.4;133052.3
2019-07-03;SE;2894.3;120.6;24.0;961409.9;40058.7;958515.6
2019-07-03;S;1160.2;48.3;24.0;284309.9;11846.2;283149.8
2019-07-03;NE;729.8;30.4;24.0;254371.5;10598.8;253641.7
2019-07-03;N;175.8;7.3;24.0;132883.6;5536.8;132707.8
2019-07-04;SE;2593.6;108.1;24.0;948742.6;39530.9;946149.0
2019-07-04;S;1465.5;61.1;24.0;285858.3;11910.8;284392.8
2019-07-04;NE;811.4;33.8;24.0;260760.6;10865.0;259949.2
2019-07-04;N;182.1;7.6;24.0;132801.3;5533.4;132619.2
2019-07-05;SE;2404.2;100.2;24.0;915037.0;38126.5;912632.8
2019-07-05;S;1635.3;68.1;24.0;285000.4;11875.0;283365.1
2019-07-05;NE;826.1;34.4;24.0;264388.0;11016.2;263561.9
2019-07-05;N;187.3;7.8;24.0;136322.6;5680.1;136135.4
2019-07-06;SE;2933.6;122.2;24.0;810101.3;33754.2;807167.7
2019-07-06;S;1681.0;70.0;24.0;240424.7;10017.7;238743.6
2019-07-06;NE;839.6;35.0;24.0;252311.3;10513.0;251471.7
2019-07-06;N;185.0;7.7;24.0;130676.0;5444.8;130491.0
2019-07-07;SE;3050.2;127.1;24.0;720508.5;30021.2;717458.3
2019-07-07;S;1739.3;72.5;24.0;210339.2;8764.1;208599.9
2019-07-07;NE;765.0;31.9;24.0;232517.2;9688.2;231752.2
2019-07-07;N;172.2;7.2;24.0;122291.1;5095.5;122118.9
2019-07-08;SE;3115.3;129.8;24.0;819951.7;34164.7;816836.4
2019-07-08;S;1732.7;72.2;24.0;272235.2;11343.1;270502.5
2019-07-08;NE;702.9;29.3;24.0;248814.2;10367.3;248111.3
2019-07-08;N;160.5;6.7;24.0;130804.1;5450.2;130643.6
2019-07-09;SE;3142.2;130.9;24.0;832276.6;34678.2;829134.4
2019-07-09;S;1713.8;71.4;24.0;277964.7;11581.9;276250.9
2019-07-09;NE;709.4;29.6;24.0;249482.1;10395.1;248772.7
2019-07-09;N;169.2;7.1;24.0;131135.7;5464.0;130966.5
2019-07-10;SE;3205.0;133.5;24.0;882780.4;36782.5;879575.4
2019-07-10;S;1679.5;70.0;24.0;275446.6;11476.9;273767.1
2019-07-10;NE;666.0;27.7;24.0;250118.1;10421.6;249452.1
2019-07-10;N;175.9;7.3;24.0;131342.3;5472.6;131166.5
2019-07-11;SE;3227.1;134.5;24.0;894020.1;37250.8;890793.0
2019-07-11;S;1688.5;70.4;24.0;273764.8;11406.9;272076.2
2019-07-11;NE;671.2;28.0;24.0;249404.4;10391.8;248733.2
2019-07-11;N;177.1;7.4;24.0;131591.8;5483.0;131414.7
2019-07-12;SE;3228.7;134.5;24.0;899078.0;37461.6;895849.3
2019-07-12;S;1594.6;66.4;24.0;270428.7;11267.9;268834.2
2019-07-12;NE;753.2;31.4;24.0;251765.6;10490.2;251012.4
2019-07-12;N;176.9;7.4;24.0;131818.1;5492.4;131641.3
2019-07-13;SE;3177.5;132.4;24.0;835158.5;34798.3;831981.0
2019-07-13;S;1295.1;54.0;24.0;232912.9;9704.7;231617.7
2019-07-13;NE;756.8;31.5;24.0;238712.9;9946.4;237956.1
2019-07-13;N;187.9;7.8;24.0;127143.5;5297.6;126955.5
2019-07-14;SE;3173.1;132.2;24.0;767058.2;31960.8;763885.1
2019-07-14;S;1113.5;46.4;24.0;208290.1;8678.8;207176.6
2019-07-14;NE;766.5;31.9;24.0;220721.8;9196.7;219955.3
2019-07-14;N;197.2;8.2;24.0;121483.9;5061.8;121286.7
2019-07-15;SE;3009.5;125.4;24.0;893746.5;37239.4;890737.0
2019-07-15;S;990.9;41.3;24.0;273949.5;11414.6;272958.6
2019-07-15;NE;819.3;34.1;24.0;247380.3;10307.5;246561.0
2019-07-15;N;206.5;8.6;24.0;132557.8;5523.2;132351.3
2019-07-16;SE;2889.1;120.4;24.0;908274.2;37844.8;905385.0
2019-07-16;S;1789.8;74.6;24.0;280908.1;11704.5;279118.4
2019-07-16;NE;886.1;36.9;24.0;250655.6;10444.0;249769.5
2019-07-16;N;191.8;8.0;24.0;134734.4;5613.9;134542.6
2019-07-17;SE;3027.6;126.2;24.0;896864.3;37369.3;893836.6
2019-07-17;S;1713.4;71.4;24.0;281575.6;11732.3;279862.2
2019-07-17;NE;856.0;35.7;24.0;254363.5;10598.5;253507.4
2019-07-17;N;187.3;7.8;24.0;133090.2;5545.4;132902.9
2019-07-18;SE;3024.3;126.0;24.0;899154.9;37464.8;896130.7
2019-07-18;S;1571.5;65.5;24.0;279291.5;11637.1;277720.0
2019-07-18;NE;843.3;35.1;24.0;253436.7;10559.9;252593.4
2019-07-18;N;184.2;7.7;24.0;131435.2;5476.5;131251.0
2019-07-19;SE;3093.6;128.9;24.0;901798.1;37574.9;898704.5
2019-07-19;S;1318.7;54.9;24.0;276101.5;11504.2;274782.8
2019-07-19;NE;756.2;31.5;24.0;250561.8;10440.1;249805.6
2019-07-19;N;197.3;8.2;24.0;131459.6;5477.5;131262.3
2019-07-20;SE;3163.0;131.8;24.0;834321.2;34763.4;831158.1
2019-07-20;S;1703.9;71.0;24.0;234617.5;9775.7;232913.5
2019-07-20;NE;639.1;26.6;24.0;233547.6;9731.2;232908.5
2019-07-20;N;191.0;8.0;24.0;126939.2;5289.1;126748.2
2019-07-21;SE;2883.0;120.1;24.0;759804.0;31658.5;756921.0
2019-07-21;S;1594.7;66.4;24.0;205770.1;8573.8;204175.5
2019-07-21;NE;723.3;30.1;24.0;215245.5;8968.6;214522.2
2019-07-21;N;191.6;8.0;24.0;120252.1;5010.5;120060.5
2019-07-22;SE;2975.9;124.0;24.0;891019.0;37125.8;888043.1
2019-07-22;S;1424.8;59.4;24.0;270105.1;11254.4;268680.3
2019-07-22;NE;724.7;30.2;24.0;237241.2;9885.0;236516.5
2019-07-22;N;215.3;9.0;24.0;130635.1;5443.1;130419.8
2019-07-23;SE;3142.5;130.9;24.0;917974.8;38249.0;914832.3
2019-07-23;S;1421.7;59.2;24.0;280391.2;11683.0;278969.6
2019-07-23;NE;700.2;29.2;24.0;242368.1;10098.7;241667.9
2019-07-23;N;207.1;8.6;24.0;133878.7;5578.3;133671.6
2019-07-24;SE;3270.4;136.3;24.0;925723.0;38571.8;922452.6
2019-07-24;S;1360.2;56.7;24.0;284144.8;11839.4;282784.6
2019-07-24;NE;748.5;31.2;24.0;243905.3;10162.7;243156.8
2019-07-24;N;202.2;8.4;24.0;133792.6;5574.7;133590.4
2019-07-25;SE;3190.3;132.9;24.0;926717.5;38613.2;923527.2
2019-07-25;S;1195.0;49.8;24.0;281595.3;11733.1;280400.3
2019-07-25;NE;744.1;31.0;24.0;246611.6;10275.5;245867.5
2019-07-25;N;210.1;8.8;24.0;135009.9;5625.4;134799.9
2019-07-26;SE;3115.2;129.8;24.0;920594.8;38358.1;917479.6
2019-07-26;S;1028.2;42.8;24.0;278788.4;11616.2;277760.2
2019-07-26;NE;770.2;32.1;24.0;246186.0;10257.7;245415.8
2019-07-26;N;222.3;9.3;24.0;131765.2;5490.2;131542.9
2019-07-27;SE;3346.8;139.4;24.0;851304.0;35471.0;847957.3
2019-07-27;S;1276.2;53.2;24.0;240404.7;10016.9;239128.5
2019-07-27;NE;747.9;31.2;24.0;235965.7;9831.9;235217.8
2019-07-27;N;207.4;8.6;24.0;126814.5;5283.9;126607.1
2019-07-28;SE;3230.8;134.6;24.0;774538.1;32272.4;771307.2
2019-07-28;S;1568.5;65.4;24.0;208381.4;8682.6;206812.9
2019-07-28;NE;770.6;32.1;24.0;219093.9;9128.9;218323.3
2019-07-28;N;197.5;8.2;24.0;118988.7;4957.9;118791.2
2019-07-29;SE;3097.9;129.1;24.0;896888.8;37370.4;893790.9
2019-07-29;S;1562.2;65.1;24.0;269627.4;11234.5;268065.2
2019-07-29;NE;861.5;35.9;24.0;243649.3;10152.1;242787.9
2019-07-29;N;207.5;8.6;24.0;130743.7;5447.7;130536.3
2019-07-30;SE;3139.3;130.8;24.0;925323.0;38555.1;922183.6
2019-07-30;S;1590.3;66.3;24.0;278583.6;11607.7;276993.4
2019-07-30;NE;849.3;35.4;24.0;248155.6;10339.8;247306.3
2019-07-30;N;215.5;9.0;24.0;132292.5;5512.2;132077.0
2019-07-31;SE;3512.0;146.3;24.0;928523.2;38688.5;925011.2
2019-07-31;S;1891.3;78.8;24.0;278639.0;11610.0;276747.7
2019-07-31;NE;845.1;35.2;24.0;250104.7;10421.0;249259.6
2019-07-31;N;214.9;9.0;24.0;133054.2;5543.9;132839.2
2019-08-01;SE;3446.5;143.6;24.0;930556.0;38773.2;927109.5
2019-08-01;S;1871.7;78.0;24.0;278941.0;11622.5;277069.4
2019-08-01;NE;901.9;37.6;24.0;253144.0;10547.7;252242.1
2019-08-01;N;235.4;9.8;24.0;133361.8;5556.7;133126.3
2019-08-02;SE;3178.8;132.4;24.0;943160.4;39298.4;939981.7
2019-08-02;S;1276.2;53.2;24.0;279608.2;11650.3;278332.0
2019-08-02;NE;871.1;36.3;24.0;253077.3;10544.9;252206.1
2019-08-02;N;244.0;10.2;24.0;134813.8;5617.2;134569.9
2019-08-03;SE;2944.8;122.7;24.0;841935.0;35080.6;838990.2
2019-08-03;S;2061.2;85.9;24.0;235679.2;9820.0;233618.0
2019-08-03;NE;948.5;39.5;24.0;242698.0;10112.4;241749.4
2019-08-03;N;242.8;10.1;24.0;129745.9;5406.1;129503.1
2019-08-04;SE;2638.3;109.9;24.0;750393.7;31266.4;747755.4
2019-08-04;S;2049.5;85.4;24.0;205256.8;8552.4;203207.3
2019-08-04;NE;924.9;38.5;24.0;226081.0;9420.0;225156.1
2019-08-04;N;228.5;9.5;24.0;122031.8;5084.7;121803.4
2019-08-05;SE;2845.2;118.6;24.0;857270.1;35719.6;854424.8
2019-08-05;S;2010.9;83.8;24.0;270111.8;11254.7;268100.9
2019-08-05;NE;803.2;33.5;24.0;248345.6;10347.7;247542.4
2019-08-05;N;221.4;9.2;24.0;131191.7;5466.3;130970.3
2019-08-06;SE;2757.4;114.9;24.0;886944.3;36956.0;884186.9
2019-08-06;S;1902.1;79.3;24.0;278290.8;11595.4;276388.7
2019-08-06;NE;774.3;32.3;24.0;248001.0;10333.4;247226.7
2019-08-06;N;234.3;9.8;24.0;131428.5;5476.2;131194.2
2019-08-07;SE;3097.4;129.1;24.0;905011.6;37708.8;901914.2
2019-08-07;S;1943.9;81.0;24.0;283355.0;11806.5;281411.1
2019-08-07;NE;790.1;32.9;24.0;248558.9;10356.6;247768.8
2019-08-07;N;234.4;9.8;24.0;130680.6;5445.0;130446.2
2019-08-08;SE;3381.8;140.9;24.0;928159.3;38673.3;924777.5
2019-08-08;S;1752.3;73.0;24.0;286394.2;11933.1;284641.9
2019-08-08;NE;913.8;38.1;24.0;251174.9;10465.6;250261.0
2019-08-08;N;242.9;10.1;24.0;134084.1;5586.8;133841.2
2019-08-09;SE;3553.0;148.0;24.0;941986.4;39249.4;938433.4
2019-08-09;S;1812.8;75.5;24.0;284935.7;11872.3;283122.9
2019-08-09;NE;986.1;41.1;24.0;250892.8;10453.9;249906.7
2019-08-09;N;251.0;10.5;24.0;134383.8;5599.3;134132.7
2019-08-10;SE;3457.9;144.1;24.0;880204.8;36675.2;876746.9
2019-08-10;S;1321.8;55.1;24.0;241504.2;10062.7;240182.4
2019-08-10;NE;984.1;41.0;24.0;241168.9;10048.7;240184.9
2019-08-10;N;262.4;10.9;24.0;130916.8;5454.9;130654.4
2019-08-11;SE;3629.2;151.2;24.0;800348.3;33347.8;796719.2
2019-08-11;S;1977.8;82.4;24.0;205381.4;8557.6;203403.6
2019-08-11;NE;1016.6;42.4;24.0;225569.7;9398.7;224553.1
2019-08-11;N;256.9;10.7;24.0;125419.5;5225.8;125162.6
2019-08-12;SE;3664.2;152.7;24.0;943060.7;39294.2;939396.5
2019-08-12;S;1753.0;73.0;24.0;275917.4;11496.6;274164.4
2019-08-12;NE;948.0;39.5;24.0;250999.5;10458.3;250051.5
2019-08-12;N;254.0;10.6;24.0;138261.4;5760.9;138007.3
2019-08-13;SE;3510.6;146.3;24.0;953569.3;39732.1;950058.7
2019-08-13;S;1885.3;78.6;24.0;284668.9;11861.2;282783.5
2019-08-13;NE;1013.4;42.2;24.0;254770.0;10615.4;253756.6
2019-08-13;N;255.1;10.6;24.0;139555.9;5814.8;139300.8
2019-08-14;SE;3092.8;128.9;24.0;918596.2;38274.8;915503.4
2019-08-14;S;2182.4;90.9;24.0;286337.9;11930.7;284155.5
2019-08-14;NE;873.0;36.4;24.0;255019.8;10625.8;254146.7
2019-08-14;N;253.1;10.5;24.0;141634.9;5901.5;141381.9
2019-08-15;SE;3365.0;140.2;24.0;900095.5;37504.0;896730.5
2019-08-15;S;2137.0;89.0;24.0;281087.6;11712.0;278950.7
2019-08-15;NE;917.4;38.2;24.0;252992.8;10541.4;252075.4
2019-08-15;N;245.8;10.2;24.0;136028.6;5667.9;135782.8
2019-08-16;SE;3840.3;160.0;24.0;906111.2;37754.6;902270.9
2019-08-16;S;2165.8;90.2;24.0;279719.8;11655.0;277554.0
2019-08-16;NE;923.9;38.5;24.0;253432.9;10559.7;252509.0
2019-08-16;N;263.5;11.0;24.0;135450.4;5643.8;135186.9
2019-08-17;SE;3863.8;161.0;24.0;845790.7;35241.3;841926.9
2019-08-17;S;2263.3;94.3;24.0;239698.9;9987.5;237435.6
2019-08-17;NE;895.0;37.3;24.0;242108.1;10087.8;241213.2
2019-08-17;N;268.2;11.2;24.0;131075.8;5461.5;130807.6
2019-08-18;SE;3576.6;149.0;24.0;786536.2;32772.3;782959.6
2019-08-18;S;1454.7;60.6;24.0;209377.5;8724.1;207922.8
2019-08-18;NE;930.7;38.8;24.0;225587.8;9399.5;224657.1
2019-08-18;N;257.7;10.7;24.0;125959.5;5248.3;125701.8
2019-08-19;SE;3322.7;138.4;24.0;917075.9;38211.5;913753.2
2019-08-19;S;1748.3;72.8;24.0;273961.4;11415.1;272213.1
2019-08-19;NE;1014.9;42.3;24.0;253338.0;10555.7;252323.0
2019-08-19;N;267.1;11.1;24.0;137992.9;5749.7;137725.7
2019-08-20;SE;3256.4;135.7;24.0;928843.7;38701.8;925587.3
2019-08-20;S;1697.1;70.7;24.0;284102.9;11837.6;282405.8
2019-08-20;NE;1101.2;45.9;24.0;259553.4;10814.7;258452.1
2019-08-20;N;266.2;11.1;24.0;141856.3;5910.7;141590.2
2019-08-21;SE;3416.3;142.3;24.0;930024.0;38751.0;926607.6
2019-08-21;S;2159.5;90.0;24.0;282255.9;11760.7;280096.4
2019-08-21;NE;1137.7;47.4;24.0;257176.7;10715.7;256039.0
2019-08-21;N;262.8;11.0;24.0;142657.6;5944.1;142394.8
2019-08-22;SE;3382.6;140.9;24.0;927017.2;38625.7;923634.6
2019-08-22;S;2145.9;89.4;24.0;280956.9;11706.5;278810.9
2019-08-22;NE;1106.4;46.1;24.0;257946.9;10747.8;256840.5
2019-08-22;N;261.6;10.9;24.0;140973.4;5873.9;140711.7
2019-08-23;SE;3320.2;138.3;24.0;923153.2;38464.7;919833.1
2019-08-23;S;2114.8;88.1;24.0;279979.0;11665.8;277864.1
2019-08-23;NE;1057.8;44.1;24.0;256353.5;10681.4;255295.7
2019-08-23;N;269.1;11.2;24.0;139214.2;5800.6;138945.1
2019-08-24;SE;3769.7;157.1;24.0;847258.9;35302.5;843489.2
2019-08-24;S;2276.7;94.9;24.0;239624.2;9984.3;237347.5
2019-08-24;NE;1072.2;44.7;24.0;243837.1;10159.9;242764.9
2019-08-24;N;273.7;11.4;24.0;130269.9;5427.9;129996.3
2019-08-25;SE;3718.0;154.9;24.0;771204.4;32133.5;767486.4
2019-08-25;S;2401.5;100.1;24.0;205025.9;8542.7;202624.4
2019-08-25;NE;1006.2;41.9;24.0;226453.2;9435.5;225446.9
2019-08-25;N;270.0;11.2;24.0;124581.6;5190.9;124311.6
2019-08-26;SE;3661.8;152.6;24.0;895570.6;37315.4;891908.8
2019-08-26;S;2131.1;88.8;24.0;268286.3;11178.6;266155.2
2019-08-26;NE;1041.0;43.4;24.0;253025.7;10542.7;251984.7
2019-08-26;N;286.6;11.9;24.0;138511.3;5771.3;138224.7
2019-08-27;SE;3616.0;150.7;24.0;922485.0;38436.9;918869.0
2019-08-27;S;2157.3;89.9;24.0;280834.2;11701.4;278676.9
2019-08-27;NE;928.6;38.7;24.0;255024.8;10626.0;254096.2
2019-08-27;N;289.2;12.1;24.0;140554.5;5856.4;140265.3
2019-08-28;SE;3628.0;151.2;24.0;924194.1;38508.1;920566.1
2019-08-28;S;2366.1;98.6;24.0;281236.1;11718.2;278870.0
2019-08-28;NE;1065.6;44.4;24.0;254799.8;10616.7;253734.2
2019-08-28;N;290.1;12.1;24.0;140302.4;5845.9;140012.2
2019-08-29;SE;3863.5;161.0;24.0;931680.4;38820.0;927816.9
2019-08-29;S;2461.8;102.6;24.0;285842.8;11910.1;283381.0
2019-08-29;NE;1111.0;46.3;24.0;251798.2;10491.6;250687.2
2019-08-29;N;292.2;12.2;24.0;140526.3;5855.3;140234.0
2019-08-30;SE;4016.1;167.3;24.0;947600.8;39483.4;943584.7
2019-08-30;S;2183.7;91.0;24.0;288062.3;12002.6;285878.6
2019-08-30;NE;1086.2;45.3;24.0;253833.6;10576.4;252747.4
2019-08-30;N;292.2;12.2;24.0;142109.9;5921.2;141817.7
2019-08-31;SE;4087.0;170.3;24.0;894747.0;37281.1;890660.0
2019-08-31;S;1451.9;60.5;24.0;241207.8;10050.3;239755.9
2019-08-31;NE;1109.1;46.2;24.0;244656.4;10194.0;243547.3
2019-08-31;N;293.0;12.2;24.0;134021.1;5584.2;133728.1
2019-09-01;SE;3938.2;164.1;24.0;808044.8;33668.5;804106.6
2019-09-01;S;1582.3;65.9;24.0;204599.5;8525.0;203017.2
2019-09-01;NE;1074.2;44.8;24.0;227863.5;9494.3;226789.4
2019-09-01;N;292.1;12.2;24.0;129227.0;5384.5;128934.9
2019-09-02;SE;3850.1;160.4;24.0;924403.0;38516.8;920552.9
2019-09-02;S;2137.9;89.1;24.0;263558.8;10981.6;261420.9
2019-09-02;NE;1060.2;44.2;24.0;256771.0;10698.8;255710.7
2019-09-02;N;290.0;12.1;24.0;141477.1;5894.9;141187.1
2019-09-03;SE;4063.9;169.3;24.0;958256.3;39927.3;954192.4
2019-09-03;S;2136.1;89.0;24.0;276481.6;11520.1;274345.5
2019-09-03;NE;1038.0;43.2;24.0;262315.0;10929.8;261277.1
2019-09-03;N;287.0;12.0;24.0;142944.2;5956.0;142657.2
2019-09-04;SE;4202.8;175.1;24.0;965612.9;40233.9;961410.1
2019-09-04;S;2288.2;95.3;24.0;281268.3;11719.5;278980.1
2019-09-04;NE;1064.4;44.4;24.0;259787.9;10824.5;258723.5
2019-09-04;N;291.4;12.1;24.0;143266.0;5969.4;142974.6
2019-09-05;SE;3836.0;159.8;24.0;954023.6;39751.0;950187.6
2019-09-05;S;1962.2;81.8;24.0;283268.7;11802.9;281306.5
2019-09-05;NE;1133.6;47.2;24.0;263530.5;10980.4;262396.9
2019-09-05;N;292.1;12.2;24.0;138406.4;5766.9;138114.3
2019-09-06;SE;3688.6;153.7;24.0;935912.7;38996.4;932224.1
2019-09-06;S;1817.0;75.7;24.0;278262.0;11594.2;276445.0
2019-09-06;NE;1097.5;45.7;24.0;262249.8;10927.1;261152.3
2019-09-06;N;288.0;12.0;24.0;136783.5;5699.3;136495.6
2019-09-07;SE;3879.8;161.7;24.0;832163.2;34673.5;828283.4
2019-09-07;S;2167.8;90.3;24.0;223956.1;9331.5;221788.3
2019-09-07;NE;1085.9;45.2;24.0;236609.2;9858.7;235523.3
2019-09-07;N;297.1;12.4;24.0;125535.1;5230.6;125238.0
2019-09-08;SE;4270.4;177.9;24.0;813748.5;33906.2;809478.0
2019-09-08;S;2328.5;97.0;24.0;212477.6;8853.2;210149.2
2019-09-08;NE;1061.6;44.2;24.0;226914.0;9454.8;225852.4
2019-09-08;N;304.8;12.7;24.0;124839.1;5201.6;124534.3
2019-09-09;SE;4598.6;191.6;24.0;977536.3;40730.7;972937.6
2019-09-09;S;2683.8;111.8;24.0;284005.0;11833.5;281321.1
2019-09-09;NE;1092.9;45.5;24.0;255477.4;10644.9;254384.5
2019-09-09;N;304.6;12.7;24.0;139040.6;5793.4;138736.0
2019-09-10;SE;4614.4;192.3;24.0;1025536.9;42730.7;1020922.5
2019-09-10;S;2380.4;99.2;24.0;293241.3;12218.4;290860.8
2019-09-10;NE;1159.0;48.3;24.0;262413.0;10933.9;261254.0
2019-09-10;N;310.4;12.9;24.0;143961.4;5998.4;143650.9
2019-09-11;SE;4699.1;195.8;24.0;1047391.0;43641.3;1042691.8
2019-09-11;S;2152.2;89.7;24.0;294697.5;12279.1;292545.3
2019-09-11;NE;1184.5;49.4;24.0;264563.9;11023.5;263379.4
2019-09-11;N;311.0;13.0;24.0;144612.3;6025.5;144301.3
2019-09-12;SE;4578.6;190.8;24.0;1064282.9;44345.1;1059704.2
2019-09-12;S;1500.9;62.5;24.0;289076.5;12044.9;287575.6
2019-09-12;NE;1141.2;47.6;24.0;265984.9;11082.7;264843.6
2019-09-12;N;319.8;13.3;24.0;146175.1;6090.6;145855.4
2019-09-13;SE;4532.3;188.8;24.0;1023590.7;42649.6;1019058.4
2019-09-13;S;2101.5;87.6;24.0;280500.0;11687.5;278398.4
2019-09-13;NE;1266.0;52.8;24.0;266941.4;11122.6;265675.4
2019-09-13;N;313.8;13.1;24.0;146003.3;6083.5;145689.5
2019-09-14;SE;4248.3;177.0;24.0;930888.7;38787.0;926640.3
2019-09-14;S;2251.7;93.8;24.0;243845.0;10160.2;241593.3
2019-09-14;NE;1210.8;50.5;24.0;254719.9;10613.3;253509.1
2019-09-14;N;302.6;12.6;24.0;139638.6;5818.3;139336.0
2019-09-15;SE;4553.1;189.7;24.0;861878.4;35911.6;857325.3
2019-09-15;S;2690.4;112.1;24.0;217308.1;9054.5;214617.7
2019-09-15;NE;1242.8;51.8;24.0;238171.8;9923.8;236929.0
2019-09-15;N;311.2;13.0;24.0;132021.5;5500.9;131710.3
2019-09-16;SE;4741.2;197.6;24.0;1029745.5;42906.1;1025004.3
2019-09-16;S;2698.5;112.4;24.0;290937.8;12122.4;288239.3
2019-09-16;NE;1218.8;50.8;24.0;260079.9;10836.7;258861.1
2019-09-16;N;308.6;12.9;24.0;140637.7;5859.9;140329.1
2019-09-17;SE;4900.7;204.2;24.0;1065554.9;44398.1;1060654.2
2019-09-17;S;2094.3;87.3;24.0;292265.8;12177.7;290171.5
2019-09-17;NE;1146.5;47.8;24.0;263854.1;10993.9;262707.6
2019-09-17;N;293.3;12.2;24.0;137472.0;5728.0;137178.7
2019-09-18;SE;4807.9;200.3;24.0;1073833.9;44743.1;1069026.0
2019-09-18;S;1765.8;73.6;24.0;284513.8;11854.7;282748.0
2019-09-18;NE;1098.4;45.8;24.0;267126.0;11130.2;266027.6
2019-09-18;N;329.0;13.7;24.0;138022.4;5750.9;137693.4
2019-09-19;SE;4716.0;196.5;24.0;1059235.3;44134.8;1054519.3
2019-09-19;S;2007.9;83.7;24.0;282408.2;11767.0;280400.3
2019-09-19;NE;1264.5;52.7;24.0;271638.2;11318.3;270373.7
2019-09-19;N;337.2;14.0;24.0;140930.6;5872.1;140593.4
2019-09-20;SE;4598.7;191.6;24.0;1055520.5;43980.0;1050921.8
2019-09-20;S;2005.2;83.5;24.0;262207.5;10925.3;260202.4
2019-09-20;NE;1226.0;51.1;24.0;269450.2;11227.1;268224.2
2019-09-20;N;326.4;13.6;24.0;142219.3;5925.8;141892.8
2019-09-21;SE;4229.4;176.2;24.0;942749.2;39281.2;938519.9
2019-09-21;S;2380.5;99.2;24.0;231761.6;9656.7;229381.1
2019-09-21;NE;1190.0;49.6;24.0;256187.6;10674.5;254997.6
2019-09-21;N;323.7;13.5;24.0;138857.1;5785.7;138533.4
2019-09-22;SE;3934.0;163.9;24.0;835923.5;34830.1;831989.5
2019-09-22;S;2971.9;123.8;24.0;204193.2;8508.0;201221.3
2019-09-22;NE;1240.8;51.7;24.0;239022.5;9959.3;237781.7
2019-09-22;N;300.3;12.5;24.0;131071.5;5461.3;130771.2
2019-09-23;SE;3916.2;163.2;24.0;935617.9;38984.1;931701.6
2019-09-23;S;3067.4;127.8;24.0;266382.3;11099.3;263314.9
2019-09-23;NE;1148.3;47.8;24.0;266021.0;11084.2;264872.7
2019-09-23;N;309.6;12.9;24.0;140697.3;5862.4;140387.8
2019-09-24;SE;4496.4;187.3;24.0;957454.4;39893.9;952958.0
2019-09-24;S;2708.9;112.9;24.0;278797.9;11616.6;276089.0
2019-09-24;NE;1243.8;51.8;24.0;268185.3;11174.4;266941.5
2019-09-24;N;310.4;12.9;24.0;141471.8;5894.7;141161.4
2019-09-25;SE;3468.0;144.5;24.0;948218.3;39509.1;944750.3
2019-09-25;S;2433.2;101.4;24.0;279477.9;11644.9;277044.6
2019-09-25;NE;1255.8;52.3;24.0;269335.6;11222.3;268079.7
2019-09-25;N;315.4;13.1;24.0;140984.6;5874.4;140669.2
2019-09-26;SE;2898.6;120.8;24.0;930683.9;38778.5;927785.3
2019-09-26;S;2846.1;118.6;24.0;282660.9;11777.5;279814.8
2019-09-26;NE;1270.4;52.9;24.0;271144.7;11297.7;269874.3
2019-09-26;N;306.4;12.8;24.0;140589.3;5857.9;140282.8
2019-09-27;SE;4430.2;184.6;24.0;930479.6;38770.0;926049.4
2019-09-27;S;3023.6;126.0;24.0;281840.3;11743.3;278816.7
2019-09-27;NE;1333.8;55.6;24.0;272781.8;11365.9;271448.0
2019-09-27;N;326.0;13.6;24.0;138268.4;5761.2;137942.4
2019-09-28;SE;4248.2;177.0;24.0;864578.1;36024.1;860329.9
2019-09-28;S;2931.2;122.1;24.0;244165.4;10173.6;241234.2
2019-09-28;NE;1320.9;55.0;24.0;261047.6;10877.0;259726.7
2019-09-28;N;315.7;13.2;24.0;132744.8;5531.0;132429.1
2019-09-29;SE;4188.8;174.5;24.0;791493.7;32978.9;787304.9
2019-09-29;S;3150.5;131.3;24.0;212629.8;8859.6;209479.3
2019-09-29;NE;1296.7;54.0;24.0;243134.5;10130.6;241837.7
2019-09-29;N;300.6;12.5;24.0;123736.4;5155.7;123435.8
2019-09-30;SE;4607.6;192.0;24.0;929043.1;38710.1;924435.5
2019-09-30;S;3169.0;132.0;24.0;283456.1;11810.7;280287.1
2019-09-30;NE;1230.5;51.3;24.0;267754.9;11156.5;266524.5
2019-09-30;N;319.5;13.3;24.0;138499.2;5770.8;138179.8
2019-10-01;SE;4883.6;203.5;24.0;989676.2;41236.5;984792.6
2019-10-01;S;3304.8;137.7;24.0;303622.0;12650.9;300317.2
2019-10-01;NE;1272.6;53.0;24.0;273305.4;11387.7;272032.9
2019-10-01;N;311.0;13.0;24.0;133563.0;5565.1;133252.0
2019-10-02;SE;5039.1;210.0;24.0;1010902.1;42120.9;1005863.1
2019-10-02;S;2518.7;104.9;24.0;308214.2;12842.3;305695.6
2019-10-02;NE;1169.5;48.7;24.0;272277.4;11344.9;271107.8
2019-10-02;N;291.4;12.1;24.0;139154.7;5798.1;138863.2
2019-10-03;SE;5252.7;218.9;24.0;1020795.3;42533.1;1015542.7
2019-10-03;S;2009.5;83.7;24.0;291243.9;12135.2;289234.4
2019-10-03;NE;1270.6;52.9;24.0;272069.0;11336.2;270798.3
2019-10-03;N;332.3;13.8;24.0;138039.5;5751.6;137707.2
2019-10-04;SE;5133.4;213.9;24.0;1014844.8;42285.2;1009711.4
2019-10-04;S;2413.6;100.6;24.0;292522.6;12188.4;290109.0
2019-10-04;NE;1284.8;53.5;24.0;275130.7;11463.8;273845.9
2019-10-04;N;311.2;13.0;24.0;135909.3;5662.9;135598.1
2019-10-05;SE;5062.6;210.9;24.0;946382.9;39432.6;941320.3
2019-10-05;S;1864.1;77.7;24.0;253509.2;10562.9;251645.2
2019-10-05;NE;1334.9;55.6;24.0;261614.8;10900.6;260280.0
2019-10-05;N;311.6;13.0;24.0;128838.7;5368.3;128527.1
2019-10-06;SE;4651.3;193.8;24.0;848574.4;35357.3;843923.1
2019-10-06;S;1331.5;55.5;24.0;210933.3;8788.9;209601.9
2019-10-06;NE;1350.7;56.3;24.0;242536.1;10105.7;241185.5
2019-10-06;N;303.8;12.7;24.0;125840.2;5243.3;125536.4
2019-10-07;SE;4598.7;191.6;24.0;965310.2;40221.3;960711.4
2019-10-07;S;2300.5;95.9;24.0;270550.8;11272.9;268250.3
2019-10-07;NE;1311.9;54.7;24.0;271922.6;11330.1;270610.7
2019-10-07;N;326.2;13.6;24.0;138119.7;5755.0;137793.5
2019-10-08;SE;4237.2;176.6;24.0;971189.1;40466.2;966951.8
2019-10-08;S;3125.0;130.2;24.0;284401.8;11850.1;281276.8
2019-10-08;NE;1352.0;56.3;24.0;278366.6;11598.6;277014.6
2019-10-08;N;317.6;13.2;24.0;138608.1;5775.3;138290.4
2019-10-09;SE;4177.8;174.1;24.0;964252.9;40177.2;960075.1
2019-10-09;S;3437.9;143.2;24.0;292552.8;12189.7;289114.9
2019-10-09;NE;1387.8;57.8;24.0;280106.3;11671.1;278718.5
2019-10-09;N;324.8;13.5;24.0;136003.9;5666.8;135679.1
2019-10-10;SE;4322.8;180.1;24.0;973081.5;40545.1;968758.7
2019-10-10;S;3576.3;149.0;24.0;300298.4;12512.4;296722.1
2019-10-10;NE;1335.3;55.6;24.0;281784.3;11741.0;280448.9
2019-10-10;N;356.3;14.8;24.0;136831.9;5701.3;136475.6
2019-10-11;SE;4924.7;205.2;24.0;993016.7;41375.7;988092.0
2019-10-11;S;3531.1;147.1;24.0;311034.2;12959.8;307503.1
2019-10-11;NE;1281.0;53.4;24.0;280971.7;11707.2;279690.7
2019-10-11;N;353.9;14.7;24.0;136054.4;5668.9;135700.5
2019-10-12;SE;5318.6;221.6;24.0;886561.4;36940.1;881242.8
2019-10-12;S;3481.2;145.1;24.0;262338.0;10930.7;258856.8
2019-10-12;NE;1359.9;56.7;24.0;254459.2;10602.5;253099.3
2019-10-12;N;360.1;15.0;24.0;127568.3;5315.3;127208.1
2019-10-13;SE;5478.9;228.3;24.0;874467.8;36436.2;868988.9
2019-10-13;S;3201.3;133.4;24.0;248906.7;10371.1;245705.4
2019-10-13;NE;1366.5;56.9;24.0;242330.1;10097.1;240963.6
2019-10-13;N;336.8;14.0;24.0;125803.2;5241.8;125466.4
2019-10-14;SE;5626.6;234.4;24.0;1036144.2;43172.7;1030517.6
2019-10-14;S;2336.1;97.3;24.0;298830.1;12451.3;296494.1
2019-10-14;NE;1270.5;52.9;24.0;270926.8;11288.6;269656.3
2019-10-14;N;332.9;13.9;24.0;135082.2;5628.4;134749.3
2019-10-15;SE;5477.5;228.2;24.0;1035966.3;43165.3;1030488.8
2019-10-15;S;1977.7;82.4;24.0;291368.5;12140.4;289390.8
2019-10-15;NE;1319.4;55.0;24.0;278468.1;11602.8;277148.7
2019-10-15;N;337.8;14.1;24.0;134989.4;5624.6;134651.6
2019-10-16;SE;5248.4;218.7;24.0;1036210.0;43175.4;1030961.6
2019-10-16;S;2337.9;97.4;24.0;292587.1;12191.1;290249.2
2019-10-16;NE;1368.6;57.0;24.0;282644.3;11776.8;281275.8
2019-10-16;N;303.6;12.7;24.0;136875.0;5703.1;136571.4
2019-10-17;SE;5489.1;228.7;24.0;1056285.2;44011.9;1050796.0
2019-10-17;S;2634.7;109.8;24.0;299933.2;12497.2;297298.5
2019-10-17;NE;1412.4;58.9;24.0;283065.5;11794.4;281653.1
2019-10-17;N;334.1;13.9;24.0;137969.6;5748.7;137635.4
2019-10-18;SE;5734.0;238.9;24.0;1062960.3;44290.0;1057226.3
2019-10-18;S;2722.5;113.4;24.0;300084.4;12503.5;297361.9
2019-10-18;NE;1318.6;54.9;24.0;280087.4;11670.3;278768.8
2019-10-18;N;334.3;13.9;24.0;137420.5;5725.9;137086.3
2019-10-19;SE;5305.2;221.1;24.0;960994.4;40041.4;955689.2
2019-10-19;S;3117.0;129.9;24.0;254863.6;10619.3;251746.6
2019-10-19;NE;1309.4;54.6;24.0;267897.6;11162.4;266588.2
2019-10-19;N;357.7;14.9;24.0;133140.1;5547.5;132782.4
2019-10-20;SE;4975.2;207.3;24.0;842985.8;35124.4;838010.7
2019-10-20;S;2772.1;115.5;24.0;216294.1;9012.3;213522.0
2019-10-20;NE;1340.1;55.8;24.0;250945.2;10456.1;249605.2
2019-10-20;N;346.5;14.4;24.0;125964.1;5248.5;125617.6
2019-10-21;SE;3882.8;161.8;24.0;941514.5;39229.8;937631.7
2019-10-21;S;1635.9;68.2;24.0;274217.2;11425.7;272581.4
2019-10-21;NE;1301.7;54.2;24.0;277332.2;11555.5;276030.5
2019-10-21;N;330.3;13.8;24.0;136390.7;5682.9;136060.4
2019-10-22;SE;4137.7;172.4;24.0;954617.9;39775.7;950480.2
2019-10-22;S;2703.2;112.6;24.0;280501.5;11687.6;277798.3
2019-10-22;NE;1355.6;56.5;24.0;282763.7;11781.8;281408.1
2019-10-22;N;293.5;12.2;24.0;137164.0;5715.2;136870.5
2019-10-23;SE;4710.6;196.3;24.0;972285.2;40511.9;967574.5
2019-10-23;S;3248.3;135.3;24.0;285673.3;11903.1;282425.0
2019-10-23;NE;1404.4;58.5;24.0;282231.4;11759.6;280827.0
2019-10-23;N;355.0;14.8;24.0;139348.0;5806.2;138993.1
2019-10-24;SE;4918.0;204.9;24.0;993431.2;41393.0;988513.2
2019-10-24;S;3724.7;155.2;24.0;294775.3;12282.3;291050.7
2019-10-24;NE;1407.5;58.6;24.0;285825.3;11909.4;284417.8
2019-10-24;N;372.5;15.5;24.0;140074.1;5836.4;139701.6
2019-10-25;SE;5433.1;226.4;24.0;1023011.3;42625.5;1017578.2
2019-10-25;S;3612.5;150.5;24.0;299221.5;12467.6;295609.0
2019-10-25;NE;1463.8;61.0;24.0;287293.9;11970.6;285830.0
2019-10-25;N;347.2;14.5;24.0;140342.5;5847.6;139995.3
2019-10-26;SE;5343.4;222.6;24.0;947994.1;39499.8;942650.7
2019-10-26;S;3614.3;150.6;24.0;263224.8;10967.7;259610.5
2019-10-26;NE;1395.1;58.1;24.0;273052.9;11377.2;271657.8
2019-10-26;N;354.9;14.8;24.0;133635.7;5568.2;133280.8
2019-10-27;SE;5531.7;230.5;24.0;878686.9;36612.0;873155.2
2019-10-27;S;2666.5;111.1;24.0;232075.2;9669.8;229408.7
2019-10-27;NE;1421.3;59.2;24.0;255812.7;10658.9;254391.4
2019-10-27;N;372.1;15.5;24.0;131361.9;5473.4;130989.8
2019-10-28;SE;5749.3;239.6;24.0;1027313.7;42804.7;1021564.4
2019-10-28;S;3266.8;136.1;24.0;289690.1;12070.4;286423.3
2019-10-28;NE;1529.8;63.7;24.0;282787.1;11782.8;281257.2
2019-10-28;N;373.9;15.6;24.0;140343.7;5847.7;139969.8
2019-10-29;SE;5678.1;236.6;24.0;1065184.8;44382.7;1059506.7
2019-10-29;S;3314.8;138.1;24.0;306940.5;12789.2;303625.7
2019-10-29;NE;1496.5;62.4;24.0;296707.7;12362.8;295211.2
2019-10-29;N;368.8;15.4;24.0;142099.5;5920.8;141730.6
2019-10-30;SE;5658.7;235.8;24.0;1079624.3;44984.3;1073965.5
2019-10-30;S;3140.6;130.9;24.0;325846.9;13577.0;322706.3
2019-10-30;NE;1562.3;65.1;24.0;297077.9;12378.2;295515.6
2019-10-30;N;345.4;14.4;24.0;143094.3;5962.3;142748.9
2019-10-31;SE;5816.4;242.3;24.0;1068842.1;44535.1;1063025.7
2019-10-31;S;2505.4;104.4;24.0;312547.6;13022.8;310042.2
2019-10-31;NE;1541.2;64.2;24.0;296539.0;12355.8;294997.8
2019-10-31;N;363.9;15.2;24.0;144604.7;6025.2;144240.7
2019-11-01;SE;5799.0;241.6;24.0;1043745.2;43489.4;1037946.1
2019-11-01;S;3104.5;129.4;24.0;297863.0;12411.0;294758.5
2019-11-01;NE;1648.9;68.7;24.0;284731.2;11863.8;283082.3
2019-11-01;N;378.5;15.8;24.0;141545.8;5897.7;141167.3
2019-11-02;SE;5571.4;232.1;24.0;910466.8;37936.1;904895.4
2019-11-02;S;3319.1;138.3;24.0;250045.3;10418.6;246726.3
2019-11-02;NE;1611.7;67.2;24.0;260812.8;10867.2;259201.2
2019-11-02;N;392.8;16.4;24.0;131956.7;5498.2;131563.8
2019-11-03;SE;5991.0;249.6;24.0;886436.6;36934.9;880445.6
2019-11-03;S;2691.0;112.1;24.0;234448.5;9768.7;231757.5
2019-11-03;NE;1554.4;64.8;24.0;253566.1;10565.3;252011.6
2019-11-03;N;339.4;14.1;24.0;128451.2;5352.1;128111.8
2019-11-04;SE;6091.6;253.8;24.0;1072349.6;44681.2;1066258.0
2019-11-04;S;2688.5;112.0;24.0;301853.5;12577.2;299165.0
2019-11-04;NE;1548.7;64.5;24.0;283576.2;11815.7;282027.5
2019-11-04;N;353.1;14.7;24.0;140802.8;5866.8;140449.7
2019-11-05;SE;6141.6;255.9;24.0;1093284.8;45553.5;1087143.2
2019-11-05;S;2438.3;101.6;24.0;302421.9;12600.9;299983.5
2019-11-05;NE;1692.3;70.5;24.0;291036.7;12126.5;289344.5
2019-11-05;N;377.5;15.7;24.0;144843.7;6035.2;144466.1
2019-11-06;SE;5305.1;221.0;24.0;1037632.6;43234.7;1032327.5
2019-11-06;S;3046.8;126.9;24.0;294948.1;12289.5;291901.4
2019-11-06;NE;1664.3;69.3;24.0;293566.3;12231.9;291902.0
2019-11-06;N;372.1;15.5;24.0;143819.9;5992.5;143447.8
2019-11-07;SE;5278.1;219.9;24.0;1012807.8;42200.3;1007529.7
2019-11-07;S;2226.7;92.8;24.0;296038.3;12334.9;293811.6
2019-11-07;NE;1624.1;67.7;24.0;296616.7;12359.0;294992.6
2019-11-07;N;386.2;16.1;24.0;144875.7;6036.5;144489.5
2019-11-08;SE;5122.3;213.4;24.0;1010971.6;42123.8;1005849.3
2019-11-08;S;3076.8;128.2;24.0;302091.9;12587.2;299015.1
2019-11-08;NE;1654.5;68.9;24.0;296790.4;12366.3;295135.9
2019-11-08;N;371.2;15.5;24.0;142239.2;5926.6;141868.0
2019-11-09;SE;5491.9;228.8;24.0;939770.8;39157.1;934279.0
2019-11-09;S;2751.9;114.7;24.0;268443.5;11185.1;265691.6
2019-11-09;NE;1649.6;68.7;24.0;283307.9;11804.5;281658.4
2019-11-09;N;335.1;14.0;24.0;132994.6;5541.4;132659.4
2019-11-10;SE;5521.9;230.1;24.0;864075.3;36003.1;858553.5
2019-11-10;S;2408.3;100.3;24.0;230028.9;9584.5;227620.6
2019-11-10;NE;1626.7;67.8;24.0;264812.4;11033.8;263185.7
2019-11-10;N;363.3;15.1;24.0;130050.9;5418.8;129687.6
2019-11-11;SE;5688.1;237.0;24.0;999050.8;41627.1;993362.6
2019-11-11;S;2958.2;123.3;24.0;296096.6;12337.4;293138.5
2019-11-11;NE;1708.3;71.2;24.0;295765.3;12323.6;294057.1
2019-11-11;N;382.5;15.9;24.0;142223.3;5926.0;141840.7
2019-11-12;SE;5283.2;220.1;24.0;997628.9;41567.9;992345.6
2019-11-12;S;3535.5;147.3;24.0;308473.7;12853.1;304938.2
2019-11-12;NE;1714.2;71.4;24.0;299639.7;12485.0;297925.5
2019-11-12;N;364.4;15.2;24.0;141957.1;5914.9;141592.7
2019-11-13;SE;5279.3;220.0;24.0;1002013.5;41750.6;996734.1
2019-11-13;S;2643.4;110.1;24.0;310118.4;12921.6;307475.0
2019-11-13;NE;1736.8;72.4;24.0;299033.7;12459.7;297296.9
2019-11-13;N;363.7;15.2;24.0;140623.3;5859.3;140259.5
2019-11-14;SE;4544.6;189.4;24.0;992983.2;41374.3;988438.7
2019-11-14;S;2007.2;83.6;24.0;303880.9;12661.7;301873.7
2019-11-14;NE;1705.3;71.1;24.0;295075.2;12294.8;293369.9
2019-11-14;N;375.6;15.7;24.0;139291.9;5803.8;138916.3
2019-11-15;SE;4543.8;189.3;24.0;869426.4;36226.1;864882.6
2019-11-15;S;3770.3;157.1;24.0;255149.5;10631.2;251379.2
2019-11-15;NE;1712.4;71.4;24.0;273563.1;11398.5;271850.7
2019-11-15;N;391.4;16.3;24.0;131295.8;5470.7;130904.4
2019-11-16;SE;5563.1;231.8;24.0;846081.4;35253.4;840518.3
2019-11-16;S;4127.5;172.0;24.0;243342.7;10139.3;239215.1
2019-11-16;NE;1608.6;67.0;24.0;271119.7;11296.7;269511.1
2019-11-16;N;373.3;15.6;24.0;131082.8;5461.8;130709.5
2019-11-17;SE;5454.3;227.3;24.0;800452.7;33352.2;794998.4
2019-11-17;S;4211.4;175.5;24.0;226407.0;9433.6;222195.5
2019-11-17;NE;1532.5;63.9;24.0;254721.3;10613.4;253188.8
2019-11-17;N;304.9;12.7;24.0;125977.1;5249.0;125672.1
2019-11-18;SE;4703.7;196.0;24.0;929744.1;38739.3;925040.4
2019-11-18;S;4325.1;180.2;24.0;303866.9;12661.1;299541.8
2019-11-18;NE;1543.5;64.3;24.0;285477.5;11894.9;283933.9
2019-11-18;N;325.0;13.5;24.0;135941.6;5664.2;135616.6
2019-11-19;SE;5253.5;218.9;24.0;966653.2;40277.2;961399.7
2019-11-19;S;4144.1;172.7;24.0;321952.3;13414.7;317808.1
2019-11-19;NE;1605.6;66.9;24.0;289584.8;12066.0;287979.2
2019-11-19;N;355.9;14.8;24.0;137828.9;5742.9;137473.0
2019-11-20;SE;5053.6;210.6;24.0;932672.5;38861.4;927619.0
2019-11-20;S;4033.6;168.1;24.0;332838.0;13868.2;328804.4
2019-11-20;NE;1559.5;65.0;24.0;288876.1;12036.5;287316.6
2019-11-20;N;364.6;15.2;24.0;135337.7;5639.1;134973.1
2019-11-21;SE;5852.7;243.9;24.0;990804.6;41283.5;984952.0
2019-11-21;S;4036.1;168.2;24.0;340998.8;14208.3;336962.7
2019-11-21;NE;1704.9;71.0;24.0;290498.1;12104.1;288793.2
2019-11-21;N;294.0;12.2;24.0;136312.0;5679.7;136018.0
2019-11-22;SE;6003.7;250.2;24.0;1008423.5;42017.6;1002419.8
2019-11-22;S;3646.3;151.9;24.0;340570.4;14190.4;336924.1
2019-11-22;NE;1702.7;70.9;24.0;289420.2;12059.2;287717.6
2019-11-22;N;334.4;13.9;24.0;133418.1;5559.1;133083.7
2019-11-23;SE;5871.1;244.6;24.0;935136.5;38964.0;929265.3
2019-11-23;S;3176.7;132.4;24.0;284349.6;11847.9;281172.9
2019-11-23;NE;1704.6;71.0;24.0;280758.7;11698.3;279054.1
2019-11-23;N;343.7;14.3;24.0;130136.4;5422.3;129792.7
2019-11-24;SE;4829.9;201.2;24.0;806862.0;33619.3;802032.2
2019-11-24;S;3613.4;150.6;24.0;228988.3;9541.2;225374.9
2019-11-24;NE;1694.7;70.6;24.0;263620.1;10984.2;261925.3
2019-11-24;N;389.7;16.2;24.0;129767.8;5407.0;129378.1
2019-11-25;SE;5614.6;233.9;24.0;928418.2;38684.1;922803.7
2019-11-25;S;4320.3;180.0;24.0;300176.7;12507.4;295856.4
2019-11-25;NE;1446.5;60.3;24.0;285958.7;11914.9;284512.2
2019-11-25;N;397.1;16.5;24.0;143014.2;5958.9;142617.1
2019-11-26;SE;6002.7;250.1;24.0;981437.5;40893.2;975434.8
2019-11-26;S;2507.2;104.5;24.0;305580.6;12732.5;303073.4
2019-11-26;NE;1403.9;58.5;24.0;285855.4;11910.6;284451.5
2019-11-26;N;326.8;13.6;24.0;143490.5;5978.8;143163.8
2019-11-27;SE;5691.1;237.1;24.0;1002121.8;41755.1;996430.7
2019-11-27;S;1405.1;58.5;24.0;301193.0;12549.7;299787.9
2019-11-27;NE;1480.4;61.7;24.0;285318.3;11888.3;283837.9
2019-11-27;N;362.6;15.1;24.0;143749.6;5989.6;143387.0
2019-11-28;SE;4433.1;184.7;24.0;976669.7;40694.6;972236.6
2019-11-28;S;3734.8;155.6;24.0;302124.9;12588.5;298390.1
2019-11-28;NE;1678.7;69.9;24.0;289663.5;12069.3;287984.8
2019-11-28;N;368.6;15.4;24.0;146170.9;6090.5;145802.3
2019-11-29;SE;4520.0;188.3;24.0;952639.5;39693.3;948119.5
2019-11-29;S;4331.5;180.5;24.0;309564.0;12898.5;305232.6
2019-11-29;NE;1790.0;74.6;24.0;291559.2;12148.3;289769.1
2019-11-29;N;406.0;16.9;24.0;145262.1;6052.6;144856.1
2019-11-30;SE;4729.7;197.1;24.0;904909.9;37704.6;900180.2
2019-11-30;S;3877.3;161.6;24.0;283502.2;11812.6;279624.8
2019-11-30;NE;1846.2;76.9;24.0;278070.7;11586.3;276224.5
2019-11-30;N;415.5;17.3;24.0;139070.3;5794.6;138654.8
2019-12-01;SE;5331.9;222.2;24.0;842436.4;35101.5;837104.5
2019-12-01;S;3830.9;159.6;24.0;242068.2;10086.2;238237.3
2019-12-01;NE;1856.6;77.4;24.0;260146.9;10839.5;258290.4
2019-12-01;N;416.8;17.4;24.0;130648.5;5443.7;130231.7
2019-12-02;SE;5220.4;217.5;24.0;952641.9;39693.4;947421.5
2019-12-02;S;4132.8;172.2;24.0;298081.7;12420.1;293948.9
2019-12-02;NE;1868.7;77.9;24.0;296152.1;12339.7;294283.3
2019-12-02;N;430.1;17.9;24.0;143458.6;5977.4;143028.6
2019-12-03;SE;4822.3;200.9;24.0;952324.6;39680.2;947502.2
2019-12-03;S;3830.4;159.6;24.0;306026.7;12751.1;302196.3
2019-12-03;NE;1771.5;73.8;24.0;300097.6;12504.1;298326.1
2019-12-03;N;412.1;17.2;24.0;145657.9;6069.1;145245.8
2019-12-04;SE;4653.4;193.9;24.0;982390.7;40932.9;977737.4
2019-12-04;S;3006.7;125.3;24.0;312437.3;13018.2;309430.7
2019-12-04;NE;1711.3;71.3;24.0;295554.2;12314.8;293842.9
2019-12-04;N;338.4;14.1;24.0;143034.7;5959.8;142696.4
2019-12-05;SE;5022.4;209.3;24.0;1010867.7;42119.5;1005845.3
2019-12-05;S;2642.0;110.1;24.0;308909.4;12871.2;306267.4
2019-12-05;NE;1857.6;77.4;24.0;295223.7;12301.0;293366.1
2019-12-05;N;377.4;15.7;24.0;141593.2;5899.7;141215.8
2019-12-06;SE;4980.9;207.5;24.0;979581.8;40815.9;974600.8
2019-12-06;S;4580.5;190.9;24.0;306489.8;12770.4;301909.3
2019-12-06;NE;1849.3;77.1;24.0;299919.0;12496.6;298069.7
2019-12-06;N;409.8;17.1;24.0;141432.2;5893.0;141022.4
2019-12-07;SE;5572.5;232.2;24.0;899172.6;37465.5;893600.1
2019-12-07;S;4689.6;195.4;24.0;272676.8;11361.5;267987.2
2019-12-07;NE;1779.6;74.1;24.0;287629.9;11984.6;285850.4
2019-12-07;N;429.6;17.9;24.0;135824.7;5659.4;135395.1
2019-12-08;SE;5789.2;241.2;24.0;820192.3;34174.7;814403.2
2019-12-08;S;3992.0;166.3;24.0;241901.8;10079.2;237909.7
2019-12-08;NE;1663.6;69.3;24.0;265944.6;11081.0;264281.0
2019-12-08;N;384.7;16.0;24.0;128182.8;5340.9;127798.1
2019-12-09;SE;5179.4;215.8;24.0;972433.9;40518.1;967254.5
2019-12-09;S;2932.2;122.2;24.0;308668.6;12861.2;305736.3
2019-12-09;NE;1715.2;71.5;24.0;288523.1;12021.8;286807.9
2019-12-09;N;355.6;14.8;24.0;139675.5;5819.8;139319.9
2019-12-10;SE;4538.2;189.1;24.0;985308.4;41054.5;980770.1
2019-12-10;S;4050.7;168.8;24.0;328450.0;13685.4;324399.3
2019-12-10;NE;1766.3;73.6;24.0;293335.5;12222.3;291569.1
2019-12-10;N;416.6;17.4;24.0;138770.0;5782.1;138353.4
2019-12-11;SE;5106.7;212.8;24.0;980360.9;40848.4;975254.2
2019-12-11;S;4076.1;169.8;24.0;339027.3;14126.1;334951.3
2019-12-11;NE;1752.0;73.0;24.0;295321.7;12305.1;293569.7
2019-12-11;N;418.8;17.4;24.0;140928.3;5872.0;140509.5
2019-12-12;SE;5563.2;231.8;24.0;990475.0;41269.8;984911.7
2019-12-12;S;3673.8;153.1;24.0;340939.1;14205.8;337265.3
2019-12-12;NE;1721.2;71.7;24.0;296034.0;12334.8;294312.8
2019-12-12;N;392.3;16.3;24.0;139861.2;5827.5;139468.9
2019-12-13;SE;6409.4;267.1;24.0;1009551.4;42064.6;1003141.9
2019-12-13;S;4356.1;181.5;24.0;321128.8;13380.4;316772.7
2019-12-13;NE;1747.8;72.8;24.0;294421.4;12267.6;292673.6
2019-12-13;N;386.2;16.1;24.0;137236.7;5718.2;136850.4
2019-12-14;SE;6126.4;255.3;24.0;927658.4;38652.4;921532.0
2019-12-14;S;3938.3;164.1;24.0;279973.5;11665.6;276035.2
2019-12-14;NE;1779.3;74.1;24.0;282629.0;11776.2;280849.7
2019-12-14;N;352.1;14.7;24.0;134319.3;5596.6;133967.1
2019-12-15;SE;7013.8;292.2;24.0;870357.1;36264.9;863343.4
2019-12-15;S;3264.9;136.0;24.0;248155.1;10339.8;244890.1
2019-12-15;NE;1761.1;73.4;24.0;262299.1;10929.1;260538.0
2019-12-15;N;382.4;15.9;24.0;127910.5;5329.6;127528.0
2019-12-16;SE;7343.8;306.0;24.0;1034415.5;43100.6;1027071.7
2019-12-16;S;1911.0;79.6;24.0;298949.1;12456.2;297038.1
2019-12-16;NE;1739.9;72.5;24.0;285810.5;11908.8;284070.6
2019-12-16;N;388.3;16.2;24.0;136701.3;5695.9;136313.0
2019-12-17;SE;6527.4;272.0;24.0;1045875.0;43578.1;1039347.6
2019-12-17;S;2379.7;99.2;24.0;299478.8;12478.3;297099.1
2019-12-17;NE;1721.6;71.7;24.0;291868.0;12161.2;290146.5
2019-12-17;N;375.1;15.6;24.0;138425.9;5767.7;138050.8
2019-12-18;SE;6267.3;261.1;24.0;1012777.9;42199.1;1006510.6
2019-12-18;S;3781.3;157.6;24.0;295378.5;12307.4;291597.2
2019-12-18;NE;1840.3;76.7;24.0;295710.1;12321.3;293869.8
2019-12-18;N;390.8;16.3;24.0;137441.4;5726.7;137050.6
2019-12-19;SE;6039.9;251.7;24.0;985712.9;41071.4;979673.0
2019-12-19;S;3489.5;145.4;24.0;299103.6;12462.6;295614.1
2019-12-19;NE;1785.5;74.4;24.0;296132.3;12338.8;294346.8
2019-12-19;N;400.2;16.7;24.0;137456.8;5727.4;137056.6
2019-12-20;SE;6522.0;271.7;24.0;977699.3;40737.5;971177.3
2019-12-20;S;3811.5;158.8;24.0;307875.1;12828.1;304063.6
2019-12-20;NE;1800.2;75.0;24.0;292750.2;12197.9;290950.0
2019-12-20;N;423.6;17.7;24.0;136306.5;5679.4;135882.9
2019-12-21;SE;6079.6;253.3;24.0;921068.3;38377.8;914988.7
2019-12-21;S;2744.6;114.4;24.0;270886.3;11286.9;268141.7
2019-12-21;NE;1826.9;76.1;24.0;285720.8;11905.0;283893.9
2019-12-21;N;400.1;16.7;24.0;132163.7;5506.8;131763.7
2019-12-22;SE;6104.0;254.3;24.0;865400.2;36058.3;859296.2
2019-12-22;S;4409.7;183.7;24.0;235409.1;9808.7;230999.4
2019-12-22;NE;1940.5;80.9;24.0;268175.6;11174.0;266235.1
2019-12-22;N;370.7;15.4;24.0;126041.6;5251.7;125670.8
2019-12-23;SE;5716.9;238.2;24.0;908537.9;37855.7;902821.0
2019-12-23;S;4974.8;207.3;24.0;261516.5;10896.5;256541.6
2019-12-23;NE;1986.6;82.8;24.0;288156.1;12006.5;286169.4
2019-12-23;N;416.2;17.3;24.0;131372.3;5473.8;130956.1
2019-12-24;SE;6529.4;272.1;24.0;848073.5;35336.4;841544.1
2019-12-24;S;4839.3;201.6;24.0;252483.7;10520.2;247644.4
2019-12-24;NE;1746.2;72.8;24.0;279056.6;11627.4;277310.5
2019-12-24;N;444.4;18.5;24.0;128046.0;5335.2;127601.6
2019-12-25;SE;7275.4;303.1;24.0;762588.9;31774.5;755313.5
2019-12-25;S;4696.0;195.7;24.0;235152.4;9798.0;230456.4
2019-12-25;NE;1881.3;78.4;24.0;257607.0;10733.6;255725.7
2019-12-25;N;384.1;16.0;24.0;120236.4;5009.9;119852.3
2019-12-26;SE;7321.3;305.1;24.0;917264.0;38219.3;909942.7
2019-12-26;S;4448.0;185.3;24.0;297495.3;12395.6;293047.3
2019-12-26;NE;1842.8;76.8;24.0;284603.0;11858.5;282760.2
2019-12-26;N;370.2;15.4;24.0;132317.1;5513.2;131946.9
2019-12-27;SE;7564.7;315.2;24.0;951405.6;39641.9;943840.9
2019-12-27;S;4807.1;200.3;24.0;310501.8;12937.6;305694.6
2019-12-27;NE;1798.3;74.9;24.0;287070.2;11961.3;285271.9
2019-12-27;N;389.9;16.2;24.0;135377.8;5640.7;134987.9
2019-12-28;SE;7234.4;301.4;24.0;917110.6;38212.9;909876.3
2019-12-28;S;4693.4;195.6;24.0;295198.2;12299.9;290504.8
2019-12-28;NE;1846.0;76.9;24.0;277261.2;11552.5;275415.2
2019-12-28;N;386.8;16.1;24.0;132803.0;5533.5;132416.1
2019-12-29;SE;7373.1;307.2;24.0;866264.4;36094.4;858891.4
2019-12-29;S;4824.4;201.0;24.0;273364.6;11390.2;268540.2
2019-12-29;NE;1782.5;74.3;24.0;264611.2;11025.5;262828.6
2019-12-29;N;347.0;14.5;24.0;126633.4;5276.4;126286.4
2019-12-30;SE;7422.4;309.3;24.0;929938.3;38747.4;922515.9
2019-12-30;S;4771.2;198.8;24.0;300748.2;12531.2;295977.0
2019-12-30;NE;1553.1;64.7;24.0;274468.6;11436.2;272915.5
2019-12-30;N;280.6;11.7;24.0;127349.7;5306.2;127069.1
2019-12-31;SE;7372.6;307.2;24.0;885918.2;36913.3;878545.6
2019-12-31;S;4313.3;179.7;24.0;278558.4;11606.6;274245.1
2019-12-31;NE;1476.5;61.5;24.0;253522.2;10563.4;252045.7
2019-12-31;N;246.0;10.3;24.0;123374.4;5140.6;123128.4
2020-01-01;SE;5968.8;248.7;24.0;816167.4;34007.0;810198.6
2020-01-01;S;3179.2;132.5;24.0;245398.6;10224.9;242219.4
2020-01-01;NE;1147.7;47.8;24.0;226313.3;9429.7;225165.6
2020-01-01;N;340.7;14.2;24.0;117779.6;4907.5;117438.9
2020-01-02;SE;4150.5;172.9;24.0;938797.5;39116.6;934647.0
2020-01-02;S;2804.5;116.9;24.0;276495.3;11520.6;273690.8
2020-01-02;NE;1209.8;50.4;24.0;260698.2;10862.4;259488.4
2020-01-02;N;286.0;11.9;24.0;126439.0;5268.3;126153.0
2020-01-03;SE;4131.1;172.1;24.0;926353.7;38598.1;922222.6
2020-01-03;S;2894.3;120.6;24.0;276805.5;11533.6;273911.2
2020-01-03;NE;1319.8;55.0;24.0;272050.2;11335.4;270730.3
2020-01-03;N;260.9;10.9;24.0;132208.7;5508.7;131947.8
2020-01-04;SE;3938.9;164.1;24.0;873433.2;36393.1;869494.3
2020-01-04;S;3206.7;133.6;24.0;260426.4;10851.1;257219.7
2020-01-04;NE;1227.2;51.1;24.0;261953.6;10914.7;260726.4
2020-01-04;N;231.6;9.6;24.0;129444.4;5393.5;129212.8
2020-01-05;SE;4356.3;181.5;24.0;818589.7;34107.9;814233.3
2020-01-05;S;3873.3;161.4;24.0;244995.0;10208.1;241121.8
2020-01-05;NE;1195.4;49.8;24.0;245561.9;10231.7;244366.5
2020-01-05;N;356.1;14.8;24.0;125747.9;5239.5;125391.8
2020-01-06;SE;5200.2;216.7;24.0;967584.4;40316.0;962384.2
2020-01-06;S;4059.3;169.1;24.0;318705.2;13279.4;314645.9
2020-01-06;NE;1404.7;58.5;24.0;273892.6;11412.2;272488.0
2020-01-06;N;267.7;11.2;24.0;132060.9;5502.5;131793.1
2020-01-07;SE;5282.5;220.1;24.0;1028806.8;42866.9;1023524.3
2020-01-07;S;3114.8;129.8;24.0;333177.7;13882.4;330062.9
2020-01-07;NE;1451.5;60.5;24.0;282579.6;11774.2;281128.2
2020-01-07;N;303.1;12.6;24.0;131425.7;5476.1;131122.6
2020-01-08;SE;4461.8;185.9;24.0;1036392.7;43183.0;1031930.8
2020-01-08;S;3488.8;145.4;24.0;335832.0;13993.0;332343.1
2020-01-08;NE;1323.3;55.1;24.0;282655.7;11777.3;281332.4
2020-01-08;N;365.9;15.2;24.0;130471.9;5436.3;130106.1
2020-01-09;SE;5019.4;209.1;24.0;1039994.4;43333.1;1034975.0
2020-01-09;S;3637.9;151.6;24.0;357446.2;14893.6;353808.3
2020-01-09;NE;1238.2;51.6;24.0;280196.9;11674.9;278958.7
2020-01-09;N;363.1;15.1;24.0;131582.1;5482.6;131218.9
2020-01-10;SE;5837.8;243.2;24.0;1060666.5;44194.4;1054828.7
2020-01-10;S;2995.9;124.8;24.0;357297.4;14887.4;354301.5
2020-01-10;NE;1359.5;56.6;24.0;279178.9;11632.5;277819.5
2020-01-10;N;380.6;15.9;24.0;132200.4;5508.3;131819.8
2020-01-11;SE;6224.8;259.4;24.0;997230.8;41551.3;991006.0
2020-01-11;S;2982.5;124.3;24.0;299350.1;12472.9;296367.6
2020-01-11;NE;1575.5;65.6;24.0;268526.9;11188.6;266951.4
2020-01-11;N;338.8;14.1;24.0;126168.7;5257.0;125829.9
2020-01-12;SE;5480.0;228.3;24.0;909517.0;37896.5;904037.0
2020-01-12;S;3804.0;158.5;24.0;268048.7;11168.7;264244.7
2020-01-12;NE;1680.3;70.0;24.0;253501.8;10562.6;251821.5
2020-01-12;N;351.8;14.7;24.0;120334.7;5013.9;119982.9
2020-01-13;SE;5071.1;211.3;24.0;1024336.2;42680.7;1019265.1
2020-01-13;S;3519.0;146.6;24.0;334290.6;13928.8;330771.6
2020-01-13;NE;1597.1;66.5;24.0;288129.2;12005.4;286532.1
2020-01-13;N;394.2;16.4;24.0;130008.5;5417.0;129614.3
2020-01-14;SE;5568.7;232.0;24.0;1032907.2;43037.8;1027338.4
2020-01-14;S;3490.2;145.4;24.0;346130.9;14422.1;342640.7
2020-01-14;NE;1614.0;67.3;24.0;294325.9;12263.6;292711.9
2020-01-14;N;397.0;16.5;24.0;131853.3;5493.9;131456.3
2020-01-15;SE;6344.6;264.4;24.0;1065107.3;44379.5;1058762.7
2020-01-15;S;3282.5;136.8;24.0;355791.2;14824.6;352508.7
2020-01-15;NE;1651.0;68.8;24.0;291139.4;12130.8;289488.4
2020-01-15;N;384.7;16.0;24.0;133062.5;5544.3;132677.8
2020-01-16;SE;6523.9;271.8;24.0;1112913.7;46371.4;1106389.7
2020-01-16;S;2355.8;98.2;24.0;332749.8;13864.6;330393.9
2020-01-16;NE;1646.8;68.6;24.0;293640.7;12235.0;291993.9
2020-01-16;N;433.4;18.1;24.0;136282.8;5678.5;135849.4
2020-01-17;SE;4645.4;193.6;24.0;1048442.7;43685.1;1043797.3
2020-01-17;S;3488.8;145.4;24.0;309868.7;12911.2;306379.9
2020-01-17;NE;1593.9;66.4;24.0;294016.3;12250.7;292422.5
2020-01-17;N;427.3;17.8;24.0;135725.6;5655.2;135298.3
2020-01-18;SE;4898.8;204.1;24.0;926699.9;38612.5;921801.1
2020-01-18;S;3781.3;157.6;24.0;273006.4;11375.3;269225.1
2020-01-18;NE;1575.7;65.7;24.0;278964.2;11623.5;277388.5
2020-01-18;N;402.1;16.8;24.0;130754.3;5448.1;130352.2
2020-01-19;SE;5583.4;232.6;24.0;852801.4;35533.4;847218.0
2020-01-19;S;4048.7;168.7;24.0;253580.3;10565.8;249531.6
2020-01-19;NE;1555.2;64.8;24.0;259617.1;10817.4;258062.0
2020-01-19;N;332.9;13.9;24.0;120935.2;5039.0;120602.3
2020-01-20;SE;5364.9;223.5;24.0;984884.5;41036.9;979519.5
2020-01-20;S;3808.7;158.7;24.0;339812.7;14158.9;336004.0
2020-01-20;NE;1634.1;68.1;24.0;287467.7;11977.8;285833.7
2020-01-20;N;353.5;14.7;24.0;132725.8;5530.2;132372.2
2020-01-21;SE;5078.3;211.6;24.0;1013681.7;42236.7;1008603.4
2020-01-21;S;2513.9;104.7;24.0;340796.9;14199.9;338283.0
2020-01-21;NE;1513.8;63.1;24.0;293455.9;12227.3;291942.1
2020-01-21;N;376.1;15.7;24.0;135012.3;5625.5;134636.2
2020-01-22;SE;4368.7;182.0;24.0;1010060.2;42085.8;1005691.4
2020-01-22;S;1559.5;65.0;24.0;317203.6;13216.8;315644.2
2020-01-22;NE;1274.8;53.1;24.0;286018.8;11917.5;284744.0
2020-01-22;N;340.1;14.2;24.0;135754.9;5656.5;135414.8
2020-01-23;SE;2476.4;103.2;24.0;986072.4;41086.3;983596.0
2020-01-23;S;2373.3;98.9;24.0;312056.5;13002.4;309683.2
2020-01-23;NE;1107.5;46.1;24.0;280195.6;11674.8;279088.1
2020-01-23;N;307.7;12.8;24.0;136275.8;5678.2;135968.2
2020-01-24;SE;3436.8;143.2;24.0;970605.9;40441.9;967169.1
2020-01-24;S;3885.5;161.9;24.0;317826.8;13242.8;313941.3
2020-01-24;NE;1250.7;52.1;24.0;276329.3;11513.7;275078.6
2020-01-24;N;341.6;14.2;24.0;137390.2;5724.6;137048.5
2020-01-25;SE;4730.4;197.1;24.0;894587.4;37274.5;889856.9
2020-01-25;S;4680.0;195.0;24.0;287384.1;11974.3;282704.1
2020-01-25;NE;1579.5;65.8;24.0;271888.5;11328.7;270309.1
2020-01-25;N;416.6;17.4;24.0;132292.2;5512.2;131875.6
2020-01-26;SE;5924.4;246.9;24.0;837318.8;34888.3;831394.3
2020-01-26;S;4575.0;190.6;24.0;264787.4;11032.8;260212.5
2020-01-26;NE;1417.0;59.0;24.0;256330.1;10680.4;254913.1
2020-01-26;N;363.7;15.2;24.0;129066.9;5377.8;128703.1
2020-01-27;SE;5770.9;240.5;24.0;1012330.3;42180.4;1006559.4
2020-01-27;S;4128.7;172.0;24.0;346550.4;14439.6;342421.8
2020-01-27;NE;1548.1;64.5;24.0;280820.7;11700.9;279272.6
2020-01-27;N;270.4;11.3;24.0;135670.3;5652.9;135399.9
2020-01-28;SE;5631.4;234.6;24.0;1061940.0;44247.5;1056308.6
2020-01-28;S;3900.7;162.5;24.0;349078.0;14544.9;345177.3
2020-01-28;NE;1448.7;60.4;24.0;283182.5;11799.3;281733.8
2020-01-28;N;348.4;14.5;24.0;134810.0;5617.1;134461.6
2020-01-29;SE;5265.7;219.4;24.0;1078493.0;44937.2;1073227.2
2020-01-29;S;3144.8;131.0;24.0;340541.9;14189.2;337397.1
2020-01-29;NE;1623.6;67.7;24.0;285106.4;11879.4;283482.7
2020-01-29;N;390.4;16.3;24.0;137038.2;5709.9;136647.8
2020-01-30;SE;5649.5;235.4;24.0;1091702.8;45487.6;1086053.2
2020-01-30;S;2317.7;96.6;24.0;335182.1;13965.9;332864.4
2020-01-30;NE;1513.8;63.1;24.0;285708.0;11904.5;284194.2
2020-01-30;N;441.5;18.4;24.0;137575.8;5732.3;137134.4
2020-01-31;SE;5849.2;243.7;24.0;1086326.9;45263.6;1080477.7
2020-01-31;S;3262.6;135.9;24.0;338466.9;14102.8;335204.3
2020-01-31;NE;1490.0;62.1;24.0;283722.2;11821.8;282232.2
2020-01-31;N;400.3;16.7;24.0;137061.4;5710.9;136661.1
2020-02-01;SE;5715.9;238.2;24.0;999066.4;41627.8;993350.5
2020-02-01;S;3927.0;163.6;24.0;293788.9;12241.2;289861.9
2020-02-01;NE;1527.9;63.7;24.0;271347.3;11306.1;269819.5
2020-02-01;N;498.3;20.8;24.0;133195.0;5549.8;132696.7
2020-02-02;SE;5542.2;230.9;24.0;901837.3;37576.6;896295.1
2020-02-02;S;3226.0;134.4;24.0;256385.6;10682.7;253159.6
2020-02-02;NE;1529.0;63.7;24.0;254446.2;10601.9;252917.2
2020-02-02;N;461.0;19.2;24.0;126080.4;5253.3;125619.4
2020-02-03;SE;5550.0;231.3;24.0;1033203.4;43050.1;1027653.4
2020-02-03;S;3402.8;141.8;24.0;327541.6;13647.6;324138.8
2020-02-03;NE;1492.9;62.2;24.0;284384.9;11849.4;282892.1
2020-02-03;N;442.1;18.4;24.0;137384.8;5724.4;136942.6
2020-02-04;SE;5193.0;216.4;24.0;1041395.1;43391.5;1036202.2
2020-02-04;S;3613.5;150.6;24.0;338786.8;14116.1;335173.3
2020-02-04;NE;1472.9;61.4;24.0;284881.0;11870.0;283408.1
2020-02-04;N;363.1;15.1;24.0;137528.2;5730.3;137165.2
2020-02-05;SE;4405.6;183.6;24.0;1042167.8;43423.7;1037762.2
2020-02-05;S;3836.1;159.8;24.0;348907.1;14537.8;345071.0
2020-02-05;NE;1375.8;57.3;24.0;279350.3;11639.6;277974.5
2020-02-05;N;264.7;11.0;24.0;133781.5;5574.2;133516.8
2020-02-06;SE;3659.4;152.5;24.0;1027926.4;42830.3;1024267.0
2020-02-06;S;3996.2;166.5;24.0;357477.1;14894.9;353481.0
2020-02-06;NE;1515.4;63.1;24.0;279876.2;11661.5;278360.8
2020-02-06;N;367.3;15.3;24.0;133435.2;5559.8;133067.9
2020-02-07;SE;3972.6;165.5;24.0;1028363.7;42848.5;1024391.1
2020-02-07;S;3912.7;163.0;24.0;359224.0;14967.7;355311.3
2020-02-07;NE;1625.6;67.7;24.0;282121.9;11755.1;280496.3
2020-02-07;N;331.6;13.8;24.0;132307.4;5512.8;131975.8
2020-02-08;SE;4987.8;207.8;24.0;956316.8;39846.5;951329.0
2020-02-08;S;3841.4;160.1;24.0;315574.8;13149.0;311733.4
2020-02-08;NE;1584.8;66.0;24.0;269067.3;11211.1;267482.5
2020-02-08;N;219.1;9.1;24.0;126327.0;5263.6;126107.9
2020-02-09;SE;4588.4;191.2;24.0;886081.7;36920.1;881493.3
2020-02-09;S;3202.3;133.4;24.0;265495.8;11062.3;262293.5
2020-02-09;NE;1543.7;64.3;24.0;255159.3;10631.6;253615.5
2020-02-09;N;333.3;13.9;24.0;124067.5;5169.5;123734.3
2020-02-10;SE;4195.8;174.8;24.0;1012741.6;42197.6;1008545.8
2020-02-10;S;3214.2;133.9;24.0;316796.0;13199.8;313581.8
2020-02-10;NE;1690.1;70.4;24.0;286489.9;11937.1;284799.8
2020-02-10;N;435.0;18.1;24.0;135913.9;5663.1;135478.9
2020-02-11;SE;4019.7;167.5;24.0;992217.6;41342.4;988197.9
2020-02-11;S;3301.7;137.6;24.0;322308.2;13429.5;319006.5
2020-02-11;NE;1906.3;79.4;24.0;291960.2;12165.0;290053.9
2020-02-11;N;428.4;17.8;24.0;135787.4;5657.8;135359.0
2020-02-12;SE;3881.1;161.7;24.0;978982.5;40790.9;975101.4
2020-02-12;S;3817.6;159.1;24.0;326995.8;13624.8;323178.2
2020-02-12;NE;1870.1;77.9;24.0;291135.2;12130.6;289265.1
2020-02-12;N;378.4;15.8;24.0;136414.9;5684.0;136036.6
2020-02-13;SE;4924.5;205.2;24.0;988264.0;41177.7;983339.6
2020-02-13;S;4389.3;182.9;24.0;336135.6;14005.6;331746.3
2020-02-13;NE;1440.4;60.0;24.0;289145.1;12047.7;287704.7
2020-02-13;N;460.8;19.2;24.0;137702.2;5737.6;137241.4
2020-02-14;SE;6504.3;271.0;24.0;1019196.6;42466.5;1012692.2
2020-02-14;S;3872.8;161.4;24.0;339365.4;14140.2;335492.6
2020-02-14;NE;1640.4;68.3;24.0;286822.0;11950.9;285181.6
2020-02-14;N;440.2;18.3;24.0;137074.1;5711.4;136633.9
2020-02-15;SE;6784.0;282.7;24.0;973480.3;40561.7;966696.2
2020-02-15;S;3254.6;135.6;24.0;306389.6;12766.2;303135.0
2020-02-15;NE;1679.4;70.0;24.0;273168.3;11382.0;271488.9
2020-02-15;N;407.2;17.0;24.0;132872.0;5536.3;132464.8
2020-02-16;SE;6405.8;266.9;24.0;909777.2;37907.4;903371.4
2020-02-16;S;3527.2;147.0;24.0;279106.0;11629.4;275578.8
2020-02-16;NE;1607.0;67.0;24.0;253797.0;10574.9;252189.9
2020-02-16;N;424.4;17.7;24.0;128139.7;5339.2;127715.2
2020-02-17;SE;6437.2;268.2;24.0;1072840.9;44701.7;1066403.7
2020-02-17;S;3702.2;154.3;24.0;365618.8;15234.1;361916.6
2020-02-17;NE;1679.4;70.0;24.0;284188.2;11841.2;282508.8
2020-02-17;N;481.1;20.0;24.0;138615.0;5775.6;138133.9
2020-02-18;SE;6471.6;269.6;24.0;1117149.7;46547.9;1110678.1
2020-02-18;S;3268.1;136.2;24.0;370004.5;15416.9;366736.4
2020-02-18;NE;1521.9;63.4;24.0;286324.9;11930.2;284802.9
2020-02-18;N;470.6;19.6;24.0;142025.7;5917.7;141555.1
2020-02-19;SE;6486.5;270.3;24.0;1119288.0;46637.0;1112801.5
2020-02-19;S;3416.5;142.4;24.0;360515.7;15021.5;357099.2
2020-02-19;NE;1626.0;67.7;24.0;279625.0;11651.0;277999.0
2020-02-19;N;356.4;14.8;24.0;140131.3;5838.8;139774.9
2020-02-20;SE;6207.2;258.6;24.0;1116997.8;46541.6;1110790.6
2020-02-20;S;4153.3;173.1;24.0;358102.8;14921.0;353949.5
2020-02-20;NE;1406.0;58.6;24.0;272796.7;11366.5;271390.7
2020-02-20;N;279.1;11.6;24.0;137571.8;5732.2;137292.7
2020-02-21;SE;5018.3;209.1;24.0;1075620.4;44817.5;1070602.1
2020-02-21;S;3879.3;161.6;24.0;330072.9;13753.0;326193.6
2020-02-21;NE;1481.0;61.7;24.0;275913.6;11496.4;274432.6
2020-02-21;N;413.9;17.2;24.0;138469.5;5769.6;138055.5
2020-02-22;SE;5040.5;210.0;24.0;933272.4;38886.4;928231.9
2020-02-22;S;4221.1;175.9;24.0;264849.5;11035.4;260628.4
2020-02-22;NE;1601.6;66.7;24.0;266117.0;11088.2;264515.4
2020-02-22;N;401.7;16.7;24.0;135552.1;5648.0;135150.4
2020-02-23;SE;4322.6;180.1;24.0;817127.6;34047.0;812805.0
2020-02-23;S;3785.6;157.7;24.0;230600.1;9608.3;226814.5
2020-02-23;NE;1644.7;68.5;24.0;249884.8;10411.9;248240.1
2020-02-23;N;442.4;18.4;24.0;128645.7;5360.2;128203.3
2020-02-24;SE;3755.7;156.5;24.0;889408.0;37058.7;885652.3
2020-02-24;S;3855.3;160.6;24.0;292550.1;12189.6;288694.8
2020-02-24;NE;1709.9;71.2;24.0;251228.9;10467.9;249519.0
2020-02-24;N;510.6;21.3;24.0;131619.1;5484.1;131108.5
2020-02-25;SE;4939.3;205.8;24.0;915727.9;38155.3;910788.6
2020-02-25;S;2700.2;112.5;24.0;302544.9;12606.0;299844.7
2020-02-25;NE;1692.3;70.5;24.0;252442.4;10518.4;250750.1
2020-02-25;N;368.6;15.4;24.0;126015.7;5250.7;125647.0
2020-02-26;SE;5127.8;213.7;24.0;1010545.7;42106.1;1005417.9
2020-02-26;S;2726.8;113.6;24.0;309476.2;12894.8;306749.4
2020-02-26;NE;1854.2;77.3;24.0;272850.2;11368.8;270996.0
2020-02-26;N;384.4;16.0;24.0;135167.6;5632.0;134783.2
2020-02-27;SE;4879.6;203.3;24.0;1005630.1;41901.3;1000750.5
2020-02-27;S;4431.7;184.7;24.0;308665.5;12861.1;304233.8
2020-02-27;NE;1814.1;75.6;24.0;299376.7;12474.0;297562.5
2020-02-27;N;428.3;17.8;24.0;142508.5;5937.9;142080.2
2020-02-28;SE;3378.4;140.8;24.0;975868.3;40661.2;972489.9
2020-02-28;S;4398.7;183.3;24.0;314542.0;13105.9;310143.3
2020-02-28;NE;1767.2;73.6;24.0;301131.7;12547.2;299364.6
2020-02-28;N;440.9;18.4;24.0;141576.4;5899.0;141135.5
2020-02-29;SE;3922.5;163.4;24.0;905671.2;37736.3;901748.7
2020-02-29;S;4147.7;172.8;24.0;278455.3;11602.3;274307.7
2020-02-29;NE;1662.2;69.3;24.0;279142.1;11630.9;277479.9
2020-02-29;N;372.0;15.5;24.0;134987.8;5624.5;134615.8
2020-03-01;SE;4569.2;190.4;24.0;818313.5;34096.4;813744.3
2020-03-01;S;4311.8;179.7;24.0;241211.5;10050.5;236899.7
2020-03-01;NE;1574.7;65.6;24.0;256923.0;10705.1;255348.3
2020-03-01;N;439.5;18.3;24.0;130303.6;5429.3;129864.1
2020-03-02;SE;4277.1;178.2;24.0;942753.5;39281.4;938476.4
2020-03-02;S;3954.5;164.8;24.0;311071.9;12961.3;307117.5
2020-03-02;NE;1753.2;73.1;24.0;286678.0;11944.9;284924.7
2020-03-02;N;325.9;13.6;24.0;139216.5;5800.7;138890.7
2020-03-03;SE;5411.2;225.5;24.0;967132.3;40297.2;961721.1
2020-03-03;S;3927.4;163.6;24.0;319680.7;13320.0;315753.4
2020-03-03;NE;1661.6;69.2;24.0;293460.8;12227.5;291799.2
2020-03-03;N;365.4;15.2;24.0;138194.7;5758.1;137829.3
2020-03-04;SE;5814.1;242.3;24.0;985235.2;41051.5;979421.1
2020-03-04;S;3832.1;159.7;24.0;326157.0;13589.9;322324.9
2020-03-04;NE;1553.1;64.7;24.0;293351.6;12223.0;291798.6
2020-03-04;N;356.8;14.9;24.0;139973.4;5832.2;139616.6
2020-03-05;SE;6373.0;265.5;24.0;996519.1;41521.6;990146.1
2020-03-05;S;4175.2;174.0;24.0;327874.7;13661.4;323699.5
2020-03-05;NE;1679.4;70.0;24.0;292986.1;12207.8;291306.7
2020-03-05;N;453.6;18.9;24.0;141574.1;5898.9;141120.5
2020-03-06;SE;5709.9;237.9;24.0;991580.7;41315.9;985870.8
2020-03-06;S;4299.9;179.2;24.0;326574.0;13607.3;322274.1
2020-03-06;NE;1673.4;69.7;24.0;286759.8;11948.3;285086.4
2020-03-06;N;401.8;16.7;24.0;138673.9;5778.1;138272.1
2020-03-07;SE;5741.8;239.2;24.0;915308.4;38137.9;909566.7
2020-03-07;S;3753.7;156.4;24.0;283308.5;11804.5;279554.8
2020-03-07;NE;1385.6;57.7;24.0;269022.3;11209.3;267636.8
2020-03-07;N;362.1;15.1;24.0;131268.2;5469.5;130906.1
2020-03-08;SE;6221.2;259.2;24.0;841819.6;35075.8;835598.4
2020-03-08;S;4159.7;173.3;24.0;251469.8;10477.9;247310.1
2020-03-08;NE;1671.0;69.6;24.0;249832.7;10409.7;248161.8
2020-03-08;N;353.2;14.7;24.0;127008.4;5292.0;126655.1
2020-03-09;SE;6449.8;268.7;24.0;1003985.1;41832.7;997535.3
2020-03-09;S;4422.6;184.3;24.0;336433.7;14018.1;332011.1
2020-03-09;NE;1655.1;69.0;24.0;282228.6;11759.5;280573.5
2020-03-09;N;302.2;12.6;24.0;133425.4;5559.4;133123.1
2020-03-10;SE;6594.1;274.8;24.0;1046122.1;43588.4;1039528.0
2020-03-10;S;4477.5;186.6;24.0;353332.7;14722.2;348855.2
2020-03-10;NE;1706.7;71.1;24.0;288152.5;12006.4;286445.8
2020-03-10;N;314.8;13.1;24.0;133938.1;5580.8;133623.4
2020-03-11;SE;6444.5;268.5;24.0;1049851.2;43743.8;1043406.6
2020-03-11;S;4368.0;182.0;24.0;356929.2;14872.1;352561.2
2020-03-11;NE;1758.9;73.3;24.0;289805.1;12075.2;288046.1
2020-03-11;N;426.3;17.8;24.0;137614.0;5733.9;137187.6
2020-03-12;SE;6386.8;266.1;24.0;1060802.6;44200.1;1054415.8
2020-03-12;S;4299.5;179.1;24.0;364350.5;15181.3;360050.9
2020-03-12;NE;1574.5;65.6;24.0;281848.7;11743.7;280274.2
2020-03-12;N;389.5;16.2;24.0;135598.7;5649.9;135209.1
2020-03-13;SE;6629.1;276.2;24.0;1075815.5;44825.6;1069186.3
2020-03-13;S;4164.5;173.5;24.0;372190.2;15507.9;368025.8
2020-03-13;NE;1289.0;53.7;24.0;271980.1;11332.5;270691.1
2020-03-13;N;457.8;19.1;24.0;136734.2;5697.3;136276.4
2020-03-14;SE;6658.0;277.4;24.0;1002300.5;41762.5;995642.5
2020-03-14;S;4493.1;187.2;24.0;321660.3;13402.5;317167.2
2020-03-14;NE;1460.5;60.9;24.0;257890.6;10745.4;256430.1
2020-03-14;N;386.3;16.1;24.0;123485.8;5145.2;123099.5
2020-03-15;SE;6720.0;280.0;24.0;919178.8;38299.1;912458.8
2020-03-15;S;3429.5;142.9;24.0;280595.0;11691.5;277165.6
2020-03-15;NE;1583.1;66.0;24.0;241805.7;10075.2;240222.5
2020-03-15;N;301.2;12.6;24.0;116141.6;4839.2;115840.4
2020-03-16;SE;6881.8;286.7;24.0;1072154.8;44673.1;1065273.0
2020-03-16;S;2949.6;122.9;24.0;341386.5;14224.4;338436.9
2020-03-16;NE;1138.1;47.4;24.0;266491.8;11103.8;265353.7
2020-03-16;N;339.5;14.1;24.0;130479.6;5436.7;130140.2
2020-03-17;SE;6687.9;278.7;24.0;1081609.9;45067.1;1074922.0
2020-03-17;S;3494.5;145.6;24.0;340379.5;14182.5;336884.9
2020-03-17;NE;1654.1;68.9;24.0;272561.9;11356.7;270907.8
2020-03-17;N;548.0;22.8;24.0;134950.0;5622.9;134402.0
2020-03-18;SE;6900.6;287.5;24.0;1082810.6;45117.1;1075910.0
2020-03-18;S;2403.7;100.2;24.0;332675.8;13861.5;330272.1
2020-03-18;NE;1742.5;72.6;24.0;278120.5;11588.4;276378.0
2020-03-18;N;522.1;21.8;24.0;137479.1;5728.3;136957.0
2020-03-19;SE;6206.1;258.6;24.0;1074460.0;44769.2;1068253.8
2020-03-19;S;3069.9;127.9;24.0;323859.9;13494.2;320790.0
2020-03-19;NE;1454.5;60.6;24.0;272422.3;11350.9;270967.8
2020-03-19;N;340.3;14.2;24.0;128102.8;5337.6;127762.5
2020-03-20;SE;4938.5;205.8;24.0;1040944.6;43372.7;1036006.1
2020-03-20;S;3732.0;155.5;24.0;308056.9;12835.7;304324.9
2020-03-20;NE;1639.0;68.3;24.0;270781.8;11282.6;269142.9
2020-03-20;N;324.3;13.5;24.0;128143.6;5339.3;127819.3
2020-03-21;SE;4069.6;169.6;24.0;917472.1;38228.0;913402.5
2020-03-21;S;3899.2;162.5;24.0;261292.2;10887.2;257393.0
2020-03-21;NE;1765.1;73.5;24.0;253908.2;10579.5;252143.2
2020-03-21;N;322.6;13.4;24.0;128013.2;5333.9;127690.6
2020-03-22;SE;4813.4;200.6;24.0;823952.5;34331.4;819139.1
2020-03-22;S;3986.3;166.1;24.0;234478.4;9769.9;230492.1
2020-03-22;NE;1928.9;80.4;24.0;245277.6;10219.9;243348.7
2020-03-22;N;534.9;22.3;24.0;124967.3;5207.0;124432.4
2020-03-23;SE;5358.7;223.3;24.0;917608.5;38233.7;912249.8
2020-03-23;S;4015.9;167.3;24.0;277547.7;11564.5;273531.8
2020-03-23;NE;1739.9;72.5;24.0;255575.5;10649.0;253835.6
2020-03-23;N;570.8;23.8;24.0;129083.8;5378.5;128513.1
2020-03-24;SE;6005.5;250.2;24.0;911150.3;37964.6;905144.7
2020-03-24;S;4129.4;172.1;24.0;276632.5;11526.4;272503.0
2020-03-24;NE;1471.0;61.3;24.0;249403.9;10391.8;247932.9
2020-03-24;N;461.9;19.2;24.0;128010.0;5333.7;127548.1
2020-03-25;SE;5912.0;246.3;24.0;905430.2;37726.3;899518.2
2020-03-25;S;4085.2;170.2;24.0;274761.2;11448.4;270676.0
2020-03-25;NE;1364.7;56.9;24.0;242469.7;10102.9;241105.0
2020-03-25;N;456.3;19.0;24.0;131666.2;5486.1;131209.9
2020-03-26;SE;5935.1;247.3;24.0;906144.8;37756.0;900209.7
2020-03-26;S;4255.0;177.3;24.0;275856.3;11494.0;271601.3
2020-03-26;NE;1678.7;69.9;24.0;241152.5;10048.0;239473.8
2020-03-26;N;550.2;22.9;24.0;132282.0;5511.7;131731.8
2020-03-27;SE;5840.4;243.4;24.0;907434.8;37809.8;901594.4
2020-03-27;S;3907.5;162.8;24.0;273839.8;11410.0;269932.3
2020-03-27;NE;1773.9;73.9;24.0;240513.7;10021.4;238739.8
2020-03-27;N;461.4;19.2;24.0;127908.5;5329.5;127447.1
2020-03-28;SE;5522.2;230.1;24.0;876458.6;36519.1;870936.4
2020-03-28;S;2909.4;121.2;24.0;252823.2;10534.3;249913.8
2020-03-28;NE;1887.7;78.7;24.0;236165.5;9840.2;234277.8
2020-03-28;N;537.7;22.4;24.0;123982.4;5165.9;123444.8
2020-03-29;SE;5576.5;232.4;24.0;827214.0;34467.3;821637.5
2020-03-29;S;2410.7;100.4;24.0;232732.3;9697.2;230321.5
2020-03-29;NE;1704.2;71.0;24.0;228832.6;9534.7;227128.4
2020-03-29;N;610.5;25.4;24.0;122091.9;5087.2;121481.4
2020-03-30;SE;6121.5;255.1;24.0;911251.9;37968.8;905130.3
2020-03-30;S;3547.2;147.8;24.0;284827.3;11867.8;281280.1
2020-03-30;NE;1566.1;65.3;24.0;237163.6;9881.8;235597.5
2020-03-30;N;515.9;21.5;24.0;123310.0;5137.9;122794.1
2020-03-31;SE;6670.2;277.9;24.0;928781.0;38699.2;922110.7
2020-03-31;S;3551.7;148.0;24.0;294137.0;12255.7;290585.2
2020-03-31;NE;1801.0;75.0;24.0;240333.5;10013.9;238532.5
2020-03-31;N;504.9;21.0;24.0;121538.4;5064.1;121033.6
2020-04-01;SE;6502.9;271.0;24.0;925655.5;38569.0;919152.6
2020-04-01;S;3369.8;140.4;24.0;292742.7;12197.6;289372.9
2020-04-01;NE;1808.5;75.4;24.0;244070.4;10169.6;242261.9
2020-04-01;N;476.6;19.9;24.0;119535.3;4980.6;119058.7
2020-04-02;SE;6456.7;269.0;24.0;943841.6;39326.7;937384.9
2020-04-02;S;2335.0;97.3;24.0;282754.0;11781.4;280418.9
2020-04-02;NE;1873.2;78.1;24.0;244881.0;10203.4;243007.8
2020-04-02;N;492.0;20.5;24.0;120973.6;5040.6;120481.6
2020-04-03;SE;6433.1;268.0;24.0;942806.5;39283.6;936373.4
2020-04-03;S;3420.3;142.5;24.0;258463.0;10769.3;255042.7
2020-04-03;NE;1832.7;76.4;24.0;246938.7;10289.1;245106.0
2020-04-03;N;548.9;22.9;24.0;125225.8;5217.7;124676.9
2020-04-04;SE;6701.2;279.2;24.0;855300.4;35637.5;848599.2
2020-04-04;S;3982.9;166.0;24.0;230927.9;9622.0;226945.0
2020-04-04;NE;1791.0;74.6;24.0;245813.7;10242.2;244022.7
2020-04-04;N;536.1;22.3;24.0;122160.6;5090.0;121624.5
2020-04-05;SE;6516.4;271.5;24.0;806770.6;33615.4;800254.2
2020-04-05;S;4047.4;168.6;24.0;211821.3;8825.9;207773.8
2020-04-05;NE;1840.8;76.7;24.0;239595.8;9983.2;237755.0
2020-04-05;N;500.5;20.9;24.0;121845.6;5076.9;121345.1
2020-04-06;SE;6271.8;261.3;24.0;917065.3;38211.1;910793.5
2020-04-06;S;1850.3;77.1;24.0;261860.2;10910.8;260009.9
2020-04-06;NE;1855.1;77.3;24.0;250741.6;10447.6;248886.5
2020-04-06;N;516.9;21.5;24.0;124182.1;5174.3;123665.2
2020-04-07;SE;5160.4;215.0;24.0;914910.7;38121.3;909750.3
2020-04-07;S;3205.2;133.5;24.0;258812.3;10783.8;255607.1
2020-04-07;NE;1991.5;83.0;24.0;253574.5;10565.6;251583.0
2020-04-07;N;529.2;22.1;24.0;125546.2;5231.1;125016.9
2020-04-08;SE;4891.5;203.8;24.0;883331.2;36805.5;878439.7
2020-04-08;S;3879.0;161.6;24.0;256340.1;10680.8;252461.1
2020-04-08;NE;2202.7;91.8;24.0;257229.7;10717.9;255027.0
2020-04-08;N;489.1;20.4;24.0;127589.5;5316.2;127100.4
2020-04-09;SE;5736.1;239.0;24.0;859803.3;35825.1;854067.2
2020-04-09;S;3457.4;144.1;24.0;254700.6;10612.5;251243.2
2020-04-09;NE;1929.8;80.4;24.0;253711.2;10571.3;251781.4
2020-04-09;N;469.7;19.6;24.0;121448.9;5060.4;120979.2
2020-04-10;SE;5952.4;248.0;24.0;768866.3;32036.1;762913.9
2020-04-10;S;3391.7;141.3;24.0;205299.6;8554.2;201907.9
2020-04-10;NE;1811.2;75.5;24.0;233577.1;9732.4;231765.9
2020-04-10;N;512.4;21.4;24.0;115743.9;4822.7;115231.5
2020-04-11;SE;5767.1;240.3;24.0;783608.7;32650.4;777841.6
2020-04-11;S;3549.5;147.9;24.0;210753.0;8781.4;207203.5
2020-04-11;NE;1852.1;77.2;24.0;238956.6;9956.5;237104.5
2020-04-11;N;377.5;15.7;24.0;118695.4;4945.6;118317.9
2020-04-12;SE;5652.6;235.5;24.0;754091.4;31420.5;748438.8
2020-04-12;S;3780.1;157.5;24.0;196615.7;8192.3;192835.6
2020-04-12;NE;1763.7;73.5;24.0;232839.0;9701.6;231075.3
2020-04-12;N;409.1;17.0;24.0;114798.6;4783.3;114389.5
2020-04-13;SE;5978.0;249.1;24.0;859023.7;35792.7;853045.8
2020-04-13;S;3376.3;140.7;24.0;257805.1;10741.9;254428.8
2020-04-13;NE;1760.2;73.3;24.0;245510.7;10229.6;243750.5
2020-04-13;N;373.1;15.5;24.0;118272.9;4928.0;117899.9
2020-04-14;SE;4826.8;201.1;24.0;865718.8;36071.6;860892.0
2020-04-14;S;2350.5;97.9;24.0;262545.8;10939.4;260195.3
2020-04-14;NE;1716.7;71.5;24.0;247642.3;10318.4;245925.7
2020-04-14;N;181.4;7.6;24.0;118470.5;4936.3;118289.0
2020-04-15;SE;5170.7;215.4;24.0;867354.4;36139.8;862183.6
2020-04-15;S;3917.5;163.2;24.0;256789.5;10699.6;252872.0
2020-04-15;NE;1656.5;69.0;24.0;246620.8;10275.9;244964.3
2020-04-15;N;324.4;13.5;24.0;118648.8;4943.7;118324.4
2020-04-16;SE;5141.1;214.2;24.0;858808.1;35783.7;853667.0
2020-04-16;S;3813.6;158.9;24.0;258554.7;10773.1;254741.1
2020-04-16;NE;1616.7;67.4;24.0;242618.4;10109.1;241001.7
2020-04-16;N;555.2;23.1;24.0;119472.7;4978.0;118917.5
2020-04-17;SE;5565.5;231.9;24.0;853348.4;35556.2;847782.9
2020-04-17;S;3334.4;138.9;24.0;262191.4;10924.6;258857.0
2020-04-17;NE;1605.7;66.9;24.0;243309.7;10137.9;241704.0
2020-04-17;N;375.6;15.6;24.0;117879.2;4911.6;117503.6
2020-04-18;SE;5067.8;211.2;24.0;795786.2;33157.8;790718.4
2020-04-18;S;3325.7;138.6;24.0;231560.3;9648.3;228234.6
2020-04-18;NE;1703.3;71.0;24.0;238226.0;9926.1;236522.7
2020-04-18;N;348.6;14.5;24.0;119346.5;4972.8;118997.8
2020-04-19;SE;4776.5;199.0;24.0;746718.3;31113.3;741941.8
2020-04-19;S;3569.0;148.7;24.0;205780.0;8574.2;202211.0
2020-04-19;NE;1690.1;70.4;24.0;224651.4;9360.5;222961.3
2020-04-19;N;521.9;21.7;24.0;114907.0;4787.8;114385.1
2020-04-20;SE;5307.6;221.1;24.0;818064.5;34086.0;812757.0
2020-04-20;S;3590.8;149.6;24.0;248560.3;10356.7;244969.5
2020-04-20;NE;1646.7;68.6;24.0;235073.6;9794.7;233426.9
2020-04-20;N;494.8;20.6;24.0;119634.8;4984.8;119140.1
2020-04-21;SE;6257.9;260.7;24.0;807154.5;33631.4;800896.6
2020-04-21;S;3675.2;153.1;24.0;245963.0;10248.5;242287.8
2020-04-21;NE;1435.7;59.8;24.0;227955.0;9498.1;226519.4
2020-04-21;N;340.5;14.2;24.0;117822.4;4909.3;117481.8
2020-04-22;SE;6147.0;256.1;24.0;870640.8;36276.7;864493.8
2020-04-22;S;3634.3;151.4;24.0;273222.5;11384.3;269588.2
2020-04-22;NE;1396.7;58.2;24.0;236050.2;9835.4;234653.5
2020-04-22;N;385.2;16.1;24.0;121681.2;5070.0;121295.9
2020-04-23;SE;5961.1;248.4;24.0;713049.3;29710.4;707088.2
2020-04-23;S;3616.3;150.7;24.0;266972.8;11123.9;263356.6
2020-04-23;NE;1592.4;66.4;24.0;222819.0;9284.1;221226.6
2020-04-23;N;393.3;16.4;24.0;117505.5;4896.1;117112.2
2020-04-24;SE;5822.0;242.6;24.0;886194.5;36924.8;880372.5
2020-04-24;S;3628.3;151.2;24.0;272403.1;11350.1;268774.8
2020-04-24;NE;1557.0;64.9;24.0;236413.8;9850.6;234856.8
2020-04-24;N;419.9;17.5;24.0;122197.3;5091.6;121777.4
2020-04-25;SE;6674.2;278.1;24.0;832426.9;34684.5;825752.7
2020-04-25;S;3516.0;146.5;24.0;245081.1;10211.7;241565.2
2020-04-25;NE;1752.7;73.0;24.0;227229.5;9467.9;225476.8
2020-04-25;N;445.4;18.6;24.0;116997.2;4874.9;116551.8
2020-04-26;SE;6509.6;271.2;24.0;778940.0;32455.8;772430.3
2020-04-26;S;2913.5;121.4;24.0;219478.0;9144.9;216564.5
2020-04-26;NE;1421.7;59.2;24.0;217271.0;9053.0;215849.3
2020-04-26;N;546.9;22.8;24.0;118452.3;4935.5;117905.4
2020-04-27;SE;6717.2;279.9;24.0;872797.8;36366.6;866080.7
2020-04-27;S;2571.8;107.2;24.0;272354.8;11348.1;269783.0
2020-04-27;NE;1506.9;62.8;24.0;231382.9;9641.0;229876.0
2020-04-27;N;556.1;23.2;24.0;120913.4;5038.1;120357.3
2020-04-28;SE;6805.8;283.6;24.0;885071.0;36878.0;878265.2
2020-04-28;S;3244.5;135.2;24.0;280226.8;11676.1;276982.3
2020-04-28;NE;1654.4;68.9;24.0;236579.6;9857.5;234925.2
2020-04-28;N;513.7;21.4;24.0;120479.5;5020.0;119965.8
2020-04-29;SE;6967.5;290.3;24.0;891604.2;37150.2;884636.7
2020-04-29;S;2968.0;123.7;24.0;283502.1;11812.6;280534.1
2020-04-29;NE;1761.8;73.4;24.0;238832.6;9951.4;237070.8
2020-04-29;N;570.8;23.8;24.0;122658.5;5110.8;122087.7
2020-04-30;SE;6901.8;287.6;24.0;897918.1;37413.3;891016.2
2020-04-30;S;3326.3;138.6;24.0;276986.0;11541.1;273659.6
2020-04-30;NE;1516.6;63.2;24.0;238915.4;9954.8;237398.8
2020-04-30;N;462.7;19.3;24.0;122379.2;5099.1;121916.5
2020-05-01;SE;7037.6;293.2;24.0;820619.6;34192.5;813582.0
2020-05-01;S;2820.6;117.5;24.0;226765.3;9448.6;223944.7
2020-05-01;NE;1623.2;67.6;24.0;226264.9;9427.7;224641.7
2020-05-01;N;438.9;18.3;24.0;119404.4;4975.2;118965.5
2020-05-02;SE;6809.3;283.7;24.0;812839.5;33868.3;806030.2
2020-05-02;S;3254.2;135.6;24.0;215994.9;8999.8;212740.7
2020-05-02;NE;1890.4;78.8;24.0;231096.0;9629.0;229205.6
2020-05-02;N;536.2;22.3;24.0;118314.5;4929.8;117778.4
2020-05-03;SE;6364.2;265.2;24.0;760187.9;31674.5;753823.8
2020-05-03;S;3355.8;139.8;24.0;197680.6;8236.7;194324.9
2020-05-03;NE;1972.1;82.2;24.0;226743.5;9447.6;224771.5
2020-05-03;N;565.2;23.6;24.0;118272.9;4928.0;117707.7
2020-05-04;SE;6451.7;268.8;24.0;856495.7;35687.3;850043.9
2020-05-04;S;3113.9;129.7;24.0;257706.8;10737.8;254593.0
2020-05-04;NE;1642.9;68.5;24.0;242945.5;10122.7;241302.6
2020-05-04;N;550.2;22.9;24.0;123547.7;5147.8;122997.5
2020-05-05;SE;6208.6;258.7;24.0;887727.9;36988.7;881519.3
2020-05-05;S;2022.3;84.3;24.0;267678.2;11153.3;265655.9
2020-05-05;NE;1759.9;73.3;24.0;246314.9;10263.1;244555.0
2020-05-05;N;550.6;22.9;24.0;123986.5;5166.1;123435.9
2020-05-06;SE;5018.1;209.1;24.0;898775.3;37449.0;893757.2
2020-05-06;S;2194.0;91.4;24.0;266174.9;11090.6;263980.9
2020-05-06;NE;1784.3;74.3;24.0;247922.0;10330.1;246137.7
2020-05-06;N;538.6;22.4;24.0;123392.1;5141.3;122853.5
2020-05-07;SE;3564.9;148.5;24.0;863150.3;35964.6;859585.4
2020-05-07;S;3295.9;137.3;24.0;264767.7;11032.0;261471.7
2020-05-07;NE;2054.1;85.6;24.0;249850.4;10410.4;247796.3
2020-05-07;N;538.4;22.4;24.0;125544.4;5231.0;125006.0
2020-05-08;SE;5207.1;217.0;24.0;848737.0;35364.0;843529.9
2020-05-08;S;3421.9;142.6;24.0;264338.1;11014.1;260916.2
2020-05-08;NE;2026.4;84.4;24.0;248933.8;10372.2;246907.4
2020-05-08;N;500.2;20.8;24.0;126720.1;5280.0;126219.9
2020-05-09;SE;6353.2;264.7;24.0;801694.5;33403.9;795341.3
2020-05-09;S;3435.5;143.1;24.0;230606.2;9608.6;227170.7
2020-05-09;NE;1699.2;70.8;24.0;237751.8;9906.3;236052.6
2020-05-09;N;519.3;21.6;24.0;123073.4;5128.1;122554.1
2020-05-10;SE;6777.9;282.4;24.0;739239.0;30801.6;732461.1
2020-05-10;S;3335.4;139.0;24.0;200638.2;8359.9;197302.8
2020-05-10;NE;1532.9;63.9;24.0;220969.3;9207.1;219436.5
2020-05-10;N;484.6;20.2;24.0;117662.6;4902.6;117178.0
2020-05-11;SE;6559.6;273.3;24.0;852862.7;35535.9;846303.1
2020-05-11;S;2994.8;124.8;24.0;264579.7;11024.2;261584.9
2020-05-11;NE;1747.9;72.8;24.0;237314.3;9888.1;235566.4
2020-05-11;N;514.3;21.4;24.0;122531.6;5105.5;122017.2
2020-05-12;SE;6420.1;267.5;24.0;879998.6;36666.6;873578.5
2020-05-12;S;1206.7;50.3;24.0;275581.2;11482.6;274374.5
2020-05-12;NE;1646.7;68.6;24.0;243129.1;10130.4;241482.4
2020-05-12;N;596.1;24.8;24.0;125237.3;5218.2;124641.2
2020-05-13;SE;5122.9;213.5;24.0;889545.1;37064.4;884422.1
2020-05-13;S;1117.4;46.6;24.0;274833.6;11451.4;273716.1
2020-05-13;NE;1716.5;71.5;24.0;243100.7;10129.2;241384.2
2020-05-13;N;570.9;23.8;24.0;126513.8;5271.4;125942.9
2020-05-14;SE;4088.8;170.4;24.0;892252.0;37177.2;888163.3
2020-05-14;S;2709.4;112.9;24.0;269150.3;11214.6;266440.9
2020-05-14;NE;1744.7;72.7;24.0;244203.3;10175.1;242458.5
2020-05-14;N;540.8;22.5;24.0;125413.4;5225.6;124872.7
2020-05-15;SE;4327.4;180.3;24.0;874807.8;36450.3;870480.5
2020-05-15;S;2726.9;113.6;24.0;266776.1;11115.7;264049.2
2020-05-15;NE;1571.3;65.5;24.0;240783.6;10032.7;239212.4
2020-05-15;N;489.4;20.4;24.0;127259.9;5302.5;126770.5
2020-05-16;SE;4798.6;199.9;24.0;808891.6;33703.8;804093.0
2020-05-16;S;3167.1;132.0;24.0;230858.4;9619.1;227691.2
2020-05-16;NE;1546.3;64.4;24.0;232638.4;9693.3;231092.2
2020-05-16;N;480.6;20.0;24.0;123346.5;5139.4;122865.8
2020-05-17;SE;5760.3;240.0;24.0;750118.7;31254.9;744358.4
2020-05-17;S;3257.5;135.7;24.0;202166.7;8423.6;198909.3
2020-05-17;NE;1819.3;75.8;24.0;222055.9;9252.3;220236.6
2020-05-17;N;477.8;19.9;24.0;121179.4;5049.1;120701.6
2020-05-18;SE;6066.4;252.8;24.0;853826.2;35576.1;847759.8
2020-05-18;S;3234.3;134.8;24.0;260940.0;10872.5;257705.7
2020-05-18;NE;1828.1;76.2;24.0;240052.9;10002.2;238224.8
2020-05-18;N;514.7;21.4;24.0;125665.3;5236.1;125150.5
2020-05-19;SE;5666.5;236.1;24.0;875767.3;36490.3;870100.8
2020-05-19;S;3148.5;131.2;24.0;270178.8;11257.5;267030.3
2020-05-19;NE;1668.3;69.5;24.0;245262.9;10219.3;243594.6
2020-05-19;N;503.7;21.0;24.0;124529.2;5188.7;124025.5
2020-05-20;SE;5443.9;226.8;24.0;883547.0;36814.5;878103.1
2020-05-20;S;2913.9;121.4;24.0;275515.2;11479.8;272601.3
2020-05-20;NE;1492.3;62.2;24.0;243029.9;10126.2;241537.6
2020-05-20;N;554.8;23.1;24.0;127002.6;5291.8;126447.8
2020-05-21;SE;5774.1;240.6;24.0;887060.0;36960.8;881285.8
2020-05-21;S;2208.7;92.0;24.0;278700.7;11612.5;276492.0
2020-05-21;NE;1448.0;60.3;24.0;242344.8;10097.7;240896.8
2020-05-21;N;475.9;19.8;24.0;126626.6;5276.1;126150.7
2020-05-22;SE;5901.7;245.9;24.0;893626.7;37234.4;887725.0
2020-05-22;S;913.0;38.0;24.0;273221.0;11384.2;272308.0
2020-05-22;NE;1606.0;66.9;24.0;241408.7;10058.7;239802.6
2020-05-22;N;482.1;20.1;24.0;127246.9;5302.0;126764.8
2020-05-23;SE;3801.9;158.4;24.0;833612.2;34733.8;829810.3
2020-05-23;S;1158.3;48.3;24.0;230431.0;9601.3;229272.7
2020-05-23;NE;1320.3;55.0;24.0;233273.5;9719.7;231953.2
2020-05-23;N;499.0;20.8;24.0;125811.7;5242.2;125312.7
2020-05-24;SE;4052.0;168.8;24.0;747824.1;31159.3;743772.1
2020-05-24;S;1545.3;64.4;24.0;202138.9;8422.5;200593.6
2020-05-24;NE;1591.1;66.3;24.0;220769.8;9198.7;219178.7
2020-05-24;N;496.1;20.7;24.0;121435.3;5059.8;120939.1
2020-05-25;SE;5409.7;225.4;24.0;800407.0;33350.3;794997.3
2020-05-25;S;3031.0;126.3;24.0;255487.1;10645.3;252456.1
2020-05-25;NE;1728.8;72.0;24.0;238009.0;9917.0;236280.2
2020-05-25;N;544.3;22.7;24.0;131038.3;5459.9;130494.1
2020-05-26;SE;6660.7;277.5;24.0;833457.6;34727.4;826796.9
2020-05-26;S;2738.2;114.1;24.0;264631.0;11026.3;261892.8
2020-05-26;NE;1589.4;66.2;24.0;245386.1;10224.4;243796.7
2020-05-26;N;461.3;19.2;24.0;132836.5;5534.9;132375.2
2020-05-27;SE;6863.3;286.0;24.0;835770.1;34823.8;828906.8
2020-05-27;S;3109.2;129.6;24.0;270317.9;11263.2;267208.7
2020-05-27;NE;1898.1;79.1;24.0;248298.1;10345.8;246400.0
2020-05-27;N;559.1;23.3;24.0;136568.0;5690.3;136008.9
2020-05-28;SE;6669.5;277.9;24.0;841396.3;35058.2;834726.7
2020-05-28;S;3160.9;131.7;24.0;270511.9;11271.3;267351.0
2020-05-28;NE;1741.7;72.6;24.0;245597.5;10233.2;243855.9
2020-05-28;N;565.7;23.6;24.0;133574.9;5565.6;133009.2
2020-05-29;SE;6725.2;280.2;24.0;844884.6;35203.5;838159.4
2020-05-29;S;3159.2;131.6;24.0;267737.7;11155.7;264578.5
2020-05-29;NE;1541.7;64.2;24.0;236186.2;9841.1;234644.6
2020-05-29;N;518.4;21.6;24.0;130425.3;5434.4;129906.9
2020-05-30;SE;6677.3;278.2;24.0;796296.5;33179.0;789619.2
2020-05-30;S;3096.0;129.0;24.0;230006.1;9583.6;226910.1
2020-05-30;NE;1425.2;59.4;24.0;227899.8;9495.8;226474.7
2020-05-30;N;473.1;19.7;24.0;125457.7;5227.4;124984.6
2020-05-31;SE;6575.2;274.0;24.0;738635.8;30776.5;732060.7
2020-05-31;S;1783.7;74.3;24.0;201199.4;8383.3;199415.6
2020-05-31;NE;1343.8;56.0;24.0;215508.5;8979.5;214164.7
2020-05-31;N;465.8;19.4;24.0;122420.3;5100.8;121954.5
2020-06-01;SE;6416.8;267.4;24.0;843453.6;35143.9;837036.8
2020-06-01;S;1779.3;74.1;24.0;265467.9;11061.2;263688.6
2020-06-01;NE;1633.5;68.1;24.0;235227.9;9801.2;233594.4
2020-06-01;N;457.7;19.1;24.0;125270.4;5219.6;124812.7
2020-06-02;SE;5826.0;242.8;24.0;869535.5;36230.6;863709.5
2020-06-02;S;2185.2;91.0;24.0;276112.3;11504.7;273927.1
2020-06-02;NE;1803.2;75.1;24.0;243235.1;10134.8;241431.9
2020-06-02;N;489.6;20.4;24.0;128687.9;5362.0;128198.2
2020-06-03;SE;5168.5;215.4;24.0;877599.7;36566.7;872431.2
2020-06-03;S;2158.4;89.9;24.0;276974.9;11540.6;274816.4
2020-06-03;NE;1901.0;79.2;24.0;246815.5;10284.0;244914.6
2020-06-03;N;555.6;23.2;24.0;130124.9;5421.9;129569.2
2020-06-04;SE;4816.1;200.7;24.0;892084.6;37170.2;887268.5
2020-06-04;S;1388.0;57.8;24.0;277319.3;11555.0;275931.2
2020-06-04;NE;1765.1;73.5;24.0;249153.4;10381.4;247388.2
2020-06-04;N;558.0;23.3;24.0;127809.4;5325.4;127251.4
2020-06-05;SE;5213.1;217.2;24.0;890059.8;37085.8;884846.6
2020-06-05;S;1049.8;43.7;24.0;274456.0;11435.7;273406.2
2020-06-05;NE;1826.9;76.1;24.0;242123.3;10088.5;240296.3
2020-06-05;N;559.0;23.3;24.0;130744.3;5447.7;130185.3
2020-06-06;SE;5653.8;235.6;24.0;834008.8;34750.4;828355.0
2020-06-06;S;1505.7;62.7;24.0;236646.1;9860.3;235140.4
2020-06-06;NE;1914.5;79.8;24.0;234241.5;9760.1;232327.0
2020-06-06;N;595.5;24.8;24.0;129106.5;5379.4;128511.1
2020-06-07;SE;5357.6;223.2;24.0;764694.9;31862.3;759337.4
2020-06-07;S;2269.9;94.6;24.0;205533.7;8563.9;203263.9
2020-06-07;NE;1611.7;67.2;24.0;219884.6;9161.9;218272.9
2020-06-07;N;568.5;23.7;24.0;122056.5;5085.7;121488.0
2020-06-08;SE;5784.3;241.0;24.0;878740.7;36614.2;872956.4
2020-06-08;S;2193.8;91.4;24.0;267440.8;11143.4;265247.0
2020-06-08;NE;1576.9;65.7;24.0;237453.0;9893.9;235876.1
2020-06-08;N;579.6;24.2;24.0;132470.5;5519.6;131890.9
2020-06-09;SE;5798.6;241.6;24.0;907716.5;37821.5;901917.9
2020-06-09;S;1381.5;57.6;24.0;280357.9;11681.6;278976.3
2020-06-09;NE;1839.3;76.6;24.0;241839.7;10076.7;240000.4
2020-06-09;N;566.5;23.6;24.0;135222.1;5634.3;134655.5
2020-06-10;SE;6073.3;253.1;24.0;917532.6;38230.5;911459.3
2020-06-10;S;1420.5;59.2;24.0;279120.5;11630.0;277700.0
2020-06-10;NE;1702.1;70.9;24.0;243180.5;10132.5;241478.4
2020-06-10;N;570.0;23.7;24.0;134264.2;5594.3;133694.2
2020-06-11;SE;6345.9;264.4;24.0;869429.3;36226.2;863083.4
2020-06-11;S;1935.4;80.6;24.0;242083.2;10086.8;240147.7
2020-06-11;NE;1701.1;70.9;24.0;238434.9;9934.8;236733.7
2020-06-11;N;561.8;23.4;24.0;128014.2;5333.9;127452.4
2020-06-12;SE;6350.3;264.6;24.0;889982.6;37082.6;883632.3
2020-06-12;S;2772.7;115.5;24.0;252980.2;10540.8;250207.5
2020-06-12;NE;1693.7;70.6;24.0;243151.9;10131.3;241458.2
2020-06-12;N;580.9;24.2;24.0;126822.8;5284.3;126241.9
2020-06-13;SE;6045.1;251.9;24.0;841606.2;35066.9;835561.1
2020-06-13;S;1811.3;75.5;24.0;228472.1;9519.7;226660.8
2020-06-13;NE;1695.3;70.6;24.0;235314.1;9804.8;233618.8
2020-06-13;N;571.0;23.8;24.0;126374.2;5265.6;125803.1
2020-06-14;SE;5720.3;238.3;24.0;770194.9;32091.5;764474.6
2020-06-14;S;2625.4;109.4;24.0;203230.9;8468.0;200605.5
2020-06-14;NE;1658.3;69.1;24.0;220736.0;9197.3;219077.7
2020-06-14;N;648.3;27.0;24.0;123247.0;5135.3;122598.6
2020-06-15;SE;5300.9;220.9;24.0;859104.8;35796.0;853804.0
2020-06-15;S;2497.6;104.1;24.0;262149.7;10922.9;259652.0
2020-06-15;NE;1506.1;62.8;24.0;236552.8;9856.4;235046.7
2020-06-15;N;561.1;23.4;24.0;132521.1;5521.7;131960.0
2020-06-16;SE;5069.2;211.2;24.0;876194.9;36508.1;871125.8
2020-06-16;S;2633.1;109.7;24.0;270986.7;11291.1;268353.5
2020-06-16;NE;1598.4;66.6;24.0;241512.0;10063.0;239913.6
2020-06-16;N;590.6;24.6;24.0;131656.4;5485.7;131065.8
2020-06-17;SE;5170.1;215.4;24.0;877568.6;36565.4;872398.4
2020-06-17;S;2743.9;114.3;24.0;272146.6;11339.4;269402.7
2020-06-17;NE;1632.5;68.0;24.0;241202.9;10050.1;239570.4
2020-06-17;N;553.0;23.0;24.0;128949.0;5372.9;128396.0
2020-06-18;SE;6146.1;256.1;24.0;877921.0;36580.0;871775.0
2020-06-18;S;2279.2;95.0;24.0;273294.2;11387.3;271015.0
2020-06-18;NE;1660.8;69.2;24.0;239144.5;9964.4;237483.7
2020-06-18;N;609.6;25.4;24.0;130296.0;5429.0;129686.4
2020-06-19;SE;5875.4;244.8;24.0;884334.2;36847.3;878458.8
2020-06-19;S;2279.8;95.0;24.0;272178.1;11340.8;269898.3
2020-06-19;NE;1571.0;65.5;24.0;241507.5;10062.8;239936.5
2020-06-19;N;608.4;25.3;24.0;131402.7;5475.1;130794.3
2020-06-20;SE;5806.6;241.9;24.0;843384.3;35141.0;837577.7
2020-06-20;S;2555.1;106.5;24.0;238836.8;9951.5;236281.7
2020-06-20;NE;1821.9;75.9;24.0;238534.8;9939.0;236712.9
2020-06-20;N;621.3;25.9;24.0;128270.0;5344.6;127648.7
2020-06-21;SE;6370.3;265.4;24.0;783803.6;32658.5;777433.3
2020-06-21;S;2834.0;118.1;24.0;208570.2;8690.4;205736.2
2020-06-21;NE;1860.7;77.5;24.0;222310.6;9262.9;220450.0
2020-06-21;N;648.0;27.0;24.0;123198.1;5133.3;122550.1
2020-06-22;SE;6602.7;275.1;24.0;894128.0;37255.3;887525.4
2020-06-22;S;2741.0;114.2;24.0;270658.2;11277.4;267917.2
2020-06-22;NE;1766.1;73.6;24.0;239306.9;9971.1;237540.9
2020-06-22;N;614.6;25.6;24.0;131925.6;5496.9;131311.0
2020-06-23;SE;6366.4;265.3;24.0;898568.7;37440.4;892202.3
2020-06-23;S;2631.3;109.6;24.0;277407.5;11558.6;274776.2
2020-06-23;NE;1619.1;67.5;24.0;243739.0;10155.8;242119.9
2020-06-23;N;646.7;26.9;24.0;130018.7;5417.4;129372.0
2020-06-24;SE;6523.4;271.8;24.0;899958.8;37498.3;893435.4
2020-06-24;S;2949.6;122.9;24.0;277565.7;11565.2;274616.1
2020-06-24;NE;1631.8;68.0;24.0;235101.7;9795.9;233469.9
2020-06-24;N;567.6;23.7;24.0;132311.5;5513.0;131743.9
2020-06-25;SE;6157.9;256.6;24.0;910021.8;37917.6;903863.9
2020-06-25;S;1089.6;45.4;24.0;277916.6;11579.9;276827.1
2020-06-25;NE;1394.8;58.1;24.0;242175.1;10090.6;240780.3
2020-06-25;N;633.0;26.4;24.0;134445.1;5601.9;133812.1
2020-06-26;SE;5598.9;233.3;24.0;910416.0;37934.0;904817.1
2020-06-26;S;2050.1;85.4;24.0;271502.0;11312.6;269451.9
2020-06-26;NE;1776.7;74.0;24.0;243486.6;10145.3;241709.9
2020-06-26;N;562.1;23.4;24.0;132687.4;5528.6;132125.4
2020-06-27;SE;5024.4;209.4;24.0;843946.1;35164.4;838921.7
2020-06-27;S;1458.5;60.8;24.0;237908.0;9912.8;236449.5
2020-06-27;NE;1874.6;78.1;24.0;236658.7;9860.8;234784.2
2020-06-27;N;629.8;26.2;24.0;127710.3;5321.3;127080.5
2020-06-28;SE;5082.4;211.8;24.0;758847.9;31618.7;753765.4
2020-06-28;S;2542.1;105.9;24.0;210046.5;8751.9;207504.4
2020-06-28;NE;2077.3;86.6;24.0;223768.9;9323.7;221691.6
2020-06-28;N;619.2;25.8;24.0;122935.1;5122.3;122315.8
2020-06-29;SE;5254.1;218.9;24.0;861989.2;35916.2;856735.1
2020-06-29;S;1656.9;69.0;24.0;275421.7;11475.9;273764.8
2020-06-29;NE;1725.4;71.9;24.0;243510.1;10146.3;241784.7
2020-06-29;N;627.1;26.1;24.0;130329.9;5430.4;129702.8
2020-06-30;SE;5389.9;224.6;24.0;884792.2;36866.3;879402.2
2020-06-30;S;1248.4;52.0;24.0;255496.3;10645.7;254247.8
2020-06-30;NE;1955.6;81.5;24.0;246173.8;10257.2;244218.2
2020-06-30;N;568.1;23.7;24.0;128453.4;5352.2;127885.3
2020-07-01;SE;5330.8;222.1;24.0;888446.7;37018.6;883115.9
2020-07-01;S;1677.2;69.9;24.0;250589.6;10441.2;248912.4
2020-07-01;NE;2187.0;91.1;24.0;245206.3;10216.9;243019.3
2020-07-01;N;665.0;27.7;24.0;130794.1;5449.8;130129.1
2020-07-02;SE;6187.5;257.8;24.0;882766.9;36782.0;876579.4
2020-07-02;S;2078.2;86.6;24.0;275141.7;11464.2;273063.5
2020-07-02;NE;2263.9;94.3;24.0;246864.9;10286.0;244601.1
2020-07-02;N;666.5;27.8;24.0;132416.1;5517.3;131749.7
2020-07-03;SE;6038.4;251.6;24.0;879540.9;36647.5;873502.5
2020-07-03;S;3116.2;129.8;24.0;278897.8;11620.7;275781.5
2020-07-03;NE;2145.3;89.4;24.0;248961.1;10373.4;246815.8
2020-07-03;N;648.2;27.0;24.0;130939.8;5455.8;130291.6
2020-07-04;SE;5902.3;245.9;24.0;825243.6;34385.2;819341.3
2020-07-04;S;3031.8;126.3;24.0;241016.0;10042.3;237984.2
2020-07-04;NE;2296.2;95.7;24.0;241771.6;10073.8;239475.4
2020-07-04;N;699.3;29.1;24.0;127299.2;5304.1;126599.9
2020-07-05;SE;5955.7;248.2;24.0;768079.6;32003.3;762123.9
2020-07-05;S;1710.1;71.3;24.0;211848.1;8827.0;210138.1
2020-07-05;NE;1875.8;78.2;24.0;226522.3;9438.4;224646.6
2020-07-05;N;703.5;29.3;24.0;123533.3;5147.2;122829.8
2020-07-06;SE;6494.3;270.6;24.0;888565.4;37023.6;882071.1
2020-07-06;S;1502.4;62.6;24.0;275208.6;11467.0;273706.2
2020-07-06;NE;1585.1;66.0;24.0;239489.4;9978.7;237904.3
2020-07-06;N;678.5;28.3;24.0;131631.5;5484.6;130952.9
2020-07-07;SE;6840.5;285.0;24.0;913617.6;38067.4;906777.1
2020-07-07;S;1277.2;53.2;24.0;288211.5;12008.8;286934.3
2020-07-07;NE;1804.8;75.2;24.0;241520.0;10063.3;239715.2
2020-07-07;N;569.7;23.7;24.0;131586.8;5482.8;131017.1
2020-07-08;SE;6567.8;273.7;24.0;916161.6;38173.4;909593.8
2020-07-08;S;830.2;34.6;24.0;285421.7;11892.6;284591.4
2020-07-08;NE;2059.5;85.8;24.0;245794.8;10241.4;243735.3
2020-07-08;N;698.8;29.1;24.0;131263.8;5469.3;130565.0
2020-07-09;SE;6570.3;273.8;24.0;913423.2;38059.3;906852.9
2020-07-09;S;2992.8;124.7;24.0;281941.2;11747.5;278948.4
2020-07-09;NE;1908.6;79.5;24.0;246915.9;10288.2;245007.3
2020-07-09;N;724.9;30.2;24.0;132235.9;5509.8;131511.0
2020-07-10;SE;6292.8;262.2;24.0;894407.9;37267.0;888115.1
2020-07-10;S;3238.3;134.9;24.0;278135.0;11589.0;274896.7
2020-07-10;NE;1906.7;79.4;24.0;249490.9;10395.5;247584.2
2020-07-10;N;667.2;27.8;24.0;130867.6;5452.8;130200.4
2020-07-11;SE;6561.5;273.4;24.0;846050.8;35252.1;839489.3
2020-07-11;S;1940.1;80.8;24.0;243357.8;10139.9;241417.8
2020-07-11;NE;2116.0;88.2;24.0;238389.5;9932.9;236273.5
2020-07-11;N;615.8;25.7;24.0;125464.1;5227.7;124848.3
2020-07-12;SE;6888.2;287.0;24.0;788956.2;32873.2;782068.0
2020-07-12;S;1900.2;79.2;24.0;212732.2;8863.8;210832.0
2020-07-12;NE;1942.2;80.9;24.0;222347.2;9264.5;220405.0
2020-07-12;N;695.3;29.0;24.0;122716.9;5113.2;122021.5
2020-07-13;SE;6840.4;285.0;24.0;911709.4;37987.9;904869.0
2020-07-13;S;2304.3;96.0;24.0;275602.3;11483.4;273297.9
2020-07-13;NE;2355.3;98.1;24.0;243857.9;10160.7;241502.6
2020-07-13;N;676.6;28.2;24.0;132810.1;5533.8;132133.5
2020-07-14;SE;6137.3;255.7;24.0;928492.2;38687.2;922354.9
2020-07-14;S;3166.3;131.9;24.0;285214.3;11883.9;282048.0
2020-07-14;NE;2341.7;97.6;24.0;247731.4;10322.1;245389.7
2020-07-14;N;694.3;28.9;24.0;132882.3;5536.8;132188.0
2020-07-15;SE;5882.2;245.1;24.0;913385.4;38057.7;907503.2
2020-07-15;S;3204.9;133.5;24.0;285601.0;11900.0;282396.0
2020-07-15;NE;2114.6;88.1;24.0;251574.8;10482.3;249460.2
2020-07-15;N;729.9;30.4;24.0;133468.8;5561.2;132738.9
2020-07-16;SE;5847.7;243.7;24.0;905030.4;37709.6;899182.7
2020-07-16;S;1822.7;75.9;24.0;291201.0;12133.4;289378.3
2020-07-16;NE;1922.2;80.1;24.0;249607.6;10400.3;247685.4
2020-07-16;N;713.1;29.7;24.0;132935.2;5539.0;132222.1
2020-07-17;SE;6698.2;279.1;24.0;910139.0;37922.5;903440.8
2020-07-17;S;2513.8;104.7;24.0;284257.7;11844.1;281743.9
2020-07-17;NE;2197.7;91.6;24.0;245261.4;10219.2;243063.7
2020-07-17;N;745.8;31.1;24.0;133223.0;5551.0;132477.2
2020-07-18;SE;6739.0;280.8;24.0;856110.3;35671.3;849371.4
2020-07-18;S;3115.2;129.8;24.0;244426.2;10184.4;241311.0
2020-07-18;NE;1745.7;72.7;24.0;236952.2;9873.0;235206.5
2020-07-18;N;754.4;31.4;24.0;130213.8;5425.6;129459.4
2020-07-19;SE;7109.2;296.2;24.0;780653.9;32527.2;773544.7
2020-07-19;S;3210.7;133.8;24.0;210490.8;8770.4;207280.1
2020-07-19;NE;2157.9;89.9;24.0;223127.2;9297.0;220969.2
2020-07-19;N;744.5;31.0;24.0;124053.0;5168.9;123308.6
2020-07-20;SE;6881.8;286.7;24.0;890848.5;37118.7;883966.7
2020-07-20;S;3356.2;139.8;24.0;271540.0;11314.2;268183.8
2020-07-20;NE;1569.5;65.4;24.0;242574.0;10107.2;241004.4
2020-07-20;N;750.0;31.2;24.0;132339.5;5514.1;131589.5
2020-07-21;SE;7205.6;300.2;24.0;920246.9;38343.6;913041.3
2020-07-21;S;3226.5;134.4;24.0;282533.9;11772.2;279307.4
2020-07-21;NE;2121.6;88.4;24.0;245692.2;10237.2;243570.6
2020-07-21;N;728.9;30.4;24.0;130793.3;5449.7;130064.4
2020-07-22;SE;7542.4;314.3;24.0;925842.3;38576.8;918299.9
2020-07-22;S;3284.0;136.8;24.0;284233.6;11843.1;280949.6
2020-07-22;NE;2329.7;97.1;24.0;246872.8;10286.4;244543.0
2020-07-22;N;744.7;31.0;24.0;130553.5;5439.7;129808.9
2020-07-23;SE;7707.9;321.2;24.0;928325.5;38680.2;920617.6
2020-07-23;S;3417.2;142.4;24.0;283773.2;11823.9;280356.0
2020-07-23;NE;2344.7;97.7;24.0;249265.0;10386.0;246920.3
2020-07-23;N;756.4;31.5;24.0;131853.5;5493.9;131097.2
2020-07-24;SE;7254.3;302.3;24.0;928210.6;38675.4;920956.4
2020-07-24;S;2991.5;124.6;24.0;282618.4;11775.8;279626.8
2020-07-24;NE;2416.6;100.7;24.0;250823.6;10451.0;248406.9
2020-07-24;N;778.1;32.4;24.0;131081.6;5461.7;130303.5
2020-07-25;SE;7382.2;307.6;24.0;870149.2;36256.2;862767.0
2020-07-25;S;2436.2;101.5;24.0;243548.2;10147.8;241112.1
2020-07-25;NE;2247.7;93.7;24.0;241613.9;10067.2;239366.2
2020-07-25;N;776.0;32.3;24.0;130558.0;5439.9;129782.1
2020-07-26;SE;7170.1;298.8;24.0;789154.2;32881.4;781984.1
2020-07-26;S;2817.0;117.4;24.0;211792.3;8824.7;208975.4
2020-07-26;NE;2231.5;93.0;24.0;225660.7;9402.5;223429.2
2020-07-26;N;804.0;33.5;24.0;125662.5;5235.9;124858.5
2020-07-27;SE;7025.6;292.7;24.0;907373.4;37807.2;900347.7
2020-07-27;S;2431.0;101.3;24.0;274622.8;11442.6;272191.8
2020-07-27;NE;2104.3;87.7;24.0;245154.4;10214.8;243050.1
2020-07-27;N;824.2;34.3;24.0;136192.8;5674.7;135368.6
2020-07-28;SE;7552.5;314.7;24.0;942379.9;39265.8;934827.4
2020-07-28;S;2008.4;83.7;24.0;289287.7;12053.7;287279.4
2020-07-28;NE;2391.3;99.6;24.0;252474.8;10519.8;250083.5
2020-07-28;N;787.8;32.8;24.0;137272.9;5719.7;136485.1
2020-07-29;SE;6624.0;276.0;24.0;936858.2;39035.8;930234.2
2020-07-29;S;2984.2;124.3;24.0;289812.6;12075.5;286828.4
2020-07-29;NE;2196.6;91.5;24.0;251391.9;10474.7;249195.3
2020-07-29;N;737.1;30.7;24.0;139583.6;5816.0;138846.5
2020-07-30;SE;6475.7;269.8;24.0;915131.3;38130.5;908655.6
2020-07-30;S;3347.8;139.5;24.0;289088.0;12045.3;285740.3
2020-07-30;NE;2609.3;108.7;24.0;251392.7;10474.7;248783.4
2020-07-30;N;737.7;30.7;24.0;138200.5;5758.4;137462.8
2020-07-31;SE;6046.2;251.9;24.0;905211.1;37717.1;899164.9
2020-07-31;S;2976.5;124.0;24.0;284365.5;11848.6;281389.0
2020-07-31;NE;2205.1;91.9;24.0;248736.9;10364.0;246531.8
2020-07-31;N;834.5;34.8;24.0;137871.5;5744.6;137036.9
2020-08-01;SE;6498.3;270.8;24.0;845489.0;35228.7;838990.7
2020-08-01;S;3604.3;150.2;24.0;241227.8;10051.2;237623.5
2020-08-01;NE;2124.3;88.5;24.0;239599.0;9983.3;237474.8
2020-08-01;N;805.8;33.6;24.0;132718.5;5529.9;131912.7
2020-08-02;SE;7550.2;314.6;24.0;774585.2;32274.4;767035.0
2020-08-02;S;3738.8;155.8;24.0;207792.0;8658.0;204053.3
2020-08-02;NE;2198.8;91.6;24.0;226468.8;9436.2;224270.1
2020-08-02;N;759.3;31.6;24.0;128140.5;5339.2;127381.1
2020-08-03;SE;8148.9;339.5;24.0;886727.9;36947.0;878578.9
2020-08-03;S;3780.3;157.5;24.0;271238.1;11301.6;267457.8
2020-08-03;NE;2307.7;96.2;24.0;246209.2;10258.7;243901.4
2020-08-03;N;774.9;32.3;24.0;138579.9;5774.2;137805.0
2020-08-04;SE;8273.1;344.7;24.0;908352.0;37848.0;900078.9
2020-08-04;S;3865.2;161.0;24.0;278766.9;11615.3;274901.7
2020-08-04;NE;2502.7;104.3;24.0;249534.7;10397.3;247032.0
2020-08-04;N;826.9;34.5;24.0;140215.3;5842.3;139388.4
2020-08-05;SE;8272.3;344.7;24.0;916537.6;38189.1;908265.3
2020-08-05;S;3940.6;164.2;24.0;280225.5;11676.1;276284.9
2020-08-05;NE;2414.9;100.6;24.0;248277.6;10344.9;245862.7
2020-08-05;N;819.6;34.2;24.0;139214.5;5800.6;138394.8
2020-08-06;SE;8216.8;342.4;24.0;918591.0;38274.6;910374.3
2020-08-06;S;3969.2;165.4;24.0;280789.5;11699.6;276820.3
2020-08-06;NE;2371.2;98.8;24.0;249655.2;10402.3;247284.0
2020-08-06;N;841.6;35.1;24.0;138322.1;5763.4;137480.5
2020-08-07;SE;8131.5;338.8;24.0;926836.0;38618.2;918704.5
2020-08-07;S;3913.9;163.1;24.0;279586.4;11649.4;275672.5
2020-08-07;NE;2539.8;105.8;24.0;250458.8;10435.8;247919.0
2020-08-07;N;865.4;36.1;24.0;138561.7;5773.4;137696.3
2020-08-08;SE;7721.3;321.7;24.0;868300.7;36179.2;860579.4
2020-08-08;S;3885.4;161.9;24.0;242004.0;10083.5;238118.5
2020-08-08;NE;2457.3;102.4;24.0;243057.7;10127.4;240600.4
2020-08-08;N;868.9;36.2;24.0;134724.1;5613.5;133855.3
2020-08-09;SE;7331.2;305.5;24.0;787924.4;32830.2;780593.2
2020-08-09;S;3980.3;165.8;24.0;206272.4;8594.7;202292.1
2020-08-09;NE;2418.0;100.8;24.0;226761.9;9448.4;224343.8
2020-08-09;N;854.5;35.6;24.0;131038.7;5459.9;130184.2
2020-08-10;SE;7949.1;331.2;24.0;914707.4;38112.8;906758.4
2020-08-10;S;4026.0;167.8;24.0;273959.0;11415.0;269932.9
2020-08-10;NE;2742.8;114.3;24.0;250677.4;10444.9;247934.6
2020-08-10;N;820.0;34.2;24.0;142650.8;5943.8;141830.7
2020-08-11;SE;8052.1;335.5;24.0;950185.8;39591.1;942133.7
2020-08-11;S;3109.3;129.6;24.0;283933.5;11830.6;280824.2
2020-08-11;NE;2652.8;110.5;24.0;256053.9;10668.9;253401.1
2020-08-11;N;829.4;34.6;24.0;143561.0;5981.7;142731.7
2020-08-12;SE;8002.1;333.4;24.0;965267.5;40219.5;957265.4
2020-08-12;S;1643.6;68.5;24.0;290532.0;12105.5;288888.3
2020-08-12;NE;2709.3;112.9;24.0;258283.1;10761.8;255573.8
2020-08-12;N;815.6;34.0;24.0;142257.7;5927.4;141442.1
2020-08-13;SE;7956.9;331.5;24.0;975117.5;40629.9;967160.6
2020-08-13;S;1998.1;83.3;24.0;286340.5;11930.9;284342.4
2020-08-13;NE;2555.5;106.5;24.0;258459.2;10769.1;255903.7
2020-08-13;N;853.5;35.6;24.0;143133.7;5963.9;142280.2
2020-08-14;SE;8513.2;354.7;24.0;984640.1;41026.7;976126.9
2020-08-14;S;2524.0;105.2;24.0;283581.9;11815.9;281057.9
2020-08-14;NE;2833.2;118.0;24.0;258468.4;10769.5;255635.3
2020-08-14;N;870.0;36.2;24.0;143096.8;5962.4;142226.8
2020-08-15;SE;8626.1;359.4;24.0;917875.3;38244.8;909249.2
2020-08-15;S;2277.3;94.9;24.0;242711.2;10113.0;240433.9
2020-08-15;NE;2676.6;111.5;24.0;247042.8;10293.4;244366.1
2020-08-15;N;867.7;36.2;24.0;139441.5;5810.1;138573.8
2020-08-16;SE;7402.5;308.4;24.0;829296.9;34554.0;821894.4
2020-08-16;S;2853.5;118.9;24.0;213947.8;8914.5;211094.2
2020-08-16;NE;2722.0;113.4;24.0;232970.6;9707.1;230248.7
2020-08-16;N;878.8;36.6;24.0;134989.3;5624.6;134110.6
2020-08-17;SE;7259.6;302.5;24.0;942954.8;39289.8;935695.2
2020-08-17;S;2825.4;117.7;24.0;275666.5;11486.1;272841.1
2020-08-17;NE;2852.5;118.9;24.0;258535.7;10772.3;255683.2
2020-08-17;N;889.3;37.1;24.0;145663.3;6069.3;144774.0
2020-08-18;SE;8044.0;335.2;24.0;973260.4;40552.5;965216.4
2020-08-18;S;1653.4;68.9;24.0;284055.7;11835.7;282402.3
2020-08-18;NE;2823.7;117.7;24.0;260906.2;10871.1;258082.5
2020-08-18;N;869.1;36.2;24.0;145082.9;6045.1;144213.8
2020-08-19;SE;8747.9;364.5;24.0;984168.6;41007.0;975420.7
2020-08-19;S;1783.8;74.3;24.0;285472.0;11894.7;283688.1
2020-08-19;NE;2934.0;122.2;24.0;260108.9;10837.9;257174.9
2020-08-19;N;873.7;36.4;24.0;146996.0;6124.8;146122.3
2020-08-20;SE;7184.0;299.3;24.0;963018.2;40125.8;955834.3
2020-08-20;S;2109.9;87.9;24.0;291836.4;12159.9;289726.5
2020-08-20;NE;2880.7;120.0;24.0;260729.7;10863.7;257849.0
2020-08-20;N;930.1;38.8;24.0;147106.5;6129.4;146176.4
2020-08-21;SE;4754.9;198.1;24.0;912246.4;38010.3;907491.5
2020-08-21;S;3919.7;163.3;24.0;292391.8;12183.0;288472.2
2020-08-21;NE;2737.2;114.1;24.0;262594.5;10941.4;259857.3
2020-08-21;N;843.6;35.2;24.0;147785.2;6157.7;146941.6
2020-08-22;SE;5126.6;213.6;24.0;836079.1;34836.6;830952.5
2020-08-22;S;4580.5;190.9;24.0;250167.3;10423.6;245586.8
2020-08-22;NE;2885.7;120.2;24.0;250224.7;10426.0;247339.0
2020-08-22;N;828.1;34.5;24.0;139034.2;5793.1;138206.1
2020-08-23;SE;7079.4;295.0;24.0;763850.0;31827.1;756770.6
2020-08-23;S;4363.0;181.8;24.0;213596.2;8899.8;209233.1
2020-08-23;NE;2589.9;107.9;24.0;232061.2;9669.2;229471.4
2020-08-23;N;788.2;32.8;24.0;130230.7;5426.3;129442.5
2020-08-24;SE;8988.3;374.5;24.0;889603.1;37066.8;880614.8
2020-08-24;S;4498.2;187.4;24.0;276356.1;11514.8;271857.9
2020-08-24;NE;2815.2;117.3;24.0;250835.6;10451.5;248020.5
2020-08-24;N;738.7;30.8;24.0;138770.8;5782.1;138032.1
2020-08-25;SE;9473.6;394.7;24.0;915766.7;38156.9;906293.1
2020-08-25;S;4397.3;183.2;24.0;286036.0;11918.2;281638.7
2020-08-25;NE;2927.4;122.0;24.0;254567.9;10607.0;251640.5
2020-08-25;N;819.1;34.1;24.0;142240.1;5926.7;141421.0
2020-08-26;SE;9460.8;394.2;24.0;922073.3;38419.7;912612.5
2020-08-26;S;4743.3;197.6;24.0;288222.0;12009.2;283478.6
2020-08-26;NE;2839.7;118.3;24.0;257367.0;10723.6;254527.2
2020-08-26;N;867.4;36.1;24.0;145442.0;6060.1;144574.6
2020-08-27;SE;9342.2;389.3;24.0;939421.2;39142.6;930079.0
2020-08-27;S;4584.1;191.0;24.0;290368.8;12098.7;285784.8
2020-08-27;NE;3091.7;128.8;24.0;259184.8;10799.4;256093.1
2020-08-27;N;871.5;36.3;24.0;149142.0;6214.2;148270.5
2020-08-28;SE;9618.1;400.8;24.0;955631.5;39818.0;946013.4
2020-08-28;S;4102.2;170.9;24.0;289034.1;12043.1;284932.0
2020-08-28;NE;2975.9;124.0;24.0;261408.3;10892.0;258432.4
2020-08-28;N;862.9;36.0;24.0;145596.9;6066.5;144734.0
2020-08-29;SE;9897.6;412.4;24.0;905275.7;37719.8;895378.1
2020-08-29;S;4518.7;188.3;24.0;256185.4;10674.4;251666.7
2020-08-29;NE;2743.2;114.3;24.0;255923.6;10663.5;253180.4
2020-08-29;N;895.8;37.3;24.0;139350.4;5806.3;138454.7
2020-08-30;SE;9784.5;407.7;24.0;845116.6;35213.2;835332.2
2020-08-30;S;3112.5;129.7;24.0;221232.8;9218.0;218120.3
2020-08-30;NE;2941.9;122.6;24.0;241245.7;10051.9;238303.8
2020-08-30;N;905.0;37.7;24.0;131271.1;5469.6;130366.1
2020-08-31;SE;9777.1;407.4;24.0;967251.9;40302.2;957474.8
2020-08-31;S;3406.6;141.9;24.0;287112.5;11963.0;283705.9
2020-08-31;NE;2934.3;122.3;24.0;263681.1;10986.7;260746.7
2020-08-31;N;897.2;37.4;24.0;142068.6;5919.5;141171.4
2020-09-01;SE;9059.2;377.5;24.0;980340.7;40847.5;971281.5
2020-09-01;S;3539.3;147.5;24.0;294419.5;12267.5;290880.1
2020-09-01;NE;2816.5;117.4;24.0;265443.6;11060.1;262627.1
2020-09-01;N;951.3;39.6;24.0;140033.5;5834.7;139082.2
2020-09-02;SE;9491.8;395.5;24.0;985619.9;41067.5;976128.1
2020-09-02;S;4111.4;171.3;24.0;292655.1;12194.0;288543.7
2020-09-02;NE;2776.6;115.7;24.0;262428.0;10934.5;259651.4
2020-09-02;N;967.0;40.3;24.0;144268.5;6011.2;143301.6
2020-09-03;SE;10237.8;426.6;24.0;993825.6;41409.4;983587.7
2020-09-03;S;3385.5;141.1;24.0;295115.5;12296.5;291730.0
2020-09-03;NE;2878.0;119.9;24.0;262437.1;10934.9;259559.1
2020-09-03;N;995.4;41.5;24.0;147187.1;6132.8;146191.7
2020-09-04;SE;10649.9;443.7;24.0;1008591.4;42024.6;997941.5
2020-09-04;S;4254.6;177.3;24.0;290714.8;12113.1;286460.2
2020-09-04;NE;2777.9;115.7;24.0;266121.4;11088.4;263343.5
2020-09-04;N;934.5;38.9;24.0;145682.5;6070.1;144748.1
2020-09-05;SE;10780.1;449.2;24.0;938525.7;39105.2;927745.6
2020-09-05;S;3751.8;156.3;24.0;253576.0;10565.7;249824.2
2020-09-05;NE;3042.4;126.8;24.0;253462.6;10560.9;250420.2
2020-09-05;N;982.6;40.9;24.0;139423.7;5809.3;138441.1
2020-09-06;SE;10808.5;450.4;24.0;855733.7;35655.6;844925.3
2020-09-06;S;2944.1;122.7;24.0;219694.9;9154.0;216750.8
2020-09-06;NE;3066.8;127.8;24.0;233649.3;9735.4;230582.5
2020-09-06;N;990.3;41.3;24.0;133846.0;5576.9;132855.6
2020-09-07;SE;10682.6;445.1;24.0;889738.5;37072.4;879055.9
2020-09-07;S;2536.2;105.7;24.0;240605.6;10025.2;238069.4
2020-09-07;NE;3068.1;127.8;24.0;241196.2;10049.8;238128.1
2020-09-07;N;1001.0;41.7;24.0;136832.8;5701.4;135831.8
2020-09-08;SE;10686.6;445.3;24.0;1002993.5;41791.4;992306.9
2020-09-08;S;3043.3;126.8;24.0;285297.6;11887.4;282254.3
2020-09-08;NE;3154.3;131.4;24.0;265969.7;11082.1;262815.3
2020-09-08;N;988.6;41.2;24.0;144296.2;6012.3;143307.7
2020-09-09;SE;10870.2;452.9;24.0;1027684.7;42820.2;1016814.5
2020-09-09;S;4102.9;171.0;24.0;297733.3;12405.6;293630.4
2020-09-09;NE;3095.1;129.0;24.0;271901.2;11329.2;268806.1
2020-09-09;N;947.7;39.5;24.0;148296.8;6179.0;147349.1
2020-09-10;SE;10767.0;448.6;24.0;1048948.2;43706.2;1038181.2
2020-09-10;S;4656.8;194.0;24.0;300287.3;12512.0;295630.5
2020-09-10;NE;2989.4;124.6;24.0;273622.1;11400.9;270632.7
2020-09-10;N;966.1;40.3;24.0;146025.9;6084.4;145059.8
2020-09-11;SE;10874.1;453.1;24.0;1052077.9;43836.6;1041203.8
2020-09-11;S;4927.6;205.3;24.0;304729.4;12697.1;299801.8
2020-09-11;NE;2989.9;124.6;24.0;272544.1;11356.0;269554.2
2020-09-11;N;947.6;39.5;24.0;145820.8;6075.9;144873.1
2020-09-12;SE;11078.5;461.6;24.0;991501.6;41312.6;980423.1
2020-09-12;S;4223.5;176.0;24.0;267861.8;11160.9;263638.3
2020-09-12;NE;3264.7;136.0;24.0;262575.2;10940.6;259310.5
2020-09-12;N;989.2;41.2;24.0;142225.1;5926.0;141235.9
2020-09-13;SE;11291.6;470.5;24.0;907042.5;37793.4;895750.9
2020-09-13;S;5026.4;209.4;24.0;230816.3;9617.3;225789.9
2020-09-13;NE;3124.9;130.2;24.0;242138.6;10089.1;239013.7
2020-09-13;N;990.4;41.3;24.0;132904.3;5537.7;131913.9
2020-09-14;SE;11186.1;466.1;24.0;1031998.6;42999.9;1020812.5
2020-09-14;S;3828.0;159.5;24.0;293401.4;12225.1;289573.4
2020-09-14;NE;3070.0;127.9;24.0;265245.1;11051.9;262175.1
2020-09-14;N;990.4;41.3;24.0;146848.2;6118.7;145857.9
2020-09-15;SE;10648.4;443.7;24.0;1019318.7;42471.6;1008670.3
2020-09-15;S;3819.4;159.1;24.0;293402.8;12225.1;289583.4
2020-09-15;NE;3060.2;127.5;24.0;271794.7;11324.8;268734.4
2020-09-15;N;982.4;40.9;24.0;147248.5;6135.4;146266.1
2020-09-16;SE;10851.5;452.1;24.0;1030256.8;42927.4;1019405.3
2020-09-16;S;3207.4;133.6;24.0;296498.4;12354.1;293291.0
2020-09-16;NE;2921.3;121.7;24.0;272683.4;11361.8;269762.0
2020-09-16;N;1007.0;42.0;24.0;147668.3;6152.8;146661.3
2020-09-17;SE;10497.6;437.4;24.0;1047882.5;43661.8;1037385.0
2020-09-17;S;3637.8;151.6;24.0;294866.9;12286.1;291229.0
2020-09-17;NE;3455.9;144.0;24.0;273297.1;11387.4;269841.2
2020-09-17;N;990.3;41.3;24.0;150249.9;6260.4;149259.6
2020-09-18;SE;10449.2;435.4;24.0;1045802.9;43575.1;1035353.8
2020-09-18;S;4772.9;198.9;24.0;293738.7;12239.1;288965.8
2020-09-18;NE;3416.6;142.4;24.0;275145.2;11464.4;271728.6
2020-09-18;N;952.4;39.7;24.0;150013.3;6250.6;149060.9
2020-09-19;SE;10140.8;422.5;24.0;984389.1;41016.2;974248.3
2020-09-19;S;5211.6;217.2;24.0;256952.5;10706.4;251740.9
2020-09-19;NE;3131.3;130.5;24.0;266420.8;11100.9;263289.4
2020-09-19;N;926.7;38.6;24.0;144353.2;6014.7;143426.5
2020-09-20;SE;8983.8;374.3;24.0;875788.2;36491.2;866804.4
2020-09-20;S;5081.9;211.7;24.0;215465.6;8977.7;210383.7
2020-09-20;NE;3161.6;131.7;24.0;250156.2;10423.2;246994.6
2020-09-20;N;968.5;40.4;24.0;139962.5;5831.8;138994.0
2020-09-21;SE;8245.6;343.6;24.0;967009.6;40292.1;958764.0
2020-09-21;S;4998.1;208.3;24.0;276631.5;11526.3;271633.4
2020-09-21;NE;3168.7;132.0;24.0;275615.3;11484.0;272446.6
2020-09-21;N;932.2;38.8;24.0;148804.0;6200.2;147871.8
2020-09-22;SE;6400.5;266.7;24.0;953684.2;39736.8;947283.7
2020-09-22;S;5316.6;221.5;24.0;285506.5;11896.1;280189.9
2020-09-22;NE;3254.7;135.6;24.0;282102.9;11754.3;278848.2
2020-09-22;N;933.0;38.9;24.0;147338.6;6139.1;146405.6
2020-09-23;SE;7340.8;305.9;24.0;949558.5;39564.9;942217.7
2020-09-23;S;5421.2;225.9;24.0;288174.6;12007.3;282753.4
2020-09-23;NE;3354.7;139.8;24.0;286233.0;11926.4;282878.3
2020-09-23;N;980.2;40.8;24.0;147524.7;6146.9;146544.5
2020-09-24;SE;9849.2;410.4;24.0;973303.5;40554.3;963454.2
2020-09-24;S;5987.0;249.5;24.0;293892.5;12245.5;287905.5
2020-09-24;NE;3375.2;140.6;24.0;284328.3;11847.0;280953.1
2020-09-24;N;999.7;41.7;24.0;150795.3;6283.1;149795.7
2020-09-25;SE;11278.2;469.9;24.0;1003905.3;41829.4;992627.2
2020-09-25;S;6111.4;254.6;24.0;296828.9;12367.9;290717.5
2020-09-25;NE;3262.8;136.0;24.0;280011.1;11667.1;276748.3
2020-09-25;N;854.3;35.6;24.0;143123.4;5963.5;142269.1
2020-09-26;SE;11819.8;492.5;24.0;963665.0;40152.7;951845.2
2020-09-26;S;5908.4;246.2;24.0;264730.5;11030.4;258822.1
2020-09-26;NE;3219.7;134.2;24.0;267503.8;11146.0;264284.0
2020-09-26;N;905.1;37.7;24.0;134647.5;5610.3;133742.4
2020-09-27;SE;11893.2;495.5;24.0;912141.4;38005.9;900248.2
2020-09-27;S;4320.4;180.0;24.0;230154.3;9589.8;225833.8
2020-09-27;NE;3560.5;148.4;24.0;252927.4;10538.6;249367.0
2020-09-27;N;995.4;41.5;24.0;131911.1;5496.3;130915.7
2020-09-28;SE;11707.2;487.8;24.0;1062610.0;44275.4;1050902.8
2020-09-28;S;4656.8;194.0;24.0;285834.1;11909.8;281177.3
2020-09-28;NE;3295.4;137.3;24.0;279525.9;11646.9;276230.5
2020-09-28;N;1043.0;43.5;24.0;144892.1;6037.2;143849.1
2020-09-29;SE;11843.2;493.5;24.0;1079394.3;44974.8;1067551.1
2020-09-29;S;5758.0;239.9;24.0;296132.7;12338.9;290374.7
2020-09-29;NE;3588.0;149.5;24.0;286753.2;11948.1;283165.3
2020-09-29;N;966.6;40.3;24.0;143999.9;6000.0;143033.3
2020-09-30;SE;11725.6;488.6;24.0;1104638.7;46026.6;1092913.0
2020-09-30;S;5301.7;220.9;24.0;311439.7;12976.7;306137.9
2020-09-30;NE;3653.6;152.2;24.0;286098.4;11920.8;282444.8
2020-09-30;N;1002.4;41.8;24.0;147869.4;6161.2;146867.1
2020-10-01;SE;12316.8;513.2;24.0;1127509.4;46979.6;1115192.7
2020-10-01;S;6054.0;252.2;24.0;323635.0;13484.8;317581.0
2020-10-01;NE;3569.5;148.7;24.0;288392.2;12016.3;284822.8
2020-10-01;N;1043.2;43.5;24.0;145525.6;6063.6;144482.4
2020-10-02;SE;12573.5;523.9;24.0;1148516.3;47854.8;1135942.8
2020-10-02;S;5110.6;212.9;24.0;330150.8;13756.3;325040.2
2020-10-02;NE;3655.5;152.3;24.0;289172.9;12048.9;285517.4
2020-10-02;N;1064.3;44.3;24.0;143508.1;5979.5;142443.9
2020-10-03;SE;12279.7;511.7;24.0;1056935.8;44039.0;1044656.1
2020-10-03;S;3807.8;158.7;24.0;275891.8;11495.5;272084.0
2020-10-03;NE;3671.2;153.0;24.0;277122.5;11546.8;273451.3
2020-10-03;N;1054.8;44.0;24.0;141570.3;5898.8;140515.4
2020-10-04;SE;11324.3;471.8;24.0;930944.7;38789.4;919620.4
2020-10-04;S;4706.1;196.1;24.0;231646.0;9651.9;226940.0
2020-10-04;NE;3771.4;157.1;24.0;259775.4;10824.0;256004.0
2020-10-04;N;1065.5;44.4;24.0;136102.7;5670.9;135037.2
2020-10-05;SE;11138.7;464.1;24.0;1072663.9;44694.3;1061525.2
2020-10-05;S;5248.4;218.7;24.0;300359.1;12515.0;295110.7
2020-10-05;NE;3604.2;150.2;24.0;286620.1;11942.5;283015.9
2020-10-05;N;1028.8;42.9;24.0;145067.5;6044.5;144038.7
2020-10-06;SE;12092.7;503.9;24.0;1128837.7;47034.9;1116745.0
2020-10-06;S;6323.9;263.5;24.0;310939.6;12955.8;304615.7
2020-10-06;NE;3746.8;156.1;24.0;293420.4;12225.9;289673.6
2020-10-06;N;1024.7;42.7;24.0;142896.4;5954.0;141871.7
2020-10-07;SE;11776.4;490.7;24.0;1144925.7;47705.2;1133149.3
2020-10-07;S;5501.7;229.2;24.0;313958.2;13081.6;308456.5
2020-10-07;NE;3806.6;158.6;24.0;296300.1;12345.8;292493.5
2020-10-07;N;1105.4;46.1;24.0;145630.9;6068.0;144525.5
2020-10-08;SE;11419.6;475.8;24.0;1115170.9;46465.5;1103751.3
2020-10-08;S;4605.2;191.9;24.0;306694.7;12778.9;302089.5
2020-10-08;NE;3820.9;159.2;24.0;297405.6;12391.9;293584.7
2020-10-08;N;1116.2;46.5;24.0;148016.1;6167.3;146899.9
2020-10-09;SE;11331.6;472.2;24.0;1081793.7;45074.7;1070462.1
2020-10-09;S;4017.6;167.4;24.0;297385.2;12391.1;293367.6
2020-10-09;NE;3725.6;155.2;24.0;297678.2;12403.3;293952.6
2020-10-09;N;1080.6;45.0;24.0;148879.0;6203.3;147798.4
2020-10-10;SE;11067.1;461.1;24.0;969206.7;40383.6;958139.5
2020-10-10;S;6765.5;281.9;24.0;250358.5;10431.6;243593.0
2020-10-10;NE;3742.7;155.9;24.0;284379.2;11849.1;280636.5
2020-10-10;N;1092.7;45.5;24.0;140628.3;5859.5;139535.6
2020-10-11;SE;9985.8;416.1;24.0;843042.2;35126.8;833056.4
2020-10-11;S;6693.8;278.9;24.0;215461.4;8977.6;208767.7
2020-10-11;NE;3609.9;150.4;24.0;260262.9;10844.3;256653.0
2020-10-11;N;1014.4;42.3;24.0;130336.0;5430.7;129321.6
2020-10-12;SE;10692.4;445.5;24.0;866246.3;36093.6;855553.9
2020-10-12;S;6932.4;288.8;24.0;233379.9;9724.2;226447.5
2020-10-12;NE;3459.6;144.1;24.0;262941.3;10955.9;259481.8
2020-10-12;N;1053.9;43.9;24.0;133017.2;5542.4;131963.3
2020-10-13;SE;11543.0;481.0;24.0;1029899.7;42912.5;1018356.7
2020-10-13;S;6136.5;255.7;24.0;294560.8;12273.4;288424.3
2020-10-13;NE;3760.2;156.7;24.0;288355.5;12014.8;284595.3
2020-10-13;N;1048.3;43.7;24.0;143708.0;5987.8;142659.7
2020-10-14;SE;11733.7;488.9;24.0;1078112.5;44921.4;1066378.8
2020-10-14;S;5895.0;245.6;24.0;304892.0;12703.8;298997.0
2020-10-14;NE;3639.6;151.6;24.0;291407.6;12142.0;287768.0
2020-10-14;N;1039.2;43.3;24.0;144590.9;6024.6;143551.7
2020-10-15;SE;9983.8;416.0;24.0;1030146.2;42922.8;1020162.5
2020-10-15;S;4639.8;193.3;24.0;296803.3;12366.8;292163.5
2020-10-15;NE;3738.5;155.8;24.0;297104.6;12379.4;293366.1
2020-10-15;N;1089.0;45.4;24.0;146867.3;6119.5;145778.3
2020-10-16;SE;8339.4;347.5;24.0;995637.5;41484.9;987298.1
2020-10-16;S;6190.7;257.9;24.0;298989.5;12457.9;292798.8
2020-10-16;NE;3845.7;160.2;24.0;299846.9;12493.6;296001.1
2020-10-16;N;1047.9;43.7;24.0;151910.6;6329.6;150862.7
2020-10-17;SE;9590.9;399.6;24.0;921658.3;38402.4;912067.4
2020-10-17;S;6974.9;290.6;24.0;263951.5;10998.0;256976.6
2020-10-17;NE;3692.2;153.8;24.0;287884.7;11995.2;284192.5
2020-10-17;N;1084.2;45.2;24.0;147542.5;6147.6;146458.3
2020-10-18;SE;10306.4;429.4;24.0;848881.5;35370.1;838575.1
2020-10-18;S;6566.7;273.6;24.0;230348.8;9597.9;223782.2
2020-10-18;NE;3596.8;149.9;24.0;266631.6;11109.7;263034.8
2020-10-18;N;1080.8;45.0;24.0;138467.5;5769.5;137386.7
2020-10-19;SE;7735.5;322.3;24.0;969794.9;40408.1;962059.3
2020-10-19;S;6801.1;283.4;24.0;305733.6;12738.9;298932.6
2020-10-19;NE;3621.8;150.9;24.0;289093.6;12045.6;285471.8
2020-10-19;N;1029.6;42.9;24.0;146977.9;6124.1;145948.3
2020-10-20;SE;8017.8;334.1;24.0;1004037.6;41834.9;996019.7
2020-10-20;S;6255.4;260.6;24.0;323652.6;13485.5;317397.2
2020-10-20;NE;3719.2;155.0;24.0;296624.5;12359.4;292905.2
2020-10-20;N;1073.7;44.7;24.0;149212.0;6217.2;148138.3
2020-10-21;SE;10587.7;441.2;24.0;1016845.6;42368.6;1006257.9
2020-10-21;S;5828.2;242.8;24.0;322105.0;13421.0;316276.8
2020-10-21;NE;3597.1;149.9;24.0;297875.7;12411.5;294278.7
2020-10-21;N;1137.1;47.4;24.0;148496.6;6187.4;147359.5
2020-10-22;SE;10605.5;441.9;24.0;1016688.5;42362.0;1006083.0
2020-10-22;S;6268.5;261.2;24.0;317428.6;13226.2;311160.1
2020-10-22;NE;3354.6;139.8;24.0;297189.6;12382.9;293835.1
2020-10-22;N;1075.9;44.8;24.0;149832.2;6243.0;148756.3
2020-10-23;SE;9428.6;392.9;24.0;1008927.7;42038.7;999499.1
2020-10-23;S;5983.3;249.3;24.0;312486.0;13020.2;306502.7
2020-10-23;NE;3326.5;138.6;24.0;297897.2;12412.4;294570.6
2020-10-23;N;961.8;40.1;24.0;150706.4;6279.4;149744.6
2020-10-24;SE;5992.1;249.7;24.0;936310.8;39012.9;930318.7
2020-10-24;S;5901.1;245.9;24.0;276662.9;11527.6;270761.8
2020-10-24;NE;3436.1;143.2;24.0;285444.8;11893.5;282008.7
2020-10-24;N;950.1;39.6;24.0;142965.2;5956.9;142015.0
2020-10-25;SE;8721.9;363.4;24.0;845955.1;35248.1;837233.2
2020-10-25;S;6528.7;272.0;24.0;244430.8;10184.6;237902.1
2020-10-25;NE;3534.1;147.3;24.0;265479.4;11061.6;261945.3
2020-10-25;N;979.9;40.8;24.0;137596.9;5733.2;136617.0
2020-10-26;SE;11185.1;466.0;24.0;974411.4;40600.5;963226.3
2020-10-26;S;3229.4;134.6;24.0;303810.2;12658.8;300580.8
2020-10-26;NE;3472.9;144.7;24.0;289187.9;12049.5;285715.1
2020-10-26;N;1086.1;45.3;24.0;149332.9;6222.2;148246.8
2020-10-27;SE;11787.0;491.1;24.0;1017231.6;42384.6;1005444.5
2020-10-27;S;5982.8;249.3;24.0;306063.8;12752.7;300080.9
2020-10-27;NE;3201.2;133.4;24.0;288735.7;12030.7;285534.5
2020-10-27;N;979.8;40.8;24.0;149347.7;6222.8;148368.0
2020-10-28;SE;12269.4;511.2;24.0;1055493.6;43978.9;1043224.1
2020-10-28;S;7415.1;309.0;24.0;310139.0;12922.5;302724.0
2020-10-28;NE;3144.8;131.0;24.0;292726.4;12196.9;289581.6
2020-10-28;N;1060.9;44.2;24.0;150808.1;6283.7;149747.2
2020-10-29;SE;10964.0;456.8;24.0;1059256.3;44135.7;1048292.3
2020-10-29;S;3420.3;142.5;24.0;305495.0;12729.0;302074.7
2020-10-29;NE;3500.2;145.8;24.0;295597.9;12316.6;292097.6
2020-10-29;N;1113.8;46.4;24.0;153823.0;6409.3;152709.2
2020-10-30;SE;7307.6;304.5;24.0;1002393.8;41766.4;995086.2
2020-10-30;S;5101.0;212.5;24.0;293642.6;12235.1;288541.6
2020-10-30;NE;3661.2;152.6;24.0;294675.4;12278.1;291014.2
2020-10-30;N;1016.6;42.4;24.0;148435.5;6184.8;147418.9
2020-10-31;SE;6734.8;280.6;24.0;884656.4;36860.7;877921.5
2020-10-31;S;5178.2;215.8;24.0;254150.2;10589.6;248972.0
2020-10-31;NE;3478.9;145.0;24.0;282167.2;11757.0;278688.3
2020-10-31;N;1032.7;43.0;24.0;143281.9;5970.1;142249.2
2020-11-01;SE;9004.7;375.2;24.0;766229.2;31926.2;757224.4
2020-11-01;S;6365.0;265.2;24.0;215264.9;8969.4;208899.9
2020-11-01;NE;3383.3;141.0;24.0;261046.3;10876.9;257663.0
2020-11-01;N;1045.7;43.6;24.0;135304.3;5637.7;134258.6
2020-11-02;SE;12080.3;503.3;24.0;786608.3;32775.3;774528.0
2020-11-02;S;6914.5;288.1;24.0;229320.1;9555.0;222405.6
2020-11-02;NE;2852.8;118.9;24.0;257054.0;10710.6;254201.2
2020-11-02;N;862.8;35.9;24.0;137060.1;5710.8;136197.3
2020-11-03;SE;10474.0;436.4;24.0;908753.0;37864.7;898279.1
2020-11-03;S;6716.9;279.9;24.0;288167.5;12007.0;281450.5
2020-11-03;NE;2478.3;103.3;24.0;274748.2;11447.8;272270.0
2020-11-03;N;746.9;31.1;24.0;146463.5;6102.6;145716.7
2020-11-04;SE;12316.8;513.2;24.0;933558.9;38898.3;921242.1
2020-11-04;S;7047.4;293.6;24.0;294711.8;12279.7;287664.4
2020-11-04;NE;2602.8;108.4;24.0;276573.5;11523.9;273970.7
2020-11-04;N;855.0;35.6;24.0;137273.3;5719.7;136418.3
2020-11-05;SE;13016.1;542.3;24.0;950290.9;39595.5;937274.7
2020-11-05;S;7087.1;295.3;24.0;296220.5;12342.5;289133.4
2020-11-05;NE;3212.5;133.9;24.0;282804.6;11783.5;279592.1
2020-11-05;N;853.7;35.6;24.0;139010.5;5792.1;138156.8
2020-11-06;SE;13225.1;551.0;24.0;967210.9;40300.5;953985.8
2020-11-06;S;8053.2;335.5;24.0;301060.8;12544.2;293007.6
2020-11-06;NE;3401.1;141.7;24.0;289257.9;12052.4;285856.8
2020-11-06;N;570.6;23.8;24.0;137004.1;5708.5;136433.5
2020-11-07;SE;12799.1;533.3;24.0;915180.9;38132.5;902381.8
2020-11-07;S;7967.1;332.0;24.0;273492.7;11395.5;265525.7
2020-11-07;NE;3609.0;150.4;24.0;276883.4;11536.8;273274.4
2020-11-07;N;1049.8;43.7;24.0;137853.0;5743.9;136803.2
2020-11-08;SE;12641.1;526.7;24.0;850849.3;35452.1;838208.2
2020-11-08;S;6707.4;279.5;24.0;243683.7;10153.5;236976.3
2020-11-08;NE;3767.6;157.0;24.0;261194.4;10883.1;257426.8
2020-11-08;N;1149.1;47.9;24.0;133635.0;5568.1;132485.9
2020-11-09;SE;12160.5;506.7;24.0;995034.2;41459.8;982873.8
2020-11-09;S;3490.3;145.4;24.0;303518.5;12646.6;300028.2
2020-11-09;NE;3498.8;145.8;24.0;284934.6;11872.3;281435.9
2020-11-09;N;1103.9;46.0;24.0;141856.3;5910.7;140752.5
2020-11-10;SE;10191.4;424.6;24.0;994276.5;41428.2;984085.1
2020-11-10;S;5156.7;214.9;24.0;311934.6;12997.3;306777.9
2020-11-10;NE;3474.0;144.8;24.0;289277.1;12053.2;285803.1
2020-11-10;N;1058.1;44.1;24.0;143246.9;5968.6;142188.8
2020-11-11;SE;11645.3;485.2;24.0;1014435.2;42268.1;1002789.9
2020-11-11;S;4864.4;202.7;24.0;314911.6;13121.3;310047.2
2020-11-11;NE;3621.7;150.9;24.0;284930.6;11872.1;281308.9
2020-11-11;N;1009.5;42.1;24.0;138875.1;5786.5;137865.5
2020-11-12;SE;10717.0;446.5;24.0;1009482.9;42061.8;998765.9
2020-11-12;S;5972.2;248.8;24.0;318228.4;13259.5;312256.2
2020-11-12;NE;3819.8;159.2;24.0;296484.9;12353.5;292665.1
2020-11-12;N;1100.6;45.9;24.0;140596.9;5858.2;139496.3
2020-11-13;SE;10438.4;434.9;24.0;1011161.3;42131.7;1000722.9
2020-11-13;S;6831.0;284.6;24.0;321858.9;13410.8;315027.9
2020-11-13;NE;3921.1;163.4;24.0;302180.5;12590.9;298259.4
2020-11-13;N;1136.9;47.4;24.0;142780.5;5949.2;141643.6
2020-11-14;SE;10516.1;438.2;24.0;938794.6;39116.4;928278.5
2020-11-14;S;7613.5;317.2;24.0;292782.4;12199.3;285169.0
2020-11-14;NE;3853.7;160.6;24.0;291080.6;12128.4;287226.8
2020-11-14;N;1134.6;47.3;24.0;142432.7;5934.7;141298.2
2020-11-15;SE;11946.7;497.8;24.0;865092.1;36045.5;853145.3
2020-11-15;S;4830.4;201.3;24.0;253908.2;10579.5;249077.8
2020-11-15;NE;4022.0;167.6;24.0;266107.6;11087.8;262085.6
2020-11-15;N;1106.2;46.1;24.0;136918.1;5704.9;135811.9
2020-11-16;SE;12487.5;520.3;24.0;1019314.2;42471.4;1006826.7
2020-11-16;S;5183.2;216.0;24.0;319607.2;13317.0;314424.0
2020-11-16;NE;3764.1;156.8;24.0;298036.0;12418.2;294271.9
2020-11-16;N;922.5;38.4;24.0;146254.4;6093.9;145331.9
2020-11-17;SE;12226.4;509.4;24.0;1027396.6;42808.2;1015170.2
2020-11-17;S;7445.5;310.2;24.0;318185.8;13257.7;310740.3
2020-11-17;NE;3548.6;147.9;24.0;303949.1;12664.5;300400.5
2020-11-17;N;1043.9;43.5;24.0;145951.6;6081.3;144907.7
2020-11-18;SE;9140.9;380.9;24.0;986003.9;41083.5;976863.0
2020-11-18;S;3781.4;157.6;24.0;306261.5;12760.9;302480.1
2020-11-18;NE;3723.1;155.1;24.0;304548.9;12689.5;300825.8
2020-11-18;N;1026.5;42.8;24.0;147556.4;6148.2;146529.9
2020-11-19;SE;7788.0;324.5;24.0;959151.3;39964.6;951363.3
2020-11-19;S;6784.7;282.7;24.0;304690.1;12695.4;297905.3
2020-11-19;NE;3316.7;138.2;24.0;300520.1;12521.7;297203.4
2020-11-19;N;642.7;26.8;24.0;144636.7;6026.5;143994.0
2020-11-20;SE;11689.7;487.1;24.0;913452.7;38060.5;901763.0
2020-11-20;S;7272.7;303.0;24.0;305978.6;12749.1;298705.9
2020-11-20;NE;2952.9;123.0;24.0;292441.3;12185.1;289488.4
2020-11-20;N;983.6;41.0;24.0;142649.9;5943.7;141666.3
2020-11-21;SE;12956.9;539.9;24.0;877222.4;36550.9;864265.6
2020-11-21;S;7373.8;307.2;24.0;272547.8;11356.2;265174.0
2020-11-21;NE;3214.3;133.9;24.0;279615.1;11650.6;276400.8
2020-11-21;N;966.9;40.3;24.0;140536.1;5855.7;139569.2
2020-11-22;SE;12511.4;521.3;24.0;821512.0;34229.7;809000.5
2020-11-22;S;7806.9;325.3;24.0;240548.8;10022.9;232741.8
2020-11-22;NE;3465.4;144.4;24.0;260493.5;10853.9;257028.1
2020-11-22;N;682.0;28.4;24.0;133577.0;5565.7;132895.0
2020-11-23;SE;11943.4;497.6;24.0;962853.5;40118.9;950910.1
2020-11-23;S;8474.4;353.1;24.0;316566.6;13190.3;308092.2
2020-11-23;NE;3659.6;152.5;24.0;288565.2;12023.5;284905.5
2020-11-23;N;860.1;35.8;24.0;141049.4;5877.1;140189.3
2020-11-24;SE;12083.2;503.5;24.0;1003299.7;41804.2;991216.5
2020-11-24;S;8737.9;364.1;24.0;336531.4;14022.1;327793.5
2020-11-24;NE;3601.5;150.1;24.0;293268.1;12219.5;289666.6
2020-11-24;N;1132.8;47.2;24.0;142111.5;5921.3;140978.7
2020-11-25;SE;12625.3;526.1;24.0;1025190.6;42716.3;1012565.3
2020-11-25;S;7674.3;319.8;24.0;351174.1;14632.3;343499.8
2020-11-25;NE;3311.4;138.0;24.0;294442.1;12268.4;291130.7
2020-11-25;N;1087.5;45.3;24.0;144025.6;6001.1;142938.1
2020-11-26;SE;13641.7;568.4;24.0;1045110.6;43546.3;1031468.9
2020-11-26;S;5202.6;216.8;24.0;343629.5;14317.9;338427.0
2020-11-26;NE;3477.1;144.9;24.0;296251.8;12343.8;292774.7
2020-11-26;N;1072.0;44.7;24.0;146298.6;6095.8;145226.5
2020-11-27;SE;14182.0;590.9;24.0;1060313.9;44179.7;1046131.9
2020-11-27;S;5549.8;231.2;24.0;331835.7;13826.5;326286.0
2020-11-27;NE;3644.8;151.9;24.0;296338.4;12347.4;292693.6
2020-11-27;N;988.4;41.2;24.0;144609.6;6025.4;143621.2
2020-11-28;SE;13861.9;577.6;24.0;994702.8;41446.0;980841.0
2020-11-28;S;6935.6;289.0;24.0;299177.9;12465.7;292242.2
2020-11-28;NE;3720.9;155.0;24.0;281188.9;11716.2;277468.0
2020-11-28;N;1004.8;41.9;24.0;141817.2;5909.1;140812.4
2020-11-29;SE;13750.6;572.9;24.0;915328.8;38138.7;901578.2
2020-11-29;S;6451.6;268.8;24.0;258689.7;10778.7;252238.1
2020-11-29;NE;3762.8;156.8;24.0;263040.1;10960.0;259277.3
2020-11-29;N;1055.1;44.0;24.0;134359.4;5598.3;133304.2
2020-11-30;SE;13797.9;574.9;24.0;1064134.7;44338.9;1050336.8
2020-11-30;S;4909.2;204.5;24.0;320711.1;13363.0;315801.9
2020-11-30;NE;3818.3;159.1;24.0;293786.8;12241.1;289968.5
2020-11-30;N;1031.8;43.0;24.0;141572.4;5898.8;140540.5
2020-12-01;SE;13115.0;546.5;24.0;1083418.9;45142.5;1070303.9
2020-12-01;S;5885.0;245.2;24.0;321442.2;13393.4;315557.2
2020-12-01;NE;3802.2;158.4;24.0;300591.8;12524.7;296789.6
2020-12-01;N;1119.4;46.6;24.0;144050.4;6002.1;142931.0
2020-12-02;SE;11264.2;469.3;24.0;1073765.7;44740.2;1062501.5
2020-12-02;S;6419.3;267.5;24.0;330678.4;13778.3;324259.1
2020-12-02;NE;3951.0;164.6;24.0;301689.8;12570.4;297738.8
2020-12-02;N;1140.3;47.5;24.0;149234.2;6218.1;148093.9
2020-12-03;SE;12324.5;513.5;24.0;1088257.5;45344.1;1075933.0
2020-12-03;S;4675.7;194.8;24.0;314404.4;13100.2;309728.7
2020-12-03;NE;3664.9;152.7;24.0;306455.8;12769.0;302790.9
2020-12-03;N;1135.5;47.3;24.0;149427.4;6226.1;148291.9
2020-12-04;SE;12771.2;532.1;24.0;1094695.7;45612.3;1081924.5
2020-12-04;S;5942.1;247.6;24.0;318004.3;13250.2;312062.2
2020-12-04;NE;3893.5;162.2;24.0;308285.9;12845.2;304392.4
2020-12-04;N;1215.7;50.7;24.0;151268.0;6302.8;150052.3
2020-12-05;SE;10273.9;428.1;24.0;999935.9;41664.0;989662.0
2020-12-05;S;3115.1;129.8;24.0;270615.2;11275.6;267500.1
2020-12-05;NE;3943.3;164.3;24.0;294209.3;12258.7;290266.0
2020-12-05;N;1186.1;49.4;24.0;146703.1;6112.6;145517.0
2020-12-06;SE;8399.7;350.0;24.0;865051.4;36043.8;856651.8
2020-12-06;S;3248.0;135.3;24.0;229794.2;9574.8;226546.2
2020-12-06;NE;3792.6;158.0;24.0;271541.8;11314.2;267749.2
2020-12-06;N;1073.9;44.7;24.0;140531.1;5855.5;139457.2
2020-12-07;SE;8457.1;352.4;24.0;983126.4;40963.6;974669.3
2020-12-07;S;5531.8;230.5;24.0;294837.7;12284.9;289306.0
2020-12-07;NE;3799.3;158.3;24.0;297045.6;12376.9;293246.3
2020-12-07;N;1042.5;43.4;24.0;143703.0;5987.6;142660.5
2020-12-08;SE;11447.8;477.0;24.0;1009469.4;42061.2;998021.6
2020-12-08;S;7902.4;329.3;24.0;315477.1;13144.9;307574.7
2020-12-08;NE;3950.4;164.6;24.0;295267.4;12302.8;291317.0
2020-12-08;N;950.3;39.6;24.0;142023.3;5917.6;141073.0
2020-12-09;SE;10232.7;426.4;24.0;1020582.5;42524.3;1010349.8
2020-12-09;S;8372.2;348.8;24.0;327116.5;13629.9;318744.3
2020-12-09;NE;3828.5;159.5;24.0;302192.2;12591.3;298363.7
2020-12-09;N;1003.8;41.8;24.0;144530.3;6022.1;143526.5
2020-12-10;SE;10142.4;422.6;24.0;1007424.4;41976.0;997282.0
2020-12-10;S;8633.9;359.7;24.0;334330.8;13930.4;325696.9
2020-12-10;NE;3802.1;158.4;24.0;303188.5;12632.9;299386.4
2020-12-10;N;1068.8;44.5;24.0;145740.2;6072.5;144671.5
2020-12-11;SE;9622.3;400.9;24.0;1011306.1;42137.8;1001683.8
2020-12-11;S;8107.5;337.8;24.0;348051.0;14502.1;339943.6
2020-12-11;NE;4073.9;169.7;24.0;301031.9;12543.0;296958.0
2020-12-11;N;1112.4;46.4;24.0;146404.8;6100.2;145292.4
2020-12-12;SE;10035.4;418.1;24.0;957863.1;39911.0;947827.7
2020-12-12;S;8051.6;335.5;24.0;312552.6;13023.0;304500.9
2020-12-12;NE;4105.8;171.1;24.0;287322.9;11971.8;283217.1
2020-12-12;N;1149.2;47.9;24.0;144585.1;6024.4;143436.0
2020-12-13;SE;12739.8;530.8;24.0;885689.1;36903.7;872949.3
2020-12-13;S;7081.0;295.0;24.0;262764.1;10948.5;255683.0
2020-12-13;NE;4036.5;168.2;24.0;269145.9;11214.4;265109.4
2020-12-13;N;1256.9;52.4;24.0;138984.8;5791.0;137728.0
2020-12-14;SE;14083.0;586.8;24.0;1034020.1;43084.2;1019937.0
2020-12-14;S;5278.6;219.9;24.0;315235.6;13134.8;309957.1
2020-12-14;NE;4049.9;168.7;24.0;300309.9;12512.9;296260.1
2020-12-14;N;1122.1;46.8;24.0;143606.5;5983.6;142484.4
2020-12-15;SE;14882.9;620.1;24.0;1068738.7;44530.8;1053855.7
2020-12-15;S;7012.1;292.2;24.0;331479.9;13811.7;324467.8
2020-12-15;NE;3947.1;164.5;24.0;304684.9;12695.2;300737.8
2020-12-15;N;1041.1;43.4;24.0;139132.0;5797.2;138090.9
2020-12-16;SE;14968.1;623.7;24.0;1080315.0;45013.1;1065346.9
2020-12-16;S;6086.6;253.6;24.0;340081.4;14170.1;333994.8
2020-12-16;NE;3865.2;161.1;24.0;303846.8;12660.3;299981.6
2020-12-16;N;1086.8;45.3;24.0;141488.7;5895.4;140401.9
2020-12-17;SE;13386.4;557.8;24.0;1073899.0;44745.8;1060512.6
2020-12-17;S;6108.6;254.5;24.0;329048.9;13710.4;322940.3
2020-12-17;NE;3846.0;160.2;24.0;304215.2;12675.6;300369.3
2020-12-17;N;1127.3;47.0;24.0;143466.0;5977.7;142338.7
2020-12-18;SE;14450.2;602.1;24.0;1077834.5;44909.8;1063384.3
2020-12-18;S;7546.4;314.4;24.0;335892.6;13995.5;328346.2
2020-12-18;NE;3789.4;157.9;24.0;303982.9;12666.0;300193.5
2020-12-18;N;1091.6;45.5;24.0;142139.7;5922.5;141048.1
2020-12-19;SE;14539.7;605.8;24.0;1012238.5;42176.6;997698.8
2020-12-19;S;6151.6;256.3;24.0;300527.9;12522.0;294376.4
2020-12-19;NE;4034.2;168.1;24.0;294312.2;12263.0;290277.9
2020-12-19;N;1040.4;43.4;24.0;139987.8;5832.8;138947.4
2020-12-20;SE;12881.2;536.7;24.0;945174.9;39382.3;932293.7
2020-12-20;S;5474.9;228.1;24.0;259586.8;10816.1;254111.9
2020-12-20;NE;3990.8;166.3;24.0;278031.3;11584.6;274040.5
2020-12-20;N;1061.3;44.2;24.0;133711.8;5571.3;132650.5
2020-12-21;SE;12852.7;535.5;24.0;1066651.1;44443.8;1053798.4
2020-12-21;S;7734.6;322.3;24.0;308391.2;12849.6;300656.5
2020-12-21;NE;3990.5;166.3;24.0;299453.0;12477.2;295462.5
2020-12-21;N;1039.4;43.3;24.0;139865.7;5827.7;138826.3
2020-12-22;SE;10128.8;422.0;24.0;1030464.1;42936.0;1020335.3
2020-12-22;S;8319.7;346.7;24.0;308951.7;12873.0;300632.0
2020-12-22;NE;3774.6;157.3;24.0;301509.4;12562.9;297734.8
2020-12-22;N;1014.9;42.3;24.0;141837.9;5909.9;140823.0
2020-12-23;SE;9073.3;378.1;24.0;974545.6;40606.1;965472.3
2020-12-23;S;7907.3;329.5;24.0;307812.8;12825.5;299905.4
2020-12-23;NE;3554.0;148.1;24.0;296217.9;12342.4;292663.9
2020-12-23;N;1016.0;42.3;24.0;145835.7;6076.5;144819.8
2020-12-24;SE;9936.3;414.0;24.0;883201.5;36800.1;873265.2
2020-12-24;S;7987.8;332.8;24.0;276117.3;11504.9;268129.6
2020-12-24;NE;3764.5;156.9;24.0;281199.7;11716.7;277435.2
2020-12-24;N;884.0;36.8;24.0;137127.7;5713.7;136243.8
2020-12-25;SE;10796.8;449.9;24.0;766830.4;31951.3;756033.7
2020-12-25;S;8234.6;343.1;24.0;232836.5;9701.5;224601.9
2020-12-25;NE;3292.1;137.2;24.0;253583.2;10566.0;250291.0
2020-12-25;N;936.5;39.0;24.0;127841.3;5326.7;126904.7
2020-12-26;SE;10576.8;440.7;24.0;831834.8;34659.8;821258.1
2020-12-26;S;7475.1;311.5;24.0;249467.3;10394.5;241992.3
2020-12-26;NE;3754.6;156.4;24.0;269208.0;11217.0;265453.3
2020-12-26;N;905.7;37.7;24.0;131900.0;5495.8;130994.3
2020-12-27;SE;10818.8;450.8;24.0;828330.7;34513.8;817511.9
2020-12-27;S;7010.2;292.1;24.0;245719.7;10238.3;238709.5
2020-12-27;NE;3889.7;162.1;24.0;264862.1;11035.9;260972.4
2020-12-27;N;1143.7;47.7;24.0;132368.1;5515.3;131224.4
2020-12-28;SE;11908.9;496.2;24.0;934726.9;38947.0;922818.0
2020-12-28;S;7132.3;297.2;24.0;294868.9;12286.2;287736.6
2020-12-28;NE;4030.9;168.0;24.0;288812.2;12033.8;284781.3
2020-12-28;N;1232.5;51.4;24.0;143944.6;5997.7;142712.0
2020-12-29;SE;13330.0;555.4;24.0;968336.7;40347.4;955006.7
2020-12-29;S;7247.0;302.0;24.0;304563.7;12690.2;297316.7
2020-12-29;NE;4229.6;176.2;24.0;296390.1;12349.6;292160.5
2020-12-29;N;1207.7;50.3;24.0;143744.0;5989.3;142536.3
2020-12-30;SE;13625.8;567.7;24.0;978526.9;40772.0;964901.1
2020-12-30;S;7453.0;310.5;24.0;312111.7;13004.7;304658.7
2020-12-30;NE;4022.5;167.6;24.0;298422.3;12434.3;294399.8
2020-12-30;N;1150.0;47.9;24.0;141259.7;5885.8;140109.6
2020-12-31;SE;13551.9;564.7;24.0;921352.3;38389.7;907800.4
2020-12-31;S;4946.2;206.1;24.0;265000.6;11041.7;260054.4
2020-12-31;NE;4037.1;168.2;24.0;283139.9;11797.5;279102.8
2020-12-31;N;1116.8;46.5;24.0;136612.6;5692.2;135495.7
2021-01-01;SE;12995.9;541.5;24.0;812272.3;33844.7;799276.4
2021-01-01;S;8058.2;335.8;24.0;220499.4;9187.5;212441.1
2021-01-01;NE;4050.4;168.8;24.0;256907.7;10704.5;252857.3
2021-01-01;N;1085.3;45.2;24.0;128249.4;5343.7;127164.1
2021-01-02;SE;12443.4;518.5;24.0;847457.1;35310.7;835013.7
2021-01-02;S;8216.7;342.4;24.0;238345.4;9931.1;230128.6
2021-01-02;NE;4186.5;174.4;24.0;273320.2;11388.3;269133.6
2021-01-02;N;1176.4;49.0;24.0;136441.4;5685.1;135265.0
2021-01-03;SE;12886.8;537.0;24.0;822525.3;34271.9;809638.5
2021-01-03;S;8092.2;337.2;24.0;239607.7;9983.7;231515.5
2021-01-03;NE;3990.1;166.3;24.0;271058.1;11294.1;267068.0
2021-01-03;N;911.7;38.0;24.0;129525.7;5396.9;128614.0
2021-01-04;SE;11680.4;486.7;24.0;955011.6;39792.2;943331.3
2021-01-04;S;8074.3;336.4;24.0;307833.3;12826.4;299759.0
2021-01-04;NE;3900.1;162.5;24.0;295100.3;12295.8;291200.3
2021-01-04;N;1010.5;42.1;24.0;136882.8;5703.5;135872.4
2021-01-05;SE;14235.6;593.1;24.0;1023491.7;42645.5;1009256.1
2021-01-05;S;4115.1;171.5;24.0;323343.1;13472.6;319228.0
2021-01-05;NE;4145.8;172.7;24.0;298295.7;12429.0;294149.9
2021-01-05;N;1228.3;51.2;24.0;142229.6;5926.2;141001.3
2021-01-06;SE;14076.0;586.5;24.0;1064111.0;44338.0;1050034.9
2021-01-06;S;6629.2;276.2;24.0;335987.0;13999.5;329357.8
2021-01-06;NE;4213.2;175.6;24.0;303442.2;12643.4;299229.0
2021-01-06;N;1343.8;56.0;24.0;143883.2;5995.1;142539.4
2021-01-07;SE;13270.1;552.9;24.0;1063395.5;44308.1;1050125.4
2021-01-07;S;6744.2;281.0;24.0;351087.0;14628.6;344342.8
2021-01-07;NE;4109.0;171.2;24.0;306175.2;12757.3;302066.2
2021-01-07;N;1314.0;54.7;24.0;144196.2;6008.2;142882.2
2021-01-08;SE;12561.2;523.4;24.0;1063233.0;44301.4;1050671.8
2021-01-08;S;8252.3;343.8;24.0;351025.7;14626.1;342773.4
2021-01-08;NE;4277.4;178.2;24.0;307139.8;12797.5;302862.3
2021-01-08;N;1217.6;50.7;24.0;139694.3;5820.6;138476.6
2021-01-09;SE;12996.9;541.5;24.0;1001752.7;41739.7;988755.8
2021-01-09;S;7802.8;325.1;24.0;312308.2;13012.8;304505.4
2021-01-09;NE;4289.1;178.7;24.0;293379.7;12224.2;289090.6
2021-01-09;N;1180.1;49.2;24.0;134827.9;5617.8;133647.8
2021-01-10;SE;11433.2;476.4;24.0;922378.7;38432.4;910945.4
2021-01-10;S;7657.8;319.1;24.0;285193.7;11883.1;277535.9
2021-01-10;NE;3902.7;162.6;24.0;273489.4;11395.4;269586.7
2021-01-10;N;1050.4;43.8;24.0;128150.5;5339.6;127100.0
2021-01-11;SE;11954.6;498.1;24.0;1060009.8;44167.1;1048055.2
2021-01-11;S;8200.7;341.7;24.0;369401.2;15391.7;361200.5
2021-01-11;NE;3600.8;150.0;24.0;296531.8;12355.5;292930.9
2021-01-11;N;1092.3;45.5;24.0;139608.9;5817.0;138516.6
2021-01-12;SE;11698.2;487.4;24.0;1084116.7;45171.5;1072418.5
2021-01-12;S;6311.0;263.0;24.0;361192.9;15049.7;354881.8
2021-01-12;NE;3621.8;150.9;24.0;300222.8;12509.3;296601.0
2021-01-12;N;1070.4;44.6;24.0;140280.4;5845.0;139210.0
2021-01-13;SE;12534.6;522.3;24.0;1079631.7;44984.7;1067097.1
2021-01-13;S;5329.4;222.1;24.0;344291.8;14345.5;338962.4
2021-01-13;NE;3557.2;148.2;24.0;294160.2;12256.7;290603.0
2021-01-13;N;1069.8;44.6;24.0;137739.0;5739.1;136669.2
2021-01-14;SE;11341.7;472.6;24.0;1058986.6;44124.4;1047644.9
2021-01-14;S;6826.1;284.4;24.0;333895.4;13912.3;327069.3
2021-01-14;NE;3688.0;153.7;24.0;293171.6;12215.5;289483.6
2021-01-14;N;965.6;40.2;24.0;138255.1;5760.6;137289.5
2021-01-15;SE;10919.8;455.0;24.0;1041449.5;43393.7;1030529.7
2021-01-15;S;7126.4;296.9;24.0;344787.6;14366.1;337661.2
2021-01-15;NE;3899.1;162.5;24.0;290502.7;12104.3;286603.6
2021-01-15;N;1168.9;48.7;24.0;136852.9;5702.2;135684.0
2021-01-16;SE;10202.4;425.1;24.0;972298.4;40512.4;962096.0
2021-01-16;S;5281.4;220.1;24.0;300097.4;12504.1;294816.0
2021-01-16;NE;4147.7;172.8;24.0;279797.5;11658.2;275649.9
2021-01-16;N;1137.3;47.4;24.0;135541.5;5647.6;134404.1
2021-01-17;SE;9935.9;414.0;24.0;903788.6;37657.9;893852.7
2021-01-17;S;3693.9;153.9;24.0;261130.1;10880.4;257436.3
2021-01-17;NE;3936.7;164.0;24.0;267975.4;11165.6;264038.7
2021-01-17;N;1256.9;52.4;24.0;133817.3;5575.7;132560.4
2021-01-18;SE;13207.9;550.3;24.0;1056291.5;44012.1;1043083.6
2021-01-18;S;4822.5;200.9;24.0;322708.6;13446.2;317886.0
2021-01-18;NE;3982.5;165.9;24.0;291619.0;12150.8;287636.5
2021-01-18;N;923.5;38.5;24.0;134307.0;5596.1;133383.5
2021-01-19;SE;12957.8;539.9;24.0;1074307.8;44762.8;1061350.1
2021-01-19;S;5170.3;215.4;24.0;322536.3;13439.0;317366.1
2021-01-19;NE;3564.4;148.5;24.0;293265.0;12219.4;289700.6
2021-01-19;N;1029.6;42.9;24.0;130801.6;5450.1;129772.0
2021-01-20;SE;14259.4;594.1;24.0;1072557.2;44689.9;1058297.9
2021-01-20;S;3525.0;146.9;24.0;320489.2;13353.7;316964.2
2021-01-20;NE;3318.4;138.3;24.0;289275.7;12053.2;285957.3
2021-01-20;N;747.8;31.2;24.0;127625.8;5317.7;126878.0
2021-01-21;SE;14248.2;593.7;24.0;1084477.9;45186.6;1070229.7
2021-01-21;S;3926.5;163.6;24.0;324551.4;13523.0;320624.9
2021-01-21;NE;3550.1;147.9;24.0;287509.8;11979.6;283959.7
2021-01-21;N;985.4;41.1;24.0;130704.5;5446.0;129719.1
2021-01-22;SE;13989.5;582.9;24.0;1081086.7;45045.3;1067097.2
2021-01-22;S;5806.2;241.9;24.0;329180.2;13715.8;323374.0
2021-01-22;NE;3781.0;157.5;24.0;288499.8;12020.8;284718.8
2021-01-22;N;1104.1;46.0;24.0;134621.1;5609.2;133517.0
2021-01-23;SE;14833.5;618.1;24.0;1006063.2;41919.3;991229.7
2021-01-23;S;6425.5;267.7;24.0;293786.5;12241.1;287360.9
2021-01-23;NE;3497.9;145.7;24.0;275814.0;11492.2;272316.1
2021-01-23;N;1318.2;54.9;24.0;134495.3;5604.0;133177.1
2021-01-24;SE;13734.7;572.3;24.0;928724.2;38696.8;914989.4
2021-01-24;S;5701.3;237.6;24.0;261456.4;10894.0;255755.0
2021-01-24;NE;3643.2;151.8;24.0;262204.1;10925.2;258560.8
2021-01-24;N;1218.1;50.8;24.0;131723.7;5488.5;130505.6
2021-01-25;SE;13816.2;575.7;24.0;1050313.0;43763.0;1036496.8
2021-01-25;S;5627.5;234.5;24.0;331797.6;13824.9;326170.1
2021-01-25;NE;3675.3;153.1;24.0;287922.6;11996.8;284247.3
2021-01-25;N;1136.9;47.4;24.0;139343.5;5806.0;138206.6
2021-01-26;SE;14559.3;606.6;24.0;1089883.2;45411.8;1075323.9
2021-01-26;S;5596.6;233.2;24.0;344769.6;14365.4;339173.0
2021-01-26;NE;3833.3;159.7;24.0;294529.9;12272.1;290696.6
2021-01-26;N;1041.3;43.4;24.0;136074.8;5669.8;135033.5
2021-01-27;SE;15209.4;633.7;24.0;1112941.9;46372.6;1097732.5
2021-01-27;S;4378.1;182.4;24.0;344146.5;14339.4;339768.4
2021-01-27;NE;4071.5;169.6;24.0;290753.3;12114.7;286681.8
2021-01-27;N;1041.8;43.4;24.0;133591.9;5566.3;132550.1
2021-01-28;SE;15038.6;626.6;24.0;1121712.6;46738.0;1106674.0
2021-01-28;S;3569.6;148.7;24.0;335456.4;13977.4;331886.8
2021-01-28;NE;3811.2;158.8;24.0;293859.5;12244.1;290048.3
2021-01-28;N;1000.5;41.7;24.0;132626.3;5526.1;131625.8
2021-01-29;SE;13889.5;578.7;24.0;1127453.1;46977.2;1113563.6
2021-01-29;S;5196.7;216.5;24.0;338994.4;14124.8;333797.8
2021-01-29;NE;3484.8;145.2;24.0;293167.3;12215.3;289682.4
2021-01-29;N;1129.9;47.1;24.0;133053.2;5543.9;131923.3
2021-01-30;SE;14892.6;620.5;24.0;1056771.0;44032.1;1041878.4
2021-01-30;S;6537.9;272.4;24.0;300781.7;12532.6;294243.8
2021-01-30;NE;3815.0;159.0;24.0;281040.1;11710.0;277225.1
2021-01-30;N;1149.5;47.9;24.0;132349.3;5514.6;131199.7
2021-01-31;SE;14924.4;621.9;24.0;980069.2;40836.2;965144.8
2021-01-31;S;4499.2;187.5;24.0;261115.9;10879.8;256616.6
2021-01-31;NE;3764.1;156.8;24.0;261178.9;10882.5;257414.8
2021-01-31;N;1245.3;51.9;24.0;129103.2;5379.3;127857.9
2021-02-01;SE;13336.3;555.7;24.0;1113332.0;46388.8;1099995.7
2021-02-01;S;6358.7;264.9;24.0;337735.7;14072.3;331377.0
2021-02-01;NE;4140.1;172.5;24.0;287240.8;11968.4;283100.7
2021-02-01;N;1300.3;54.2;24.0;141730.6;5905.4;140430.3
2021-02-02;SE;14311.6;596.3;24.0;1129073.8;47044.7;1114762.2
2021-02-02;S;7143.9;297.7;24.0;356751.7;14864.7;349607.7
2021-02-02;NE;4266.1;177.8;24.0;293793.8;12241.4;289527.7
2021-02-02;N;1323.8;55.2;24.0;140985.3;5874.4;139661.6
2021-02-03;SE;15109.4;629.6;24.0;1134043.0;47251.8;1118933.6
2021-02-03;S;6355.1;264.8;24.0;363654.8;15152.3;357299.8
2021-02-03;NE;4520.8;188.4;24.0;298863.3;12452.6;294342.4
2021-02-03;N;1369.1;57.0;24.0;142493.3;5937.2;141124.3
2021-02-04;SE;14283.5;595.1;24.0;1154305.3;48096.1;1140021.7
2021-02-04;S;5602.1;233.4;24.0;347952.1;14498.0;342349.9
2021-02-04;NE;4467.0;186.1;24.0;302813.6;12617.2;298346.5
2021-02-04;N;1370.6;57.1;24.0;145955.1;6081.5;144584.5
2021-02-05;SE;10655.6;444.0;24.0;1103116.8;45963.2;1092461.2
2021-02-05;S;8451.8;352.2;24.0;327988.3;13666.2;319536.5
2021-02-05;NE;4580.5;190.9;24.0;303555.9;12648.2;298975.4
2021-02-05;N;1351.4;56.3;24.0;145439.1;6060.0;144087.8
2021-02-06;SE;9248.1;385.3;24.0;962023.5;40084.3;952775.5
2021-02-06;S;9061.1;377.5;24.0;286896.8;11954.0;277835.6
2021-02-06;NE;4623.9;192.7;24.0;293643.8;12235.2;289019.8
2021-02-06;N;1055.1;44.0;24.0;137279.4;5720.0;136224.3
2021-02-07;SE;10685.4;445.2;24.0;860922.6;35871.8;850237.3
2021-02-07;S;9121.5;380.1;24.0;254997.0;10624.9;245875.4
2021-02-07;NE;4209.9;175.4;24.0;274741.6;11447.6;270531.7
2021-02-07;N;1057.0;44.0;24.0;130946.5;5456.1;129889.5
2021-02-08;SE;11443.8;476.8;24.0;981303.1;40887.6;969859.3
2021-02-08;S;9185.1;382.7;24.0;328220.2;13675.8;319035.1
2021-02-08;NE;4025.3;167.7;24.0;298336.3;12430.7;294311.0
2021-02-08;N;1164.5;48.5;24.0;139223.2;5801.0;138058.7
2021-02-09;SE;13302.8;554.3;24.0;1010564.2;42106.8;997261.4
2021-02-09;S;8512.3;354.7;24.0;340073.6;14169.7;331561.3
2021-02-09;NE;3503.0;146.0;24.0;294057.4;12252.4;290554.4
2021-02-09;N;808.0;33.7;24.0;138823.2;5784.3;138015.2
2021-02-10;SE;13852.0;577.2;24.0;1028372.5;42848.9;1014520.5
2021-02-10;S;8228.6;342.9;24.0;341734.5;14238.9;333505.9
2021-02-10;NE;4096.5;170.7;24.0;291533.5;12147.2;287437.0
2021-02-10;N;963.1;40.1;24.0;137886.4;5745.3;136923.3
2021-02-11;SE;11660.0;485.8;24.0;1036453.3;43185.6;1024793.3
2021-02-11;S;6237.6;259.9;24.0;336262.5;14010.9;330024.8
2021-02-11;NE;4017.0;167.4;24.0;295379.7;12307.5;291362.7
2021-02-11;N;1167.0;48.6;24.0;138803.0;5783.5;137636.1
2021-02-12;SE;9547.8;397.8;24.0;1022135.4;42589.0;1012587.6
2021-02-12;S;5408.9;225.4;24.0;330411.0;13767.1;325002.0
2021-02-12;NE;4061.0;169.2;24.0;293407.4;12225.3;289346.4
2021-02-12;N;1029.6;42.9;24.0;139569.3;5815.4;138539.6
2021-02-13;SE;10727.2;447.0;24.0;951736.7;39655.7;941009.5
2021-02-13;S;7470.6;311.3;24.0;293772.4;12240.5;286301.7
2021-02-13;NE;4129.5;172.1;24.0;280497.8;11687.4;276368.3
2021-02-13;N;966.5;40.3;24.0;135976.8;5665.7;135010.3
2021-02-14;SE;11834.8;493.1;24.0;880517.2;36688.2;868682.4
2021-02-14;S;6898.9;287.5;24.0;255811.3;10658.8;248912.3
2021-02-14;NE;4168.3;173.7;24.0;261437.1;10893.2;257268.7
2021-02-14;N;972.6;40.5;24.0;128340.2;5347.5;127367.7
2021-02-15;SE;11714.7;488.1;24.0;989430.3;41226.3;977715.6
2021-02-15;S;7117.4;296.6;24.0;310553.2;12939.7;303435.7
2021-02-15;NE;3976.4;165.7;24.0;282099.8;11754.2;278123.4
2021-02-15;N;593.7;24.7;24.0;133921.3;5580.1;133327.7
2021-02-16;SE;13206.3;550.3;24.0;1016847.4;42368.6;1003641.1
2021-02-16;S;7517.6;313.2;24.0;321897.0;13412.4;314379.4
2021-02-16;NE;2882.3;120.1;24.0;284314.9;11846.5;281432.6
2021-02-16;N;752.1;31.3;24.0;134416.7;5600.7;133664.6
2021-02-17;SE;10980.0;457.5;24.0;1049317.4;43721.6;1038337.4
2021-02-17;S;8792.3;366.3;24.0;337580.1;14065.8;328787.8
2021-02-17;NE;2959.8;123.3;24.0;285804.4;11908.5;282844.6
2021-02-17;N;793.2;33.0;24.0;137998.6;5749.9;137205.4
2021-02-18;SE;11712.4;488.0;24.0;1059924.3;44163.5;1048211.9
2021-02-18;S;8563.9;356.8;24.0;339441.7;14143.4;330877.8
2021-02-18;NE;3745.4;156.1;24.0;289959.7;12081.7;286214.3
2021-02-18;N;721.5;30.1;24.0;140649.6;5860.4;139928.2
2021-02-19;SE;13433.8;559.7;24.0;1071368.3;44640.3;1057934.6
2021-02-19;S;8501.0;354.2;24.0;343854.5;14327.3;335353.6
2021-02-19;NE;3812.1;158.8;24.0;288674.7;12028.1;284862.7
2021-02-19;N;840.6;35.0;24.0;140324.8;5846.9;139484.2
2021-02-20;SE;13000.5;541.7;24.0;1001375.1;41724.0;988374.5
2021-02-20;S;8575.8;357.3;24.0;308484.8;12853.5;299908.9
2021-02-20;NE;4112.4;171.3;24.0;279196.8;11633.2;275084.4
2021-02-20;N;930.6;38.8;24.0;133466.3;5561.1;132535.7
2021-02-21;SE;11720.3;488.3;24.0;920557.0;38356.5;908836.7
2021-02-21;S;8315.1;346.5;24.0;277566.1;11565.3;269251.0
2021-02-21;NE;4494.0;187.2;24.0;261333.7;10888.9;256839.7
2021-02-21;N;1152.2;48.0;24.0;129576.5;5399.0;128424.3
2021-02-22;SE;13745.4;572.7;24.0;1061907.8;44246.2;1048162.4
2021-02-22;S;8085.4;336.9;24.0;359957.9;14998.2;351872.6
2021-02-22;NE;4639.7;193.3;24.0;287020.8;11959.2;282381.1
2021-02-22;N;990.2;41.3;24.0;137718.8;5738.3;136728.6
2021-02-23;SE;15115.2;629.8;24.0;1087923.2;45330.1;1072808.0
2021-02-23;S;7273.6;303.1;24.0;368888.5;15370.4;361614.9
2021-02-23;NE;4294.9;179.0;24.0;294044.2;12251.8;289749.4
2021-02-23;N;1066.2;44.4;24.0;142475.5;5936.5;141409.3
2021-02-24;SE;15064.7;627.7;24.0;1097631.7;45734.7;1082567.0
2021-02-24;S;6482.0;270.1;24.0;352048.4;14668.7;345566.4
2021-02-24;NE;4269.2;177.9;24.0;294937.7;12289.1;290668.5
2021-02-24;N;1289.7;53.7;24.0;148651.2;6193.8;147361.5
2021-02-25;SE;13423.8;559.3;24.0;1070462.7;44602.6;1057038.9
2021-02-25;S;7205.0;300.2;24.0;345690.2;14403.8;338485.2
2021-02-25;NE;3849.4;160.4;24.0;291273.0;12136.4;287423.6
2021-02-25;N;1161.7;48.4;24.0;145555.5;6064.8;144393.8
2021-02-26;SE;10048.4;418.7;24.0;1049962.1;43748.4;1039913.6
2021-02-26;S;7875.8;328.2;24.0;340238.4;14176.6;332362.6
2021-02-26;NE;3340.0;139.2;24.0;282415.2;11767.3;279075.2
2021-02-26;N;735.6;30.6;24.0;145357.2;6056.6;144621.7
2021-02-27;SE;9954.9;414.8;24.0;962198.9;40091.6;952244.0
2021-02-27;S;7231.4;301.3;24.0;292966.8;12206.9;285735.4
2021-02-27;NE;3530.1;147.1;24.0;262753.3;10948.1;259223.2
2021-02-27;N;876.6;36.5;24.0;141624.2;5901.0;140747.6
2021-02-28;SE;11192.1;466.3;24.0;885440.0;36893.3;874247.9
2021-02-28;S;6266.8;261.1;24.0;257853.6;10743.9;251586.8
2021-02-28;NE;3980.8;165.9;24.0;248064.5;10336.0;244083.7
2021-02-28;N;1116.0;46.5;24.0;133737.9;5572.4;132622.0
2021-03-01;SE;12309.0;512.9;24.0;1057351.0;44056.3;1045042.0
2021-03-01;S;5280.1;220.0;24.0;332765.7;13865.2;327485.6
2021-03-01;NE;3673.0;153.0;24.0;267513.8;11146.4;263840.8
2021-03-01;N;666.3;27.8;24.0;140353.0;5848.0;139686.7
2021-03-02;SE;12814.7;533.9;24.0;1057020.9;44042.5;1044206.2
2021-03-02;S;6139.4;255.8;24.0;339469.4;14144.6;333330.0
2021-03-02;NE;3738.6;155.8;24.0;269959.0;11248.3;266220.4
2021-03-02;N;822.6;34.3;24.0;137685.5;5736.9;136862.9
2021-03-03;SE;12789.9;532.9;24.0;1065181.0;44382.5;1052391.1
2021-03-03;S;5373.3;223.9;24.0;340353.5;14181.4;334980.2
2021-03-03;NE;4391.3;183.0;24.0;276591.7;11524.7;272200.4
2021-03-03;N;1089.2;45.4;24.0;138812.1;5783.8;137722.9
2021-03-04;SE;12465.1;519.4;24.0;1072336.8;44680.7;1059871.7
2021-03-04;S;3457.6;144.1;24.0;328918.8;13705.0;325461.2
2021-03-04;NE;4292.6;178.9;24.0;279932.6;11663.9;275640.0
2021-03-04;N;1259.4;52.5;24.0;138452.8;5768.9;137193.4
2021-03-05;SE;11909.8;496.2;24.0;1056499.0;44020.8;1044589.2
2021-03-05;S;4512.3;188.0;24.0;317950.4;13247.9;313438.0
2021-03-05;NE;4338.3;180.8;24.0;283805.0;11825.2;279466.7
2021-03-05;N;1248.7;52.0;24.0;139720.6;5821.7;138471.9
2021-03-06;SE;11289.3;470.4;24.0;969048.7;40377.0;957759.4
2021-03-06;S;6273.1;261.4;24.0;275136.7;11464.0;268863.5
2021-03-06;NE;4713.6;196.4;24.0;274505.5;11437.7;269791.8
2021-03-06;N;1209.7;50.4;24.0;136046.3;5668.6;134836.5
2021-03-07;SE;9709.8;404.6;24.0;870139.8;36255.8;860430.0
2021-03-07;S;7311.0;304.6;24.0;247824.4;10326.0;240513.4
2021-03-07;NE;4645.2;193.6;24.0;262662.3;10944.3;258017.1
2021-03-07;N;1151.2;48.0;24.0;133945.3;5581.1;132794.1
2021-03-08;SE;11354.3;473.1;24.0;992179.8;41340.8;980825.5
2021-03-08;S;7631.3;318.0;24.0;322269.0;13427.9;314637.7
2021-03-08;NE;4733.4;197.2;24.0;294193.7;12258.1;289460.3
2021-03-08;N;1263.7;52.7;24.0;145477.6;6061.6;144213.9
2021-03-09;SE;12745.9;531.1;24.0;1018148.3;42422.8;1005402.4
2021-03-09;S;7069.0;294.5;24.0;327523.5;13646.8;320454.5
2021-03-09;NE;4726.4;196.9;24.0;293186.7;12216.1;288460.2
2021-03-09;N;1010.2;42.1;24.0;141914.9;5913.1;140904.7
2021-03-10;SE;12731.1;530.5;24.0;1023238.8;42635.0;1010507.7
2021-03-10;S;7821.6;325.9;24.0;323545.4;13481.1;315723.8
2021-03-10;NE;4642.5;193.4;24.0;295327.3;12305.3;290684.8
2021-03-10;N;1036.7;43.2;24.0;140330.6;5847.1;139293.8
2021-03-11;SE;13017.0;542.4;24.0;1044394.1;43516.4;1031377.2
2021-03-11;S;8244.2;343.5;24.0;329645.0;13735.2;321400.8
2021-03-11;NE;4694.9;195.6;24.0;296614.0;12358.9;291919.1
2021-03-11;N;1089.2;45.4;24.0;140350.8;5848.0;139261.6
2021-03-12;SE;14365.0;598.5;24.0;1062530.0;44272.1;1048165.0
2021-03-12;S;8108.9;337.9;24.0;333044.1;13876.8;324935.2
2021-03-12;NE;4826.0;201.1;24.0;294041.9;12251.7;289215.9
2021-03-12;N;1203.2;50.1;24.0;143702.5;5987.6;142499.3
2021-03-13;SE;14126.7;588.6;24.0;986813.4;41117.2;972686.7
2021-03-13;S;7953.2;331.4;24.0;295822.6;12325.9;287869.4
2021-03-13;NE;4505.8;187.7;24.0;273493.4;11395.6;268987.5
2021-03-13;N;1352.2;56.3;24.0;139428.5;5809.5;138076.2
2021-03-14;SE;13416.3;559.0;24.0;914928.7;38122.0;901512.5
2021-03-14;S;7793.9;324.7;24.0;270439.4;11268.3;262645.4
2021-03-14;NE;4474.8;186.4;24.0;258349.2;10764.5;253874.4
2021-03-14;N;1337.6;55.7;24.0;134515.1;5604.8;133177.6
2021-03-15;SE;14620.9;609.2;24.0;1048556.3;43689.8;1033935.4
2021-03-15;S;7152.9;298.0;24.0;336395.1;14016.5;329242.1
2021-03-15;NE;4460.6;185.9;24.0;282699.4;11779.1;278238.7
2021-03-15;N;1305.1;54.4;24.0;144970.1;6040.4;143665.0
2021-03-16;SE;13976.0;582.3;24.0;1071274.1;44636.4;1057298.1
2021-03-16;S;7315.0;304.8;24.0;354365.0;14765.2;347050.0
2021-03-16;NE;4514.2;188.1;24.0;288488.6;12020.4;283974.4
2021-03-16;N;1414.8;59.0;24.0;149559.4;6231.6;148144.6
2021-03-17;SE;13236.1;551.5;24.0;1070453.2;44602.2;1057217.1
2021-03-17;S;4015.9;167.3;24.0;341408.5;14225.4;337392.6
2021-03-17;NE;4462.3;185.9;24.0;288129.5;12005.4;283667.2
2021-03-17;N;1152.6;48.0;24.0;145538.5;6064.1;144385.9
2021-03-18;SE;11967.1;498.6;24.0;1063277.1;44303.2;1051310.0
2021-03-18;S;6315.9;263.2;24.0;327885.3;13661.9;321569.3
2021-03-18;NE;3962.8;165.1;24.0;283892.9;11828.9;279930.0
2021-03-18;N;917.1;38.2;24.0;140714.2;5863.1;139797.2
2021-03-19;SE;12868.4;536.2;24.0;1055249.4;43968.7;1042381.0
2021-03-19;S;6674.2;278.1;24.0;324590.3;13524.6;317916.1
2021-03-19;NE;4274.6;178.1;24.0;276751.7;11531.3;272477.1
2021-03-19;N;911.3;38.0;24.0;138801.8;5783.4;137890.5
2021-03-20;SE;14072.1;586.3;24.0;986365.6;41098.6;972293.5
2021-03-20;S;7116.9;296.5;24.0;291738.9;12155.8;284622.1
2021-03-20;NE;4274.4;178.1;24.0;263025.6;10959.4;258751.2
2021-03-20;N;1118.5;46.6;24.0;136435.1;5684.8;135316.6
2021-03-21;SE;14543.4;606.0;24.0;924697.8;38529.1;910154.3
2021-03-21;S;5087.2;212.0;24.0;265557.4;11064.9;260470.2
2021-03-21;NE;4187.5;174.5;24.0;248500.6;10354.2;244313.1
2021-03-21;N;1386.6;57.8;24.0;130518.5;5438.3;129131.9
2021-03-22;SE;14910.9;621.3;24.0;1064688.9;44362.0;1049778.0
2021-03-22;S;5060.9;210.9;24.0;329513.0;13729.7;324452.1
2021-03-22;NE;4067.3;169.5;24.0;278190.7;11591.3;274123.4
2021-03-22;N;1002.0;41.7;24.0;141230.6;5884.6;140228.7
2021-03-23;SE;14616.9;609.0;24.0;1084934.4;45205.6;1070317.6
2021-03-23;S;5086.3;211.9;24.0;333337.6;13889.1;328251.3
2021-03-23;NE;4186.0;174.4;24.0;280482.6;11686.8;276296.6
2021-03-23;N;1452.9;60.5;24.0;144814.9;6034.0;143362.0
2021-03-24;SE;14846.7;618.6;24.0;1093227.6;45551.1;1078380.9
2021-03-24;S;6228.8;259.5;24.0;335342.3;13972.6;329113.5
2021-03-24;NE;4170.8;173.8;24.0;277933.2;11580.5;273762.4
2021-03-24;N;1114.4;46.4;24.0;142199.9;5925.0;141085.5
2021-03-25;SE;14886.9;620.3;24.0;1088221.6;45342.6;1073334.6
2021-03-25;S;6981.9;290.9;24.0;341290.3;14220.4;334308.4
2021-03-25;NE;3993.2;166.4;24.0;272541.5;11355.9;268548.3
2021-03-25;N;967.0;40.3;24.0;142640.2;5943.3;141673.3
2021-03-26;SE;15185.7;632.7;24.0;1084985.7;45207.7;1069800.0
2021-03-26;S;6006.2;250.3;24.0;339853.6;14160.6;333847.3
2021-03-26;NE;3897.8;162.4;24.0;271682.5;11320.1;267784.7
2021-03-26;N;1018.3;42.4;24.0;144787.8;6032.8;143769.5
2021-03-27;SE;15494.3;645.6;24.0;1018416.5;42434.0;1002922.1
2021-03-27;S;4888.9;203.7;24.0;289888.3;12078.7;284999.5
2021-03-27;NE;3931.3;163.8;24.0;263545.2;10981.0;259613.8
2021-03-27;N;1203.3;50.1;24.0;142379.9;5932.5;141176.6
2021-03-28;SE;14962.2;623.4;24.0;947011.4;39458.8;932049.2
2021-03-28;S;4928.5;205.4;24.0;249772.4;10407.2;244843.9
2021-03-28;NE;3828.2;159.5;24.0;248026.4;10334.4;244198.2
2021-03-28;N;1323.7;55.2;24.0;129527.3;5397.0;128203.7
2021-03-29;SE;14819.8;617.5;24.0;1069226.0;44551.1;1054406.2
2021-03-29;S;4886.4;203.6;24.0;310087.1;12920.3;305200.7
2021-03-29;NE;4223.4;176.0;24.0;273833.4;11409.7;269610.0
2021-03-29;N;1387.9;57.8;24.0;141915.4;5913.1;140527.5
2021-03-30;SE;14423.3;601.0;24.0;1060891.3;44203.8;1046467.9
2021-03-30;S;5289.8;220.4;24.0;306285.1;12761.9;300995.3
2021-03-30;NE;4258.0;177.4;24.0;280719.0;11696.6;276461.0
2021-03-30;N;1222.2;50.9;24.0;142511.5;5938.0;141289.4
2021-03-31;SE;14313.3;596.4;24.0;1022220.3;42592.5;1007907.0
2021-03-31;S;6949.1;289.5;24.0;304917.7;12704.9;297968.7
2021-03-31;NE;4418.3;184.1;24.0;276292.9;11512.2;271874.5
2021-03-31;N;1197.0;49.9;24.0;139557.8;5814.9;138360.9
2021-04-01;SE;14680.0;611.7;24.0;987371.6;41140.5;972691.5
2021-04-01;S;7005.0;291.9;24.0;300021.4;12500.9;293016.3
2021-04-01;NE;4582.5;190.9;24.0;279222.1;11634.3;274639.6
2021-04-01;N;1127.2;47.0;24.0;141859.0;5910.8;140731.8
2021-04-02;SE;14233.5;593.1;24.0;890493.1;37103.9;876259.6
2021-04-02;S;7010.9;292.1;24.0;233203.6;9716.8;226192.7
2021-04-02;NE;4788.8;199.5;24.0;252259.4;10510.8;247470.6
2021-04-02;N;1272.6;53.0;24.0;133731.5;5572.1;132458.9
2021-04-03;SE;13358.6;556.6;24.0;901111.2;37546.3;887752.6
2021-04-03;S;6786.0;282.8;24.0;244455.1;10185.6;237669.0
2021-04-03;NE;4529.1;188.7;24.0;257645.3;10735.2;253116.2
2021-04-03;N;1519.2;63.3;24.0;138064.9;5752.7;136545.7
2021-04-04;SE;12950.7;539.6;24.0;857883.9;35745.2;844933.2
2021-04-04;S;6809.6;283.7;24.0;229941.7;9580.9;223132.2
2021-04-04;NE;4346.7;181.1;24.0;250663.1;10444.3;246316.4
2021-04-04;N;1474.8;61.5;24.0;135659.9;5652.5;134185.0
2021-04-05;SE;12749.7;531.2;24.0;991889.4;41328.7;979139.7
2021-04-05;S;6522.6;271.8;24.0;305797.8;12741.6;299275.2
2021-04-05;NE;4455.3;185.6;24.0;276162.1;11506.8;271706.7
2021-04-05;N;1447.0;60.3;24.0;149317.0;6221.5;147870.0
2021-04-06;SE;11462.6;477.6;24.0;1004146.5;41839.4;992684.0
2021-04-06;S;5567.1;232.0;24.0;319012.4;13292.2;313445.3
2021-04-06;NE;4700.8;195.9;24.0;279828.9;11659.5;275128.1
2021-04-06;N;1503.0;62.6;24.0;152841.5;6368.4;151338.6
2021-04-07;SE;10191.3;424.6;24.0;987917.2;41163.2;977725.9
2021-04-07;S;6757.8;281.6;24.0;318996.1;13291.5;312238.3
2021-04-07;NE;4467.2;186.1;24.0;281660.3;11735.8;277193.1
2021-04-07;N;1575.3;65.6;24.0;153947.4;6414.5;152372.1
2021-04-08;SE;12209.6;508.7;24.0;989210.8;41217.1;977001.2
2021-04-08;S;6783.5;282.6;24.0;324923.5;13538.5;318140.1
2021-04-08;NE;4317.1;179.9;24.0;286484.3;11936.8;282167.2
2021-04-08;N;1585.3;66.1;24.0;149072.4;6211.3;147487.1
2021-04-09;SE;14131.1;588.8;24.0;1001740.5;41739.2;987609.4
2021-04-09;S;7077.3;294.9;24.0;334900.7;13954.2;327823.4
2021-04-09;NE;4229.9;176.2;24.0;286429.1;11934.5;282199.2
2021-04-09;N;1462.0;60.9;24.0;149152.9;6214.7;147690.9
2021-04-10;SE;15565.8;648.6;24.0;941492.6;39228.9;925926.9
2021-04-10;S;7130.9;297.1;24.0;300713.3;12529.7;293582.4
2021-04-10;NE;4206.0;175.3;24.0;271169.4;11298.7;266963.4
2021-04-10;N;1448.9;60.4;24.0;145638.5;6068.3;144189.6
2021-04-11;SE;15473.0;644.7;24.0;870240.6;36260.0;854767.6
2021-04-11;S;6472.6;269.7;24.0;260262.0;10844.3;253789.4
2021-04-11;NE;3591.2;149.6;24.0;252384.6;10516.0;248793.4
2021-04-11;N;1240.0;51.7;24.0;139947.4;5831.1;138707.5
2021-04-12;SE;14963.1;623.5;24.0;1014191.8;42258.0;999228.6
2021-04-12;S;5241.2;218.4;24.0;313676.6;13069.9;308435.3
2021-04-12;NE;3726.8;155.3;24.0;272022.6;11334.3;268295.8
2021-04-12;N;1482.8;61.8;24.0;153310.2;6387.9;151827.4
2021-04-13;SE;12135.5;505.6;24.0;1015970.4;42332.1;1003834.9
2021-04-13;S;6223.6;259.3;24.0;318161.0;13256.7;311937.4
2021-04-13;NE;4226.8;176.1;24.0;283962.3;11831.8;279735.5
2021-04-13;N;1375.3;57.3;24.0;155626.4;6484.4;154251.1
2021-04-14;SE;13105.9;546.1;24.0;999945.8;41664.4;986839.8
2021-04-14;S;5472.6;228.0;24.0;315274.0;13136.4;309801.5
2021-04-14;NE;4174.3;173.9;24.0;284574.9;11857.3;280400.6
2021-04-14;N;1369.4;57.1;24.0;153667.1;6402.8;152297.8
2021-04-15;SE;13186.6;549.4;24.0;1004850.5;41868.8;991663.9
2021-04-15;S;5302.5;220.9;24.0;316735.0;13197.3;311432.5
2021-04-15;NE;3541.0;147.5;24.0;276502.9;11521.0;272961.9
2021-04-15;N;1274.0;53.1;24.0;149478.6;6228.3;148204.6
2021-04-16;SE;13757.9;573.2;24.0;1011191.0;42133.0;997433.1
2021-04-16;S;4437.4;184.9;24.0;318718.1;13279.9;314280.7
2021-04-16;NE;4183.8;174.3;24.0;274079.4;11420.0;269895.5
2021-04-16;N;1260.7;52.5;24.0;149165.1;6215.2;147904.3
2021-04-17;SE;12426.3;517.8;24.0;941440.9;39226.7;929014.7
2021-04-17;S;4998.4;208.3;24.0;275778.8;11490.8;270780.4
2021-04-17;NE;3825.7;159.4;24.0;266196.0;11091.5;262370.3
2021-04-17;N;1169.0;48.7;24.0;146028.3;6084.5;144859.4
2021-04-18;SE;11974.6;498.9;24.0;864383.1;36016.0;852408.6
2021-04-18;S;5497.6;229.1;24.0;237506.1;9896.1;232008.5
2021-04-18;NE;3416.9;142.4;24.0;248296.2;10345.7;244879.3
2021-04-18;N;1057.8;44.1;24.0;132719.4;5530.0;131661.7
2021-04-19;SE;12325.6;513.6;24.0;974561.5;40606.7;962235.9
2021-04-19;S;5694.6;237.3;24.0;300604.0;12525.2;294909.5
2021-04-19;NE;3049.9;127.1;24.0;271379.6;11307.5;268329.6
2021-04-19;N;843.4;35.1;24.0;143400.7;5975.0;142557.3
2021-04-20;SE;13232.2;551.3;24.0;982206.7;40925.3;968974.5
2021-04-20;S;6024.9;251.0;24.0;308775.5;12865.6;302750.6
2021-04-20;NE;3944.7;164.4;24.0;277522.7;11563.4;273578.0
2021-04-20;N;1097.9;45.7;24.0;145529.1;6063.7;144431.2
2021-04-21;SE;13727.2;572.0;24.0;927245.4;38635.2;913518.2
2021-04-21;S;5930.5;247.1;24.0;281866.3;11744.4;275935.8
2021-04-21;NE;4005.8;166.9;24.0;264351.2;11014.6;260345.4
2021-04-21;N;948.1;39.5;24.0;142694.5;5945.6;141746.4
2021-04-22;SE;13415.7;559.0;24.0;967114.4;40296.4;953698.7
2021-04-22;S;6225.9;259.4;24.0;303586.5;12649.4;297360.6
2021-04-22;NE;3700.2;154.2;24.0;281190.5;11716.3;277490.3
2021-04-22;N;1104.8;46.0;24.0;148784.7;6199.4;147679.9
2021-04-23;SE;14446.3;601.9;24.0;968737.4;40364.1;954291.0
2021-04-23;S;6335.7;264.0;24.0;302275.4;12594.8;295939.7
2021-04-23;NE;3912.3;163.0;24.0;276688.8;11528.7;272776.5
2021-04-23;N;1226.1;51.1;24.0;148554.3;6189.8;147328.2
2021-04-24;SE;13938.6;580.8;24.0;921661.5;38402.6;907722.9
2021-04-24;S;4981.0;207.5;24.0;267156.1;11131.5;262175.1
2021-04-24;NE;4160.1;173.3;24.0;261299.7;10887.5;257139.6
2021-04-24;N;1252.0;52.2;24.0;143181.4;5965.9;141929.4
2021-04-25;SE;12298.2;512.4;24.0;856534.4;35688.9;844236.2
2021-04-25;S;4019.2;167.5;24.0;232459.5;9685.8;228440.2
2021-04-25;NE;4323.7;180.2;24.0;249077.5;10378.2;244753.8
2021-04-25;N;1215.3;50.6;24.0;134439.7;5601.7;133224.4
2021-04-26;SE;11655.2;485.6;24.0;990552.7;41273.0;978897.5
2021-04-26;S;5517.0;229.9;24.0;293737.5;12239.1;288220.5
2021-04-26;NE;4548.5;189.5;24.0;278176.8;11590.7;273628.3
2021-04-26;N;1398.4;58.3;24.0;143761.6;5990.1;142363.3
2021-04-27;SE;11260.6;469.2;24.0;1007204.5;41966.9;995943.9
2021-04-27;S;6319.8;263.3;24.0;301390.9;12558.0;295071.2
2021-04-27;NE;4538.0;189.1;24.0;284970.9;11873.8;280432.9
2021-04-27;N;1367.9;57.0;24.0;146193.7;6091.4;144825.8
2021-04-28;SE;12853.1;535.5;24.0;999179.0;41632.5;986325.9
2021-04-28;S;6357.5;264.9;24.0;302905.5;12621.1;296548.0
2021-04-28;NE;4165.0;173.5;24.0;284780.6;11865.9;280615.6
2021-04-28;N;1371.5;57.1;24.0;146829.2;6117.9;145457.6
2021-04-29;SE;11637.3;484.9;24.0;983457.6;40977.4;971820.3
2021-04-29;S;6286.7;261.9;24.0;303946.5;12664.4;297659.8
2021-04-29;NE;3744.5;156.0;24.0;279190.8;11633.0;275446.3
2021-04-29;N;1353.5;56.4;24.0;146997.0;6124.9;145643.6
2021-04-30;SE;11421.5;475.9;24.0;969911.9;40413.0;958490.4
2021-04-30;S;6371.9;265.5;24.0;298704.5;12446.0;292332.6
2021-04-30;NE;3978.1;165.8;24.0;271004.0;11291.8;267026.0
2021-04-30;N;1328.5;55.4;24.0;144476.9;6019.9;143148.4
2021-05-01;SE;11491.0;478.8;24.0;861727.9;35905.3;850236.9
2021-05-01;S;6302.5;262.6;24.0;240901.6;10037.6;234599.1
2021-05-01;NE;3811.2;158.8;24.0;244084.2;10170.2;240273.0
2021-05-01;N;1086.9;45.3;24.0;132545.6;5522.7;131458.6
2021-05-02;SE;12575.5;524.0;24.0;822771.5;34282.1;810196.0
2021-05-02;S;5792.8;241.4;24.0;230308.4;9596.2;224515.5
2021-05-02;NE;3452.6;143.9;24.0;238176.9;9924.0;234724.2
2021-05-02;N;1262.6;52.6;24.0;132520.2;5521.7;131257.6
2021-05-03;SE;13633.8;568.1;24.0;954555.7;39773.2;940921.9
2021-05-03;S;6090.0;253.8;24.0;306172.1;12757.2;300082.1
2021-05-03;NE;3736.0;155.7;24.0;255803.6;10658.5;252067.6
2021-05-03;N;1437.5;59.9;24.0;143069.5;5961.2;141632.0
2021-05-04;SE;13514.4;563.1;24.0;988421.4;41184.2;974907.0
2021-05-04;S;5466.8;227.8;24.0;317249.2;13218.7;311782.4
2021-05-04;NE;3319.3;138.3;24.0;259194.1;10799.8;255874.7
2021-05-04;N;1269.5;52.9;24.0;142189.0;5924.5;140919.5
2021-05-05;SE;13842.2;576.8;24.0;1003607.1;41817.0;989764.9
2021-05-05;S;3289.4;137.1;24.0;313660.9;13069.2;310371.5
2021-05-05;NE;2816.3;117.3;24.0;267223.1;11134.3;264406.8
2021-05-05;N;1193.8;49.7;24.0;145301.3;6054.2;144107.5
2021-05-06;SE;12873.3;536.4;24.0;1007539.3;41980.8;994666.0
2021-05-06;S;1910.9;79.6;24.0;308620.6;12859.2;306709.6
2021-05-06;NE;3837.6;159.9;24.0;271656.8;11319.0;267819.2
2021-05-06;N;1223.8;51.0;24.0;142800.8;5950.0;141577.0
2021-05-07;SE;11629.0;484.5;24.0;987570.6;41148.8;975941.6
2021-05-07;S;5834.3;243.1;24.0;296664.3;12361.0;290830.0
2021-05-07;NE;3922.1;163.4;24.0;276743.2;11531.0;272821.1
2021-05-07;N;1250.2;52.1;24.0;146961.9;6123.4;145711.7
2021-05-08;SE;11265.3;469.4;24.0;907635.8;37818.2;896370.4
2021-05-08;S;5980.5;249.2;24.0;257424.6;10726.0;251444.1
2021-05-08;NE;4164.4;173.5;24.0;264864.9;11036.0;260700.5
2021-05-08;N;1263.5;52.6;24.0;140856.7;5869.0;139593.2
2021-05-09;SE;12113.7;504.7;24.0;815464.6;33977.7;803350.9
2021-05-09;S;5643.9;235.2;24.0;220667.1;9194.5;215023.2
2021-05-09;NE;3750.2;156.3;24.0;244272.5;10178.0;240522.4
2021-05-09;N;1322.8;55.1;24.0;130748.3;5447.8;129425.5
2021-05-10;SE;11985.3;499.4;24.0;953003.3;39708.5;941018.0
2021-05-10;S;5268.0;219.5;24.0;291972.3;12165.5;286704.4
2021-05-10;NE;3596.2;149.8;24.0;264117.9;11004.9;260521.7
2021-05-10;N;1430.8;59.6;24.0;144655.5;6027.3;143224.7
2021-05-11;SE;12975.1;540.6;24.0;976568.2;40690.3;963593.1
2021-05-11;S;3348.4;139.5;24.0;304524.8;12688.5;301176.4
2021-05-11;NE;3410.9;142.1;24.0;266785.8;11116.1;263374.9
2021-05-11;N;1437.3;59.9;24.0;147813.9;6158.9;146376.7
2021-05-12;SE;11810.3;492.1;24.0;984536.3;41022.3;972726.0
2021-05-12;S;3665.2;152.7;24.0;301846.7;12576.9;298181.5
2021-05-12;NE;3746.4;156.1;24.0;267581.0;11149.2;263834.6
2021-05-12;N;1379.8;57.5;24.0;149007.0;6208.6;147627.2
2021-05-13;SE;10213.3;425.6;24.0;969226.8;40384.5;959013.5
2021-05-13;S;5670.5;236.3;24.0;298542.2;12439.3;292871.7
2021-05-13;NE;2901.1;120.9;24.0;264402.6;11016.8;261501.5
2021-05-13;N;1445.3;60.2;24.0;149889.6;6245.4;148444.3
2021-05-14;SE;10395.2;433.1;24.0;971689.5;40487.1;961294.3
2021-05-14;S;4378.3;182.4;24.0;298173.8;12423.9;293795.5
2021-05-14;NE;2640.8;110.0;24.0;260287.0;10845.3;257646.2
2021-05-14;N;1321.3;55.1;24.0;149027.1;6209.5;147705.9
2021-05-15;SE;11024.3;459.3;24.0;913929.0;38080.4;902904.7
2021-05-15;S;5218.7;217.4;24.0;258729.2;10780.4;253510.5
2021-05-15;NE;3394.9;141.5;24.0;252183.6;10507.6;248788.7
2021-05-15;N;1129.8;47.1;24.0;143001.6;5958.4;141871.8
2021-05-16;SE;11343.3;472.6;24.0;838931.5;34955.5;827588.3
2021-05-16;S;4827.6;201.2;24.0;224902.8;9370.9;220075.2
2021-05-16;NE;4017.5;167.4;24.0;240193.7;10008.1;236176.3
2021-05-16;N;1301.9;54.2;24.0;137316.1;5721.5;136014.2
2021-05-17;SE;12184.8;507.7;24.0;962025.1;40084.4;949840.4
2021-05-17;S;4845.0;201.9;24.0;289243.0;12051.8;284398.0
2021-05-17;NE;4271.1;178.0;24.0;264084.0;11003.5;259812.9
2021-05-17;N;1316.1;54.8;24.0;146473.6;6103.1;145157.5
2021-05-18;SE;12179.6;507.5;24.0;979190.0;40799.6;967010.4
2021-05-18;S;5877.1;244.9;24.0;298589.1;12441.2;292711.9
2021-05-18;NE;3997.9;166.6;24.0;272625.0;11359.4;268627.1
2021-05-18;N;1356.9;56.5;24.0;148887.3;6203.6;147530.4
2021-05-19;SE;12960.6;540.0;24.0;977391.5;40724.6;964430.9
2021-05-19;S;5913.4;246.4;24.0;300564.1;12523.5;294650.7
2021-05-19;NE;4250.3;177.1;24.0;274517.6;11438.2;270267.3
2021-05-19;N;1412.1;58.8;24.0;146570.4;6107.1;145158.3
2021-05-20;SE;13390.7;557.9;24.0;982610.4;40942.1;969219.7
2021-05-20;S;4618.4;192.4;24.0;305104.6;12712.7;300486.2
2021-05-20;NE;4295.0;179.0;24.0;278231.0;11593.0;273936.0
2021-05-20;N;1454.0;60.6;24.0;147978.0;6165.8;146524.0
2021-05-21;SE;12916.4;538.2;24.0;997407.0;41558.6;984490.6
2021-05-21;S;3945.3;164.4;24.0;305799.4;12741.6;301854.1
2021-05-21;NE;4206.4;175.3;24.0;282197.5;11758.2;277991.1
2021-05-21;N;1456.6;60.7;24.0;153047.0;6377.0;151590.3
2021-05-22;SE;10143.9;422.7;24.0;929784.5;38741.0;919640.7
2021-05-22;S;2947.1;122.8;24.0;256553.0;10689.7;253605.8
2021-05-22;NE;4469.0;186.2;24.0;267515.4;11146.5;263046.4
2021-05-22;N;1548.6;64.5;24.0;147455.6;6144.0;145907.0
2021-05-23;SE;8661.6;360.9;24.0;847379.9;35307.5;838718.3
2021-05-23;S;4503.2;187.6;24.0;221976.4;9249.0;217473.3
2021-05-23;NE;4635.3;193.1;24.0;251315.0;10471.5;246679.7
2021-05-23;N;1521.3;63.4;24.0;138499.0;5770.8;136977.7
2021-05-24;SE;10964.3;456.8;24.0;946049.3;39418.7;935085.0
2021-05-24;S;5340.0;222.5;24.0;287770.3;11990.4;282430.3
2021-05-24;NE;4662.7;194.3;24.0;277896.0;11579.0;273233.3
2021-05-24;N;1586.0;66.1;24.0;154485.1;6436.9;152899.2
2021-05-25;SE;12370.6;515.4;24.0;959475.4;39978.1;947104.8
2021-05-25;S;5917.8;246.6;24.0;298482.0;12436.7;292564.2
2021-05-25;NE;4768.2;198.7;24.0;282752.5;11781.4;277984.3
2021-05-25;N;1602.8;66.8;24.0;155143.4;6464.3;153540.6
2021-05-26;SE;11501.7;479.2;24.0;973918.1;40579.9;962416.4
2021-05-26;S;5392.3;224.7;24.0;299946.1;12497.8;294553.8
2021-05-26;NE;4521.0;188.4;24.0;284754.6;11864.8;280233.6
2021-05-26;N;1669.9;69.6;24.0;155205.5;6466.9;153535.6
2021-05-27;SE;11932.2;497.2;24.0;994128.8;41422.0;982196.6
2021-05-27;S;5344.0;222.7;24.0;300731.1;12530.5;295387.1
2021-05-27;NE;4320.4;180.0;24.0;280471.6;11686.3;276151.2
2021-05-27;N;1635.3;68.1;24.0;153544.4;6397.7;151909.1
2021-05-28;SE;11523.6;480.1;24.0;1004542.5;41855.9;993018.9
2021-05-28;S;2502.3;104.3;24.0;300115.1;12504.8;297612.8
2021-05-28;NE;4127.8;172.0;24.0;277703.5;11571.0;273575.6
2021-05-28;N;1543.6;64.3;24.0;150895.6;6287.3;149352.1
2021-05-29;SE;11857.6;494.1;24.0;960537.3;40022.4;948679.7
2021-05-29;S;4423.8;184.3;24.0;258973.3;10790.6;254549.5
2021-05-29;NE;4381.4;182.6;24.0;267521.4;11146.7;263139.9
2021-05-29;N;1534.7;63.9;24.0;145365.1;6056.9;143830.4
2021-05-30;SE;11085.7;461.9;24.0;869504.1;36229.3;858418.4
2021-05-30;S;4059.8;169.2;24.0;222802.3;9283.4;218742.6
2021-05-30;NE;4281.1;178.4;24.0;250248.2;10427.0;245967.2
2021-05-30;N;1610.3;67.1;24.0;138218.6;5759.1;136608.3
2021-05-31;SE;10278.2;428.3;24.0;964865.4;40202.7;954587.2
2021-05-31;S;4273.2;178.0;24.0;288071.4;12003.0;283798.3
2021-05-31;NE;3796.4;158.2;24.0;267510.9;11146.3;263714.5
2021-05-31;N;1629.4;67.9;24.0;144955.5;6039.8;143326.1
2021-06-01;SE;11087.8;462.0;24.0;964715.2;40196.5;953627.4
2021-06-01;S;5179.3;215.8;24.0;292000.0;12166.7;286820.7
2021-06-01;NE;3927.3;163.6;24.0;280281.7;11678.4;276354.4
2021-06-01;N;1586.5;66.1;24.0;150328.1;6263.7;148741.5
2021-06-02;SE;11450.7;477.1;24.0;973047.3;40543.6;961596.6
2021-06-02;S;4293.5;178.9;24.0;298333.3;12430.6;294039.8
2021-06-02;NE;4079.9;170.0;24.0;278407.0;11600.3;274327.1
2021-06-02;N;1486.4;61.9;24.0;153065.1;6377.7;151578.8
2021-06-03;SE;12195.6;508.1;24.0;930407.6;38767.0;918212.0
2021-06-03;S;4796.4;199.8;24.0;259225.5;10801.1;254429.1
2021-06-03;NE;4400.5;183.4;24.0;266799.8;11116.7;262399.4
2021-06-03;N;1438.8;60.0;24.0;143656.9;5985.7;142218.0
2021-06-04;SE;12619.1;525.8;24.0;954207.6;39758.7;941588.5
2021-06-04;S;5222.9;217.6;24.0;275262.6;11469.3;270039.7
2021-06-04;NE;3789.4;157.9;24.0;274002.5;11416.8;270213.1
2021-06-04;N;1526.3;63.6;24.0;145373.3;6057.2;143847.0
2021-06-05;SE;11615.3;484.0;24.0;903050.5;37627.1;891435.3
2021-06-05;S;5136.4;214.0;24.0;249891.9;10412.2;244755.5
2021-06-05;NE;4150.9;173.0;24.0;261824.1;10909.3;257673.2
2021-06-05;N;1539.0;64.1;24.0;141875.4;5911.5;140336.4
2021-06-06;SE;10561.4;440.1;24.0;844218.9;35175.8;833657.5
2021-06-06;S;2459.4;102.5;24.0;223615.0;9317.3;221155.6
2021-06-06;NE;3559.1;148.3;24.0;245339.7;10222.5;241780.7
2021-06-06;N;1542.0;64.2;24.0;139801.1;5825.0;138259.1
2021-06-07;SE;11097.0;462.4;24.0;961320.2;40055.0;950223.2
2021-06-07;S;2238.2;93.3;24.0;286615.6;11942.3;284377.4
2021-06-07;NE;3791.9;158.0;24.0;269064.7;11211.0;265272.8
2021-06-07;N;1531.4;63.8;24.0;148898.8;6204.1;147367.4
2021-06-08;SE;10908.3;454.5;24.0;975553.2;40648.0;964644.9
2021-06-08;S;2042.9;85.1;24.0;295882.5;12328.4;293839.6
2021-06-08;NE;3853.4;160.6;24.0;276041.7;11501.7;272188.3
2021-06-08;N;1303.9;54.3;24.0;148070.1;6169.6;146766.2
2021-06-09;SE;10732.1;447.2;24.0;979620.2;40817.5;968888.1
2021-06-09;S;3454.8;143.9;24.0;295766.2;12323.6;292311.4
2021-06-09;NE;3879.6;161.6;24.0;275207.7;11467.0;271328.2
2021-06-09;N;1285.5;53.6;24.0;147123.3;6130.1;145837.8
2021-06-10;SE;9650.1;402.1;24.0;979503.3;40812.6;969853.2
2021-06-10;S;1877.9;78.2;24.0;298857.7;12452.4;296979.9
2021-06-10;NE;4183.4;174.3;24.0;277725.0;11571.9;273541.6
2021-06-10;N;1223.0;51.0;24.0;146306.6;6096.1;145083.5
2021-06-11;SE;7392.1;308.0;24.0;965102.6;40212.6;957710.5
2021-06-11;S;4615.3;192.3;24.0;294372.4;12265.5;289757.1
2021-06-11;NE;4414.3;183.9;24.0;274808.0;11450.3;270393.7
2021-06-11;N;1255.1;52.3;24.0;144651.3;6027.1;143396.2
2021-06-12;SE;9833.9;409.7;24.0;884261.3;36844.2;874427.4
2021-06-12;S;5448.7;227.0;24.0;253962.8;10581.8;248514.1
2021-06-12;NE;4507.1;187.8;24.0;265162.8;11048.4;260655.6
2021-06-12;N;1247.3;52.0;24.0;140420.0;5850.8;139172.7
2021-06-13;SE;11329.7;472.1;24.0;800574.3;33357.3;789244.5
2021-06-13;S;5477.3;228.2;24.0;218475.9;9103.2;212998.6
2021-06-13;NE;4309.4;179.6;24.0;250103.0;10421.0;245793.6
2021-06-13;N;1498.6;62.4;24.0;135881.7;5661.7;134383.1
2021-06-14;SE;11709.5;487.9;24.0;919640.4;38318.3;907930.9
2021-06-14;S;5471.4;228.0;24.0;286398.2;11933.3;280926.8
2021-06-14;NE;3860.8;160.9;24.0;273138.9;11380.8;269278.1
2021-06-14;N;1205.6;50.2;24.0;146877.1;6119.9;145671.4
2021-06-15;SE;11810.9;492.1;24.0;937007.8;39042.0;925197.0
2021-06-15;S;4449.0;185.4;24.0;297485.1;12395.2;293036.1
2021-06-15;NE;3785.4;157.7;24.0;273562.2;11398.4;269776.8
2021-06-15;N;1293.9;53.9;24.0;145146.4;6047.8;143852.5
2021-06-16;SE;11918.3;496.6;24.0;943174.8;39299.0;931256.5
2021-06-16;S;3588.0;149.5;24.0;302228.6;12592.9;298640.6
2021-06-16;NE;4080.1;170.0;24.0;273819.4;11409.1;269739.3
2021-06-16;N;1412.6;58.9;24.0;143560.9;5981.7;142148.3
2021-06-17;SE;11164.0;465.2;24.0;939041.9;39126.7;927877.8
2021-06-17;S;3379.6;140.8;24.0;304475.1;12686.5;301095.5
2021-06-17;NE;4219.4;175.8;24.0;278475.6;11603.1;274256.2
2021-06-17;N;1456.2;60.7;24.0;144505.8;6021.1;143049.6
2021-06-18;SE;10443.7;435.2;24.0;937614.4;39067.3;927170.8
2021-06-18;S;2581.1;107.5;24.0;304112.9;12671.4;301531.8
2021-06-18;NE;3705.5;154.4;24.0;272374.5;11348.9;268669.1
2021-06-18;N;1412.2;58.8;24.0;145588.1;6066.2;144175.9
2021-06-19;SE;10571.1;440.5;24.0;884914.8;36871.5;874343.7
2021-06-19;S;1059.5;44.1;24.0;264227.8;11009.5;263168.3
2021-06-19;NE;3578.3;149.1;24.0;258391.9;10766.3;254813.6
2021-06-19;N;1497.8;62.4;24.0;141150.6;5881.3;139652.7
2021-06-20;SE;11401.0;475.0;24.0;808924.3;33705.2;797523.3
2021-06-20;S;2554.7;106.4;24.0;221504.6;9229.4;218949.9
2021-06-20;NE;3856.1;160.7;24.0;243787.5;10157.8;239931.5
2021-06-20;N;1624.1;67.7;24.0;133498.7;5562.4;131874.6
2021-06-21;SE;11919.7;496.7;24.0;921710.0;38404.6;909790.2
2021-06-21;S;2498.8;104.1;24.0;285710.8;11904.6;283212.0
2021-06-21;NE;4119.6;171.6;24.0;268722.2;11196.8;264602.6
2021-06-21;N;1606.0;66.9;24.0;146160.7;6090.0;144554.6
2021-06-22;SE;10390.5;432.9;24.0;947600.2;39483.3;937209.7
2021-06-22;S;3246.2;135.3;24.0;294460.1;12269.2;291213.8
2021-06-22;NE;4390.0;182.9;24.0;276408.9;11517.0;272018.9
2021-06-22;N;1587.2;66.1;24.0;149992.7;6249.7;148405.6
2021-06-23;SE;11079.2;461.6;24.0;949078.8;39544.9;937999.5
2021-06-23;S;4130.1;172.1;24.0;291987.8;12166.2;287857.7
2021-06-23;NE;4128.9;172.0;24.0;272931.8;11372.2;268802.8
2021-06-23;N;1491.7;62.2;24.0;146538.5;6105.8;145046.8
2021-06-24;SE;12432.8;518.0;24.0;942195.7;39258.2;929762.9
2021-06-24;S;2960.7;123.4;24.0;291195.7;12133.2;288235.0
2021-06-24;NE;3758.5;156.6;24.0;258230.2;10759.6;254471.7
2021-06-24;N;1475.9;61.5;24.0;144549.1;6022.9;143073.2
2021-06-25;SE;12176.2;507.3;24.0;950215.1;39592.3;938038.9
2021-06-25;S;4473.5;186.4;24.0;286326.8;11930.3;281853.3
2021-06-25;NE;4406.9;183.6;24.0;265167.2;11048.6;260760.3
2021-06-25;N;1549.8;64.6;24.0;146015.9;6084.0;144466.1
2021-06-26;SE;12491.0;520.5;24.0;894925.5;37288.6;882434.5
2021-06-26;S;3550.6;147.9;24.0;253750.4;10572.9;250199.8
2021-06-26;NE;4623.7;192.7;24.0;256158.5;10673.3;251534.8
2021-06-26;N;1599.8;66.7;24.0;141613.9;5900.6;140014.1
2021-06-27;SE;12302.9;512.6;24.0;819593.4;34149.7;807290.5
2021-06-27;S;2299.1;95.8;24.0;221669.8;9236.2;219370.7
2021-06-27;NE;4215.9;175.7;24.0;237422.6;9892.6;233206.7
2021-06-27;N;1614.9;67.3;24.0;136015.3;5667.3;134400.4
2021-06-28;SE;11815.2;492.3;24.0;918972.1;38290.5;907156.9
2021-06-28;S;3006.0;125.2;24.0;284926.9;11872.0;281921.0
2021-06-28;NE;4481.1;186.7;24.0;260651.2;10860.5;256170.1
2021-06-28;N;1643.5;68.5;24.0;143291.4;5970.5;141647.9
2021-06-29;SE;11076.2;461.5;24.0;916373.3;38182.2;905297.1
2021-06-29;S;4153.4;173.1;24.0;293932.2;12247.2;289778.7
2021-06-29;NE;3908.0;162.8;24.0;266101.4;11087.6;262193.3
2021-06-29;N;1643.6;68.5;24.0;141067.8;5877.8;139424.2
2021-06-30;SE;12026.4;501.1;24.0;901438.4;37559.9;889412.0
2021-06-30;S;4387.5;182.8;24.0;303943.1;12664.3;299555.7
2021-06-30;NE;3947.6;164.5;24.0;264239.3;11010.0;260291.7
2021-06-30;N;1668.5;69.5;24.0;137700.4;5737.5;136031.9
2021-07-01;SE;12660.6;527.5;24.0;895476.5;37311.5;882815.9
2021-07-01;S;5413.1;225.5;24.0;302121.4;12588.4;296708.2
2021-07-01;NE;2756.3;114.8;24.0;267294.0;11137.2;264537.7
2021-07-01;N;1626.5;67.8;24.0;139200.3;5800.0;137573.8
2021-07-02;SE;13056.3;544.0;24.0;913664.3;38069.3;900608.0
2021-07-02;S;5685.1;236.9;24.0;295895.2;12329.0;290210.1
2021-07-02;NE;3442.1;143.4;24.0;257855.9;10744.0;254413.8
2021-07-02;N;1244.9;51.9;24.0;140546.5;5856.1;139301.6
2021-07-03;SE;13410.6;558.8;24.0;863165.7;35965.2;849755.2
2021-07-03;S;5455.1;227.3;24.0;254750.3;10614.6;249295.1
2021-07-03;NE;3817.6;159.1;24.0;254525.5;10605.2;250707.8
2021-07-03;N;1380.1;57.5;24.0;132666.8;5527.8;131286.7
2021-07-04;SE;13207.4;550.3;24.0;794307.0;33096.1;781099.5
2021-07-04;S;5161.2;215.1;24.0;225194.3;9383.1;220033.1
2021-07-04;NE;4079.6;170.0;24.0;236313.9;9846.4;232234.3
2021-07-04;N;1480.9;61.7;24.0;128069.7;5336.2;126588.8
2021-07-05;SE;13130.7;547.1;24.0;900198.6;37508.3;887067.8
2021-07-05;S;5278.2;219.9;24.0;289366.5;12056.9;284088.3
2021-07-05;NE;4230.3;176.3;24.0;261888.3;10912.0;257658.1
2021-07-05;N;1569.8;65.4;24.0;139962.6;5831.8;138392.8
2021-07-06;SE;12541.0;522.5;24.0;925726.2;38571.9;913185.1
2021-07-06;S;5140.4;214.2;24.0;297885.3;12411.9;292744.9
2021-07-06;NE;4141.7;172.6;24.0;269596.7;11233.2;265455.0
2021-07-06;N;1633.5;68.1;24.0;143385.4;5974.4;141752.0
2021-07-07;SE;13126.2;546.9;24.0;930295.9;38762.3;917169.7
2021-07-07;S;5421.1;225.9;24.0;295170.6;12298.8;289749.5
2021-07-07;NE;4294.8;178.9;24.0;271132.4;11297.2;266837.6
2021-07-07;N;1629.6;67.9;24.0;144328.8;6013.7;142699.2
2021-07-08;SE;13555.6;564.8;24.0;926943.7;38622.7;913388.1
2021-07-08;S;5694.2;237.3;24.0;291643.3;12151.8;285949.1
2021-07-08;NE;4303.3;179.3;24.0;270490.0;11270.4;266186.7
2021-07-08;N;1627.6;67.8;24.0;144963.3;6040.1;143335.7
2021-07-09;SE;13625.2;567.7;24.0;887619.6;36984.1;873994.4
2021-07-09;S;5581.2;232.6;24.0;290103.8;12087.7;284522.6
2021-07-09;NE;3706.8;154.5;24.0;270668.0;11277.8;266961.2
2021-07-09;N;1638.5;68.3;24.0;146269.1;6094.5;144630.6
2021-07-10;SE;13656.8;569.0;24.0;850287.1;35428.6;836630.4
2021-07-10;S;5610.2;233.8;24.0;254908.7;10621.2;249298.5
2021-07-10;NE;4166.3;173.6;24.0;264246.6;11010.3;260080.3
2021-07-10;N;1620.7;67.5;24.0;141965.3;5915.2;140344.5
2021-07-11;SE;13654.1;568.9;24.0;787432.2;32809.7;773778.1
2021-07-11;S;5365.7;223.6;24.0;219077.0;9128.2;213711.2
2021-07-11;NE;3941.4;164.2;24.0;247169.2;10298.7;243227.8
2021-07-11;N;1573.8;65.6;24.0;135712.5;5654.7;134138.7
2021-07-12;SE;13851.5;577.1;24.0;904007.3;37667.0;890155.8
2021-07-12;S;5688.7;237.0;24.0;282336.9;11764.0;276648.2
2021-07-12;NE;4112.1;171.3;24.0;272516.1;11354.8;268403.9
2021-07-12;N;1656.1;69.0;24.0;147361.0;6140.0;145704.9
2021-07-13;SE;13769.5;573.7;24.0;934262.5;38927.6;920493.0
2021-07-13;S;4546.1;189.4;24.0;291944.4;12164.4;287398.4
2021-07-13;NE;3945.3;164.4;24.0;275179.1;11465.8;271233.8
2021-07-13;N;1639.4;68.3;24.0;146487.8;6103.7;144848.4
2021-07-14;SE;13516.7;563.2;24.0;942972.2;39290.5;929455.5
2021-07-14;S;4656.2;194.0;24.0;294078.3;12253.3;289422.1
2021-07-14;NE;4229.7;176.2;24.0;277689.1;11570.4;273459.5
2021-07-14;N;1824.0;76.0;24.0;144762.1;6031.8;142938.1
2021-07-15;SE;13743.3;572.6;24.0;950768.9;39615.4;937025.6
2021-07-15;S;2329.6;97.1;24.0;297427.4;12392.8;295097.8
2021-07-15;NE;3921.0;163.4;24.0;277652.0;11568.8;273731.0
2021-07-15;N;1743.4;72.6;24.0;145502.5;6062.6;143759.1
2021-07-16;SE;13100.3;545.8;24.0;954622.8;39775.9;941522.4
2021-07-16;S;3262.8;136.0;24.0;295571.4;12315.5;292308.5
2021-07-16;NE;4497.4;187.4;24.0;276955.7;11539.8;272458.3
2021-07-16;N;1612.4;67.2;24.0;142484.3;5936.8;140871.9
2021-07-17;SE;12475.7;519.8;24.0;890895.8;37120.7;878420.1
2021-07-17;S;3865.1;161.0;24.0;253661.1;10569.2;249796.0
2021-07-17;NE;4279.1;178.3;24.0;264417.3;11017.4;260138.3
2021-07-17;N;1704.9;71.0;24.0;141798.4;5908.3;140093.5
2021-07-18;SE;12627.7;526.2;24.0;806349.6;33597.9;793721.9
2021-07-18;S;6205.7;258.6;24.0;222312.6;9263.0;216106.9
2021-07-18;NE;4299.5;179.1;24.0;249333.7;10388.9;245034.1
2021-07-18;N;1693.7;70.6;24.0;137830.3;5742.9;136136.6
2021-07-19;SE;14078.1;586.6;24.0;891233.1;37134.7;877155.0
2021-07-19;S;6237.8;259.9;24.0;291626.1;12151.1;285388.3
2021-07-19;NE;4870.7;202.9;24.0;275979.9;11499.2;271109.3
2021-07-19;N;1720.0;71.7;24.0;149483.1;6228.5;147763.1
2021-07-20;SE;13974.8;582.3;24.0;899311.9;37471.3;885337.1
2021-07-20;S;5886.5;245.3;24.0;301240.4;12551.7;295353.9
2021-07-20;NE;4395.9;183.2;24.0;279134.4;11630.6;274738.5
2021-07-20;N;1671.4;69.6;24.0;147907.8;6162.8;146236.4
2021-07-21;SE;13894.0;578.9;24.0;909300.8;37887.5;895406.8
2021-07-21;S;6184.5;257.7;24.0;299476.5;12478.2;293292.0
2021-07-21;NE;4393.5;183.1;24.0;273674.2;11403.1;269280.7
2021-07-21;N;1673.9;69.7;24.0;148721.6;6196.7;147047.7
2021-07-22;SE;14344.0;597.7;24.0;924779.7;38532.5;910435.8
2021-07-22;S;6405.9;266.9;24.0;296251.5;12343.8;289845.6
2021-07-22;NE;4608.3;192.0;24.0;275648.4;11485.4;271040.1
2021-07-22;N;1880.9;78.4;24.0;149392.6;6224.7;147511.7
2021-07-23;SE;14326.5;596.9;24.0;928033.1;38668.0;913706.7
2021-07-23;S;6404.4;266.8;24.0;292056.0;12169.0;285651.6
2021-07-23;NE;4599.7;191.7;24.0;273936.5;11414.0;269336.9
2021-07-23;N;1896.6;79.0;24.0;144480.6;6020.0;142584.0
2021-07-24;SE;14902.2;620.9;24.0;867818.4;36159.1;852916.2
2021-07-24;S;6378.8;265.8;24.0;254447.3;10602.0;248068.5
2021-07-24;NE;4608.5;192.0;24.0;263494.3;10978.9;258885.7
2021-07-24;N;1943.2;81.0;24.0;140031.2;5834.6;138087.9
2021-07-25;SE;15079.4;628.3;24.0;794214.7;33092.3;779135.3
2021-07-25;S;6164.6;256.9;24.0;222797.2;9283.2;216632.6
2021-07-25;NE;4635.1;193.1;24.0;246726.9;10280.3;242091.8
2021-07-25;N;1973.0;82.2;24.0;137235.0;5718.1;135262.0
2021-07-26;SE;15011.2;625.5;24.0;918673.2;38278.1;903662.0
2021-07-26;S;4710.2;196.3;24.0;289813.4;12075.6;285103.2
2021-07-26;NE;4003.7;166.8;24.0;270004.5;11250.2;266000.8
2021-07-26;N;1903.0;79.3;24.0;146568.6;6107.0;144665.5
2021-07-27;SE;14020.7;584.2;24.0;950065.2;39586.1;936044.5
2021-07-27;S;3070.8;128.0;24.0;296854.0;12368.9;293783.2
2021-07-27;NE;4602.9;191.8;24.0;279459.9;11644.2;274856.9
2021-07-27;N;1881.3;78.4;24.0;146946.9;6122.8;145065.6
2021-07-28;SE;11010.3;458.8;24.0;940794.6;39199.8;929784.4
2021-07-28;S;5662.8;235.9;24.0;301239.2;12551.6;295576.4
2021-07-28;NE;4767.4;198.6;24.0;283956.9;11831.5;279189.5
2021-07-28;N;1823.2;76.0;24.0;146818.9;6117.5;144995.7
2021-07-29;SE;14810.9;617.1;24.0;907477.3;37811.6;892666.3
2021-07-29;S;6585.5;274.4;24.0;305923.1;12746.8;299337.6
2021-07-29;NE;5243.0;218.5;24.0;289644.5;12068.5;284401.5
2021-07-29;N;1826.7;76.1;24.0;148193.1;6174.7;146366.4
2021-07-30;SE;14613.8;608.9;24.0;898892.9;37453.9;884279.1
2021-07-30;S;6959.0;290.0;24.0;305530.8;12730.5;298571.8
2021-07-30;NE;4935.0;205.6;24.0;287700.6;11987.5;282765.7
2021-07-30;N;1666.8;69.4;24.0;143944.4;5997.7;142277.6
2021-07-31;SE;15007.9;625.3;24.0;846965.6;35290.2;831957.7
2021-07-31;S;6156.3;256.5;24.0;261435.9;10893.2;255279.6
2021-07-31;NE;4257.1;177.4;24.0;262116.8;10921.5;257859.7
2021-07-31;N;1643.7;68.5;24.0;137100.8;5712.5;135457.1
2021-08-01;SE;14092.1;587.2;24.0;782155.2;32589.8;768063.1
2021-08-01;S;5845.3;243.6;24.0;226336.2;9430.7;220490.9
2021-08-01;NE;4199.6;175.0;24.0;247492.6;10312.2;243293.0
2021-08-01;N;1818.5;75.8;24.0;136629.0;5692.9;134810.5
2021-08-02;SE;15072.9;628.0;24.0;889113.1;37046.4;874040.2
2021-08-02;S;6038.0;251.6;24.0;290826.6;12117.8;284788.6
2021-08-02;NE;4757.1;198.2;24.0;265362.8;11056.8;260605.7
2021-08-02;N;1995.2;83.1;24.0;145977.0;6082.4;143981.8
2021-08-03;SE;14641.8;610.1;24.0;918151.3;38256.3;903509.5
2021-08-03;S;6593.5;274.7;24.0;298223.0;12426.0;291629.5
2021-08-03;NE;4335.1;180.6;24.0;271440.9;11310.0;267105.8
2021-08-03;N;1910.3;79.6;24.0;146914.3;6121.4;145004.0
2021-08-04;SE;13520.6;563.4;24.0;925410.6;38558.8;911890.0
2021-08-04;S;5969.9;248.7;24.0;299958.0;12498.3;293988.1
2021-08-04;NE;4662.5;194.3;24.0;271703.7;11321.0;267041.2
2021-08-04;N;1967.8;82.0;24.0;149026.1;6209.4;147058.3
2021-08-05;SE;13588.2;566.2;24.0;929095.1;38712.3;915507.0
2021-08-05;S;5582.6;232.6;24.0;297156.9;12381.5;291574.3
2021-08-05;NE;4358.9;181.6;24.0;270943.1;11289.3;266584.2
2021-08-05;N;1933.4;80.6;24.0;147455.4;6144.0;145522.1
2021-08-06;SE;12724.0;530.2;24.0;930963.9;38790.2;918239.9
2021-08-06;S;5485.4;228.6;24.0;296055.4;12335.6;290570.0
2021-08-06;NE;4477.5;186.6;24.0;272994.2;11374.8;268516.7
2021-08-06;N;2042.9;85.1;24.0;147362.9;6140.1;145320.0
2021-08-07;SE;13785.5;574.4;24.0;873911.4;36413.0;860125.9
2021-08-07;S;6342.6;264.3;24.0;258483.0;10770.1;252140.4
2021-08-07;NE;4519.5;188.3;24.0;263355.4;10973.1;258835.9
2021-08-07;N;1990.2;82.9;24.0;143712.5;5988.0;141722.2
2021-08-08;SE;14142.6;589.3;24.0;793082.7;33045.1;778940.2
2021-08-08;S;6883.8;286.8;24.0;220355.5;9181.5;213471.7
2021-08-08;NE;4497.6;187.4;24.0;245754.8;10239.8;241257.2
2021-08-08;N;2067.7;86.2;24.0;138022.7;5750.9;135955.1
2021-08-09;SE;14639.2;610.0;24.0;919082.3;38295.1;904443.1
2021-08-09;S;6166.6;256.9;24.0;289633.4;12068.1;283466.8
2021-08-09;NE;3731.7;155.5;24.0;270938.6;11289.1;267206.9
2021-08-09;N;2044.5;85.2;24.0;149953.7;6248.1;147909.2
2021-08-10;SE;15179.0;632.5;24.0;954027.6;39751.2;938848.6
2021-08-10;S;3666.1;152.8;24.0;299883.9;12495.2;296217.8
2021-08-10;NE;4208.0;175.3;24.0;278271.6;11594.6;274063.6
2021-08-10;N;1946.7;81.1;24.0;153255.3;6385.6;151308.6
2021-08-11;SE;16211.3;675.5;24.0;954836.8;39784.9;938625.6
2021-08-11;S;4175.6;174.0;24.0;299273.4;12469.7;295097.7
2021-08-11;NE;4866.7;202.8;24.0;278644.1;11610.2;273777.5
2021-08-11;N;1903.0;79.3;24.0;151967.4;6332.0;150064.4
2021-08-12;SE;14751.4;614.6;24.0;947707.6;39487.8;932956.2
2021-08-12;S;4021.2;167.6;24.0;305162.9;12715.1;301141.7
2021-08-12;NE;5068.4;211.2;24.0;277696.3;11570.7;272627.9
2021-08-12;N;1801.4;75.1;24.0;149017.8;6209.1;147216.4
2021-08-13;SE;14958.3;623.3;24.0;945461.7;39394.2;930503.4
2021-08-13;S;3926.4;163.6;24.0;300860.8;12535.9;296934.4
2021-08-13;NE;5268.2;219.5;24.0;277027.7;11542.8;271759.5
2021-08-13;N;1738.1;72.4;24.0;142089.3;5920.4;140351.2
2021-08-14;SE;14987.8;624.5;24.0;880832.3;36701.3;865844.5
2021-08-14;S;4945.0;206.0;24.0;257388.8;10724.5;252443.7
2021-08-14;NE;5785.6;241.1;24.0;268270.9;11178.0;262485.4
2021-08-14;N;1892.8;78.9;24.0;139802.2;5825.1;137909.4
2021-08-15;SE;15788.1;657.8;24.0;810244.7;33760.2;794456.5
2021-08-15;S;5607.2;233.6;24.0;226853.6;9452.2;221246.4
2021-08-15;NE;5223.9;217.7;24.0;252815.7;10534.0;247591.8
2021-08-15;N;1994.3;83.1;24.0;137248.7;5718.7;135254.5
2021-08-16;SE;15544.1;647.7;24.0;935840.0;38993.3;920295.9
2021-08-16;S;6160.2;256.7;24.0;294275.0;12261.5;288114.8
2021-08-16;NE;5620.9;234.2;24.0;275100.6;11462.5;269479.7
2021-08-16;N;1985.4;82.7;24.0;149124.3;6213.5;147138.9
2021-08-17;SE;16048.3;668.7;24.0;965431.8;40226.3;949383.5
2021-08-17;S;7417.9;309.1;24.0;303734.1;12655.6;296316.2
2021-08-17;NE;5555.0;231.5;24.0;280086.0;11670.3;274531.0
2021-08-17;N;2059.4;85.8;24.0;152694.0;6362.3;150634.6
2021-08-18;SE;17153.9;714.7;24.0;984958.9;41040.0;967805.0
2021-08-18;S;6749.6;281.2;24.0;310843.9;12951.8;304094.3
2021-08-18;NE;5804.8;241.9;24.0;281384.4;11724.4;275579.7
2021-08-18;N;2182.2;90.9;24.0;155408.6;6475.4;153226.4
2021-08-19;SE;17690.9;737.1;24.0;984137.4;41005.7;966446.5
2021-08-19;S;7997.9;333.2;24.0;316266.9;13177.8;308269.0
2021-08-19;NE;5343.0;222.6;24.0;284069.8;11836.2;278726.8
2021-08-19;N;2177.7;90.7;24.0;156322.5;6513.4;154144.8
2021-08-20;SE;18035.4;751.5;24.0;987231.3;41134.6;969195.9
2021-08-20;S;7410.8;308.8;24.0;311116.3;12963.2;303705.5
2021-08-20;NE;4919.6;205.0;24.0;282297.6;11762.4;277378.0
2021-08-20;N;2177.3;90.7;24.0;155908.6;6496.2;153731.3
2021-08-21;SE;17986.8;749.4;24.0;916634.8;38193.1;898648.0
2021-08-21;S;7318.0;304.9;24.0;269921.3;11246.7;262603.2
2021-08-21;NE;5871.4;244.6;24.0;269997.2;11249.9;264125.8
2021-08-21;N;2083.0;86.8;24.0;155210.2;6467.1;153127.2
2021-08-22;SE;18417.2;767.4;24.0;841446.1;35060.3;823029.0
2021-08-22;S;8011.3;333.8;24.0;236045.6;9835.2;228034.3
2021-08-22;NE;5486.5;228.6;24.0;253676.2;10569.8;248189.6
2021-08-22;N;2082.9;86.8;24.0;150717.8;6279.9;148634.9
2021-08-23;SE;17949.6;747.9;24.0;987548.2;41147.8;969598.6
2021-08-23;S;6994.5;291.4;24.0;301980.6;12582.5;294986.1
2021-08-23;NE;4729.9;197.1;24.0;275305.3;11471.1;270575.4
2021-08-23;N;2168.2;90.3;24.0;161370.7;6723.8;159202.4
2021-08-24;SE;17883.6;745.1;24.0;1026952.8;42789.7;1009069.3
2021-08-24;S;5538.3;230.8;24.0;311003.8;12958.5;305465.4
2021-08-24;NE;5049.2;210.4;24.0;280165.3;11673.6;275116.1
2021-08-24;N;2075.0;86.5;24.0;161967.9;6748.7;159893.0
2021-08-25;SE;18644.2;776.8;24.0;1040985.9;43374.4;1022341.6
2021-08-25;S;5288.8;220.4;24.0;312032.3;13001.3;306743.5
2021-08-25;NE;5460.9;227.5;24.0;276702.8;11529.3;271241.9
2021-08-25;N;2016.5;84.0;24.0;160473.4;6686.4;158456.9
2021-08-26;SE;17349.2;722.9;24.0;1042656.7;43444.0;1025307.5
2021-08-26;S;3789.2;157.9;24.0;301058.3;12544.1;297269.1
2021-08-26;NE;5778.0;240.7;24.0;282187.7;11757.8;276409.7
2021-08-26;N;1989.8;82.9;24.0;164345.7;6847.7;162355.9
2021-08-27;SE;16155.1;673.1;24.0;1004377.7;41849.1;988222.6
2021-08-27;S;6156.2;256.5;24.0;294391.1;12266.3;288234.9
2021-08-27;NE;5897.5;245.7;24.0;280716.3;11696.5;274818.8
2021-08-27;N;2069.8;86.2;24.0;163522.3;6813.4;161452.5
2021-08-28;SE;14065.4;586.1;24.0;931639.1;38818.3;917573.8
2021-08-28;S;5512.9;229.7;24.0;257067.9;10711.2;251555.0
2021-08-28;NE;5958.3;248.3;24.0;269461.7;11227.6;263503.3
2021-08-28;N;2093.8;87.2;24.0;155109.2;6462.9;153015.4
2021-08-29;SE;13939.4;580.8;24.0;849164.6;35381.9;835225.2
2021-08-29;S;5874.0;244.8;24.0;222923.5;9288.5;217049.5
2021-08-29;NE;5677.6;236.6;24.0;254787.7;10616.2;249110.0
2021-08-29;N;2180.2;90.8;24.0;147707.6;6154.5;145527.4
2021-08-30;SE;15245.7;635.2;24.0;953234.0;39718.1;937988.3
2021-08-30;S;7979.5;332.5;24.0;286483.1;11936.8;278503.6
2021-08-30;NE;5541.8;230.9;24.0;275725.1;11488.5;270183.3
2021-08-30;N;1957.4;81.6;24.0;153209.3;6383.7;151251.9
2021-08-31;SE;16262.5;677.6;24.0;959347.9;39972.8;943085.4
2021-08-31;S;8600.1;358.3;24.0;295679.9;12320.0;287079.8
2021-08-31;NE;5766.4;240.3;24.0;280432.0;11684.7;274665.7
2021-08-31;N;1857.1;77.4;24.0;150556.2;6273.2;148699.1
2021-09-01;SE;16463.2;686.0;24.0;968811.7;40367.2;952348.4
2021-09-01;S;8925.2;371.9;24.0;300754.9;12531.5;291829.7
2021-09-01;NE;5386.1;224.4;24.0;283437.1;11809.9;278051.0
2021-09-01;N;1745.9;72.7;24.0;153131.8;6380.5;151385.9
2021-09-02;SE;16322.6;680.1;24.0;980206.9;40842.0;963884.4
2021-09-02;S;7853.5;327.2;24.0;304091.2;12670.5;296237.7
2021-09-02;NE;5934.1;247.3;24.0;281315.0;11721.5;275381.0
2021-09-02;N;1909.8;79.6;24.0;155033.0;6459.7;153123.1
2021-09-03;SE;17750.0;739.6;24.0;1003183.8;41799.3;985433.7
2021-09-03;S;7679.3;320.0;24.0;303799.3;12658.3;296120.0
2021-09-03;NE;5713.3;238.1;24.0;286348.8;11931.2;280635.4
2021-09-03;N;2028.1;84.5;24.0;156450.3;6518.8;154422.2
2021-09-04;SE;18970.7;790.4;24.0;932228.5;38842.9;913257.8
2021-09-04;S;6834.4;284.8;24.0;260516.1;10854.8;253681.6
2021-09-04;NE;5894.6;245.6;24.0;279896.2;11662.3;274001.6
2021-09-04;N;2056.4;85.7;24.0;148471.0;6186.3;146414.6
2021-09-05;SE;18124.8;755.2;24.0;859078.5;35794.9;840953.8
2021-09-05;S;6971.9;290.5;24.0;225279.8;9386.7;218307.9
2021-09-05;NE;6080.2;253.3;24.0;262964.7;10956.9;256884.6
2021-09-05;N;2138.5;89.1;24.0;144761.5;6031.7;142623.0
2021-09-06;SE;18859.1;785.8;24.0;947592.4;39483.0;928733.3
2021-09-06;S;7207.0;300.3;24.0;269577.9;11232.4;262370.9
2021-09-06;NE;6473.9;269.7;24.0;285229.8;11884.6;278755.9
2021-09-06;N;2198.5;91.6;24.0;155168.0;6465.3;152969.5
2021-09-07;SE;18106.3;754.4;24.0;935285.7;38970.2;917179.4
2021-09-07;S;6286.5;261.9;24.0;261688.3;10903.7;255401.8
2021-09-07;NE;6626.1;276.1;24.0;275503.9;11479.3;268877.8
2021-09-07;N;2140.3;89.2;24.0;152156.6;6339.9;150016.3
2021-09-08;SE;17968.8;748.7;24.0;1043561.1;43481.7;1025592.3
2021-09-08;S;4715.5;196.5;24.0;299594.4;12483.1;294878.9
2021-09-08;NE;5899.1;245.8;24.0;296068.2;12336.2;290169.1
2021-09-08;N;2089.4;87.1;24.0;157831.4;6576.3;155742.0
2021-09-09;SE;17569.5;732.1;24.0;1046992.1;43624.7;1029422.6
2021-09-09;S;7542.7;314.3;24.0;290583.0;12107.6;283040.4
2021-09-09;NE;6726.9;280.3;24.0;297291.6;12387.2;290564.7
2021-09-09;N;2188.6;91.2;24.0;157404.8;6558.5;155216.3
2021-09-10;SE;17257.8;719.1;24.0;1023716.5;42654.9;1006458.7
2021-09-10;S;7588.5;316.2;24.0;286652.3;11943.8;279063.8
2021-09-10;NE;6838.5;284.9;24.0;296820.9;12367.5;289982.4
2021-09-10;N;2205.6;91.9;24.0;159645.5;6651.9;157439.9
2021-09-11;SE;17904.4;746.0;24.0;949256.6;39552.4;931352.1
2021-09-11;S;8125.1;338.5;24.0;253184.9;10549.4;245059.9
2021-09-11;NE;6711.1;279.6;24.0;287897.8;11995.7;281186.7
2021-09-11;N;2227.5;92.8;24.0;155672.8;6486.4;153445.3
2021-09-12;SE;19554.4;814.8;24.0;883038.2;36793.3;863483.8
2021-09-12;S;9440.5;393.4;24.0;226315.3;9429.8;216874.9
2021-09-12;NE;6436.1;268.2;24.0;266764.9;11115.2;260328.8
2021-09-12;N;2196.0;91.5;24.0;147945.1;6164.4;145749.1
2021-09-13;SE;20064.6;836.0;24.0;1049554.4;43731.4;1029489.8
2021-09-13;S;6546.3;272.8;24.0;304395.4;12683.1;297849.0
2021-09-13;NE;6279.4;261.6;24.0;292833.6;12201.4;286554.2
2021-09-13;N;2220.4;92.5;24.0;157301.9;6554.2;155081.6
2021-09-14;SE;20011.2;833.8;24.0;1083575.4;45149.0;1063564.2
2021-09-14;S;4168.6;173.7;24.0;307877.1;12828.2;303708.5
2021-09-14;NE;6383.5;266.0;24.0;299693.9;12487.2;293310.4
2021-09-14;N;2226.2;92.8;24.0;158232.4;6593.0;156006.1
2021-09-15;SE;18091.1;753.8;24.0;1063951.6;44331.3;1045860.5
2021-09-15;S;7456.7;310.7;24.0;302046.7;12585.3;294590.1
2021-09-15;NE;6253.8;260.6;24.0;301949.4;12581.2;295695.5
2021-09-15;N;2229.2;92.9;24.0;158487.4;6603.6;156258.2
2021-09-16;SE;17509.6;729.6;24.0;1030399.1;42933.3;1012889.5
2021-09-16;S;6253.2;260.5;24.0;301841.3;12576.7;295588.1
2021-09-16;NE;6484.9;270.2;24.0;302578.7;12607.4;296093.7
2021-09-16;N;2197.8;91.6;24.0;155081.9;6461.7;152884.1
2021-09-17;SE;18020.8;750.9;24.0;1014143.9;42256.0;996123.0
2021-09-17;S;5628.6;234.5;24.0;307096.9;12795.7;301468.4
2021-09-17;NE;6713.8;279.7;24.0;297227.0;12384.5;290513.2
2021-09-17;N;2224.9;92.7;24.0;153825.6;6409.4;151600.7
2021-09-18;SE;21639.8;901.7;24.0;955128.8;39797.0;933489.0
2021-09-18;S;8507.3;354.5;24.0;269707.5;11237.8;261200.2
2021-09-18;NE;6891.8;287.2;24.0;282836.0;11784.8;275944.2
2021-09-18;N;2199.6;91.7;24.0;146435.2;6101.5;144235.6
2021-09-19;SE;21320.0;888.3;24.0;897243.4;37385.1;875923.4
2021-09-19;S;8034.7;334.8;24.0;243636.7;10151.5;235602.0
2021-09-19;NE;7209.0;300.4;24.0;267669.7;11152.9;260460.7
2021-09-19;N;2333.9;97.2;24.0;143250.1;5968.8;140916.2
2021-09-20;SE;20611.5;858.8;24.0;1057084.2;44045.2;1036472.7
2021-09-20;S;9028.3;376.2;24.0;305759.1;12740.0;296730.8
2021-09-20;NE;6986.7;291.1;24.0;293716.5;12238.2;286729.8
2021-09-20;N;2411.1;100.5;24.0;157045.7;6543.6;154634.7
2021-09-21;SE;20337.9;847.4;24.0;1086377.6;45265.7;1066039.6
2021-09-21;S;6182.4;257.6;24.0;319627.3;13317.8;313444.8
2021-09-21;NE;7339.7;305.8;24.0;305786.7;12741.1;298447.0
2021-09-21;N;2234.6;93.1;24.0;159464.3;6644.3;157229.6
2021-09-22;SE;19913.6;829.7;24.0;1008779.3;42032.5;988865.7
2021-09-22;S;9564.7;398.5;24.0;306473.2;12769.7;296908.5
2021-09-22;NE;7175.6;299.0;24.0;309227.1;12884.5;302051.5
2021-09-22;N;2355.4;98.1;24.0;161354.5;6723.1;158999.2
2021-09-23;SE;21293.4;887.2;24.0;991864.3;41327.7;970570.9
2021-09-23;S;8031.6;334.6;24.0;300041.0;12501.7;292009.4
2021-09-23;NE;6267.4;261.1;24.0;305609.7;12733.7;299342.3
2021-09-23;N;2300.1;95.8;24.0;158621.7;6609.2;156321.6
2021-09-24;SE;21510.8;896.3;24.0;998067.8;41586.2;976557.1
2021-09-24;S;7225.1;301.0;24.0;301056.1;12544.0;293831.0
2021-09-24;NE;5896.8;245.7;24.0;300837.2;12534.9;294940.4
2021-09-24;N;2153.2;89.7;24.0;157780.9;6574.2;155627.6
2021-09-25;SE;20065.3;836.1;24.0;936271.7;39011.3;916206.4
2021-09-25;S;9556.2;398.2;24.0;265541.9;11064.2;255985.7
2021-09-25;NE;6170.2;257.1;24.0;290540.8;12105.9;284370.6
2021-09-25;N;2238.8;93.3;24.0;151932.6;6330.5;149693.8
2021-09-26;SE;20736.2;864.0;24.0;863923.8;35996.8;843187.6
2021-09-26;S;10641.8;443.4;24.0;233252.3;9718.8;222610.5
2021-09-26;NE;6371.6;265.5;24.0;278697.4;11612.4;272325.8
2021-09-26;N;2142.6;89.3;24.0;142781.1;5949.2;140638.4
2021-09-27;SE;20423.6;851.0;24.0;995660.2;41485.8;975236.7
2021-09-27;S;10679.1;445.0;24.0;307398.2;12808.3;296719.2
2021-09-27;NE;6556.1;273.2;24.0;300980.0;12540.8;294423.9
2021-09-27;N;2161.0;90.0;24.0;153731.1;6405.5;151570.0
2021-09-28;SE;20699.9;862.5;24.0;1048760.2;43698.3;1028060.3
2021-09-28;S;7819.5;325.8;24.0;320907.2;13371.1;313087.6
2021-09-28;NE;6384.9;266.0;24.0;306524.1;12771.8;300139.3
2021-09-28;N;2076.8;86.5;24.0;155200.4;6466.7;153123.6
2021-09-29;SE;19953.2;831.4;24.0;1061819.2;44242.5;1041866.0
2021-09-29;S;7581.7;315.9;24.0;312640.0;13026.7;305058.3
2021-09-29;NE;6328.8;263.7;24.0;306705.6;12779.4;300376.8
2021-09-29;N;2158.7;89.9;24.0;154181.2;6424.2;152022.5
2021-09-30;SE;20269.6;844.6;24.0;1052026.6;43834.4;1031757.0
2021-09-30;S;7970.6;332.1;24.0;308808.9;12867.0;300838.3
2021-09-30;NE;6464.2;269.3;24.0;308826.8;12867.8;302362.6
2021-09-30;N;2212.4;92.2;24.0;158583.6;6607.7;156371.2
2021-10-01;SE;19646.9;818.6;24.0;1027473.9;42811.4;1007827.1
2021-10-01;S;5294.3;220.6;24.0;301627.2;12567.8;296332.9
2021-10-01;NE;6697.4;279.1;24.0;308930.6;12872.1;302233.1
2021-10-01;N;2336.5;97.4;24.0;156685.6;6528.6;154349.1
2021-10-02;SE;19130.7;797.1;24.0;942780.8;39282.5;923650.0
2021-10-02;S;6452.0;268.8;24.0;259881.1;10828.4;253429.1
2021-10-02;NE;6729.2;280.4;24.0;297890.4;12412.1;291161.3
2021-10-02;N;1947.7;81.2;24.0;145976.6;6082.4;144028.9
2021-10-03;SE;19949.2;831.2;24.0;876481.4;36520.1;856532.2
2021-10-03;S;4800.0;200.0;24.0;225799.9;9408.3;220999.9
2021-10-03;NE;7197.3;299.9;24.0;280830.0;11701.3;273632.7
2021-10-03;N;2328.2;97.0;24.0;142023.1;5917.6;139694.9
2021-10-04;SE;19964.2;831.8;24.0;1006976.0;41957.3;987011.8
2021-10-04;S;5220.1;217.5;24.0;288045.2;12001.9;282825.1
2021-10-04;NE;7395.2;308.1;24.0;307004.0;12791.8;299608.7
2021-10-04;N;2388.1;99.5;24.0;154104.0;6421.0;151715.8
2021-10-05;SE;16746.4;697.8;24.0;1007993.5;41999.7;991247.1
2021-10-05;S;9428.3;392.8;24.0;293660.8;12235.9;284232.5
2021-10-05;NE;7387.4;307.8;24.0;312101.2;13004.2;304713.7
2021-10-05;N;2572.7;107.2;24.0;155714.9;6488.1;153142.2
2021-10-06;SE;19078.6;794.9;24.0;1025167.3;42715.3;1006088.7
2021-10-06;S;6512.2;271.3;24.0;300952.1;12539.7;294439.9
2021-10-06;NE;7134.9;297.3;24.0;316260.5;13177.5;309125.6
2021-10-06;N;2461.0;102.5;24.0;157703.4;6571.0;155242.4
2021-10-07;SE;17642.6;735.1;24.0;1017517.1;42396.5;999874.5
2021-10-07;S;7149.2;297.9;24.0;299113.7;12463.1;291964.5
2021-10-07;NE;7343.4;306.0;24.0;312995.0;13041.5;305651.7
2021-10-07;N;2408.5;100.4;24.0;155309.3;6471.2;152900.8
2021-10-08;SE;16918.5;704.9;24.0;991266.9;41302.8;974348.4
2021-10-08;S;7136.5;297.4;24.0;299516.3;12479.8;292379.7
2021-10-08;NE;6788.1;282.8;24.0;311360.7;12973.4;304572.6
2021-10-08;N;2392.2;99.7;24.0;153942.7;6414.3;151550.5
2021-10-09;SE;16462.0;685.9;24.0;919567.6;38315.3;903105.7
2021-10-09;S;3727.0;155.3;24.0;258549.5;10772.9;254822.5
2021-10-09;NE;6927.9;288.7;24.0;297258.0;12385.7;290330.1
2021-10-09;N;2403.2;100.1;24.0;149871.8;6244.7;147468.6
2021-10-10;SE;10376.1;432.3;24.0;818735.3;34114.0;808359.2
2021-10-10;S;6558.0;273.2;24.0;222035.4;9251.5;215477.5
2021-10-10;NE;6969.5;290.4;24.0;270387.0;11266.1;263417.6
2021-10-10;N;2346.7;97.8;24.0;141036.5;5876.5;138689.9
2021-10-11;SE;11308.2;471.2;24.0;881046.2;36710.3;869738.0
2021-10-11;S;5613.1;233.9;24.0;267461.9;11144.2;261848.8
2021-10-11;NE;7366.4;306.9;24.0;290164.9;12090.2;282798.5
2021-10-11;N;2196.4;91.5;24.0;149361.7;6223.4;147165.2
2021-10-12;SE;15992.6;666.4;24.0;848591.7;35358.0;832599.1
2021-10-12;S;9354.1;389.8;24.0;248442.5;10351.8;239088.4
2021-10-12;NE;7147.2;297.8;24.0;281943.6;11747.6;274796.3
2021-10-12;N;2537.9;105.7;24.0;144702.2;6029.3;142164.3
2021-10-13;SE;20934.7;872.3;24.0;971425.2;40476.0;950490.5
2021-10-13;S;11219.3;467.5;24.0;303490.8;12645.5;292271.5
2021-10-13;NE;7275.4;303.1;24.0;306011.8;12750.5;298736.4
2021-10-13;N;2443.9;101.8;24.0;156553.7;6523.1;154109.8
2021-10-14;SE;18321.6;763.4;24.0;1000997.0;41708.2;982675.3
2021-10-14;S;6863.3;286.0;24.0;303038.3;12626.6;296175.0
2021-10-14;NE;6896.9;287.4;24.0;310363.8;12931.8;303466.9
2021-10-14;N;2392.2;99.7;24.0;157424.0;6559.3;155031.8
2021-10-15;SE;19714.3;821.4;24.0;1019735.2;42489.0;1000020.8
2021-10-15;S;2657.0;110.7;24.0;305638.5;12734.9;302981.5
2021-10-15;NE;7214.4;300.6;24.0;309001.9;12875.1;301787.5
2021-10-15;N;2394.8;99.8;24.0;155775.2;6490.6;153380.4
2021-10-16;SE;15977.7;665.7;24.0;931262.7;38802.6;915285.0
2021-10-16;S;5473.2;228.1;24.0;261685.9;10903.6;256212.7
2021-10-16;NE;7244.7;301.9;24.0;301575.9;12565.7;294331.1
2021-10-16;N;2453.8;102.2;24.0;152035.2;6334.8;149581.4
2021-10-17;SE;17479.6;728.3;24.0;837608.6;34900.4;820129.1
2021-10-17;S;6305.1;262.7;24.0;223844.4;9326.9;217539.3
2021-10-17;NE;7342.3;305.9;24.0;277710.2;11571.3;270368.0
2021-10-17;N;2386.7;99.4;24.0;139858.2;5827.4;137471.5
2021-10-18;SE;13782.1;574.3;24.0;943184.2;39299.3;929402.0
2021-10-18;S;8001.1;333.4;24.0;288041.5;12001.7;280040.4
2021-10-18;NE;7431.2;309.6;24.0;300815.3;12534.0;293384.1
2021-10-18;N;2170.6;90.4;24.0;144137.4;6005.7;141966.7
2021-10-19;SE;12671.3;528.0;24.0;943864.3;39327.7;931193.0
2021-10-19;S;10369.4;432.1;24.0;299344.3;12472.7;288975.0
2021-10-19;NE;7199.0;300.0;24.0;308174.2;12840.6;300975.2
2021-10-19;N;2399.3;100.0;24.0;146314.6;6096.4;143915.2
2021-10-20;SE;16349.2;681.2;24.0;930093.8;38753.9;913744.6
2021-10-20;S;11354.0;473.1;24.0;299523.2;12480.1;288169.2
2021-10-20;NE;7049.8;293.7;24.0;307117.9;12796.6;300068.0
2021-10-20;N;2454.2;102.3;24.0;150623.0;6276.0;148168.8
2021-10-21;SE;19304.4;804.4;24.0;934615.9;38942.3;915311.5
2021-10-21;S;11311.8;471.3;24.0;301013.7;12542.2;289701.9
2021-10-21;NE;6490.1;270.4;24.0;304768.7;12698.7;298278.5
2021-10-21;N;2101.5;87.6;24.0;146997.3;6124.9;144895.8
2021-10-22;SE;22402.9;933.5;24.0;945265.2;39386.0;922862.3
2021-10-22;S;13330.9;555.5;24.0;300187.6;12507.8;286856.6
2021-10-22;NE;5849.6;243.7;24.0;295917.2;12329.9;290067.6
2021-10-22;N;2018.5;84.1;24.0;144685.5;6028.6;142667.0
2021-10-23;SE;22853.7;952.2;24.0;920414.4;38350.6;897560.7
2021-10-23;S;6922.6;288.4;24.0;269581.7;11232.6;262659.1
2021-10-23;NE;6191.9;258.0;24.0;287077.2;11961.5;280885.2
2021-10-23;N;1846.4;76.9;24.0;140047.9;5835.3;138201.6
2021-10-24;SE;16568.7;690.4;24.0;848575.5;35357.3;832006.8
2021-10-24;S;9949.0;414.5;24.0;224531.8;9355.5;214582.7
2021-10-24;NE;6559.7;273.3;24.0;269126.9;11213.6;262567.2
2021-10-24;N;2432.2;101.3;24.0;138233.2;5759.7;135801.0
2021-10-25;SE;17056.6;710.7;24.0;944301.2;39345.9;927244.6
2021-10-25;S;12594.1;524.8;24.0;295630.3;12317.9;283036.2
2021-10-25;NE;7477.1;311.5;24.0;294827.6;12284.5;287350.5
2021-10-25;N;2484.0;103.5;24.0;154625.2;6442.7;152141.2
2021-10-26;SE;18331.2;763.8;24.0;990824.6;41284.4;972493.4
2021-10-26;S;13552.3;564.7;24.0;316108.9;13171.2;302556.5
2021-10-26;NE;7422.6;309.3;24.0;296483.9;12353.5;289061.3
2021-10-26;N;2337.3;97.4;24.0;156842.2;6535.1;154504.9
2021-10-27;SE;18982.7;790.9;24.0;1001541.3;41730.9;982558.6
2021-10-27;S;12770.4;532.1;24.0;325514.4;13563.1;312744.0
2021-10-27;NE;7374.9;307.3;24.0;296394.2;12349.8;289019.3
2021-10-27;N;2318.5;96.6;24.0;156606.9;6525.3;154288.4
2021-10-28;SE;18825.3;784.4;24.0;1001406.5;41725.3;982581.2
2021-10-28;S;11341.9;472.6;24.0;330585.0;13774.4;319243.2
2021-10-28;NE;7303.4;304.3;24.0;298129.1;12422.0;290825.8
2021-10-28;N;2389.2;99.6;24.0;155208.0;6467.0;152818.8
2021-10-29;SE;20851.1;868.8;24.0;998046.5;41585.3;977195.4
2021-10-29;S;11543.4;481.0;24.0;327849.7;13660.4;316306.3
2021-10-29;NE;7055.6;294.0;24.0;296747.0;12364.5;289691.3
2021-10-29;N;2504.0;104.3;24.0;155480.0;6478.3;152976.0
2021-10-30;SE;19847.8;827.0;24.0;917822.6;38242.6;897974.8
2021-10-30;S;11047.5;460.3;24.0;283196.2;11799.8;272148.8
2021-10-30;NE;7003.1;291.8;24.0;285405.4;11891.9;278402.3
2021-10-30;N;2396.4;99.8;24.0;149592.5;6233.0;147196.1
2021-10-31;SE;13121.2;546.7;24.0;822489.5;34270.4;809368.2
2021-10-31;S;10460.6;435.9;24.0;241620.9;10067.5;231160.3
2021-10-31;NE;7079.6;295.0;24.0;261508.3;10896.2;254428.7
2021-10-31;N;2454.8;102.3;24.0;139176.4;5799.0;136721.6
2021-11-01;SE;15836.7;659.9;24.0;899356.0;37473.2;883519.3
2021-11-01;S;11325.9;471.9;24.0;287657.0;11985.7;276331.1
2021-11-01;NE;6708.7;279.5;24.0;293054.6;12210.6;286345.8
2021-11-01;N;2124.5;88.5;24.0;146212.6;6092.2;144088.1
2021-11-02;SE;19888.9;828.7;24.0;869749.8;36239.6;849861.0
2021-11-02;S;12053.2;502.2;24.0;267475.4;11144.8;255422.3
2021-11-02;NE;6827.9;284.5;24.0;279773.9;11657.2;272946.0
2021-11-02;N;1895.0;79.0;24.0;139199.6;5800.0;137304.5
2021-11-03;SE;21282.0;886.7;24.0;978294.2;40762.3;957012.3
2021-11-03;S;11274.5;469.8;24.0;322496.2;13437.3;311221.7
2021-11-03;NE;6897.5;287.4;24.0;300294.9;12512.3;293397.5
2021-11-03;N;2388.5;99.5;24.0;150252.6;6260.5;147864.1
2021-11-04;SE;21675.2;903.1;24.0;1006767.7;41948.7;985092.5
2021-11-04;S;12197.5;508.2;24.0;333945.4;13914.4;321747.9
2021-11-04;NE;7146.0;297.8;24.0;299795.7;12491.5;292649.7
2021-11-04;N;2399.7;100.0;24.0;151333.9;6305.6;148934.2
2021-11-05;SE;22676.0;944.8;24.0;1018595.4;42441.5;995919.4
2021-11-05;S;11621.6;484.2;24.0;338293.6;14095.6;326671.9
2021-11-05;NE;6173.8;257.2;24.0;294976.4;12290.7;288802.6
2021-11-05;N;2384.8;99.4;24.0;152041.5;6335.1;149656.7
2021-11-06;SE;22563.6;940.2;24.0;951866.6;39661.1;929302.9
2021-11-06;S;9169.9;382.1;24.0;287250.8;11968.8;278080.9
2021-11-06;NE;6947.3;289.5;24.0;282191.7;11758.0;275244.4
2021-11-06;N;2277.1;94.9;24.0;146014.7;6083.9;143737.5
2021-11-07;SE;22072.6;919.7;24.0;869340.5;36222.5;847267.9
2021-11-07;S;9768.1;407.0;24.0;243388.8;10141.2;233620.7
2021-11-07;NE;6676.6;278.2;24.0;265425.9;11059.4;258749.3
2021-11-07;N;1924.5;80.2;24.0;140683.8;5861.8;138759.3
2021-11-08;SE;20122.6;838.4;24.0;1000841.8;41701.7;980719.2
2021-11-08;S;11666.5;486.1;24.0;310032.3;12918.0;298365.8
2021-11-08;NE;6671.8;278.0;24.0;287861.4;11994.2;281189.6
2021-11-08;N;2224.8;92.7;24.0;154362.6;6431.8;152137.8
2021-11-09;SE;18092.6;753.9;24.0;1019299.6;42470.8;1001207.0
2021-11-09;S;13262.2;552.6;24.0;320341.8;13347.6;307079.6
2021-11-09;NE;7031.8;293.0;24.0;292396.5;12183.2;285364.8
2021-11-09;N;1413.6;58.9;24.0;151153.5;6298.1;149739.9
2021-11-10;SE;17790.9;741.3;24.0;1012700.6;42195.9;994909.8
2021-11-10;S;11763.9;490.2;24.0;320138.3;13339.1;308374.4
2021-11-10;NE;7196.7;299.9;24.0;295818.6;12325.8;288621.9
2021-11-10;N;1524.8;63.5;24.0;148735.1;6197.3;147210.3
2021-11-11;SE;10086.8;420.3;24.0;979733.5;40822.2;969646.7
2021-11-11;S;9610.3;400.4;24.0;316898.5;13204.1;307288.2
2021-11-11;NE;7407.4;308.6;24.0;298465.7;12436.1;291058.3
2021-11-11;N;2436.5;101.5;24.0;150793.0;6283.0;148356.6
2021-11-12;SE;12510.5;521.3;24.0;957367.8;39890.3;944857.4
2021-11-12;S;11285.3;470.2;24.0;314415.1;13100.6;303129.8
2021-11-12;NE;7572.2;315.5;24.0;300357.0;12514.9;292784.8
2021-11-12;N;2416.4;100.7;24.0;154562.3;6440.1;152145.9
2021-11-13;SE;18007.8;750.3;24.0;881417.0;36725.7;863409.2
2021-11-13;S;13386.1;557.8;24.0;272693.3;11362.2;259307.2
2021-11-13;NE;6978.4;290.8;24.0;280766.9;11698.6;273788.5
2021-11-13;N;2519.6;105.0;24.0;150149.0;6256.2;147629.5
2021-11-14;SE;20064.6;836.0;24.0;812060.3;33835.8;791995.6
2021-11-14;S;13933.4;580.6;24.0;239519.5;9980.0;225586.1
2021-11-14;NE;6319.0;263.3;24.0;256965.5;10706.9;250646.5
2021-11-14;N;1999.5;83.3;24.0;140467.6;5852.8;138468.1
2021-11-15;SE;20867.8;869.5;24.0;860560.5;35856.7;839692.7
2021-11-15;S;11695.6;487.3;24.0;267247.9;11135.3;255552.3
2021-11-15;NE;6291.7;262.2;24.0;258257.7;10760.7;251966.0
2021-11-15;N;2085.0;86.9;24.0;142397.6;5933.2;140312.6
2021-11-16;SE;20104.8;837.7;24.0;994280.3;41428.3;974175.4
2021-11-16;S;10901.5;454.2;24.0;329754.9;13739.8;318853.4
2021-11-16;NE;6639.1;276.6;24.0;285976.0;11915.7;279337.0
2021-11-16;N;2149.9;89.6;24.0;149321.5;6221.7;147171.7
2021-11-17;SE;18128.8;755.4;24.0;1040014.4;43333.9;1021885.6
2021-11-17;S;7127.6;297.0;24.0;327212.0;13633.8;320084.4
2021-11-17;NE;7481.9;311.7;24.0;296173.9;12340.6;288692.0
2021-11-17;N;2494.4;103.9;24.0;151221.2;6300.9;148726.8
2021-11-18;SE;13410.2;558.8;24.0;1035722.7;43155.1;1022312.5
2021-11-18;S;5565.3;231.9;24.0;316930.9;13205.5;311365.5
2021-11-18;NE;7740.1;322.5;24.0;299924.0;12496.8;292183.9
2021-11-18;N;2458.6;102.4;24.0;151280.5;6303.4;148821.9
2021-11-19;SE;11129.4;463.7;24.0;1005266.2;41886.1;994136.9
2021-11-19;S;10037.3;418.2;24.0;314579.2;13107.5;304541.9
2021-11-19;NE;7766.2;323.6;24.0;304014.9;12667.3;296248.7
2021-11-19;N;2563.6;106.8;24.0;153470.4;6394.6;150906.8
2021-11-20;SE;14710.1;612.9;24.0;901443.5;37560.1;886733.4
2021-11-20;S;13262.0;552.6;24.0;279724.6;11655.2;266462.6
2021-11-20;NE;7984.0;332.7;24.0;287393.1;11974.7;279409.1
2021-11-20;N;2381.4;99.2;24.0;145468.5;6061.2;143087.1
2021-11-21;SE;19425.0;809.4;24.0;821046.3;34210.3;801621.3
2021-11-21;S;15627.4;651.1;24.0;250244.7;10426.9;234617.3
2021-11-21;NE;7922.8;330.1;24.0;271870.5;11327.9;263947.6
2021-11-21;N;2573.2;107.2;24.0;136681.6;5695.1;134108.4
2021-11-22;SE;22929.4;955.4;24.0;974011.6;40583.8;951082.3
2021-11-22;S;15735.1;655.6;24.0;337851.2;14077.1;322116.1
2021-11-22;NE;7594.3;316.4;24.0;304447.0;12685.3;296852.7
2021-11-22;N;2580.4;107.5;24.0;151501.9;6312.6;148921.5
2021-11-23;SE;27255.8;1135.7;24.0;1033755.0;43073.1;1006499.2
2021-11-23;S;14643.0;610.1;24.0;348325.0;14513.5;333682.0
2021-11-23;NE;7314.3;304.8;24.0;310676.8;12944.9;303362.5
2021-11-23;N;2587.3;107.8;24.0;154710.4;6446.3;152123.1
2021-11-24;SE;26373.3;1098.9;24.0;1060758.2;44198.3;1034385.0
2021-11-24;S;14613.5;608.9;24.0;343461.8;14310.9;328848.4
2021-11-24;NE;7726.7;321.9;24.0;312939.0;13039.1;305212.3
2021-11-24;N;2673.2;111.4;24.0;157046.0;6543.6;154372.9
2021-11-25;SE;25083.8;1045.2;24.0;1083526.4;45146.9;1058442.7
2021-11-25;S;11849.5;493.7;24.0;343787.8;14324.5;331938.3
2021-11-25;NE;7821.7;325.9;24.0;312602.2;13025.1;304780.5
2021-11-25;N;2323.5;96.8;24.0;158478.6;6603.3;156155.1
2021-11-26;SE;21851.2;910.5;24.0;1070008.0;44583.7;1048156.9
2021-11-26;S;10792.6;449.7;24.0;332953.0;13873.0;322160.4
2021-11-26;NE;7553.2;314.7;24.0;315450.4;13143.8;307897.2
2021-11-26;N;2543.5;106.0;24.0;154640.6;6443.4;152097.1
2021-11-27;SE;23228.3;967.8;24.0;986208.9;41092.0;962980.6
2021-11-27;S;11544.7;481.0;24.0;291624.2;12151.0;280079.5
2021-11-27;NE;7859.8;327.5;24.0;298332.2;12430.5;290472.4
2021-11-27;N;2603.8;108.5;24.0;146830.9;6118.0;144227.1
2021-11-28;SE;24460.2;1019.2;24.0;908274.6;37844.8;883814.3
2021-11-28;S;9812.2;408.8;24.0;263145.0;10964.4;253332.9
2021-11-28;NE;6879.8;286.7;24.0;275508.4;11479.5;268628.6
2021-11-28;N;2672.1;111.3;24.0;142114.9;5921.5;139442.8
2021-11-29;SE;24195.8;1008.2;24.0;1075704.4;44821.0;1051508.6
2021-11-29;S;11114.1;463.1;24.0;331386.7;13807.8;320272.6
2021-11-29;NE;7155.2;298.1;24.0;296188.0;12341.2;289032.8
2021-11-29;N;2419.3;100.8;24.0;150924.9;6288.5;148505.6
2021-11-30;SE;18589.5;774.6;24.0;1075607.7;44817.0;1057018.2
2021-11-30;S;14456.1;602.3;24.0;341272.5;14219.7;326816.3
2021-11-30;NE;7651.9;318.8;24.0;303136.8;12630.7;295484.8
2021-11-30;N;2541.6;105.9;24.0;152824.5;6367.7;150282.9
2021-12-01;SE;21726.0;905.2;24.0;1054140.3;43922.5;1032414.3
2021-12-01;S;14572.5;607.2;24.0;338363.4;14098.5;323790.9
2021-12-01;NE;7771.8;323.8;24.0;305455.7;12727.3;297683.9
2021-12-01;N;2691.0;112.1;24.0;155952.2;6498.0;153261.2
2021-12-02;SE;23815.1;992.3;24.0;1049670.4;43736.3;1025855.3
2021-12-02;S;12497.9;520.7;24.0;333886.4;13911.9;321388.5
2021-12-02;NE;7496.3;312.3;24.0;305847.4;12743.6;298351.1
2021-12-02;N;2384.3;99.3;24.0;152184.3;6341.0;149800.0
2021-12-03;SE;21380.7;890.9;24.0;1033157.9;43048.2;1011777.2
2021-12-03;S;13145.6;547.7;24.0;330023.4;13751.0;316877.9
2021-12-03;NE;7093.6;295.6;24.0;305719.6;12738.3;298626.1
2021-12-03;N;2172.8;90.5;24.0;148329.9;6180.4;146157.1
2021-12-04;SE;23130.7;963.8;24.0;959669.0;39986.2;936538.3
2021-12-04;S;13948.5;581.2;24.0;295241.0;12301.7;281292.5
2021-12-04;NE;6324.0;263.5;24.0;285500.0;11895.8;279176.0
2021-12-04;N;1810.9;75.5;24.0;139285.3;5803.6;137474.4
2021-12-05;SE;23875.0;994.8;24.0;897047.8;37377.0;873172.8
2021-12-05;S;12967.4;540.3;24.0;265665.8;11069.4;252698.4
2021-12-05;NE;6935.7;289.0;24.0;257240.8;10718.4;250305.1
2021-12-05;N;1988.4;82.8;24.0;133633.7;5568.1;131645.3
2021-12-06;SE;20955.8;873.2;24.0;1026379.9;42765.8;1005424.1
2021-12-06;S;11529.4;480.4;24.0;325691.0;13570.5;314161.6
2021-12-06;NE;7614.7;317.3;24.0;293976.4;12249.0;286361.7
2021-12-06;N;2466.6;102.8;24.0;147383.3;6141.0;144916.7
2021-12-07;SE;20891.4;870.5;24.0;1005080.4;41878.4;984189.1
2021-12-07;S;13364.8;556.9;24.0;324685.6;13528.6;311320.8
2021-12-07;NE;7351.2;306.3;24.0;299946.0;12497.7;292594.7
2021-12-07;N;2317.0;96.5;24.0;149387.8;6224.5;147070.8
2021-12-08;SE;20751.2;864.6;24.0;981696.3;40904.0;960945.2
2021-12-08;S;15635.3;651.5;24.0;323211.5;13467.1;307576.2
2021-12-08;NE;7533.3;313.9;24.0;297629.7;12401.2;290096.4
2021-12-08;N;1993.0;83.0;24.0;144150.1;6006.3;142157.1
2021-12-09;SE;24500.3;1020.8;24.0;994548.3;41439.5;970048.0
2021-12-09;S;15426.0;642.8;24.0;327854.4;13660.6;312428.4
2021-12-09;NE;6934.2;288.9;24.0;303697.0;12654.0;296762.7
2021-12-09;N;2182.6;90.9;24.0;148948.9;6206.2;146766.3
2021-12-10;SE;26409.9;1100.4;24.0;1019265.8;42469.4;992855.9
2021-12-10;S;16184.4;674.3;24.0;332566.7;13856.9;316382.3
2021-12-10;NE;7127.2;297.0;24.0;300416.0;12517.3;293288.8
2021-12-10;N;2180.8;90.9;24.0;150413.5;6267.2;148232.7
2021-12-11;SE;25616.7;1067.4;24.0;973728.5;40572.0;948111.7
2021-12-11;S;13427.9;559.5;24.0;299967.8;12498.7;286539.9
2021-12-11;NE;6852.3;285.5;24.0;281651.7;11735.5;274799.4
2021-12-11;N;2283.0;95.1;24.0;143678.9;5986.6;141396.0
2021-12-12;SE;20478.2;853.3;24.0;912784.0;38032.7;892305.8
2021-12-12;S;12503.0;521.0;24.0;275824.4;11492.7;263321.4
2021-12-12;NE;7723.5;321.8;24.0;268826.1;11201.1;261102.6
2021-12-12;N;2370.1;98.8;24.0;140140.9;5839.2;137770.8
2021-12-13;SE;14683.5;611.8;24.0;1041878.2;43411.6;1027194.7
2021-12-13;S;10835.6;451.5;24.0;357305.4;14887.7;346469.8
2021-12-13;NE;7438.4;309.9;24.0;290225.3;12092.7;282786.9
2021-12-13;N;2551.2;106.3;24.0;150494.8;6270.6;147943.6
2021-12-14;SE;13851.0;577.1;24.0;1056397.0;44016.5;1042546.0
2021-12-14;S;7821.0;325.9;24.0;352345.8;14681.1;344524.8
2021-12-14;NE;7236.8;301.5;24.0;292920.0;12205.0;285683.1
2021-12-14;N;2662.0;110.9;24.0;153814.3;6408.9;151152.2
2021-12-15;SE;13443.2;560.1;24.0;1058635.2;44109.8;1045192.0
2021-12-15;S;10183.0;424.3;24.0;354579.7;14774.2;344396.7
2021-12-15;NE;7557.3;314.9;24.0;293538.1;12230.8;285980.8
2021-12-15;N;2481.9;103.4;24.0;151930.3;6330.4;149448.4
2021-12-16;SE;16289.5;678.7;24.0;1065098.7;44379.1;1048809.3
2021-12-16;S;12573.6;523.9;24.0;362867.8;15119.5;350294.3
2021-12-16;NE;7712.6;321.4;24.0;296107.1;12337.8;288394.5
2021-12-16;N;2043.4;85.1;24.0;150052.9;6252.2;148009.5
2021-12-17;SE;15265.4;636.1;24.0;1049338.4;43722.4;1034073.0
2021-12-17;S;13538.8;564.1;24.0;355266.8;14802.8;341728.0
2021-12-17;NE;7891.8;328.8;24.0;298533.5;12438.9;290641.7
2021-12-17;N;2420.6;100.9;24.0;149083.1;6211.8;146662.5
2021-12-18;SE;17123.9;713.5;24.0;947623.5;39484.3;930499.5
2021-12-18;S;12224.5;509.4;24.0;307071.0;12794.6;294846.6
2021-12-18;NE;7702.4;320.9;24.0;288407.6;12017.0;280705.1
2021-12-18;N;2265.0;94.4;24.0;144187.3;6007.8;141922.3
2021-12-19;SE;20020.8;834.2;24.0;856867.3;35702.8;836846.5
2021-12-19;S;14882.7;620.1;24.0;272850.9;11368.8;257968.3
2021-12-19;NE;7689.1;320.4;24.0;271151.8;11298.0;263462.7
2021-12-19;N;2048.0;85.3;24.0;138625.6;5776.1;136577.6
2021-12-20;SE;21269.5;886.2;24.0;973129.5;40547.1;951859.9
2021-12-20;S;16250.8;677.1;24.0;341094.5;14212.3;324843.6
2021-12-20;NE;6927.7;288.7;24.0;295942.0;12330.9;289014.3
2021-12-20;N;2254.0;93.9;24.0;149877.6;6244.9;147623.6
2021-12-21;SE;23554.0;981.4;24.0;1021349.9;42556.2;997795.9
2021-12-21;S;15359.4;640.0;24.0;348325.1;14513.5;332965.7
2021-12-21;NE;6073.1;253.0;24.0;295341.6;12305.9;289268.5
2021-12-21;N;2031.5;84.6;24.0;151199.8;6300.0;149168.4
2021-12-22;SE;23470.1;977.9;24.0;1049153.3;43714.7;1025683.3
2021-12-22;S;13970.0;582.1;24.0;335866.6;13994.4;321896.6
2021-12-22;NE;6308.8;262.9;24.0;293095.9;12212.3;286787.1
2021-12-22;N;2432.5;101.4;24.0;154279.9;6428.3;151847.4
2021-12-23;SE;20977.4;874.1;24.0;995260.8;41469.2;974283.3
2021-12-23;S;15448.8;643.7;24.0;314147.3;13089.5;298698.5
2021-12-23;NE;7416.9;309.0;24.0;295220.1;12300.8;287803.2
2021-12-23;N;2193.5;91.4;24.0;151421.3;6309.2;149227.8
2021-12-24;SE;20261.1;844.2;24.0;878896.1;36620.7;858635.1
2021-12-24;S;16023.0;667.6;24.0;269688.4;11237.0;253665.4
2021-12-24;NE;6026.8;251.1;24.0;275026.1;11459.4;268999.3
2021-12-24;N;1856.7;77.4;24.0;141911.4;5913.0;140054.7
2021-12-25;SE;25126.7;1046.9;24.0;774415.4;32267.3;749288.7
2021-12-25;S;16512.8;688.0;24.0;236907.2;9871.1;220394.4
2021-12-25;NE;5356.9;223.2;24.0;249379.8;10390.8;244022.9
2021-12-25;N;1447.1;60.3;24.0;130499.8;5437.5;129052.7
2021-12-26;SE;27100.9;1129.2;24.0;839351.5;34973.0;812250.6
2021-12-26;S;14400.4;600.0;24.0;257714.1;10738.1;243313.7
2021-12-26;NE;3875.3;161.5;24.0;243980.6;10165.9;240105.3
2021-12-26;N;1443.6;60.2;24.0;134719.7;5613.3;133276.0
2021-12-27;SE;26163.6;1090.2;24.0;973603.9;40566.8;947440.3
2021-12-27;S;15833.3;659.7;24.0;310151.3;12923.0;294318.0
2021-12-27;NE;4458.2;185.8;24.0;265944.1;11081.0;261485.9
2021-12-27;N;1565.6;65.2;24.0;142057.3;5919.1;140491.6
2021-12-28;SE;23698.5;987.4;24.0;982058.2;40919.1;958359.7
2021-12-28;S;16193.5;674.7;24.0;318120.1;13255.0;301926.6
2021-12-28;NE;6569.9;273.7;24.0;270095.6;11254.0;263525.8
2021-12-28;N;2205.9;91.9;24.0;144310.0;6012.9;142104.0
2021-12-29;SE;20823.5;867.6;24.0;979526.7;40813.6;958703.2
2021-12-29;S;14723.4;613.5;24.0;316124.3;13171.8;301401.0
2021-12-29;NE;7893.5;328.9;24.0;276530.3;11522.1;268636.8
2021-12-29;N;2472.7;103.0;24.0;147150.2;6131.3;144677.4
2021-12-30;SE;15401.5;641.7;24.0;949240.9;39551.7;933839.3
2021-12-30;S;12612.9;525.5;24.0;306186.7;12757.8;293573.7
2021-12-30;NE;7625.7;317.7;24.0;276783.2;11532.6;269157.5
2021-12-30;N;2265.2;94.4;24.0;144224.1;6009.3;141958.9
2021-12-31;SE;0.0;0.0;24.0;849296.0;35387.3;849296.0
2021-12-31;S;0.0;0.0;24.0;255432.9;10643.0;255432.9
2021-12-31;NE;0.0;0.0;24.0;256205.3;10675.2;256205.3
2021-12-31;N;0.0;0.0;24.0;129762.8;5406.8;129762.8
2022-01-01;SE;16392.9;683.0;24.0;777209.3;32383.7;760816.4
2022-01-01;S;16261.7;677.6;24.0;251932.6;10497.2;235670.9
2022-01-01;NE;6689.9;278.7;24.0;239713.2;9988.0;233023.3
2022-01-01;N;1417.5;59.1;24.0;122458.9;5102.5;121041.4
2022-01-02;SE;19100.1;795.8;24.0;837182.5;34882.6;818082.4
2022-01-02;S;15214.8;633.9;24.0;275617.3;11484.1;260402.5
2022-01-02;NE;7109.8;296.2;24.0;245844.5;10243.5;238734.7
2022-01-02;N;2163.3;90.1;24.0;130220.2;5425.8;128056.8
2022-01-03;SE;18809.0;783.7;24.0;990895.5;41287.3;972086.5
2022-01-03;S;13906.6;579.4;24.0;338919.8;14121.7;325013.2
2022-01-03;NE;6944.6;289.4;24.0;264973.2;11040.5;258028.6
2022-01-03;N;1524.5;63.5;24.0;144123.9;6005.2;142599.4
2022-01-04;SE;19089.3;795.4;24.0;1026947.6;42789.5;1007858.3
2022-01-04;S;9108.3;379.5;24.0;342121.1;14255.0;333012.8
2022-01-04;NE;7967.5;332.0;24.0;276473.7;11519.7;268506.2
2022-01-04;N;2291.8;95.5;24.0;146899.7;6120.8;144607.9
2022-01-05;SE;17563.3;731.8;24.0;1033165.4;43048.6;1015602.1
2022-01-05;S;11055.5;460.6;24.0;336391.5;14016.3;325336.0
2022-01-05;NE;7408.6;308.7;24.0;280840.0;11701.7;273431.4
2022-01-05;N;2096.4;87.3;24.0;147482.3;6145.1;145385.9
2022-01-06;SE;16135.1;672.3;24.0;1031061.4;42960.9;1014926.3
2022-01-06;S;12134.0;505.6;24.0;322360.0;13431.7;310226.0
2022-01-06;NE;7153.6;298.1;24.0;284006.2;11833.6;276852.6
2022-01-06;N;1399.7;58.3;24.0;150022.2;6250.9;148622.6
2022-01-07;SE;13152.1;548.0;24.0;1000048.1;41668.7;986896.0
2022-01-07;S;13891.2;578.8;24.0;320156.9;13339.9;306265.7
2022-01-07;NE;7566.6;315.3;24.0;286476.7;11936.5;278910.1
2022-01-07;N;2030.4;84.6;24.0;149590.3;6232.9;147559.9
2022-01-08;SE;16140.9;672.5;24.0;913864.8;38077.7;897723.9
2022-01-08;S;14991.1;624.6;24.0;286732.2;11947.2;271741.0
2022-01-08;NE;7486.9;312.0;24.0;274225.5;11426.1;266738.5
2022-01-08;N;1667.9;69.5;24.0;139462.1;5810.9;137794.2
2022-01-09;SE;14678.9;611.6;24.0;825784.2;34407.7;811105.3
2022-01-09;S;14514.2;604.8;24.0;256275.0;10678.1;241760.7
2022-01-09;NE;8012.6;333.9;24.0;258530.2;10772.1;250517.5
2022-01-09;N;1831.0;76.3;24.0;134284.9;5595.2;132453.9
2022-01-10;SE;18047.7;752.0;24.0;948458.1;39519.1;930410.4
2022-01-10;S;13886.0;578.6;24.0;327188.6;13632.9;313302.7
2022-01-10;NE;7760.0;323.3;24.0;285379.2;11890.8;277619.2
2022-01-10;N;1897.2;79.1;24.0;147903.4;6162.6;146006.1
2022-01-11;SE;18414.3;767.3;24.0;982581.1;40940.9;964166.8
2022-01-11;S;15143.3;631.0;24.0;352427.2;14684.5;337283.8
2022-01-11;NE;7636.2;318.2;24.0;285598.4;11899.9;277962.2
2022-01-11;N;2375.8;99.0;24.0;146920.2;6121.7;144544.4
2022-01-12;SE;20779.0;865.8;24.0;1004250.9;41843.8;983471.9
2022-01-12;S;16220.4;675.8;24.0;363784.8;15157.7;347564.4
2022-01-12;NE;7882.1;328.4;24.0;282834.8;11784.8;274952.6
2022-01-12;N;1773.8;73.9;24.0;145085.9;6045.2;143312.1
2022-01-13;SE;25369.3;1057.1;24.0;1029191.7;42883.0;1003822.4
2022-01-13;S;14234.7;593.1;24.0;366101.1;15254.2;351866.4
2022-01-13;NE;7677.9;319.9;24.0;281370.9;11723.8;273693.0
2022-01-13;N;2228.2;92.8;24.0;146442.4;6101.8;144214.1
2022-01-14;SE;28362.4;1181.8;24.0;1055735.7;43989.0;1027373.3
2022-01-14;S;14285.8;595.2;24.0;375131.6;15630.5;360845.8
2022-01-14;NE;7686.3;320.3;24.0;274571.9;11440.5;266885.6
2022-01-14;N;3107.1;129.5;24.0;143723.5;5988.5;140616.4
2022-01-15;SE;27819.3;1159.1;24.0;1000447.2;41685.3;972628.0
2022-01-15;S;13509.5;562.9;24.0;336962.6;14040.1;323453.1
2022-01-15;NE;6556.3;273.2;24.0;258763.9;10781.8;252207.6
2022-01-15;N;2679.8;111.7;24.0;139227.1;5801.1;136547.3
2022-01-16;SE;24429.9;1017.9;24.0;916391.7;38183.0;891961.8
2022-01-16;S;14605.9;608.6;24.0;302655.2;12610.6;288049.3
2022-01-16;NE;7277.5;303.2;24.0;247886.5;10328.6;240608.9
2022-01-16;N;2687.5;112.0;24.0;135045.2;5626.9;132357.8
2022-01-17;SE;27854.1;1160.6;24.0;1062342.3;44264.3;1034488.3
2022-01-17;S;14552.2;606.3;24.0;373834.3;15576.4;359282.1
2022-01-17;NE;8584.7;357.7;24.0;276440.8;11518.4;267856.1
2022-01-17;N;2489.1;103.7;24.0;138898.4;5787.4;136409.3
2022-01-18;SE;26921.8;1121.7;24.0;1100884.4;45870.2;1073962.7
2022-01-18;S;13765.9;573.6;24.0;379341.9;15805.9;365576.0
2022-01-18;NE;8595.1;358.1;24.0;286265.3;11927.7;277670.3
2022-01-18;N;2127.1;88.6;24.0;137655.9;5735.7;135528.8
2022-01-19;SE;27056.9;1127.4;24.0;1096712.0;45696.3;1069655.1
2022-01-19;S;14355.1;598.1;24.0;393625.5;16401.1;379270.4
2022-01-19;NE;9163.6;381.8;24.0;292430.4;12184.6;283266.8
2022-01-19;N;2601.4;108.4;24.0;139313.3;5804.7;136711.9
2022-01-20;SE;28057.0;1169.0;24.0;1093237.1;45551.5;1065180.1
2022-01-20;S;15666.8;652.8;24.0;408557.3;17023.2;392890.5
2022-01-20;NE;9038.9;376.6;24.0;296459.5;12352.5;287420.6
2022-01-20;N;3130.9;130.5;24.0;145399.9;6058.3;142269.0
2022-01-21;SE;28135.5;1172.3;24.0;1111960.5;46331.7;1083825.0
2022-01-21;S;15219.4;634.1;24.0;404395.5;16849.8;389176.0
2022-01-21;NE;8451.9;352.2;24.0;297040.3;12376.7;288588.5
2022-01-21;N;3244.1;135.2;24.0;147467.9;6144.5;144223.8
2022-01-22;SE;29211.8;1217.2;24.0;1040051.6;43335.5;1010839.8
2022-01-22;S;15919.3;663.3;24.0;361310.4;15054.6;345391.1
2022-01-22;NE;8527.9;355.3;24.0;283143.5;11797.6;274615.7
2022-01-22;N;2963.6;123.5;24.0;140774.6;5865.6;137811.0
2022-01-23;SE;28727.0;1197.0;24.0;974866.5;40619.4;946139.5
2022-01-23;S;15185.9;632.7;24.0;327590.8;13649.6;312404.9
2022-01-23;NE;8414.3;350.6;24.0;267615.7;11150.7;259201.5
2022-01-23;N;2622.0;109.2;24.0;132298.7;5512.4;129676.7
2022-01-24;SE;28448.2;1185.3;24.0;1122924.1;46788.5;1094475.9
2022-01-24;S;15110.0;629.6;24.0;405050.1;16877.1;389940.1
2022-01-24;NE;8174.3;340.6;24.0;290249.4;12093.7;282075.1
2022-01-24;N;2365.7;98.6;24.0;141819.1;5909.1;139453.5
2022-01-25;SE;27475.5;1144.8;24.0;1137492.4;47395.5;1110016.9
2022-01-25;S;15141.2;630.9;24.0;408867.2;17036.1;393726.0
2022-01-25;NE;8022.7;334.3;24.0;294303.6;12262.6;286280.8
2022-01-25;N;2718.1;113.3;24.0;145845.3;6076.9;143127.2
2022-01-26;SE;26126.3;1088.6;24.0;1129105.0;47046.0;1102978.7
2022-01-26;S;14176.4;590.7;24.0;407490.9;16978.8;393314.5
2022-01-26;NE;7731.5;322.1;24.0;293978.4;12249.1;286247.0
2022-01-26;N;2348.4;97.8;24.0;142267.3;5927.8;139919.0
2022-01-27;SE;25969.9;1082.1;24.0;1132332.4;47180.5;1106362.5
2022-01-27;S;6353.3;264.7;24.0;369467.3;15394.5;363114.1
2022-01-27;NE;7022.4;292.6;24.0;284798.6;11866.6;277776.2
2022-01-27;N;1803.1;75.1;24.0;142809.0;5950.4;141005.9
2022-01-28;SE;22926.4;955.3;24.0;1110523.4;46271.8;1087597.0
2022-01-28;S;7071.3;294.6;24.0;331164.2;13798.5;324092.8
2022-01-28;NE;5794.5;241.4;24.0;281013.0;11708.9;275218.5
2022-01-28;N;1801.4;75.1;24.0;139502.0;5812.6;137700.5
2022-01-29;SE;17220.5;717.5;24.0;993401.7;41391.7;976181.3
2022-01-29;S;7817.6;325.7;24.0;285961.2;11915.1;278143.7
2022-01-29;NE;5730.7;238.8;24.0;259103.3;10796.0;253372.6
2022-01-29;N;2076.1;86.5;24.0;132597.4;5524.9;130521.3
2022-01-30;SE;16072.2;669.7;24.0;888945.3;37039.4;872873.1
2022-01-30;S;10468.5;436.2;24.0;256548.5;10689.5;246080.0
2022-01-30;NE;7752.3;323.0;24.0;252625.5;10526.1;244873.2
2022-01-30;N;2509.5;104.6;24.0;124827.7;5201.2;122318.3
2022-01-31;SE;15116.6;629.9;24.0;1018997.4;42458.2;1003880.8
2022-01-31;S;13230.6;551.3;24.0;340216.9;14175.7;326986.2
2022-01-31;NE;9157.4;381.6;24.0;286712.8;11946.4;277555.4
2022-01-31;N;2489.3;103.7;24.0;138670.1;5777.9;136180.8
2022-02-01;SE;17323.2;721.8;24.0;1046805.2;43616.9;1029482.0
2022-02-01;S;15473.8;644.7;24.0;361936.2;15080.7;346462.4
2022-02-01;NE;8997.1;374.9;24.0;296093.3;12337.2;287096.2
2022-02-01;N;2764.9;115.2;24.0;145224.7;6051.0;142459.8
2022-02-02;SE;16983.8;707.7;24.0;1052893.4;43870.6;1035909.7
2022-02-02;S;14925.1;621.9;24.0;372173.3;15507.2;357248.2
2022-02-02;NE;9113.5;379.7;24.0;299149.8;12464.6;290036.3
2022-02-02;N;2778.8;115.8;24.0;148473.5;6186.4;145694.7
2022-02-03;SE;19928.5;830.4;24.0;1059024.1;44126.0;1039095.6
2022-02-03;S;13222.0;550.9;24.0;384405.1;16016.9;371183.0
2022-02-03;NE;9050.5;377.1;24.0;299018.4;12459.1;289967.8
2022-02-03;N;2887.9;120.3;24.0;146629.0;6109.5;143741.1
2022-02-04;SE;21537.0;897.4;24.0;1079228.1;44967.8;1057691.2
2022-02-04;S;6735.9;280.7;24.0;366313.1;15263.0;359577.1
2022-02-04;NE;8432.8;351.4;24.0;299234.4;12468.1;290801.6
2022-02-04;N;2551.9;106.3;24.0;145219.7;6050.8;142667.8
2022-02-05;SE;23294.0;970.6;24.0;1026561.5;42773.4;1003267.5
2022-02-05;S;8827.3;367.8;24.0;316357.9;13181.6;307530.6
2022-02-05;NE;8387.8;349.5;24.0;282606.0;11775.3;274218.2
2022-02-05;N;2600.7;108.4;24.0;138970.9;5790.5;136370.2
2022-02-06;SE;18454.1;768.9;24.0;932101.1;38837.5;913647.0
2022-02-06;S;13914.1;579.8;24.0;269599.8;11233.3;255685.7
2022-02-06;NE;8640.4;360.0;24.0;268781.1;11199.2;260140.7
2022-02-06;N;2390.6;99.6;24.0;134835.6;5618.2;132445.0
2022-02-07;SE;16498.3;687.4;24.0;1055258.1;43969.1;1038759.9
2022-02-07;S;16788.2;699.5;24.0;329734.7;13738.9;312946.5
2022-02-07;NE;8793.4;366.4;24.0;300236.9;12509.9;291443.4
2022-02-07;N;2826.8;117.8;24.0;145774.8;6074.0;142948.0
2022-02-08;SE;18455.5;769.0;24.0;1042291.1;43428.8;1023835.5
2022-02-08;S;15865.4;661.1;24.0;339239.6;14135.0;323374.2
2022-02-08;NE;8953.5;373.1;24.0;305830.5;12742.9;296877.1
2022-02-08;N;3064.9;127.7;24.0;149428.7;6226.2;146363.9
2022-02-09;SE;18753.5;781.4;24.0;1028907.1;42871.1;1010153.6
2022-02-09;S;14783.2;616.0;24.0;343735.2;14322.3;328952.0
2022-02-09;NE;8382.9;349.3;24.0;305072.8;12711.4;296690.0
2022-02-09;N;2533.9;105.6;24.0;150055.4;6252.3;147521.5
2022-02-10;SE;19239.7;801.7;24.0;1031422.6;42975.9;1012183.0
2022-02-10;S;15279.6;636.7;24.0;353968.2;14748.7;338688.6
2022-02-10;NE;8755.5;364.8;24.0;304896.1;12704.0;296140.5
2022-02-10;N;2377.1;99.0;24.0;149560.7;6231.7;147183.6
2022-02-11;SE;18422.5;767.6;24.0;1039076.0;43294.8;1020653.5
2022-02-11;S;15609.7;650.4;24.0;363213.4;15133.9;347603.7
2022-02-11;NE;8381.0;349.2;24.0;303086.3;12628.6;294705.2
2022-02-11;N;2707.3;112.8;24.0;146784.3;6116.0;144077.0
2022-02-12;SE;19851.5;827.1;24.0;973970.9;40582.1;954119.3
2022-02-12;S;15413.2;642.2;24.0;319014.5;13292.3;303601.3
2022-02-12;NE;7867.0;327.8;24.0;289058.9;12044.1;281191.9
2022-02-12;N;2187.8;91.2;24.0;145113.3;6046.4;142925.5
2022-02-13;SE;22126.9;922.0;24.0;907872.4;37828.0;885745.5
2022-02-13;S;12267.5;511.1;24.0;276045.7;11501.9;263778.2
2022-02-13;NE;8296.4;345.7;24.0;270100.1;11254.2;261803.7
2022-02-13;N;2146.9;89.5;24.0;136211.8;5675.5;134064.8
2022-02-14;SE;25145.7;1047.7;24.0;1086329.1;45263.7;1061183.4
2022-02-14;S;15880.6;661.7;24.0;346952.1;14456.3;331071.4
2022-02-14;NE;8614.3;358.9;24.0;297708.8;12404.5;289094.5
2022-02-14;N;2414.6;100.6;24.0;145770.5;6073.8;143355.9
2022-02-15;SE;25631.4;1068.0;24.0;1110482.5;46270.1;1084851.1
2022-02-15;S;16346.5;681.1;24.0;359231.9;14968.0;342885.4
2022-02-15;NE;8908.5;371.2;24.0;301391.6;12558.0;292483.1
2022-02-15;N;2718.3;113.3;24.0;147022.6;6125.9;144304.4
2022-02-16;SE;25229.7;1051.2;24.0;1097399.7;45725.0;1072169.9
2022-02-16;S;16514.0;688.1;24.0;364180.0;15174.2;347666.0
2022-02-16;NE;9090.7;378.8;24.0;298412.2;12433.8;289321.5
2022-02-16;N;2140.0;89.2;24.0;147796.0;6158.2;145656.0
2022-02-17;SE;24641.5;1026.7;24.0;1078148.1;44922.8;1053506.6
2022-02-17;S;15209.9;633.7;24.0;363833.2;15159.7;348623.3
2022-02-17;NE;8633.0;359.7;24.0;297632.5;12401.4;288999.5
2022-02-17;N;3042.4;126.8;24.0;149143.7;6214.3;146101.2
2022-02-18;SE;19786.6;824.4;24.0;1059660.0;44152.5;1039873.4
2022-02-18;S;15396.5;641.5;24.0;350774.3;14615.6;335377.9
2022-02-18;NE;8092.3;337.2;24.0;293847.3;12243.6;285754.9
2022-02-18;N;2964.0;123.5;24.0;149014.7;6208.9;146050.8
2022-02-19;SE;19485.6;811.9;24.0;973299.6;40554.1;953813.9
2022-02-19;S;15123.1;630.1;24.0;305549.8;12731.2;290426.8
2022-02-19;NE;7969.6;332.1;24.0;281021.6;11709.2;273052.0
2022-02-19;N;2405.1;100.2;24.0;133953.1;5581.4;131547.9
2022-02-20;SE;20860.3;869.2;24.0;901951.6;37581.3;881091.3
2022-02-20;S;14731.2;613.8;24.0;287186.1;11966.1;272455.0
2022-02-20;NE;7506.1;312.8;24.0;262716.4;10946.5;255210.3
2022-02-20;N;2458.6;102.4;24.0;128099.3;5337.5;125640.7
2022-02-21;SE;23597.4;983.2;24.0;1071344.1;44639.3;1047746.6
2022-02-21;S;12507.9;521.2;24.0;364855.1;15202.3;352347.2
2022-02-21;NE;8990.7;374.6;24.0;286058.5;11919.1;277067.8
2022-02-21;N;3226.0;134.4;24.0;142765.5;5948.6;139539.5
2022-02-22;SE;25513.6;1063.1;24.0;1110696.8;46279.0;1085183.2
2022-02-22;S;13513.8;563.1;24.0;376000.2;15666.7;362486.4
2022-02-22;NE;9132.9;380.5;24.0;296730.1;12363.8;287597.2
2022-02-22;N;2801.8;116.7;24.0;142664.7;5944.4;139862.9
2022-02-23;SE;27071.8;1128.0;24.0;1125288.6;46887.0;1098216.8
2022-02-23;S;14362.3;598.4;24.0;372954.7;15539.8;358592.3
2022-02-23;NE;9337.4;389.1;24.0;299722.8;12488.5;290385.5
2022-02-23;N;2731.1;113.8;24.0;143241.9;5968.4;140510.8
2022-02-24;SE;27196.6;1133.2;24.0;1120930.6;46705.4;1093734.0
2022-02-24;S;14458.8;602.4;24.0;376885.6;15703.6;362426.9
2022-02-24;NE;9163.6;381.8;24.0;303353.5;12639.7;294189.9
2022-02-24;N;3194.9;133.1;24.0;146975.7;6124.0;143780.8
2022-02-25;SE;28398.7;1183.3;24.0;1129191.4;47049.6;1100792.7
2022-02-25;S;11536.0;480.7;24.0;375638.1;15651.6;364102.2
2022-02-25;NE;8946.9;372.8;24.0;302575.0;12607.3;293628.1
2022-02-25;N;3062.6;127.6;24.0;147578.9;6149.1;144516.3
2022-02-26;SE;28433.3;1184.7;24.0;1037190.5;43216.3;1008757.2
2022-02-26;S;14455.0;602.3;24.0;334117.1;13921.5;319662.1
2022-02-26;NE;9146.5;381.1;24.0;286694.8;11945.6;277548.3
2022-02-26;N;3008.7;125.4;24.0;138246.8;5760.3;135238.1
2022-02-27;SE;28116.2;1171.5;24.0;959636.1;39984.8;931519.9
2022-02-27;S;14260.1;594.2;24.0;301878.3;12578.3;287618.2
2022-02-27;NE;8902.7;370.9;24.0;268444.2;11185.2;259541.4
2022-02-27;N;3036.9;126.5;24.0;130472.7;5436.4;127435.8
2022-02-28;SE;28412.6;1183.9;24.0;1062322.9;44263.5;1033910.3
2022-02-28;S;12417.2;517.4;24.0;353864.4;14744.4;341447.2
2022-02-28;NE;8777.2;365.7;24.0;283724.4;11821.8;274947.2
2022-02-28;N;2747.1;114.5;24.0;134833.5;5618.1;132086.4
2022-03-01;SE;27005.6;1125.2;24.0;1064372.2;44348.8;1037366.5
2022-03-01;S;9544.2;397.7;24.0;338444.0;14101.8;328899.8
2022-03-01;NE;8952.7;373.0;24.0;286500.7;11937.5;277547.9
2022-03-01;N;2331.0;97.1;24.0;128179.9;5340.8;125848.9
2022-03-02;SE;26738.4;1114.1;24.0;1123894.4;46828.9;1097156.0
2022-03-02;S;9716.8;404.9;24.0;358333.9;14930.6;348617.1
2022-03-02;NE;8255.1;344.0;24.0;300146.2;12506.1;291891.1
2022-03-02;N;2521.4;105.1;24.0;136114.5;5671.4;133593.1
2022-03-03;SE;26471.8;1103.0;24.0;1149141.6;47880.9;1122669.8
2022-03-03;S;12870.0;536.2;24.0;366615.4;15275.6;353745.4
2022-03-03;NE;8175.5;340.6;24.0;305443.6;12726.8;297268.2
2022-03-03;N;2669.3;111.2;24.0;144997.5;6041.6;142328.2
2022-03-04;SE;25980.4;1082.5;24.0;1136575.6;47357.3;1110595.2
2022-03-04;S;13593.8;566.4;24.0;371237.2;15468.2;357643.3
2022-03-04;NE;7235.1;301.5;24.0;294066.3;12252.8;286831.2
2022-03-04;N;2710.4;112.9;24.0;144913.6;6038.1;142203.2
2022-03-05;SE;27052.9;1127.2;24.0;1049605.5;43733.6;1022552.6
2022-03-05;S;14170.6;590.4;24.0;337239.2;14051.6;323068.6
2022-03-05;NE;5329.7;222.1;24.0;269550.4;11231.3;264220.7
2022-03-05;N;2245.5;93.6;24.0;136867.8;5702.8;134622.3
2022-03-06;SE;27812.8;1158.9;24.0;976408.4;40683.7;948595.6
2022-03-06;S;13577.3;565.7;24.0;300731.9;12530.5;287154.5
2022-03-06;NE;6480.5;270.0;24.0;251243.2;10468.5;244762.7
2022-03-06;N;1868.5;77.9;24.0;127163.5;5298.5;125295.0
2022-03-07;SE;27228.7;1134.5;24.0;1138187.5;47424.5;1110958.8
2022-03-07;S;13651.4;568.8;24.0;370758.4;15448.3;357107.0
2022-03-07;NE;6917.1;288.2;24.0;278602.4;11608.4;271685.3
2022-03-07;N;2031.4;84.6;24.0;137338.0;5722.4;135306.6
2022-03-08;SE;27339.6;1139.2;24.0;1167504.4;48646.0;1140164.7
2022-03-08;S;12091.4;503.8;24.0;372049.7;15502.1;359958.3
2022-03-08;NE;8840.8;368.4;24.0;293263.6;12219.3;284422.8
2022-03-08;N;3039.3;126.6;24.0;138978.8;5790.8;135939.5
2022-03-09;SE;26779.5;1115.8;24.0;1163622.6;48484.3;1136843.1
2022-03-09;S;11926.5;496.9;24.0;374937.3;15622.4;363010.9
2022-03-09;NE;8714.4;363.1;24.0;299193.3;12466.4;290478.9
2022-03-09;N;2592.9;108.0;24.0;140603.1;5858.5;138010.2
2022-03-10;SE;26332.3;1097.2;24.0;1163520.9;48480.0;1137188.6
2022-03-10;S;9826.6;409.4;24.0;371906.3;15496.1;362079.6
2022-03-10;NE;8282.2;345.1;24.0;301429.2;12559.5;293147.0
2022-03-10;N;2437.9;101.6;24.0;139174.6;5798.9;136736.7
2022-03-11;SE;25156.8;1048.2;24.0;1158200.1;48258.3;1133043.3
2022-03-11;S;6548.9;272.9;24.0;346261.5;14427.6;339712.6
2022-03-11;NE;7926.6;330.3;24.0;296960.6;12373.4;289034.0
2022-03-11;N;1922.8;80.1;24.0;138304.5;5762.7;136381.7
2022-03-12;SE;20628.2;859.5;24.0;1050911.2;43788.0;1030283.1
2022-03-12;S;6764.6;281.9;24.0;282896.3;11787.3;276131.7
2022-03-12;NE;8251.9;343.8;24.0;283393.9;11808.1;275142.0
2022-03-12;N;2662.3;110.9;24.0;140070.4;5836.3;137408.0
2022-03-13;SE;19998.2;833.3;24.0;954656.1;39777.3;934658.0
2022-03-13;S;5206.7;216.9;24.0;245647.0;10235.3;240440.3
2022-03-13;NE;8117.0;338.2;24.0;265655.5;11069.0;257538.4
2022-03-13;N;3087.5;128.6;24.0;134191.6;5591.3;131104.1
2022-03-14;SE;21259.5;885.8;24.0;1099570.0;45815.4;1078310.5
2022-03-14;S;8096.0;337.3;24.0;316294.1;13178.9;308198.1
2022-03-14;NE;8534.9;355.6;24.0;293388.7;12224.5;284853.8
2022-03-14;N;2668.9;111.2;24.0;143549.1;5981.2;140880.2
2022-03-15;SE;21488.2;895.3;24.0;1110324.9;46263.5;1088836.7
2022-03-15;S;10441.6;435.1;24.0;332678.5;13861.6;322236.9
2022-03-15;NE;7106.0;296.1;24.0;294412.3;12267.2;287306.3
2022-03-15;N;2093.0;87.2;24.0;140506.8;5854.4;138413.8
2022-03-16;SE;24076.4;1003.2;24.0;1119329.3;46638.7;1095252.9
2022-03-16;S;9764.1;406.8;24.0;333685.4;13903.6;323921.3
2022-03-16;NE;6764.3;281.8;24.0;291202.9;12133.5;284438.6
2022-03-16;N;2111.6;88.0;24.0;140234.7;5843.1;138123.0
2022-03-17;SE;24622.0;1025.9;24.0;1139887.3;47495.3;1115265.3
2022-03-17;S;13428.0;559.5;24.0;346848.8;14452.0;333420.8
2022-03-17;NE;7169.6;298.7;24.0;285833.2;11909.7;278663.6
2022-03-17;N;3020.9;125.9;24.0;142990.8;5957.9;139969.9
2022-03-18;SE;26512.6;1104.7;24.0;1163363.7;48473.5;1136851.1
2022-03-18;S;11871.1;494.6;24.0;364333.5;15180.6;352462.3
2022-03-18;NE;8547.6;356.2;24.0;285056.9;11877.4;276509.2
2022-03-18;N;2364.6;98.5;24.0;141846.2;5910.3;139481.6
2022-03-19;SE;25585.8;1066.1;24.0;1063343.2;44306.0;1037757.3
2022-03-19;S;8818.2;367.4;24.0;289941.2;12080.9;281123.0
2022-03-19;NE;8413.6;350.6;24.0;271257.6;11302.4;262844.0
2022-03-19;N;2261.9;94.2;24.0;135495.7;5645.7;133233.7
2022-03-20;SE;22477.4;936.6;24.0;934306.0;38929.4;911828.6
2022-03-20;S;10988.1;457.8;24.0;242989.2;10124.6;232001.1
2022-03-20;NE;8506.9;354.5;24.0;258617.7;10775.7;250110.8
2022-03-20;N;2928.2;122.0;24.0;130061.1;5419.2;127132.8
2022-03-21;SE;21668.5;902.9;24.0;1027956.3;42831.5;1006287.9
2022-03-21;S;12318.2;513.3;24.0;307174.5;12798.9;294856.3
2022-03-21;NE;7809.4;325.4;24.0;287640.4;11985.0;279831.0
2022-03-21;N;2723.0;113.5;24.0;142670.7;5944.6;139947.7
2022-03-22;SE;24884.7;1036.9;24.0;1039654.7;43318.9;1014770.0
2022-03-22;S;12972.4;540.5;24.0;322070.1;13419.6;309097.8
2022-03-22;NE;6789.1;282.9;24.0;280713.3;11696.4;273924.1
2022-03-22;N;2331.6;97.2;24.0;146279.4;6095.0;143947.8
2022-03-23;SE;24535.2;1022.3;24.0;1070331.2;44597.1;1045796.0
2022-03-23;S;6670.2;277.9;24.0;326642.8;13610.1;319972.6
2022-03-23;NE;6776.0;282.3;24.0;284618.1;11859.1;277842.2
2022-03-23;N;2506.3;104.4;24.0;144327.3;6013.6;141821.1
2022-03-24;SE;25605.5;1066.9;24.0;1102975.0;45957.3;1077369.6
2022-03-24;S;6466.4;269.4;24.0;322546.9;13439.5;316080.5
2022-03-24;NE;8251.7;343.8;24.0;287391.9;11974.7;279140.2
2022-03-24;N;2488.3;103.7;24.0;145249.6;6052.1;142761.3
2022-03-25;SE;24072.2;1003.0;24.0;1124689.4;46862.1;1100617.1
2022-03-25;S;6813.6;283.9;24.0;307352.1;12806.3;300538.5
2022-03-25;NE;8019.7;334.2;24.0;279112.5;11629.7;271092.8
2022-03-25;N;3228.3;134.5;24.0;145764.4;6073.5;142536.0
2022-03-26;SE;23037.3;959.9;24.0;1042039.6;43418.3;1019002.3
2022-03-26;S;10994.2;458.1;24.0;268093.3;11170.6;257099.1
2022-03-26;NE;7913.3;329.7;24.0;269126.2;11213.6;261212.8
2022-03-26;N;2987.1;124.5;24.0;141066.2;5877.8;138079.1
2022-03-27;SE;21896.5;912.4;24.0;955074.8;39794.8;933178.3
2022-03-27;S;13338.2;555.8;24.0;235017.6;9792.4;221679.3
2022-03-27;NE;7437.3;309.9;24.0;242034.2;10084.8;234597.0
2022-03-27;N;2793.4;116.4;24.0;129652.1;5402.2;126858.6
2022-03-28;SE;25134.4;1047.3;24.0;1093765.6;45573.6;1068631.2
2022-03-28;S;13734.4;572.3;24.0;316856.4;13202.4;303122.0
2022-03-28;NE;7732.3;322.2;24.0;265702.1;11070.9;257969.8
2022-03-28;N;2062.0;85.9;24.0;134406.2;5600.3;132344.3
2022-03-29;SE;24826.2;1034.4;24.0;1106661.1;46110.9;1081834.8
2022-03-29;S;13295.9;554.0;24.0;334944.5;13956.0;321648.5
2022-03-29;NE;8164.6;340.2;24.0;269717.4;11238.2;261552.8
2022-03-29;N;1820.5;75.9;24.0;130201.7;5425.1;128381.2
2022-03-30;SE;25569.8;1065.4;24.0;1130435.3;47101.5;1104865.4
2022-03-30;S;7010.0;292.1;24.0;327480.4;13645.0;320470.4
2022-03-30;NE;8763.4;365.1;24.0;276751.3;11531.3;267987.9
2022-03-30;N;2122.2;88.4;24.0;133648.9;5568.7;131526.7
2022-03-31;SE;21522.0;896.8;24.0;1098660.8;45777.5;1077138.8
2022-03-31;S;10414.0;433.9;24.0;303032.6;12626.4;292618.6
2022-03-31;NE;7414.2;308.9;24.0;281821.6;11742.6;274407.4
2022-03-31;N;2251.9;93.8;24.0;136899.4;5704.1;134647.5
2022-04-01;SE;16978.0;707.4;24.0;1032250.5;43010.4;1015272.6
2022-04-01;S;8295.9;345.7;24.0;295828.7;12326.2;287532.9
2022-04-01;NE;7642.2;318.4;24.0;287012.5;11958.9;279370.3
2022-04-01;N;2825.2;117.7;24.0;144754.6;6031.4;141929.3
2022-04-02;SE;22467.2;936.1;24.0;957834.8;39909.8;935367.6
2022-04-02;S;9075.0;378.1;24.0;260404.5;10850.2;251329.5
2022-04-02;NE;8050.9;335.5;24.0;270666.4;11277.8;262615.5
2022-04-02;N;2867.0;119.5;24.0;135752.3;5656.3;132885.3
2022-04-03;SE;24160.3;1006.7;24.0;887692.2;36987.2;863531.9
2022-04-03;S;6625.4;276.1;24.0;233457.1;9727.4;226831.7
2022-04-03;NE;7990.6;332.9;24.0;253218.7;10550.8;245228.2
2022-04-03;N;3123.7;130.2;24.0;128212.7;5342.2;125089.0
2022-04-04;SE;25743.0;1072.6;24.0;1078900.5;44954.2;1053157.5
2022-04-04;S;5776.2;240.7;24.0;303848.4;12660.3;298072.2
2022-04-04;NE;7689.5;320.4;24.0;275546.9;11481.1;267857.4
2022-04-04;N;2492.6;103.9;24.0;141390.3;5891.3;138897.7
2022-04-05;SE;25764.7;1073.5;24.0;1101646.3;45901.9;1075881.6
2022-04-05;S;10087.1;420.3;24.0;310028.4;12917.8;299941.3
2022-04-05;NE;8698.9;362.5;24.0;286121.9;11921.7;277423.0
2022-04-05;N;2277.9;94.9;24.0;141807.0;5908.6;139529.1
2022-04-06;SE;24249.0;1010.4;24.0;1093025.5;45542.7;1068776.5
2022-04-06;S;10921.1;455.0;24.0;314361.0;13098.4;303439.9
2022-04-06;NE;8540.1;355.8;24.0;287401.9;11975.1;278861.8
2022-04-06;N;2689.9;112.1;24.0;142335.9;5930.7;139646.1
2022-04-07;SE;24670.3;1027.9;24.0;1086150.4;45256.3;1061480.0
2022-04-07;S;7130.6;297.1;24.0;317232.4;13218.0;310101.7
2022-04-07;NE;8998.0;374.9;24.0;286989.7;11957.9;277991.7
2022-04-07;N;2997.3;124.9;24.0;144478.5;6019.9;141481.2
2022-04-08;SE;24445.2;1018.6;24.0;1096393.1;45683.0;1071947.8
2022-04-08;S;7115.9;296.5;24.0;311869.1;12994.5;304753.2
2022-04-08;NE;8375.0;349.0;24.0;289605.3;12066.9;281230.2
2022-04-08;N;2493.0;103.9;24.0;143474.1;5978.1;140981.1
2022-04-09;SE;24327.1;1013.6;24.0;1029289.3;42887.1;1004962.2
2022-04-09;S;9809.3;408.7;24.0;269997.8;11249.9;260188.5
2022-04-09;NE;8551.7;356.3;24.0;273609.6;11400.4;265057.9
2022-04-09;N;2513.9;104.7;24.0;137524.1;5730.2;135010.2
2022-04-10;SE;24341.6;1014.2;24.0;937240.9;39051.7;912899.3
2022-04-10;S;9594.7;399.8;24.0;239159.5;9965.0;229564.8
2022-04-10;NE;8942.9;372.6;24.0;262426.3;10934.4;253483.4
2022-04-10;N;2541.9;105.9;24.0;133273.6;5553.1;130731.8
2022-04-11;SE;24319.8;1013.3;24.0;1074670.1;44777.9;1050350.2
2022-04-11;S;4875.7;203.2;24.0;303364.3;12640.2;298488.6
2022-04-11;NE;8622.7;359.3;24.0;292710.5;12196.3;284087.8
2022-04-11;N;3285.2;136.9;24.0;151556.6;6314.9;148271.4
2022-04-12;SE;23741.7;989.2;24.0;1092082.6;45503.4;1068340.9
2022-04-12;S;6159.7;256.7;24.0;308586.0;12857.7;302426.3
2022-04-12;NE;8703.6;362.6;24.0;296117.4;12338.2;287413.8
2022-04-12;N;2898.9;120.8;24.0;151638.1;6318.3;148739.2
2022-04-13;SE;22352.0;931.3;24.0;1095675.3;45653.1;1073323.3
2022-04-13;S;7027.8;292.8;24.0;308107.4;12837.8;301079.6
2022-04-13;NE;9065.0;377.7;24.0;296272.2;12344.7;287207.2
2022-04-13;N;2945.4;122.7;24.0;148526.5;6188.6;145581.0
2022-04-14;SE;20280.7;845.0;24.0;1056002.6;44000.1;1035721.8
2022-04-14;S;10697.1;445.7;24.0;294882.5;12286.8;284185.4
2022-04-14;NE;9249.0;385.4;24.0;292789.4;12199.6;283540.4
2022-04-14;N;3095.1;129.0;24.0;144667.4;6027.8;141572.3
2022-04-15;SE;21210.2;883.8;24.0;868604.1;36191.8;847393.9
2022-04-15;S;12870.1;536.3;24.0;223465.8;9311.1;210595.6
2022-04-15;NE;8820.9;367.5;24.0;259462.4;10810.9;250641.4
2022-04-15;N;3137.4;130.7;24.0;131918.5;5496.6;128781.2
2022-04-16;SE;25211.7;1050.5;24.0;861154.2;35881.4;835942.5
2022-04-16;S;12021.1;500.9;24.0;230380.3;9599.2;218359.2
2022-04-16;NE;7522.6;313.4;24.0;263849.5;10993.7;256326.9
2022-04-16;N;2786.0;116.1;24.0;134801.1;5616.7;132015.1
2022-04-17;SE;24500.8;1020.9;24.0;811495.8;33812.3;786995.0
2022-04-17;S;11322.4;471.8;24.0;215974.5;8998.9;204652.2
2022-04-17;NE;6750.3;281.3;24.0;247440.7;10310.0;240690.4
2022-04-17;N;2557.6;106.6;24.0;127670.5;5319.6;125112.9
2022-04-18;SE;24812.2;1033.8;24.0;958488.6;39937.0;933676.5
2022-04-18;S;11161.0;465.0;24.0;289584.0;12066.0;278423.0
2022-04-18;NE;5902.3;245.9;24.0;275881.3;11495.1;269979.0
2022-04-18;N;2672.4;111.4;24.0;141805.2;5908.5;139132.8
2022-04-19;SE;25256.1;1052.3;24.0;996304.5;41512.7;971048.3
2022-04-19;S;12482.1;520.1;24.0;307428.3;12809.5;294946.2
2022-04-19;NE;7404.0;308.5;24.0;273800.3;11408.3;266396.3
2022-04-19;N;2757.0;114.9;24.0;140962.0;5873.4;138205.0
2022-04-20;SE;26083.8;1086.8;24.0;1014186.4;42257.8;988102.6
2022-04-20;S;12537.4;522.4;24.0;310255.2;12927.3;297717.8
2022-04-20;NE;7890.5;328.8;24.0;272336.0;11347.3;264445.5
2022-04-20;N;2808.7;117.0;24.0;139540.9;5814.2;136732.2
2022-04-21;SE;25041.7;1043.4;24.0;953786.7;39741.1;928745.0
2022-04-21;S;10866.7;452.8;24.0;288952.9;12039.7;278086.2
2022-04-21;NE;8419.0;350.8;24.0;262719.6;10946.7;254300.6
2022-04-21;N;2959.8;123.3;24.0;134792.5;5616.4;131832.6
2022-04-22;SE;24394.2;1016.4;24.0;988632.1;41193.0;964238.0
2022-04-22;S;9540.1;397.5;24.0;295652.1;12318.8;286112.0
2022-04-22;NE;7884.9;328.5;24.0;275983.1;11499.3;268098.2
2022-04-22;N;2577.1;107.4;24.0;141588.2;5899.5;139011.1
2022-04-23;SE;24048.2;1002.0;24.0;953018.6;39709.1;928970.4
2022-04-23;S;8846.5;368.6;24.0;248281.4;10345.1;239434.9
2022-04-23;NE;7473.6;311.4;24.0;267873.2;11161.4;260399.7
2022-04-23;N;2440.9;101.7;24.0;136628.1;5692.8;134187.1
2022-04-24;SE;24589.1;1024.5;24.0;888791.8;37033.0;864202.7
2022-04-24;S;11697.5;487.4;24.0;226203.4;9425.1;214505.9
2022-04-24;NE;7656.7;319.0;24.0;246804.8;10283.5;239148.2
2022-04-24;N;3028.4;126.2;24.0;130635.2;5443.1;127606.8
2022-04-25;SE;23399.8;975.0;24.0;1034648.8;43110.4;1011249.0
2022-04-25;S;10910.6;454.6;24.0;302247.8;12593.7;291337.2
2022-04-25;NE;7713.2;321.4;24.0;270983.6;11291.0;263270.4
2022-04-25;N;3625.5;151.1;24.0;145426.2;6059.4;141800.7
2022-04-26;SE;23851.2;993.8;24.0;1071473.3;44644.7;1047622.0
2022-04-26;S;10464.9;436.0;24.0;320312.7;13346.4;309847.8
2022-04-26;NE;8301.0;345.9;24.0;275449.2;11477.1;267148.2
2022-04-26;N;3350.8;139.6;24.0;146083.0;6086.8;142732.2
2022-04-27;SE;24062.2;1002.6;24.0;1078621.9;44942.6;1054559.7
2022-04-27;S;11666.7;486.1;24.0;330631.4;13776.3;318964.7
2022-04-27;NE;8343.4;347.6;24.0;280017.5;11667.4;271674.1
2022-04-27;N;2979.9;124.2;24.0;145291.1;6053.8;142311.2
2022-04-28;SE;24767.6;1032.0;24.0;1081739.2;45072.5;1056971.6
2022-04-28;S;9029.2;376.2;24.0;328596.7;13691.5;319567.5
2022-04-28;NE;8197.7;341.6;24.0;283193.4;11799.7;274995.6
2022-04-28;N;2929.7;122.1;24.0;144841.1;6035.0;141911.5
2022-04-29;SE;24120.5;1005.0;24.0;1072615.6;44692.3;1048495.1
2022-04-29;S;9138.8;380.8;24.0;309926.2;12913.6;300787.5
2022-04-29;NE;7624.4;317.7;24.0;277719.4;11571.6;270095.0
2022-04-29;N;3102.0;129.2;24.0;143847.7;5993.7;140745.7
2022-04-30;SE;20859.6;869.1;24.0;977036.9;40709.9;956177.3
2022-04-30;S;6895.2;287.3;24.0;263786.1;10991.1;256890.9
2022-04-30;NE;7760.2;323.3;24.0;262232.1;10926.3;254471.9
2022-04-30;N;2872.5;119.7;24.0;136486.7;5686.9;133614.2
2022-05-01;SE;22488.1;937.0;24.0;886548.8;36939.5;864060.8
2022-05-01;S;6372.5;265.5;24.0;227373.0;9473.9;221000.4
2022-05-01;NE;8490.8;353.8;24.0;249695.0;10404.0;241204.1
2022-05-01;N;3171.0;132.1;24.0;135900.4;5662.5;132729.4
2022-05-02;SE;22074.9;919.8;24.0;1040282.6;43345.1;1018207.7
2022-05-02;S;5025.3;209.4;24.0;298025.5;12417.7;293000.1
2022-05-02;NE;7652.2;318.8;24.0;281538.1;11730.8;273885.9
2022-05-02;N;3033.4;126.4;24.0;146085.4;6086.9;143052.0
2022-05-03;SE;21337.1;889.0;24.0;1078639.8;44943.3;1057302.7
2022-05-03;S;2624.2;109.3;24.0;304908.9;12704.5;302284.7
2022-05-03;NE;7779.9;324.2;24.0;288400.5;12016.7;280620.7
2022-05-03;N;2883.4;120.1;24.0;148531.0;6188.8;145647.6
2022-05-04;SE;17345.2;722.7;24.0;1046911.1;43621.3;1029566.0
2022-05-04;S;4082.0;170.1;24.0;297347.0;12389.5;293265.0
2022-05-04;NE;8235.4;343.1;24.0;289165.9;12048.6;280930.5
2022-05-04;N;2865.7;119.4;24.0;145785.1;6074.4;142919.4
2022-05-05;SE;20646.7;860.3;24.0;1007892.9;41995.5;987246.3
2022-05-05;S;7781.7;324.2;24.0;296388.2;12349.5;288606.5
2022-05-05;NE;7670.9;319.6;24.0;286545.7;11939.4;278874.9
2022-05-05;N;3139.9;130.8;24.0;152273.3;6344.7;149133.4
2022-05-06;SE;23241.0;968.4;24.0;1004577.1;41857.4;981336.1
2022-05-06;S;10352.7;431.4;24.0;293460.9;12227.5;283108.2
2022-05-06;NE;7819.1;325.8;24.0;276174.0;11507.3;268354.9
2022-05-06;N;3306.2;137.8;24.0;149476.8;6228.2;146170.6
2022-05-07;SE;22131.8;922.2;24.0;927824.5;38659.4;905692.7
2022-05-07;S;10429.5;434.6;24.0;250230.4;10426.3;239800.9
2022-05-07;NE;7641.5;318.4;24.0;262032.6;10918.0;254391.1
2022-05-07;N;2867.4;119.5;24.0;143968.4;5998.7;141101.0
2022-05-08;SE;21888.3;912.0;24.0;842412.0;35100.5;820523.8
2022-05-08;S;11138.8;464.1;24.0;213431.2;8893.0;202292.3
2022-05-08;NE;7217.2;300.7;24.0;245633.5;10234.7;238416.3
2022-05-08;N;2887.5;120.3;24.0;134317.3;5596.6;131429.8
2022-05-09;SE;21530.5;897.1;24.0;976671.9;40694.7;955141.5
2022-05-09;S;10137.1;422.4;24.0;284944.7;11872.7;274807.5
2022-05-09;NE;6908.4;287.8;24.0;276102.0;11504.2;269193.6
2022-05-09;N;2507.8;104.5;24.0;146846.8;6118.6;144339.0
2022-05-10;SE;22889.9;953.7;24.0;998680.7;41611.7;975790.8
2022-05-10;S;5364.9;223.5;24.0;299765.1;12490.2;294400.2
2022-05-10;NE;6568.6;273.7;24.0;277665.2;11569.4;271096.6
2022-05-10;N;2702.3;112.6;24.0;154289.6;6428.7;151587.2
2022-05-11;SE;20777.8;865.7;24.0;1009840.0;42076.7;989062.3
2022-05-11;S;7264.6;302.7;24.0;300146.2;12506.1;292881.6
2022-05-11;NE;6750.1;281.3;24.0;278610.4;11608.8;271860.2
2022-05-11;N;3310.7;137.9;24.0;157588.8;6566.2;154278.1
2022-05-12;SE;20131.0;838.8;24.0;1003019.2;41792.5;982888.2
2022-05-12;S;9683.2;403.5;24.0;296742.9;12364.3;287059.6
2022-05-12;NE;6946.2;289.4;24.0;281125.0;11713.5;274178.8
2022-05-12;N;2895.7;120.7;24.0;154583.8;6441.0;151688.0
2022-05-13;SE;21846.0;910.3;24.0;998828.9;41617.9;976982.9
2022-05-13;S;10311.0;429.6;24.0;294605.5;12275.2;284294.5
2022-05-13;NE;7138.6;297.4;24.0;284932.9;11872.2;277794.3
2022-05-13;N;2966.7;123.6;24.0;152181.3;6340.9;149214.5
2022-05-14;SE;21531.0;897.1;24.0;934902.3;38954.3;913371.3
2022-05-14;S;5793.8;241.4;24.0;259360.3;10806.7;253566.5
2022-05-14;NE;7694.8;320.6;24.0;272474.3;11353.1;264779.5
2022-05-14;N;2850.1;118.8;24.0;146697.5;6112.4;143847.5
2022-05-15;SE;16425.6;684.4;24.0;854955.3;35623.1;838529.7
2022-05-15;S;4552.0;189.7;24.0;224366.0;9348.6;219814.0
2022-05-15;NE;7101.4;295.9;24.0;253801.4;10575.1;246700.0
2022-05-15;N;2766.3;115.3;24.0;138899.9;5787.5;136133.6
2022-05-16;SE;17914.2;746.4;24.0;962118.6;40088.3;944204.5
2022-05-16;S;9390.2;391.3;24.0;288026.2;12001.1;278636.0
2022-05-16;NE;7931.4;330.5;24.0;283726.9;11822.0;275795.5
2022-05-16;N;3242.9;135.1;24.0;151152.7;6298.0;147909.9
2022-05-17;SE;21885.7;911.9;24.0;949366.1;39556.9;927480.5
2022-05-17;S;7469.3;311.2;24.0;298479.5;12436.6;291010.2
2022-05-17;NE;8629.1;359.5;24.0;294361.9;12265.1;285732.8
2022-05-17;N;3355.8;139.8;24.0;155046.5;6460.3;151690.6
2022-05-18;SE;22487.8;937.0;24.0;916243.9;38176.8;893756.1
2022-05-18;S;4075.2;169.8;24.0;301462.8;12560.9;297387.6
2022-05-18;NE;8534.0;355.6;24.0;293620.5;12234.2;285086.5
2022-05-18;N;2672.8;111.4;24.0;151328.4;6305.4;148655.6
2022-05-19;SE;21709.3;904.6;24.0;906113.3;37754.7;884404.0
2022-05-19;S;6472.3;269.7;24.0;299744.1;12489.3;293271.8
2022-05-19;NE;8504.6;354.4;24.0;291511.7;12146.3;283007.1
2022-05-19;N;2704.6;112.7;24.0;144186.7;6007.8;141482.1
2022-05-20;SE;24088.3;1003.7;24.0;911903.8;37996.0;887815.5
2022-05-20;S;10748.7;447.9;24.0;297030.3;12376.3;286281.6
2022-05-20;NE;7542.5;314.3;24.0;285084.7;11878.5;277542.3
2022-05-20;N;2568.1;107.0;24.0;144509.4;6021.2;141941.3
2022-05-21;SE;24957.4;1039.9;24.0;864121.6;36005.1;839164.2
2022-05-21;S;11137.7;464.1;24.0;258285.7;10761.9;247148.0
2022-05-21;NE;6363.1;265.1;24.0;261524.4;10896.8;255161.2
2022-05-21;N;2667.3;111.1;24.0;140665.9;5861.1;137998.6
2022-05-22;SE;24270.2;1011.3;24.0;795716.5;33154.9;771446.3
2022-05-22;S;9685.7;403.6;24.0;224648.3;9360.3;214962.7
2022-05-22;NE;7367.9;307.0;24.0;244101.6;10170.9;236733.8
2022-05-22;N;3372.4;140.5;24.0;134202.0;5591.8;130829.6
2022-05-23;SE;22845.7;951.9;24.0;919257.6;38302.4;896411.8
2022-05-23;S;10156.0;423.2;24.0;290386.8;12099.5;280230.8
2022-05-23;NE;7097.6;295.7;24.0;262882.9;10953.5;255785.3
2022-05-23;N;3067.5;127.8;24.0;144737.2;6030.7;141669.7
2022-05-24;SE;22661.5;944.2;24.0;950896.9;39620.7;928235.3
2022-05-24;S;10447.2;435.3;24.0;298380.4;12432.5;287933.2
2022-05-24;NE;6731.2;280.5;24.0;269669.4;11236.2;262938.2
2022-05-24;N;3203.4;133.5;24.0;148789.4;6199.6;145586.0
2022-05-25;SE;21496.8;895.7;24.0;957790.7;39907.9;936293.8
2022-05-25;S;10063.2;419.3;24.0;299794.5;12491.4;289731.3
2022-05-25;NE;5078.0;211.6;24.0;263019.2;10959.1;257941.2
2022-05-25;N;3612.1;150.5;24.0;154797.7;6449.9;151185.6
2022-05-26;SE;21207.0;883.6;24.0;967939.5;40330.8;946732.5
2022-05-26;S;6264.0;261.0;24.0;302455.5;12602.3;296191.5
2022-05-26;NE;6708.3;279.5;24.0;268296.8;11179.0;261588.4
2022-05-26;N;3225.5;134.4;24.0;154548.5;6439.5;151323.1
2022-05-27;SE;21750.0;906.2;24.0;966947.9;40289.5;945197.9
2022-05-27;S;6053.1;252.2;24.0;303923.1;12663.5;297870.0
2022-05-27;NE;6659.2;277.5;24.0;276539.6;11522.5;269880.4
2022-05-27;N;3306.7;137.8;24.0;153518.0;6396.6;150211.3
2022-05-28;SE;20753.5;864.7;24.0;908927.2;37872.0;888173.7
2022-05-28;S;5491.6;228.8;24.0;262710.9;10946.3;257219.3
2022-05-28;NE;4800.9;200.0;24.0;263736.2;10989.0;258935.3
2022-05-28;N;3298.4;137.4;24.0;147818.2;6159.1;144519.8
2022-05-29;SE;22423.8;934.3;24.0;841468.7;35061.2;819044.9
2022-05-29;S;4603.2;191.8;24.0;224693.2;9362.2;220090.1
2022-05-29;NE;6902.9;287.6;24.0;240358.3;10014.9;233455.4
2022-05-29;N;3009.7;125.4;24.0;132441.3;5518.4;129431.6
2022-05-30;SE;21121.1;880.0;24.0;969500.8;40395.9;948379.7
2022-05-30;S;4531.1;188.8;24.0;286060.9;11919.2;281529.8
2022-05-30;NE;7117.5;296.6;24.0;268328.9;11180.4;261211.4
2022-05-30;N;3288.6;137.0;24.0;146483.5;6103.5;143194.9
2022-05-31;SE;18536.7;772.4;24.0;1000261.1;41677.5;981724.4
2022-05-31;S;7140.9;297.5;24.0;300515.8;12521.5;293375.0
2022-05-31;NE;6974.8;290.6;24.0;269794.6;11241.4;262819.9
2022-05-31;N;3125.3;130.2;24.0;147354.1;6139.8;144228.9
2022-06-01;SE;19780.1;824.2;24.0;980207.6;40842.0;960427.5
2022-06-01;S;3170.4;132.1;24.0;315474.3;13144.8;312303.9
2022-06-01;NE;6905.6;287.7;24.0;270487.6;11270.3;263582.1
2022-06-01;N;3006.5;125.3;24.0;147893.1;6162.2;144886.6
2022-06-02;SE;21230.9;884.6;24.0;986620.5;41109.2;965389.6
2022-06-02;S;3531.8;147.2;24.0;318272.1;13261.3;314740.3
2022-06-02;NE;5723.4;238.5;24.0;275928.3;11497.0;270205.0
2022-06-02;N;3252.7;135.5;24.0;150538.0;6272.4;147285.3
2022-06-03;SE;18055.0;752.3;24.0;971696.0;40487.3;953641.0
2022-06-03;S;7010.3;292.1;24.0;310562.2;12940.1;303551.9
2022-06-03;NE;6666.7;277.8;24.0;274595.9;11441.5;267929.2
2022-06-03;N;3144.2;131.0;24.0;147883.5;6161.8;144739.3
2022-06-04;SE;19901.8;829.2;24.0;885732.7;36905.5;865830.9
2022-06-04;S;7599.5;316.6;24.0;266585.3;11107.7;258985.8
2022-06-04;NE;6180.4;257.5;24.0;258436.5;10768.2;252256.1
2022-06-04;N;2626.4;109.4;24.0;138916.8;5788.2;136290.4
2022-06-05;SE;21728.1;905.3;24.0;811878.1;33828.3;790150.1
2022-06-05;S;5715.4;238.1;24.0;232945.8;9706.1;227230.4
2022-06-05;NE;5749.9;239.6;24.0;235559.3;9815.0;229809.4
2022-06-05;N;2909.6;121.2;24.0;132433.7;5518.1;129524.1
2022-06-06;SE;22560.8;940.0;24.0;938186.9;39091.1;915626.1
2022-06-06;S;4489.2;187.0;24.0;299477.9;12478.2;294988.7
2022-06-06;NE;6877.8;286.6;24.0;255167.4;10632.0;248289.6
2022-06-06;N;3000.5;125.0;24.0;144035.6;6001.5;141035.2
2022-06-07;SE;21167.3;882.0;24.0;966947.7;40289.5;945780.4
2022-06-07;S;4277.4;178.2;24.0;305113.2;12713.1;300835.8
2022-06-07;NE;7313.4;304.7;24.0;262882.3;10953.4;255568.9
2022-06-07;N;3314.7;138.1;24.0;148082.2;6170.1;144767.5
2022-06-08;SE;18118.0;754.9;24.0;973893.4;40578.9;955775.3
2022-06-08;S;6457.5;269.1;24.0;303335.6;12639.0;296878.1
2022-06-08;NE;8059.6;335.8;24.0;272210.4;11342.1;264150.8
2022-06-08;N;3476.2;144.8;24.0;149910.0;6246.3;146433.8
2022-06-09;SE;16543.4;689.3;24.0;972634.7;40526.4;956091.2
2022-06-09;S;5641.6;235.1;24.0;306454.6;12768.9;300813.0
2022-06-09;NE;7594.8;316.5;24.0;272321.9;11346.7;264727.1
2022-06-09;N;3440.5;143.4;24.0;151218.7;6300.8;147778.2
2022-06-10;SE;14664.2;611.0;24.0;960812.5;40033.9;946148.2
2022-06-10;S;5728.9;238.7;24.0;306029.0;12751.2;300300.1
2022-06-10;NE;8153.1;339.7;24.0;272207.3;11342.0;264054.2
2022-06-10;N;3232.5;134.7;24.0;150625.0;6276.0;147392.5
2022-06-11;SE;14899.8;620.8;24.0;886480.0;36936.7;871580.2
2022-06-11;S;10458.4;435.8;24.0;271397.4;11308.2;260939.0
2022-06-11;NE;7442.4;310.1;24.0;264154.3;11006.4;256711.9
2022-06-11;N;3108.2;129.5;24.0;143313.6;5971.4;140205.4
2022-06-12;SE;17365.7;723.6;24.0;798726.9;33280.3;781361.1
2022-06-12;S;10524.4;438.5;24.0;235155.0;9798.1;224630.5
2022-06-12;NE;8197.4;341.6;24.0;247142.5;10297.6;238945.2
2022-06-12;N;3304.5;137.7;24.0;136438.3;5684.9;133133.8
2022-06-13;SE;21567.2;898.6;24.0;900101.3;37504.2;878534.1
2022-06-13;S;9577.3;399.1;24.0;297565.7;12398.6;287988.4
2022-06-13;NE;9217.5;384.1;24.0;272740.1;11364.2;263522.5
2022-06-13;N;3323.5;138.5;24.0;150956.2;6289.8;147632.7
2022-06-14;SE;20090.8;837.1;24.0;925343.8;38556.0;905253.0
2022-06-14;S;9844.7;410.2;24.0;303683.1;12653.5;293838.3
2022-06-14;NE;8496.8;354.0;24.0;274704.6;11446.0;266207.8
2022-06-14;N;3195.7;133.2;24.0;151966.1;6331.9;148770.4
2022-06-15;SE;20278.7;844.9;24.0;935936.3;38997.3;915657.6
2022-06-15;S;9539.5;397.5;24.0;302772.2;12615.5;293232.7
2022-06-15;NE;7197.8;299.9;24.0;269267.5;11219.5;262069.8
2022-06-15;N;3513.9;146.4;24.0;150566.3;6273.6;147052.4
2022-06-16;SE;22264.2;927.7;24.0;881854.3;36743.9;859590.0
2022-06-16;S;8943.1;372.6;24.0;264025.5;11001.1;255082.3
2022-06-16;NE;7231.9;301.3;24.0;250965.6;10456.9;243733.7
2022-06-16;N;3684.0;153.5;24.0;146118.7;6088.3;142434.8
2022-06-17;SE;22477.9;936.6;24.0;911527.1;37980.3;889049.2
2022-06-17;S;3787.1;157.8;24.0;283796.4;11824.8;280009.3
2022-06-17;NE;7902.9;329.3;24.0;260940.1;10872.5;253037.2
2022-06-17;N;3746.8;156.1;24.0;153402.3;6391.8;149655.5
2022-06-18;SE;17256.9;719.0;24.0;867289.0;36137.0;850032.1
2022-06-18;S;10210.9;425.5;24.0;252667.4;10527.8;242456.6
2022-06-18;NE;9081.1;378.4;24.0;257663.9;10736.0;248582.8
2022-06-18;N;3679.8;153.3;24.0;150273.7;6261.4;146593.8
2022-06-19;SE;18690.0;778.7;24.0;801971.3;33415.5;783281.4
2022-06-19;S;9393.8;391.4;24.0;227544.8;9481.0;218151.1
2022-06-19;NE;9042.0;376.7;24.0;241488.8;10062.0;232446.8
2022-06-19;N;3695.5;154.0;24.0;144355.0;6014.8;140659.5
2022-06-20;SE;19996.4;833.2;24.0;922580.6;38440.9;902584.2
2022-06-20;S;8806.1;366.9;24.0;294095.1;12254.0;285289.0
2022-06-20;NE;6956.0;289.8;24.0;263425.6;10976.1;256469.5
2022-06-20;N;3658.2;152.4;24.0;154931.3;6455.5;151273.1
2022-06-21;SE;22422.5;934.3;24.0;953094.1;39712.3;930671.6
2022-06-21;S;6345.9;264.4;24.0;308281.6;12845.1;301935.7
2022-06-21;NE;6758.1;281.6;24.0;265359.1;11056.6;258601.0
2022-06-21;N;3297.2;137.4;24.0;152828.6;6367.9;149531.4
2022-06-22;SE;22977.0;957.4;24.0;959915.4;39996.5;936938.4
2022-06-22;S;6185.9;257.7;24.0;309920.4;12913.4;303734.6
2022-06-22;NE;5763.1;240.1;24.0;259524.6;10813.5;253761.5
2022-06-22;N;3025.6;126.1;24.0;152109.7;6337.9;149084.1
2022-06-23;SE;23261.7;969.2;24.0;959559.2;39981.6;936297.5
2022-06-23;S;5542.6;230.9;24.0;307526.6;12813.6;301984.0
2022-06-23;NE;6758.4;281.6;24.0;256275.6;10678.2;249517.3
2022-06-23;N;3702.4;154.3;24.0;154411.7;6433.8;150709.3
2022-06-24;SE;23308.5;971.2;24.0;958965.8;39956.9;935657.3
2022-06-24;S;5869.9;244.6;24.0;303408.2;12642.0;297538.3
2022-06-24;NE;7959.2;331.6;24.0;242458.4;10102.4;234499.2
2022-06-24;N;3598.0;149.9;24.0;155147.5;6464.5;151549.5
2022-06-25;SE;23026.9;959.5;24.0;890776.0;37115.7;867749.1
2022-06-25;S;6199.1;258.3;24.0;263219.1;10967.5;257020.1
2022-06-25;NE;8610.5;358.8;24.0;239626.2;9984.4;231015.7
2022-06-25;N;3646.8;152.0;24.0;150846.5;6285.3;147199.7
2022-06-26;SE;20157.6;839.9;24.0;795262.5;33135.9;775104.9
2022-06-26;S;7274.5;303.1;24.0;230952.2;9623.0;223677.6
2022-06-26;NE;8520.8;355.0;24.0;227361.3;9473.4;218840.6
2022-06-26;N;3507.0;146.1;24.0;141653.4;5902.2;138146.4
2022-06-27;SE;21409.4;892.1;24.0;904933.6;37705.6;883524.2
2022-06-27;S;7892.5;328.9;24.0;290687.6;12112.0;282795.1
2022-06-27;NE;8054.7;335.6;24.0;246806.7;10283.6;238752.0
2022-06-27;N;3794.7;158.1;24.0;152081.0;6336.7;148286.3
2022-06-28;SE;23368.1;973.7;24.0;930046.5;38751.9;906678.4
2022-06-28;S;8261.8;344.2;24.0;299101.1;12462.5;290839.3
2022-06-28;NE;7373.0;307.2;24.0;252440.3;10518.3;245067.3
2022-06-28;N;3692.0;153.8;24.0;152038.3;6334.9;148346.3
2022-06-29;SE;23103.8;962.7;24.0;931123.2;38796.8;908019.4
2022-06-29;S;8891.8;370.5;24.0;298876.4;12453.2;289984.6
2022-06-29;NE;7180.7;299.2;24.0;257641.0;10735.0;250460.3
2022-06-29;N;3513.8;146.4;24.0;152226.7;6342.8;148712.9
2022-06-30;SE;23093.8;962.2;24.0;945051.4;39377.1;921957.6
2022-06-30;S;10549.1;439.5;24.0;304167.6;12673.7;293618.5
2022-06-30;NE;8184.6;341.0;24.0;255195.3;10633.1;247010.6
2022-06-30;N;3616.1;150.7;24.0;147512.9;6146.4;143896.8
2022-07-01;SE;23042.4;960.1;24.0;944089.0;39337.0;921046.7
2022-07-01;S;9723.3;405.1;24.0;297993.1;12416.4;288269.8
2022-07-01;NE;7117.7;296.6;24.0;263288.6;10970.4;256170.9
2022-07-01;N;3558.8;148.3;24.0;154838.6;6451.6;151279.8
2022-07-02;SE;22996.9;958.2;24.0;889239.3;37051.6;866242.4
2022-07-02;S;9157.4;381.6;24.0;256749.4;10697.9;247592.1
2022-07-02;NE;6620.8;275.9;24.0;249126.3;10380.3;242505.5
2022-07-02;N;3512.2;146.3;24.0;149889.3;6245.4;146377.1
2022-07-03;SE;23435.2;976.5;24.0;818504.7;34104.4;795069.5
2022-07-03;S;7453.6;310.6;24.0;225239.6;9385.0;217786.0
2022-07-03;NE;6399.8;266.7;24.0;233130.5;9713.8;226730.7
2022-07-03;N;3223.1;134.3;24.0;141773.2;5907.2;138550.1
2022-07-04;SE;24057.2;1002.4;24.0;936973.3;39040.6;912916.1
2022-07-04;S;9249.0;385.4;24.0;291057.2;12127.4;281808.3
2022-07-04;NE;5469.0;227.9;24.0;250870.8;10452.9;245401.8
2022-07-04;N;3262.9;136.0;24.0;148554.0;6189.8;145291.2
2022-07-05;SE;23303.3;971.0;24.0;953318.1;39721.6;930014.8
2022-07-05;S;8916.8;371.5;24.0;300993.4;12541.4;292076.6
2022-07-05;NE;6713.0;279.7;24.0;256018.4;10667.4;249305.4
2022-07-05;N;3603.7;150.2;24.0;152953.3;6373.1;149349.6
2022-07-06;SE;23787.5;991.1;24.0;956939.9;39872.5;933152.4
2022-07-06;S;9423.6;392.7;24.0;299835.5;12493.1;290411.8
2022-07-06;NE;7862.1;327.6;24.0;264380.2;11015.8;256518.1
2022-07-06;N;3654.4;152.3;24.0;154880.0;6453.3;151225.6
2022-07-07;SE;23816.5;992.4;24.0;965386.8;40224.5;941570.4
2022-07-07;S;8220.0;342.5;24.0;300734.8;12530.6;292514.8
2022-07-07;NE;6250.7;260.4;24.0;262874.6;10953.1;256623.8
2022-07-07;N;3522.1;146.8;24.0;154259.1;6427.5;150737.0
2022-07-08;SE;23264.9;969.4;24.0;961883.0;40078.5;938618.0
2022-07-08;S;8657.5;360.7;24.0;300867.1;12536.1;292209.6
2022-07-08;NE;7303.2;304.3;24.0;261196.4;10883.2;253893.2
2022-07-08;N;3469.6;144.6;24.0;154865.0;6452.7;151395.4
2022-07-09;SE;23402.2;975.1;24.0;881616.3;36734.0;858214.1
2022-07-09;S;9461.9;394.2;24.0;256228.2;10676.2;246766.3
2022-07-09;NE;7797.2;324.9;24.0;253176.5;10549.0;245379.3
2022-07-09;N;3650.0;152.1;24.0;149740.7;6239.2;146090.7
2022-07-10;SE;23280.0;970.0;24.0;815662.5;33985.9;792382.5
2022-07-10;S;8716.7;363.2;24.0;223738.4;9322.4;215021.7
2022-07-10;NE;7941.9;330.9;24.0;239806.6;9991.9;231864.8
2022-07-10;N;3862.0;160.9;24.0;144340.4;6014.2;140478.4
2022-07-11;SE;23834.4;993.1;24.0;939836.0;39159.8;916001.5
2022-07-11;S;9654.4;402.3;24.0;291309.7;12137.9;281655.3
2022-07-11;NE;7901.1;329.2;24.0;264732.6;11030.5;256831.5
2022-07-11;N;3842.9;160.1;24.0;157437.2;6559.9;153594.3
2022-07-12;SE;21612.8;900.5;24.0;973629.2;40567.9;952016.4
2022-07-12;S;6356.2;264.8;24.0;295835.9;12326.5;289479.7
2022-07-12;NE;8328.9;347.0;24.0;272241.9;11343.4;263912.9
2022-07-12;N;3746.7;156.1;24.0;156775.3;6532.3;153028.6
2022-07-13;SE;20935.0;872.3;24.0;970971.8;40457.2;950036.8
2022-07-13;S;9137.9;380.7;24.0;297524.5;12396.9;288386.6
2022-07-13;NE;8097.0;337.4;24.0;270904.9;11287.7;262807.9
2022-07-13;N;3678.9;153.3;24.0;158366.9;6598.6;154688.0
2022-07-14;SE;23377.2;974.0;24.0;973242.8;40551.8;949865.6
2022-07-14;S;6323.0;263.5;24.0;304087.2;12670.3;297764.2
2022-07-14;NE;8102.3;337.6;24.0;270744.9;11281.0;262642.6
2022-07-14;N;3547.8;147.8;24.0;157432.4;6559.7;153884.6
2022-07-15;SE;23606.2;983.6;24.0;974514.4;40604.8;950908.2
2022-07-15;S;7625.3;317.7;24.0;303570.3;12648.8;295945.0
2022-07-15;NE;8385.0;349.4;24.0;269049.0;11210.4;260664.0
2022-07-15;N;3702.9;154.3;24.0;158318.2;6596.6;154615.2
2022-07-16;SE;23748.9;989.5;24.0;913630.4;38067.9;889881.5
2022-07-16;S;6762.8;281.8;24.0;262987.9;10957.8;256225.1
2022-07-16;NE;8583.0;357.6;24.0;258262.4;10760.9;249679.4
2022-07-16;N;3882.8;161.8;24.0;153407.7;6392.0;149524.9
2022-07-17;SE;24152.8;1006.4;24.0;833633.0;34734.7;809480.1
2022-07-17;S;7913.9;329.7;24.0;225507.5;9396.1;217593.6
2022-07-17;NE;7723.4;321.8;24.0;232714.4;9696.4;224991.1
2022-07-17;N;4132.1;172.2;24.0;143145.2;5964.4;139013.1
2022-07-18;SE;23538.7;980.8;24.0;951493.8;39645.6;927955.1
2022-07-18;S;8752.6;364.7;24.0;293673.6;12236.4;284921.1
2022-07-18;NE;8914.5;371.4;24.0;255914.2;10663.1;246999.6
2022-07-18;N;3682.1;153.4;24.0;155148.6;6464.5;151466.5
2022-07-19;SE;24880.1;1036.7;24.0;981672.2;40903.0;956792.2
2022-07-19;S;8762.5;365.1;24.0;305083.1;12711.8;296320.6
2022-07-19;NE;8450.6;352.1;24.0;266966.2;11123.6;258515.6
2022-07-19;N;4007.2;167.0;24.0;154887.8;6453.7;150880.6
2022-07-20;SE;23973.1;998.9;24.0;981055.6;40877.3;957082.6
2022-07-20;S;10279.6;428.3;24.0;298905.1;12454.4;288625.5
2022-07-20;NE;8801.2;366.7;24.0;264639.9;11026.7;255838.7
2022-07-20;N;4068.1;169.5;24.0;154386.7;6432.8;150318.6
2022-07-21;SE;24305.7;1012.7;24.0;982155.9;40923.2;957850.3
2022-07-21;S;9935.9;414.0;24.0;305082.2;12711.8;295146.3
2022-07-21;NE;7622.2;317.6;24.0;260159.8;10840.0;252537.6
2022-07-21;N;3933.1;163.9;24.0;150381.6;6265.9;146448.5
2022-07-22;SE;25432.7;1059.7;24.0;981517.7;40896.6;956085.1
2022-07-22;S;9189.7;382.9;24.0;305890.7;12745.4;296701.0
2022-07-22;NE;8046.7;335.3;24.0;256942.7;10705.9;248896.0
2022-07-22;N;3992.9;166.4;24.0;150645.5;6276.9;146652.6
2022-07-23;SE;25600.2;1066.7;24.0;910233.8;37926.4;884633.6
2022-07-23;S;9812.3;408.8;24.0;263574.4;10982.3;253762.1
2022-07-23;NE;9212.4;383.8;24.0;251972.1;10498.8;242759.8
2022-07-23;N;4099.0;170.8;24.0;148253.5;6177.2;144154.5
2022-07-24;SE;25317.1;1054.9;24.0;823498.3;34312.4;798181.2
2022-07-24;S;10903.7;454.3;24.0;230311.3;9596.3;219407.6
2022-07-24;NE;7599.9;316.7;24.0;235484.9;9811.9;227885.0
2022-07-24;N;4197.4;174.9;24.0;143751.2;5989.6;139553.8
2022-07-25;SE;25975.5;1082.3;24.0;952265.9;39677.7;926290.3
2022-07-25;S;11327.6;472.0;24.0;293664.6;12236.0;282337.0
2022-07-25;NE;9909.2;412.9;24.0;259125.7;10796.9;249216.5
2022-07-25;N;4153.3;173.1;24.0;156021.2;6500.9;151867.9
2022-07-26;SE;26211.8;1092.2;24.0;980936.5;40872.4;954724.7
2022-07-26;S;11440.6;476.7;24.0;306168.6;12757.0;294728.0
2022-07-26;NE;9320.4;388.4;24.0;262609.3;10942.1;253288.9
2022-07-26;N;4197.2;174.9;24.0;156531.7;6522.2;152334.5
2022-07-27;SE;26183.8;1091.0;24.0;985671.9;41069.7;959488.0
2022-07-27;S;11721.7;488.4;24.0;310809.9;12950.4;299088.1
2022-07-27;NE;8962.2;373.4;24.0;266359.5;11098.3;257397.3
2022-07-27;N;4254.9;177.3;24.0;156895.6;6537.3;152640.7
2022-07-28;SE;27531.3;1147.1;24.0;984849.7;41035.4;957318.4
2022-07-28;S;9908.7;412.9;24.0;316339.7;13180.8;306430.9
2022-07-28;NE;9583.9;399.3;24.0;266435.3;11101.5;256851.4
2022-07-28;N;4246.1;176.9;24.0;155740.4;6489.2;151494.2
2022-07-29;SE;25449.5;1060.4;24.0;977470.9;40728.0;952021.4
2022-07-29;S;10095.9;420.7;24.0;301016.0;12542.3;290920.1
2022-07-29;NE;9648.4;402.0;24.0;271250.3;11302.1;261601.9
2022-07-29;N;4117.4;171.6;24.0;152703.5;6362.6;148586.0
2022-07-30;SE;25574.2;1065.6;24.0;889644.0;37068.5;864069.7
2022-07-30;S;12760.4;531.7;24.0;260669.8;10861.2;247909.4
2022-07-30;NE;7906.1;329.4;24.0;261118.1;10879.9;253212.0
2022-07-30;N;3922.6;163.4;24.0;143727.8;5988.7;139805.2
2022-07-31;SE;25974.5;1082.3;24.0;815507.4;33979.5;789533.0
2022-07-31;S;12493.1;520.5;24.0;221653.5;9235.6;209160.4
2022-07-31;NE;7942.6;330.9;24.0;243484.2;10145.2;235541.6
2022-07-31;N;3684.5;153.5;24.0;139736.5;5822.4;136052.1
2022-08-01;SE;24803.6;1033.5;24.0;949362.5;39556.8;924558.9
2022-08-01;S;10766.6;448.6;24.0;287140.0;11964.2;276373.5
2022-08-01;NE;10242.4;426.8;24.0;276493.8;11520.6;266251.3
2022-08-01;N;3592.7;149.7;24.0;157824.8;6576.0;154232.1
2022-08-02;SE;26349.5;1097.9;24.0;985685.0;41070.2;959335.5
2022-08-02;S;9986.4;416.1;24.0;303730.9;12655.5;293744.5
2022-08-02;NE;8155.9;339.8;24.0;274551.6;11439.6;266395.6
2022-08-02;N;4260.7;177.5;24.0;157301.3;6554.2;153040.6
2022-08-03;SE;27435.6;1143.2;24.0;993978.6;41415.8;966543.0
2022-08-03;S;11459.9;477.5;24.0;304577.0;12690.7;293117.1
2022-08-03;NE;6929.9;288.7;24.0;275089.9;11462.1;268160.0
2022-08-03;N;4352.5;181.4;24.0;160199.0;6675.0;155846.5
2022-08-04;SE;27081.5;1128.4;24.0;999599.2;41650.0;972517.7
2022-08-04;S;7197.1;299.9;24.0;305772.3;12740.5;298575.2
2022-08-04;NE;7080.8;295.0;24.0;271811.9;11325.5;264731.2
2022-08-04;N;3999.4;166.6;24.0;160797.4;6699.9;156798.0
2022-08-05;SE;27085.1;1128.5;24.0;1003355.3;41806.5;976270.2
2022-08-05;S;9359.0;390.0;24.0;296465.5;12352.7;287106.5
2022-08-05;NE;8799.3;366.6;24.0;271747.8;11322.8;262948.5
2022-08-05;N;4052.6;168.9;24.0;162226.0;6759.4;158173.4
2022-08-06;SE;24612.7;1025.5;24.0;919833.0;38326.4;895220.3
2022-08-06;S;7296.4;304.0;24.0;258500.9;10770.9;251204.5
2022-08-06;NE;10672.4;444.7;24.0;263886.9;10995.3;253214.5
2022-08-06;N;4351.8;181.3;24.0;161418.4;6725.8;157066.7
2022-08-07;SE;24770.8;1032.1;24.0;843488.1;35145.3;818717.3
2022-08-07;S;4916.1;204.8;24.0;230622.0;9609.3;225705.9
2022-08-07;NE;10207.5;425.3;24.0;245643.3;10235.1;235435.9
2022-08-07;N;4336.2;180.7;24.0;153844.5;6410.2;149508.3
2022-08-08;SE;20247.3;843.6;24.0;962059.8;40085.8;941812.5
2022-08-08;S;5921.3;246.7;24.0;292982.6;12207.6;287061.3
2022-08-08;NE;11142.6;464.3;24.0;271860.7;11327.5;260718.1
2022-08-08;N;4636.2;193.2;24.0;164741.2;6864.2;160105.0
2022-08-09;SE;17194.7;716.4;24.0;978409.1;40767.0;961214.4
2022-08-09;S;3257.5;135.7;24.0;307884.1;12828.5;304626.7
2022-08-09;NE;11209.7;467.1;24.0;279386.0;11641.1;268176.3
2022-08-09;N;4547.2;189.5;24.0;167991.3;6999.6;163444.1
2022-08-10;SE;21960.7;915.0;24.0;954193.8;39758.1;932233.1
2022-08-10;S;6295.2;262.3;24.0;304249.5;12677.1;297954.3
2022-08-10;NE;11772.6;490.5;24.0;287696.4;11987.3;275923.8
2022-08-10;N;4540.5;189.2;24.0;166604.8;6941.9;162064.3
2022-08-11;SE;27555.9;1148.2;24.0;923487.0;38478.6;895931.1
2022-08-11;S;12679.9;528.3;24.0;301629.1;12567.9;288949.1
2022-08-11;NE;11506.9;479.5;24.0;284472.4;11853.0;272965.5
2022-08-11;N;4495.7;187.3;24.0;167156.2;6964.8;162660.5
2022-08-12;SE;28785.8;1199.4;24.0;938689.6;39112.1;909903.7
2022-08-12;S;12629.4;526.2;24.0;296477.9;12353.2;283848.5
2022-08-12;NE;10999.2;458.3;24.0;281315.0;11721.5;270315.9
2022-08-12;N;4455.8;185.7;24.0;167884.4;6995.2;163428.5
2022-08-13;SE;29546.3;1231.1;24.0;887184.6;36966.0;857638.4
2022-08-13;S;11150.1;464.6;24.0;256412.1;10683.8;245262.0
2022-08-13;NE;10110.8;421.3;24.0;275480.9;11478.4;265370.1
2022-08-13;N;4205.5;175.2;24.0;158843.7;6618.5;154638.2
2022-08-14;SE;30692.6;1278.9;24.0;810404.7;33766.9;779712.1
2022-08-14;S;12047.5;502.0;24.0;220367.2;9182.0;208319.7
2022-08-14;NE;10229.1;426.2;24.0;248709.8;10362.9;238480.7
2022-08-14;N;4472.8;186.4;24.0;149501.0;6229.2;145028.2
2022-08-15;SE;30185.1;1257.7;24.0;940412.2;39183.8;910227.1
2022-08-15;S;11122.8;463.4;24.0;286597.5;11941.6;275474.7
2022-08-15;NE;10094.3;420.6;24.0;271336.8;11305.7;261242.5
2022-08-15;N;4744.1;197.7;24.0;159057.2;6627.4;154313.1
2022-08-16;SE;27242.2;1135.1;24.0;995294.6;41470.6;968052.4
2022-08-16;S;6376.9;265.7;24.0;300181.0;12507.5;293804.0
2022-08-16;NE;10804.3;450.2;24.0;276146.2;11506.1;265341.9
2022-08-16;N;4637.6;193.2;24.0;166112.5;6921.4;161474.9
2022-08-17;SE;25663.4;1069.3;24.0;998170.9;41590.5;972507.5
2022-08-17;S;8437.9;351.6;24.0;300692.7;12528.9;292254.8
2022-08-17;NE;10164.6;423.5;24.0;279658.3;11652.4;269493.7
2022-08-17;N;4754.4;198.1;24.0;169384.3;7057.7;164629.8
2022-08-18;SE;27491.7;1145.5;24.0;1002514.9;41771.5;975023.2
2022-08-18;S;5884.3;245.2;24.0;304085.9;12670.2;298201.7
2022-08-18;NE;10557.5;439.9;24.0;281273.9;11719.7;270716.4
2022-08-18;N;4663.6;194.3;24.0;169837.4;7076.6;165173.8
2022-08-19;SE;21382.1;890.9;24.0;953440.2;39726.7;932058.1
2022-08-19;S;15335.0;639.0;24.0;299025.9;12459.4;283690.9
2022-08-19;NE;10951.5;456.3;24.0;277428.9;11559.5;266477.3
2022-08-19;N;4597.6;191.6;24.0;171057.1;7127.4;166459.5
2022-08-20;SE;22620.0;942.5;24.0;868980.5;36207.5;846360.5
2022-08-20;S;15077.5;628.2;24.0;258326.8;10763.6;243249.3
2022-08-20;NE;11026.7;459.4;24.0;264275.1;11011.5;253248.4
2022-08-20;N;4623.5;192.6;24.0;161592.1;6733.0;156968.5
2022-08-21;SE;25984.7;1082.7;24.0;794737.3;33114.1;768752.7
2022-08-21;S;14186.8;591.1;24.0;227111.8;9463.0;212925.0
2022-08-21;NE;10343.8;431.0;24.0;245265.6;10219.4;234921.8
2022-08-21;N;4503.9;187.7;24.0;151049.9;6293.7;146546.0
2022-08-22;SE;29919.2;1246.6;24.0;918245.3;38260.2;888326.2
2022-08-22;S;13149.9;547.9;24.0;291328.5;12138.7;278178.6
2022-08-22;NE;9716.7;404.9;24.0;269588.2;11232.8;259871.5
2022-08-22;N;4470.5;186.3;24.0;161922.4;6746.8;157451.9
2022-08-23;SE;30871.1;1286.3;24.0;953918.1;39746.6;923047.0
2022-08-23;S;14248.6;593.7;24.0;296586.6;12357.8;282338.0
2022-08-23;NE;8702.7;362.6;24.0;273949.7;11414.6;265247.0
2022-08-23;N;4547.9;189.5;24.0;163719.1;6821.6;159171.2
2022-08-24;SE;29341.8;1222.6;24.0;964973.8;40207.2;935632.1
2022-08-24;S;14201.9;591.7;24.0;297969.6;12415.4;283767.7
2022-08-24;NE;9221.0;384.2;24.0;278681.0;11611.7;269460.0
2022-08-24;N;4361.9;181.7;24.0;166733.3;6947.2;162371.4
2022-08-25;SE;28337.3;1180.7;24.0;977786.9;40741.1;949449.6
2022-08-25;S;15119.2;630.0;24.0;297788.8;12407.9;282669.7
2022-08-25;NE;11042.4;460.1;24.0;279417.4;11642.4;268375.0
2022-08-25;N;4230.2;176.3;24.0;161898.8;6745.8;157668.6
2022-08-26;SE;28818.4;1200.8;24.0;987417.7;41142.4;958599.3
2022-08-26;S;14925.5;621.9;24.0;299866.2;12494.4;284940.7
2022-08-26;NE;11307.9;471.2;24.0;280471.7;11686.3;269163.8
2022-08-26;N;4552.6;189.7;24.0;163936.7;6830.7;159384.1
2022-08-27;SE;31894.5;1328.9;24.0;931481.8;38811.7;899587.3
2022-08-27;S;15801.7;658.4;24.0;259923.1;10830.1;244121.5
2022-08-27;NE;11308.1;471.2;24.0;266000.9;11083.4;254692.8
2022-08-27;N;4937.3;205.7;24.0;159371.1;6640.5;154433.8
2022-08-28;SE;32105.0;1337.7;24.0;859217.9;35800.7;827112.9
2022-08-28;S;9964.7;415.2;24.0;227402.1;9475.1;217437.4
2022-08-28;NE;11209.4;467.1;24.0;249688.0;10403.7;238478.7
2022-08-28;N;4925.7;205.2;24.0;153077.5;6378.2;148151.8
2022-08-29;SE;27464.1;1144.3;24.0;940664.6;39194.4;913200.6
2022-08-29;S;14016.2;584.0;24.0;290622.9;12109.3;276606.7
2022-08-29;NE;12212.9;508.9;24.0;279056.8;11627.4;266843.9
2022-08-29;N;4942.3;205.9;24.0;165541.8;6897.6;160599.5
2022-08-30;SE;28272.9;1178.0;24.0;942352.6;39264.7;914079.7
2022-08-30;S;15143.8;631.0;24.0;296076.1;12336.5;280932.3
2022-08-30;NE;11708.3;487.8;24.0;282226.0;11759.4;270517.7
2022-08-30;N;4875.7;203.2;24.0;169386.9;7057.8;164511.2
2022-08-31;SE;32822.6;1367.6;24.0;944013.5;39333.9;911190.9
2022-08-31;S;15882.3;661.8;24.0;296493.0;12353.9;280610.7
2022-08-31;NE;10747.0;447.8;24.0;275900.1;11495.8;265153.1
2022-08-31;N;4783.1;199.3;24.0;169432.4;7059.7;164649.3
2022-09-01;SE;34912.4;1454.7;24.0;953216.2;39717.3;918303.8
2022-09-01;S;16531.2;688.8;24.0;293038.4;12209.9;276507.2
2022-09-01;NE;10824.3;451.0;24.0;269237.1;11218.2;258412.8
2022-09-01;N;5057.9;210.7;24.0;166752.9;6948.0;161695.0
2022-09-02;SE;34543.8;1439.3;24.0;972962.4;40540.1;938418.6
2022-09-02;S;7936.3;330.7;24.0;298550.5;12439.6;290614.1
2022-09-02;NE;10674.0;444.8;24.0;268039.1;11168.3;257365.1
2022-09-02;N;5134.5;213.9;24.0;168338.4;7014.1;163203.8
2022-09-03;SE;33050.7;1377.1;24.0;913123.4;38046.8;880072.7
2022-09-03;S;13276.2;553.2;24.0;252486.7;10520.3;239210.6
2022-09-03;NE;10720.0;446.7;24.0;255083.9;10628.5;244363.9
2022-09-03;N;4764.3;198.5;24.0;165447.6;6893.6;160683.2
2022-09-04;SE;29481.2;1228.4;24.0;825324.0;34388.5;795842.8
2022-09-04;S;16747.7;697.8;24.0;220114.3;9171.4;203366.6
2022-09-04;NE;10343.6;431.0;24.0;242424.9;10101.0;232081.3
2022-09-04;N;5027.3;209.5;24.0;158989.0;6624.5;153961.7
2022-09-05;SE;28785.9;1199.4;24.0;942115.8;39254.8;913330.0
2022-09-05;S;12987.8;541.2;24.0;288743.2;12031.0;275755.4
2022-09-05;NE;11638.8;484.9;24.0;268259.8;11177.5;256621.0
2022-09-05;N;4894.8;203.9;24.0;169986.3;7082.8;165091.5
2022-09-06;SE;29309.5;1221.2;24.0;972560.9;40523.4;943251.4
2022-09-06;S;8881.7;370.1;24.0;301752.3;12573.0;292870.5
2022-09-06;NE;10777.7;449.1;24.0;272287.9;11345.3;261510.3
2022-09-06;N;4877.2;203.2;24.0;167280.6;6970.0;162403.4
2022-09-07;SE;32641.0;1360.0;24.0;910646.2;37943.6;878005.3
2022-09-07;S;11947.1;497.8;24.0;261121.9;10880.1;249174.8
2022-09-07;NE;12060.3;502.5;24.0;255742.8;10656.0;243682.6
2022-09-07;N;4890.3;203.8;24.0;156950.3;6539.6;152060.0
2022-09-08;SE;33988.2;1416.2;24.0;988081.1;41170.0;954092.8
2022-09-08;S;15867.2;661.1;24.0;293331.1;12222.1;277463.9
2022-09-08;NE;11768.9;490.4;24.0;271025.8;11292.7;259256.9
2022-09-08;N;4900.5;204.2;24.0;165529.3;6897.1;160628.8
2022-09-09;SE;34292.7;1428.9;24.0;1022093.0;42587.2;987800.4
2022-09-09;S;13389.9;557.9;24.0;305108.9;12712.9;291719.0
2022-09-09;NE;12264.6;511.0;24.0;272808.3;11367.0;260543.7
2022-09-09;N;5080.0;211.7;24.0;165130.4;6880.4;160050.4
2022-09-10;SE;35080.1;1461.7;24.0;955902.8;39829.3;920822.7
2022-09-10;S;15808.7;658.7;24.0;256426.9;10684.5;240618.2
2022-09-10;NE;12119.5;505.0;24.0;262823.6;10951.0;250704.1
2022-09-10;N;4941.9;205.9;24.0;161831.4;6743.0;156889.5
2022-09-11;SE;31607.8;1317.0;24.0;852420.2;35517.5;820812.4
2022-09-11;S;15612.9;650.5;24.0;224748.6;9364.5;209135.7
2022-09-11;NE;12569.2;523.7;24.0;247344.6;10306.0;234775.4
2022-09-11;N;5091.0;212.1;24.0;158418.7;6600.8;153327.7
2022-09-12;SE;30536.3;1272.3;24.0;983793.5;40991.4;953257.2
2022-09-12;S;11085.9;461.9;24.0;292875.4;12203.1;281789.5
2022-09-12;NE;12736.5;530.7;24.0;277547.1;11564.5;264810.5
2022-09-12;N;4761.8;198.4;24.0;168891.2;7037.1;164129.5
2022-09-13;SE;34394.3;1433.1;24.0;1024296.5;42679.0;989902.2
2022-09-13;S;14011.7;583.8;24.0;298988.6;12457.9;284976.9
2022-09-13;NE;12058.1;502.4;24.0;285182.9;11882.6;273124.8
2022-09-13;N;4815.8;200.7;24.0;164968.5;6873.7;160152.7
2022-09-14;SE;29200.3;1216.7;24.0;1025824.7;42742.7;996624.5
2022-09-14;S;9081.8;378.4;24.0;300281.1;12511.7;291199.3
2022-09-14;NE;12848.2;535.3;24.0;285989.6;11916.2;273141.3
2022-09-14;N;5080.0;211.7;24.0;168684.2;7028.5;163604.2
2022-09-15;SE;24696.3;1029.0;24.0;985528.5;41063.7;960832.2
2022-09-15;S;12446.5;518.6;24.0;296887.1;12370.3;284440.6
2022-09-15;NE;12981.1;540.9;24.0;290626.8;12109.5;277645.7
2022-09-15;N;4994.9;208.1;24.0;171454.8;7144.0;166460.0
2022-09-16;SE;26026.5;1084.4;24.0;969321.8;40388.4;943295.3
2022-09-16;S;15850.4;660.4;24.0;295791.2;12324.6;279940.7
2022-09-16;NE;13050.0;543.8;24.0;290021.4;12084.2;276971.4
2022-09-16;N;4842.8;201.8;24.0;170563.8;7106.8;165721.0
2022-09-17;SE;29933.9;1247.2;24.0;886431.0;36934.6;856497.1
2022-09-17;S;19157.0;798.2;24.0;252288.8;10512.0;233131.9
2022-09-17;NE;13207.9;550.3;24.0;278207.4;11592.0;264999.5
2022-09-17;N;5032.4;209.7;24.0;165665.8;6902.7;160633.4
2022-09-18;SE;34495.2;1437.3;24.0;806810.2;33617.1;772314.9
2022-09-18;S;18407.2;767.0;24.0;215212.9;8967.2;196805.6
2022-09-18;NE;11753.3;489.7;24.0;251099.0;10462.5;239345.7
2022-09-18;N;4832.0;201.3;24.0;149940.9;6247.5;145108.9
2022-09-19;SE;35518.8;1480.0;24.0;949879.4;39578.3;914360.6
2022-09-19;S;6982.3;290.9;24.0;282709.7;11779.6;275727.4
2022-09-19;NE;12686.5;528.6;24.0;276727.4;11530.3;264040.9
2022-09-19;N;5072.3;211.3;24.0;161701.8;6737.6;156629.5
2022-09-20;SE;31113.9;1296.4;24.0;1004470.8;41852.9;973356.9
2022-09-20;S;14394.3;599.8;24.0;278965.7;11623.6;264571.5
2022-09-20;NE;12915.0;538.1;24.0;285830.0;11909.6;272915.0
2022-09-20;N;5201.8;216.7;24.0;166657.7;6944.1;161455.9
2022-09-21;SE;30499.7;1270.8;24.0;1023413.5;42642.2;992913.8
2022-09-21;S;10545.0;439.4;24.0;302868.1;12619.5;292323.0
2022-09-21;NE;13198.6;549.9;24.0;290929.6;12122.1;277731.0
2022-09-21;N;4919.1;205.0;24.0;164603.1;6858.5;159684.0
2022-09-22;SE;22819.6;950.8;24.0;1027313.4;42804.7;1004493.8
2022-09-22;S;12912.6;538.0;24.0;298708.3;12446.2;285795.7
2022-09-22;NE;12839.4;535.0;24.0;295421.3;12309.2;282581.9
2022-09-22;N;5055.4;210.6;24.0;167132.1;6963.8;162076.8
2022-09-23;SE;32576.7;1357.4;24.0;984688.0;41028.7;952111.3
2022-09-23;S;20545.1;856.0;24.0;290003.6;12083.5;269458.5
2022-09-23;NE;13303.1;554.3;24.0;299665.9;12486.1;286362.9
2022-09-23;N;5141.6;214.2;24.0;166471.7;6936.3;161330.1
2022-09-24;SE;35769.7;1490.4;24.0;886932.4;36955.5;851162.7
2022-09-24;S;20703.0;862.6;24.0;253432.3;10559.7;232729.4
2022-09-24;NE;12650.9;527.1;24.0;286125.1;11921.9;273474.3
2022-09-24;N;4984.4;207.7;24.0;158457.6;6602.4;153473.2
2022-09-25;SE;35337.0;1472.4;24.0;811656.4;33819.0;776319.5
2022-09-25;S;10728.2;447.0;24.0;232935.0;9705.6;222206.8
2022-09-25;NE;12602.3;525.1;24.0;254748.6;10614.5;242146.3
2022-09-25;N;4265.8;177.7;24.0;148708.2;6196.2;144442.4
2022-09-26;SE;31696.0;1320.7;24.0;967886.4;40328.6;936190.5
2022-09-26;S;11932.3;497.2;24.0;291727.1;12155.3;279794.8
2022-09-26;NE;13069.4;544.6;24.0;276727.8;11530.3;263658.4
2022-09-26;N;5113.6;213.1;24.0;161848.8;6743.7;156735.2
2022-09-27;SE;23140.7;964.2;24.0;1009681.5;42070.1;986540.8
2022-09-27;S;14066.6;586.1;24.0;303017.9;12625.7;288951.3
2022-09-27;NE;14128.9;588.7;24.0;286329.3;11930.4;272200.4
2022-09-27;N;5533.0;230.5;24.0;169313.9;7054.7;163780.8
2022-09-28;SE;20422.5;850.9;24.0;1009253.3;42052.2;988830.8
2022-09-28;S;9884.1;411.8;24.0;302538.1;12605.8;292654.0
2022-09-28;NE;13710.4;571.3;24.0;286271.2;11928.0;272560.7
2022-09-28;N;5418.9;225.8;24.0;167710.8;6988.0;162291.9
2022-09-29;SE;22677.4;944.9;24.0;984852.2;41035.5;962174.8
2022-09-29;S;10573.6;440.6;24.0;298764.4;12448.5;288190.8
2022-09-29;NE;14172.1;590.5;24.0;287350.9;11973.0;273178.8
2022-09-29;N;5534.0;230.6;24.0;167184.4;6966.0;161650.4
2022-09-30;SE;25763.5;1073.5;24.0;963503.7;40146.0;937740.2
2022-09-30;S;10256.8;427.4;24.0;297569.8;12398.7;287313.0
2022-09-30;NE;13355.5;556.5;24.0;287142.8;11964.3;273787.3
2022-09-30;N;5232.8;218.0;24.0;166727.5;6947.0;161494.7
2022-10-01;SE;32378.6;1349.1;24.0;898052.1;37418.8;865673.5
2022-10-01;S;14408.5;600.4;24.0;254490.4;10603.8;240081.9
2022-10-01;NE;13606.7;566.9;24.0;280311.3;11679.6;266704.6
2022-10-01;N;5412.3;225.5;24.0;163668.0;6819.5;158255.7
2022-10-02;SE;35383.8;1474.3;24.0;831567.5;34648.6;796183.7
2022-10-02;S;16994.2;708.1;24.0;218536.8;9105.7;201542.5
2022-10-02;NE;13977.7;582.4;24.0;256525.4;10688.6;242547.7
2022-10-02;N;5349.2;222.9;24.0;158519.8;6605.0;153170.6
2022-10-03;SE;31955.3;1331.5;24.0;965064.8;40211.0;933109.5
2022-10-03;S;18507.9;771.2;24.0;285114.7;11879.8;266606.9
2022-10-03;NE;14612.0;608.8;24.0;283434.9;11809.8;268823.0
2022-10-03;N;5006.5;208.6;24.0;165456.6;6894.0;160450.1
2022-10-04;SE;32596.9;1358.2;24.0;990814.7;41283.9;958217.7
2022-10-04;S;19239.5;801.6;24.0;296466.3;12352.8;277226.8
2022-10-04;NE;14938.1;622.4;24.0;294757.5;12281.6;279819.5
2022-10-04;N;5305.1;221.0;24.0;166686.4;6945.3;161381.4
2022-10-05;SE;34478.3;1436.6;24.0;995283.2;41470.1;960804.9
2022-10-05;S;18037.0;751.5;24.0;301832.5;12576.4;283795.5
2022-10-05;NE;14050.8;585.4;24.0;294605.6;12275.2;280554.8
2022-10-05;N;5355.3;223.1;24.0;171019.4;7125.8;165664.1
2022-10-06;SE;35339.6;1472.5;24.0;1029073.1;42878.0;993733.6
2022-10-06;S;5957.4;248.2;24.0;303347.7;12639.5;297390.2
2022-10-06;NE;13820.0;575.8;24.0;300519.1;12521.6;286699.1
2022-10-06;N;5392.6;224.7;24.0;174155.4;7256.5;168762.9
2022-10-07;SE;27601.2;1150.0;24.0;1008191.6;42008.0;980590.4
2022-10-07;S;16637.0;693.2;24.0;296864.3;12369.3;280227.3
2022-10-07;NE;13647.2;568.6;24.0;304185.9;12674.4;290538.7
2022-10-07;N;5469.9;227.9;24.0;173785.5;7241.1;168315.6
2022-10-08;SE;39066.3;1627.8;24.0;931243.5;38801.8;892177.2
2022-10-08;S;23575.7;982.3;24.0;255874.6;10661.4;232298.9
2022-10-08;NE;14154.3;589.8;24.0;294111.8;12254.7;279957.5
2022-10-08;N;5551.9;231.3;24.0;168196.1;7008.2;162644.2
2022-10-09;SE;29488.5;1228.7;24.0;858350.8;35764.6;828862.3
2022-10-09;S;16289.5;678.7;24.0;225114.7;9379.8;208825.2
2022-10-09;NE;13491.1;562.1;24.0;278806.2;11616.9;265315.1
2022-10-09;N;5145.1;214.4;24.0;162888.5;6787.0;157743.4
2022-10-10;SE;29177.0;1215.7;24.0;972654.6;40527.3;943477.6
2022-10-10;S;8875.3;369.8;24.0;290794.5;12116.4;281919.2
2022-10-10;NE;12824.6;534.4;24.0;303763.5;12656.8;290938.9
2022-10-10;N;4837.1;201.5;24.0;169934.6;7080.6;165097.5
2022-10-11;SE;34510.5;1437.9;24.0;1021318.9;42555.0;986808.4
2022-10-11;S;8430.7;351.3;24.0;300187.6;12507.8;291756.9
2022-10-11;NE;14154.5;589.8;24.0;306818.1;12784.1;292663.6
2022-10-11;N;5244.2;218.5;24.0;172375.8;7182.3;167131.6
2022-10-12;SE;35792.6;1491.4;24.0;924550.9;38523.0;888758.2
2022-10-12;S;11075.2;461.5;24.0;249912.5;10413.0;238837.3
2022-10-12;NE;13943.7;581.0;24.0;276701.8;11529.2;262758.0
2022-10-12;N;5503.1;229.3;24.0;165501.8;6895.9;159998.7
2022-10-13;SE;39184.8;1632.7;24.0;1029078.5;42878.3;989893.7
2022-10-13;S;14998.3;624.9;24.0;293402.9;12225.1;278404.6
2022-10-13;NE;13630.2;567.9;24.0;295199.9;12300.0;281569.7
2022-10-13;N;5096.0;212.3;24.0;172647.1;7193.6;167551.1
2022-10-14;SE;41371.4;1723.8;24.0;1037929.5;43247.1;996558.1
2022-10-14;S;11124.3;463.5;24.0;299050.8;12460.4;287926.4
2022-10-14;NE;14372.2;598.8;24.0;298592.0;12441.3;284219.8
2022-10-14;N;5238.9;218.3;24.0;172018.1;7167.4;166779.2
2022-10-15;SE;37616.7;1567.4;24.0;955214.3;39800.6;917597.6
2022-10-15;S;13285.1;553.5;24.0;255938.5;10664.1;242653.4
2022-10-15;NE;14020.8;584.2;24.0;279679.9;11653.3;265659.1
2022-10-15;N;5151.5;214.6;24.0;162023.3;6751.0;156871.8
2022-10-16;SE;41346.7;1722.8;24.0;879283.1;36636.8;837936.4
2022-10-16;S;14343.3;597.6;24.0;226182.5;9424.3;211839.2
2022-10-16;NE;13888.1;578.7;24.0;259988.1;10832.8;246100.0
2022-10-16;N;5065.9;211.1;24.0;156021.2;6500.9;150955.2
2022-10-17;SE;40703.3;1696.0;24.0;1023543.0;42647.6;982839.7
2022-10-17;S;18975.2;790.6;24.0;296689.7;12362.1;277714.5
2022-10-17;NE;14142.0;589.3;24.0;289156.5;12048.2;275014.4
2022-10-17;N;5008.6;208.7;24.0;167681.7;6986.7;162673.1
2022-10-18;SE;34590.0;1441.3;24.0;1049408.3;43725.3;1014818.2
2022-10-18;S;11460.8;477.5;24.0;306295.9;12762.3;294835.1
2022-10-18;NE;14410.4;600.4;24.0;298342.9;12431.0;283932.6
2022-10-18;N;5088.1;212.0;24.0;170149.3;7089.6;165061.2
2022-10-19;SE;33114.5;1379.8;24.0;1045257.6;43552.4;1012143.1
2022-10-19;S;17514.7;729.8;24.0;309010.3;12875.4;291495.6
2022-10-19;NE;13932.9;580.5;24.0;298657.1;12444.0;284724.2
2022-10-19;N;5341.6;222.6;24.0;171358.0;7139.9;166016.4
2022-10-20;SE;37996.7;1583.2;24.0;1060028.0;44167.8;1022031.3
2022-10-20;S;11570.0;482.1;24.0;305733.8;12738.9;294163.7
2022-10-20;NE;14533.4;605.6;24.0;300451.9;12518.8;285918.5
2022-10-20;N;5320.9;221.7;24.0;172996.1;7208.2;167675.2
2022-10-21;SE;26723.7;1113.5;24.0;1042507.5;43437.8;1015783.9
2022-10-21;S;15583.9;649.3;24.0;302354.1;12598.1;286770.3
2022-10-21;NE;14319.2;596.6;24.0;302494.8;12604.0;288175.6
2022-10-21;N;5320.9;221.7;24.0;174850.4;7285.4;169529.5
2022-10-22;SE;34834.4;1451.4;24.0;961250.1;40052.1;926415.6
2022-10-22;S;17748.0;739.5;24.0;260947.6;10872.8;243199.7
2022-10-22;NE;13200.8;550.0;24.0;288870.5;12036.3;275669.7
2022-10-22;N;4782.3;199.3;24.0;163645.4;6818.6;158863.1
2022-10-23;SE;34509.0;1437.9;24.0;870687.8;36278.7;836178.9
2022-10-23;S;22473.5;936.4;24.0;230427.1;9601.1;207953.6
2022-10-23;NE;12320.7;513.4;24.0;268843.1;11201.8;256522.4
2022-10-23;N;4751.6;198.0;24.0;156384.9;6516.0;151633.4
2022-10-24;SE;37060.2;1544.2;24.0;1004820.8;41867.5;967760.6
2022-10-24;S;23196.7;966.5;24.0;300338.0;12514.1;277141.3
2022-10-24;NE;12419.8;517.5;24.0;296625.8;12359.4;284206.0
2022-10-24;N;4944.8;206.0;24.0;164056.9;6835.7;159112.1
2022-10-25;SE;40200.2;1675.0;24.0;1026520.1;42771.7;986319.9
2022-10-25;S;24479.7;1020.0;24.0;313266.4;13052.8;288786.6
2022-10-25;NE;12134.4;505.6;24.0;294744.3;12281.0;282609.9
2022-10-25;N;4028.7;167.9;24.0;162342.9;6764.3;158314.1
2022-10-26;SE;42202.6;1758.4;24.0;1051225.5;43801.1;1009022.9
2022-10-26;S;23673.6;986.4;24.0;321942.5;13414.3;298268.9
2022-10-26;NE;11116.9;463.2;24.0;287493.3;11978.9;276376.5
2022-10-26;N;4020.2;167.5;24.0;161756.5;6739.9;157736.4
2022-10-27;SE;40699.0;1695.8;24.0;1086726.2;45280.3;1046027.2
2022-10-27;S;17857.4;744.1;24.0;317182.4;13215.9;299325.0
2022-10-27;NE;12235.0;509.8;24.0;286864.7;11952.7;274629.7
2022-10-27;N;4997.7;208.2;24.0;165455.4;6894.0;160457.7
2022-10-28;SE;41139.7;1714.2;24.0;1080089.1;45003.7;1038949.4
2022-10-28;S;24911.2;1038.0;24.0;324152.8;13506.4;299241.6
2022-10-28;NE;14490.5;603.8;24.0;285221.4;11884.2;270730.9
2022-10-28;N;5177.8;215.7;24.0;168527.5;7022.0;163349.7
2022-10-29;SE;36780.9;1532.5;24.0;997246.9;41552.0;960466.0
2022-10-29;S;19382.4;807.6;24.0;285447.4;11893.6;266065.0
2022-10-29;NE;14496.8;604.0;24.0;290470.5;12102.9;275973.7
2022-10-29;N;5503.2;229.3;24.0;165843.7;6910.2;160340.5
2022-10-30;SE;36964.7;1540.2;24.0;925486.6;38561.9;888522.0
2022-10-30;S;18823.6;784.3;24.0;247305.7;10304.4;228482.0
2022-10-30;NE;14721.1;613.4;24.0;272197.6;11341.6;257476.4
2022-10-30;N;5445.0;226.9;24.0;161245.8;6718.6;155800.8
2022-10-31;SE;34612.9;1442.2;24.0;1057902.9;44079.3;1023290.0
2022-10-31;S;6862.7;285.9;24.0;294373.4;12265.6;287510.7
2022-10-31;NE;14807.8;617.0;24.0;298953.6;12456.4;284145.8
2022-10-31;N;5638.0;234.9;24.0;172750.4;7197.9;167112.5
2022-11-01;SE;22371.3;932.1;24.0;980572.9;40857.2;958201.7
2022-11-01;S;15049.8;627.1;24.0;281055.5;11710.6;266005.7
2022-11-01;NE;14221.1;592.5;24.0;307449.0;12810.4;293227.9
2022-11-01;N;4233.6;176.4;24.0;167763.9;6990.2;163530.2
2022-11-02;SE;16532.4;688.8;24.0;839305.9;34971.1;822773.5
2022-11-02;S;20919.6;871.7;24.0;229809.7;9575.4;208890.1
2022-11-02;NE;13120.5;546.7;24.0;282641.1;11776.7;269520.6
2022-11-02;N;4361.0;181.7;24.0;152068.0;6336.2;147707.0
2022-11-03;SE;21248.5;885.4;24.0;901173.3;37548.9;879924.8
2022-11-03;S;24976.3;1040.7;24.0;278389.3;11599.6;253413.0
2022-11-03;NE;12180.0;507.5;24.0;300762.1;12531.8;288582.0
2022-11-03;N;4762.5;198.4;24.0;160071.4;6669.6;155308.9
2022-11-04;SE;34158.9;1423.3;24.0;925397.4;38558.2;891238.5
2022-11-04;S;23483.0;978.5;24.0;289859.8;12077.5;266376.8
2022-11-04;NE;8547.9;356.2;24.0;291221.1;12134.2;282673.2
2022-11-04;N;3569.7;148.7;24.0;159611.4;6650.5;156041.7
2022-11-05;SE;40762.2;1698.4;24.0;875415.9;36475.7;834653.7
2022-11-05;S;23730.8;988.8;24.0;256440.8;10685.0;232710.0
2022-11-05;NE;9454.1;393.9;24.0;270113.9;11254.7;260659.7
2022-11-05;N;3391.4;141.3;24.0;151540.3;6314.2;148148.8
2022-11-06;SE;40349.7;1681.2;24.0;815617.1;33984.0;775267.3
2022-11-06;S;23184.6;966.0;24.0;224973.8;9373.9;201789.2
2022-11-06;NE;10111.1;421.3;24.0;250058.1;10419.1;239946.9
2022-11-06;N;3903.2;162.6;24.0;147331.7;6138.8;143428.4
2022-11-07;SE;40472.9;1686.4;24.0;951486.8;39645.3;911013.8
2022-11-07;S;23003.8;958.5;24.0;290379.7;12099.2;267375.9
2022-11-07;NE;11586.5;482.8;24.0;273690.8;11403.8;262104.4
2022-11-07;N;3982.5;165.9;24.0;156277.4;6511.6;152294.8
2022-11-08;SE;41580.9;1732.5;24.0;982363.0;40931.8;940782.1
2022-11-08;S;22528.0;938.7;24.0;301427.9;12559.5;278899.9
2022-11-08;NE;13251.5;552.1;24.0;285333.3;11888.9;272081.9
2022-11-08;N;3325.9;138.6;24.0;155563.1;6481.8;152237.3
2022-11-09;SE;43914.2;1829.8;24.0;1004825.2;41867.7;960911.0
2022-11-09;S;24734.9;1030.6;24.0;308969.6;12873.7;284234.7
2022-11-09;NE;13384.4;557.7;24.0;292825.0;12201.0;279440.6
2022-11-09;N;5146.8;214.5;24.0;159889.0;6662.0;154742.1
2022-11-10;SE;43843.6;1826.8;24.0;1030321.8;42930.1;986478.2
2022-11-10;S;25782.7;1074.3;24.0;316819.8;13200.8;291037.2
2022-11-10;NE;15065.2;627.7;24.0;300460.7;12519.2;285395.6
2022-11-10;N;5600.8;233.4;24.0;165825.5;6909.4;160224.6
2022-11-11;SE;37961.4;1581.7;24.0;1031477.9;42978.2;993516.5
2022-11-11;S;10792.4;449.7;24.0;309947.6;12914.5;299155.2
2022-11-11;NE;13675.5;569.8;24.0;304192.8;12674.7;290517.3
2022-11-11;N;5487.6;228.7;24.0;167002.8;6958.5;161515.2
2022-11-12;SE;35302.8;1471.0;24.0;942399.6;39266.6;907096.8
2022-11-12;S;19756.7;823.2;24.0;275091.9;11462.2;255335.1
2022-11-12;NE;12537.3;522.4;24.0;287557.3;11981.6;275020.0
2022-11-12;N;4836.8;201.5;24.0;162323.9;6763.5;157487.1
2022-11-13;SE;44793.3;1866.4;24.0;889219.3;37050.8;844426.0
2022-11-13;S;14748.2;614.5;24.0;241487.0;10062.0;226738.8
2022-11-13;NE;13059.6;544.1;24.0;266726.0;11113.6;253666.5
2022-11-13;N;5638.2;234.9;24.0;155761.9;6490.1;150123.7
2022-11-14;SE;39269.3;1636.2;24.0;999206.5;41633.6;959937.2
2022-11-14;S;18728.5;780.4;24.0;284826.3;11867.8;266097.8
2022-11-14;NE;13222.8;550.9;24.0;290321.9;12096.7;277099.2
2022-11-14;N;5164.7;215.2;24.0;165128.5;6880.4;159963.8
2022-11-15;SE;34533.3;1438.9;24.0;952768.2;39698.7;918234.9
2022-11-15;S;27597.2;1149.9;24.0;273854.3;11410.6;246257.1
2022-11-15;NE;13899.1;579.1;24.0;276679.0;11528.3;262779.9
2022-11-15;N;4945.2;206.1;24.0;162325.2;6763.6;157380.0
2022-11-16;SE;38722.2;1613.4;24.0;1020585.6;42524.4;981863.4
2022-11-16;S;28673.6;1194.7;24.0;318514.5;13271.4;289840.9
2022-11-16;NE;14063.9;586.0;24.0;298448.1;12435.3;284384.2
2022-11-16;N;5140.9;214.2;24.0;168177.7;7007.4;163036.8
2022-11-17;SE;47893.7;1995.6;24.0;1020771.6;42532.1;972877.8
2022-11-17;S;29079.6;1211.7;24.0;327472.0;13644.7;298392.4
2022-11-17;NE;14134.8;589.0;24.0;303497.0;12645.7;289362.2
2022-11-17;N;5218.9;217.5;24.0;173523.7;7230.2;168304.8
2022-11-18;SE;45991.7;1916.3;24.0;1025573.7;42732.2;979582.0
2022-11-18;S;28766.6;1198.6;24.0;328230.9;13676.3;299464.3
2022-11-18;NE;13227.9;551.2;24.0;299380.3;12474.2;286152.4
2022-11-18;N;4657.1;194.0;24.0;168705.8;7029.4;164048.7
2022-11-19;SE;44587.9;1857.8;24.0;947547.5;39481.1;902959.6
2022-11-19;S;27633.7;1151.4;24.0;290327.9;12097.0;262694.3
2022-11-19;NE;13588.0;566.2;24.0;282466.0;11769.4;268878.0
2022-11-19;N;4354.2;181.4;24.0;160414.9;6684.0;156060.6
2022-11-20;SE;42900.3;1787.5;24.0;877014.0;36542.2;834113.6
2022-11-20;S;25859.4;1077.5;24.0;262342.5;10930.9;236483.1
2022-11-20;NE;12892.6;537.2;24.0;263120.7;10963.4;250228.2
2022-11-20;N;4911.2;204.6;24.0;156381.3;6515.9;151470.1
2022-11-21;SE;41909.6;1746.2;24.0;1038939.7;43289.2;997030.1
2022-11-21;S;17505.2;729.4;24.0;334912.4;13954.7;317407.2
2022-11-21;NE;13610.0;567.1;24.0;291129.3;12130.4;277519.3
2022-11-21;N;5508.5;229.5;24.0;173242.4;7218.4;167733.9
2022-11-22;SE;38279.8;1595.0;24.0;1060949.4;44206.2;1022669.7
2022-11-22;S;13095.2;545.6;24.0;328522.2;13688.4;315427.0
2022-11-22;NE;13912.3;579.7;24.0;294940.3;12289.2;281027.9
2022-11-22;N;5154.5;214.8;24.0;175244.4;7301.9;170089.9
2022-11-23;SE;33626.5;1401.1;24.0;1057703.1;44071.0;1024076.6
2022-11-23;S;20490.8;853.8;24.0;327895.1;13662.3;307404.2
2022-11-23;NE;13974.2;582.3;24.0;299613.8;12483.9;285639.6
2022-11-23;N;5000.4;208.3;24.0;173385.3;7224.4;168384.9
2022-11-24;SE;34911.6;1454.7;24.0;1007876.4;41994.8;972964.7
2022-11-24;S;25570.8;1065.4;24.0;324282.2;13511.8;298711.5
2022-11-24;NE;14146.8;589.4;24.0;294051.2;12252.1;279904.5
2022-11-24;N;4404.2;183.5;24.0;164476.7;6853.2;160072.4
2022-11-25;SE;39535.6;1647.3;24.0;1006887.4;41953.6;967351.8
2022-11-25;S;26942.0;1122.6;24.0;330522.9;13771.8;303580.9
2022-11-25;NE;13102.9;546.0;24.0;303379.8;12640.8;290277.0
2022-11-25;N;4389.4;182.9;24.0;169994.8;7083.1;165605.4
2022-11-26;SE;41855.8;1744.0;24.0;943102.3;39295.9;901246.5
2022-11-26;S;21007.1;875.3;24.0;289303.2;12054.3;268296.1
2022-11-26;NE;13120.6;546.7;24.0;286204.1;11925.2;273083.4
2022-11-26;N;4176.9;174.0;24.0;158284.9;6595.2;154107.9
2022-11-27;SE;41606.7;1733.6;24.0;874946.4;36456.1;833339.8
2022-11-27;S;20600.8;858.4;24.0;253771.2;10573.8;233170.4
2022-11-27;NE;12100.6;504.2;24.0;261027.0;10876.1;248926.4
2022-11-27;N;5157.3;214.9;24.0;149893.8;6245.6;144736.6
2022-11-28;SE;39162.3;1631.8;24.0;982531.9;40938.8;943369.6
2022-11-28;S;21899.1;912.5;24.0;314406.9;13100.3;292507.8
2022-11-28;NE;12002.4;500.1;24.0;281419.1;11725.8;269416.7
2022-11-28;N;4206.4;175.3;24.0;156542.2;6522.6;152335.7
2022-11-29;SE;39287.7;1637.0;24.0;1026542.8;42772.6;987255.1
2022-11-29;S;21224.8;884.4;24.0;335042.3;13960.1;313817.5
2022-11-29;NE;12237.8;509.9;24.0;293521.9;12230.1;281284.1
2022-11-29;N;3372.2;140.5;24.0;157060.8;6544.2;153688.6
2022-11-30;SE;38549.8;1606.2;24.0;1026790.2;42782.9;988240.4
2022-11-30;S;20523.6;855.1;24.0;340211.7;14175.5;319688.2
2022-11-30;NE;10126.0;421.9;24.0;284108.1;11837.8;273982.1
2022-11-30;N;4032.1;168.0;24.0;158027.8;6584.5;153995.7
2022-12-01;SE;41835.2;1743.1;24.0;1036692.3;43195.5;994857.1
2022-12-01;S;22529.3;938.7;24.0;351416.7;14642.4;328887.3
2022-12-01;NE;11502.8;479.3;24.0;285465.2;11894.4;273962.4
2022-12-01;N;5047.3;210.3;24.0;165500.1;6895.8;160452.8
2022-12-02;SE;37244.3;1551.8;24.0;1027821.2;42825.9;990577.0
2022-12-02;S;24130.8;1005.4;24.0;355781.7;14824.2;331650.9
2022-12-02;NE;12410.9;517.1;24.0;279301.0;11637.5;266890.1
2022-12-02;N;3819.9;159.2;24.0;159430.4;6642.9;155610.5
2022-12-03;SE;28069.1;1169.5;24.0;970150.0;40422.9;942080.9
2022-12-03;S;19110.8;796.3;24.0;312677.4;13028.2;293566.7
2022-12-03;NE;13646.0;568.6;24.0;275016.8;11459.0;261370.8
2022-12-03;N;3845.7;160.2;24.0;157844.6;6576.9;153999.0
2022-12-04;SE;24225.0;1009.4;24.0;878561.1;36606.7;854336.1
2022-12-04;S;16182.7;674.3;24.0;273305.9;11387.7;257123.2
2022-12-04;NE;13196.5;549.9;24.0;252343.7;10514.3;239147.2
2022-12-04;N;4346.3;181.1;24.0;152665.4;6361.1;148319.1
2022-12-05;SE;27194.8;1133.1;24.0;991890.7;41328.8;964695.9
2022-12-05;S;18222.2;759.3;24.0;338992.8;14124.7;320770.6
2022-12-05;NE;12565.7;523.6;24.0;272804.3;11366.8;260238.6
2022-12-05;N;4544.7;189.4;24.0;159143.2;6631.0;154598.5
2022-12-06;SE;25760.0;1073.3;24.0;1025515.3;42729.8;999755.4
2022-12-06;S;22545.8;939.4;24.0;360829.5;15034.6;338283.7
2022-12-06;NE;14240.1;593.3;24.0;283610.9;11817.1;269370.8
2022-12-06;N;5535.8;230.7;24.0;166110.4;6921.3;160574.7
2022-12-07;SE;29940.7;1247.5;24.0;1037552.8;43231.4;1007612.2
2022-12-07;S;24941.7;1039.2;24.0;367704.7;15321.0;342763.0
2022-12-07;NE;15666.4;652.8;24.0;293662.8;12235.9;277996.4
2022-12-07;N;5892.3;245.5;24.0;172165.4;7173.6;166273.1
2022-12-08;SE;43205.1;1800.2;24.0;1043802.3;43491.8;1000597.2
2022-12-08;S;26256.7;1094.0;24.0;378209.6;15758.7;351952.9
2022-12-08;NE;15574.8;649.0;24.0;293777.3;12240.7;278202.5
2022-12-08;N;5679.2;236.6;24.0;170047.2;7085.3;164368.0
2022-12-09;SE;46749.2;1947.9;24.0;1037248.2;43218.7;990499.0
2022-12-09;S;26360.6;1098.4;24.0;378518.4;15771.6;352157.8
2022-12-09;NE;14540.8;605.9;24.0;291614.6;12150.6;277073.8
2022-12-09;N;5480.5;228.4;24.0;168210.8;7008.8;162730.3
2022-12-10;SE;42632.0;1776.3;24.0;991553.0;41314.7;948921.0
2022-12-10;S;23939.8;997.5;24.0;333994.8;13916.4;310055.0
2022-12-10;NE;14924.2;621.8;24.0;285306.5;11887.8;270382.3
2022-12-10;N;5537.8;230.7;24.0;165148.8;6881.2;159611.0
2022-12-11;SE;41878.4;1744.9;24.0;931474.9;38811.5;889596.5
2022-12-11;S;22280.3;928.3;24.0;301219.0;12550.8;278938.7
2022-12-11;NE;14926.7;621.9;24.0;271817.0;11325.7;256890.2
2022-12-11;N;5477.0;228.2;24.0;158958.1;6623.3;153481.1
2022-12-12;SE;35613.5;1483.9;24.0;1079864.8;44994.4;1044251.4
2022-12-12;S;20766.7;865.3;24.0;375579.8;15649.2;354813.1
2022-12-12;NE;15569.0;648.7;24.0;299116.0;12463.2;283547.0
2022-12-12;N;5034.4;209.8;24.0;170631.6;7109.6;165597.2
2022-12-13;SE;26151.0;1089.6;24.0;1049692.4;43737.2;1023541.4
2022-12-13;S;25370.1;1057.1;24.0;342947.4;14289.5;317577.4
2022-12-13;NE;16140.7;672.5;24.0;305522.1;12730.1;289381.4
2022-12-13;N;5544.5;231.0;24.0;170160.0;7090.0;164615.5
2022-12-14;SE;34115.1;1421.5;24.0;1001442.0;41726.8;967326.9
2022-12-14;S;24551.7;1023.0;24.0;335082.0;13961.7;310530.3
2022-12-14;NE;14535.7;605.7;24.0;309380.1;12890.8;294844.4
2022-12-14;N;5444.7;226.9;24.0;170062.2;7085.9;164617.5
2022-12-15;SE;34837.0;1451.5;24.0;1008723.8;42030.2;973886.8
2022-12-15;S;25488.3;1062.0;24.0;347583.2;14482.6;322094.8
2022-12-15;NE;13364.0;556.8;24.0;305527.4;12730.3;292163.4
2022-12-15;N;5026.8;209.4;24.0;168148.8;7006.2;163122.0
2022-12-16;SE;37983.9;1582.7;24.0;1021938.2;42580.8;983954.3
2022-12-16;S;25288.9;1053.7;24.0;341247.9;14218.7;315959.1
2022-12-16;NE;14621.4;609.2;24.0;301831.2;12576.3;287209.8
2022-12-16;N;5254.1;218.9;24.0;169324.8;7055.2;164070.7
2022-12-17;SE;37180.2;1549.2;24.0;936642.9;39026.8;899462.6
2022-12-17;S;24081.6;1003.4;24.0;287966.4;11998.6;263884.8
2022-12-17;NE;14339.9;597.5;24.0;283145.6;11797.7;268805.7
2022-12-17;N;4604.7;191.9;24.0;159495.4;6645.6;154890.7
2022-12-18;SE;36315.8;1513.2;24.0;860431.9;35851.3;824116.1
2022-12-18;S;13967.8;582.0;24.0;252034.9;10501.5;238067.1
2022-12-18;NE;13872.5;578.0;24.0;260901.7;10870.9;247029.3
2022-12-18;N;4765.5;198.6;24.0;146785.3;6116.1;142019.7
2022-12-19;SE;19338.6;805.8;24.0;943077.6;39294.9;923739.0
2022-12-19;S;16390.2;682.9;24.0;302941.2;12622.5;286551.0
2022-12-19;NE;15912.4;663.0;24.0;292182.5;12174.3;276270.1
2022-12-19;N;4836.8;201.5;24.0;159824.0;6659.3;154987.1
2022-12-20;SE;23850.3;993.8;24.0;944788.1;39366.2;920937.7
2022-12-20;S;21164.8;881.9;24.0;308352.2;12848.0;287187.4
2022-12-20;NE;15692.8;653.9;24.0;298221.1;12425.9;282528.2
2022-12-20;N;4983.7;207.7;24.0;158642.6;6610.1;153658.8
2022-12-21;SE;34376.1;1432.3;24.0;934606.2;38941.9;900230.0
2022-12-21;S;24184.9;1007.7;24.0;309215.9;12884.0;285031.0
2022-12-21;NE;15218.3;634.1;24.0;299754.0;12489.7;284535.6
2022-12-21;N;4540.3;189.2;24.0;156479.4;6520.0;151939.1
2022-12-22;SE;39748.8;1656.2;24.0;930517.6;38771.6;890768.8
2022-12-22;S;26173.4;1090.6;24.0;305493.6;12728.9;279320.1
2022-12-22;NE;13327.5;555.3;24.0;298035.7;12418.2;284708.2
2022-12-22;N;3484.5;145.2;24.0;150910.0;6287.9;147425.5
2022-12-23;SE;39944.2;1664.3;24.0;919120.8;38296.7;879176.6
2022-12-23;S;27732.2;1155.5;24.0;301110.0;12546.2;273377.8
2022-12-23;NE;9645.3;401.9;24.0;290483.6;12103.5;280838.2
2022-12-23;N;3065.9;127.7;24.0;145046.1;6043.6;141980.2
2022-12-24;SE;38968.8;1623.7;24.0;856435.6;35684.8;817466.8
2022-12-24;S;26867.1;1119.5;24.0;269436.0;11226.5;242568.9
2022-12-24;NE;9038.8;376.6;24.0;258464.4;10769.3;249425.6
2022-12-24;N;4658.4;194.1;24.0;144500.3;6020.8;139841.9
2022-12-25;SE;36141.8;1505.9;24.0;779905.2;32496.1;743763.4
2022-12-25;S;19305.5;804.4;24.0;238514.0;9938.1;219208.6
2022-12-25;NE;11680.2;486.7;24.0;232980.7;9707.5;221300.6
2022-12-25;N;4889.2;203.7;24.0;139697.0;5820.7;134807.9
2022-12-26;SE;24196.0;1008.2;24.0;910538.8;37939.1;886342.8
2022-12-26;S;21972.7;915.5;24.0;285570.3;11898.8;263597.7
2022-12-26;NE;14338.0;597.4;24.0;263524.5;10980.2;249186.5
2022-12-26;N;4082.3;170.1;24.0;150276.4;6261.5;146194.0
2022-12-27;SE;30665.4;1277.7;24.0;949235.8;39551.5;918570.4
2022-12-27;S;22222.5;925.9;24.0;304023.0;12667.6;281800.5
2022-12-27;NE;14563.7;606.8;24.0;275208.5;11467.0;260644.8
2022-12-27;N;4127.7;172.0;24.0;149466.1;6227.8;145338.4
2022-12-28;SE;32237.2;1343.2;24.0;959104.9;39962.7;926867.7
2022-12-28;S;21673.6;903.1;24.0;289396.8;12058.2;267723.2
2022-12-28;NE;15311.5;638.0;24.0;281597.5;11733.2;266286.0
2022-12-28;N;3117.6;129.9;24.0;146285.6;6095.2;143168.0
2022-12-29;SE;29840.7;1243.4;24.0;946058.9;39419.1;916218.2
2022-12-29;S;28865.0;1202.7;24.0;289447.6;12060.3;260582.6
2022-12-29;NE;14772.5;615.5;24.0;283449.0;11810.4;268676.5
2022-12-29;N;4672.6;194.7;24.0;147579.8;6149.2;142907.2
2022-12-30;SE;32989.1;1374.5;24.0;917642.2;38235.1;884653.1
2022-12-30;S;28380.7;1182.5;24.0;290826.4;12117.8;262445.7
2022-12-30;NE;15370.5;640.4;24.0;280896.6;11704.0;265526.1
2022-12-30;N;4593.1;191.4;24.0;151034.4;6293.1;146441.4
2022-12-31;SE;35210.3;1467.1;24.0;850592.9;35441.4;815382.6
2022-12-31;S;27366.2;1140.3;24.0;274364.4;11431.9;246998.3
2022-12-31;NE;15005.1;625.2;24.0;262774.7;10948.9;247769.6
2022-12-31;N;5272.0;219.7;24.0;146790.9;6116.3;141518.9
2023-01-01;SE;46814.7;1950.6;24.0;796838.1;33201.6;750023.4
2023-01-01;S;29017.6;1209.1;24.0;260873.0;10869.7;231855.4
2023-01-01;NE;14774.6;615.6;24.0;248423.4;10351.0;233648.8
2023-01-01;N;6238.2;259.9;24.0;143361.1;5973.4;137122.9
2023-01-02;SE;47170.6;1965.4;24.0;947341.3;39472.6;900170.7
2023-01-02;S;18623.7;776.0;24.0;309745.5;12906.1;291121.9
2023-01-02;NE;13629.4;567.9;24.0;274357.3;11431.6;260727.9
2023-01-02;N;6577.1;274.0;24.0;153952.0;6414.7;147375.0
2023-01-03;SE;39481.8;1645.1;24.0;998110.1;41587.9;958628.3
2023-01-03;S;22448.1;935.3;24.0;322963.2;13456.8;300515.1
2023-01-03;NE;13751.0;573.0;24.0;285908.5;11912.9;272157.5
2023-01-03;N;5900.1;245.8;24.0;156809.9;6533.7;150909.8
2023-01-04;SE;31336.4;1305.7;24.0;1007417.7;41975.7;976081.3
2023-01-04;S;22671.3;944.6;24.0;309529.5;12897.1;286858.2
2023-01-04;NE;16140.9;672.5;24.0;289143.6;12047.7;273002.8
2023-01-04;N;6247.5;260.3;24.0;160051.9;6668.8;153804.4
2023-01-05;SE;27668.3;1152.8;24.0;965559.1;40231.6;937890.8
2023-01-05;S;30890.1;1287.1;24.0;316479.2;13186.6;285589.1
2023-01-05;NE;16806.5;700.3;24.0;298746.9;12447.8;281940.4
2023-01-05;N;6106.4;254.4;24.0;162518.6;6771.6;156412.2
2023-01-06;SE;25377.1;1057.4;24.0;937730.3;39072.1;912353.1
2023-01-06;S;32223.0;1342.6;24.0;317658.4;13235.8;285435.4
2023-01-06;NE;16756.3;698.2;24.0;298772.1;12448.8;282015.7
2023-01-06;N;5788.9;241.2;24.0;158440.6;6601.7;152651.7
2023-01-07;SE;31099.5;1295.8;24.0;865662.2;36069.3;834562.7
2023-01-07;S;30258.7;1260.8;24.0;286730.9;11947.1;256472.1
2023-01-07;NE;16923.3;705.1;24.0;286631.5;11943.0;269708.3
2023-01-07;N;5659.3;235.8;24.0;156387.6;6516.1;150728.2
2023-01-08;SE;28537.8;1189.1;24.0;815016.1;33959.0;786478.4
2023-01-08;S;29086.9;1212.0;24.0;262233.0;10926.4;233146.1
2023-01-08;NE;16470.0;686.3;24.0;267492.5;11145.5;251022.4
2023-01-08;N;6655.9;277.3;24.0;152923.1;6371.8;146267.2
2023-01-09;SE;33672.8;1403.0;24.0;942481.6;39270.1;908808.8
2023-01-09;S;26862.0;1119.2;24.0;331245.0;13801.9;304383.0
2023-01-09;NE;15946.2;664.4;24.0;296639.4;12360.0;280693.2
2023-01-09;N;6004.3;250.2;24.0;161696.9;6737.4;155692.5
2023-01-10;SE;38222.0;1592.6;24.0;985834.3;41076.4;947612.3
2023-01-10;S;25951.2;1081.3;24.0;346881.3;14453.4;320930.1
2023-01-10;NE;16290.1;678.8;24.0;301399.9;12558.3;285109.8
2023-01-10;N;6571.0;273.8;24.0;160868.9;6702.9;154297.9
2023-01-11;SE;43462.0;1810.9;24.0;1020817.5;42534.1;977355.6
2023-01-11;S;27961.1;1165.0;24.0;355134.2;14797.3;327173.0
2023-01-11;NE;15704.7;654.4;24.0;301941.3;12580.9;286236.6
2023-01-11;N;5909.6;246.2;24.0;162651.0;6777.1;156741.4
2023-01-12;SE;40370.3;1682.1;24.0;1039653.9;43318.9;999283.5
2023-01-12;S;27962.5;1165.1;24.0;374559.6;15606.6;346597.1
2023-01-12;NE;16671.0;694.6;24.0;303192.3;12633.0;286521.3
2023-01-12;N;6573.6;273.9;24.0;167319.3;6971.6;160745.7
2023-01-13;SE;42350.6;1764.6;24.0;1058238.1;44093.3;1015887.5
2023-01-13;S;23492.0;978.8;24.0;368831.9;15368.0;345339.9
2023-01-13;NE;17411.8;725.5;24.0;307900.5;12829.2;290488.6
2023-01-13;N;6021.3;250.9;24.0;164096.0;6837.3;158074.6
2023-01-14;SE;45464.9;1894.4;24.0;986509.3;41104.6;941044.5
2023-01-14;S;20673.0;861.4;24.0;307434.8;12809.8;286761.8
2023-01-14;NE;15872.5;661.4;24.0;295113.6;12296.4;279241.2
2023-01-14;N;5618.3;234.1;24.0;156023.8;6501.0;150405.5
2023-01-15;SE;53322.6;2221.8;24.0;935221.3;38967.6;881898.7
2023-01-15;S;19331.8;805.5;24.0;270968.7;11290.4;251636.9
2023-01-15;NE;15368.6;640.4;24.0;272466.6;11352.8;257098.0
2023-01-15;N;5374.1;223.9;24.0;146854.4;6118.9;141480.4
2023-01-16;SE;51941.6;2164.2;24.0;1091847.9;45493.7;1039906.3
2023-01-16;S;25344.8;1056.0;24.0;357399.3;14891.6;332054.4
2023-01-16;NE;14866.5;619.4;24.0;298006.5;12416.9;283140.0
2023-01-16;N;5611.7;233.8;24.0;157476.8;6561.5;151865.2
2023-01-17;SE;51570.0;2148.8;24.0;1110535.8;46272.3;1058965.7
2023-01-17;S;24085.8;1003.6;24.0;377384.3;15724.3;353298.4
2023-01-17;NE;15355.0;639.8;24.0;295827.2;12326.1;280472.3
2023-01-17;N;6375.6;265.6;24.0;159262.2;6635.9;152886.6
2023-01-18;SE;55257.6;2302.4;24.0;1107429.7;46142.9;1052172.1
2023-01-18;S;23865.1;994.4;24.0;370945.1;15456.0;347080.0
2023-01-18;NE;14879.4;620.0;24.0;296478.0;12353.2;281598.6
2023-01-18;N;4507.3;187.8;24.0;155975.0;6499.0;151467.7
2023-01-19;SE;52514.8;2188.1;24.0;1096999.9;45708.3;1044485.2
2023-01-19;S;24794.0;1033.1;24.0;371892.8;15495.5;347098.8
2023-01-19;NE;13515.4;563.1;24.0;296012.1;12333.8;282496.7
2023-01-19;N;4287.4;178.6;24.0;154601.0;6441.7;150313.5
2023-01-20;SE;41358.4;1723.3;24.0;1056930.5;44038.8;1015572.2
2023-01-20;S;28149.2;1172.9;24.0;374724.7;15613.5;346575.5
2023-01-20;NE;15723.2;655.1;24.0;294408.4;12267.0;278685.2
2023-01-20;N;6776.3;282.3;24.0;158399.8;6600.0;151623.5
2023-01-21;SE;40898.2;1704.1;24.0;965153.8;40214.7;924255.5
2023-01-21;S;26503.0;1104.3;24.0;326594.3;13608.1;300091.3
2023-01-21;NE;16588.2;691.2;24.0;285620.7;11900.9;269032.6
2023-01-21;N;6655.8;277.3;24.0;154258.5;6427.4;147602.7
2023-01-22;SE;46607.2;1942.0;24.0;903893.2;37662.2;857286.0
2023-01-22;S;23336.6;972.4;24.0;289283.1;12053.5;265946.5
2023-01-22;NE;16236.6;676.5;24.0;264898.1;11037.4;248661.5
2023-01-22;N;6208.6;258.7;24.0;142628.8;5942.9;136420.2
2023-01-23;SE;39304.4;1637.7;24.0;1060003.3;44166.8;1020698.9
2023-01-23;S;28257.2;1177.4;24.0;374176.4;15590.7;345919.2
2023-01-23;NE;16507.2;687.8;24.0;301556.4;12564.9;285049.3
2023-01-23;N;5834.4;243.1;24.0;155663.0;6486.0;149828.5
2023-01-24;SE;38584.3;1607.7;24.0;1072923.1;44705.1;1034338.8
2023-01-24;S;30848.8;1285.4;24.0;384462.4;16019.3;353613.6
2023-01-24;NE;16076.3;669.8;24.0;301668.4;12569.5;285592.1
2023-01-24;N;5678.0;236.6;24.0;154599.9;6441.7;148922.0
2023-01-25;SE;46925.3;1955.2;24.0;1079172.7;44965.5;1032247.4
2023-01-25;S;30396.5;1266.5;24.0;404977.0;16874.0;374580.5
2023-01-25;NE;16114.2;671.4;24.0;295109.6;12296.2;278995.4
2023-01-25;N;5224.5;217.7;24.0;153566.7;6398.6;148342.2
2023-01-26;SE;46451.9;1935.5;24.0;1082413.0;45100.5;1035961.1
2023-01-26;S;30801.8;1283.4;24.0;403229.9;16801.2;372428.1
2023-01-26;NE;16862.5;702.6;24.0;298314.0;12429.7;281451.5
2023-01-26;N;5340.2;222.5;24.0;154233.7;6426.4;148893.5
2023-01-27;SE;44896.6;1870.7;24.0;1089017.5;45375.7;1044121.0
2023-01-27;S;30496.3;1270.7;24.0;393574.8;16398.9;363078.5
2023-01-27;NE;17210.2;717.1;24.0;300490.8;12520.4;283280.6
2023-01-27;N;5605.3;233.6;24.0;155280.4;6470.0;149675.1
2023-01-28;SE;46684.1;1945.2;24.0;1003875.7;41828.2;957191.6
2023-01-28;S;29084.3;1211.8;24.0;354813.5;14783.9;325729.2
2023-01-28;NE;17668.2;736.2;24.0;282082.9;11753.5;264414.8
2023-01-28;N;6002.6;250.1;24.0;149056.8;6210.7;143054.2
2023-01-29;SE;46297.3;1929.1;24.0;914475.0;38103.1;868177.7
2023-01-29;S;25019.3;1042.5;24.0;309827.5;12909.5;284808.2
2023-01-29;NE;17849.6;743.7;24.0;261473.8;10894.7;243624.2
2023-01-29;N;6667.9;277.8;24.0;143977.3;5999.1;137309.4
2023-01-30;SE;45199.2;1883.3;24.0;1057986.5;44082.8;1012787.3
2023-01-30;S;23459.2;977.5;24.0;373440.3;15560.0;349981.2
2023-01-30;NE;17021.6;709.2;24.0;294959.6;12290.0;277938.0
2023-01-30;N;6076.2;253.2;24.0;153300.5;6387.5;147224.2
2023-01-31;SE;46764.9;1948.5;24.0;1090590.6;45441.3;1043825.7
2023-01-31;S;20173.1;840.5;24.0;386657.9;16110.7;366484.7
2023-01-31;NE;16042.8;668.4;24.0;297707.9;12404.5;281665.1
2023-01-31;N;6659.5;277.5;24.0;153841.5;6410.1;147182.0
2023-02-01;SE;46491.5;1937.1;24.0;1104117.9;46004.9;1057626.4
2023-02-01;S;24859.3;1035.8;24.0;390177.7;16257.4;365318.4
2023-02-01;NE;15694.5;653.9;24.0;304485.2;12686.9;288790.7
2023-02-01;N;4914.4;204.8;24.0;157233.2;6551.4;152318.8
2023-02-02;SE;46493.2;1937.2;24.0;1116617.7;46525.7;1070124.5
2023-02-02;S;22407.0;933.6;24.0;388787.8;16199.5;366380.8
2023-02-02;NE;17188.7;716.2;24.0;309197.3;12883.2;292008.5
2023-02-02;N;5373.1;223.9;24.0;156893.5;6537.2;151520.4
2023-02-03;SE;46787.1;1949.5;24.0;1112678.2;46361.6;1065891.0
2023-02-03;S;15179.9;632.5;24.0;367231.3;15301.3;352051.4
2023-02-03;NE;17409.2;725.4;24.0;308014.2;12833.9;290605.1
2023-02-03;N;6451.8;268.8;24.0;162895.9;6787.3;156444.1
2023-02-04;SE;49807.2;2075.3;24.0;1031782.8;42990.9;981975.5
2023-02-04;S;24862.4;1035.9;24.0;308457.9;12852.4;283595.5
2023-02-04;NE;17844.8;743.5;24.0;298456.9;12435.7;280612.0
2023-02-04;N;7041.5;293.4;24.0;156834.2;6534.8;149792.6
2023-02-05;SE;47781.3;1990.9;24.0;958455.1;39935.6;910673.8
2023-02-05;S;29766.7;1240.3;24.0;275490.8;11478.8;245724.1
2023-02-05;NE;17793.7;741.4;24.0;288747.9;12031.2;270954.2
2023-02-05;N;6826.4;284.4;24.0;147571.6;6148.8;140745.2
2023-02-06;SE;49318.1;2054.9;24.0;1105648.5;46068.7;1056330.4
2023-02-06;S;30025.8;1251.1;24.0;367851.2;15327.1;337825.5
2023-02-06;NE;16300.6;679.2;24.0;304283.7;12678.5;287983.1
2023-02-06;N;6790.1;282.9;24.0;161868.9;6744.5;155078.8
2023-02-07;SE;47426.2;1976.1;24.0;1109751.7;46239.7;1062325.6
2023-02-07;S;29933.4;1247.2;24.0;386866.4;16119.4;356933.0
2023-02-07;NE;17329.8;722.1;24.0;304029.5;12667.9;286699.6
2023-02-07;N;6273.4;261.4;24.0;160533.8;6688.9;154260.4
2023-02-08;SE;51707.2;2154.5;24.0;1106925.1;46121.9;1055217.9
2023-02-08;S;30183.7;1257.7;24.0;395446.4;16476.9;365262.7
2023-02-08;NE;18552.0;773.0;24.0;306466.6;12769.4;287914.6
2023-02-08;N;6163.3;256.8;24.0;160365.5;6681.9;154202.2
2023-02-09;SE;53199.7;2216.7;24.0;1122452.0;46768.8;1069252.3
2023-02-09;S;26599.6;1108.3;24.0;395899.5;16495.8;369299.9
2023-02-09;NE;18202.2;758.4;24.0;314779.7;13115.8;296577.6
2023-02-09;N;7105.8;296.1;24.0;164416.2;6850.7;157310.4
2023-02-10;SE;50527.3;2105.3;24.0;1124650.9;46860.5;1074123.6
2023-02-10;S;25394.9;1058.1;24.0;389408.8;16225.4;364013.9
2023-02-10;NE;17323.8;721.8;24.0;316459.2;13185.8;299135.4
2023-02-10;N;7233.8;301.4;24.0;166750.2;6947.9;159516.4
2023-02-11;SE;43208.1;1800.3;24.0;1016835.5;42368.1;973627.5
2023-02-11;S;29096.9;1212.4;24.0;336655.9;14027.3;307558.9
2023-02-11;NE;18534.0;772.3;24.0;306033.8;12751.4;287499.8
2023-02-11;N;6556.5;273.2;24.0;158072.8;6586.4;151516.4
2023-02-12;SE;44600.8;1858.4;24.0;937111.8;39046.3;892510.9
2023-02-12;S;30228.3;1259.5;24.0;308570.5;12857.1;278342.2
2023-02-12;NE;18243.6;760.2;24.0;282400.0;11766.7;264156.4
2023-02-12;N;7586.9;316.1;24.0;154211.0;6425.5;146624.1
2023-02-13;SE;50239.1;2093.3;24.0;1098619.5;45775.8;1048380.4
2023-02-13;S;28452.7;1185.5;24.0;397490.6;16562.1;369037.9
2023-02-13;NE;17272.9;719.7;24.0;313859.1;13077.5;296586.2
2023-02-13;N;7874.5;328.1;24.0;169528.1;7063.7;161653.6
2023-02-14;SE;53417.3;2225.7;24.0;1139072.5;47461.4;1085655.3
2023-02-14;S;24216.7;1009.0;24.0;405924.4;16913.5;381707.7
2023-02-14;NE;16954.7;706.4;24.0;317110.9;13213.0;300156.1
2023-02-14;N;6716.6;279.9;24.0;168697.2;7029.1;161980.7
2023-02-15;SE;53489.3;2228.7;24.0;1157082.3;48211.8;1103593.0
2023-02-15;S;19367.7;807.0;24.0;370473.1;15436.4;351105.4
2023-02-15;NE;16177.8;674.1;24.0;320934.0;13372.2;304756.2
2023-02-15;N;6664.1;277.7;24.0;169739.0;7072.5;163074.8
2023-02-16;SE;49396.9;2058.2;24.0;1150916.6;47954.9;1101519.7
2023-02-16;S;23418.8;975.8;24.0;369025.0;15376.0;345606.2
2023-02-16;NE;15715.9;654.8;24.0;322456.4;13435.7;306740.5
2023-02-16;N;5554.4;231.4;24.0;165892.0;6912.2;160337.6
2023-02-17;SE;44165.6;1840.2;24.0;1142155.1;47589.8;1097989.5
2023-02-17;S;16851.4;702.1;24.0;338521.4;14105.1;321670.0
2023-02-17;NE;17777.9;740.7;24.0;315794.9;13158.1;298017.0
2023-02-17;N;6093.2;253.9;24.0;167079.4;6961.6;160986.2
2023-02-18;SE;39827.3;1659.5;24.0;1007919.0;41996.6;968091.8
2023-02-18;S;30246.1;1260.3;24.0;267849.0;11160.4;237602.8
2023-02-18;NE;16382.4;682.6;24.0;292862.6;12202.6;276480.2
2023-02-18;N;4923.8;205.2;24.0;157148.6;6547.9;152224.8
2023-02-19;SE;43740.6;1822.5;24.0;897979.0;37415.8;854238.4
2023-02-19;S;26347.4;1097.8;24.0;237619.8;9900.8;211272.4
2023-02-19;NE;16732.9;697.2;24.0;274328.1;11430.3;257595.1
2023-02-19;N;3966.1;165.3;24.0;147582.3;6149.3;143616.2
2023-02-20;SE;47354.0;1973.1;24.0;975756.0;40656.5;928401.9
2023-02-20;S;12243.4;510.1;24.0;292996.9;12208.2;280753.4
2023-02-20;NE;12969.7;540.4;24.0;275514.7;11479.8;262545.0
2023-02-20;N;5580.0;232.5;24.0;150260.4;6260.8;144680.4
2023-02-21;SE;48967.1;2040.3;24.0;986799.7;41116.7;937832.6
2023-02-21;S;20825.6;867.7;24.0;296022.3;12334.3;275196.7
2023-02-21;NE;16755.8;698.2;24.0;276325.1;11513.5;259569.2
2023-02-21;N;6514.6;271.4;24.0;150232.3;6259.7;143717.8
2023-02-22;SE;51910.1;2162.9;24.0;1059452.0;44143.8;1007541.9
2023-02-22;S;25267.9;1052.8;24.0;330350.2;13764.6;305082.3
2023-02-22;NE;15561.0;648.4;24.0;296022.1;12334.3;280461.1
2023-02-22;N;5169.8;215.4;24.0;158104.2;6587.7;152934.4
2023-02-23;SE;49809.4;2075.4;24.0;1103698.4;45987.4;1053889.0
2023-02-23;S;21700.0;904.2;24.0;339456.9;14144.0;317756.9
2023-02-23;NE;15484.9;645.2;24.0;309456.7;12894.0;293971.8
2023-02-23;N;4927.9;205.3;24.0;165902.5;6912.6;160974.5
2023-02-24;SE;49889.9;2078.7;24.0;1103974.6;45998.9;1054084.8
2023-02-24;S;12850.3;535.4;24.0;321676.4;13403.2;308826.1
2023-02-24;NE;15345.7;639.4;24.0;307873.0;12828.0;292527.3
2023-02-24;N;7533.6;313.9;24.0;170599.3;7108.3;163065.8
2023-02-25;SE;53932.3;2247.2;24.0;1037386.9;43224.5;983454.6
2023-02-25;S;25766.2;1073.6;24.0;293836.0;12243.2;268069.8
2023-02-25;NE;16148.0;672.8;24.0;291255.8;12135.7;275107.8
2023-02-25;N;6940.6;289.2;24.0;161979.7;6749.2;155039.0
2023-02-26;SE;55575.3;2315.6;24.0;985864.9;41077.7;930289.7
2023-02-26;S;20369.3;848.7;24.0;266743.4;11114.3;246374.1
2023-02-26;NE;16858.9;702.5;24.0;266432.9;11101.4;249574.0
2023-02-26;N;6508.0;271.2;24.0;147631.9;6151.3;141123.9
2023-02-27;SE;55968.2;2332.0;24.0;1146346.9;47764.5;1090378.7
2023-02-27;S;25760.0;1073.3;24.0;340732.2;14197.2;314972.2
2023-02-27;NE;17765.2;740.2;24.0;295814.9;12325.6;278049.7
2023-02-27;N;6760.9;281.7;24.0;162575.7;6774.0;155814.8
2023-02-28;SE;53253.4;2218.9;24.0;1141489.5;47562.1;1088236.1
2023-02-28;S;26089.9;1087.1;24.0;353566.7;14731.9;327476.8
2023-02-28;NE;18281.1;761.7;24.0;307572.1;12815.5;289291.0
2023-02-28;N;6634.5;276.4;24.0;163658.9;6819.1;157024.4
2023-03-01;SE;55545.7;2314.4;24.0;1113305.9;46387.7;1057760.1
2023-03-01;S;24134.2;1005.6;24.0;356620.9;14859.2;332486.7
2023-03-01;NE;17950.4;747.9;24.0;316231.4;13176.3;298281.0
2023-03-01;N;7497.1;312.4;24.0;171401.9;7141.7;163904.8
2023-03-02;SE;55646.2;2318.6;24.0;1128178.3;47007.4;1072532.2
2023-03-02;S;23098.5;962.4;24.0;367184.2;15299.3;344085.7
2023-03-02;NE;17753.3;739.7;24.0;308625.2;12859.4;290871.9
2023-03-02;N;6917.9;288.2;24.0;172488.8;7187.0;165570.8
2023-03-03;SE;54716.0;2279.8;24.0;1146275.0;47761.5;1091559.1
2023-03-03;S;15781.5;657.6;24.0;357811.4;14908.8;342029.9
2023-03-03;NE;15833.6;659.7;24.0;304471.7;12686.3;288638.0
2023-03-03;N;6379.4;265.8;24.0;171598.6;7149.9;165219.2
2023-03-04;SE;56329.1;2347.0;24.0;1061543.3;44231.0;1005214.2
2023-03-04;S;19786.6;824.4;24.0;306351.8;12764.7;286565.2
2023-03-04;NE;17484.2;728.5;24.0;293307.2;12221.1;275823.0
2023-03-04;N;5663.5;236.0;24.0;162097.2;6754.0;156433.7
2023-03-05;SE;52571.6;2190.5;24.0;966719.7;40280.0;914148.2
2023-03-05;S;23108.1;962.8;24.0;267297.1;11137.4;244189.0
2023-03-05;NE;18112.0;754.7;24.0;276472.9;11519.7;258360.9
2023-03-05;N;6907.7;287.8;24.0;158509.7;6604.6;151602.0
2023-03-06;SE;51413.6;2142.2;24.0;1105239.7;46051.7;1053826.1
2023-03-06;S;18986.9;791.1;24.0;339179.5;14132.5;320192.6
2023-03-06;NE;17506.4;729.4;24.0;302343.2;12597.6;284836.8
2023-03-06;N;6589.4;274.6;24.0;169950.6;7081.3;163361.2
2023-03-07;SE;50024.8;2084.4;24.0;1124307.1;46846.1;1074282.3
2023-03-07;S;22382.5;932.6;24.0;355933.6;14830.6;333551.1
2023-03-07;NE;19245.7;801.9;24.0;315835.4;13159.8;296589.7
2023-03-07;N;6272.3;261.3;24.0;166240.4;6926.7;159968.1
2023-03-08;SE;46506.2;1937.8;24.0;1121610.1;46733.8;1075103.9
2023-03-08;S;25960.5;1081.7;24.0;375024.0;15626.0;349063.5
2023-03-08;NE;18336.7;764.0;24.0;310038.1;12918.3;291701.3
2023-03-08;N;6646.8;277.0;24.0;167701.9;6987.6;161055.1
2023-03-09;SE;49588.9;2066.2;24.0;1134129.6;47255.4;1084540.7
2023-03-09;S;22919.4;955.0;24.0;377104.3;15712.7;354184.9
2023-03-09;NE;16317.4;679.9;24.0;312023.1;13001.0;295705.7
2023-03-09;N;6778.9;282.5;24.0;169621.7;7067.6;162842.8
2023-03-10;SE;44879.6;1870.0;24.0;1122956.5;46789.9;1078076.9
2023-03-10;S;22007.2;917.0;24.0;366696.4;15279.0;344689.2
2023-03-10;NE;16452.0;685.5;24.0;310692.0;12945.5;294240.0
2023-03-10;N;6405.9;266.9;24.0;168519.6;7021.7;162113.7
2023-03-11;SE;35323.4;1471.8;24.0;1008224.9;42009.4;972901.5
2023-03-11;S;25227.3;1051.1;24.0;323353.3;13473.1;298126.0
2023-03-11;NE;17485.4;728.6;24.0;294245.6;12260.2;276760.2
2023-03-11;N;6981.9;290.9;24.0;163437.7;6809.9;156455.8
2023-03-12;SE;40056.6;1669.0;24.0;917237.3;38218.2;877180.7
2023-03-12;S;22518.2;938.3;24.0;285135.0;11880.6;262616.8
2023-03-12;NE;16822.0;700.9;24.0;275312.3;11471.3;258490.4
2023-03-12;N;6177.4;257.4;24.0;154263.5;6427.6;148086.1
2023-03-13;SE;41232.6;1718.0;24.0;1065852.4;44410.5;1024619.8
2023-03-13;S;20968.6;873.7;24.0;360478.2;15019.9;339509.6
2023-03-13;NE;15321.3;638.4;24.0;304140.1;12672.5;288818.9
2023-03-13;N;4950.1;206.3;24.0;162830.7;6784.6;157880.6
2023-03-14;SE;37759.2;1573.3;24.0;1076478.4;44853.3;1038719.2
2023-03-14;S;18575.6;774.0;24.0;367914.4;15329.8;349338.8
2023-03-14;NE;14710.4;612.9;24.0;304503.2;12687.6;289792.8
2023-03-14;N;4225.8;176.1;24.0;161265.8;6719.4;157040.0
2023-03-15;SE;44803.9;1866.8;24.0;1088953.6;45373.1;1044149.7
2023-03-15;S;15705.1;654.4;24.0;365705.9;15237.7;350000.8
2023-03-15;NE;13897.5;579.1;24.0;296861.5;12369.2;282964.0
2023-03-15;N;3428.4;142.9;24.0;160657.9;6694.1;157229.5
2023-03-16;SE;46080.2;1920.0;24.0;1084476.9;45186.5;1038396.7
2023-03-16;S;23507.9;979.5;24.0;373779.4;15574.1;350271.5
2023-03-16;NE;11748.5;489.5;24.0;293995.2;12249.8;282246.7
2023-03-16;N;4965.8;206.9;24.0;163815.4;6825.6;158849.6
2023-03-17;SE;43420.1;1809.2;24.0;1076625.8;44859.4;1033205.7
2023-03-17;S;26465.7;1102.7;24.0;377206.7;15716.9;350741.0
2023-03-17;NE;14612.7;608.9;24.0;299560.4;12481.7;284947.7
2023-03-17;N;3782.3;157.6;24.0;163084.5;6795.2;159302.2
2023-03-18;SE;44908.0;1871.2;24.0;1003084.7;41795.2;958176.8
2023-03-18;S;27024.0;1126.0;24.0;325022.6;13542.6;297998.7
2023-03-18;NE;13668.9;569.5;24.0;283003.5;11791.8;269334.6
2023-03-18;N;4869.4;202.9;24.0;156188.2;6507.8;151318.8
2023-03-19;SE;43995.1;1833.1;24.0;930901.9;38787.6;886906.9
2023-03-19;S;26782.6;1115.9;24.0;291835.4;12159.8;265052.8
2023-03-19;NE;12050.8;502.1;24.0;255235.6;10634.8;243184.8
2023-03-19;N;5468.8;227.9;24.0;154838.7;6451.6;149369.9
2023-03-20;SE;46971.1;1957.1;24.0;1102863.6;45952.6;1055892.5
2023-03-20;S;25852.2;1077.2;24.0;384707.9;16029.5;358855.8
2023-03-20;NE;13795.3;574.8;24.0;288207.3;12008.6;274412.1
2023-03-20;N;5966.1;248.6;24.0;161489.7;6728.7;155523.6
2023-03-21;SE;48231.9;2009.7;24.0;1123038.6;46793.3;1074806.7
2023-03-21;S;24502.6;1020.9;24.0;390800.4;16283.4;366297.8
2023-03-21;NE;12372.7;515.5;24.0;285912.6;11913.0;273539.9
2023-03-21;N;5189.3;216.2;24.0;164171.7;6840.5;158982.4
2023-03-22;SE;51436.4;2143.2;24.0;1126025.0;46917.7;1074588.6
2023-03-22;S;22986.5;957.8;24.0;387739.2;16155.8;364752.7
2023-03-22;NE;14214.4;592.3;24.0;275004.2;11458.5;260789.9
2023-03-22;N;6317.4;263.2;24.0;166723.6;6946.8;160406.2
2023-03-23;SE;53149.2;2214.6;24.0;1127674.1;46986.4;1074524.9
2023-03-23;S;24240.0;1010.0;24.0;389640.0;16235.0;365399.9
2023-03-23;NE;17413.2;725.6;24.0;280106.4;11671.1;262693.2
2023-03-23;N;6818.4;284.1;24.0;165395.1;6891.5;158576.7
2023-03-24;SE;55179.4;2299.1;24.0;1144368.8;47682.0;1089189.4
2023-03-24;S;24609.0;1025.4;24.0;390068.1;16252.8;365459.1
2023-03-24;NE;16722.1;696.8;24.0;289364.4;12056.8;272642.3
2023-03-24;N;6073.7;253.1;24.0;165064.4;6877.7;158990.6
2023-03-25;SE;57018.3;2375.8;24.0;1057880.3;44078.3;1000862.0
2023-03-25;S;19244.3;801.8;24.0;322574.0;13440.6;303329.7
2023-03-25;NE;15884.1;661.8;24.0;272594.8;11358.1;256710.7
2023-03-25;N;7283.0;303.5;24.0;159380.4;6640.8;152097.4
2023-03-26;SE;56243.5;2343.5;24.0;988309.7;41179.6;932066.3
2023-03-26;S;22292.5;928.9;24.0;276359.5;11515.0;254067.1
2023-03-26;NE;14306.3;596.1;24.0;251873.5;10494.7;237567.2
2023-03-26;N;6464.1;269.3;24.0;150785.6;6282.7;144321.5
2023-03-27;SE;50315.0;2096.5;24.0;1122667.6;46777.8;1072352.6
2023-03-27;S;25226.7;1051.1;24.0;342815.9;14284.0;317589.2
2023-03-27;NE;15325.3;638.6;24.0;277107.0;11546.1;261781.6
2023-03-27;N;5930.4;247.1;24.0;165573.3;6898.9;159642.9
2023-03-28;SE;47957.0;1998.2;24.0;1117287.3;46553.6;1069330.3
2023-03-28;S;23601.9;983.4;24.0;351918.4;14663.3;328316.5
2023-03-28;NE;15592.8;649.7;24.0;277928.0;11580.3;262335.2
2023-03-28;N;5519.0;230.0;24.0;165238.8;6884.9;159719.8
2023-03-29;SE;51730.4;2155.4;24.0;1135091.0;47295.5;1083360.6
2023-03-29;S;23705.1;987.7;24.0;378762.5;15781.8;355057.4
2023-03-29;NE;15354.1;639.8;24.0;281254.0;11718.9;265899.9
2023-03-29;N;5902.9;246.0;24.0;165098.7;6879.1;159195.8
2023-03-30;SE;52169.4;2173.7;24.0;1139706.1;47487.8;1087536.7
2023-03-30;S;20159.6;840.0;24.0;359178.3;14965.8;339018.7
2023-03-30;NE;16275.0;678.1;24.0;280431.1;11684.6;264156.1
2023-03-30;N;6873.5;286.4;24.0;169342.0;7055.9;162468.5
2023-03-31;SE;55197.1;2299.9;24.0;1138233.0;47426.4;1083035.9
2023-03-31;S;23958.7;998.3;24.0;351675.4;14653.1;327716.6
2023-03-31;NE;16786.8;699.4;24.0;282837.9;11784.9;266051.2
2023-03-31;N;5829.0;242.9;24.0;165263.4;6886.0;159434.4
2023-04-01;SE;53487.0;2228.6;24.0;1037636.8;43234.9;984149.8
2023-04-01;S;25625.0;1067.7;24.0;289019.2;12042.5;263394.3
2023-04-01;NE;16829.2;701.2;24.0;270979.8;11290.8;254150.6
2023-04-01;N;5423.8;226.0;24.0;156845.1;6535.2;151421.3
2023-04-02;SE;47236.9;1968.2;24.0;921065.2;38377.7;873828.3
2023-04-02;S;26789.6;1116.2;24.0;250504.4;10437.7;223714.8
2023-04-02;NE;15843.2;660.1;24.0;261774.0;10907.3;245930.8
2023-04-02;N;5564.2;231.8;24.0;151859.3;6327.5;146295.1
2023-04-03;SE;45859.0;1910.8;24.0;1045899.8;43579.2;1000040.8
2023-04-03;S;26297.6;1095.7;24.0;327031.8;13626.3;300734.1
2023-04-03;NE;15869.0;661.2;24.0;289438.9;12060.0;273569.9
2023-04-03;N;5405.7;225.2;24.0;166124.9;6921.9;160719.2
2023-04-04;SE;51120.9;2130.0;24.0;1085286.3;45220.3;1034165.4
2023-04-04;S;21916.3;913.2;24.0;347768.4;14490.4;325852.2
2023-04-04;NE;14286.2;595.3;24.0;285239.8;11885.0;270953.6
2023-04-04;N;7047.1;293.6;24.0;171123.4;7130.1;164076.3
2023-04-05;SE;49263.5;2052.6;24.0;1090455.5;45435.6;1041192.0
2023-04-05;S;19879.6;828.3;24.0;346619.1;14442.5;326739.5
2023-04-05;NE;15455.1;644.0;24.0;285424.4;11892.7;269969.3
2023-04-05;N;6519.2;271.6;24.0;167728.2;6988.7;161209.1
2023-04-06;SE;46861.7;1952.6;24.0;1079363.5;44973.5;1032501.7
2023-04-06;S;9649.3;402.1;24.0;328755.8;13698.2;319106.5
2023-04-06;NE;14592.5;608.0;24.0;276290.1;11512.1;261697.6
2023-04-06;N;5001.4;208.4;24.0;161150.0;6714.6;156148.6
2023-04-07;SE;35545.2;1481.0;24.0;924641.3;38526.7;889096.1
2023-04-07;S;12307.6;512.8;24.0;247078.8;10295.0;234771.3
2023-04-07;NE;16231.7;676.3;24.0;248241.8;10343.4;232010.1
2023-04-07;N;5478.5;228.3;24.0;152145.8;6339.4;146667.2
2023-04-08;SE;36229.5;1509.6;24.0;923625.8;38484.4;887396.3
2023-04-08;S;14017.6;584.1;24.0;252464.0;10519.3;238446.4
2023-04-08;NE;14644.1;610.2;24.0;264049.9;11002.1;249405.8
2023-04-08;N;6145.6;256.1;24.0;157857.4;6577.4;151711.7
2023-04-09;SE;35957.2;1498.2;24.0;862836.3;35951.5;826879.1
2023-04-09;S;19876.6;828.2;24.0;236525.5;9855.2;216648.9
2023-04-09;NE;13954.7;581.4;24.0;251063.3;10461.0;237108.6
2023-04-09;N;6079.7;253.3;24.0;153589.7;6399.6;147510.0
2023-04-10;SE;44201.0;1841.7;24.0;1000776.1;41699.0;956575.0
2023-04-10;S;21673.8;903.1;24.0;326568.4;13607.0;304894.6
2023-04-10;NE;15317.8;638.2;24.0;283621.8;11817.6;268304.0
2023-04-10;N;6275.5;261.5;24.0;161865.5;6744.4;155590.0
2023-04-11;SE;44186.0;1841.1;24.0;1025641.0;42735.0;981455.1
2023-04-11;S;24032.2;1001.3;24.0;348082.4;14503.4;324050.1
2023-04-11;NE;16733.2;697.2;24.0;287722.4;11988.4;270989.2
2023-04-11;N;6661.1;277.5;24.0;164498.6;6854.1;157837.5
2023-04-12;SE;40259.5;1677.5;24.0;1052366.2;43848.6;1012106.6
2023-04-12;S;22768.0;948.7;24.0;356051.0;14835.5;333282.9
2023-04-12;NE;18286.1;761.9;24.0;289642.8;12068.4;271356.7
2023-04-12;N;7707.8;321.2;24.0;168275.6;7011.5;160567.7
2023-04-13;SE;48307.6;2012.8;24.0;1076018.4;44834.1;1027710.8
2023-04-13;S;15764.4;656.8;24.0;346291.7;14428.8;330527.3
2023-04-13;NE;16972.1;707.2;24.0;296808.6;12367.0;279836.5
2023-04-13;N;6789.9;282.9;24.0;169362.9;7056.8;162573.0
2023-04-14;SE;39726.8;1655.3;24.0;1073912.1;44746.3;1034185.3
2023-04-14;S;11518.2;479.9;24.0;328171.3;13673.8;316653.1
2023-04-14;NE;17010.1;708.8;24.0;292837.6;12201.6;275827.5
2023-04-14;N;7393.1;308.0;24.0;171063.8;7127.7;163670.8
2023-04-15;SE;44384.7;1849.4;24.0;978707.0;40779.5;934322.2
2023-04-15;S;14319.8;596.7;24.0;285601.6;11900.1;271281.8
2023-04-15;NE;16125.4;671.9;24.0;283189.3;11799.6;267063.9
2023-04-15;N;7571.2;315.5;24.0;164564.6;6856.9;156993.4
2023-04-16;SE;48479.0;2020.0;24.0;893199.2;37216.6;844720.1
2023-04-16;S;14848.6;618.7;24.0;250258.1;10427.4;235409.5
2023-04-16;NE;16702.1;695.9;24.0;264248.0;11010.3;247545.9
2023-04-16;N;6156.6;256.5;24.0;156728.0;6530.3;150571.4
2023-04-17;SE;47370.1;1973.8;24.0;1050343.6;43764.3;1002973.4
2023-04-17;S;12521.4;521.7;24.0;319545.3;13314.4;307023.8
2023-04-17;NE;15799.9;658.3;24.0;291658.8;12152.4;275858.9
2023-04-17;N;6634.4;276.4;24.0;166907.4;6954.5;160273.0
2023-04-18;SE;42022.5;1750.9;24.0;1083941.2;45164.2;1041918.6
2023-04-18;S;15066.4;627.8;24.0;316542.0;13189.3;301475.7
2023-04-18;NE;16784.7;699.4;24.0;303584.3;12649.3;286799.6
2023-04-18;N;5994.4;249.8;24.0;167198.2;6966.6;161203.8
2023-04-19;SE;39134.7;1630.6;24.0;1056255.7;44010.7;1017121.0
2023-04-19;S;19699.3;820.8;24.0;306093.5;12753.9;286394.2
2023-04-19;NE;17498.8;729.1;24.0;307936.2;12830.7;290437.3
2023-04-19;N;6378.6;265.8;24.0;171739.7;7155.8;165361.1
2023-04-20;SE;47258.1;1969.1;24.0;1003561.9;41815.1;956303.7
2023-04-20;S;23647.8;985.3;24.0;301772.2;12573.8;278124.4
2023-04-20;NE;17815.0;742.3;24.0;309380.9;12890.9;291565.9
2023-04-20;N;7068.9;294.5;24.0;175378.0;7307.4;168309.1
2023-04-21;SE;48436.4;2018.2;24.0;883521.4;36813.4;835085.0
2023-04-21;S;24128.6;1005.4;24.0;264905.1;11037.7;240776.5
2023-04-21;NE;17327.7;722.0;24.0;274021.1;11417.5;256693.4
2023-04-21;N;7541.7;314.2;24.0;162167.1;6757.0;154625.3
2023-04-22;SE;40091.6;1670.5;24.0;880290.0;36678.7;840198.4
2023-04-22;S;22600.0;941.7;24.0;254487.0;10603.6;231887.1
2023-04-22;NE;16609.1;692.0;24.0;272550.7;11356.3;255941.6
2023-04-22;N;7470.2;311.3;24.0;159257.4;6635.7;151787.2
2023-04-23;SE;40548.5;1689.5;24.0;829177.6;34549.1;788629.1
2023-04-23;S;20868.3;869.5;24.0;234967.1;9790.3;214098.9
2023-04-23;NE;15898.9;662.5;24.0;254857.4;10619.1;238958.5
2023-04-23;N;7673.1;319.7;24.0;155854.2;6493.9;148181.1
2023-04-24;SE;46291.8;1928.8;24.0;971694.7;40487.3;925402.9
2023-04-24;S;19781.7;824.2;24.0;307580.9;12815.9;287799.3
2023-04-24;NE;16060.8;669.2;24.0;281660.9;11735.9;265600.1
2023-04-24;N;8049.4;335.4;24.0;171251.2;7135.5;163201.8
2023-04-25;SE;43673.7;1819.7;24.0;1006710.9;41946.3;963037.2
2023-04-25;S;15719.6;655.0;24.0;320139.2;13339.1;304419.6
2023-04-25;NE;15173.8;632.2;24.0;290131.2;12088.8;274957.5
2023-04-25;N;7902.5;329.3;24.0;170145.5;7089.4;162242.9
2023-04-26;SE;39332.5;1638.9;24.0;1029813.3;42908.9;990480.7
2023-04-26;S;13012.0;542.2;24.0;319843.2;13326.8;306831.2
2023-04-26;NE;15116.7;629.9;24.0;291963.7;12165.2;276847.1
2023-04-26;N;7457.3;310.7;24.0;169820.7;7075.9;162363.4
2023-04-27;SE;43036.3;1793.2;24.0;1045780.0;43574.2;1002743.6
2023-04-27;S;16177.2;674.1;24.0;314829.1;13117.9;298651.9
2023-04-27;NE;13499.7;562.5;24.0;290207.2;12092.0;276707.5
2023-04-27;N;6070.1;252.9;24.0;170633.7;7109.7;164563.6
2023-04-28;SE;40737.1;1697.4;24.0;1026570.0;42773.7;985832.9
2023-04-28;S;19988.5;832.9;24.0;310886.1;12953.6;290897.6
2023-04-28;NE;16464.7;686.0;24.0;293559.5;12231.6;277094.8
2023-04-28;N;7620.6;317.5;24.0;176077.9;7336.6;168457.2
2023-04-29;SE;41013.0;1708.9;24.0;955831.5;39826.3;914818.5
2023-04-29;S;20445.7;851.9;24.0;280688.4;11695.4;260242.7
2023-04-29;NE;15598.0;649.9;24.0;290606.1;12108.6;275008.1
2023-04-29;N;7615.4;317.3;24.0;173403.1;7225.1;165787.7
2023-04-30;SE;42726.0;1780.2;24.0;876971.2;36540.5;834245.2
2023-04-30;S;20878.1;869.9;24.0;248344.8;10347.7;227466.8
2023-04-30;NE;14938.6;622.4;24.0;270966.8;11290.3;256028.3
2023-04-30;N;6926.8;288.6;24.0;165370.1;6890.4;158443.3
2023-05-01;SE;45949.1;1914.5;24.0;861188.5;35882.9;815239.4
2023-05-01;S;19916.7;829.9;24.0;237797.3;9908.2;217880.7
2023-05-01;NE;13388.7;557.9;24.0;253961.0;10581.7;240572.3
2023-05-01;N;5119.6;213.3;24.0;158711.3;6613.0;153591.7
2023-05-02;SE;46614.5;1942.3;24.0;1002617.4;41775.7;956002.9
2023-05-02;S;14180.2;590.8;24.0;308518.5;12854.9;294338.3
2023-05-02;NE;15364.2;640.2;24.0;289280.3;12053.3;273916.1
2023-05-02;N;6118.8;255.0;24.0;171809.4;7158.7;165690.5
2023-05-03;SE;46091.4;1920.5;24.0;1030047.3;42918.6;983955.9
2023-05-03;S;9071.7;378.0;24.0;319637.8;13318.2;310566.1
2023-05-03;NE;15445.4;643.6;24.0;290331.6;12097.2;274886.2
2023-05-03;N;5897.7;245.7;24.0;170427.9;7101.2;164530.2
2023-05-04;SE;47336.3;1972.3;24.0;1042193.4;43424.7;994857.1
2023-05-04;S;10998.9;458.3;24.0;324347.4;13514.5;313348.5
2023-05-04;NE;15607.9;650.3;24.0;294009.7;12250.4;278401.7
2023-05-04;N;6536.9;272.4;24.0;170008.1;7083.7;163471.2
2023-05-05;SE;47305.4;1971.1;24.0;1056668.1;44027.8;1009362.7
2023-05-05;S;11671.6;486.3;24.0;324640.2;13526.7;312968.6
2023-05-05;NE;15759.0;656.6;24.0;295732.1;12322.2;279973.1
2023-05-05;N;7220.4;300.9;24.0;172314.9;7179.8;165094.5
2023-05-06;SE;46188.3;1924.5;24.0;969978.6;40415.8;923790.4
2023-05-06;S;14913.9;621.4;24.0;283172.1;11798.8;268258.2
2023-05-06;NE;16504.9;687.7;24.0;285942.8;11914.3;269437.9
2023-05-06;N;7376.9;307.4;24.0;167290.5;6970.4;159913.5
2023-05-07;SE;45617.9;1900.7;24.0;883372.8;36807.2;837754.9
2023-05-07;S;14708.9;612.9;24.0;249426.3;10392.8;234717.4
2023-05-07;NE;16939.5;705.8;24.0;268251.8;11177.2;251312.4
2023-05-07;N;7840.8;326.7;24.0;161366.7;6723.6;153525.9
2023-05-08;SE;45545.9;1897.7;24.0;1026515.0;42771.5;980969.1
2023-05-08;S;13352.2;556.3;24.0;312794.9;13033.1;299442.7
2023-05-08;NE;16419.4;684.1;24.0;297530.3;12397.1;281110.9
2023-05-08;N;7446.0;310.3;24.0;177217.7;7384.1;169771.6
2023-05-09;SE;40600.2;1691.7;24.0;1048838.6;43701.6;1008238.3
2023-05-09;S;18686.9;778.6;24.0;313105.7;13046.1;294418.8
2023-05-09;NE;16463.7;686.0;24.0;302356.5;12598.2;285892.8
2023-05-09;N;7684.5;320.2;24.0;179472.4;7478.0;171787.9
2023-05-10;SE;38253.5;1593.9;24.0;1036761.8;43198.4;998508.3
2023-05-10;S;18336.0;764.0;24.0;309618.7;12900.8;291282.8
2023-05-10;NE;16355.0;681.5;24.0;307169.1;12798.7;290814.2
2023-05-10;N;6882.2;286.8;24.0;179569.0;7482.0;172686.8
2023-05-11;SE;41940.6;1747.5;24.0;1024204.2;42675.2;982263.5
2023-05-11;S;20377.0;849.0;24.0;304312.1;12679.7;283935.1
2023-05-11;NE;16588.2;691.2;24.0;309162.2;12881.8;292574.0
2023-05-11;N;6733.1;280.5;24.0;179915.7;7496.5;173182.5
2023-05-12;SE;43150.2;1797.9;24.0;1005717.2;41904.9;962567.0
2023-05-12;S;19073.6;794.7;24.0;301888.5;12578.7;282815.0
2023-05-12;NE;15037.0;626.5;24.0;309300.4;12887.5;294263.4
2023-05-12;N;6654.5;277.3;24.0;180247.0;7510.3;173592.5
2023-05-13;SE;44735.9;1864.0;24.0;913459.0;38060.8;868723.1
2023-05-13;S;20472.8;853.0;24.0;257248.1;10718.7;236775.3
2023-05-13;NE;15679.8;653.3;24.0;293526.6;12230.3;277846.9
2023-05-13;N;7241.7;301.7;24.0;173721.1;7238.4;166479.3
2023-05-14;SE;45354.1;1889.8;24.0;819760.6;34156.7;774406.5
2023-05-14;S;21142.2;880.9;24.0;218542.8;9105.9;197400.6
2023-05-14;NE;13392.3;558.0;24.0;267617.4;11150.7;254225.1
2023-05-14;N;6755.2;281.5;24.0;163932.4;6830.5;157177.2
2023-05-15;SE;47577.4;1982.4;24.0;959236.7;39968.2;911659.3
2023-05-15;S;21175.3;882.3;24.0;289421.1;12059.2;268245.9
2023-05-15;NE;14876.5;619.9;24.0;297172.3;12382.2;282295.8
2023-05-15;N;6121.6;255.1;24.0;178354.8;7431.5;172233.2
2023-05-16;SE;49265.5;2052.7;24.0;978293.3;40762.2;929027.8
2023-05-16;S;20616.1;859.0;24.0;300751.3;12531.3;280135.3
2023-05-16;NE;15822.5;659.3;24.0;300817.1;12534.0;284994.7
2023-05-16;N;5718.7;238.3;24.0;177130.8;7380.5;171412.1
2023-05-17;SE;47934.4;1997.3;24.0;978783.4;40782.6;930849.0
2023-05-17;S;20401.2;850.1;24.0;300831.4;12534.6;280430.2
2023-05-17;NE;14922.2;621.8;24.0;301774.3;12573.9;286852.1
2023-05-17;N;5828.5;242.9;24.0;174563.2;7273.5;168734.6
2023-05-18;SE;47623.9;1984.3;24.0;981377.3;40890.7;933753.4
2023-05-18;S;20795.3;866.5;24.0;302602.3;12608.4;281807.0
2023-05-18;NE;14066.8;586.1;24.0;299950.2;12497.9;285883.5
2023-05-18;N;6324.0;263.5;24.0;172356.4;7181.5;166032.4
2023-05-19;SE;48931.2;2038.8;24.0;977962.6;40748.4;929031.4
2023-05-19;S;20052.4;835.5;24.0;301653.4;12568.9;281601.0
2023-05-19;NE;13674.6;569.8;24.0;294072.2;12253.0;280397.6
2023-05-19;N;6585.0;274.4;24.0;174306.9;7262.8;167722.0
2023-05-20;SE;48759.0;2031.6;24.0;909750.7;37906.3;860991.7
2023-05-20;S;18750.7;781.3;24.0;264288.3;11012.0;245537.6
2023-05-20;NE;14208.8;592.0;24.0;276967.3;11540.3;262758.5
2023-05-20;N;7106.2;296.1;24.0;170962.5;7123.4;163856.2
2023-05-21;SE;45664.1;1902.7;24.0;828181.2;34507.5;782517.0
2023-05-21;S;12576.4;524.0;24.0;230220.7;9592.5;217644.3
2023-05-21;NE;13546.0;564.4;24.0;246197.0;10258.2;232651.0
2023-05-21;N;6910.8;288.0;24.0;168974.3;7040.6;162063.4
2023-05-22;SE;40123.5;1671.8;24.0;961375.2;40057.3;921251.7
2023-05-22;S;10716.9;446.5;24.0;297914.9;12413.1;287198.0
2023-05-22;NE;14129.7;588.7;24.0;288150.6;12006.3;274020.9
2023-05-22;N;7709.7;321.2;24.0;178144.9;7422.7;170435.2
2023-05-23;SE;43401.3;1808.4;24.0;987428.0;41142.8;944026.7
2023-05-23;S;17301.2;720.9;24.0;308521.3;12855.1;291220.1
2023-05-23;NE;12926.9;538.6;24.0;294133.2;12255.6;281206.3
2023-05-23;N;7607.4;317.0;24.0;179297.0;7470.7;171689.7
2023-05-24;SE;41587.8;1732.8;24.0;994984.3;41457.7;953396.5
2023-05-24;S;19253.4;802.2;24.0;308639.9;12860.0;289386.5
2023-05-24;NE;13256.9;552.4;24.0;289329.6;12055.4;276072.8
2023-05-24;N;6643.4;276.8;24.0;176409.8;7350.4;169766.4
2023-05-25;SE;42217.2;1759.1;24.0;1006690.6;41945.4;964473.3
2023-05-25;S;18793.8;783.1;24.0;313289.5;13053.7;294495.7
2023-05-25;NE;13246.7;551.9;24.0;287708.8;11987.9;274462.1
2023-05-25;N;7781.9;324.2;24.0;178876.2;7453.2;171094.4
2023-05-26;SE;42205.3;1758.6;24.0;1005835.0;41909.8;963629.7
2023-05-26;S;17796.9;741.5;24.0;310425.4;12934.4;292628.4
2023-05-26;NE;13769.7;573.7;24.0;290902.9;12121.0;277133.2
2023-05-26;N;7595.5;316.5;24.0;179735.5;7489.0;172140.0
2023-05-27;SE;42017.0;1750.7;24.0;940122.8;39171.8;898105.9
2023-05-27;S;9701.8;404.2;24.0;271929.6;11330.4;262227.8
2023-05-27;NE;14697.9;612.4;24.0;277850.2;11577.1;263152.3
2023-05-27;N;6472.0;269.7;24.0;172711.0;7196.3;166238.9
2023-05-28;SE;35385.0;1474.4;24.0;855721.4;35655.1;820336.4
2023-05-28;S;8395.0;349.8;24.0;230559.9;9606.7;222164.9
2023-05-28;NE;15080.1;628.3;24.0;260424.0;10851.0;245343.8
2023-05-28;N;7189.3;299.6;24.0;165929.5;6913.7;158740.2
2023-05-29;SE;30192.3;1258.0;24.0;973214.0;40550.6;943021.7
2023-05-29;S;12152.0;506.3;24.0;297755.0;12406.5;285603.0
2023-05-29;NE;14786.1;616.1;24.0;288697.6;12029.1;273911.5
2023-05-29;N;7141.7;297.6;24.0;178464.1;7436.0;171322.4
2023-05-30;SE;30382.8;1266.0;24.0;990531.3;41272.1;960148.5
2023-05-30;S;12239.8;510.0;24.0;309247.6;12885.3;297007.9
2023-05-30;NE;15920.5;663.4;24.0;296329.1;12347.0;280408.6
2023-05-30;N;7176.7;299.0;24.0;177380.9;7390.9;170204.2
2023-05-31;SE;27003.2;1125.1;24.0;986022.7;41084.3;959019.4
2023-05-31;S;15204.3;633.5;24.0;306974.4;12790.6;291770.2
2023-05-31;NE;15015.2;625.6;24.0;295529.2;12313.7;280514.0
2023-05-31;N;7526.8;313.6;24.0;176522.0;7355.1;168995.2
2023-06-01;SE;36009.6;1500.4;24.0;969959.2;40415.0;933949.6
2023-06-01;S;17073.8;711.4;24.0;302968.9;12623.7;285895.1
2023-06-01;NE;14935.1;622.3;24.0;297130.0;12380.4;282194.9
2023-06-01;N;7807.8;325.3;24.0;176850.4;7368.8;169042.6
2023-06-02;SE;43456.6;1810.7;24.0;969938.5;40414.1;926481.9
2023-06-02;S;18965.3;790.2;24.0;301224.9;12551.0;282259.5
2023-06-02;NE;15027.1;626.1;24.0;297922.0;12413.4;282894.9
2023-06-02;N;7916.3;329.8;24.0;179430.3;7476.3;171514.0
2023-06-03;SE;45668.0;1902.8;24.0;903194.8;37633.1;857526.8
2023-06-03;S;18852.2;785.5;24.0;262311.8;10929.7;243459.6
2023-06-03;NE;15442.0;643.4;24.0;284635.3;11859.8;269193.3
2023-06-03;N;7222.6;300.9;24.0;168826.2;7034.4;161603.6
2023-06-04;SE;45976.9;1915.7;24.0;818620.3;34109.2;772643.5
2023-06-04;S;18423.4;767.6;24.0;229464.7;9561.0;211041.3
2023-06-04;NE;15062.1;627.6;24.0;262108.0;10921.2;247045.9
2023-06-04;N;7084.1;295.2;24.0;161469.6;6727.9;154385.5
2023-06-05;SE;46459.0;1935.8;24.0;946090.6;39420.4;899631.6
2023-06-05;S;15478.9;645.0;24.0;298224.0;12426.0;282745.1
2023-06-05;NE;15508.4;646.2;24.0;286733.7;11947.2;271225.3
2023-06-05;N;7913.2;329.7;24.0;175473.5;7311.4;167560.2
2023-06-06;SE;44931.1;1872.1;24.0;961801.7;40075.1;916870.6
2023-06-06;S;17252.8;718.9;24.0;304566.7;12690.3;287313.9
2023-06-06;NE;14880.4;620.0;24.0;289639.3;12068.3;274758.9
2023-06-06;N;7503.5;312.6;24.0;175839.6;7326.6;168336.0
2023-06-07;SE;43947.9;1831.2;24.0;967449.6;40310.4;923501.7
2023-06-07;S;17445.3;726.9;24.0;301545.9;12564.4;284100.7
2023-06-07;NE;13195.3;549.8;24.0;288022.1;12000.9;274826.8
2023-06-07;N;7445.8;310.2;24.0;175861.6;7327.6;168415.9
2023-06-08;SE;44452.3;1852.2;24.0;897952.8;37414.7;853500.5
2023-06-08;S;18199.5;758.3;24.0;267142.3;11130.9;248942.8
2023-06-08;NE;13392.3;558.0;24.0;274447.5;11435.3;261055.3
2023-06-08;N;7563.7;315.2;24.0;168373.0;7015.5;160809.3
2023-06-09;SE;44104.6;1837.7;24.0;927239.3;38635.0;883134.7
2023-06-09;S;18651.7;777.2;24.0;276672.2;11528.0;258020.5
2023-06-09;NE;13444.3;560.2;24.0;282895.6;11787.3;269451.2
2023-06-09;N;7566.1;315.3;24.0;174642.9;7276.8;167076.8
2023-06-10;SE;43224.7;1801.0;24.0;893889.8;37245.4;850665.0
2023-06-10;S;15420.0;642.5;24.0;256190.9;10674.6;240770.8
2023-06-10;NE;15327.7;638.7;24.0;277877.1;11578.2;262549.4
2023-06-10;N;7541.7;314.2;24.0;170489.6;7103.7;162947.9
2023-06-11;SE;41697.3;1737.4;24.0;843495.2;35145.6;801797.9
2023-06-11;S;8658.0;360.7;24.0;234498.3;9770.8;225840.3
2023-06-11;NE;14221.4;592.6;24.0;260505.3;10854.4;246283.9
2023-06-11;N;7356.4;306.5;24.0;163320.9;6805.0;155964.5
2023-06-12;SE;37906.1;1579.4;24.0;981872.7;40911.4;943966.6
2023-06-12;S;9825.5;409.4;24.0;303363.0;12640.1;293537.5
2023-06-12;NE;15428.7;642.9;24.0;289378.5;12057.4;273949.9
2023-06-12;N;7814.6;325.6;24.0;177992.5;7416.4;170177.9
2023-06-13;SE;26077.2;1086.5;24.0;984248.4;41010.4;958171.3
2023-06-13;S;5768.7;240.4;24.0;317848.9;13243.7;312080.2
2023-06-13;NE;15263.3;636.0;24.0;295605.7;12316.9;280342.4
2023-06-13;N;7712.7;321.4;24.0;179853.8;7493.9;172141.1
2023-06-14;SE;27660.4;1152.5;24.0;980985.4;40874.4;953325.0
2023-06-14;S;3103.3;129.3;24.0;321866.1;13411.1;318762.8
2023-06-14;NE;14638.3;609.9;24.0;284424.8;11851.0;269786.4
2023-06-14;N;7349.9;306.2;24.0;175636.5;7318.2;168286.5
2023-06-15;SE;28760.8;1198.4;24.0;988870.5;41202.9;960109.7
2023-06-15;S;3611.9;150.5;24.0;316525.5;13188.6;312913.6
2023-06-15;NE;12901.6;537.6;24.0;282095.2;11754.0;269193.6
2023-06-15;N;7166.6;298.6;24.0;170749.9;7114.6;163583.3
2023-06-16;SE;34283.5;1428.5;24.0;982237.0;40926.5;947953.5
2023-06-16;S;7724.9;321.9;24.0;302290.6;12595.4;294565.7
2023-06-16;NE;14432.1;601.3;24.0;289126.7;12046.9;274694.5
2023-06-16;N;7283.9;303.5;24.0;168907.7;7037.8;161623.9
2023-06-17;SE;36681.1;1528.4;24.0;892492.9;37187.2;855811.8
2023-06-17;S;11789.3;491.2;24.0;262144.9;10922.7;250355.6
2023-06-17;NE;11979.0;499.1;24.0;278287.0;11595.3;266308.1
2023-06-17;N;6788.6;282.9;24.0;164519.0;6855.0;157730.4
2023-06-18;SE;42407.1;1767.0;24.0;798123.6;33255.1;755716.5
2023-06-18;S;17398.8;725.0;24.0;232524.3;9688.5;215125.4
2023-06-18;NE;14721.1;613.4;24.0;257419.8;10725.8;242698.7
2023-06-18;N;6788.5;282.9;24.0;155923.3;6496.8;149134.7
2023-06-19;SE;42304.9;1762.7;24.0;918548.5;38272.9;876243.6
2023-06-19;S;17855.6;744.0;24.0;305411.8;12725.5;287556.2
2023-06-19;NE;14396.4;599.8;24.0;284400.3;11850.0;270003.9
2023-06-19;N;7263.7;302.7;24.0;167357.0;6973.2;160093.3
2023-06-20;SE;43584.7;1816.0;24.0;946589.2;39441.2;903004.5
2023-06-20;S;17158.1;714.9;24.0;311354.3;12973.1;294196.2
2023-06-20;NE;12257.3;510.7;24.0;286452.9;11935.5;274195.6
2023-06-20;N;7283.3;303.5;24.0;166358.2;6931.6;159074.9
2023-06-21;SE;44657.9;1860.7;24.0;951495.3;39645.6;906837.4
2023-06-21;S;11229.1;467.9;24.0;319483.0;13311.8;308253.9
2023-06-21;NE;13841.0;576.7;24.0;285932.5;11913.9;272091.6
2023-06-21;N;7192.9;299.7;24.0;170066.3;7086.1;162873.5
2023-06-22;SE;44417.8;1850.7;24.0;958189.8;39924.6;913772.1
2023-06-22;S;10384.4;432.7;24.0;315184.2;13132.7;304799.7
2023-06-22;NE;14937.5;622.4;24.0;287749.5;11989.6;272812.0
2023-06-22;N;7514.5;313.1;24.0;175960.9;7331.7;168446.4
2023-06-23;SE;43647.2;1818.6;24.0;960039.7;40001.7;916392.5
2023-06-23;S;9093.0;378.9;24.0;313251.8;13052.2;304158.9
2023-06-23;NE;13355.5;556.5;24.0;278187.6;11591.2;264832.1
2023-06-23;N;8206.0;341.9;24.0;175087.7;7295.3;166881.7
2023-06-24;SE;41738.2;1739.1;24.0;889595.2;37066.5;847857.0
2023-06-24;S;16578.2;690.8;24.0;260789.1;10866.2;244210.9
2023-06-24;NE;13586.9;566.1;24.0;257983.3;10749.3;244396.4
2023-06-24;N;7923.7;330.2;24.0;167476.1;6978.2;159552.3
2023-06-25;SE;41091.4;1712.1;24.0;816273.4;34011.4;775182.0
2023-06-25;S;16457.2;685.7;24.0;224663.5;9361.0;208206.2
2023-06-25;NE;15059.5;627.5;24.0;251267.2;10469.5;236207.7
2023-06-25;N;7865.9;327.7;24.0;161789.4;6741.2;153923.5
2023-06-26;SE;44199.2;1841.6;24.0;939033.2;39126.4;894834.0
2023-06-26;S;17640.5;735.0;24.0;290385.8;12099.4;272745.3
2023-06-26;NE;13384.0;557.7;24.0;274863.4;11452.6;261479.4
2023-06-26;N;7944.9;331.0;24.0;173150.1;7214.6;165205.2
2023-06-27;SE;44599.6;1858.3;24.0;968773.0;40365.5;924173.4
2023-06-27;S;18252.9;760.5;24.0;299577.8;12482.4;281324.9
2023-06-27;NE;12310.1;512.9;24.0;279900.6;11662.5;267590.5
2023-06-27;N;7821.3;325.9;24.0;175736.7;7322.4;167915.4
2023-06-28;SE;45684.2;1903.5;24.0;979077.7;40794.9;933393.5
2023-06-28;S;15728.2;655.3;24.0;304441.1;12685.0;288712.9
2023-06-28;NE;12816.2;534.0;24.0;285466.9;11894.5;272650.6
2023-06-28;N;7815.6;325.7;24.0;175877.9;7328.2;168062.3
2023-06-29;SE;44077.5;1836.6;24.0;968285.2;40345.2;924207.7
2023-06-29;S;15650.8;652.1;24.0;303407.0;12642.0;287756.2
2023-06-29;NE;12930.6;538.8;24.0;282347.9;11764.5;269417.3
2023-06-29;N;7759.2;323.3;24.0;174665.8;7277.7;166906.6
2023-06-30;SE;42999.9;1791.7;24.0;958462.0;39935.9;915462.1
2023-06-30;S;14104.4;587.7;24.0;303830.6;12659.6;289726.3
2023-06-30;NE;12873.5;536.4;24.0;283100.1;11795.8;270226.6
2023-06-30;N;7762.2;323.4;24.0;175704.7;7321.0;167942.5
2023-07-01;SE;43272.9;1803.0;24.0;886970.1;36957.1;843697.2
2023-07-01;S;14598.5;608.3;24.0;259061.6;10794.2;244463.1
2023-07-01;NE;14481.2;603.4;24.0;271644.3;11318.5;257163.1
2023-07-01;N;7547.4;314.5;24.0;169515.1;7063.1;161967.7
2023-07-02;SE;45623.0;1901.0;24.0;810405.8;33766.9;764782.9
2023-07-02;S;15513.6;646.4;24.0;229771.0;9573.8;214257.3
2023-07-02;NE;14552.1;606.3;24.0;252531.8;10522.2;237979.7
2023-07-02;N;7661.1;319.2;24.0;162580.5;6774.2;154919.4
2023-07-03;SE;44516.4;1854.8;24.0;920534.9;38355.6;876018.5
2023-07-03;S;16347.4;681.1;24.0;292483.4;12186.8;276136.0
2023-07-03;NE;15118.5;629.9;24.0;276398.9;11516.6;261280.4
2023-07-03;N;7929.0;330.4;24.0;174784.7;7282.7;166855.7
2023-07-04;SE;45117.4;1879.9;24.0;938722.3;39113.4;893604.9
2023-07-04;S;18279.0;761.6;24.0;299439.7;12476.7;281160.8
2023-07-04;NE;16070.5;669.6;24.0;287554.3;11981.4;271483.8
2023-07-04;N;8023.1;334.3;24.0;175669.6;7319.6;167646.5
2023-07-05;SE;44975.1;1874.0;24.0;943867.6;39327.8;898892.5
2023-07-05;S;17003.1;708.5;24.0;301591.6;12566.3;284588.5
2023-07-05;NE;15425.4;642.7;24.0;286731.1;11947.1;271305.7
2023-07-05;N;8115.2;338.1;24.0;174589.3;7274.6;166474.1
2023-07-06;SE;45220.4;1884.2;24.0;943586.8;39316.1;898366.4
2023-07-06;S;17021.3;709.2;24.0;302588.7;12607.9;285567.5
2023-07-06;NE;13604.8;566.9;24.0;278239.4;11593.3;264634.7
2023-07-06;N;8329.4;347.1;24.0;177037.9;7376.6;168708.5
2023-07-07;SE;46157.7;1923.2;24.0;954372.6;39765.5;908214.9
2023-07-07;S;11954.5;498.1;24.0;308925.3;12871.9;296970.7
2023-07-07;NE;11870.2;494.6;24.0;275864.4;11494.4;263994.2
2023-07-07;N;7829.8;326.2;24.0;175711.7;7321.3;167881.9
2023-07-08;SE;45186.2;1882.8;24.0;896805.5;37366.9;851619.3
2023-07-08;S;8636.4;359.9;24.0;263332.4;10972.2;254696.0
2023-07-08;NE;12783.2;532.6;24.0;266286.1;11095.3;253502.9
2023-07-08;N;7679.4;320.0;24.0;167840.0;6993.3;160160.6
2023-07-09;SE;38690.1;1612.1;24.0;832071.4;34669.6;793381.3
2023-07-09;S;9736.0;405.7;24.0;230545.8;9606.1;220809.8
2023-07-09;NE;13712.5;571.4;24.0;248864.7;10369.4;235152.2
2023-07-09;N;7571.0;315.5;24.0;163129.5;6797.1;155558.4
2023-07-10;SE;42557.0;1773.2;24.0;957254.4;39885.6;914697.5
2023-07-10;S;9148.5;381.2;24.0;302647.6;12610.3;293499.0
2023-07-10;NE;15773.1;657.2;24.0;279833.4;11659.7;264060.3
2023-07-10;N;7792.3;324.7;24.0;174136.9;7255.7;166344.5
2023-07-11;SE;45446.8;1893.6;24.0;994954.4;41456.4;949507.5
2023-07-11;S;8996.1;374.8;24.0;314309.2;13096.2;305313.0
2023-07-11;NE;17341.0;722.5;24.0;288073.9;12003.1;270732.9
2023-07-11;N;7831.1;326.3;24.0;174354.3;7264.8;166523.2
2023-07-12;SE;43142.8;1797.6;24.0;1008747.3;42031.1;965604.5
2023-07-12;S;10812.6;450.5;24.0;319356.3;13306.5;308543.7
2023-07-12;NE;17744.7;739.4;24.0;292476.5;12186.5;274731.8
2023-07-12;N;7615.8;317.3;24.0;176795.0;7366.5;169179.2
2023-07-13;SE;41087.8;1712.0;24.0;1005045.6;41876.9;963957.8
2023-07-13;S;8173.0;340.5;24.0;298689.1;12445.4;290516.1
2023-07-13;NE;17530.8;730.4;24.0;288363.1;12015.1;270832.4
2023-07-13;N;7945.8;331.1;24.0;176541.8;7355.9;168595.9
2023-07-14;SE;44127.5;1838.6;24.0;960946.3;40039.4;916818.9
2023-07-14;S;14338.0;597.4;24.0;304445.8;12685.2;290107.8
2023-07-14;NE;18511.2;771.3;24.0;290315.2;12096.5;271804.0
2023-07-14;N;8200.7;341.7;24.0;176735.0;7364.0;168534.3
2023-07-15;SE;42353.1;1764.7;24.0;872161.8;36340.1;829808.6
2023-07-15;S;18666.0;777.7;24.0;260458.7;10852.4;241792.8
2023-07-15;NE;16935.3;705.6;24.0;282881.7;11786.7;265946.3
2023-07-15;N;8013.0;333.9;24.0;170013.5;7083.9;162000.6
2023-07-16;SE;41806.8;1741.9;24.0;812455.2;33852.3;770648.5
2023-07-16;S;14894.0;620.6;24.0;225021.1;9375.9;210127.1
2023-07-16;NE;16180.6;674.2;24.0;261801.8;10908.4;245621.2
2023-07-16;N;7995.7;333.2;24.0;163109.7;6796.2;155114.0
2023-07-17;SE;42856.5;1785.7;24.0;958832.0;39951.3;915975.5
2023-07-17;S;13189.1;549.5;24.0;301365.6;12556.9;288176.5
2023-07-17;NE;17319.3;721.6;24.0;291430.5;12142.9;274111.2
2023-07-17;N;8369.2;348.7;24.0;176737.5;7364.1;168368.3
2023-07-18;SE;40857.8;1702.4;24.0;986470.9;41103.0;945613.1
2023-07-18;S;13733.2;572.2;24.0;315337.7;13139.1;301604.5
2023-07-18;NE;16851.9;702.2;24.0;291348.5;12139.5;274496.6
2023-07-18;N;8755.5;364.8;24.0;178484.9;7436.9;169729.4
2023-07-19;SE;38280.1;1595.0;24.0;978306.3;40762.8;940026.2
2023-07-19;S;13691.1;570.5;24.0;312016.4;13000.7;298325.3
2023-07-19;NE;15750.4;656.3;24.0;295644.0;12318.5;279893.6
2023-07-19;N;8432.8;351.4;24.0;175945.4;7331.1;167512.7
2023-07-20;SE;39082.8;1628.4;24.0;962754.9;40114.8;923672.1
2023-07-20;S;13450.9;560.5;24.0;305597.7;12733.2;292146.8
2023-07-20;NE;16673.3;694.7;24.0;296085.0;12336.9;279411.8
2023-07-20;N;8598.3;358.3;24.0;178269.9;7427.9;169671.7
2023-07-21;SE;39546.4;1647.8;24.0;961925.9;40080.2;922379.5
2023-07-21;S;18395.0;766.5;24.0;301868.2;12577.8;283473.2
2023-07-21;NE;16027.8;667.8;24.0;288792.9;12033.0;272765.1
2023-07-21;N;8811.2;367.1;24.0;176098.0;7337.4;167286.8
2023-07-22;SE;44071.2;1836.3;24.0;893970.8;37248.8;849899.6
2023-07-22;S;18866.2;786.1;24.0;259721.9;10821.7;240855.7
2023-07-22;NE;16086.5;670.3;24.0;276205.6;11508.6;260119.1
2023-07-22;N;8829.9;367.9;24.0;167795.9;6991.5;158966.0
2023-07-23;SE;43982.5;1832.6;24.0;818920.1;34121.7;774937.6
2023-07-23;S;18981.6;790.9;24.0;229850.8;9577.1;210869.2
2023-07-23;NE;16704.4;696.0;24.0;255617.7;10650.7;238913.4
2023-07-23;N;8805.9;366.9;24.0;161363.0;6723.5;152557.1
2023-07-24;SE;42218.9;1759.1;24.0;953671.8;39736.3;911452.9
2023-07-24;S;14882.8;620.1;24.0;296084.4;12336.8;281201.6
2023-07-24;NE;16906.3;704.4;24.0;285389.5;11891.2;268483.2
2023-07-24;N;8682.2;361.8;24.0;176821.1;7367.5;168138.9
2023-07-25;SE;42370.9;1765.5;24.0;982034.3;40918.1;939663.4
2023-07-25;S;14139.7;589.2;24.0;305777.9;12740.7;291638.2
2023-07-25;NE;18266.2;761.1;24.0;287336.8;11972.4;269070.5
2023-07-25;N;8863.0;369.3;24.0;178229.5;7426.2;169366.5
2023-07-26;SE;40718.0;1696.6;24.0;990235.3;41259.8;949517.3
2023-07-26;S;14532.0;605.5;24.0;310293.0;12928.9;295761.0
2023-07-26;NE;18066.2;752.8;24.0;290821.7;12117.6;272755.5
2023-07-26;N;8903.9;371.0;24.0;178273.2;7428.1;169369.4
2023-07-27;SE;46544.5;1939.4;24.0;1000707.1;41696.1;954162.6
2023-07-27;S;15071.7;628.0;24.0;310525.8;12938.6;295454.1
2023-07-27;NE;16259.6;677.5;24.0;287124.0;11963.5;270864.5
2023-07-27;N;8835.1;368.1;24.0;179349.5;7472.9;170514.4
2023-07-28;SE;46229.4;1926.2;24.0;995415.5;41475.6;949186.1
2023-07-28;S;12143.2;506.0;24.0;309603.1;12900.1;297459.9
2023-07-28;NE;16198.6;674.9;24.0;289712.5;12071.4;273513.8
2023-07-28;N;8830.6;367.9;24.0;180081.0;7503.4;171250.4
2023-07-29;SE;39995.1;1666.5;24.0;908308.0;37846.2;868312.9
2023-07-29;S;17425.9;726.1;24.0;261103.7;10879.3;243677.8
2023-07-29;NE;18172.7;757.2;24.0;274414.2;11433.9;256241.5
2023-07-29;N;8667.8;361.2;24.0;174920.8;7288.4;166253.0
2023-07-30;SE;40614.3;1692.3;24.0;817111.4;34046.3;776497.2
2023-07-30;S;20793.7;866.4;24.0;226312.6;9429.7;205519.0
2023-07-30;NE;18140.0;755.8;24.0;261066.8;10877.8;242926.8
2023-07-30;N;8405.4;350.2;24.0;167506.9;6979.5;159101.5
2023-07-31;SE;46075.4;1919.8;24.0;949387.9;39557.8;903312.5
2023-07-31;S;19845.7;826.9;24.0;297812.0;12408.8;277966.3
2023-07-31;NE;18058.5;752.4;24.0;287365.9;11973.6;269307.4
2023-07-31;N;8275.7;344.8;24.0;182875.8;7619.8;174600.0
2023-08-01;SE;50079.6;2086.6;24.0;979311.2;40804.6;929231.7
2023-08-01;S;21836.2;909.8;24.0;302353.0;12598.0;280516.8
2023-08-01;NE;17649.3;735.4;24.0;289023.8;12042.7;271374.5
2023-08-01;N;8611.1;358.8;24.0;184307.4;7679.5;175696.3
2023-08-02;SE;51893.1;2162.2;24.0;985859.0;41077.5;933965.9
2023-08-02;S;22300.4;929.2;24.0;304933.7;12705.6;282633.3
2023-08-02;NE;16308.7;679.5;24.0;292629.8;12192.9;276321.1
2023-08-02;N;8656.0;360.7;24.0;180978.8;7540.8;172322.8
2023-08-03;SE;53929.5;2247.1;24.0;997330.0;41555.4;943400.4
2023-08-03;S;20716.5;863.2;24.0;310270.2;12927.9;289553.7
2023-08-03;NE;16316.9;679.9;24.0;291567.1;12148.6;275250.2
2023-08-03;N;8708.0;362.8;24.0;179896.5;7495.7;171188.5
2023-08-04;SE;53021.4;2209.2;24.0;999960.6;41665.0;946939.2
2023-08-04;S;20281.6;845.1;24.0;309147.6;12881.2;288866.0
2023-08-04;NE;19156.4;798.2;24.0;290152.0;12089.7;270995.6
2023-08-04;N;8685.4;361.9;24.0;179461.8;7477.6;170776.4
2023-08-05;SE;53219.3;2217.5;24.0;922377.4;38432.4;869158.1
2023-08-05;S;19199.0;800.0;24.0;265447.9;11060.3;246248.9
2023-08-05;NE;19126.4;796.9;24.0;281086.5;11711.9;261960.1
2023-08-05;N;8224.3;342.7;24.0;173084.9;7211.9;164860.6
2023-08-06;SE;53725.1;2238.5;24.0;853389.7;35557.9;799664.7
2023-08-06;S;22404.7;933.5;24.0;233073.1;9711.4;210668.4
2023-08-06;NE;18135.7;755.7;24.0;264732.0;11030.5;246596.3
2023-08-06;N;8828.2;367.8;24.0;170388.9;7099.5;161560.8
2023-08-07;SE;53656.9;2235.7;24.0;1001887.6;41745.3;948230.7
2023-08-07;S;15166.6;631.9;24.0;308330.5;12847.1;293163.9
2023-08-07;NE;17454.8;727.3;24.0;293073.2;12211.4;275618.5
2023-08-07;N;9031.2;376.3;24.0;185316.6;7721.5;176285.4
2023-08-08;SE;49170.4;2048.8;24.0;1016993.4;42374.7;967823.0
2023-08-08;S;13795.8;574.8;24.0;310033.1;12918.0;296237.4
2023-08-08;NE;16722.6;696.8;24.0;293504.3;12229.3;276781.7
2023-08-08;N;8837.3;368.2;24.0;188022.1;7834.3;179184.8
2023-08-09;SE;46179.8;1924.2;24.0;1017389.7;42391.2;971209.8
2023-08-09;S;8981.1;374.2;24.0;309005.5;12875.2;300024.4
2023-08-09;NE;17359.8;723.3;24.0;295519.6;12313.3;278159.8
2023-08-09;N;8529.3;355.4;24.0;185063.7;7711.0;176534.4
2023-08-10;SE;51219.7;2134.2;24.0;1028757.7;42864.9;977538.0
2023-08-10;S;18771.0;782.1;24.0;308665.0;12861.0;289894.0
2023-08-10;NE;18507.9;771.2;24.0;292810.9;12200.5;274302.9
2023-08-10;N;8831.0;368.0;24.0;183710.7;7654.6;174879.7
2023-08-11;SE;53626.2;2234.4;24.0;1041674.6;43403.1;988048.4
2023-08-11;S;15587.0;649.5;24.0;310223.9;12926.0;294636.9
2023-08-11;NE;17539.5;730.8;24.0;292144.9;12172.7;274605.4
2023-08-11;N;9215.6;384.0;24.0;183309.6;7637.9;174094.0
2023-08-12;SE;50787.0;2116.1;24.0;963053.2;40127.2;912266.2
2023-08-12;S;14939.6;622.5;24.0;265384.2;11057.7;250444.6
2023-08-12;NE;18031.9;751.3;24.0;278762.2;11615.1;260730.3
2023-08-12;N;9269.0;386.2;24.0;178897.4;7454.1;169628.3
2023-08-13;SE;42427.6;1767.8;24.0;853172.9;35548.9;810745.3
2023-08-13;S;19568.4;815.3;24.0;223024.4;9292.7;203456.1
2023-08-13;NE;18570.6;773.8;24.0;258676.7;10778.2;240106.1
2023-08-13;N;9115.0;379.8;24.0;170553.8;7106.4;161438.7
2023-08-14;SE;40862.2;1702.6;24.0;972191.6;40508.0;931329.5
2023-08-14;S;22468.6;936.2;24.0;293922.8;12246.8;271454.2
2023-08-14;NE;17785.0;741.0;24.0;287436.3;11976.5;269651.3
2023-08-14;N;9373.1;390.5;24.0;183348.0;7639.5;173974.9
2023-08-15;SE;44476.7;1853.2;24.0;984283.2;41011.8;939806.5
2023-08-15;S;23371.2;973.8;24.0;302511.4;12604.6;279140.1
2023-08-15;NE;18468.7;769.5;24.0;262313.1;10929.7;243844.4
2023-08-15;N;9459.0;394.1;24.0;153703.3;6404.3;144244.4
2023-08-16;SE;45416.1;1892.3;24.0;1010158.6;42089.9;964742.6
2023-08-16;S;22128.5;922.0;24.0;312365.3;13015.2;290236.8
2023-08-16;NE;18838.0;784.9;24.0;282984.1;11791.0;264146.1
2023-08-16;N;9329.0;388.7;24.0;182772.7;7615.5;173443.8
2023-08-17;SE;48336.2;2014.0;24.0;1016520.6;42355.0;968184.4
2023-08-17;S;23526.1;980.3;24.0;317972.9;13248.9;294446.7
2023-08-17;NE;17537.2;730.7;24.0;286892.9;11953.9;269355.7
2023-08-17;N;9416.9;392.4;24.0;184958.6;7706.6;175541.8
2023-08-18;SE;55072.3;2294.7;24.0;1036916.8;43204.9;981844.5
2023-08-18;S;17985.0;749.4;24.0;319768.9;13323.7;301783.9
2023-08-18;NE;17492.9;728.9;24.0;285263.4;11886.0;267770.5
2023-08-18;N;9986.4;416.1;24.0;185734.0;7738.9;175747.5
2023-08-19;SE;45719.5;1905.0;24.0;958911.7;39954.7;913192.1
2023-08-19;S;20653.2;860.5;24.0;260959.6;10873.3;240306.5
2023-08-19;NE;16948.4;706.2;24.0;266519.2;11105.0;249570.7
2023-08-19;N;9284.6;386.9;24.0;180226.6;7509.4;170942.0
2023-08-20;SE;48268.8;2011.2;24.0;870432.9;36268.0;822164.2
2023-08-20;S;18990.1;791.3;24.0;232238.4;9676.6;213248.4
2023-08-20;NE;18197.7;758.2;24.0;257683.3;10736.8;239485.6
2023-08-20;N;9317.0;388.2;24.0;173878.4;7244.9;164561.5
2023-08-21;SE;53160.6;2215.0;24.0;998282.5;41595.1;945121.9
2023-08-21;S;23678.3;986.6;24.0;298516.5;12438.2;274838.2
2023-08-21;NE;18760.0;781.7;24.0;293935.2;12247.3;275175.3
2023-08-21;N;9545.1;397.7;24.0;187941.4;7830.9;178396.2
2023-08-22;SE;58854.5;2452.3;24.0;1040774.3;43365.6;981919.8
2023-08-22;S;23153.3;964.7;24.0;318525.8;13271.9;295372.4
2023-08-22;NE;18668.5;777.9;24.0;300993.3;12541.4;282324.9
2023-08-22;N;8866.2;369.4;24.0;190408.2;7933.7;181542.0
2023-08-23;SE;57848.0;2410.3;24.0;1083866.0;45161.1;1026018.0
2023-08-23;S;21388.9;891.2;24.0;326817.9;13617.4;305429.0
2023-08-23;NE;20201.1;841.7;24.0;301089.8;12545.4;280888.7
2023-08-23;N;9030.5;376.3;24.0;189485.2;7895.2;180454.7
2023-08-24;SE;51368.6;2140.4;24.0;1113611.5;46400.5;1062242.9
2023-08-24;S;18413.2;767.2;24.0;322528.4;13438.7;304115.2
2023-08-24;NE;20482.1;853.4;24.0;302200.6;12591.7;281718.6
2023-08-24;N;9405.8;391.9;24.0;188926.7;7871.9;179520.9
2023-08-25;SE;49413.0;2058.9;24.0;1088408.3;45350.3;1038995.3
2023-08-25;S;18237.9;759.9;24.0;311260.4;12969.2;293022.5
2023-08-25;NE;21575.7;899.0;24.0;301335.4;12555.6;279759.7
2023-08-25;N;9323.4;388.5;24.0;189544.1;7897.7;180220.7
2023-08-26;SE;38947.0;1622.8;24.0;961527.3;40063.6;922580.2
2023-08-26;S;22270.0;927.9;24.0;265874.4;11078.1;243604.4
2023-08-26;NE;21279.7;886.7;24.0;291516.2;12146.5;270236.4
2023-08-26;N;8923.6;371.8;24.0;183383.0;7641.0;174459.4
2023-08-27;SE;30555.3;1273.1;24.0;841863.5;35077.6;811308.2
2023-08-27;S;23631.3;984.6;24.0;234066.8;9752.8;210435.5
2023-08-27;NE;20564.9;856.9;24.0;281417.4;11725.7;260852.4
2023-08-27;N;8808.7;367.0;24.0;175820.2;7325.8;167011.5
2023-08-28;SE;36017.3;1500.7;24.0;939936.3;39164.0;903919.0
2023-08-28;S;24217.2;1009.1;24.0;306295.5;12762.3;282078.2
2023-08-28;NE;19853.0;827.2;24.0;307375.0;12807.3;287522.0
2023-08-28;N;9098.2;379.1;24.0;189428.0;7892.8;180329.8
2023-08-29;SE;38542.4;1605.9;24.0;967770.8;40323.8;929228.3
2023-08-29;S;21147.8;881.2;24.0;313182.7;13049.3;292034.9
2023-08-29;NE;18685.8;778.6;24.0;307926.3;12830.3;289240.5
2023-08-29;N;8655.7;360.7;24.0;189787.4;7907.8;181131.6
2023-08-30;SE;47904.8;1996.0;24.0;983832.0;40993.0;935927.2
2023-08-30;S;25683.4;1070.1;24.0;315932.1;13163.8;290248.7
2023-08-30;NE;20883.7;870.2;24.0;306539.7;12772.5;285656.0
2023-08-30;N;8944.0;372.7;24.0;189053.7;7877.2;180109.7
2023-08-31;SE;53239.1;2218.3;24.0;989596.4;41233.2;936357.3
2023-08-31;S;25379.0;1057.5;24.0;318760.3;13281.7;293381.3
2023-08-31;NE;21676.0;903.2;24.0;306772.5;12782.2;285096.5
2023-08-31;N;9205.0;383.5;24.0;188497.2;7854.0;179292.2
2023-09-01;SE;54572.8;2273.9;24.0;993309.6;41387.9;938736.8
2023-09-01;S;18997.4;791.6;24.0;309223.2;12884.3;290225.8
2023-09-01;NE;21772.4;907.2;24.0;304922.3;12705.1;283149.9
2023-09-01;N;9265.4;386.1;24.0;188305.0;7846.0;179039.7
2023-09-02;SE;52189.9;2174.6;24.0;955447.3;39810.3;903257.4
2023-09-02;S;14296.3;595.7;24.0;271126.4;11296.9;256830.1
2023-09-02;NE;20734.2;863.9;24.0;291579.0;12149.1;270844.8
2023-09-02;N;9384.3;391.0;24.0;181712.0;7571.3;172327.7
2023-09-03;SE;54645.5;2276.9;24.0;902803.9;37616.8;848158.4
2023-09-03;S;18068.2;752.8;24.0;243365.3;10140.2;225297.1
2023-09-03;NE;21285.1;886.9;24.0;271756.5;11323.2;250471.4
2023-09-03;N;10057.0;419.0;24.0;173530.7;7230.4;163473.7
2023-09-04;SE;58125.5;2421.9;24.0;1084523.8;45188.5;1026398.3
2023-09-04;S;14737.3;614.1;24.0;313400.8;13058.4;298663.5
2023-09-04;NE;21657.6;902.4;24.0;299855.3;12494.0;278197.7
2023-09-04;N;9930.9;413.8;24.0;186653.4;7777.2;176722.5
2023-09-05;SE;53187.7;2216.2;24.0;1092656.5;45527.4;1039468.9
2023-09-05;S;20224.7;842.7;24.0;305959.0;12748.3;285734.3
2023-09-05;NE;20960.2;873.3;24.0;304612.1;12692.2;283651.9
2023-09-05;N;10060.6;419.2;24.0;185900.9;7745.9;175840.3
2023-09-06;SE;46960.7;1956.7;24.0;1030297.6;42929.1;983336.9
2023-09-06;S;24665.3;1027.7;24.0;307009.2;12792.1;282343.9
2023-09-06;NE;21294.4;887.3;24.0;300894.6;12537.3;279600.2
2023-09-06;N;9653.8;402.2;24.0;188249.1;7843.7;178595.2
2023-09-07;SE;53738.5;2239.1;24.0;931767.5;38823.6;878029.0
2023-09-07;S;19252.8;802.2;24.0;274388.4;11432.8;255135.6
2023-09-07;NE;20196.4;841.5;24.0;278103.0;11587.6;257906.6
2023-09-07;N;9260.5;385.9;24.0;176087.0;7337.0;166826.5
2023-09-08;SE;60256.5;2510.7;24.0;984567.6;41023.6;924311.1
2023-09-08;S;12413.4;517.2;24.0;283296.1;11804.0;270882.8
2023-09-08;NE;18540.9;772.5;24.0;286147.6;11922.8;267606.8
2023-09-08;N;10022.8;417.6;24.0;179929.0;7497.0;169906.2
2023-09-09;SE;57329.7;2388.7;24.0;946412.6;39433.9;889082.8
2023-09-09;S;12228.9;509.5;24.0;256339.2;10680.8;244110.3
2023-09-09;NE;21437.3;893.2;24.0;276204.0;11508.5;254766.7
2023-09-09;N;10110.2;421.3;24.0;177881.2;7411.7;167770.9
2023-09-10;SE;61660.2;2569.2;24.0;878822.3;36617.6;817162.0
2023-09-10;S;20820.8;867.5;24.0;231685.8;9653.6;210865.1
2023-09-10;NE;19623.9;817.7;24.0;261413.8;10892.2;241789.8
2023-09-10;N;10075.0;419.8;24.0;175960.1;7331.7;165885.1
2023-09-11;SE;65151.2;2714.6;24.0;1034349.2;43097.9;969198.0
2023-09-11;S;28723.4;1196.8;24.0;310564.2;12940.2;281840.8
2023-09-11;NE;20539.8;855.8;24.0;292789.1;12199.5;272249.3
2023-09-11;N;10057.3;419.1;24.0;190287.4;7928.6;180230.1
2023-09-12;SE;63204.0;2633.5;24.0;1077317.1;44888.2;1014113.1
2023-09-12;S;23113.7;963.1;24.0;329094.7;13712.3;305981.0
2023-09-12;NE;19147.0;797.8;24.0;299556.8;12481.5;280409.9
2023-09-12;N;9762.5;406.8;24.0;189714.6;7904.8;179952.1
2023-09-13;SE;62908.8;2621.2;24.0;1114337.5;46430.7;1051428.7
2023-09-13;S;11328.4;472.0;24.0;324669.5;13527.9;313341.2
2023-09-13;NE;20937.0;872.4;24.0;298651.7;12443.8;277714.7
2023-09-13;N;10426.4;434.4;24.0;188644.4;7860.2;178218.0
2023-09-14;SE;48460.8;2019.2;24.0;1077751.4;44906.3;1029290.6
2023-09-14;S;23974.6;998.9;24.0;306216.1;12759.0;282241.6
2023-09-14;NE;22041.7;918.4;24.0;299687.4;12487.0;277645.7
2023-09-14;N;9938.2;414.1;24.0;192135.2;8005.6;182197.0
2023-09-15;SE;53740.3;2239.2;24.0;1010659.0;42110.8;956918.8
2023-09-15;S;30346.2;1264.4;24.0;303455.7;12644.0;273109.5
2023-09-15;NE;23295.3;970.6;24.0;308299.8;12845.8;285004.5
2023-09-15;N;10588.9;441.2;24.0;194227.4;8092.8;183638.4
2023-09-16;SE;60301.2;2512.5;24.0;949739.9;39572.5;889438.7
2023-09-16;S;31952.4;1331.4;24.0;266558.3;11106.6;234605.9
2023-09-16;NE;21955.1;914.8;24.0;295492.5;12312.2;273537.4
2023-09-16;N;9951.9;414.7;24.0;184049.1;7668.7;174097.2
2023-09-17;SE;63171.2;2632.1;24.0;920923.2;38371.8;857752.0
2023-09-17;S;31038.8;1293.3;24.0;247760.9;10323.4;216722.2
2023-09-17;NE;21752.7;906.4;24.0;277171.8;11548.8;255419.1
2023-09-17;N;10176.0;424.0;24.0;174998.5;7291.6;164822.5
2023-09-18;SE;63200.9;2633.4;24.0;1088835.1;45368.1;1025634.3
2023-09-18;S;26965.4;1123.6;24.0;332467.5;13852.8;305502.1
2023-09-18;NE;19470.4;811.3;24.0;300205.3;12508.6;280735.0
2023-09-18;N;10236.4;426.5;24.0;191678.4;7986.6;181442.0
2023-09-19;SE;65269.7;2719.6;24.0;1120852.2;46702.2;1055582.5
2023-09-19;S;21146.0;881.1;24.0;339668.1;14152.8;318522.1
2023-09-19;NE;19434.0;809.8;24.0;308601.8;12858.4;289167.8
2023-09-19;N;10206.0;425.2;24.0;192440.7;8018.4;182234.7
2023-09-20;SE;63191.9;2633.0;24.0;1120545.2;46689.4;1057353.3
2023-09-20;S;27509.4;1146.2;24.0;326556.9;13606.5;299047.4
2023-09-20;NE;21109.3;879.6;24.0;312552.2;13023.0;291442.9
2023-09-20;N;9840.2;410.0;24.0;191339.2;7972.5;181499.1
2023-09-21;SE;66950.9;2789.6;24.0;1135200.0;47300.0;1068249.2
2023-09-21;S;28306.8;1179.5;24.0;343989.8;14332.9;315683.0
2023-09-21;NE;21993.9;916.4;24.0;310770.4;12948.8;288776.5
2023-09-21;N;10289.6;428.7;24.0;189944.2;7914.3;179654.5
2023-09-22;SE;68595.4;2858.1;24.0;1150983.8;47957.7;1082388.4
2023-09-22;S;25494.9;1062.3;24.0;349596.3;14566.5;324101.4
2023-09-22;NE;22009.0;917.0;24.0;308594.8;12858.1;286585.9
2023-09-22;N;10127.8;422.0;24.0;189853.8;7910.6;179726.0
2023-09-23;SE;65645.8;2735.2;24.0;1075985.5;44832.7;1010339.7
2023-09-23;S;26112.7;1088.0;24.0;301841.5;12576.7;275728.8
2023-09-23;NE;21871.9;911.3;24.0;294001.9;12250.1;272130.0
2023-09-23;N;10424.6;434.4;24.0;183741.4;7655.9;173316.8
2023-09-24;SE;65886.9;2745.3;24.0;1020783.9;42532.7;954897.0
2023-09-24;S;23700.5;987.5;24.0;275214.4;11467.3;251513.9
2023-09-24;NE;22628.9;942.9;24.0;280862.2;11702.6;258233.4
2023-09-24;N;10434.6;434.8;24.0;179949.3;7497.9;169514.7
2023-09-25;SE;63978.5;2665.8;24.0;1191990.0;49666.3;1128011.5
2023-09-25;S;20687.9;862.0;24.0;340677.5;14194.9;319989.6
2023-09-25;NE;24264.6;1011.0;24.0;317363.6;13223.5;293099.0
2023-09-25;N;10444.1;435.2;24.0;195216.1;8134.0;184772.0
2023-09-26;SE;61607.9;2567.0;24.0;1222512.9;50938.0;1160904.9
2023-09-26;S;21228.2;884.5;24.0;347722.6;14488.4;326494.4
2023-09-26;NE;23796.5;991.5;24.0;325660.0;13569.2;301863.5
2023-09-26;N;10283.6;428.5;24.0;199079.1;8295.0;188795.4
2023-09-27;SE;59714.5;2488.1;24.0;1226771.4;51115.5;1167056.9
2023-09-27;S;15634.3;651.4;24.0;332122.6;13838.4;316488.3
2023-09-27;NE;24857.7;1035.7;24.0;327267.3;13636.1;302409.6
2023-09-27;N;9689.0;403.7;24.0;198445.7;8268.6;188756.7
2023-09-28;SE;54706.1;2279.4;24.0;1099929.9;45830.4;1045223.8
2023-09-28;S;25280.6;1053.4;24.0;314905.0;13121.0;289624.4
2023-09-28;NE;25488.1;1062.0;24.0;318833.6;13284.7;293345.5
2023-09-28;N;9609.2;400.4;24.0;194195.4;8091.5;184586.2
2023-09-29;SE;52994.7;2208.1;24.0;1063420.9;44309.2;1010426.2
2023-09-29;S;21561.2;898.4;24.0;313757.1;13073.2;292195.9
2023-09-29;NE;23876.9;994.9;24.0;318535.3;13272.3;294658.4
2023-09-29;N;10693.1;445.5;24.0;192005.1;8000.2;181312.0
2023-09-30;SE;57280.2;2386.7;24.0;995118.6;41463.3;937838.4
2023-09-30;S;19063.9;794.3;24.0;281293.4;11720.6;262229.5
2023-09-30;NE;23365.2;973.6;24.0;308510.0;12854.6;285144.8
2023-09-30;N;10551.8;439.7;24.0;189773.8;7907.2;179222.0
2023-10-01;SE;48483.6;2020.1;24.0;918654.5;38277.3;870170.9
2023-10-01;S;24941.2;1039.2;24.0;246240.0;10260.0;221298.8
2023-10-01;NE;23016.0;959.0;24.0;284224.9;11842.7;261208.9
2023-10-01;N;10673.4;444.7;24.0;184522.0;7688.4;173848.6
2023-10-02;SE;48033.8;2001.4;24.0;1033898.7;43079.1;985864.8
2023-10-02;S;30701.4;1279.2;24.0;312991.0;13041.3;282289.6
2023-10-02;NE;25350.4;1056.3;24.0;316541.9;13189.2;291191.5
2023-10-02;N;10683.9;445.2;24.0;197649.4;8235.4;186965.6
2023-10-03;SE;54466.7;2269.4;24.0;1069222.1;44550.9;1014755.4
2023-10-03;S;30468.5;1269.5;24.0;333884.5;13911.9;303416.1
2023-10-03;NE;24767.4;1032.0;24.0;322859.5;13452.5;298092.1
2023-10-03;N;10685.6;445.2;24.0;198086.7;8253.6;187401.0
2023-10-04;SE;63614.9;2650.6;24.0;1119118.0;46629.9;1055503.1
2023-10-04;S;17315.4;721.5;24.0;332731.5;13863.8;315416.1
2023-10-04;NE;23974.7;998.9;24.0;322090.7;13420.4;298115.9
2023-10-04;N;10236.3;426.5;24.0;197656.4;8235.7;187420.1
2023-10-05;SE;61466.8;2561.1;24.0;1133343.9;47222.7;1071877.1
2023-10-05;S;22375.8;932.3;24.0;321986.5;13416.1;299610.7
2023-10-05;NE;24714.4;1029.8;24.0;329484.1;13728.5;304769.7
2023-10-05;N;10472.7;436.4;24.0;196197.6;8174.9;185724.9
2023-10-06;SE;66206.3;2758.6;24.0;1155720.3;48155.0;1089514.0
2023-10-06;S;21434.6;893.1;24.0;328753.5;13698.1;307319.0
2023-10-06;NE;23008.4;958.7;24.0;328045.2;13668.5;305036.8
2023-10-06;N;10364.1;431.8;24.0;196618.6;8192.4;186254.5
2023-10-07;SE;66038.9;2751.6;24.0;1081942.7;45080.9;1015903.8
2023-10-07;S;17312.1;721.3;24.0;290939.0;12122.5;273626.9
2023-10-07;NE;22749.6;947.9;24.0;313320.9;13055.0;290571.3
2023-10-07;N;10130.2;422.1;24.0;187083.2;7795.1;176953.0
2023-10-08;SE;59194.0;2466.4;24.0;971954.4;40498.1;912760.4
2023-10-08;S;9596.5;399.9;24.0;246432.7;10268.0;236836.2
2023-10-08;NE;22637.3;943.2;24.0;293584.1;12232.7;270946.7
2023-10-08;N;10453.5;435.6;24.0;181626.7;7567.8;171173.2
2023-10-09;SE;56098.0;2337.4;24.0;1088657.7;45360.7;1032559.7
2023-10-09;S;29341.0;1222.5;24.0;304793.1;12699.7;275452.1
2023-10-09;NE;24303.8;1012.7;24.0;326675.2;13611.5;302371.4
2023-10-09;N;10470.6;436.3;24.0;195603.3;8150.1;185132.7
2023-10-10;SE;63042.6;2626.8;24.0;1095931.8;45663.8;1032889.2
2023-10-10;S;34736.9;1447.4;24.0;318292.4;13262.2;283555.4
2023-10-10;NE;24953.5;1039.7;24.0;332370.1;13848.8;307416.6
2023-10-10;N;10390.2;432.9;24.0;198242.0;8260.1;187851.9
2023-10-11;SE;68407.1;2850.3;24.0;1123731.9;46822.2;1055324.7
2023-10-11;S;23464.3;977.7;24.0;330755.7;13781.5;307291.5
2023-10-11;NE;23435.1;976.5;24.0;330770.4;13782.1;307335.3
2023-10-11;N;10061.9;419.2;24.0;196561.5;8190.1;186499.5
2023-10-12;SE;68246.4;2843.6;24.0;1037486.3;43228.6;969239.9
2023-10-12;S;15630.2;651.3;24.0;275727.9;11488.7;260097.7
2023-10-12;NE;23656.6;985.7;24.0;306471.2;12769.6;282814.6
2023-10-12;N;10161.5;423.4;24.0;185840.9;7743.4;175679.4
2023-10-13;SE;52832.5;2201.4;24.0;1042245.8;43426.9;989413.3
2023-10-13;S;20127.1;838.6;24.0;286893.4;11953.9;266766.3
2023-10-13;NE;23788.6;991.2;24.0;325984.3;13582.7;302195.7
2023-10-13;N;10568.9;440.4;24.0;193089.6;8045.4;182520.8
2023-10-14;SE;51661.9;2152.6;24.0;947191.5;39466.3;895529.6
2023-10-14;S;28737.0;1197.4;24.0;258088.7;10753.7;229351.7
2023-10-14;NE;23842.7;993.4;24.0;318254.6;13260.6;294411.8
2023-10-14;N;10390.2;432.9;24.0;181013.3;7542.2;170623.1
2023-10-15;SE;60576.7;2524.0;24.0;900570.5;37523.8;839993.8
2023-10-15;S;27387.9;1141.2;24.0;238429.6;9934.6;211041.7
2023-10-15;NE;23314.6;971.4;24.0;297501.7;12395.9;274187.1
2023-10-15;N;10176.3;424.0;24.0;168167.2;7007.0;157990.9
2023-10-16;SE;70301.2;2929.2;24.0;1098543.2;45772.6;1028242.0
2023-10-16;S;22067.4;919.5;24.0;327685.5;13653.6;305618.1
2023-10-16;NE;24250.4;1010.4;24.0;324832.2;13534.7;300581.8
2023-10-16;N;10417.4;434.1;24.0;183372.9;7640.5;172955.6
2023-10-17;SE;71188.5;2966.2;24.0;1139196.5;47466.5;1068008.0
2023-10-17;S;16126.5;671.9;24.0;329467.0;13727.8;313340.5
2023-10-17;NE;24731.9;1030.5;24.0;325526.3;13563.6;300794.4
2023-10-17;N;10310.3;429.6;24.0;182167.9;7590.3;171857.6
2023-10-18;SE;68419.7;2850.8;24.0;1136054.1;47335.6;1067634.4
2023-10-18;S;25112.2;1046.3;24.0;325997.4;13583.2;300885.2
2023-10-18;NE;25364.3;1056.8;24.0;323101.9;13462.6;297737.6
2023-10-18;N;10792.2;449.7;24.0;181393.3;7558.1;170601.1
2023-10-19;SE;59346.0;2472.7;24.0;1103652.2;45985.5;1044306.2
2023-10-19;S;23218.9;967.5;24.0;327939.0;13664.1;304720.1
2023-10-19;NE;22084.4;920.2;24.0;323761.2;13490.0;301676.8
2023-10-19;N;11163.0;465.1;24.0;184037.2;7668.2;172874.2
2023-10-20;SE;55075.4;2294.8;24.0;1076657.6;44860.7;1021582.2
2023-10-20;S;27485.2;1145.2;24.0;320648.2;13360.3;293163.1
2023-10-20;NE;21927.8;913.7;24.0;334170.0;13923.8;312242.2
2023-10-20;N;11144.7;464.4;24.0;191213.2;7967.2;180068.6
2023-10-21;SE;55989.1;2332.9;24.0;989119.8;41213.3;933130.8
2023-10-21;S;35024.9;1459.4;24.0;290044.3;12085.2;255019.3
2023-10-21;NE;22899.6;954.2;24.0;317625.7;13234.4;294726.1
2023-10-21;N;10924.8;455.2;24.0;187129.9;7797.1;176205.1
2023-10-22;SE;67906.2;2829.4;24.0;920629.8;38359.6;852723.6
2023-10-22;S;32580.6;1357.5;24.0;259851.2;10827.1;227270.5
2023-10-22;NE;22450.6;935.4;24.0;296741.5;12364.2;274291.0
2023-10-22;N;10296.0;429.0;24.0;175050.8;7293.8;164754.8
2023-10-23;SE;74387.2;3099.5;24.0;1102326.3;45930.3;1027939.1
2023-10-23;S;25496.9;1062.4;24.0;332722.7;13863.4;307225.8
2023-10-23;NE;22615.9;942.3;24.0;326184.5;13591.0;303568.6
2023-10-23;N;9723.7;405.2;24.0;182185.5;7591.1;172461.9
2023-10-24;SE;72962.6;3040.1;24.0;1164490.9;48520.5;1091528.3
2023-10-24;S;21251.5;885.5;24.0;343736.2;14322.3;322484.7
2023-10-24;NE;23825.2;992.7;24.0;337817.9;14075.7;313992.6
2023-10-24;N;9810.2;408.8;24.0;183385.4;7641.1;173575.2
2023-10-25;SE;55812.6;2325.5;24.0;1131843.9;47160.2;1076031.3
2023-10-25;S;27242.4;1135.1;24.0;331094.6;13795.6;303852.2
2023-10-25;NE;26264.2;1094.3;24.0;336214.8;14009.0;309950.6
2023-10-25;N;10909.6;454.6;24.0;187528.0;7813.7;176618.4
2023-10-26;SE;57374.5;2390.6;24.0;1115633.3;46484.7;1058258.9
2023-10-26;S;31774.4;1323.9;24.0;331790.5;13824.6;300016.1
2023-10-26;NE;25626.9;1067.8;24.0;334620.0;13942.5;308993.1
2023-10-26;N;10793.9;449.7;24.0;185735.4;7739.0;174941.5
2023-10-27;SE;54652.3;2277.2;24.0;1095145.9;45631.1;1040493.7
2023-10-27;S;21692.3;903.8;24.0;327110.0;13629.6;305417.6
2023-10-27;NE;24765.2;1031.9;24.0;335649.4;13985.4;310884.2
2023-10-27;N;11107.5;462.8;24.0;191944.5;7997.7;180837.0
2023-10-28;SE;52137.2;2172.4;24.0;1013565.1;42231.9;961427.9
2023-10-28;S;13419.3;559.1;24.0;286791.5;11949.6;273372.2
2023-10-28;NE;25596.9;1066.5;24.0;324454.7;13518.9;298857.8
2023-10-28;N;10861.6;452.6;24.0;187796.7;7824.9;176935.0
2023-10-29;SE;64980.7;2707.5;24.0;972890.4;40537.1;907909.7
2023-10-29;S;24823.5;1034.3;24.0;256400.7;10683.4;231577.2
2023-10-29;NE;25614.8;1067.3;24.0;299557.6;12481.6;273942.8
2023-10-29;N;10780.9;449.2;24.0;181638.2;7568.3;170857.3
2023-10-30;SE;57891.7;2412.2;24.0;1127678.0;46986.6;1069786.3
2023-10-30;S;23592.8;983.0;24.0;337394.5;14058.1;313801.7
2023-10-30;NE;25765.9;1073.6;24.0;329131.3;13713.8;303365.4
2023-10-30;N;10878.1;453.3;24.0;194195.6;8091.5;183317.5
2023-10-31;SE;60952.4;2539.7;24.0;1155302.5;48137.6;1094350.1
2023-10-31;S;16029.9;667.9;24.0;325612.9;13567.2;309583.1
2023-10-31;NE;26602.7;1108.4;24.0;337419.1;14059.1;310816.4
2023-10-31;N;11215.0;467.3;24.0;193431.0;8059.6;182216.0
2023-11-01;SE;59555.8;2481.5;24.0;1102620.1;45942.5;1043064.2
2023-11-01;S;19955.4;831.5;24.0;322642.6;13443.4;302687.2
2023-11-01;NE;24130.0;1005.4;24.0;333884.9;13911.9;309754.9
2023-11-01;N;10796.1;449.8;24.0;193426.0;8059.4;182629.9
2023-11-02;SE;63243.0;2635.1;24.0;989406.5;41225.3;926163.5
2023-11-02;S;16767.3;698.6;24.0;275242.8;11468.4;258475.5
2023-11-02;NE;22551.2;939.6;24.0;309060.7;12877.5;286509.5
2023-11-02;N;10006.2;416.9;24.0;182353.5;7598.1;172347.2
2023-11-03;SE;64754.8;2698.1;24.0;1045111.5;43546.3;980356.7
2023-11-03;S;14513.3;604.7;24.0;294635.4;12276.5;280122.1
2023-11-03;NE;23545.9;981.1;24.0;325623.7;13567.7;302077.9
2023-11-03;N;10644.3;443.5;24.0;191001.3;7958.4;180357.1
2023-11-04;SE;61124.6;2546.9;24.0;943781.6;39324.2;882657.0
2023-11-04;S;33839.7;1410.0;24.0;256186.7;10674.4;222347.0
2023-11-04;NE;23809.8;992.1;24.0;316001.8;13166.7;292192.0
2023-11-04;N;10195.5;424.8;24.0;183394.8;7641.4;173199.3
2023-11-05;SE;81212.3;3383.8;24.0;883008.4;36792.0;801796.1
2023-11-05;S;43501.7;1812.6;24.0;235984.1;9832.7;192482.4
2023-11-05;NE;23667.7;986.2;24.0;298095.6;12420.7;274427.9
2023-11-05;N;10239.5;426.6;24.0;177646.3;7401.9;167406.8
2023-11-06;SE;82516.2;3438.2;24.0;1036777.4;43199.1;954261.2
2023-11-06;S;41601.2;1733.4;24.0;313605.1;13066.9;272003.9
2023-11-06;NE;20138.0;839.1;24.0;318070.2;13252.9;297932.1
2023-11-06;N;8520.9;355.0;24.0;185026.1;7709.4;176505.1
2023-11-07;SE;81617.1;3400.7;24.0;1084848.1;45202.0;1003231.0
2023-11-07;S;42684.5;1778.5;24.0;335073.7;13961.4;292389.2
2023-11-07;NE;22766.5;948.6;24.0;324323.0;13513.5;301556.5
2023-11-07;N;9076.6;378.2;24.0;179571.1;7482.1;170494.5
2023-11-08;SE;82160.2;3423.3;24.0;1123985.9;46832.7;1041825.7
2023-11-08;S;35748.3;1489.5;24.0;352475.1;14686.5;316726.8
2023-11-08;NE;23319.5;971.6;24.0;328594.1;13691.4;305274.6
2023-11-08;N;10530.4;438.8;24.0;185216.9;7717.4;174686.6
2023-11-09;SE;82190.7;3424.6;24.0;1175224.0;48967.7;1093033.3
2023-11-09;S;18012.0;750.5;24.0;348002.5;14500.1;329990.5
2023-11-09;NE;24976.7;1040.7;24.0;334682.4;13945.1;309705.7
2023-11-09;N;10753.5;448.1;24.0;189221.2;7884.2;178467.6
2023-11-10;SE;82291.0;3428.8;24.0;1191800.3;49658.3;1109509.3
2023-11-10;S;32666.3;1361.1;24.0;348584.9;14524.4;315918.6
2023-11-10;NE;26190.9;1091.3;24.0;338291.6;14095.5;312100.7
2023-11-10;N;10690.6;445.4;24.0;192143.7;8006.0;181453.0
2023-11-11;SE;84529.2;3522.1;24.0;1134383.1;47266.0;1049853.9
2023-11-11;S;33561.3;1398.4;24.0;319506.5;13312.8;285945.1
2023-11-11;NE;26474.6;1103.1;24.0;324460.5;13519.2;297985.9
2023-11-11;N;10672.3;444.7;24.0;185398.4;7724.9;174726.1
2023-11-12;SE;80434.4;3351.4;24.0;1080321.3;45013.4;999886.9
2023-11-12;S;33364.1;1390.2;24.0;294407.3;12267.0;261043.2
2023-11-12;NE;26976.2;1124.0;24.0;298107.4;12421.1;271131.2
2023-11-12;N;11569.1;482.0;24.0;180095.8;7504.0;168526.7
2023-11-13;SE;81912.5;3413.0;24.0;1265750.6;52739.6;1183838.1
2023-11-13;S;23036.5;959.9;24.0;356290.4;14845.4;333253.9
2023-11-13;NE;26814.9;1117.3;24.0;335548.3;13981.2;308733.4
2023-11-13;N;11470.4;477.9;24.0;195789.5;8157.9;184319.1
2023-11-14;SE;81214.8;3384.0;24.0;1287290.4;53637.1;1206075.6
2023-11-14;S;16746.6;697.8;24.0;346154.9;14423.1;329408.3
2023-11-14;NE;26362.0;1098.4;24.0;345298.4;14387.4;318936.3
2023-11-14;N;11137.7;464.1;24.0;197413.7;8225.6;186276.0
2023-11-15;SE;81491.9;3395.5;24.0;1180613.6;49192.2;1099121.7
2023-11-15;S;23271.0;969.6;24.0;316583.2;13191.0;293312.2
2023-11-15;NE;24064.5;1002.7;24.0;325423.8;13559.3;301359.3
2023-11-15;N;10907.1;454.5;24.0;191075.1;7961.5;180168.0
2023-11-16;SE;79393.1;3308.0;24.0;1265920.7;52746.7;1186527.7
2023-11-16;S;22396.3;933.2;24.0;351562.8;14648.5;329166.6
2023-11-16;NE;25018.4;1042.4;24.0;352234.5;14676.4;327216.2
2023-11-16;N;10367.6;432.0;24.0;199174.7;8298.9;188807.1
2023-11-17;SE;77416.0;3225.7;24.0;1285977.0;53582.4;1208561.0
2023-11-17;S;24153.9;1006.4;24.0;352850.1;14702.1;328696.2
2023-11-17;NE;25612.2;1067.2;24.0;350537.4;14605.7;324925.1
2023-11-17;N;10015.5;417.3;24.0;194887.1;8120.3;184871.6
2023-11-18;SE;79363.3;3306.8;24.0;1185355.8;49389.8;1105992.5
2023-11-18;S;25685.9;1070.2;24.0;305543.4;12731.0;279857.4
2023-11-18;NE;24613.3;1025.6;24.0;327014.2;13625.6;302400.9
2023-11-18;N;10342.7;430.9;24.0;188330.9;7847.1;177988.2
2023-11-19;SE;67939.8;2830.8;24.0;1050062.1;43752.6;982122.3
2023-11-19;S;36115.0;1504.8;24.0;262651.2;10943.8;226536.1
2023-11-19;NE;23659.0;985.8;24.0;307571.5;12815.5;283912.5
2023-11-19;N;10427.9;434.5;24.0;182911.7;7621.3;172483.9
2023-11-20;SE;49842.2;2076.8;24.0;1020094.1;42503.9;970251.9
2023-11-20;S;34313.7;1429.7;24.0;327352.6;13639.7;293038.9
2023-11-20;NE;23267.1;969.5;24.0;332784.7;13866.0;309517.6
2023-11-20;N;9984.2;416.0;24.0;187147.2;7797.8;177163.0
2023-11-21;SE;65661.2;2735.9;24.0;1136460.8;47352.5;1070799.6
2023-11-21;S;39375.6;1640.7;24.0;363051.9;15127.2;323676.3
2023-11-21;NE;23130.4;963.8;24.0;339454.0;14143.9;316323.6
2023-11-21;N;10445.6;435.2;24.0;189218.6;7884.1;178773.0
2023-11-22;SE;69318.7;2888.3;24.0;1198363.8;49931.8;1129045.2
2023-11-22;S;27208.3;1133.7;24.0;373022.0;15542.6;345813.7
2023-11-22;NE;24234.5;1009.8;24.0;342895.7;14287.3;318661.2
2023-11-22;N;8568.6;357.0;24.0;185362.3;7723.4;176793.7
2023-11-23;SE;63271.8;2636.3;24.0;1198406.8;49933.6;1135135.1
2023-11-23;S;22125.0;921.9;24.0;344219.8;14342.5;322094.8
2023-11-23;NE;25999.2;1083.3;24.0;346493.8;14437.2;320494.7
2023-11-23;N;7694.4;320.6;24.0;176030.6;7334.6;168336.2
2023-11-24;SE;54958.2;2289.9;24.0;1120443.8;46685.2;1065485.6
2023-11-24;S;30569.5;1273.7;24.0;336969.3;14040.4;306399.7
2023-11-24;NE;27527.6;1147.0;24.0;355167.3;14798.6;327639.8
2023-11-24;N;10851.1;452.1;24.0;181183.4;7549.3;170332.3
2023-11-25;SE;61124.9;2546.9;24.0;993742.4;41405.9;932617.6
2023-11-25;S;31797.6;1324.9;24.0;286935.2;11955.6;255137.6
2023-11-25;NE;26286.2;1095.3;24.0;325272.2;13553.0;298986.1
2023-11-25;N;10924.3;455.2;24.0;179436.9;7476.5;168512.6
2023-11-26;SE;63597.0;2649.9;24.0;915616.3;38150.7;852019.3
2023-11-26;S;27621.9;1150.9;24.0;255958.3;10664.9;228336.3
2023-11-26;NE;24884.3;1036.8;24.0;305418.6;12725.8;280534.3
2023-11-26;N;9903.0;412.6;24.0;170513.7;7104.7;160610.7
2023-11-27;SE;61191.0;2549.6;24.0;1079779.2;44990.8;1018588.2
2023-11-27;S;17647.2;735.3;24.0;332278.3;13844.9;314631.1
2023-11-27;NE;22724.5;946.9;24.0;338186.6;14091.1;315462.1
2023-11-27;N;9750.9;406.3;24.0;176234.6;7343.1;166483.7
2023-11-28;SE;68953.7;2873.1;24.0;1145524.7;47730.2;1076571.0
2023-11-28;S;14246.6;593.6;24.0;339970.7;14165.4;325724.1
2023-11-28;NE;21492.1;895.5;24.0;328041.5;13668.4;306549.4
2023-11-28;N;10892.2;453.8;24.0;181733.3;7572.2;170841.0
2023-11-29;SE;57619.2;2400.8;24.0;1143576.5;47649.0;1085957.4
2023-11-29;S;29254.7;1218.9;24.0;352421.1;14684.2;323166.4
2023-11-29;NE;25682.3;1070.1;24.0;331189.4;13799.6;305507.2
2023-11-29;N;10679.6;445.0;24.0;185726.3;7738.6;175046.7
2023-11-30;SE;69318.4;2888.3;24.0;1168911.9;48704.7;1099593.6
2023-11-30;S;36146.7;1506.1;24.0;374969.6;15623.7;338822.9
2023-11-30;NE;25635.8;1068.2;24.0;335688.8;13987.0;310053.0
2023-11-30;N;10661.7;444.2;24.0;189119.8;7880.0;178458.1
2023-12-01;SE;77946.1;3247.8;24.0;1185720.3;49405.0;1107774.3
2023-12-01;S;40533.2;1688.9;24.0;392850.6;16368.8;352317.5
2023-12-01;NE;26061.6;1085.9;24.0;340197.4;14174.9;314135.8
2023-12-01;N;10334.2;430.6;24.0;189100.0;7879.2;178765.9
2023-12-02;SE;75815.8;3159.0;24.0;1109091.3;46212.1;1033275.5
2023-12-02;S;37330.7;1555.4;24.0;348926.8;14538.6;311596.1
2023-12-02;NE;25264.2;1052.7;24.0;324863.1;13536.0;299598.9
2023-12-02;N;10148.4;422.8;24.0;181809.7;7575.4;171661.3
2023-12-03;SE;74440.9;3101.7;24.0;1037356.1;43223.2;962915.2
2023-12-03;S;30316.7;1263.2;24.0;296727.9;12363.7;266411.2
2023-12-03;NE;25301.0;1054.2;24.0;304214.4;12675.6;278913.4
2023-12-03;N;8616.1;359.0;24.0;167862.7;6994.3;159246.5
2023-12-04;SE;69285.2;2886.9;24.0;1184991.6;49374.6;1115706.4
2023-12-04;S;20065.9;836.1;24.0;348662.1;14527.6;328596.2
2023-12-04;NE;23987.1;999.5;24.0;337160.6;14048.4;313173.5
2023-12-04;N;8386.2;349.4;24.0;177761.6;7406.7;169375.5
2023-12-05;SE;65955.3;2748.1;24.0;1171133.2;48797.2;1105177.9
2023-12-05;S;19288.1;803.7;24.0;342194.5;14258.1;322906.4
2023-12-05;NE;24402.0;1016.8;24.0;343902.9;14329.3;319500.9
2023-12-05;N;9840.5;410.0;24.0;178868.7;7452.9;169028.2
2023-12-06;SE;79709.2;3321.2;24.0;1200119.6;50005.0;1120410.4
2023-12-06;S;24468.4;1019.5;24.0;366378.2;15265.8;341909.7
2023-12-06;NE;25584.6;1066.0;24.0;346735.1;14447.3;321150.5
2023-12-06;N;10237.7;426.6;24.0;184989.4;7707.9;174751.7
2023-12-07;SE;83742.1;3489.3;24.0;1255961.9;52331.7;1172219.8
2023-12-07;S;21826.3;909.4;24.0;376026.7;15667.8;354200.4
2023-12-07;NE;23752.2;989.7;24.0;345519.9;14396.7;321767.6
2023-12-07;N;10043.7;418.5;24.0;185070.3;7711.3;175026.6
2023-12-08;SE;73546.2;3064.4;24.0;1198673.8;49944.7;1125127.6
2023-12-08;S;31925.8;1330.2;24.0;341619.0;14234.1;309693.2
2023-12-08;NE;24565.7;1023.6;24.0;335783.3;13991.0;311217.6
2023-12-08;N;10039.7;418.3;24.0;178944.5;7456.0;168904.8
2023-12-09;SE;69852.5;2910.5;24.0;1064853.7;44368.9;995001.2
2023-12-09;S;34579.0;1440.8;24.0;298871.7;12453.0;264292.7
2023-12-09;NE;25513.2;1063.0;24.0;325868.5;13577.9;300355.3
2023-12-09;N;10535.3;439.0;24.0;177749.8;7406.2;167214.6
2023-12-10;SE;68189.6;2841.2;24.0;961225.4;40051.1;893035.8
2023-12-10;S;19898.7;829.1;24.0;259073.6;10794.7;239174.9
2023-12-10;NE;23044.5;960.2;24.0;299843.7;12493.5;276799.2
2023-12-10;N;9165.7;381.9;24.0;171358.4;7139.9;162192.6
2023-12-11;SE;64599.4;2691.6;24.0;1097198.4;45716.6;1032599.0
2023-12-11;S;33325.6;1388.6;24.0;330118.2;13754.9;296792.7
2023-12-11;NE;25213.2;1050.6;24.0;332157.1;13839.9;306943.9
2023-12-11;N;8627.8;359.5;24.0;178846.8;7451.9;170218.9
2023-12-12;SE;73830.6;3076.3;24.0;1119280.5;46636.7;1045449.9
2023-12-12;S;42028.6;1751.2;24.0;360017.8;15000.7;317989.2
2023-12-12;NE;25281.8;1053.4;24.0;342514.1;14271.4;317232.2
2023-12-12;N;10126.0;421.9;24.0;181182.3;7549.3;171056.3
2023-12-13;SE;79579.8;3315.8;24.0;1137074.9;47378.1;1057495.1
2023-12-13;S;40378.9;1682.5;24.0;379891.2;15828.8;339512.3
2023-12-13;NE;26352.0;1098.0;24.0;343903.9;14329.3;317551.9
2023-12-13;N;10961.2;456.7;24.0;188239.4;7843.3;177278.1
2023-12-14;SE;86482.7;3603.4;24.0;1206954.5;50289.8;1120471.8
2023-12-14;S;36943.5;1539.3;24.0;396596.4;16524.8;359652.9
2023-12-14;NE;24941.4;1039.2;24.0;341891.1;14245.5;316949.7
2023-12-14;N;10050.5;418.8;24.0;185976.6;7749.0;175926.1
2023-12-15;SE;86975.0;3624.0;24.0;1225360.6;51056.7;1138385.6
2023-12-15;S;39542.2;1647.6;24.0;404325.1;16846.9;364783.0
2023-12-15;NE;21743.5;906.0;24.0;336558.8;14023.3;314815.3
2023-12-15;N;10410.9;433.8;24.0;181533.9;7563.9;171123.0
2023-12-16;SE;84502.9;3521.0;24.0;1153996.5;48083.2;1069493.6
2023-12-16;S;37668.5;1569.5;24.0;354986.7;14791.1;317318.2
2023-12-16;NE;23159.8;965.0;24.0;327994.3;13666.4;304834.5
2023-12-16;N;10068.0;419.5;24.0;172508.1;7187.8;162440.1
2023-12-17;SE;80581.1;3357.5;24.0;1069916.8;44579.9;989335.7
2023-12-17;S;41583.2;1732.6;24.0;334460.7;13935.9;292877.5
2023-12-17;NE;23840.1;993.3;24.0;302678.8;12611.6;278838.7
2023-12-17;N;10315.6;429.8;24.0;164004.7;6833.5;153689.1
2023-12-18;SE;79923.6;3330.1;24.0;1210185.2;50424.4;1130261.6
2023-12-18;S;39735.0;1655.6;24.0;410268.3;17094.5;370533.2
2023-12-18;NE;19855.0;827.3;24.0;331328.7;13805.4;311473.8
2023-12-18;N;10257.4;427.4;24.0;173575.6;7232.3;163318.2
2023-12-19;SE;77635.1;3234.8;24.0;1193523.1;49730.1;1115888.0
2023-12-19;S;30571.1;1273.8;24.0;385068.2;16044.5;354497.1
2023-12-19;NE;20017.2;834.0;24.0;320274.1;13344.8;300257.0
2023-12-19;N;9202.1;383.4;24.0;184255.0;7677.3;175052.9
2023-12-20;SE;73057.4;3044.1;24.0;1155689.7;48153.7;1082632.3
2023-12-20;S;31728.6;1322.0;24.0;364002.2;15166.8;332273.5
2023-12-20;NE;14506.3;604.4;24.0;300859.8;12535.8;286353.5
2023-12-20;N;7977.6;332.4;24.0;178284.8;7428.5;170307.2
2023-12-21;SE;64827.4;2701.1;24.0;1147956.0;47831.5;1083128.6
2023-12-21;S;34775.9;1449.0;24.0;356863.4;14869.3;322087.5
2023-12-21;NE;15610.4;650.4;24.0;297803.7;12408.5;282193.4
2023-12-21;N;7328.0;305.3;24.0;172065.8;7169.4;164737.8
2023-12-22;SE;62872.0;2619.7;24.0;1130146.8;47089.4;1067274.7
2023-12-22;S;38708.9;1612.9;24.0;366683.7;15278.5;327974.8
2023-12-22;NE;21421.6;892.6;24.0;311277.8;12969.9;289856.2
2023-12-22;N;9339.7;389.2;24.0;177680.1;7403.3;168340.4
2023-12-23;SE;57118.1;2379.9;24.0;1040047.2;43335.3;982929.1
2023-12-23;S;30931.9;1288.8;24.0;308375.4;12849.0;277443.5
2023-12-23;NE;24439.1;1018.3;24.0;301011.2;12542.1;276572.1
2023-12-23;N;10059.5;419.1;24.0;173995.8;7249.8;163936.3
2023-12-24;SE;66094.9;2754.0;24.0;951802.6;39658.4;885707.6
2023-12-24;S;34422.5;1434.3;24.0;284087.6;11837.0;249665.1
2023-12-24;NE;25111.8;1046.3;24.0;290242.9;12093.5;265131.1
2023-12-24;N;10840.6;451.7;24.0;172024.7;7167.7;161184.1
2023-12-25;SE;80364.0;3348.5;24.0;925861.3;38577.6;845497.3
2023-12-25;S;24556.0;1023.2;24.0;263052.5;10960.5;238496.5
2023-12-25;NE;25330.8;1055.5;24.0;282182.1;11757.6;256851.3
2023-12-25;N;10626.0;442.7;24.0;165980.2;6915.8;155354.3
2023-12-26;SE;75441.4;3143.4;24.0;1068871.8;44536.3;993430.4
2023-12-26;S;43734.5;1822.3;24.0;307821.3;12825.9;264086.8
2023-12-26;NE;25095.5;1045.6;24.0;324873.5;13536.4;299778.0
2023-12-26;N;10583.8;441.0;24.0;180815.6;7534.0;170231.8
2023-12-27;SE;73780.3;3074.2;24.0;1062591.1;44274.6;988810.8
2023-12-27;S;43642.7;1818.4;24.0;307771.7;12823.8;264129.0
2023-12-27;NE;26606.1;1108.6;24.0;334833.7;13951.4;308227.6
2023-12-27;N;9431.3;393.0;24.0;180908.9;7537.9;171477.5
2023-12-28;SE;76777.3;3199.1;24.0;1078769.9;44948.7;1001992.6
2023-12-28;S;45152.0;1881.3;24.0;330242.5;13760.1;285090.5
2023-12-28;NE;25096.7;1045.7;24.0;332436.0;13851.5;307339.3
2023-12-28;N;8812.9;367.2;24.0;173289.7;7220.4;164476.8
2023-12-29;SE;81682.4;3403.4;24.0;1117876.8;46578.2;1036194.4
2023-12-29;S;24706.4;1029.4;24.0;322118.7;13421.6;297412.3
2023-12-29;NE;26424.4;1101.0;24.0;325890.8;13578.8;299466.4
2023-12-29;N;10013.1;417.2;24.0;177812.9;7408.9;167799.8
2023-12-30;SE;65001.7;2708.4;24.0;1025551.8;42731.3;960550.1
2023-12-30;S;36400.6;1516.7;24.0;278095.8;11587.3;241695.2
2023-12-30;NE;27117.7;1129.9;24.0;310863.1;12952.6;283745.4
2023-12-30;N;8804.8;366.9;24.0;171288.9;7137.0;162484.2
2023-12-31;SE;56797.7;2366.6;24.0;915282.0;38136.8;858484.3
2023-12-31;S;36006.7;1500.3;24.0;254295.7;10595.7;218289.0
2023-12-31;NE;22930.3;955.4;24.0;291387.7;12141.2;268457.4
2023-12-31;N;7297.5;304.1;24.0;162879.9;6786.7;155582.4
2024-01-01;SE;46825.3;1951.1;24.0;843109.0;35129.5;796283.6
2024-01-01;S;39900.7;1662.5;24.0;245144.6;10214.4;205243.9
2024-01-01;NE;19756.7;823.2;24.0;269513.7;11229.7;249757.0
2024-01-01;N;8002.2;333.4;24.0;159302.3;6637.6;151300.1
2024-01-02;SE;54119.5;2255.0;24.0;992724.4;41363.5;938604.9
2024-01-02;S;31393.7;1308.1;24.0;304690.6;12695.4;273296.9
2024-01-02;NE;19104.1;796.0;24.0;296280.3;12345.0;277176.2
2024-01-02;N;6042.6;251.8;24.0;172361.0;7181.7;166318.4
2024-01-03;SE;50116.2;2088.2;24.0;1063698.1;44320.8;1013581.9
2024-01-03;S;34709.3;1446.2;24.0;321045.4;13376.9;286336.1
2024-01-03;NE;21959.4;915.0;24.0;314078.7;13086.6;292119.3
2024-01-03;N;6822.0;284.2;24.0;172943.9;7206.0;166121.9
2024-01-04;SE;51585.1;2149.4;24.0;1058623.5;44109.3;1007038.3
2024-01-04;S;37222.8;1550.9;24.0;329496.9;13729.0;292274.1
2024-01-04;NE;23136.9;964.0;24.0;321477.4;13394.9;298340.6
2024-01-04;N;7870.5;327.9;24.0;176651.4;7360.5;168780.9
2024-01-05;SE;64906.1;2704.4;24.0;1068873.2;44536.4;1003967.1
2024-01-05;S;37776.2;1574.0;24.0;334972.1;13957.2;297195.9
2024-01-05;NE;24773.7;1032.2;24.0;328007.1;13667.0;303233.4
2024-01-05;N;7949.3;331.2;24.0;176070.3;7336.3;168121.1
2024-01-06;SE;74998.8;3125.0;24.0;1026011.8;42750.5;951013.0
2024-01-06;S;38991.2;1624.6;24.0;317112.1;13213.0;278120.9
2024-01-06;NE;25299.0;1054.1;24.0;319138.5;13297.4;293839.4
2024-01-06;N;7700.4;320.8;24.0;168672.3;7028.0;160971.9
2024-01-07;SE;74944.4;3122.7;24.0;981668.3;40902.8;906723.9
2024-01-07;S;38545.1;1606.0;24.0;310359.5;12931.6;271814.4
2024-01-07;NE;24568.8;1023.7;24.0;294451.0;12268.8;269882.2
2024-01-07;N;7254.3;302.3;24.0;160554.7;6689.8;153300.4
2024-01-08;SE;74147.5;3089.5;24.0;1151061.3;47960.9;1076913.8
2024-01-08;S;35811.1;1492.1;24.0;386436.7;16101.5;350625.6
2024-01-08;NE;25412.7;1058.9;24.0;325857.5;13577.4;300444.8
2024-01-08;N;8199.1;341.6;24.0;174854.6;7285.6;166655.6
2024-01-09;SE;65746.2;2739.4;24.0;1181214.6;49217.3;1115468.4
2024-01-09;S;36290.6;1512.1;24.0;396432.1;16518.0;360141.6
2024-01-09;NE;25151.8;1048.0;24.0;334826.3;13951.1;309674.6
2024-01-09;N;10343.8;431.0;24.0;181458.4;7560.8;171114.6
2024-01-10;SE;66111.5;2754.6;24.0;1193486.1;49728.6;1127374.7
2024-01-10;S;37427.1;1559.5;24.0;397447.8;16560.3;360020.7
2024-01-10;NE;24444.3;1018.5;24.0;334562.5;13940.1;310118.3
2024-01-10;N;10013.8;417.2;24.0;182544.8;7606.0;172530.9
2024-01-11;SE;63762.9;2656.8;24.0;1181264.2;49219.3;1117501.3
2024-01-11;S;24526.3;1021.9;24.0;389154.6;16214.8;364628.3
2024-01-11;NE;23055.3;960.6;24.0;328502.0;13687.6;305446.7
2024-01-11;N;9089.7;378.7;24.0;179767.1;7490.3;170677.4
2024-01-12;SE;66036.2;2751.5;24.0;1173400.5;48891.7;1107364.3
2024-01-12;S;31817.2;1325.7;24.0;369927.5;15413.6;338110.4
2024-01-12;NE;23702.0;987.6;24.0;321185.4;13382.7;297483.4
2024-01-12;N;8215.8;342.3;24.0;170323.5;7096.8;162107.7
2024-01-13;SE;56527.7;2355.3;24.0;1053445.7;43893.6;996918.0
2024-01-13;S;33928.1;1413.7;24.0;315689.0;13153.7;281761.0
2024-01-13;NE;23325.0;971.9;24.0;309592.2;12899.7;286267.2
2024-01-13;N;6936.4;289.0;24.0;163297.6;6804.1;156361.2
2024-01-14;SE;62628.2;2609.5;24.0;963268.9;40136.2;900640.7
2024-01-14;S;37283.1;1553.5;24.0;297492.7;12395.5;260209.6
2024-01-14;NE;24732.3;1030.5;24.0;292101.9;12170.9;267369.6
2024-01-14;N;9014.9;375.6;24.0;157820.6;6575.9;148805.7
2024-01-15;SE;67770.2;2823.8;24.0;1150495.4;47937.3;1082725.2
2024-01-15;S;34707.6;1446.2;24.0;387558.4;16148.3;352850.8
2024-01-15;NE;25815.1;1075.6;24.0;326360.0;13598.3;300544.8
2024-01-15;N;10144.2;422.7;24.0;172833.2;7201.4;162689.0
2024-01-16;SE;81841.6;3410.1;24.0;1226135.7;51089.0;1144294.1
2024-01-16;S;37623.1;1567.6;24.0;408632.3;17026.3;371009.3
2024-01-16;NE;25942.8;1080.9;24.0;334369.6;13932.1;308426.8
2024-01-16;N;10831.5;451.3;24.0;178898.6;7454.1;168067.1
2024-01-17;SE;83964.3;3498.5;24.0;1269032.8;52876.4;1185068.5
2024-01-17;S;19935.2;830.6;24.0;364821.0;15200.9;344885.8
2024-01-17;NE;26476.8;1103.2;24.0;335323.1;13971.8;308846.3
2024-01-17;N;10279.1;428.3;24.0;180475.1;7519.8;170196.0
2024-01-18;SE;82824.6;3451.0;24.0;1259003.0;52458.5;1176178.4
2024-01-18;S;24782.0;1032.6;24.0;376356.3;15681.5;351574.3
2024-01-18;NE;25776.3;1074.0;24.0;337679.4;14070.0;311903.0
2024-01-18;N;10818.5;450.8;24.0;184077.2;7669.9;173258.7
2024-01-19;SE;72208.0;3008.7;24.0;1225069.2;51044.5;1152861.2
2024-01-19;S;29842.1;1243.4;24.0;395606.6;16483.6;365764.4
2024-01-19;NE;25192.2;1049.7;24.0;341360.8;14223.4;316168.6
2024-01-19;N;10374.8;432.3;24.0;184216.6;7675.7;173841.8
2024-01-20;SE;70600.5;2941.7;24.0;1112288.3;46345.3;1041687.8
2024-01-20;S;26946.1;1122.8;24.0;339742.7;14155.9;312796.6
2024-01-20;NE;25730.2;1072.1;24.0;323701.0;13487.5;297970.8
2024-01-20;N;10948.3;456.2;24.0;180662.5;7527.6;169714.2
2024-01-21;SE;55640.8;2318.4;24.0;993789.4;41407.9;938148.6
2024-01-21;S;34127.1;1422.0;24.0;288022.4;12000.9;253895.3
2024-01-21;NE;25130.3;1047.1;24.0;304163.7;12673.5;279033.4
2024-01-21;N;10528.1;438.7;24.0;172928.9;7205.4;162400.8
2024-01-22;SE;64286.2;2678.6;24.0;1122406.8;46767.0;1058120.7
2024-01-22;S;24671.3;1028.0;24.0;346917.7;14454.9;322246.5
2024-01-22;NE;22515.3;938.1;24.0;334647.7;13943.7;312132.5
2024-01-22;N;9999.0;416.6;24.0;187404.5;7808.5;177405.5
2024-01-23;SE;43823.0;1826.0;24.0;1083117.2;45129.9;1039294.2
2024-01-23;S;25908.7;1079.5;24.0;343834.5;14326.4;317925.7
2024-01-23;NE;22300.9;929.2;24.0;333243.5;13885.1;310942.7
2024-01-23;N;9184.2;382.7;24.0;185767.0;7740.3;176582.7
2024-01-24;SE;55975.6;2332.3;24.0;1055131.5;43963.8;999155.9
2024-01-24;S;32358.0;1348.3;24.0;347049.3;14460.4;314691.2
2024-01-24;NE;21476.4;894.8;24.0;328968.6;13707.0;307492.2
2024-01-24;N;7377.4;307.4;24.0;184348.2;7681.2;176970.8
2024-01-25;SE;64848.4;2702.0;24.0;1059534.0;44147.3;994685.6
2024-01-25;S;35832.6;1493.0;24.0;341211.0;14217.1;305378.4
2024-01-25;NE;16855.2;702.3;24.0;321142.9;13381.0;304287.7
2024-01-25;N;7239.3;301.6;24.0;183378.2;7640.8;176138.8
2024-01-26;SE;71108.4;2962.9;24.0;1061084.7;44211.9;989976.3
2024-01-26;S;35669.4;1486.2;24.0;338214.7;14092.3;302545.3
2024-01-26;NE;14750.1;614.6;24.0;316242.4;13176.8;301492.3
2024-01-26;N;6157.8;256.6;24.0;177408.5;7392.0;171250.7
2024-01-27;SE;67911.1;2829.6;24.0;1000559.2;41690.0;932648.1
2024-01-27;S;34928.3;1455.3;24.0;300034.4;12501.4;265106.1
2024-01-27;NE;16421.7;684.2;24.0;303902.3;12662.6;287480.6
2024-01-27;N;6332.1;263.8;24.0;170965.5;7123.6;164633.5
2024-01-28;SE;68209.2;2842.1;24.0;931828.9;38826.2;863619.6
2024-01-28;S;36600.7;1525.0;24.0;276606.0;11525.3;240005.3
2024-01-28;NE;21475.0;894.8;24.0;286278.9;11928.3;264803.9
2024-01-28;N;6603.0;275.1;24.0;164997.2;6874.9;158394.2
2024-01-29;SE;76272.9;3178.0;24.0;1096792.4;45699.7;1020519.5
2024-01-29;S;38042.8;1585.1;24.0;351488.6;14645.4;313445.8
2024-01-29;NE;22287.3;928.6;24.0;319459.8;13310.8;297172.5
2024-01-29;N;7308.0;304.5;24.0;177053.7;7377.2;169745.8
2024-01-30;SE;77828.1;3242.8;24.0;1168306.0;48679.4;1090478.0
2024-01-30;S;40118.5;1671.6;24.0;379695.5;15820.6;339577.0
2024-01-30;NE;28205.7;1175.2;24.0;328533.9;13688.9;300328.2
2024-01-30;N;8734.9;364.0;24.0;181240.3;7551.7;172505.4
2024-01-31;SE;64820.1;2700.8;24.0;1165929.0;48580.4;1101108.9
2024-01-31;S;40730.2;1697.1;24.0;394106.2;16421.1;353376.0
2024-01-31;NE;28190.7;1174.6;24.0;325969.9;13582.1;297779.1
2024-01-31;N;10649.5;443.7;24.0;185975.0;7749.0;175325.5
2024-02-01;SE;77650.7;3235.4;24.0;1124419.2;46850.8;1046768.5
2024-02-01;S;40623.3;1692.6;24.0;391715.3;16321.5;351092.1
2024-02-01;NE;25776.5;1074.0;24.0;330897.1;13787.4;305120.6
2024-02-01;N;8687.8;362.0;24.0;180960.6;7540.0;172272.8
2024-02-02;SE;69632.1;2901.3;24.0;1116482.9;46520.1;1046850.8
2024-02-02;S;40485.2;1686.9;24.0;382194.0;15924.8;341708.9
2024-02-02;NE;23907.2;996.1;24.0;333012.5;13875.5;309105.3
2024-02-02;N;6713.5;279.7;24.0;172975.5;7207.3;166261.9
2024-02-03;SE;66479.9;2770.0;24.0;1041610.7;43400.4;975130.8
2024-02-03;S;39175.2;1632.3;24.0;342812.9;14283.9;303637.7
2024-02-03;NE;24928.3;1038.7;24.0;311303.3;12971.0;286375.0
2024-02-03;N;8075.7;336.5;24.0;170369.5;7098.7;162293.8
2024-02-04;SE;57431.8;2393.0;24.0;962426.2;40101.1;904994.4
2024-02-04;S;37788.2;1574.5;24.0;325672.8;13569.7;287884.5
2024-02-04;NE;26767.5;1115.3;24.0;306652.7;12777.2;279885.2
2024-02-04;N;10916.2;454.8;24.0;170910.6;7121.3;159994.4
2024-02-05;SE;67597.6;2816.6;24.0;1123633.4;46818.1;1056035.8
2024-02-05;S;38362.9;1598.5;24.0;403897.6;16829.1;365534.7
2024-02-05;NE;26239.7;1093.3;24.0;342923.7;14288.5;316684.0
2024-02-05;N;10765.9;448.6;24.0;183989.6;7666.2;173223.7
2024-02-06;SE;71274.3;2969.8;24.0;1167738.9;48655.8;1096464.6
2024-02-06;S;36627.2;1526.1;24.0;419466.1;17477.8;382838.9
2024-02-06;NE;26741.2;1114.2;24.0;345593.0;14399.7;318851.8
2024-02-06;N;11026.1;459.4;24.0;184374.0;7682.3;173347.9
2024-02-07;SE;69784.1;2907.7;24.0;1189128.6;49547.0;1119344.4
2024-02-07;S;37835.0;1576.5;24.0;427072.7;17794.7;389237.7
2024-02-07;NE;26899.8;1120.8;24.0;347597.3;14483.2;320697.6
2024-02-07;N;11469.4;477.9;24.0;189520.7;7896.7;178051.3
2024-02-08;SE;66425.4;2767.7;24.0;1180322.1;49180.1;1113896.8
2024-02-08;S;39314.4;1638.1;24.0;427881.0;17828.4;388566.6
2024-02-08;NE;24881.4;1036.7;24.0;347504.9;14479.4;322623.5
2024-02-08;N;10509.3;437.9;24.0;184283.1;7678.5;173773.8
2024-02-09;SE;75113.0;3129.7;24.0;1192559.3;49690.0;1117446.3
2024-02-09;S;38859.4;1619.1;24.0;433943.3;18081.0;395083.9
2024-02-09;NE;20545.0;856.0;24.0;340490.9;14187.1;319945.8
2024-02-09;N;9054.4;377.3;24.0;185879.6;7745.0;176825.2
2024-02-10;SE;75025.1;3126.0;24.0;1096670.7;45694.6;1021645.5
2024-02-10;S;38586.7;1607.8;24.0;374956.1;15623.2;336369.4
2024-02-10;NE;17259.6;719.1;24.0;301537.3;12564.1;284277.8
2024-02-10;N;5048.5;210.4;24.0;170510.4;7104.6;165462.0
2024-02-11;SE;69283.9;2886.8;24.0;1007455.1;41977.3;938171.2
2024-02-11;S;38592.5;1608.0;24.0;340322.2;14180.1;301729.7
2024-02-11;NE;19312.3;804.7;24.0;278590.6;11607.9;259278.3
2024-02-11;N;6315.8;263.2;24.0;159949.9;6664.6;153634.1
2024-02-12;SE;77336.3;3222.3;24.0;1102270.5;45927.9;1024934.2
2024-02-12;S;37211.2;1550.5;24.0;404329.0;16847.0;367117.8
2024-02-12;NE;23892.2;995.5;24.0;292430.3;12184.6;268538.1
2024-02-12;N;9682.0;403.4;24.0;168849.2;7035.4;159167.2
2024-02-13;SE;83631.9;3484.7;24.0;1126780.3;46949.2;1043148.4
2024-02-13;S;20690.0;862.1;24.0;381062.4;15877.6;360372.4
2024-02-13;NE;23362.1;973.4;24.0;294640.7;12276.7;271278.6
2024-02-13;N;8013.0;333.9;24.0;161559.5;6731.6;153546.4
2024-02-14;SE;70691.3;2945.5;24.0;1181730.8;49238.8;1111039.5
2024-02-14;S;18844.6;785.2;24.0;363147.0;15131.1;344302.4
2024-02-14;NE;24309.6;1012.9;24.0;311644.1;12985.2;287334.5
2024-02-14;N;10552.0;439.7;24.0;173738.1;7239.1;163186.1
2024-02-15;SE;48676.6;2028.2;24.0;1140386.6;47516.1;1091710.0
2024-02-15;S;17337.1;722.4;24.0;352719.4;14696.6;335382.3
2024-02-15;NE;23846.9;993.6;24.0;329450.2;13727.1;305603.3
2024-02-15;N;9888.8;412.0;24.0;183144.5;7631.0;173255.7
2024-02-16;SE;56794.5;2366.4;24.0;1123160.3;46798.3;1066365.7
2024-02-16;S;17617.8;734.1;24.0;349955.9;14581.5;332338.1
2024-02-16;NE;21876.8;911.5;24.0;322602.1;13441.8;300725.4
2024-02-16;N;9716.5;404.9;24.0;185339.2;7722.5;175622.8
2024-02-17;SE;62012.8;2583.9;24.0;1052212.8;43842.2;990200.0
2024-02-17;S;30404.4;1266.9;24.0;315682.4;13153.4;285278.0
2024-02-17;NE;24210.3;1008.8;24.0;312926.3;13038.6;288716.0
2024-02-17;N;10184.3;424.3;24.0;178596.5;7441.5;168412.2
2024-02-18;SE;61935.9;2580.7;24.0;982597.2;40941.6;920661.3
2024-02-18;S;33918.5;1413.3;24.0;293295.0;12220.6;259376.5
2024-02-18;NE;17516.0;729.8;24.0;292239.1;12176.6;274723.2
2024-02-18;N;8099.1;337.5;24.0;168336.6;7014.0;160237.5
2024-02-19;SE;64023.2;2667.6;24.0;1128599.0;47025.0;1064575.8
2024-02-19;S;28123.7;1171.8;24.0;371181.6;15465.9;343057.9
2024-02-19;NE;20026.2;834.4;24.0;319301.8;13304.2;299275.7
2024-02-19;N;6485.9;270.2;24.0;180550.4;7522.9;174064.5
2024-02-20;SE;51098.7;2129.1;24.0;1129381.3;47057.6;1078282.6
2024-02-20;S;31041.9;1293.4;24.0;367831.7;15326.3;336789.8
2024-02-20;NE;17381.3;724.2;24.0;324157.3;13506.6;306776.0
2024-02-20;N;6608.2;275.3;24.0;182823.0;7617.6;176214.7
2024-02-21;SE;52196.0;2174.8;24.0;1119580.9;46649.2;1067385.0
2024-02-21;S;34425.4;1434.4;24.0;368969.8;15373.7;334544.4
2024-02-21;NE;14749.4;614.6;24.0;314013.0;13083.9;299263.6
2024-02-21;N;6925.7;288.6;24.0;183786.5;7657.8;176860.8
2024-02-22;SE;59923.7;2496.8;24.0;1140283.3;47511.8;1080359.6
2024-02-22;S;34388.7;1432.9;24.0;383648.3;15985.3;349259.6
2024-02-22;NE;19111.6;796.3;24.0;314786.5;13116.1;295674.9
2024-02-22;N;6321.7;263.4;24.0;179677.6;7486.6;173355.9
2024-02-23;SE;59109.6;2462.9;24.0;1170494.2;48770.6;1111384.6
2024-02-23;S;35794.2;1491.4;24.0;408554.7;17023.1;372760.5
2024-02-23;NE;22202.2;925.1;24.0;314287.1;13095.3;292084.9
2024-02-23;N;8561.6;356.7;24.0;180855.3;7535.6;172293.7
2024-02-24;SE;69807.5;2908.6;24.0;1104703.1;46029.3;1034895.6
2024-02-24;S;34707.0;1446.1;24.0;364665.1;15194.4;329958.1
2024-02-24;NE;24746.2;1031.1;24.0;301671.3;12569.6;276925.1
2024-02-24;N;10575.7;440.7;24.0;176302.9;7346.0;165727.2
2024-02-25;SE;79684.3;3320.2;24.0;1036426.8;43184.5;956742.5
2024-02-25;S;30071.4;1253.0;24.0;320084.6;13336.9;290013.2
2024-02-25;NE;24950.6;1039.6;24.0;284365.0;11848.5;259414.5
2024-02-25;N;10067.0;419.5;24.0;167447.9;6977.0;157380.9
2024-02-26;SE;78505.4;3271.1;24.0;1203472.7;50144.7;1124967.3
2024-02-26;S;24266.6;1011.1;24.0;383713.6;15988.1;359447.0
2024-02-26;NE;21774.7;907.3;24.0;313159.2;13048.3;291384.5
2024-02-26;N;8192.7;341.4;24.0;174834.9;7284.8;166642.2
2024-02-27;SE;79881.5;3328.4;24.0;1236861.9;51535.9;1156980.4
2024-02-27;S;23006.3;958.6;24.0;388832.0;16201.3;365825.8
2024-02-27;NE;19857.4;827.4;24.0;315837.2;13159.9;295979.9
2024-02-27;N;7508.9;312.9;24.0;177411.3;7392.1;169902.4
2024-02-28;SE;79696.5;3320.7;24.0;1266481.6;52770.1;1186785.1
2024-02-28;S;30533.3;1272.2;24.0;399915.7;16663.2;369382.4
2024-02-28;NE;20671.4;861.3;24.0;321849.7;13410.4;301178.3
2024-02-28;N;7262.2;302.6;24.0;178960.3;7456.7;171698.1
2024-02-29;SE;76100.1;3170.8;24.0;1274885.4;53120.2;1198785.3
2024-02-29;S;25957.8;1081.6;24.0;391326.1;16305.3;365368.3
2024-02-29;NE;26187.0;1091.1;24.0;333305.3;13887.7;307118.3
2024-02-29;N;9786.8;407.8;24.0;184417.6;7684.1;174630.7
2024-03-01;SE;79162.4;3298.4;24.0;1251058.6;52127.4;1171896.2
2024-03-01;S;33095.6;1379.0;24.0;396394.8;16516.4;363299.2
2024-03-01;NE;26030.0;1084.6;24.0;337214.6;14050.6;311184.6
2024-03-01;N;10437.0;434.9;24.0;184735.5;7697.3;174298.5
2024-03-02;SE;77114.0;3213.1;24.0;1111525.4;46313.6;1034411.4
2024-03-02;S;36066.2;1502.8;24.0;351044.9;14626.9;314978.7
2024-03-02;NE;25568.1;1065.3;24.0;321245.5;13385.2;295677.4
2024-03-02;N;9853.9;410.6;24.0;173023.2;7209.3;163169.3
2024-03-03;SE;76050.9;3168.8;24.0;1026801.2;42783.4;950750.2
2024-03-03;S;32228.2;1342.8;24.0;318703.8;13279.3;286475.6
2024-03-03;NE;23091.4;962.1;24.0;297244.0;12385.2;274152.6
2024-03-03;N;8081.6;336.7;24.0;164032.9;6834.7;155951.2
2024-03-04;SE;70938.1;2955.8;24.0;1193038.5;49709.9;1122100.3
2024-03-04;S;23513.8;979.7;24.0;376283.3;15678.5;352769.6
2024-03-04;NE;22281.1;928.4;24.0;325630.7;13567.9;303349.6
2024-03-04;N;7163.9;298.5;24.0;177993.4;7416.4;170829.5
2024-03-05;SE;67319.6;2805.0;24.0;1219377.0;50807.4;1152057.4
2024-03-05;S;25963.9;1081.8;24.0;359014.7;14958.9;333050.8
2024-03-05;NE;23652.6;985.5;24.0;325854.1;13577.3;302201.5
2024-03-05;N;10605.1;441.9;24.0;181780.8;7574.2;171175.8
2024-03-06;SE;61081.9;2545.1;24.0;1191863.9;49661.0;1130782.0
2024-03-06;S;33083.6;1378.5;24.0;356563.1;14856.8;323479.5
2024-03-06;NE;23903.2;996.0;24.0;322496.4;13437.4;298593.2
2024-03-06;N;10908.1;454.5;24.0;186348.7;7764.5;175440.6
2024-03-07;SE;62593.6;2608.1;24.0;1189569.1;49565.4;1126975.5
2024-03-07;S;29375.9;1224.0;24.0;368464.7;15352.7;339088.8
2024-03-07;NE;23371.3;973.8;24.0;325884.7;13578.5;302513.5
2024-03-07;N;10314.8;429.8;24.0;185164.0;7715.2;174849.1
2024-03-08;SE;69839.4;2910.0;24.0;1202079.0;50086.6;1132239.7
2024-03-08;S;14815.0;617.3;24.0;364537.0;15189.0;349722.0
2024-03-08;NE;22854.2;952.3;24.0;327762.1;13656.8;304907.9
2024-03-08;N;8895.2;370.6;24.0;183108.3;7629.5;174213.1
2024-03-09;SE;69853.3;2910.6;24.0;1125120.0;46880.0;1055266.7
2024-03-09;S;26735.7;1114.0;24.0;325773.2;13573.9;299037.5
2024-03-09;NE;25977.2;1082.4;24.0;317121.3;13213.4;291144.1
2024-03-09;N;9658.6;402.4;24.0;176461.5;7352.6;166802.9
2024-03-10;SE;61120.8;2546.7;24.0;1035426.1;43142.8;974305.2
2024-03-10;S;33496.9;1395.7;24.0;296658.6;12360.8;263161.7
2024-03-10;NE;26049.8;1085.4;24.0;303296.3;12637.3;277246.5
2024-03-10;N;10733.3;447.2;24.0;173191.7;7216.3;162458.4
2024-03-11;SE;72230.0;3009.6;24.0;1181282.0;49220.1;1109052.1
2024-03-11;S;37811.2;1575.5;24.0;372804.3;15533.5;334993.1
2024-03-11;NE;26661.7;1110.9;24.0;342641.5;14276.7;315979.8
2024-03-11;N;10123.2;421.8;24.0;185968.4;7748.7;175845.2
2024-03-12;SE;67817.6;2825.7;24.0;1189213.5;49550.6;1121395.9
2024-03-12;S;38816.9;1617.4;24.0;388975.6;16207.3;350158.7
2024-03-12;NE;24846.1;1035.3;24.0;348646.9;14527.0;323800.8
2024-03-12;N;10542.4;439.3;24.0;190909.3;7954.6;180367.0
2024-03-13;SE;71143.7;2964.3;24.0;1211128.8;50463.7;1139985.0
2024-03-13;S;38486.1;1603.6;24.0;404556.1;16856.5;366069.9
2024-03-13;NE;22626.7;942.8;24.0;342591.6;14274.7;319964.9
2024-03-13;N;9607.5;400.3;24.0;188427.9;7851.2;178820.3
2024-03-14;SE;75997.5;3166.6;24.0;1245232.3;51884.7;1169234.8
2024-03-14;S;37536.1;1564.0;24.0;421371.4;17557.1;383835.3
2024-03-14;NE;21553.6;898.1;24.0;337169.9;14048.7;315616.2
2024-03-14;N;9285.0;386.9;24.0;187754.2;7823.1;178469.2
2024-03-15;SE;77788.1;3241.2;24.0;1272660.0;53027.5;1194871.8
2024-03-15;S;27437.4;1143.2;24.0;416951.7;17373.0;389514.3
2024-03-15;NE;22128.3;922.0;24.0;332143.3;13839.3;310015.0
2024-03-15;N;8154.4;339.8;24.0;184297.7;7679.1;176143.3
2024-03-16;SE;76857.5;3202.4;24.0;1196558.5;49856.6;1119701.0
2024-03-16;S;28589.1;1191.2;24.0;358454.9;14935.6;329865.8
2024-03-16;NE;24856.2;1035.7;24.0;320742.3;13364.3;295886.1
2024-03-16;N;7093.8;295.6;24.0;170604.6;7108.5;163510.8
2024-03-17;SE;73144.1;3047.7;24.0;1117430.3;46559.6;1044286.2
2024-03-17;S;20607.4;858.6;24.0;304536.5;12689.0;283929.1
2024-03-17;NE;23287.3;970.3;24.0;306607.1;12775.3;283319.8
2024-03-17;N;7923.7;330.2;24.0;165824.8;6909.4;157901.1
2024-03-18;SE;74014.6;3083.9;24.0;1268209.3;52842.1;1194194.7
2024-03-18;S;29635.6;1234.8;24.0;387057.6;16127.4;357422.1
2024-03-18;NE;25363.1;1056.8;24.0;341156.0;14214.8;315792.9
2024-03-18;N;9059.6;377.5;24.0;178413.1;7433.9;169353.5
2024-03-19;SE;72990.8;3041.3;24.0;1275797.4;53158.2;1202806.7
2024-03-19;S;26754.8;1114.8;24.0;405617.4;16900.7;378862.6
2024-03-19;NE;25309.2;1054.5;24.0;338702.6;14112.6;313393.5
2024-03-19;N;9212.2;383.8;24.0;179715.7;7488.2;170503.5
2024-03-20;SE;65806.0;2741.9;24.0;1255912.9;52329.7;1190106.9
2024-03-20;S;32974.5;1373.9;24.0;417302.2;17387.6;384327.6
2024-03-20;NE;25908.8;1079.5;24.0;345778.5;14407.4;319869.7
2024-03-20;N;7913.4;329.7;24.0;180279.0;7511.6;172365.6
2024-03-21;SE;66109.2;2754.6;24.0;1264207.6;52675.3;1198098.3
2024-03-21;S;19878.4;828.3;24.0;379134.8;15797.3;359256.4
2024-03-21;NE;26449.2;1102.1;24.0;343716.6;14321.5;317267.3
2024-03-21;N;8013.0;333.9;24.0;178211.4;7425.5;170198.4
2024-03-22;SE;48704.5;2029.4;24.0;1173922.6;48913.4;1125218.1
2024-03-22;S;26850.9;1118.8;24.0;340981.4;14207.6;314130.5
2024-03-22;NE;26052.1;1085.5;24.0;348994.1;14541.4;322941.9
2024-03-22;N;7568.2;315.3;24.0;176954.4;7373.1;169386.2
2024-03-23;SE;32804.0;1366.8;24.0;1005398.9;41891.6;972594.9
2024-03-23;S;29267.1;1219.5;24.0;289224.2;12051.0;259957.0
2024-03-23;NE;24705.3;1029.4;24.0;324973.5;13540.6;300268.2
2024-03-23;N;8959.9;373.3;24.0;172164.9;7173.5;163205.1
2024-03-24;SE;40312.8;1679.7;24.0;904343.4;37681.0;864030.6
2024-03-24;S;26860.6;1119.2;24.0;261030.3;10876.3;234169.8
2024-03-24;NE;24253.9;1010.6;24.0;298647.5;12443.6;274393.5
2024-03-24;N;9086.6;378.6;24.0;162844.0;6785.2;153757.4
2024-03-25;SE;47827.8;1992.8;24.0;1072025.1;44667.7;1024197.3
2024-03-25;S;28204.9;1175.2;24.0;346642.7;14443.4;318437.8
2024-03-25;NE;24386.5;1016.1;24.0;328441.0;13685.0;304054.5
2024-03-25;N;8573.0;357.2;24.0;177743.6;7406.0;169170.6
2024-03-26;SE;44504.9;1854.4;24.0;1083424.3;45142.7;1038919.4
2024-03-26;S;29877.5;1244.9;24.0;361167.6;15048.6;331290.0
2024-03-26;NE;24131.1;1005.5;24.0;344133.7;14338.9;320002.5
2024-03-26;N;7996.2;333.2;24.0;181973.4;7582.2;173977.2
2024-03-27;SE;40641.9;1693.4;24.0;1063886.2;44328.6;1023244.3
2024-03-27;S;29254.1;1218.9;24.0;364116.8;15171.5;334862.8
2024-03-27;NE;17670.6;736.3;24.0;334367.2;13932.0;316696.7
2024-03-27;N;10899.2;454.1;24.0;186570.1;7773.8;175670.9
2024-03-28;SE;39609.2;1650.4;24.0;1054530.8;43938.8;1014921.7
2024-03-28;S;29841.4;1243.4;24.0;373788.9;15574.5;343947.6
2024-03-28;NE;24343.4;1014.3;24.0;322934.5;13455.6;298591.0
2024-03-28;N;10606.9;442.0;24.0;175680.0;7320.0;165073.2
2024-03-29;SE;55573.7;2315.6;24.0;943902.5;39329.3;888328.7
2024-03-29;S;30646.3;1276.9;24.0;296548.1;12356.2;265901.8
2024-03-29;NE;22974.6;957.3;24.0;295637.5;12318.2;272662.9
2024-03-29;N;8138.0;339.1;24.0;162050.4;6752.1;153912.4
2024-03-30;SE;65242.5;2718.4;24.0;987582.3;41149.3;922339.8
2024-03-30;S;32127.3;1338.6;24.0;299640.9;12485.0;267513.6
2024-03-30;NE;16449.4;685.4;24.0;306045.5;12751.9;289596.1
2024-03-30;N;8615.4;359.0;24.0;170123.9;7088.5;161508.5
2024-03-31;SE;68277.9;2844.9;24.0;945786.2;39407.8;877508.3
2024-03-31;S;30880.2;1286.7;24.0;285363.8;11890.2;254483.6
2024-03-31;NE;21719.2;905.0;24.0;298687.2;12445.3;276967.9
2024-03-31;N;11085.9;461.9;24.0;171722.1;7155.1;160636.2
2024-04-01;SE;68697.6;2862.4;24.0;1111580.4;46315.9;1042882.8
2024-04-01;S;24165.5;1006.9;24.0;366065.2;15252.7;341899.7
2024-04-01;NE;25274.0;1053.1;24.0;334420.3;13934.2;309146.3
2024-04-01;N;9043.7;376.8;24.0;182959.8;7623.3;173916.1
2024-04-02;SE;53614.5;2233.9;24.0;1140389.4;47516.2;1086774.9
2024-04-02;S;24720.8;1030.0;24.0;369495.6;15395.7;344774.8
2024-04-02;NE;23153.7;964.7;24.0;345809.3;14408.7;322655.6
2024-04-02;N;9738.1;405.8;24.0;183858.8;7660.8;174120.7
2024-04-03;SE;67253.1;2802.2;24.0;1160638.8;48359.9;1093385.7
2024-04-03;S;31322.9;1305.1;24.0;377672.3;15736.3;346349.4
2024-04-03;NE;22108.9;921.2;24.0;336830.7;14034.6;314721.8
2024-04-03;N;8797.0;366.5;24.0;181792.8;7574.7;172995.8
2024-04-04;SE;67238.2;2801.6;24.0;1178706.5;49112.8;1111468.2
2024-04-04;S;26322.3;1096.8;24.0;393597.2;16399.9;367274.9
2024-04-04;NE;20963.4;873.5;24.0;331837.3;13826.6;310874.0
2024-04-04;N;10484.8;436.9;24.0;183714.7;7654.8;173229.9
2024-04-05;SE;70389.0;2932.9;24.0;1183992.0;49333.0;1113603.0
2024-04-05;S;23914.0;996.4;24.0;380006.8;15833.6;356092.8
2024-04-05;NE;23118.7;963.3;24.0;320879.9;13370.0;297761.2
2024-04-05;N;9215.6;384.0;24.0;178165.8;7423.6;168950.2
2024-04-06;SE;69666.7;2902.8;24.0;1075997.4;44833.2;1006330.7
2024-04-06;S;28217.0;1175.7;24.0;307028.0;12792.8;278811.1
2024-04-06;NE;21852.6;910.5;24.0;304556.1;12689.8;282703.6
2024-04-06;N;7612.0;317.2;24.0;170019.0;7084.1;162406.9
2024-04-07;SE;64579.6;2690.8;24.0;978787.4;40782.8;914207.9
2024-04-07;S;14499.7;604.2;24.0;264942.1;11039.3;250442.3
2024-04-07;NE;21944.7;914.4;24.0;287755.4;11989.8;265810.7
2024-04-07;N;8181.4;340.9;24.0;164539.2;6855.8;156357.8
2024-04-08;SE;56755.8;2364.8;24.0;1123259.0;46802.5;1066503.3
2024-04-08;S;20881.4;870.1;24.0;343195.9;14299.8;322314.5
2024-04-08;NE;21114.6;879.8;24.0;323782.3;13490.9;302667.7
2024-04-08;N;9170.3;382.1;24.0;181405.3;7558.6;172235.0
2024-04-09;SE;50267.8;2094.5;24.0;1152760.4;48031.7;1102492.6
2024-04-09;S;26190.0;1091.2;24.0;363675.6;15153.1;337485.6
2024-04-09;NE;20874.3;869.8;24.0;322786.4;13449.4;301912.1
2024-04-09;N;9134.9;380.6;24.0;182632.0;7609.7;173497.1
2024-04-10;SE;59837.9;2493.2;24.0;1154684.2;48111.8;1094846.3
2024-04-10;S;24571.4;1023.8;24.0;371555.1;15481.5;346983.7
2024-04-10;NE;19766.4;823.6;24.0;326014.7;13583.9;306248.3
2024-04-10;N;9547.9;397.8;24.0;181897.5;7579.1;172349.6
2024-04-11;SE;57250.1;2385.4;24.0;1156853.3;48202.2;1099603.2
2024-04-11;S;14428.5;601.2;24.0;356022.4;14834.3;341593.9
2024-04-11;NE;20926.4;871.9;24.0;329299.8;13720.8;308373.4
2024-04-11;N;9750.8;406.3;24.0;187964.5;7831.9;178213.8
2024-04-12;SE;56737.7;2364.1;24.0;1146315.1;47763.1;1089577.3
2024-04-12;S;19985.8;832.7;24.0;347133.3;14463.9;327147.5
2024-04-12;NE;22496.0;937.3;24.0;327925.6;13663.6;305429.7
2024-04-12;N;8145.5;339.4;24.0;181710.9;7571.3;173565.4
2024-04-13;SE;55221.8;2300.9;24.0;1054087.9;43920.3;998866.1
2024-04-13;S;16866.9;702.8;24.0;303460.4;12644.2;286593.5
2024-04-13;NE;21276.1;886.5;24.0;309741.5;12905.9;288465.4
2024-04-13;N;6098.2;254.1;24.0;170019.3;7084.1;163921.0
2024-04-14;SE;49324.8;2055.2;24.0;969919.5;40413.3;920594.7
2024-04-14;S;11173.0;465.5;24.0;264842.0;11035.1;253668.9
2024-04-14;NE;22401.2;933.4;24.0;290001.8;12083.4;267600.6
2024-04-14;N;6567.4;273.6;24.0;160786.4;6699.4;154219.0
2024-04-15;SE;52009.0;2167.0;24.0;1124414.3;46850.6;1072405.2
2024-04-15;S;10602.0;441.8;24.0;337128.7;14047.0;326526.7
2024-04-15;NE;22108.2;921.2;24.0;321306.6;13387.8;299198.4
2024-04-15;N;8936.3;372.3;24.0;180191.6;7508.0;171255.4
2024-04-16;SE;53771.1;2240.5;24.0;1168416.9;48684.0;1114645.8
2024-04-16;S;8237.0;343.2;24.0;344716.5;14363.2;336479.5
2024-04-16;NE;19069.0;794.5;24.0;320859.1;13369.1;301790.0
2024-04-16;N;11026.1;459.4;24.0;187054.9;7794.0;176028.7
2024-04-17;SE;57678.0;2403.2;24.0;1173575.8;48899.0;1115897.9
2024-04-17;S;26650.8;1110.4;24.0;325812.2;13575.5;299161.4
2024-04-17;NE;21300.8;887.5;24.0;317636.4;13234.8;296335.6
2024-04-17;N;10434.2;434.8;24.0;187475.8;7811.5;177041.6
2024-04-18;SE;52969.2;2207.1;24.0;1107286.6;46136.9;1054317.4
2024-04-18;S;31348.7;1306.2;24.0;317474.5;13228.1;286125.8
2024-04-18;NE;20889.5;870.4;24.0;323262.7;13469.3;302373.2
2024-04-18;N;8261.4;344.2;24.0;183318.1;7638.3;175056.7
2024-04-19;SE;60155.9;2506.5;24.0;1072620.5;44692.5;1012464.6
2024-04-19;S;31839.9;1326.7;24.0;317543.4;13231.0;285703.5
2024-04-19;NE;21040.8;876.7;24.0;320707.2;13362.8;299666.4
2024-04-19;N;7693.5;320.6;24.0;181465.1;7561.0;173771.6
2024-04-20;SE;65630.9;2734.6;24.0;1000722.9;41696.8;935092.0
2024-04-20;S;31572.4;1315.5;24.0;277849.5;11577.1;246277.1
2024-04-20;NE;17795.5;741.5;24.0;298151.7;12423.0;280356.2
2024-04-20;N;8301.2;345.9;24.0;172609.0;7192.0;164307.8
2024-04-21;SE;70363.4;2931.8;24.0;922232.1;38426.3;851868.7
2024-04-21;S;30672.6;1278.0;24.0;248055.9;10335.7;217383.3
2024-04-21;NE;20951.0;873.0;24.0;275357.0;11473.2;254405.9
2024-04-21;N;9058.0;377.4;24.0;164780.0;6865.8;155722.0
2024-04-22;SE;68023.7;2834.3;24.0;1082234.9;45093.1;1014211.2
2024-04-22;S;22752.2;948.0;24.0;328080.1;13670.0;305327.9
2024-04-22;NE;18976.3;790.7;24.0;310875.8;12953.2;291899.5
2024-04-22;N;9265.6;386.1;24.0;179251.1;7468.8;169985.4
2024-04-23;SE;67364.7;2806.9;24.0;1121036.6;46709.9;1053671.8
2024-04-23;S;19197.0;799.9;24.0;346467.3;14436.1;327270.3
2024-04-23;NE;21265.6;886.1;24.0;318321.9;13263.4;297056.3
2024-04-23;N;8746.4;364.4;24.0;184007.9;7667.0;175261.5
2024-04-24;SE;68564.3;2856.8;24.0;1158124.6;48255.2;1089560.3
2024-04-24;S;17927.0;747.0;24.0;345374.7;14390.6;327447.7
2024-04-24;NE;23317.1;971.5;24.0;322421.5;13434.2;299104.5
2024-04-24;N;9609.7;400.4;24.0;182316.5;7596.5;172706.8
2024-04-25;SE;67090.2;2795.4;24.0;1159442.5;48310.1;1092352.4
2024-04-25;S;19233.0;801.4;24.0;333419.3;13892.5;314186.3
2024-04-25;NE;25096.5;1045.7;24.0;327026.2;13626.1;301929.8
2024-04-25;N;8287.2;345.3;24.0;180422.5;7517.6;172135.3
2024-04-26;SE;64234.0;2676.4;24.0;1146747.0;47781.1;1082513.0
2024-04-26;S;23518.2;979.9;24.0;339485.5;14145.2;315967.3
2024-04-26;NE;21156.1;881.5;24.0;327982.9;13666.0;306826.7
2024-04-26;N;9697.5;404.1;24.0;180294.3;7512.3;170596.8
2024-04-27;SE;62590.2;2607.9;24.0;1078076.4;44919.9;1015486.3
2024-04-27;S;23278.4;969.9;24.0;310198.1;12924.9;286919.7
2024-04-27;NE;19857.5;827.4;24.0;304400.9;12683.4;284543.4
2024-04-27;N;9491.8;395.5;24.0;177416.7;7392.4;167924.8
2024-04-28;SE;67193.5;2799.7;24.0;1013445.2;42226.9;946251.7
2024-04-28;S;17974.3;748.9;24.0;268515.1;11188.1;250540.8
2024-04-28;NE;21561.2;898.4;24.0;288954.3;12039.8;267393.1
2024-04-28;N;9043.8;376.8;24.0;170281.6;7095.1;161237.8
2024-04-29;SE;67293.5;2803.9;24.0;1172734.1;48863.9;1105440.7
2024-04-29;S;22516.1;938.2;24.0;334306.5;13929.4;311790.5
2024-04-29;NE;21024.9;876.0;24.0;318122.7;13255.1;297097.8
2024-04-29;N;11225.3;467.7;24.0;188217.0;7842.4;176991.7
2024-04-30;SE;68660.2;2860.8;24.0;1190357.7;49598.2;1121697.5
2024-04-30;S;22754.8;948.1;24.0;347427.8;14476.2;324673.0
2024-04-30;NE;20335.5;847.3;24.0;319087.3;13295.3;298751.8
2024-04-30;N;9473.4;394.7;24.0;185847.5;7743.6;176374.1
2024-05-01;SE;68061.1;2835.9;24.0;1073432.5;44726.4;1005371.5
2024-05-01;S;19034.3;793.1;24.0;301539.7;12564.2;282505.4
2024-05-01;NE;20556.6;856.5;24.0;289882.8;12078.4;269326.2
2024-05-01;N;10176.4;424.0;24.0;174008.9;7250.4;163832.5
2024-05-02;SE;69545.1;2897.7;24.0;1188309.6;49512.9;1118764.5
2024-05-02;S;15504.5;646.0;24.0;339173.9;14132.2;323669.4
2024-05-02;NE;22811.9;950.5;24.0;323411.4;13475.5;300599.5
2024-05-02;N;10540.8;439.2;24.0;186800.0;7783.3;176259.2
2024-05-03;SE;66336.5;2764.0;24.0;1178671.4;49111.3;1112334.8
2024-05-03;S;13181.5;549.2;24.0;319641.2;13318.4;306459.8
2024-05-03;NE;22664.7;944.4;24.0;328506.4;13687.8;305841.7
2024-05-03;N;10588.1;441.2;24.0;189449.2;7893.7;178861.1
2024-05-04;SE;69387.9;2891.2;24.0;1073207.0;44717.0;1003819.1
2024-05-04;S;17220.7;717.5;24.0;279507.6;11646.2;262286.9
2024-05-04;NE;21403.7;891.8;24.0;312903.9;13037.7;291500.2
2024-05-04;N;9874.7;411.4;24.0;180421.3;7517.6;170546.6
2024-05-05;SE;68072.3;2836.3;24.0;992823.4;41367.6;924751.1
2024-05-05;S;23232.4;968.0;24.0;251180.6;10465.9;227948.2
2024-05-05;NE;21513.2;896.4;24.0;295590.7;12316.3;274077.6
2024-05-05;N;10395.0;433.1;24.0;174630.9;7276.3;164235.9
2024-05-06;SE;63395.4;2641.5;24.0;1135551.2;47314.6;1072155.8
2024-05-06;S;26889.7;1120.4;24.0;327453.7;13643.9;300564.0
2024-05-06;NE;22084.9;920.2;24.0;323595.8;13483.2;301510.9
2024-05-06;N;10476.5;436.5;24.0;187974.1;7832.3;177497.6
2024-05-07;SE;64556.8;2689.9;24.0;1165969.5;48582.1;1101412.7
2024-05-07;S;26066.1;1086.1;24.0;345969.3;14415.4;319903.2
2024-05-07;NE;19668.4;819.5;24.0;322080.9;13420.0;302412.5
2024-05-07;N;10225.8;426.1;24.0;186850.8;7785.5;176625.1
2024-05-08;SE;66848.0;2785.3;24.0;1172267.7;48844.5;1105419.7
2024-05-08;S;21802.8;908.4;24.0;352220.5;14675.9;330417.7
2024-05-08;NE;21196.7;883.2;24.0;324034.7;13501.4;302838.0
2024-05-08;N;10651.4;443.8;24.0;190619.9;7942.5;179968.5
2024-05-09;SE;66535.3;2772.3;24.0;1181094.5;49212.3;1114559.1
2024-05-09;S;19270.3;802.9;24.0;331637.8;13818.2;312367.5
2024-05-09;NE;21251.6;885.5;24.0;325132.1;13547.2;303880.5
2024-05-09;N;11179.8;465.8;24.0;193065.0;8044.4;181885.2
2024-05-10;SE;64889.5;2703.7;24.0;1163509.7;48479.6;1098620.2
2024-05-10;S;14374.8;599.0;24.0;320800.3;13366.7;306425.5
2024-05-10;NE;23208.8;967.0;24.0;323763.5;13490.1;300554.7
2024-05-10;N;10016.4;417.3;24.0;191045.0;7960.2;181028.7
2024-05-11;SE;63807.9;2658.7;24.0;1067961.3;44498.4;1004153.3
2024-05-11;S;17206.7;716.9;24.0;285039.1;11876.6;267832.5
2024-05-11;NE;21234.8;884.8;24.0;305349.1;12722.9;284114.3
2024-05-11;N;10362.5;431.8;24.0;182584.1;7607.7;172221.6
2024-05-12;SE;66069.7;2752.9;24.0;973165.6;40548.6;907095.8
2024-05-12;S;16709.0;696.2;24.0;251179.7;10465.8;234470.7
2024-05-12;NE;22661.4;944.2;24.0;284377.3;11849.1;261715.9
2024-05-12;N;10099.5;420.8;24.0;172199.4;7175.0;162099.9
2024-05-13;SE;63813.1;2658.9;24.0;1142255.7;47594.0;1078442.6
2024-05-13;S;9490.5;395.4;24.0;314365.0;13098.5;304874.5
2024-05-13;NE;23409.2;975.4;24.0;322801.0;13450.0;299391.7
2024-05-13;N;9936.6;414.0;24.0;189547.8;7897.8;179611.3
2024-05-14;SE;57407.1;2392.0;24.0;1130918.8;47121.6;1073511.7
2024-05-14;S;14821.1;617.5;24.0;309748.3;12906.2;294927.2
2024-05-14;NE;22655.8;944.0;24.0;332606.8;13858.6;309951.1
2024-05-14;N;10231.9;426.3;24.0;192049.6;8002.1;181817.6
2024-05-15;SE;53634.0;2234.8;24.0;1086408.6;45267.0;1032774.6
2024-05-15;S;20033.1;834.7;24.0;310274.5;12928.1;290241.4
2024-05-15;NE;23480.0;978.3;24.0;334980.3;13957.5;311500.3
2024-05-15;N;10190.0;424.6;24.0;190153.9;7923.1;179963.9
2024-05-16;SE;59651.0;2485.5;24.0;1095060.3;45627.5;1035409.4
2024-05-16;S;12243.1;510.1;24.0;318145.1;13256.0;305902.0
2024-05-16;NE;22169.9;923.7;24.0;329011.9;13708.8;306842.0
2024-05-16;N;9677.2;403.2;24.0;189530.6;7897.1;179853.3
2024-05-17;SE;62713.4;2613.1;24.0;1128476.9;47019.9;1065763.5
2024-05-17;S;13960.9;581.7;24.0;320138.3;13339.1;306177.3
2024-05-17;NE;18193.8;758.1;24.0;324140.7;13505.9;305946.8
2024-05-17;N;9700.0;404.2;24.0;185948.9;7747.9;176248.9
2024-05-18;SE;62400.9;2600.0;24.0;1043375.6;43474.0;980974.8
2024-05-18;S;9567.5;398.6;24.0;284074.1;11836.4;274506.6
2024-05-18;NE;19440.6;810.0;24.0;302431.1;12601.3;282990.5
2024-05-18;N;10078.3;419.9;24.0;179723.5;7488.5;169645.2
2024-05-19;SE;57299.4;2387.5;24.0;946313.6;39429.7;889014.2
2024-05-19;S;8336.2;347.3;24.0;246582.1;10274.3;238246.0
2024-05-19;NE;20246.9;843.6;24.0;287074.7;11961.4;266827.8
2024-05-19;N;10146.9;422.8;24.0;169538.7;7064.1;159391.8
2024-05-20;SE;59307.2;2471.1;24.0;1079989.2;44999.5;1020682.0
2024-05-20;S;22623.0;942.6;24.0;305815.3;12742.3;283192.3
2024-05-20;NE;21723.9;905.2;24.0;310925.6;12955.2;289201.7
2024-05-20;N;9745.1;406.0;24.0;185435.3;7726.5;175690.2
2024-05-21;SE;58253.6;2427.2;24.0;1084076.3;45169.8;1025822.8
2024-05-21;S;21943.3;914.3;24.0;313598.0;13066.6;291654.8
2024-05-21;NE;20807.5;867.0;24.0;320619.7;13359.2;299812.2
2024-05-21;N;10827.3;451.1;24.0;189376.9;7890.7;178549.6
2024-05-22;SE;60352.3;2514.7;24.0;1097845.6;45743.6;1037493.4
2024-05-22;S;22543.2;939.3;24.0;321989.4;13416.2;299446.2
2024-05-22;NE;21630.4;901.3;24.0;321889.1;13412.0;300258.7
2024-05-22;N;10867.9;452.8;24.0;192801.7;8033.4;181933.7
2024-05-23;SE;61953.5;2581.4;24.0;1105496.1;46062.3;1043542.7
2024-05-23;S;14509.7;604.6;24.0;328070.5;13669.6;313560.8
2024-05-23;NE;18853.9;785.6;24.0;318773.9;13282.2;299920.0
2024-05-23;N;10790.2;449.6;24.0;194216.7;8092.4;183426.5
2024-05-24;SE;55224.7;2301.0;24.0;1095607.0;45650.3;1040382.3
2024-05-24;S;7537.0;314.0;24.0;319288.5;13303.7;311751.5
2024-05-24;NE;18524.1;771.8;24.0;312024.7;13001.0;293500.6
2024-05-24;N;11099.6;462.5;24.0;195203.3;8133.5;184103.7
2024-05-25;SE;44392.0;1849.7;24.0;983285.1;40970.2;938893.1
2024-05-25;S;15697.3;654.1;24.0;281207.1;11717.0;265509.8
2024-05-25;NE;20673.9;861.4;24.0;303986.8;12666.1;283313.0
2024-05-25;N;10322.6;430.1;24.0;184265.7;7677.7;173943.1
2024-05-26;SE;38090.9;1587.1;24.0;876277.7;36511.6;838186.7
2024-05-26;S;13739.0;572.5;24.0;247922.9;10330.1;234183.9
2024-05-26;NE;19806.5;825.3;24.0;284009.1;11833.7;264202.5
2024-05-26;N;9392.0;391.3;24.0;175786.9;7324.5;166394.9
2024-05-27;SE;44347.0;1847.8;24.0;1002660.5;41777.5;958313.5
2024-05-27;S;4464.9;186.0;24.0;313524.5;13063.5;309059.5
2024-05-27;NE;22893.7;953.9;24.0;310355.6;12931.5;287461.9
2024-05-27;N;8895.0;370.6;24.0;186129.0;7755.4;177234.0
2024-05-28;SE;51467.9;2144.5;24.0;1024732.7;42697.2;973264.8
2024-05-28;S;14480.5;603.4;24.0;317597.1;13233.2;303116.6
2024-05-28;NE;20056.5;835.7;24.0;306805.9;12783.6;286749.4
2024-05-28;N;10848.6;452.0;24.0;187690.9;7820.5;176842.3
2024-05-29;SE;60350.6;2514.6;24.0;1001686.1;41736.9;941335.5
2024-05-29;S;19227.2;801.1;24.0;314624.1;13109.3;295397.0
2024-05-29;NE;19502.6;812.6;24.0;307793.5;12824.7;288290.9
2024-05-29;N;10545.1;439.4;24.0;187316.2;7804.8;176771.0
2024-05-30;SE;60068.0;2502.8;24.0;915174.1;38132.3;855106.1
2024-05-30;S;23729.3;988.7;24.0;278097.5;11587.4;254368.1
2024-05-30;NE;17798.9;741.6;24.0;286867.7;11952.8;269068.8
2024-05-30;N;9524.4;396.8;24.0;177395.9;7391.5;167871.5
2024-05-31;SE;60776.5;2532.4;24.0;939851.9;39160.5;879075.5
2024-05-31;S;23475.0;978.1;24.0;289776.2;12074.0;266301.3
2024-05-31;NE;16996.5;708.2;24.0;295648.6;12318.7;278652.1
2024-05-31;N;9190.1;382.9;24.0;182600.3;7608.3;173410.1
2024-06-01;SE;59135.7;2464.0;24.0;892336.4;37180.7;833200.7
2024-06-01;S;22833.2;951.4;24.0;256382.8;10682.6;233549.6
2024-06-01;NE;19613.1;817.2;24.0;286079.1;11920.0;266466.0
2024-06-01;N;10391.3;433.0;24.0;177493.3;7395.6;167102.0
2024-06-02;SE;54956.6;2289.9;24.0;843649.4;35152.1;788692.8
2024-06-02;S;22977.4;957.4;24.0;231032.5;9626.4;208055.1
2024-06-02;NE;17295.1;720.6;24.0;276741.6;11530.9;259446.5
2024-06-02;N;10721.4;446.7;24.0;168948.2;7039.5;158226.8
2024-06-03;SE;50930.7;2122.1;24.0;988894.1;41203.9;937963.3
2024-06-03;S;14234.5;593.1;24.0;308410.3;12850.4;294175.9
2024-06-03;NE;19322.4;805.1;24.0;302604.4;12608.5;283282.0
2024-06-03;N;9993.4;416.4;24.0;186333.6;7763.9;176340.1
2024-06-04;SE;54638.9;2276.6;24.0;1015604.8;42316.9;960965.9
2024-06-04;S;18623.1;776.0;24.0;325938.1;13580.8;307315.1
2024-06-04;NE;18946.1;789.4;24.0;308096.1;12837.3;289150.1
2024-06-04;N;10791.0;449.6;24.0;190721.8;7946.7;179930.8
2024-06-05;SE;55465.1;2311.0;24.0;1016247.1;42343.6;960782.0
2024-06-05;S;21305.3;887.7;24.0;324034.4;13501.4;302729.1
2024-06-05;NE;18004.6;750.2;24.0;308361.1;12848.4;290356.5
2024-06-05;N;10793.0;449.7;24.0;191564.4;7981.8;180771.4
2024-06-06;SE;55072.6;2294.7;24.0;1019503.7;42479.3;964431.1
2024-06-06;S;22442.1;935.1;24.0;322903.1;13454.3;300461.0
2024-06-06;NE;18735.5;780.6;24.0;306064.1;12752.7;287328.6
2024-06-06;N;10130.2;422.1;24.0;192187.0;8007.8;182056.9
2024-06-07;SE;57539.8;2397.5;24.0;1027719.4;42821.6;970179.6
2024-06-07;S;22662.0;944.2;24.0;321270.5;13386.3;298608.5
2024-06-07;NE;18459.2;769.1;24.0;306630.3;12776.3;288171.2
2024-06-07;N;10195.3;424.8;24.0;193404.6;8058.5;183209.2
2024-06-08;SE;60307.9;2512.8;24.0;959472.8;39978.0;899164.9
2024-06-08;S;22652.2;943.8;24.0;279171.7;11632.2;256519.5
2024-06-08;NE;19624.6;817.7;24.0;295222.2;12300.9;275597.6
2024-06-08;N;10716.5;446.5;24.0;185662.4;7735.9;174945.8
2024-06-09;SE;60094.6;2503.9;24.0;881867.6;36744.5;821773.1
2024-06-09;S;22965.9;956.9;24.0;244398.3;10183.3;221432.4
2024-06-09;NE;19791.0;824.6;24.0;277863.2;11577.6;258072.2
2024-06-09;N;10390.9;433.0;24.0;177510.4;7396.3;167119.5
2024-06-10;SE;61363.2;2556.8;24.0;1022218.2;42592.4;960855.0
2024-06-10;S;22102.1;920.9;24.0;317956.5;13248.2;295854.4
2024-06-10;NE;21521.5;896.7;24.0;304889.5;12703.7;283368.0
2024-06-10;N;10049.7;418.7;24.0;188198.1;7841.6;178148.4
2024-06-11;SE;61980.6;2582.5;24.0;1046689.9;43612.1;984709.3
2024-06-11;S;19861.6;827.6;24.0;330727.4;13780.3;310865.8
2024-06-11;NE;21826.5;909.4;24.0;309514.9;12896.5;287688.4
2024-06-11;N;10908.4;454.5;24.0;189050.8;7877.1;178142.3
2024-06-12;SE;61820.0;2575.8;24.0;1041852.3;43410.5;980032.3
2024-06-12;S;22347.4;931.1;24.0;327582.3;13649.3;305234.9
2024-06-12;NE;19989.8;832.9;24.0;311860.0;12994.2;291870.3
2024-06-12;N;11441.1;476.7;24.0;189847.4;7910.3;178406.3
2024-06-13;SE;61129.8;2547.1;24.0;1029548.2;42897.8;968418.4
2024-06-13;S;22754.0;948.1;24.0;325716.6;13571.5;302962.5
2024-06-13;NE;20596.8;858.2;24.0;309369.9;12890.4;288773.1
2024-06-13;N;10695.8;445.7;24.0;190239.9;7926.7;179544.1
2024-06-14;SE;60179.2;2507.5;24.0;1035293.0;43137.2;975113.8
2024-06-14;S;22530.5;938.8;24.0;328870.6;13702.9;306340.2
2024-06-14;NE;19460.9;810.9;24.0;305946.5;12747.8;286485.6
2024-06-14;N;11278.7;469.9;24.0;192671.0;8028.0;181392.4
2024-06-15;SE;59508.2;2479.5;24.0;972573.6;40523.9;913065.5
2024-06-15;S;14601.5;608.4;24.0;289315.0;12054.8;274713.6
2024-06-15;NE;18561.4;773.4;24.0;289328.7;12055.4;270767.3
2024-06-15;N;11294.4;470.6;24.0;185931.5;7747.1;174637.1
2024-06-16;SE;59889.4;2495.4;24.0;893438.5;37226.6;833549.1
2024-06-16;S;11516.4;479.8;24.0;253893.4;10578.9;242377.1
2024-06-16;NE;17858.3;744.1;24.0;262225.7;10926.1;244367.5
2024-06-16;N;10995.1;458.1;24.0;178912.7;7454.7;167917.6
2024-06-17;SE;60543.6;2522.6;24.0;1028726.4;42863.6;968182.9
2024-06-17;S;13113.6;546.4;24.0;322345.1;13431.0;309231.5
2024-06-17;NE;20249.0;843.7;24.0;292143.4;12172.6;271894.4
2024-06-17;N;11335.4;472.3;24.0;191655.2;7985.6;180319.9
2024-06-18;SE;60994.4;2541.4;24.0;1047060.2;43627.5;986065.8
2024-06-18;S;16700.3;695.8;24.0;328187.2;13674.5;311486.9
2024-06-18;NE;20789.4;866.2;24.0;301675.4;12569.8;280886.0
2024-06-18;N;11542.7;480.9;24.0;190562.3;7940.1;179019.7
2024-06-19;SE;61075.6;2544.8;24.0;1053358.3;43889.9;992282.6
2024-06-19;S;17131.1;713.8;24.0;329884.7;13745.2;312753.6
2024-06-19;NE;19821.4;825.9;24.0;307631.1;12818.0;287809.7
2024-06-19;N;11227.7;467.8;24.0;189830.4;7909.6;178602.7
2024-06-20;SE;59974.8;2499.0;24.0;1050468.4;43769.5;990493.5
2024-06-20;S;15577.8;649.1;24.0;332369.0;13848.7;316791.2
2024-06-20;NE;20797.8;866.6;24.0;310743.7;12947.7;289945.9
2024-06-20;N;11485.2;478.6;24.0;189296.2;7887.3;177811.0
2024-06-21;SE;58898.1;2454.1;24.0;1041412.2;43392.2;982514.1
2024-06-21;S;18045.1;751.9;24.0;324499.9;13520.8;306454.8
2024-06-21;NE;19641.6;818.4;24.0;303951.2;12664.6;284309.6
2024-06-21;N;10880.1;453.3;24.0;188589.1;7857.9;177709.0
2024-06-22;SE;55786.7;2324.4;24.0;977103.2;40712.6;921316.4
2024-06-22;S;21204.9;883.5;24.0;280586.9;11691.1;259382.0
2024-06-22;NE;18831.6;784.6;24.0;294666.9;12277.8;275835.4
2024-06-22;N;11378.4;474.1;24.0;182276.8;7594.9;170898.4
2024-06-23;SE;57491.9;2395.5;24.0;910489.9;37937.1;852998.0
2024-06-23;S;18230.5;759.6;24.0;249350.1;10389.6;231119.6
2024-06-23;NE;18238.5;759.9;24.0;272280.1;11345.0;254041.6
2024-06-23;N;10799.3;450.0;24.0;175533.7;7313.9;164734.4
2024-06-24;SE;57115.5;2379.8;24.0;1058642.1;44110.1;1001526.6
2024-06-24;S;11190.1;466.3;24.0;318667.5;13277.8;307477.4
2024-06-24;NE;21969.3;915.4;24.0;272785.8;11366.1;250816.5
2024-06-24;N;9931.3;413.8;24.0;185598.0;7733.2;175666.7
2024-06-25;SE;55764.1;2323.5;24.0;1077541.9;44897.6;1021777.8
2024-06-25;S;11003.6;458.5;24.0;325595.1;13566.5;314591.5
2024-06-25;NE;20795.6;866.5;24.0;297023.0;12376.0;276227.5
2024-06-25;N;10781.9;449.2;24.0;187368.2;7807.0;176586.3
2024-06-26;SE;57654.7;2402.3;24.0;1084901.2;45204.2;1027246.6
2024-06-26;S;10262.8;427.6;24.0;324186.6;13507.8;313923.8
2024-06-26;NE;22757.4;948.2;24.0;301732.1;12572.2;278974.7
2024-06-26;N;11509.1;479.5;24.0;191728.9;7988.7;180219.7
2024-06-27;SE;57111.0;2379.6;24.0;1069648.0;44568.7;1012537.0
2024-06-27;S;22441.7;935.1;24.0;317608.0;13233.7;295166.3
2024-06-27;NE;23328.1;972.0;24.0;302135.5;12589.0;278807.4
2024-06-27;N;11182.3;465.9;24.0;190989.0;7957.9;179806.8
2024-06-28;SE;58996.1;2458.2;24.0;1067921.6;44496.7;1008925.4
2024-06-28;S;14444.0;601.8;24.0;322490.6;13437.1;308046.6
2024-06-28;NE;25035.7;1043.2;24.0;300650.3;12527.1;275614.6
2024-06-28;N;10942.4;455.9;24.0;189418.9;7892.5;178476.5
2024-06-29;SE;55134.4;2297.3;24.0;985840.9;41076.7;930706.5
2024-06-29;S;19042.8;793.5;24.0;277322.7;11555.1;258279.9
2024-06-29;NE;26656.7;1110.7;24.0;287469.4;11977.9;260812.7
2024-06-29;N;11505.2;479.4;24.0;184519.8;7688.3;173014.6
2024-06-30;SE;46630.4;1942.9;24.0;866019.8;36084.2;819389.4
2024-06-30;S;23945.6;997.7;24.0;251788.2;10491.2;227842.6
2024-06-30;NE;25224.3;1051.0;24.0;271219.7;11300.8;245995.4
2024-06-30;N;11168.6;465.4;24.0;178992.9;7458.0;167824.3
2024-07-01;SE;45995.3;1916.5;24.0;977138.3;40714.1;931143.0
2024-07-01;S;24182.2;1007.6;24.0;317402.8;13225.1;293220.6
2024-07-01;NE;23370.8;973.8;24.0;302310.9;12596.3;278940.1
2024-07-01;N;10870.8;452.9;24.0;189953.6;7914.7;179082.8
2024-07-02;SE;56927.3;2372.0;24.0;1002120.2;41755.0;945192.9
2024-07-02;S;23841.4;993.4;24.0;325137.5;13547.4;301296.0
2024-07-02;NE;21598.7;899.9;24.0;302160.1;12590.0;280561.4
2024-07-02;N;11518.2;479.9;24.0;192252.7;8010.5;180734.5
2024-07-03;SE;59302.1;2470.9;24.0;1024095.2;42670.6;964793.1
2024-07-03;S;19193.7;799.7;24.0;327375.4;13640.6;308181.7
2024-07-03;NE;18186.9;757.8;24.0;304669.0;12694.5;286482.1
2024-07-03;N;11372.0;473.8;24.0;190095.5;7920.6;178723.5
2024-07-04;SE;59253.0;2468.9;24.0;1041278.3;43386.6;982025.3
2024-07-04;S;15290.4;637.1;24.0;332600.3;13858.3;317310.0
2024-07-04;NE;21732.7;905.5;24.0;305251.1;12718.8;283518.4
2024-07-04;N;11803.0;491.8;24.0;190657.0;7944.0;178854.0
2024-07-05;SE;59009.4;2458.7;24.0;1043377.5;43474.1;984368.1
2024-07-05;S;12671.1;528.0;24.0;338522.1;14105.1;325851.0
2024-07-05;NE;18686.2;778.6;24.0;298939.1;12455.8;280252.9
2024-07-05;N;11808.9;492.0;24.0;189716.6;7904.9;177907.6
2024-07-06;SE;60479.0;2520.0;24.0;959192.9;39966.4;898714.0
2024-07-06;S;13864.5;577.7;24.0;294365.0;12265.2;280500.4
2024-07-06;NE;16305.2;679.4;24.0;286801.3;11950.1;270496.1
2024-07-06;N;12045.5;501.9;24.0;184743.1;7697.6;172697.7
2024-07-07;SE;59434.2;2476.4;24.0;882305.9;36762.7;822871.7
2024-07-07;S;10271.9;428.0;24.0;266930.0;11122.1;256658.2
2024-07-07;NE;19365.3;806.9;24.0;267466.6;11144.4;248101.3
2024-07-07;N;11090.6;462.1;24.0;176917.0;7371.5;165826.4
2024-07-08;SE;52293.9;2178.9;24.0;984039.7;41001.7;931745.8
2024-07-08;S;9860.0;410.8;24.0;337640.0;14068.3;327780.0
2024-07-08;NE;23922.3;996.8;24.0;294281.1;12261.7;270358.9
2024-07-08;N;10362.4;431.8;24.0;192057.6;8002.4;181695.2
2024-07-09;SE;50789.8;2116.2;24.0;985850.0;41077.1;935060.2
2024-07-09;S;7082.9;295.1;24.0;352621.5;14692.6;345538.7
2024-07-09;NE;22087.1;920.3;24.0;302184.6;12591.0;280097.6
2024-07-09;N;11533.3;480.6;24.0;196025.6;8167.7;184492.2
2024-07-10;SE;55656.6;2319.0;24.0;1029974.5;42915.6;974317.9
2024-07-10;S;10238.2;426.6;24.0;352633.5;14693.1;342395.2
2024-07-10;NE;19642.6;818.4;24.0;309603.1;12900.1;289960.5
2024-07-10;N;11442.8;476.8;24.0;192023.0;8001.0;180580.3
2024-07-11;SE;60205.2;2508.6;24.0;1044765.4;43531.9;984560.1
2024-07-11;S;8754.8;364.8;24.0;353144.2;14714.3;344389.5
2024-07-11;NE;22121.0;921.7;24.0;305571.0;12732.1;283450.0
2024-07-11;N;11807.4;492.0;24.0;190425.9;7934.4;178618.5
2024-07-12;SE;58306.6;2429.4;24.0;1039140.7;43297.5;980834.1
2024-07-12;S;12154.3;506.4;24.0;345224.4;14384.4;333070.2
2024-07-12;NE;20085.0;836.9;24.0;306469.5;12769.6;286384.5
2024-07-12;N;12057.8;502.4;24.0;190671.9;7944.7;178614.1
2024-07-13;SE;54699.4;2279.1;24.0;942506.0;39271.1;887806.6
2024-07-13;S;10386.8;432.8;24.0;302802.8;12616.8;292416.0
2024-07-13;NE;22996.1;958.2;24.0;289652.0;12068.8;266655.9
2024-07-13;N;11250.5;468.8;24.0;181958.0;7581.6;170707.5
2024-07-14;SE;61421.7;2559.2;24.0;858883.8;35786.8;797462.1
2024-07-14;S;8455.2;352.3;24.0;263226.9;10967.8;254771.7
2024-07-14;NE;21057.9;877.4;24.0;268576.7;11190.7;247518.8
2024-07-14;N;12402.2;516.8;24.0;173592.6;7233.0;161190.5
2024-07-15;SE;62241.2;2593.4;24.0;979684.1;40820.2;917442.9
2024-07-15;S;11961.2;498.4;24.0;322286.1;13428.6;310324.9
2024-07-15;NE;24011.7;1000.5;24.0;297615.3;12400.6;273603.6
2024-07-15;N;12571.1;523.8;24.0;186922.4;7788.4;174351.3
2024-07-16;SE;61874.9;2578.1;24.0;1005408.5;41892.0;943533.6
2024-07-16;S;14307.4;596.1;24.0;327134.3;13630.6;312827.0
2024-07-16;NE;23843.6;993.5;24.0;301184.0;12549.3;277340.5
2024-07-16;N;12401.7;516.7;24.0;189778.0;7907.4;177376.3
2024-07-17;SE;64118.6;2671.6;24.0;1018976.4;42457.4;954857.8
2024-07-17;S;19072.0;794.7;24.0;323564.9;13481.9;304492.9
2024-07-17;NE;22902.0;954.3;24.0;307252.9;12802.2;284350.9
2024-07-17;N;12835.2;534.8;24.0;189732.9;7905.5;176897.7
2024-07-18;SE;66841.8;2785.1;24.0;1022479.8;42603.3;955638.0
2024-07-18;S;24314.0;1013.1;24.0;322012.7;13417.2;297698.6
2024-07-18;NE;23258.4;969.1;24.0;305419.4;12725.8;282161.0
2024-07-18;N;11856.3;494.0;24.0;191357.4;7973.2;179501.2
2024-07-19;SE;66398.4;2766.6;24.0;1017296.0;42387.3;950897.6
2024-07-19;S;25175.1;1049.0;24.0;317648.6;13235.4;292473.5
2024-07-19;NE;24386.6;1016.1;24.0;309990.5;12916.3;285603.9
2024-07-19;N;12467.3;519.5;24.0;192924.7;8038.5;180457.4
2024-07-20;SE;67662.9;2819.3;24.0;940919.3;39205.0;873256.4
2024-07-20;S;23373.8;973.9;24.0;277857.4;11577.4;254483.6
2024-07-20;NE;23438.5;976.6;24.0;290074.3;12086.4;266635.8
2024-07-20;N;12290.5;512.1;24.0;187572.6;7815.5;175282.1
2024-07-21;SE;67134.2;2797.3;24.0;860804.1;35866.8;793669.8
2024-07-21;S;24722.8;1030.1;24.0;239020.7;9959.2;214297.9
2024-07-21;NE;24226.6;1009.4;24.0;268710.5;11196.3;244483.9
2024-07-21;N;12821.8;534.2;24.0;177389.1;7391.2;164567.3
2024-07-22;SE;68424.2;2851.0;24.0;996738.9;41530.8;928314.7
2024-07-22;S;25670.5;1069.6;24.0;308849.9;12868.7;283179.4
2024-07-22;NE;25420.0;1059.2;24.0;305754.4;12739.8;280334.4
2024-07-22;N;12710.7;529.6;24.0;188220.4;7842.5;175509.8
2024-07-23;SE;69775.9;2907.3;24.0;1021209.3;42550.4;951433.4
2024-07-23;S;25791.7;1074.7;24.0;318054.3;13252.3;292262.6
2024-07-23;NE;25641.7;1068.4;24.0;311775.1;12990.6;286133.4
2024-07-23;N;12840.1;535.0;24.0;192601.7;8025.1;179761.6
2024-07-24;SE;70078.2;2919.9;24.0;1021408.0;42558.7;951329.8
2024-07-24;S;26264.9;1094.4;24.0;318377.0;13265.7;292112.1
2024-07-24;NE;22536.5;939.0;24.0;306434.5;12768.1;283898.0
2024-07-24;N;12270.2;511.3;24.0;193466.2;8061.1;181196.0
2024-07-25;SE;70039.9;2918.3;24.0;1026668.9;42777.9;956629.0
2024-07-25;S;24070.2;1002.9;24.0;321167.9;13382.0;297097.7
2024-07-25;NE;23849.1;993.7;24.0;303950.9;12664.6;280101.8
2024-07-25;N;12907.7;537.8;24.0;192638.0;8026.6;179730.3
2024-07-26;SE;67226.3;2801.1;24.0;1028785.5;42866.1;961559.2
2024-07-26;S;21162.2;881.8;24.0;316548.9;13189.5;295386.7
2024-07-26;NE;25119.2;1046.6;24.0;303374.5;12640.6;278255.3
2024-07-26;N;12859.5;535.8;24.0;189622.2;7900.9;176762.7
2024-07-27;SE;65088.3;2712.0;24.0;965593.3;40233.1;900505.0
2024-07-27;S;20568.3;857.0;24.0;284187.8;11841.2;263619.6
2024-07-27;NE;24321.8;1013.4;24.0;295146.1;12297.8;270824.4
2024-07-27;N;13289.0;553.7;24.0;184762.9;7698.5;171473.9
2024-07-28;SE;69062.8;2877.6;24.0;897165.0;37381.9;828102.2
2024-07-28;S;17850.6;743.8;24.0;256816.3;10700.7;238965.7
2024-07-28;NE;23641.5;985.1;24.0;278314.0;11596.4;254672.5
2024-07-28;N;13074.3;544.8;24.0;178609.8;7442.1;165535.5
2024-07-29;SE;67022.2;2792.6;24.0;1033206.0;43050.3;966183.8
2024-07-29;S;11438.5;476.6;24.0;325911.5;13579.6;314473.0
2024-07-29;NE;23479.0;978.3;24.0;314050.6;13085.4;290571.6
2024-07-29;N;12892.0;537.2;24.0;194385.8;8099.4;181493.8
2024-07-30;SE;54114.8;2254.8;24.0;1035452.9;43143.9;981338.1
2024-07-30;S;16866.7;702.8;24.0;325923.0;13580.1;309056.3
2024-07-30;NE;26216.9;1092.4;24.0;321227.8;13384.5;295010.8
2024-07-30;N;13154.8;548.1;24.0;197868.6;8244.5;184713.8
2024-07-31;SE;61425.2;2559.4;24.0;1029774.5;42907.3;968349.3
2024-07-31;S;23134.4;963.9;24.0;320984.4;13374.3;297849.9
2024-07-31;NE;26702.2;1112.6;24.0;320584.4;13357.7;293882.1
2024-07-31;N;12689.8;528.7;24.0;198737.5;8280.7;186047.7
2024-08-01;SE;63209.3;2633.7;24.0;1030374.3;42932.3;967165.0
2024-08-01;S;26042.3;1085.1;24.0;321601.0;13400.0;295558.7
2024-08-01;NE;25779.7;1074.2;24.0;319737.2;13322.4;293957.6
2024-08-01;N;12668.6;527.9;24.0;197187.9;8216.2;184519.3
2024-08-02;SE;65798.3;2741.6;24.0;1033799.2;43075.0;968000.9
2024-08-02;S;26394.8;1099.8;24.0;320059.4;13335.8;293664.6
2024-08-02;NE;24495.9;1020.7;24.0;310962.2;12956.8;286466.2
2024-08-02;N;13033.9;543.1;24.0;195203.2;8133.5;182169.3
2024-08-03;SE;62889.6;2620.4;24.0;971507.7;40479.5;908618.1
2024-08-03;S;26283.5;1095.1;24.0;286991.7;11958.0;260708.2
2024-08-03;NE;25624.1;1067.7;24.0;295149.6;12297.9;269525.6
2024-08-03;N;13567.6;565.3;24.0;188602.1;7858.4;175034.5
2024-08-04;SE;62894.1;2620.6;24.0;902894.0;37620.6;839999.9
2024-08-04;S;17454.9;727.3;24.0;254816.7;10617.4;237361.8
2024-08-04;NE;24491.0;1020.5;24.0;274674.9;11444.8;250183.8
2024-08-04;N;13608.5;567.0;24.0;181528.7;7563.7;167920.2
2024-08-05;SE;67950.1;2831.3;24.0;1040581.0;43357.5;972630.9
2024-08-05;S;22517.4;938.2;24.0;321594.2;13399.8;299076.7
2024-08-05;NE;24696.3;1029.0;24.0;305120.0;12713.3;280423.7
2024-08-05;N;13477.1;561.5;24.0;196413.3;8183.9;182936.2
2024-08-06;SE;69759.8;2906.7;24.0;1069055.3;44544.0;999295.5
2024-08-06;S;25548.6;1064.5;24.0;333526.9;13897.0;307978.4
2024-08-06;NE;26391.6;1099.6;24.0;312025.0;13001.0;285633.4
2024-08-06;N;13365.5;556.9;24.0;196826.4;8201.1;183460.9
2024-08-07;SE;70789.1;2949.5;24.0;1083072.2;45128.0;1012283.1
2024-08-07;S;18065.0;752.7;24.0;337941.6;14080.9;319876.6
2024-08-07;NE;25890.1;1078.8;24.0;315731.8;13155.5;289841.7
2024-08-07;N;13832.8;576.4;24.0;199038.5;8293.3;185205.7
2024-08-08;SE;66896.0;2787.3;24.0;1098121.4;45755.1;1031225.4
2024-08-08;S;10506.6;437.8;24.0;332643.3;13860.1;322136.7
2024-08-08;NE;26028.3;1084.5;24.0;318396.8;13266.5;292368.5
2024-08-08;N;13610.9;567.1;24.0;199749.7;8322.9;186138.9
2024-08-09;SE;53314.5;2221.4;24.0;1069667.3;44569.5;1016352.8
2024-08-09;S;16756.2;698.2;24.0;332038.7;13834.9;315282.5
2024-08-09;NE;26923.0;1121.8;24.0;313931.9;13080.5;287008.9
2024-08-09;N;13050.9;543.8;24.0;200545.6;8356.1;187494.7
2024-08-10;SE;58179.0;2424.1;24.0;938229.5;39092.9;880050.5
2024-08-10;S;26979.0;1124.1;24.0;279622.2;11650.9;252643.2
2024-08-10;NE;30947.9;1289.5;24.0;298586.6;12441.1;267638.8
2024-08-10;N;13003.7;541.8;24.0;194183.9;8091.0;181180.2
2024-08-11;SE;75050.8;3127.1;24.0;829473.2;34561.4;754422.4
2024-08-11;S;30675.8;1278.2;24.0;240407.9;10017.0;209732.1
2024-08-11;NE;28736.3;1197.3;24.0;277943.2;11581.0;249206.9
2024-08-11;N;12776.5;532.4;24.0;182493.9;7603.9;169717.4
2024-08-12;SE;77709.6;3237.9;24.0;964323.9;40180.2;886614.3
2024-08-12;S;30872.1;1286.3;24.0;314599.7;13108.3;283727.6
2024-08-12;NE;28195.8;1174.8;24.0;317756.7;13239.9;289560.8
2024-08-12;N;12321.9;513.4;24.0;195550.0;8147.9;183228.1
2024-08-13;SE;75276.4;3136.5;24.0;984028.2;41001.2;908751.7
2024-08-13;S;31463.9;1311.0;24.0;328270.5;13677.9;296806.7
2024-08-13;NE;28806.3;1200.3;24.0;322945.5;13456.1;294139.2
2024-08-13;N;12403.9;516.8;24.0;195521.6;8146.7;183117.7
2024-08-14;SE;76134.1;3172.3;24.0;1006023.6;41917.6;929889.5
2024-08-14;S;31016.7;1292.4;24.0;322949.6;13456.2;291932.9
2024-08-14;NE;26470.0;1102.9;24.0;326676.5;13611.5;300206.6
2024-08-14;N;11840.6;493.4;24.0;194702.0;8112.6;182861.4
2024-08-15;SE;77755.7;3239.8;24.0;1031181.4;42965.9;953425.8
2024-08-15;S;30813.2;1283.9;24.0;325195.7;13549.8;294382.5
2024-08-15;NE;27769.5;1157.1;24.0;320476.6;13353.2;292707.0
2024-08-15;N;13262.2;552.6;24.0;191500.4;7979.2;178238.2
2024-08-16;SE;77616.7;3234.0;24.0;1062627.6;44276.2;985011.0
2024-08-16;S;28094.4;1170.6;24.0;324875.3;13536.5;296780.9
2024-08-16;NE;27025.3;1126.1;24.0;316562.9;13190.1;289537.7
2024-08-16;N;13915.5;579.8;24.0;196463.8;8186.0;182548.3
2024-08-17;SE;79895.2;3329.0;24.0;1004088.1;41837.0;924192.9
2024-08-17;S;25633.5;1068.1;24.0;287693.9;11987.2;262060.3
2024-08-17;NE;27329.7;1138.7;24.0;297845.2;12410.2;270515.5
2024-08-17;N;13730.1;572.1;24.0;190949.3;7956.2;177219.2
2024-08-18;SE;81856.1;3410.7;24.0;926992.6;38624.7;845136.5
2024-08-18;S;28708.7;1196.2;24.0;257186.3;10716.1;228477.6
2024-08-18;NE;26765.8;1115.2;24.0;276198.2;11508.3;249432.3
2024-08-18;N;13218.2;550.8;24.0;184152.0;7673.0;170933.8
2024-08-19;SE;81344.9;3389.4;24.0;1076722.7;44863.4;995377.8
2024-08-19;S;29057.8;1210.7;24.0;329256.6;13719.0;300198.8
2024-08-19;NE;25123.8;1046.8;24.0;309842.3;12910.1;284718.5
2024-08-19;N;13568.8;565.4;24.0;198608.9;8275.4;185040.1
2024-08-20;SE;82790.3;3449.6;24.0;1102473.3;45936.4;1019683.0
2024-08-20;S;24358.0;1014.9;24.0;341600.9;14233.4;317242.9
2024-08-20;NE;27392.7;1141.4;24.0;321611.5;13400.5;294218.9
2024-08-20;N;14099.6;587.5;24.0;201945.8;8414.4;187846.2
2024-08-21;SE;82904.6;3454.4;24.0;1105523.8;46063.5;1022619.2
2024-08-21;S;29697.2;1237.4;24.0;338516.4;14104.9;308819.2
2024-08-21;NE;30069.0;1252.9;24.0;330120.0;13755.0;300051.1
2024-08-21;N;14211.0;592.1;24.0;203307.1;8471.1;189096.1
2024-08-22;SE;82895.7;3454.0;24.0;1114930.6;46455.4;1032034.9
2024-08-22;S;27813.3;1158.9;24.0;343068.4;14294.5;315255.1
2024-08-22;NE;28616.5;1192.4;24.0;335690.7;13987.1;307074.2
2024-08-22;N;13391.2;558.0;24.0;203393.8;8474.7;190002.5
2024-08-23;SE;81865.9;3411.1;24.0;1132303.5;47179.3;1050437.6
2024-08-23;S;14252.5;593.9;24.0;329738.3;13739.1;315485.8
2024-08-23;NE;26272.2;1094.7;24.0;329915.7;13746.5;303643.5
2024-08-23;N;13762.4;573.4;24.0;202512.5;8438.0;188750.1
2024-08-24;SE;73867.4;3077.8;24.0;1038461.7;43269.2;964594.3
2024-08-24;S;15833.9;659.7;24.0;281996.5;11749.9;266162.6
2024-08-24;NE;27542.7;1147.6;24.0;310438.8;12935.0;282896.1
2024-08-24;N;13341.4;555.9;24.0;194879.6;8120.0;181538.2
2024-08-25;SE;56325.1;2346.9;24.0;917822.4;38242.6;861497.3
2024-08-25;S;28001.9;1166.7;24.0;241423.5;10059.3;213421.6
2024-08-25;NE;30466.0;1269.4;24.0;291201.6;12133.4;260735.6
2024-08-25;N;14202.4;591.8;24.0;190782.6;7949.3;176580.2
2024-08-26;SE;70130.0;2922.1;24.0;983095.5;40962.3;912965.4
2024-08-26;S;34755.4;1448.1;24.0;308665.8;12861.1;273910.5
2024-08-26;NE;29771.5;1240.5;24.0;320748.3;13364.5;290976.8
2024-08-26;N;14078.2;586.6;24.0;208164.8;8673.5;194086.6
2024-08-27;SE;80295.1;3345.6;24.0;1005680.0;41903.3;925384.9
2024-08-27;S;34748.2;1447.8;24.0;317875.0;13244.8;283126.9
2024-08-27;NE;28698.2;1195.8;24.0;321313.4;13388.1;292615.2
2024-08-27;N;13668.8;569.5;24.0;205975.2;8582.3;192306.4
2024-08-28;SE;84754.3;3531.4;24.0;1029041.6;42876.7;944287.3
2024-08-28;S;31692.6;1320.5;24.0;322453.2;13435.6;290760.5
2024-08-28;NE;26868.1;1119.5;24.0;319381.1;13307.5;292513.0
2024-08-28;N;13880.6;578.4;24.0;202869.7;8452.9;188989.1
2024-08-29;SE;84785.5;3532.7;24.0;1051003.4;43791.8;966217.8
2024-08-29;S;28595.9;1191.5;24.0;326269.2;13594.6;297673.4
2024-08-29;NE;27273.6;1136.4;24.0;314205.7;13091.9;286932.1
2024-08-29;N;14502.8;604.3;24.0;201722.4;8405.1;187219.6
2024-08-30;SE;88831.0;3701.3;24.0;1066161.4;44423.4;977330.5
2024-08-30;S;33299.7;1387.5;24.0;328343.2;13681.0;295043.6
2024-08-30;NE;27206.5;1133.6;24.0;314584.2;13107.7;287377.7
2024-08-30;N;14980.0;624.2;24.0;202519.2;8438.3;187539.3
2024-08-31;SE;90446.7;3768.6;24.0;996527.0;41522.0;906080.3
2024-08-31;S;30469.5;1269.6;24.0;293378.0;12224.1;262908.5
2024-08-31;NE;29121.3;1213.4;24.0;296845.6;12368.6;267724.3
2024-08-31;N;15099.0;629.1;24.0;199591.7;8316.3;184492.7
2024-09-01;SE;90342.1;3764.3;24.0;933989.6;38916.2;843647.5
2024-09-01;S;27322.4;1138.4;24.0;247637.9;10318.2;220315.5
2024-09-01;NE;30349.9;1264.6;24.0;278503.1;11604.3;248153.2
2024-09-01;N;15079.3;628.3;24.0;192939.0;8039.1;177859.7
2024-09-02;SE;90647.1;3777.0;24.0;1080252.0;45010.5;989604.9
2024-09-02;S;33125.1;1380.2;24.0;314420.8;13100.9;281295.8
2024-09-02;NE;30157.9;1256.6;24.0;308364.4;12848.5;278206.5
2024-09-02;N;15213.4;633.9;24.0;205146.2;8547.8;189932.8
2024-09-03;SE;89639.5;3735.0;24.0;1121827.8;46742.8;1032188.4
2024-09-03;S;35532.8;1480.5;24.0;329522.8;13730.1;293990.1
2024-09-03;NE;31423.0;1309.3;24.0;314742.7;13114.3;283319.7
2024-09-03;N;15237.8;634.9;24.0;207195.2;8633.1;191957.4
2024-09-04;SE;90783.8;3782.7;24.0;1156397.1;48183.2;1065613.3
2024-09-04;S;28185.0;1174.4;24.0;339760.9;14156.7;311575.9
2024-09-04;NE;32120.3;1338.3;24.0;323688.3;13487.0;291568.0
2024-09-04;N;15063.7;627.7;24.0;209136.2;8714.0;194072.4
2024-09-05;SE;89729.1;3738.7;24.0;1154178.7;48090.8;1064449.6
2024-09-05;S;28177.4;1174.1;24.0;330452.7;13768.9;302275.3
2024-09-05;NE;30970.0;1290.4;24.0;321083.9;13378.5;290113.9
2024-09-05;N;15350.2;639.6;24.0;204777.3;8532.4;189427.2
2024-09-06;SE;85815.3;3575.6;24.0;1123085.2;46795.2;1037269.9
2024-09-06;S;35125.3;1463.6;24.0;316801.5;13200.1;281676.3
2024-09-06;NE;32439.7;1351.7;24.0;322435.6;13434.8;289995.9
2024-09-06;N;15429.7;642.9;24.0;199436.9;8309.9;184007.1
2024-09-07;SE;89291.8;3720.5;24.0;1020160.7;42506.7;930868.9
2024-09-07;S;34656.2;1444.0;24.0;272695.8;11362.3;238039.7
2024-09-07;NE;30967.8;1290.3;24.0;301351.9;12556.3;270384.1
2024-09-07;N;15326.0;638.6;24.0;192179.5;8007.5;176853.5
2024-09-08;SE;91448.8;3810.4;24.0;988227.0;41176.1;896778.3
2024-09-08;S;34225.8;1426.1;24.0;259109.2;10796.2;224883.5
2024-09-08;NE;29112.2;1213.0;24.0;290017.6;12084.1;260905.4
2024-09-08;N;14568.6;607.0;24.0;190449.8;7935.4;175881.2
2024-09-09;SE;92482.1;3853.4;24.0;1152933.8;48038.9;1060451.8
2024-09-09;S;32964.9;1373.5;24.0;342048.7;14252.0;309083.8
2024-09-09;NE;30217.0;1259.0;24.0;323212.3;13467.2;292995.3
2024-09-09;N;14696.3;612.3;24.0;208442.0;8685.1;193745.7
2024-09-10;SE;94915.4;3954.8;24.0;1170044.3;48751.8;1075128.8
2024-09-10;S;37263.0;1552.6;24.0;357624.5;14901.0;320361.5
2024-09-10;NE;29993.5;1249.7;24.0;326793.5;13616.4;296800.0
2024-09-10;N;15027.5;626.1;24.0;211244.1;8801.8;196216.6
2024-09-11;SE;93737.9;3905.7;24.0;1187152.8;49464.7;1093414.9
2024-09-11;S;38090.0;1587.1;24.0;363447.7;15143.7;325357.8
2024-09-11;NE;29207.3;1217.0;24.0;322820.1;13450.8;293612.8
2024-09-11;N;15424.7;642.7;24.0;214072.5;8919.7;198647.9
2024-09-12;SE;94019.6;3917.5;24.0;1205792.4;50241.3;1111772.7
2024-09-12;S;26455.7;1102.3;24.0;357277.9;14886.6;330822.2
2024-09-12;NE;29878.9;1245.0;24.0;322583.4;13441.0;292704.5
2024-09-12;N;15282.4;636.8;24.0;213990.3;8916.3;198707.9
2024-09-13;SE;94741.3;3947.6;24.0;1213426.1;50559.4;1118684.8
2024-09-13;S;27945.7;1164.4;24.0;349520.0;14563.3;321574.3
2024-09-13;NE;30090.1;1253.8;24.0;323970.6;13498.8;293880.5
2024-09-13;N;15199.5;633.3;24.0;213702.9;8904.3;198503.4
2024-09-14;SE;88178.4;3674.1;24.0;1115090.9;46462.1;1026912.5
2024-09-14;S;21166.6;881.9;24.0;290632.4;12109.7;269465.8
2024-09-14;NE;30353.8;1264.7;24.0;309238.7;12884.9;278884.9
2024-09-14;N;15706.3;654.4;24.0;206745.4;8614.4;191039.1
2024-09-15;SE;80978.6;3374.1;24.0;990476.0;41269.8;909497.4
2024-09-15;S;16973.1;707.2;24.0;252062.0;10502.6;235089.0
2024-09-15;NE;31296.2;1304.0;24.0;294151.9;12256.3;262855.7
2024-09-15;N;15645.0;651.9;24.0;197709.7;8237.9;182064.7
2024-09-16;SE;71486.6;2978.6;24.0;1100014.8;45833.9;1028528.2
2024-09-16;S;27287.5;1137.0;24.0;306349.8;12764.6;279062.4
2024-09-16;NE;33595.3;1399.8;24.0;325532.3;13563.8;291937.0
2024-09-16;N;15543.5;647.6;24.0;215506.7;8979.4;199963.2
2024-09-17;SE;81477.9;3394.9;24.0;1096678.1;45694.9;1015200.1
2024-09-17;S;38941.8;1622.6;24.0;317321.9;13221.7;278380.1
2024-09-17;NE;33099.9;1379.2;24.0;333754.2;13906.4;300654.3
2024-09-17;N;14961.1;623.4;24.0;216659.0;9027.5;201697.9
2024-09-18;SE;84037.9;3501.6;24.0;1112682.7;46361.8;1028644.9
2024-09-18;S;36105.6;1504.4;24.0;322932.5;13455.5;286827.0
2024-09-18;NE;30374.7;1265.6;24.0;336926.1;14038.6;306551.4
2024-09-18;N;14990.1;624.6;24.0;216528.9;9022.0;201538.8
2024-09-19;SE;89175.5;3715.6;24.0;1142778.9;47615.8;1053603.3
2024-09-19;S;34688.2;1445.3;24.0;335203.0;13966.8;300514.8
2024-09-19;NE;32051.0;1335.5;24.0;332509.8;13854.6;300458.7
2024-09-19;N;15549.5;647.9;24.0;216122.5;9005.1;200573.1
2024-09-20;SE;92367.3;3848.6;24.0;1184725.0;49363.5;1092357.7
2024-09-20;S;18683.2;778.5;24.0;320448.4;13352.0;301765.2
2024-09-20;NE;33677.1;1403.2;24.0;335220.1;13967.5;301543.0
2024-09-20;N;15702.1;654.3;24.0;215697.4;8987.4;199995.3
2024-09-21;SE;80606.2;3358.6;24.0;1095110.6;45629.6;1014504.4
2024-09-21;S;29655.4;1235.6;24.0;279231.8;11634.7;249576.4
2024-09-21;NE;33641.0;1401.7;24.0;315711.0;13154.6;282070.1
2024-09-21;N;15143.0;631.0;24.0;208175.4;8674.0;193032.4
2024-09-22;SE;89503.6;3729.3;24.0;1020375.7;42515.7;930872.0
2024-09-22;S;40067.9;1669.5;24.0;264720.1;11030.0;224652.1
2024-09-22;NE;32029.6;1334.6;24.0;300759.1;12531.6;268729.5
2024-09-22;N;15166.3;631.9;24.0;198281.2;8261.7;183115.0
2024-09-23;SE;94448.1;3935.3;24.0;1200202.7;50008.4;1105754.6
2024-09-23;S;36124.8;1505.2;24.0;353428.0;14726.2;317303.2
2024-09-23;NE;31954.9;1331.5;24.0;333613.5;13900.6;301658.6
2024-09-23;N;14930.7;622.1;24.0;214335.9;8930.7;199405.2
2024-09-24;SE;95012.8;3958.9;24.0;1237591.7;51566.3;1142578.9
2024-09-24;S;38075.2;1586.5;24.0;365733.3;15238.9;327658.1
2024-09-24;NE;32473.1;1353.0;24.0;338786.3;14116.1;306313.2
2024-09-24;N;14854.8;619.0;24.0;211394.2;8808.1;196539.4
2024-09-25;SE;97166.8;4048.6;24.0;1263735.8;52655.7;1166568.9
2024-09-25;S;36572.7;1523.9;24.0;371654.6;15485.6;335081.9
2024-09-25;NE;32043.8;1335.2;24.0;337711.2;14071.3;305667.4
2024-09-25;N;14506.9;604.5;24.0;208806.0;8700.2;194299.0
2024-09-26;SE;95387.3;3974.5;24.0;1263984.6;52666.0;1168597.3
2024-09-26;S;21302.4;887.6;24.0;365694.5;15237.3;344392.2
2024-09-26;NE;31748.9;1322.9;24.0;337084.7;14045.2;305335.8
2024-09-26;N;14615.1;609.0;24.0;211912.6;8829.7;197297.5
2024-09-27;SE;88657.9;3694.1;24.0;1208132.5;50338.9;1119474.6
2024-09-27;S;30610.8;1275.5;24.0;333687.7;13903.7;303076.9
2024-09-27;NE;31455.8;1310.7;24.0;340836.1;14201.5;309380.4
2024-09-27;N;14596.8;608.2;24.0;211801.5;8825.1;197204.8
2024-09-28;SE;90246.7;3760.3;24.0;1066573.3;44440.6;976326.7
2024-09-28;S;42436.2;1768.2;24.0;289011.6;12042.1;246575.4
2024-09-28;NE;30901.5;1287.6;24.0;329492.5;13728.9;298591.1
2024-09-28;N;14581.8;607.6;24.0;201833.8;8409.7;187252.0
2024-09-29;SE;87883.5;3661.8;24.0;971619.8;40484.2;883736.3
2024-09-29;S;44288.2;1845.3;24.0;260936.3;10872.3;216648.1
2024-09-29;NE;31828.2;1326.2;24.0;306474.4;12769.8;274646.2
2024-09-29;N;14898.1;620.8;24.0;194012.7;8083.9;179114.6
2024-09-30;SE;92998.3;3874.9;24.0;1147993.8;47833.1;1054995.5
2024-09-30;S;42759.9;1781.7;24.0;355447.4;14810.3;312687.5
2024-09-30;NE;30131.0;1255.5;24.0;336296.5;14012.4;306165.6
2024-09-30;N;13610.9;567.1;24.0;204930.0;8538.8;191319.1
2024-10-01;SE;101749.3;4239.6;24.0;1209013.0;50375.5;1107263.8
2024-10-01;S;36865.1;1536.0;24.0;376935.0;15705.6;340069.8
2024-10-01;NE;34344.2;1431.0;24.0;338300.0;14095.8;303955.8
2024-10-01;N;14444.4;601.8;24.0;205606.5;8566.9;191162.1
2024-10-02;SE;100100.9;4170.9;24.0;1241637.4;51734.9;1141536.4
2024-10-02;S;23911.0;996.3;24.0;367112.7;15296.4;343201.7
2024-10-02;NE;33637.8;1401.6;24.0;343376.6;14307.4;309738.8
2024-10-02;N;15043.9;626.8;24.0;209856.9;8744.0;194812.9
2024-10-03;SE;91135.9;3797.3;24.0;1208521.7;50355.1;1117385.8
2024-10-03;S;32224.9;1342.7;24.0;335562.5;13981.8;303337.6
2024-10-03;NE;34451.1;1435.5;24.0;345596.1;14399.8;311145.0
2024-10-03;N;15143.4;631.0;24.0;207949.3;8664.6;192805.9
2024-10-04;SE;84977.1;3540.7;24.0;1146841.5;47785.1;1061864.5
2024-10-04;S;40329.1;1680.4;24.0;329616.5;13734.0;289287.4
2024-10-04;NE;33294.4;1387.3;24.0;345201.3;14383.4;311906.9
2024-10-04;N;15408.5;642.0;24.0;207348.1;8639.5;191939.6
2024-10-05;SE;90338.6;3764.1;24.0;1046359.1;43598.3;956020.5
2024-10-05;S;46053.3;1918.9;24.0;287609.9;11983.7;241556.6
2024-10-05;NE;33337.0;1389.0;24.0;327392.2;13641.3;294055.1
2024-10-05;N;15563.7;648.5;24.0;203399.0;8475.0;187835.3
2024-10-06;SE;105100.1;4379.2;24.0;972396.8;40516.5;867296.7
2024-10-06;S;41601.7;1733.4;24.0;258056.0;10752.3;216454.3
2024-10-06;NE;35195.4;1466.5;24.0;299444.7;12476.9;264249.3
2024-10-06;N;14641.2;610.0;24.0;189421.8;7892.6;174780.6
2024-10-07;SE;103681.8;4320.1;24.0;1130199.7;47091.7;1026518.0
2024-10-07;S;34585.7;1441.1;24.0;339213.5;14133.9;304627.8
2024-10-07;NE;34596.4;1441.5;24.0;336907.2;14037.8;302310.8
2024-10-07;N;14657.7;610.7;24.0;200673.3;8361.4;186015.5
2024-10-08;SE;100710.6;4196.3;24.0;1191161.8;49631.7;1090451.2
2024-10-08;S;29438.1;1226.6;24.0;352154.3;14673.1;322716.2
2024-10-08;NE;35535.9;1480.7;24.0;347734.2;14488.9;312198.3
2024-10-08;N;15113.5;629.7;24.0;206927.3;8622.0;191813.7
2024-10-09;SE;93541.9;3897.6;24.0;1189036.9;49543.2;1095495.0
2024-10-09;S;18562.6;773.4;24.0;345889.5;14412.1;327326.9
2024-10-09;NE;37861.2;1577.6;24.0;353523.1;14730.1;315661.8
2024-10-09;N;16372.9;682.2;24.0;210674.5;8778.1;194301.6
2024-10-10;SE;54638.2;2276.6;24.0;1124483.2;46853.5;1069845.1
2024-10-10;S;16236.1;676.5;24.0;335083.3;13961.8;318847.2
2024-10-10;NE;35750.6;1489.6;24.0;357750.6;14906.3;322000.1
2024-10-10;N;15881.9;661.7;24.0;211894.4;8828.9;196012.5
2024-10-11;SE;78107.2;3254.5;24.0;1114704.1;46446.0;1036596.9
2024-10-11;S;15353.4;639.7;24.0;327504.7;13646.0;312151.3
2024-10-11;NE;35337.2;1472.4;24.0;355274.3;14803.1;319937.1
2024-10-11;N;15081.7;628.4;24.0;211362.9;8806.8;196281.2
2024-10-12;SE;84736.3;3530.7;24.0;973740.0;40572.5;889003.7
2024-10-12;S;35999.5;1500.0;24.0;258554.3;10773.1;222554.8
2024-10-12;NE;36501.7;1520.9;24.0;318481.8;13270.1;281980.0
2024-10-12;N;15371.5;640.5;24.0;197791.7;8241.3;182420.2
2024-10-13;SE;88343.1;3681.0;24.0;931544.1;38814.3;843201.0
2024-10-13;S;42394.2;1766.4;24.0;246189.1;10257.9;203794.9
2024-10-13;NE;35464.2;1477.7;24.0;308671.5;12861.3;273207.3
2024-10-13;N;15395.9;641.5;24.0;190460.1;7935.8;175064.2
2024-10-14;SE;91363.6;3806.8;24.0;1090396.1;45433.2;999032.5
2024-10-14;S;40471.6;1686.3;24.0;329504.8;13729.4;289033.2
2024-10-14;NE;33512.7;1396.4;24.0;344264.4;14344.3;310751.6
2024-10-14;N;15690.0;653.7;24.0;207650.2;8652.1;191960.2
2024-10-15;SE;85114.6;3546.4;24.0;1113051.0;46377.1;1027936.4
2024-10-15;S;29726.0;1238.6;24.0;343166.4;14298.6;313440.4
2024-10-15;NE;31346.1;1306.1;24.0;345499.1;14395.8;314153.1
2024-10-15;N;14271.9;594.7;24.0;205337.3;8555.7;191065.3
2024-10-16;SE;91343.6;3806.0;24.0;1138639.1;47443.3;1047295.5
2024-10-16;S;40245.6;1676.9;24.0;344069.7;14336.2;303824.0
2024-10-16;NE;30436.2;1268.2;24.0;341685.9;14236.9;311249.7
2024-10-16;N;13194.2;549.8;24.0;200836.4;8368.2;187642.2
2024-10-17;SE;95100.1;3962.5;24.0;1157182.3;48215.9;1062082.3
2024-10-17;S;45500.6;1895.9;24.0;354177.4;14757.4;308676.8
2024-10-17;NE;28799.1;1200.0;24.0;336080.4;14003.4;307281.4
2024-10-17;N;14335.9;597.3;24.0;203319.0;8471.6;188983.2
2024-10-18;SE;89356.0;3723.2;24.0;1148762.7;47865.1;1059406.8
2024-10-18;S;30068.6;1252.9;24.0;348678.1;14528.3;318609.5
2024-10-18;NE;28415.2;1184.0;24.0;334346.8;13931.1;305931.6
2024-10-18;N;13100.7;545.9;24.0;202106.9;8421.1;189006.2
2024-10-19;SE;61220.8;2550.9;24.0;1014905.6;42287.7;953684.7
2024-10-19;S;29068.9;1211.2;24.0;291418.9;12142.5;262350.0
2024-10-19;NE;29916.3;1246.5;24.0;314399.5;13100.0;284483.2
2024-10-19;N;14613.9;608.9;24.0;199047.0;8293.6;184433.1
2024-10-20;SE;47853.4;1993.9;24.0;893695.8;37237.3;845842.4
2024-10-20;S;42419.2;1767.5;24.0;257661.4;10735.9;215242.1
2024-10-20;NE;31394.2;1308.1;24.0;296343.0;12347.6;264948.7
2024-10-20;N;14356.0;598.2;24.0;190653.2;7943.9;176297.2
2024-10-21;SE;56438.2;2351.6;24.0;1041756.8;43406.5;985318.6
2024-10-21;S;34201.5;1425.1;24.0;339816.6;14159.0;305615.1
2024-10-21;NE;32545.1;1356.0;24.0;332956.6;13873.2;300411.5
2024-10-21;N;13300.9;554.2;24.0;202739.6;8447.5;189438.7
2024-10-22;SE;76217.6;3175.7;24.0;1120996.5;46708.2;1044778.9
2024-10-22;S;40687.8;1695.3;24.0;383072.5;15961.4;342384.8
2024-10-22;NE;35318.1;1471.6;24.0;344885.4;14370.2;309567.3
2024-10-22;N;14113.1;588.0;24.0;197414.9;8225.6;183301.8
2024-10-23;SE;85408.1;3558.7;24.0;1164456.6;48519.0;1079048.6
2024-10-23;S;35436.3;1476.5;24.0;386379.4;16099.1;350943.1
2024-10-23;NE;35048.8;1460.4;24.0;347649.0;14485.4;312600.2
2024-10-23;N;15959.2;665.0;24.0;204097.7;8504.1;188138.6
2024-10-24;SE;87435.5;3643.1;24.0;1157721.8;48238.4;1070286.3
2024-10-24;S;36927.5;1538.6;24.0;376020.8;15667.5;339093.3
2024-10-24;NE;31534.3;1313.9;24.0;348360.6;14515.0;316826.4
2024-10-24;N;15612.2;650.5;24.0;206384.9;8599.4;190772.7
2024-10-25;SE;81772.4;3407.2;24.0;1154035.0;48084.8;1072262.7
2024-10-25;S;39327.2;1638.6;24.0;355496.9;14812.4;316169.7
2024-10-25;NE;34532.4;1438.8;24.0;346036.7;14418.2;311504.3
2024-10-25;N;15566.2;648.6;24.0;206673.4;8611.4;191107.2
2024-10-26;SE;89934.7;3747.3;24.0;1098343.3;45764.3;1008408.7
2024-10-26;S;46684.3;1945.2;24.0;301044.9;12543.5;254360.5
2024-10-26;NE;36973.5;1540.6;24.0;333795.1;13908.1;296821.7
2024-10-26;N;15464.5;644.4;24.0;200866.5;8369.4;185402.0
2024-10-27;SE;74401.0;3100.0;24.0;936385.1;39016.0;861984.1
2024-10-27;S;45009.6;1875.4;24.0;256961.2;10706.7;211951.6
2024-10-27;NE;36035.3;1501.5;24.0;305774.3;12740.6;269739.0
2024-10-27;N;15402.9;641.8;24.0;189760.1;7906.7;174357.2
2024-10-28;SE;60446.0;2518.6;24.0;1043949.0;43497.9;983503.0
2024-10-28;S;45359.1;1890.0;24.0;339624.7;14151.0;294265.6
2024-10-28;NE;35494.1;1478.9;24.0;346215.7;14425.7;310721.6
2024-10-28;N;15602.0;650.1;24.0;202071.9;8419.7;186469.9
2024-10-29;SE;73923.4;3080.1;24.0;1083541.4;45147.6;1009618.0
2024-10-29;S;45822.7;1909.3;24.0;365510.3;15229.6;319687.6
2024-10-29;NE;36346.6;1514.4;24.0;352676.5;14694.9;316329.9
2024-10-29;N;15189.0;632.9;24.0;209980.2;8749.2;194791.2
2024-10-30;SE;85241.3;3551.7;24.0;1097940.1;45747.5;1012698.8
2024-10-30;S;44655.6;1860.7;24.0;368430.2;15351.3;323774.5
2024-10-30;NE;36624.7;1526.0;24.0;353872.5;14744.7;317247.7
2024-10-30;N;13859.7;577.5;24.0;207365.8;8640.2;193506.1
2024-10-31;SE;94028.9;3917.9;24.0;1097169.9;45715.4;1003141.0
2024-10-31;S;45972.0;1915.5;24.0;369785.0;15407.7;323813.0
2024-10-31;NE;33370.9;1390.5;24.0;343899.7;14329.2;310528.8
2024-10-31;N;12956.1;539.8;24.0;200342.6;8347.6;187386.5
2024-11-01;SE;90019.6;3750.8;24.0;1088168.6;45340.4;998149.1
2024-11-01;S;45495.4;1895.6;24.0;365399.1;15225.0;319903.7
2024-11-01;NE;34051.9;1418.8;24.0;340070.6;14169.6;306018.7
2024-11-01;N;14314.4;596.4;24.0;200992.2;8374.7;186677.8
2024-11-02;SE;70146.3;2922.8;24.0;982803.0;40950.1;912656.7
2024-11-02;S;22353.1;931.4;24.0;295802.7;12325.1;273449.5
2024-11-02;NE;35504.9;1479.4;24.0;317956.8;13248.2;282451.9
2024-11-02;N;15481.0;645.0;24.0;197093.7;8212.2;181612.7
2024-11-03;SE;61790.9;2574.6;24.0;928991.4;38708.0;867200.5
2024-11-03;S;23945.3;997.7;24.0;269808.4;11242.0;245863.1
2024-11-03;NE;35654.6;1485.6;24.0;308254.9;12844.0;272600.3
2024-11-03;N;15346.5;639.4;24.0;194156.9;8089.9;178810.4
2024-11-04;SE;57065.8;2377.7;24.0;1076129.0;44838.7;1019063.2
2024-11-04;S;31638.5;1318.3;24.0;355916.0;14829.8;324277.5
2024-11-04;NE;36871.3;1536.3;24.0;343856.7;14327.4;306985.4
2024-11-04;N;14249.3;593.7;24.0;204126.4;8505.3;189877.1
2024-11-05;SE;48679.0;2028.3;24.0;1088110.4;45337.9;1039431.4
2024-11-05;S;35268.0;1469.5;24.0;379045.6;15793.6;343777.6
2024-11-05;NE;35148.1;1464.5;24.0;352857.9;14702.4;317709.8
2024-11-05;N;13910.1;579.6;24.0;203691.9;8487.2;189781.8
2024-11-06;SE;77109.5;3212.9;24.0;1127447.0;46977.0;1050337.5
2024-11-06;S;32860.1;1369.2;24.0;380394.5;15849.8;347534.4
2024-11-06;NE;33064.1;1377.7;24.0;353089.9;14712.1;320025.8
2024-11-06;N;16100.0;670.8;24.0;206311.5;8596.3;190211.5
2024-11-07;SE;60658.7;2527.4;24.0;1126166.1;46923.6;1065507.4
2024-11-07;S;19673.4;819.7;24.0;361947.5;15081.1;342274.1
2024-11-07;NE;33150.0;1381.2;24.0;348133.3;14505.6;314983.3
2024-11-07;N;14120.7;588.4;24.0;208103.2;8671.0;193982.5
2024-11-08;SE;49026.3;2042.8;24.0;1093205.2;45550.2;1044178.9
2024-11-08;S;32648.0;1360.3;24.0;349753.4;14573.1;317105.4
2024-11-08;NE;34237.4;1426.6;24.0;349182.4;14549.3;314945.1
2024-11-08;N;14816.6;617.4;24.0;206807.7;8617.0;191991.1
2024-11-09;SE;61032.3;2543.0;24.0;988962.2;41206.8;927929.9
2024-11-09;S;43177.7;1799.1;24.0;300802.5;12533.4;257624.8
2024-11-09;NE;34145.9;1422.7;24.0;332796.5;13866.5;298650.7
2024-11-09;N;16382.7;682.6;24.0;203934.1;8497.3;187551.4
2024-11-10;SE;92928.8;3872.0;24.0;906287.6;37762.0;813358.8
2024-11-10;S;46998.0;1958.3;24.0;271032.1;11293.0;224034.0
2024-11-10;NE;32568.7;1357.0;24.0;306464.6;12769.4;273895.9
2024-11-10;N;14238.4;593.3;24.0;193028.1;8042.8;178789.7
2024-11-11;SE;98897.4;4120.7;24.0;1070835.8;44618.2;971938.4
2024-11-11;S;47168.0;1965.3;24.0;369566.1;15398.6;322398.1
2024-11-11;NE;29594.8;1233.1;24.0;325764.1;13573.5;296169.3
2024-11-11;N;10891.5;453.8;24.0;201269.9;8386.2;190378.4
2024-11-12;SE;102025.3;4251.1;24.0;1136500.3;47354.2;1034475.0
2024-11-12;S;36560.3;1523.3;24.0;354291.8;14762.2;317731.5
2024-11-12;NE;30526.5;1271.9;24.0;334889.2;13953.7;304362.7
2024-11-12;N;13118.3;546.6;24.0;204677.3;8528.2;191559.0
2024-11-13;SE;64599.0;2691.6;24.0;1070785.3;44616.1;1006186.3
2024-11-13;S;52123.3;2171.8;24.0;341201.5;14216.7;289078.2
2024-11-13;NE;34995.3;1458.1;24.0;346403.1;14433.5;311407.9
2024-11-13;N;15252.4;635.5;24.0;207284.6;8636.9;192032.2
2024-11-14;SE;72431.9;3018.0;24.0;1049339.2;43722.5;976907.3
2024-11-14;S;47156.0;1964.8;24.0;342973.9;14290.6;295817.9
2024-11-14;NE;33240.9;1385.0;24.0;342287.3;14262.0;309046.4
2024-11-14;N;13368.1;557.0;24.0;202728.6;8447.0;189360.4
2024-11-15;SE;70115.0;2921.5;24.0;983095.7;40962.3;912980.8
2024-11-15;S;44104.1;1837.7;24.0;309386.6;12891.1;265282.5
2024-11-15;NE;35675.7;1486.5;24.0;319047.6;13293.6;283371.9
2024-11-15;N;12570.6;523.8;24.0;191647.4;7985.3;179076.8
2024-11-16;SE;66483.2;2770.1;24.0;971197.2;40466.5;904714.0
2024-11-16;S;44432.5;1851.4;24.0;312326.5;13013.6;267893.9
2024-11-16;NE;36608.7;1525.4;24.0;321134.0;13380.6;284525.3
2024-11-16;N;15093.2;628.9;24.0;192392.7;8016.4;177299.5
2024-11-17;SE;76376.0;3182.3;24.0;909866.9;37911.1;833490.9
2024-11-17;S;46712.0;1946.3;24.0;302488.6;12603.7;255776.6
2024-11-17;NE;35280.1;1470.0;24.0;302732.9;12613.9;267452.8
2024-11-17;N;15398.2;641.6;24.0;187449.4;7810.4;172051.1
2024-11-18;SE;100714.9;4196.5;24.0;1099453.0;45810.5;998738.1
2024-11-18;S;40426.2;1684.4;24.0;381571.8;15898.8;341145.6
2024-11-18;NE;34504.8;1437.7;24.0;343528.0;14313.7;309023.3
2024-11-18;N;15310.7;637.9;24.0;208767.6;8698.6;193456.8
2024-11-19;SE;104805.3;4366.9;24.0;1146928.6;47788.7;1042123.2
2024-11-19;S;27723.8;1155.2;24.0;374460.0;15602.5;346736.1
2024-11-19;NE;34604.3;1441.8;24.0;347884.3;14495.2;313280.0
2024-11-19;N;14815.9;617.3;24.0;207159.4;8631.6;192343.5
2024-11-20;SE;99813.2;4158.9;24.0;1102272.9;45928.0;1002459.7
2024-11-20;S;29424.6;1226.0;24.0;338492.5;14103.9;309067.9
2024-11-20;NE;36143.0;1506.0;24.0;330019.8;13750.8;293876.8
2024-11-20;N;15609.0;650.4;24.0;197370.4;8223.8;181761.5
2024-11-21;SE;83174.0;3465.6;24.0;1148476.4;47853.2;1065302.4
2024-11-21;S;26023.3;1084.3;24.0;355108.4;14796.2;329085.1
2024-11-21;NE;35893.1;1495.5;24.0;351678.3;14653.3;315785.2
2024-11-21;N;15256.6;635.7;24.0;204134.9;8505.6;188878.3
2024-11-22;SE;64416.0;2684.0;24.0;1092448.6;45518.7;1028032.6
2024-11-22;S;23931.8;997.2;24.0;346432.0;14434.7;322500.3
2024-11-22;NE;36150.1;1506.3;24.0;349855.0;14577.3;313704.9
2024-11-22;N;15771.9;657.2;24.0;204419.8;8517.5;188647.9
2024-11-23;SE;74413.7;3100.6;24.0;987845.1;41160.2;913431.4
2024-11-23;S;39234.2;1634.8;24.0;313253.4;13052.2;274019.3
2024-11-23;NE;34673.2;1444.7;24.0;332663.0;13861.0;297989.9
2024-11-23;N;15055.2;627.3;24.0;197744.3;8239.3;182689.1
2024-11-24;SE;91931.0;3830.5;24.0;902936.0;37622.3;811005.0
2024-11-24;S;49665.2;2069.4;24.0;280804.9;11700.2;231139.7
2024-11-24;NE;29950.9;1248.0;24.0;306962.3;12790.1;277011.4
2024-11-24;N;15157.4;631.6;24.0;192495.8;8020.7;177338.4
2024-11-25;SE;93399.8;3891.7;24.0;1066857.6;44452.4;973457.8
2024-11-25;S;47241.2;1968.4;24.0;369372.4;15390.5;322131.3
2024-11-25;NE;27553.1;1148.0;24.0;337092.6;14045.5;309539.5
2024-11-25;N;14022.4;584.3;24.0;204660.8;8527.5;190638.4
2024-11-26;SE;102221.9;4259.2;24.0;1136555.3;47356.5;1034333.5
2024-11-26;S;40867.1;1702.8;24.0;404827.4;16867.8;363960.3
2024-11-26;NE;31931.6;1330.5;24.0;337354.0;14056.4;305422.4
2024-11-26;N;13894.7;578.9;24.0;203640.9;8485.0;189746.1
2024-11-27;SE;107630.8;4484.6;24.0;1214446.3;50601.9;1106815.5
2024-11-27;S;41540.8;1730.9;24.0;422476.3;17603.2;380935.5
2024-11-27;NE;34611.2;1442.1;24.0;338413.3;14100.6;303802.2
2024-11-27;N;15492.4;645.5;24.0;206171.2;8590.5;190678.8
2024-11-28;SE;100089.5;4170.4;24.0;1257653.8;52402.2;1157564.3
2024-11-28;S;24180.2;1007.5;24.0;388300.2;16179.2;364119.9
2024-11-28;NE;35976.4;1499.0;24.0;343217.4;14300.7;307241.1
2024-11-28;N;15904.9;662.7;24.0;209603.8;8733.5;193698.9
2024-11-29;SE;78309.0;3262.9;24.0;1210667.5;50444.5;1132358.5
2024-11-29;S;31961.7;1331.7;24.0;371546.1;15481.1;339584.5
2024-11-29;NE;38317.1;1596.5;24.0;350176.7;14590.7;311859.6
2024-11-29;N;15487.1;645.3;24.0;210414.2;8767.3;194927.1
2024-11-30;SE;89797.0;3741.5;24.0;1121730.8;46738.8;1031933.8
2024-11-30;S;38791.7;1616.3;24.0;328967.4;13707.0;290175.7
2024-11-30;NE;38107.5;1587.8;24.0;331425.8;13809.4;293318.3
2024-11-30;N;15554.7;648.1;24.0;205774.1;8573.9;190219.4
2024-12-01;SE;88863.6;3702.6;24.0;1009700.7;42070.9;920837.1
2024-12-01;S;42960.0;1790.0;24.0;303603.3;12650.1;260643.4
2024-12-01;NE;38086.3;1586.9;24.0;314471.2;13103.0;276385.0
2024-12-01;N;14812.3;617.2;24.0;196511.6;8188.0;181699.3
2024-12-02;SE;82898.6;3454.1;24.0;1194379.1;49765.8;1111480.6
2024-12-02;S;29380.4;1224.2;24.0;367964.8;15331.9;338584.4
2024-12-02;NE;33436.3;1393.2;24.0;347195.0;14466.5;313758.7
2024-12-02;N;13881.3;578.4;24.0;206188.3;8591.2;192307.0
2024-12-03;SE;62344.0;2597.7;24.0;1162980.2;48457.5;1100636.2
2024-12-03;S;36171.2;1507.1;24.0;358282.7;14928.4;322111.5
2024-12-03;NE;33420.2;1392.5;24.0;349440.5;14560.0;316020.3
2024-12-03;N;13593.2;566.4;24.0;204040.4;8501.7;190447.3
2024-12-04;SE;51077.6;2128.2;24.0;1096466.2;45686.1;1045388.5
2024-12-04;S;30086.2;1253.6;24.0;345201.1;14383.4;315114.9
2024-12-04;NE;32531.6;1355.5;24.0;343348.6;14306.2;310817.0
2024-12-04;N;13378.3;557.4;24.0;202585.8;8441.1;189207.5
2024-12-05;SE;71033.4;2959.7;24.0;1112117.5;46338.2;1041084.1
2024-12-05;S;44204.1;1841.8;24.0;367821.2;15325.9;323617.1
2024-12-05;NE;34666.4;1444.4;24.0;343551.1;14314.6;308884.7
2024-12-05;N;11448.7;477.0;24.0;197843.9;8243.5;186395.2
2024-12-06;SE;114092.3;4753.8;24.0;1195293.3;49803.9;1081201.1
2024-12-06;S;35667.4;1486.1;24.0;389756.8;16239.9;354089.5
2024-12-06;NE;33605.7;1400.2;24.0;344188.1;14341.2;310582.4
2024-12-06;N;12238.6;509.9;24.0;190676.4;7944.9;178437.8
2024-12-07;SE;116180.6;4840.9;24.0;1140492.9;47520.5;1024312.3
2024-12-07;S;18864.8;786.0;24.0;319181.0;13299.2;300316.3
2024-12-07;NE;33090.6;1378.8;24.0;325867.7;13577.8;292777.1
2024-12-07;N;12889.6;537.1;24.0;179924.8;7496.9;167035.2
2024-12-08;SE;99208.3;4133.7;24.0;1047439.6;43643.3;948231.3
2024-12-08;S;19312.5;804.7;24.0;260446.9;10852.0;241134.4
2024-12-08;NE;34354.4;1431.4;24.0;307957.9;12831.6;273603.5
2024-12-08;N;15401.8;641.7;24.0;180809.3;7533.7;165407.5
2024-12-09;SE;96671.1;4028.0;24.0;1197985.3;49916.1;1101314.2
2024-12-09;S;17130.5;713.8;24.0;326055.7;13585.7;308925.2
2024-12-09;NE;37183.7;1549.3;24.0;346944.5;14456.0;309760.8
2024-12-09;N;14875.4;619.8;24.0;197861.8;8244.2;182986.3
2024-12-10;SE;89697.7;3737.4;24.0;1197808.9;49908.7;1108111.2
2024-12-10;S;35282.7;1470.1;24.0;343834.6;14326.4;308551.8
2024-12-10;NE;37424.6;1559.4;24.0;352431.5;14684.6;315006.9
2024-12-10;N;13157.5;548.2;24.0;197214.8;8217.3;184057.3
2024-12-11;SE;94079.6;3920.0;24.0;1149494.6;47895.6;1055415.0
2024-12-11;S;45537.6;1897.4;24.0;353771.4;14740.5;308233.8
2024-12-11;NE;37114.2;1546.4;24.0;353768.6;14740.4;316654.4
2024-12-11;N;14028.1;584.5;24.0;193375.6;8057.3;179347.5
2024-12-12;SE;97672.0;4069.7;24.0;1140877.1;47536.5;1043205.1
2024-12-12;S;46866.6;1952.8;24.0;367798.3;15324.9;320931.7
2024-12-12;NE;36721.1;1530.0;24.0;355195.4;14799.8;318474.2
2024-12-12;N;15318.5;638.3;24.0;198748.1;8281.2;183429.6
2024-12-13;SE;90842.0;3785.1;24.0;1137851.4;47410.5;1047009.4
2024-12-13;S;29027.0;1209.5;24.0;364309.1;15179.5;335282.1
2024-12-13;NE;36979.4;1540.8;24.0;356965.1;14873.5;319985.7
2024-12-13;N;14160.5;590.0;24.0;200643.6;8360.2;186483.1
2024-12-14;SE;77693.4;3237.2;24.0;1060777.4;44199.1;983084.0
2024-12-14;S;30220.8;1259.2;24.0;311829.2;12992.9;281608.4
2024-12-14;NE;33469.4;1394.6;24.0;333126.8;13880.3;299657.4
2024-12-14;N;12994.5;541.4;24.0;189912.0;7913.0;176917.5
2024-12-15;SE;80412.8;3350.5;24.0;966384.6;40266.0;885971.8
2024-12-15;S;45160.2;1881.7;24.0;277429.6;11559.6;232269.4
2024-12-15;NE;34679.7;1445.0;24.0;314672.5;13111.4;279992.8
2024-12-15;N;13608.1;567.0;24.0;183658.3;7652.4;170050.2
2024-12-16;SE;94713.0;3946.4;24.0;1138236.9;47426.5;1043523.9
2024-12-16;S;42613.7;1775.6;24.0;341666.3;14236.1;299052.6
2024-12-16;NE;36018.4;1500.8;24.0;351078.5;14628.3;315060.1
2024-12-16;N;14147.4;589.5;24.0;196222.1;8175.9;182074.7
2024-12-17;SE;104301.6;4345.9;24.0;1152342.5;48014.3;1048040.9
2024-12-17;S;51247.3;2135.3;24.0;352804.1;14700.2;301556.8
2024-12-17;NE;37460.6;1560.9;24.0;358391.0;14933.0;320930.4
2024-12-17;N;12917.7;538.2;24.0;194010.1;8083.8;181092.4
2024-12-18;SE;103598.7;4316.6;24.0;1139352.9;47473.0;1035754.2
2024-12-18;S;52374.4;2182.3;24.0;354602.3;14775.1;302227.9
2024-12-18;NE;36344.4;1514.4;24.0;355429.7;14809.6;319085.3
2024-12-18;N;12902.4;537.6;24.0;192456.5;8019.0;179554.2
2024-12-19;SE;105773.0;4407.2;24.0;1162426.7;48434.4;1056653.7
2024-12-19;S;32601.0;1358.4;24.0;354386.6;14766.1;321785.7
2024-12-19;NE;34694.1;1445.6;24.0;350647.6;14610.3;315953.5
2024-12-19;N;13114.8;546.5;24.0;194758.2;8114.9;181643.4
2024-12-20;SE;99740.7;4155.9;24.0;1158806.5;48283.6;1059065.8
2024-12-20;S;36415.5;1517.3;24.0;345772.9;14407.2;309357.4
2024-12-20;NE;35776.3;1490.7;24.0;348712.7;14529.7;312936.3
2024-12-20;N;14201.5;591.7;24.0;197272.4;8219.7;183070.9
2024-12-21;SE;69289.3;2887.1;24.0;1047635.2;43651.5;978345.9
2024-12-21;S;43287.6;1803.7;24.0;319297.0;13304.0;276009.4
2024-12-21;NE;35578.9;1482.5;24.0;330279.3;13761.6;294700.4
2024-12-21;N;15095.3;629.0;24.0;191709.5;7987.9;176614.2
2024-12-22;SE;67896.8;2829.0;24.0;966950.1;40289.6;899053.3
2024-12-22;S;36788.8;1532.9;24.0;278744.6;11614.4;241955.9
2024-12-22;NE;36573.6;1523.9;24.0;316767.7;13198.7;280194.0
2024-12-22;N;14984.2;624.3;24.0;187378.3;7807.4;172394.1
2024-12-23;SE;82630.3;3442.9;24.0;1039698.5;43320.8;957068.2
2024-12-23;S;46241.9;1926.7;24.0;294576.3;12274.0;248334.3
2024-12-23;NE;37324.1;1555.2;24.0;339377.0;14140.7;302052.8
2024-12-23;N;13693.3;570.6;24.0;195637.7;8151.6;181944.5
2024-12-24;SE;83148.7;3464.5;24.0;966181.9;40257.6;883033.2
2024-12-24;S;46464.1;1936.0;24.0;284430.6;11851.3;237966.6
2024-12-24;NE;34998.1;1458.3;24.0;322665.4;13444.4;287667.3
2024-12-24;N;11586.0;482.8;24.0;187385.8;7807.7;175799.8
2024-12-25;SE;70179.3;2924.1;24.0;876899.1;36537.5;806719.8
2024-12-25;S;34112.4;1421.3;24.0;251688.5;10487.0;217576.1
2024-12-25;NE;35051.7;1460.5;24.0;293720.8;12238.4;258669.1
2024-12-25;N;11551.7;481.3;24.0;173673.2;7236.4;162121.5
2024-12-26;SE;60425.1;2517.7;24.0;1012242.2;42176.8;951817.1
2024-12-26;S;49320.2;2055.0;24.0;289473.5;12061.4;240153.2
2024-12-26;NE;37713.5;1571.4;24.0;332653.3;13860.6;294939.8
2024-12-26;N;12748.0;531.2;24.0;186606.1;7775.3;173858.1
2024-12-27;SE;62108.1;2587.8;24.0;1022823.3;42617.6;960715.2
2024-12-27;S;54869.4;2286.2;24.0;314105.4;13087.7;259236.1
2024-12-27;NE;37303.9;1554.3;24.0;341109.5;14212.9;303805.5
2024-12-27;N;13584.5;566.0;24.0;189366.0;7890.3;175781.5
2024-12-28;SE;82281.9;3428.4;24.0;994405.8;41433.6;912123.9
2024-12-28;S;54371.8;2265.5;24.0;308590.6;12857.9;254218.9
2024-12-28;NE;36291.1;1512.1;24.0;332270.8;13844.6;295979.7
2024-12-28;N;13967.4;582.0;24.0;188665.3;7861.1;174697.9
2024-12-29;SE;84510.5;3521.3;24.0;938209.1;39092.0;853698.6
2024-12-29;S;47119.2;1963.3;24.0;284831.1;11868.0;237711.9
2024-12-29;NE;34364.6;1431.9;24.0;314751.8;13114.7;280387.2
2024-12-29;N;11966.4;498.6;24.0;178996.6;7458.2;167030.2
2024-12-30;SE;92133.6;3838.9;24.0;993800.6;41408.4;901666.9
2024-12-30;S;45901.4;1912.6;24.0;309176.0;12882.3;263274.6
2024-12-30;NE;37052.9;1543.9;24.0;335456.3;13977.3;298403.4
2024-12-30;N;11432.3;476.3;24.0;184514.3;7688.1;173082.0
2024-12-31;SE;100202.2;4175.1;24.0;960365.7;40015.2;860163.4
2024-12-31;S;48026.2;2001.1;24.0;296007.6;12333.7;247981.4
2024-12-31;NE;35404.7;1475.2;24.0;320642.7;13360.1;285238.0
2024-12-31;N;13001.5;541.7;24.0;183229.2;7634.6;170227.7
2025-01-01;SE;93352.4;3889.7;24.0;886120.7;36921.7;792768.3
2025-01-01;S;49337.1;2055.7;24.0;273224.6;11384.4;223887.6
2025-01-01;NE;37408.6;1558.7;24.0;293197.8;12216.6;255789.2
2025-01-01;N;14469.1;602.9;24.0;174735.5;7280.6;160266.4
2025-01-02;SE;103329.0;4305.4;24.0;1051098.9;43795.8;947769.8
2025-01-02;S;47071.7;1961.3;24.0;328372.0;13682.2;281300.3
2025-01-02;NE;35983.2;1499.3;24.0;339439.8;14143.3;303456.5
2025-01-02;N;14381.9;599.2;24.0;187955.8;7831.5;173573.9
2025-01-03;SE;91373.1;3807.2;24.0;1096639.7;45693.3;1005266.5
2025-01-03;S;52656.4;2194.0;24.0;343387.4;14307.8;290731.0
2025-01-03;NE;37708.5;1571.2;24.0;350955.0;14623.1;313246.5
2025-01-03;N;13085.9;545.2;24.0;189175.5;7882.3;176089.6
2025-01-04;SE;85975.6;3582.3;24.0;1050880.5;43786.7;964904.8
2025-01-04;S;52894.3;2203.9;24.0;314559.1;13106.6;261664.8
2025-01-04;NE;36407.7;1517.0;24.0;334120.3;13921.7;297712.5
2025-01-04;N;13489.1;562.0;24.0;181707.3;7571.1;168218.2
2025-01-05;SE;98445.7;4101.9;24.0;978993.2;40791.4;880547.5
2025-01-05;S;55299.5;2304.1;24.0;289421.0;12059.2;234121.5
2025-01-05;NE;36051.6;1502.2;24.0;319282.6;13303.4;283230.9
2025-01-05;N;11812.2;492.2;24.0;173634.2;7234.8;161822.0
2025-01-06;SE;99073.1;4128.0;24.0;1127738.3;46989.1;1028665.2
2025-01-06;S;53128.9;2213.7;24.0;349800.8;14575.0;296672.0
2025-01-06;NE;34173.4;1423.9;24.0;351710.2;14654.6;317536.8
2025-01-06;N;10336.8;430.7;24.0;184221.6;7675.9;173884.8
2025-01-07;SE;94051.2;3918.8;24.0;1153130.4;48047.1;1059079.3
2025-01-07;S;48992.6;2041.4;24.0;364280.9;15178.4;315288.2
2025-01-07;NE;37322.4;1555.1;24.0;352374.4;14682.3;315052.0
2025-01-07;N;11792.8;491.4;24.0;188214.8;7842.3;176422.0
2025-01-08;SE;84581.0;3524.2;24.0;1148141.8;47839.2;1063560.8
2025-01-08;S;46692.4;1945.5;24.0;374537.6;15605.7;327845.2
2025-01-08;NE;34524.6;1438.5;24.0;350984.9;14624.4;316460.3
2025-01-08;N;10909.7;454.6;24.0;187381.6;7807.6;176471.9
2025-01-09;SE;83816.3;3492.3;24.0;1130334.0;47097.3;1046517.7
2025-01-09;S;47012.2;1958.8;24.0;376190.4;15674.6;329178.2
2025-01-09;NE;31597.5;1316.6;24.0;353492.2;14728.8;321894.7
2025-01-09;N;10708.0;446.2;24.0;189127.0;7880.3;178419.0
2025-01-10;SE;96090.6;4003.8;24.0;1123864.6;46827.7;1027774.0
2025-01-10;S;47490.8;1978.8;24.0;381915.3;15913.1;334424.5
2025-01-10;NE;27096.7;1129.0;24.0;342273.7;14261.4;315177.0
2025-01-10;N;9632.4;401.3;24.0;188032.6;7834.7;178400.2
2025-01-11;SE;107051.8;4460.5;24.0;1059736.0;44155.7;952684.1
2025-01-11;S;41850.9;1743.8;24.0;334162.4;13923.4;292311.5
2025-01-11;NE;22630.8;943.0;24.0;317093.3;13212.2;294462.4
2025-01-11;N;10847.9;452.0;24.0;184263.7;7677.7;173415.8
2025-01-12;SE;88102.4;3670.9;24.0;972382.9;40516.0;884280.4
2025-01-12;S;43414.9;1809.0;24.0;290999.7;12125.0;247584.9
2025-01-12;NE;20029.3;834.6;24.0;294259.9;12260.8;274230.6
2025-01-12;N;10291.2;428.8;24.0;176154.1;7339.8;165862.9
2025-01-13;SE;78051.5;3252.1;24.0;1097208.1;45717.0;1019156.6
2025-01-13;S;48772.1;2032.2;24.0;373361.2;15556.7;324589.2
2025-01-13;NE;20655.1;860.6;24.0;311959.0;12998.3;291303.9
2025-01-13;N;9891.9;412.2;24.0;188176.5;7840.7;178284.6
2025-01-14;SE;72604.5;3025.2;24.0;1104511.4;46021.3;1031906.9
2025-01-14;S;50602.4;2108.4;24.0;395111.5;16463.0;344509.1
2025-01-14;NE;19276.6;803.2;24.0;314714.5;13113.1;295437.9
2025-01-14;N;7176.7;299.0;24.0;183627.5;7651.1;176450.8
2025-01-15;SE;73095.2;3045.6;24.0;1123616.9;46817.4;1050521.7
2025-01-15;S;47584.1;1982.7;24.0;398715.2;16613.1;351131.1
2025-01-15;NE;21232.2;884.7;24.0;308490.3;12853.8;287258.1
2025-01-15;N;9334.1;388.9;24.0;184269.1;7677.9;174935.0
2025-01-16;SE;65212.7;2717.2;24.0;1147908.5;47829.5;1082695.8
2025-01-16;S;46885.9;1953.6;24.0;408756.2;17031.5;361870.3
2025-01-16;NE;31879.4;1328.3;24.0;317236.1;13218.2;285356.7
2025-01-16;N;8953.9;373.1;24.0;183498.3;7645.8;174544.5
2025-01-17;SE;83027.7;3459.5;24.0;1185898.7;49412.4;1102871.0
2025-01-17;S;40497.0;1687.4;24.0;413591.3;17233.0;373094.3
2025-01-17;NE;34983.7;1457.7;24.0;322428.6;13434.5;287444.9
2025-01-17;N;10420.7;434.2;24.0;184619.8;7692.5;174199.0
2025-01-18;SE;97261.0;4052.5;24.0;1122050.2;46752.1;1024789.2
2025-01-18;S;42383.1;1766.0;24.0;374045.4;15585.2;331662.3
2025-01-18;NE;32265.1;1344.4;24.0;308578.9;12857.5;276313.8
2025-01-18;N;9456.9;394.0;24.0;178113.4;7421.4;168656.5
2025-01-19;SE;103279.6;4303.3;24.0;1068476.9;44519.9;965197.4
2025-01-19;S;42516.4;1771.5;24.0;341949.8;14247.9;299433.4
2025-01-19;NE;27825.8;1159.4;24.0;286141.5;11922.6;258315.6
2025-01-19;N;11746.3;489.4;24.0;165958.6;6914.9;154212.3
2025-01-20;SE;106744.1;4447.7;24.0;1228093.9;51170.6;1121349.8
2025-01-20;S;33447.0;1393.6;24.0;407247.0;16968.6;373800.0
2025-01-20;NE;32369.6;1348.7;24.0;318169.7;13257.1;285800.0
2025-01-20;N;12633.2;526.4;24.0;187131.4;7797.1;174498.2
2025-01-21;SE;108363.3;4515.1;24.0;1294659.8;53944.2;1186296.5
2025-01-21;S;44601.4;1858.4;24.0;415210.7;17300.4;370609.4
2025-01-21;NE;36999.3;1541.6;24.0;332670.4;13861.3;295671.1
2025-01-21;N;14187.8;591.2;24.0;189318.9;7888.3;175131.1
2025-01-22;SE;115319.6;4805.0;24.0;1316321.5;54846.7;1201001.9
2025-01-22;S;50060.1;2085.8;24.0;434845.0;18118.5;384784.9
2025-01-22;NE;35288.3;1470.3;24.0;332500.5;13854.2;297212.2
2025-01-22;N;13969.7;582.1;24.0;189186.6;7882.8;175216.9
2025-01-23;SE;110742.7;4614.3;24.0;1281876.4;53411.5;1171133.6
2025-01-23;S;49339.7;2055.8;24.0;442864.0;18452.7;393524.3
2025-01-23;NE;34878.6;1453.3;24.0;330239.6;13760.0;295361.0
2025-01-23;N;13750.3;572.9;24.0;189892.8;7912.2;176142.5
2025-01-24;SE;113385.5;4724.4;24.0;1264441.9;52685.1;1151056.3
2025-01-24;S;32911.7;1371.3;24.0;420925.1;17538.5;388013.4
2025-01-24;NE;36131.4;1505.5;24.0;331593.1;13816.4;295461.7
2025-01-24;N;11558.9;481.6;24.0;187064.8;7794.4;175506.0
2025-01-25;SE;114008.2;4750.3;24.0;1185587.0;49399.5;1071578.8
2025-01-25;S;40359.4;1681.6;24.0;362089.3;15087.1;321729.9
2025-01-25;NE;36385.1;1516.0;24.0;312580.3;13024.2;276195.2
2025-01-25;N;13896.7;579.0;24.0;179473.4;7478.1;165576.7
2025-01-26;SE;100248.6;4177.0;24.0;1089455.3;45394.0;989206.7
2025-01-26;S;44616.2;1859.0;24.0;310777.0;12949.0;266160.8
2025-01-26;NE;32852.4;1368.8;24.0;294035.7;12251.5;261183.3
2025-01-26;N;15084.5;628.5;24.0;175891.7;7328.8;160807.2
2025-01-27;SE;85002.8;3541.8;24.0;1211660.0;50485.8;1126657.2
2025-01-27;S;39230.6;1634.6;24.0;399008.9;16625.4;359778.3
2025-01-27;NE;35462.5;1477.6;24.0;325001.9;13541.7;289539.4
2025-01-27;N;13590.2;566.3;24.0;191205.6;7966.9;177615.4
2025-01-28;SE;92242.2;3843.4;24.0;1227641.5;51151.7;1135399.2
2025-01-28;S;35054.5;1460.6;24.0;403911.1;16829.6;368856.6
2025-01-28;NE;34540.3;1439.2;24.0;332842.9;13868.5;298302.6
2025-01-28;N;15022.0;625.9;24.0;197814.1;8242.3;182792.1
2025-01-29;SE;86219.7;3592.5;24.0;1230715.1;51279.8;1144495.5
2025-01-29;S;41814.5;1742.3;24.0;411588.6;17149.5;369774.1
2025-01-29;NE;34536.7;1439.0;24.0;333235.8;13884.8;298699.2
2025-01-29;N;14179.6;590.8;24.0;196192.8;8174.7;182013.2
2025-01-30;SE;77505.3;3229.4;24.0;1199575.3;49982.3;1122070.0
2025-01-30;S;36046.9;1502.0;24.0;399731.6;16655.5;363684.7
2025-01-30;NE;33465.6;1394.4;24.0;329749.0;13739.5;296283.4
2025-01-30;N;11845.1;493.5;24.0;191163.4;7965.1;179318.3
2025-01-31;SE;68045.1;2835.2;24.0;1179804.2;49158.5;1111759.1
2025-01-31;S;41008.8;1708.7;24.0;394404.2;16433.5;353395.4
2025-01-31;NE;38888.1;1620.3;24.0;332836.6;13868.2;293948.5
2025-01-31;N;11225.2;467.7;24.0;190750.7;7947.9;179525.5
2025-02-01;SE;64160.9;2673.4;24.0;1073178.5;44715.8;1009017.7
2025-02-01;S;43236.8;1801.5;24.0;355246.1;14801.9;312009.3
2025-02-01;NE;38502.6;1604.3;24.0;316780.6;13199.2;278278.0
2025-02-01;N;9667.8;402.8;24.0;180566.0;7523.6;170898.2
2025-02-02;SE;74334.5;3097.3;24.0;1011181.9;42132.6;936847.4
2025-02-02;S;45827.4;1909.5;24.0;328139.9;13672.5;282312.5
2025-02-02;NE;37762.3;1573.4;24.0;300974.1;12540.6;263211.8
2025-02-02;N;8539.0;355.8;24.0;172030.2;7167.9;163491.2
2025-02-03;SE;76911.3;3204.6;24.0;1172214.9;48842.3;1095303.6
2025-02-03;S;45551.2;1898.0;24.0;427146.0;17797.7;381594.7
2025-02-03;NE;38034.2;1584.8;24.0;339928.6;14163.7;301894.3
2025-02-03;N;10840.0;451.7;24.0;184538.6;7689.1;173698.6
2025-02-04;SE;88654.5;3693.9;24.0;1213578.5;50565.8;1124923.9
2025-02-04;S;42457.4;1769.1;24.0;446835.6;18618.1;404378.1
2025-02-04;NE;35854.4;1493.9;24.0;338149.4;14089.6;302295.0
2025-02-04;N;11729.6;488.7;24.0;186271.9;7761.3;174542.3
2025-02-05;SE;94005.2;3916.9;24.0;1228663.9;51194.3;1134658.7
2025-02-05;S;38552.9;1606.4;24.0;447860.0;18660.8;409307.1
2025-02-05;NE;31628.9;1317.9;24.0;330798.5;13783.3;299169.6
2025-02-05;N;15358.9;640.0;24.0;195704.2;8154.3;180345.4
2025-02-06;SE;106550.4;4439.6;24.0;1258448.0;52435.3;1151897.6
2025-02-06;S;33874.4;1411.4;24.0;434728.8;18113.7;400854.4
2025-02-06;NE;25034.2;1043.1;24.0;320662.2;13360.9;295628.0
2025-02-06;N;13594.2;566.4;24.0;190726.7;7946.9;177132.4
2025-02-07;SE;112269.7;4677.9;24.0;1276394.7;53183.1;1164125.0
2025-02-07;S;41360.2;1723.3;24.0;421605.5;17566.9;380245.3
2025-02-07;NE;33805.9;1408.6;24.0;326081.2;13586.7;292275.3
2025-02-07;N;12951.6;539.6;24.0;189538.8;7897.5;176587.2
2025-02-08;SE;109834.1;4576.4;24.0;1161054.9;48377.3;1051220.8
2025-02-08;S;48704.3;2029.3;24.0;368480.1;15353.3;319775.9
2025-02-08;NE;37746.2;1572.8;24.0;315254.2;13135.6;277508.0
2025-02-08;N;12060.3;502.5;24.0;183888.0;7662.0;171827.7
2025-02-09;SE;109634.1;4568.1;24.0;1078639.0;44943.3;969004.9
2025-02-09;S;50978.1;2124.1;24.0;347324.5;14471.9;296346.4
2025-02-09;NE;33968.2;1415.3;24.0;301144.4;12547.7;267176.2
2025-02-09;N;9279.7;386.7;24.0;172321.5;7180.1;163041.7
2025-02-10;SE;106454.7;4435.6;24.0;1250980.5;52124.2;1144525.7
2025-02-10;S;51866.7;2161.1;24.0;446609.8;18608.7;394743.1
2025-02-10;NE;35815.6;1492.3;24.0;334929.1;13955.4;299113.4
2025-02-10;N;10460.9;435.9;24.0;183471.8;7644.7;173011.0
2025-02-11;SE;99044.9;4126.9;24.0;1266111.4;52754.6;1167066.5
2025-02-11;S;49598.5;2066.6;24.0;468491.1;19520.5;418892.6
2025-02-11;NE;38482.1;1603.4;24.0;339582.3;14149.3;301100.2
2025-02-11;N;12871.1;536.3;24.0;188680.1;7861.7;175809.0
2025-02-12;SE;91563.1;3815.1;24.0;1281062.9;53377.6;1189499.8
2025-02-12;S;44625.6;1859.4;24.0;452709.5;18862.9;408083.9
2025-02-12;NE;37025.1;1542.7;24.0;350083.0;14586.8;313057.8
2025-02-12;N;13013.5;542.2;24.0;189342.5;7889.3;176329.0
2025-02-13;SE;94978.9;3957.5;24.0;1290406.4;53766.9;1195427.5
2025-02-13;S;37095.7;1545.7;24.0;425340.2;17722.5;388244.6
2025-02-13;NE;37430.0;1559.6;24.0;349309.6;14554.6;311879.6
2025-02-13;N;12965.9;540.2;24.0;190405.7;7933.6;177439.9
2025-02-14;SE;100744.8;4197.7;24.0;1279626.2;53317.8;1178881.4
2025-02-14;S;41639.9;1735.0;24.0;413880.0;17245.0;372240.1
2025-02-14;NE;39606.8;1650.3;24.0;349759.2;14573.3;310152.3
2025-02-14;N;11031.2;459.6;24.0;185174.0;7715.6;174142.8
2025-02-15;SE;106305.3;4429.4;24.0;1188176.4;49507.3;1081871.1
2025-02-15;S;39478.8;1644.9;24.0;372049.6;15502.1;332570.9
2025-02-15;NE;38934.1;1622.3;24.0;335063.6;13961.0;296129.5
2025-02-15;N;10674.2;444.8;24.0;176233.3;7343.1;165559.1
2025-02-16;SE;111460.7;4644.2;24.0;1125819.1;46909.1;1014358.4
2025-02-16;S;43981.5;1832.6;24.0;345114.5;14379.8;301133.0
2025-02-16;NE;35977.8;1499.1;24.0;314478.4;13103.3;278500.6
2025-02-16;N;13100.6;545.9;24.0;170097.6;7087.4;156997.0
2025-02-17;SE;118494.6;4937.3;24.0;1330552.2;55439.7;1212057.6
2025-02-17;S;36145.0;1506.0;24.0;415332.1;17305.5;379187.1
2025-02-17;NE;36306.9;1512.8;24.0;345717.5;14404.9;309410.6
2025-02-17;N;12929.3;538.7;24.0;182748.7;7614.5;169819.4
2025-02-18;SE;111274.4;4636.4;24.0;1350395.6;56266.5;1239121.2
2025-02-18;S;32757.1;1364.9;24.0;381401.9;15891.7;348644.8
2025-02-18;NE;38425.7;1601.1;24.0;349652.7;14568.9;311227.0
2025-02-18;N;15767.9;657.0;24.0;192050.0;8002.1;176282.0
2025-02-19;SE;115063.4;4794.3;24.0;1329806.5;55408.6;1214743.1
2025-02-19;S;36188.7;1507.9;24.0;377033.7;15709.7;340845.0
2025-02-19;NE;33618.9;1400.8;24.0;353754.3;14739.8;320135.4
2025-02-19;N;14081.8;586.7;24.0;191176.8;7965.7;177095.1
2025-02-20;SE;113542.0;4730.9;24.0;1341537.0;55897.4;1227995.0
2025-02-20;S;46292.9;1928.9;24.0;403457.6;16810.7;357164.8
2025-02-20;NE;36303.9;1512.7;24.0;353410.4;14725.4;317106.5
2025-02-20;N;12608.9;525.4;24.0;190106.2;7921.1;177497.3
2025-02-21;SE;108587.6;4524.5;24.0;1331823.4;55492.6;1223235.9
2025-02-21;S;44615.8;1859.0;24.0;418770.2;17448.8;374154.4
2025-02-21;NE;36221.9;1509.2;24.0;352168.6;14673.7;315946.7
2025-02-21;N;11541.3;480.9;24.0;190518.0;7938.3;178976.7
2025-02-22;SE;110730.0;4613.7;24.0;1219906.5;50829.4;1109176.5
2025-02-22;S;44296.6;1845.7;24.0;366713.8;15279.7;322417.2
2025-02-22;NE;38068.6;1586.2;24.0;334168.1;13923.7;296099.5
2025-02-22;N;12992.3;541.3;24.0;184432.2;7684.7;171439.9
2025-02-23;SE;106526.0;4438.6;24.0;1116839.7;46535.0;1010313.7
2025-02-23;S;47679.6;1986.7;24.0;333434.4;13893.1;285754.8
2025-02-23;NE;36155.5;1506.5;24.0;323670.0;13486.3;287514.5
2025-02-23;N;13686.9;570.3;24.0;180191.5;7508.0;166504.6
2025-02-24;SE;102922.4;4288.4;24.0;1290224.2;53759.3;1187301.9
2025-02-24;S;48845.8;2035.2;24.0;435224.5;18134.4;386378.7
2025-02-24;NE;36316.2;1513.2;24.0;350859.0;14619.1;314542.8
2025-02-24;N;11928.1;497.0;24.0;192757.2;8031.6;180829.1
2025-02-25;SE;99725.0;4155.2;24.0;1307126.6;54463.6;1207401.6
2025-02-25;S;46930.4;1955.4;24.0;461888.3;19245.3;414957.8
2025-02-25;NE;33950.4;1414.6;24.0;351777.4;14657.4;317827.0
2025-02-25;N;10834.3;451.4;24.0;191576.3;7982.3;180742.1
2025-02-26;SE;101874.8;4244.8;24.0;1305648.7;54402.0;1203773.9
2025-02-26;S;43627.0;1817.8;24.0;458680.8;19111.7;415053.8
2025-02-26;NE;35184.2;1466.0;24.0;353551.5;14731.3;318367.3
2025-02-26;N;13045.8;543.6;24.0;193278.0;8053.3;180232.2
2025-02-27;SE;106381.9;4432.6;24.0;1311901.6;54662.6;1205519.7
2025-02-27;S;40243.6;1676.8;24.0;440536.2;18355.7;400292.6
2025-02-27;NE;31245.0;1301.9;24.0;352506.0;14687.7;321261.0
2025-02-27;N;12002.9;500.1;24.0;193662.9;8069.3;181660.0
2025-02-28;SE;104076.1;4336.5;24.0;1288952.5;53706.4;1184876.3
2025-02-28;S;43676.4;1819.9;24.0;440746.2;18364.4;397069.7
2025-02-28;NE;28233.7;1176.4;24.0;334990.4;13957.9;306756.8
2025-02-28;N;12144.6;506.0;24.0;195103.5;8129.3;182959.0
2025-03-01;SE;106993.1;4458.0;24.0;1166260.5;48594.2;1059267.4
2025-03-01;S;46799.5;1950.0;24.0;384604.8;16025.2;337805.3
2025-03-01;NE;30447.2;1268.6;24.0;309122.6;12880.1;278675.4
2025-03-01;N;10466.7;436.1;24.0;185185.6;7716.1;174718.8
2025-03-02;SE;102158.7;4256.6;24.0;1086406.1;45266.9;984247.5
2025-03-02;S;47305.4;1971.1;24.0;353266.4;14719.4;305961.0
2025-03-02;NE;32011.4;1333.8;24.0;292898.5;12204.1;260887.2
2025-03-02;N;11767.6;490.3;24.0;178330.0;7430.4;166562.3
2025-03-03;SE;101492.0;4228.8;24.0;1154397.0;48099.9;1052905.0
2025-03-03;S;47937.6;1997.4;24.0;421301.5;17554.2;373363.9
2025-03-03;NE;35562.2;1481.8;24.0;304992.3;12708.0;269430.1
2025-03-03;N;11183.4;466.0;24.0;181022.0;7542.6;169838.7
2025-03-04;SE;100004.9;4166.9;24.0;1142708.5;47612.9;1042703.6
2025-03-04;S;48409.6;2017.1;24.0;420895.5;17537.3;372486.0
2025-03-04;NE;33616.2;1400.7;24.0;300034.9;12501.5;266418.7
2025-03-04;N;10905.6;454.4;24.0;176446.7;7351.9;165541.1
2025-03-05;SE;98565.8;4106.9;24.0;1224091.8;51003.8;1125526.0
2025-03-05;S;47024.1;1959.3;24.0;448068.5;18669.5;401044.4
2025-03-05;NE;33568.9;1398.7;24.0;322428.9;13434.5;288860.0
2025-03-05;N;8977.9;374.1;24.0;179468.3;7477.8;170490.4
2025-03-06;SE;106501.2;4437.6;24.0;1260179.8;52507.5;1153678.6
2025-03-06;S;44751.4;1864.6;24.0;450989.8;18791.2;406238.3
2025-03-06;NE;34761.1;1448.4;24.0;340766.0;14198.6;306004.9
2025-03-06;N;10657.8;444.1;24.0;187993.1;7833.0;177335.2
2025-03-07;SE;108018.9;4500.8;24.0;1264000.2;52666.7;1155981.4
2025-03-07;S;45808.8;1908.7;24.0;444396.9;18516.5;398588.1
2025-03-07;NE;33746.3;1406.1;24.0;341975.3;14249.0;308229.0
2025-03-07;N;13250.4;552.1;24.0;191470.0;7977.9;178219.7
2025-03-08;SE;103298.1;4304.1;24.0;1170487.9;48770.3;1067189.7
2025-03-08;S;43950.6;1831.3;24.0;391848.8;16327.0;347898.2
2025-03-08;NE;34191.9;1424.7;24.0;324383.9;13516.0;290192.0
2025-03-08;N;13797.3;574.9;24.0;179788.6;7491.2;165991.3
2025-03-09;SE;105367.8;4390.3;24.0;1101281.6;45886.7;995913.7
2025-03-09;S;32343.7;1347.7;24.0;327032.7;13626.4;294689.0
2025-03-09;NE;34293.6;1428.9;24.0;307536.5;12814.0;273242.9
2025-03-09;N;12531.9;522.2;24.0;177292.1;7387.2;164760.1
2025-03-10;SE;105659.6;4402.5;24.0;1271322.9;52971.8;1165663.2
2025-03-10;S;37747.7;1572.8;24.0;373952.4;15581.4;336204.7
2025-03-10;NE;31978.3;1332.4;24.0;331243.6;13801.8;299265.4
2025-03-10;N;12893.2;537.2;24.0;192220.9;8009.2;179327.7
2025-03-11;SE;98442.5;4101.8;24.0;1282802.5;53450.1;1184360.0
2025-03-11;S;29012.2;1208.8;24.0;382507.0;15937.8;353494.8
2025-03-11;NE;34319.5;1430.0;24.0;345635.4;14401.5;311315.9
2025-03-11;N;12032.8;501.4;24.0;192189.9;8007.9;180157.0
2025-03-12;SE;101037.5;4209.9;24.0;1269433.6;52893.1;1168396.1
2025-03-12;S;27142.6;1130.9;24.0;376467.9;15686.2;349325.3
2025-03-12;NE;36836.7;1534.9;24.0;357261.5;14885.9;320424.8
2025-03-12;N;13756.8;573.2;24.0;193259.7;8052.5;179502.9
2025-03-13;SE;94836.1;3951.5;24.0;1276463.2;53186.0;1181627.1
2025-03-13;S;34077.9;1419.9;24.0;382578.6;15940.8;348500.8
2025-03-13;NE;36840.5;1535.0;24.0;353408.1;14725.3;316567.6
2025-03-13;N;13993.4;583.1;24.0;196936.2;8205.7;182942.8
2025-03-14;SE;100069.8;4169.6;24.0;1271616.3;52984.0;1171546.5
2025-03-14;S;42782.6;1782.6;24.0;372473.5;15519.7;329690.9
2025-03-14;NE;34485.7;1436.9;24.0;346931.5;14455.5;312445.8
2025-03-14;N;13747.1;572.8;24.0;196005.2;8166.9;182258.2
2025-03-15;SE;100736.0;4197.3;24.0;1180971.4;49207.1;1080235.4
2025-03-15;S;35301.2;1470.9;24.0;323108.3;13462.8;287807.2
2025-03-15;NE;33188.7;1382.9;24.0;324708.0;13529.5;291519.2
2025-03-15;N;16945.1;706.0;24.0;192177.7;8007.4;175232.6
2025-03-16;SE;94373.8;3932.2;24.0;1078013.4;44917.2;983639.7
2025-03-16;S;38693.5;1612.2;24.0;281871.0;11744.6;243177.5
2025-03-16;NE;32858.3;1369.1;24.0;305455.3;12727.3;272596.9
2025-03-16;N;12986.1;541.1;24.0;182017.3;7584.1;169031.2
2025-03-17;SE;83313.5;3471.4;24.0;1201035.4;50043.1;1117721.9
2025-03-17;S;39542.9;1647.6;24.0;378922.4;15788.4;339379.6
2025-03-17;NE;30594.5;1274.8;24.0;334942.5;13955.9;304347.9
2025-03-17;N;11269.6;469.6;24.0;190131.2;7922.1;178861.6
2025-03-18;SE;97694.9;4070.6;24.0;1232552.0;51356.3;1134857.2
2025-03-18;S;34076.1;1419.8;24.0;388135.7;16172.3;354059.6
2025-03-18;NE;33040.7;1376.7;24.0;335317.3;13971.6;302276.6
2025-03-18;N;13013.4;542.2;24.0;192590.3;8024.6;179577.0
2025-03-19;SE;79629.7;3317.9;24.0;1191062.6;49627.6;1111432.9
2025-03-19;S;44776.9;1865.7;24.0;380849.6;15868.7;336072.7
2025-03-19;NE;35592.0;1483.0;24.0;343364.9;14306.9;307772.9
2025-03-19;N;13384.1;557.7;24.0;193833.4;8076.4;180449.2
2025-03-20;SE;95990.8;3999.6;24.0;1168132.5;48672.2;1072141.7
2025-03-20;S;46065.7;1919.4;24.0;380406.5;15850.3;334340.8
2025-03-20;NE;36796.2;1533.2;24.0;351565.8;14648.6;314769.5
2025-03-20;N;12195.0;508.1;24.0;193861.6;8077.6;181666.5
2025-03-21;SE;98377.5;4099.1;24.0;1169771.0;48740.5;1071393.5
2025-03-21;S;46748.2;1947.8;24.0;378001.3;15750.1;331253.1
2025-03-21;NE;36979.3;1540.8;24.0;345972.4;14415.5;308993.1
2025-03-21;N;9810.9;408.8;24.0;193972.5;8082.2;184161.7
2025-03-22;SE;90694.8;3779.0;24.0;1091638.2;45484.9;1000943.4
2025-03-22;S;38053.9;1585.6;24.0;332903.5;13871.0;294849.6
2025-03-22;NE;37252.4;1552.2;24.0;327003.7;13625.2;289751.2
2025-03-22;N;14350.9;598.0;24.0;186711.3;7779.6;172360.3
2025-03-23;SE;88442.8;3685.1;24.0;1029851.2;42910.5;941408.4
2025-03-23;S;36839.6;1535.0;24.0;309606.0;12900.2;272766.4
2025-03-23;NE;37659.9;1569.2;24.0;305779.7;12740.8;268119.8
2025-03-23;N;14793.1;616.4;24.0;184062.1;7669.3;169269.0
2025-03-24;SE;79607.4;3317.0;24.0;1167160.2;48631.7;1087552.9
2025-03-24;S;39996.7;1666.5;24.0;400492.3;16687.2;360495.6
2025-03-24;NE;38127.8;1588.7;24.0;338702.1;14112.6;300574.3
2025-03-24;N;14434.9;601.5;24.0;199124.4;8296.8;184689.5
2025-03-25;SE;92214.5;3842.3;24.0;1204276.4;50178.2;1112061.9
2025-03-25;S;34049.7;1418.7;24.0;401818.9;16742.5;367769.1
2025-03-25;NE;37907.9;1579.5;24.0;341208.4;14217.0;303300.5
2025-03-25;N;14887.7;620.3;24.0;202576.9;8440.7;187689.1
2025-03-26;SE;80425.5;3351.1;24.0;1201306.8;50054.5;1120881.4
2025-03-26;S;28938.2;1205.8;24.0;381247.9;15885.3;352309.7
2025-03-26;NE;39880.0;1661.7;24.0;348993.2;14541.4;309113.2
2025-03-26;N;14642.7;610.1;24.0;199630.0;8317.9;184987.3
2025-03-27;SE;90808.4;3783.7;24.0;1191696.8;49654.0;1100888.4
2025-03-27;S;32489.2;1353.7;24.0;394660.1;16444.2;362170.9
2025-03-27;NE;34314.0;1429.7;24.0;345092.0;14378.8;310778.0
2025-03-27;N;13356.2;556.5;24.0;198178.4;8257.4;184822.1
2025-03-28;SE;96725.5;4030.2;24.0;1205405.5;50225.2;1108680.0
2025-03-28;S;30732.4;1280.5;24.0;386569.2;16107.1;355836.8
2025-03-28;NE;35461.2;1477.6;24.0;339960.5;14165.0;304499.2
2025-03-28;N;11988.8;499.5;24.0;195608.3;8150.3;183619.6
2025-03-29;SE;95109.7;3962.9;24.0;1128249.1;47010.4;1033139.4
2025-03-29;S;28924.5;1205.2;24.0;338496.9;14104.0;309572.4
2025-03-29;NE;37534.1;1563.9;24.0;322554.7;13439.8;285020.6
2025-03-29;N;13823.7;576.0;24.0;190433.1;7934.7;176609.3
2025-03-30;SE;93636.4;3901.5;24.0;1045147.9;43547.8;951511.6
2025-03-30;S;37188.6;1549.5;24.0;298288.4;12428.7;261099.8
2025-03-30;NE;36913.1;1538.0;24.0;303297.6;12637.4;266384.5
2025-03-30;N;13002.6;541.8;24.0;181418.7;7559.1;168416.2
2025-03-31;SE;73398.7;3058.3;24.0;1195465.5;49811.1;1122066.8
2025-03-31;S;33542.9;1397.6;24.0;392500.4;16354.2;358957.5
2025-03-31;NE;37817.3;1575.7;24.0;343223.1;14301.0;305405.8
2025-03-31;N;15213.5;633.9;24.0;194700.9;8112.5;179487.3
2025-04-01;SE;90776.7;3782.4;24.0;1220111.4;50838.0;1129334.7
2025-04-01;S;25285.6;1053.6;24.0;383504.4;15979.3;358218.8
2025-04-01;NE;35637.1;1484.9;24.0;349905.7;14579.4;314268.6
2025-04-01;N;15263.5;636.0;24.0;196522.3;8188.4;181258.7
2025-04-02;SE;94247.8;3927.0;24.0;1240821.5;51700.9;1146573.7
2025-04-02;S;25718.5;1071.6;24.0;390954.3;16289.8;365235.8
2025-04-02;NE;31998.8;1333.3;24.0;343663.4;14319.3;311664.7
2025-04-02;N;14248.5;593.7;24.0;195795.2;8158.1;181546.7
2025-04-03;SE;89112.5;3713.0;24.0;1252127.9;52172.0;1163015.4
2025-04-03;S;23416.7;975.7;24.0;378432.2;15768.0;355015.5
2025-04-03;NE;35194.8;1466.4;24.0;342568.6;14273.7;307373.8
2025-04-03;N;15741.0;655.9;24.0;197491.6;8228.8;181750.6
2025-04-04;SE;80924.6;3371.9;24.0;1218206.8;50758.6;1137282.2
2025-04-04;S;35284.3;1470.2;24.0;351890.0;14662.1;316605.7
2025-04-04;NE;37071.6;1544.7;24.0;348140.6;14505.9;311069.0
2025-04-04;N;13461.7;560.9;24.0;197995.3;8249.8;184533.6
2025-04-05;SE;60525.4;2521.9;24.0;1032267.6;43011.2;971742.2
2025-04-05;S;29819.0;1242.5;24.0;283888.4;11828.7;254069.4
2025-04-05;NE;32631.5;1359.6;24.0;326054.9;13585.6;293423.4
2025-04-05;N;13303.0;554.3;24.0;190065.0;7919.4;176762.0
2025-04-06;SE;75435.6;3143.2;24.0;919059.2;38294.1;843623.6
2025-04-06;S;38222.5;1592.6;24.0;256242.1;10676.8;218019.6
2025-04-06;NE;34278.5;1428.3;24.0;304470.1;12686.3;270191.6
2025-04-06;N;12180.1;507.5;24.0;180114.2;7504.8;167934.1
2025-04-07;SE;84668.8;3527.9;24.0;1067610.2;44483.8;982941.3
2025-04-07;S;24795.7;1033.2;24.0;330205.3;13758.6;305409.6
2025-04-07;NE;34651.8;1443.8;24.0;334204.6;13925.2;299552.7
2025-04-07;N;11066.2;461.1;24.0;191359.8;7973.3;180293.6
2025-04-08;SE;91463.5;3811.0;24.0;1110573.5;46273.9;1019110.0
2025-04-08;S;19591.5;816.3;24.0;347131.8;14463.8;327540.3
2025-04-08;NE;35996.9;1499.9;24.0;342639.6;14276.7;306642.7
2025-04-08;N;14520.1;605.0;24.0;195821.0;8159.2;181300.9
2025-04-09;SE;81130.4;3380.4;24.0;1152277.6;48011.6;1071147.2
2025-04-09;S;24337.0;1014.0;24.0;340247.8;14177.0;315910.7
2025-04-09;NE;34721.3;1446.7;24.0;346635.1;14443.1;311913.8
2025-04-09;N;15479.0;645.0;24.0;200815.2;8367.3;185336.2
2025-04-10;SE;84307.0;3512.8;24.0;1152466.2;48019.4;1068159.2
2025-04-10;S;27436.8;1143.2;24.0;341872.5;14244.7;314435.7
2025-04-10;NE;34439.5;1435.0;24.0;347982.8;14499.3;313543.3
2025-04-10;N;13918.2;579.9;24.0;204410.9;8517.1;190492.7
2025-04-11;SE;90807.3;3783.6;24.0;1126918.4;46954.9;1036111.1
2025-04-11;S;29801.5;1241.7;24.0;342198.6;14258.3;312397.1
2025-04-11;NE;32094.0;1337.3;24.0;345857.7;14410.7;313763.7
2025-04-11;N;11484.4;478.5;24.0;197752.8;8239.7;186268.4
2025-04-12;SE;88734.5;3697.3;24.0;1056549.1;44022.9;967814.6
2025-04-12;S;24429.7;1017.9;24.0;307928.4;12830.4;283498.7
2025-04-12;NE;27503.4;1146.0;24.0;320887.1;13370.3;293383.7
2025-04-12;N;13390.0;557.9;24.0;185876.6;7744.9;172486.6
2025-04-13;SE;73490.4;3062.1;24.0;976641.5;40693.4;903151.1
2025-04-13;S;17698.5;737.4;24.0;264193.6;11008.1;246495.1
2025-04-13;NE;32907.9;1371.2;24.0;299958.4;12498.3;267050.5
2025-04-13;N;10968.8;457.0;24.0;178511.8;7438.0;167543.0
2025-04-14;SE;79581.1;3315.9;24.0;1128056.8;47002.4;1048475.7
2025-04-14;S;33089.1;1378.7;24.0;327064.0;13627.7;293974.9
2025-04-14;NE;34272.8;1428.0;24.0;337042.7;14043.4;302769.9
2025-04-14;N;14175.4;590.6;24.0;198477.8;8269.9;184302.4
2025-04-15;SE;82110.2;3421.3;24.0;1142012.4;47583.8;1059902.1
2025-04-15;S;24154.0;1006.4;24.0;339273.7;14136.4;315119.7
2025-04-15;NE;35386.2;1474.4;24.0;348172.6;14507.2;312786.4
2025-04-15;N;14787.8;616.2;24.0;200306.5;8346.1;185518.7
2025-04-16;SE;59229.8;2467.9;24.0;1125697.6;46904.1;1066467.9
2025-04-16;S;31338.3;1305.8;24.0;350404.4;14600.2;319066.1
2025-04-16;NE;37260.2;1552.5;24.0;348530.2;14522.1;311269.9
2025-04-16;N;16220.7;675.9;24.0;207059.6;8627.5;190839.0
2025-04-17;SE;78789.1;3282.9;24.0;1126718.8;46946.6;1047929.7
2025-04-17;S;33235.3;1384.8;24.0;347614.2;14483.9;314378.9
2025-04-17;NE;38746.6;1614.4;24.0;343124.5;14296.9;304377.9
2025-04-17;N;16396.0;683.2;24.0;205260.1;8552.5;188864.1
2025-04-18;SE;72783.8;3032.7;24.0;993540.1;41397.5;920756.3
2025-04-18;S;22942.9;956.0;24.0;271596.4;11316.5;248653.4
2025-04-18;NE;38817.4;1617.4;24.0;303619.7;12650.8;264802.3
2025-04-18;N;16690.3;695.4;24.0;194872.5;8119.7;178182.2
2025-04-19;SE;68183.9;2841.0;24.0;994825.5;41451.1;926641.6
2025-04-19;S;25113.6;1046.4;24.0;275003.5;11458.5;249889.8
2025-04-19;NE;35586.4;1482.8;24.0;311683.0;12986.8;276096.7
2025-04-19;N;15240.6;635.0;24.0;196353.8;8181.4;181113.2
2025-04-20;SE;83023.6;3459.3;24.0;925164.3;38548.5;842140.7
2025-04-20;S;33436.1;1393.2;24.0;238015.7;9917.3;204579.6
2025-04-20;NE;34688.3;1445.3;24.0;302799.0;12616.6;268110.7
2025-04-20;N;14930.2;622.1;24.0;186882.8;7786.8;171952.6
2025-04-21;SE;79526.6;3313.6;24.0;959524.8;39980.2;879998.2
2025-04-21;S;31175.2;1299.0;24.0;266516.3;11104.8;235341.2
2025-04-21;NE;33084.1;1378.5;24.0;312477.8;13019.9;279393.8
2025-04-21;N;14704.2;612.7;24.0;191630.6;7984.6;176926.4
2025-04-22;SE;78635.0;3276.5;24.0;1059630.7;44151.3;980995.7
2025-04-22;S;33164.1;1381.8;24.0;331474.3;13811.4;298310.3
2025-04-22;NE;31695.9;1320.7;24.0;344142.0;14339.3;312446.1
2025-04-22;N;12308.0;512.8;24.0;201809.6;8408.7;189501.6
2025-04-23;SE;73426.3;3059.4;24.0;1074132.2;44755.5;1000705.9
2025-04-23;S;32119.0;1338.3;24.0;343930.3;14330.4;311811.3
2025-04-23;NE;29859.6;1244.1;24.0;337880.6;14078.4;308021.1
2025-04-23;N;10361.8;431.7;24.0;198801.6;8283.4;188439.9
2025-04-24;SE;65754.3;2739.8;24.0;1111151.5;46298.0;1045397.1
2025-04-24;S;14003.1;583.5;24.0;348526.5;14521.9;334523.4
2025-04-24;NE;31146.2;1297.8;24.0;335576.0;13982.3;304429.8
2025-04-24;N;14067.6;586.1;24.0;199683.9;8320.2;185616.4
2025-04-25;SE;56279.0;2345.0;24.0;1115785.2;46491.0;1059506.2
2025-04-25;S;26060.3;1085.8;24.0;349719.5;14571.6;323659.2
2025-04-25;NE;32760.8;1365.0;24.0;336020.7;14000.9;303259.8
2025-04-25;N;13779.0;574.1;24.0;201663.0;8402.6;187884.0
2025-04-26;SE;73836.7;3076.5;24.0;1047236.6;43634.9;973400.0
2025-04-26;S;25001.2;1041.7;24.0;310972.1;12957.2;285970.9
2025-04-26;NE;37668.3;1569.5;24.0;325381.8;13557.6;287713.5
2025-04-26;N;12841.5;535.1;24.0;190958.8;7956.6;178117.3
2025-04-27;SE;72821.5;3034.2;24.0;962936.6;40122.4;890115.1
2025-04-27;S;21212.1;883.8;24.0;280082.7;11670.1;258870.5
2025-04-27;NE;37063.6;1544.3;24.0;311803.1;12991.8;274739.4
2025-04-27;N;13289.8;553.7;24.0;183847.7;7660.3;170557.8
2025-04-28;SE;66092.9;2753.9;24.0;1118054.8;46585.6;1051962.0
2025-04-28;S;31325.5;1305.2;24.0;330785.3;13782.7;299459.8
2025-04-28;NE;31996.1;1333.2;24.0;344958.4;14373.3;312962.3
2025-04-28;N;13676.4;569.9;24.0;201119.2;8380.0;187442.8
2025-04-29;SE;69051.4;2877.1;24.0;1099356.7;45806.5;1030305.3
2025-04-29;S;36291.8;1512.2;24.0;337490.6;14062.1;301198.8
2025-04-29;NE;35336.0;1472.3;24.0;354917.2;14788.2;319581.2
2025-04-29;N;13500.3;562.5;24.0;201331.9;8388.8;187831.6
2025-04-30;SE;75974.3;3165.6;24.0;1065791.6;44408.0;989817.2
2025-04-30;S;35628.8;1484.5;24.0;327864.2;13661.0;292235.4
2025-04-30;NE;35387.2;1474.5;24.0;348936.9;14539.0;313549.7
2025-04-30;N;14730.9;613.8;24.0;199912.3;8329.7;185181.4
2025-05-01;SE;78344.9;3264.4;24.0;965124.3;40213.5;886779.4
2025-05-01;S;35842.4;1493.4;24.0;277312.0;11554.7;241469.6
2025-05-01;NE;32247.5;1343.6;24.0;311292.1;12970.5;279044.6
2025-05-01;N;14410.7;600.4;24.0;190329.9;7930.4;175919.2
2025-05-02;SE;86483.4;3603.5;24.0;1010159.6;42090.0;923676.2
2025-05-02;S;31487.7;1312.0;24.0;302889.7;12620.4;271402.1
2025-05-02;NE;31900.2;1329.2;24.0;328361.7;13681.7;296461.5
2025-05-02;N;15431.7;643.0;24.0;197594.7;8233.1;182163.0
2025-05-03;SE;86263.3;3594.3;24.0;964626.4;40192.8;878363.1
2025-05-03;S;30024.4;1251.0;24.0;273691.2;11403.8;243666.7
2025-05-03;NE;31630.7;1317.9;24.0;313328.1;13055.3;281697.4
2025-05-03;N;16274.5;678.1;24.0;194024.2;8084.3;177749.6
2025-05-04;SE;84187.7;3507.8;24.0;908320.5;37846.7;824132.8
2025-05-04;S;33785.0;1407.7;24.0;248077.8;10336.6;214292.8
2025-05-04;NE;29478.2;1228.3;24.0;296253.7;12343.9;266775.5
2025-05-04;N;15968.3;665.3;24.0;189992.1;7916.3;174023.7
2025-05-05;SE;82364.8;3431.9;24.0;1048290.4;43678.8;965925.6
2025-05-05;S;30974.3;1290.6;24.0;327256.2;13635.7;296282.0
2025-05-05;NE;31164.0;1298.5;24.0;333121.4;13880.1;301957.4
2025-05-05;N;15711.3;654.6;24.0;203633.6;8484.7;187922.3
2025-05-06;SE;82631.7;3443.0;24.0;1082529.2;45105.4;999897.4
2025-05-06;S;29225.6;1217.7;24.0;342801.1;14283.4;313575.5
2025-05-06;NE;30516.9;1271.5;24.0;338303.8;14096.0;307786.9
2025-05-06;N;15436.0;643.2;24.0;205810.7;8575.4;190374.7
2025-05-07;SE;82519.4;3438.3;24.0;1099773.3;45823.9;1017253.9
2025-05-07;S;24085.3;1003.6;24.0;349310.2;14554.6;325225.0
2025-05-07;NE;31388.4;1307.9;24.0;339466.5;14144.4;308078.0
2025-05-07;N;14886.7;620.3;24.0;202832.2;8451.3;187945.5
2025-05-08;SE;84808.8;3533.7;24.0;1115948.8;46497.9;1031140.0
2025-05-08;S;28035.7;1168.2;24.0;352334.1;14680.6;324298.4
2025-05-08;NE;32651.6;1360.5;24.0;344568.1;14357.0;311916.5
2025-05-08;N;15645.4;651.9;24.0;203821.9;8492.6;188176.5
2025-05-09;SE;85361.1;3556.7;24.0;1143183.1;47632.6;1057822.0
2025-05-09;S;24141.7;1005.9;24.0;359482.1;14978.4;335340.3
2025-05-09;NE;27495.8;1145.7;24.0;340703.9;14196.0;313208.1
2025-05-09;N;14189.5;591.2;24.0;203434.2;8476.4;189244.8
2025-05-10;SE;80109.0;3337.9;24.0;1065712.1;44404.7;985603.1
2025-05-10;S;26634.3;1109.8;24.0;282352.6;11764.7;255718.2
2025-05-10;NE;31196.5;1299.9;24.0;317399.6;13225.0;286203.1
2025-05-10;N;12855.7;535.7;24.0;194639.4;8110.0;181783.7
2025-05-11;SE;64271.9;2678.0;24.0;919907.2;38329.5;855635.3
2025-05-11;S;30080.1;1253.3;24.0;234690.3;9778.8;204610.3
2025-05-11;NE;31318.1;1304.9;24.0;301225.2;12551.1;269907.1
2025-05-11;N;12958.9;540.0;24.0;184422.2;7684.3;171463.3
2025-05-12;SE;64532.2;2688.8;24.0;1033757.9;43073.2;969225.7
2025-05-12;S;29876.6;1244.9;24.0;312272.8;13011.4;282396.2
2025-05-12;NE;32665.5;1361.1;24.0;337078.5;14044.9;304413.1
2025-05-12;N;15662.4;652.6;24.0;197930.1;8247.1;182267.7
2025-05-13;SE;69568.3;2898.7;24.0;1055750.8;43989.6;986182.4
2025-05-13;S;25826.3;1076.1;24.0;332455.9;13852.3;306629.6
2025-05-13;NE;30377.5;1265.7;24.0;338410.1;14100.4;308032.5
2025-05-13;N;15074.2;628.1;24.0;197025.2;8209.4;181951.0
2025-05-14;SE;75147.8;3131.2;24.0;1049627.9;43734.5;974480.1
2025-05-14;S;30104.3;1254.3;24.0;335827.2;13992.8;305722.9
2025-05-14;NE;30594.3;1274.8;24.0;335257.6;13969.1;304663.4
2025-05-14;N;14260.1;594.2;24.0;195506.2;8146.1;181246.1
2025-05-15;SE;77264.3;3219.3;24.0;1048893.7;43703.9;971629.4
2025-05-15;S;30878.5;1286.6;24.0;334991.6;13958.0;304113.1
2025-05-15;NE;24764.1;1031.8;24.0;326602.1;13608.4;301838.0
2025-05-15;N;14385.3;599.4;24.0;193288.4;8053.7;178903.1
2025-05-16;SE;79948.2;3331.2;24.0;1057924.7;44080.2;977976.5
2025-05-16;S;29528.9;1230.4;24.0;333670.4;13902.9;304141.4
2025-05-16;NE;22652.6;943.9;24.0;323262.5;13469.3;300609.8
2025-05-16;N;11940.8;497.5;24.0;191260.6;7969.2;179319.8
2025-05-17;SE;82372.4;3432.2;24.0;994649.2;41443.7;912276.8
2025-05-17;S;28770.1;1198.8;24.0;294330.6;12263.8;265560.5
2025-05-17;NE;24251.0;1010.5;24.0;308769.4;12865.4;284518.3
2025-05-17;N;14812.1;617.2;24.0;188723.5;7863.5;173911.3
2025-05-18;SE;82207.4;3425.3;24.0;915972.2;38165.5;833764.9
2025-05-18;S;26690.0;1112.1;24.0;260734.6;10863.9;234044.6
2025-05-18;NE;27559.2;1148.3;24.0;293362.0;12223.4;265802.7
2025-05-18;N;13693.1;570.5;24.0;180189.5;7507.9;166496.4
2025-05-19;SE;85024.0;3542.7;24.0;1060660.1;44194.2;975636.2
2025-05-19;S;20980.0;874.2;24.0;329363.9;13723.5;308383.9
2025-05-19;NE;28132.5;1172.2;24.0;321869.4;13411.2;293737.0
2025-05-19;N;14819.4;617.5;24.0;196346.1;8181.1;181526.7
2025-05-20;SE;85353.1;3556.4;24.0;1076308.2;44846.2;990955.1
2025-05-20;S;20080.8;836.7;24.0;346901.2;14454.2;326820.4
2025-05-20;NE;25707.7;1071.2;24.0;320953.0;13373.0;295245.3
2025-05-20;N;13184.2;549.3;24.0;196929.3;8205.4;183745.1
2025-05-21;SE;85508.1;3562.8;24.0;1083251.0;45135.5;997742.9
2025-05-21;S;20628.6;859.5;24.0;345506.2;14396.1;324877.5
2025-05-21;NE;21757.2;906.5;24.0;308468.4;12852.9;286711.3
2025-05-21;N;14132.8;588.9;24.0;198579.3;8274.1;184446.4
2025-05-22;SE;83176.3;3465.7;24.0;1084700.1;45195.8;1001523.8
2025-05-22;S;18850.7;785.4;24.0;339809.4;14158.7;320958.7
2025-05-22;NE;28892.4;1203.9;24.0;311233.6;12968.1;282341.2
2025-05-22;N;12652.5;527.2;24.0;200370.8;8348.8;187718.3
2025-05-23;SE;77568.5;3232.0;24.0;1077143.6;44881.0;999575.1
2025-05-23;S;23288.8;970.4;24.0;332352.6;13848.0;309063.7
2025-05-23;NE;30967.2;1290.3;24.0;318230.3;13259.6;287263.1
2025-05-23;N;14264.1;594.3;24.0;202477.3;8436.6;188213.2
2025-05-24;SE;75227.6;3134.5;24.0;987276.0;41136.5;912048.4
2025-05-24;S;18931.0;788.8;24.0;291727.8;12155.3;272796.8
2025-05-24;NE;30307.3;1262.8;24.0;313509.3;13062.9;283202.0
2025-05-24;N;14865.6;619.4;24.0;196524.1;8188.5;181658.5
2025-05-25;SE;78523.1;3271.8;24.0;902494.9;37604.0;823971.7
2025-05-25;S;23455.0;977.3;24.0;251757.0;10489.9;228302.0
2025-05-25;NE;28059.9;1169.2;24.0;289571.1;12065.5;261511.1
2025-05-25;N;15410.2;642.1;24.0;188909.6;7871.2;173499.3
2025-05-26;SE;79265.6;3302.7;24.0;1049942.9;43747.6;970677.3
2025-05-26;S;22856.4;952.4;24.0;330289.7;13762.1;307433.2
2025-05-26;NE;31923.4;1330.1;24.0;313546.7;13064.4;281623.2
2025-05-26;N;15166.3;631.9;24.0;204238.4;8509.9;189072.1
2025-05-27;SE;70594.5;2941.4;24.0;1086092.7;45253.9;1015498.2
2025-05-27;S;20423.3;851.0;24.0;341561.5;14231.7;321138.1
2025-05-27;NE;31890.1;1328.8;24.0;324726.4;13530.3;292836.3
2025-05-27;N;16135.7;672.3;24.0;201865.8;8411.1;185730.1
2025-05-28;SE;54667.1;2277.8;24.0;1086857.4;45285.7;1032190.3
2025-05-28;S;8986.1;374.4;24.0;336163.7;14006.8;327177.6
2025-05-28;NE;33309.7;1387.9;24.0;327933.6;13663.9;294623.9
2025-05-28;N;17153.3;714.7;24.0;203555.8;8481.5;186402.5
2025-05-29;SE;61340.1;2555.8;24.0;1041607.9;43400.3;980267.8
2025-05-29;S;18086.1;753.6;24.0;329718.4;13738.3;311632.3
2025-05-29;NE;30858.0;1285.8;24.0;314407.0;13100.3;283549.0
2025-05-29;N;15759.6;656.6;24.0;206439.6;8601.7;190680.1
2025-05-30;SE;70731.2;2947.1;24.0;1012843.6;42201.8;942112.5
2025-05-30;S;27771.6;1157.2;24.0;329608.2;13733.7;301836.6
2025-05-30;NE;30380.4;1265.9;24.0;322491.7;13437.2;292111.3
2025-05-30;N;15622.3;650.9;24.0;204093.6;8503.9;188471.4
2025-05-31;SE;71700.5;2987.5;24.0;949149.6;39547.9;877449.1
2025-05-31;S;27015.0;1125.6;24.0;285319.2;11888.3;258304.2
2025-05-31;NE;31103.5;1296.0;24.0;314774.2;13115.6;283670.6
2025-05-31;N;15021.7;625.9;24.0;196113.0;8171.4;181091.3
2025-06-01;SE;72558.1;3023.3;24.0;878141.2;36589.2;805583.1
2025-06-01;S;25123.7;1046.8;24.0;245625.6;10234.4;220501.9
2025-06-01;NE;29114.4;1213.1;24.0;292565.1;12190.2;263450.6
2025-06-01;N;13882.0;578.4;24.0;186944.4;7789.3;173062.4
2025-06-02;SE;72521.2;3021.7;24.0;1020501.4;42520.9;947980.2
2025-06-02;S;18718.3;779.9;24.0;328570.0;13690.4;309851.7
2025-06-02;NE;28468.7;1186.2;24.0;326855.4;13619.0;298386.7
2025-06-02;N;14979.1;624.1;24.0;200794.1;8366.4;185815.0
2025-06-03;SE;64016.2;2667.3;24.0;1050106.3;43754.4;986090.1
2025-06-03;S;16535.8;689.0;24.0;336972.6;14040.5;320436.9
2025-06-03;NE;29552.2;1231.3;24.0;332651.5;13860.5;303099.4
2025-06-03;N;14484.1;603.5;24.0;202221.5;8425.9;187737.4
2025-06-04;SE;78529.8;3272.1;24.0;1062066.3;44252.8;983536.5
2025-06-04;S;23153.7;964.7;24.0;336225.3;14009.4;313071.6
2025-06-04;NE;28398.1;1183.3;24.0;327559.3;13648.3;299161.2
2025-06-04;N;14730.6;613.8;24.0;202752.8;8448.0;188022.3
2025-06-05;SE;76218.2;3175.8;24.0;1080112.3;45004.7;1003894.1
2025-06-05;S;10444.3;435.2;24.0;340729.7;14197.1;330285.4
2025-06-05;NE;29263.8;1219.3;24.0;327518.8;13646.6;298255.0
2025-06-05;N;14933.7;622.2;24.0;203649.1;8485.4;188715.4
2025-06-06;SE;72050.9;3002.1;24.0;1077103.5;44879.3;1005052.7
2025-06-06;S;20012.1;833.8;24.0;332156.9;13839.9;312144.8
2025-06-06;NE;30331.3;1263.8;24.0;324055.1;13502.3;293723.8
2025-06-06;N;14086.1;586.9;24.0;202838.1;8451.6;188752.0
2025-06-07;SE;71470.5;2977.9;24.0;1002149.1;41756.2;930678.6
2025-06-07;S;18531.3;772.1;24.0;292416.7;12184.0;273885.4
2025-06-07;NE;33680.7;1403.4;24.0;313945.8;13081.1;280265.1
2025-06-07;N;15425.5;642.7;24.0;197175.0;8215.6;181749.5
2025-06-08;SE;69162.0;2881.8;24.0;921039.8;38376.7;851877.8
2025-06-08;S;15855.0;660.6;24.0;258009.7;10750.4;242154.6
2025-06-08;NE;30591.2;1274.6;24.0;291475.1;12144.8;260883.8
2025-06-08;N;15000.6;625.0;24.0;185500.5;7729.2;170499.9
2025-06-09;SE;56811.5;2367.1;24.0;1035060.1;43127.5;978248.6
2025-06-09;S;20940.4;872.5;24.0;330146.0;13756.1;309205.6
2025-06-09;NE;29664.6;1236.0;24.0;315681.1;13153.4;286016.4
2025-06-09;N;14138.6;589.1;24.0;198863.8;8286.0;184725.2
2025-06-10;SE;66718.3;2779.9;24.0;1038543.6;43272.7;971825.3
2025-06-10;S;26874.2;1119.8;24.0;342485.7;14270.2;315611.5
2025-06-10;NE;32292.9;1345.5;24.0;325490.6;13562.1;293197.7
2025-06-10;N;15662.1;652.6;24.0;200225.9;8342.7;184563.7
2025-06-11;SE;70437.6;2934.9;24.0;1019119.7;42463.3;948682.2
2025-06-11;S;28354.3;1181.4;24.0;341621.5;14234.2;313267.2
2025-06-11;NE;30700.1;1279.2;24.0;328999.7;13708.3;298299.6
2025-06-11;N;14784.2;616.0;24.0;200082.2;8336.8;185298.0
2025-06-12;SE;73700.7;3070.9;24.0;995133.1;41463.9;921432.4
2025-06-12;S;27895.2;1162.3;24.0;341064.0;14211.0;313168.8
2025-06-12;NE;31483.2;1311.8;24.0;331085.3;13795.2;299602.1
2025-06-12;N;13049.5;543.7;24.0;194413.5;8100.6;181364.0
2025-06-13;SE;76633.0;3193.0;24.0;989119.5;41213.3;912486.5
2025-06-13;S;25033.7;1043.1;24.0;333226.5;13884.4;308192.7
2025-06-13;NE;26266.9;1094.5;24.0;325985.1;13582.7;299718.1
2025-06-13;N;12171.8;507.2;24.0;191487.0;7978.6;179315.2
2025-06-14;SE;77740.2;3239.2;24.0;938647.5;39110.3;860907.4
2025-06-14;S;17999.8;750.0;24.0;299153.4;12464.7;281153.6
2025-06-14;NE;24136.6;1005.7;24.0;300774.8;12532.3;276638.2
2025-06-14;N;12994.2;541.4;24.0;185923.5;7746.8;172929.3
2025-06-15;SE;71787.6;2991.1;24.0;877127.2;36547.0;805339.6
2025-06-15;S;15841.0;660.0;24.0;252875.5;10536.5;237034.5
2025-06-15;NE;22788.8;949.5;24.0;277279.9;11553.3;254491.0
2025-06-15;N;14546.3;606.1;24.0;178364.1;7431.8;163817.8
2025-06-16;SE;76292.4;3178.9;24.0;1004029.6;41834.6;927737.2
2025-06-16;S;22714.1;946.4;24.0;320995.0;13374.8;298280.9
2025-06-16;NE;25183.7;1049.3;24.0;310138.3;12922.4;284954.5
2025-06-16;N;14266.7;594.4;24.0;193607.1;8067.0;179340.4
2025-06-17;SE;80265.9;3344.4;24.0;1024957.9;42706.6;944692.0
2025-06-17;S;21162.5;881.8;24.0;336907.2;14037.8;315744.7
2025-06-17;NE;24212.2;1008.8;24.0;317543.8;13231.0;293331.5
2025-06-17;N;14844.8;618.5;24.0;199190.2;8299.6;184345.4
2025-06-18;SE;77328.6;3222.0;24.0;1030264.7;42927.7;952936.1
2025-06-18;S;19687.3;820.3;24.0;335140.7;13964.2;315453.4
2025-06-18;NE;24496.3;1020.7;24.0;315345.4;13139.4;290849.0
2025-06-18;N;15447.1;643.6;24.0;201926.6;8413.6;186479.5
2025-06-19;SE;73734.8;3072.3;24.0;976759.0;40698.3;903024.2
2025-06-19;S;15034.8;626.4;24.0;303255.2;12635.6;288220.5
2025-06-19;NE;26016.4;1084.0;24.0;300386.2;12516.1;274369.7
2025-06-19;N;15042.7;626.8;24.0;193419.6;8059.1;178376.9
2025-06-20;SE;73487.1;3062.0;24.0;1002846.4;41785.3;929359.3
2025-06-20;S;9873.8;411.4;24.0;310903.0;12954.3;301029.1
2025-06-20;NE;25349.1;1056.2;24.0;309379.0;12890.8;284029.9
2025-06-20;N;15046.7;626.9;24.0;198039.2;8251.6;182992.5
2025-06-21;SE;69878.1;2911.6;24.0;941243.1;39218.5;871365.1
2025-06-21;S;17623.7;734.3;24.0;269633.8;11234.7;252010.0
2025-06-21;NE;25921.5;1080.1;24.0;293927.5;12247.0;268006.0
2025-06-21;N;13182.9;549.3;24.0;188598.0;7858.3;175415.2
2025-06-22;SE;70898.9;2954.1;24.0;884228.3;36842.8;813329.4
2025-06-22;S;13037.0;543.2;24.0;248862.3;10369.3;235825.3
2025-06-22;NE;28730.0;1197.1;24.0;274898.7;11454.1;246168.6
2025-06-22;N;13743.0;572.6;24.0;178334.3;7430.6;164591.3
2025-06-23;SE;62917.8;2621.6;24.0;1040108.4;43337.9;977190.7
2025-06-23;S;17583.0;732.6;24.0;321940.5;13414.2;304357.5
2025-06-23;NE;30298.0;1262.4;24.0;297775.9;12407.3;267477.9
2025-06-23;N;15972.9;665.5;24.0;197073.2;8211.4;181100.3
2025-06-24;SE;61281.2;2553.4;24.0;1041743.2;43406.0;980461.9
2025-06-24;S;30776.1;1282.3;24.0;334018.7;13917.4;303242.6
2025-06-24;NE;26977.4;1124.1;24.0;296413.2;12350.5;269435.8
2025-06-24;N;14847.3;618.6;24.0;201557.8;8398.2;186710.6
2025-06-25;SE;75775.5;3157.3;24.0;1000032.9;41668.0;924257.4
2025-06-25;S;30547.5;1272.8;24.0;333991.4;13916.3;303443.9
2025-06-25;NE;29435.8;1226.5;24.0;320016.8;13334.0;290581.0
2025-06-25;N;15474.2;644.8;24.0;200347.8;8347.8;184873.6
2025-06-26;SE;77653.3;3235.6;24.0;1019591.4;42483.0;941938.1
2025-06-26;S;9770.8;407.1;24.0;348666.3;14527.8;338895.5
2025-06-26;NE;28059.6;1169.1;24.0;321831.5;13409.6;293772.0
2025-06-26;N;14829.8;617.9;24.0;200723.0;8363.5;185893.2
2025-06-27;SE;73124.2;3046.8;24.0;1042723.8;43446.8;969599.6
2025-06-27;S;17979.1;749.1;24.0;335207.2;13967.0;317228.1
2025-06-27;NE;27656.1;1152.3;24.0;314320.6;13096.7;286664.6
2025-06-27;N;14670.9;611.3;24.0;199953.3;8331.4;185282.4
2025-06-28;SE;77487.5;3228.6;24.0;973412.7;40558.9;895925.2
2025-06-28;S;14854.7;618.9;24.0;294860.0;12285.8;280005.3
2025-06-28;NE;24277.6;1011.6;24.0;300226.7;12509.4;275949.1
2025-06-28;N;15065.2;627.7;24.0;191177.7;7965.7;176112.5
2025-06-29;SE;78613.3;3275.6;24.0;887269.3;36969.6;808656.0
2025-06-29;S;12474.5;519.8;24.0;258117.9;10754.9;245643.4
2025-06-29;NE;25868.4;1077.9;24.0;274972.6;11457.2;249104.2
2025-06-29;N;14994.0;624.8;24.0;183842.7;7660.1;168848.7
2025-06-30;SE;69269.9;2886.2;24.0;1008616.7;42025.7;939346.9
2025-06-30;S;12836.0;534.8;24.0;348790.2;14532.9;335954.2
2025-06-30;NE;27334.0;1138.9;24.0;305735.0;12739.0;278401.1
2025-06-30;N;13760.6;573.4;24.0;196081.3;8170.1;182320.7
2025-07-01;SE;71681.8;2986.7;24.0;1018772.1;42448.8;947090.3
2025-07-01;S;23757.3;989.9;24.0;365910.2;15246.3;342152.9
2025-07-01;NE;26819.7;1117.5;24.0;309147.5;12881.1;282327.8
2025-07-01;N;15199.9;633.3;24.0;197987.8;8249.5;182787.9
2025-07-02;SE;69574.9;2899.0;24.0;1000904.4;41704.4;931329.5
2025-07-02;S;21034.3;876.4;24.0;364115.1;15171.5;343080.8
2025-07-02;NE;29156.2;1214.8;24.0;309670.4;12902.9;280514.2
2025-07-02;N;15102.0;629.3;24.0;196540.7;8189.2;181438.6
2025-07-03;SE;64283.0;2678.5;24.0;994930.6;41455.4;930647.6
2025-07-03;S;23795.2;991.5;24.0;355575.5;14815.6;331780.3
2025-07-03;NE;32289.3;1345.4;24.0;309433.4;12893.1;277144.1
2025-07-03;N;15015.5;625.6;24.0;195469.8;8144.6;180454.3
2025-07-04;SE;69477.7;2894.9;24.0;997049.1;41543.7;927571.5
2025-07-04;S;27178.1;1132.4;24.0;343969.9;14332.1;316791.8
2025-07-04;NE;29827.8;1242.8;24.0;306796.6;12783.2;276968.9
2025-07-04;N;15528.5;647.0;24.0;190028.2;7917.8;174499.6
2025-07-05;SE;80406.8;3350.3;24.0;917591.6;38233.0;837184.8
2025-07-05;S;28889.6;1203.7;24.0;289469.8;12061.2;260580.2
2025-07-05;NE;29818.6;1242.4;24.0;290823.3;12117.6;261004.7
2025-07-05;N;15005.2;625.2;24.0;182089.3;7587.1;167084.1
2025-07-06;SE;84282.2;3511.8;24.0;837406.9;34892.0;753124.6
2025-07-06;S;28189.4;1174.6;24.0;252648.8;10527.0;224459.4
2025-07-06;NE;29249.7;1218.7;24.0;272385.3;11349.4;243135.6
2025-07-06;N;15922.2;663.4;24.0;176981.2;7374.2;161059.1
2025-07-07;SE;82935.3;3455.6;24.0;967438.7;40309.9;884503.4
2025-07-07;S;29689.2;1237.1;24.0;325665.2;13569.4;295976.0
2025-07-07;NE;25119.3;1046.6;24.0;304409.3;12683.7;279290.0
2025-07-07;N;16074.9;669.8;24.0;193934.0;8080.6;177859.1
2025-07-08;SE;83883.2;3495.1;24.0;998470.3;41602.9;914587.0
2025-07-08;S;28668.8;1194.5;24.0;331657.2;13819.1;302988.4
2025-07-08;NE;27825.0;1159.4;24.0;305269.6;12719.6;277444.5
2025-07-08;N;15282.1;636.8;24.0;197349.3;8222.9;182067.2
2025-07-09;SE;77666.6;3236.1;24.0;973538.6;40564.1;895872.0
2025-07-09;S;28128.9;1172.0;24.0;340977.0;14207.4;312848.1
2025-07-09;NE;29464.6;1227.7;24.0;307471.7;12811.3;278007.1
2025-07-09;N;15254.4;635.6;24.0;199090.1;8295.4;183835.7
2025-07-10;SE;75379.4;3140.8;24.0;1011054.8;42127.3;935675.3
2025-07-10;S;27033.4;1126.4;24.0;337922.2;14080.1;310888.8
2025-07-10;NE;25673.3;1069.7;24.0;307097.5;12795.7;281424.2
2025-07-10;N;15669.7;652.9;24.0;198636.1;8276.5;182966.4
2025-07-11;SE;72340.5;3014.2;24.0;1016982.4;42374.3;944641.9
2025-07-11;S;26344.6;1097.7;24.0;338118.0;14088.3;311773.4
2025-07-11;NE;25454.8;1060.6;24.0;305416.9;12725.7;279962.1
2025-07-11;N;15713.2;654.7;24.0;197667.3;8236.1;181954.2
2025-07-12;SE;68438.7;2851.6;24.0;943656.9;39319.0;875218.2
2025-07-12;S;24560.3;1023.3;24.0;291869.5;12161.2;267309.2
2025-07-12;NE;31723.3;1321.8;24.0;290458.0;12102.4;258734.7
2025-07-12;N;15861.5;660.9;24.0;192253.3;8010.6;176391.8
2025-07-13;SE;66724.3;2780.2;24.0;855440.4;35643.4;788716.2
2025-07-13;S;22218.4;925.8;24.0;250946.1;10456.1;228727.7
2025-07-13;NE;31133.4;1297.2;24.0;267584.7;11149.4;236451.3
2025-07-13;N;16454.1;685.6;24.0;181577.6;7565.7;165123.5
2025-07-14;SE;74510.4;3104.6;24.0;993431.1;41393.0;918920.7
2025-07-14;S;26349.3;1097.9;24.0;321125.3;13380.2;294776.0
2025-07-14;NE;27998.7;1166.6;24.0;298263.1;12427.6;270264.4
2025-07-14;N;17033.1;709.7;24.0;192963.5;8040.1;175930.4
2025-07-15;SE;84090.9;3503.8;24.0;1026087.4;42753.6;941996.6
2025-07-15;S;27685.6;1153.6;24.0;333267.9;13886.2;305582.3
2025-07-15;NE;31595.5;1316.5;24.0;302142.2;12589.3;270546.8
2025-07-15;N;16823.0;701.0;24.0;194844.7;8118.5;178021.7
2025-07-16;SE;87934.6;3663.9;24.0;1023013.6;42625.6;935079.0
2025-07-16;S;26100.2;1087.5;24.0;337010.9;14042.1;310910.7
2025-07-16;NE;34590.4;1441.3;24.0;304548.0;12689.5;269957.6
2025-07-16;N;15926.9;663.6;24.0;194141.9;8089.2;178215.0
2025-07-17;SE;86903.0;3621.0;24.0;1031846.0;42993.6;944943.1
2025-07-17;S;16327.9;680.3;24.0;339903.6;14162.7;323575.8
2025-07-17;NE;34105.2;1421.1;24.0;310150.6;12922.9;276045.3
2025-07-17;N;17306.2;721.1;24.0;197471.2;8228.0;180165.0
2025-07-18;SE;87895.3;3662.3;24.0;1029477.6;42894.9;941582.4
2025-07-18;S;23499.3;979.1;24.0;337259.2;14052.5;313759.8
2025-07-18;NE;32448.7;1352.0;24.0;312013.5;13000.6;279564.9
2025-07-18;N;17539.7;730.8;24.0;197188.7;8216.2;179649.0
2025-07-19;SE;87435.6;3643.2;24.0;940216.0;39175.7;852780.4
2025-07-19;S;31239.1;1301.6;24.0;286331.5;11930.5;255092.4
2025-07-19;NE;32331.0;1347.1;24.0;303186.5;12632.8;270855.5
2025-07-19;N;17070.7;711.3;24.0;190772.0;7948.8;173701.3
2025-07-20;SE;83370.0;3473.7;24.0;860111.3;35838.0;776741.3
2025-07-20;S;29603.3;1233.5;24.0;248961.7;10373.4;219358.5
2025-07-20;NE;31894.1;1328.9;24.0;276850.6;11535.4;244956.4
2025-07-20;N;16040.1;668.3;24.0;183011.6;7625.5;166971.4
2025-07-21;SE;86444.2;3601.8;24.0;1007775.6;41990.7;921331.4
2025-07-21;S;31501.1;1312.5;24.0;323196.3;13466.5;291695.3
2025-07-21;NE;33109.2;1379.5;24.0;303919.7;12663.3;270810.6
2025-07-21;N;15634.7;651.4;24.0;197131.4;8213.8;181496.7
2025-07-22;SE;87524.2;3646.8;24.0;1048272.3;43678.0;960748.1
2025-07-22;S;29372.9;1223.9;24.0;335821.1;13992.5;306448.3
2025-07-22;NE;34165.0;1423.5;24.0;308854.2;12868.9;274689.1
2025-07-22;N;16632.9;693.0;24.0;201045.6;8376.9;184412.7
2025-07-23;SE;89693.2;3737.2;24.0;1047434.2;43643.1;957741.1
2025-07-23;S;25424.9;1059.4;24.0;341081.7;14211.7;315656.8
2025-07-23;NE;31344.2;1306.0;24.0;313543.1;13064.3;282198.9
2025-07-23;N;17014.9;709.0;24.0;202556.8;8439.9;185541.9
2025-07-24;SE;84174.5;3507.3;24.0;1046545.8;43606.1;962371.4
2025-07-24;S;16657.9;694.1;24.0;351412.6;14642.2;334754.7
2025-07-24;NE;32261.2;1344.2;24.0;315166.3;13131.9;282905.1
2025-07-24;N;17157.8;714.9;24.0;204483.3;8520.1;187325.5
2025-07-25;SE;82485.7;3436.9;24.0;1046617.1;43609.0;964131.3
2025-07-25;S;22705.5;946.1;24.0;326391.1;13599.6;303685.5
2025-07-25;NE;34609.2;1442.1;24.0;310947.6;12956.2;276338.4
2025-07-25;N;16134.8;672.3;24.0;205994.8;8583.1;189859.9
2025-07-26;SE;85758.2;3573.3;24.0;955538.5;39814.1;869780.3
2025-07-26;S;25401.4;1058.4;24.0;286661.7;11944.2;261260.3
2025-07-26;NE;35471.3;1478.0;24.0;294326.4;12263.6;258855.1
2025-07-26;N;17288.9;720.4;24.0;196929.7;8205.4;179640.8
2025-07-27;SE;89618.5;3734.1;24.0;885652.2;36902.2;796033.7
2025-07-27;S;16005.1;666.9;24.0;264690.0;11028.7;248684.9
2025-07-27;NE;32795.6;1366.5;24.0;277219.1;11550.8;244423.5
2025-07-27;N;17681.2;736.7;24.0;188730.1;7863.8;171048.9
2025-07-28;SE;79634.3;3318.1;24.0;1039450.7;43310.4;959816.4
2025-07-28;S;14738.1;614.1;24.0;309780.2;12907.5;295042.0
2025-07-28;NE;27043.0;1126.8;24.0;302327.4;12597.0;275284.4
2025-07-28;N;17638.9;735.0;24.0;202705.9;8446.1;185067.0
2025-07-29;SE;86226.6;3592.8;24.0;1022354.6;42598.1;936128.0
2025-07-29;S;32286.5;1345.3;24.0;321511.1;13396.3;289224.7
2025-07-29;NE;32984.6;1374.4;24.0;310453.4;12935.6;277468.7
2025-07-29;N;16688.4;695.3;24.0;206763.4;8615.1;190075.0
2025-07-30;SE;92387.2;3849.5;24.0;995654.5;41485.6;903267.3
2025-07-30;S;34760.1;1448.3;24.0;325447.6;13560.3;290687.5
2025-07-30;NE;34354.4;1431.4;24.0;316016.6;13167.4;281662.3
2025-07-30;N;16257.0;677.4;24.0;208401.1;8683.4;192144.2
2025-07-31;SE;90981.8;3790.9;24.0;1011117.8;42129.9;920136.0
2025-07-31;S;35261.8;1469.2;24.0;323655.1;13485.6;288393.3
2025-07-31;NE;33044.6;1376.9;24.0;318142.8;13256.0;285098.3
2025-07-31;N;14036.6;584.9;24.0;202049.2;8418.7;188012.6
2025-08-01;SE;94488.3;3937.0;24.0;1018918.7;42454.9;924430.4
2025-08-01;S;33310.8;1388.0;24.0;329126.2;13713.6;295815.4
2025-08-01;NE;31448.1;1310.3;24.0;315008.5;13125.4;283560.4
2025-08-01;N;15635.6;651.5;24.0;198530.5;8272.1;182894.9
2025-08-02;SE;90698.6;3779.1;24.0;952599.4;39691.6;861900.8
2025-08-02;S;27762.5;1156.8;24.0;282175.8;11757.3;254413.2
2025-08-02;NE;29818.5;1242.4;24.0;294114.8;12254.8;264296.3
2025-08-02;N;16922.8;705.1;24.0;191908.3;7996.2;174985.5
2025-08-03;SE;89298.6;3720.8;24.0;871701.3;36320.9;782402.7
2025-08-03;S;19061.9;794.2;24.0;258963.9;10790.2;239902.0
2025-08-03;NE;29764.6;1240.2;24.0;277433.2;11559.7;247668.6
2025-08-03;N;17138.4;714.1;24.0;187418.8;7809.1;170280.4
2025-08-04;SE;82976.3;3457.3;24.0;1015249.7;42302.1;932273.5
2025-08-04;S;10861.1;452.5;24.0;325874.7;13578.1;315013.6
2025-08-04;NE;30111.6;1254.6;24.0;306189.9;12757.9;276078.3
2025-08-04;N;17275.5;719.8;24.0;203771.6;8490.5;186496.1
2025-08-05;SE;64027.3;2667.8;24.0;1042194.2;43424.8;978166.9
2025-08-05;S;20274.3;844.8;24.0;330933.2;13788.9;310658.9
2025-08-05;NE;30810.1;1283.8;24.0;310957.9;12956.6;280147.8
2025-08-05;N;17735.5;739.0;24.0;209936.7;8747.4;192201.1
2025-08-06;SE;86507.6;3604.5;24.0;1030065.6;42919.4;943558.0
2025-08-06;S;24591.4;1024.6;24.0;327534.0;13647.3;302942.6
2025-08-06;NE;36235.2;1509.8;24.0;322064.6;13419.4;285829.4
2025-08-06;N;16910.0;704.6;24.0;208775.6;8699.0;191865.6
2025-08-07;SE;92906.6;3871.1;24.0;1044977.5;43540.7;952070.9
2025-08-07;S;25584.0;1066.0;24.0;333062.6;13877.6;307478.6
2025-08-07;NE;36573.8;1523.9;24.0;321570.8;13398.8;284997.0
2025-08-07;N;15481.5;645.1;24.0;207331.6;8638.8;191850.1
2025-08-08;SE;80582.0;3357.6;24.0;1046133.9;43588.9;965551.8
2025-08-08;S;16300.7;679.2;24.0;336828.0;14034.5;320527.2
2025-08-08;NE;38185.3;1591.1;24.0;318715.8;13279.8;280530.6
2025-08-08;N;15195.9;633.2;24.0;203367.2;8473.6;188171.3
2025-08-09;SE;87915.1;3663.1;24.0;950178.3;39590.8;862263.2
2025-08-09;S;25730.2;1072.1;24.0;282950.1;11789.6;257219.9
2025-08-09;NE;37748.1;1572.8;24.0;304452.2;12685.5;266704.1
2025-08-09;N;17194.1;716.4;24.0;194605.5;8108.6;177411.5
2025-08-10;SE;93403.8;3891.8;24.0;841710.8;35071.3;748307.0
2025-08-10;S;35951.0;1498.0;24.0;243374.2;10140.6;207423.2
2025-08-10;NE;39292.9;1637.2;24.0;287389.8;11974.6;248097.0
2025-08-10;N;17480.1;728.3;24.0;186944.4;7789.4;169464.3
2025-08-11;SE;94614.8;3942.3;24.0;972252.7;40510.5;877637.9
2025-08-11;S;36980.8;1540.9;24.0;319684.3;13320.2;282703.5
2025-08-11;NE;35444.4;1476.8;24.0;322424.2;13434.3;286979.8
2025-08-11;N;17632.8;734.7;24.0;204887.7;8537.0;187254.9
2025-08-12;SE;93697.6;3904.1;24.0;997431.8;41559.7;903734.2
2025-08-12;S;38126.6;1588.6;24.0;329416.0;13725.7;291289.4
2025-08-12;NE;34542.7;1439.3;24.0;323953.4;13498.1;289410.8
2025-08-12;N;16619.9;692.5;24.0;204573.4;8523.9;187953.5
2025-08-13;SE;99728.9;4155.4;24.0;1014486.7;42270.3;914757.8
2025-08-13;S;38630.9;1609.6;24.0;328532.5;13688.9;289901.6
2025-08-13;NE;35205.0;1466.9;24.0;324957.8;13539.9;289752.8
2025-08-13;N;15193.2;633.1;24.0;204739.0;8530.8;189545.8
2025-08-14;SE;102176.8;4257.4;24.0;1030821.3;42950.9;928644.6
2025-08-14;S;34144.5;1422.7;24.0;333948.6;13914.5;299804.1
2025-08-14;NE;39142.3;1630.9;24.0;324487.9;13520.3;285345.7
2025-08-14;N;16372.8;682.2;24.0;205644.5;8568.5;189271.7
2025-08-15;SE;96440.2;4018.3;24.0;1025053.7;42710.6;928613.5
2025-08-15;S;32741.1;1364.2;24.0;330450.1;13768.8;297709.0
2025-08-15;NE;29376.6;1224.0;24.0;317166.1;13215.3;287789.4
2025-08-15;N;17458.0;727.4;24.0;203054.7;8460.6;185596.7
2025-08-16;SE;94947.0;3956.1;24.0;961409.5;40058.7;866462.5
2025-08-16;S;32674.4;1361.4;24.0;284997.3;11874.9;252322.8
2025-08-16;NE;30294.9;1262.3;24.0;298708.6;12446.2;268413.7
2025-08-16;N;17525.4;730.2;24.0;200916.4;8371.5;183391.0
2025-08-17;SE;94503.6;3937.6;24.0;885040.3;36876.7;790536.8
2025-08-17;S;35104.6;1462.7;24.0;243726.3;10155.3;208621.7
2025-08-17;NE;35399.7;1475.0;24.0;284019.0;11834.1;248619.2
2025-08-17;N;17169.3;715.4;24.0;194992.7;8124.7;177823.4
2025-08-18;SE;99068.2;4127.8;24.0;1034703.4;43112.6;935635.2
2025-08-18;S;30482.5;1270.1;24.0;324526.5;13521.9;294044.1
2025-08-18;NE;38765.3;1615.2;24.0;311833.9;12993.1;273068.6
2025-08-18;N;17213.1;717.2;24.0;209404.6;8725.2;192191.4
2025-08-19;SE;96273.2;4011.4;24.0;1063359.1;44306.6;967086.0
2025-08-19;S;28478.8;1186.6;24.0;332451.6;13852.1;303972.8
2025-08-19;NE;36421.0;1517.5;24.0;318147.9;13256.2;281726.9
2025-08-19;N;18629.1;776.2;24.0;214320.7;8930.0;195691.5
2025-08-20;SE;95804.6;3991.9;24.0;1080953.5;45039.7;985148.9
2025-08-20;S;26663.7;1111.0;24.0;322803.7;13450.2;296139.9
2025-08-20;NE;37242.4;1551.8;24.0;306092.3;12753.8;268849.9
2025-08-20;N;19099.3;795.8;24.0;215802.8;8991.8;196703.5
2025-08-21;SE;99245.6;4135.2;24.0;1106749.8;46114.6;1007504.2
2025-08-21;S;37001.2;1541.7;24.0;326328.3;13597.0;289327.1
2025-08-21;NE;36529.5;1522.1;24.0;313555.8;13064.8;277026.3
2025-08-21;N;19840.7;826.7;24.0;215960.1;8998.3;196119.4
2025-08-22;SE;106464.4;4436.0;24.0;1116480.9;46520.0;1010016.5
2025-08-22;S;35752.1;1489.7;24.0;337807.1;14075.3;302054.9
2025-08-22;NE;36568.4;1523.7;24.0;324862.9;13536.0;288294.5
2025-08-22;N;19015.4;792.3;24.0;216428.1;9017.8;197412.7
2025-08-23;SE;108125.5;4505.2;24.0;1042158.5;43423.3;934033.0
2025-08-23;S;24422.5;1017.6;24.0;297561.7;12398.4;273139.2
2025-08-23;NE;36983.3;1541.0;24.0;305082.3;12711.8;268099.0
2025-08-23;N;18143.0;756.0;24.0;207475.4;8644.8;189332.4
2025-08-24;SE;100589.3;4191.2;24.0;938150.8;39089.6;837561.4
2025-08-24;S;20079.5;836.6;24.0;252433.2;10518.0;232353.6
2025-08-24;NE;36258.5;1510.8;24.0;288767.6;12032.0;252509.1
2025-08-24;N;19293.5;803.9;24.0;199912.9;8329.7;180619.4
2025-08-25;SE;103732.5;4322.2;24.0;1065731.5;44405.5;961998.9
2025-08-25;S;22219.6;925.8;24.0;315573.6;13148.9;293354.0
2025-08-25;NE;37872.1;1578.0;24.0;320302.7;13345.9;282430.6
2025-08-25;N;18815.8;784.0;24.0;215499.8;8979.2;196684.0
2025-08-26;SE;97014.3;4042.3;24.0;1079247.0;44968.6;982232.7
2025-08-26;S;24242.4;1010.1;24.0;327767.8;13657.0;303525.4
2025-08-26;NE;40332.3;1680.5;24.0;327013.3;13625.6;286681.0
2025-08-26;N;18162.5;756.8;24.0;214975.5;8957.3;196813.0
2025-08-27;SE;103679.4;4320.0;24.0;1089072.0;45378.0;985392.6
2025-08-27;S;30958.6;1289.9;24.0;311377.5;12974.1;280418.8
2025-08-27;NE;38862.5;1619.3;24.0;325307.7;13554.5;286445.3
2025-08-27;N;18023.2;751.0;24.0;214659.0;8944.1;196635.9
2025-08-28;SE;97873.6;4078.1;24.0;1093623.4;45567.6;995749.8
2025-08-28;S;35995.5;1499.8;24.0;311886.2;12995.3;275890.7
2025-08-28;NE;40691.6;1695.5;24.0;328252.3;13677.2;287560.7
2025-08-28;N;19013.7;792.2;24.0;216596.8;9024.9;197583.1
2025-08-29;SE;89285.7;3720.2;24.0;1095604.4;45650.2;1006318.7
2025-08-29;S;38599.4;1608.3;24.0;312258.0;13010.7;273658.6
2025-08-29;NE;34704.8;1446.0;24.0;322930.2;13455.4;288225.4
2025-08-29;N;18665.4;777.7;24.0;216318.6;9013.3;197653.1
2025-08-30;SE;90985.6;3791.1;24.0;991625.9;41317.7;900640.3
2025-08-30;S;40008.4;1667.0;24.0;267494.8;11145.6;227486.4
2025-08-30;NE;40709.6;1696.2;24.0;308628.3;12859.5;267918.7
2025-08-30;N;18139.5;755.8;24.0;204572.0;8523.8;186432.4
2025-08-31;SE;97370.7;4057.1;24.0;902457.2;37602.4;805086.5
2025-08-31;S;39814.9;1659.0;24.0;250478.5;10436.6;210663.6
2025-08-31;NE;31979.1;1332.5;24.0;286696.8;11945.7;254717.7
2025-08-31;N;19031.0;793.0;24.0;195029.9;8126.2;175998.9
2025-09-01;SE;95187.8;3966.2;24.0;1050819.0;43784.1;955631.2
2025-09-01;S;32375.8;1349.0;24.0;327667.8;13652.8;295292.0
2025-09-01;NE;35068.8;1461.2;24.0;320894.3;13370.6;285825.4
2025-09-01;N;19335.5;805.6;24.0;210729.9;8780.4;191394.4
2025-09-02;SE;94488.6;3937.0;24.0;1083228.2;45134.5;988739.6
2025-09-02;S;30773.4;1282.2;24.0;339395.7;14141.5;308622.3
2025-09-02;NE;36501.3;1520.9;24.0;323869.1;13494.5;287367.8
2025-09-02;N;19682.7;820.1;24.0;213369.4;8890.4;193686.7
2025-09-03;SE;103225.7;4301.1;24.0;1086741.2;45280.9;983515.5
2025-09-03;S;34753.0;1448.0;24.0;348074.4;14503.1;313321.4
2025-09-03;NE;35016.4;1459.0;24.0;320167.9;13340.3;285151.4
2025-09-03;N;19599.8;816.7;24.0;214260.6;8927.5;194660.8
2025-09-04;SE;108764.8;4531.9;24.0;1098451.5;45768.8;989686.6
2025-09-04;S;24800.9;1033.4;24.0;353264.3;14719.3;328463.5
2025-09-04;NE;33829.1;1409.5;24.0;321348.0;13389.5;287518.8
2025-09-04;N;19558.2;814.9;24.0;211527.3;8813.6;191969.1
2025-09-05;SE;109928.1;4580.3;24.0;1101600.2;45900.0;991672.1
2025-09-05;S;20705.4;862.7;24.0;339073.9;14128.1;318368.5
2025-09-05;NE;34763.8;1448.5;24.0;317750.3;13239.6;282986.4
2025-09-05;N;19807.9;825.3;24.0;210489.8;8770.4;190681.9
2025-09-06;SE;106824.3;4451.0;24.0;992818.5;41367.4;885994.2
2025-09-06;S;31290.7;1303.8;24.0;279052.2;11627.2;247761.5
2025-09-06;NE;36553.6;1523.1;24.0;304668.2;12694.5;268114.5
2025-09-06;N;19681.0;820.0;24.0;204319.7;8513.3;184638.8
2025-09-07;SE;95916.8;3996.5;24.0;905259.6;37719.2;809342.8
2025-09-07;S;28375.0;1182.3;24.0;240273.9;10011.4;211898.9
2025-09-07;NE;41342.1;1722.6;24.0;286398.8;11933.3;245056.8
2025-09-07;N;19063.9;794.3;24.0;194929.5;8122.1;175865.6
2025-09-08;SE;101416.2;4225.7;24.0;1077372.4;44890.5;975956.2
2025-09-08;S;24066.8;1002.8;24.0;322289.0;13428.7;298222.2
2025-09-08;NE;38696.9;1612.4;24.0;318898.8;13287.4;280201.9
2025-09-08;N;19370.6;807.1;24.0;209237.3;8718.2;189866.7
2025-09-09;SE;103819.5;4325.8;24.0;1135939.4;47330.8;1032119.9
2025-09-09;S;37834.7;1576.4;24.0;323590.6;13482.9;285755.9
2025-09-09;NE;41811.5;1742.1;24.0;328785.0;13699.4;286973.5
2025-09-09;N;20544.8;856.0;24.0;217301.6;9054.2;196756.8
2025-09-10;SE;119831.3;4993.0;24.0;1124214.1;46842.3;1004382.9
2025-09-10;S;48835.3;2034.8;24.0;317021.2;13209.2;268185.8
2025-09-10;NE;45571.4;1898.8;24.0;335693.6;13987.2;290122.2
2025-09-10;N;20916.1;871.5;24.0;220044.9;9168.5;199128.9
2025-09-11;SE;119966.6;4998.6;24.0;1130847.7;47118.7;1010881.1
2025-09-11;S;45781.5;1907.6;24.0;325387.7;13557.8;279606.2
2025-09-11;NE;40674.9;1694.8;24.0;338653.9;14110.6;297979.0
2025-09-11;N;20730.0;863.7;24.0;221546.8;9231.1;200816.8
2025-09-12;SE;114151.4;4756.3;24.0;1126816.3;46950.7;1012664.9
2025-09-12;S;48163.5;2006.8;24.0;322948.4;13456.2;274784.9
2025-09-12;NE;42474.6;1769.8;24.0;338349.4;14097.9;295874.8
2025-09-12;N;18884.1;786.8;24.0;220910.2;9204.6;202026.2
2025-09-13;SE;102015.4;4250.6;24.0;1026978.2;42790.8;924962.8
2025-09-13;S;44828.6;1867.9;24.0;280767.4;11698.6;235938.8
2025-09-13;NE;40897.2;1704.0;24.0;322876.4;13453.2;281979.3
2025-09-13;N;18379.7;765.8;24.0;208016.6;8667.4;189636.8
2025-09-14;SE;103267.4;4302.8;24.0;940387.0;39182.8;837119.6
2025-09-14;S;40523.1;1688.5;24.0;252776.5;10532.4;212253.4
2025-09-14;NE;42232.4;1759.7;24.0;298230.5;12426.3;255998.1
2025-09-14;N;19457.9;810.7;24.0;205087.7;8545.3;185629.8
2025-09-15;SE;111311.0;4638.0;24.0;1097982.1;45749.3;986671.1
2025-09-15;S;33020.3;1375.8;24.0;331213.4;13800.6;298193.1
2025-09-15;NE;43030.9;1793.0;24.0;330543.4;13772.6;287512.5
2025-09-15;N;20421.4;850.9;24.0;223935.1;9330.6;203513.7
2025-09-16;SE;105273.9;4386.4;24.0;1136331.4;47347.1;1031057.5
2025-09-16;S;35780.8;1490.9;24.0;339662.7;14152.6;303881.9
2025-09-16;NE;43004.5;1791.9;24.0;334728.1;13947.0;291723.5
2025-09-16;N;19949.7;831.2;24.0;228613.3;9525.6;208663.6
2025-09-17;SE;109979.4;4582.5;24.0;1123761.3;46823.4;1013781.9
2025-09-17;S;43764.4;1823.5;24.0;343443.9;14310.2;299679.5
2025-09-17;NE;43388.3;1807.8;24.0;337940.3;14080.8;294552.0
2025-09-17;N;19498.7;812.4;24.0;225712.9;9404.7;206214.2
2025-09-18;SE;111587.2;4649.5;24.0;1120909.9;46704.6;1009322.7
2025-09-18;S;46260.3;1927.5;24.0;345842.8;14410.1;299582.5
2025-09-18;NE;43767.9;1823.7;24.0;342738.3;14280.8;298970.4
2025-09-18;N;19393.0;808.0;24.0;223500.1;9312.5;204107.1
2025-09-19;SE;106773.0;4448.9;24.0;1142036.7;47584.9;1035263.7
2025-09-19;S;46286.2;1928.6;24.0;350330.8;14597.1;304044.6
2025-09-19;NE;43795.1;1824.8;24.0;338580.5;14107.5;294785.4
2025-09-19;N;19325.4;805.2;24.0;225836.0;9409.8;206510.7
2025-09-20;SE;110737.8;4614.1;24.0;1075178.3;44799.1;964440.5
2025-09-20;S;36650.3;1527.1;24.0;308909.7;12871.2;272259.4
2025-09-20;NE;42867.5;1786.1;24.0;320892.1;13370.5;278024.6
2025-09-20;N;19422.9;809.3;24.0;218549.5;9106.2;199126.6
2025-09-21;SE;111802.9;4658.5;24.0;1029050.0;42877.1;917247.1
2025-09-21;S;31049.4;1293.7;24.0;278529.2;11605.4;247479.8
2025-09-21;NE;43001.8;1791.7;24.0;297762.2;12406.8;254760.4
2025-09-21;N;18934.0;788.9;24.0;209950.1;8747.9;191016.1
2025-09-22;SE;93597.9;3899.9;24.0;1164577.2;48524.1;1070979.3
2025-09-22;S;27377.4;1140.7;24.0;315628.1;13151.2;288250.7
2025-09-22;NE;44549.8;1856.2;24.0;336636.8;14026.5;292087.0
2025-09-22;N;20239.0;843.3;24.0;226796.9;9449.9;206557.9
2025-09-23;SE;96617.2;4025.7;24.0;1112766.5;46365.3;1016149.3
2025-09-23;S;53366.2;2223.6;24.0;313429.1;13059.5;260063.0
2025-09-23;NE;44571.8;1857.2;24.0;346702.2;14445.9;302130.4
2025-09-23;N;19134.7;797.3;24.0;227272.2;9469.7;208137.5
2025-09-24;SE;97502.5;4062.6;24.0;1101380.6;45890.9;1003878.1
2025-09-24;S;49037.7;2043.2;24.0;315021.7;13125.9;265984.0
2025-09-24;NE;43972.2;1832.2;24.0;351243.6;14635.1;307271.4
2025-09-24;N;19365.4;806.9;24.0;225500.8;9395.9;206135.4
2025-09-25;SE;85333.6;3555.6;24.0;1055017.4;43959.1;969683.8
2025-09-25;S;48118.2;2004.9;24.0;319348.2;13306.2;271229.9
2025-09-25;NE;44985.0;1874.4;24.0;345626.3;14401.1;300641.3
2025-09-25;N;20518.7;854.9;24.0;227078.6;9461.6;206560.0
2025-09-26;SE;107756.8;4489.9;24.0;1035953.9;43164.7;928197.1
2025-09-26;S;50552.7;2106.4;24.0;317268.2;13219.5;266715.5
2025-09-26;NE;42785.3;1782.7;24.0;335750.4;13989.6;292965.1
2025-09-26;N;19583.6;816.0;24.0;224356.4;9348.2;204772.7
2025-09-27;SE;130541.1;5439.2;24.0;974963.0;40623.5;844421.9
2025-09-27;S;46339.8;1930.8;24.0;279055.8;11627.3;232716.0
2025-09-27;NE;41347.0;1722.8;24.0;310363.9;12931.8;269016.9
2025-09-27;N;19793.7;824.7;24.0;212447.2;8852.0;192653.4
2025-09-28;SE;127743.6;5322.7;24.0;923885.2;38495.2;796141.5
2025-09-28;S;32690.7;1362.1;24.0;251157.7;10464.9;218467.0
2025-09-28;NE;42832.2;1784.7;24.0;292074.1;12169.8;249241.9
2025-09-28;N;20275.8;844.8;24.0;202091.6;8420.5;181815.8
2025-09-29;SE;127616.9;5317.4;24.0;1092869.4;45536.2;965252.6
2025-09-29;S;48636.2;2026.5;24.0;326916.2;13621.5;278280.0
2025-09-29;NE;43879.3;1828.3;24.0;325659.2;13569.1;281779.9
2025-09-29;N;20920.9;871.7;24.0;219547.7;9147.8;198626.7
2025-09-30;SE;129535.9;5397.3;24.0;1157525.6;48230.2;1027989.6
2025-09-30;S;27496.0;1145.7;24.0;355425.6;14809.4;327929.6
2025-09-30;NE;43047.5;1793.6;24.0;334152.5;13923.0;291104.9
2025-09-30;N;20770.4;865.4;24.0;223300.8;9304.2;202530.4
2025-10-01;SE;121756.4;5073.2;24.0;1153021.5;48042.6;1031265.1
2025-10-01;S;27289.1;1137.0;24.0;338289.6;14095.4;311000.5
2025-10-01;NE;39490.3;1645.4;24.0;330991.9;13791.3;291501.6
2025-10-01;N;19960.5;831.7;24.0;223728.9;9322.0;203768.4
2025-10-02;SE;119548.5;4981.2;24.0;1147854.3;47827.3;1028305.8
2025-10-02;S;27725.5;1155.2;24.0;340082.8;14170.1;312357.3
2025-10-02;NE;42939.5;1789.1;24.0;335729.0;13988.7;292789.6
2025-10-02;N;21489.5;895.4;24.0;222212.4;9258.9;200722.9
2025-10-03;SE;120433.5;5018.1;24.0;1152778.1;48032.4;1032344.7
2025-10-03;S;21622.2;900.9;24.0;342050.0;14252.1;320427.8
2025-10-03;NE;44637.2;1859.9;24.0;333653.4;13902.2;289016.2
2025-10-03;N;20776.5;865.7;24.0;227073.3;9461.4;206296.8
2025-10-04;SE;107163.8;4465.2;24.0;1061480.3;44228.3;954316.5
2025-10-04;S;44317.8;1846.6;24.0;294272.9;12261.4;249955.1
2025-10-04;NE;44422.9;1851.0;24.0;321084.6;13378.5;276661.7
2025-10-04;N;21195.8;883.2;24.0;216911.4;9038.0;195715.6
2025-10-05;SE;126263.8;5261.0;24.0;1005784.5;41907.7;879520.8
2025-10-05;S;51189.8;2132.9;24.0;279950.3;11664.6;228760.5
2025-10-05;NE;41125.2;1713.6;24.0;302412.3;12600.5;261287.1
2025-10-05;N;21434.0;893.1;24.0;204631.0;8526.3;183197.0
2025-10-06;SE;126015.9;5250.7;24.0;1202425.6;50101.1;1076409.7
2025-10-06;S;24334.6;1013.9;24.0;351438.4;14643.3;327103.7
2025-10-06;NE;44953.5;1873.1;24.0;340933.5;14205.6;295980.0
2025-10-06;N;21249.1;885.4;24.0;218508.4;9104.5;197259.2
2025-10-07;SE;114047.6;4752.0;24.0;1194976.8;49790.7;1080929.3
2025-10-07;S;35284.7;1470.2;24.0;335526.5;13980.3;300241.8
2025-10-07;NE;46917.7;1954.9;24.0;347350.0;14472.9;300432.3
2025-10-07;N;20715.9;863.2;24.0;224231.4;9343.0;203515.5
2025-10-08;SE;103280.0;4303.3;24.0;1137976.2;47415.7;1034696.2
2025-10-08;S;41131.7;1713.8;24.0;332368.3;13848.7;291236.6
2025-10-08;NE;46962.7;1956.8;24.0;353010.2;14708.8;306047.5
2025-10-08;N;19232.8;801.4;24.0;218803.7;9116.8;199570.9
2025-10-09;SE;99399.2;4141.6;24.0;1117558.2;46564.9;1018159.0
2025-10-09;S;35678.6;1486.6;24.0;327552.3;13648.0;291873.7
2025-10-09;NE;42411.6;1767.2;24.0;355888.2;14828.7;313476.6
2025-10-09;N;18823.8;784.3;24.0;222476.7;9269.9;203652.9
2025-10-10;SE;95388.5;3974.5;24.0;1114307.3;46429.5;1018918.8
2025-10-10;S;45585.1;1899.4;24.0;330705.8;13779.4;285120.6
2025-10-10;NE;46836.2;1951.5;24.0;351110.8;14629.6;304274.7
2025-10-10;N;18843.2;785.1;24.0;220786.5;9199.4;201943.3
2025-10-11;SE;105027.3;4376.1;24.0;1027562.7;42815.1;922535.4
2025-10-11;S;44509.1;1854.5;24.0;287887.8;11995.3;243378.7
2025-10-11;NE;47541.9;1980.9;24.0;333509.9;13896.2;285968.1
2025-10-11;N;18464.8;769.4;24.0;210750.7;8781.3;192285.8
2025-10-12;SE;110476.9;4603.2;24.0;978876.8;40786.5;868399.9
2025-10-12;S;18380.3;765.8;24.0;261697.4;10904.1;243317.1
2025-10-12;NE;46999.0;1958.3;24.0;312484.5;13020.2;265485.5
2025-10-12;N;19394.2;808.1;24.0;201465.9;8394.4;182071.7
2025-10-13;SE;94421.1;3934.2;24.0;1142276.6;47594.9;1047855.5
2025-10-13;S;43316.1;1804.8;24.0;323978.7;13499.1;280662.5
2025-10-13;NE;45526.5;1896.9;24.0;350421.6;14600.9;304895.2
2025-10-13;N;19297.9;804.1;24.0;218420.9;9100.9;199123.0
2025-10-14;SE;101085.6;4211.9;24.0;1136023.2;47334.3;1034937.7
2025-10-14;S;58541.9;2439.2;24.0;327211.9;13633.8;268670.1
2025-10-14;NE;48573.1;2023.9;24.0;362461.9;15102.6;313888.8
2025-10-14;N;19229.4;801.2;24.0;217823.7;9076.0;198594.3
2025-10-15;SE;114844.6;4785.2;24.0;1137588.0;47399.5;1022743.5
2025-10-15;S;58022.8;2417.6;24.0;342083.5;14253.5;284060.7
2025-10-15;NE;49144.1;2047.7;24.0;351572.0;14648.8;302427.9
2025-10-15;N;20203.4;841.8;24.0;215311.0;8971.3;195107.6
2025-10-16;SE;126185.7;5257.7;24.0;1169755.6;48739.8;1043569.9
2025-10-16;S;32852.6;1368.9;24.0;351476.3;14644.8;318623.7
2025-10-16;NE;48782.6;2032.6;24.0;348796.7;14533.2;300014.1
2025-10-16;N;21567.5;898.6;24.0;223762.3;9323.4;202194.8
2025-10-17;SE;128221.9;5342.6;24.0;1199290.9;49970.5;1071069.1
2025-10-17;S;27193.5;1133.1;24.0;347357.8;14473.2;320164.2
2025-10-17;NE;47534.4;1980.6;24.0;356949.8;14872.9;309415.4
2025-10-17;N;21285.3;886.9;24.0;228615.7;9525.7;207330.4
2025-10-18;SE;90847.7;3785.3;24.0;1090945.9;45456.1;1000098.3
2025-10-18;S;26660.8;1110.9;24.0;288747.2;12031.1;262086.3
2025-10-18;NE;44277.5;1844.9;24.0;346450.9;14435.5;302173.4
2025-10-18;N;20618.4;859.1;24.0;222268.4;9261.2;201650.0
2025-10-19;SE;76797.3;3199.9;24.0;911983.6;37999.3;835186.3
2025-10-19;S;50709.3;2112.9;24.0;244613.6;10192.2;193904.2
2025-10-19;NE;49615.9;2067.3;24.0;330228.4;13759.5;280612.5
2025-10-19;N;20185.8;841.1;24.0;208415.3;8684.0;188229.5
2025-10-20;SE;108122.4;4505.1;24.0;1008532.7;42022.2;900410.3
2025-10-20;S;57974.9;2415.6;24.0;317897.4;13245.7;259922.6
2025-10-20;NE;41744.5;1739.4;24.0;356517.0;14854.9;314772.5
2025-10-20;N;19125.1;796.9;24.0;218317.0;9096.5;199191.8
2025-10-21;SE;121698.0;5070.8;24.0;1017027.1;42376.1;895329.1
2025-10-21;S;60091.1;2503.8;24.0;327448.4;13643.7;267357.3
2025-10-21;NE;35143.7;1464.3;24.0;348971.0;14540.5;313827.3
2025-10-21;N;18084.6;753.5;24.0;217700.5;9070.9;199615.9
2025-10-22;SE;127569.8;5315.4;24.0;1027516.2;42813.2;899946.3
2025-10-22;S;61248.8;2552.0;24.0;335527.1;13980.3;274278.3
2025-10-22;NE;39186.7;1632.8;24.0;337466.2;14061.1;298279.6
2025-10-22;N;19277.5;803.2;24.0;215803.5;8991.8;196526.0
2025-10-23;SE;136683.8;5695.2;24.0;1053440.7;43893.4;916756.9
2025-10-23;S;60019.1;2500.8;24.0;344136.7;14339.0;284117.6
2025-10-23;NE;41141.1;1714.2;24.0;333900.0;13912.5;292758.9
2025-10-23;N;20927.8;872.0;24.0;219091.6;9128.8;198163.9
2025-10-24;SE;132055.0;5502.3;24.0;1076981.2;44874.2;944926.2
2025-10-24;S;56227.4;2342.8;24.0;348264.8;14511.0;292037.4
2025-10-24;NE;41308.0;1721.2;24.0;339314.6;14138.1;298006.6
2025-10-24;N;21259.3;885.8;24.0;220049.9;9168.7;198790.5
2025-10-25;SE;125625.6;5234.4;24.0;1041127.2;43380.3;915501.6
2025-10-25;S;48410.2;2017.1;24.0;313028.4;13042.8;264618.2
2025-10-25;NE;46450.3;1935.4;24.0;323622.5;13484.3;277172.2
2025-10-25;N;21437.0;893.2;24.0;216340.2;9014.2;194903.2
2025-10-26;SE;118660.9;4944.2;24.0;1000773.5;41698.9;882112.7
2025-10-26;S;23396.0;974.8;24.0;270188.1;11257.8;246792.1
2025-10-26;NE;47721.7;1988.4;24.0;303687.7;12653.7;255966.0
2025-10-26;N;22637.1;943.2;24.0;210403.8;8766.8;187766.7
2025-10-27;SE;103397.4;4308.2;24.0;1135922.6;47330.1;1032525.1
2025-10-27;S;35780.8;1490.9;24.0;342485.0;14270.2;306704.1
2025-10-27;NE;47152.0;1964.7;24.0;335949.0;13997.9;288797.0
2025-10-27;N;22247.2;927.0;24.0;228356.7;9514.9;206109.5
2025-10-28;SE;99849.6;4160.4;24.0;1143615.9;47650.7;1043766.3
2025-10-28;S;23637.2;984.9;24.0;354908.2;14787.8;331270.9
2025-10-28;NE;45435.5;1893.1;24.0;345118.5;14379.9;299683.0
2025-10-28;N;22139.4;922.5;24.0;236538.6;9855.8;214399.2
2025-10-29;SE;114528.0;4772.0;24.0;1176145.9;49006.1;1061617.9
2025-10-29;S;24779.3;1032.5;24.0;331557.5;13814.9;306778.2
2025-10-29;NE;49398.4;2058.3;24.0;354807.7;14783.7;305409.3
2025-10-29;N;20896.7;870.7;24.0;231683.7;9653.5;210787.0
2025-10-30;SE;86177.2;3590.7;24.0;1128971.4;47040.5;1042794.3
2025-10-30;S;32831.0;1368.0;24.0;325962.4;13581.8;293131.4
2025-10-30;NE;49185.5;2049.4;24.0;363351.8;15139.7;314166.4
2025-10-30;N;20433.2;851.4;24.0;230668.4;9611.2;210235.2
2025-10-31;SE;99938.1;4164.1;24.0;1106364.7;46098.5;1006426.6
2025-10-31;S;40633.2;1693.0;24.0;325901.0;13579.2;285267.9
2025-10-31;NE;46810.4;1950.4;24.0;361996.5;15083.2;315186.1
2025-10-31;N;20236.2;843.2;24.0;226741.3;9447.6;206505.0
2025-11-01;SE;120317.0;5013.2;24.0;1037722.4;43238.4;917405.4
2025-11-01;S;42128.8;1755.4;24.0;292597.5;12191.6;250468.7
2025-11-01;NE;45462.3;1894.3;24.0;335333.8;13972.2;289871.5
2025-11-01;N;19260.0;802.5;24.0;218786.1;9116.1;199526.1
2025-11-02;SE;100930.9;4205.5;24.0;983370.0;40973.8;882439.1
2025-11-02;S;32848.1;1368.7;24.0;253223.5;10551.0;220375.4
2025-11-02;NE;46632.5;1943.0;24.0;313519.2;13063.3;266886.6
2025-11-02;N;19299.1;804.1;24.0;209761.2;8740.1;190462.1
2025-11-03;SE;90963.2;3790.1;24.0;1101456.3;45894.0;1010493.1
2025-11-03;S;39264.3;1636.0;24.0;337150.0;14047.9;297885.8
2025-11-03;NE;45365.7;1890.2;24.0;346689.8;14445.4;301324.0
2025-11-03;N;19168.2;798.7;24.0;222406.7;9266.9;203238.5
2025-11-04;SE;114593.9;4774.7;24.0;1148782.7;47865.9;1034188.8
2025-11-04;S;54530.0;2272.1;24.0;364129.0;15172.0;309599.0
2025-11-04;NE;48313.4;2013.1;24.0;358305.1;14929.4;309991.7
2025-11-04;N;21530.6;897.1;24.0;224218.5;9342.4;202687.9
2025-11-05;SE;118025.9;4917.7;24.0;1183283.2;49303.5;1065257.3
2025-11-05;S;50246.6;2093.6;24.0;374723.9;15613.5;324477.3
2025-11-05;NE;49224.1;2051.0;24.0;365779.4;15240.8;316555.4
2025-11-05;N;20875.5;869.8;24.0;230026.2;9584.4;209150.7
2025-11-06;SE;120279.7;5011.7;24.0;1138173.4;47423.9;1017893.7
2025-11-06;S;57911.8;2413.0;24.0;347342.3;14472.6;289430.5
2025-11-06;NE;48102.8;2004.3;24.0;360202.7;15008.4;312099.9
2025-11-06;N;16784.4;699.3;24.0;221426.9;9226.1;204642.5
2025-11-07;SE;120304.4;5012.7;24.0;1136880.7;47370.0;1016576.4
2025-11-07;S;32780.7;1365.9;24.0;351150.6;14631.3;318369.8
2025-11-07;NE;47164.6;1965.2;24.0;356935.7;14872.3;309771.1
2025-11-07;N;20409.5;850.4;24.0;219160.3;9131.7;198750.8
2025-11-08;SE;86221.9;3592.6;24.0;1048402.1;43683.4;962180.2
2025-11-08;S;32944.2;1372.7;24.0;281783.8;11741.0;248839.6
2025-11-08;NE;48302.4;2012.6;24.0;337588.7;14066.2;289286.3
2025-11-08;N;21909.5;912.9;24.0;220589.3;9191.2;198679.8
2025-11-09;SE;104012.5;4333.9;24.0;924564.2;38523.5;820551.7
2025-11-09;S;50029.6;2084.6;24.0;251355.3;10473.1;201325.7
2025-11-09;NE;50087.9;2087.0;24.0;321578.6;13399.1;271490.7
2025-11-09;N;21112.0;879.7;24.0;216549.2;9022.9;195437.2
2025-11-10;SE;124416.9;5184.0;24.0;1061626.7;44234.4;937209.8
2025-11-10;S;62283.0;2595.1;24.0;326883.3;13620.1;264600.4
2025-11-10;NE;45837.8;1909.9;24.0;355435.8;14809.8;309598.0
2025-11-10;N;18139.1;755.8;24.0;226050.9;9418.8;207911.9
2025-11-11;SE;124786.1;5199.4;24.0;1103844.8;45993.5;979058.7
2025-11-11;S;66124.7;2755.2;24.0;345359.4;14390.0;279234.7
2025-11-11;NE;43127.7;1797.0;24.0;355988.7;14832.9;312861.0
2025-11-11;N;18006.3;750.3;24.0;216777.8;9032.4;198771.6
2025-11-12;SE;139988.5;5832.9;24.0;1148443.6;47851.8;1008455.1
2025-11-12;S;47360.0;1973.3;24.0;366335.7;15264.0;318975.7
2025-11-12;NE;44651.8;1860.5;24.0;354144.1;14756.0;309492.3
2025-11-12;N;20458.9;852.5;24.0;220197.3;9174.9;199738.5
2025-11-13;SE;113933.0;4747.2;24.0;1160294.4;48345.6;1046361.4
2025-11-13;S;39789.1;1657.9;24.0;357837.2;14909.9;318048.2
2025-11-13;NE;47318.6;1971.6;24.0;354413.0;14767.2;307094.5
2025-11-13;N;19834.2;826.4;24.0;220102.3;9170.9;200268.0
2025-11-14;SE;119757.6;4989.9;24.0;1165124.5;48546.9;1045366.9
2025-11-14;S;46034.8;1918.1;24.0;356702.9;14862.6;310668.1
2025-11-14;NE;49641.0;2068.4;24.0;354927.2;14788.6;305286.2
2025-11-14;N;21652.2;902.2;24.0;225902.7;9412.6;204250.6
2025-11-15;SE;110852.5;4618.9;24.0;1042128.0;43422.0;931275.5
2025-11-15;S;42696.0;1779.0;24.0;306594.9;12774.8;263898.9
2025-11-15;NE;49772.5;2073.9;24.0;330341.6;13764.2;280569.1
2025-11-15;N;22054.4;918.9;24.0;217650.9;9068.8;195596.5
2025-11-16;SE;96638.7;4026.6;24.0;996813.5;41533.9;900174.8
2025-11-16;S;41732.2;1738.8;24.0;291392.9;12141.4;249660.7
2025-11-16;NE;51046.0;2126.9;24.0;323443.7;13476.8;272397.8
2025-11-16;N;22377.2;932.4;24.0;217168.1;9048.7;194790.9
2025-11-17;SE;102779.7;4282.5;24.0;1168752.3;48698.0;1065972.6
2025-11-17;S;27915.9;1163.2;24.0;337016.4;14042.3;309100.5
2025-11-17;NE;50297.7;2095.7;24.0;362982.1;15124.3;312684.4
2025-11-17;N;21292.3;887.2;24.0;231867.2;9661.1;210574.9
2025-11-18;SE;117365.6;4890.2;24.0;1159835.2;48326.5;1042469.7
2025-11-18;S;49077.0;2044.9;24.0;343472.4;14311.3;294395.3
2025-11-18;NE;50546.1;2106.1;24.0;373424.6;15559.4;322878.4
2025-11-18;N;21222.4;884.3;24.0;232357.4;9681.6;211134.9
2025-11-19;SE;146507.1;6104.5;24.0;1135824.6;47326.0;989317.5
2025-11-19;S;61859.7;2577.5;24.0;346285.2;14428.5;284425.5
2025-11-19;NE;44169.3;1840.4;24.0;370460.2;15435.8;326290.9
2025-11-19;N;18838.2;784.9;24.0;224014.8;9334.0;205176.6
2025-11-20;SE;152585.3;6357.7;24.0;1061313.3;44221.4;908728.0
2025-11-20;S;66719.8;2780.0;24.0;327618.3;13650.8;260898.5
2025-11-20;NE;38294.1;1595.6;24.0;335081.7;13961.7;296787.6
2025-11-20;N;17961.7;748.4;24.0;211692.3;8820.5;193730.6
2025-11-21;SE;146202.6;6091.8;24.0;1120541.8;46689.2;974339.2
2025-11-21;S;63411.2;2642.1;24.0;350310.7;14596.3;286899.5
2025-11-21;NE;37314.9;1554.8;24.0;339126.5;14130.3;301811.7
2025-11-21;N;16843.5;701.8;24.0;214952.5;8956.4;198109.0
2025-11-22;SE;129184.7;5382.7;24.0;1092437.1;45518.2;963252.4
2025-11-22;S;50841.8;2118.4;24.0;312323.6;13013.5;261481.8
2025-11-22;NE;42643.1;1776.8;24.0;329715.2;13738.1;287072.1
2025-11-22;N;17477.1;728.2;24.0;214112.6;8921.4;196635.5
2025-11-23;SE;107896.5;4495.7;24.0;1010663.7;42111.0;902767.2
2025-11-23;S;37997.6;1583.2;24.0;272876.8;11369.9;234879.2
2025-11-23;NE;45374.8;1890.6;24.0;311778.7;12990.8;266403.9
2025-11-23;N;19060.0;794.2;24.0;212079.2;8836.6;193019.2
2025-11-24;SE;97012.6;4042.2;24.0;1113843.7;46410.2;1016831.1
2025-11-24;S;44682.2;1861.8;24.0;342190.1;14257.9;297507.9
2025-11-24;NE;45312.3;1888.0;24.0;349247.0;14552.0;303934.7
2025-11-24;N;17982.7;749.3;24.0;225136.8;9380.7;207154.1
2025-11-25;SE;124712.1;5196.3;24.0;1120219.8;46675.8;995507.7
2025-11-25;S;59046.2;2460.3;24.0;366800.8;15283.4;307754.6
2025-11-25;NE;44813.9;1867.2;24.0;361539.9;15064.2;316726.0
2025-11-25;N;17508.3;729.5;24.0;222555.9;9273.2;205047.6
2025-11-26;SE;141836.7;5909.9;24.0;1129587.0;47066.1;987750.2
2025-11-26;S;55229.9;2301.2;24.0;376006.0;15666.9;320776.1
2025-11-26;NE;44898.7;1870.8;24.0;359050.6;14960.4;314152.0
2025-11-26;N;17803.1;741.8;24.0;223186.5;9299.4;205383.5
2025-11-27;SE;135896.0;5662.3;24.0;1139962.1;47498.4;1004066.2
2025-11-27;S;59431.2;2476.3;24.0;387448.9;16143.7;328017.7
2025-11-27;NE;44936.5;1872.4;24.0;360790.2;15032.9;315853.7
2025-11-27;N;18456.4;769.0;24.0;226483.3;9436.8;208026.9
2025-11-28;SE;139804.0;5825.2;24.0;1178917.1;49121.5;1039113.2
2025-11-28;S;61997.7;2583.2;24.0;407669.3;16986.2;345671.6
2025-11-28;NE;46866.3;1952.8;24.0;358648.2;14943.7;311781.9
2025-11-28;N;18623.2;776.0;24.0;226660.9;9444.2;208037.7
2025-11-29;SE;149815.7;6242.3;24.0;1118173.7;46590.6;968358.0
2025-11-29;S;63661.7;2652.6;24.0;357759.8;14906.7;294098.1
2025-11-29;NE;47879.6;1995.0;24.0;336252.2;14010.5;288372.5
2025-11-29;N;17053.6;710.6;24.0;215449.9;8977.1;198396.3
2025-11-30;SE;149514.1;6229.8;24.0;1055452.4;43977.2;905938.2
2025-11-30;S;59800.2;2491.7;24.0;321403.0;13391.8;261602.9
2025-11-30;NE;49845.3;2076.9;24.0;317458.7;13227.4;267613.5
2025-11-30;N;18112.2;754.7;24.0;201886.5;8411.9;183774.3
2025-12-01;SE;139485.4;5811.9;24.0;1220461.4;50852.6;1080976.1
2025-12-01;S;38826.9;1617.8;24.0;376679.4;15695.0;337852.5
2025-12-01;NE;48331.0;2013.8;24.0;355102.7;14795.9;306771.7
2025-12-01;N;17550.6;731.3;24.0;218596.5;9108.2;201045.8
2025-12-02;SE;118148.1;4922.8;24.0;1226693.5;51112.2;1108545.4
2025-12-02;S;51875.1;2161.5;24.0;390861.8;16285.9;338986.7
2025-12-02;NE;47819.5;1992.5;24.0;357877.0;14911.5;310057.5
2025-12-02;N;17744.0;739.3;24.0;220797.9;9199.9;203053.9
2025-12-03;SE;100154.3;4173.1;24.0;1198043.0;49918.5;1097888.7
2025-12-03;S;62568.6;2607.0;24.0;396205.8;16508.6;333637.2
2025-12-03;NE;47361.3;1973.4;24.0;360892.7;15037.2;313531.3
2025-12-03;N;20050.5;835.4;24.0;221945.7;9247.7;201895.2
2025-12-04;SE;106625.6;4442.7;24.0;1169447.5;48727.0;1062821.9
2025-12-04;S;65370.2;2723.8;24.0;392931.3;16372.1;327561.2
2025-12-04;NE;45751.7;1906.3;24.0;369317.9;15388.2;323566.2
2025-12-04;N;16199.1;675.0;24.0;215929.7;8997.1;199730.5
2025-12-05;SE;111388.9;4641.2;24.0;1154789.4;48116.2;1043400.4
2025-12-05;S;65256.6;2719.0;24.0;400198.2;16674.9;334941.7
2025-12-05;NE;40942.2;1705.9;24.0;361228.5;15051.2;320286.3
2025-12-05;N;15234.2;634.8;24.0;215310.6;8971.3;200076.4
2025-12-06;SE;111227.9;4634.5;24.0;1089909.8;45412.9;978681.9
2025-12-06;S;62716.9;2613.2;24.0;367726.8;15321.9;305009.9
2025-12-06;NE;39388.9;1641.2;24.0;337221.0;14050.9;297832.1
2025-12-06;N;14899.3;620.8;24.0;211193.1;8799.7;196293.8
2025-12-07;SE;109966.8;4582.0;24.0;1024040.1;42668.3;914073.3
2025-12-07;S;60949.9;2539.6;24.0;345766.2;14406.9;284816.3
2025-12-07;NE;42615.1;1775.6;24.0;311694.1;12987.3;269079.0
2025-12-07;N;15818.7;659.1;24.0;199284.0;8303.5;183465.3
2025-12-08;SE;100836.8;4201.5;24.0;1164830.2;48534.6;1063993.4
2025-12-08;S;39647.1;1652.0;24.0;404804.7;16866.9;365157.6
2025-12-08;NE;45321.4;1888.4;24.0;341570.2;14232.1;296248.8
2025-12-08;N;16576.1;690.7;24.0;205563.2;8565.1;188987.1
2025-12-09;SE;69083.6;2878.5;24.0;1148346.7;47847.8;1079263.1
2025-12-09;S;26687.8;1112.0;24.0;369904.0;15412.7;343216.2
2025-12-09;NE;48378.0;2015.7;24.0;351998.7;14666.6;303620.8
2025-12-09;N;17586.8;732.8;24.0;217263.5;9052.6;199676.7
2025-12-10;SE;109756.8;4573.2;24.0;1138143.0;47422.6;1028386.2
2025-12-10;S;38113.4;1588.1;24.0;357444.4;14893.5;319331.0
2025-12-10;NE;48765.1;2031.9;24.0;354536.7;14772.4;305771.6
2025-12-10;N;20466.0;852.8;24.0;222947.3;9289.5;202481.2
2025-12-11;SE;140106.8;5837.8;24.0;1187057.9;49460.7;1046951.1
2025-12-11;S;65183.5;2716.0;24.0;372042.4;15501.8;306858.9
2025-12-11;NE;47309.5;1971.2;24.0;360611.2;15025.5;313301.7
2025-12-11;N;20132.8;838.9;24.0;223907.8;9329.5;203775.0
2025-12-12;SE;125861.2;5244.2;24.0;1209961.4;50415.1;1084100.1
2025-12-12;S;32260.0;1344.2;24.0;380172.3;15840.5;347912.3
2025-12-12;NE;48484.9;2020.2;24.0;364139.0;15172.5;315654.0
2025-12-12;N;18391.4;766.3;24.0;222004.5;9250.2;203613.1
2025-12-13;SE;90118.2;3754.9;24.0;1082553.7;45106.4;992435.5
2025-12-13;S;47586.4;1982.8;24.0;331051.1;13793.8;283464.7
2025-12-13;NE;48116.9;2004.9;24.0;337749.9;14072.9;289633.0
2025-12-13;N;19975.8;832.3;24.0;217671.6;9069.6;197695.7
2025-12-14;SE;98249.0;4093.7;24.0;999761.9;41656.7;901513.0
2025-12-14;S;46828.5;1951.2;24.0;316051.6;13168.8;269223.2
2025-12-14;NE;51293.6;2137.2;24.0;317832.4;13243.0;266538.8
2025-12-14;N;19572.0;815.5;24.0;207541.7;8647.6;187969.7
2025-12-15;SE;104323.9;4346.8;24.0;1179489.0;49145.4;1075165.1
2025-12-15;S;50600.0;2108.3;24.0;401708.4;16737.8;351108.4
2025-12-15;NE;46780.8;1949.2;24.0;352310.3;14679.6;305529.5
2025-12-15;N;19473.4;811.4;24.0;216865.3;9036.1;197391.9
2025-12-16;SE;89732.4;3738.9;24.0;1209573.6;50398.9;1119841.2
2025-12-16;S;46343.2;1931.0;24.0;369026.1;15376.1;322682.9
2025-12-16;NE;45625.6;1901.1;24.0;358872.5;14953.0;313246.9
2025-12-16;N;19580.6;815.9;24.0;216304.8;9012.7;196724.3
2025-12-17;SE;77024.7;3209.4;24.0;1095176.7;45632.4;1018152.0
2025-12-17;S;58570.7;2440.4;24.0;351980.9;14665.9;293410.2
2025-12-17;NE;43236.6;1801.5;24.0;350292.9;14595.5;307056.3
2025-12-17;N;17712.2;738.0;24.0;217598.0;9066.6;199885.8
2025-12-18;SE;84216.8;3509.0;24.0;1067115.3;44463.1;982898.5
2025-12-18;S;66512.8;2771.4;24.0;363487.5;15145.3;296974.8
2025-12-18;NE;43805.1;1825.2;24.0;351513.5;14646.4;307708.4
2025-12-18;N;15222.6;634.3;24.0;214127.2;8922.0;198904.6
2025-12-19;SE;87366.8;3640.3;24.0;1071554.1;44648.1;984187.2
2025-12-19;S;68320.2;2846.7;24.0;377679.8;15736.7;309359.6
2025-12-19;NE;45919.6;1913.3;24.0;353431.8;14726.3;307512.2
2025-12-19;N;12233.8;509.7;24.0;203700.9;8487.5;191467.1
2025-12-20;SE;103573.7;4315.6;24.0;1018517.0;42438.2;914943.3
2025-12-20;S;63566.0;2648.6;24.0;347052.2;14460.5;283486.2
2025-12-20;NE;46532.6;1938.9;24.0;341724.0;14238.5;295191.4
2025-12-20;N;14551.9;606.3;24.0;197527.3;8230.3;182975.4
2025-12-21;SE;128506.3;5354.4;24.0;987508.5;41146.2;859002.2
2025-12-21;S;43215.2;1800.6;24.0;323312.5;13471.4;280097.3
2025-12-21;NE;42715.0;1779.8;24.0;320099.1;13337.5;277384.2
2025-12-21;N;11268.0;469.5;24.0;182408.3;7600.3;171140.3
2025-12-22;SE;131746.9;5489.5;24.0;1124472.4;46853.0;992725.5
2025-12-22;S;46813.4;1950.6;24.0;369945.4;15414.4;323132.0
2025-12-22;NE;35169.3;1465.4;24.0;335670.4;13986.3;300501.0
2025-12-22;N;13677.7;569.9;24.0;196899.1;8204.1;183221.4
2025-12-23;SE;131628.4;5484.5;24.0;1164074.4;48503.1;1032445.9
2025-12-23;S;43942.3;1830.9;24.0;367559.4;15315.0;323617.1
2025-12-23;NE;39112.3;1629.7;24.0;331189.5;13799.6;292077.3
2025-12-23;N;15943.6;664.3;24.0;196273.7;8178.1;180330.1
2025-12-24;SE;139657.0;5819.0;24.0;1113226.8;46384.4;973569.7
2025-12-24;S;47185.6;1966.1;24.0;338608.2;14108.7;291422.6
2025-12-24;NE;43757.1;1823.2;24.0;320079.9;13336.7;276322.8
2025-12-24;N;16536.1;689.0;24.0;187521.0;7813.4;170984.9
2025-12-25;SE;146829.5;6117.9;24.0;1016439.8;42351.7;869610.3
2025-12-25;S;49841.3;2076.7;24.0;297224.8;12384.4;247383.4
2025-12-25;NE;42807.4;1783.6;24.0;292851.7;12202.2;250044.3
2025-12-25;N;13437.9;559.9;24.0;171753.7;7156.4;158315.8
2025-12-26;SE;149139.0;6214.1;24.0;1168949.2;48706.2;1019810.1
2025-12-26;S;49399.2;2058.3;24.0;336173.2;14007.2;286774.0
2025-12-26;NE;46585.4;1941.1;24.0;334351.7;13931.3;287766.3
2025-12-26;N;20811.0;867.1;24.0;197397.5;8224.9;176586.5
2025-12-27;SE;148271.7;6178.0;24.0;1156734.2;48197.3;1008462.5
2025-12-27;S;60383.5;2516.0;24.0;344740.9;14364.2;284357.4
2025-12-27;NE;48374.2;2015.6;24.0;337843.1;14076.8;289468.9
2025-12-27;N;21201.6;883.4;24.0;204570.6;8523.8;183369.0
2025-12-28;SE;148733.0;6197.2;24.0;1109277.0;46219.9;960544.0
2025-12-28;S;54014.0;2250.6;24.0;320121.1;13338.4;266107.1
2025-12-28;NE;48441.8;2018.4;24.0;330363.8;13765.2;281922.0
2025-12-28;N;20349.8;847.9;24.0;199078.3;8294.9;178728.4
2025-12-29;SE;144814.6;6033.9;24.0;1205881.2;50245.0;1061066.5
2025-12-29;S;40128.4;1672.0;24.0;337203.0;14050.1;297074.6
2025-12-29;NE;49718.2;2071.6;24.0;362544.7;15106.0;312826.5
2025-12-29;N;17872.5;744.7;24.0;202035.5;8418.1;184162.9
2025-12-30;SE;143863.7;5994.3;24.0;1225352.3;51056.3;1081488.7
2025-12-30;S;43887.6;1828.7;24.0;327480.7;13645.0;283593.1
2025-12-30;NE;49770.1;2073.8;24.0;364308.7;15179.5;314538.6
2025-12-30;N;18524.8;771.9;24.0;199990.8;8333.0;181466.1
2025-12-31;SE;141829.4;5909.6;24.0;1127826.4;46992.8;985996.9
2025-12-31;S;49418.9;2059.1;24.0;310824.3;12951.0;261405.5
2025-12-31;NE;47079.3;1961.6;24.0;343103.6;14296.0;296024.3
2025-12-31;N;19455.8;810.7;24.0;197007.7;8208.7;177552.0
2026-01-01;SE;129238.5;5384.9;24.0;995135.0;41464.0;865896.4
2026-01-01;S;41691.5;1737.1;24.0;285355.8;11889.8;243664.3
2026-01-01;NE;47266.4;1969.4;24.0;304598.7;12691.6;257332.3
2026-01-01;N;20652.3;860.5;24.0;189613.6;7900.6;168961.4
2026-01-02;SE;112240.7;4676.7;24.0;1095742.7;45655.9;983502.0
2026-01-02;S;55456.8;2310.7;24.0;325379.7;13557.5;269922.9
2026-01-02;NE;47748.8;1989.5;24.0;340511.8;14188.0;292763.0
2026-01-02;N;19942.9;831.0;24.0;203294.5;8470.6;183351.6
2026-01-03;SE;103670.1;4319.6;24.0;1061080.9;44211.7;957410.8
2026-01-03;S;60509.1;2521.2;24.0;312111.3;13004.6;251602.3
2026-01-03;NE;46498.4;1937.4;24.0;336469.4;14019.6;289971.0
2026-01-03;N;17899.8;745.8;24.0;199403.1;8308.5;181503.3
2026-01-04;SE;102683.7;4278.5;24.0;993490.8;41395.5;890807.1
2026-01-04;S;65538.8;2730.8;24.0;272321.9;11346.7;206783.1
2026-01-04;NE;45914.0;1913.1;24.0;319697.8;13320.7;273783.9
2026-01-04;N;18584.3;774.3;24.0;193697.3;8070.7;175112.9
2026-01-05;SE;96937.7;4039.1;24.0;1067386.7;44474.4;970449.0
2026-01-05;S;60765.7;2531.9;24.0;318893.6;13287.2;258128.0
2026-01-05;NE;48787.7;2032.8;24.0;355365.0;14806.9;306577.3
2026-01-05;N;17276.9;719.9;24.0;207039.2;8626.6;189762.3
2026-01-06;SE;95399.7;3975.0;24.0;1090545.3;45439.4;995145.6
2026-01-06;S;61712.5;2571.4;24.0;352761.9;14698.4;291049.4
2026-01-06;NE;44878.0;1869.9;24.0;358776.7;14949.0;313898.7
2026-01-06;N;16670.8;694.6;24.0;206343.0;8597.6;189672.2
2026-01-07;SE;109310.2;4554.6;24.0;1138387.9;47432.8;1029077.7
2026-01-07;S;61282.1;2553.4;24.0;391515.3;16313.1;330233.1
2026-01-07;NE;46562.1;1940.1;24.0;361931.2;15080.5;315369.1
2026-01-07;N;18720.4;780.0;24.0;205454.4;8560.6;186734.1
2026-01-08;SE;128986.2;5374.4;24.0;1181059.6;49210.8;1052073.4
2026-01-08;S;57721.6;2405.1;24.0;401871.8;16744.7;344150.2
2026-01-08;NE;47740.2;1989.2;24.0;362995.3;15124.8;315255.1
2026-01-08;N;17730.7;738.8;24.0;206566.4;8606.9;188835.7
2026-01-09;SE;142845.8;5951.9;24.0;1230993.6;51291.4;1088147.9
2026-01-09;S;51525.8;2146.9;24.0;401144.6;16714.4;349618.8
2026-01-09;NE;48973.4;2040.6;24.0;369375.9;15390.7;320402.5
2026-01-09;N;19681.1;820.0;24.0;204615.8;8525.7;184934.7
2026-01-10;SE;149351.6;6223.0;24.0;1167874.0;48661.4;1018522.4
2026-01-10;S;32196.2;1341.5;24.0;337077.9;14044.9;304881.7
2026-01-10;NE;47074.5;1961.4;24.0;354898.9;14787.5;307824.4
2026-01-10;N;21263.2;886.0;24.0;205809.6;8575.4;184546.4
2026-01-11;SE;148807.5;6200.3;24.0;1093471.2;45561.3;944663.7
2026-01-11;S;43505.8;1812.7;24.0;298039.3;12418.3;254533.5
2026-01-11;NE;48694.7;2028.9;24.0;332962.6;13873.4;284268.0
2026-01-11;N;19191.1;799.6;24.0;192110.0;8004.6;172918.9
2026-01-12;SE;136022.6;5667.6;24.0;1269263.4;52886.0;1133240.8
2026-01-12;S;49138.0;2047.4;24.0;376363.6;15681.8;327225.6
2026-01-12;NE;47786.6;1991.1;24.0;368488.3;15353.7;320701.7
2026-01-12;N;18822.6;784.3;24.0;199419.3;8309.1;180596.7
2026-01-13;SE;131036.4;5459.8;24.0;1259121.3;52463.4;1128084.9
2026-01-13;S;56556.9;2356.5;24.0;398953.5;16623.1;342396.6
2026-01-13;NE;49929.3;2080.4;24.0;369548.7;15397.9;319619.4
2026-01-13;N;19539.7;814.2;24.0;206437.4;8601.6;186897.7
2026-01-14;SE;126639.4;5276.6;24.0;1230863.8;51286.0;1104224.3
2026-01-14;S;60354.0;2514.7;24.0;420368.6;17515.4;360014.6
2026-01-14;NE;46663.2;1944.3;24.0;366218.0;15259.1;319554.8
2026-01-14;N;19201.5;800.1;24.0;203953.2;8498.0;184751.7
2026-01-15;SE;121850.2;5077.1;24.0;1218369.9;50765.4;1096519.7
2026-01-15;S;61074.7;2544.8;24.0;438976.5;18290.7;377901.8
2026-01-15;NE;47364.2;1973.5;24.0;365236.5;15218.2;317872.3
2026-01-15;N;18152.3;756.3;24.0;205804.8;8575.2;187652.6
2026-01-16;SE;124066.7;5169.4;24.0;1220114.5;50838.1;1096047.7
2026-01-16;S;53701.6;2237.6;24.0;438467.7;18269.5;384766.1
2026-01-16;NE;46251.5;1927.1;24.0;370145.8;15422.7;323894.2
2026-01-16;N;20524.6;855.2;24.0;210285.2;8761.9;189760.5
2026-01-17;SE;120320.0;5013.3;24.0;1143072.9;47628.0;1022752.9
2026-01-17;S;49871.5;2078.0;24.0;371808.8;15492.0;321937.3
2026-01-17;NE;46388.8;1932.9;24.0;350962.8;14623.4;304573.9
2026-01-17;N;17066.7;711.1;24.0;199394.2;8308.1;182327.5
2026-01-18;SE;111725.9;4655.2;24.0;1062682.4;44278.4;950956.5
2026-01-18;S;47451.7;1977.2;24.0;329730.9;13738.8;282279.1
2026-01-18;NE;45472.6;1894.7;24.0;326752.6;13614.7;281280.0
2026-01-18;N;16681.4;695.1;24.0;190094.0;7920.6;173412.5
2026-01-19;SE;105721.4;4405.1;24.0;1186747.6;49447.8;1081026.2
2026-01-19;S;56734.5;2363.9;24.0;377590.1;15732.9;320855.6
2026-01-19;NE;40369.9;1682.1;24.0;352773.4;14698.9;312403.5
2026-01-19;N;17533.1;730.5;24.0;202630.9;8443.0;185097.8
2026-01-20;SE;90382.3;3765.9;24.0;1114464.7;46436.0;1024082.4
2026-01-20;S;57917.9;2413.2;24.0;365390.2;15224.6;307472.3
2026-01-20;NE;36184.6;1507.7;24.0;352107.5;14671.1;315922.9
2026-01-20;N;16426.7;684.4;24.0;199714.2;8321.4;183287.5
2026-01-21;SE;89869.5;3744.6;24.0;1094546.8;45606.1;1004677.3
2026-01-21;S;55912.4;2329.7;24.0;369376.0;15390.7;313463.6
2026-01-21;NE;40496.8;1687.4;24.0;352624.5;14692.7;312127.7
2026-01-21;N;15224.1;634.3;24.0;201398.5;8391.6;186174.4
2026-01-22;SE;82607.7;3442.0;24.0;1097797.6;45741.6;1015189.9
2026-01-22;S;60308.5;2512.9;24.0;378626.1;15776.1;318317.6
2026-01-22;NE;48452.7;2018.9;24.0;362292.4;15095.5;313839.7
2026-01-22;N;15028.2;626.2;24.0;199403.8;8308.5;184375.6
2026-01-23;SE;95824.9;3992.7;24.0;1095570.0;45648.8;999745.1
2026-01-23;S;61898.9;2579.1;24.0;382140.8;15922.5;320241.9
2026-01-23;NE;52460.3;2185.8;24.0;363633.1;15151.4;311172.8
2026-01-23;N;17781.6;740.9;24.0;205409.8;8558.7;187628.1
2026-01-24;SE;107074.9;4461.5;24.0;1034864.4;43119.4;927789.6
2026-01-24;S;59424.8;2476.0;24.0;345204.3;14383.5;285779.5
2026-01-24;NE;50795.7;2116.5;24.0;347636.1;14484.8;296840.4
2026-01-24;N;15438.4;643.3;24.0;191984.6;7999.4;176546.3
2026-01-25;SE;116502.5;4854.3;24.0;984802.4;41033.4;868299.9
2026-01-25;S;58903.7;2454.3;24.0;320220.6;13342.5;261316.8
2026-01-25;NE;49003.1;2041.8;24.0;327260.3;13635.8;278257.2
2026-01-25;N;20626.2;859.4;24.0;191217.8;7967.4;170591.6
2026-01-26;SE;131118.3;5463.3;24.0;1156865.9;48202.7;1025747.6
2026-01-26;S;59785.7;2491.1;24.0;422142.4;17589.3;362356.7
2026-01-26;NE;46766.4;1948.6;24.0;359754.8;14989.8;312988.4
2026-01-26;N;19869.4;827.9;24.0;205614.1;8567.3;185744.6
2026-01-27;SE;133856.8;5577.4;24.0;1207711.3;50321.3;1073854.5
2026-01-27;S;59986.2;2499.4;24.0;453946.7;18914.4;393960.6
2026-01-27;NE;42348.8;1764.5;24.0;363435.3;15143.1;321086.5
2026-01-27;N;16597.7;691.6;24.0;197852.0;8243.8;181254.4
2026-01-28;SE;129232.7;5384.7;24.0;1219132.4;50797.2;1089899.7
2026-01-28;S;59215.5;2467.3;24.0;467099.2;19462.5;407883.7
2026-01-28;NE;42179.0;1757.5;24.0;357993.2;14916.4;315814.2
2026-01-28;N;17506.8;729.5;24.0;197613.2;8233.9;180106.4
2026-01-29;SE;135259.4;5635.8;24.0;1226646.1;51110.3;1091386.8
2026-01-29;S;48030.1;2001.3;24.0;442697.0;18445.7;394667.0
2026-01-29;NE;44273.8;1844.7;24.0;358290.5;14928.8;314016.7
2026-01-29;N;19940.1;830.8;24.0;208074.4;8669.8;188134.2
2026-01-30;SE;97497.3;4062.4;24.0;1192475.3;49686.5;1094977.9
2026-01-30;S;48873.0;2036.4;24.0;403658.6;16819.1;354785.5
2026-01-30;NE;49281.4;2053.4;24.0;362789.8;15116.2;313508.4
2026-01-30;N;21333.4;888.9;24.0;211367.9;8807.0;190034.5
2026-01-31;SE;123294.5;5137.3;24.0;1108857.4;46202.4;985562.9
2026-01-31;S;56678.1;2361.6;24.0;355536.7;14814.0;298858.6
2026-01-31;NE;51170.0;2132.1;24.0;349567.3;14565.3;298397.3
2026-01-31;N;20016.2;834.0;24.0;200890.8;8370.5;180874.7
2026-02-01;SE;113040.6;4710.0;24.0;1046611.8;43608.8;933571.2
2026-02-01;S;58104.1;2421.0;24.0;322817.4;13450.7;264713.3
2026-02-01;NE;53610.1;2233.8;24.0;330684.4;13778.5;277074.3
2026-02-01;N;19468.9;811.2;24.0;193337.9;8055.7;173869.0
2026-02-02;SE;85412.7;3558.9;24.0;1167583.5;48649.3;1082170.8
2026-02-02;S;54021.0;2250.9;24.0;402536.8;16772.4;348515.8
2026-02-02;NE;52360.7;2181.7;24.0;363252.2;15135.5;310891.5
2026-02-02;N;20994.8;874.8;24.0;206951.9;8623.0;185957.0
2026-02-03;SE;80813.7;3367.2;24.0;1184290.1;49345.4;1103476.4
2026-02-03;S;45748.0;1906.2;24.0;424707.3;17696.1;378959.3
2026-02-03;NE;51598.7;2149.9;24.0;368354.3;15348.1;316755.6
2026-02-03;N;16864.1;702.7;24.0;208179.9;8674.2;191315.8
2026-02-04;SE;90855.6;3785.6;24.0;1194660.3;49777.5;1103804.8
2026-02-04;S;58137.0;2422.4;24.0;425807.8;17742.0;367670.8
2026-02-04;NE;49099.5;2045.8;24.0;375266.8;15636.1;326167.3
2026-02-04;N;20440.3;851.7;24.0;210705.9;8779.4;190265.6
2026-02-05;SE;105278.6;4386.6;24.0;1205171.8;50215.5;1099893.2
2026-02-05;S;59134.5;2463.9;24.0;443389.5;18474.6;384255.0
2026-02-05;NE;44180.9;1840.9;24.0;365516.4;15229.9;321335.5
2026-02-05;N;19673.7;819.7;24.0;213053.2;8877.2;193379.5
2026-02-06;SE;121466.7;5061.1;24.0;1224368.5;51015.4;1102901.8
2026-02-06;S;61302.1;2554.3;24.0;456853.2;19035.6;395551.1
2026-02-06;NE;46329.0;1930.4;24.0;355924.2;14830.2;309595.2
2026-02-06;N;16478.8;686.6;24.0;205524.2;8563.5;189045.5
2026-02-07;SE;113781.2;4740.9;24.0;1136538.6;47355.8;1022757.4
2026-02-07;S;49992.1;2083.0;24.0;381524.5;15896.9;331532.5
2026-02-07;NE;41021.4;1709.2;24.0;335147.4;13964.5;294126.0
2026-02-07;N;13017.6;542.4;24.0;193870.5;8077.9;180852.8
2026-02-08;SE;99857.5;4160.7;24.0;1031829.1;42992.9;931971.6
2026-02-08;S;52135.8;2172.3;24.0;312704.1;13029.3;260568.3
2026-02-08;NE;34920.3;1455.0;24.0;306447.3;12768.6;271527.1
2026-02-08;N;13504.3;562.7;24.0;182529.0;7605.4;169024.7
2026-02-09;SE;79409.3;3308.7;24.0;1143543.2;47647.6;1064133.8
2026-02-09;S;54087.5;2253.6;24.0;407628.6;16984.5;353541.1
2026-02-09;NE;44187.7;1841.2;24.0;333524.6;13896.9;289336.8
2026-02-09;N;19102.1;795.9;24.0;201177.9;8382.4;182075.8
2026-02-10;SE;85060.0;3544.2;24.0;1152720.4;48030.0;1067660.3
2026-02-10;S;53004.5;2208.5;24.0;436282.6;18178.4;383278.1
2026-02-10;NE;52003.5;2166.8;24.0;358178.6;14924.1;306175.1
2026-02-10;N;18735.0;780.6;24.0;202519.3;8438.3;183784.3
2026-02-11;SE;86727.1;3613.6;24.0;1180993.4;49208.1;1094266.2
2026-02-11;S;58297.1;2429.0;24.0;461067.9;19211.2;402770.8
2026-02-11;NE;45794.2;1908.1;24.0;345470.8;14394.6;299676.5
2026-02-11;N;17745.1;739.4;24.0;202983.9;8457.7;185238.8
2026-02-12;SE;103152.9;4298.0;24.0;1211207.3;50467.0;1108054.4
2026-02-12;S;53252.8;2218.9;24.0;472420.4;19684.2;419167.7
2026-02-12;NE;39652.6;1652.2;24.0;341312.5;14221.4;301659.9
2026-02-12;N;19053.3;793.9;24.0;207612.9;8650.5;188559.6
2026-02-13;SE;130233.4;5426.4;24.0;1252311.2;52179.6;1122077.8
2026-02-13;S;40491.3;1687.1;24.0;442386.9;18432.8;401895.6
2026-02-13;NE;42320.4;1763.3;24.0;342248.1;14260.3;299927.7
2026-02-13;N;16351.7;681.3;24.0;202370.4;8432.1;186018.6
2026-02-14;SE;135334.6;5638.9;24.0;1157854.1;48243.9;1022519.4
2026-02-14;S;36384.7;1516.0;24.0;352189.2;14674.6;315804.6
2026-02-14;NE;38486.3;1603.6;24.0;317934.9;13247.3;279448.6
2026-02-14;N;15955.8;664.8;24.0;194003.2;8083.5;178047.4
2026-02-15;SE;142119.3;5921.6;24.0;1081799.4;45075.0;939680.1
2026-02-15;S;47524.3;1980.2;24.0;327762.4;13656.8;280238.2
2026-02-15;NE;42758.8;1781.6;24.0;300311.5;12513.0;257552.6
2026-02-15;N;18084.3;753.5;24.0;185984.1;7749.3;167899.8
2026-02-16;SE;142819.1;5950.8;24.0;1180831.6;49201.3;1038012.5
2026-02-16;S;54040.7;2251.7;24.0;400992.5;16708.0;346951.8
2026-02-16;NE;48526.7;2021.9;24.0;312003.6;13000.1;263476.9
2026-02-16;N;16389.9;682.9;24.0;190092.7;7920.5;173702.8
2026-02-17;SE;143241.7;5968.4;24.0;1201646.2;50068.6;1058404.5
2026-02-17;S;51892.4;2162.2;24.0;416169.8;17340.4;364277.3
2026-02-17;NE;47018.1;1959.1;24.0;319276.8;13303.2;272258.6
2026-02-17;N;16275.9;678.2;24.0;189998.8;7916.6;173723.0
2026-02-18;SE;129704.4;5404.4;24.0;1283809.2;53492.1;1154104.8
2026-02-18;S;53493.8;2228.9;24.0;439813.3;18325.6;386319.5
2026-02-18;NE;41141.0;1714.2;24.0;334974.1;13957.3;293833.2
2026-02-18;N;14900.3;620.8;24.0;194030.0;8084.6;179129.6
2026-02-19;SE;131439.8;5476.7;24.0;1292817.7;53867.4;1161377.9
2026-02-19;S;55989.7;2332.9;24.0;437886.3;18245.3;381896.6
2026-02-19;NE;43574.5;1815.6;24.0;353073.9;14711.4;309499.3
2026-02-19;N;17774.2;740.6;24.0;202583.2;8441.0;184808.9
2026-02-20;SE;131085.0;5461.9;24.0;1293635.8;53901.5;1162550.8
2026-02-20;S;44229.2;1842.9;24.0;424544.9;17689.4;380315.7
2026-02-20;NE;43459.9;1810.8;24.0;352284.4;14678.5;308824.5
2026-02-20;N;17489.0;728.7;24.0;205300.5;8554.2;187811.5
2026-02-21;SE;113850.8;4743.8;24.0;1180189.4;49174.6;1066338.6
2026-02-21;S;46876.6;1953.2;24.0;353249.5;14718.7;306372.9
2026-02-21;NE;40100.2;1670.8;24.0;326846.6;13618.6;286746.3
2026-02-21;N;17805.4;741.9;24.0;197843.2;8243.5;180037.9
2026-02-22;SE;98990.6;4124.6;24.0;1047441.1;43643.4;948450.5
2026-02-22;S;49188.5;2049.5;24.0;314405.4;13100.2;265216.9
2026-02-22;NE;46798.7;1949.9;24.0;319408.7;13308.7;272609.9
2026-02-22;N;17947.5;747.8;24.0;193139.1;8047.5;175191.6
2026-02-23;SE;83980.1;3499.2;24.0;1194201.2;49758.4;1110221.1
2026-02-23;S;40322.8;1680.1;24.0;394456.1;16435.7;354133.3
2026-02-23;NE;39281.0;1636.7;24.0;351271.3;14636.3;311990.3
2026-02-23;N;16502.5;687.6;24.0;201254.9;8385.6;184752.4
2026-02-24;SE;78324.0;3263.5;24.0;1191524.8;49646.9;1113200.7
2026-02-24;S;40377.9;1682.4;24.0;413294.9;17220.6;372917.0
2026-02-24;NE;43266.8;1802.8;24.0;365014.0;15208.9;321747.1
2026-02-24;N;16869.6;702.9;24.0;204089.5;8503.7;187219.9
2026-02-25;SE;90272.3;3761.3;24.0;1210739.0;50447.5;1120466.7
2026-02-25;S;45774.7;1907.3;24.0;413319.9;17221.7;367545.2
2026-02-25;NE;42935.0;1789.0;24.0;363620.5;15150.9;320685.5
2026-02-25;N;12943.6;539.3;24.0;202083.7;8420.2;189140.1
2026-02-26;SE;90080.7;3753.4;24.0;1216169.6;50673.7;1126088.9
2026-02-26;S;52475.6;2186.5;24.0;397388.9;16557.9;344913.3
2026-02-26;NE;33215.8;1384.0;24.0;350967.3;14623.6;317751.5
2026-02-26;N;15934.2;663.9;24.0;200430.5;8351.3;184496.2
2026-02-27;SE;98678.1;4111.6;24.0;1176469.8;49019.6;1077791.6
2026-02-27;S;54760.9;2281.7;24.0;392688.3;16362.0;337927.5
2026-02-27;NE;34765.5;1448.6;24.0;343096.2;14295.7;308330.7
2026-02-27;N;8163.6;340.2;24.0;193091.6;8045.5;184928.0
2026-02-28;SE;118218.5;4925.8;24.0;1067629.8;44484.6;949411.2
2026-02-28;S;52689.2;2195.4;24.0;345165.4;14381.9;292476.2
2026-02-28;NE;27242.4;1135.1;24.0;318603.1;13275.1;291360.6
2026-02-28;N;10118.1;421.6;24.0;188605.9;7858.6;178487.8
2026-03-01;SE;131939.2;5497.5;24.0;981068.2;40877.8;849129.1
2026-03-01;S;52876.7;2203.2;24.0;303876.5;12661.5;250999.8
2026-03-01;NE;28360.3;1181.7;24.0;293493.7;12228.9;265133.3
2026-03-01;N;13811.0;575.5;24.0;187016.5;7792.4;173205.5
2026-03-02;SE;133614.7;5567.3;24.0;1138138.1;47422.4;1004523.4
2026-03-02;S;54030.9;2251.3;24.0;384712.0;16029.7;330681.0
2026-03-02;NE;29704.8;1237.7;24.0;325757.1;13573.2;296052.3
2026-03-02;N;15277.8;636.6;24.0;204988.0;8541.2;189710.2
2026-03-03;SE;129883.9;5411.8;24.0;1174287.7;48928.7;1044403.8
2026-03-03;S;54488.6;2270.4;24.0;408401.0;17016.7;353912.4
2026-03-03;NE;32690.7;1362.1;24.0;326995.2;13624.8;294304.5
2026-03-03;N;14470.0;602.9;24.0;203734.8;8488.9;189264.8
2026-03-04;SE;130614.0;5442.3;24.0;1205741.5;50239.2;1075127.5
2026-03-04;S;56504.1;2354.3;24.0;430225.5;17926.1;373721.5
2026-03-04;NE;36264.0;1511.0;24.0;329162.6;13715.1;292898.6
2026-03-04;N;13569.2;565.4;24.0;202602.8;8441.8;189033.5
2026-03-05;SE;128629.6;5359.6;24.0;1230155.4;51256.5;1101525.8
2026-03-05;S;52767.3;2198.6;24.0;433131.5;18047.1;380364.2
2026-03-05;NE;43026.3;1792.8;24.0;334676.6;13944.9;291650.3
2026-03-05;N;11276.8;469.9;24.0;199735.8;8322.3;188459.0
2026-03-06;SE;114332.8;4763.9;24.0;1253488.0;52228.7;1139155.2
2026-03-06;S;52729.5;2197.1;24.0;428170.2;17840.4;375440.7
2026-03-06;NE;48122.3;2005.1;24.0;338870.6;14119.6;290748.3
2026-03-06;N;13595.5;566.5;24.0;200483.8;8353.5;186888.2
2026-03-07;SE;100198.9;4175.0;24.0;1150061.0;47919.2;1049862.1
2026-03-07;S;46631.7;1943.0;24.0;370213.9;15425.6;323582.2
2026-03-07;NE;52040.1;2168.3;24.0;329525.2;13730.2;277485.1
2026-03-07;N;16569.0;690.4;24.0;196083.1;8170.1;179514.1
2026-03-08;SE;113897.9;4745.7;24.0;1049381.5;43724.2;935483.7
2026-03-08;S;47347.6;1972.8;24.0;317635.4;13234.8;270287.8
2026-03-08;NE;47340.2;1972.5;24.0;311462.2;12977.6;264121.9
2026-03-08;N;18220.5;759.2;24.0;190049.2;7918.7;171828.7
2026-03-09;SE;91083.4;3795.1;24.0;1192536.6;49689.0;1101453.2
2026-03-09;S;26116.0;1088.2;24.0;369075.9;15378.2;342959.9
2026-03-09;NE;48951.1;2039.6;24.0;351549.9;14647.9;302598.8
2026-03-09;N;20767.3;865.3;24.0;211391.7;8808.0;190624.4
2026-03-10;SE;82861.4;3452.6;24.0;1167974.3;48665.6;1085112.9
2026-03-10;S;28689.2;1195.4;24.0;371893.5;15495.6;343204.3
2026-03-10;NE;47677.0;1986.5;24.0;357949.5;14914.6;310272.5
2026-03-10;N;16881.8;703.4;24.0;209575.8;8732.3;192693.9
2026-03-11;SE;81366.6;3390.3;24.0;1166549.4;48606.2;1085182.8
2026-03-11;S;32459.3;1352.5;24.0;382458.8;15935.8;349999.5
2026-03-11;NE;48370.1;2015.4;24.0;361872.6;15078.0;313502.5
2026-03-11;N;19378.4;807.4;24.0;209770.7;8740.4;190392.3
2026-03-12;SE;75252.0;3135.5;24.0;1156454.6;48185.6;1081202.6
2026-03-12;S;39535.9;1647.3;24.0;391382.6;16307.6;351846.7
2026-03-12;NE;48189.4;2007.9;24.0;363309.6;15137.9;315120.2
2026-03-12;N;15616.9;650.7;24.0;208685.6;8695.2;193068.7
2026-03-13;SE;91629.1;3817.9;24.0;1161891.5;48412.1;1070262.3
2026-03-13;S;48260.9;2010.9;24.0;390686.7;16278.6;342425.8
2026-03-13;NE;51173.8;2132.2;24.0;366504.7;15271.0;315330.9
2026-03-13;N;17323.4;721.8;24.0;205413.6;8558.9;188090.1
2026-03-14;SE;111383.1;4641.0;24.0;1079269.9;44969.6;967886.8
2026-03-14;S;51069.1;2127.9;24.0;351732.9;14655.5;300663.8
2026-03-14;NE;49071.1;2044.6;24.0;351563.1;14648.5;302492.0
2026-03-14;N;18313.2;763.1;24.0;200698.0;8362.4;182384.8
2026-03-15;SE;125191.1;5216.3;24.0;1020399.8;42516.7;895208.7
2026-03-15;S;53150.8;2214.6;24.0;329767.5;13740.3;276616.8
2026-03-15;NE;48623.5;2026.0;24.0;332769.9;13865.4;284146.4
2026-03-15;N;18546.3;772.8;24.0;196754.3;8198.1;178208.0
2026-03-16;SE;122693.8;5112.2;24.0;1203443.5;50143.5;1080749.7
2026-03-16;S;45520.9;1896.7;24.0;427751.0;17823.0;382230.1
2026-03-16;NE;49009.9;2042.1;24.0;360073.4;15003.1;311063.5
2026-03-16;N;18194.4;758.1;24.0;211381.0;8807.5;193186.6
2026-03-17;SE;118086.3;4920.3;24.0;1239721.2;51655.1;1121635.0
2026-03-17;S;33569.3;1398.7;24.0;428764.8;17865.2;395195.5
2026-03-17;NE;45750.7;1906.3;24.0;355143.1;14797.6;309392.4
2026-03-17;N;15079.9;628.3;24.0;206896.8;8620.7;191816.9
2026-03-18;SE;113960.7;4748.4;24.0;1247716.5;51988.2;1133755.8
2026-03-18;S;36572.7;1523.9;24.0;420821.3;17534.2;384248.5
2026-03-18;NE;46574.1;1940.6;24.0;356605.5;14858.6;310031.5
2026-03-18;N;17816.5;742.4;24.0;205688.7;8570.4;187872.1
2026-03-19;SE;94308.9;3929.5;24.0;1218624.7;50776.0;1124315.8
2026-03-19;S;41338.9;1722.5;24.0;422405.0;17600.2;381066.0
2026-03-19;NE;47680.1;1986.7;24.0;356427.3;14851.1;308747.2
2026-03-19;N;14744.4;614.4;24.0;199033.6;8293.1;184289.1
2026-03-20;SE;92439.0;3851.6;24.0;1193333.4;49722.2;1100894.4
2026-03-20;S;48485.2;2020.2;24.0;423666.6;17652.8;375181.4
2026-03-20;NE;50509.1;2104.5;24.0;368271.1;15344.6;317762.0
2026-03-20;N;15273.4;636.4;24.0;200946.5;8372.8;185673.1
2026-03-21;SE;113710.0;4737.9;24.0;1102400.8;45933.4;988690.8
2026-03-21;S;48601.8;2025.1;24.0;379944.0;15831.0;331342.2
2026-03-21;NE;48212.8;2008.9;24.0;347994.6;14499.8;299781.7
2026-03-21;N;15409.0;642.0;24.0;194849.5;8118.7;179440.5
2026-03-22;SE;130087.9;5420.3;24.0;1040521.1;43355.0;910433.2
2026-03-22;S;35840.6;1493.4;24.0;335502.8;13979.3;299662.2
2026-03-22;NE;46463.9;1936.0;24.0;328024.7;13667.7;281560.8
2026-03-22;N;21467.6;894.5;24.0;199895.5;8329.0;178427.9
2026-03-23;SE;127665.8;5319.4;24.0;1205959.8;50248.3;1078294.0
2026-03-23;S;39191.4;1633.0;24.0;410448.5;17102.0;371257.1
2026-03-23;NE;43755.3;1823.1;24.0;359500.0;14979.2;315744.8
2026-03-23;N;19897.2;829.1;24.0;216164.5;9006.9;196267.2
2026-03-24;SE;115715.0;4821.5;24.0;1219690.7;50820.4;1103975.6
2026-03-24;S;32271.2;1344.6;24.0;407236.4;16968.2;374965.3
2026-03-24;NE;45490.6;1895.4;24.0;364823.8;15201.0;319333.2
2026-03-24;N;16448.1;685.3;24.0;213022.3;8875.9;196574.1
2026-03-25;SE;110016.1;4584.0;24.0;1228004.4;51166.8;1117988.3
2026-03-25;S;39953.7;1664.7;24.0;412420.5;17184.2;372466.8
2026-03-25;NE;44465.0;1852.7;24.0;354563.9;14773.5;310098.9
2026-03-25;N;15271.0;636.3;24.0;206558.1;8606.6;191287.1
2026-03-26;SE;107647.3;4485.3;24.0;1219849.8;50827.1;1112202.5
2026-03-26;S;42758.9;1781.6;24.0;419182.2;17465.9;376423.3
2026-03-26;NE;45632.6;1901.4;24.0;357380.1;14890.8;311747.5
2026-03-26;N;19436.1;809.8;24.0;211100.5;8795.9;191664.4
2026-03-27;SE;120814.2;5033.9;24.0;1214579.1;50607.5;1093764.9
2026-03-27;S;47910.7;1996.3;24.0;440171.1;18340.5;392260.4
2026-03-27;NE;42737.9;1780.7;24.0;353245.3;14718.6;310507.4
2026-03-27;N;19673.5;819.7;24.0;215547.4;8981.1;195873.9
2026-03-28;SE;123616.4;5150.7;24.0;1117529.0;46563.7;993912.6
2026-03-28;S;49723.1;2071.8;24.0;395256.7;16469.0;345533.6
2026-03-28;NE;42557.8;1773.2;24.0;332545.1;13856.0;289987.3
2026-03-28;N;19291.7;803.8;24.0;205012.3;8542.2;185720.6
2026-03-29;SE;129050.5;5377.1;24.0;1036924.1;43205.2;907873.6
2026-03-29;S;50472.4;2103.0;24.0;358832.1;14951.3;308359.7
2026-03-29;NE;40506.2;1687.8;24.0;313900.7;13079.2;273394.4
2026-03-29;N;16624.7;692.7;24.0;195569.9;8148.7;178945.1
2026-03-30;SE;126876.5;5286.5;24.0;1200626.1;50026.1;1073749.6
2026-03-30;S;45005.3;1875.2;24.0;437577.7;18232.4;392572.4
2026-03-30;NE;38837.5;1618.2;24.0;347912.7;14496.4;309075.2
2026-03-30;N;17663.2;736.0;24.0;207128.0;8630.3;189464.7
2026-03-31;SE;110074.5;4586.4;24.0;1207687.5;50320.3;1097613.0
2026-03-31;S;42925.8;1788.6;24.0;419984.0;17499.3;377058.3
2026-03-31;NE;35682.8;1486.8;24.0;349213.4;14550.6;313530.5
2026-03-31;N;16180.2;674.2;24.0;206151.8;8589.7;189971.5
2026-04-01;SE;112065.4;4669.4;24.0;1195072.7;49794.7;1083007.2
2026-04-01;S;40855.3;1702.3;24.0;406700.9;16945.9;365845.5
2026-04-01;NE;35584.9;1482.7;24.0;340574.8;14190.6;304989.9
2026-04-01;N;15714.4;654.8;24.0;198468.1;8269.5;182753.7
2026-04-02;SE;112488.0;4687.0;24.0;1190600.0;49608.3;1078112.0
2026-04-02;S;42739.4;1780.8;24.0;408861.6;17035.9;366122.2
2026-04-02;NE;38299.7;1595.8;24.0;331397.9;13808.2;293098.2
2026-04-02;N;11081.5;461.7;24.0;193089.3;8045.4;182007.7
2026-04-03;SE;115764.7;4823.5;24.0;1050474.9;43769.8;934710.2
2026-04-03;S;44296.7;1845.7;24.0;325964.8;13581.9;281668.0
2026-04-03;NE;43173.3;1798.9;24.0;294219.9;12259.2;251046.6
2026-04-03;N;19276.4;803.2;24.0;188738.1;7864.1;169461.7
2026-04-04;SE;116103.5;4837.6;24.0;1071220.7;44634.2;955117.2
2026-04-04;S;44897.6;1870.7;24.0;333338.7;13889.1;288441.2
2026-04-04;NE;43404.8;1808.5;24.0;312687.0;13028.6;269282.3
2026-04-04;N;19269.5;802.9;24.0;196452.3;8185.5;177182.8
2026-04-05;SE;116318.7;4846.6;24.0;1031801.7;42991.7;915483.0
2026-04-05;S;36128.8;1505.4;24.0;298378.4;12432.4;262249.6
2026-04-05;NE;41934.3;1747.3;24.0;307552.4;12814.7;265618.1
2026-04-05;N;18014.4;750.6;24.0;188879.8;7870.0;170865.5
2026-04-06;SE;115901.0;4829.2;24.0;1214096.4;50587.4;1098195.4
2026-04-06;S;38034.5;1584.8;24.0;381873.9;15911.4;343839.4
2026-04-06;NE;41821.4;1742.6;24.0;336472.2;14019.7;294650.8
2026-04-06;N;16401.3;683.4;24.0;202948.0;8456.2;186546.6
2026-04-07;SE;104396.5;4349.9;24.0;1236548.4;51522.9;1132151.9
2026-04-07;S;32203.9;1341.8;24.0;401602.2;16733.4;369398.4
2026-04-07;NE;40102.0;1670.9;24.0;342230.5;14259.6;302128.5
2026-04-07;N;20669.0;861.2;24.0;203974.6;8498.9;183305.6
2026-04-08;SE;101528.2;4230.3;24.0;1241339.3;51722.5;1139811.1
2026-04-08;S;26187.0;1091.1;24.0;373532.9;15563.9;347345.9
2026-04-08;NE;42857.5;1785.7;24.0;348657.7;14527.4;305800.1
2026-04-08;N;19168.3;798.7;24.0;208199.1;8675.0;189030.8
2026-04-09;SE;103994.0;4333.1;24.0;1241352.9;51723.0;1137359.0
2026-04-09;S;39092.7;1628.9;24.0;361073.6;15044.7;321980.9
2026-04-09;NE;45310.3;1887.9;24.0;352198.0;14674.9;306887.7
2026-04-09;N;17993.6;749.7;24.0;204483.3;8520.1;186489.8
2026-04-10;SE;91227.0;3801.1;24.0;1188126.9;49505.3;1096899.9
2026-04-10;S;39639.0;1651.6;24.0;358385.0;14932.7;318746.0
2026-04-10;NE;43592.4;1816.3;24.0;351204.9;14633.5;307612.5
2026-04-10;N;17469.4;727.9;24.0;209123.1;8713.5;191653.7
2026-04-11;SE;106009.4;4417.1;24.0;1071387.1;44641.1;965377.7
2026-04-11;S;41503.8;1729.3;24.0;316963.1;13206.8;275459.3
2026-04-11;NE;44119.4;1838.3;24.0;334153.7;13923.1;290034.3
2026-04-11;N;16472.1;686.3;24.0;200889.4;8370.4;184417.3
2026-04-12;SE;109356.9;4556.5;24.0;992712.0;41363.0;883355.0
2026-04-12;S;26280.8;1095.0;24.0;282725.0;11780.2;256444.2
2026-04-12;NE;34076.4;1419.9;24.0;303347.0;12639.5;269270.5
2026-04-12;N;17417.5;725.7;24.0;191305.1;7971.0;173887.6
2026-04-13;SE;105377.9;4390.7;24.0;1146684.2;47778.5;1041306.2
2026-04-13;S;35717.3;1488.2;24.0;355917.9;14829.9;320200.7
2026-04-13;NE;32486.8;1353.6;24.0;332008.3;13833.7;299521.5
2026-04-13;N;16366.4;681.9;24.0;205781.3;8574.2;189414.9
2026-04-14;SE;118049.3;4918.7;24.0;1167438.8;48643.3;1049389.5
2026-04-14;S;40171.7;1673.8;24.0;379784.8;15824.4;339613.1
2026-04-14;NE;35322.1;1471.8;24.0;344096.7;14337.4;308774.6
2026-04-14;N;17835.6;743.1;24.0;206476.2;8603.2;188640.6
2026-04-15;SE;116225.1;4842.7;24.0;1165453.6;48560.6;1049228.4
2026-04-15;S;38280.1;1595.0;24.0;382498.9;15937.5;344218.8
2026-04-15;NE;37296.4;1554.0;24.0;339818.6;14159.1;302522.2
2026-04-15;N;15957.3;664.9;24.0;206344.0;8597.7;190386.7
2026-04-16;SE;112685.1;4695.2;24.0;1166412.1;48600.5;1053727.0
2026-04-16;S;29039.9;1210.0;24.0;382279.0;15928.3;353239.2
2026-04-16;NE;42761.9;1781.7;24.0;347044.2;14460.2;304282.3
2026-04-16;N;17376.7;724.0;24.0;208551.6;8689.6;191174.9
2026-04-17;SE;112451.3;4685.5;24.0;1195671.7;49819.7;1083220.3
2026-04-17;S;33845.6;1410.2;24.0;385381.1;16057.5;351535.4
2026-04-17;NE;45268.6;1886.2;24.0;357874.3;14911.4;312605.6
2026-04-17;N;17751.3;739.6;24.0;209127.8;8713.7;191376.5
2026-04-18;SE;111879.1;4661.6;24.0;1103340.6;45972.5;991461.6
2026-04-18;S;44032.7;1834.7;24.0;325975.2;13582.3;281942.5
2026-04-18;NE;44538.4;1855.8;24.0;342497.8;14270.7;297959.3
2026-04-18;N;16688.9;695.4;24.0;200183.4;8341.0;183494.5
2026-04-19;SE;113772.1;4740.5;24.0;1013393.9;42224.7;899621.9
2026-04-19;S;44012.4;1833.8;24.0;284168.2;11840.3;240155.8
2026-04-19;NE;37625.1;1567.7;24.0;313754.0;13073.1;276128.9
2026-04-19;N;12041.4;501.7;24.0;185899.5;7745.8;173858.2
2026-04-20;SE;114113.5;4754.7;24.0;1101814.8;45908.9;987701.3
2026-04-20;S;42154.1;1756.4;24.0;341783.6;14241.0;299629.4
2026-04-20;NE;39657.2;1652.4;24.0;341245.6;14218.6;301588.4
2026-04-20;N;16893.3;703.9;24.0;196817.1;8200.7;179923.8
2026-04-21;SE;111772.3;4657.2;24.0;1072307.0;44679.5;960534.7
2026-04-21;S;27556.7;1148.2;24.0;334498.7;13937.4;306942.0
2026-04-21;NE;37724.4;1571.9;24.0;322261.8;13427.6;284537.4
2026-04-21;N;13520.2;563.3;24.0;192376.2;8015.7;178856.0
2026-04-22;SE;110705.8;4612.7;24.0;1159830.7;48326.3;1049124.9
2026-04-22;S;39548.4;1647.8;24.0;376686.1;15695.3;337137.7
2026-04-22;NE;41906.6;1746.1;24.0;342758.2;14281.6;300851.5
2026-04-22;N;17674.8;736.4;24.0;202888.8;8453.7;185214.1
2026-04-23;SE;110481.3;4603.4;24.0;1164749.3;48531.2;1054268.1
2026-04-23;S;35737.6;1489.1;24.0;383436.6;15976.5;347699.0
2026-04-23;NE;39273.3;1636.4;24.0;346688.7;14445.4;307415.4
2026-04-23;N;16789.8;699.6;24.0;203228.7;8467.9;186438.9
2026-04-24;SE;111574.5;4648.9;24.0;1179281.2;49136.7;1067706.7
2026-04-24;S;30116.7;1254.9;24.0;373306.9;15554.5;343190.2
2026-04-24;NE;33926.1;1413.6;24.0;343674.6;14319.8;309748.5
2026-04-24;N;14393.8;599.7;24.0;202129.1;8422.0;187735.2
2026-04-25;SE;109521.8;4563.4;24.0;1109524.4;46230.2;1000002.5
2026-04-25;S;31483.8;1311.8;24.0;326775.6;13615.7;295291.9
2026-04-25;NE;34175.6;1424.0;24.0;321462.3;13394.3;287286.8
2026-04-25;N;15260.8;635.9;24.0;194570.5;8107.1;179309.7
2026-04-26;SE;113033.0;4709.7;24.0;1044355.2;43514.8;931322.1
2026-04-26;S;25081.4;1045.1;24.0;281321.1;11721.7;256239.7
2026-04-26;NE;41544.8;1731.0;24.0;306036.3;12751.5;264491.5
2026-04-26;N;19226.2;801.1;24.0;190157.9;7923.2;170931.7
2026-04-27;SE;97981.1;4082.5;24.0;1216909.4;50704.6;1118928.2
2026-04-27;S;36708.6;1529.5;24.0;334971.5;13957.1;298262.9
2026-04-27;NE;41312.4;1721.3;24.0;344060.2;14335.8;302747.9
2026-04-27;N;17762.4;740.1;24.0;209587.2;8732.8;191824.9
2026-04-28;SE;99993.0;4166.4;24.0;1231817.4;51325.7;1131824.4
2026-04-28;S;32908.7;1371.2;24.0;344509.7;14354.6;311601.0
2026-04-28;NE;35499.3;1479.1;24.0;346007.5;14417.0;310508.3
2026-04-28;N;19286.3;803.6;24.0;215261.6;8969.2;195975.4
2026-04-29;SE;110078.2;4586.6;24.0;1239636.1;51651.5;1129557.9
2026-04-29;S;24744.0;1031.0;24.0;350696.1;14612.3;325952.1
2026-04-29;NE;39865.5;1661.1;24.0;340651.4;14193.8;300785.9
2026-04-29;N;18720.7;780.0;24.0;218335.9;9097.3;199615.2
2026-04-30;SE;109196.0;4549.8;24.0;1210241.8;50426.7;1101045.8
2026-04-30;S;35632.7;1484.7;24.0;335225.0;13967.7;299592.3
2026-04-30;NE;40147.4;1672.8;24.0;344234.1;14343.1;304086.7
2026-04-30;N;17416.5;725.7;24.0;211732.3;8822.2;194315.7
2026-05-01;SE;104683.1;4361.8;24.0;1062556.3;44273.2;957873.2
2026-05-01;S;35428.5;1476.2;24.0;284303.4;11846.0;248875.0
2026-05-01;NE;28474.3;1186.4;24.0;307243.8;12801.8;278769.5
2026-05-01;N;17267.5;719.5;24.0;192032.2;8001.3;174764.7
2026-05-02;SE;112769.4;4698.7;24.0;1054680.9;43945.0;941911.5
2026-05-02;S;24585.5;1024.4;24.0;282755.9;11781.5;258170.4
2026-05-02;NE;31040.6;1293.4;24.0;306961.4;12790.1;275920.8
2026-05-02;N;17290.2;720.4;24.0;197765.0;8240.2;180474.7
2026-05-03;SE;98040.0;4085.0;24.0;972554.6;40523.1;874514.6
2026-05-03;S;34292.8;1428.9;24.0;242769.2;10115.4;208476.4
2026-05-03;NE;38372.8;1598.9;24.0;300908.2;12537.8;262535.4
2026-05-03;N;15272.6;636.4;24.0;185825.5;7742.7;170552.9
2026-05-04;SE;94564.9;3940.2;24.0;1103258.2;45969.1;1008693.3
2026-05-04;S;31560.1;1315.0;24.0;329191.9;13716.3;297631.8
2026-05-04;NE;39193.2;1633.1;24.0;338845.0;14118.5;299651.8
2026-05-04;N;16856.3;702.3;24.0;201235.4;8384.8;184379.1
2026-05-05;SE;105476.3;4394.8;24.0;1151114.0;47963.1;1045637.7
2026-05-05;S;37012.4;1542.2;24.0;351028.4;14626.2;314016.1
2026-05-05;NE;38347.6;1597.8;24.0;344810.8;14367.1;306463.2
2026-05-05;N;17155.8;714.8;24.0;202040.8;8418.4;184885.0
2026-05-06;SE;108968.6;4540.4;24.0;1176820.7;49034.2;1067852.1
2026-05-06;S;36949.9;1539.6;24.0;370618.0;15442.4;333668.1
2026-05-06;NE;39965.6;1665.2;24.0;357335.8;14889.0;317370.2
2026-05-06;N;18619.0;775.8;24.0;204114.7;8504.8;185495.7
2026-05-07;SE;107405.0;4475.2;24.0;1187498.3;49479.1;1080093.3
2026-05-07;S;32048.7;1335.4;24.0;374498.5;15604.1;342449.8
2026-05-07;NE;40306.0;1679.4;24.0;350687.7;14612.0;310381.7
2026-05-07;N;17912.2;746.3;24.0;205234.9;8551.5;187322.7
2026-05-08;SE;97102.6;4045.9;24.0;1197529.7;49897.1;1100427.1
2026-05-08;S;20608.7;858.7;24.0;353496.7;14729.0;332888.0
2026-05-08;NE;35338.3;1472.4;24.0;345675.4;14403.1;310337.2
2026-05-08;N;17669.2;736.2;24.0;206557.6;8606.6;188888.4
2026-05-09;SE;95050.4;3960.4;24.0;1109270.6;46219.6;1014220.2
2026-05-09;S;16315.8;679.8;24.0;298692.0;12445.5;282376.2
2026-05-09;NE;36371.1;1515.5;24.0;327697.8;13654.1;291326.7
2026-05-09;N;19235.0;801.5;24.0;202304.7;8429.4;183069.7
2026-05-10;SE;78172.9;3257.2;24.0;957751.6;39906.3;879578.7
2026-05-10;S;30139.5;1255.8;24.0;252689.5;10528.7;222550.0
2026-05-10;NE;34909.9;1454.6;24.0;305893.1;12745.5;270983.2
2026-05-10;N;17594.5;733.1;24.0;193452.1;8060.5;175857.5
2026-05-11;SE;98923.0;4121.8;24.0;1047276.6;43636.5;948353.6
2026-05-11;S;41134.4;1713.9;24.0;327996.0;13666.5;286861.6
2026-05-11;NE;39250.0;1635.4;24.0;333000.7;13875.0;293750.6
2026-05-11;N;17456.8;727.4;24.0;208057.4;8669.1;190600.7
2026-05-12;SE;101133.9;4213.9;24.0;1048469.1;43686.2;947335.2
2026-05-12;S;40844.1;1701.8;24.0;340667.5;14194.5;299823.4
2026-05-12;NE;38503.0;1604.3;24.0;343759.6;14323.3;305256.6
2026-05-12;N;17787.0;741.1;24.0;207877.8;8661.6;190090.8
2026-05-13;SE;97198.9;4050.0;24.0;1076096.5;44837.4;978897.6
2026-05-13;S;38281.7;1595.1;24.0;343856.5;14327.4;305574.8
2026-05-13;NE;31977.0;1332.4;24.0;336641.5;14026.7;304664.6
2026-05-13;N;13271.2;553.0;24.0;199735.9;8322.3;186464.7
2026-05-14;SE;91384.7;3807.7;24.0;1108027.2;46167.8;1016642.5
2026-05-14;S;33993.0;1416.4;24.0;346222.8;14425.9;312229.8
2026-05-14;NE;32619.0;1359.1;24.0;338126.3;14088.6;305507.3
2026-05-14;N;16682.6;695.1;24.0;204538.0;8522.4;187855.4
2026-05-15;SE;79030.4;3292.9;24.0;1131883.5;47161.8;1052853.1
2026-05-15;S;18713.1;779.7;24.0;353310.9;14721.3;334597.8
2026-05-15;NE;39225.3;1634.4;24.0;338891.2;14120.5;299665.9
2026-05-15;N;17395.1;724.8;24.0;207734.7;8655.6;190339.6
2026-05-16;SE;88698.5;3695.8;24.0;1052116.1;43838.2;963417.6
2026-05-16;S;23238.2;968.3;24.0;303596.2;12649.8;280358.0
2026-05-16;NE;40513.7;1688.1;24.0;322948.5;13456.2;282434.8
2026-05-16;N;18539.2;772.5;24.0;203073.5;8461.4;184534.3
2026-05-17;SE;84367.3;3515.3;24.0;985358.6;41056.6;900991.2
2026-05-17;S;13286.7;553.6;24.0;270568.3;11273.7;257281.6
2026-05-17;NE;38754.5;1614.8;24.0;302935.1;12622.3;264180.6
2026-05-17;N;19227.5;801.1;24.0;194860.0;8119.2;175632.5
2026-05-18;SE;68031.5;2834.6;24.0;1111205.7;46300.2;1043174.2
2026-05-18;S;16961.1;706.7;24.0;340291.6;14178.8;323330.5
2026-05-18;NE;39450.4;1643.8;24.0;335947.5;13997.8;296497.1
2026-05-18;N;18656.5;777.4;24.0;209878.7;8744.9;191222.2
2026-05-19;SE;64582.0;2690.9;24.0;1118338.7;46597.4;1053756.8
2026-05-19;S;30220.0;1259.2;24.0;351159.5;14631.6;320939.4
2026-05-19;NE;45208.6;1883.7;24.0;349173.3;14548.9;303964.7
2026-05-19;N;19749.2;822.9;24.0;212164.8;8840.2;192415.6
2026-05-20;SE;72566.0;3023.6;24.0;1101440.3;45893.3;1028874.2
2026-05-20;S;32807.8;1367.0;24.0;343906.3;14329.4;311098.6
2026-05-20;NE;43425.8;1809.4;24.0;348359.9;14515.0;304934.1
2026-05-20;N;19364.2;806.8;24.0;211841.9;8826.7;192477.7
2026-05-21;SE;72478.7;3019.9;24.0;1077264.0;44886.0;1004785.4
2026-05-21;S;31886.4;1328.6;24.0;346425.9;14434.4;314539.5
2026-05-21;NE;40567.5;1690.3;24.0;346257.9;14427.4;305690.3
2026-05-21;N;18670.2;777.9;24.0;210953.6;8789.7;192283.4
2026-05-22;SE;67904.6;2829.4;24.0;1070498.2;44604.1;1002593.5
2026-05-22;S;21366.1;890.3;24.0;360383.2;15016.0;339017.1
2026-05-22;NE;39380.6;1640.9;24.0;348554.4;14523.1;309173.7
2026-05-22;N;18927.1;788.6;24.0;209509.7;8729.6;190582.6
2026-05-23;SE;70349.8;2931.2;24.0;998437.9;41601.6;928088.1
2026-05-23;S;18339.2;764.1;24.0;306898.5;12787.4;288559.3
2026-05-23;NE;34368.2;1432.0;24.0;326654.0;13610.6;292285.8
2026-05-23;N;19524.2;813.5;24.0;202701.0;8445.9;183176.7
2026-05-24;SE;78867.6;3286.1;24.0;920283.9;38345.2;841416.3
2026-05-24;S;21692.8;903.9;24.0;267681.8;11153.4;245989.0
2026-05-24;NE;38601.5;1608.4;24.0;302777.4;12615.7;264175.9
2026-05-24;N;16859.9;702.5;24.0;189408.1;7892.0;172548.2
2026-05-25;SE;83942.1;3497.6;24.0;1067019.9;44459.2;983077.8
2026-05-25;S;22688.8;945.4;24.0;340767.4;14198.6;318078.6
2026-05-25;NE;37993.3;1583.1;24.0;331576.7;13815.7;293583.4
2026-05-25;N;17068.4;711.2;24.0;204955.4;8539.8;187887.0
2026-05-26;SE;84169.7;3507.1;24.0;1102872.5;45953.0;1018702.8
2026-05-26;S;15718.0;654.9;24.0;341909.9;14246.2;326192.0
2026-05-26;NE;37920.4;1580.0;24.0;339269.3;14136.2;301348.9
2026-05-26;N;20549.1;856.2;24.0;212620.4;8859.2;192071.4
2026-05-27;SE;91012.6;3792.2;24.0;1114707.0;46446.1;1023694.4
2026-05-27;S;27625.3;1151.1;24.0;326703.1;13612.6;299077.8
2026-05-27;NE;37689.8;1570.4;24.0;342881.0;14286.7;305191.1
2026-05-27;N;19840.9;826.7;24.0;215733.4;8988.9;195892.5
2026-05-28;SE;92001.1;3833.4;24.0;1097335.6;45722.3;1005334.5
2026-05-28;S;31616.9;1317.4;24.0;334589.7;13941.2;302972.8
2026-05-28;NE;37168.4;1548.7;24.0;339679.2;14153.3;302510.8
2026-05-28;N;18501.7;770.9;24.0;215834.3;8993.1;197332.6
2026-05-29;SE;81174.6;3382.3;24.0;1085033.8;45209.7;1003859.1
2026-05-29;S;24330.9;1013.8;24.0;339278.9;14136.6;314947.9
2026-05-29;NE;35678.9;1486.6;24.0;340763.2;14198.5;305084.3
2026-05-29;N;18751.6;781.3;24.0;216717.5;9029.9;197965.9
2026-05-30;SE;78268.7;3261.2;24.0;1009290.2;42053.8;931021.5
2026-05-30;S;25801.5;1075.1;24.0;287218.1;11967.4;261416.6
2026-05-30;NE;31588.5;1316.2;24.0;330530.3;13772.1;298941.8
2026-05-30;N;17270.5;719.6;24.0;206435.6;8601.5;189165.1
2026-05-31;SE;92397.2;3849.9;24.0;920908.3;38371.2;828511.2
2026-05-31;S;26329.7;1097.1;24.0;254244.4;10593.5;227914.8
2026-05-31;NE;37989.1;1582.9;24.0;304420.6;12684.2;266431.5
2026-05-31;N;16165.7;673.6;24.0;192156.8;8006.5;175991.0
2026-06-01;SE;91696.0;3820.7;24.0;1048965.2;43706.9;957269.2
2026-06-01;S;26907.7;1121.2;24.0;326843.2;13618.5;299935.5
2026-06-01;NE;40532.5;1688.9;24.0;336117.8;14004.9;295585.3
2026-06-01;N;17885.1;745.2;24.0;208354.3;8681.4;190469.2
2026-06-02;SE;88767.6;3698.7;24.0;1052677.5;43861.6;963909.9
2026-06-02;S;30036.3;1251.5;24.0;339311.2;14138.0;309274.9
2026-06-02;NE;38810.4;1617.1;24.0;342407.3;14267.0;303596.9
2026-06-02;N;18293.9;762.2;24.0;210568.6;8773.7;192274.7
2026-06-03;SE;90492.5;3770.5;24.0;1055275.5;43969.8;964783.0
2026-06-03;S;32052.4;1335.5;24.0;336654.9;14027.3;304602.6
2026-06-03;NE;32464.6;1352.7;24.0;341175.2;14215.6;308710.7
2026-06-03;N;18438.6;768.3;24.0;212563.4;8856.8;194124.8
2026-06-04;SE;93338.0;3889.1;24.0;980933.0;40872.2;887595.1
2026-06-04;S;30416.8;1267.4;24.0;300622.8;12525.9;270206.0
2026-06-04;NE;32737.9;1364.1;24.0;322470.1;13436.3;289732.2
2026-06-04;N;18686.6;778.6;24.0;203201.9;8466.7;184515.3
2026-06-05;SE;95558.7;3981.6;24.0;995159.6;41465.0;899600.8
2026-06-05;S;31026.3;1292.8;24.0;310023.3;12917.6;278997.1
2026-06-05;NE;32654.6;1360.6;24.0;324429.4;13517.9;291774.8
2026-06-05;N;18501.8;770.9;24.0;208490.1;8687.1;189988.4
2026-06-06;SE;99728.7;4155.4;24.0;933690.3;38903.8;833961.6
2026-06-06;S;31503.5;1312.6;24.0;274893.2;11453.9;243389.8
2026-06-06;NE;29251.0;1218.8;24.0;307792.6;12824.7;278541.6
2026-06-06;N;18204.3;758.5;24.0;198266.4;8261.1;180062.1
2026-06-07;SE;103904.8;4329.4;24.0;874144.1;36422.7;770239.2
2026-06-07;S;27858.4;1160.8;24.0;255727.6;10655.3;227869.2
2026-06-07;NE;31556.5;1314.9;24.0;287134.1;11963.9;255577.6
2026-06-07;N;18738.2;780.8;24.0;193165.2;8048.6;174427.0
2026-06-08;SE;100713.3;4196.4;24.0;1016649.2;42360.4;915935.9
2026-06-08;S;22440.4;935.0;24.0;331176.5;13799.0;308736.1
2026-06-08;NE;35871.4;1494.6;24.0;327651.7;13652.2;291780.4
2026-06-08;N;18470.2;769.6;24.0;209728.7;8738.7;191258.5
2026-06-09;SE;91979.3;3832.5;24.0;1054599.1;43941.6;962619.8
2026-06-09;S;22569.0;940.4;24.0;344358.0;14348.3;321789.1
2026-06-09;NE;34382.6;1432.6;24.0;333496.9;13895.7;299114.2
2026-06-09;N;19259.0;802.5;24.0;209750.7;8739.6;190491.7
2026-06-10;SE;81024.7;3376.0;24.0;1070888.9;44620.4;989864.3
2026-06-10;S;13372.8;557.2;24.0;357828.4;14909.5;344455.6
2026-06-10;NE;34850.2;1452.1;24.0;329033.6;13709.7;294183.4
2026-06-10;N;18082.9;753.5;24.0;217457.2;9060.7;199374.2
2026-06-11;SE;60822.4;2534.3;24.0;1083289.3;45137.1;1022466.9
2026-06-11;S;17231.6;718.0;24.0;354353.6;14764.7;337122.0
2026-06-11;NE;41285.8;1720.2;24.0;337283.0;14053.5;295997.2
2026-06-11;N;17752.8;739.7;24.0;212831.7;8868.0;195078.9
2026-06-12;SE;71561.6;2981.7;24.0;1095827.7;45659.5;1024266.1
2026-06-12;S;14312.7;596.4;24.0;347944.6;14497.7;333631.9
2026-06-12;NE;39803.0;1658.5;24.0;341401.1;14225.0;301598.0
2026-06-12;N;19897.9;829.1;24.0;217188.4;9049.5;197290.5
2026-06-13;SE;66935.3;2789.0;24.0;1008444.4;42018.5;941509.1
2026-06-13;S;24364.0;1015.2;24.0;291280.4;12136.7;266916.4
2026-06-13;NE;40095.0;1670.6;24.0;325451.2;13560.5;285356.2
2026-06-13;N;19600.0;816.7;24.0;207153.0;8631.4;187553.0
2026-06-14;SE;64929.4;2705.4;24.0;936693.1;39028.9;871763.8
2026-06-14;S;15450.4;643.8;24.0;261006.3;10875.3;245555.9
2026-06-14;NE;38813.8;1617.2;24.0;303755.6;12656.5;264941.8
2026-06-14;N;19893.8;828.9;24.0;202153.5;8423.1;182259.7
2026-06-15;SE;66199.0;2758.3;24.0;1067033.9;44459.7;1000834.9
2026-06-15;S;23008.3;958.7;24.0;346390.4;14432.9;323382.1
2026-06-15;NE;39900.6;1662.5;24.0;338686.2;14111.9;298785.6
2026-06-15;N;20329.0;847.0;24.0;219275.9;9136.5;198946.9
2026-06-16;SE;72617.2;3025.7;24.0;1074327.0;44763.6;1001709.8
2026-06-16;S;30822.4;1284.3;24.0;352781.9;14699.2;321959.5
2026-06-16;NE;39263.2;1636.0;24.0;345303.2;14387.6;306040.0
2026-06-16;N;19130.8;797.1;24.0;222466.9;9269.5;203336.1
2026-06-17;SE;86399.9;3600.0;24.0;1057812.4;44075.5;971412.5
2026-06-17;S;33444.9;1393.5;24.0;349085.1;14545.2;315640.2
2026-06-17;NE;40343.9;1681.0;24.0;345211.8;14383.8;304868.0
2026-06-17;N;17597.5;733.2;24.0;215701.3;8987.6;198103.8
2026-06-18;SE;94220.9;3925.9;24.0;1039785.1;43324.4;945564.2
2026-06-18;S;27896.9;1162.4;24.0;352852.3;14702.2;324955.3
2026-06-18;NE;38926.5;1621.9;24.0;347940.0;14497.5;309013.4
2026-06-18;N;18750.4;781.3;24.0;212957.5;8873.2;194207.1
2026-06-19;SE;93405.0;3891.9;24.0;1041367.8;43390.3;947962.8
2026-06-19;S;13913.6;579.7;24.0;357706.5;14904.4;343792.9
2026-06-19;NE;36624.5;1526.0;24.0;342316.9;14263.2;305692.3
2026-06-19;N;18862.9;786.0;24.0;211115.9;8796.5;192253.0
2026-06-20;SE;80640.6;3360.0;24.0;978757.3;40781.6;898116.6
2026-06-20;S;13219.0;550.8;24.0;311625.8;12984.4;298406.9
2026-06-20;NE;36713.8;1529.7;24.0;312678.3;13028.3;275964.5
2026-06-20;N;18339.3;764.1;24.0;203366.2;8473.6;185026.8
2026-06-21;SE;88970.3;3707.1;24.0;894344.6;37264.4;805374.3
2026-06-21;S;29694.7;1237.3;24.0;264107.8;11004.5;234413.1
2026-06-21;NE;41665.7;1736.1;24.0;292128.2;12172.0;250462.6
2026-06-21;N;19985.0;832.7;24.0;194978.1;8124.1;174993.1
2026-06-22;SE;90184.8;3757.7;24.0;1039982.1;43332.6;949797.3
2026-06-22;S;13318.2;554.9;24.0;352150.7;14672.9;338832.5
2026-06-22;NE;39716.2;1654.8;24.0;324932.3;13538.8;285216.0
2026-06-22;N;19789.3;824.6;24.0;215175.4;8965.6;195386.1
2026-06-23;SE;69642.7;2901.8;24.0;1079328.6;44972.0;1009685.9
2026-06-23;S;26136.8;1089.0;24.0;347845.7;14493.6;321708.9
2026-06-23;NE;37674.2;1569.8;24.0;322800.6;13450.0;285126.3
2026-06-23;N;19627.9;817.8;24.0;218154.2;9089.8;198526.4
2026-06-24;SE;60569.5;2523.7;24.0;1080466.1;45019.4;1019896.6
2026-06-24;S;30890.9;1287.1;24.0;349487.1;14562.0;318596.2
2026-06-24;NE;40478.9;1686.6;24.0;312308.3;13012.8;271829.4
2026-06-24;N;18857.4;785.7;24.0;214612.7;8942.2;195755.3
2026-06-25;SE;62701.8;2612.6;24.0;1085019.4;45209.1;1022317.6
2026-06-25;S;31951.1;1331.3;24.0;354006.7;14750.3;322055.5
2026-06-25;NE;38787.8;1616.2;24.0;335276.7;13969.9;296488.9
2026-06-25;N;18873.0;786.4;24.0;209691.6;8737.1;190818.6
2026-06-26;SE;77075.2;3211.5;24.0;1082725.2;45113.5;1005650.0
2026-06-26;S;29188.8;1216.2;24.0;348546.1;14522.8;319357.3
2026-06-26;NE;26396.9;1099.9;24.0;332451.4;13852.1;306054.5
2026-06-26;N;19276.4;803.2;24.0;208896.6;8704.0;189620.2
2026-06-27;SE;90181.8;3757.6;24.0;999565.1;41648.5;909383.3
2026-06-27;S;22278.4;928.3;24.0;306570.5;12773.8;284292.1
2026-06-27;NE;28692.9;1195.5;24.0;318963.0;13290.1;290270.1
2026-06-27;N;17178.2;715.8;24.0;200013.1;8333.9;182834.9
2026-06-28;SE;93001.9;3875.1;24.0;901355.7;37556.5;808353.8
2026-06-28;S;18305.7;762.7;24.0;261912.4;10913.0;243606.7
2026-06-28;NE;35217.9;1467.4;24.0;287620.9;11984.2;252403.0
2026-06-28;N;17666.4;736.1;24.0;192739.0;8030.8;175072.6
2026-06-29;SE;92978.7;3874.1;24.0;989030.3;41209.6;896051.6
2026-06-29;S;20375.8;849.0;24.0;322533.9;13438.9;302158.1
2026-06-29;NE;29560.0;1231.7;24.0;300730.4;12530.4;271170.4
2026-06-29;N;18245.1;760.2;24.0;199813.2;8325.6;181568.1
2026-06-30;SE;92859.0;3869.1;24.0;1054661.4;43944.2;961802.5
2026-06-30;S;17640.3;735.0;24.0;342796.9;14283.2;325156.6
2026-06-30;NE;38619.6;1609.2;24.0;328950.3;13706.3;290330.6
2026-06-30;N;18550.1;772.9;24.0;208090.2;8670.4;189540.1
2026-07-01;SE;95054.1;3960.6;24.0;1075991.6;44833.0;980937.6
2026-07-01;S;21804.9;908.5;24.0;356348.5;14847.9;334543.6
2026-07-01;NE;37309.9;1554.6;24.0;328804.6;13700.2;291494.8
2026-07-01;N;20519.3;855.0;24.0;210775.7;8782.3;190256.4
2026-07-02;SE;97833.9;4076.4;24.0;1078626.8;44942.8;980793.0
2026-07-02;S;16865.5;702.7;24.0;362771.7;15115.5;345906.2
2026-07-02;NE;40464.6;1686.0;24.0;324729.0;13530.4;284264.5
2026-07-02;N;20727.2;863.6;24.0;212433.9;8851.4;191706.7
2026-07-03;SE;92380.8;3849.2;24.0;1061758.7;44239.9;969377.9
2026-07-03;S;23538.7;980.8;24.0;354508.4;14771.2;330969.6
2026-07-03;NE;31816.1;1325.7;24.0;326085.9;13586.9;294269.8
2026-07-03;N;20294.2;845.6;24.0;213203.1;8883.5;192908.9
2026-07-04;SE;89760.6;3740.0;24.0;972956.2;40539.8;883195.6
2026-07-04;S;27863.3;1161.0;24.0;307097.2;12795.7;279233.9
2026-07-04;NE;32829.2;1367.9;24.0;309571.6;12898.8;276742.4
2026-07-04;N;19883.7;828.5;24.0;206270.6;8594.6;186386.9
2026-07-05;SE;86019.1;3584.1;24.0;880588.2;36691.2;794569.2
2026-07-05;S;26023.8;1084.3;24.0;267209.2;11133.7;241185.4
2026-07-05;NE;34590.1;1441.3;24.0;285410.7;11892.1;250820.7
2026-07-05;N;19660.7;819.2;24.0;198712.8;8279.7;179052.1
2026-07-06;SE;85580.0;3565.8;24.0;1022175.6;42590.7;936595.6
2026-07-06;S;17342.2;722.6;24.0;349288.5;14553.7;331946.3
2026-07-06;NE;41743.1;1739.3;24.0;322488.0;13437.0;280744.9
2026-07-06;N;19631.5;818.0;24.0;212473.7;8853.1;192842.2
2026-07-07;SE;92119.0;3838.3;24.0;1052968.5;43873.7;960849.5
2026-07-07;S;33280.4;1386.7;24.0;349033.8;14543.1;315753.3
2026-07-07;NE;43216.5;1800.7;24.0;327317.6;13638.2;284101.0
2026-07-07;N;19237.1;801.5;24.0;212822.4;8867.6;193585.3
2026-07-08;SE;92623.3;3859.3;24.0;1046180.0;43590.8;953556.6
2026-07-08;S;34733.0;1447.2;24.0;348247.3;14510.3;313514.2
2026-07-08;NE;41734.9;1739.0;24.0;334535.5;13939.0;292800.6
2026-07-08;N;19303.6;804.3;24.0;213084.2;8878.5;193780.6
2026-07-09;SE;93583.0;3899.3;24.0;1012582.2;42190.9;918999.2
2026-07-09;S;33144.6;1381.0;24.0;346699.6;14445.8;313554.9
2026-07-09;NE;40259.8;1677.5;24.0;339596.0;14149.8;299336.2
2026-07-09;N;19078.9;795.0;24.0;212587.0;8857.8;193508.1
2026-07-10;SE;95265.6;3969.4;24.0;1028965.1;42873.5;933699.5
2026-07-10;S;20482.2;853.4;24.0;348744.0;14531.0;328261.8
2026-07-10;NE;40380.4;1682.5;24.0;337790.6;14074.6;297410.2
2026-07-10;N;18665.4;777.7;24.0;213162.7;8881.8;194497.3
2026-07-11;SE;95826.8;3992.8;24.0;971883.1;40495.1;876056.3
2026-07-11;S;16577.9;690.7;24.0;305374.8;12724.0;288796.9
2026-07-11;NE;42112.4;1754.7;24.0;320890.4;13370.4;278777.9
2026-07-11;N;19493.0;812.2;24.0;204886.6;8536.9;185393.6
2026-07-12;SE;78726.4;3280.3;24.0;914061.2;38085.9;835334.8
2026-07-12;S;23590.1;982.9;24.0;259540.8;10814.2;235950.7
2026-07-12;NE;43178.9;1799.1;24.0;302205.8;12591.9;259026.9
2026-07-12;N;19251.0;802.1;24.0;196895.7;8204.0;177644.7
2026-07-13;SE;80714.9;3363.1;24.0;1012234.9;42176.5;931520.0
2026-07-13;S;29681.7;1236.7;24.0;335055.5;13960.6;305373.8
2026-07-13;NE;43395.2;1808.1;24.0;336322.6;14013.4;292927.4
2026-07-13;N;19367.4;807.0;24.0;215965.5;8998.6;196598.2
2026-07-14;SE;94176.0;3924.0;24.0;1019802.0;42491.8;925626.0
2026-07-14;S;33321.4;1388.4;24.0;344124.2;14338.5;310802.8
2026-07-14;NE;38303.3;1596.0;24.0;346228.0;14426.2;307924.7
2026-07-14;N;18322.3;763.4;24.0;215860.0;8994.2;197537.8
2026-07-15;SE;101138.5;4214.1;24.0;1026664.5;42777.7;925526.0
2026-07-15;S;33940.5;1414.2;24.0;337078.1;14044.9;303137.6
2026-07-15;NE;34352.7;1431.4;24.0;344372.5;14348.9;310019.8
2026-07-15;N;17036.5;709.9;24.0;210607.5;8775.3;193571.0
2026-07-16;SE;100706.5;4196.1;24.0;1037851.4;43243.8;937144.9
2026-07-16;S;34461.5;1435.9;24.0;335390.3;13974.6;300928.8
2026-07-16;NE;31904.8;1329.4;24.0;326393.4;13599.7;294488.6
2026-07-16;N;18472.9;769.7;24.0;207678.4;8653.3;189205.5
2026-07-17;SE;100966.3;4206.9;24.0;1038509.0;43271.2;937542.6
2026-07-17;S;33420.4;1392.5;24.0;338336.2;14097.3;304915.8
2026-07-17;NE;34858.8;1452.4;24.0;324624.2;13526.0;289765.4
2026-07-17;N;21155.3;881.5;24.0;208554.4;8689.8;187399.1
2026-07-18;SE;101746.8;4239.4;24.0;962049.8;40085.4;860303.0
2026-07-18;S;32892.4;1370.5;24.0;295493.0;12312.2;262600.6
2026-07-18;NE;27519.4;1146.6;24.0;306019.5;12750.8;278500.0
2026-07-18;N;20383.5;849.3;24.0;203954.9;8498.1;183571.4
2026-07-19;SE;102380.0;4265.8;24.0;891046.4;37126.9;788666.4
2026-07-19;S;32067.1;1336.1;24.0;263774.8;10990.6;231707.7
2026-07-19;NE;38935.4;1622.3;24.0;285574.4;11898.9;246639.0
2026-07-19;N;20128.6;838.7;24.0;199254.0;8302.3;179125.4
2026-07-20;SE;101795.3;4241.5;24.0;1041288.5;43387.0;939493.2
2026-07-20;S;23362.8;973.5;24.0;334168.1;13923.7;310805.3
2026-07-20;NE;34173.2;1423.9;24.0;321717.9;13404.9;287544.7
2026-07-20;N;21024.8;876.0;24.0;215951.3;8998.0;194926.5
2026-07-21;SE;100792.4;4199.7;24.0;1075608.8;44817.0;974816.3
2026-07-21;S;20875.5;869.8;24.0;355977.0;14832.4;335101.5
2026-07-21;NE;30084.9;1253.5;24.0;327409.4;13642.1;297324.5
2026-07-21;N;19738.0;822.4;24.0;217528.3;9063.7;197790.4
2026-07-22;SE;97522.4;4063.4;24.0;1095494.8;45645.6;997972.5
2026-07-22;S;9228.7;384.5;24.0;355488.8;14812.0;346260.1
2026-07-22;NE;36570.5;1523.8;24.0;333630.7;13901.3;297060.1
2026-07-22;N;19443.0;810.1;24.0;217646.4;9068.6;198203.4
2026-07-23;SE;92450.4;3852.1;24.0;1088241.2;45343.4;995790.8
2026-07-23;S;22027.5;917.8;24.0;336466.2;14019.4;314438.7
2026-07-23;NE;37916.0;1579.8;24.0;339359.0;14140.0;301442.9
2026-07-23;N;20115.5;838.1;24.0;219538.5;9147.4;199423.0
2026-07-24;SE;78841.5;3285.1;24.0;1103108.6;45962.9;1024267.1
2026-07-24;S;19094.7;795.6;24.0;337305.7;14054.4;318211.0
2026-07-24;NE;36583.1;1524.3;24.0;332197.5;13841.6;295614.3
2026-07-24;N;18535.0;772.3;24.0;219023.5;9126.0;200488.5
2026-07-25;SE;86138.4;3589.1;24.0;1033130.0;43047.1;946991.6
2026-07-25;S;24912.0;1038.0;24.0;282713.4;11779.7;257801.5
2026-07-25;NE;39361.2;1640.1;24.0;320618.9;13359.1;281257.7
2026-07-25;N;19853.2;827.2;24.0;211725.9;8821.9;191872.7
2026-07-26;SE;99901.2;4162.5;24.0;933663.3;38902.6;833762.1
2026-07-26;S;26748.9;1114.5;24.0;252544.1;10522.7;225795.2
2026-07-26;NE;44267.5;1844.5;24.0;303174.0;12632.3;258906.5
2026-07-26;N;20474.8;853.1;24.0;205101.2;8545.9;184626.3
2026-07-27;SE;104568.7;4357.0;24.0;1062266.7;44261.1;957698.0
2026-07-27;S;29040.1;1210.0;24.0;326988.8;13624.5;297948.6
2026-07-27;NE;43287.8;1803.7;24.0;334133.3;13922.2;290845.4
2026-07-27;N;19862.7;827.6;24.0;221561.4;9231.7;201698.7
2026-07-28;SE;107406.0;4475.2;24.0;1097125.2;45713.6;989719.2
2026-07-28;S;28802.3;1200.1;24.0;344417.6;14350.7;315615.4
2026-07-28;NE;41818.3;1742.4;24.0;336119.1;14005.0;294300.8
2026-07-28;N;19263.6;802.6;24.0;220617.3;9192.4;201353.8
2026-07-29;SE;101419.9;4225.8;24.0;1101520.6;45896.7;1000100.7
2026-07-29;S;25726.0;1071.9;24.0;342432.1;14268.0;316706.1
2026-07-29;NE;45220.8;1884.2;24.0;335050.2;13960.4;289829.4
2026-07-29;N;21390.6;891.3;24.0;224319.8;9346.7;202929.1
2026-07-30;SE;99704.1;4154.3;24.0;1094172.7;45590.5;994468.6
2026-07-30;S;31538.6;1314.1;24.0;341883.3;14245.1;310344.6
2026-07-30;NE;46948.6;1956.2;24.0;338953.6;14123.1;292005.0
2026-07-30;N;19944.9;831.0;24.0;224499.6;9354.1;204554.7
2026-07-31;SE;104985.5;4374.4;24.0;1077573.0;44898.9;972587.5
2026-07-31;S;35772.0;1490.5;24.0;331729.0;13822.0;295957.0
2026-07-31;NE;45380.7;1890.9;24.0;333953.0;13914.7;288572.3
2026-07-31;N;20751.0;864.6;24.0;223190.5;9299.6;202439.5
2026-08-01;SE;110364.5;4598.5;24.0;1003475.4;41811.5;893111.0
2026-08-01;S;37092.3;1545.5;24.0;289595.2;12066.5;252502.9
2026-08-01;NE;44537.5;1855.7;24.0;316667.7;13194.5;272130.2
2026-08-01;N;22823.5;951.0;24.0;210325.4;8763.6;187501.9
2026-08-02;SE;111467.3;4644.5;24.0;931712.9;38821.4;820245.5
2026-08-02;S;30936.5;1289.0;24.0;257136.0;10714.0;226199.5
2026-08-02;NE;45563.0;1898.5;24.0;291700.7;12154.2;246137.7
2026-08-02;N;22973.7;957.2;24.0;202754.4;8448.1;179780.7
2026-08-03;SE;101199.6;4216.7;24.0;1067954.7;44498.1;966755.0
2026-08-03;S;28203.9;1175.2;24.0;334395.4;13933.1;306191.5
2026-08-03;NE;45891.3;1912.1;24.0;332054.6;13835.6;286163.4
2026-08-03;N;23078.4;961.6;24.0;219130.8;9130.5;196052.4
2026-08-04;SE;97899.4;4079.1;24.0;1095713.2;45654.7;997813.8
2026-08-04;S;30769.9;1282.1;24.0;347586.8;14482.8;316816.8
2026-08-04;NE;43631.3;1818.0;24.0;332788.8;13866.2;289157.5
2026-08-04;N;23417.2;975.7;24.0;220646.7;9193.6;197229.5
2026-08-05;SE;108209.1;4508.7;24.0;1119094.5;46628.9;1010885.4
2026-08-05;S;27286.0;1136.9;24.0;351623.0;14651.0;324336.9
2026-08-05;NE;46383.1;1932.6;24.0;331856.9;13827.4;285473.8
2026-08-05;N;22411.4;933.8;24.0;223918.0;9329.9;201506.6
2026-08-06;SE;110437.9;4601.6;24.0;1138325.4;47430.2;1027887.6
2026-08-06;S;28015.0;1167.3;24.0;351297.3;14637.4;323282.3
2026-08-06;NE;48700.5;2029.2;24.0;343156.9;14298.2;294456.4
2026-08-06;N;22330.0;930.4;24.0;226731.8;9447.2;204401.8
2026-08-07;SE;103057.3;4294.1;24.0;1153185.8;48049.4;1050128.5
2026-08-07;S;26537.8;1105.7;24.0;334645.7;13943.6;308107.9
2026-08-07;NE;48924.9;2038.5;24.0;349909.8;14579.6;300984.9
2026-08-07;N;22240.2;926.7;24.0;227532.5;9480.5;205292.4
2026-08-08;SE;113443.7;4726.8;24.0;1076107.2;44837.8;962663.5
2026-08-08;S;25944.1;1081.0;24.0;299670.4;12486.3;273726.3
2026-08-08;NE;47790.0;1991.3;24.0;335304.3;13971.0;287514.3
2026-08-08;N;22256.2;927.3;24.0;221583.3;9232.6;199327.1
2026-08-09;SE;110488.0;4603.7;24.0;1002583.8;41774.3;892095.8
2026-08-09;S;33747.5;1406.1;24.0;260540.1;10855.8;226792.6
2026-08-09;NE;47834.0;1993.1;24.0;315179.8;13132.5;267345.8
2026-08-09;N;22157.3;923.2;24.0;212057.2;8835.7;189899.9
2026-08-10;SE;99883.5;4161.8;24.0;1122574.7;46773.9;1022691.3
2026-08-10;S;33057.5;1377.4;24.0;340409.2;14183.7;307351.8
2026-08-10;NE;49042.0;2043.4;24.0;351389.9;14641.2;302347.9
2026-08-10;N;21677.6;903.2;24.0;230433.0;9601.4;208755.5
2026-08-11;SE;97207.0;4050.3;24.0;1109261.9;46219.2;1012054.9
2026-08-11;S;24887.5;1037.0;24.0;360145.6;15006.1;335258.0
2026-08-11;NE;46779.0;1949.1;24.0;355692.7;14820.5;308913.7
2026-08-11;N;22052.9;918.9;24.0;232440.0;9685.0;210387.1
2026-08-12;SE;105797.4;4408.2;24.0;1115379.4;46474.1;1009582.0
2026-08-12;S;26640.2;1110.0;24.0;359931.0;14997.1;333290.8
2026-08-12;NE;46159.1;1923.3;24.0;347760.3;14490.0;301601.1
2026-08-12;N;23083.0;961.8;24.0;229109.3;9546.2;206026.3
2026-08-13;SE;115331.3;4805.5;24.0;1149059.3;47877.5;1033727.9
2026-08-13;S;26751.2;1114.6;24.0;364504.1;15187.7;337752.9
2026-08-13;NE;48475.3;2019.8;24.0;345775.4;14407.3;297300.1
2026-08-13;N;23535.2;980.6;24.0;229915.8;9579.8;206380.6
2026-08-14;SE;113056.4;4710.7;24.0;1161750.2;48406.3;1048693.9
2026-08-14;S;24490.7;1020.4;24.0;356376.1;14849.0;331885.4
2026-08-14;NE;51112.0;2129.7;24.0;346744.7;14447.7;295632.7
2026-08-14;N;23233.2;968.1;24.0;231045.9;9626.9;207812.7
2026-08-15;SE;110784.7;4616.0;24.0;1064729.0;44363.7;953944.3
2026-08-15;S;32927.0;1372.0;24.0;302900.5;12620.9;269973.5
2026-08-15;NE;50117.5;2088.2;24.0;333594.3;13899.8;283476.8
2026-08-15;N;23190.2;966.3;24.0;221517.6;9229.9;198327.5
2026-08-16;SE;113124.1;4713.5;24.0;968144.1;40339.3;855020.0
2026-08-16;S;35447.1;1477.0;24.0;268246.4;11176.9;232799.4
2026-08-16;NE;49369.2;2057.1;24.0;313130.8;13047.1;263761.6
2026-08-16;N;22924.8;955.2;24.0;213969.2;8915.4;191044.3
2026-08-17;SE;116341.4;4847.6;24.0;1117587.2;46566.1;1001245.7
2026-08-17;S;39774.1;1657.3;24.0;344164.6;14340.2;304390.5
2026-08-17;NE;47787.6;1991.1;24.0;349361.1;14556.7;301573.5
2026-08-17;N;23720.0;988.3;24.0;228463.7;9519.3;204743.7
2026-08-18;SE;121753.7;5073.1;24.0;1151273.9;47969.7;1029520.2
2026-08-18;S;37508.4;1562.9;24.0;359784.4;14991.0;322275.9
2026-08-18;NE;45205.8;1883.6;24.0;351271.0;14636.3;306065.2
2026-08-18;N;23612.2;983.8;24.0;227965.0;9498.5;204352.8
2026-08-19;SE;123259.6;5135.8;24.0;1167008.3;48625.3;1043748.7
2026-08-19;S;27794.7;1158.1;24.0;363651.9;15152.2;335857.2
2026-08-19;NE;45064.3;1877.7;24.0;349788.4;14574.5;304724.1
2026-08-19;N;23761.4;990.1;24.0;230937.3;9622.4;207175.9
2026-08-20;SE;122861.6;5119.2;24.0;1164441.0;48518.4;1041579.4
2026-08-20;S;26803.8;1116.8;24.0;359321.7;14971.7;332517.9
2026-08-20;NE;50483.3;2103.5;24.0;349649.4;14568.7;299166.1
2026-08-20;N;23955.7;998.2;24.0;234217.6;9759.1;210261.9
2026-08-21;SE;120282.7;5011.8;24.0;1146831.2;47784.6;1026548.5
2026-08-21;S;41572.2;1732.2;24.0;337843.4;14076.8;296271.2
2026-08-21;NE;51692.7;2153.9;24.0;343484.6;14311.9;291791.9
2026-08-21;N;23444.7;976.9;24.0;235329.5;9805.4;211884.8
2026-08-22;SE;119242.4;4968.4;24.0;1029664.5;42902.7;910422.1
2026-08-22;S;44615.8;1859.0;24.0;286694.0;11945.6;242078.2
2026-08-22;NE;54416.5;2267.4;24.0;332907.2;13871.1;278490.7
2026-08-22;N;23820.9;992.5;24.0;222300.3;9262.5;198479.4
2026-08-23;SE;117347.0;4889.5;24.0;944870.5;39369.6;827523.5
2026-08-23;S;46536.7;1939.0;24.0;254582.7;10607.6;208046.0
2026-08-23;NE;51645.7;2151.9;24.0;317947.0;13247.8;266301.3
2026-08-23;N;23553.8;981.4;24.0;213870.4;8911.3;190316.6
2026-08-24;SE;107282.5;4470.1;24.0;1093132.4;45547.2;985849.8
2026-08-24;S;37472.3;1561.3;24.0;329522.0;13730.1;292049.7
2026-08-24;NE;51657.2;2152.4;24.0;356646.2;14860.3;304989.0
2026-08-24;N;23480.6;978.4;24.0;232687.1;9695.3;209206.5
2026-08-25;SE;98271.0;4094.6;24.0;1128078.3;47003.3;1029807.3
2026-08-25;S;37787.7;1574.5;24.0;351530.1;14647.1;313742.4
2026-08-25;NE;50325.1;2096.9;24.0;353196.8;14716.5;302871.7
2026-08-25;N;23599.4;983.3;24.0;231237.3;9634.9;207637.9
2026-08-26;SE;87773.1;3657.2;24.0;1149383.1;47891.0;1061609.9
2026-08-26;S;36148.8;1506.2;24.0;346112.4;14421.4;309963.6
2026-08-26;NE;49742.8;2072.6;24.0;354494.0;14770.6;304751.3
2026-08-26;N;24143.0;1006.0;24.0;235786.0;9824.4;211643.1
2026-08-27;SE;106548.2;4439.5;24.0;1142318.4;47596.6;1035770.3
2026-08-27;S;37516.1;1563.2;24.0;340754.4;14198.1;303238.3
2026-08-27;NE;50422.2;2100.9;24.0;362999.7;15125.0;312577.5
2026-08-27;N;23448.2;977.0;24.0;236076.2;9836.5;212628.0
2026-08-28;SE;119194.1;4966.4;24.0;1167059.5;48627.5;1047865.4
2026-08-28;S;34530.3;1438.8;24.0;359159.2;14965.0;324628.9
2026-08-28;NE;48974.7;2040.6;24.0;364315.8;15179.8;315341.1
2026-08-28;N;23426.3;976.1;24.0;234994.3;9791.4;211568.0
2026-08-29;SE;119790.7;4991.3;24.0;1132444.6;47185.2;1012654.0
2026-08-29;S;32234.0;1343.1;24.0;321310.7;13387.9;289076.7
2026-08-29;NE;50964.6;2123.5;24.0;343395.4;14308.1;292430.8
2026-08-29;N;23674.8;986.4;24.0;226564.1;9440.2;202889.3
2026-08-30;SE;118773.3;4948.9;24.0;1062090.9;44253.8;943317.5
2026-08-30;S;30137.0;1255.7;24.0;282478.9;11770.0;252341.9
2026-08-30;NE;51953.0;2164.7;24.0;326060.2;13585.8;274107.2
2026-08-30;N;23623.4;984.3;24.0;219543.2;9147.6;195919.8
2026-08-31;SE;118289.8;4928.7;24.0;1197197.5;49883.2;1078907.7
2026-08-31;S;20925.3;871.9;24.0;351536.4;14647.4;330611.1
2026-08-31;NE;49995.7;2083.2;24.0;361196.7;15049.9;311201.0
2026-08-31;N;23993.6;999.7;24.0;238157.6;9923.2;214164.0
2026-09-01;SE;98292.5;4095.5;24.0;1197640.3;49901.7;1099347.8
2026-09-01;S;31365.0;1306.9;24.0;338417.6;14100.7;307052.6
2026-09-01;NE;50760.8;2115.0;24.0;363406.4;15141.9;312645.6
2026-09-01;N;23952.4;998.0;24.0;239712.9;9988.0;215760.5
2026-09-02;SE;112029.8;4667.9;24.0;1130678.1;47111.6;1018648.3
2026-09-02;S;47783.0;1991.0;24.0;333405.7;13891.9;285622.7
2026-09-02;NE;53213.9;2217.2;24.0;367470.5;15311.3;314256.5
2026-09-02;N;24017.1;1000.7;24.0;239112.0;9963.0;215094.9
2026-09-03;SE;124429.5;5184.6;24.0;1114894.0;46453.9;990464.5
2026-09-03;S;46803.8;1950.2;24.0;335931.2;13997.1;289127.4
2026-09-03;NE;49661.4;2069.2;24.0;372968.5;15540.4;323307.1
2026-09-03;N;23209.7;967.1;24.0;237676.5;9903.2;214466.8
2026-09-04;SE;128264.7;5344.4;24.0;1154690.4;48112.1;1026425.7
2026-09-04;S;36778.8;1532.5;24.0;342129.3;14255.4;305350.4
2026-09-04;NE;49913.7;2079.7;24.0;370663.4;15444.3;320749.7
2026-09-04;N;21990.3;916.3;24.0;233005.0;9708.5;211014.7
2026-09-05;SE;116872.2;4869.7;24.0;1067480.8;44478.4;950608.6
2026-09-05;S;30761.5;1281.7;24.0;291930.4;12163.8;261168.9
2026-09-05;NE;52740.6;2197.5;24.0;345130.1;14380.4;292389.5
2026-09-05;N;23567.7;982.0;24.0;222614.2;9275.6;199046.5
2026-09-06;SE;76958.1;3206.6;24.0;940583.4;39191.0;863625.3
2026-09-06;S;35793.8;1491.4;24.0;250694.2;10445.6;214900.4
2026-09-06;NE;52078.6;2169.9;24.0;321303.1;13387.6;269224.5
2026-09-06;N;23024.6;959.4;24.0;213939.4;8914.1;190914.8
2026-09-07;SE;83622.8;3484.3;24.0;922500.4;38437.5;838877.6
2026-09-07;S;44630.8;1859.6;24.0;270379.7;11265.8;225748.9
2026-09-07;NE;52330.9;2180.5;24.0;331177.9;13799.1;278847.0
2026-09-07;N;23685.0;986.9;24.0;215501.0;8979.2;191816.0
2026-09-08;SE;97182.4;4049.3;24.0;1053258.5;43885.8;956076.1
2026-09-08;S;42990.6;1791.3;24.0;325749.3;13572.9;282758.7
2026-09-08;NE;52103.6;2171.0;24.0;368036.6;15334.9;315933.0
2026-09-08;N;22576.6;940.7;24.0;232434.6;9684.8;209858.1
2026-09-09;SE;101108.4;4212.8;24.0;1116321.4;46513.4;1015213.1
2026-09-09;S;33096.1;1379.0;24.0;350029.2;14584.5;316933.0
2026-09-09;NE;52755.5;2198.1;24.0;371974.9;15499.0;319219.4
2026-09-09;N;23543.4;981.0;24.0;234808.9;9783.7;211265.5
2026-09-10;SE;105024.5;4376.0;24.0;1143353.4;47639.7;1038328.9
2026-09-10;S;24046.8;1002.0;24.0;355547.2;14814.5;331500.4
2026-09-10;NE;52338.4;2180.8;24.0;371460.8;15477.5;319122.4
2026-09-10;N;24149.9;1006.2;24.0;237418.8;9892.5;213268.9
2026-09-11;SE;127863.8;5327.7;24.0;1157074.3;48211.4;1029210.5
2026-09-11;S;26882.1;1120.1;24.0;353103.7;14712.7;326221.6
2026-09-11;NE;52606.8;2191.9;24.0;367008.3;15292.0;314401.5
2026-09-11;N;24259.1;1010.8;24.0;236804.2;9866.8;212545.1
2026-09-12;SE;110305.2;4596.0;24.0;1074677.9;44778.2;964372.7
2026-09-12;S;30959.5;1290.0;24.0;302126.7;12588.6;271167.2
2026-09-12;NE;53920.2;2246.7;24.0;348069.5;14502.9;294149.3
2026-09-12;N;24384.7;1016.0;24.0;230632.3;9609.7;206247.6
2026-09-13;SE;94648.7;3943.7;24.0;960699.9;40029.2;866051.2
2026-09-13;S;28686.0;1195.2;24.0;263516.7;10979.9;234830.7
2026-09-13;NE;56912.6;2371.4;24.0;326857.1;13619.0;269944.5
2026-09-13;N;23727.8;988.7;24.0;222400.4;9266.7;198672.6
2026-09-14;SE;87133.6;3630.6;24.0;1079707.2;44987.8;992573.7
2026-09-14;S;28269.7;1177.9;24.0;337111.7;14046.3;308842.0
2026-09-14;NE;55222.7;2300.9;24.0;361044.4;15043.5;305821.7
2026-09-14;N;24322.5;1013.4;24.0;239587.0;9982.8;215264.5
2026-09-15;SE;115954.1;4831.4;24.0;1099600.0;45816.7;983645.9
2026-09-15;S;42489.8;1770.4;24.0;334316.3;13929.8;291826.5
2026-09-15;NE;56889.2;2370.4;24.0;367459.9;15310.8;310570.7
2026-09-15;N;24037.1;1001.5;24.0;242077.9;10086.6;218040.8
2026-09-16;SE;120869.3;5036.2;24.0;1085011.6;45208.8;964142.3
2026-09-16;S;50780.0;2115.8;24.0;329399.1;13725.0;278619.1
2026-09-16;NE;54219.2;2259.1;24.0;371154.3;15464.8;316935.1
2026-09-16;N;24199.5;1008.3;24.0;242014.7;10083.9;217815.2
2026-09-17;SE;111992.7;4666.4;24.0;1105556.7;46064.9;993564.0
2026-09-17;S;53422.2;2225.9;24.0;331178.5;13799.1;277756.4
2026-09-17;NE;53452.9;2227.2;24.0;373718.4;15571.6;320265.5
2026-09-17;N;24253.7;1010.6;24.0;239173.2;9965.6;214919.6
2026-09-18;SE;116781.6;4865.9;24.0;1104326.1;46013.6;987544.5
2026-09-18;S;44193.5;1841.4;24.0;335377.4;13974.1;291183.9
2026-09-18;NE;52656.8;2194.0;24.0;370120.1;15421.7;317463.3
2026-09-18;N;25088.3;1045.3;24.0;239902.3;9995.9;214814.1
2026-09-19;SE;119784.5;4991.0;24.0;1035803.1;43158.5;916018.6
2026-09-19;S;20733.6;863.9;24.0;310118.7;12921.6;289385.1
2026-09-19;NE;52144.1;2172.7;24.0;346765.3;14448.6;294621.2
2026-09-19;N;25202.9;1050.1;24.0;232102.7;9670.9;206899.8
2026-09-20;SE;113618.5;4734.1;24.0;972659.5;40527.5;859040.9
2026-09-20;S;41853.0;1743.9;24.0;264609.3;11025.4;222756.3
2026-09-20;NE;54380.1;2265.8;24.0;320039.0;13335.0;265658.9
2026-09-20;N;24126.0;1005.2;24.0;222286.2;9261.9;198160.2
2026-09-21;SE;118673.2;4944.7;24.0;1147306.3;47804.4;1028633.1
2026-09-21;S;28486.4;1186.9;24.0;327298.2;13637.4;298811.8
2026-09-21;NE;57269.0;2386.2;24.0;358343.7;14931.0;301074.7
2026-09-21;N;25400.2;1058.3;24.0;238663.0;9944.3;213262.8
2026-09-22;SE;107612.8;4483.9;24.0;1182876.3;49286.5;1075263.5
2026-09-22;S;39688.8;1653.7;24.0;337626.4;14067.8;297937.5
2026-09-22;NE;56436.0;2351.5;24.0;369997.6;15416.6;313561.7
2026-09-22;N;24990.8;1041.3;24.0;242632.4;10109.7;217641.6
2026-09-23;SE;91650.3;3818.8;24.0;1137170.9;47382.1;1045520.6
2026-09-23;S;42529.8;1772.1;24.0;341166.2;14215.3;298636.4
2026-09-23;NE;55380.1;2307.5;24.0;378601.1;15775.0;323221.0
2026-09-23;N;24093.6;1003.9;24.0;243883.0;10161.8;219789.4
2026-09-24;SE;113533.6;4730.6;24.0;1115888.6;46495.4;1002354.9
2026-09-24;S;48363.7;2015.2;24.0;336333.0;14013.9;287969.3
2026-09-24;NE;52433.9;2184.7;24.0;380455.9;15852.3;328021.9
2026-09-24;N;23277.2;969.9;24.0;246184.4;10257.7;222907.3
2026-09-25;SE;127567.8;5315.3;24.0;1145837.2;47743.2;1018269.4
2026-09-25;S;53079.7;2211.7;24.0;338863.2;14119.3;285783.5
2026-09-25;NE;50637.8;2109.9;24.0;378882.5;15786.8;328244.7
2026-09-25;N;20855.9;869.0;24.0;231691.9;9653.8;210836.0
2026-09-26;SE;136042.8;5668.5;24.0;1099312.3;45804.7;963269.4
2026-09-26;S;53209.5;2217.1;24.0;306261.0;12760.9;253051.5
2026-09-26;NE;52069.9;2169.6;24.0;350394.2;14599.8;298324.3
2026-09-26;N;23780.9;990.9;24.0;223836.2;9326.5;200055.2
2026-09-27;SE;139099.7;5795.8;24.0;1042801.7;43450.1;903702.0
2026-09-27;S;37123.4;1546.8;24.0;278876.2;11619.8;241752.8
2026-09-27;NE;55424.1;2309.3;24.0;334015.5;13917.3;278591.4
2026-09-27;N;23790.9;991.3;24.0;221539.7;9230.8;197748.8
2026-09-28;SE;136978.2;5707.4;24.0;1210098.3;50420.8;1073120.1
2026-09-28;S;31721.3;1321.7;24.0;358617.4;14942.4;326896.2
2026-09-28;NE;54880.9;2286.7;24.0;378331.4;15763.8;323450.5
2026-09-28;N;23451.3;977.1;24.0;236222.2;9842.6;212771.0
2026-09-29;SE;136933.7;5705.6;24.0;1261682.3;52570.1;1124748.6
2026-09-29;S;33778.0;1407.4;24.0;363451.3;15143.8;329673.2
2026-09-29;NE;56158.9;2340.0;24.0;383972.0;15998.8;327813.1
2026-09-29;N;24313.3;1013.1;24.0;237683.9;9903.5;213370.6
